country_code,country_name,source,medicine_name,active_substance,strength,package_size,product_no,atc_code,authorisation_number,marketing_auth_holder,shortage_start,estimated_end,actual_end,status,reason,impact,scraped_at,prk
BE,Belgium,FAMHP,Colistineb 2 10*6 IE verneveloploss. (pdr.)/inj./inf. opl. (pdr.) i.v. flac. 10 x 2 10*6 IE,Colistimethate Sodium,,,2316438,J01XB01,BE272273,Teva GmbH,2026-10-12,2026-12-04,,unavailable,Toegenomen vraag,Invoer door de apotheker mogelijk,2026-09-21T13:13:20.995413,
BE,Belgium,FAMHP,Negaban 2 g inj./inf. opl. (pdr.) i.m./i.v. flac. 2 g,Temocillin,,,0076513,J01CA17,BE467733,Eumedica Pharmaceuticals GmbH,2026-10-04,2026-11-11,,unavailable,Vertraging in de productie,Onder evaluatie,2026-09-21T13:13:20.995444,
BE,Belgium,FAMHP,Lysanxia 15 mg/ml druppels opl. 20 ml,Prazepam,,,1271824,N05BA11,BE145844,Pfizer SA-NV,2026-09-30,2026-10-30,,unavailable,Vertraging in de productie,Eén of twee alternatieve verpakkingen beschikbaar,2026-09-21T13:13:20.995460,
BE,Belgium,FAMHP,Inderal 40 mg tabl. 100,Propranolol Hydrochloride,,,0048942,C07AA05,BE078881,Atnahs Pharma Netherlands B.V.,2026-09-30,2026-11-02,,unavailable,"Logistieke problemen (transport, douane, ...)",Eén of twee alternatieve verpakkingen beschikbaar,2026-09-21T13:13:20.995475,5711
BE,Belgium,FAMHP,Levophed 8 mg/4 ml inf. opl. (conc.) i.v. amp. 10 x 4 ml,Norepinephrine,,,0053744,C01CA03,BE043635,Hospira Benelux BV-SRL,2026-09-25,2027-06-01,,unavailable,Vertraging in de productie,Minstens drie alternatieve verpakkingen beschikbaar,2026-09-21T13:13:20.995491,
BE,Belgium,FAMHP,Nustendi 180 mg - 10 mg filmomh. tabl. 98,"Bempedoic Acid, Ezetimibe",,,4265138,C10BA10,EU/1/20/1424/005,Daiichi Sankyo Europe GmbH,2026-09-23,2026-10-09,,unavailable,Vertraging in de productie,In principe voldoende voorraad in omloop (korte duur),2026-09-21T13:13:20.995505,225932
BE,Belgium,FAMHP,Halcion 0.125 mg tabl. 10,Triazolam,,,0291955,N05CD05,BE281294,Pfizer SA-NV,2026-09-23,2026-10-09,,unavailable,Vertraging in de productie,In principe voldoende voorraad in omloop (korte duur),2026-09-21T13:13:20.995519,
BE,Belgium,FAMHP,Dostinex 0.5 mg tabl. 2,Cabergoline,,,1023050,G02CB03,BE159817,Pfizer SA-NV,2026-09-22,2026-11-13,,unavailable,Vertraging in de productie,Eén of twee alternatieve verpakkingen beschikbaar,2026-09-21T13:13:20.995531,37206
BE,Belgium,FAMHP,Aclasta 5 mg/100 ml inf. opl. i.v. flac. 100 ml,Zoledronic Acid ,,,2213114,M05BA08,EU/1/05/308/001,Sandoz Pharmaceuticals d.d.,2026-09-20,2026-11-15,,unavailable,Vertraging in de productie,Eén of twee alternatieve verpakkingen beschikbaar,2026-09-21T13:13:20.995543,79790
BE,Belgium,FAMHP,Aldara 5 % crème sachet 12 x 250 mg,Imiquimod,,,1429166,D06BB10,EU/1/98/080/001,Viatris Healthcare Ltd.,2026-09-18,2026-10-12,,unavailable,Hulpstof niet beschikbaar,In principe voldoende voorraad in omloop (korte duur),2026-09-21T13:13:20.995555,55050
BE,Belgium,FAMHP,Saizen 8 mg/ml inj. opl. s.c. patr. 5 x 1.5 ml (12 mg),Somatropin,,,4109161,H01AC01,BE540906,Merck SA-NV,2026-09-18,2026-11-06,,unavailable,Toegenomen vraag,Eén of twee alternatieve verpakkingen beschikbaar,2026-09-21T13:13:20.995567,
BE,Belgium,FAMHP,Dualkopt 20 mg/ml - 5 mg/ml oogdruppels opl. druppelfl. 10 ml,"Timolol, Dorzolamide",,,3260072,S01ED51,BE467404,Laboratoires Théa ,2026-09-17,2026-10-07,,unavailable,Vertraging in de productie,In principe voldoende voorraad in omloop (korte duur),2026-09-21T13:13:20.995580,213950
BE,Belgium,FAMHP,Adempas 1 mg filmomh. tabl. 42,Riociguat,,,3144094,C02KX05,EU/1/13/907/004,Bayer AG,2026-09-17,2026-10-16,,unavailable,Toegenomen vraag,In principe voldoende voorraad in omloop (korte duur),2026-09-21T13:13:20.995593,124672
BE,Belgium,FAMHP,Depo-Eligard 22.5 mg inj. opl. (pdr. + oplosm.) s.c. voorgev. spuit 22.5 mg,Leuprorelin,,,2224657,L02AE02,BE274023,Recordati Industria Chimica E Farmaceutica S.p.A.,2026-09-17,2026-09-30,,unavailable,Vertraging in de productie,Invoer door de firma mogelijk,2026-09-21T13:13:20.995605,78344
BE,Belgium,FAMHP,Steovit Forte Sinaasappel  1 000 mg - 880 IE bruistabl. 90 (6 x 15),"Calcium, Cholecalciferol",,,2401230,,BE269017,Orifarm Generics a.s.,2026-09-17,2027-03-19,,unavailable,Vertraging in de productie,Minstens drie alternatieve verpakkingen beschikbaar,2026-09-21T13:13:20.995618,
BE,Belgium,FAMHP,Daphne 2 mg - 0.035 mg omh. tabl. 13 x 21,"Ethinylestradiol, Cyproterone acetate",,,2394062,G03HB01,BE263751,Ceres Pharma SA-NV,2026-09-17,2026-11-02,,unavailable,Vertraging in de productie,Minstens drie alternatieve verpakkingen beschikbaar,2026-09-21T13:13:20.995631,25836
BE,Belgium,FAMHP,Milbemax voor kleine katten en kittens 4 mg - 10 mg filmomh. tabl. 2,"Praziquantel, Milbemycin Oxime",,,2675999,P54AB51,BE-V253163,Elanco GmbH,2026-09-17,2026-10-19,,unavailable,Toegenomen vraag,-,2026-09-21T13:13:20.995644,
BE,Belgium,FAMHP,Olmetec Plus 20 mg - 12.5 mg filmomh. tabl. 98,"Olmesartan Medoxomil, Hydrochlorothiazide",,,2338028,C09DA08,BE282746,Daiichi Sankyo Belgium SA-NV,2026-09-17,2026-10-30,,unavailable,Vertraging in de productie,Minstens drie alternatieve verpakkingen beschikbaar,2026-09-21T13:13:20.995658,80098
BE,Belgium,FAMHP,Clindamycine Fresenius Kabi 150 mg/ml inj. opl. i.m./i.v. amp. 10 x 2 ml,Clindamycin,,,2744753,J01FF01,BE345125,Fresenius Kabi SA-NV,2026-09-17,2027-01-10,,unavailable,Vertraging in de productie,Minstens drie alternatieve verpakkingen beschikbaar,2026-09-21T13:13:20.995671,4693
BE,Belgium,FAMHP,Alitretinoin Orifarm  30 mg zachte caps. 30,Alitretinoin ,,,5812607,D11AH04,BE664026,Orifarm Generics a.s.,2026-09-17,2026-10-08,,unavailable,Andere reden,In principe voldoende voorraad in omloop (korte duur),2026-09-21T13:13:20.995683,106690
BE,Belgium,FAMHP,Burinex 1 mg tabl. 30,Bumetanide,,,1414309,C03CA02,BE090404,Karo Healthcare AB,2026-09-16,2026-11-08,,unavailable,Vertraging in de vrijgave van het eindproduct,Aanpassing van de behandeling mogelijk,2026-09-21T13:13:20.995696,4219
BE,Belgium,FAMHP,Sumatriptan EG 50 mg tabl. 24,Sumatriptan,,,3123122,N02CC01,BE291575,EG SA-NV,2026-09-16,2026-10-30,,unavailable,Vertraging in de productie,Minstens drie alternatieve verpakkingen beschikbaar,2026-09-21T13:13:20.995709,41378
BE,Belgium,FAMHP,Certican 0.5 mg tabl. 60,Everolimus,,,2156271,L04AH02,BE266481,Novartis Pharma SA-NV,2026-09-16,2026-10-05,,unavailable,Vertraging in de productie,In principe voldoende voorraad in omloop (korte duur),2026-09-21T13:13:20.995722,
BE,Belgium,FAMHP,Ixiaro inj. susp. i.m./s.c. voorgev. spuit 0.5 ml,"Encephalitis Virus, Japanese, Inactivated ",,,2765469,J07BA02,EU/1/08/501/002,Valneva Austria GmbH,2026-09-15,2026-10-31,,unavailable,Andere reden,Invoer door de firma mogelijk (geneesmiddel binnenkort beschikbaar),2026-09-21T13:13:20.995736,139718
BE,Belgium,FAMHP,Onsior 6 mg tabl. 60,Robenacoxib,,,3120250,M01AH91,EU/2/08/089/003,Elanco GmbH,2026-09-15,2026-11-16,,unavailable,Vertraging in de productie,-,2026-09-21T13:13:20.995747,
BE,Belgium,FAMHP,Inprosub 25 mg inj. opl. i.m./s.c. flac. 7 x 1.12 ml,Progesterone,,,3137379,G03DA04,BE440903,IBSA Farmaceutici Italia S.r.l.,2026-09-15,2026-12-01,,unavailable,Toegenomen vraag,Invoer door de apotheker mogelijk,2026-09-21T13:13:20.995760,210595
BE,Belgium,FAMHP,Iomeron 400 mg/ml inj. opl. i.v. flac. 500 ml,Iodine,,,3587029,V08AB10,BE504977,Bracco Imaging Deutschland GmbH,2026-09-15,2026-10-01,,unavailable,Vertraging in de productie,In principe voldoende voorraad in omloop (korte duur),2026-09-21T13:13:20.995773,
BE,Belgium,FAMHP,Depakine Chrono 500 mg tabl. verl. afgifte 30,"Sodium Valproate, Valproic acid",,,3768330,N03AG01,BE532560,Sanofi Belgium SA-NV,2026-09-15,2026-10-12,,unavailable,Vertraging in de productie,In principe voldoende voorraad in omloop (korte duur),2026-09-21T13:13:20.995785,26905
BE,Belgium,FAMHP,Trafloxal 0.3 % oogdruppels opl. druppelfl. 5 ml,Ofloxacin,,,0379578,S01AE01,BE153054,Bausch + Lomb Ireland ,2026-09-15,2026-10-01,,unavailable,Vertraging in de productie,In principe voldoende voorraad in omloop (korte duur),2026-09-21T13:13:20.995797,220582
BE,Belgium,FAMHP,Loortan 50 mg filmomh. tabl. 98,Losartan Potassium,,,1415959,C09CA01,BE184511,Organon Belgium BV-SRL,2026-09-14,2026-11-27,,unavailable,Vertraging in de productie,Minstens drie alternatieve verpakkingen beschikbaar,2026-09-21T13:13:20.995809,41890
BE,Belgium,FAMHP,Xenetix 300 300 mg I/ml inj. opl. i.v. flac. 100 ml,Iobitridol,,,1294602,V08AB11,BE176041,Guerbet ,2026-09-14,2026-10-16,,unavailable,Vertraging in de productie,Minstens drie alternatieve verpakkingen beschikbaar,2026-09-21T13:13:20.995821,42609
BE,Belgium,FAMHP,Solifenacine/Tamsulosine Teva 6 mg - 0.4 mg tabl. geregul. afgifte 90 (90 x 1) UD,"Tamsulosin , Solifenacin ",,,4663761,G04CA53,BE661184,Teva B.V.,2026-09-14,2026-11-23,,unavailable,Toegenomen vraag,Minstens drie alternatieve verpakkingen beschikbaar,2026-09-21T13:13:20.995834,105724
BE,Belgium,FAMHP,Ezetimibe/Simvastatine Teva 10 mg - 40 mg tabl. 100,"Simvastatin, Ezetimibe",,,4279931,C10BA02,BE525946,Teva GmbH,2026-09-14,2026-10-19,,unavailable,Toegenomen vraag,Minstens drie alternatieve verpakkingen beschikbaar,2026-09-21T13:13:20.995847,77046
BE,Belgium,FAMHP,Dropizole 10 mg/ml druppels opl. druppelfl. 10 ml,Morphine,,,4668315,A07DA02,BE539662,Pharmanovia a.s.,2026-09-14,2026-11-30,,unavailable,Andere reden,Aanpassing van de behandeling mogelijk (niet-levensnoodzakelijk geneesmiddel),2026-09-21T13:13:20.995860,202037
BE,Belgium,FAMHP,Escitalopram Viatris 20 mg filmomh. tabl. 100,Escitalopram,,,3705787,N06AB10,BE489937,Viatris GX BV-SRL,2026-09-14,2027-02-22,,unavailable,Andere reden,Minstens drie alternatieve verpakkingen beschikbaar,2026-09-21T13:13:20.995873,74977
BE,Belgium,FAMHP,Cinacalcet Viatris 60 mg filmomh. tabl. 28 (28 x 1) UD,Cinacalcet ,,,4923900,H05BX01,EU/1/15/1054/006,Viatris Ltd.,2026-09-14,2028-04-05,,unavailable,Andere reden,Onder evaluatie,2026-09-21T13:13:20.995886,77119
BE,Belgium,FAMHP,Cinacalcet Viatris 30 mg filmomh. tabl. 28 (28 x 1) UD,Cinacalcet ,,,4923892,H05BX01,EU/1/15/1054/003,Viatris Ltd.,2026-09-14,2028-04-05,,unavailable,Andere reden,Onder evaluatie,2026-09-21T13:13:20.995899,77100
BE,Belgium,FAMHP,Cinacalcet Viatris 90 mg filmomh. tabl. 28 (28 x 1) UD,Cinacalcet ,,,4923918,H05BX01,EU/1/15/1054/009,Viatris Ltd.,2026-09-14,2028-04-05,,unavailable,Andere reden,Onder evaluatie,2026-09-21T13:13:20.995911,77127
BE,Belgium,FAMHP,Olanzapine EG 7.5 mg filmomh. tabl. 98,Olanzapine,,,2805281,N05AH03,BE362616,EG SA-NV,2026-09-14,2026-10-16,,unavailable,Vertraging in de productie,Minstens drie alternatieve verpakkingen beschikbaar,2026-09-21T13:13:20.995923,
BE,Belgium,FAMHP,Olanzapine EG 10 mg filmomh. tabl. 98,Olanzapine,,,2805224,N05AH03,BE362625,EG SA-NV,2026-09-14,2026-10-16,,unavailable,Vertraging in de productie,Minstens drie alternatieve verpakkingen beschikbaar,2026-09-21T13:13:20.995936,45578
BE,Belgium,FAMHP,Imatinib Teva 400 mg filmomh. tabl. 30 (30 x 1) UD,Imatinib ,,,3461290,L01EA01,EU/1/12/808/018,Teva B.V.,2026-09-14,2026-10-12,,unavailable,Vertraging in de productie,In principe voldoende voorraad in omloop (korte duur),2026-09-21T13:13:20.995949,71307
BE,Belgium,FAMHP,Sumatriptan EG 50 mg tabl. 6,Sumatriptan,,,2340347,N02CC01,BE291575,EG SA-NV,2026-09-14,2026-10-30,,unavailable,Vertraging in de productie,Minstens drie alternatieve verpakkingen beschikbaar,2026-09-21T13:13:20.995962,41378
BE,Belgium,FAMHP,Sumatriptan EG 100 mg tabl. 24,Sumatriptan,,,3075785,N02CC01,BE291584,EG SA-NV,2026-09-14,2026-10-30,,unavailable,Vertraging in de productie,Minstens drie alternatieve verpakkingen beschikbaar,2026-09-21T13:13:20.995974,32476
BE,Belgium,FAMHP,Venlafaxine Retard AB 37.5 mg harde caps. verl. afgifte 28,Venlafaxine,,,2615672,N06AX16,BE319383,Aurobindo SA-NV,2026-09-11,2026-12-31,,unavailable,Andere reden,Minstens drie alternatieve verpakkingen beschikbaar,2026-09-21T13:13:20.995988,79197
BE,Belgium,FAMHP,Ovitrelle 250 µg inj. opl. s.c. voorgev. spuit 0.5 ml,Chorionic Gonadotrophin (HCG),,,2155091,G03GA08,EU/1/00/165/007,Merck Europe B.V.,2026-09-11,2026-10-30,,unavailable,Toegenomen vraag,Eén of twee alternatieve verpakkingen beschikbaar,2026-09-21T13:13:20.996002,71501
BE,Belgium,FAMHP,SMOFlipid 200 mg/ml inf. emuls. i.v. 10 x 500 ml,"Fish Oil Rich in Omega-3-Acids, Glycine max - Glycine soja (Ph.Eur. mixture), Bean, Oil, Triglycerides Medium Chain, Olea europaea L., Fruit, Oil - Purified",,,2437101,B05BA02,BE270776,Fresenius Kabi SA-NV,2026-09-11,2026-11-01,,unavailable,Vertraging in de productie,Eén of twee alternatieve verpakkingen beschikbaar,2026-09-21T13:13:20.996016,88137
BE,Belgium,FAMHP,Drosana 20 0.02 mg - 3 mg filmomh. tabl. 13 x 21,"Drospirenone, Ethinylestradiol",,,3562295,G03AA12,BE398745,Gedeon Richter Plc,2026-09-11,2026-09-25,,unavailable,"Logistieke problemen (transport, douane, ...)",In principe voldoende voorraad in omloop (korte duur),2026-09-21T13:13:20.996028,105694
BE,Belgium,FAMHP,Amlodipine/Valsartan Krka 10 mg - 160 mg filmomh. tabl. 98,"Valsartan, Amlodipine",,,3983566,C09DB01,BE490053,KRKA d.d. Novo mesto d.d.,2026-09-11,2026-09-30,,unavailable,Andere reden,In principe voldoende voorraad in omloop (korte duur),2026-09-21T13:13:20.996041,123501
BE,Belgium,FAMHP,Solifenacine Viatris 10 mg filmomh. tabl. 90,Solifenacin,,,3872132,G04BD08,BE486053,Viatris GX BV-SRL,2026-09-11,2027-01-07,,unavailable,Andere reden,Minstens drie alternatieve verpakkingen beschikbaar,2026-09-21T13:13:20.996053,75345
BE,Belgium,FAMHP,Ataxxa 1 250 mg - 250 mg spot-on opl. 3 x 2.5 ml,"Permethrin, Imidacloprid",,,4441143,P53AC54,BE-V491004,KRKA d.d. Novo mesto d.d.,2026-09-11,2026-10-20,,unavailable,Andere reden,-,2026-09-21T13:13:20.996065,
BE,Belgium,FAMHP,Busulfan Fresenius Kabi 6 mg/ml inf. opl. (conc.) i.v. flac. 8 x 10 ml,Busulfan,,,4823423,L01AB01,EU/1/14/951/001,Fresenius Kabi Deutschland GmbH,2026-09-11,2026-11-29,,unavailable,Vertraging in de productie,Invoer door de apotheker mogelijk,2026-09-21T13:13:20.996077,129232
BE,Belgium,FAMHP,Pantoprazol AB 40 mg maagsapresist. tabl. 56,Pantoprazole,,,4381141,A02BC02,BE534337,Aurobindo SA-NV,2026-09-11,2026-10-15,,unavailable,Andere reden,Minstens drie alternatieve verpakkingen beschikbaar,2026-09-21T13:13:20.996090,43044
BE,Belgium,FAMHP,Silodosin AB 8 mg harde caps. 90,Silodosin,,,4110938,G04CA04,BE544906,Aurobindo SA-NV,2026-09-11,2026-10-31,,unavailable,Andere reden,Minstens drie alternatieve verpakkingen beschikbaar,2026-09-21T13:13:20.996103,97284
BE,Belgium,FAMHP,Paracetamol AB 1 000 mg tabl. 60,Paracetamol ,,,4282349,N02BE01,BE525653,Aurobindo SA-NV,2026-09-11,2026-10-31,,unavailable,Andere reden,Minstens drie alternatieve verpakkingen beschikbaar,2026-09-21T13:13:20.996117,
BE,Belgium,FAMHP,Zoledronate EG 5 mg/100 ml inf. opl. i.v. flac. 100 ml,Zoledronic Acid,,,4616173,M05BA08,BE507795,EG SA-NV,2026-09-11,2026-09-30,,unavailable,Toegenomen vraag,In principe voldoende voorraad in omloop (korte duur),2026-09-21T13:13:20.996129,79790
BE,Belgium,FAMHP,Etoricoxib AB 120 mg filmomh. tabl. 28,Etoricoxib,,,4117875,M01AH05,BE506800,Aurobindo SA-NV,2026-09-11,2026-10-31,,unavailable,Andere reden,Minstens drie alternatieve verpakkingen beschikbaar,2026-09-21T13:13:20.996143,66761
BE,Belgium,FAMHP,Minitran 10 mg transderm. pleister 30,Glyceryl Trinitrate ,,,1033570,C01DA02,BE160562,Viatris Healthcare SA-NV,2026-09-11,2026-10-07,,unavailable,Andere reden,In principe voldoende voorraad in omloop (korte duur),2026-09-21T13:13:20.996155,
BE,Belgium,FAMHP,Minitran 5 mg transderm. pleister 30,Glyceryl Trinitrate ,,,1033554,C01DA02,BE160571,Viatris Healthcare SA-NV,2026-09-11,2026-10-07,,unavailable,Andere reden,In principe voldoende voorraad in omloop (korte duur),2026-09-21T13:13:20.996167,
BE,Belgium,FAMHP,Kredex 25 mg tabl. 56,Carvedilol,,,0482554,C07AG02,BE150875,Cheplapharm Arzneimittel GmbH,2026-09-10,2026-10-10,,unavailable,Andere reden,Minstens drie alternatieve verpakkingen beschikbaar,2026-09-21T13:13:20.996178,41009
BE,Belgium,FAMHP,Kredex 6.25 mg tabl. 56,Carvedilol,,,1251917,C07AG02,BE182996,Cheplapharm Arzneimittel GmbH,2026-09-10,2026-10-10,,unavailable,Andere reden,Minstens drie alternatieve verpakkingen beschikbaar,2026-09-21T13:13:20.996190,47864
BE,Belgium,FAMHP,Artiss weefsellijm opl. voorgev. spuit 1 ml + 1 ml,"Human Fibrinogen , Aprotinin, Human Thrombin, Calcium Chloride",,,2951754,B02BC30,BE340961,Baxter SA-NV,2026-09-10,2026-09-30,,unavailable,Toegenomen vraag,In principe voldoende voorraad in omloop (korte duur),2026-09-21T13:13:20.996202,103845
BE,Belgium,FAMHP,Flubenol 5% 50 mg/g 2 kg,Flubendazole,,,1455146,P52AC12,BE-V326837,Elanco GmbH,2026-09-10,2026-11-09,,unavailable,Vertraging in de productie,-,2026-09-21T13:13:20.996213,
BE,Belgium,FAMHP,Atorvastatin HCS 80 mg filmomh. tabl. 100,Atorvastatin,,,3444569,C10AA05,BE398054,HCS BV-SRL,2026-09-09,2026-10-28,,unavailable,Andere reden,Minstens drie alternatieve verpakkingen beschikbaar,2026-09-21T13:13:20.996225,98639
BE,Belgium,FAMHP,Steovit Forte Citroen 1 000 mg - 800 IE kauwtabl. 50 (50 x 1) UD,"Calcium, Cholecalciferol",,,2659845,,BE324931,Orifarm Generics a.s.,2026-09-09,2026-09-30,,unavailable,Vertraging in de vrijgave van het eindproduct,In principe voldoende voorraad in omloop (korte duur),2026-09-21T13:13:20.996238,
BE,Belgium,FAMHP,Ultibro Breezhaler 85 µg - 43 µg inhalatiepdr. (harde caps.) 30,"Glycopyrronium, Indacaterol",,,3085644,R03AL04,EU/1/13/862/003,Novartis Europharm Ltd.,2026-09-09,2026-10-05,,unavailable,Vertraging in de productie,In principe voldoende voorraad in omloop (korte duur),2026-09-21T13:13:20.996257,208809
BE,Belgium,FAMHP,Minims Fluoresceïnenatrium 20 mg/ml oogdruppels opl. verp. eenmalig gebr. 20 x 0.5 ml,Fluorescein Sodium,,,0636134,S01JA01,BE097045,Bausch + Lomb Ireland ,2026-09-09,2026-10-20,,unavailable,Vertraging in de productie,Invoer door de apotheker mogelijk,2026-09-21T13:13:20.996269,221120
BE,Belgium,FAMHP,Quetiapine Krka 200 mg tabl. verl. afgifte 100,Quetiapine,,,3567880,N05AH04,BE467866,KRKA d.d. Novo mesto d.d.,2026-09-08,2026-10-20,,unavailable,Andere reden,Minstens drie alternatieve verpakkingen beschikbaar,2026-09-21T13:13:20.996280,84190
BE,Belgium,FAMHP,Ezetrol 10 mg tabl. 98,Ezetimibe,,,2042042,C10AX09,BE249085,Organon N.V.,2026-09-08,2026-10-16,,unavailable,Vertraging in de vrijgave van het eindproduct,Minstens drie alternatieve verpakkingen beschikbaar,2026-09-21T13:13:20.996291,70645
BE,Belgium,FAMHP,Cozaar 100 mg filmomh. tabl. 98,Losartan Potassium,,,2093474,C09CA01,BE235627,Organon Belgium BV-SRL,2026-09-08,2026-10-02,,unavailable,Vertraging in de vrijgave van het eindproduct,In principe voldoende voorraad in omloop (korte duur),2026-09-21T13:13:20.996303,60569
BE,Belgium,FAMHP,Docetaxel Eugia  20 mg/ml inf. opl. (conc.) i.v. flac. 4 ml,Docetaxel,,,2756807,L01CD02,BE378725,Eugia Pharma (Malta) Ltd.,2026-09-08,2026-09-30,,unavailable,Andere reden,In principe voldoende voorraad in omloop (korte duur),2026-09-21T13:13:20.996313,92894
BE,Belgium,FAMHP,Metformine Viatris 850 mg filmomh. tabl. 100,Metformin,,,1539246,A10BA02,BE360805,Viatris GX BV-SRL,2026-09-07,2026-10-07,,unavailable,Andere reden,Minstens drie alternatieve verpakkingen beschikbaar,2026-09-21T13:13:20.996324,5509
BE,Belgium,FAMHP,Fluorouracil Accord Healthcare 50 mg/ml inj./inf. opl. i.v./i.arter. flac. 20 ml,Fluorouracil,,,2903854,L01BC02,BE345615,Accord Healthcare B.V.,2026-09-07,2026-12-31,,unavailable,Vertraging in de productie,Onder evaluatie,2026-09-21T13:13:20.996335,38741
BE,Belgium,FAMHP,Zofran-Zydis 8 mg or. lyof. 10,Ondansetron,,,2442374,A04AA01,BE199193,Sandoz SA-NV,2026-09-07,2026-10-14,,unavailable,Vertraging in de productie,Eén of twee alternatieve verpakkingen beschikbaar,2026-09-21T13:13:20.996345,49913
BE,Belgium,FAMHP,Kalmivet 12.5 mg tabl. 20,Acepromazine,,,1579630,N05AA04,BE-V188684,Vétoquinol SA-NV,2026-09-07,2028-01-01,,unavailable,Andere reden,-,2026-09-21T13:13:20.996356,
BE,Belgium,FAMHP,Kalmivet 12.5 mg tabl. 40,Acepromazine,,,1383645,N05AA04,BE-V188684,Vétoquinol SA-NV,2026-09-07,2028-01-01,,unavailable,Andere reden,-,2026-09-21T13:13:20.996367,
BE,Belgium,FAMHP,Mirelle 60 µg - 15 µg filmomh. tabl. 3 x 28 (24 + 4),"Gestodene, Ethinylestradiol, Placebo ",,,1510619,G03AA10,BE212222,Bayer SA-NV,2026-09-07,2026-10-30,,unavailable,Werkzaam bestanddeel niet beschikbaar,Aanpassing van de behandeling mogelijk (niet-levensnoodzakelijk geneesmiddel),2026-09-21T13:13:20.996378,
BE,Belgium,FAMHP,Itraconazol Sandoz 100 mg harde caps. 28,Itraconazole,,,2601581,J02AC02,BE299914,Sandoz SA-NV,2026-09-07,2026-10-30,,unavailable,Vertraging in de productie,Minstens drie alternatieve verpakkingen beschikbaar,2026-09-21T13:13:20.996389,32336
BE,Belgium,FAMHP,Canestene Gyn 2 % vagin. crème 20 g,Clotrimazol,,,0805440,D01AC01,BE124031,Bayer SA-NV,2026-09-07,2026-10-09,,unavailable,Vertraging in de productie,Aanpassing van de behandeling mogelijk,2026-09-21T13:13:20.996401,
BE,Belgium,FAMHP,Primperan 10 mg/2 ml inj. opl. i.m./i.v. amp. 6 x 2 ml,Metoclopramide Hydrochloride,,,0126342,A03FA01,BE036906,Sanofi Belgium SA-NV,2026-09-07,2026-10-03,,unavailable,Andere reden,In principe voldoende voorraad in omloop (korte duur),2026-09-21T13:13:20.996415,108
BE,Belgium,FAMHP,Primperan 10 mg tabl. 40,Metoclopramide Hydrochloride,,,4405627,A03FA01,BE036845,Sanofi Belgium SA-NV,2026-09-07,2026-10-03,,unavailable,Andere reden,In principe voldoende voorraad in omloop (korte duur),2026-09-21T13:13:20.996426,6947
BE,Belgium,FAMHP,Primperan 5 mg/5 ml or. opl. 200 ml,Metoclopramide Hydrochloride,,,0676395,A03FA01,BE036872,Sanofi Belgium SA-NV,2026-09-07,2026-10-03,,unavailable,Andere reden,In principe voldoende voorraad in omloop (korte duur),2026-09-21T13:13:20.996437,6912
BE,Belgium,FAMHP,Yuvanci 10 mg - 20 mg filmomh. tabl. 30 (30 x 1) UD,"Macitentan , Tadalafil ",,,4860326,C02KX54,EU/1/24/1859/001,Janssen-Cilag International SA-NV,2026-09-07,2026-11-03,,unavailable,Vertraging in de productie,Minstens drie alternatieve verpakkingen beschikbaar,2026-09-21T13:13:20.996455,232017
BE,Belgium,FAMHP,Myatorlip 10 mg - 20 mg filmomh. tabl. 90,"Ezetimibe , Atorvastatin ",,,4826715,C10BA05,BE662257,Viatris GX BV-SRL,2026-09-04,2026-09-30,,unavailable,Andere reden,In principe voldoende voorraad in omloop (korte duur),2026-09-21T13:13:20.996466,122807
BE,Belgium,FAMHP,Melatonin Orifarm 2 mg filmomh. tabl. 30,Melatonin ,,,5826912,N05CH01,BE663943,Orifarm Generics a.s.,2026-09-04,2026-09-18,,unavailable,Vertraging in de vrijgave van het eindproduct,In principe voldoende voorraad in omloop (korte duur),2026-09-21T13:13:20.996477,
BE,Belgium,FAMHP,Melatonin Orifarm 3 mg filmomh. tabl. 30,Melatonin ,,,5826904,N05CH01,BE663944,Orifarm Generics a.s.,2026-09-04,2026-09-18,,unavailable,Vertraging in de vrijgave van het eindproduct,In principe voldoende voorraad in omloop (korte duur),2026-09-21T13:13:20.996489,106607
BE,Belgium,FAMHP,Revlimid 5 mg (Abacus Medicine) harde caps. 21,Lenalidomide,,,3666278,L04AX04,EU/1/07/391/001,Abacus Medicine a.s.,2026-09-04,2027-08-31,,unavailable,Andere reden,Minstens drie alternatieve verpakkingen beschikbaar,2026-09-21T13:13:20.996501,83909
BE,Belgium,FAMHP,Triplixam 10 mg - 2.5 mg - 5 mg filmomh. tabl. 90 (3 x 30),"Indapamide, Amlodipine, Perindopril",,,3158284,C09BX01,BE448675,Servier Benelux SA-NV,2026-09-04,2026-10-19,,unavailable,Vertraging in de vrijgave van het eindproduct,Minstens drie alternatieve verpakkingen beschikbaar,2026-09-21T13:13:20.996513,123773
BE,Belgium,FAMHP,Seroquel XR 50 mg (PI Pharma) tabl. verl. afgifte 30,Quetiapine ,,,3662772,N05AH04,1637PI0516F003,PI Pharma SA-NV,2026-09-04,2026-10-31,,unavailable,Andere reden,Minstens drie alternatieve verpakkingen beschikbaar,2026-09-21T13:13:20.996524,84182
BE,Belgium,FAMHP,Intrarosa 6.5 mg ovule 28,Prasterone,,,3979473,G03XX01,EU/1/17/1255/001,Endoceutics SA-NV,2026-09-04,2026-10-06,,unavailable,Vertraging in de productie,Aanpassing van de behandeling mogelijk,2026-09-21T13:13:20.996535,
BE,Belgium,FAMHP,Forzaten 20 mg - 5 mg filmomh. tabl. 98,"Olmesartan Medoxomil, Amlodipine",,,2591089,C09DB02,BE325455,Menarini International Operations Luxembourg S.A.,2026-09-03,2026-09-30,,unavailable,Vertraging in de productie,In principe voldoende voorraad in omloop (korte duur),2026-09-21T13:13:20.996546,123722
BE,Belgium,FAMHP,Bendamustine Accord 25 mg/ml inf. opl. (conc.) i.v. flac. 5 x 4 ml,Bendamustine Hydrochloride,,,4653911,L01AA09,BE597093,Accord Healthcare B.V.,2026-09-03,2026-12-31,,unavailable,Vertraging in de productie,Eén of twee alternatieve verpakkingen beschikbaar,2026-09-21T13:13:20.996558,225541
BE,Belgium,FAMHP,Abiraterone Mylan 1 000 mg filmomh. tabl. 30 (30 x 1) UD,Abiraterone,,,4495081,L02BX03,EU/1/21/1571/016,Mylan Pharmaceuticals Ltd.,2026-09-03,2026-11-04,,unavailable,Vertraging in de productie,Minstens drie alternatieve verpakkingen beschikbaar,2026-09-21T13:13:20.996569,216526
BE,Belgium,FAMHP,Topamax 25 mg filmomh. tabl. 60,Topiramate,,,1356625,N03AX11,BE184405,Janssen-Cilag SA-NV,2026-09-03,2026-09-24,,unavailable,Vertraging in de productie,In principe voldoende voorraad in omloop (korte duur),2026-09-21T13:13:20.996581,45756
BE,Belgium,FAMHP,Exacyl 500 mg filmomh. tabl. 20,Tranexamic Acid,,,0398610,B02AA02,BE154822,Cheplapharm Arzneimittel GmbH,2026-09-02,2028-09-01,,unavailable,Vertraging in de productie,Eén of twee alternatieve verpakkingen beschikbaar,2026-09-21T13:13:20.996593,4626
BE,Belgium,FAMHP,Diprosone 0.5 mg/g crème 30 g,Betamethasone,,,0108977,D07AC01,BE033354,Organon Belgium BV-SRL,2026-09-02,2026-09-21,,unavailable,Vertraging in de productie,In principe voldoende voorraad in omloop (korte duur),2026-09-21T13:13:20.996604,2933
BE,Belgium,FAMHP,Eusaprim 40 mg - 200 mg/5 ml or. susp. 100 ml,"Sulfamethoxazole, Trimethoprim",,,0099895,J01EE01,BE058256,Aspen Pharma Trading Ltd.,2026-09-02,2026-10-17,,unavailable,Vertraging in de productie,Invoer door de apotheker mogelijk,2026-09-21T13:13:20.996617,4006
BE,Belgium,FAMHP,Pneumovax 23 inj. opl. s.c./i.m. voorgev. spuit 1 dosis (0.5 ml),Pneumococcal Polysaccharide Vaccine,,,3395761,J07AL01,BE483182,MSD Belgium BV-SRL,2026-09-02,2026-10-31,,unavailable,Toegenomen vraag,Onder evaluatie,2026-09-21T13:13:20.996632,
BE,Belgium,FAMHP,Seroquel XR 50 mg tabl. verl. afgifte 10,Quetiapine,,,2489904,N05AH04,BE314221,Cheplapharm Arzneimittel GmbH,2026-09-02,2027-05-01,,unavailable,Toegenomen vraag,Minstens drie alternatieve verpakkingen beschikbaar,2026-09-21T13:13:20.996646,84182
BE,Belgium,FAMHP,Seroquel 100 mg filmomh. tabl. 30,Quetiapine,,,2899367,N05AH04,BE210366,Cheplapharm Arzneimittel GmbH,2026-09-02,2026-11-13,,unavailable,Vertraging in de productie,Minstens drie alternatieve verpakkingen beschikbaar,2026-09-21T13:13:20.996659,50768
BE,Belgium,FAMHP,Elvanse 50 mg harde caps. 30,Dexamfetamine,,,4380085,N06BA12,BE562053,Takeda Pharmaceuticals International Ireland Branch AG,2026-09-02,2026-10-12,,unavailable,Toegenomen vraag,Onder evaluatie,2026-09-21T13:13:20.996672,198404
BE,Belgium,FAMHP,Duloxetine Krka 60 mg harde maagsapresist. caps. 100,Duloxetine,,,3315405,N06AX21,BE471644,KRKA d.d. Novo mesto d.d.,2026-09-02,2026-11-30,,unavailable,Toegenomen vraag,Minstens drie alternatieve verpakkingen beschikbaar,2026-09-21T13:13:20.996685,79065
BE,Belgium,FAMHP,Quetiapine Retard EG 50 mg tabl. verl. afgifte 60,Quetiapine,,,3604642,N05AH04,BE467804,EG SA-NV,2026-09-02,2026-11-18,,unavailable,Toegenomen vraag,Minstens drie alternatieve verpakkingen beschikbaar,2026-09-21T13:13:20.996698,84182
BE,Belgium,FAMHP,Quetiapine Retard EG 50 mg tabl. verl. afgifte 30,Quetiapine,,,3271491,N05AH04,BE467804,EG SA-NV,2026-09-02,2026-11-18,,unavailable,Toegenomen vraag,Minstens drie alternatieve verpakkingen beschikbaar,2026-09-21T13:13:20.996710,84182
BE,Belgium,FAMHP,Duloxetine Eurogenerics 30 mg harde maagsapresist. caps. 98,Duloxetine,,,3484284,N06AX21,BE475182,EG SA-NV,2026-09-02,2026-10-19,,unavailable,Toegenomen vraag,Minstens drie alternatieve verpakkingen beschikbaar,2026-09-21T13:13:20.996723,79057
BE,Belgium,FAMHP,Duloxetine Eurogenerics 60 mg harde maagsapresist. caps. 98,Duloxetine,,,3337359,N06AX21,BE475191,EG SA-NV,2026-09-02,2026-10-19,,unavailable,Toegenomen vraag,Minstens drie alternatieve verpakkingen beschikbaar,2026-09-21T13:13:20.996735,79065
BE,Belgium,FAMHP,Evra 6 mg - 600 µg transderm. pleister sachet 9,"Ethinylestradiol, Norelgestromin",,,1777218,G03AA13,EU/1/02/223/002,Gedeon Richter Plc,2026-09-01,2026-10-02,,unavailable,"Logistieke problemen (transport, douane, ...)",Onder evaluatie,2026-09-21T13:13:20.996748,75027
BE,Belgium,FAMHP,Reminyl 16 mg harde caps. verl. afgifte 84,Galantamine,,,2217214,N06DA04,BE269455,Essential Pharma Ltd.,2026-09-01,2026-10-31,,unavailable,Vertraging in de vrijgave van het eindproduct,Eén of twee alternatieve verpakkingen beschikbaar,2026-09-21T13:13:20.996759,76775
BE,Belgium,FAMHP,Inegy 10 mg - 40 mg tabl. 98,"Simvastatin, Ezetimibe",,,2372944,C10BA02,BE286334,Organon N.V.,2026-09-01,2026-11-23,,unavailable,Vertraging in de productie,Minstens drie alternatieve verpakkingen beschikbaar,2026-09-21T13:13:20.996771,77046
BE,Belgium,FAMHP,Levorichter 30 0.03 mg - 0.15 mg omh. tabl. 13 x 21,"Ethinylestradiol, Levonorgestrel",,,2383107,G03AA07,BE285232,Gedeon Richter Plc,2026-09-01,2026-10-02,,unavailable,"Logistieke problemen (transport, douane, ...)",Onder evaluatie,2026-09-21T13:13:20.996782,83348
BE,Belgium,FAMHP,Betahistine Viatris 24 mg tabl. 60,Betahistine Dihydrochloride,,,2678977,N07CA01,BE353245,Viatris GX BV-SRL,2026-09-01,2026-09-30,,unavailable,Andere reden,In principe voldoende voorraad in omloop (korte duur),2026-09-21T13:13:20.996796,93378
BE,Belgium,FAMHP,Tevagrastim 48 10*6 IE/0.8 ml inj./inf. opl. i.v./s.c. voorgev. spuit 5 x 0.8 ml,Filgrastim ,,,2657161,L03AA02,EU/1/08/445/013,Teva GmbH,2026-09-01,2027-01-22,,unavailable,Vertraging in de productie,Minstens drie alternatieve verpakkingen beschikbaar,2026-09-21T13:13:20.996809,41858
BE,Belgium,FAMHP,Verventi 100 mg filmomh. tabl. 24,Sildenafil,,,3022472,G04BE03,BE433474,Viatris GX BV-SRL,2026-09-01,2026-11-20,,unavailable,Andere reden,Minstens drie alternatieve verpakkingen beschikbaar,2026-09-21T13:13:20.996821,51098
BE,Belgium,FAMHP,Dimethyl Fumarate Teva 240 mg harde maagsapresist. caps. 56 (56 x 1) UD,Dimethyl Fumarate ,,,4962841,L04AX07,BE662985,Teva GmbH,2026-09-01,2026-10-19,,unavailable,Vertraging in de productie,Minstens drie alternatieve verpakkingen beschikbaar,2026-09-21T13:13:20.996833,117889
BE,Belgium,FAMHP,Acnapalen 1 mg/g - 25 mg/g gel 60 g,"Adapalene , Benzoyl Peroxide Hydrous ",,,4989968,D10AD53,BE664985,Laboratoires Bailleul S.A.,2026-09-01,2026-11-01,,unavailable,Vertraging in de productie,Minstens drie alternatieve verpakkingen beschikbaar,2026-09-21T13:13:20.996845,148695
BE,Belgium,FAMHP,Acnapalen 1 mg/g - 25 mg/g gel 30 g,"Adapalene , Benzoyl Peroxide Hydrous ",,,4989950,D10AD53,BE664985,Laboratoires Bailleul S.A.,2026-09-01,2026-11-01,,unavailable,Vertraging in de productie,Minstens drie alternatieve verpakkingen beschikbaar,2026-09-21T13:13:20.996857,148695
BE,Belgium,FAMHP,Acnapalen Forte 3 mg/g - 25 mg/g gel 30 g,"Adapalene , Benzoyl Peroxide Hydrous ",,,4989992,D10AD53,BE664986,Laboratoires Bailleul S.A.,2026-09-01,2026-11-01,,unavailable,Vertraging in de productie,Eén of twee alternatieve verpakkingen beschikbaar,2026-09-21T13:13:20.996870,148695
BE,Belgium,FAMHP,Acnapalen Forte 3 mg/g - 25 mg/g gel 60 g,"Adapalene , Benzoyl Peroxide Hydrous ",,,4990008,D10AD53,BE664986,Laboratoires Bailleul S.A.,2026-09-01,2026-11-01,,unavailable,Vertraging in de productie,Eén of twee alternatieve verpakkingen beschikbaar,2026-09-21T13:13:20.996884,148695
BE,Belgium,FAMHP,Tardyferon 80 mg tabl. verl. afgifte 30,Iron,,,2689974,B03AA07,BE109742,Pierre Fabre Médicament ,2026-09-01,2026-09-30,,unavailable,Vertraging in de productie,In principe voldoende voorraad in omloop (korte duur),2026-09-21T13:13:20.996897,
BE,Belgium,FAMHP,Betaserc 16 mg tabl. 42,Betahistine Dihydrochloride,,,0495473,N07CA01,BE150726,Viatris Healthcare SA-NV,2026-09-01,2026-10-07,,unavailable,Andere reden,Minstens drie alternatieve verpakkingen beschikbaar,2026-09-21T13:13:20.996910,27413
BE,Belgium,FAMHP,Efexor-Exel 75 mg harde caps. verl. afgifte 28,Venlafaxine,,,1451830,N06AX16,BE196524,Viatris Healthcare SA-NV,2026-09-01,2026-10-07,,unavailable,Vertraging in de productie,Minstens drie alternatieve verpakkingen beschikbaar,2026-09-21T13:13:20.996922,47511
BE,Belgium,FAMHP,Hyalgan 20 mg/2 ml inj. opl. i.artic. voorgev. spuit 2 ml,Sodium Hyaluronate,,,1798925,M09AX01,BE173372,Ceres Pharmaceuticals SA-NV,2026-08-31,2026-10-02,,unavailable,Vertraging in de productie,Aanpassing van de behandeling mogelijk (niet-levensnoodzakelijk geneesmiddel),2026-09-21T13:13:20.996934,50733
BE,Belgium,FAMHP,Rifadine 300 mg harde caps. 50,Rifampicin,,,0075770,J04AB02,BE070917,Sanofi Belgium SA-NV,2026-08-31,2026-10-05,,unavailable,Toegenomen vraag,Invoer door de apotheker mogelijk,2026-09-21T13:13:20.996946,7064
BE,Belgium,FAMHP,"Nexviadyme 100 mg inf. opl. (pdr., conc.) i.v. flac. 100 mg",Avalglucosidase Alfa,,,4612644,A16AB22,EU/1/21/1579/001,Sanofi B.V.,2026-08-31,2026-10-31,,unavailable,Vertraging in de vrijgave van het eindproduct,Invoer door de firma mogelijk,2026-09-21T13:13:20.996959,230979
BE,Belgium,FAMHP,"Trabectedin Accord 0.25 mg inf. opl. (pdr., conc.) i.v. flac. 0.25 mg",Trabectedin ,,,4986642,L01CX01,EU/1/24/1902/001,Accord Healthcare S.L.U.,2026-08-31,2026-11-30,,unavailable,Vertraging in de productie,Minstens drie alternatieve verpakkingen beschikbaar,2026-09-21T13:13:20.996972,107654
BE,Belgium,FAMHP,Urokinase Syner-Medica 100 000 IE inj./inf. opl. (pdr.) i.v. flac. 100000 IE,Urokinase ,,,4944161,B01AD04,BE662674,Syner-Medica B.V.,2026-08-31,2026-10-02,,unavailable,Vertraging in de productie,Invoer door de firma mogelijk,2026-09-21T13:13:20.996985,29157
BE,Belgium,FAMHP,Escitalopram Sandoz 10 mg filmomh. tabl. 100,Escitalopram,,,3255718,N06AB10,BE423096,Sandoz SA-NV,2026-08-31,2026-10-02,,unavailable,Vertraging in de productie,Minstens drie alternatieve verpakkingen beschikbaar,2026-09-21T13:13:20.996996,74969
BE,Belgium,FAMHP,Proteq West Nile inj. susp. i.m. 2 x 1 dosis,"West Nile Canarypox Virus, Recombinant (vCP2017) ",,,2927879,,EU/2/11/129/002,Boehringer Ingelheim Vetmedica GmbH,2026-08-31,2026-11-17,,unavailable,Toegenomen vraag,-,2026-09-21T13:13:20.997008,
BE,Belgium,FAMHP,Midazolam Accord Healthcare 5 mg/ml inj./inf. opl. i.m./i.v. amp. 10 x 10 ml,Midazolam ,,,2983971,N05CD08,BE336402,Accord Healthcare B.V.,2026-08-31,2026-10-01,,unavailable,"Logistieke problemen (transport, douane, ...)",Minstens drie alternatieve verpakkingen beschikbaar,2026-09-21T13:13:20.997019,93653
BE,Belgium,FAMHP,Fluconazole Viatris  200 mg harde caps. 10,Fluconazole,,,2120020,J02AC01,BE319051,Viatris GX BV-SRL,2026-08-31,2026-10-07,,unavailable,Toegenomen vraag,Minstens drie alternatieve verpakkingen beschikbaar,2026-09-21T13:13:20.997030,33510
BE,Belgium,FAMHP,Gallivac IB88 Neo bruistabl. 10 x 2000 doses,"Avian Coronavirus (live, attenuated)",,,3717659,I01AD07,BE-V502986,Boehringer Ingelheim Animal Health Belgium SA-NV,2026-08-31,2027-08-03,,unavailable,Toegenomen vraag,-,2026-09-21T13:13:20.997042,
BE,Belgium,FAMHP,Sondelbay 20 µg/80 µl inj. opl. i.v. voorgev. pen 2.4 ml,Teriparatide,,,4696183,H05AA02,EU/1/22/1628/001,Accord Healthcare S.L.U.,2026-08-30,2026-11-30,,unavailable,Vertraging in de productie,Eén of twee alternatieve verpakkingen beschikbaar,2026-09-21T13:13:20.997053,131601
BE,Belgium,FAMHP,Topamax 25 mg filmomh. tabl. 100,Topiramate,,,2561520,N03AX11,BE184405,Janssen-Cilag SA-NV,2026-08-28,2026-09-29,,unavailable,Vertraging in de productie,Minstens drie alternatieve verpakkingen beschikbaar,2026-09-21T13:13:20.997065,45756
BE,Belgium,FAMHP,Accofil 70 10*6 E/0.73 ml inj./inf. opl. i.v./s.c. voorgev. spuit 0.73 ml,Filgrastim,,,4441085,L03AA02,EU/1/14/946/032,Accord Healthcare S.L.U.,2026-08-28,2026-11-30,,unavailable,Vertraging in de productie,Aanpassing van de behandeling mogelijk,2026-09-21T13:13:20.997078,223794
BE,Belgium,FAMHP,Tralieve  50 mg/ml inj. opl. i.m./i.v. flac. 10 ml,Tramadol Hydrochloride ,,,3785680,N02AX02,BE-V532764,Le Vet. (Beheer) B.V.,2026-08-28,2027-03-31,,unavailable,Andere reden,-,2026-09-21T13:13:20.997090,35203
BE,Belgium,FAMHP,Meloxoral 1.5 mg/ml or. susp. 180 ml,Meloxicam,,,4235875,M01AC06,EU/2/10/111/008,Dechra Regulatory B.V.,2026-08-28,2027-03-31,,unavailable,Vertraging in de productie,-,2026-09-21T13:13:20.997101,
BE,Belgium,FAMHP,Sirdalud 4 mg tabl. 100,Tizanidine,,,0026476,M03BX02,BE400793,Sandoz SA-NV,2026-08-28,2027-01-08,,unavailable,Vertraging in de productie,Onder evaluatie,2026-09-21T13:13:20.997113,23000
BE,Belgium,FAMHP,Meloxoral 1.5 mg/ml or. susp. 25 ml,Meloxicam,,,2951523,M01AC06,EU/2/10/111/001,Dechra Regulatory B.V.,2026-08-28,2027-03-31,,unavailable,Vertraging in de productie,-,2026-09-21T13:13:20.997125,
BE,Belgium,FAMHP,Ebastine Teva 10 mg orodisp. tabl. 100,Ebastine,,,2929263,R06AX22,BE390625,Teva GmbH,2026-08-27,2026-10-12,,unavailable,Vertraging in de productie,Eén of twee alternatieve verpakkingen beschikbaar,2026-09-21T13:13:20.997137,103594
BE,Belgium,FAMHP,Atovaquone/Proguanil EG 250 mg - 100 mg filmomh. tabl. 24,"Atovaquone, Proguanil Hydrochloride",,,3908738,P01BB51,BE422441,EG SA-NV,2026-08-27,2026-10-09,,unavailable,Toegenomen vraag,Minstens drie alternatieve verpakkingen beschikbaar,2026-09-21T13:13:20.997148,54771
BE,Belgium,FAMHP,Malarone 250 mg - 100 mg filmomh. tabl. 12,"Atovaquone, Proguanil Hydrochloride",,,1414879,P01BB51,BE186821,GlaxoSmithKline Pharmaceuticals SA-NV,2026-08-27,2026-10-14,,unavailable,Vertraging in de productie,Minstens drie alternatieve verpakkingen beschikbaar,2026-09-21T13:13:20.997159,54771
BE,Belgium,FAMHP,Vitamine B6 Sterop 100 mg/2 ml or. opl./inj. opl. i.m./i.v. amp. 100 x 2 ml,Pyridoxine Hydrochloride,,,1848647,A11HA02,BE271713,Laboratoires Sterop SA-NV,2026-08-26,2026-09-30,,unavailable,Vertraging in de productie,Eén of twee alternatieve verpakkingen beschikbaar,2026-09-21T13:13:20.997170,
BE,Belgium,FAMHP,Forzaten 40 mg - 10 mg filmomh. tabl. 98,"Olmesartan Medoxomil, Amlodipine",,,2591105,C09DB02,BE325473,Menarini International Operations Luxembourg S.A.,2026-08-26,2026-09-25,,unavailable,Andere reden,Minstens drie alternatieve verpakkingen beschikbaar,2026-09-21T13:13:20.997181,123749
BE,Belgium,FAMHP,Gabapentine Sandoz 300 mg harde caps. 200,Gabapentin,,,2215697,N02BF01,BE340636,Sandoz SA-NV,2026-08-26,2026-10-16,,unavailable,Toegenomen vraag,Minstens drie alternatieve verpakkingen beschikbaar,2026-09-21T13:13:20.997192,52825
BE,Belgium,FAMHP,Valsartan Sandoz 80 mg filmomh. tabl. 28,Valsartan,,,2748200,C09CA03,BE375313,Sandoz SA-NV,2026-08-26,2026-09-25,,unavailable,Vertraging in de productie,Minstens drie alternatieve verpakkingen beschikbaar,2026-09-21T13:13:20.997202,61220
BE,Belgium,FAMHP,Desloratadine Krka 5 mg filmomh. tabl. 100,Desloratadine,,,3912052,R06AX27,BE530995,KRKA d.d. Novo mesto d.d.,2026-08-26,2026-10-27,,unavailable,Andere reden,Minstens drie alternatieve verpakkingen beschikbaar,2026-09-21T13:13:20.997214,59021
BE,Belgium,FAMHP,Terbinafin AB  250 mg tabl. 56,Terbinafine,,,3595162,D01BA02,BE508382,Aurobindo SA-NV,2026-08-26,2026-09-30,,unavailable,Andere reden,Minstens drie alternatieve verpakkingen beschikbaar,2026-09-21T13:13:20.997226,34010
BE,Belgium,FAMHP,Spistick 400 mg or. susp. sachet 20 x 10 ml,Ibuprofen,,,4906376,M01AE01,BE518675,Zambon SA-NV,2026-08-26,2026-09-24,,unavailable,Toegenomen vraag,In principe voldoende voorraad in omloop (korte duur),2026-09-21T13:13:20.997238,
BE,Belgium,FAMHP,Amoxicillin/Clavulanic Acid AB 500 mg - 125 mg filmomh. tabl. 16,"Amoxicillin, Clavulanic Acid",,,3532579,J01CR02,BE444236,Aurobindo SA-NV,2026-08-26,2026-10-31,,unavailable,Andere reden,Minstens drie alternatieve verpakkingen beschikbaar,2026-09-21T13:13:20.997248,17809
BE,Belgium,FAMHP,Solifenacine/Tamsulosine AB 6 mg - 0.4 mg tabl. geregul. afgifte 30,"Solifenacin , Tamsulosin ",,,4731428,G04CA53,BE661562,Aurobindo SA-NV,2026-08-26,2026-09-30,,unavailable,Andere reden,Minstens drie alternatieve verpakkingen beschikbaar,2026-09-21T13:13:20.997258,105724
BE,Belgium,FAMHP,Dabigatran Etexilate Viatris 150 mg harde caps. 60 (60 x 1) UD,Dabigatran Etexilate ,,,4789517,B01AE07,BE662515,Viatris GX BV-SRL,2026-08-25,2026-11-23,,unavailable,Vertraging in de productie,Minstens drie alternatieve verpakkingen beschikbaar,2026-09-21T13:13:20.997270,98361
BE,Belgium,FAMHP,Lipitor 10 mg kauwtabl. 30,Atorvastatin,,,2767473,C10AA05,BE375986,Viatris Healthcare SA-NV,2026-08-25,2027-01-05,,unavailable,Toegenomen vraag,Minstens drie alternatieve verpakkingen beschikbaar,2026-09-21T13:13:20.997281,98779
BE,Belgium,FAMHP,Perindopril/Indapamide Viatris 2.5 mg - 0.625 mg filmomh. tabl. 30,"Indapamide, Perindopril",,,4662094,C09BA04,BE414267,Viatris GX BV-SRL,2026-08-25,2027-03-29,,unavailable,Andere reden,Minstens drie alternatieve verpakkingen beschikbaar,2026-09-21T13:13:20.997291,
BE,Belgium,FAMHP,Perindopril/Indapamide Viatris 2.5 mg - 0.625 mg filmomh. tabl. 90,"Indapamide, Perindopril",,,4662102,C09BA04,BE414267,Viatris GX BV-SRL,2026-08-25,2027-03-29,,unavailable,Andere reden,Minstens drie alternatieve verpakkingen beschikbaar,2026-09-21T13:13:20.997302,
BE,Belgium,FAMHP,Valproate Desitin  100 mg/ml inj. opl. i.v. amp. 5 x 3 ml,Sodium Valproate,,,2363596,N03AG01,BE229144,Desitin Arzneimittel GmbH,2026-08-25,2026-09-23,,unavailable,Vertraging in de productie,In principe voldoende voorraad in omloop (korte duur),2026-09-21T13:13:20.997313,58831
BE,Belgium,FAMHP,Mitoxantrone Sandoz 2 mg/ml inf. opl. (conc.) i.v. flac. 5 ml,Mitoxantrone,,,2454742,L01DB07,BE269832,Sandoz SA-NV,2026-08-24,2026-12-15,,unavailable,Vertraging in de productie,Eén of twee alternatieve verpakkingen beschikbaar,2026-09-21T13:13:20.997323,
BE,Belgium,FAMHP,Sertraline Sandoz 50 mg filmomh. tabl. 100,Sertraline,,,2275063,N06AB06,BE270252,Sandoz SA-NV,2026-08-24,2026-10-30,,unavailable,Vertraging in de productie,Minstens drie alternatieve verpakkingen beschikbaar,2026-09-21T13:13:20.997332,39403
BE,Belgium,FAMHP,Oprymea 0.18 mg tabl. 100,Pramipexole ,,,3641099,N04BC05,EU/1/08/469/010,KRKA d.d. Novo mesto d.d.,2026-08-24,2026-09-28,,unavailable,Andere reden,Minstens drie alternatieve verpakkingen beschikbaar,2026-09-21T13:13:20.997343,49441
BE,Belgium,FAMHP,Olmesartan Krka 20 mg filmomh. tabl. 98,Olmesartan Medoxomil,,,3528759,C09CA08,BE498471,KRKA d.d. Novo mesto d.d.,2026-08-24,2026-10-13,,unavailable,Andere reden,Minstens drie alternatieve verpakkingen beschikbaar,2026-09-21T13:13:20.997352,70203
BE,Belgium,FAMHP,Etoricoxib Krka 30 mg filmomh. tabl. 98,Etoricoxib,,,3534013,M01AH05,BE501671,KRKA d.d. Novo mesto d.d.,2026-08-24,2026-10-27,,unavailable,Andere reden,Minstens drie alternatieve verpakkingen beschikbaar,2026-09-21T13:13:20.997363,85766
BE,Belgium,FAMHP,Perindopril/Indapamide Krka 10 mg - 2.5 mg tabl. 90,"Indapamide, Perindopril",,,4625893,C09BA04,BE592684,KRKA d.d. Novo mesto d.d.,2026-08-24,2027-01-25,,unavailable,Andere reden,Minstens drie alternatieve verpakkingen beschikbaar,2026-09-21T13:13:20.997373,90093
BE,Belgium,FAMHP,Perindopril/Amlodipine Krka 10 mg - 10 mg tabl. 90,"Amlodipine, Perindopril",,,4623849,C09BB04,BE595671,KRKA d.d. Novo mesto d.d.,2026-08-24,2027-01-25,,unavailable,Andere reden,Minstens drie alternatieve verpakkingen beschikbaar,2026-09-21T13:13:20.997383,123412
BE,Belgium,FAMHP,Ferric Carboxymaltose Viatris 50 mg/ml inj./inf. disp. i.v. flac. 20 ml,Iron ,,,4924866,B03AE01,BE663949,Viatris GX BV-SRL,2026-08-24,2026-10-05,,unavailable,Toegenomen vraag,Minstens drie alternatieve verpakkingen beschikbaar,2026-09-21T13:13:20.997399,
BE,Belgium,FAMHP,Physio Sterop 90 mg/10 ml parent. oplosm. i.v. amp. 10 x 10 ml,Sodium Chloride,,,1847565,,0301S 0098F012,Laboratoires Sterop SA-NV,2026-08-24,2026-10-01,,unavailable,Vertraging in de productie,Minstens drie alternatieve verpakkingen beschikbaar,2026-09-21T13:13:20.997409,
BE,Belgium,FAMHP,Lipitor 40 mg filmomh. tabl. 100 (100 x 1) UD,Atorvastatin,,,2883098,C10AA05,BE184064,Viatris Healthcare SA-NV,2026-08-21,2027-03-31,,unavailable,Andere reden,Minstens drie alternatieve verpakkingen beschikbaar,2026-09-21T13:13:20.997419,98620
BE,Belgium,FAMHP,Airomir Autohaler 100 µg dosisaerosol susp. multidos. cont. 200 doses,Salbutamol,,,1740075,R03AC02,BE166275,Teva B.V.,2026-08-21,2026-09-18,,unavailable,Vertraging in de productie,In principe voldoende voorraad in omloop (korte duur),2026-09-21T13:13:20.997428,53007
BE,Belgium,FAMHP,Cosentyx 300 mg inj. opl. s.c. voorgev. pen 3 x 2 ml,Secukinumab,,,4285490,L04AC10,EU/1/14/980/011,Novartis Europharm Ltd.,2026-08-21,2026-10-02,,unavailable,Vertraging in de productie,Eén of twee alternatieve verpakkingen beschikbaar,2026-09-21T13:13:20.997437,208043
BE,Belgium,FAMHP,Nebivolol Krka  5 mg tabl. 100,Nebivolol,,,4136057,C07AB12,BE546515,KRKA d.d. Novo mesto d.d.,2026-08-21,2026-09-22,,unavailable,Andere reden,Minstens drie alternatieve verpakkingen beschikbaar,2026-09-21T13:13:20.997447,46353
BE,Belgium,FAMHP,Sporimune 50 mg/ml or. opl. 100 ml,Ciclosporin,,,3272457,L04AD01,BE-V470035,Dechra Regulatory B.V.,2026-08-21,2027-03-31,,unavailable,Andere reden,-,2026-09-21T13:13:20.997457,
BE,Belgium,FAMHP,Betahistine Viatris 16 mg tabl. 84,Betahistine Dihydrochloride,,,1588631,N07CA01,BE213421,Viatris GX BV-SRL,2026-08-21,2026-09-30,,unavailable,Vertraging in de productie,Minstens drie alternatieve verpakkingen beschikbaar,2026-09-21T13:13:20.997466,27413
BE,Belgium,FAMHP,Vitamine B12 Sterop 1 mg/1 ml or. opl./inj. opl. i.m./i.v./s.c. amp. 100 x 1 ml,Cyanocobalamin,,,1069475,B03BA01,BE428653,Laboratoires Sterop SA-NV,2026-08-21,2026-09-18,,unavailable,Terugroeping,In principe voldoende voorraad in omloop (korte duur),2026-09-21T13:13:20.997476,21377
BE,Belgium,FAMHP,Papaverine HCl Sterop 40 mg/2 ml inj. opl. i.m./i.v./s.c. amp. 10 x 2 ml,Papaverine Hydrochloride,,,0299180,A03AD01,BE429082,Laboratoires Sterop SA-NV,2026-08-21,2026-09-18,,unavailable,Vertraging in de productie,In principe voldoende voorraad in omloop (korte duur),2026-09-21T13:13:20.997485,
BE,Belgium,FAMHP,Bisoprolol Viatris  10 mg filmomh. tabl. 100,Bisoprolol Fumarate ,,,2866473,C07AB07,BE384404,Viatris GX BV-SRL,2026-08-21,2026-09-30,,unavailable,Andere reden,Minstens drie alternatieve verpakkingen beschikbaar,2026-09-21T13:13:20.997494,25542
BE,Belgium,FAMHP,Metformine Sandoz 500 mg filmomh. tabl. 60,Metformin,,,2071561,A10BA02,BE339455,Sandoz SA-NV,2026-08-21,2026-10-23,,unavailable,Toegenomen vraag,Minstens drie alternatieve verpakkingen beschikbaar,2026-09-21T13:13:20.997503,
BE,Belgium,FAMHP,Pantoprazole Kalceks 40 mg inj. opl. (pdr.) i.v. flac. 10 x 10 ml,Pantoprazole ,,,4770707,A02BC02,BE661555,Kalceks a.s.,2026-08-20,2026-09-30,,unavailable,Vertraging in de productie,Minstens drie alternatieve verpakkingen beschikbaar,2026-09-21T13:13:20.997513,50482
BE,Belgium,FAMHP,Caelyx Pegylated Liposomal 2 mg/ml inf. opl. (conc.) i.v. flac. 10 ml,Doxorubicin Hydrochloride,,,2735884,L01DB01,EU/1/96/011/001,Baxter Holding B.V.,2026-08-19,2026-10-19,,unavailable,Vertraging in de vrijgave van het eindproduct,Eén of twee alternatieve verpakkingen beschikbaar,2026-09-21T13:13:20.997522,121703
BE,Belgium,FAMHP,Quetiapin Sandoz 25 mg filmomh. tabl. 60,Quetiapine,,,2871796,N05AH04,BE356571,Sandoz SA-NV,2026-08-19,2026-10-23,,unavailable,Vertraging in de productie,Minstens drie alternatieve verpakkingen beschikbaar,2026-09-21T13:13:20.997532,50741
BE,Belgium,FAMHP,Ropivacaine Fresenius Kabi 7.5 mg/ml inj. opl. epidur. amp. 5 x 20 ml,Ropivacaine Hydrochloride,,,2744829,N01BB09,BE373755,Fresenius Kabi SA-NV,2026-08-19,2026-12-13,,unavailable,Vertraging in de productie,Invoer door de apotheker mogelijk,2026-09-21T13:13:20.997541,43567
BE,Belgium,FAMHP,Celecoxib KRKA 200 mg harde caps. 30,Celecoxib,,,3430444,M01AH01,BE445593,KRKA d.d. Novo mesto d.d.,2026-08-19,2026-10-20,,unavailable,Andere reden,Minstens drie alternatieve verpakkingen beschikbaar,2026-09-21T13:13:20.997556,59005
BE,Belgium,FAMHP,Ezetimibe Sandoz 10 mg tabl. 28,Ezetimibe,,,3577038,C10AX09,BE447182,Sandoz SA-NV,2026-08-19,2026-12-30,,unavailable,Vertraging in de productie,Minstens drie alternatieve verpakkingen beschikbaar,2026-09-21T13:13:20.997564,70645
BE,Belgium,FAMHP,Etoricoxib Krka 60 mg filmomh. tabl. 98,Etoricoxib,,,3534039,M01AH05,BE501680,KRKA d.d. Novo mesto d.d.,2026-08-19,2026-11-17,,unavailable,Andere reden,Minstens drie alternatieve verpakkingen beschikbaar,2026-09-21T13:13:20.997573,66745
BE,Belgium,FAMHP,Clindabactin 220 mg kauwtabl. 10,Clindamycin,,,4118683,J01FF01,BE-V543235,Dechra Regulatory B.V.,2026-08-19,2026-10-02,,unavailable,Vertraging in de productie,-,2026-09-21T13:13:20.997582,
BE,Belgium,FAMHP,Synulox LC i.mamm. susp. voorgev. spuit 12 x 3 g,"Clavulanic Acid , Prednisolone , Amoxicillin ",,,3769486,J51RV01,BE-V512755,Zoetis Belgium SA-NV,2026-08-18,2026-12-15,,unavailable,Vertraging in de productie,-,2026-09-21T13:13:20.997601,
BE,Belgium,FAMHP,Orlistat Sandoz 60 mg harde caps. 42,Orlistat,,,2875417,A08AB01,BE398386,Sandoz SA-NV,2026-08-18,2026-11-20,,unavailable,Vertraging in de productie,Minstens drie alternatieve verpakkingen beschikbaar,2026-09-21T13:13:20.997610,89117
BE,Belgium,FAMHP,Diclofenac Sandoz 50 mg maagsapresist. tabl. 30,Diclofenac Sodium,,,1541382,M01AB05,BE221322,Sandoz SA-NV,2026-08-18,2026-11-20,,unavailable,Toegenomen vraag,Minstens drie alternatieve verpakkingen beschikbaar,2026-09-21T13:13:20.997618,
BE,Belgium,FAMHP,Caelyx Pegylated Liposomal 2 mg/ml inf. opl. (conc.) i.v. flac. 25 ml,Doxorubicin Hydrochloride,,,2735876,L01DB01,EU/1/96/011/003,Baxter Holding B.V.,2026-08-17,2026-10-05,,unavailable,Vertraging in de productie,Eén of twee alternatieve verpakkingen beschikbaar,2026-09-21T13:13:20.997627,121711
BE,Belgium,FAMHP,Aggrastat 0.25 mg/ml inf. opl. (conc.) i.v. flac. 50 ml,Tirofiban,,,1506088,B01AC17,BE205247,Advanz Pharma Ltd.,2026-08-17,2026-10-15,,unavailable,Toegenomen vraag,Onder evaluatie,2026-09-21T13:13:20.997636,58742
BE,Belgium,FAMHP,Colistineb 2 10*6 IE verneveloploss. (pdr.)/inj./inf. opl. (pdr.) i.v. flac. 60 x 2 10*6 IE,Colistimethate Sodium,,,4335865,J01XB01,BE272273,Teva GmbH,2026-08-17,2026-12-11,,unavailable,Vertraging in de productie,Invoer door de apotheker mogelijk,2026-09-21T13:13:20.997646,100951
BE,Belgium,FAMHP,Paroxetine Viatris 30 mg filmomh. tabl. 28,Paroxetine,,,2647006,N06AB05,BE319426,Viatris GX BV-SRL,2026-08-17,2027-02-10,,unavailable,Vertraging in de productie,Minstens drie alternatieve verpakkingen beschikbaar,2026-09-21T13:13:20.997656,125059
BE,Belgium,FAMHP,Terbinafine Viatris   250 mg tabl. 56,Terbinafine,,,2216224,D01BA02,BE316486,Viatris GX BV-SRL,2026-08-17,2026-11-23,,unavailable,Toegenomen vraag,Minstens drie alternatieve verpakkingen beschikbaar,2026-09-21T13:13:20.997665,34010
BE,Belgium,FAMHP,Sevikar-HCT 40 mg - 5 mg - 25 mg filmomh. tabl. 28,"Olmesartan Medoxomil, Amlodipine, Hydrochlorothiazide",,,2816569,C09DX03,BE387493,Daiichi Sankyo Belgium SA-NV,2026-08-17,2027-02-26,,unavailable,Vertraging in de productie,Minstens drie alternatieve verpakkingen beschikbaar,2026-09-21T13:13:20.997675,123692
BE,Belgium,FAMHP,Ramipril Krka 2.5 mg tabl. 100,Ramipril,,,3495850,C09AA05,BE484711,KRKA d.d. Novo mesto d.d.,2026-08-17,2026-10-20,,unavailable,Andere reden,Minstens drie alternatieve verpakkingen beschikbaar,2026-09-21T13:13:20.997684,50555
BE,Belgium,FAMHP,Etoposide Accord Healthcare 20 mg/ml inf. opl. (conc.) i.v. flac. 12.5 ml,Etoposide,,,3198454,L01CB01,BE461262,Accord Healthcare B.V.,2026-08-14,2027-01-15,,unavailable,Vertraging in de productie,Minstens drie alternatieve verpakkingen beschikbaar,2026-09-21T13:13:20.997693,119679
BE,Belgium,FAMHP,Posaconazol Sandoz 100 mg maagsapresist. tabl. 24 (24 x 1),Posaconazol,,,4148888,J02AC04,BE547680,Sandoz SA-NV,2026-08-14,2026-10-30,,unavailable,Toegenomen vraag,Minstens drie alternatieve verpakkingen beschikbaar,2026-09-21T13:13:20.997702,117498
BE,Belgium,FAMHP,Levetiracetam Sandoz 500 mg filmomh. tabl. 100,Levetiracetam,,,2903029,N03AX14,BE403541,Sandoz SA-NV,2026-08-14,2026-12-11,,unavailable,Toegenomen vraag,Minstens drie alternatieve verpakkingen beschikbaar,2026-09-21T13:13:20.997711,58394
BE,Belgium,FAMHP,Oxaliplatin Accord Healthcare 5 mg/ml inf. opl. (conc.) i.v. flac. 10 ml,Oxaliplatin,,,2964336,L01XA03,BE373992,Accord Healthcare B.V.,2026-08-14,2026-12-27,,unavailable,Vertraging in de productie,Minstens drie alternatieve verpakkingen beschikbaar,2026-09-21T13:13:20.997720,79766
BE,Belgium,FAMHP,Olmetec Plus 40 mg - 25 mg filmomh. tabl. 28,"Hydrochlorothiazide, Olmesartan Medoxomil",,,2717510,C09DA08,BE368654,Daiichi Sankyo Belgium SA-NV,2026-08-13,2027-01-04,,unavailable,Vertraging in de productie,Minstens drie alternatieve verpakkingen beschikbaar,2026-09-21T13:13:20.997729,93742
BE,Belgium,FAMHP,Avipro Salmonella Vac E 10 x 2000 doses,"Salmonella enteritidis (live, attenuated)",,,1700632,I01AE01,BE-V232985,Elanco GmbH,2026-08-13,2026-09-25,,unavailable,Vertraging in de productie,-,2026-09-21T13:13:20.997738,
BE,Belgium,FAMHP,Colivet SF 500 500 000 IE/ml inj. opl. i.m. flac. 100 ml,Colistin Sulfate,,,3444395,J01XB01,BE-V496577,Prodivet Pharmaceuticals SA-NV,2026-08-13,2026-11-30,,unavailable,Vertraging in de productie,-,2026-09-21T13:13:20.997747,
BE,Belgium,FAMHP,Prepidil 0.5 mg - 3 g endocervic. gel voorgev. spuit 2.5 ml,Dinoprostone,,,0601179,G02AD02,BE139571,Pfizer SA-NV,2026-08-13,2026-10-09,,unavailable,Toegenomen vraag,Aanpassing van de behandeling mogelijk,2026-09-21T13:13:20.997755,71943
BE,Belgium,FAMHP,Annaïs Continu  0.02 mg - 3 mg filmomh. tabl. 13 x 28 (24 + 4),"Drospirenone , Ethinylestradiol ",,,3326006,G03AA12,BE660870,Ceres Pharma SA-NV,2026-08-13,2026-09-28,,unavailable,Vertraging in de productie,Minstens drie alternatieve verpakkingen beschikbaar,2026-09-21T13:13:20.997770,105694
BE,Belgium,FAMHP,Atorvastatine Teva Pharma 40 mg (Orifarm) filmomh. tabl. 100,Atorvastatin ,,,4581112,C10AA05,2444PI0121F003,Orifarm a.s.,2026-08-13,2026-09-30,,unavailable,Andere reden,Minstens drie alternatieve verpakkingen beschikbaar,2026-09-21T13:13:20.997784,98620
BE,Belgium,FAMHP,Medrol 32 mg tabl. 20,Methylprednisolone,,,0895540,H02AB04,BE129832,Pfizer SA-NV,2026-08-12,2026-10-30,,unavailable,Vertraging in de productie,Minstens drie alternatieve verpakkingen beschikbaar,2026-09-21T13:13:20.997798,
BE,Belgium,FAMHP,Rosuvastatin Sandoz 5 mg filmomh. tabl. 98,Rosuvastatin,,,3603198,C10AA07,BE483457,Sandoz SA-NV,2026-08-12,2026-10-16,,unavailable,Vertraging in de productie,Minstens drie alternatieve verpakkingen beschikbaar,2026-09-21T13:13:20.997808,201030
BE,Belgium,FAMHP,Procaine HCl Sterop 2% 100 mg/5 ml inj. opl. i.m./s.c. amp. 100 x 5 ml,Procaine Hydrochloride ,,,1847797,N01BA02,BE469440,Laboratoires Sterop SA-NV,2026-08-12,2026-12-31,,unavailable,Vertraging in de productie,Eén of twee alternatieve verpakkingen beschikbaar,2026-09-21T13:13:20.997818,
BE,Belgium,FAMHP,Rivaroxaban Sandoz 15 mg filmomh. tabl. 42 (42 x 1) UD,Rivaroxaban,,,4764890,B01AF01,BE537013,Sandoz SA-NV,2026-08-12,2026-10-31,,unavailable,Vertraging in de productie,Minstens drie alternatieve verpakkingen beschikbaar,2026-09-21T13:13:20.997830,100145
BE,Belgium,FAMHP,Rivastigmin Sandoz 13.3 mg/24 h transderm. pleister sachet 90 (3 x 30 (27 mg/15 cm²)),Rivastigmine,,,4361879,N06DA03,BE580915,Sandoz SA-NV,2026-08-12,2026-09-18,,unavailable,Vertraging in de productie,Eén of twee alternatieve verpakkingen beschikbaar,2026-09-21T13:13:20.997841,
BE,Belgium,FAMHP,Olanzapine Sandoz 10 mg filmomh. tabl. 100,Olanzapine,,,3269263,N05AH03,BE319627,Sandoz SA-NV,2026-08-12,2026-10-16,,unavailable,Vertraging in de productie,Minstens drie alternatieve verpakkingen beschikbaar,2026-09-21T13:13:20.997850,45578
BE,Belgium,FAMHP,Sumatriptan Sandoz 100 mg tabl. 12,Sumatriptan,,,2318608,N02CC01,BE279806,Sandoz SA-NV,2026-08-12,2026-11-20,,unavailable,Toegenomen vraag,Aanpassing van de behandeling mogelijk,2026-09-21T13:13:20.997861,32476
BE,Belgium,FAMHP,Valsartan Sandoz 160 mg filmomh. tabl. 28,Valsartan,,,2748267,C09CA03,BE375347,Sandoz SA-NV,2026-08-12,2026-10-09,,unavailable,Toegenomen vraag,Minstens drie alternatieve verpakkingen beschikbaar,2026-09-21T13:13:20.997872,61239
BE,Belgium,FAMHP,Irbesartan/Hydrochloorthiazide Sandoz 300 mg - 12.5 mg filmomh. tabl. 98,"Irbesartan, Hydrochlorothiazide",,,2906386,C09DA04,BE399506,Sandoz SA-NV,2026-08-12,2026-10-16,,unavailable,Vertraging in de productie,Minstens drie alternatieve verpakkingen beschikbaar,2026-09-21T13:13:20.997883,52574
BE,Belgium,FAMHP,Orlistat Sandoz 60 mg harde caps. 126,Orlistat,,,2875409,A08AB01,BE398386,Sandoz SA-NV,2026-08-12,2026-11-20,,unavailable,Vertraging in de productie,Minstens drie alternatieve verpakkingen beschikbaar,2026-09-21T13:13:20.997894,89117
BE,Belgium,FAMHP,Aciclovir Hospira 25 mg/ml inf. opl. (conc.) i.v. flac. 5 x 20 ml,Aciclovir ,,,1563113,J05AB01,BE207331,Hospira Benelux BV-SRL,2026-08-11,2026-10-09,,unavailable,Toegenomen vraag,Eén of twee alternatieve verpakkingen beschikbaar,2026-09-21T13:13:20.997905,58017
BE,Belgium,FAMHP,Venlafaxin Retard Sandoz 150 mg harde caps. verl. afgifte 98,Venlafaxine,,,4263257,N06AX16,BE541146,Sandoz SA-NV,2026-08-11,2026-11-25,,unavailable,Vertraging in de productie,Minstens drie alternatieve verpakkingen beschikbaar,2026-09-21T13:13:20.997916,47538
BE,Belgium,FAMHP,Rivaroxaban Sandoz 2.5 mg filmomh. tabl. 56 (56 x 1) UD,Rivaroxaban,,,4764841,B01AF01,BE577066,Sandoz SA-NV,2026-08-10,2026-10-15,,unavailable,Vertraging in de productie,Minstens drie alternatieve verpakkingen beschikbaar,2026-09-21T13:13:20.997928,117250
BE,Belgium,FAMHP,Furosoral 40 mg tabl. 100,Furosemide,,,3363025,C03CA01,BE-V469271,Le Vet. (Beheer) B.V.,2026-08-10,2026-10-02,,unavailable,Vertraging in de productie,-,2026-09-21T13:13:20.997939,5967
BE,Belgium,FAMHP,Nurofen voor Kinderen 100 mg zachte kauwcaps. 24,Ibuprofen,,,3546579,M01AE01,BE503022,Reckitt Benckiser (Healthcare) SA-NV,2026-08-10,2026-10-08,,unavailable,Vertraging in de productie,Aanpassing van de behandeling mogelijk,2026-09-21T13:13:20.997948,
BE,Belgium,FAMHP,Simponi 50 mg (Orifarm) inj. opl. s.c. voorgev. pen 0.5 ml,Golimumab,,,4201935,L04AB06,EU/1/09/546/001,Orifarm a.s.,2026-08-10,2026-10-31,,unavailable,Andere reden,Minstens drie alternatieve verpakkingen beschikbaar,2026-09-21T13:13:20.997959,105406
BE,Belgium,FAMHP,Remsima 120 mg (Orifarm) inj. opl. s.c. voorgev. pen 6 x 1 ml,Infliximab,,,4799714,L04AB02,EU/1/13/853/017,Orifarm a.s.,2026-08-10,2026-10-31,,unavailable,Andere reden,Minstens drie alternatieve verpakkingen beschikbaar,2026-09-21T13:13:20.997971,201707
BE,Belgium,FAMHP,Solifenacine/Tamsulosine EG 6 mg - 0.4 mg tabl. geregul. afgifte 30 (30 x 1) UD,"Solifenacin , Tamsulosin ",,,4801445,G04CA53,BE661567,EG SA-NV,2026-08-10,2026-11-16,,unavailable,Vertraging in de productie,Minstens drie alternatieve verpakkingen beschikbaar,2026-09-21T13:13:20.997981,105724
BE,Belgium,FAMHP,Solifenacine/Tamsulosine EG 6 mg - 0.4 mg tabl. geregul. afgifte 90 (90 x 1) UD,"Solifenacin , Tamsulosin ",,,4801452,G04CA53,BE661567,EG SA-NV,2026-08-10,2026-11-16,,unavailable,Vertraging in de productie,Minstens drie alternatieve verpakkingen beschikbaar,2026-09-21T13:13:20.997991,105724
BE,Belgium,FAMHP,Imitrex SC 6 mg inj. opl. s.c. patr. 2 x 0.5 ml + 1 x Pen,Sumatriptan,,,4652343,N02CC01,BE157473,GlaxoSmithKline Pharmaceuticals SA-NV,2026-08-10,2026-10-02,,unavailable,Vertraging in de productie,Invoer door de apotheker mogelijk,2026-09-21T13:13:20.998000,62359
BE,Belgium,FAMHP,Xenetix 350 350 mg I/ml inj. opl. i.v. flac. 150 ml,Iobitridol,,,1395771,V08AB11,BE176102,Guerbet ,2026-08-07,2026-10-30,,unavailable,Vertraging in de productie,Minstens drie alternatieve verpakkingen beschikbaar,2026-09-21T13:13:20.998012,
BE,Belgium,FAMHP,Aacidexam 5 mg/ml inj. opl. i.m./i.v./i.burs./i.artic. amp. 10 x 1 ml,Dexamethasone,,,4102968,H02AB02,BE080026,Aspen Pharma Trading Ltd.,2026-08-07,2026-10-07,,unavailable,Vertraging in de productie,Invoer door de apotheker mogelijk,2026-09-21T13:13:20.998021,
BE,Belgium,FAMHP,Amlodipine Besilate Viatris 5 mg tabl. 30,Amlodipine,,,2761138,C08CA01,BE369083,Viatris GX BV-SRL,2026-08-07,2026-11-04,,unavailable,Andere reden,Minstens drie alternatieve verpakkingen beschikbaar,2026-09-21T13:13:20.998032,123315
BE,Belgium,FAMHP,Losartan Viatris 50 mg filmomh. tabl. 100,Losartan Potassium,,,4216826,C09CA01,BE386041,Viatris GX BV-SRL,2026-08-07,2026-09-23,,unavailable,Andere reden,Minstens drie alternatieve verpakkingen beschikbaar,2026-09-21T13:13:20.998044,41890
BE,Belgium,FAMHP,Levetiracetam Sandoz 250 mg filmomh. tabl. 100,Levetiracetam,,,2903011,N03AX14,BE403523,Sandoz SA-NV,2026-08-07,2026-10-30,,unavailable,Toegenomen vraag,Minstens drie alternatieve verpakkingen beschikbaar,2026-09-21T13:13:20.998056,58386
BE,Belgium,FAMHP,Totalip 80 mg filmomh. tabl. 100,Atorvastatin,,,2893550,C10AA05,BE401143,Viatris GX BV-SRL,2026-08-07,2027-01-27,,unavailable,Andere reden,Minstens drie alternatieve verpakkingen beschikbaar,2026-09-21T13:13:20.998067,98639
BE,Belgium,FAMHP,Sumatriptan Sandoz 50 mg tabl. 12,Sumatriptan,,,2318566,N02CC01,BE279797,Sandoz SA-NV,2026-08-07,2026-11-20,,unavailable,Toegenomen vraag,Aanpassing van de behandeling mogelijk,2026-09-21T13:13:20.998078,41378
BE,Belgium,FAMHP,Terbinafine Viatris   250 mg tabl. 14,Terbinafine,,,2216216,D01BA02,BE316486,Viatris GX BV-SRL,2026-08-07,2026-10-05,,unavailable,Toegenomen vraag,Minstens drie alternatieve verpakkingen beschikbaar,2026-09-21T13:13:20.998089,34010
BE,Belgium,FAMHP,Paroxetine Sandoz 30 mg filmomh. tabl. 60,Paroxetine,,,2511871,N06AB05,BE315822,Sandoz SA-NV,2026-08-07,2026-10-02,,unavailable,Toegenomen vraag,Minstens drie alternatieve verpakkingen beschikbaar,2026-09-21T13:13:20.998100,125059
BE,Belgium,FAMHP,Pregabaline Sandoz 75 mg harde caps. 210 (210 x 1) UD,Pregabalin,,,3542073,N02BF02,EU/1/15/1011/030,Sandoz GmbH,2026-08-07,2026-09-25,,unavailable,Vertraging in de productie,Minstens drie alternatieve verpakkingen beschikbaar,2026-09-21T13:13:20.998109,75701
BE,Belgium,FAMHP,Pregabaline Sandoz 300 mg harde caps. 56 (56 x 1) UD,Pregabalin,,,3542123,N02BF02,EU/1/15/1011/077,Sandoz GmbH,2026-08-07,2026-10-02,,unavailable,Toegenomen vraag,Minstens drie alternatieve verpakkingen beschikbaar,2026-09-21T13:13:20.998119,75736
BE,Belgium,FAMHP,Pregabaline Sandoz 150 mg harde caps. 210 (210 x 1) UD,Pregabalin,,,3542107,N02BF02,EU/1/15/1011/053,Sandoz GmbH,2026-08-07,2026-11-02,,unavailable,Vertraging in de productie,Onder evaluatie,2026-09-21T13:13:20.998128,75728
BE,Belgium,FAMHP,Flecainide Retard Sandoz 150 mg harde caps. verl. afgifte 100,Flecainide Acetate,,,3148475,C01BC04,BE443441,Sandoz SA-NV,2026-08-07,2026-10-15,,unavailable,Vertraging in de productie,Minstens drie alternatieve verpakkingen beschikbaar,2026-09-21T13:13:20.998140,67245
BE,Belgium,FAMHP,Neurontin 800 mg (PI Pharma) filmomh. tabl. 90,Gabapentin ,,,3151172,N02BF01,1637PI0331F003,PI Pharma SA-NV,2026-08-06,2026-11-30,,unavailable,Andere reden,Minstens drie alternatieve verpakkingen beschikbaar,2026-09-21T13:13:20.998150,57568
BE,Belgium,FAMHP,Casodex 50 mg (PI Pharma) filmomh. tabl. 28,Bicalutamide,,,2195881,L02BB03,1637PI0389F003,PI Pharma SA-NV,2026-08-06,2026-11-30,,unavailable,Andere reden,Minstens drie alternatieve verpakkingen beschikbaar,2026-09-21T13:13:20.998162,42005
BE,Belgium,FAMHP,Medrol 4 mg tabl. 100,Methylprednisolone,,,0427773,H02AB04,BE500284,Pfizer SA-NV,2026-08-06,2026-11-13,,unavailable,Toegenomen vraag,Minstens drie alternatieve verpakkingen beschikbaar,2026-09-21T13:13:20.998172,
BE,Belgium,FAMHP,Lamictal 200 mg (PI Pharma) kauwtabl./disp. tabl. 30,Lamotrigine,,,2883429,N03AX09,1637PI0533F003,PI Pharma SA-NV,2026-08-06,2026-10-31,,unavailable,Andere reden,Minstens drie alternatieve verpakkingen beschikbaar,2026-09-21T13:13:20.998183,125156
BE,Belgium,FAMHP,Lambipol 200 mg (PI Pharma) kauwtabl./disp. tabl. 60,Lamotrigine,,,2866762,N03AX09,1637PI0517F003,PI Pharma SA-NV,2026-08-06,2026-10-31,,unavailable,Andere reden,Minstens drie alternatieve verpakkingen beschikbaar,2026-09-21T13:13:20.998193,125156
BE,Belgium,FAMHP,Escitalopram EG 10 mg (PI Pharma) filmomh. tabl. 98,Escitalopram ,,,3767621,N06AB10,1637PI0496F003,PI Pharma SA-NV,2026-08-06,2026-11-30,,unavailable,Andere reden,Minstens drie alternatieve verpakkingen beschikbaar,2026-09-21T13:13:20.998202,74969
BE,Belgium,FAMHP,Sertraline EG 50 mg (PI Pharma) filmomh. tabl. 30,Sertraline Hydrochloride,,,3716206,N06AB06,1637PI0473F003,PI Pharma SA-NV,2026-08-06,2026-10-31,,unavailable,Andere reden,Minstens drie alternatieve verpakkingen beschikbaar,2026-09-21T13:13:20.998211,39403
BE,Belgium,FAMHP,Sertraline EG 50 mg (PI Pharma) filmomh. tabl. 60,Sertraline Hydrochloride,,,3716198,N06AB06,1637PI0473F003,PI Pharma SA-NV,2026-08-06,2026-10-31,,unavailable,Andere reden,Minstens drie alternatieve verpakkingen beschikbaar,2026-09-21T13:13:20.998221,39403
BE,Belgium,FAMHP,Atorvastatine Teva Pharma 40 mg (PI Pharma) filmomh. tabl. 100,Atorvastatin ,,,4816922,C10AA05,1637PI0672F003,PI Pharma SA-NV,2026-08-06,2026-10-31,,unavailable,Andere reden,Minstens drie alternatieve verpakkingen beschikbaar,2026-09-21T13:13:20.998230,98620
BE,Belgium,FAMHP,Ropivacaine Fresenius Kabi 2 mg/ml inf. opl. epidur. 5 x 100 ml,Ropivacaine Hydrochloride,,,2788834,N01BB09,BE373642,Fresenius Kabi SA-NV,2026-08-06,2026-10-04,,unavailable,Vertraging in de productie,Eén of twee alternatieve verpakkingen beschikbaar,2026-09-21T13:13:20.998240,94846
BE,Belgium,FAMHP,Casodex 50 mg (PI Pharma) filmomh. tabl. 28,Bicalutamide,,,2195881,L02BB03,1637PI0157F003,PI Pharma SA-NV,2026-08-06,2026-10-31,,unavailable,Andere reden,Minstens drie alternatieve verpakkingen beschikbaar,2026-09-21T13:13:20.998252,42005
BE,Belgium,FAMHP,Flammazine 1 % (PI Pharma) crème 50 g,Sulfadiazine Silver ,,,2336980,D06BA01,1637PI0615F007,PI Pharma SA-NV,2026-08-06,2026-10-31,,unavailable,Andere reden,Minstens drie alternatieve verpakkingen beschikbaar,2026-09-21T13:13:20.998262,2828
BE,Belgium,FAMHP,Domperidone Instant EG 10 mg (PI Pharma) orodisp. tabl. 30,Domperidone ,,,4637120,A03FA03,1637PI0608F002,PI Pharma SA-NV,2026-08-06,2026-10-31,,unavailable,Andere reden,Minstens drie alternatieve verpakkingen beschikbaar,2026-09-21T13:13:20.998271,119652
BE,Belgium,FAMHP,Relvar Ellipta 92 µg - 22 µg (PI Pharma) inhalatiepdr. (voorverdeeld) 90 (3 x 30),"Fluticasone Furoate, Vilanterol ",,,4679965,R03AK10,EU/1/13/886/003,PI Pharma SA-NV,2026-08-06,2026-11-30,,unavailable,Andere reden,Minstens drie alternatieve verpakkingen beschikbaar,2026-09-21T13:13:20.998283,125334
BE,Belgium,FAMHP,Relvar Ellipta 92 µg - 22 µg (PI Pharma) inhalatiepdr. (voorverdeeld) 30,"Fluticasone Furoate, Vilanterol ",,,4679973,R03AK10,EU/1/13/886/002,PI Pharma SA-NV,2026-08-06,2026-11-30,,unavailable,Andere reden,Minstens drie alternatieve verpakkingen beschikbaar,2026-09-21T13:13:20.998294,125334
BE,Belgium,FAMHP,Amlodipin Besilaat Sandoz 10 mg (PI Pharma) tabl. 100,Amlodipine,,,4799656,C08CA01,1637PI0595F003,PI Pharma SA-NV,2026-08-06,2026-11-30,,unavailable,Andere reden,Minstens drie alternatieve verpakkingen beschikbaar,2026-09-21T13:13:20.998305,123323
BE,Belgium,FAMHP,Arcoxia 60 mg (PI Pharma) filmomh. tabl. 28,Etoricoxib ,,,4690137,M01AH05,1637PI0623F003,PI Pharma SA-NV,2026-08-06,2026-10-31,,unavailable,Andere reden,Minstens drie alternatieve verpakkingen beschikbaar,2026-09-21T13:13:20.998314,66745
BE,Belgium,FAMHP,Forzaten  20 mg - 5 mg (PI Pharma) filmomh. tabl. 98,"Amlodipine , Olmesartan Medoxomil ",,,4860631,C09DB02,1637PI0690F003,PI Pharma SA-NV,2026-08-06,2026-10-31,,unavailable,Andere reden,Minstens drie alternatieve verpakkingen beschikbaar,2026-09-21T13:13:20.998325,123722
BE,Belgium,FAMHP,Dafalgan 500 mg (PI Pharma) bruistabl. 40,Paracetamol ,,,4849006,N02BE01,1637PI0735F003,PI Pharma SA-NV,2026-08-06,2026-10-31,,unavailable,Andere reden,Minstens drie alternatieve verpakkingen beschikbaar,2026-09-21T13:13:20.998335,
BE,Belgium,FAMHP,Solifenacine/Tamsulosine Viatris 6 mg - 0.4 mg tabl. geregul. afgifte 30 (30 x 1) UD,"Solifenacin , Tamsulosin ",,,4742516,G04CA53,BE661559,Viatris GX BV-SRL,2026-08-05,2026-12-16,,unavailable,Andere reden,Minstens drie alternatieve verpakkingen beschikbaar,2026-09-21T13:13:20.998347,105724
BE,Belgium,FAMHP,Avinew Fizz bruistabl. 10 (2000 doses),"Newcastle disease virus, VG/GA-AVINEW (live) ",,,4773610,I01AD06,BE-V661888,Boehringer Ingelheim Animal Health Belgium SA-NV,2026-08-05,2026-10-08,,unavailable,Andere reden,-,2026-09-21T13:13:20.998357,
BE,Belgium,FAMHP,Adenocor 6 mg/2 ml inj. opl. i.v. flac. 6 x 2 ml,Adenosine,,,1186139,C01EB10,BE169522,Sanofi Belgium SA-NV,2026-08-05,2026-12-04,,unavailable,Vertraging in de productie,Invoer door de apotheker mogelijk,2026-09-21T13:13:20.998376,39292
BE,Belgium,FAMHP,Ezetimibe/Simvastatine Viatris 10 mg - 80 mg tabl. 98,"Simvastatin, Ezetimibe",,,3733235,C10BA02,BE474391,Viatris GX BV-SRL,2026-08-04,2026-12-14,,unavailable,Andere reden,Minstens drie alternatieve verpakkingen beschikbaar,2026-09-21T13:13:20.998388,77054
BE,Belgium,FAMHP,Duloxetine Teva 60 mg harde maagsapresist. caps. 100,Duloxetine,,,4169744,N06AX21,BE545111,Teva B.V.,2026-08-03,2027-02-22,,unavailable,Toegenomen vraag,Minstens drie alternatieve verpakkingen beschikbaar,2026-09-21T13:13:20.998400,79065
BE,Belgium,FAMHP,Poulvac Bursa Plus lyof. voor drinkwater 10 x 5000 doses,"Infectious Bursal Disease Virus (live, attenuated)",,,2872364,I01AD09,BE-V380895,Zoetis Belgium SA-NV,2026-08-03,2026-12-03,,unavailable,Vertraging in de productie,-,2026-09-21T13:13:20.998411,
BE,Belgium,FAMHP,Irbesartan/Hydrochlorothiazide Teva 300 mg - 25 mg filmomh. tabl. 98,"Irbesartan, Hydrochlorothiazide",,,3029527,C09DA04,EU/1/09/583/058,Teva B.V.,2026-08-03,2026-10-19,,unavailable,Vertraging in de productie,Minstens drie alternatieve verpakkingen beschikbaar,2026-09-21T13:13:20.998422,81639
BE,Belgium,FAMHP,Methotrexate Accord Healthcare 25 mg/ml inj. opl. i.m./i.thec./i.v./i.arter. flac. 2 ml,Methotrexate,,,3042819,L01BA01,BE423202,Accord Healthcare B.V.,2026-08-03,2027-02-28,,unavailable,Toegenomen vraag,Invoer door de apotheker mogelijk,2026-09-21T13:13:20.998434,
BE,Belgium,FAMHP,Simvastatine Teva 40 mg filmomh. tabl. 30,Simvastatin,,,2062008,C10AA01,BE310877,Teva GmbH,2026-08-03,2027-01-18,,unavailable,Toegenomen vraag,Minstens drie alternatieve verpakkingen beschikbaar,2026-09-21T13:13:20.998447,67822
BE,Belgium,FAMHP,Finasteride EG 5 mg filmomh. tabl. 100,Finasteride,,,2420644,G04CB01,BE294262,EG SA-NV,2026-08-03,2026-10-09,,unavailable,Vertraging in de productie,Minstens drie alternatieve verpakkingen beschikbaar,2026-09-21T13:13:20.998457,34975
BE,Belgium,FAMHP,Sumatriptan Teva 100 mg filmomh. tabl. 12,Sumatriptan,,,2408912,N02CC01,BE292022,Teva GmbH,2026-08-03,2026-11-23,,unavailable,Toegenomen vraag,Aanpassing van de behandeling mogelijk,2026-09-21T13:13:20.998466,32476
BE,Belgium,FAMHP,Terbinafine Sandoz 250 mg tabl. 98,Terbinafine,,,2274637,D01BA02,BE283394,Sandoz SA-NV,2026-08-03,2026-09-18,,unavailable,Vertraging in de productie,Minstens drie alternatieve verpakkingen beschikbaar,2026-09-21T13:13:20.998476,34010
BE,Belgium,FAMHP,Efexor-Exel 75 mg harde caps. verl. afgifte 98,Venlafaxine,,,2525384,N06AX16,BE196524,Viatris Healthcare SA-NV,2026-08-03,2026-10-07,,unavailable,Vertraging in de vrijgave van het eindproduct,Minstens drie alternatieve verpakkingen beschikbaar,2026-09-21T13:13:20.998486,47511
BE,Belgium,FAMHP,Tardyferon 80 mg tabl. verl. afgifte 100,Iron,,,2689933,B03AA07,BE109742,Pierre Fabre Médicament ,2026-08-03,2026-10-05,,unavailable,Vertraging in de productie,Minstens drie alternatieve verpakkingen beschikbaar,2026-09-21T13:13:20.998497,
BE,Belgium,FAMHP,Butagran Equi 200 mg/g sachet 100,Phenylbutazone,,,3041282,M01AA01,BE-V437035,Dopharma (Research) N.V.,2026-08-01,2026-12-31,,unavailable,Vertraging in de productie,-,2026-09-21T13:13:20.998509,
BE,Belgium,FAMHP,Allopurinol Sandoz 100 mg tabl. 100,Allopurinol,,,4220653,M04AA01,BE499440,Sandoz SA-NV,2026-07-31,2026-10-23,,unavailable,Vertraging in de productie,Minstens drie alternatieve verpakkingen beschikbaar,2026-09-21T13:13:20.998520,671
BE,Belgium,FAMHP,Perindopril Viatris 10 mg filmomh. tabl. 90,Perindopril,,,4635421,C09AA04,BE388841,Viatris GX BV-SRL,2026-07-31,2027-04-12,,unavailable,Andere reden,Minstens drie alternatieve verpakkingen beschikbaar,2026-09-21T13:13:20.998538,85170
BE,Belgium,FAMHP,Systen 50 µg/24 h transderm. pleister 24,Estradiol,,,2672673,G03CA03,BE156204,Theramex Ireland Ltd.,2026-07-31,2026-09-24,,unavailable,Toegenomen vraag,Onder evaluatie,2026-09-21T13:13:20.998548,
BE,Belgium,FAMHP,Cedur 200 mg omh. tabl. 60,Bezafibrate,,,1132901,C10AB02,BE124406,Aurobindo SA-NV,2026-07-30,2026-10-30,,unavailable,Andere reden,Invoer door de apotheker mogelijk,2026-09-21T13:13:20.998557,43435
BE,Belgium,FAMHP,Fentanyl-Piramal 0.05 mg/ml inj. opl. i.m./i.v./s.c. amp. 30 x 2 ml,Fentanyl,,,0041509,N01AH01,BE091996,Piramal Critical Care B.V.,2026-07-30,2026-11-30,,unavailable,Vertraging in de productie,Invoer door de apotheker mogelijk,2026-09-21T13:13:20.998568,5150
BE,Belgium,FAMHP,Levocetirizin AB 5 mg filmomh. tabl. 100,Levocetirizine,,,4247680,R06AE09,BE347803,Aurobindo SA-NV,2026-07-30,2026-10-31,,unavailable,Andere reden,Minstens drie alternatieve verpakkingen beschikbaar,2026-09-21T13:13:20.998577,60976
BE,Belgium,FAMHP,Mirtazapine AB 15 mg orodisp. tabl. 90,Mirtazapine,,,2896116,N06AX11,BE315567,Aurobindo SA-NV,2026-07-30,2026-10-30,,unavailable,Andere reden,Minstens drie alternatieve verpakkingen beschikbaar,2026-09-21T13:13:20.998587,67784
BE,Belgium,FAMHP,CAPECITABINE ACCORD 500 MG 500 mg filmomh. tabl. 120 (120 x 1) UD,Capecitabine,,,3036043,L01BC06,EU/1/12/762/027,Accord Healthcare S.L.U.,2026-07-30,2026-11-13,,unavailable,Vertraging in de productie,Invoer door de apotheker mogelijk,2026-09-21T13:13:20.998596,59366
BE,Belgium,FAMHP,Amoxicillin AB 500 mg filmomh. tabl. 30,Amoxicillin,,,4364261,J01CA04,BE582240,Aurobindo SA-NV,2026-07-30,2026-10-30,,unavailable,Andere reden,Minstens drie alternatieve verpakkingen beschikbaar,2026-09-21T13:13:20.998605,
BE,Belgium,FAMHP,Fluoxetin AB 20 mg harde caps. 28,Fluoxetine,,,4391801,N06AB03,BE531555,Aurobindo SA-NV,2026-07-30,2026-09-30,,unavailable,Andere reden,Minstens drie alternatieve verpakkingen beschikbaar,2026-09-21T13:13:20.998614,28444
BE,Belgium,FAMHP,Etoricoxib AB 60 mg filmomh. tabl. 7,Etoricoxib,,,4117800,M01AH05,BE506782,Aurobindo SA-NV,2026-07-30,2026-10-30,,unavailable,Andere reden,Minstens drie alternatieve verpakkingen beschikbaar,2026-09-21T13:13:20.998623,66745
BE,Belgium,FAMHP,Solifenacin Krka 10 mg filmomh. tabl. 90,Solifenacin,,,3918679,G04BD08,BE521244,KRKA d.d. Novo mesto d.d.,2026-07-29,2026-09-22,,unavailable,Andere reden,Minstens drie alternatieve verpakkingen beschikbaar,2026-09-21T13:13:20.998633,75345
BE,Belgium,FAMHP,Tramadol/Paracetamol Krka 37.5 mg - 325 mg filmomh. tabl. 90,"Paracetamol, Tramadol",,,3484078,N02AX52,BE471733,KRKA d.d. Novo mesto d.d.,2026-07-29,2026-09-22,,unavailable,Andere reden,Minstens drie alternatieve verpakkingen beschikbaar,2026-09-21T13:13:20.998642,
BE,Belgium,FAMHP,Olmesartan Krka 40 mg filmomh. tabl. 98,Olmesartan Medoxomil,,,3528767,C09CA08,BE498497,KRKA d.d. Novo mesto d.d.,2026-07-29,2026-10-06,,unavailable,Andere reden,Minstens drie alternatieve verpakkingen beschikbaar,2026-09-21T13:13:20.998652,70211
BE,Belgium,FAMHP,Cerenia 60 mg tabl. 4,Maropitant ,,,2379816,A04AD90,EU/2/06/062/003,Zoetis Belgium SA-NV,2026-07-29,2026-11-30,,unavailable,Vertraging in de productie,-,2026-09-21T13:13:20.998661,
BE,Belgium,FAMHP,Quetiapine Retard Teva 200 mg tabl. verl. afgifte 100,Quetiapine,,,2929537,N05AH04,BE413481,Teva GmbH,2026-07-29,2026-11-09,,unavailable,Toegenomen vraag,Minstens drie alternatieve verpakkingen beschikbaar,2026-09-21T13:13:20.998670,84190
BE,Belgium,FAMHP,Treclinax 10 mg/g - 0.25 mg/g gel 60 g,"Tretinoin, Clindamycin",,,3070315,D10AF51,BE437507,Viatris Healthcare SA-NV,2026-07-29,2026-10-14,,unavailable,Vertraging in de vrijgave van het eindproduct,Aanpassing van de behandeling mogelijk (niet-levensnoodzakelijk geneesmiddel),2026-09-21T13:13:20.998681,113476
BE,Belgium,FAMHP,Sevikar-HCT 40 mg - 10 mg - 12.5 mg filmomh. tabl. 28,"Olmesartan Medoxomil, Amlodipine, Hydrochlorothiazide",,,2816478,C09DX03,BE387484,Daiichi Sankyo Belgium SA-NV,2026-07-28,2026-11-06,,unavailable,Vertraging in de productie,Minstens drie alternatieve verpakkingen beschikbaar,2026-09-21T13:13:20.998691,123706
BE,Belgium,FAMHP,Metformine Sandoz 500 mg filmomh. tabl. 100,Metformin,,,3263456,A10BA02,BE339473,Sandoz SA-NV,2026-07-28,2026-10-09,,unavailable,Vertraging in de productie,Minstens drie alternatieve verpakkingen beschikbaar,2026-09-21T13:13:20.998705,
BE,Belgium,FAMHP,Quetiapin Sandoz 100 mg filmomh. tabl. 30,Quetiapine,,,2926442,N05AH04,BE352651,Sandoz SA-NV,2026-07-28,2026-10-02,,unavailable,Toegenomen vraag,Minstens drie alternatieve verpakkingen beschikbaar,2026-09-21T13:13:20.998714,50768
BE,Belgium,FAMHP,Varilrix inj. opl. (pdr. + oplosm.) s.c./i.m. flac. + voorgev. spuit 1 dosis + 0.5 ml,"Varicella-zoster virus (live, attenuated)",,,0064527,J07BK01,BE129026,GlaxoSmithKline Biologicals SA-NV,2026-07-28,2026-09-21,,unavailable,Toegenomen vraag,Eén of twee alternatieve verpakkingen beschikbaar,2026-09-21T13:13:20.998724,82201
BE,Belgium,FAMHP,Cacit Vitamine D3 500 / 440 500 mg - 440 IE bruisgran. sachet 30,"Calcium, Cholecalciferol",,,1284462,,BE179882,Theramex Ireland Ltd.,2026-07-28,2027-01-05,,unavailable,Vertraging in de productie,Eén of twee alternatieve verpakkingen beschikbaar,2026-09-21T13:13:20.998742,
BE,Belgium,FAMHP,Jivi 1 000 IE inj. opl. (pdr. + oplosm.) i.v. flac. + voorgev. spuit 1000 IE + 2.5 ml,Damoctocog Alfa Pegol,,,3897477,B02BD02,EU/1/18/1324/003,Bayer AG,2026-07-27,2026-10-02,,unavailable,Toegenomen vraag,Aanpassing van de behandeling mogelijk,2026-09-21T13:13:20.998752,196096
BE,Belgium,FAMHP,Bijuva 1 mg - 100 mg zachte caps. 3 x 28,"Progesterone, Estradiol ",,,4393187,G03FA04,BE582231,Theramex Ireland Ltd.,2026-07-24,2026-10-06,,unavailable,Vertraging in de vrijgave van het eindproduct,Minstens drie alternatieve verpakkingen beschikbaar,2026-09-21T13:13:20.998762,225207
BE,Belgium,FAMHP,Etoricoxib Krka 90 mg filmomh. tabl. 98,Etoricoxib,,,3536703,M01AH05,BE501697,KRKA d.d. Novo mesto d.d.,2026-07-24,2026-10-13,,unavailable,Andere reden,Minstens drie alternatieve verpakkingen beschikbaar,2026-09-21T13:13:20.998771,66753
BE,Belgium,FAMHP,Gabapentine Sandoz 100 mg harde caps. 100,Gabapentin,,,2215671,N02BF01,BE340611,Sandoz SA-NV,2026-07-24,2026-11-13,,unavailable,Toegenomen vraag,Minstens drie alternatieve verpakkingen beschikbaar,2026-09-21T13:13:20.998780,52817
BE,Belgium,FAMHP,Atovaquone/Proguanil Viatris  250 mg - 100 mg filmomh. tabl. 12 (12 x 1) UD,"Atovaquone, Proguanil Hydrochloride",,,3044492,P01BB51,BE428145,Viatris GX BV-SRL,2026-07-24,2027-03-31,,unavailable,Andere reden,Minstens drie alternatieve verpakkingen beschikbaar,2026-09-21T13:13:20.998790,54771
BE,Belgium,FAMHP,Mirtazapine Sandoz 15 mg orodisp. tabl. 100,Mirtazapine,,,2434637,N06AX11,BE294953,Sandoz SA-NV,2026-07-24,2026-11-13,,unavailable,Vertraging in de productie,Minstens drie alternatieve verpakkingen beschikbaar,2026-09-21T13:13:20.998799,67784
BE,Belgium,FAMHP,Sumatriptan Sandoz 100 mg tabl. 24,Sumatriptan,,,3000148,N02CC01,BE279806,Sandoz SA-NV,2026-07-24,2026-11-20,,unavailable,Toegenomen vraag,Aanpassing van de behandeling mogelijk,2026-09-21T13:13:20.998808,32476
BE,Belgium,FAMHP,Ibuprofen Sandoz 600 mg filmomh. tabl. 50,Ibuprofen,,,2674034,M01AE01,BE428373,Sandoz SA-NV,2026-07-22,2026-09-18,,unavailable,Andere reden,Minstens drie alternatieve verpakkingen beschikbaar,2026-09-21T13:13:20.998818,17469
BE,Belgium,FAMHP,Zolmitriptan ODIS Viatris 5 mg orodisp. tabl. 6,Zolmitriptan,,,2893733,N02CC03,BE393863,Viatris GX BV-SRL,2026-07-20,2027-03-10,,unavailable,Vertraging in de vrijgave van het eindproduct,Aanpassing van de behandeling mogelijk,2026-09-21T13:13:20.998827,134201
BE,Belgium,FAMHP,Naratriptan Sandoz 2.5 mg filmomh. tabl. 12,Naratriptan,,,2890010,N02CC02,BE365337,Sandoz SA-NV,2026-07-20,2026-10-16,,unavailable,Toegenomen vraag,Aanpassing van de behandeling mogelijk,2026-09-21T13:13:20.998837,48534
BE,Belgium,FAMHP,Celebrex 100 mg harde caps. 60,Celecoxib,,,1530997,M01AH01,BE212301,Viatris Healthcare SA-NV,2026-07-20,2026-11-18,,unavailable,Andere reden,Minstens drie alternatieve verpakkingen beschikbaar,2026-09-21T13:13:20.998848,58998
BE,Belgium,FAMHP,Movicol 13.8 g or. opl. (pdr.) sachet 20,"Sodium Chloride, Sodium Hydrogen Carbonate, Potassium Chloride, Macrogol",,,1278266,A06AD65,BE180196,Norgine SA-NV,2026-07-20,2027-02-28,,unavailable,Andere reden,Minstens drie alternatieve verpakkingen beschikbaar,2026-09-21T13:13:20.998858,46949
BE,Belgium,FAMHP,Sumatriptan Viatris  50 mg filmomh. tabl. 6,Sumatriptan,,,2311587,N02CC01,BE281732,Viatris GX BV-SRL,2026-07-17,2027-03-10,,unavailable,Andere reden,Aanpassing van de behandeling mogelijk,2026-09-21T13:13:20.998868,41378
BE,Belgium,FAMHP,Clindamycine Fresenius Kabi 150 mg/ml inj. opl. i.m./i.v. amp. 10 x 4 ml,Clindamycin,,,2744746,J01FF01,BE345134,Fresenius Kabi SA-NV,2026-07-17,2026-10-25,,unavailable,Vertraging in de productie,Minstens drie alternatieve verpakkingen beschikbaar,2026-09-21T13:13:20.998878,4707
BE,Belgium,FAMHP,Atovaquone/Proguanil Viatris  250 mg - 100 mg filmomh. tabl. 48,"Atovaquone, Proguanil Hydrochloride",,,3380805,P01BB51,BE428145,Viatris GX BV-SRL,2026-07-17,2027-03-31,,unavailable,Andere reden,Minstens drie alternatieve verpakkingen beschikbaar,2026-09-21T13:13:20.998888,54771
BE,Belgium,FAMHP,Zolpeduar 10 mg subl. tabl. 30,Zolpidem Hemitartrate,,,3122751,N05CF02,BE424295,Viatris Healthcare SA-NV,2026-07-17,2027-03-31,,unavailable,Andere reden,Minstens drie alternatieve verpakkingen beschikbaar,2026-09-21T13:13:20.998897,
BE,Belgium,FAMHP,Celecoxib KRKA 200 mg harde caps. 60,Celecoxib,,,3430451,M01AH01,BE445593,KRKA d.d. Novo mesto d.d.,2026-07-17,2026-10-19,,unavailable,Andere reden,Minstens drie alternatieve verpakkingen beschikbaar,2026-09-21T13:13:20.998907,59005
BE,Belgium,FAMHP,Felimazole 2.5 mg omh. tabl. 100,Thiamazole,,,3945433,H03BB02,BE-V525413,Dechra Regulatory B.V.,2026-07-16,2026-10-16,,unavailable,Vertraging in de productie,-,2026-09-21T13:13:20.998921,230596
BE,Belgium,FAMHP,Elocom Lotion 0.1 % cut. susp. 100 ml,Mometasone Furoate,,,2936771,D07AC13,BE163283,Organon Belgium BV-SRL,2026-07-16,2026-10-30,,unavailable,Vertraging in de productie,Aanpassing van de behandeling mogelijk,2026-09-21T13:13:20.998933,46914
BE,Belgium,FAMHP,Aqupharm Ringer Lactate inf. opl. i.v. 2 x 5000 ml,"Potassium Chloride, Sodium Chloride, Sodium Lactate, Calcium Chloride",,,3643541,B05BB01,BE-V511235,Ecuphar SA-NV,2026-07-15,2027-01-01,,unavailable,Andere reden,-,2026-09-21T13:13:20.998946,
BE,Belgium,FAMHP,Clindacutin 10 mg/g zalf 20 g,Clindamycin ,,,4342838,D10AF01,BE-V581217,Dechra Regulatory B.V.,2026-07-15,2027-03-31,,unavailable,Andere reden,-,2026-09-21T13:13:20.998957,73814
BE,Belgium,FAMHP,Quetiapine Retard Teva 150 mg tabl. verl. afgifte 100,Quetiapine,,,3364031,N05AH04,BE435355,Teva GmbH,2026-07-15,2027-04-19,,unavailable,Toegenomen vraag,Invoer door de apotheker mogelijk,2026-09-21T13:13:20.998967,94757
BE,Belgium,FAMHP,Co-Losartan Sandoz 50 mg - 12.5 mg filmomh. tabl. 98,"Hydrochlorothiazide, Losartan Potassium",,,2631364,C09DA01,BE334327,Sandoz SA-NV,2026-07-15,2026-11-27,,unavailable,Andere reden,Minstens drie alternatieve verpakkingen beschikbaar,2026-09-21T13:13:20.998978,69299
BE,Belgium,FAMHP,Sertraline Sandoz 50 mg filmomh. tabl. 60,Sertraline,,,2275055,N06AB06,BE270252,Sandoz SA-NV,2026-07-14,2026-09-25,,unavailable,Toegenomen vraag,Minstens drie alternatieve verpakkingen beschikbaar,2026-09-21T13:13:20.998988,39403
BE,Belgium,FAMHP,Aripiprazole Sandoz 15 mg tabl. 98 (98 x 1) UD,Aripiprazole,,,3351780,N05AX12,EU/1/15/1029/041,Sandoz GmbH,2026-07-14,2026-12-11,,unavailable,Toegenomen vraag,Minstens drie alternatieve verpakkingen beschikbaar,2026-09-21T13:13:20.998997,75256
BE,Belgium,FAMHP,Lipitor 40 mg filmomh. tabl. 84,Atorvastatin,,,1641018,C10AA05,BE184064,Viatris Healthcare SA-NV,2026-07-12,2026-09-30,,unavailable,Andere reden,Minstens drie alternatieve verpakkingen beschikbaar,2026-09-21T13:13:20.999007,98620
BE,Belgium,FAMHP,Lipitor 20 mg filmomh. tabl. 84,Atorvastatin,,,1361542,C10AA05,BE184073,Viatris Healthcare SA-NV,2026-07-10,2026-09-30,,unavailable,Andere reden,Minstens drie alternatieve verpakkingen beschikbaar,2026-09-21T13:13:20.999017,98612
BE,Belgium,FAMHP,Emthexate 50 mg/2 ml inj. opl. i.m./i.thec./i.ventricul./i.v./i.arter. flac. 2 ml,Methotrexate,,,0034041,L01BA01,BE133427,Teva GmbH,2026-07-10,2026-11-16,,unavailable,Vertraging in de productie,Invoer door de apotheker mogelijk,2026-09-21T13:13:20.999026,
BE,Belgium,FAMHP,Hukyndra 40 mg (Orifarm) inj. opl. s.c. voorgev. pen 2 x 0.4 ml,Adalimumab ,,,4927208,L04AB04,EU/1/21/1589/005,Orifarm a.s.,2026-07-10,2026-09-30,,unavailable,Andere reden,Minstens drie alternatieve verpakkingen beschikbaar,2026-09-21T13:13:20.999036,129771
BE,Belgium,FAMHP,Hukyndra 40 mg (Orifarm) inj. opl. s.c. voorgev. pen 6 x 0.4 ml,Adalimumab ,,,4927216,L04AB04,EU/1/21/1589/006,Orifarm a.s.,2026-07-10,2026-09-30,,unavailable,Andere reden,Minstens drie alternatieve verpakkingen beschikbaar,2026-09-21T13:13:20.999044,
BE,Belgium,FAMHP,Domperidone Instant EG 10 mg orodisp. tabl. 30,Domperidone,,,2623759,A03FA03,BE342946,EG SA-NV,2026-07-10,2027-01-08,,unavailable,Vertraging in de productie,Minstens drie alternatieve verpakkingen beschikbaar,2026-09-21T13:13:20.999055,119652
BE,Belgium,FAMHP,Forzaten-HCT 40 mg - 5 mg - 12.5 mg filmomh. tabl. 98,"Olmesartan Medoxomil, Amlodipine, Hydrochlorothiazide",,,2837326,C09DX03,BE390564,Menarini International Operations Luxembourg S.A.,2026-07-10,2026-09-25,,unavailable,Andere reden,Minstens drie alternatieve verpakkingen beschikbaar,2026-09-21T13:13:20.999065,123684
BE,Belgium,FAMHP,Propranolol Retard Teva 80 mg harde caps. geregul. afgifte 30 (30 x 1) UD,Propranolol Hydrochloride,,,4636403,C07AA05,BE660530,Teva B.V.,2026-07-09,2027-01-18,,unavailable,Vertraging in de vrijgave van het eindproduct,Eén of twee alternatieve verpakkingen beschikbaar,2026-09-21T13:13:20.999076,20699
BE,Belgium,FAMHP,Levetiracetam Sandoz 500 mg filmomh. tabl. 200,Levetiracetam,,,2936367,N03AX14,BE403541,Sandoz SA-NV,2026-07-08,2026-11-06,,unavailable,Toegenomen vraag,Minstens drie alternatieve verpakkingen beschikbaar,2026-09-21T13:13:20.999086,58394
BE,Belgium,FAMHP,Docetaxel Accord 80 mg/4 ml inf. opl. (conc.) i.v. flac. 4 ml,Docetaxel ,,,3012143,L01CD02,EU/1/12/769/002,Accord Healthcare S.L.U.,2026-07-08,2026-12-09,,unavailable,Toegenomen vraag,Invoer door de firma mogelijk,2026-09-21T13:13:20.999097,92894
BE,Belgium,FAMHP,Seroquel 300 mg filmomh. tabl. 100,Quetiapine ,,,2805778,N05AH04,BE228907,Cheplapharm Arzneimittel GmbH,2026-07-08,2027-01-15,,unavailable,Toegenomen vraag,Minstens drie alternatieve verpakkingen beschikbaar,2026-09-21T13:13:20.999107,60283
BE,Belgium,FAMHP,Sorafenib Sandoz 200 mg filmomh. tabl. 112 (112 x 1) UD,Sorafenib,,,4275681,L01EX02,BE565191,Sandoz SA-NV,2026-07-07,2026-12-11,,unavailable,Vertraging in de productie,Minstens drie alternatieve verpakkingen beschikbaar,2026-09-21T13:13:20.999116,81450
BE,Belgium,FAMHP,Solifenacine/Tamsulosine Viatris 6 mg - 0.4 mg tabl. geregul. afgifte 200,"Solifenacin , Tamsulosin ",,,4868030,G04CA53,BE663142,Viatris GX BV-SRL,2026-07-07,2026-12-16,,unavailable,Andere reden,Minstens drie alternatieve verpakkingen beschikbaar,2026-09-21T13:13:20.999126,105724
BE,Belgium,FAMHP,Ezetimibe/Simvastatine Teva 10 mg - 20 mg tabl. 100,"Ezetimibe, Simvastatin",,,4279923,C10BA02,BE525911,Teva GmbH,2026-07-06,2026-11-02,,unavailable,Vertraging in de productie,Minstens drie alternatieve verpakkingen beschikbaar,2026-09-21T13:13:20.999136,77038
BE,Belgium,FAMHP,Etoricoxib Krka 90 mg filmomh. tabl. 28,Etoricoxib,,,3536695,M01AH05,BE501697,KRKA d.d. Novo mesto d.d.,2026-07-03,2026-10-13,,unavailable,Andere reden,Minstens drie alternatieve verpakkingen beschikbaar,2026-09-21T13:13:20.999145,66753
BE,Belgium,FAMHP,Sertraline Sandoz 100 mg filmomh. tabl. 60,Sertraline,,,2275071,N06AB06,BE270277,Sandoz SA-NV,2026-07-03,2026-10-30,,unavailable,Andere reden,Minstens drie alternatieve verpakkingen beschikbaar,2026-09-21T13:13:20.999156,39411
BE,Belgium,FAMHP,Sumatriptan EG 50 mg tabl. 12,Sumatriptan,,,2340370,N02CC01,BE291575,EG SA-NV,2026-07-03,2026-11-04,,unavailable,Toegenomen vraag,Aanpassing van de behandeling mogelijk,2026-09-21T13:13:20.999165,41378
BE,Belgium,FAMHP,Sumatriptan EG 100 mg tabl. 6,Sumatriptan,,,2340362,N02CC01,BE291584,EG SA-NV,2026-07-03,2026-11-04,,unavailable,Toegenomen vraag,Aanpassing van de behandeling mogelijk,2026-09-21T13:13:20.999175,32476
BE,Belgium,FAMHP,Papaverine HCl Sterop 40 mg/2 ml inj. opl. i.m./i.v./s.c. amp. 100 x 2 ml,Papaverine Hydrochloride,,,1847201,A03AD01,BE429082,Laboratoires Sterop SA-NV,2026-07-03,2026-09-18,,unavailable,Vertraging in de productie,Aanpassing van de behandeling mogelijk,2026-09-21T13:13:20.999190,
BE,Belgium,FAMHP,Mirtazapine Sandoz 30 mg orodisp. tabl. 100,Mirtazapine,,,2434660,N06AX11,BE294962,Sandoz SA-NV,2026-07-02,2026-09-25,,unavailable,Vertraging in de productie,Minstens drie alternatieve verpakkingen beschikbaar,2026-09-21T13:13:20.999198,61484
BE,Belgium,FAMHP,Etoricoxib AB 90 mg filmomh. tabl. 98,Etoricoxib,,,4117859,M01AH05,BE506791,Aurobindo SA-NV,2026-07-02,2026-10-30,,unavailable,Andere reden,Minstens drie alternatieve verpakkingen beschikbaar,2026-09-21T13:13:20.999208,66753
BE,Belgium,FAMHP,Etoricoxib AB 90 mg filmomh. tabl. 28,Etoricoxib,,,4117842,M01AH05,BE506791,Aurobindo SA-NV,2026-07-02,2026-10-30,,unavailable,Andere reden,Minstens drie alternatieve verpakkingen beschikbaar,2026-09-21T13:13:20.999216,66753
BE,Belgium,FAMHP,Duloxetine Krka 60 mg harde maagsapresist. caps. 28,Duloxetine,,,3315389,N06AX21,BE471644,KRKA d.d. Novo mesto d.d.,2026-07-02,2026-12-21,,unavailable,Toegenomen vraag,Minstens drie alternatieve verpakkingen beschikbaar,2026-09-21T13:13:20.999225,79065
BE,Belgium,FAMHP,Etoricoxib AB 120 mg filmomh. tabl. 7,Etoricoxib,,,4117867,M01AH05,BE506800,Aurobindo SA-NV,2026-07-02,2026-10-30,,unavailable,Andere reden,Minstens drie alternatieve verpakkingen beschikbaar,2026-09-21T13:13:20.999232,66761
BE,Belgium,FAMHP,Imitrex SC 6 mg inj. opl. s.c. patr. 2 x 0.5 ml,Sumatriptan,,,0307595,N02CC01,BE157473,GlaxoSmithKline Pharmaceuticals SA-NV,2026-07-02,2026-10-31,,unavailable,Vertraging in de productie,Invoer door de apotheker mogelijk,2026-09-21T13:13:20.999240,38210
BE,Belgium,FAMHP,Pregabaline EG 300 mg harde caps. 56,Pregabalin,,,3977048,N02BF02,BE518613,EG SA-NV,2026-07-01,2027-07-01,,unavailable,Andere reden,Minstens drie alternatieve verpakkingen beschikbaar,2026-09-21T13:13:20.999248,75736
BE,Belgium,FAMHP,Clindabactin 55 mg kauwtabl. 10,Clindamycin,,,4118675,J01FF01,BE-V543226,Dechra Regulatory B.V.,2026-07-01,2026-10-02,,unavailable,Vertraging in de productie,-,2026-09-21T13:13:20.999256,
BE,Belgium,FAMHP,Amisulpride EG 50 mg tabl. 60,Amisulpride,,,2340610,N05AL05,BE283071,EG SA-NV,2026-07-01,2026-12-04,,unavailable,Vertraging in de productie,Minstens drie alternatieve verpakkingen beschikbaar,2026-09-21T13:13:20.999264,133353
BE,Belgium,FAMHP,Amisulpride EG 400 mg filmomh. tabl. 60,Amisulpride,,,2340677,N05AL05,BE283132,EG SA-NV,2026-07-01,2026-10-14,,unavailable,Vertraging in de productie,Minstens drie alternatieve verpakkingen beschikbaar,2026-09-21T13:13:20.999273,133361
BE,Belgium,FAMHP,Amisulpride EG 400 mg filmomh. tabl. 150,Amisulpride,,,2340685,N05AL05,BE283132,EG SA-NV,2026-07-01,2026-10-14,,unavailable,Vertraging in de productie,Minstens drie alternatieve verpakkingen beschikbaar,2026-09-21T13:13:20.999281,133361
BE,Belgium,FAMHP,Betahistine Eurogenerics 16 mg tabl. 42,Betahistine Dihydrochloride,,,1657691,N07CA01,BE208932,EG SA-NV,2026-07-01,2027-04-30,,unavailable,Andere reden,Minstens drie alternatieve verpakkingen beschikbaar,2026-09-21T13:13:20.999289,27413
BE,Belgium,FAMHP,Lyrica 150 mg harde caps. 100 (100 x 1) UD,Pregabalin,,,2159176,N02BF02,EU/1/04/279/019,Upjohn EESV -GEIE,2026-06-30,2027-03-10,,unavailable,Vertraging in de productie,Minstens drie alternatieve verpakkingen beschikbaar,2026-09-21T13:13:20.999298,75728
BE,Belgium,FAMHP,Tadalafil Mylan 20 mg filmomh. tabl. 4,Tadalafil,,,3577301,G04BE08,EU/1/14/961/003,Mylan Pharmaceuticals Ltd.,2026-06-30,2027-07-07,,unavailable,Andere reden,Minstens drie alternatieve verpakkingen beschikbaar,2026-09-21T13:13:20.999307,68241
BE,Belgium,FAMHP,Synthadon 10 mg/ml inj. opl. i.m./i.v./s.c. flac. 10 ml,Methadone,,,3324647,N02AC52,BE-V471564,Le Vet. (Beheer) B.V.,2026-06-30,2027-03-31,,unavailable,Andere reden,-,2026-09-21T13:13:20.999316,
BE,Belgium,FAMHP,Symtuza 800 mg - 150 mg - 200 mg - 10 mg (Abacus Medicine) filmomh. tabl. 30,"Darunavir , Cobicistat, Emtricitabine, Tenofovir Alafenamide ",,,4235487,J05AR22,EU/1/17/1225/001,Abacus Medicine a.s.,2026-06-29,2026-10-01,,unavailable,Andere reden,Eén of twee alternatieve verpakkingen beschikbaar,2026-09-21T13:13:20.999325,167428
BE,Belgium,FAMHP,Rosuvastatine Viatris 20 mg filmomh. tabl. 98,Rosuvastatin,,,3641065,C10AA07,BE509271,Viatris GX BV-SRL,2026-06-26,2027-04-26,,unavailable,Andere reden,Minstens drie alternatieve verpakkingen beschikbaar,2026-09-21T13:13:20.999334,201057
BE,Belgium,FAMHP,Solifenacine Teva 5 mg filmomh. tabl. 200 (2 x 100),Solifenacin,,,3890779,G04BD08,BE483600,Teva GmbH,2026-06-26,2026-10-26,,unavailable,Vertraging in de productie,Minstens drie alternatieve verpakkingen beschikbaar,2026-09-21T13:13:20.999346,75337
BE,Belgium,FAMHP,Ebastine Sandoz 10 mg orodisp. tabl. 100,Ebastine,,,3121209,R06AX22,BE446471,Sandoz SA-NV,2026-06-26,2026-10-14,,unavailable,Vertraging in de productie,Eén of twee alternatieve verpakkingen beschikbaar,2026-09-21T13:13:20.999354,103594
BE,Belgium,FAMHP,Esomeprazole Viatris  40 mg harde maagsapresist. caps. 28,Esomeprazole,,,2880862,A02BC05,BE391176,Viatris GX BV-SRL,2026-06-26,2027-05-17,,unavailable,Andere reden,Minstens drie alternatieve verpakkingen beschikbaar,2026-09-21T13:13:20.999363,94870
BE,Belgium,FAMHP,Metformine Viatris 850 mg filmomh. tabl. 200,Metformin,,,3399276,A10BA02,BE360814,Viatris GX BV-SRL,2026-06-26,2026-10-01,,unavailable,Andere reden,Minstens drie alternatieve verpakkingen beschikbaar,2026-09-21T13:13:20.999371,5509
BE,Belgium,FAMHP,Letrozol Sandoz 2.5 mg filmomh. tabl. 30,Letrozole,,,2795607,L02BG04,BE382383,Sandoz SA-NV,2026-06-26,2026-10-02,,unavailable,Toegenomen vraag,Minstens drie alternatieve verpakkingen beschikbaar,2026-09-21T13:13:20.999387,47724
BE,Belgium,FAMHP,Pravastatine Viatris  20 mg tabl. 98,Pravastatin Sodium,,,2440568,C10AA03,BE373222,Viatris GX BV-SRL,2026-06-26,2027-03-17,,unavailable,Andere reden,Minstens drie alternatieve verpakkingen beschikbaar,2026-09-21T13:13:20.999395,31089
BE,Belgium,FAMHP,Spedra 50 mg tabl. 12 (12 x 1) UD,Avanafil,,,3123429,G04BE10,EU/1/13/841/003,Phoenix Labs Unlimited Company ,2026-06-25,2027-08-30,,unavailable,Andere reden,Aanpassing van de behandeling mogelijk (niet-levensnoodzakelijk geneesmiddel),2026-09-21T13:13:20.999403,115142
BE,Belgium,FAMHP,Moxonidine Viatris 0.2 mg filmomh. tabl. 98,Moxonidine,,,3012176,C02AC05,BE256182,Viatris GX BV-SRL,2026-06-25,2026-09-23,,unavailable,Andere reden,Minstens drie alternatieve verpakkingen beschikbaar,2026-09-21T13:13:20.999411,42617
BE,Belgium,FAMHP,Aleve 220 mg filmomh. tabl. 24,Naproxen Sodium,,,3001880,M01AE02,BE198213,Bayer SA-NV,2026-06-25,2026-10-30,,unavailable,Vertraging in de productie,Aanpassing van de behandeling mogelijk (niet-levensnoodzakelijk geneesmiddel),2026-09-21T13:13:20.999419,50024
BE,Belgium,FAMHP,Visipaque 320 mg I/ml inj. opl. i.thec./i.cavern./i.v./i.arter. flac. 50 ml,Iodixanol ,,,1563741,V08AB09,BE181797,GE Healthcare BV-SRL,2026-06-25,2026-09-28,,unavailable,Vertraging in de productie,Aanpassing van de behandeling mogelijk,2026-09-21T13:13:20.999428,41637
BE,Belgium,FAMHP,Myk-1 10 mg/ml cut. opl. 20 ml,Sulconazole Nitrate,,,0391490,D01AC09,BE157394,Will Pharma SA-NV,2026-06-24,2027-01-01,,unavailable,Vertraging in de productie,Aanpassing van de behandeling mogelijk (niet-levensnoodzakelijk geneesmiddel),2026-09-21T13:13:20.999436,47279
BE,Belgium,FAMHP,Sertraline Viatris 100 mg filmomh. tabl. 250,Sertraline,,,4698791,N06AB06,BE270986,Viatris GX BV-SRL,2026-06-24,2027-03-08,,unavailable,Andere reden,Minstens drie alternatieve verpakkingen beschikbaar,2026-09-21T13:13:20.999444,39411
BE,Belgium,FAMHP,Nifedipine Retard EG 60 mg tabl. verl. afgifte 98,Nifedipine,,,2948198,C08CA05,BE415624,EG SA-NV,2026-06-24,2026-10-09,,unavailable,Vertraging in de productie,Aanpassing van de behandeling mogelijk,2026-09-21T13:13:20.999451,33707
BE,Belgium,FAMHP,Paliperidone Teva  3 mg tabl. verl. afgifte 56 (56 x 1) UD,Paliperidone,,,3784386,N05AX13,BE529751,Teva B.V.,2026-06-23,2026-12-14,,unavailable,Vertraging in de productie,Minstens drie alternatieve verpakkingen beschikbaar,2026-09-21T13:13:20.999459,84638
BE,Belgium,FAMHP,Atomoxetine Arega  80 mg (Arega Pharma) harde caps. 28,Atomoxetine ,,,4702015,N06BA09,1972PI0005F004,Arega Pharma SA-NV,2026-06-23,2026-10-12,,unavailable,Vertraging in de productie,Invoer door de firma mogelijk,2026-09-21T13:13:20.999468,89494
BE,Belgium,FAMHP,Quetiapine Retard Teva 50 mg tabl. verl. afgifte 30,Quetiapine,,,3138476,N05AH04,BE413463,Teva GmbH,2026-06-22,2027-04-19,,unavailable,Toegenomen vraag,Minstens drie alternatieve verpakkingen beschikbaar,2026-09-21T13:13:20.999483,84182
BE,Belgium,FAMHP,Simvastatine Teva 40 mg filmomh. tabl. 100,Simvastatin,,,2062016,C10AA01,BE310877,Teva GmbH,2026-06-22,2026-11-30,,unavailable,Vertraging in de productie,Minstens drie alternatieve verpakkingen beschikbaar,2026-09-21T13:13:20.999491,67822
BE,Belgium,FAMHP,Recicort 1.77 mg/ml - 17.7 mg/ml oordruppels opl. druppelfl. 20 ml,"Triamcinolone, Salicylic Acid",,,3597267,D07XB02,BE-V504000,Dechra Regulatory B.V.,2026-06-21,2027-03-31,,unavailable,Andere reden,-,2026-09-21T13:13:20.999499,
BE,Belgium,FAMHP,Mirtazapine Sandoz 45 mg orodisp. tabl. 100,Mirtazapine,,,2434694,N06AX11,BE294971,Sandoz SA-NV,2026-06-20,2026-09-18,,unavailable,Toegenomen vraag,Eén of twee alternatieve verpakkingen beschikbaar,2026-09-21T13:13:20.999508,61492
BE,Belgium,FAMHP,Mirtazapine AB 45 mg orodisp. tabl. 90,Mirtazapine,,,2896132,N06AX11,BE315585,Aurobindo SA-NV,2026-06-19,2026-10-30,,unavailable,Andere reden,Eén of twee alternatieve verpakkingen beschikbaar,2026-09-21T13:13:20.999516,61492
BE,Belgium,FAMHP,Sevikar 40 mg - 5 mg filmomh. tabl. 98,"Olmesartan Medoxomil, Amlodipine",,,2582195,C09DB02,BE325491,Daiichi Sankyo Belgium SA-NV,2026-06-19,2026-11-06,,unavailable,Vertraging in de productie,Minstens drie alternatieve verpakkingen beschikbaar,2026-09-21T13:13:20.999524,123730
BE,Belgium,FAMHP,Sevikar 40 mg - 5 mg filmomh. tabl. 28,"Olmesartan Medoxomil, Amlodipine",,,2582187,C09DB02,BE325491,Daiichi Sankyo Belgium SA-NV,2026-06-19,2027-01-29,,unavailable,Vertraging in de productie,Minstens drie alternatieve verpakkingen beschikbaar,2026-09-21T13:13:20.999532,123730
BE,Belgium,FAMHP,Febuxostat AB 80 mg filmomh. tabl. 84,Febuxostat,,,3911112,M04AA03,BE538222,Aurobindo SA-NV,2026-06-19,2026-10-30,,unavailable,Andere reden,Minstens drie alternatieve verpakkingen beschikbaar,2026-09-21T13:13:20.999540,101788
BE,Belgium,FAMHP,Montelukast Teva 10 mg (Impexeco) filmomh. tabl. 98,Montelukast,,,3117496,R03DC03,1549PI0340F003,Impexeco SA-NV,2026-06-18,2026-11-30,,unavailable,Andere reden,Minstens drie alternatieve verpakkingen beschikbaar,2026-09-21T13:13:20.999550,52051
BE,Belgium,FAMHP,Finasteride EG 5 mg (PI Pharma) filmomh. tabl. 100,Finasteride ,,,3540143,G04CB01,1637PI0618F003,PI Pharma SA-NV,2026-06-18,2026-11-30,,unavailable,Andere reden,Minstens drie alternatieve verpakkingen beschikbaar,2026-09-21T13:13:20.999561,34975
BE,Belgium,FAMHP,Rivastigmin Sandoz 9.5 mg/24 h transderm. pleister sachet 90 (3 x 30 (18 mg/10 cm²)),Rivastigmine,,,4361861,N06DA03,BE580906,Sandoz SA-NV,2026-06-17,2026-09-18,,unavailable,Vertraging in de productie,Minstens drie alternatieve verpakkingen beschikbaar,2026-09-21T13:13:20.999569,
BE,Belgium,FAMHP,Clariscan 0.5 mmol/ml inj. opl. i.v. flac. 10 ml,"Tetraxetan, Gadolinium Oxide, Gadoteric Acid ",,,3721685,V08CA02,BE517795,GE Healthcare a.s.,2026-06-17,2027-01-08,,unavailable,Andere reden,Minstens drie alternatieve verpakkingen beschikbaar,2026-09-21T13:13:20.999577,
BE,Belgium,FAMHP,Technescan Sestamibi 1 mg kit voor radiofarm. prep. i.v. flac. 5 x 1 mg,Copper tetramibi tetrafluoroborate ,,,3336419,V09GA01,BE325376,Curium Netherlands B.V.,2026-06-17,2027-02-24,,unavailable,Andere reden,Eén of twee alternatieve verpakkingen beschikbaar,2026-09-21T13:13:20.999586,
BE,Belgium,FAMHP,Carvedilol Sandoz 6.25 mg tabl. 100,Carvedilol,,,2564086,C07AG02,BE251045,Sandoz SA-NV,2026-06-16,2026-09-25,,unavailable,Vertraging in de productie,Minstens drie alternatieve verpakkingen beschikbaar,2026-09-21T13:13:20.999594,47864
BE,Belgium,FAMHP,Co-Lisinopril Sandoz 20 mg - 12.5 mg tabl. 98,"Lisinopril, Hydrochlorothiazide",,,2380533,C09BA03,BE258474,Sandoz SA-NV,2026-06-16,2026-10-02,,unavailable,Toegenomen vraag,Minstens drie alternatieve verpakkingen beschikbaar,2026-09-21T13:13:20.999603,30090
BE,Belgium,FAMHP,Fulvestrant Accord 250 mg inj. opl. i.m. voorgev. spuit 2 x 5 ml,Fulvestrant,,,4415576,L02BA03,BE541226,Accord Healthcare B.V.,2026-06-16,2026-11-16,,unavailable,Vertraging in de productie,Minstens drie alternatieve verpakkingen beschikbaar,2026-09-21T13:13:20.999612,74934
BE,Belgium,FAMHP,Neurolite kit voor radiofarm. prep. i.v. flac. 0.9 mg + 1 ml,Bicisate Dihydrochloride,,,3338183,V09AA02,BE168567,Lantheus EU Ltd.,2026-06-16,2026-12-31,,unavailable,Andere reden,Aanpassing van de behandeling mogelijk,2026-09-21T13:13:20.999622,
BE,Belgium,FAMHP,Lasix 250 mg/25 ml inf. opl. (conc.) i.v. amp. 6 x 25 ml,Furosemide,,,3154416,C03CA01,BE091506,Sanofi Belgium SA-NV,2026-06-16,2026-10-12,,unavailable,Andere reden,Aanpassing van de behandeling mogelijk,2026-09-21T13:13:20.999631,5959
BE,Belgium,FAMHP,Colistimethate Sodium Accord 2 10*6 IE inj./inf. opl. (pdr.) i.thec./i.v./i.cerebroventricul. flac. 10 x 2 10*6 IE,Colistimethate Sodium ,,,4842795,J01XB01,BE662571,Accord Healthcare B.V.,2026-06-15,2026-12-31,,unavailable,Andere reden,Invoer door de apotheker mogelijk,2026-09-21T13:13:20.999641,
BE,Belgium,FAMHP,Olmesartan/Amlodipin/HCT Viatris  40 mg - 5 mg - 12.5 mg filmomh. tabl. 98,"Olmesartan Medoxomil, Amlodipine, Hydrochlorothiazide",,,4213773,C09DX03,BE560497,Viatris GX BV-SRL,2026-06-15,2027-01-25,,unavailable,Andere reden,Minstens drie alternatieve verpakkingen beschikbaar,2026-09-21T13:13:20.999651,123684
BE,Belgium,FAMHP,Travoprost/Timolol EG 40 µg/ml - 5 mg/ml oogdruppels opl. druppelfl. 3 x 2.5 ml,"Timolol, Travoprost",,,3631298,S01ED51,BE512542,EG SA-NV,2026-06-15,2027-01-01,,unavailable,Vertraging in de productie,Aanpassing van de behandeling mogelijk,2026-09-21T13:13:20.999660,212245
BE,Belgium,FAMHP,Travoprost EG 40 µg/ml oogdruppels opl. druppelfl. 3 x 2.5 ml,Travoprost,,,3167491,S01EE04,BE457022,EG SA-NV,2026-06-15,2027-02-17,,unavailable,Vertraging in de productie,Aanpassing van de behandeling mogelijk,2026-09-21T13:13:20.999669,
BE,Belgium,FAMHP,Butagran Equi 200 mg/g sachet 20,Phenylbutazone,,,3213816,M01AA01,BE-V437035,Dopharma (Research) N.V.,2026-06-15,2026-11-30,,unavailable,Vertraging in de productie,-,2026-09-21T13:13:20.999678,128031
BE,Belgium,FAMHP,Xylomaris 1 mg/ml neusspray opl. pomp 10 ml,Xylometazoline Hydrochloride,,,3573235,R01AA07,BE504942,EG SA-NV,2026-06-15,2026-10-03,,unavailable,Vertraging in de productie,Minstens drie alternatieve verpakkingen beschikbaar,2026-09-21T13:13:20.999687,43311
BE,Belgium,FAMHP,Loperamide Teva 2 mg harde caps. 20,Loperamide Hydrochloride,,,1430727,A07DA03,BE207085,Teva GmbH,2026-06-15,2026-09-28,,unavailable,Vertraging in de productie,Minstens drie alternatieve verpakkingen beschikbaar,2026-09-21T13:13:20.999696,3212
BE,Belgium,FAMHP,Mycosten 80 mg/g nagellak 3 ml,Ciclopirox,,,2890382,D01AE14,BE393547,Pierre Fabre Médicament ,2026-06-15,2026-10-01,,unavailable,Andere reden,Eén of twee alternatieve verpakkingen beschikbaar,2026-09-21T13:13:20.999705,39233
BE,Belgium,FAMHP,Apomorphine HCl Sterop 5 mg/ml inj./inf. opl. s.c. amp. 10 x 1 ml,Apomorphine Hydrochloride ,,,0161877,N04BC07,BE223395,Laboratoires Sterop SA-NV,2026-06-11,2026-09-16,,unavailable,Vertraging in de productie,Invoer door de apotheker mogelijk,2026-09-21T13:13:20.999714,
BE,Belgium,FAMHP,Colofiber 4.7 g gran. sachet 20,"Plantago ovata Forssk., Seed, Plantago ovata Forssk., Seed Husk",,,0476283,A06AC01,BE146334,Cooper Consumer Health B.V.,2026-06-10,2026-11-22,,unavailable,Vertraging in de productie,Aanpassing van de behandeling mogelijk (niet-levensnoodzakelijk geneesmiddel),2026-09-21T13:13:20.999722,
BE,Belgium,FAMHP,Lindynette 30 75 µg - 30 µg omh. tabl. 6 x 21,"Ethinylestradiol, Gestodene",,,2257186,G03AA10,BE283972,Gedeon Richter Plc,2026-06-09,2026-09-25,,unavailable,"Logistieke problemen (transport, douane, ...)",Minstens drie alternatieve verpakkingen beschikbaar,2026-09-21T13:13:20.999731,83259
BE,Belgium,FAMHP,Simvastatine Teva 20 mg filmomh. tabl. 30,Simvastatin,,,2062024,C10AA01,BE310861,Teva GmbH,2026-06-08,2026-11-23,,unavailable,Vertraging in de productie,Minstens drie alternatieve verpakkingen beschikbaar,2026-09-21T13:13:20.999740,67814
BE,Belgium,FAMHP,Urolina 4 mg harde caps. verl. afgifte 84,Tolterodine,,,2948289,G04BD07,BE420996,Ceres Pharma SA-NV,2026-06-08,2027-02-10,,unavailable,Vertraging in de productie,Aanpassing van de behandeling mogelijk,2026-09-21T13:13:20.999748,60534
BE,Belgium,FAMHP,Quetiapine Retard Teva 50 mg tabl. verl. afgifte 60,Quetiapine,,,3680121,N05AH04,BE413463,Teva GmbH,2026-06-08,2026-11-09,,unavailable,Toegenomen vraag,Minstens drie alternatieve verpakkingen beschikbaar,2026-09-21T13:13:20.999757,84182
BE,Belgium,FAMHP,Colivet Quick Pump 8 mg/ml or. susp. 100 ml,Colistin Sulfate,,,2906477,A07AA10,BE-V368085,Prodivet Pharmaceuticals SA-NV,2026-06-08,2026-09-30,,unavailable,Vertraging in de productie,-,2026-09-21T13:13:20.999765,
BE,Belgium,FAMHP,Coperindo 5 mg - 1.25 mg filmomh. tabl. 30,"Perindopril, Indapamide",,,3353570,C09BA04,BE468337,Teva GmbH,2026-06-08,2026-09-28,,unavailable,Vertraging in de productie,Minstens drie alternatieve verpakkingen beschikbaar,2026-09-21T13:13:20.999774,85146
BE,Belgium,FAMHP,Quadrosol Pour-On 200 mg/ml pour-on opl. 500 ml,Levamisole,,,1203264,P52AE01,BE-V144164,Prodivet Pharmaceuticals SA-NV,2026-06-08,2026-09-30,,unavailable,Vertraging in de productie,-,2026-09-21T13:13:20.999789,
BE,Belgium,FAMHP,Montelukast KRKA 10 mg filmomh. tabl. 28,Montelukast,,,3155447,R03DC03,BE379687,KRKA d.d. Novo mesto d.d.,2026-06-05,2026-09-24,,unavailable,Andere reden,Minstens drie alternatieve verpakkingen beschikbaar,2026-09-21T13:13:20.999798,52051
BE,Belgium,FAMHP,Lansoprazol KRKA 30 mg harde maagsapresist. caps. 56,Lansoprazole,,,3318755,A02BC03,BE279736,KRKA d.d. Novo mesto d.d.,2026-06-05,2026-10-19,,unavailable,Vertraging in de productie,Minstens drie alternatieve verpakkingen beschikbaar,2026-09-21T13:13:20.999806,79391
BE,Belgium,FAMHP,Sporimune 50 mg/ml or. opl. 25 ml,Ciclosporin,,,3272432,L04AD01,BE-V470035,Dechra Regulatory B.V.,2026-06-04,2027-03-31,,unavailable,Andere reden,-,2026-09-21T13:13:20.999813,
BE,Belgium,FAMHP,Quetiapin Retard Sandoz 50 mg tabl. verl. afgifte 60,Quetiapine,,,4251872,N05AH04,BE483360,Sandoz SA-NV,2026-06-04,2026-12-11,,unavailable,Andere reden,Minstens drie alternatieve verpakkingen beschikbaar,2026-09-21T13:13:20.999820,84182
BE,Belgium,FAMHP,Dermestril 25 µg transderm. pleister 26 (2 mg),Estradiol,,,1461045,G03CA03,BE171114,Besins Healthcare SA-NV,2026-06-04,2026-09-30,,unavailable,Vertraging in de vrijgave van het eindproduct,Invoer door de apotheker mogelijk,2026-09-21T13:13:20.999828,
BE,Belgium,FAMHP,Usymro 90 mg inj. opl. s.c. voorgev. spuit 1 ml,Ustekinumab ,,,4993069,L04AC05,EU/1/25/1957/003,Gedeon Richter Plc,2026-06-04,2026-12-31,,unavailable,Andere reden,Minstens drie alternatieve verpakkingen beschikbaar,2026-09-21T13:13:20.999835,122017
BE,Belgium,FAMHP,Clomid 50 mg tabl. 10,Clomifene Citrate,,,0031450,G03GB02,BE044511,Fidia Farmaceutici S.p.A.,2026-06-03,2026-10-31,,unavailable,Werkzaam bestanddeel niet beschikbaar,Aanpassing van de behandeling mogelijk,2026-09-21T13:13:20.999843,1538
BE,Belgium,FAMHP,Medrol 4 mg tabl. 30,Methylprednisolone,,,0056028,H02AB04,BE061214,Pfizer SA-NV,2026-06-02,2026-11-13,,unavailable,Andere reden,Minstens drie alternatieve verpakkingen beschikbaar,2026-09-21T13:13:20.999851,
BE,Belgium,FAMHP,Sumatriptan Viatris  50 mg filmomh. tabl. 24,Sumatriptan,,,2308195,N02CC01,BE281732,Viatris GX BV-SRL,2026-06-02,2027-03-10,,unavailable,Andere reden,Aanpassing van de behandeling mogelijk,2026-09-21T13:13:20.999862,41378
BE,Belgium,FAMHP,Sumatriptan Viatris  50 mg filmomh. tabl. 12,Sumatriptan,,,2308179,N02CC01,BE281732,Viatris GX BV-SRL,2026-06-02,2027-03-10,,unavailable,Andere reden,Aanpassing van de behandeling mogelijk,2026-09-21T13:13:20.999872,41378
BE,Belgium,FAMHP,Zolmitriptan ODIS Viatris 5 mg orodisp. tabl. 12,Zolmitriptan,,,2893741,N02CC03,BE393863,Viatris GX BV-SRL,2026-06-02,2027-03-10,,unavailable,Andere reden,Minstens drie alternatieve verpakkingen beschikbaar,2026-09-21T13:13:20.999880,134201
BE,Belgium,FAMHP,Sumatriptan Teva 50 mg filmomh. tabl. 24,Sumatriptan,,,3167426,N02CC01,BE292013,Teva GmbH,2026-06-01,2026-10-05,,unavailable,Toegenomen vraag,Aanpassing van de behandeling mogelijk,2026-09-21T13:13:20.999888,41378
BE,Belgium,FAMHP,Torphadine 10 mg/ml inj. opl. i.m./i.v./s.c. flac. 10 ml,Butorphanol,,,3541737,N02AF01,BE-V501226,Le Vet. (Beheer) B.V.,2026-06-01,2027-03-31,,unavailable,Vertraging in de productie,-,2026-09-21T13:13:20.999895,
BE,Belgium,FAMHP,Tadalafil Mylan 20 mg filmomh. tabl. 12,Tadalafil,,,3577319,G04BE08,EU/1/14/961/005,Mylan Pharmaceuticals Ltd.,2026-06-01,2027-02-05,,unavailable,Andere reden,Minstens drie alternatieve verpakkingen beschikbaar,2026-09-21T13:13:20.999902,68241
BE,Belgium,FAMHP,Laxatract 667 mg/ml siroop 125 ml,Lactulose Solution,,,4206157,A06AD11,BE-V553742,Dechra Regulatory B.V.,2026-06-01,2026-10-16,,unavailable,Andere reden,-,2026-09-21T13:13:20.999915,892
BE,Belgium,FAMHP,Tiberal 1 g/6 ml inf. opl. (conc.) i.v. amp. 6 ml,Ornidazole,,,0663062,J01XD03,BE141285,Serb S.A.S.,2026-06-01,2026-10-31,,unavailable,Vertraging in de vrijgave van het eindproduct,Invoer door de groothandelaar mogelijk,2026-09-21T13:13:20.999924,
BE,Belgium,FAMHP,Myrosor 40 mg - 10 mg filmomh. tabl. 30,"Ezetimibe , Rosuvastatin ",,,4975348,C10BA06,BE665184,Viatris Healthcare SA-NV,2026-06-01,2026-09-30,,unavailable,Vertraging in de vrijgave van het eindproduct,Minstens drie alternatieve verpakkingen beschikbaar,2026-09-21T13:13:20.999933,
BE,Belgium,FAMHP,Metomotyl 5 mg/ml inj. opl. i.m./s.c. flac. 10 ml,Metoclopramide,,,3327384,A03FA01,BE-V472960,Le Vet. (Beheer) B.V.,2026-05-31,2027-03-31,,unavailable,Andere reden,-,2026-09-21T13:13:20.999940,
BE,Belgium,FAMHP,Etoricoxib AB 60 mg filmomh. tabl. 98,Etoricoxib,,,4117826,M01AH05,BE506782,Aurobindo SA-NV,2026-05-29,2026-09-30,,unavailable,Andere reden,Minstens drie alternatieve verpakkingen beschikbaar,2026-09-21T13:13:20.999950,66745
BE,Belgium,FAMHP,Olmetec 20 mg filmomh. tabl. 28,Olmesartan Medoxomil,,,2091072,C09CA08,BE254861,Daiichi Sankyo Belgium SA-NV,2026-05-29,2026-12-11,,unavailable,Vertraging in de productie,Minstens drie alternatieve verpakkingen beschikbaar,2026-09-21T13:13:20.999958,70203
BE,Belgium,FAMHP,Quetiapin Sandoz 300 mg filmomh. tabl. 60,Quetiapine,,,2871911,N05AH04,BE352712,Sandoz SA-NV,2026-05-29,2026-10-23,,unavailable,Toegenomen vraag,Minstens drie alternatieve verpakkingen beschikbaar,2026-09-21T13:13:20.999965,60283
BE,Belgium,FAMHP,Rosuvastatine Viatris 40 mg filmomh. tabl. 28,Rosuvastatin,,,3641073,C10AA07,BE509297,Viatris GX BV-SRL,2026-05-28,2027-04-12,,unavailable,Andere reden,Minstens drie alternatieve verpakkingen beschikbaar,2026-09-21T13:13:20.999973,201065
BE,Belgium,FAMHP,Imuldosa 130 mg inf. opl. (conc.) i.v. flac. 26 ml,Ustekinumab ,,,4986634,L04AC05,EU/1/24/1872/003,Accord Healthcare S.L.U.,2026-05-28,2026-10-31,,unavailable,Andere reden,Minstens drie alternatieve verpakkingen beschikbaar,2026-09-21T13:13:20.999980,138274
BE,Belgium,FAMHP,Orbeseal Dry Cow 2.6 g i.mamm. susp. voorgev. spuit 60 x 4 g,Bismuth,,,2099919,,BE-V251693,Zoetis Belgium SA-NV,2026-05-27,2026-10-15,,unavailable,Vertraging in de productie,-,2026-09-21T13:13:20.999992,
BE,Belgium,FAMHP,Equibactin Vet 333 mg/g - 67 mg/g or. pasta voorgev. spuit 45 g,"Sulfadiazine, Trimethoprim",,,2833614,J01EW10,BE-V317195,Dechra Regulatory B.V.,2026-05-27,2027-03-31,,unavailable,Andere reden,-,2026-09-21T13:13:21,
BE,Belgium,FAMHP,Aqupharm Ringer Lactate inf. opl. i.v. 10 x 1000 ml,"Potassium Chloride, Sodium Chloride, Sodium Lactate, Calcium Chloride",,,3643533,B05BB01,BE-V511235,Ecuphar SA-NV,2026-05-26,2027-01-01,,unavailable,Vertraging in de productie,-,2026-09-21T13:13:21.000008,46418
BE,Belgium,FAMHP,Sumatriptan Viatris  100 mg filmomh. tabl. 24,Sumatriptan,,,3412616,N02CC01,BE281741,Viatris GX BV-SRL,2026-05-25,2027-03-10,,unavailable,Andere reden,Aanpassing van de behandeling mogelijk,2026-09-21T13:13:21.000016,32476
BE,Belgium,FAMHP,Docetaxel Accord 160 mg/8 ml inf. opl. (conc.) i.v. flac. 8 ml,Docetaxel ,,,3012911,L01CD02,EU/1/12/769/003,Accord Healthcare S.L.U.,2026-05-22,2026-10-31,,unavailable,Vertraging in de productie,Invoer door de firma mogelijk,2026-09-21T13:13:21.000024,94234
BE,Belgium,FAMHP,Rosuvastatin Sandoz 20 mg filmomh. tabl. 98,Rosuvastatin,,,3603255,C10AA07,BE483502,Sandoz SA-NV,2026-05-22,2026-09-25,,unavailable,Vertraging in de productie,Minstens drie alternatieve verpakkingen beschikbaar,2026-09-21T13:13:21.000032,201057
BE,Belgium,FAMHP,Tadalafil Mylan 5 mg filmomh. tabl. 98,Tadalafil,,,3577293,G04BE08,EU/1/14/961/016,Mylan Pharmaceuticals Ltd.,2026-05-21,2027-03-10,,unavailable,Andere reden,Minstens drie alternatieve verpakkingen beschikbaar,2026-09-21T13:13:21.000039,86274
BE,Belgium,FAMHP,Tadalafil Mylan 20 mg filmomh. tabl. 24,Tadalafil,,,3577327,G04BE08,EU/1/14/961/006,Mylan Pharmaceuticals Ltd.,2026-05-21,2027-02-05,,unavailable,Andere reden,Minstens drie alternatieve verpakkingen beschikbaar,2026-09-21T13:13:21.000047,68241
BE,Belgium,FAMHP,Ryaltris  25 µg/dosis - 600 µg/dosis (PI Pharma) neusspray susp. dos. pomp 29 g (240 doses),"Olopatadine , Mometasone Furoate ",,,4928487,R01AD59,1637PI0710F009,PI Pharma SA-NV,2026-05-21,2026-10-31,,unavailable,Andere reden,Aanpassing van de behandeling mogelijk (niet-levensnoodzakelijk geneesmiddel),2026-09-21T13:13:21.000054,230138
BE,Belgium,FAMHP,Xanax 1 mg (Impexeco) tabl. 50,Alprazolam,,,2868925,N05BA12,1549PI0392F003,Impexeco SA-NV,2026-05-21,2026-11-30,,unavailable,Andere reden,Minstens drie alternatieve verpakkingen beschikbaar,2026-09-21T13:13:21.000062,
BE,Belgium,FAMHP,Erythrocine IV 1 g inj. opl. (pdr.) i.v. flac. 1 g,Erythromycin ,,,0039834,J01FA01,BE065414,Amdipharm Ltd.,2026-05-20,2028-06-01,,unavailable,Vertraging in de productie,Invoer door de apotheker mogelijk,2026-09-21T13:13:21.000070,5061
BE,Belgium,FAMHP,Emdocam 15 mg/ml or. susp. 125 ml,Meloxicam,,,4369351,M01AC06,EU/2/11/128/009,Emdoka ,2026-05-20,2026-11-01,,unavailable,Vertraging in de productie,-,2026-09-21T13:13:21.000077,
BE,Belgium,FAMHP,Tranquinervin 10 mg/ml inj. opl. i.m./i.v. flac. 20 ml,Acepromazine,,,3945177,N05AA04,BE-V533360,Le Vet. (Beheer) B.V.,2026-05-19,2027-03-31,,unavailable,Andere reden,-,2026-09-21T13:13:21.000085,
BE,Belgium,FAMHP,Quetiapine AB 50 mg tabl. verl. afgifte 100,Quetiapine ,,,4653622,N05AH04,BE660788,Aurobindo SA-NV,2026-05-19,2027-05-01,,unavailable,Andere reden,Minstens drie alternatieve verpakkingen beschikbaar,2026-09-21T13:13:21.000092,84182
BE,Belgium,FAMHP,Lariam 250 mg tabl. 8,Mefloquine,,,0323972,P01BC02,BE149073,Cheplapharm Arzneimittel GmbH,2026-05-18,2026-11-27,,unavailable,Vertraging in de productie,Onder evaluatie,2026-09-21T13:13:21.000100,25410
BE,Belgium,FAMHP,Androgel 50 mg transderm. gel sachet 30 x 5 g,Testosterone,,,1795533,G03BA03,BE248437,Besins Healthcare SA-NV,2026-05-18,2026-09-18,,unavailable,Vertraging in de productie,Aanpassing van de behandeling mogelijk,2026-09-21T13:13:21.000107,74225
BE,Belgium,FAMHP,Pramipexol Retard Sandoz 2.1 mg tabl. verl. afgifte 100,Pramipexole,,,3195310,N04BC05,BE461333,Sandoz SA-NV,2026-05-15,2026-10-30,,unavailable,Vertraging in de productie,Minstens drie alternatieve verpakkingen beschikbaar,2026-09-21T13:13:21.000115,91243
BE,Belgium,FAMHP,Vitamine D Sandoz 25 000 IE zachte caps. 4,Cholecalciferol ,,,4640959,A11CC05,BE660748,Sandoz SA-NV,2026-05-15,2026-11-30,,unavailable,Toegenomen vraag,Minstens drie alternatieve verpakkingen beschikbaar,2026-09-21T13:13:21.000123,140244
BE,Belgium,FAMHP,Rosuvastatine Viatris 5 mg filmomh. tabl. 28,Rosuvastatin,,,3641206,C10AA07,BE509235,Viatris GX BV-SRL,2026-05-14,2027-02-22,,unavailable,Andere reden,Minstens drie alternatieve verpakkingen beschikbaar,2026-09-21T13:13:21.000131,201030
BE,Belgium,FAMHP,Metiblo 10 mg/1 ml inj. opl. i.v. amp. 10 x 1 ml,Methylthioninium Chloride,,,3346004,V03AB17,BE475200,Laboratoires Sterop SA-NV,2026-05-12,2026-09-25,,unavailable,Vertraging in de productie,Eén of twee alternatieve verpakkingen beschikbaar,2026-09-21T13:13:21.000138,117404
BE,Belgium,FAMHP,Quetiapine Retard Teva 50 mg tabl. verl. afgifte 100,Quetiapine,,,3562212,N05AH04,BE413463,Teva GmbH,2026-05-11,2026-11-16,,unavailable,Vertraging in de productie,Minstens drie alternatieve verpakkingen beschikbaar,2026-09-21T13:13:21.000146,84182
BE,Belgium,FAMHP,Itraconazol Sandoz 100 mg harde caps. 60,Itraconazole,,,2601623,J02AC02,BE299914,Sandoz SA-NV,2026-05-08,2026-10-30,,unavailable,Vertraging in de productie,Minstens drie alternatieve verpakkingen beschikbaar,2026-09-21T13:13:21.000153,32336
BE,Belgium,FAMHP,Fluconazole Viatris  200 mg harde caps. 20,Fluconazole,,,2120012,J02AC01,BE319051,Viatris GX BV-SRL,2026-05-08,2026-10-07,,unavailable,Toegenomen vraag,Minstens drie alternatieve verpakkingen beschikbaar,2026-09-21T13:13:21.000162,33510
BE,Belgium,FAMHP,Simvastatine Teva 80 mg filmomh. tabl. 100,Simvastatin,,,2249464,C10AA01,BE310886,Teva GmbH,2026-05-06,2026-10-12,,unavailable,Vertraging in de productie,Minstens drie alternatieve verpakkingen beschikbaar,2026-09-21T13:13:21.000170,
BE,Belgium,FAMHP,Tamsulosine Viatris Pharma 0.4 mg harde caps. geregul. afgifte 200,Tamsulosin Hydrochloride ,,,4982039,G04CA02,BE664802,Viatris GX BV-SRL,2026-05-06,2026-09-23,,unavailable,Vertraging in de vrijgave van het eindproduct,Minstens drie alternatieve verpakkingen beschikbaar,2026-09-21T13:13:21.000179,41068
BE,Belgium,FAMHP,Tadalafil Mylan 5 mg filmomh. tabl. 28,Tadalafil,,,3577285,G04BE08,EU/1/14/961/013,Mylan Pharmaceuticals Ltd.,2026-05-05,2027-03-10,,unavailable,Andere reden,Minstens drie alternatieve verpakkingen beschikbaar,2026-09-21T13:13:21.000188,86274
BE,Belgium,FAMHP,Tranquiline 35 mg/ml or. gel voorgev. spuit 10 ml,Acepromazine,,,2987691,N05AA04,BE-V414836,Floris Holding B.V.,2026-05-01,2026-09-30,,unavailable,Andere reden,-,2026-09-21T13:13:21.000196,
BE,Belgium,FAMHP,Risperidone EG 2 mg filmomh. tabl. 20,Risperidone,,,2451474,N05AX08,BE329777,EG SA-NV,2026-04-30,2026-11-09,,unavailable,Andere reden,Minstens drie alternatieve verpakkingen beschikbaar,2026-09-21T13:13:21.000203,37729
BE,Belgium,FAMHP,Aripiprazole EG 15 mg tabl. 28,Aripiprazole,,,3366432,N05AX12,BE477022,EG SA-NV,2026-04-30,2026-11-09,,unavailable,Andere reden,Minstens drie alternatieve verpakkingen beschikbaar,2026-09-21T13:13:21.000211,75256
BE,Belgium,FAMHP,Daphne 2 mg - 0.035 mg omh. tabl. 6 x 21,"Ethinylestradiol, Cyproterone acetate",,,2232973,G03HB01,BE263751,Ceres Pharma SA-NV,2026-04-29,2026-11-06,,unavailable,Vertraging in de productie,Minstens drie alternatieve verpakkingen beschikbaar,2026-09-21T13:13:21.000219,25836
BE,Belgium,FAMHP,Meloxoral 0.5 mg/ml or. susp. 10 ml,Meloxicam,,,2951499,M01AC06,EU/2/10/111/006,Dechra Regulatory B.V.,2026-04-28,2027-03-31,,unavailable,Andere reden,-,2026-09-21T13:13:21.000228,
BE,Belgium,FAMHP,Treclinax 10 mg/g - 0.25 mg/g gel 30 g,"Tretinoin, Clindamycin",,,3070323,D10AF51,BE437507,Viatris Healthcare SA-NV,2026-04-27,2026-10-14,,unavailable,Vertraging in de vrijgave van het eindproduct,Aanpassing van de behandeling mogelijk (niet-levensnoodzakelijk geneesmiddel),2026-09-21T13:13:21.000235,113476
BE,Belgium,FAMHP,Quetiapine Viatris 300 mg filmomh. tabl. 60,Quetiapine,,,2893816,N05AH04,BE394843,Viatris GX BV-SRL,2026-04-27,2026-11-27,,unavailable,Vertraging in de productie,Minstens drie alternatieve verpakkingen beschikbaar,2026-09-21T13:13:21.000244,60283
BE,Belgium,FAMHP,Vetivex 9 mg/ml inf. opl. i.v. 10 x 1000 ml,Sodium Chloride,,,3090362,B05BB01,BE-V442041,Dechra Regulatory B.V.,2026-04-24,2027-06-30,,unavailable,Andere reden,-,2026-09-21T13:13:21.000254,27960
BE,Belgium,FAMHP,Levobupivacaïne Fresenius Kabi 7.5 mg/ml inj./inf. opl. i.thec./epidur. amp. 5 x 10 ml,Levobupivacaine,,,3264397,N01BB10,BE460346,Fresenius Kabi SA-NV,2026-04-24,2026-11-01,,unavailable,Vertraging in de productie,Invoer door de apotheker mogelijk,2026-09-21T13:13:21.000262,55719
BE,Belgium,FAMHP,Domperidone Instant EG 10 mg orodisp. tabl. 100,Domperidone,,,3067048,A03FA03,BE342946,EG SA-NV,2026-04-22,2027-01-08,,unavailable,Toegenomen vraag,Minstens drie alternatieve verpakkingen beschikbaar,2026-09-21T13:13:21.000271,119652
BE,Belgium,FAMHP,Usymro 45 mg inj. opl. s.c. voorgev. spuit 0.5 ml,Ustekinumab ,,,4993077,L04AC05,EU/1/25/1957/002,Gedeon Richter Plc,2026-04-21,2026-12-31,,unavailable,Andere reden,Minstens drie alternatieve verpakkingen beschikbaar,2026-09-21T13:13:21.000280,102989
BE,Belgium,FAMHP,Naropin 2 mg/ml inj. opl. epidur. amp. 5 x 20 ml,Ropivacaine Hydrochloride ,,,1278357,N01BB09,BE177231,Sandoz SA-NV,2026-04-20,2026-10-30,,unavailable,Toegenomen vraag,Eén of twee alternatieve verpakkingen beschikbaar,2026-09-21T13:13:21.000288,43532
BE,Belgium,FAMHP,Solifenacine/Tamsulosine AB 6 mg - 0.4 mg tabl. geregul. afgifte 90,"Solifenacin , Tamsulosin ",,,4731436,G04CA53,BE661562,Aurobindo SA-NV,2026-04-17,2026-09-30,,unavailable,Andere reden,Minstens drie alternatieve verpakkingen beschikbaar,2026-09-21T13:13:21.000296,105724
BE,Belgium,FAMHP,Ivabradine Krka 7.5 mg filmomh. tabl. 56,Ivabradine,,,3699642,C01EB17,BE504960,KRKA d.d. Novo mesto d.d.,2026-04-17,2026-10-20,,unavailable,Vertraging in de productie,Minstens drie alternatieve verpakkingen beschikbaar,2026-09-21T13:13:21.000303,198188
BE,Belgium,FAMHP,Vardenafil Sandoz 20 mg filmomh. tabl. 12,Vardenafil,,,3948833,G04BE09,BE528551,Sandoz SA-NV,2026-04-17,2026-11-13,,unavailable,Vertraging in de productie,Minstens drie alternatieve verpakkingen beschikbaar,2026-09-21T13:13:21.000311,69213
BE,Belgium,FAMHP,Emtricitabine/Tenofovir Disoproxil Mylan 200 mg - 245 mg filmomh. tabl. 30 (30 x 1) UD,"Emtricitabine, Tenofovir Disoproxil ",,,4182440,J05AR03,EU/1/16/1133/004,Mylan Pharmaceuticals Ltd.,2026-04-16,2026-09-28,,unavailable,Andere reden,Minstens drie alternatieve verpakkingen beschikbaar,2026-09-21T13:13:21.000319,146560
BE,Belgium,FAMHP,Asaflow 80 mg maagsapresist. tabl. 56 (56 x 1) UD,Acetylsalicylic Acid,,,1368414,B01AC06,BE187512,Orifarm Generics a.s.,2026-04-16,2026-10-09,,unavailable,Vertraging in de vrijgave van het eindproduct,Minstens drie alternatieve verpakkingen beschikbaar,2026-09-21T13:13:21.000327,
BE,Belgium,FAMHP,Aggrastat 0.05 mg/ml inf. opl. i.v. 250 ml,Tirofiban,,,1640119,B01AC17,BE218057,Advanz Pharma Ltd.,2026-04-15,2026-09-30,,unavailable,Vertraging in de vrijgave van het eindproduct,Onder evaluatie,2026-09-21T13:13:21.000336,58742
BE,Belgium,FAMHP,Ebastine Sandoz 20 mg orodisp. tabl. 100,Ebastine,,,3121241,R06AX22,BE446480,Sandoz SA-NV,2026-04-15,2026-11-27,,unavailable,Toegenomen vraag,Minstens drie alternatieve verpakkingen beschikbaar,2026-09-21T13:13:21.000345,
BE,Belgium,FAMHP,Sumatriptan Viatris  100 mg filmomh. tabl. 12,Sumatriptan,,,2308211,N02CC01,BE281741,Viatris GX BV-SRL,2026-04-14,2027-03-10,,unavailable,Andere reden,Minstens drie alternatieve verpakkingen beschikbaar,2026-09-21T13:13:21.000354,32476
BE,Belgium,FAMHP,Sumatriptan Viatris  100 mg filmomh. tabl. 48,Sumatriptan,,,4106951,N02CC01,BE281741,Viatris GX BV-SRL,2026-04-14,2027-03-10,,unavailable,Andere reden,Aanpassing van de behandeling mogelijk,2026-09-21T13:13:21.000362,32476
BE,Belgium,FAMHP,Meropenem Eugia  1 g inj./inf. opl. (pdr.) i.v. flac. 10 x 1 g,Meropenem,,,4279154,J01DH02,BE489235,Eugia Pharma (Malta) Ltd.,2026-04-10,2026-10-10,,unavailable,Andere reden,Minstens drie alternatieve verpakkingen beschikbaar,2026-09-21T13:13:21.000371,94838
BE,Belgium,FAMHP,Metiblo 10 mg/1 ml inj. opl. i.v. amp. 100 x 1 ml,Methylthioninium Chloride,,,3345758,V03AB17,BE475200,Laboratoires Sterop SA-NV,2026-04-08,2026-09-25,,unavailable,Vertraging in de productie,Eén of twee alternatieve verpakkingen beschikbaar,2026-09-21T13:13:21.000380,
BE,Belgium,FAMHP,Ganirelix Gedeon Richter 0.25 mg/0.5 ml inj. opl. s.c. voorgev. spuit 0.5 ml,Ganirelix,,,4581088,H01CC01,EU/1/22/1658/001,Gedeon Richter Plc,2026-04-08,2026-12-31,,unavailable,"Logistieke problemen (transport, douane, ...)",Minstens drie alternatieve verpakkingen beschikbaar,2026-09-21T13:13:21.000387,59048
BE,Belgium,FAMHP,Sumatriptan Viatris  50 mg filmomh. tabl. 48,Sumatriptan,,,4106944,N02CC01,BE281732,Viatris GX BV-SRL,2026-04-07,2027-03-10,,unavailable,Andere reden,Aanpassing van de behandeling mogelijk,2026-09-21T13:13:21.000395,41378
BE,Belgium,FAMHP,ReFacto AF 250 IE inj. opl. (pdr. + oplosm.) i.v. voorgev. spuit 250 IE + 4 ml,Moroctocog Alfa,,,3026234,B02BD02,EU/1/99/103/009,Pfizer Europe MA E.E.I.G.,2026-04-07,2026-09-30,,unavailable,Andere reden,Eén of twee alternatieve verpakkingen beschikbaar,2026-09-21T13:13:21.000403,107360
BE,Belgium,FAMHP,Omic Ocas 0.4 mg (PI Pharma) tabl. verl. afgifte 200,Tamsulosin Hydrochloride,,,3008083,G04CA02,1637PI0106F003,PI Pharma SA-NV,2026-04-03,2026-10-31,,unavailable,Andere reden,Minstens drie alternatieve verpakkingen beschikbaar,2026-09-21T13:13:21.000411,76236
BE,Belgium,FAMHP,Pregabaline Sandoz 150 mg harde caps. 56 (56 x 1) UD,Pregabalin,,,3542099,N02BF02,EU/1/15/1011/050,Sandoz GmbH,2026-04-03,2026-09-25,,unavailable,Toegenomen vraag,Eén of twee alternatieve verpakkingen beschikbaar,2026-09-21T13:13:21.000418,75728
BE,Belgium,FAMHP,Myrosor 20 mg - 10 mg (PI Pharma) filmomh. tabl. 90,"Ezetimibe , Rosuvastatin ",,,4954772,C10BA06,1637PI0732F003,PI Pharma SA-NV,2026-04-03,2026-10-31,,unavailable,Andere reden,Minstens drie alternatieve verpakkingen beschikbaar,2026-09-21T13:13:21.000426,201111
BE,Belgium,FAMHP,Brintellix 20 mg (PI Pharma) filmomh. tabl. 28,Vortioxetine ,,,4877080,N06AX26,EU/1/13/891/028,PI Pharma SA-NV,2026-04-01,2026-10-16,,unavailable,Andere reden,Eén of twee alternatieve verpakkingen beschikbaar,2026-09-21T13:13:21.000433,120758
BE,Belgium,FAMHP,Brintellix 10 mg (PI Pharma) filmomh. tabl. 28,Vortioxetine ,,,4877072,N06AX26,EU/1/13/891/010,PI Pharma SA-NV,2026-04-01,2026-10-16,,unavailable,Andere reden,Eén of twee alternatieve verpakkingen beschikbaar,2026-09-21T13:13:21.000441,120766
BE,Belgium,FAMHP,Sevikar 20 mg - 5 mg filmomh. tabl. 28,"Olmesartan Medoxomil, Amlodipine",,,2582146,C09DB02,BE325482,Daiichi Sankyo Belgium SA-NV,2026-04-01,2026-10-16,,unavailable,Vertraging in de productie,Minstens drie alternatieve verpakkingen beschikbaar,2026-09-21T13:13:21.000452,123722
BE,Belgium,FAMHP,Sertraline Sandoz 50 mg filmomh. tabl. 100,Sertraline,,,3280674,N06AB06,BE270261,Sandoz SA-NV,2026-04-01,2026-11-13,,unavailable,Vertraging in de productie,Minstens drie alternatieve verpakkingen beschikbaar,2026-09-21T13:13:21.000460,39403
BE,Belgium,FAMHP,Laxatract 667 mg/ml siroop 50 ml,Lactulose Solution,,,4212296,A06AD11,BE-V553742,Dechra Regulatory B.V.,2026-03-31,2026-10-16,,unavailable,Andere reden,-,2026-09-21T13:13:21.000468,892
BE,Belgium,FAMHP,"Tracrium 25 mg/2,5 ml inj. opl. i.v. amp. 10 x 2.5 ml",Atracurium Besilate,,,0674671,M03AC04,BE132413,Aspen Pharma Trading Ltd.,2026-03-31,2026-12-31,,unavailable,Andere reden,Invoer door de apotheker mogelijk,2026-09-21T13:13:21.000475,21849
BE,Belgium,FAMHP,Risperidone Teva 50 mg inj. susp. verl. afgifte (pdr. + oplosm.) i.m. flac. + voorgev. spuit 50 mg + 2 ml,Risperidone,,,4516795,N05AX08,BE574942,Teva GmbH,2026-03-30,2027-05-10,,unavailable,Vertraging in de productie,Eén of twee alternatieve verpakkingen beschikbaar,2026-09-21T13:13:21.000483,68284
BE,Belgium,FAMHP,Pravastatine Viatris  40 mg tabl. 98,Pravastatin Sodium,,,2440543,C10AA03,BE373231,Viatris GX BV-SRL,2026-03-27,2027-03-17,,unavailable,Andere reden,Minstens drie alternatieve verpakkingen beschikbaar,2026-09-21T13:13:21.000491,46930
BE,Belgium,FAMHP,Dermestril 100 µg transderm. pleister 8 (8 mg),Estradiol,,,1233253,G03CA04,BE171132,Besins Healthcare SA-NV,2026-03-27,2026-09-30,,unavailable,Toegenomen vraag,Invoer door de apotheker mogelijk,2026-09-21T13:13:21.000498,
BE,Belgium,FAMHP,Ticlid 250 mg filmomh. tabl. 60,Ticlopidine Hydrochloride,,,0263350,B01AC05,BE113251,Cheplapharm Arzneimittel GmbH,2026-03-27,2026-12-28,,unavailable,Vertraging in de productie,Aanpassing van de behandeling mogelijk,2026-09-21T13:13:21.000506,
BE,Belgium,FAMHP,Myatorlip 10 mg - 10 mg filmomh. tabl. 90,"Ezetimibe , Atorvastatin ",,,4826707,C10BA05,BE662256,Viatris GX BV-SRL,2026-03-26,2026-09-30,,unavailable,Andere reden,Minstens drie alternatieve verpakkingen beschikbaar,2026-09-21T13:13:21.000513,122793
BE,Belgium,FAMHP,Novaquin 15 mg/ml or. susp. 125 ml,Meloxicam,,,3443181,M01AC06,EU/2/15/186/001,Le Vet. (Beheer) B.V.,2026-03-24,2027-03-31,,unavailable,Andere reden,-,2026-09-21T13:13:21.000521,
BE,Belgium,FAMHP,Aripiprazole Mylan Pharma 10 mg tabl. 98,Aripiprazole,,,4148789,N05AX12,EU/1/15/1005/006,Mylan Pharmaceuticals Ltd.,2026-03-20,2026-09-23,,unavailable,Vertraging in de productie,Minstens drie alternatieve verpakkingen beschikbaar,2026-09-21T13:13:21.000529,75248
BE,Belgium,FAMHP,Rosuvastatine Viatris 40 mg filmomh. tabl. 98,Rosuvastatin,,,3641081,C10AA07,BE509297,Viatris GX BV-SRL,2026-03-20,2027-04-12,,unavailable,Andere reden,Minstens drie alternatieve verpakkingen beschikbaar,2026-09-21T13:13:21.000536,201065
BE,Belgium,FAMHP,Visipaque 320 mg I/ml inj. opl. i.thec./i.cavern./i.v./i.arter. flac. 100 ml,Iodixanol ,,,1563758,V08AB09,BE181815,GE Healthcare BV-SRL,2026-03-20,2026-09-25,,unavailable,Vertraging in de productie,Aanpassing van de behandeling mogelijk,2026-09-21T13:13:21.000543,41645
BE,Belgium,FAMHP,Diflucan 2 mg/ml inf. opl. i.v. flac. 200 ml,Fluconazole,,,2409787,J02AC01,BE192945,Pfizer SA-NV,2026-03-18,2026-11-13,,unavailable,Vertraging in de productie,Minstens drie alternatieve verpakkingen beschikbaar,2026-09-21T13:13:21.000551,47171
BE,Belgium,FAMHP,Plerixafor Accord 20 mg/ml inj. opl. s.c. flac. 1.2 ml,Plerixafor ,,,4819587,L03AX16,EU/1/22/1701/001,Accord Healthcare S.L.U.,2026-03-17,2026-11-16,,unavailable,Vertraging in de productie,Eén of twee alternatieve verpakkingen beschikbaar,2026-09-21T13:13:21.000558,131156
BE,Belgium,FAMHP,PG-600 inj. opl. (pdr. + oplosm.) i.m./s.c. flac. 5 dosis + 25 ml,"Human Chorionic Gonadotrophin, Equine serum gonadotrophin",,,0068536,G03GA99,BE-V011733,Intervet International B.V.,2026-03-17,2026-12-31,,unavailable,Andere reden,-,2026-09-21T13:13:21.000566,
BE,Belgium,FAMHP,Phenobarbital Sodium Sterop 100 mg/1 ml inj. opl. i.v. amp. 10 x 1 ml,Phenobarbital Sodium,,,4423760,N03AA02,BE545155,Laboratoires Sterop SA-NV,2026-03-16,2026-09-15,,unavailable,Andere reden,Eén of twee alternatieve verpakkingen beschikbaar,2026-09-21T13:13:21.000574,21547
BE,Belgium,FAMHP,Carvedilol Teva 25 mg tabl. 100,Carvedilol,,,2259240,C07AG02,BE274102,Teva GmbH,2026-03-16,2026-11-09,,unavailable,Vertraging in de productie,Minstens drie alternatieve verpakkingen beschikbaar,2026-09-21T13:13:21.000583,41009
BE,Belgium,FAMHP,Lipitor 80 mg filmomh. tabl. 98,Atorvastatin,,,1720127,C10AA05,BE232933,Viatris Healthcare SA-NV,2026-03-16,2026-10-07,,unavailable,Vertraging in de vrijgave van het eindproduct,Minstens drie alternatieve verpakkingen beschikbaar,2026-09-21T13:13:21.000590,98639
BE,Belgium,FAMHP,Atovaquone/Proguanil Viatris  250 mg - 100 mg filmomh. tabl. 24,"Atovaquone, Proguanil Hydrochloride",,,3184876,P01BB51,BE428145,Viatris GX BV-SRL,2026-03-13,2027-03-31,,unavailable,Andere reden,Minstens drie alternatieve verpakkingen beschikbaar,2026-09-21T13:13:21.000598,54771
BE,Belgium,FAMHP,Natribic 84 mg/ml inf. opl. (conc.) i.v. amp. 100 x 5 ml,Sodium Hydrogen Carbonate,,,2117463,B05XA03,BE095812,Laboratoires Sterop SA-NV,2026-03-12,2026-09-30,,unavailable,Vertraging in de productie,Eén of twee alternatieve verpakkingen beschikbaar,2026-09-21T13:13:21.000612,
BE,Belgium,FAMHP,Dermestril 50 µg transderm. pleister 26 (4 mg),Estradiol,,,1461037,G03CA04,BE171123,Besins Healthcare SA-NV,2026-03-12,2026-09-30,,unavailable,Toegenomen vraag,Invoer door de apotheker mogelijk,2026-09-21T13:13:21.000619,
BE,Belgium,FAMHP,Lokelma 10 g (PI Pharma) or. susp. (pdr.) sachet 30,Sodium Zirconium Cyclosilicate,,,4872958,V03AE10,EU/1/17/1173/004,PI Pharma SA-NV,2026-03-11,2026-10-31,,unavailable,Andere reden,Minstens drie alternatieve verpakkingen beschikbaar,2026-09-21T13:13:21.000627,198498
BE,Belgium,FAMHP,Yuflyma 40 mg (PI Pharma) inj. opl. s.c. voorgev. pen 6 x 0.4 ml,Adalimumab ,,,4954822,L04AB04,EU/1/20/1513/012,PI Pharma SA-NV,2026-03-11,2026-10-30,,unavailable,Andere reden,Minstens drie alternatieve verpakkingen beschikbaar,2026-09-21T13:13:21.000635,129771
BE,Belgium,FAMHP,Carboplatin Accord Healthcare 10 mg/ml inf. opl. (conc.) i.v. flac. 15 ml,Carboplatin,,,2903805,L01XA02,BE340401,Accord Healthcare B.V.,2026-03-10,2026-10-30,,unavailable,Vertraging in de productie,Minstens drie alternatieve verpakkingen beschikbaar,2026-09-21T13:13:21.000642,39993
BE,Belgium,FAMHP,Rosuvastatine Viatris 5 mg filmomh. tabl. 98,Rosuvastatin,,,3677853,C10AA07,BE509235,Viatris GX BV-SRL,2026-03-06,2027-02-22,,unavailable,Andere reden,Minstens drie alternatieve verpakkingen beschikbaar,2026-09-21T13:13:21.000656,201030
BE,Belgium,FAMHP,Giapreza 2.5 mg/ml inf. opl. (conc.) i.v. flac. 10 x 1 ml,Angiotensin II ,,,4733903,C01CX09,EU/1/19/1384/003,Paion Pharma GmbH,2026-03-03,2027-07-14,,unavailable,Werkzaam bestanddeel niet beschikbaar,Aanpassing van de behandeling mogelijk,2026-09-21T13:13:21.000663,209309
BE,Belgium,FAMHP,Gliclazide Sandoz 60 mg tabl. geregul. afgifte 180,Gliclazide,,,3412079,A10BB09,BE488044,Sandoz SA-NV,2026-03-03,2026-10-30,,unavailable,Toegenomen vraag,Minstens drie alternatieve verpakkingen beschikbaar,2026-09-21T13:13:21.000671,141925
BE,Belgium,FAMHP,Doraxx 100 mg/ml inj. opl. i.m./s.c. flac. 100 ml,Tulathromycin,,,4476370,J01FA94,BE-V585395,Dopharma (Research) N.V.,2026-03-01,2027-01-01,,unavailable,Andere reden,-,2026-09-21T13:13:21.000678,
BE,Belgium,FAMHP,Quetiapine Retard Teva 50 mg (PI Pharma) tabl. verl. afgifte 100,Quetiapine ,,,4887220,N05AH04,1637PI0703F003,PI Pharma SA-NV,2026-02-27,2026-11-30,,unavailable,Andere reden,Minstens drie alternatieve verpakkingen beschikbaar,2026-09-21T13:13:21.000686,84182
BE,Belgium,FAMHP,Tracrium 50 mg/5 ml inj. opl. i.v. amp. 5 x 5 ml,Atracurium Besilate,,,0614826,M03AC04,BE132404,Aspen Pharma Trading Ltd.,2026-02-27,2026-12-30,,unavailable,Andere reden,Eén of twee alternatieve verpakkingen beschikbaar,2026-09-21T13:13:21.000693,27359
BE,Belgium,FAMHP,Clopidogrel Viatris 75 mg filmomh. tabl. 90,Clopidogrel ,,,4413977,B01AC04,EU/1/09/568/008,Viatris Ltd.,2026-02-26,2027-01-13,,unavailable,Vertraging in de productie,Minstens drie alternatieve verpakkingen beschikbaar,2026-09-21T13:13:21.000701,124559
BE,Belgium,FAMHP,Amlodipine Besilate Viatris 10 mg tabl. 100,Amlodipine,,,2761179,C08CA01,BE369117,Viatris GX BV-SRL,2026-02-26,2026-12-14,,unavailable,Andere reden,Minstens drie alternatieve verpakkingen beschikbaar,2026-09-21T13:13:21.000709,123323
BE,Belgium,FAMHP,Caninsulin 40 IE/ml inj. susp. i.m./s.c. patr. 10 x 2.7 ml,Insulin Porcine,,,2907327,A10AC03,BE-V404503,Intervet International B.V.,2026-02-25,2026-10-14,,unavailable,Vertraging in de productie,-,2026-09-21T13:13:21.000716,
BE,Belgium,FAMHP,Solifenacine/Tamsulosine Viatris 6 mg - 0.4 mg tabl. geregul. afgifte 90 (90 x 1) UD,"Solifenacin , Tamsulosin ",,,4742508,G04CA53,BE661559,Viatris GX BV-SRL,2026-02-23,2026-12-16,,unavailable,Andere reden,Minstens drie alternatieve verpakkingen beschikbaar,2026-09-21T13:13:21.000724,105724
BE,Belgium,FAMHP,Physio Sterop 18 mg/2 ml parent. oplosm. i.m./i.v./s.c. amp. 100 x 2 ml,Sodium Chloride,,,1220730,,0301S 0122F012,Laboratoires Sterop SA-NV,2026-02-19,2026-09-23,,unavailable,Vertraging in de productie,Minstens drie alternatieve verpakkingen beschikbaar,2026-09-21T13:13:21.000731,
BE,Belgium,FAMHP,Venlafaxin Retard Sandoz 37.5 mg harde caps. verl. afgifte 56,Venlafaxine,,,4264552,N06AX16,BE541102,Sandoz SA-NV,2026-02-19,2026-11-13,,unavailable,Vertraging in de productie,Minstens drie alternatieve verpakkingen beschikbaar,2026-09-21T13:13:21.000739,79197
BE,Belgium,FAMHP,Rosuvastatine Viatris 10 mg filmomh. tabl. 98,Rosuvastatin,,,3641040,C10AA07,BE509253,Viatris GX BV-SRL,2026-02-19,2027-02-22,,unavailable,Vertraging in de productie,Minstens drie alternatieve verpakkingen beschikbaar,2026-09-21T13:13:21.000746,201049
BE,Belgium,FAMHP,Ezetimibe Viatris  10 mg tabl. 100,Ezetimibe,,,3645140,C10AX09,BE467777,Viatris GX BV-SRL,2026-02-13,2026-11-16,,unavailable,Vertraging in de productie,Minstens drie alternatieve verpakkingen beschikbaar,2026-09-21T13:13:21.000754,70645
BE,Belgium,FAMHP,Poulvac MG inj. emuls. i.m./s.c. flac. 1000 doses,Mycoplasma gallisepticum (inactivated),,,1002336,I01AD03,BE-V172724,Zoetis Belgium SA-NV,2026-02-12,2026-11-30,,unavailable,Vertraging in de productie,-,2026-09-21T13:13:21.000762,
BE,Belgium,FAMHP,Lonquex 6 mg/0.6 ml inj. opl. s.c. flac. 6 x 0.6 ml,Lipegfilgrastim,,,4623336,L03AA14,EU/1/13/856/004,Teva B.V.,2026-02-12,2026-09-25,,unavailable,Vertraging in de productie,Eén of twee alternatieve verpakkingen beschikbaar,2026-09-21T13:13:21.000770,221384
BE,Belgium,FAMHP,Naropin 7.5 mg/ml inj. opl. epidur. amp. 5 x 20 ml,Ropivacaine Hydrochloride ,,,1278365,N01BB09,BE177344,Sandoz SA-NV,2026-02-11,2026-10-16,,unavailable,Vertraging in de productie,Invoer door de apotheker mogelijk,2026-09-21T13:13:21.000778,43567
BE,Belgium,FAMHP,Venlafaxine Retard AB 75 mg harde caps. verl. afgifte 56,Venlafaxine,,,2546208,N06AX16,BE319392,Aurobindo SA-NV,2026-02-10,2026-10-31,,unavailable,Andere reden,Minstens drie alternatieve verpakkingen beschikbaar,2026-09-21T13:13:21.000785,47511
BE,Belgium,FAMHP,Wilfactin 1 000 IE/10 ml inj. opl. (pdr. + oplosm.) i.v. flac. 1000 IE + 10 ml,Human Factor von Willebrand ,,,2339612,B02BD10,BE278327,LFB BIOMEDICAMENTS S.A.,2026-02-09,2026-10-12,,unavailable,Vertraging in de productie,Aanpassing van de behandeling mogelijk,2026-09-21T13:13:21.000793,94153
BE,Belgium,FAMHP,Dabigatran Etexilate Viatris 110 mg harde caps. 180,Dabigatran Etexilate ,,,4789525,B01AE07,BE662514,Viatris GX BV-SRL,2026-02-09,2026-11-30,,unavailable,Werkzaam bestanddeel niet beschikbaar,Minstens drie alternatieve verpakkingen beschikbaar,2026-09-21T13:13:21.000800,86991
BE,Belgium,FAMHP,Ixchiq inj. opl. (pdr. + oplosm.) i.m. flac. + voorgev. spuit 1 dosis + 0.5 ml,"Chikungunya Virus, Strain delta5nsP3, Live, Attenuated ",,,4886487,J07BP01,EU/1/24/1828/001,Valneva Austria GmbH,2026-02-01,2028-07-31,,unavailable,Andere reden,Eén of twee alternatieve verpakkingen beschikbaar,2026-09-21T13:13:21.000807,
BE,Belgium,FAMHP,Hibidil 50 mg/100 ml cut. opl. amp. 240 x 15 ml,Chlorhexidine Digluconate,,,0291971,D08AC02,BE118045,Mölnlycke Health Care AB SE AB,2026-02-01,2027-02-01,,unavailable,Andere reden,Aanpassing van de behandeling mogelijk,2026-09-21T13:13:21.000815,
BE,Belgium,FAMHP,Rispoval IBR-Marker Vivum inj. susp. (lyof. + oplosm.) i.m. flac. 10 doses + 20 ml,"Bovine Herpes Virus 1 (live), gE negative",,,2224541,,BE-V171516,Zoetis Belgium SA-NV,2026-01-30,2027-01-30,,unavailable,Vertraging in de productie,-,2026-09-21T13:13:21.000823,
BE,Belgium,FAMHP,Seroquel XR 400 mg (Orifarm) tabl. verl. afgifte 100,Quetiapine ,,,4996518,N05AH04,2444PI0199F003,Orifarm a.s.,2026-01-26,2026-09-30,,unavailable,Andere reden,Minstens drie alternatieve verpakkingen beschikbaar,2026-09-21T13:13:21.000831,84212
BE,Belgium,FAMHP,Valproate Desitin  100 mg/ml inj. opl. i.v. amp. 5 x 10 ml,Sodium Valproate,,,2363588,N03AG01,BE229153,Desitin Arzneimittel GmbH,2026-01-22,2026-09-23,,unavailable,Vertraging in de productie,Eén of twee alternatieve verpakkingen beschikbaar,2026-09-21T13:13:21.000839,
BE,Belgium,FAMHP,Aceclofenac EG 100 mg filmomh. tabl. 60,Aceclofenac,,,3277613,M01AB16,BE468266,EG SA-NV,2026-01-21,2026-10-02,,unavailable,Vertraging in de productie,Minstens drie alternatieve verpakkingen beschikbaar,2026-09-21T13:13:21.000846,49522
BE,Belgium,FAMHP,Rosuvastatine Viatris 20 mg filmomh. tabl. 28,Rosuvastatin,,,3641057,C10AA07,BE509271,Viatris GX BV-SRL,2026-01-20,2027-04-26,,unavailable,Andere reden,Minstens drie alternatieve verpakkingen beschikbaar,2026-09-21T13:13:21.000853,201057
BE,Belgium,FAMHP,Rosuvastatine Viatris 10 mg filmomh. tabl. 28,Rosuvastatin,,,3641032,C10AA07,BE509253,Viatris GX BV-SRL,2026-01-16,2027-02-22,,unavailable,Andere reden,Minstens drie alternatieve verpakkingen beschikbaar,2026-09-21T13:13:21.000861,201049
BE,Belgium,FAMHP,Pravastatine Viatris  20 mg tabl. 28,Pravastatin Sodium,,,2440535,C10AA03,BE373222,Viatris GX BV-SRL,2026-01-16,2027-03-17,,unavailable,Andere reden,Minstens drie alternatieve verpakkingen beschikbaar,2026-09-21T13:13:21.000868,31089
BE,Belgium,FAMHP,Physio Sterop 18 mg/2 ml parent. oplosm. i.m./i.v./s.c. amp. 10 x 2 ml,Sodium Chloride,,,1220722,,0301S 0122F012,Laboratoires Sterop SA-NV,2026-01-14,2026-09-23,,unavailable,Vertraging in de productie,Minstens drie alternatieve verpakkingen beschikbaar,2026-09-21T13:13:21.000876,
BE,Belgium,FAMHP,Atomoxetine Arega  100 mg (Arega Pharma) harde caps. 28,Atomoxetine ,,,4702023,N06BA09,1972PI0006F004,Arega Pharma SA-NV,2026-01-14,2026-12-14,,unavailable,Vertraging in de productie,Invoer door de groothandelaar mogelijk,2026-09-21T13:13:21.000883,105309
BE,Belgium,FAMHP,Omic Ocas 0.4 mg (PI Pharma) tabl. verl. afgifte 90,Tamsulosin Hydrochloride,,,2675304,G04CA02,1637PI0106F003,PI Pharma SA-NV,2026-01-13,2026-10-31,,unavailable,Andere reden,Minstens drie alternatieve verpakkingen beschikbaar,2026-09-21T13:13:21.000891,76236
BE,Belgium,FAMHP,Timabak 0.5 % oogdruppels opl. druppelfl. 5 ml,Timolol,,,1626589,S01ED01,BE207864,Laboratoires Théa ,2026-01-07,2027-02-01,,unavailable,Vertraging in de productie,Eén of twee alternatieve verpakkingen beschikbaar,2026-09-21T13:13:21.000899,214078
BE,Belgium,FAMHP,Euthasol Vet 400 mg/ml inj. opl. i.perit./i.card./i.v. flac. 250 ml,Pentobarbital Sodium,,,3002813,N51AA01,BE-V428872,Dechra Regulatory B.V.,2026-01-06,2027-03-31,,unavailable,Andere reden,-,2026-09-21T13:13:21.000907,
BE,Belgium,FAMHP,Natribic 84 mg/ml inf. opl. (conc.) i.v. flac. 100 ml,Sodium Hydrogen Carbonate,,,2117471,B05XA03,BE254956,Laboratoires Sterop SA-NV,2026-01-01,2030-12-31,,unavailable,Andere reden,Eén of twee alternatieve verpakkingen beschikbaar,2026-09-21T13:13:21.000915,
BE,Belgium,FAMHP,Sporténine kauwtabl. 22,"Zincum Oxydatum 3 CH, Sarcolacticum Acidum 3 CH, Arnica Montana 9 CH",,,2247823,,HO-BE518355,Boiron ,2026-01-01,2026-12-31,,unavailable,Vertraging in de productie,Aanpassing van de behandeling mogelijk (niet-levensnoodzakelijk geneesmiddel),2026-09-21T13:13:21.000923,
BE,Belgium,FAMHP,Fasenra 30 mg (Orifarm) inj. opl. s.c. voorgev. pen 1 ml,Benralizumab,,,4996369,R03DX10,EU/1/17/1252/002,Orifarm a.s.,2026-01-01,2026-09-30,,unavailable,Andere reden,Minstens drie alternatieve verpakkingen beschikbaar,2026-09-21T13:13:21.000936,198714
BE,Belgium,FAMHP,Duloxetine Viatris 60 mg harde maagsapresist. caps. 98 (2 x 49),Duloxetine ,,,3299005,N06AX21,EU/1/15/1010/054,Viatris Ltd.,2026-01-01,2027-03-25,,unavailable,Andere reden,Minstens drie alternatieve verpakkingen beschikbaar,2026-09-21T13:13:21.000943,79065
BE,Belgium,FAMHP,Duloxetine Viatris 30 mg harde maagsapresist. caps. 98 (2 x 49),Duloxetine ,,,3298981,N06AX21,EU/1/15/1010/048,Viatris Ltd.,2026-01-01,2027-03-25,,unavailable,Andere reden,Minstens drie alternatieve verpakkingen beschikbaar,2026-09-21T13:13:21.000951,79057
BE,Belgium,FAMHP,Duloxetine Viatris 60 mg harde maagsapresist. caps. 28 (28 x 1) UD,Duloxetine ,,,3298999,N06AX21,EU/1/15/1010/051,Viatris Ltd.,2026-01-01,2027-03-25,,unavailable,Andere reden,Minstens drie alternatieve verpakkingen beschikbaar,2026-09-21T13:13:21.000958,79065
BE,Belgium,FAMHP,Duloxetine Viatris 30 mg harde maagsapresist. caps. 28 (28 x 1) UD,Duloxetine ,,,3298973,N06AX21,EU/1/15/1010/045,Viatris Ltd.,2026-01-01,2027-03-25,,unavailable,Andere reden,Minstens drie alternatieve verpakkingen beschikbaar,2026-09-21T13:13:21.000965,79057
BE,Belgium,FAMHP,Invokana 300 mg (Abacus Medicine) filmomh. tabl. 90,Canagliflozin ,,,4586798,A10BK02,EU/1/13/884/007,Abacus Medicine a.s.,2026-01-01,2026-12-31,,unavailable,Andere reden,Eén of twee alternatieve verpakkingen beschikbaar,2026-09-21T13:13:21.000973,115401
BE,Belgium,FAMHP,Budesonide Teva 0.5 mg/ml vernevelsusp. amp. 60 x 2 ml,Budesonide ,,,3116316,R03BA02,BE445840,Teva GmbH,2025-12-31,2026-11-23,,unavailable,Vertraging in de productie,Minstens drie alternatieve verpakkingen beschikbaar,2026-09-21T13:13:21.000981,35424
BE,Belgium,FAMHP,Bupredine Multidose 0.3 mg/ml inj. opl. i.m./i.v. flac. 10 ml,Buprenorphine,,,3443249,N02AE01,BE-V480444,Le Vet. (Beheer) B.V.,2025-12-31,2027-03-31,,unavailable,Andere reden,-,2026-09-21T13:13:21.000989,
BE,Belgium,FAMHP,Ganirelix Gedeon Richter 0.25 mg/0.5 ml inj. opl. s.c. voorgev. spuit 6 x 0.5 ml,Ganirelix,,,4581096,H01CC01,EU/1/22/1658/002,Gedeon Richter Plc,2025-12-22,2026-10-02,,unavailable,Vertraging in de productie,Minstens drie alternatieve verpakkingen beschikbaar,2026-09-21T13:13:21.000996,59048
BE,Belgium,FAMHP,Aldara 5 % (Abacus Medicine) crème sachet 12 x 250 mg,Imiquimod,,,4640140,D06BB10,EU/1/98/080/001,Abacus Medicine a.s.,2025-12-22,2027-06-21,,unavailable,Andere reden,Aanpassing van de behandeling mogelijk,2026-09-21T13:13:21.001004,55050
BE,Belgium,FAMHP,Sitagliptine Krka 25 mg filmomh. tabl. 98,Sitagliptin,,,4512299,A10BH01,BE553431,KRKA d.d. Novo mesto d.d.,2025-12-19,2026-11-09,,unavailable,Vertraging in de productie,Minstens drie alternatieve verpakkingen beschikbaar,2026-09-21T13:13:21.001011,218103
BE,Belgium,FAMHP,Takrozem 0.1 % zalf 30 g,Tacrolimus,,,3926524,D11AH01,BE521502,Pierre Fabre Médicament ,2025-12-18,2026-11-30,,unavailable,Vertraging in de productie,Eén of twee alternatieve verpakkingen beschikbaar,2026-09-21T13:13:21.001019,67652
BE,Belgium,FAMHP,Takrozem 0.1 % zalf 60 g,Tacrolimus,,,3926532,D11AH01,BE521502,Pierre Fabre Médicament ,2025-12-18,2026-11-02,,unavailable,Vertraging in de productie,Eén of twee alternatieve verpakkingen beschikbaar,2026-09-21T13:13:21.001026,67652
BE,Belgium,FAMHP,Sertraline EG 100 mg (PI Pharma) filmomh. tabl. 100,Sertraline Hydrochloride,,,3716156,N06AB06,1637PI0474F003,PI Pharma SA-NV,2025-12-17,2026-11-30,,unavailable,Andere reden,Minstens drie alternatieve verpakkingen beschikbaar,2026-09-21T13:13:21.001034,39411
BE,Belgium,FAMHP,Emdocam 15 mg/ml or. susp. 336 ml,Meloxicam,,,4369344,M01AC06,EU/2/11/128/010,Emdoka ,2025-12-17,2026-10-31,,unavailable,Vertraging in de productie,-,2026-09-21T13:13:21.001041,
BE,Belgium,FAMHP,Profender middelgrote katten spot-on opl. verp. eenmalig gebr. 20 x 0.7 ml,"Emodepside, Praziquantel",,,2679157,P52AA51,EU/2/05/054/009,Vétoquinol S.A.,2025-12-16,2026-10-05,,unavailable,Vertraging in de productie,-,2026-09-21T13:13:21.001049,
BE,Belgium,FAMHP,Felpreva 36.22 mg - 7.53 mg - 30.12 mg spot-on opl. spot-on applic. 10 x 0.37 ml,"Tigolaner, Emodepside, Praziquantel",,,4501037,P52AA51,EU/2/21/277/003,Vétoquinol S.A.,2025-12-16,2026-11-06,,unavailable,Vertraging in de productie,-,2026-09-21T13:13:21.001056,
BE,Belgium,FAMHP,Oestrogel 0.06 % gel 80 g,Estradiol,,,0062935,G03CA03,BE111544,Besins Healthcare SA-NV,2025-12-13,2026-09-18,,unavailable,Vertraging in de productie,Eén of twee alternatieve verpakkingen beschikbaar,2026-09-21T13:13:21.001064,200441
BE,Belgium,FAMHP,Dicloabak 1 mg/ml 0.1 % oogdruppels opl. druppelfl. 10 ml,Diclofenac Sodium,,,2444974,S01BC03,BE291225,Laboratoires Théa ,2025-12-11,2027-02-01,,unavailable,Vertraging in de productie,Aanpassing van de behandeling mogelijk,2026-09-21T13:13:21.001072,219789
BE,Belgium,FAMHP,Midazolam Kalceks 1 mg/ml inj./inf. opl. i.m./i.v. amp. 10 x 5 ml,Midazolam,,,4770566,N05CD08,BE589626,Kalceks a.s.,2025-12-08,2026-09-24,,unavailable,Vertraging in de productie,Minstens drie alternatieve verpakkingen beschikbaar,2026-09-21T13:13:21.001080,93629
BE,Belgium,FAMHP,Novaquin 15 mg/ml or. susp. 336 ml,Meloxicam,,,3443199,M01AC06,EU/2/15/186/002,Le Vet. (Beheer) B.V.,2025-12-08,2027-03-31,,unavailable,Andere reden,-,2026-09-21T13:13:21.001089,
BE,Belgium,FAMHP,Risperidone Teva 37.5 mg inj. susp. verl. afgifte (pdr. + oplosm.) i.m. flac. + voorgev. spuit 37.5 mg + 2 ml,Risperidone,,,4516779,N05AX08,BE574933,Teva GmbH,2025-12-05,2027-05-05,,unavailable,Vertraging in de productie,Eén of twee alternatieve verpakkingen beschikbaar,2026-09-21T13:13:21.001097,68276
BE,Belgium,FAMHP,Prostin E2 0.5 mg tabl. 10,Dinoprostone,,,0883926,G02AD02,BE111282,Pfizer SA-NV,2025-12-05,2026-11-13,,unavailable,Werkzaam bestanddeel niet beschikbaar,Aanpassing van de behandeling mogelijk,2026-09-21T13:13:21.001105,
BE,Belgium,FAMHP,Aripiprazole Mylan Pharma 15 mg tabl. 28 (28 x 1) UD,Aripiprazole,,,4148797,N05AX12,EU/1/15/1005/017,Mylan Pharmaceuticals Ltd.,2025-12-01,2026-10-14,,unavailable,Andere reden,Minstens drie alternatieve verpakkingen beschikbaar,2026-09-21T13:13:21.001112,75256
BE,Belgium,FAMHP,Meloxoral 0.5 mg/ml or. susp. 25 ml,Meloxicam,,,2951507,M01AC06,EU/2/10/111/004,Dechra Regulatory B.V.,2025-11-27,2027-03-31,,unavailable,Andere reden,-,2026-09-21T13:13:21.001120,
BE,Belgium,FAMHP,Ezetimibe/Simvastatine Viatris 10 mg - 20 mg tabl. 98,"Ezetimibe, Simvastatin",,,3733250,C10BA02,BE474355,Viatris GX BV-SRL,2025-11-26,2026-12-14,,unavailable,Andere reden,Minstens drie alternatieve verpakkingen beschikbaar,2026-09-21T13:13:21.001128,77038
BE,Belgium,FAMHP,Rosuvastatine Viatris 10 mg filmomh. tabl. 90,Rosuvastatin,,,3641214,C10AA07,BE440842,Viatris GX BV-SRL,2025-11-26,2027-03-08,,unavailable,Vertraging in de productie,Minstens drie alternatieve verpakkingen beschikbaar,2026-09-21T13:13:21.001136,201049
BE,Belgium,FAMHP,Bupropion Teva 300 mg tabl. geregul. afgifte 30,Bupropion Hydrochloride,,,4135737,N06AX12,BE548355,Teva B.V.,2025-11-25,2026-11-09,,unavailable,Vertraging in de productie,Minstens drie alternatieve verpakkingen beschikbaar,2026-09-21T13:13:21.001144,82899
BE,Belgium,FAMHP,"Xerava 100 mg inf. opl. (pdr., conc.) i.v. flac. 10 x 100 mg",Eravacycline,,,4733895,J01AA13,EU/1/18/1312/005,Paion Pharma GmbH,2025-11-24,2027-07-12,,unavailable,Andere reden,Invoer door de apotheker mogelijk,2026-09-21T13:13:21.001152,210730
BE,Belgium,FAMHP,Rivaroxaban Sandoz 2.5 mg filmomh. tabl. 196,Rivaroxaban,,,4764858,B01AF01,BE577066,Sandoz SA-NV,2025-11-19,2026-12-28,,unavailable,Vertraging in de productie,Minstens drie alternatieve verpakkingen beschikbaar,2026-09-21T13:13:21.001288,117250
BE,Belgium,FAMHP,Diltiazem Retard EG 300 mg harde caps. verl. afgifte 100,Diltiazem Hydrochloride,,,3075843,C08DB01,BE437744,EG SA-NV,2025-11-17,2027-01-11,,unavailable,Andere reden,Eén of twee alternatieve verpakkingen beschikbaar,2026-09-21T13:13:21.001321,40452
BE,Belgium,FAMHP,Diltiazem Retard EG 200 mg harde caps. verl. afgifte 100,Diltiazem Hydrochloride,,,3075827,C08DB01,BE437735,EG SA-NV,2025-11-17,2027-01-11,,unavailable,Andere reden,Aanpassing van de behandeling mogelijk,2026-09-21T13:13:21.001333,40444
BE,Belgium,FAMHP,Prostin E2 3 mg vagin. tabl. 4,Dinoprostone,,,0131136,G02AD02,BE135457,Pfizer SA-NV,2025-11-12,2026-11-13,,unavailable,Hulpstof niet beschikbaar,Aanpassing van de behandeling mogelijk,2026-09-21T13:13:21.001342,
BE,Belgium,FAMHP,RenuTend inj. susp. i.laes. flac. 1 dosis (1 ml),"Tesrivetcel, Tenogenic primed equine allogeneic peripheral blood-derived mesenchymal stem cells (tpMSCs) ",,,4571360,M09AX90,EU/2/22/282/001,Boehringer Ingelheim Vetmedica GmbH,2025-11-06,2027-03-31,,unavailable,Andere reden,-,2026-09-21T13:13:21.001351,
BE,Belgium,FAMHP,Kenacort-A 10 10 mg/ml inj. susp. i.derm./i.artic. flac. 5 ml,Triamcinolone Acetonide,,,0117093,H02AB08,BE049156,Bristol-Myers Squibb Belgium SA-NV,2025-11-06,2027-04-30,,unavailable,Vertraging in de productie,Aanpassing van de behandeling mogelijk,2026-09-21T13:13:21.001359,73148
BE,Belgium,FAMHP,Clopidogrel Viatris 75 mg filmomh. tabl. 30,Clopidogrel ,,,4413969,B01AC04,EU/1/09/568/004,Viatris Ltd.,2025-11-06,2026-12-23,,unavailable,Toegenomen vraag,Minstens drie alternatieve verpakkingen beschikbaar,2026-09-21T13:13:21.001367,124559
BE,Belgium,FAMHP,Aqua Sterop 2 ml parent. oplosm. i.m./i.v./s.c. amp. 100 x 2 ml,Water for Injection,,,1846252,,BE232504,Laboratoires Sterop SA-NV,2025-11-06,2030-12-31,,unavailable,Vertraging in de productie,Minstens drie alternatieve verpakkingen beschikbaar,2026-09-21T13:13:21.001376,
BE,Belgium,FAMHP,Isaderm Vet 5 mg/g - 1 mg/g gel 15 g,"Betamethasone, Fusidic Acid",,,3166998,D07CC01,BE-V458880,Dechra Veterinary Products A/S,2025-11-03,2026-10-01,,unavailable,Vertraging in de productie,-,2026-09-21T13:13:21.001388,
BE,Belgium,FAMHP,Arti-Cell Forte inj. susp. i.artic. flac. 1 ml + 1 ml,Chondrogenic induced equine allogeneic peripheral blood-derived mesenchymal stem cells,,,3956208,M09AX90,EU/2/18/228/001,Boehringer Ingelheim Vetmedica GmbH,2025-11-03,2027-03-31,,unavailable,Andere reden,-,2026-09-21T13:13:21.001396,
BE,Belgium,FAMHP,Nimbex 2 mg/ml inj./inf. opl. i.v. amp. 5 x 10 ml,Cisatracurium,,,1260157,M03AC11,BE174711,Aspen Pharma Trading Ltd.,2025-11-03,2026-12-31,,unavailable,Andere reden,Eén of twee alternatieve verpakkingen beschikbaar,2026-09-21T13:13:21.001404,43729
BE,Belgium,FAMHP,Omnitrope 5 mg/1.5 ml (Abacus Medicine) inj. opl. s.c. patr. 5 x 1.5 ml SurePal 5,Somatropin,,,4166856,H01AC01,EU/1/06/332/014,Abacus Medicine a.s.,2025-10-30,2026-11-02,,unavailable,Andere reden,Minstens drie alternatieve verpakkingen beschikbaar,2026-09-21T13:13:21.001412,53090
BE,Belgium,FAMHP,Omnitrope 5 mg/1.5 ml (Abacus Medicine) inj. opl. s.c. patr. 10 x 1.5 ml SurePal 5,Somatropin,,,4166864,H01AC01,EU/1/06/332/015,Abacus Medicine a.s.,2025-10-30,2026-11-02,,unavailable,Andere reden,Minstens drie alternatieve verpakkingen beschikbaar,2026-09-21T13:13:21.001420,53090
BE,Belgium,FAMHP,Omnitrope 10 mg/1.5 ml (Abacus Medicine) inj. opl. s.c. patr. 10 x 1.5 ml SurePal 10,Somatropin,,,4165510,H01AC01,EU/1/06/332/018,Abacus Medicine a.s.,2025-10-30,2026-11-02,,unavailable,Andere reden,Minstens drie alternatieve verpakkingen beschikbaar,2026-09-21T13:13:21.001428,53104
BE,Belgium,FAMHP,Cosacthen 0.25 mg/ml inj. opl. i.m./i.v. flac. 1 ml,Tetracosactide,,,4227070,H01AA02,BE-V557920,Dechra Regulatory B.V.,2025-10-28,2026-10-02,,unavailable,Vertraging in de productie,-,2026-09-21T13:13:21.001436,2216
BE,Belgium,FAMHP,Quetiapine Retard Teva 50 mg (Orifarm) tabl. verl. afgifte 100,Quetiapine ,,,4799664,N05AH04,2444PI0109F003,Orifarm a.s.,2025-10-27,2026-09-30,,unavailable,Andere reden,Minstens drie alternatieve verpakkingen beschikbaar,2026-09-21T13:13:21.001444,84182
BE,Belgium,FAMHP,Aqua Sterop 50 ml parent. oplosm. i.v. flac. 50 ml,Water for Injection,,,0862243,,BE103311,Laboratoires Sterop SA-NV,2025-10-23,2026-12-31,,unavailable,Andere reden,Minstens drie alternatieve verpakkingen beschikbaar,2026-09-21T13:13:21.001451,
BE,Belgium,FAMHP,Ezetimibe/Simvastatine Viatris 10 mg - 40 mg tabl. 98,"Simvastatin, Ezetimibe",,,3733243,C10BA02,BE474373,Viatris GX BV-SRL,2025-10-21,2027-02-22,,unavailable,Andere reden,Minstens drie alternatieve verpakkingen beschikbaar,2026-09-21T13:13:21.001459,77046
BE,Belgium,FAMHP,Meloxoral 1.5 mg/ml or. susp. 125 ml,Meloxicam,,,2951549,M01AC06,EU/2/10/111/003,Dechra Regulatory B.V.,2025-10-20,2027-03-31,,unavailable,Andere reden,-,2026-09-21T13:13:21.001467,
BE,Belgium,FAMHP,Nimbex 2 mg/ml inj./inf. opl. i.v. amp. 5 x 5 ml,Cisatracurium,,,1260140,M03AC11,BE174727,Aspen Pharma Trading Ltd.,2025-10-20,2026-12-31,,unavailable,Andere reden,Eén of twee alternatieve verpakkingen beschikbaar,2026-09-21T13:13:21.001474,46337
BE,Belgium,FAMHP,Meloxoral 0.5 mg/ml or. susp. 5 ml,Meloxicam,,,2951481,M01AC06,EU/2/10/111/007,Dechra Regulatory B.V.,2025-10-19,2027-03-31,,unavailable,Andere reden,-,2026-09-21T13:13:21.001482,
BE,Belgium,FAMHP,Florgane 300 mg/ml inj. susp. i.m. flac. 250 ml,Florfenicol,,,2725166,J01BA90,BE-V371786,Emdoka ,2025-10-17,2027-01-01,,unavailable,Terugroeping,-,2026-09-21T13:13:21.001490,
BE,Belgium,FAMHP,Aclasta 5 mg/100 ml (Abacus Medicine) inf. opl. i.v. flac. 100 ml,Zoledronic Acid ,,,4132213,M05BA08,EU/1/05/308/001,Abacus Medicine a.s.,2025-10-10,2026-12-31,,unavailable,Andere reden,Minstens drie alternatieve verpakkingen beschikbaar,2026-09-21T13:13:21.001501,79790
BE,Belgium,FAMHP,Efavirenz/Emtricitabine/Tenofovir Disoproxil Mylan 600 mg - 200 mg - 245 mg (Abacus Medicine) filmomh. tabl. 90 (3 x 30),"Efavirenz, Emtricitabine, Tenofovir Disoproxil ",,,4204434,J05AR06,EU/1/17/1222/002,Abacus Medicine a.s.,2025-10-10,2026-10-31,,unavailable,Andere reden,Eén of twee alternatieve verpakkingen beschikbaar,2026-09-21T13:13:21.001509,146544
BE,Belgium,FAMHP,Efavirenz/Emtricitabine/Tenofovir Disoproxil Mylan 600 mg - 200 mg - 245 mg (Abacus Medicine) filmomh. tabl. 30,"Efavirenz, Emtricitabine, Tenofovir Disoproxil ",,,4204426,J05AR06,EU/1/17/1222/001,Abacus Medicine a.s.,2025-10-10,2026-10-31,,unavailable,Andere reden,Eén of twee alternatieve verpakkingen beschikbaar,2026-09-21T13:13:21.001517,146544
BE,Belgium,FAMHP,Efavirenz/Emtricitabine/Tenofovir Disoproxil Krka 600 mg - 200 mg - 245 mg (Abacus Medicine) filmomh. tabl. 30,"Efavirenz, Emtricitabine, Tenofovir Disoproxil ",,,4204475,J05AR06,EU/1/17/1263/001,Abacus Medicine a.s.,2025-10-10,2026-10-31,,unavailable,Andere reden,Eén of twee alternatieve verpakkingen beschikbaar,2026-09-21T13:13:21.001525,146544
BE,Belgium,FAMHP,NeoRecormon 5 000 IE (Abacus Medicine) inj. opl. s.c./i.v. voorgev. spuit 6 x 0.3 ml,Epoetin Beta,,,4577771,B03XA01,EU/1/97/031/034,Abacus Medicine a.s.,2025-10-10,2026-12-31,,unavailable,Andere reden,Aanpassing van de behandeling mogelijk,2026-09-21T13:13:21.001534,60356
BE,Belgium,FAMHP,NeoRecormon 10 000 IE (Abacus Medicine) inj. opl. s.c./i.v. voorgev. spuit 6 x 0.6 ml,Epoetin Beta,,,4680054,B03XA01,EU/1/97/031/036,Abacus Medicine a.s.,2025-10-10,2026-12-31,,unavailable,Andere reden,Eén of twee alternatieve verpakkingen beschikbaar,2026-09-21T13:13:21.001542,60372
BE,Belgium,FAMHP,Nimatek 100 mg/ml inj. opl. i.m./i.v./s.c. flac. 10 ml,Ketamine,,,3120060,N01AX03,BE-V439546,Dechra Regulatory B.V.,2025-10-09,2027-03-31,,unavailable,Andere reden,-,2026-09-21T13:13:21.001550,143553
BE,Belgium,FAMHP,Fibclot 1.5 g inj./inf. opl. (pdr. + oplosm.) i.v. flac. 1.5 g + 100 ml,Human Fibrinogen ,,,3613163,B02BB01,BE489955,Laboratoire français du Fractionnement et des Biotechnologies S.A.,2025-10-09,2027-01-31,,unavailable,Vertraging in de productie,Andere maatregelen op basis van aanbevelingen van experten,2026-09-21T13:13:21.001559,229229
BE,Belgium,FAMHP,Xanax Retard 1 mg (Impexeco) tabl. verl. afgifte 30,Alprazolam,,,2868941,N05BA12,1549PI0355F003,Impexeco SA-NV,2025-10-08,2026-11-30,,unavailable,Andere reden,Minstens drie alternatieve verpakkingen beschikbaar,2026-09-21T13:13:21.001566,49603
BE,Belgium,FAMHP,Xanax Retard 0.5 mg (Impexeco) tabl. verl. afgifte 30,Alprazolam,,,2868933,N05BA12,1549PI0354F003,Impexeco SA-NV,2025-10-08,2026-11-30,,unavailable,Andere reden,Minstens drie alternatieve verpakkingen beschikbaar,2026-09-21T13:13:21.001574,49581
BE,Belgium,FAMHP,Risperidone Teva 25 mg inj. susp. verl. afgifte (pdr. + oplosm.) i.m. flac. + voorgev. spuit 25 mg + 2 ml,Risperidone,,,4516787,N05AX08,BE574924,Teva GmbH,2025-10-03,2027-05-05,,unavailable,Vertraging in de productie,Eén of twee alternatieve verpakkingen beschikbaar,2026-09-21T13:13:21.001581,68268
BE,Belgium,FAMHP,Proxylaz 20 mg/ml inj. opl. i.m./i.v./s.c. flac. 25 ml,Xylazine,,,1203199,N05CM92,BE-V166591,Prodivet Pharmaceuticals SA-NV,2025-10-01,2027-08-31,,unavailable,Vertraging in de productie,-,2026-09-21T13:13:21.001589,
BE,Belgium,FAMHP,Proxylaz 20 mg/ml inj. opl. i.m./i.v./s.c. flac. 50 ml,Xylazine,,,1519370,N05CM92,BE-V166591,Prodivet Pharmaceuticals SA-NV,2025-10-01,2027-08-31,,unavailable,Vertraging in de productie,-,2026-09-21T13:13:21.001597,
BE,Belgium,FAMHP,Physio Sterop 450 mg/50 ml parent. oplosm. i.v. flac. 50 ml,Sodium Chloride,,,0862326,,0301S 0099F012,Laboratoires Sterop SA-NV,2025-09-29,2030-12-31,,unavailable,Andere reden,Minstens drie alternatieve verpakkingen beschikbaar,2026-09-21T13:13:21.001605,
BE,Belgium,FAMHP,Vetivex Ringer Lactate inf. opl. i.v. 2 x 5000 ml,"Potassium Chloride, Sodium Chloride, Sodium Lactate, Calcium Chloride ",,,3772910,B05BB01,BE-V442032,Dechra Regulatory B.V.,2025-09-29,2026-09-18,,unavailable,Vertraging in de productie,-,2026-09-21T13:13:21.001613,
BE,Belgium,FAMHP,Procaine HCl Sterop 4% 80 mg/2 ml inj. opl. i.m./s.c. amp. 3 x 2 ml,Procaine Hydrochloride,,,1847680,N01BA02,BE469457,Laboratoires Sterop SA-NV,2025-09-24,2030-01-01,,unavailable,Andere reden,Minstens drie alternatieve verpakkingen beschikbaar,2026-09-21T13:13:21.001621,
BE,Belgium,FAMHP,Ophtocycline 10 mg/g oogzalf 5 g,Chlortetracycline,,,3787066,S01AA02,BE-V515102,Dechra Regulatory B.V.,2025-09-23,2027-03-31,,unavailable,Terugroeping,-,2026-09-21T13:13:21.001629,
BE,Belgium,FAMHP,Scintimun 1 mg kit voor radiofarm. prep. i.v. flac. 2 x 1 mg + 2 x 3 mg,Besilesomab,,,4834446,V09HA03,EU/1/09/602/002,Telix Innovations SA-NV,2025-09-17,2028-06-26,,unavailable,Werkzaam bestanddeel niet beschikbaar,Aanpassing van de behandeling mogelijk,2026-09-21T13:13:21.001636,
BE,Belgium,FAMHP,Quetiapine AB 50 mg tabl. verl. afgifte 60,Quetiapine ,,,4653614,N05AH04,BE660788,Aurobindo SA-NV,2025-09-16,2026-11-15,,unavailable,Andere reden,Minstens drie alternatieve verpakkingen beschikbaar,2026-09-21T13:13:21.001643,84182
BE,Belgium,FAMHP,Physio Sterop 900 mg/100 ml parent. oplosm. i.v. flac. 100 ml,Sodium Chloride,,,0862334,,0301S 0094F012,Laboratoires Sterop SA-NV,2025-09-03,2030-12-31,,unavailable,Andere reden,Minstens drie alternatieve verpakkingen beschikbaar,2026-09-21T13:13:21.001652,
BE,Belgium,FAMHP,Aripiprazole Mylan Pharma 15 mg tabl. 98,Aripiprazole,,,4148805,N05AX12,EU/1/15/1005/009,Mylan Pharmaceuticals Ltd.,2025-09-01,2026-10-14,,unavailable,Vertraging in de productie,Minstens drie alternatieve verpakkingen beschikbaar,2026-09-21T13:13:21.001660,75256
BE,Belgium,FAMHP,Finadyne 50 mg/ml inj. opl. i.m./i.v. flac. 100 ml,Flunixin,,,1478692,M01AG90,BE-V122507,Intervet International B.V.,2025-08-27,2026-12-30,,unavailable,Andere reden,-,2026-09-21T13:13:21.001667,
BE,Belgium,FAMHP,Moxifloxacine Teva 400 mg filmomh. tabl. 7,Moxifloxacin,,,3094026,J01MA14,BE429466,Teva GmbH,2025-08-20,2027-04-12,,unavailable,Vertraging in de productie,Minstens drie alternatieve verpakkingen beschikbaar,2026-09-21T13:13:21.001675,67628
BE,Belgium,FAMHP,Emtricitabine/Tenofovir Disoproxil Mylan 200 mg - 245 mg (Orifarm) filmomh. tabl. 90 (3 x 30),"Emtricitabine, Tenofovir Disoproxil ",,,4917860,J05AR03,EU/1/16/1133/002,Orifarm a.s.,2025-08-11,2026-12-31,,unavailable,Andere reden,Minstens drie alternatieve verpakkingen beschikbaar,2026-09-21T13:13:21.001684,146560
BE,Belgium,FAMHP,Hibidil 50 mg/100 ml cut. opl. amp. 10 x 15 ml,Chlorhexidine Digluconate,,,1204973,D08AC02,BE118045,Mölnlycke Health Care AB SE AB,2025-08-01,2027-02-01,,unavailable,Andere reden,Aanpassing van de behandeling mogelijk,2026-09-21T13:13:21.001692,
BE,Belgium,FAMHP,Hibidil 50 mg/100 ml cut. opl. amp. 8 x 50 ml,Chlorhexidine Digluconate,,,1204999,D08AC02,BE118045,Mölnlycke Health Care AB SE AB,2025-08-01,2027-02-01,,unavailable,Andere reden,Aanpassing van de behandeling mogelijk,2026-09-21T13:13:21.001700,
BE,Belgium,FAMHP,Hibidil 50 mg/100 ml cut. opl. amp. 120 x 50 ml,Chlorhexidine Digluconate,,,1160597,D08AC02,BE118045,Mölnlycke Health Care AB SE AB,2025-08-01,2027-02-01,,unavailable,Andere reden,Aanpassing van de behandeling mogelijk,2026-09-21T13:13:21.001707,
BE,Belgium,FAMHP,Avipro Salmonella Vac E 10 x 5000 doses,"Salmonella enteritidis (live, attenuated)",,,2611945,I01AE01,BE-V232985,Elanco GmbH,2025-08-01,2027-05-31,,unavailable,Andere reden,-,2026-09-21T13:13:21.001715,
BE,Belgium,FAMHP,Venlafaxine Retard AB 75 mg harde caps. verl. afgifte 28,Venlafaxine,,,2546224,N06AX16,BE319392,Aurobindo SA-NV,2025-07-30,2026-10-31,,unavailable,Andere reden,Minstens drie alternatieve verpakkingen beschikbaar,2026-09-21T13:13:21.001722,47511
BE,Belgium,FAMHP,Venlafaxine Retard AB 150 mg harde caps. verl. afgifte 56,Venlafaxine,,,2546257,N06AX16,BE319401,Aurobindo SA-NV,2025-07-30,2026-09-30,,unavailable,Andere reden,Minstens drie alternatieve verpakkingen beschikbaar,2026-09-21T13:13:21.001730,47538
BE,Belgium,FAMHP,Zolmitriptan ODIS Viatris 2.5 mg orodisp. tabl. 6,Zolmitriptan,,,2893709,N02CC03,BE393845,Viatris GX BV-SRL,2025-07-21,2027-03-10,,unavailable,Andere reden,Aanpassing van de behandeling mogelijk,2026-09-21T13:13:21.001737,55727
BE,Belgium,FAMHP,Gemcitabine Accord Healthcare 100 mg/ml inf. opl. (conc.) i.v. flac. 15 ml,Gemcitabine,,,3018256,L01BC05,BE422922,Accord Healthcare B.V.,2025-07-17,2026-12-30,,unavailable,Vertraging in de productie,Minstens drie alternatieve verpakkingen beschikbaar,2026-09-21T13:13:21.001745,101753
BE,Belgium,FAMHP,Zolmitriptan ODIS Viatris 2.5 mg orodisp. tabl. 48,Zolmitriptan,,,4235529,N02CC03,BE393845,Viatris GX BV-SRL,2025-07-09,2027-03-10,,unavailable,Andere reden,Aanpassing van de behandeling mogelijk,2026-09-21T13:13:21.001752,55727
BE,Belgium,FAMHP,Filiop 40 µg/ml - 5 mg/ml oogdruppels opl. druppelfl. 3 x 2.5 ml,"Timolol, Travoprost",,,4273918,S01ED51,BE522026,Horus Pharma S.A.S.,2025-07-07,2026-12-31,,unavailable,Andere reden,Aanpassing van de behandeling mogelijk,2026-09-21T13:13:21.001762,212253
BE,Belgium,FAMHP,Zolmitriptan ODIS Viatris 2.5 mg orodisp. tabl. 24,Zolmitriptan,,,3412145,N02CC03,BE393845,Viatris GX BV-SRL,2025-07-04,2027-03-10,,unavailable,Andere reden,Aanpassing van de behandeling mogelijk,2026-09-21T13:13:21.001770,55727
BE,Belgium,FAMHP,Atomoxetine Arega  40 mg (Arega Pharma) harde caps. 28,Atomoxetine ,,,4701991,N06BA09,1972PI0003F004,Arega Pharma SA-NV,2025-07-03,2026-10-12,,unavailable,Vertraging in de productie,Invoer door de apotheker mogelijk,2026-09-21T13:13:21.001779,76732
BE,Belgium,FAMHP,Meloxoral 1.5 mg/ml or. susp. 50 ml,Meloxicam,,,2951531,M01AC06,EU/2/10/111/002,Dechra Regulatory B.V.,2025-07-01,2027-03-31,,unavailable,Vertraging in de productie,-,2026-09-21T13:13:21.001787,
BE,Belgium,FAMHP,Felodipine EG Retard 5 mg tabl. verl. afgifte 100,Felodipine,,,3907920,C08CA02,BE238061,EG SA-NV,2025-06-12,2026-09-28,,unavailable,Vertraging in de productie,Aanpassing van de behandeling mogelijk,2026-09-21T13:13:21.001794,
BE,Belgium,FAMHP,Alendronate Viatris 70 mg tabl. 12,Alendronic Acid,,,2456572,M05BA04,BE284042,Viatris GX BV-SRL,2025-06-11,2026-11-23,,unavailable,Vertraging in de productie,Minstens drie alternatieve verpakkingen beschikbaar,2026-09-21T13:13:21.001802,122416
BE,Belgium,FAMHP,Moxifloxacine Teva 400 mg filmomh. tabl. 14,Moxifloxacin,,,3094034,J01MA14,BE429466,Teva GmbH,2025-06-04,2027-04-12,,unavailable,Vertraging in de productie,Minstens drie alternatieve verpakkingen beschikbaar,2026-09-21T13:13:21.001809,67628
BE,Belgium,FAMHP,Zelitrex 500 mg filmomh. tabl. 42,Valaciclovir,,,1253848,J05AB11,BE181036,GlaxoSmithKline Pharmaceuticals SA-NV,2025-05-26,2026-12-31,,unavailable,Andere reden,Eén of twee alternatieve verpakkingen beschikbaar,2026-09-21T13:13:21.001817,42080
BE,Belgium,FAMHP,Zolmitriptan ODIS Viatris 2.5 mg orodisp. tabl. 12,Zolmitriptan,,,2893717,N02CC03,BE393845,Viatris GX BV-SRL,2025-05-19,2027-03-10,,unavailable,Vertraging in de productie,Aanpassing van de behandeling mogelijk,2026-09-21T13:13:21.001824,55727
BE,Belgium,FAMHP,Sertraline Viatris 50 mg filmomh. tabl. 60,Sertraline,,,2216158,N06AB06,BE270952,Viatris GX BV-SRL,2025-04-30,2027-01-06,,unavailable,Vertraging in de productie,Minstens drie alternatieve verpakkingen beschikbaar,2026-09-21T13:13:21.001832,39403
BE,Belgium,FAMHP,"Nexviadyme 100 mg inf. opl. (pdr., conc.) i.v. flac. 5 x 100 mg",Avalglucosidase Alfa,,,4612651,A16AB22,EU/1/21/1579/002,Sanofi B.V.,2025-04-09,2027-12-31,,unavailable,Andere reden,Eén of twee alternatieve verpakkingen beschikbaar,2026-09-21T13:13:21.001839,230979
BE,Belgium,FAMHP,Venlafaxin Retard Sandoz 75 mg harde caps. verl. afgifte 56,Venlafaxine,,,4263216,N06AX16,BE541120,Sandoz SA-NV,2025-04-04,2026-12-17,,unavailable,Vertraging in de productie,Minstens drie alternatieve verpakkingen beschikbaar,2026-09-21T13:13:21.001847,47511
BE,Belgium,FAMHP,Colobreathe 1 662 500 IE (Abacus Medicine) inhalatiepdr. (harde caps.) 56,Colistimethate Sodium,,,4183547,J01XB01,EU/1/11/747/003,Abacus Medicine a.s.,2025-04-01,2027-08-30,,unavailable,Andere reden,Eén of twee alternatieve verpakkingen beschikbaar,2026-09-21T13:13:21.001854,101834
BE,Belgium,FAMHP,Hepacaf 5 000 IE inf. opl. (pdr. + oplosm.) i.v. 5000 IE + 100 ml,Human Hepatitis B Immunoglobulin,,,1770353,J06BB04,BE237361,LFB BIOMEDICAMENTS S.A.,2025-04-01,2027-02-28,,unavailable,Vertraging in de productie,Invoer door de apotheker mogelijk,2026-09-21T13:13:21.001862,103381
BE,Belgium,FAMHP,Erazaban 10 % crème 2 g,Docosanol,,,2711380,D06BB11,BE324676,Phoenix Healthcare ,2025-04-01,2027-03-31,,unavailable,Andere reden,Aanpassing van de behandeling mogelijk,2026-09-21T13:13:21.001869,
BE,Belgium,FAMHP,Crysalis 50 µg/g - 0.5 mg/g zalf 60 g,"Betamethasone, Calcipotriol",,,4614335,D05AX52,BE499244,Laboratoires Medgen ,2025-03-31,2027-03-31,,unavailable,Vertraging in de productie,Eén of twee alternatieve verpakkingen beschikbaar,2026-09-21T13:13:21.001876,69167
BE,Belgium,FAMHP,Mitomycin Accord Healthcare 10 mg inj./inf. opl. (pdr.)/i.vesic. opl. (pdr.) i.v. flac. 5 x 10 mg,Mitomycin ,,,3430279,L01DC03,BE489973,Accord Healthcare B.V.,2025-03-28,2026-10-31,,unavailable,Vertraging in de productie,Eén of twee alternatieve verpakkingen beschikbaar,2026-09-21T13:13:21.001881,200212
BE,Belgium,FAMHP,"Nexviadyme 100 mg inf. opl. (pdr., conc.) i.v. flac. 10 x 100 mg",Avalglucosidase Alfa,,,4612669,A16AB22,EU/1/21/1579/003,Sanofi B.V.,2025-03-24,2027-12-31,,unavailable,Andere reden,Eén of twee alternatieve verpakkingen beschikbaar,2026-09-21T13:13:21.001885,230979
BE,Belgium,FAMHP,Rivaroxaban Sandoz 15 mg filmomh. tabl. 28 (28 x 1) UD,Rivaroxaban,,,4764882,B01AF01,BE537013,Sandoz SA-NV,2025-03-21,2026-10-31,,unavailable,"Logistieke problemen (transport, douane, ...)",Minstens drie alternatieve verpakkingen beschikbaar,2026-09-21T13:13:21.001890,100145
BE,Belgium,FAMHP,Poviderm Sol 30 mg/g cut. opl. 4600 g,Iodine,,,1540939,D08AG02,BE-V196971,Emdoka ,2025-03-20,2026-10-31,,unavailable,Vertraging in de productie,-,2026-09-21T13:13:21.001894,
BE,Belgium,FAMHP,Solifenacin Krka 10 mg filmomh. tabl. 250,Solifenacin,,,3983244,G04BD08,BE521235,KRKA d.d. Novo mesto d.d.,2025-03-14,2027-01-25,,unavailable,Vertraging in de productie,Minstens drie alternatieve verpakkingen beschikbaar,2026-09-21T13:13:21.001899,75345
BE,Belgium,FAMHP,Solifenacin Krka 5 mg filmomh. tabl. 250,Solifenacin,,,3983236,G04BD08,BE521200,KRKA d.d. Novo mesto d.d.,2025-03-14,2027-01-25,,unavailable,Vertraging in de productie,Minstens drie alternatieve verpakkingen beschikbaar,2026-09-21T13:13:21.001903,75337
BE,Belgium,FAMHP,"Dermestril-Septem 25 µg/24 h transderm. pleister 12 (2,5 mg/11,25 cm²)",Estradiol,,,1528587,G03CA04,BE207751,Besins Healthcare SA-NV,2025-03-12,2026-09-30,,unavailable,Vertraging in de productie,Invoer door de apotheker mogelijk,2026-09-21T13:13:21.001907,
BE,Belgium,FAMHP,Myloop 0.12 mg/24 h - 0.015 mg/24 h vagin. hulpmiddel 3,"Etonogestrel, Ethinylestradiol",,,4112579,G02BB01,BE546800,Ceres Pharma SA-NV,2025-03-05,2026-09-30,,unavailable,Andere reden,Minstens drie alternatieve verpakkingen beschikbaar,2026-09-21T13:13:21.001912,148113
BE,Belgium,FAMHP,Myloop 0.12 mg/24 h - 0.015 mg/24 h vagin. hulpmiddel 6,"Etonogestrel, Ethinylestradiol",,,4180287,G02BB01,BE546800,Ceres Pharma SA-NV,2025-03-05,2026-09-30,,unavailable,Andere reden,Minstens drie alternatieve verpakkingen beschikbaar,2026-09-21T13:13:21.001917,148113
BE,Belgium,FAMHP,Menotrophin Ferring 1 200 IE inj. opl. s.c. voorgev. pen 1.92 ml,Menotropine,,,4871406,G03GA02,BE660415,Ferring SA-NV,2025-03-03,2026-12-31,,unavailable,Vertraging in de productie,Eén of twee alternatieve verpakkingen beschikbaar,2026-09-21T13:13:21.001921,
BE,Belgium,FAMHP,Menotrophin Ferring 600 IE inj. opl. s.c. voorgev. pen 0.96 ml,Menotropine,,,4871398,G03GA02,BE660414,Ferring SA-NV,2025-03-03,2026-12-31,,unavailable,Vertraging in de productie,Eén of twee alternatieve verpakkingen beschikbaar,2026-09-21T13:13:21.001926,
BE,Belgium,FAMHP,Colchicine Opocalcium 1 mg tabl. 20,Colchicine,,,1127299,M04AC01,BE260057,Mayoly Benelux S.P.R.L.-B.V.B.A.,2025-03-01,2026-12-31,,unavailable,"Logistieke problemen (transport, douane, ...)",Invoer door de groothandelaar mogelijk,2026-09-21T13:13:21.001930,48828
BE,Belgium,FAMHP,Nimatek 100 mg/ml inj. opl. i.m./i.v./s.c. flac. 50 ml,Ketamine,,,3349503,N01AX03,BE-V439546,Dechra Regulatory B.V.,2025-02-20,2027-03-31,,unavailable,Andere reden,-,2026-09-21T13:13:21.001934,143553
BE,Belgium,FAMHP,Sertraline Viatris 100 mg filmomh. tabl. 60,Sertraline,,,2216182,N06AB06,BE270977,Viatris GX BV-SRL,2025-02-17,2027-01-11,,unavailable,Vertraging in de productie,Minstens drie alternatieve verpakkingen beschikbaar,2026-09-21T13:13:21.001938,39411
BE,Belgium,FAMHP,Genta-Equine 100 mg/ml inj. opl. i.v. flac. 100 ml,Gentamicin ,,,3362068,J01GB03,BE-V477520,Franklin Pharmaceuticals Ltd.,2025-02-13,2027-03-30,,unavailable,Andere reden,-,2026-09-21T13:13:21.001943,
BE,Belgium,FAMHP,Tivicay 50 mg (Orifarm) filmomh. tabl. 30,Dolutegravir ,,,4201968,J05AJ03,EU/1/13/892/001,Orifarm a.s.,2025-02-11,2026-10-31,,unavailable,Andere reden,Eén of twee alternatieve verpakkingen beschikbaar,2026-09-21T13:13:21.001947,116467
BE,Belgium,FAMHP,Profender middelgrote honden tabl. geregul. afgifte 24,"Emodepside, Praziquantel",,,2679215,P52AA51,EU/2/05/054/026,Vétoquinol S.A.,2025-02-10,2026-11-16,,unavailable,Vertraging in de productie,-,2026-09-21T13:13:21.001951,
BE,Belgium,FAMHP,Vetoryl 120 mg kauwtabl. 30,Trilostane ,,,4851275,H02CA01,BE-V662906,Dechra Regulatory B.V.,2025-02-10,2026-12-31,,unavailable,Vertraging in de productie,-,2026-09-21T13:13:21.001955,
BE,Belgium,FAMHP,Megecat 5 mg tabl. 6,Megestrol Acetate,,,4772646,G03AC05,BE-V133235,Vétoquinol SA-NV,2025-02-10,2028-01-01,,unavailable,Vertraging in de productie,-,2026-09-21T13:13:21.001960,
BE,Belgium,FAMHP,Tolterodine Retard Teva 4 mg harde caps. verl. afgifte 84,Tolterodine,,,3140035,G04BD07,BE426027,Teva GmbH,2025-02-05,2027-01-18,,unavailable,Vertraging in de productie,Aanpassing van de behandeling mogelijk,2026-09-21T13:13:21.001965,60534
BE,Belgium,FAMHP,Kivizidiale 40 µg/ml - 5 mg/ml oogdruppels opl. druppelfl. 2.5 ml,"Timolol, Travoprost",,,4199030,S01ED51,BE524142,Bausch + Lomb Ireland ,2025-01-27,2027-01-01,,unavailable,Vertraging in de productie,Aanpassing van de behandeling mogelijk,2026-09-21T13:13:21.001969,212245
BE,Belgium,FAMHP,Concerta 54 mg (PI Pharma) tabl. verl. afgifte 30,Methylphenidate Hydrochloride ,,,3180247,N06BA04,1637PI0688F003,PI Pharma SA-NV,2025-01-21,2026-10-31,,unavailable,Andere reden,Minstens drie alternatieve verpakkingen beschikbaar,2026-09-21T13:13:21.001973,69272
BE,Belgium,FAMHP,Wegovy 2.4 mg (Abacus Medicine) inj. opl. s.c. voorgev. pen 3 ml FlexTouch,Semaglutide ,,,4829446,A10BJ06,EU/1/21/1608/010,Abacus Medicine a.s.,2025-01-07,2027-08-31,,unavailable,Andere reden,Aanpassing van de behandeling mogelijk (niet-levensnoodzakelijk geneesmiddel),2026-09-21T13:13:21.001978,223824
BE,Belgium,FAMHP,Kali-Sterop 7.5 g/50 ml inf. opl. (conc.) i.v. flac. 50 x 50 ml,Potassium Chloride,,,2117448,B05XA01,BE098831,Laboratoires Sterop SA-NV,2025-01-01,2030-12-31,,unavailable,Vertraging in de productie,Aanpassing van de behandeling mogelijk,2026-09-21T13:13:21.001983,220159
BE,Belgium,FAMHP,Kali-Sterop 7.5 g/50 ml inf. opl. (conc.) i.v. flac. 50 ml,Potassium Chloride,,,2117455,B05XA01,BE098831,Laboratoires Sterop SA-NV,2025-01-01,2030-12-31,,unavailable,Vertraging in de productie,Aanpassing van de behandeling mogelijk,2026-09-21T13:13:21.001987,220159
BE,Belgium,FAMHP,Cimzia 200 mg (Abacus Medicine) inj. opl. s.c. voorgev. pen 2 x 1 ml Autoclicks,Certolizumab Pegol,,,4314332,L04AB05,EU/1/09/544/005,Abacus Medicine a.s.,2025-01-01,2026-12-31,,unavailable,Andere reden,Eén of twee alternatieve verpakkingen beschikbaar,2026-09-21T13:13:21.001991,137219
BE,Belgium,FAMHP,Cimzia 200 mg (Abacus Medicine) inj. opl. s.c. voorgev. spuit 2 x 1 ml,Certolizumab Pegol,,,4199360,L04AB05,EU/1/09/544/001,Abacus Medicine a.s.,2025-01-01,2026-12-31,,unavailable,Andere reden,Eén of twee alternatieve verpakkingen beschikbaar,2026-09-21T13:13:21.001995,92584
BE,Belgium,FAMHP,Kali-Sterop 1.5 g/10 ml inf. opl. (conc.) i.v. amp. 100 x 10 ml,Potassium Chloride,,,2075992,B05XA01,BE253461,Laboratoires Sterop SA-NV,2025-01-01,2030-12-31,,unavailable,Andere reden,Aanpassing van de behandeling mogelijk,2026-09-21T13:13:21.002000,62154
BE,Belgium,FAMHP,Kali-Sterop 1.5 g/10 ml inf. opl. (conc.) i.v. amp. 10 x 10 ml,Potassium Chloride,,,2075943,B05XA01,BE253461,Laboratoires Sterop SA-NV,2025-01-01,2030-12-31,,unavailable,Vertraging in de productie,Aanpassing van de behandeling mogelijk,2026-09-21T13:13:21.002004,62154
BE,Belgium,FAMHP,Fluvex 50 mg/ml inj. opl. i.m./i.v. flac. 100 ml,Flunixin,,,2735983,M01AG90,BE-V370176,S.P. Veterinaria S.A.,2024-12-31,2026-12-31,,unavailable,Andere reden,-,2026-09-21T13:13:21.002009,
BE,Belgium,FAMHP,Fluvex 50 mg/ml inj. opl. i.m./i.v. flac. 250 ml,Flunixin,,,2735991,M01AG90,BE-V370176,S.P. Veterinaria S.A.,2024-12-31,2026-12-31,,unavailable,Andere reden,-,2026-09-21T13:13:21.002013,
BE,Belgium,FAMHP,Quinoflox 100 mg/ml opl. voor drinkwater 5 l,Enrofloxacin,,,4907853,J01MA90,BE-V400434,Global Vet Health S.L.,2024-12-31,2026-12-31,,unavailable,Andere reden,-,2026-09-21T13:13:21.002018,
BE,Belgium,FAMHP,Mycoflor 200 mg/ml opl. voor drinkwater 1 l,Florfenicol,,,4887097,J01BA90,BE-V498631,S.P. Veterinaria S.A.,2024-12-31,2026-12-31,,unavailable,Andere reden,-,2026-09-21T13:13:21.002022,
BE,Belgium,FAMHP,ColiVet S inj. opl. i.m. flac. 100 ml,Colistin Sulfate,,,1206853,J01XB01,BE-V111483,Prodivet Pharmaceuticals SA-NV,2024-12-24,2027-08-31,,unavailable,Vertraging in de productie,-,2026-09-21T13:13:21.002026,
BE,Belgium,FAMHP,Bupropion Teva 300 mg tabl. geregul. afgifte 90,Bupropion Hydrochloride,,,4135745,N06AX12,BE548355,Teva B.V.,2024-12-17,2026-11-09,,unavailable,Vertraging in de productie,Minstens drie alternatieve verpakkingen beschikbaar,2026-09-21T13:13:21.002031,82899
BE,Belgium,FAMHP,Pomalidomide Viatris 1 mg harde caps. 14,Pomalidomide ,,,4789368,L04AX06,EU/1/23/1785/001,Viatris Ltd.,2024-12-13,2026-10-07,,unavailable,Andere reden,Minstens drie alternatieve verpakkingen beschikbaar,2026-09-21T13:13:21.002035,107514
BE,Belgium,FAMHP,Pomalidomide Viatris 1 mg harde caps. 21 (21 x 1) UD,Pomalidomide ,,,4789384,L04AX06,EU/1/23/1785/004,Viatris Ltd.,2024-12-13,2026-10-07,,unavailable,Andere reden,Minstens drie alternatieve verpakkingen beschikbaar,2026-09-21T13:13:21.002040,107514
BE,Belgium,FAMHP,Pomalidomide Viatris 2 mg harde caps. 14,Pomalidomide ,,,4789392,L04AX06,EU/1/23/1785/005,Viatris Ltd.,2024-12-13,2026-10-07,,unavailable,Andere reden,Minstens drie alternatieve verpakkingen beschikbaar,2026-09-21T13:13:21.002044,107522
BE,Belgium,FAMHP,Pomalidomide Viatris 2 mg harde caps. 21 (21 x 1) UD,Pomalidomide ,,,4789400,L04AX06,EU/1/23/1785/008,Viatris Ltd.,2024-12-13,2026-10-07,,unavailable,"Overmacht (staking, ramp, …)",Minstens drie alternatieve verpakkingen beschikbaar,2026-09-21T13:13:21.002048,107522
BE,Belgium,FAMHP,Pomalidomide Viatris 3 mg harde caps. 21 (21 x 1) UD,Pomalidomide ,,,4789426,L04AX06,EU/1/23/1785/012,Viatris Ltd.,2024-12-13,2026-10-07,,unavailable,Andere reden,Minstens drie alternatieve verpakkingen beschikbaar,2026-09-21T13:13:21.002053,107530
BE,Belgium,FAMHP,Pomalidomide Viatris 4 mg harde caps. 21 (21 x 1) UD,Pomalidomide ,,,4789442,L04AX06,EU/1/23/1785/016,Viatris Ltd.,2024-12-13,2026-10-07,,unavailable,Andere reden,Minstens drie alternatieve verpakkingen beschikbaar,2026-09-21T13:13:21.002057,107549
BE,Belgium,FAMHP,Tricho Plus 200 mg pdr. voor drinkwater sachet 8 x 4 g,Ronidazol,,,0458273,P51CA02,BE-V149974,Oropharma SA-NV,2024-12-12,2026-12-31,,unavailable,Werkzaam bestanddeel niet beschikbaar,-,2026-09-21T13:13:21.002061,
BE,Belgium,FAMHP,Ornicure 150 mg/g pdr. voor drinkwater sachet 8 x 4 g,Doxycycline,,,3458544,J01AA02,BE-V500782,Oropharma SA-NV,2024-12-12,2026-09-30,,unavailable,Vertraging in de productie,-,2026-09-21T13:13:21.002066,
BE,Belgium,FAMHP,Cimzia 200 mg (Orifarm) inj. opl. s.c. voorgev. spuit 2 x 1 ml,Certolizumab Pegol,,,4201802,L04AB05,EU/1/09/544/001,Orifarm a.s.,2024-12-03,2026-10-31,,unavailable,Andere reden,Eén of twee alternatieve verpakkingen beschikbaar,2026-09-21T13:13:21.002070,92584
BE,Belgium,FAMHP,Pethisom 50 mg/1 ml inj. opl. i.m./i.v./s.c. amp. 100 x 1 ml,Pethidine Hydrochloride,,,3464245,N02AB02,BE489644,Laboratoires Sterop SA-NV,2024-11-28,2026-12-31,,unavailable,Andere reden,Minstens drie alternatieve verpakkingen beschikbaar,2026-09-21T13:13:21.002075,21679
BE,Belgium,FAMHP,Spectoliphen 50 mg/ml - 100 mg/ml inj. opl. i.m. flac. 250 ml,"Spectinomycin, Lincomycin",,,3111622,J01FF52,BE-V445137,Kela SA-NV,2024-11-28,2026-12-31,,unavailable,Vertraging in de productie,-,2026-09-21T13:13:21.002079,
BE,Belgium,FAMHP,Ciprofloxacine Teva 500 mg filmomh. tabl. 20,Ciprofloxacin,,,2729812,J01MA02,BE291453,Teva GmbH,2024-11-12,2027-02-22,,unavailable,Vertraging in de productie,Minstens drie alternatieve verpakkingen beschikbaar,2026-09-21T13:13:21.002084,138932
BE,Belgium,FAMHP,Stamaril inj. susp. (pdr. + oplosm.) i.m./s.c. voorgev. spuit + flac. 10 x 1 dosis + 10 x 0.5 ml,"Yellow Fever Virus (live, attenuated) ",,,2231926,J07BL01,BE185062,Sanofi Winthrop Industrie S.A.,2024-11-09,2026-11-09,,unavailable,Andere reden,Eén of twee alternatieve verpakkingen beschikbaar,2026-09-21T13:13:21.002089,131083
BE,Belgium,FAMHP,Venlafaxine Retard AB 150 mg harde caps. verl. afgifte 28,Venlafaxine,,,2546240,N06AX16,BE319401,Aurobindo SA-NV,2024-11-08,2026-09-30,,unavailable,Andere reden,Minstens drie alternatieve verpakkingen beschikbaar,2026-09-21T13:13:21.002093,47538
BE,Belgium,FAMHP,Vizitrav 40 µg/ml oogdruppels opl. pomp 2.5 ml,Travoprost,,,3518370,S01EE04,BE503982,Bausch + Lomb Ireland ,2024-11-04,2027-01-01,,unavailable,Vertraging in de productie,Aanpassing van de behandeling mogelijk,2026-09-21T13:13:21.002098,206431
BE,Belgium,FAMHP,Dextroforme 1 mg/ml siroop 1 l (< 360 ml),Dextromethorphan Hydrobromide,,,1154723,R05DA09,BE171437,Conforma SA-NV,2024-11-04,2027-02-28,,unavailable,Andere reden,Eén of twee alternatieve verpakkingen beschikbaar,2026-09-21T13:13:21.002102,
BE,Belgium,FAMHP,Sirupus Codeini Conforma 2.62 mg/ml siroop 1 l,Codeine,,,0157040,N02AA59,BE168314,Conforma SA-NV,2024-11-04,2027-09-30,,unavailable,Andere reden,Eén of twee alternatieve verpakkingen beschikbaar,2026-09-21T13:13:21.002107,
BE,Belgium,FAMHP,Zolmitriptan Sandoz 2.5 mg orodisp. tabl. 24,Zolmitriptan,,,2970895,N02CC03,BE396182,Sandoz SA-NV,2024-10-31,2027-02-15,,unavailable,Werkzaam bestanddeel niet beschikbaar,Aanpassing van de behandeling mogelijk,2026-09-21T13:13:21.002111,55727
BE,Belgium,FAMHP,Budesonide Teva 0.25 mg/ml vernevelsusp. amp. 60 x 2 ml,Budesonide,,,2886661,R03BA02,BE445982,Teva GmbH,2024-10-28,2026-10-12,,unavailable,Vertraging in de productie,Minstens drie alternatieve verpakkingen beschikbaar,2026-09-21T13:13:21.002115,34452
BE,Belgium,FAMHP,Canaural oordruppels susp. druppelfl. 15 ml,"Nystatin, Diethanolamine Fusidate, Prednisolone, Framycetin Sulfate",,,1182567,S02CA01,BE-V168673,Dechra Veterinary Products A/S,2024-10-22,2026-12-04,,unavailable,Andere reden,-,2026-09-21T13:13:21.002120,
BE,Belgium,FAMHP,Tetravac inj. susp. i.m. voorgev. spuit 0.5 ml,"Poliovirus Type 1 (inactivated) , Diphtheria Toxoid Adsorbed (DT) , Tetanus Toxoid Adsorbed , Poliovirus Type 2 (inactivated) , Poliovirus Type 3 (inactivated) , Pertussis Toxoid Adsorbed (PT) , Bordetella Pertussis Filamentous Haemagglutinin Adsorbed (FHA) ",,,2231868,J07CA02,BE196122,Sanofi Winthrop Industrie S.A.,2024-10-15,2027-10-15,,unavailable,Andere reden,Eén of twee alternatieve verpakkingen beschikbaar,2026-09-21T13:13:21.002127,
BE,Belgium,FAMHP,Physio Sterop 90 mg/10 ml parent. oplosm. i.v. amp. 100 x 10 ml,Sodium Chloride,,,1847581,,0301S 0098F012,Laboratoires Sterop SA-NV,2024-10-04,2026-10-01,,unavailable,Vertraging in de productie,Minstens drie alternatieve verpakkingen beschikbaar,2026-09-21T13:13:21.002132,
BE,Belgium,FAMHP,Triaxis inj. susp. i.m./s.c. voorgev. spuit 1 dosis (0.5 ml),"Pertussis Toxoid Adsorbed (PT) , Diphtheria Toxoid Adsorbed (DT) , Bordetella Pertussis Fimbriae Type 2 and 3 Adsorbed (FIM) , Bordetella Pertussis Pertactin Adsorbed (PRN) , Bordetella Pertussis Filamentous Haemagglutinin Adsorbed (FHA) , Tetanus Toxoid Adsorbed ",,,3707767,J07AJ52,BE502222,Sanofi Winthrop Industrie S.A.,2024-10-04,2027-09-01,,unavailable,Andere reden,Eén of twee alternatieve verpakkingen beschikbaar,2026-09-21T13:13:21.002137,167827
BE,Belgium,FAMHP,Dexmopet 0.5 mg/ml inj. opl. i.m./i.v. flac. 10 ml,Dexmedetomidine,,,3612512,N05CM18,BE-V508462,Vetpharma Animal Health S.L.,2024-10-02,2027-04-15,,unavailable,Andere reden,-,2026-09-21T13:13:21.002142,
BE,Belgium,FAMHP,Effala 8 mg pleister sachet 8 (8 mg/4 cm²),Aminolevulinic Acid,,,3560448,L01XD04,BE457191,Photonamic GmbH & Co. KG,2024-10-01,2027-09-30,,unavailable,Andere reden,Aanpassing van de behandeling mogelijk,2026-09-21T13:13:21.002146,142018
BE,Belgium,FAMHP,Effala 8 mg pleister sachet 4 (8 mg/4 cm²),Aminolevulinic Acid,,,3560430,L01XD04,BE457191,Photonamic GmbH & Co. KG,2024-10-01,2027-09-30,,unavailable,Vertraging in de productie,Aanpassing van de behandeling mogelijk,2026-09-21T13:13:21.002151,142018
BE,Belgium,FAMHP,Polydexa 10 mg/ml - 1 mg/ml oordruppels opl. druppelfl. 10 ml,"Neomycin Sulfate, Dexamethasone Sodium Metasulfobenzoate, Polymyxin B Sulfate",,,0070441,S02CA06,BE096537,Therabel Pharma SA-NV,2024-10-01,2026-09-29,,unavailable,Andere reden,Aanpassing van de behandeling mogelijk (niet-levensnoodzakelijk geneesmiddel),2026-09-21T13:13:21.002155,
BE,Belgium,FAMHP,Acetylsalicylzuur Panpharma 500 mg inj. opl. (pdr. + oplosm.) i.m./i.v. flac. + amp. 6 x 500 mg + 6 x 5 ml,Acetylsalicylic Acid,,,0139592,N02BA01,BE042201,Panmedica S.A.S.,2024-10-01,2026-12-31,,unavailable,Andere reden,Invoer door de groothandelaar mogelijk,2026-09-21T13:13:21.002160,2895
BE,Belgium,FAMHP,Extencin 1 200 000 IE inj. opl. (pdr. + oplosm.) i.m. flac. + amp. 1.2 10*6 IE + 5 ml,Benzylpenicillin Benzathine,,,1527050,J01CE08,BE004295,Laboratoires Delbert S.A.S.,2024-09-19,2027-03-31,,unavailable,Andere reden,Invoer door de groothandelaar mogelijk,2026-09-21T13:13:21.002165,132675
BE,Belgium,FAMHP,Zilium 10 mg tabl. 30,Domperidone,,,1624428,A03FA03,BE221392,Ceres Pharmaceuticals SA-NV,2024-09-09,2026-12-20,,unavailable,Andere reden,Minstens drie alternatieve verpakkingen beschikbaar,2026-09-21T13:13:21.002169,6297
BE,Belgium,FAMHP,Duloxetine Sandoz 30 mg harde maagsapresist. caps. 98,Duloxetine,,,3426533,N06AX21,BE490115,Sandoz SA-NV,2024-08-09,2026-09-30,,unavailable,Toegenomen vraag,Minstens drie alternatieve verpakkingen beschikbaar,2026-09-21T13:13:21.002174,79057
BE,Belgium,FAMHP,Tolterodine Retard Teva 4 mg harde caps. verl. afgifte 28,Tolterodine,,,3140027,G04BD07,BE426027,Teva GmbH,2024-08-06,2026-10-05,,unavailable,Toegenomen vraag,Aanpassing van de behandeling mogelijk,2026-09-21T13:13:21.002178,60534
BE,Belgium,FAMHP,Lenalidomide Accord 2.5 mg harde caps. 21 (21 x 1) UD,Lenalidomide,,,4332276,L04AX04,EU/1/18/1316/002,Accord Healthcare S.L.U.,2024-06-26,2026-10-31,,unavailable,Vertraging in de productie,Minstens drie alternatieve verpakkingen beschikbaar,2026-09-21T13:13:21.002183,113387
BE,Belgium,FAMHP,Quetiapin Retard Sandoz 300 mg tabl. verl. afgifte 100,Quetiapine,,,4251799,N05AH04,BE483395,Sandoz SA-NV,2024-06-21,2026-10-09,,unavailable,Toegenomen vraag,Minstens drie alternatieve verpakkingen beschikbaar,2026-09-21T13:13:21.002187,84204
BE,Belgium,FAMHP,Vetivex Ringer Lactate inf. opl. i.v. 10 x 1000 ml,"Potassium Chloride, Sodium Chloride, Sodium Lactate, Calcium Chloride ",,,3090321,B05BB01,BE-V442032,Dechra Regulatory B.V.,2024-06-10,2027-06-30,,unavailable,Vertraging in de productie,-,2026-09-21T13:13:21.002191,46418
BE,Belgium,FAMHP,Quetiapin Retard Sandoz 50 mg tabl. verl. afgifte 30,Quetiapine,,,4251864,N05AH04,BE483360,Sandoz SA-NV,2024-06-07,2027-03-17,,unavailable,Toegenomen vraag,Minstens drie alternatieve verpakkingen beschikbaar,2026-09-21T13:13:21.002196,84182
BE,Belgium,FAMHP,Carprofelican 50 mg/ml inj. opl. i.v./s.c. flac. 20 ml,Carprofen,,,3109907,M01AE91,BE-V442312,Dechra Regulatory B.V.,2024-06-01,2027-03-31,,unavailable,Vertraging in de productie,-,2026-09-21T13:13:21.002200,
BE,Belgium,FAMHP,Duloxetine Sandoz 60 mg harde maagsapresist. caps. 98,Duloxetine,,,3426558,N06AX21,BE490142,Sandoz SA-NV,2024-05-24,2027-01-06,,unavailable,Toegenomen vraag,Minstens drie alternatieve verpakkingen beschikbaar,2026-09-21T13:13:21.002205,79065
BE,Belgium,FAMHP,Zolmitriptan Sandoz 2.5 mg orodisp. tabl. 12,Zolmitriptan,,,2889673,N02CC03,BE396182,Sandoz SA-NV,2024-05-03,2027-02-15,,unavailable,Vertraging in de productie,Aanpassing van de behandeling mogelijk,2026-09-21T13:13:21.002215,55727
BE,Belgium,FAMHP,Emtricitabine/Tenofovir Disoproxil Mylan 200 mg - 245 mg (Abacus Medicine) filmomh. tabl. 30,"Emtricitabine, Tenofovir Disoproxil ",,,4183570,J05AR03,EU/1/16/1133/001,Abacus Medicine a.s.,2024-05-01,2027-04-28,,unavailable,Andere reden,Minstens drie alternatieve verpakkingen beschikbaar,2026-09-21T13:13:21.002221,146560
BE,Belgium,FAMHP,Emtricitabine/Tenofovir Disoproxil Mylan 200 mg - 245 mg (Abacus Medicine) filmomh. tabl. 90 (3 x 30),"Emtricitabine, Tenofovir Disoproxil ",,,4193132,J05AR03,EU/1/16/1133/002,Abacus Medicine a.s.,2024-05-01,2027-04-28,,unavailable,Andere reden,Minstens drie alternatieve verpakkingen beschikbaar,2026-09-21T13:13:21.002226,146560
BE,Belgium,FAMHP,Emtricitabine/Tenofovir Disoproxil Krka 200 mg - 245 mg (Abacus Medicine) filmomh. tabl. 90 (3 x 30),"Emtricitabine, Tenofovir Disoproxil",,,4204459,J05AR03,EU/1/16/1151/004,Abacus Medicine a.s.,2024-05-01,2027-04-28,,unavailable,Andere reden,Minstens drie alternatieve verpakkingen beschikbaar,2026-09-21T13:13:21.002232,146560
BE,Belgium,FAMHP,Emtricitabine/Tenofovir Disoproxil Krka 200 mg - 245 mg (Abacus Medicine) filmomh. tabl. 30,"Emtricitabine, Tenofovir Disoproxil",,,4204467,J05AR03,EU/1/16/1151/002,Abacus Medicine a.s.,2024-05-01,2027-04-28,,unavailable,Andere reden,Minstens drie alternatieve verpakkingen beschikbaar,2026-09-21T13:13:21.002239,146560
BE,Belgium,FAMHP,Fucithalmic 10 mg/g ooggel 5 g,Fusidic Acid,,,0674242,S01AA13,BE144654,Amdipharm Ltd.,2024-05-01,2026-09-30,,unavailable,Vertraging in de vrijgave van het eindproduct,Aanpassing van de behandeling mogelijk,2026-09-21T13:13:21.002247,227196
BE,Belgium,FAMHP,Daktarin 20 mg/g or. gel 40 g,Miconazole,,,0033910,A01AB09,BE108087,Kenvue Belgium SA-NV,2024-03-26,2026-12-31,,unavailable,Vertraging in de productie,Invoer door de groothandelaar mogelijk,2026-09-21T13:13:21.002255,4650
BE,Belgium,FAMHP,Pemetrexed Accord 25 mg/ml inf. opl. (conc.) i.v. flac. 34 ml,Pemetrexed ,,,4324489,L01BA04,EU/1/15/1071/006,Accord Healthcare S.L.U.,2024-02-22,2026-12-31,,unavailable,Vertraging in de productie,Minstens drie alternatieve verpakkingen beschikbaar,2026-09-21T13:13:21.002262,
BE,Belgium,FAMHP,Risperidone EG 6 mg filmomh. tabl. 100 (5 x 20),Risperidone,,,2451433,N05AX08,BE329804,EG SA-NV,2024-02-19,2026-11-06,,unavailable,Vertraging in de productie,Minstens drie alternatieve verpakkingen beschikbaar,2026-09-21T13:13:21.002270,51381
BE,Belgium,FAMHP,Tecfidera 240 mg (Orifarm) harde maagsapresist. caps. 56,Dimethyl Fumarate,,,4201836,L04AX07,EU/1/13/837/002,Orifarm a.s.,2024-02-16,2026-12-31,,unavailable,Andere reden,Minstens drie alternatieve verpakkingen beschikbaar,2026-09-21T13:13:21.002277,117889
BE,Belgium,FAMHP,Eliquis 2.5 mg (Orifarm) filmomh. tabl. 168,Apixaban,,,4201810,B01AF02,EU/1/11/691/013,Orifarm a.s.,2024-02-14,2026-12-31,,unavailable,Andere reden,Minstens drie alternatieve verpakkingen beschikbaar,2026-09-21T13:13:21.002284,99066
BE,Belgium,FAMHP,Eliquis 5 mg (Orifarm) filmomh. tabl. 168,Apixaban,,,4272175,B01AF02,EU/1/11/691/011,Orifarm a.s.,2024-02-14,2026-12-31,,unavailable,Andere reden,Minstens drie alternatieve verpakkingen beschikbaar,2026-09-21T13:13:21.002292,105678
BE,Belgium,FAMHP,Odefsey 200 mg - 25 mg - 25 mg (Orifarm) filmomh. tabl. 30,"Emtricitabine, Rilpivirine , Tenofovir Alafenamide ",,,4201901,J05AR19,EU/1/16/1112/001,Orifarm a.s.,2024-02-14,2026-12-31,,unavailable,Andere reden,Eén of twee alternatieve verpakkingen beschikbaar,2026-09-21T13:13:21.002299,134694
BE,Belgium,FAMHP,Trulicity 1.5 mg (Abacus Medicine) inj. opl. s.c. voorgev. pen 4 x 0.5 ml,Dulaglutide,,,4235453,A10BJ05,EU/1/14/956/007,Abacus Medicine a.s.,2024-02-09,2026-12-31,,unavailable,Andere reden,Eén of twee alternatieve verpakkingen beschikbaar,2026-09-21T13:13:21.002307,124168
BE,Belgium,FAMHP,Dexafort inj. susp. i.m./s.c. flac. 50 ml,"Dexamethasone, Dexamethasone",,,0837484,H02AB02,BE-V059437,Intervet International B.V.,2024-02-01,2026-12-31,,unavailable,Andere reden,-,2026-09-21T13:13:21.002314,
BE,Belgium,FAMHP,Vetivex Ringer Lactate inf. opl. i.v. 20 x 500 ml,"Potassium Chloride, Sodium Chloride, Sodium Lactate, Calcium Chloride ",,,3090313,B05BB01,BE-V442032,Dechra Regulatory B.V.,2024-01-18,2027-06-30,,unavailable,Vertraging in de productie,-,2026-09-21T13:13:21.002322,34878
BE,Belgium,FAMHP,Pantoprazol Eugia  40 mg inj. opl. (pdr.) i.v. flac. 40 mg,Pantoprazole,,,4166708,A02BC02,BE511884,Eugia Pharma (Malta) Ltd.,2024-01-03,2026-11-01,,unavailable,Andere reden,Eén of twee alternatieve verpakkingen beschikbaar,2026-09-21T13:13:21.002329,50482
BE,Belgium,FAMHP,Enoxaparine Becat 10 000 IU (100 mg)/1 ml inj. opl. i.v./s.c. voorgev. spuit 10 x 1 ml,Enoxaparin Sodium,,,4234167,B01AB05,BE531137,Laboratorios Farmaceuticos ROVI S.A.,2024-01-01,2026-09-30,,unavailable,Andere reden,Minstens drie alternatieve verpakkingen beschikbaar,2026-09-21T13:13:21.002337,146668
BE,Belgium,FAMHP,"Enoxaparine Becat 6 000 IU (60 mg)/0,6 ml inj. opl. i.v./s.c. voorgev. spuit 10 x 0.6 ml",Enoxaparin Sodium,,,4234423,B01AB05,BE531111,Laboratorios Farmaceuticos ROVI S.A.,2024-01-01,2026-09-30,,unavailable,Andere reden,Minstens drie alternatieve verpakkingen beschikbaar,2026-09-21T13:13:21.002344,146692
BE,Belgium,FAMHP,"Enoxaparine Becat 2 000 IU (20 mg)/0,2 ml inj. opl. i.v./s.c. voorgev. spuit 10 x 0.2 ml",Enoxaparin Sodium,,,4234407,B01AB05,BE531093,Laboratorios Farmaceuticos ROVI S.A.,2024-01-01,2026-09-30,,unavailable,Andere reden,Minstens drie alternatieve verpakkingen beschikbaar,2026-09-21T13:13:21.002352,146676
BE,Belgium,FAMHP,"Enoxaparine Becat 8 000 IU (80 mg)/0,8 ml inj. opl. i.v./s.c. voorgev. spuit 10 x 0.8 ml",Enoxaparin Sodium,,,4234159,B01AB05,BE531120,Laboratorios Farmaceuticos ROVI S.A.,2024-01-01,2026-09-30,,unavailable,Andere reden,Minstens drie alternatieve verpakkingen beschikbaar,2026-09-21T13:13:21.002359,146706
BE,Belgium,FAMHP,"Enoxaparine Becat 4 000 IU (40 mg)/0,4 ml inj. opl. i.v./s.c. voorgev. spuit 10 x 0.4 ml",Enoxaparin Sodium,,,4234415,B01AB05,BE531102,Laboratorios Farmaceuticos ROVI S.A.,2024-01-01,2026-09-30,,unavailable,Andere reden,Minstens drie alternatieve verpakkingen beschikbaar,2026-09-21T13:13:21.002366,146684
BE,Belgium,FAMHP,Enoxaparine Becat 15 000 IU (150 mg)/1 ml inj. opl. i.v./s.c. voorgev. spuit 10 x 1 ml,Enoxaparin Sodium,,,4234183,B01AB05,BE531155,Laboratorios Farmaceuticos ROVI S.A.,2024-01-01,2026-09-30,,unavailable,Andere reden,Minstens drie alternatieve verpakkingen beschikbaar,2026-09-21T13:13:21.002374,
BE,Belgium,FAMHP,"Enoxaparine Becat 12 000 IU (120 mg)/0,8 ml inj. opl. i.v./s.c. voorgev. spuit 10 x 0.8 ml",Enoxaparin Sodium,,,4234175,B01AB05,BE531146,Laboratorios Farmaceuticos ROVI S.A.,2024-01-01,2026-09-30,,unavailable,Andere reden,Minstens drie alternatieve verpakkingen beschikbaar,2026-09-21T13:13:21.002381,
BE,Belgium,FAMHP,Sodiphos 22 meq/10 ml inf. opl. (conc.) i.v. amp. 100 x 10 ml,Disodium Hydrogen Phosphate Dihydrate,,,2075067,B05XA09,BE251334,Laboratoires Sterop SA-NV,2023-12-28,2030-12-31,,unavailable,Andere reden,Aanpassing van de behandeling mogelijk,2026-09-21T13:13:21.002389,138649
BE,Belgium,FAMHP,Glucose Sterop 200 mg/ml inf. opl. i.v. amp. 100 x 10 ml,Glucose Anhydrous,,,2179364,B05BA03,BE266716,Laboratoires Sterop SA-NV,2023-12-07,2030-12-31,,unavailable,Andere reden,Minstens drie alternatieve verpakkingen beschikbaar,2026-09-21T13:13:21.002396,
BE,Belgium,FAMHP,Hydroxocobalamine Acetate Sterop 10 mg/2 ml or. opl./inj. opl. i.m./i.v. amp. 3 x 2 ml,Hydroxocobalamin Acetate,,,0048454,B03BA03,BE489511,Laboratoires Sterop SA-NV,2023-11-30,2030-12-31,,unavailable,Andere reden,Eén of twee alternatieve verpakkingen beschikbaar,2026-09-21T13:13:21.002404,
BE,Belgium,FAMHP,Toviaz 4 mg (Abacus Medicine) tabl. verl. afgifte 84,Fesoterodine,,,4271813,G04BD11,EU/1/07/386/011,Abacus Medicine a.s.,2023-11-14,2027-06-24,,unavailable,Andere reden,Aanpassing van de behandeling mogelijk,2026-09-21T13:13:21.002411,86258
BE,Belgium,FAMHP,Oxytocine Prodivet 10 IE/ml inj. opl. i.m./i.v. flac. 100 ml,Oxytocin,,,2906493,H01BB02,BE-V106881,Prodivet Pharmaceuticals SA-NV,2023-10-17,2027-06-30,,unavailable,Vertraging in de productie,-,2026-09-21T13:13:21.002418,
BE,Belgium,FAMHP,Ozempic 0.5 mg (Abacus Medicine) inj. opl. s.c. voorgev. pen 1.5 ml,Semaglutide,,,4239737,A10BJ06,EU/1/17/1251/003,Abacus Medicine a.s.,2023-10-01,2026-12-31,,unavailable,Andere reden,Eén of twee alternatieve verpakkingen beschikbaar,2026-09-21T13:13:21.002426,201677
BE,Belgium,FAMHP,Ozempic 0.25 mg (Abacus Medicine) inj. opl. s.c. voorgev. pen 1.5 ml,Semaglutide,,,4200572,A10BJ06,EU/1/17/1251/002,Abacus Medicine a.s.,2023-10-01,2026-12-31,,unavailable,Andere reden,Eén of twee alternatieve verpakkingen beschikbaar,2026-09-21T13:13:21.002433,201650
BE,Belgium,FAMHP,Tricho Plus 200 mg pdr. voor drinkwater sachet 30 x 4 g,Ronidazol,,,1233014,P51CA02,BE-V149974,Oropharma SA-NV,2023-09-08,2026-12-31,,unavailable,Werkzaam bestanddeel niet beschikbaar,-,2026-09-21T13:13:21.002441,
BE,Belgium,FAMHP,Piperacillin/Tazobactam Eugia  4 g - 500 mg inf. opl. (pdr.) i.v. flac. 10 (4 g - 500 mg),"Piperacillin, Tazobactam",,,4460457,J01CR05,BE591742,Eugia Pharma (Malta) Ltd.,2023-07-20,2027-03-01,,unavailable,Andere reden,Minstens drie alternatieve verpakkingen beschikbaar,2026-09-21T13:13:21.002448,37133
BE,Belgium,FAMHP,Piperacillin/Tazobactam Eugia  2 g - 250 mg inf. opl. (pdr.) i.v. flac. 10 (2 g - 250 mg),"Piperacillin, Tazobactam",,,4460440,J01CR05,BE591733,Eugia Pharma (Malta) Ltd.,2023-07-20,2027-03-01,,unavailable,Andere reden,Minstens drie alternatieve verpakkingen beschikbaar,2026-09-21T13:13:21.002456,37125
BE,Belgium,FAMHP,Rybelsus 7 mg (Abacus Medicine) tabl. 30,Semaglutide,,,4271771,A10BJ06,EU/1/20/1430/005,Abacus Medicine a.s.,2023-07-06,2026-12-31,,unavailable,Andere reden,Eén of twee alternatieve verpakkingen beschikbaar,2026-09-21T13:13:21.002464,203416
BE,Belgium,FAMHP,Rybelsus 14 mg (Abacus Medicine) tabl. 30,Semaglutide,,,4271789,A10BJ06,EU/1/20/1430/008,Abacus Medicine a.s.,2023-07-06,2026-12-31,,unavailable,Andere reden,Eén of twee alternatieve verpakkingen beschikbaar,2026-09-21T13:13:21.002471,203394
BE,Belgium,FAMHP,Rybelsus 3 mg (Abacus Medicine) tabl. 30,Semaglutide,,,4271649,A10BJ06,EU/1/20/1430/002,Abacus Medicine a.s.,2023-07-06,2026-12-31,,unavailable,Andere reden,Eén of twee alternatieve verpakkingen beschikbaar,2026-09-21T13:13:21.002478,203408
BE,Belgium,FAMHP,Irinotecan Eugia 20 mg/ml inf. opl. (conc.) i.v. flac. 25 ml,Irinotecan,,,2596799,L01CE02,BE333121,Eugia Pharma (Malta) Ltd.,2023-07-03,2027-03-01,,unavailable,Andere reden,Minstens drie alternatieve verpakkingen beschikbaar,2026-09-21T13:13:21.002485,89451
BE,Belgium,FAMHP,Irinotecan Eugia 20 mg/ml inf. opl. (conc.) i.v. flac. 15 ml,Irinotecan,,,2813210,L01CE02,BE384657,Eugia Pharma (Malta) Ltd.,2023-07-03,2027-03-01,,unavailable,Andere reden,Minstens drie alternatieve verpakkingen beschikbaar,2026-09-21T13:13:21.002493,86460
BE,Belgium,FAMHP,Irinotecan Eugia 20 mg/ml inf. opl. (conc.) i.v. flac. 2 ml,Irinotecan,,,2585362,L01CE02,BE316994,Eugia Pharma (Malta) Ltd.,2023-07-03,2027-03-01,,unavailable,Andere reden,Minstens drie alternatieve verpakkingen beschikbaar,2026-09-21T13:13:21.002500,51039
BE,Belgium,FAMHP,Irinotecan Eugia 20 mg/ml inf. opl. (conc.) i.v. flac. 5 ml,Irinotecan,,,2585396,L01CE02,BE317003,Eugia Pharma (Malta) Ltd.,2023-07-03,2027-03-01,,unavailable,Andere reden,Minstens drie alternatieve verpakkingen beschikbaar,2026-09-21T13:13:21.002507,51047
BE,Belgium,FAMHP,Kaliphos 1.36 g/10 ml - 1.74 g/10 ml inf. opl. (conc.) i.v. amp. 100 x 10 ml,"Dipotassium Hydrogen Phosphate, Potassium Dihydrogen Phosphate",,,2117513,B05XA06,BE100177,Laboratoires Sterop SA-NV,2023-06-01,2030-12-31,,unavailable,Andere reden,Aanpassing van de behandeling mogelijk,2026-09-21T13:13:21.002515,
BE,Belgium,FAMHP,Poulvac NDW flac. 10 x 2000 doses,"Newcastle Disease Virus (live, attenuated)",,,1151810,I01AD06,BE-V467475,Zoetis Belgium SA-NV,2023-04-25,2026-12-31,,unavailable,Andere reden,-,2026-09-21T13:13:21.002523,
BE,Belgium,FAMHP,Lumivela Continu 30 0.15 mg - 0.03 mg filmomh. tabl. 6 x 28 (21 + 7),"Desogestrel, Ethinylestradiol, Placebo ",,,3787751,G03AA09,BE532542,Exeltis Germany GmbH,2023-03-31,2026-12-31,,unavailable,Andere reden,Aanpassing van de behandeling mogelijk (niet-levensnoodzakelijk geneesmiddel),2026-09-21T13:13:21.002530,16292
BE,Belgium,FAMHP,Oxytocine Prodivet 10 IE/ml inj. opl. i.m./i.v. flac. 50 ml,Oxytocin,,,1203231,H01BB02,BE-V106881,Prodivet Pharmaceuticals SA-NV,2023-02-28,2027-06-30,,unavailable,Vertraging in de productie,-,2026-09-21T13:13:21.002538,
BE,Belgium,FAMHP,Somatostatine-Belpharma 3 mg inf. opl. (pdr.) i.v. amp. 3 mg + 1 ml,Somatostatin,,,2328169,H01CB01,BE275265,Eumedica Pharmaceuticals GmbH,2023-02-20,2026-10-31,,unavailable,Andere reden,Eén of twee alternatieve verpakkingen beschikbaar,2026-09-21T13:13:21.002545,126969
BE,Belgium,FAMHP,Epirubicin Eugia  2 mg/ml inj. opl. i.v. flac. 25 ml,Epirubicin,,,2585446,L01DB03,BE317134,Eugia Pharma (Malta) Ltd.,2023-02-17,2026-10-31,,unavailable,Andere reden,Minstens drie alternatieve verpakkingen beschikbaar,2026-09-21T13:13:21.002554,82260
BE,Belgium,FAMHP,Epirubicin Eugia  2 mg/ml inj. opl. i.v. flac. 100 ml,Epirubicin,,,2585461,L01DB03,BE317152,Eugia Pharma (Malta) Ltd.,2023-02-17,2026-10-31,,unavailable,Andere reden,Minstens drie alternatieve verpakkingen beschikbaar,2026-09-21T13:13:21.002561,82287
BE,Belgium,FAMHP,Metiblo 50 mg/5 ml inj. opl. i.v. amp. 100 x 5 ml,Methylthioninium Chloride,,,3345741,V03AB17,BE475217,Laboratoires Sterop SA-NV,2023-01-01,2030-12-31,,unavailable,Andere reden,Eén of twee alternatieve verpakkingen beschikbaar,2026-09-21T13:13:21.002569,117404
BE,Belgium,FAMHP,Erythrocine 250 mg/5 ml or. susp. (gran.) 80 ml,Erythromycin,,,0842112,J01FA01,BE128703,Amdipharm Ltd.,2023-01-01,2028-06-01,,unavailable,Andere reden,Aanpassing van de behandeling mogelijk,2026-09-21T13:13:21.002576,23116
BE,Belgium,FAMHP,Fercayl 100 mg/2 ml inj./inf. opl. i.m./i.v. amp. 100 x 2 ml,Iron,,,1203132,B03AE01,BE168497,Laboratoires Sterop SA-NV,2023-01-01,2030-12-31,,unavailable,Andere reden,Eén of twee alternatieve verpakkingen beschikbaar,2026-09-21T13:13:21.002583,
BE,Belgium,FAMHP,Hydroxocobalamine Acetate Sterop 10 mg/2 ml or. opl./inj. opl. i.m./i.v. amp. 100 x 2 ml,Hydroxocobalamin Acetate,,,1846674,B03BA03,BE489511,Laboratoires Sterop SA-NV,2022-12-01,2030-12-31,,unavailable,Andere reden,Eén of twee alternatieve verpakkingen beschikbaar,2026-09-21T13:13:21.002591,
BE,Belgium,FAMHP,Procaine HCl Sterop 2% 40 mg/2 ml inj. opl. i.m./s.c. amp. 100 x 2 ml,Procaine Hydrochloride ,,,1847755,N01BA02,BE469431,Laboratoires Sterop SA-NV,2022-11-30,2030-12-31,,unavailable,Andere reden,Minstens drie alternatieve verpakkingen beschikbaar,2026-09-21T13:13:21.002598,
BE,Belgium,FAMHP,Phenobarbital Sodium Sterop 200 mg/2 ml inj. opl. i.v. amp. 100 x 2 ml,Phenobarbital Sodium,,,1847466,N03AA02,BE545164,Laboratoires Sterop SA-NV,2022-11-01,2030-12-31,,unavailable,Andere reden,Eén of twee alternatieve verpakkingen beschikbaar,2026-09-21T13:13:21.002606,21547
BE,Belgium,FAMHP,Phenobarbital Sodium Sterop 100 mg/1 ml inj. opl. i.v. amp. 100 x 1 ml,Phenobarbital Sodium,,,1847458,N03AA02,BE545155,Laboratoires Sterop SA-NV,2022-11-01,2030-12-31,,unavailable,Andere reden,Eén of twee alternatieve verpakkingen beschikbaar,2026-09-21T13:13:21.002613,21547
BE,Belgium,FAMHP,Phenobarbital Sodium Sterop 40 mg/ml inj. opl. i.v. amp. 100 x 1 ml,Phenobarbital Sodium ,,,1847441,N03AA02,BE545146,Laboratoires Sterop SA-NV,2022-11-01,2030-12-31,,unavailable,Andere reden,Eén of twee alternatieve verpakkingen beschikbaar,2026-09-21T13:13:21.002620,
BE,Belgium,FAMHP,Cafeine Sterop 25 mg/2 ml inj. opl. i.v. amp. 100 x 2 ml,Caffeine,,,1846047,N06BC01,BE367954,Laboratoires Sterop SA-NV,2022-11-01,2030-11-30,,unavailable,Andere reden,Eén of twee alternatieve verpakkingen beschikbaar,2026-09-21T13:13:21.002627,
BE,Belgium,FAMHP,Actosolv 100 000 IE inj./inf. opl. (pdr.) i.v./i.arter. 100000 IE,Urokinase,,,0664482,B01AD04,BE140777,Eumedica Pharmaceuticals GmbH,2022-10-24,2026-11-15,,unavailable,Andere reden,Eén of twee alternatieve verpakkingen beschikbaar,2026-09-21T13:13:21.002634,29157
BE,Belgium,FAMHP,Actosolv 600 000 IE inj./inf. opl. (pdr.) i.v./i.arter. 600000 IE,Urokinase,,,0290189,B01AD04,BE156834,Eumedica Pharmaceuticals GmbH,2022-10-12,2026-11-15,,unavailable,Andere reden,Eén of twee alternatieve verpakkingen beschikbaar,2026-09-21T13:13:21.002642,
BE,Belgium,FAMHP,Thiosulfate de Sodium Sterop 1 g/5 ml inj. opl. i.v. amp. 100 x 5 ml,Sodium Thiosulfate Pentahydrate,,,1848290,V03AB06,BE470800,Laboratoires Sterop SA-NV,2022-09-13,2030-12-31,,unavailable,Andere reden,Eén of twee alternatieve verpakkingen beschikbaar,2026-09-21T13:13:21.002649,
BE,Belgium,FAMHP,Tarceva 150 mg (Abacus Medicine) filmomh. tabl. 30,Erlotinib ,,,3872744,L01EB02,EU/1/05/311/003,Abacus Medicine a.s.,2022-02-14,2027-05-26,,unavailable,Andere reden,Eén of twee alternatieve verpakkingen beschikbaar,2026-09-21T13:13:21.002656,79227
BE,Belgium,FAMHP,Ropivacaine Readyfusor 2 mg/ml inf. opl. (toed. systeem) 250 ml,Ropivacaine Hydrochloride,,,4336343,N01BB09,BE522053,BioQ Pharma B.V.,2021-10-22,2026-11-01,,unavailable,Vertraging in de productie,Eén of twee alternatieve verpakkingen beschikbaar,2026-09-21T13:13:21.002664,129895
BE,Belgium,FAMHP,Ropivacaine Readyfusor 2 mg/ml inf. opl. (toed. systeem) 250 ml,Ropivacaine Hydrochloride,,,4336368,N01BB09,BE522053,BioQ Pharma B.V.,2021-10-22,2026-11-01,,unavailable,Vertraging in de productie,Eén of twee alternatieve verpakkingen beschikbaar,2026-09-21T13:13:21.002671,129895
BE,Belgium,FAMHP,Ropivacaine Readyfusor 2 mg/ml inf. opl. (toed. systeem) 250 ml,Ropivacaine Hydrochloride,,,4309217,N01BB09,BE522053,BioQ Pharma B.V.,2021-10-22,2026-11-01,,unavailable,Andere reden,Eén of twee alternatieve verpakkingen beschikbaar,2026-09-21T13:13:21.002678,129895
BE,Belgium,FAMHP,Baxyl Long Acting 200 mg/ml inj. opl. i.m. flac. 250 ml,Oxytetracycline,,,1202829,J01AA06,BE-V137146,Prodivet Pharmaceuticals SA-NV,2021-02-22,2027-06-30,,unavailable,Andere reden,-,2026-09-21T13:13:21.002686,
BE,Belgium,FAMHP,Procaine HCl 4 % + Adrenaline inj. opl. s.c./epidur. flac. 250 ml,"Procaine Hydrochloride, Epinephrine Hydrogen Tartrate",,,1203223,N01BA02,BE-V107791,Prodivet Pharmaceuticals SA-NV,2021-02-19,2027-06-30,,unavailable,Vertraging in de productie,-,2026-09-21T13:13:21.002694,
BE,Belgium,FAMHP,Albunorm 5 % inf. opl. i.v. flac. 250 ml,Albumin Human,,,2995975,B05AA01,BE343262,Octapharma Benelux SA-NV,2021-02-01,2030-09-30,,unavailable,Andere reden,Eén of twee alternatieve verpakkingen beschikbaar,2026-09-21T13:13:21.002701,
BE,Belgium,FAMHP,Albunorm 5 % inf. opl. i.v. flac. 100 ml,Albumin Human,,,2995967,B05AA01,BE343253,Octapharma Benelux SA-NV,2021-02-01,2030-09-30,,unavailable,Andere reden,Eén of twee alternatieve verpakkingen beschikbaar,2026-09-21T13:13:21.002708,69655
BE,Belgium,FAMHP,Albunorm 20 % inf. opl. i.v. flac. 50 ml,Albumin Human ,,,2996023,B05AA01,BE343287,Octapharma Benelux SA-NV,2021-02-01,2030-09-30,,unavailable,Andere reden,Eén of twee alternatieve verpakkingen beschikbaar,2026-09-21T13:13:21.002715,69671
BE,Belgium,FAMHP,Albunorm 5 % inf. opl. i.v. flac. 500 ml,Albumin Human,,,2995991,B05AA01,BE343271,Octapharma Benelux SA-NV,2021-02-01,2030-09-30,,unavailable,Andere reden,Eén of twee alternatieve verpakkingen beschikbaar,2026-09-21T13:13:21.002723,99279
BE,Belgium,FAMHP,Albunorm 20 % inf. opl. i.v. flac. 100 ml,Albumin Human ,,,2996049,B05AA01,BE343296,Octapharma Benelux SA-NV,2021-02-01,2030-09-30,,unavailable,Andere reden,Eén of twee alternatieve verpakkingen beschikbaar,2026-09-21T13:13:21.002730,24082
BE,Belgium,FAMHP,Tylucyl 200 mg/ml inj. opl. i.m./i.v. flac. 250 ml,Tylosin,,,3550506,J01FA90,BE-V497297,Vétoquinol SA-NV,2021-01-01,2026-12-31,,unavailable,Vertraging in de productie,-,2026-09-21T13:13:21.002738,
BE,Belgium,FAMHP,Tylucyl 200 mg/ml inj. opl. i.m./i.v. flac. 100 ml,Tylosin,,,3508181,J01FA90,BE-V497297,Vétoquinol SA-NV,2021-01-01,2026-12-31,,unavailable,Vertraging in de productie,-,2026-09-21T13:13:21.002746,
BE,Belgium,FAMHP,BCG-Medac i.vesic. susp. (pdr. + oplosm.) flac. 1 + 50 ml (Luer Lock adapter),Mycobacterium Tuberculosi (= Bcg) (= Bacillus Calmette-Guerin),,,2912483,L03AX03,BE236056,Medac GmbH,2020-08-01,2027-08-31,,unavailable,Vertraging in de productie,Invoer door de apotheker mogelijk,2026-09-21T13:13:21.002753,67873
BE,Belgium,FAMHP,Poulvac Bursine 2 lyof. voor drinkwater flac. 10 x 5000 doses,"Infectious Bursal Disease Virus, Live, Strain Lukert",,,1151687,I01AD09,BE-V150674,Zoetis Belgium SA-NV,2020-08-01,2026-12-31,,unavailable,Vertraging in de productie,-,2026-09-21T13:13:21.002761,
BE,Belgium,FAMHP,Dolenio 1 178 mg filmomh. tabl. 90,Glucosamine,,,2789980,M01AX05,BE333444,Blue Bio Pharmaceuticals Ltd.,2020-05-07,2026-12-10,,unavailable,Vertraging in de productie,Aanpassing van de behandeling mogelijk (niet-levensnoodzakelijk geneesmiddel),2026-09-21T13:13:21.002768,78964
BE,Belgium,FAMHP,Ephedrine HCL Sterop 10 mg/1 ml inj. opl. i.m./i.v./s.c. amp. 100 x 1 ml,Ephedrine Hydrochloride,,,3215522,R03CA02,BE369564,Laboratoires Sterop SA-NV,2020-03-26,2030-12-31,,unavailable,Andere reden,Aanpassing van de behandeling mogelijk,2026-09-21T13:13:21.002775,
BE,Belgium,FAMHP,Ephedrine HCL Sterop 10 mg/1 ml inj. opl. i.m./i.v./s.c. amp. 10 x 1 ml,Ephedrine Hydrochloride,,,3085677,R03CA02,BE369564,Laboratoires Sterop SA-NV,2020-03-26,2030-12-31,,unavailable,Andere reden,Aanpassing van de behandeling mogelijk,2026-09-21T13:13:21.002783,
BE,Belgium,FAMHP,Panzyga 100 mg/ml inf. opl. i.v. flac. 100 ml,Human Normal Immunoglobulin,,,3641008,J06BA02,BE498826,Octapharma Benelux SA-NV,2020-01-01,2030-09-30,,unavailable,Andere reden,Minstens drie alternatieve verpakkingen beschikbaar,2026-09-21T13:13:21.002790,
BE,Belgium,FAMHP,Fluorescein Sodium Sterop 1 g/5 ml inj. opl. i.v. amp. 10 x 5 ml,Fluorescein Sodium,,,0389684,S01JA01,BE456284,Laboratoires Sterop SA-NV,2019-04-18,2030-12-31,,unavailable,Andere reden,Aanpassing van de behandeling mogelijk,2026-09-21T13:13:21.002797,
BE,Belgium,FAMHP,Fluorescein Sodium Sterop 1 g/5 ml inj. opl. i.v. amp. 100 x 5 ml,Fluorescein Sodium,,,1846435,S01JA01,BE456284,Laboratoires Sterop SA-NV,2019-04-11,2030-12-31,,unavailable,Andere reden,Aanpassing van de behandeling mogelijk,2026-09-21T13:13:21.002804,26263
BE,Belgium,FAMHP,Vulketan 2.5 mg/g gel 75 g,Ketanserin,,,1027515,D03AX90,BE-V155242,Audevard ,2018-04-17,2027-01-01,,unavailable,Andere reden,-,2026-09-21T13:13:21.002812,
BE,Belgium,FAMHP,Ornicure 150 mg/g pdr. voor drinkwater 200 g,Doxycycline,,,3458551,J01AA02,BE-V500773,Oropharma SA-NV,2018-02-05,2026-09-30,,unavailable,Vertraging in de productie,-,2026-09-21T13:13:21.002819,
BE,Belgium,FAMHP,Mycoflor 300 mg/ml inj. opl. i.m. flac. 100 ml,Florfenicol,,,4907622,J01BA90,BE-V413594,S.P. Veterinaria S.A.,2012-03-06,2026-12-31,,unavailable,Andere reden,-,2026-09-21T13:13:21.002826,
BE,Belgium,FAMHP,Mycoflor 300 mg/ml inj. opl. i.m. flac. 250 ml,Florfenicol,,,4907630,J01BA90,BE-V413594,S.P. Veterinaria S.A.,2012-03-06,2026-12-31,,unavailable,Andere reden,-,2026-09-21T13:13:21.002833,
