country_code,country_name,source,medicine_name,active_substance,strength,package_size,product_no,enr,atc_code,shortage_start,estimated_end,status,reason,meldungsart,mah,scraped_at,prk
DE,Germany,BfArM,Gentamicin-POS,Gentamicinsulfat,,,2498613,2102411,S01AA11,2026-06-30,2026-10-31,shortage,Produktionsproblem,Änderungsmeldung,URSAPHARM Arzneimittel GmbH,2026-09-23T20:53:05.491775,
DE,Germany,BfArM,Teicoplanin Eberth 400 mg Pulver zur Herstellung einer Injektions-/Infusionslösung oder einer Lösung zum Einnehmen,Teicoplanin,,,17582880,2203601,J01XA02,2024-12-18,2027-03-31,shortage,Sonstige,Änderungsmeldung,Dr. Friedrich Eberth Arzneimittel GmbH,2026-09-23T20:53:05.491863,33588
DE,Germany,BfArM,Teicoplanin Eberth 200 mg Pulver zur Herstellung einer Injektions-/Infusionslösung oder einer Lösung zum Einnehmen,Teicoplanin,,,17582874,2203600,J01XA02,2024-12-18,2027-03-31,shortage,Sonstige,Änderungsmeldung,Dr. Friedrich Eberth Arzneimittel GmbH,2026-09-23T20:53:05.491921,31895
DE,Germany,BfArM,Fosfomycin Eberth 4 g Pulver zur Herstellung einer Infusionslösung,Fosfomycin-Natrium (Ph.Eur.),,,18167568,2203903,J01XX01,2024-11-05,2027-03-31,shortage,Produktionsproblem,Änderungsmeldung,Dr. Friedrich Eberth Arzneimittel GmbH,2026-09-23T20:53:05.491970,128384
DE,Germany,BfArM,Fosfomycin Eberth 2 g Pulver zur Herstellung einer Infusionslösung,Fosfomycin-Natrium (Ph.Eur.),,,18167551,2203902,J01XX01,2024-11-05,2027-03-31,shortage,Produktionsproblem,Änderungsmeldung,Dr. Friedrich Eberth Arzneimittel GmbH,2026-09-23T20:53:05.492015,
DE,Germany,BfArM,Berirab,Tollwut-Immunglobulin vom Menschen,,,4616146,2602314,J06BB05,2026-09-18,2026-10-31,shortage,Sonstige,Erstmeldung,CSL Behring GmbH,2026-09-23T20:53:05.492063,
DE,Germany,BfArM,Berirab,Tollwut-Immunglobulin vom Menschen,,,4616146,2602314,J06BB05,2026-09-18,2026-10-31,shortage,Sonstige,Erstmeldung,CSL Behring GmbH,2026-09-23T20:53:05.492111,
DE,Germany,BfArM,Levomepromazin-neuraxpharm 25 mg/ml Injektionslösung,Levomepromazinhydrochlorid,,,7464056,0139608,N05AA02,2026-09-25,2026-11-30,shortage,Sonstige,Erstmeldung,neuraxpharm Arzneimittel GmbH,2026-09-23T20:53:05.492155,2097
DE,Germany,BfArM,Fusicutan Creme,Fusidinsäure (Ph.Eur.),,,4980946,2158523,D06AX01,2026-09-18,2026-11-01,shortage,Sonstige,Erstmeldung,Dermapharm Aktiengesellschaft,2026-09-23T20:53:05.492199,16705
DE,Germany,BfArM,Doxyderma 50 mg,Doxycyclin-Monohydrat,,,4972444,2111619,D10BX,2026-09-17,2026-11-22,shortage,Sonstige,Erstmeldung,Dermapharm Aktiengesellschaft,2026-09-23T20:53:05.492243,
DE,Germany,BfArM,Vagantin RIEMSER,Methantheliniumbromid,,,10985801,2188346,D11AA,2025-12-01,2026-12-31,shortage,Produktionsproblem,Änderungsmeldung,Dermapharm Aktiengesellschaft,2026-09-23T20:53:05.492286,
DE,Germany,BfArM,Vagantin RIEMSER,Methantheliniumbromid,,,10985818,2188346,D11AA,2025-12-01,2026-12-31,shortage,Produktionsproblem,Änderungsmeldung,Dermapharm Aktiengesellschaft,2026-09-23T20:53:05.492328,
DE,Germany,BfArM,Vagantin RIEMSER,Methantheliniumbromid,,,10985824,2188346,D11AA,2025-12-01,2026-12-31,shortage,Produktionsproblem,Änderungsmeldung,Dermapharm Aktiengesellschaft,2026-09-23T20:53:05.492370,
DE,Germany,BfArM,"Urapidil AL 90 mg Hartkapseln, retardiert",Urapidil,,,14214377,2198962,C02CA06,2026-09-16,2026-10-01,shortage,Sonstige,Erstmeldung,ALIUD PHARMA GmbH,2026-09-23T20:53:05.492415,
DE,Germany,BfArM,"Urapidil AL 90 mg Hartkapseln, retardiert",Urapidil,,,14214383,2198962,C02CA06,2026-09-16,2026-10-01,shortage,Sonstige,Erstmeldung,ALIUD PHARMA GmbH,2026-09-23T20:53:05.492455,
DE,Germany,BfArM,"Urapidil AL 60 mg Hartkapseln, retardiert",Urapidil,,,14214354,2198961,C02CA06,2026-09-16,2026-10-01,shortage,Sonstige,Erstmeldung,ALIUD PHARMA GmbH,2026-09-23T20:53:05.492502,
DE,Germany,BfArM,"Urapidil AL 60 mg Hartkapseln, retardiert",Urapidil,,,14214360,2198961,C02CA06,2026-09-16,2026-10-01,shortage,Sonstige,Erstmeldung,ALIUD PHARMA GmbH,2026-09-23T20:53:05.492543,
DE,Germany,BfArM,Bronchospray Autohaler,Salbutamolsulfat,,,7820781,2141202,R03AC02,2026-01-16,2027-02-01,shortage,Sonstige,Änderungsmeldung,JensonR+ (Ireland) Limited,2026-09-23T20:53:05.492585,
DE,Germany,BfArM,Arsentrioxid STADA 1 mg/ml Konzentrat zur Herstellung einer Infusionslösung,Arsen(III)-oxid,,,17205367,2202947,L01XX27,2025-05-19,2026-10-05,shortage,Produktionsproblem,Änderungsmeldung,STADAPHARM GmbH,2026-09-23T20:53:05.492626,216380
DE,Germany,BfArM,Aprepitant STADA 125 mg Hartkapseln,Aprepitant,,,16662134,2205366,A04AD12,2025-02-17,2026-10-19,shortage,Produktionsproblem,Änderungsmeldung,STADAPHARM GmbH,2026-09-23T20:53:05.492675,75825
DE,Germany,BfArM,Aprepitant STADA 125 mg und 80 mg Hartkapseln,Aprepitant,,,16662140,2205252,A04AD12,2024-08-05,2026-10-19,shortage,Produktionsproblem,Änderungsmeldung,STADAPHARM GmbH,2026-09-23T20:53:05.492719,
DE,Germany,BfArM,Dexa-Ophtal,Dexamethasondihydrogenphosphat-Dinatrium (Ph.Eur.),,,2935410,0024816,S01BA01,2026-09-21,2026-12-31,shortage,Produktionsproblem,Erstmeldung,Dr. Gerhard Mann chem.-pharm. Fabrik Gesellschaft mit beschränkter Haftung,2026-09-23T20:53:05.492762,214892
DE,Germany,BfArM,Floxal 3 mg/ml Augentropfen,Ofloxacin,,,3820927,2115583,S01AE01,2026-09-21,2026-10-30,shortage,Produktionsproblem,Erstmeldung,Dr. Gerhard Mann chem.-pharm. Fabrik Gesellschaft mit beschränkter Haftung,2026-09-23T20:53:05.492804,220582
DE,Germany,BfArM,Miochol-E Pulver und Lösungsmittel zur Herstellung einer Instillationslösung zur intraokularen Anwendung,Acetylcholinchlorid,,,1084648,0309602,S01EB09,2026-05-15,2027-01-15,shortage,Produktionsproblem,Änderungsmeldung,Dr. Gerhard Mann chem.-pharm. Fabrik Gesellschaft mit beschränkter Haftung,2026-09-23T20:53:05.492844,23930
DE,Germany,BfArM,Escitalopram-Micro Labs 15 mg Filmtabletten,Escitalopramoxalat,,,11695962,2186906,N06AB10,2026-09-10,2026-10-22,shortage,Sonstige,Erstmeldung,Micro Labs GmbH,2026-09-23T20:53:05.492886,85081
DE,Germany,BfArM,Escitalopram-Micro Labs 20 mg Filmtabletten,Escitalopramoxalat,,,11695979,2186907,N06AB10,2026-07-06,2026-10-09,shortage,Sonstige,Änderungsmeldung,Micro Labs GmbH,2026-09-23T20:53:05.492932,74977
DE,Germany,BfArM,Escitalopram-Micro Labs 20 mg Filmtabletten,Escitalopramoxalat,,,11695991,2186907,N06AB10,2026-07-06,2026-10-09,shortage,Sonstige,Änderungsmeldung,Micro Labs GmbH,2026-09-23T20:53:05.492980,74977
DE,Germany,BfArM,Escitalopram-Micro Labs 10 mg Filmtabletten,Escitalopramoxalat,,,11695904,2186905,N06AB10,2026-07-03,2026-10-22,shortage,Sonstige,Änderungsmeldung,Micro Labs GmbH,2026-09-23T20:53:05.493022,74969
DE,Germany,BfArM,Escitalopram-Micro Labs 10 mg Filmtabletten,Escitalopramoxalat,,,11695910,2186905,N06AB10,2026-07-03,2026-10-22,shortage,Sonstige,Änderungsmeldung,Micro Labs GmbH,2026-09-23T20:53:05.493067,74969
DE,Germany,BfArM,Escitalopram-Micro Labs 10 mg Filmtabletten,Escitalopramoxalat,,,11695927,2186905,N06AB10,2026-07-03,2026-10-22,shortage,Sonstige,Änderungsmeldung,Micro Labs GmbH,2026-09-23T20:53:05.493108,74969
DE,Germany,BfArM,Telmisartan Micro Labs 20 mg Tabletten,Telmisartan,,,13881321,2198054,C09CA07,2026-02-18,2026-10-06,shortage,Sonstige,Änderungsmeldung,Micro Labs GmbH,2026-09-23T20:53:05.493149,57509
DE,Germany,BfArM,Escitalopram-Micro Labs 5 mg Filmtabletten,Escitalopramoxalat,,,11695896,2186904,N06AB10,2026-06-30,2026-10-09,shortage,Sonstige,Änderungsmeldung,Micro Labs GmbH,2026-09-23T20:53:05.493189,97802
DE,Germany,BfArM,Pantoprazol-Micro Labs 40 mg magensaftresistente Tabletten,Pantoprazol-Natrium-Sesquihydrat,,,10516704,2179977,A02BC02,2026-07-03,2026-09-25,shortage,Sonstige,Änderungsmeldung,Micro Labs GmbH,2026-09-23T20:53:05.493234,43044
DE,Germany,BfArM,Pantoprazol-Micro Labs 40 mg magensaftresistente Tabletten,Pantoprazol-Natrium-Sesquihydrat,,,10516710,2179977,A02BC02,2026-07-03,2026-09-25,shortage,Sonstige,Änderungsmeldung,Micro Labs GmbH,2026-09-23T20:53:05.493276,43044
DE,Germany,BfArM,Pantoprazol-Micro Labs 40 mg magensaftresistente Tabletten,Pantoprazol-Natrium-Sesquihydrat,,,17378458,2179977,A02BC02,2026-07-03,2026-09-25,shortage,Sonstige,Änderungsmeldung,Micro Labs GmbH,2026-09-23T20:53:05.493316,43044
DE,Germany,BfArM,Pantoprazol-Micro Labs 40 mg magensaftresistente Tabletten,Pantoprazol-Natrium-Sesquihydrat,,,17378464,2179977,A02BC02,2026-07-03,2026-09-25,shortage,Sonstige,Änderungsmeldung,Micro Labs GmbH,2026-09-23T20:53:05.493361,43044
DE,Germany,BfArM,Pantoprazol-Micro Labs 40 mg magensaftresistente Tabletten,Pantoprazol-Natrium-Sesquihydrat,,,17378470,2179977,A02BC02,2026-07-03,2026-09-25,shortage,Sonstige,Änderungsmeldung,Micro Labs GmbH,2026-09-23T20:53:05.493402,43044
DE,Germany,BfArM,Pantoprazol-Micro Labs 40 mg magensaftresistente Tabletten,Pantoprazol-Natrium-Sesquihydrat,,,18874024,2179977,A02BC02,2026-07-03,2026-09-25,shortage,Sonstige,Änderungsmeldung,Micro Labs GmbH,2026-09-23T20:53:05.493448,43044
DE,Germany,BfArM,"Amitriptylin Micro Labs 22,1 mg Filmtabletten",Amitriptylinhydrochlorid,,,16531739,2201945,N06AA09,2026-03-26,2026-10-09,shortage,Sonstige,Änderungsmeldung,Micro Labs GmbH,2026-09-23T20:53:05.493494,
DE,Germany,BfArM,"Amitriptylin Micro Labs 22,1 mg Filmtabletten",Amitriptylinhydrochlorid,,,16531745,2201945,N06AA09,2026-03-26,2026-10-09,shortage,Sonstige,Änderungsmeldung,Micro Labs GmbH,2026-09-23T20:53:05.493549,7854
DE,Germany,BfArM,"Amitriptylin Micro Labs 22,1 mg Filmtabletten",Amitriptylinhydrochlorid,,,16531751,2201945,N06AA09,2026-03-26,2026-10-09,shortage,Sonstige,Änderungsmeldung,Micro Labs GmbH,2026-09-23T20:53:05.493590,7854
DE,Germany,BfArM,"Amitriptylin Micro Labs 88,38 mg Filmtabletten",Amitriptylinhydrochlorid,,,16531886,2201948,N06AA09,2026-08-14,2026-10-09,shortage,Sonstige,Änderungsmeldung,Micro Labs GmbH,2026-09-23T20:53:05.493633,
DE,Germany,BfArM,"Amitriptylin Micro Labs 88,38 mg Filmtabletten",Amitriptylinhydrochlorid,,,16531892,2201948,N06AA09,2026-08-14,2026-10-09,shortage,Sonstige,Änderungsmeldung,Micro Labs GmbH,2026-09-23T20:53:05.493674,
DE,Germany,BfArM,"Amitriptylin Micro Labs 88,38 mg Filmtabletten",Amitriptylinhydrochlorid,,,16531900,2201948,N06AA09,2026-08-14,2026-10-09,shortage,Sonstige,Änderungsmeldung,Micro Labs GmbH,2026-09-23T20:53:05.493714,
DE,Germany,BfArM,"Amitriptylin Micro Labs 44,19 mg Filmtabletten",Amitriptylinhydrochlorid,,,16531774,2201946,N06AA09,2026-08-14,2026-10-09,shortage,Sonstige,Änderungsmeldung,Micro Labs GmbH,2026-09-23T20:53:05.493754,7862
DE,Germany,BfArM,"Amitriptylin Micro Labs 44,19 mg Filmtabletten",Amitriptylinhydrochlorid,,,16531780,2201946,N06AA09,2026-08-14,2026-10-09,shortage,Sonstige,Änderungsmeldung,Micro Labs GmbH,2026-09-23T20:53:05.493793,7862
DE,Germany,BfArM,"Moxifloxacin Micro Labs 5 mg/ml Augentropfen, Lösung",Moxifloxacinhydrochlorid (Ph.Eur.) ((mit Angaben zum Wasser-Gehalt (1:x))),,,16385657,2199474,S01AE07,2026-08-25,2026-10-09,shortage,Sonstige,Änderungsmeldung,Micro Labs GmbH,2026-09-23T20:53:05.493833,221031
DE,Germany,BfArM,Gabapentin-Micro Labs 800 mg Filmtabletten,Gabapentin,,,10517187,2183414,N02BF01,2026-03-19,2026-10-05,shortage,Sonstige,Änderungsmeldung,Micro Labs GmbH,2026-09-23T20:53:05.493876,57568
DE,Germany,BfArM,Gabapentin-Micro Labs 800 mg Filmtabletten,Gabapentin,,,10517193,2183414,N02BF01,2026-03-19,2026-10-05,shortage,Sonstige,Änderungsmeldung,Micro Labs GmbH,2026-09-23T20:53:05.493916,57568
DE,Germany,BfArM,Palonosetron Fresenius Kabi 250 Mikrogramm Injektionslösung,Palonosetronhydrochlorid,,,14240239,2195306,A04AA05,2026-08-17,2026-10-07,shortage,Produktionsproblem,Änderungsmeldung,Fresenius Kabi Deutschland GmbH,2026-09-23T20:53:05.493957,
DE,Germany,BfArM,Dexahexal 4 mg,Dexamethasondihydrogenphosphat-Dinatrium (Ph.Eur.),,,1276891,2150745,H02AB02,2026-02-12,2026-12-31,shortage,Sonstige,Änderungsmeldung,H e x a l  Aktiengesellschaft,2026-09-23T20:53:05.493996,75108
DE,Germany,BfArM,Cefuroxim - 1 A Pharma 125 mg/5 ml Granulat zur Herstellung einer Suspension zum Einnehmen,Cefuroximaxetil,,,18168705,2122755,J01DC02,2026-07-14,2026-11-13,shortage,Sonstige,Änderungsmeldung,1 A Pharma GmbH,2026-09-23T20:53:05.494036,
DE,Germany,BfArM,"BisoHEXAL plus 5/12,5",Bisoprololfumarat (Ph.Eur.); Hydrochlorothiazid,,,2426625,2146827,C07BB07,2026-02-19,2026-12-18,shortage,Sonstige,Änderungsmeldung,H e x a l  Aktiengesellschaft,2026-09-23T20:53:05.494076,39527
DE,Germany,BfArM,Abirateron HEXAL 1000 mg Filmtabletten,Abirateronacetat,,,17560536,7000245,L02BX03,2026-01-21,2026-11-06,shortage,Sonstige,Änderungsmeldung,H e x a l  Aktiengesellschaft,2026-09-23T20:53:05.494116,216526
DE,Germany,BfArM,Abirateron HEXAL 1000 mg Filmtabletten,Abirateronacetat,,,17560571,7000245,L02BX03,2026-01-21,2026-11-06,shortage,Sonstige,Änderungsmeldung,H e x a l  Aktiengesellschaft,2026-09-23T20:53:05.494160,216526
DE,Germany,BfArM,Amineurin 10,Amitriptylinhydrochlorid,,,3634314,2109768,N06AA09,2026-06-10,2026-10-07,shortage,Sonstige,Änderungsmeldung,H e x a l  Aktiengesellschaft,2026-09-23T20:53:05.494203,7846
DE,Germany,BfArM,Amineurin 10,Amitriptylinhydrochlorid,,,3634320,2109768,N06AA09,2026-06-10,2026-10-07,shortage,Sonstige,Änderungsmeldung,H e x a l  Aktiengesellschaft,2026-09-23T20:53:05.494243,7846
DE,Germany,BfArM,Amineurin 10,Amitriptylinhydrochlorid,,,3634337,2109768,N06AA09,2026-06-10,2026-10-07,shortage,Sonstige,Änderungsmeldung,H e x a l  Aktiengesellschaft,2026-09-23T20:53:05.494286,7846
DE,Germany,BfArM,Quetiapin - 1 A Pharma 600 mg Retardtabletten,Quetiapinfumarat (Ph.Eur.),,,16536292,2205901,N05AH04,2024-11-06,2026-11-30,shortage,Produktionsproblem,Änderungsmeldung,1 A Pharma GmbH,2026-09-23T20:53:05.494328,
DE,Germany,BfArM,Quetiapin - 1 A Pharma 600 mg Retardtabletten,Quetiapinfumarat (Ph.Eur.),,,16536300,2205901,N05AH04,2024-11-06,2026-11-30,shortage,Produktionsproblem,Änderungsmeldung,1 A Pharma GmbH,2026-09-23T20:53:05.494370,
DE,Germany,BfArM,Quetiapin - 1 A Pharma 600 mg Retardtabletten,Quetiapinfumarat (Ph.Eur.),,,16536317,2205901,N05AH04,2024-11-06,2026-11-30,shortage,Produktionsproblem,Änderungsmeldung,1 A Pharma GmbH,2026-09-23T20:53:05.494412,
DE,Germany,BfArM,Quetiapin - 1 A Pharma 50 mg Retardtabletten,Quetiapinfumarat (Ph.Eur.),,,10071892,2195200,N05AH04,2024-10-31,2026-11-30,shortage,Produktionsproblem,Änderungsmeldung,1 A Pharma GmbH,2026-09-23T20:53:05.494457,84182
DE,Germany,BfArM,Quetiapin - 1 A Pharma 50 mg Retardtabletten,Quetiapinfumarat (Ph.Eur.),,,10071900,2195200,N05AH04,2024-10-31,2026-11-30,shortage,Produktionsproblem,Änderungsmeldung,1 A Pharma GmbH,2026-09-23T20:53:05.494498,84182
DE,Germany,BfArM,Quetiapin - 1 A Pharma 50 mg Retardtabletten,Quetiapinfumarat (Ph.Eur.),,,10071917,2195200,N05AH04,2024-10-31,2026-11-30,shortage,Produktionsproblem,Änderungsmeldung,1 A Pharma GmbH,2026-09-23T20:53:05.494541,84182
DE,Germany,BfArM,Quetiapin HEXAL 50 mg Retardtabletten,Quetiapinfumarat (Ph.Eur.),,,9637609,2190547,N05AH04,2024-11-09,2026-11-30,shortage,Produktionsproblem,Änderungsmeldung,H e x a l  Aktiengesellschaft,2026-09-23T20:53:05.494582,84182
DE,Germany,BfArM,Quetiapin HEXAL 50 mg Retardtabletten,Quetiapinfumarat (Ph.Eur.),,,9637615,2190547,N05AH04,2024-11-09,2026-11-30,shortage,Produktionsproblem,Änderungsmeldung,H e x a l  Aktiengesellschaft,2026-09-23T20:53:05.494622,84182
DE,Germany,BfArM,Quetiapin HEXAL 50 mg Retardtabletten,Quetiapinfumarat (Ph.Eur.),,,9637621,2190547,N05AH04,2024-11-09,2026-11-30,shortage,Produktionsproblem,Änderungsmeldung,H e x a l  Aktiengesellschaft,2026-09-23T20:53:05.494666,84182
DE,Germany,BfArM,Quetiapin HEXAL 400 mg Retardtabletten,Quetiapinfumarat (Ph.Eur.),,,9637756,2190551,N05AH04,2024-11-20,2026-11-30,shortage,Produktionsproblem,Änderungsmeldung,H e x a l  Aktiengesellschaft,2026-09-23T20:53:05.494706,84212
DE,Germany,BfArM,Quetiapin - 1 A Pharma 400 mg Retardtabletten,Quetiapinfumarat (Ph.Eur.),,,9947215,2195204,N05AH04,2025-01-31,2026-11-30,shortage,Produktionsproblem,Änderungsmeldung,1 A Pharma GmbH,2026-09-23T20:53:05.494747,84212
DE,Germany,BfArM,Quetiapin - 1 A Pharma 400 mg Retardtabletten,Quetiapinfumarat (Ph.Eur.),,,9947238,2195204,N05AH04,2025-01-31,2026-11-30,shortage,Produktionsproblem,Änderungsmeldung,1 A Pharma GmbH,2026-09-23T20:53:05.494787,84212
DE,Germany,BfArM,Quetiapin - 1 A Pharma 400 mg Retardtabletten,Quetiapinfumarat (Ph.Eur.),,,9947244,2195204,N05AH04,2025-01-31,2026-11-30,shortage,Produktionsproblem,Änderungsmeldung,1 A Pharma GmbH,2026-09-23T20:53:05.494828,84212
DE,Germany,BfArM,Quetiapin HEXAL 300 mg Retardtabletten,Quetiapinfumarat (Ph.Eur.),,,9637710,2190550,N05AH04,2024-12-07,2026-11-30,shortage,Produktionsproblem,Änderungsmeldung,H e x a l  Aktiengesellschaft,2026-09-23T20:53:05.494869,84204
DE,Germany,BfArM,Quetiapin HEXAL 300 mg Retardtabletten,Quetiapinfumarat (Ph.Eur.),,,9637727,2190550,N05AH04,2024-12-07,2026-11-30,shortage,Produktionsproblem,Änderungsmeldung,H e x a l  Aktiengesellschaft,2026-09-23T20:53:05.494909,84204
DE,Germany,BfArM,Quetiapin HEXAL 300 mg Retardtabletten,Quetiapinfumarat (Ph.Eur.),,,9637733,2190550,N05AH04,2024-12-07,2026-11-30,shortage,Produktionsproblem,Änderungsmeldung,H e x a l  Aktiengesellschaft,2026-09-23T20:53:05.494950,84204
DE,Germany,BfArM,Quetiapin - 1 A Pharma 300 mg Retardtabletten,Quetiapinfumarat (Ph.Eur.),,,9947161,2195203,N05AH04,2024-11-30,2026-11-30,shortage,Produktionsproblem,Änderungsmeldung,1 A Pharma GmbH,2026-09-23T20:53:05.494989,84204
DE,Germany,BfArM,Quetiapin - 1 A Pharma 300 mg Retardtabletten,Quetiapinfumarat (Ph.Eur.),,,9947178,2195203,N05AH04,2024-11-30,2026-11-30,shortage,Produktionsproblem,Änderungsmeldung,1 A Pharma GmbH,2026-09-23T20:53:05.495028,84204
DE,Germany,BfArM,Quetiapin - 1 A Pharma 300 mg Retardtabletten,Quetiapinfumarat (Ph.Eur.),,,9947184,2195203,N05AH04,2024-11-30,2026-11-30,shortage,Produktionsproblem,Änderungsmeldung,1 A Pharma GmbH,2026-09-23T20:53:05.495069,84204
DE,Germany,BfArM,Quetiapin HEXAL 200 mg Retardtabletten,Quetiapinfumarat (Ph.Eur.),,,9637673,2190549,N05AH04,2024-12-17,2026-11-30,shortage,Produktionsproblem,Änderungsmeldung,H e x a l  Aktiengesellschaft,2026-09-23T20:53:05.495114,84190
DE,Germany,BfArM,Quetiapin HEXAL 200 mg Retardtabletten,Quetiapinfumarat (Ph.Eur.),,,9637696,2190549,N05AH04,2024-12-17,2026-11-30,shortage,Produktionsproblem,Änderungsmeldung,H e x a l  Aktiengesellschaft,2026-09-23T20:53:05.495156,84190
DE,Germany,BfArM,Quetiapin HEXAL 200 mg Retardtabletten,Quetiapinfumarat (Ph.Eur.),,,9637704,2190549,N05AH04,2024-12-17,2026-11-30,shortage,Produktionsproblem,Änderungsmeldung,H e x a l  Aktiengesellschaft,2026-09-23T20:53:05.495196,84190
DE,Germany,BfArM,Quetiapin - 1 A Pharma 200 mg Retardtabletten,Quetiapinfumarat (Ph.Eur.),,,9947126,2195202,N05AH04,2024-12-14,2026-11-30,shortage,Produktionsproblem,Änderungsmeldung,1 A Pharma GmbH,2026-09-23T20:53:05.495237,84190
DE,Germany,BfArM,Quetiapin - 1 A Pharma 200 mg Retardtabletten,Quetiapinfumarat (Ph.Eur.),,,9947149,2195202,N05AH04,2024-12-14,2026-11-30,shortage,Produktionsproblem,Änderungsmeldung,1 A Pharma GmbH,2026-09-23T20:53:05.495286,84190
DE,Germany,BfArM,Quetiapin - 1 A Pharma 200 mg Retardtabletten,Quetiapinfumarat (Ph.Eur.),,,9947155,2195202,N05AH04,2024-12-14,2026-11-30,shortage,Produktionsproblem,Änderungsmeldung,1 A Pharma GmbH,2026-09-23T20:53:05.495327,84190
DE,Germany,BfArM,Quetiapin HEXAL 150 mg Retardtabletten,Quetiapinfumarat (Ph.Eur.),,,9637644,2190548,N05AH04,2024-12-18,2026-11-30,shortage,Produktionsproblem,Änderungsmeldung,H e x a l  Aktiengesellschaft,2026-09-23T20:53:05.495367,94757
DE,Germany,BfArM,Quetiapin HEXAL 150 mg Retardtabletten,Quetiapinfumarat (Ph.Eur.),,,9637650,2190548,N05AH04,2024-12-18,2026-11-30,shortage,Produktionsproblem,Änderungsmeldung,H e x a l  Aktiengesellschaft,2026-09-23T20:53:05.495406,94757
DE,Germany,BfArM,Quetiapin HEXAL 150 mg Retardtabletten,Quetiapinfumarat (Ph.Eur.),,,9637667,2190548,N05AH04,2024-12-18,2026-11-30,shortage,Produktionsproblem,Änderungsmeldung,H e x a l  Aktiengesellschaft,2026-09-23T20:53:05.495447,94757
DE,Germany,BfArM,Quetiapin - 1 A Pharma 150 mg Retardtabletten,Quetiapinfumarat (Ph.Eur.),,,11192037,2195201,N05AH04,2024-12-14,2026-11-30,shortage,Produktionsproblem,Änderungsmeldung,1 A Pharma GmbH,2026-09-23T20:53:05.495486,94757
DE,Germany,BfArM,Quetiapin - 1 A Pharma 150 mg Retardtabletten,Quetiapinfumarat (Ph.Eur.),,,11192043,2195201,N05AH04,2024-12-14,2026-11-30,shortage,Produktionsproblem,Änderungsmeldung,1 A Pharma GmbH,2026-09-23T20:53:05.495526,94757
DE,Germany,BfArM,Quetiapin - 1 A Pharma 150 mg Retardtabletten,Quetiapinfumarat (Ph.Eur.),,,11192066,2195201,N05AH04,2024-12-14,2026-11-30,shortage,Produktionsproblem,Änderungsmeldung,1 A Pharma GmbH,2026-09-23T20:53:05.495566,94757
DE,Germany,BfArM,Oxcarbazepin - 1 A Pharma 60 mg/ml Suspension zum Einnehmen,Oxcarbazepin,,,9318413,2178617,N03AF02,2025-05-09,2026-11-30,shortage,Sonstige,Änderungsmeldung,1 A Pharma GmbH,2026-09-23T20:53:05.495606,70483
DE,Germany,BfArM,Levetiracetam - 1 A Pharma 1500 mg Filmtabletten,Levetiracetam,,,16396342,2205267,N03AX14,2025-11-25,2026-11-30,shortage,Sonstige,Änderungsmeldung,1 A Pharma GmbH,2026-09-23T20:53:05.495645,
DE,Germany,BfArM,Atomoxe - 1 A Pharma 60 mg Hartkapseln,Atomoxetinhydrochlorid,,,14352470,2196159,N06BA09,2024-07-31,2026-10-15,shortage,Sonstige,Änderungsmeldung,1 A Pharma GmbH,2026-09-23T20:53:05.495688,76740
DE,Germany,BfArM,Atomoxe - 1 A Pharma 60 mg Hartkapseln,Atomoxetinhydrochlorid,,,14352487,2196159,N06BA09,2024-07-31,2026-10-15,shortage,Sonstige,Änderungsmeldung,1 A Pharma GmbH,2026-09-23T20:53:05.495727,76740
DE,Germany,BfArM,Atomoxe - 1 A Pharma 25 mg Hartkapseln,Atomoxetinhydrochlorid,,,14352257,2196157,N06BA09,2024-07-31,2026-11-30,shortage,Sonstige,Änderungsmeldung,1 A Pharma GmbH,2026-09-23T20:53:05.495769,
DE,Germany,BfArM,Atomoxe - 1 A Pharma 25 mg Hartkapseln,Atomoxetinhydrochlorid,,,14352292,2196157,N06BA09,2024-07-31,2026-11-30,shortage,Sonstige,Änderungsmeldung,1 A Pharma GmbH,2026-09-23T20:53:05.495823,
DE,Germany,BfArM,Atomoxe - 1 A Pharma 25 mg Hartkapseln,Atomoxetinhydrochlorid,,,14352435,2196157,N06BA09,2024-07-31,2026-11-30,shortage,Sonstige,Änderungsmeldung,1 A Pharma GmbH,2026-09-23T20:53:05.495864,
DE,Germany,BfArM,Atomoxe - 1 A Pharma 18 mg Hartkapseln,Atomoxetinhydrochlorid,,,14352234,2196156,N06BA09,2024-07-31,2026-11-30,shortage,Sonstige,Änderungsmeldung,1 A Pharma GmbH,2026-09-23T20:53:05.495904,76716
DE,Germany,BfArM,Atomoxe - 1 A Pharma 10 mg Hartkapseln,Atomoxetinhydrochlorid,,,14352211,2196155,N06BA09,2024-07-31,2026-11-30,shortage,Sonstige,Änderungsmeldung,1 A Pharma GmbH,2026-09-23T20:53:05.495952,76708
DE,Germany,BfArM,Atomoxe - 1 A Pharma 10 mg Hartkapseln,Atomoxetinhydrochlorid,,,14352228,2196155,N06BA09,2024-07-31,2026-11-30,shortage,Sonstige,Änderungsmeldung,1 A Pharma GmbH,2026-09-23T20:53:05.495992,76708
DE,Germany,BfArM,Atomoxe - 1 A Pharma 100 mg Hartkapseln,Atomoxetinhydrochlorid,,,14352518,2196161,N06BA09,2024-07-31,2026-11-30,shortage,Sonstige,Änderungsmeldung,1 A Pharma GmbH,2026-09-23T20:53:05.496033,105309
DE,Germany,BfArM,Atomoxe - 1 A Pharma 100 mg Hartkapseln,Atomoxetinhydrochlorid,,,14352694,2196161,N06BA09,2024-07-31,2026-11-30,shortage,Sonstige,Änderungsmeldung,1 A Pharma GmbH,2026-09-23T20:53:05.496073,105309
DE,Germany,BfArM,MetoHEXAL 200 mg retard,Metoprololtartrat (Ph.Eur.),,,3913089,2114047,C07AB02,2026-07-04,2026-12-31,shortage,Sonstige,Änderungsmeldung,H e x a l  Aktiengesellschaft,2026-09-23T20:53:05.496113,57169
DE,Germany,BfArM,MetoHEXAL 200 mg retard,Metoprololtartrat (Ph.Eur.),,,6183059,2114047,C07AB02,2026-07-04,2026-12-31,shortage,Sonstige,Änderungsmeldung,H e x a l  Aktiengesellschaft,2026-09-23T20:53:05.496172,57169
DE,Germany,BfArM,Levetiracetam HEXAL 100 mg/ml Konzentrat zur Herstellung einer Infusionslösung,Levetiracetam,,,9276117,2183333,N03AX14,2026-07-06,2026-11-13,shortage,Sonstige,Änderungsmeldung,H e x a l  Aktiengesellschaft,2026-09-23T20:53:05.496216,80926
DE,Germany,BfArM,Abirateron HEXAL 500 mg Filmtabletten,Abirateronacetat,,,17560499,2205277,L02BX03,2026-02-11,2026-10-02,shortage,Sonstige,Änderungsmeldung,H e x a l  Aktiengesellschaft,2026-09-23T20:53:05.496262,136913
DE,Germany,BfArM,Cyclophosphamid HEXAL 500 mg,Cyclophosphamid Monohydrat,,,10550552,2190399,L01AA01,2026-04-23,2026-09-21,resolved,Sonstige,Änderungsmeldung,H e x a l  Aktiengesellschaft,2026-09-23T20:53:05.496306,
DE,Germany,BfArM,"Bisoprolol plus 5/12,5 - 1 A Pharma",Bisoprololfumarat (Ph.Eur.); Hydrochlorothiazid,,,1620437,2146826,C07BB07,2026-03-05,2026-12-31,shortage,Sonstige,Änderungsmeldung,1 A Pharma GmbH,2026-09-23T20:53:05.496347,39527
DE,Germany,BfArM,"Bisoprolol plus 5/12,5 - 1 A Pharma",Bisoprololfumarat (Ph.Eur.); Hydrochlorothiazid,,,1620443,2146826,C07BB07,2026-03-05,2026-12-31,shortage,Sonstige,Änderungsmeldung,1 A Pharma GmbH,2026-09-23T20:53:05.496388,39527
DE,Germany,BfArM,Baqsimi 3 mg Nasenpulver in einem Einzeldosisbehältnis,Glucagon,,,15999021,2714956,H04AA01,2026-09-21,2026-11-27,shortage,Produktionsproblem,Erstmeldung,Amphastar France Pharmaceuticals Rechtsform: S.A.S.,2026-09-23T20:53:05.496424,205079
DE,Germany,BfArM,Xenpozyme,Olipudase alfa,,,13967057,7021642,A16AB25,2026-10-26,2026-12-31,shortage,Produktionsproblem,Erstmeldung,Sanofi B.V.,2026-09-23T20:53:05.496463,
DE,Germany,BfArM,Nepexto 50 mg Injektionslösung in einer Fertigspritze,Etanercept,,,15862859,2714960,L04AB01,2025-10-27,2026-09-25,shortage,Sonstige,Änderungsmeldung,Biosimilar Collaborations Ireland Limited,2026-09-23T20:53:05.496498,81647
DE,Germany,BfArM,Valgapan 50 mg/ml Pulver zur Herstellung einer Lösung zum Einnehmen,Valganciclovirhydrochlorid,,,18892453,7008394,J05AB14,2026-09-17,2026-12-01,shortage,Sonstige,Änderungsmeldung,Panacea Biotec Germany GmbH,2026-09-23T20:53:05.496532,134708
DE,Germany,BfArM,Presinol 500,Methyldopa (Ph.Eur.),,,2191151,0321879,C02AB01,2026-10-30,2026-12-18,shortage,Produktionsproblem,Erstmeldung,TEOFARMA S.R.L.,2026-09-23T20:53:05.496567,3794
DE,Germany,BfArM,Lanthan Mylan 1000 mg Kautabletten,Lanthan,,,17167810,2202089,V03AE03,2026-09-17,2027-03-15,shortage,Produktionsproblem,Erstmeldung,Viatris Germany GmbH,2026-09-23T20:53:05.496601,86843
DE,Germany,BfArM,Lanthan Mylan 500 mg Kautabletten,Lanthan,,,17167773,2202087,V03AE03,2026-09-17,2027-03-15,shortage,Produktionsproblem,Erstmeldung,Viatris Germany GmbH,2026-09-23T20:53:05.496635,80136
DE,Germany,BfArM,"Perindopril-dura plus 4 mg/1,25 mg Tabletten",Indapamid; Perindopril-tert-butylamin,,,5870094,2173238,C09BA04,2026-09-11,2026-11-16,shortage,Sonstige,Erstmeldung,Viatris Germany GmbH,2026-09-23T20:53:05.496669,60577
DE,Germany,BfArM,ZYPADHERA 300 mg Pulver und Lösungsmittel zur Herstellung einer Depot-Injektionssuspension - OP(690mg+3ml),Olanzapinembonat-Monohydrat,,,7373307,2705750,N05AH03,2026-07-22,2026-10-28,shortage,Produktionsproblem,Änderungsmeldung,Cheplapharm Registration GmbH,2026-09-23T20:53:05.496704,90204
DE,Germany,BfArM,ZYPADHERA 210 mg Pulver und Lösungsmittel zur Herstellung einer Depot-Injektionssuspension - OP(483mg+3ml),Olanzapinembonat-Monohydrat,,,7373230,2705749,N05AH03,2026-09-19,2026-12-02,shortage,Produktionsproblem,Änderungsmeldung,Cheplapharm Registration GmbH,2026-09-23T20:53:05.496738,90190
DE,Germany,BfArM,ZYPADHERA 405 mg Pulver und Lösungsmittel zur Herstellung einer Depot-Injektionssuspension - OP(931mg+3ml),Olanzapinembonat-Monohydrat,,,7373336,2705751,N05AH03,2026-09-29,2026-11-25,shortage,Produktionsproblem,Änderungsmeldung,Cheplapharm Registration GmbH,2026-09-23T20:53:05.496773,90212
DE,Germany,BfArM,Volon A 40,Triamcinolonacetonid,,,4612906,2113068,H02AB08,2026-08-26,2026-11-20,shortage,Sonstige,Änderungsmeldung,Dermapharm Aktiengesellschaft,2026-09-23T20:53:05.496808,
DE,Germany,BfArM,Volon A 40,Triamcinolonacetonid,,,11213101,2113068,H02AB08,2026-08-26,2026-11-20,shortage,Sonstige,Änderungsmeldung,Dermapharm Aktiengesellschaft,2026-09-23T20:53:05.496842,73105
DE,Germany,BfArM,Hydrocutan Creme 1%,Hydrocortison,,,6577031,2157578,D07AA02,2026-08-17,2026-10-11,shortage,Sonstige,Änderungsmeldung,Dermapharm Aktiengesellschaft,2026-09-23T20:53:05.496876,10146
DE,Germany,BfArM,Hydrocutan Creme 1%,Hydrocortison,,,6577048,2157578,D07AA02,2026-08-17,2026-10-11,shortage,Sonstige,Änderungsmeldung,Dermapharm Aktiengesellschaft,2026-09-23T20:53:05.496910,10146
DE,Germany,BfArM,Eremfat i.v. 600mg,Rifampicin-Natrium,,,9505115,2106371,J04AB02,2026-08-26,2026-10-12,shortage,Sonstige,Änderungsmeldung,Riemser Pharma GmbH,2026-09-23T20:53:05.496945,21237
DE,Germany,BfArM,Eremfat i.v. 300mg,Rifampicin-Natrium,,,9505090,2106370,J04AB02,2026-08-26,2026-10-12,shortage,Sonstige,Änderungsmeldung,Riemser Pharma GmbH,2026-09-23T20:53:05.496979,
DE,Germany,BfArM,Topiramat-Hormosan 50 mg Filmtabletten,Topiramat,,,5395701,2164820,N03AX11,2026-05-01,2026-10-31,shortage,Sonstige,Änderungsmeldung,Hormosan Pharma Gesellschaft mit beschränkter Haftung,2026-09-23T20:53:05.497013,43982
DE,Germany,BfArM,Aknenormin 10 mg Weichkapseln,Isotretinoin,,,2481914,2155003,D10BA01,2026-09-11,2026-12-31,shortage,Sonstige,Änderungsmeldung,ALMIRALL HERMAL GmbH,2026-09-23T20:53:05.497050,69493
DE,Germany,BfArM,Aknenormin 10 mg Weichkapseln,Isotretinoin,,,2931493,2155003,D10BA01,2026-09-11,2026-12-31,shortage,Sonstige,Änderungsmeldung,ALMIRALL HERMAL GmbH,2026-09-23T20:53:05.497087,69493
DE,Germany,BfArM,Aknenormin 10 mg Weichkapseln,Isotretinoin,,,3655730,2155003,D10BA01,2026-09-11,2026-12-31,shortage,Sonstige,Änderungsmeldung,ALMIRALL HERMAL GmbH,2026-09-23T20:53:05.497137,69493
DE,Germany,BfArM,Aknenormin 10 mg Weichkapseln,Isotretinoin,,,3655753,2155003,D10BA01,2026-09-11,2026-12-31,shortage,Sonstige,Änderungsmeldung,ALMIRALL HERMAL GmbH,2026-09-23T20:53:05.497173,69493
DE,Germany,BfArM,Aknenormin 20 mg Weichkapseln,Isotretinoin,,,2481920,2155004,D10BA01,2026-06-18,2026-12-31,shortage,Sonstige,Änderungsmeldung,ALMIRALL HERMAL GmbH,2026-09-23T20:53:05.497210,69507
DE,Germany,BfArM,Aknenormin 20 mg Weichkapseln,Isotretinoin,,,2931530,2155004,D10BA01,2026-06-18,2026-12-31,shortage,Sonstige,Änderungsmeldung,ALMIRALL HERMAL GmbH,2026-09-23T20:53:05.497245,69507
DE,Germany,BfArM,Aknenormin 20 mg Weichkapseln,Isotretinoin,,,3655776,2155004,D10BA01,2026-06-18,2026-12-31,shortage,Sonstige,Änderungsmeldung,ALMIRALL HERMAL GmbH,2026-09-23T20:53:05.497280,69507
DE,Germany,BfArM,VALSARTAN BASICS 160 mg Filmtabletten,Valsartan,,,7762167,2184055,C09CA03,2026-07-08,2026-12-31,shortage,Produktionsproblem,Änderungsmeldung,Basics GmbH,2026-09-23T20:53:05.497314,61239
DE,Germany,BfArM,VALSARTAN BASICS 160 mg Filmtabletten,Valsartan,,,7762173,2184055,C09CA03,2026-07-08,2026-12-31,shortage,Produktionsproblem,Änderungsmeldung,Basics GmbH,2026-09-23T20:53:05.497349,61239
DE,Germany,BfArM,PANTOPRAZOL BASICS 20 mg magensaftresistente Tabletten,Pantoprazol-Natrium-Sesquihydrat,,,3275789,2168355,A02BC02,2026-04-02,2026-10-31,shortage,Produktionsproblem,Änderungsmeldung,Basics GmbH,2026-09-23T20:53:05.497385,52272
DE,Germany,BfArM,PANTOPRAZOL BASICS 20 mg magensaftresistente Tabletten,Pantoprazol-Natrium-Sesquihydrat,,,5373763,2168355,A02BC02,2026-04-02,2026-10-31,shortage,Produktionsproblem,Änderungsmeldung,Basics GmbH,2026-09-23T20:53:05.497419,52272
DE,Germany,BfArM,PANTOPRAZOL BASICS 20 mg magensaftresistente Tabletten,Pantoprazol-Natrium-Sesquihydrat,,,5454415,2168355,A02BC02,2026-04-02,2026-10-31,shortage,Produktionsproblem,Änderungsmeldung,Basics GmbH,2026-09-23T20:53:05.497455,52272
DE,Germany,BfArM,PANTOPRAZOL BASICS 20 mg magensaftresistente Tabletten,Pantoprazol-Natrium-Sesquihydrat,,,10234058,2168355,A02BC02,2026-04-02,2026-10-31,shortage,Produktionsproblem,Änderungsmeldung,Basics GmbH,2026-09-23T20:53:05.497488,52272
DE,Germany,BfArM,Seroquel Prolong 150 mg Retardtabletten,Quetiapinfumarat (Ph.Eur.),,,1168144,2173290,N05AH04,2026-09-08,2026-11-02,shortage,Sonstige,Änderungsmeldung,Cheplapharm Arzneimittel GmbH,2026-09-23T20:53:05.497522,94757
DE,Germany,BfArM,Seroquel Prolong 150 mg Retardtabletten,Quetiapinfumarat (Ph.Eur.),,,1168196,2173290,N05AH04,2026-09-08,2026-11-02,shortage,Sonstige,Änderungsmeldung,Cheplapharm Arzneimittel GmbH,2026-09-23T20:53:05.497559,94757
DE,Germany,BfArM,Solian 400 mg Filmtabletten,Amisulprid,,,1827440,2145888,N05AL05,2026-09-07,2026-10-16,shortage,Sonstige,Erstmeldung,Sanofi-Aventis Deutschland GmbH,2026-09-23T20:53:05.497595,133361
DE,Germany,BfArM,ZYPREXA,Olanzapin,,,1658807,2701451,N05AH03,2026-09-03,2026-11-11,shortage,Produktionsproblem,Änderungsmeldung,Cheplapharm Registration GmbH,2026-09-23T20:53:05.497631,
DE,Germany,BfArM,"Urapidil AL 30 mg Hartkapseln, retardiert",Urapidil,,,14214331,2198960,C02CA06,2026-09-01,2026-10-15,shortage,Sonstige,Änderungsmeldung,ALIUD PHARMA GmbH,2026-09-23T20:53:05.497667,
DE,Germany,BfArM,"Urapidil AL 30 mg Hartkapseln, retardiert",Urapidil,,,14214348,2198960,C02CA06,2026-09-01,2026-10-15,shortage,Sonstige,Änderungsmeldung,ALIUD PHARMA GmbH,2026-09-23T20:53:05.497704,
DE,Germany,BfArM,Atgam,Anti-Human-T-Lymphozyten-Immunglobulin vom Pferd,,,11309410,2613975,L04AA03,2026-09-15,2026-11-30,shortage,Sonstige,Erstmeldung,Pfizer Pharma GmbH,2026-09-23T20:53:05.497739,216704
DE,Germany,BfArM,Urapidil Stragen 90 mg retardierte Hartkapseln,Urapidil,,,11511063,2191242,C02CA06,2026-07-01,2026-11-15,shortage,Sonstige,Erstmeldung,Stragen Pharma GmbH,2026-09-23T20:53:05.497774,
DE,Germany,BfArM,Pazopanib Viatris 200 mg Filmtabletten,Pazopanibhydrochlorid,,,19877639,7010912,L01EX03,2026-04-01,2026-10-12,shortage,Sonstige,Änderungsmeldung,Viatris Germany GmbH,2026-09-23T20:53:05.497810,95265
DE,Germany,BfArM,Pazopanib Viatris 200 mg Filmtabletten,Pazopanibhydrochlorid,,,19877651,7010912,L01EX03,2026-04-01,2026-10-12,shortage,Sonstige,Änderungsmeldung,Viatris Germany GmbH,2026-09-23T20:53:05.497844,95265
DE,Germany,BfArM,"Galantamin-neuraxpharm 8 mg Hartkapseln, retardiert",Galantaminhydrobromid,,,9381742,2184385,N06DA04,2025-01-02,2027-01-31,shortage,Sonstige,Änderungsmeldung,neuraxpharm Arzneimittel GmbH,2026-09-23T20:53:05.497882,76767
DE,Germany,BfArM,"Galantamin-neuraxpharm 8 mg Hartkapseln, retardiert",Galantaminhydrobromid,,,14289547,2184385,N06DA04,2025-01-02,2027-01-31,shortage,Sonstige,Änderungsmeldung,neuraxpharm Arzneimittel GmbH,2026-09-23T20:53:05.497916,76767
DE,Germany,BfArM,"Galantamin-neuraxpharm 8 mg Hartkapseln, retardiert",Galantaminhydrobromid,,,14289553,2184385,N06DA04,2025-01-02,2027-01-31,shortage,Sonstige,Änderungsmeldung,neuraxpharm Arzneimittel GmbH,2026-09-23T20:53:05.497951,76767
DE,Germany,BfArM,"Galantamin-neuraxpharm 16 mg Hartkapseln, retardiert",Galantaminhydrobromid,,,9381771,2184386,N06DA04,2025-02-11,2027-01-31,shortage,Sonstige,Änderungsmeldung,neuraxpharm Arzneimittel GmbH,2026-09-23T20:53:05.497987,76775
DE,Germany,BfArM,"Galantamin-neuraxpharm 16 mg Hartkapseln, retardiert",Galantaminhydrobromid,,,9381788,2184386,N06DA04,2025-02-11,2027-01-31,shortage,Sonstige,Änderungsmeldung,neuraxpharm Arzneimittel GmbH,2026-09-23T20:53:05.498022,76775
DE,Germany,BfArM,"Galantamin-neuraxpharm 16 mg Hartkapseln, retardiert",Galantaminhydrobromid,,,9381819,2184386,N06DA04,2025-02-11,2027-01-31,shortage,Sonstige,Änderungsmeldung,neuraxpharm Arzneimittel GmbH,2026-09-23T20:53:05.498060,76775
DE,Germany,BfArM,"Galantamin-neuraxpharm 24 mg Hartkapseln, retardiert",Galantaminhydrobromid,,,9381914,2184387,N06DA04,2025-02-25,2027-01-31,shortage,Sonstige,Änderungsmeldung,neuraxpharm Arzneimittel GmbH,2026-09-23T20:53:05.498094,76783
DE,Germany,BfArM,Flupentixol-neuraxpharm 100 mg/ml,Flupentixoldecanoat,,,4178924,2152572,N05AF01,2025-04-30,2026-10-15,shortage,Produktionsproblem,Änderungsmeldung,neuraxpharm Arzneimittel GmbH,2026-09-23T20:53:05.498138,15105
DE,Germany,BfArM,Flupentixol-neuraxpharm 20 mg/ml,Flupentixoldecanoat,,,4178864,2152570,N05AF01,2025-04-30,2026-10-15,shortage,Produktionsproblem,Änderungsmeldung,neuraxpharm Arzneimittel GmbH,2026-09-23T20:53:05.498173,2127
DE,Germany,BfArM,Flupentixol-neuraxpharm 40 mg/ml,Flupentixoldecanoat,,,577478,2152571,N05AF01,2025-04-30,2026-10-15,shortage,Produktionsproblem,Änderungsmeldung,neuraxpharm Arzneimittel GmbH,2026-09-23T20:53:05.498208,
DE,Germany,BfArM,Urapidil PUREN 90 mg Retardkapseln,Urapidil,,,16702572,2202355,C02CA06,2026-02-09,2026-10-28,shortage,Produktionsproblem,Änderungsmeldung,PUREN Pharma GmbH & Co. KG,2026-09-23T20:53:05.498243,
DE,Germany,BfArM,Staphylex 250 mg Kapseln,Flucloxacillin-Natrium  1 H<2>O,,,8630427,0007686,J01CF05,2020-08-01,2026-10-30,shortage,Produktionsproblem,Änderungsmeldung,PUREN Pharma GmbH & Co. KG,2026-09-23T20:53:05.498278,2275
DE,Germany,BfArM,Staphylex 250 mg Kapseln,Flucloxacillin-Natrium  1 H<2>O,,,99999999,0007686,J01CF05,2020-08-01,2026-10-30,shortage,Produktionsproblem,Änderungsmeldung,PUREN Pharma GmbH & Co. KG,2026-09-23T20:53:05.498312,2275
DE,Germany,BfArM,"Fingolimod PUREN 0,5 mg Hartkapseln",Fingolimodhydrochlorid,,,17314286,7000455,L04AE01,2026-06-01,2026-10-16,shortage,Produktionsproblem,Änderungsmeldung,PUREN Pharma GmbH & Co. KG,2026-09-23T20:53:05.498347,100129
DE,Germany,BfArM,Amiodaron Aurobindo 200 mg Tabletten,Amiodaronhydrochlorid,,,12381467,2194958,C01BD01,2026-09-01,2026-11-23,shortage,Produktionsproblem,Erstmeldung,PUREN Pharma GmbH & Co. KG,2026-09-23T20:53:05.498382,1554
DE,Germany,BfArM,DOCITON 40mg,Propranololhydrochlorid,,,293002,0328976,C07AA05,2026-09-14,2026-10-30,shortage,Sonstige,Erstmeldung,Mibe GmbH Arzneimittel,2026-09-23T20:53:05.498416,5711
DE,Germany,BfArM,bicaNorm,Natriumhydrogencarbonat,,,1654873,0804856,A02AH,2026-08-11,2027-06-15,shortage,Produktionsproblem,Änderungsmeldung,Fresenius Medical Care Deutschland GmbH,2026-09-23T20:53:05.498450,
DE,Germany,BfArM,EREMFAT 300 mg,Rifampicin,,,2590997,2103261,J04AB02,2026-09-10,2026-09-28,shortage,Produktionsproblem,Erstmeldung,Riemser Pharma GmbH,2026-09-23T20:53:05.498485,232602
DE,Germany,BfArM,EREMFAT 450 mg,Rifampicin,,,2591005,2103262,J04AB02,2026-09-10,2026-10-19,shortage,Produktionsproblem,Erstmeldung,Riemser Pharma GmbH,2026-09-23T20:53:05.498519,
DE,Germany,BfArM,Mivacron 10mg,Mivacuriumchlorid,,,7577903,2131178,M03AC10,2026-08-26,2026-11-30,shortage,Produktionsproblem,Erstmeldung,Aspen Pharma Trading Limited,2026-09-23T20:53:05.498553,38695
DE,Germany,BfArM,"Fasturtec 1,5 mg Pulver und Lösungsmittel zur Herstellung eines Infusionslösungskonzentrats - OP(3+3)",Rasburicase,,,1551110,2701093,V03AF07,2026-09-29,2026-10-21,shortage,Sonstige,Erstmeldung,Sanofi Winthrop Industrie Rechtsform: S.A.,2026-09-23T20:53:05.498587,59056
DE,Germany,BfArM,Braftovi 50 mg Hartkapseln,Encorafenib,,,14439656,7003504,L01EC03,2026-10-05,2026-11-15,shortage,Produktionsproblem,Erstmeldung,Pierre Fabre Medicament,2026-09-23T20:53:05.498620,167231
DE,Germany,BfArM,Braftovi 50 mg Hartkapseln,Encorafenib,,,14275924,2714503,L01EC03,2026-11-02,2026-11-15,shortage,Sonstige,Änderungsmeldung,Pierre Fabre Medicament,2026-09-23T20:53:05.498654,167231
DE,Germany,BfArM,carbadura 600 mg retard,Carbamazepin,,,914177,2131193,N03AF01,2026-06-16,2026-12-15,shortage,Sonstige,Erstmeldung,Viatris Germany GmbH,2026-09-23T20:53:05.498687,
DE,Germany,BfArM,carbadura 600 mg retard,Carbamazepin,,,914183,2131193,N03AF01,2026-06-16,2026-12-15,shortage,Sonstige,Erstmeldung,Viatris Germany GmbH,2026-09-23T20:53:05.498722,
DE,Germany,BfArM,Aciclovir AbZ Lippenherpescreme,Aciclovir,,,12552880,2129199,D06BB03,2026-02-16,2026-12-30,shortage,Produktionsproblem,Änderungsmeldung,AbZ-Pharma GmbH,2026-09-23T20:53:05.498761,23094
DE,Germany,BfArM,Cephalex-CT 1000mg Filmtabletten,Cefalexin-Monohydrat,,,3820324,2114902,J01DB01,2026-07-01,2026-10-21,shortage,Sonstige,Änderungsmeldung,AbZ-Pharma GmbH,2026-09-23T20:53:05.498796,
DE,Germany,BfArM,Cephalex-CT 1000mg Filmtabletten,Cefalexin-Monohydrat,,,6154626,2114902,J01DB01,2026-07-01,2026-10-21,shortage,Sonstige,Änderungsmeldung,AbZ-Pharma GmbH,2026-09-23T20:53:05.498830,
DE,Germany,BfArM,"Galantamin-ratiopharm 24 mg Hartkapseln, retardiert",Galantaminhydrobromid,,,8755519,2184227,N06DA04,2025-03-01,2026-10-21,shortage,Sonstige,Änderungsmeldung,ratiopharm GmbH,2026-09-23T20:53:05.498865,76783
DE,Germany,BfArM,"Galantamin-ratiopharm 24 mg Hartkapseln, retardiert",Galantaminhydrobromid,,,8755554,2184227,N06DA04,2025-03-01,2026-10-21,shortage,Sonstige,Änderungsmeldung,ratiopharm GmbH,2026-09-23T20:53:05.498900,76783
DE,Germany,BfArM,"Galantamin-ratiopharm 24 mg Hartkapseln, retardiert",Galantaminhydrobromid,,,9300100,2184227,N06DA04,2025-03-01,2026-10-21,shortage,Sonstige,Änderungsmeldung,ratiopharm GmbH,2026-09-23T20:53:05.498934,76783
DE,Germany,BfArM,"Everolimus-ratiopharm 2,5 mg Tabletten",Everolimus,,,13350569,2197411,L01EG02,2025-12-01,2026-10-01,shortage,Sonstige,Änderungsmeldung,ratiopharm GmbH,2026-09-23T20:53:05.498968,100471
DE,Germany,BfArM,Clomifen-ratiopharm 50mg Tabletten,Clomifencitrat,,,3884844,2122255,G03GB,2026-03-09,2026-10-13,shortage,Produktionsproblem,Änderungsmeldung,ratiopharm GmbH,2026-09-23T20:53:05.499002,
DE,Germany,BfArM,Isotretinoin-ratiopharm 20 mg Weichkapseln,Isotretinoin,,,2182152,2154097,D10BA01,2026-09-09,2026-11-06,shortage,Sonstige,Erstmeldung,ratiopharm GmbH,2026-09-23T20:53:05.499036,69507
DE,Germany,BfArM,Isotretinoin-ratiopharm 20 mg Weichkapseln,Isotretinoin,,,4478661,2154097,D10BA01,2026-09-09,2026-11-06,shortage,Sonstige,Erstmeldung,ratiopharm GmbH,2026-09-23T20:53:05.499070,69507
DE,Germany,BfArM,Isotretinoin-ratiopharm 20 mg Weichkapseln,Isotretinoin,,,4478678,2154097,D10BA01,2026-09-09,2026-11-06,shortage,Sonstige,Erstmeldung,ratiopharm GmbH,2026-09-23T20:53:05.499103,69507
DE,Germany,BfArM,Isotretinoin-ratiopharm 10 mg Weichkapseln,Isotretinoin,,,2182086,2154096,D10BA01,2026-09-09,2026-10-29,shortage,Sonstige,Erstmeldung,ratiopharm GmbH,2026-09-23T20:53:05.499137,69493
DE,Germany,BfArM,Isotretinoin-ratiopharm 10 mg Weichkapseln,Isotretinoin,,,4478655,2154096,D10BA01,2026-09-09,2026-10-29,shortage,Sonstige,Erstmeldung,ratiopharm GmbH,2026-09-23T20:53:05.499171,69493
DE,Germany,BfArM,Isotretinoin-ratiopharm 10 mg Weichkapseln,Isotretinoin,,,4479034,2154096,D10BA01,2026-09-09,2026-10-29,shortage,Sonstige,Erstmeldung,ratiopharm GmbH,2026-09-23T20:53:05.499206,69493
DE,Germany,BfArM,Neosynephrin-POS 10%,Phenylephrinhydrochlorid,,,748106,0608486,S01FB01,2026-04-27,2026-10-31,shortage,Produktionsproblem,Änderungsmeldung,URSAPHARM Arzneimittel GmbH,2026-09-23T20:53:05.499240,221082
DE,Germany,BfArM,Neosynephrin-POS 10%,Phenylephrinhydrochlorid,,,828590,0608486,S01FB01,2026-04-27,2026-10-31,shortage,Produktionsproblem,Änderungsmeldung,URSAPHARM Arzneimittel GmbH,2026-09-23T20:53:05.499274,221082
DE,Germany,BfArM,Naproxen 500 - 1 A Pharma,Naproxen,,,6312605,2135881,M01AE02,2026-08-03,2026-10-06,shortage,Sonstige,Erstmeldung,1 A Pharma GmbH,2026-09-23T20:53:05.499308,20850
DE,Germany,BfArM,Naproxen 500 - 1 A Pharma,Naproxen,,,6312611,2135881,M01AE02,2026-08-03,2026-10-06,shortage,Sonstige,Erstmeldung,1 A Pharma GmbH,2026-09-23T20:53:05.499341,20850
DE,Germany,BfArM,Naproxen 500 - 1 A Pharma,Naproxen,,,6312628,2135881,M01AE02,2026-08-03,2026-10-06,shortage,Sonstige,Erstmeldung,1 A Pharma GmbH,2026-09-23T20:53:05.499377,20850
DE,Germany,BfArM,EMLA Pflaster,Lidocain; Prilocain,,,38505,2134386,N01BB52,2026-08-31,2026-12-31,shortage,Sonstige,Erstmeldung,Aspen Pharma Trading Limited,2026-09-23T20:53:05.499411,
DE,Germany,BfArM,EMLA Pflaster,Lidocain; Prilocain,,,8864800,2134386,N01BB52,2026-08-31,2026-12-31,shortage,Sonstige,Erstmeldung,Aspen Pharma Trading Limited,2026-09-23T20:53:05.499445,
DE,Germany,BfArM,Dexa-inject mibe 10 mg/ml,Dexamethasondihydrogenphosphat-Dinatrium (Ph.Eur.),,,19847325,2138495,H02AB02,2026-09-02,2027-01-29,shortage,Sonstige,Erstmeldung,Mibe GmbH Arzneimittel,2026-09-23T20:53:05.499479,221791
DE,Germany,BfArM,Dexa-inject mibe 4 mg/ml,Dexamethasondihydrogenphosphat-Dinatrium (Ph.Eur.),,,14141879,2138185,H02AB02,2026-06-01,2027-01-29,shortage,Sonstige,Änderungsmeldung,Mibe GmbH Arzneimittel,2026-09-23T20:53:05.499513,21385
DE,Germany,BfArM,Dexa-inject mibe 4 mg/ml,Dexamethasondihydrogenphosphat-Dinatrium (Ph.Eur.),,,19847265,2138185,H02AB02,2026-06-01,2027-01-29,shortage,Sonstige,Änderungsmeldung,Mibe GmbH Arzneimittel,2026-09-23T20:53:05.499549,21385
DE,Germany,BfArM,Dexa-inject mibe 4 mg/ml,Dexamethasondihydrogenphosphat-Dinatrium (Ph.Eur.),,,19847271,2138185,H02AB02,2026-06-01,2027-01-29,shortage,Sonstige,Änderungsmeldung,Mibe GmbH Arzneimittel,2026-09-23T20:53:05.499583,21385
DE,Germany,BfArM,Ritonavir Viatris 100 mg Filmtabletten - OP30,Ritonavir,,,19014358,"2714031, 2714918",J05AE03,2026-02-12,2027-09-30,shortage,Sonstige,Änderungsmeldung,Viatris Limited,2026-09-23T20:53:05.499618,94064
DE,Germany,BfArM,Ritonavir Viatris 100 mg Filmtabletten - OP30,Ritonavir,,,19014370,"2714031, 2714918",J05AE03,2026-02-12,2027-09-30,shortage,Sonstige,Änderungsmeldung,Viatris Limited,2026-09-23T20:53:05.499652,94064
DE,Germany,BfArM,Anatrofer 1000 mg magensaftresistente Tabletten,Natriumhydrogencarbonat,,,19696091,7009633,A02AH,2026-08-25,2027-01-31,shortage,Sonstige,Änderungsmeldung,LOGENEX Pharm GmbH,2026-09-23T20:53:05.499690,
DE,Germany,BfArM,"Urapidil Bluefish 30 mg Hartkapseln, retardiert",Urapidil,,,16779008,2201997,C02CA06,2025-10-09,2026-10-31,shortage,Produktionsproblem,Änderungsmeldung,Bluefish Pharmaceuticals AB (publ),2026-09-23T20:53:05.499724,
DE,Germany,BfArM,"Urapidil Bluefish 90 mg Hartkapseln, retardiert",Urapidil,,,16779072,2201999,C02CA06,2025-10-09,2026-10-31,shortage,Produktionsproblem,Änderungsmeldung,Bluefish Pharmaceuticals AB (publ),2026-09-23T20:53:05.499758,
DE,Germany,BfArM,"Fingolimod Zentiva 0,5 mg Hartkapseln",Fingolimodhydrochlorid,,,17422171,2204856,L04AE01,2026-09-01,2026-11-04,shortage,Produktionsproblem,Erstmeldung,Zentiva Pharma GmbH,2026-09-23T20:53:05.499793,100129
DE,Germany,BfArM,"Fingolimod Zentiva 0,5 mg Hartkapseln",Fingolimodhydrochlorid,,,17422188,2204856,L04AE01,2026-09-01,2026-11-04,shortage,Produktionsproblem,Erstmeldung,Zentiva Pharma GmbH,2026-09-23T20:53:05.499829,100129
DE,Germany,BfArM,Dapson Zentiva 50 mg Tabletten,Dapson,,,19339787,2199886,D10AX05,2026-02-09,2026-10-15,shortage,Sonstige,Änderungsmeldung,Zentiva Pharma GmbH,2026-09-23T20:53:05.499864,
DE,Germany,BfArM,CIL 200 mg,Fenofibrat,,,602561,2139825,C10AB05,2026-05-18,2026-09-21,resolved,Sonstige,Änderungsmeldung,Winthrop Arzneimittel GmbH,2026-09-23T20:53:05.499900,
DE,Germany,BfArM,CIL 200 mg,Fenofibrat,,,602584,2139825,C10AB05,2026-05-18,2026-09-21,resolved,Sonstige,Änderungsmeldung,Winthrop Arzneimittel GmbH,2026-09-23T20:53:05.499935,
DE,Germany,BfArM,Nilotinib Viatris 50 mg Hartkapseln,Nilotinibhydrochlorid-Dihydrat,,,19368381,7013504,L01EA03,2025-12-19,2026-10-05,shortage,Sonstige,Erstmeldung,Viatris Germany GmbH,2026-09-23T20:53:05.499968,
DE,Germany,BfArM,Ixoten,Trofosfamid,,,2453390,0027068,L01AA07,2026-09-03,2026-11-20,shortage,Produktionsproblem,Erstmeldung,Baxter Deutschland GmbH,2026-09-23T20:53:05.500002,
DE,Germany,BfArM,Uromitexan Multidose,Mesna,,,4887402,2123159,V03AF01,2026-07-01,2026-10-31,shortage,Produktionsproblem,Änderungsmeldung,Baxter Deutschland GmbH,2026-09-23T20:53:05.500036,
DE,Germany,BfArM,Busulfan-ratiopharm 6 mg/ml Konzentrat zur Herstellung einer Infusionslösung,Busulfan,,,13570650,2199510,L01AB01,2026-01-01,2026-10-21,shortage,Produktionsproblem,Änderungsmeldung,ratiopharm GmbH,2026-09-23T20:53:05.500071,129232
DE,Germany,BfArM,Buprenorphin AL 30 Mikrogramm/Stunde transdermales Pflaster,Buprenorphin,,,16528312,2203839,N02AE01,2026-09-02,2026-09-28,shortage,Sonstige,Erstmeldung,ALIUD PHARMA GmbH,2026-09-23T20:53:05.500104,
DE,Germany,BfArM,Buprenorphin AL 30 Mikrogramm/Stunde transdermales Pflaster,Buprenorphin,,,16528329,2203839,N02AE01,2026-09-02,2026-09-28,shortage,Sonstige,Erstmeldung,ALIUD PHARMA GmbH,2026-09-23T20:53:05.500138,
DE,Germany,BfArM,Buprenorphin AL 30 Mikrogramm/Stunde transdermales Pflaster,Buprenorphin,,,16528335,2203839,N02AE01,2026-09-02,2026-09-28,shortage,Sonstige,Erstmeldung,ALIUD PHARMA GmbH,2026-09-23T20:53:05.500174,
DE,Germany,BfArM,Buprenorphin AL 20 Mikrogramm/Stunde transdermales Pflaster,Buprenorphin,,,12870255,2194862,N02AE01,2026-09-02,2026-09-28,shortage,Sonstige,Erstmeldung,ALIUD PHARMA GmbH,2026-09-23T20:53:05.500208,89435
DE,Germany,BfArM,Buprenorphin AL 20 Mikrogramm/Stunde transdermales Pflaster,Buprenorphin,,,12870261,2194862,N02AE01,2026-09-02,2026-09-28,shortage,Sonstige,Erstmeldung,ALIUD PHARMA GmbH,2026-09-23T20:53:05.500241,89435
DE,Germany,BfArM,Buprenorphin AL 20 Mikrogramm/Stunde transdermales Pflaster,Buprenorphin,,,12870278,2194862,N02AE01,2026-09-02,2026-09-28,shortage,Sonstige,Erstmeldung,ALIUD PHARMA GmbH,2026-09-23T20:53:05.500275,89435
DE,Germany,BfArM,Aminosteril N-Hepa 8%,Acetylcystein; Alanin; Arginin; Essigsäure 99%; Glycin; Histidin; Isoleucin; Leucin; Lysinacetat; Methionin; Phenylalanin; Prolin; Serin; Threonin; Tryptophan; Valin,,,2765132,2102829,B05BA01,2026-04-22,2026-12-31,shortage,Sonstige,Änderungsmeldung,Fresenius Kabi Deutschland GmbH,2026-09-23T20:53:05.500308,
DE,Germany,BfArM,Aminoven infant 10%,Acetylcystein; Alanin; Arginin; Glycin; Histidin; Isoleucin; L-Äpfelsäure; Leucin; Lysinacetat; Methionin; N-Acetyltyrosin (Ph.Eur.); Phenylalanin; Prolin; Serin; Taurin; Threonin; Tryptophan; Valin,,,8452629,2130589,B05BA,2026-02-19,2026-12-31,shortage,Sonstige,Änderungsmeldung,Fresenius Kabi Deutschland GmbH,2026-09-23T20:53:05.500342,
DE,Germany,BfArM,Aminoven infant 10%,Acetylcystein; Alanin; Arginin; Glycin; Histidin; Isoleucin; L-Äpfelsäure; Leucin; Lysinacetat; Methionin; N-Acetyltyrosin (Ph.Eur.); Phenylalanin; Prolin; Serin; Taurin; Threonin; Tryptophan; Valin,,,10382161,2130589,B05BA,2026-02-19,2026-12-31,shortage,Sonstige,Änderungsmeldung,Fresenius Kabi Deutschland GmbH,2026-09-23T20:53:05.500375,
DE,Germany,BfArM,Tacrolimus AL 5 mg Hartkapseln,Tacrolimus,,,9534594,2182703,L04AD02,2026-09-02,2026-09-29,shortage,Sonstige,Erstmeldung,ALIUD PHARMA GmbH,2026-09-23T20:53:05.500409,92398
DE,Germany,BfArM,Tacrolimus AL 5 mg Hartkapseln,Tacrolimus,,,9534602,2182703,L04AD02,2026-09-02,2026-09-29,shortage,Sonstige,Erstmeldung,ALIUD PHARMA GmbH,2026-09-23T20:53:05.500443,92398
DE,Germany,BfArM,Cilostazol AL 50 mg Tabletten,Cilostazol,,,10320680,2189797,B01AC23,2026-09-02,2026-09-30,shortage,Sonstige,Erstmeldung,ALIUD PHARMA GmbH,2026-09-23T20:53:05.500476,
DE,Germany,BfArM,Cilostazol AL 50 mg Tabletten,Cilostazol,,,10320697,2189797,B01AC23,2026-09-02,2026-09-30,shortage,Sonstige,Erstmeldung,ALIUD PHARMA GmbH,2026-09-23T20:53:05.500512,
DE,Germany,BfArM,Cabaseril 1 mg,Cabergolin,,,3131613,2143569,N04BC06,2026-06-01,2026-10-16,shortage,Sonstige,Änderungsmeldung,Pfizer Pharma GmbH,2026-09-23T20:53:05.500545,
DE,Germany,BfArM,Cabaseril 1 mg,Cabergolin,,,7729655,2143569,N04BC06,2026-06-01,2026-10-16,shortage,Sonstige,Änderungsmeldung,Pfizer Pharma GmbH,2026-09-23T20:53:05.500579,
DE,Germany,BfArM,Cabaseril 2 mg,Cabergolin,,,3131688,2143570,N04BC06,2026-06-01,2026-10-16,shortage,Sonstige,Änderungsmeldung,Pfizer Pharma GmbH,2026-09-23T20:53:05.500613,
DE,Germany,BfArM,Cabaseril 2 mg,Cabergolin,,,7729690,2143570,N04BC06,2026-06-01,2026-10-16,shortage,Sonstige,Änderungsmeldung,Pfizer Pharma GmbH,2026-09-23T20:53:05.500646,
DE,Germany,BfArM,Visipaque 270,Iodixanol,,,9882697,2132293,V08AB09,2026-07-29,2026-10-14,shortage,Produktionsproblem,Änderungsmeldung,GE Healthcare Buchler GmbH & Co.KG,2026-09-23T20:53:05.500682,41580
DE,Germany,BfArM,Visipaque 320,Iodixanol,,,2707956,2132294,V08AB09,2026-07-20,2026-09-23,shortage,Sonstige,Änderungsmeldung,GE Healthcare Buchler GmbH & Co.KG,2026-09-23T20:53:05.500716,41629
DE,Germany,BfArM,Visipaque 320,Iodixanol,,,9882734,2132294,V08AB09,2026-07-20,2026-09-23,shortage,Sonstige,Änderungsmeldung,GE Healthcare Buchler GmbH & Co.KG,2026-09-23T20:53:05.500756,41629
DE,Germany,BfArM,Visipaque 320,Iodixanol,,,9882740,2132294,V08AB09,2026-07-20,2026-09-23,shortage,Sonstige,Änderungsmeldung,GE Healthcare Buchler GmbH & Co.KG,2026-09-23T20:53:05.500794,41629
DE,Germany,BfArM,Visipaque 320,Iodixanol,,,9882757,2132294,V08AB09,2026-07-20,2026-09-23,shortage,Sonstige,Änderungsmeldung,GE Healthcare Buchler GmbH & Co.KG,2026-09-23T20:53:05.500829,41629
DE,Germany,BfArM,Noxafil,Posaconazol,,,834426,7006438,J02AC04,2026-09-02,2026-10-30,shortage,Sonstige,Erstmeldung,Merck Sharp & Dohme B.V.,2026-09-23T20:53:05.500863,
DE,Germany,BfArM,Prepidil Gel,Dinoproston,,,3572665,2113120,G02AD02,2026-01-23,2027-02-28,shortage,Sonstige,Änderungsmeldung,Pfizer Pharma GmbH,2026-09-23T20:53:05.500898,71943
DE,Germany,BfArM,Triamhexal 10,Triamcinolonacetonid,,,3286793,0403867,H02AB08,2025-11-24,2026-09-30,shortage,Sonstige,Änderungsmeldung,H e x a l  Aktiengesellschaft,2026-09-23T20:53:05.500933,73121
DE,Germany,BfArM,Triamhexal 10,Triamcinolonacetonid,,,3294798,0403867,H02AB08,2025-11-24,2026-09-30,shortage,Sonstige,Änderungsmeldung,H e x a l  Aktiengesellschaft,2026-09-23T20:53:05.500967,73121
DE,Germany,BfArM,Triamhexal 10,Triamcinolonacetonid,,,3294806,0403867,H02AB08,2025-11-24,2026-09-30,shortage,Sonstige,Änderungsmeldung,H e x a l  Aktiengesellschaft,2026-09-23T20:53:05.501000,73121
DE,Germany,BfArM,Triamhexal 10,Triamcinolonacetonid,,,3911452,0403867,H02AB08,2025-11-24,2026-09-30,shortage,Sonstige,Änderungsmeldung,H e x a l  Aktiengesellschaft,2026-09-23T20:53:05.501034,73121
DE,Germany,BfArM,Triamhexal 40,Triamcinolonacetonid,,,3286818,0403896,H02AB08,2025-11-26,2026-09-30,shortage,Sonstige,Änderungsmeldung,H e x a l  Aktiengesellschaft,2026-09-23T20:53:05.501068,
DE,Germany,BfArM,Triamhexal 40,Triamcinolonacetonid,,,3287048,0403896,H02AB08,2025-11-26,2026-09-30,shortage,Sonstige,Änderungsmeldung,H e x a l  Aktiengesellschaft,2026-09-23T20:53:05.501102,
DE,Germany,BfArM,Triamhexal 40,Triamcinolonacetonid,,,3294812,0403896,H02AB08,2025-11-26,2026-09-30,shortage,Sonstige,Änderungsmeldung,H e x a l  Aktiengesellschaft,2026-09-23T20:53:05.501136,
DE,Germany,BfArM,Triamhexal 40,Triamcinolonacetonid,,,3911469,0403896,H02AB08,2025-11-26,2026-09-30,shortage,Sonstige,Änderungsmeldung,H e x a l  Aktiengesellschaft,2026-09-23T20:53:05.501170,
DE,Germany,BfArM,Triamhexal 40,Triamcinolonacetonid,,,6155896,0403896,H02AB08,2025-11-26,2026-09-30,shortage,Sonstige,Änderungsmeldung,H e x a l  Aktiengesellschaft,2026-09-23T20:53:05.501204,
DE,Germany,BfArM,Risperidon - 1 A Pharma 6 mg Filmtabletten,Risperidon,,,6323365,2167594,N05AX08,2026-05-29,2026-10-26,shortage,Sonstige,Änderungsmeldung,1 A Pharma GmbH,2026-09-23T20:53:05.501237,51381
DE,Germany,BfArM,Risperidon - 1 A Pharma 6 mg Filmtabletten,Risperidon,,,6323425,2167594,N05AX08,2026-05-29,2026-10-26,shortage,Sonstige,Änderungsmeldung,1 A Pharma GmbH,2026-09-23T20:53:05.501272,51381
DE,Germany,BfArM,"MetoHEXAL Succ 142,5 mg Retardtabletten",Metoprololsuccinat (Ph.Eur.),,,850483,2161497,C07AB02,2026-05-07,2026-11-30,shortage,Sonstige,Änderungsmeldung,H e x a l  Aktiengesellschaft,2026-09-23T20:53:05.501306,
DE,Germany,BfArM,"MetoHEXAL Succ 142,5 mg Retardtabletten",Metoprololsuccinat (Ph.Eur.),,,850508,2161497,C07AB02,2026-05-07,2026-11-30,shortage,Sonstige,Änderungsmeldung,H e x a l  Aktiengesellschaft,2026-09-23T20:53:05.501340,
DE,Germany,BfArM,Levetiracetam Holsten 1000 mg Filmtabletten,Levetiracetam,,,12550088,2183893,N03AX14,2026-08-10,2026-12-31,shortage,Produktionsproblem,Änderungsmeldung,Holsten Pharma GmbH - Geschäftsanschrift -,2026-09-23T20:53:05.501373,58408
DE,Germany,BfArM,Levetiracetam Holsten 1000 mg Filmtabletten,Levetiracetam,,,12550094,2183893,N03AX14,2026-08-10,2026-12-31,shortage,Produktionsproblem,Änderungsmeldung,Holsten Pharma GmbH - Geschäftsanschrift -,2026-09-23T20:53:05.501408,58408
DE,Germany,BfArM,Levetiracetam Holsten 750 mg Filmtabletten,Levetiracetam,,,12550042,2183892,N03AX14,2026-01-05,2026-12-31,shortage,Produktionsproblem,Änderungsmeldung,Holsten Pharma GmbH - Geschäftsanschrift -,2026-09-23T20:53:05.501442,
DE,Germany,BfArM,Levetiracetam Holsten 750 mg Filmtabletten,Levetiracetam,,,12550059,2183892,N03AX14,2026-01-05,2026-12-31,shortage,Produktionsproblem,Änderungsmeldung,Holsten Pharma GmbH - Geschäftsanschrift -,2026-09-23T20:53:05.501476,
DE,Germany,BfArM,Levetiracetam Holsten 750 mg Filmtabletten,Levetiracetam,,,12550065,2183892,N03AX14,2026-01-05,2026-12-31,shortage,Produktionsproblem,Änderungsmeldung,Holsten Pharma GmbH - Geschäftsanschrift -,2026-09-23T20:53:05.501514,
DE,Germany,BfArM,ARA-cell 4000mg Infusionslösung,Cytarabin,,,6983073,2144695,L01BC01,2026-03-14,2027-12-31,shortage,Produktionsproblem,Änderungsmeldung,STADAPHARM GmbH,2026-09-23T20:53:05.501547,120014
DE,Germany,BfArM,ARA-cell 1000mg Infusionslösung,Cytarabin,,,6983044,2144694,L01BC01,2025-10-07,2027-12-31,shortage,Produktionsproblem,Änderungsmeldung,STADAPHARM GmbH,2026-09-23T20:53:05.501580,49344
DE,Germany,BfArM,ARA-cell 100 mg/ml Konzentrat zur Herstellung einer Infusionslösung,Cytarabin,,,1225037,3001935,L01BC01,2026-05-04,2027-12-31,shortage,Produktionsproblem,Änderungsmeldung,STADAPHARM GmbH,2026-09-23T20:53:05.501616,49352
DE,Germany,BfArM,ARA-cell 100 mg/ml Konzentrat zur Herstellung einer Infusionslösung,Cytarabin,,,8654480,3001935,L01BC01,2026-05-04,2027-12-31,shortage,Produktionsproblem,Änderungsmeldung,STADAPHARM GmbH,2026-09-23T20:53:05.501651,49352
DE,Germany,BfArM,ARA-cell 40mg Injektion,Cytarabin,,,6983009,2144616,L01BC01,2026-09-02,2027-12-31,shortage,Produktionsproblem,Erstmeldung,STADAPHARM GmbH,2026-09-23T20:53:05.501687,
DE,Germany,BfArM,Thilorbin,Fluorescein-Natrium (Ph.Eur.); Oxybuprocainhydrochlorid,,,10998703,0176696,S01HA30,2026-05-19,2026-11-16,shortage,Produktionsproblem,Änderungsmeldung,OmniVision GmbH,2026-09-23T20:53:05.501722,
DE,Germany,BfArM,"Perindopril/Indapamid-ratiopharm T 2,5 mg/0,625 mg Filmtabletten",Indapamid; Perindopriltosilat,,,9722930,2186515,C09BA04,2026-08-28,2026-12-15,shortage,Sonstige,Erstmeldung,ratiopharm GmbH,2026-09-23T20:53:05.501758,
DE,Germany,BfArM,"Perindopril/Indapamid-ratiopharm T 2,5 mg/0,625 mg Filmtabletten",Indapamid; Perindopriltosilat,,,9722947,2186515,C09BA04,2026-08-28,2026-12-15,shortage,Sonstige,Erstmeldung,ratiopharm GmbH,2026-09-23T20:53:05.501794,
DE,Germany,BfArM,Ropivacain HCl B. Braun 2 mg/ml Injektions-/Infusionslösung,Ropivacainhydrochlorid-Monohydrat,,,8801165,2179120,N01BB09,2026-08-31,2026-10-30,shortage,Sonstige,Erstmeldung,B. Braun Melsungen Aktiengesellschaft,2026-09-23T20:53:05.501831,94846
DE,Germany,BfArM,ACCUPAQUE 350,Iohexol,,,500636,3004003,V08AB02,2026-05-22,2026-09-30,shortage,Produktionsproblem,Änderungsmeldung,GE Healthcare Buchler GmbH & Co.KG,2026-09-23T20:53:05.501867,
DE,Germany,BfArM,ACCUPAQUE 350,Iohexol,,,9882533,3004003,V08AB02,2026-05-22,2026-09-30,shortage,Produktionsproblem,Änderungsmeldung,GE Healthcare Buchler GmbH & Co.KG,2026-09-23T20:53:05.501903,
DE,Germany,BfArM,ACCUPAQUE 350,Iohexol,,,9882556,3004003,V08AB02,2026-05-22,2026-09-30,shortage,Produktionsproblem,Änderungsmeldung,GE Healthcare Buchler GmbH & Co.KG,2026-09-23T20:53:05.501937,
DE,Germany,BfArM,ACCUPAQUE 350,Iohexol,,,9882562,3004003,V08AB02,2026-05-22,2026-09-30,shortage,Produktionsproblem,Änderungsmeldung,GE Healthcare Buchler GmbH & Co.KG,2026-09-23T20:53:05.501971,
DE,Germany,BfArM,L-Thyroxin Aventis 50 Mikrogramm Tabletten,Levothyroxin-Natrium,,,12727078,2152214,H03AA01,2026-09-01,2026-09-30,shortage,Sonstige,Erstmeldung,Sanofi-Aventis Deutschland GmbH,2026-09-23T20:53:05.502004,15784
DE,Germany,BfArM,L-Thyroxin Aventis 50 Mikrogramm Tabletten,Levothyroxin-Natrium,,,12727084,2152214,H03AA01,2026-09-01,2026-09-30,shortage,Sonstige,Erstmeldung,Sanofi-Aventis Deutschland GmbH,2026-09-23T20:53:05.502040,15784
DE,Germany,BfArM,"Brimo-Vision sine 2 mg/ml Augentropfen, Lösung im Einzeldosisbehältnis",Brimonidintartrat,,,11377423,2198648,S01EA05,2026-02-23,2026-10-05,shortage,Produktionsproblem,Änderungsmeldung,OmniVision GmbH,2026-09-23T20:53:05.502075,214523
DE,Germany,BfArM,"Isozid 0,5 N",Isoniazid,,,4250018,0192577,J04AC01,2025-12-08,2026-10-19,shortage,Sonstige,Änderungsmeldung,Riemser Pharma GmbH,2026-09-23T20:53:05.502113,
DE,Germany,BfArM,Pantoprazol-Micro Labs 20 mg magensaftresistente Tabletten,Pantoprazol-Natrium-Sesquihydrat,,,17378435,2188428,A02BC02,2026-08-14,2026-10-16,shortage,Sonstige,Änderungsmeldung,Micro Labs GmbH,2026-09-23T20:53:05.502149,52272
DE,Germany,BfArM,Aggrastat 50 Mikrogramm/ml Infusionslösung,Tirofibanhydrochlorid-Monohydrat,,,1429225,2142619,B01AC17,2026-07-01,2026-10-15,shortage,Produktionsproblem,Erstmeldung,Advanz Pharma Limited,2026-09-23T20:53:05.502184,58742
DE,Germany,BfArM,"Amitriptylin Micro Labs 66,29 mg Filmtabletten",Amitriptylinhydrochlorid,,,16531828,2201947,N06AA09,2026-06-10,2026-10-09,shortage,Sonstige,Änderungsmeldung,Micro Labs GmbH,2026-09-23T20:53:05.502219,
DE,Germany,BfArM,"Amitriptylin Micro Labs 66,29 mg Filmtabletten",Amitriptylinhydrochlorid,,,16531834,2201947,N06AA09,2026-06-10,2026-10-09,shortage,Sonstige,Änderungsmeldung,Micro Labs GmbH,2026-09-23T20:53:05.502253,
DE,Germany,BfArM,"Amitriptylin Micro Labs 66,29 mg Filmtabletten",Amitriptylinhydrochlorid,,,16531863,2201947,N06AA09,2026-06-10,2026-10-09,shortage,Sonstige,Änderungsmeldung,Micro Labs GmbH,2026-09-23T20:53:05.502286,
DE,Germany,BfArM,Ropivacainhydrochlorid Kabi 2 mg/ml Injektionslösung,Ropivacainhydrochlorid,,,6455380,2178016,N01BB09,2026-08-03,2026-11-24,shortage,Produktionsproblem,Änderungsmeldung,Fresenius Kabi Deutschland GmbH,2026-09-23T20:53:05.502322,43532
DE,Germany,BfArM,Ropivacainhydrochlorid Kabi 2 mg/ml Injektionslösung,Ropivacainhydrochlorid,,,6455428,2178016,N01BB09,2026-08-03,2026-11-24,shortage,Produktionsproblem,Änderungsmeldung,Fresenius Kabi Deutschland GmbH,2026-09-23T20:53:05.502358,43532
DE,Germany,BfArM,Ropivacainhydrochlorid Kabi 2 mg/ml Injektionslösung,Ropivacainhydrochlorid,,,6455440,2178016,N01BB09,2026-08-03,2026-11-24,shortage,Produktionsproblem,Änderungsmeldung,Fresenius Kabi Deutschland GmbH,2026-09-23T20:53:05.502394,43532
DE,Germany,BfArM,Allergospasmin N,Natriumcromoglicat (Ph.Eur.); Reproterolhydrochlorid,,,585012,2103160,R03AK05,2026-08-27,2027-03-01,shortage,Sonstige,Erstmeldung,Viatris Healthcare GmbH,2026-09-23T20:53:05.502429,
DE,Germany,BfArM,Allergospasmin N,Natriumcromoglicat (Ph.Eur.); Reproterolhydrochlorid,,,585029,2103160,R03AK05,2026-08-27,2027-03-01,shortage,Sonstige,Erstmeldung,Viatris Healthcare GmbH,2026-09-23T20:53:05.502465,
DE,Germany,BfArM,Allergospasmin N,Natriumcromoglicat (Ph.Eur.); Reproterolhydrochlorid,,,585035,2103160,R03AK05,2026-08-27,2027-03-01,shortage,Sonstige,Erstmeldung,Viatris Healthcare GmbH,2026-09-23T20:53:05.502501,
DE,Germany,BfArM,Xarelto 1 mg/ml Granulat zur Herstellung einer Suspension zum Einnehmen,Rivaroxaban,,,19551949,2716087,B01AF01,2026-06-15,2026-10-02,shortage,Sonstige,Änderungsmeldung,Bayer Aktiengesellschaft,2026-09-23T20:53:05.502536,209872
DE,Germany,BfArM,CEFACLOR BASICS 125 mg TS,Cefaclor-Monohydrat,,,2231494,2124625,J01DC04,2026-04-07,2026-09-30,shortage,Produktionsproblem,Änderungsmeldung,Basics GmbH,2026-09-23T20:53:05.502570,47422
DE,Germany,BfArM,CEFACLOR BASICS 250 mg TS,Cefaclor-Monohydrat,,,2231502,2124626,J01DC04,2025-12-01,2026-09-30,shortage,Produktionsproblem,Änderungsmeldung,Basics GmbH,2026-09-23T20:53:05.502604,
DE,Germany,BfArM,CEFACLOR BASICS 250 mg TS,Cefaclor-Monohydrat,,,5486467,2124626,J01DC04,2025-12-01,2026-09-30,shortage,Produktionsproblem,Änderungsmeldung,Basics GmbH,2026-09-23T20:53:05.502638,
DE,Germany,BfArM,Tobramycin SUN 300 mg Lösung für einen Vernebler,Tobramycin,,,12726831,2195878,J01GB01,2026-01-01,2026-09-30,shortage,Produktionsproblem,Änderungsmeldung,Sun Pharmaceuticals Germany GmbH,2026-09-23T20:53:05.502674,59986
DE,Germany,BfArM,CEFUROX BASICS 125mg/5 ml Granulat zur Herstellung einer Suspension zum Einnehmen,Cefuroximaxetil,,,2242078,2153137,J01DC02,2026-04-01,2026-09-30,shortage,Produktionsproblem,Änderungsmeldung,Basics GmbH,2026-09-23T20:53:05.502710,
DE,Germany,BfArM,CIPRO BASICS 250 mg Filmtabletten,Ciprofloxacinhydrochlorid-Monohydrat,,,8440170,2153742,J01MA02,2025-07-01,2026-09-30,shortage,Produktionsproblem,Änderungsmeldung,Basics GmbH,2026-09-23T20:53:05.502743,138924
DE,Germany,BfArM,CIPRO BASICS 250 mg Filmtabletten,Ciprofloxacinhydrochlorid-Monohydrat,,,8440187,2153742,J01MA02,2025-07-01,2026-09-30,shortage,Produktionsproblem,Änderungsmeldung,Basics GmbH,2026-09-23T20:53:05.502779,138924
DE,Germany,BfArM,EZETIMIB/SIMVA BASICS 10 mg/20 mg Tabletten,Ezetimib; Simvastatin,,,13828108,2194361,C10BA02,2025-09-01,2026-09-30,shortage,Sonstige,Änderungsmeldung,Basics GmbH,2026-09-23T20:53:05.502813,77038
DE,Germany,BfArM,EZETIMIB/SIMVA BASICS 10 mg/20 mg Tabletten,Ezetimib; Simvastatin,,,13828114,2194361,C10BA02,2025-09-01,2026-09-30,shortage,Sonstige,Änderungsmeldung,Basics GmbH,2026-09-23T20:53:05.502847,77038
DE,Germany,BfArM,EZETIMIB/SIMVA BASICS 10 mg/10 mg Tabletten,Ezetimib; Simvastatin,,,13828060,2194360,C10BA02,2025-09-01,2026-09-30,shortage,Sonstige,Änderungsmeldung,Basics GmbH,2026-09-23T20:53:05.502881,197092
DE,Germany,BfArM,EZETIMIB/SIMVA BASICS 10 mg/40 mg Tabletten,Ezetimib; Simvastatin,,,13828137,2194362,C10BA02,2025-09-01,2026-09-30,shortage,Sonstige,Änderungsmeldung,Basics GmbH,2026-09-23T20:53:05.502915,77046
DE,Germany,BfArM,EZETIMIB/SIMVA BASICS 10 mg/40 mg Tabletten,Ezetimib; Simvastatin,,,13828143,2194362,C10BA02,2025-09-01,2026-09-30,shortage,Sonstige,Änderungsmeldung,Basics GmbH,2026-09-23T20:53:05.502949,77046
DE,Germany,BfArM,EZETIMIB/SIMVA BASICS 10 mg/80 mg Tabletten,Ezetimib; Simvastatin,,,13828031,2194363,C10BA02,2025-09-01,2026-09-30,shortage,Sonstige,Änderungsmeldung,Basics GmbH,2026-09-23T20:53:05.502980,77054
DE,Germany,BfArM,IFO-cell 2g Konzentrat zur Herstellung einer Infusionslösung,Ifosfamid,,,8818964,0244127,L01AA06,2026-08-03,2027-12-31,shortage,Produktionsproblem,Änderungsmeldung,STADAPHARM GmbH,2026-09-23T20:53:05.503010,14826
DE,Germany,BfArM,IFO-cell 5 g Konzentrat zur Herstellung einer Infusionslösung,Ifosfamid,,,170357,0244558,L01AA06,2026-08-17,2027-12-31,shortage,Produktionsproblem,Änderungsmeldung,STADAPHARM GmbH,2026-09-23T20:53:05.503040,
DE,Germany,BfArM,IFO-cell N 1000,Ifosfamid,,,834662,3000452,L01AA06,2026-08-17,2027-12-31,shortage,Produktionsproblem,Änderungsmeldung,STADAPHARM GmbH,2026-09-23T20:53:05.503069,14818
DE,Germany,BfArM,IFO-cell N 2000,Ifosfamid,,,834716,3000454,L01AA06,2026-08-17,2027-12-31,shortage,Produktionsproblem,Änderungsmeldung,STADAPHARM GmbH,2026-09-23T20:53:05.503099,14826
DE,Germany,BfArM,SMOFlipid 200 mg/ml Emulsion zur Infusion,Mittelkettige Triglyceride; Omega-3-Säuren-reiches Fischöl ((mit Angaben zur Zusammensetzung)); Raffiniertes Olivenöl; Raffiniertes Sojaöl (Ph.Eur.),,,278333,2160028,B05BA02,2026-04-02,2026-10-30,shortage,Produktionsproblem,Änderungsmeldung,Fresenius Kabi Deutschland GmbH,2026-09-23T20:53:05.503131,86207
DE,Germany,BfArM,SMOFlipid 200 mg/ml Emulsion zur Infusion,Mittelkettige Triglyceride; Omega-3-Säuren-reiches Fischöl ((mit Angaben zur Zusammensetzung)); Raffiniertes Olivenöl; Raffiniertes Sojaöl (Ph.Eur.),,,3731632,2160028,B05BA02,2026-04-02,2026-10-30,shortage,Produktionsproblem,Änderungsmeldung,Fresenius Kabi Deutschland GmbH,2026-09-23T20:53:05.503162,86207
DE,Germany,BfArM,SMOFlipid 200 mg/ml Emulsion zur Infusion,Mittelkettige Triglyceride; Omega-3-Säuren-reiches Fischöl ((mit Angaben zur Zusammensetzung)); Raffiniertes Olivenöl; Raffiniertes Sojaöl (Ph.Eur.),,,3731649,2160028,B05BA02,2026-04-02,2026-10-30,shortage,Produktionsproblem,Änderungsmeldung,Fresenius Kabi Deutschland GmbH,2026-09-23T20:53:05.503192,86207
DE,Germany,BfArM,Nephrotect,Acetylcystein; Alanin; Arginin; Glycin; Histidin; Isoleucin; Leucin; Lysinacetat; Methionin; N-Glycyl-L-tyrosin-Dihydrat; Phenylalanin; Prolin; Serin; Threonin; Tryptophan; Tyrosin; Valin,,,6977730,2113931,B05BA01,2026-04-22,2026-09-30,shortage,Produktionsproblem,Änderungsmeldung,Fresenius Kabi Deutschland GmbH,2026-09-23T20:53:05.503222,
DE,Germany,BfArM,Nephrotect,Acetylcystein; Alanin; Arginin; Glycin; Histidin; Isoleucin; Leucin; Lysinacetat; Methionin; N-Glycyl-L-tyrosin-Dihydrat; Phenylalanin; Prolin; Serin; Threonin; Tryptophan; Tyrosin; Valin,,,6977747,2113931,B05BA01,2026-04-22,2026-09-30,shortage,Produktionsproblem,Änderungsmeldung,Fresenius Kabi Deutschland GmbH,2026-09-23T20:53:05.503254,
DE,Germany,BfArM,Risperidon AL 6 mg Filmtabletten,Risperidon,,,3332808,2160210,N05AX08,2026-06-18,2026-09-30,shortage,Sonstige,Änderungsmeldung,ALIUD PHARMA GmbH,2026-09-23T20:53:05.503285,51381
DE,Germany,BfArM,Flutamid AL 250,Flutamid,,,168768,2142660,L02BB01,2025-10-22,2026-12-01,shortage,Sonstige,Änderungsmeldung,ALIUD PHARMA GmbH,2026-09-23T20:53:05.503316,
DE,Germany,BfArM,Flutamid AL 250,Flutamid,,,168797,2142660,L02BB01,2025-10-22,2026-12-01,shortage,Sonstige,Änderungsmeldung,ALIUD PHARMA GmbH,2026-09-23T20:53:05.503346,
DE,Germany,BfArM,Methyldopa STADA 250mg Filmtablette,Methyldopa (Ph.Eur.),,,2077202,0688195,C02AB01,2024-12-02,2026-12-01,shortage,Produktionsproblem,Änderungsmeldung,STADAPHARM GmbH,2026-09-23T20:53:05.503378,3786
DE,Germany,BfArM,Methyldopa STADA 250mg Filmtablette,Methyldopa (Ph.Eur.),,,8999339,0688195,C02AB01,2024-12-02,2026-12-01,shortage,Produktionsproblem,Änderungsmeldung,STADAPHARM GmbH,2026-09-23T20:53:05.503409,3786
DE,Germany,BfArM,Amoxicillin AL TS,Amoxicillin-Trihydrat,,,0,2114031,J01CA04,2024-05-01,2026-12-01,shortage,Sonstige,Änderungsmeldung,ALIUD PHARMA GmbH,2026-09-23T20:53:05.503439,32131
DE,Germany,BfArM,Amoxicillin AL TS,Amoxicillin-Trihydrat,,,4751588,2114031,J01CA04,2024-05-01,2026-12-01,shortage,Sonstige,Änderungsmeldung,ALIUD PHARMA GmbH,2026-09-23T20:53:05.503469,
DE,Germany,BfArM,Amoxicillin AL TS,Amoxicillin-Trihydrat,,,9424428,2114031,J01CA04,2024-05-01,2026-12-01,shortage,Sonstige,Änderungsmeldung,ALIUD PHARMA GmbH,2026-09-23T20:53:05.503508,
DE,Germany,BfArM,Pankreatan 40.000 Ph.Eur.-Einheiten,Pankreas-Pulver vom Schwein,,,18676011,2155218,A09AA02,2026-08-25,2026-12-01,shortage,Sonstige,Änderungsmeldung,Nordmark Pharma GmbH,2026-09-23T20:53:05.503538,
DE,Germany,BfArM,Pankreatan 40.000 Ph.Eur.-Einheiten,Pankreas-Pulver vom Schwein,,,18676028,2155218,A09AA02,2026-08-25,2026-12-01,shortage,Sonstige,Änderungsmeldung,Nordmark Pharma GmbH,2026-09-23T20:53:05.503569,
DE,Germany,BfArM,Pankreatan 40.000 Ph.Eur.-Einheiten,Pankreas-Pulver vom Schwein,,,18676034,2155218,A09AA02,2026-08-25,2026-12-01,shortage,Sonstige,Änderungsmeldung,Nordmark Pharma GmbH,2026-09-23T20:53:05.503600,
DE,Germany,BfArM,Aprepitant AL 80 mg Hartkapseln,Aprepitant,,,14853025,2200644,A04AD12,2024-11-01,2026-10-01,shortage,Sonstige,Änderungsmeldung,ALIUD PHARMA GmbH,2026-09-23T20:53:05.503630,75817
DE,Germany,BfArM,Aprepitant AL 125 mg Hartkapseln,Aprepitant,,,15376834,2200645,A04AD12,2024-08-01,2026-10-01,shortage,Sonstige,Änderungsmeldung,ALIUD PHARMA GmbH,2026-09-23T20:53:05.503660,75825
DE,Germany,BfArM,Indometacin AL 50,Indometacin,,,425308,2111226,M01AB01,2025-12-31,2026-09-30,shortage,Sonstige,Änderungsmeldung,ALIUD PHARMA GmbH,2026-09-23T20:53:05.503691,
DE,Germany,BfArM,Indometacin AL 50,Indometacin,,,3454121,2111226,M01AB01,2025-12-31,2026-09-30,shortage,Sonstige,Änderungsmeldung,ALIUD PHARMA GmbH,2026-09-23T20:53:05.503721,
DE,Germany,BfArM,ISMN AbZ 40 mg Tabletten,Isosorbidmononitrat,,,8494148,2134317,C01DA14,2026-07-01,2026-10-09,shortage,Sonstige,Änderungsmeldung,AbZ-Pharma GmbH,2026-09-23T20:53:05.503751,
DE,Germany,BfArM,Gotenfia,Golimumab,,,20013499,"7021268, 7027206, 7027207, 7027208",L04AB06,2026-03-01,2027-05-03,shortage,Produktionsproblem,Änderungsmeldung,STADA Arzneimittel Aktiengesellschaft - Geschäftsanschrift -,2026-09-23T20:53:05.503785,121851
DE,Germany,BfArM,Gotenfia,Golimumab,,,20013507,"7021268, 7027206, 7027207, 7027208",L04AB06,2026-03-01,2027-05-03,shortage,Produktionsproblem,Änderungsmeldung,STADA Arzneimittel Aktiengesellschaft - Geschäftsanschrift -,2026-09-23T20:53:05.503816,121851
DE,Germany,BfArM,Gotenfia,Golimumab,,,20013542,"7021268, 7027206, 7027207, 7027208",L04AB06,2026-03-01,2027-05-03,shortage,Produktionsproblem,Änderungsmeldung,STADA Arzneimittel Aktiengesellschaft - Geschäftsanschrift -,2026-09-23T20:53:05.503846,121851
DE,Germany,BfArM,Gotenfia,Golimumab,,,20013559,"7021268, 7027206, 7027207, 7027208",L04AB06,2026-03-01,2027-05-03,shortage,Produktionsproblem,Änderungsmeldung,STADA Arzneimittel Aktiengesellschaft - Geschäftsanschrift -,2026-09-23T20:53:05.503876,121851
DE,Germany,BfArM,Propra-ratiopharm 40 mg Filmtabletten,Propranololhydrochlorid,,,2424425,2102033,C07AA05,2025-11-03,2026-10-07,shortage,Sonstige,Änderungsmeldung,ratiopharm GmbH,2026-09-23T20:53:05.503908,5711
DE,Germany,BfArM,Tera TAD 10mg,Terazosinhydrochlorid-Dihydrat,,,1668929,2150044,G04CA03,2024-11-08,2027-03-31,shortage,Sonstige,Änderungsmeldung,TAD Pharma GmbH,2026-09-23T20:53:05.503940,45268
DE,Germany,BfArM,Tera TAD 10mg,Terazosinhydrochlorid-Dihydrat,,,2224896,2150044,G04CA03,2024-11-08,2027-03-31,shortage,Sonstige,Änderungsmeldung,TAD Pharma GmbH,2026-09-23T20:53:05.503970,45268
DE,Germany,BfArM,Tera TAD 2mg,Terazosinhydrochlorid-Dihydrat,,,1668622,2150042,G04CA03,2024-11-08,2027-03-31,shortage,Sonstige,Änderungsmeldung,TAD Pharma GmbH,2026-09-23T20:53:05.504001,37435
DE,Germany,BfArM,Tera TAD 2mg,Terazosinhydrochlorid-Dihydrat,,,2224844,2150042,G04CA03,2024-11-08,2027-03-31,shortage,Sonstige,Änderungsmeldung,TAD Pharma GmbH,2026-09-23T20:53:05.504032,37435
DE,Germany,BfArM,Tera TAD 5mg,Terazosinhydrochlorid-Dihydrat,,,1668763,2150043,G04CA03,2024-11-08,2027-03-31,shortage,Sonstige,Änderungsmeldung,TAD Pharma GmbH,2026-09-23T20:53:05.504062,36706
DE,Germany,BfArM,Tera TAD 5mg,Terazosinhydrochlorid-Dihydrat,,,2224867,2150043,G04CA03,2024-11-08,2027-03-31,shortage,Sonstige,Änderungsmeldung,TAD Pharma GmbH,2026-09-23T20:53:05.504092,36706
DE,Germany,BfArM,Mydriaticum Stulln,Tropicamid,,,1875775,0037055,S01FA56,2026-08-17,2026-09-21,resolved,Produktionsproblem,Erstmeldung,Pharma Stulln GmbH,2026-09-23T20:53:05.504122,221104
DE,Germany,BfArM,Mydriaticum Stulln,Tropicamid,,,4647856,0037055,S01FA56,2026-08-17,2026-09-21,resolved,Produktionsproblem,Erstmeldung,Pharma Stulln GmbH,2026-09-23T20:53:05.504154,221104
DE,Germany,BfArM,Mydriaticum Stulln UD,Tropicamid,,,5520023,1464144,S01FA06,2026-08-20,2026-09-21,resolved,Produktionsproblem,Erstmeldung,Pharma Stulln GmbH,2026-09-23T20:53:05.504185,219096
DE,Germany,BfArM,Mydriaticum Stulln UD,Tropicamid,,,5520052,1464144,S01FA06,2026-08-20,2026-09-21,resolved,Produktionsproblem,Erstmeldung,Pharma Stulln GmbH,2026-09-23T20:53:05.504215,219096
DE,Germany,BfArM,Mydriaticum Stulln UD,Tropicamid,,,5520129,1464144,S01FA06,2026-08-20,2026-09-21,resolved,Produktionsproblem,Erstmeldung,Pharma Stulln GmbH,2026-09-23T20:53:05.504247,219096
DE,Germany,BfArM,"Bortezomib STADA 2,5 mg/ml Injektionslösung",Bortezomibmannitol,,,18190834,2199063,L01XX32,2025-06-02,2026-10-15,shortage,Produktionsproblem,Änderungsmeldung,STADAPHARM GmbH,2026-09-23T20:53:05.504277,
DE,Germany,BfArM,Etorican 90 mg Filmtabletten,Etoricoxib,,,12652475,2197258,M01AH05,2026-08-17,2026-12-04,shortage,Sonstige,Änderungsmeldung,Hormosan Pharma Gesellschaft mit beschränkter Haftung,2026-09-23T20:53:05.504308,66753
DE,Germany,BfArM,Etorican 30 mg Filmtabletten,Etoricoxib,,,12652558,2197256,M01AH05,2026-08-17,2026-12-04,shortage,Sonstige,Änderungsmeldung,Hormosan Pharma Gesellschaft mit beschränkter Haftung,2026-09-23T20:53:05.504338,85766
DE,Germany,BfArM,Etorican 120 mg Filmtabletten,Etoricoxib,,,12652512,2197259,M01AH05,2026-08-17,2026-12-04,shortage,Sonstige,Erstmeldung,Hormosan Pharma Gesellschaft mit beschränkter Haftung,2026-09-23T20:53:05.504369,66761
DE,Germany,BfArM,Mektovi 15 mg Filmtabletten,Binimetinib,,,14275947,2714506,L01XE41,2026-09-28,2026-10-25,shortage,Sonstige,Erstmeldung,Pierre Fabre Medicament,2026-09-23T20:53:05.504400,
DE,Germany,BfArM,L-Thyroxin Henning 75,Levothyroxin-Natrium,,,2532741,2101452,H03AA01,2026-08-19,2026-10-07,shortage,Sonstige,Erstmeldung,Sanofi-Aventis Deutschland GmbH,2026-09-23T20:53:05.504430,
DE,Germany,BfArM,Atorvastatin Micro Labs 20 mg Filmtabletten,Atorvastatin-Calcium-Trihydrat (Ph.Eur.),,,19378586,7005792,C10AA05,2026-08-19,2026-10-16,shortage,Sonstige,Erstmeldung,Micro Labs GmbH,2026-09-23T20:53:05.504462,98612
DE,Germany,BfArM,Lamisil Spray,Terbinafinhydrochlorid,,,2165225,2141418,D01AE15,2026-07-06,2026-10-16,shortage,Sonstige,Änderungsmeldung,Karo Healthcare AB,2026-09-23T20:53:05.504494,78220
DE,Germany,BfArM,Aminoven 10 %,Alanin; Arginin; Glycin; Histidin; Isoleucin; Leucin; Lysinacetat; Methionin; Phenylalanin; Prolin; Serin; Taurin; Threonin; Tryptophan; Tyrosin; Valin,,,1214335,2138719,B05BA01,2026-02-19,2026-12-31,shortage,Sonstige,Änderungsmeldung,Fresenius Kabi Deutschland GmbH,2026-09-23T20:53:05.504525,
DE,Germany,BfArM,Aminoven 10 %,Alanin; Arginin; Glycin; Histidin; Isoleucin; Leucin; Lysinacetat; Methionin; Phenylalanin; Prolin; Serin; Taurin; Threonin; Tryptophan; Tyrosin; Valin,,,1214358,2138719,B05BA01,2026-02-19,2026-12-31,shortage,Sonstige,Änderungsmeldung,Fresenius Kabi Deutschland GmbH,2026-09-23T20:53:05.504557,
DE,Germany,BfArM,Epipevisone,Econazolnitrat; Triamcinolonacetonid,,,6301234,0127189,D01AC,2026-07-07,2026-12-04,shortage,Sonstige,Änderungsmeldung,Karo Healthcare AB,2026-09-23T20:53:05.504587,
DE,Germany,BfArM,Ropivacainhydrochlorid Kabi 10 mg/ml Injektionslösung,Ropivacainhydrochlorid,,,6455500,2178019,N01BB09,2026-08-17,2026-11-09,shortage,Produktionsproblem,Erstmeldung,Fresenius Kabi Deutschland GmbH,2026-09-23T20:53:05.504618,43575
DE,Germany,BfArM,Quetiapin Heumann retard 150 mg Retardtabletten,Quetiapinfumarat (Ph.Eur.),,,9232887,2200856,N05AH04,2025-01-27,2026-12-15,shortage,Produktionsproblem,Änderungsmeldung,Heumann Pharma GmbH & Co. Generica KG,2026-09-23T20:53:05.504648,94757
DE,Germany,BfArM,Quetiapin Heumann retard 150 mg Retardtabletten,Quetiapinfumarat (Ph.Eur.),,,9232918,2200856,N05AH04,2025-01-27,2026-12-15,shortage,Produktionsproblem,Änderungsmeldung,Heumann Pharma GmbH & Co. Generica KG,2026-09-23T20:53:05.504679,94757
DE,Germany,BfArM,Quetiapin Heumann retard 300 mg Retardtabletten,Quetiapinfumarat (Ph.Eur.),,,9237838,2200858,N05AH04,2025-01-27,2026-12-15,shortage,Produktionsproblem,Änderungsmeldung,Heumann Pharma GmbH & Co. Generica KG,2026-09-23T20:53:05.504709,84204
DE,Germany,BfArM,Quetiapin Heumann retard 300 mg Retardtabletten,Quetiapinfumarat (Ph.Eur.),,,9237844,2200858,N05AH04,2025-01-27,2026-12-15,shortage,Produktionsproblem,Änderungsmeldung,Heumann Pharma GmbH & Co. Generica KG,2026-09-23T20:53:05.504742,84204
DE,Germany,BfArM,Quetiapin Heumann retard 300 mg Retardtabletten,Quetiapinfumarat (Ph.Eur.),,,9237867,2200858,N05AH04,2025-01-27,2026-12-15,shortage,Produktionsproblem,Änderungsmeldung,Heumann Pharma GmbH & Co. Generica KG,2026-09-23T20:53:05.504776,84204
DE,Germany,BfArM,Quetiapin Heumann retard 400 mg Retardtabletten,Quetiapinfumarat (Ph.Eur.),,,9232924,2200859,N05AH04,2025-01-27,2026-12-15,shortage,Produktionsproblem,Änderungsmeldung,Heumann Pharma GmbH & Co. Generica KG,2026-09-23T20:53:05.504806,84212
DE,Germany,BfArM,Quetiapin Heumann retard 400 mg Retardtabletten,Quetiapinfumarat (Ph.Eur.),,,9232982,2200859,N05AH04,2025-01-27,2026-12-15,shortage,Produktionsproblem,Änderungsmeldung,Heumann Pharma GmbH & Co. Generica KG,2026-09-23T20:53:05.504836,84212
DE,Germany,BfArM,Quetiapin Heumann retard 400 mg Retardtabletten,Quetiapinfumarat (Ph.Eur.),,,9232999,2200859,N05AH04,2025-01-27,2026-12-15,shortage,Produktionsproblem,Änderungsmeldung,Heumann Pharma GmbH & Co. Generica KG,2026-09-23T20:53:05.504867,84212
DE,Germany,BfArM,Quetiapin Heumann retard 50 mg Retardtabletten,Quetiapinfumarat (Ph.Eur.),,,9232835,2200855,N05AH04,2025-01-27,2026-12-15,shortage,Produktionsproblem,Änderungsmeldung,Heumann Pharma GmbH & Co. Generica KG,2026-09-23T20:53:05.504897,84182
DE,Germany,BfArM,Quetiapin Heumann retard 50 mg Retardtabletten,Quetiapinfumarat (Ph.Eur.),,,9232858,2200855,N05AH04,2025-01-27,2026-12-15,shortage,Produktionsproblem,Änderungsmeldung,Heumann Pharma GmbH & Co. Generica KG,2026-09-23T20:53:05.504927,84182
DE,Germany,BfArM,Quetiapin Heumann retard 50 mg Retardtabletten,Quetiapinfumarat (Ph.Eur.),,,9232864,2200855,N05AH04,2025-01-27,2026-12-15,shortage,Produktionsproblem,Änderungsmeldung,Heumann Pharma GmbH & Co. Generica KG,2026-09-23T20:53:05.504959,84182
DE,Germany,BfArM,Quetiapin Heumann retard 200 mg Retardtabletten,Quetiapinfumarat (Ph.Eur.),,,9237784,2200857,N05AH04,2025-01-27,2026-12-15,shortage,Produktionsproblem,Änderungsmeldung,Heumann Pharma GmbH & Co. Generica KG,2026-09-23T20:53:05.504989,84190
DE,Germany,BfArM,Quetiapin Heumann retard 200 mg Retardtabletten,Quetiapinfumarat (Ph.Eur.),,,9237809,2200857,N05AH04,2025-01-27,2026-12-15,shortage,Produktionsproblem,Änderungsmeldung,Heumann Pharma GmbH & Co. Generica KG,2026-09-23T20:53:05.505021,84190
DE,Germany,BfArM,Quetiapin Heumann retard 200 mg Retardtabletten,Quetiapinfumarat (Ph.Eur.),,,9237815,2200857,N05AH04,2025-01-27,2026-12-15,shortage,Produktionsproblem,Änderungsmeldung,Heumann Pharma GmbH & Co. Generica KG,2026-09-23T20:53:05.505053,84190
DE,Germany,BfArM,"Galantamin Heumann 8 mg Hartkapseln, retardiert",Galantaminhydrobromid,,,9632842,2193161,N06DA04,2026-08-14,2026-12-15,shortage,Produktionsproblem,Erstmeldung,Heumann Pharma GmbH & Co. Generica KG,2026-09-23T20:53:05.505084,76767
DE,Germany,BfArM,"Galantamin Heumann 8 mg Hartkapseln, retardiert",Galantaminhydrobromid,,,9901590,2193161,N06DA04,2026-08-14,2026-12-15,shortage,Produktionsproblem,Erstmeldung,Heumann Pharma GmbH & Co. Generica KG,2026-09-23T20:53:05.505114,76767
DE,Germany,BfArM,"Galantamin Heumann 8 mg Hartkapseln, retardiert",Galantaminhydrobromid,,,10408908,2193161,N06DA04,2026-08-14,2026-12-15,shortage,Produktionsproblem,Erstmeldung,Heumann Pharma GmbH & Co. Generica KG,2026-09-23T20:53:05.505144,76767
DE,Germany,BfArM,"Galantamin Heumann 24 mg Hartkapseln, retardiert",Galantaminhydrobromid,,,6195401,2193163,N06DA04,2025-02-24,2026-12-15,shortage,Produktionsproblem,Änderungsmeldung,Heumann Pharma GmbH & Co. Generica KG,2026-09-23T20:53:05.505178,76783
DE,Germany,BfArM,"Galantamin Heumann 24 mg Hartkapseln, retardiert",Galantaminhydrobromid,,,9632888,2193163,N06DA04,2025-02-24,2026-12-15,shortage,Produktionsproblem,Änderungsmeldung,Heumann Pharma GmbH & Co. Generica KG,2026-09-23T20:53:05.505208,76783
DE,Germany,BfArM,"Galantamin Heumann 24 mg Hartkapseln, retardiert",Galantaminhydrobromid,,,9632902,2193163,N06DA04,2025-02-24,2026-12-15,shortage,Produktionsproblem,Änderungsmeldung,Heumann Pharma GmbH & Co. Generica KG,2026-09-23T20:53:05.505238,76783
DE,Germany,BfArM,Sevredol 20mg,"Morphinhemisulfat-2,5-Hydrat",,,4790128,2125933,N02AA01,2026-07-31,2026-10-08,shortage,Produktionsproblem,Änderungsmeldung,Mundipharma Gesellschaft mit beschränkter Haftung - Geschäftsanschrift -,2026-09-23T20:53:05.505271,103683
DE,Germany,BfArM,Quetiapin-Hormosan 400 mg Retardtabletten,Quetiapinfumarat (Ph.Eur.),,,11146066,2190556,N05AH04,2026-07-01,2027-01-04,shortage,Sonstige,Erstmeldung,Hormosan Pharma Gesellschaft mit beschränkter Haftung,2026-09-23T20:53:05.505300,84212
DE,Germany,BfArM,Quetiapin-Hormosan 400 mg Retardtabletten,Quetiapinfumarat (Ph.Eur.),,,11146072,2190556,N05AH04,2026-07-01,2027-01-04,shortage,Sonstige,Erstmeldung,Hormosan Pharma Gesellschaft mit beschränkter Haftung,2026-09-23T20:53:05.505332,84212
DE,Germany,BfArM,Quetiapin-Hormosan 300 mg Retardtabletten,Quetiapinfumarat (Ph.Eur.),,,11146020,2190555,N05AH04,2026-07-01,2027-01-04,shortage,Sonstige,Erstmeldung,Hormosan Pharma Gesellschaft mit beschränkter Haftung,2026-09-23T20:53:05.505362,84204
DE,Germany,BfArM,Quetiapin-Hormosan 300 mg Retardtabletten,Quetiapinfumarat (Ph.Eur.),,,11146037,2190555,N05AH04,2026-07-01,2027-01-04,shortage,Sonstige,Erstmeldung,Hormosan Pharma Gesellschaft mit beschränkter Haftung,2026-09-23T20:53:05.505393,84204
DE,Germany,BfArM,Quetiapin-Hormosan 200 mg Retardtabletten,Quetiapinfumarat (Ph.Eur.),,,11145983,2190554,N05AH04,2026-07-01,2027-01-04,shortage,Sonstige,Erstmeldung,Hormosan Pharma Gesellschaft mit beschränkter Haftung,2026-09-23T20:53:05.505423,84190
DE,Germany,BfArM,Quetiapin-Hormosan 200 mg Retardtabletten,Quetiapinfumarat (Ph.Eur.),,,11146008,2190554,N05AH04,2026-07-01,2027-01-04,shortage,Sonstige,Erstmeldung,Hormosan Pharma Gesellschaft mit beschränkter Haftung,2026-09-23T20:53:05.505453,84190
DE,Germany,BfArM,Quetiapin-Hormosan 150 mg Retardtabletten,Quetiapinfumarat (Ph.Eur.),,,11145954,2190553,N05AH04,2026-05-04,2027-01-04,shortage,Sonstige,Erstmeldung,Hormosan Pharma Gesellschaft mit beschränkter Haftung,2026-09-23T20:53:05.505487,94757
DE,Germany,BfArM,Quetiapin-Hormosan 150 mg Retardtabletten,Quetiapinfumarat (Ph.Eur.),,,11145960,2190553,N05AH04,2026-05-04,2027-01-04,shortage,Sonstige,Erstmeldung,Hormosan Pharma Gesellschaft mit beschränkter Haftung,2026-09-23T20:53:05.505517,94757
DE,Germany,BfArM,Quetiapin-Hormosan 50 mg Retardtabletten,Quetiapinfumarat (Ph.Eur.),,,11145925,2190552,N05AH04,2026-05-01,2027-01-04,shortage,Sonstige,Änderungsmeldung,Hormosan Pharma Gesellschaft mit beschränkter Haftung,2026-09-23T20:53:05.505547,84182
DE,Germany,BfArM,Quetiapin-Hormosan 50 mg Retardtabletten,Quetiapinfumarat (Ph.Eur.),,,11145931,2190552,N05AH04,2026-05-01,2027-01-04,shortage,Sonstige,Änderungsmeldung,Hormosan Pharma Gesellschaft mit beschränkter Haftung,2026-09-23T20:53:05.505580,84182
DE,Germany,BfArM,Levetiracetam-Hormosan 100 mg/ml Lösung zum Einnehmen,Levetiracetam,,,12569107,2197700,N03AX14,2026-05-01,2026-11-16,shortage,Sonstige,Änderungsmeldung,Hormosan Pharma Gesellschaft mit beschränkter Haftung,2026-09-23T20:53:05.505610,80918
DE,Germany,BfArM,"Galantamin Heumann 16 mg Hartkapseln, retardiert",Galantaminhydrobromid,,,6195016,2193162,N06DA04,2025-02-24,2026-12-15,shortage,Produktionsproblem,Änderungsmeldung,Heumann Pharma GmbH & Co. Generica KG,2026-09-23T20:53:05.505640,76775
DE,Germany,BfArM,"Galantamin Heumann 16 mg Hartkapseln, retardiert",Galantaminhydrobromid,,,9632859,2193162,N06DA04,2025-02-24,2026-12-15,shortage,Produktionsproblem,Änderungsmeldung,Heumann Pharma GmbH & Co. Generica KG,2026-09-23T20:53:05.505672,76775
DE,Germany,BfArM,"Galantamin Heumann 16 mg Hartkapseln, retardiert",Galantaminhydrobromid,,,9632871,2193162,N06DA04,2025-02-24,2026-12-15,shortage,Produktionsproblem,Änderungsmeldung,Heumann Pharma GmbH & Co. Generica KG,2026-09-23T20:53:05.505702,76775
DE,Germany,BfArM,Atorvastatin Micro Labs 30 mg Filmtabletten,Atorvastatin-Calcium-Trihydrat (Ph.Eur.),,,18214753,7004432,C10AA05,2026-08-18,2026-10-16,shortage,Sonstige,Änderungsmeldung,Micro Labs GmbH,2026-09-23T20:53:05.505735,
DE,Germany,BfArM,Atorvastatin Micro Labs 30 mg Filmtabletten,Atorvastatin-Calcium-Trihydrat (Ph.Eur.),,,18214776,7004432,C10AA05,2026-08-18,2026-10-16,shortage,Sonstige,Änderungsmeldung,Micro Labs GmbH,2026-09-23T20:53:05.505765,
DE,Germany,BfArM,Atorvastatin Micro Labs 30 mg Filmtabletten,Atorvastatin-Calcium-Trihydrat (Ph.Eur.),,,18214782,7004432,C10AA05,2026-08-18,2026-10-16,shortage,Sonstige,Änderungsmeldung,Micro Labs GmbH,2026-09-23T20:53:05.505795,
DE,Germany,BfArM,Eletrip-Hormosan 40 mg Filmtabletten,Eletriptanhydrobromid,,,16927242,7000562,N02CC06,2026-08-17,2026-10-23,shortage,Sonstige,Erstmeldung,Hormosan Pharma Gesellschaft mit beschränkter Haftung,2026-09-23T20:53:05.505832,60232
DE,Germany,BfArM,Eletrip-Hormosan 20 mg Filmtabletten,Eletriptanhydrobromid,,,16927199,7000561,N02CC06,2026-08-17,2026-10-23,shortage,Sonstige,Erstmeldung,Hormosan Pharma Gesellschaft mit beschränkter Haftung,2026-09-23T20:53:05.505863,60224
DE,Germany,BfArM,Eletrip-Hormosan 20 mg Filmtabletten,Eletriptanhydrobromid,,,16927207,7000561,N02CC06,2026-08-17,2026-10-23,shortage,Sonstige,Erstmeldung,Hormosan Pharma Gesellschaft mit beschränkter Haftung,2026-09-23T20:53:05.505893,60224
DE,Germany,BfArM,Mitem 20mg,Mitomycin,,,2402211,2140379,L01DC03,2025-11-18,2027-02-01,shortage,Sonstige,Änderungsmeldung,Substipharm,2026-09-23T20:53:05.505924,119806
DE,Germany,BfArM,Mitem 20mg,Mitomycin,,,3480006,2140379,L01DC03,2025-11-18,2027-02-01,shortage,Sonstige,Änderungsmeldung,Substipharm,2026-09-23T20:53:05.505954,119806
DE,Germany,BfArM,Mitem 20mg,Mitomycin,,,8829560,2140379,L01DC03,2025-11-18,2027-02-01,shortage,Sonstige,Änderungsmeldung,Substipharm,2026-09-23T20:53:05.505987,119806
DE,Germany,BfArM,Sertralin TAD 50 mg Filmtabletten,Sertralinhydrochlorid,,,16804143,2163020,N06AB06,2025-04-14,2026-10-31,shortage,Sonstige,Änderungsmeldung,TAD Pharma GmbH,2026-09-23T20:53:05.506021,39403
DE,Germany,BfArM,Sertralin TAD 50 mg Filmtabletten,Sertralinhydrochlorid,,,16804172,2163020,N06AB06,2025-04-14,2026-10-31,shortage,Sonstige,Änderungsmeldung,TAD Pharma GmbH,2026-09-23T20:53:05.506053,39403
DE,Germany,BfArM,Sertralin TAD 50 mg Filmtabletten,Sertralinhydrochlorid,,,16804189,2163020,N06AB06,2025-04-14,2026-10-31,shortage,Sonstige,Änderungsmeldung,TAD Pharma GmbH,2026-09-23T20:53:05.506082,39403
DE,Germany,BfArM,Sertralin TAD 100 mg Filmtabletten,Sertralinhydrochlorid,,,16804195,2163021,N06AB06,2025-04-14,2026-10-31,shortage,Sonstige,Änderungsmeldung,TAD Pharma GmbH,2026-09-23T20:53:05.506112,39411
DE,Germany,BfArM,Sertralin TAD 100 mg Filmtabletten,Sertralinhydrochlorid,,,16804226,2163021,N06AB06,2025-04-14,2026-10-31,shortage,Sonstige,Änderungsmeldung,TAD Pharma GmbH,2026-09-23T20:53:05.506143,39411
DE,Germany,BfArM,Sertralin TAD 100 mg Filmtabletten,Sertralinhydrochlorid,,,16804232,2163021,N06AB06,2025-04-14,2026-10-31,shortage,Sonstige,Änderungsmeldung,TAD Pharma GmbH,2026-09-23T20:53:05.506173,39411
DE,Germany,BfArM,Atorvastatin Micro Labs 10 mg Filmtabletten,Atorvastatin-Calcium-Trihydrat (Ph.Eur.),,,19378540,2204072,C10AA05,2026-08-17,2026-10-16,shortage,Sonstige,Erstmeldung,Micro Labs GmbH,2026-09-23T20:53:05.506203,98604
DE,Germany,BfArM,Topiramat-glenmark 50 mg Filmtabletten,Topiramat,,,9920222,2168191,N03AX11,2026-06-05,2026-09-18,resolved,Produktionsproblem,Änderungsmeldung,Glenmark Arzneimittel GmbH,2026-09-23T20:53:05.506239,43982
DE,Germany,BfArM,Rizatriptan Glenmark 5 mg Schmelztabletten,Rizatriptanbenzoat,,,417036,2178495,N02CC04,2026-06-10,2026-10-16,shortage,Sonstige,Änderungsmeldung,Glenmark Arzneimittel GmbH,2026-09-23T20:53:05.506270,50512
DE,Germany,BfArM,Rizatriptan Glenmark 10 mg Tabletten,Rizatriptanbenzoat,,,9947095,2176203,N02CC04,2026-06-10,2026-09-18,resolved,Sonstige,Änderungsmeldung,Glenmark Arzneimittel GmbH,2026-09-23T20:53:05.506299,50504
DE,Germany,BfArM,Ezetimib Glenmark 10 mg Tabletten,Ezetimib,,,13156703,2192217,C10AX09,2025-04-22,2026-09-18,resolved,Produktionsproblem,Änderungsmeldung,Glenmark Arzneimittel GmbH,2026-09-23T20:53:05.506330,70645
DE,Germany,BfArM,Gabapentin Glenmark 800 mg Filmtabletten,Gabapentin,,,13589595,2197380,N02BF01,2026-07-20,2026-09-18,resolved,Sonstige,Änderungsmeldung,Glenmark Arzneimittel GmbH,2026-09-23T20:53:05.506360,57568
DE,Germany,BfArM,Gabapentin Glenmark 800 mg Filmtabletten,Gabapentin,,,13589603,2197380,N02BF01,2026-07-20,2026-09-18,resolved,Sonstige,Änderungsmeldung,Glenmark Arzneimittel GmbH,2026-09-23T20:53:05.506390,57568
DE,Germany,BfArM,"Olanzapin Glenmark 2,5 mg Tabletten - OP70",Olanzapin,,,9465893,2706420,N05AH03,2026-08-03,2026-10-16,shortage,Sonstige,Erstmeldung,Glenmark Arzneimittel GmbH,2026-09-23T20:53:05.506421,61271
DE,Germany,BfArM,Eldisine,Vindesinsulfat,,,8754862,2101926,L01CA03,2023-10-23,2026-11-30,shortage,Produktionsproblem,Änderungsmeldung,STADAPHARM GmbH,2026-09-23T20:53:05.506451,202258
DE,Germany,BfArM,Tarka 240 mg/4 mg Tabletten mit veränderter Wirkstofffreisetzung,Trandolapril; Verapamilhydrochlorid,,,3359486,2165603,C09BB10,2026-08-06,2026-11-16,shortage,Sonstige,Erstmeldung,Viatris Healthcare GmbH,2026-09-23T20:53:05.506481,42706
DE,Germany,BfArM,Nexviadyme,Avalglucosidase alfa,,,996123,"7002406, 7002407, 7002408",A16AB22,2026-07-03,2026-09-30,shortage,Produktionsproblem,Änderungsmeldung,Sanofi B.V.,2026-09-23T20:53:05.506510,230979
DE,Germany,BfArM,Nexviadyme,Avalglucosidase alfa,,,17309612,"7002406, 7002407, 7002408",A16AB22,2026-07-03,2026-09-30,shortage,Produktionsproblem,Änderungsmeldung,Sanofi B.V.,2026-09-23T20:53:05.506541,230979
DE,Germany,BfArM,Nexviadyme,Avalglucosidase alfa,,,17309629,"7002406, 7002407, 7002408",A16AB22,2026-07-03,2026-09-30,shortage,Produktionsproblem,Änderungsmeldung,Sanofi B.V.,2026-09-23T20:53:05.506573,230979
DE,Germany,BfArM,Clarithromycin Eberth 500 mg Pulver zur Herstellung einer Infusionslösung,Clarithromycinlactobionat,,,10394201,2185349,J01FA09,2026-08-12,2026-09-30,shortage,Sonstige,Erstmeldung,Dr. Friedrich Eberth Arzneimittel GmbH,2026-09-23T20:53:05.506602,
DE,Germany,BfArM,DHC Ennogen 90 mg Retardtabletten,"Dihydrocodein[(R,R)-tartrat]",,,19111558,2130147,N02AA08,2026-07-31,2026-10-31,shortage,Produktionsproblem,Erstmeldung,Ennogen Healthcare (Europe) Limited,2026-09-23T20:53:05.506634,
DE,Germany,BfArM,"Entecavir Amarox 0,5 mg Filmtabletten",Entecavir,,,16369457,2198340,J05AF10,2026-07-28,2026-12-31,shortage,Produktionsproblem,Änderungsmeldung,AMAROX PHARMA GmbH,2026-09-23T20:53:05.506666,81388
DE,Germany,BfArM,"Entecavir Amarox 0,5 mg Filmtabletten",Entecavir,,,16369463,2198340,J05AF10,2026-07-28,2026-12-31,shortage,Produktionsproblem,Änderungsmeldung,AMAROX PHARMA GmbH,2026-09-23T20:53:05.506696,81388
DE,Germany,BfArM,Prednisolon 10mg JENAPHARM,Prednisolon,,,2065127,2155205,H02AB06,2026-08-05,2026-11-13,shortage,Sonstige,Erstmeldung,Mibe GmbH Arzneimittel,2026-09-23T20:53:05.506726,49638
DE,Germany,BfArM,Prednicarbat acis Lösung,Prednicarbat,,,3955018,2184545,D07AC18,2026-08-10,2026-10-30,shortage,Sonstige,Erstmeldung,Mibe GmbH Arzneimittel,2026-09-23T20:53:05.506756,
DE,Germany,BfArM,Neotri,Triamteren; Xipamid,,,2481110,2102405,C03EA,2026-08-05,2027-04-30,shortage,Sonstige,Erstmeldung,Mibe GmbH Arzneimittel,2026-09-23T20:53:05.506786,
DE,Germany,BfArM,Cefotaxim-saar 1 g Pulver zur Herstellung einer Injektions- bzw. Infusionslösung,Cefotaxim-Natrium,,,10268330,2187245,J01DD01,2026-09-01,2026-11-30,shortage,Produktionsproblem,Änderungsmeldung,MIP Pharma GmbH,2026-09-23T20:53:05.506816,37168
DE,Germany,BfArM,Cefotaxim-saar 2 g Pulver zur Herstellung einer Injektions- bzw. Infusionslösung,Cefotaxim-Natrium,,,10268347,2187246,J01DD01,2026-09-01,2026-11-30,shortage,Produktionsproblem,Änderungsmeldung,MIP Pharma GmbH,2026-09-23T20:53:05.506847,
DE,Germany,BfArM,DRIPONIN 3 mg Tabletten,Ivermectin,,,14446076,2200613,P02CF01,2025-11-28,2026-12-14,shortage,Sonstige,Änderungsmeldung,Pädia GmbH,2026-09-23T20:53:05.506879,69515
DE,Germany,BfArM,Dabigatranetexilat Viatris 110 mg Hartkapseln,Dabigatranetexilatmesilat,,,19158583,7011297,B01AE07,2026-08-06,2026-11-16,shortage,Sonstige,Erstmeldung,Viatris Germany GmbH,2026-09-23T20:53:05.506909,86991
DE,Germany,BfArM,Dabigatranetexilat Viatris 110 mg Hartkapseln,Dabigatranetexilatmesilat,,,19158608,7011297,B01AE07,2026-08-06,2026-11-16,shortage,Sonstige,Erstmeldung,Viatris Germany GmbH,2026-09-23T20:53:05.506939,86991
DE,Germany,BfArM,Dabigatranetexilat Viatris 110 mg Hartkapseln,Dabigatranetexilatmesilat,,,19158614,7011297,B01AE07,2026-08-06,2026-11-16,shortage,Sonstige,Erstmeldung,Viatris Germany GmbH,2026-09-23T20:53:05.506971,86991
DE,Germany,BfArM,Dabigatranetexilat Viatris 75 mg Hartkapseln,Dabigatranetexilatmesilat,,,19158577,7011296,B01AE07,2026-08-06,2026-12-15,shortage,Sonstige,Erstmeldung,Viatris Germany GmbH,2026-09-23T20:53:05.507000,86983
DE,Germany,BfArM,OLANZAPIN BASICS 15 mg Schmelztabletten,Olanzapin,,,9060067,2174291,N05AH03,2026-08-03,2026-12-31,shortage,Produktionsproblem,Erstmeldung,Basics GmbH,2026-09-23T20:53:05.507030,61158
DE,Germany,BfArM,Gabapentin Holsten 100 mg Hartkapseln,Gabapentin,,,13248144,2158851,N03AX12,2025-08-01,2026-12-31,shortage,Sonstige,Änderungsmeldung,Holsten Pharma GmbH - Geschäftsanschrift -,2026-09-23T20:53:05.507062,
DE,Germany,BfArM,Gabapentin Holsten 100 mg Hartkapseln,Gabapentin,,,13248150,2158851,N03AX12,2025-08-01,2026-12-31,shortage,Sonstige,Änderungsmeldung,Holsten Pharma GmbH - Geschäftsanschrift -,2026-09-23T20:53:05.507091,
DE,Germany,BfArM,Gabapentin Holsten 100 mg Hartkapseln,Gabapentin,,,13248167,2158851,N03AX12,2025-08-01,2026-12-31,shortage,Sonstige,Änderungsmeldung,Holsten Pharma GmbH - Geschäftsanschrift -,2026-09-23T20:53:05.507121,
DE,Germany,BfArM,Quetiapin Accord 200 mg Retardtabletten,Quetiapinfumarat (Ph.Eur.),,,15379040,2180760,N05AH04,2025-10-01,2027-03-31,shortage,Produktionsproblem,Änderungsmeldung,Accord Healthcare B.V.,2026-09-23T20:53:05.507152,84190
DE,Germany,BfArM,Quetiapin Accord 200 mg Retardtabletten,Quetiapinfumarat (Ph.Eur.),,,15379057,2180760,N05AH04,2025-10-01,2027-03-31,shortage,Produktionsproblem,Änderungsmeldung,Accord Healthcare B.V.,2026-09-23T20:53:05.507182,84190
DE,Germany,BfArM,Quetiapin Accord 200 mg Retardtabletten,Quetiapinfumarat (Ph.Eur.),,,15379063,2180760,N05AH04,2025-10-01,2027-03-31,shortage,Produktionsproblem,Änderungsmeldung,Accord Healthcare B.V.,2026-09-23T20:53:05.507214,84190
DE,Germany,BfArM,Plerixafor Viatris 20 mg/ml Injektionslösung,Plerixafor,,,19157106,7010801,L03AX16,2026-07-15,2026-12-31,shortage,Sonstige,Änderungsmeldung,Viatris Germany GmbH,2026-09-23T20:53:05.507244,131156
DE,Germany,BfArM,ROSUVASTATIN-ELPEN 5 mg Filmtabletten,Rosuvastatin-Hemicalcium,,,14166715,2193811,C10AA07,2023-03-06,2027-07-31,shortage,Sonstige,Änderungsmeldung,"Elpen Pharmaceutical Co. Inc. Beiname: Elpen, Elpen S.A., Elpen A.E.",2026-09-23T20:53:05.507276,201030
DE,Germany,BfArM,ROSUVASTATIN-ELPEN 5 mg Filmtabletten,Rosuvastatin-Hemicalcium,,,14166721,2193811,C10AA07,2023-03-06,2027-07-31,shortage,Sonstige,Änderungsmeldung,"Elpen Pharmaceutical Co. Inc. Beiname: Elpen, Elpen S.A., Elpen A.E.",2026-09-23T20:53:05.507306,201030
DE,Germany,BfArM,ROSUVASTATIN-ELPEN 10 mg Filmtabletten,Rosuvastatin-Hemicalcium,,,14166738,2193812,C10AA07,2023-03-06,2027-07-31,shortage,Sonstige,Änderungsmeldung,"Elpen Pharmaceutical Co. Inc. Beiname: Elpen, Elpen S.A., Elpen A.E.",2026-09-23T20:53:05.507336,201049
DE,Germany,BfArM,ROSUVASTATIN-ELPEN 10 mg Filmtabletten,Rosuvastatin-Hemicalcium,,,14166744,2193812,C10AA07,2023-03-06,2027-07-31,shortage,Sonstige,Änderungsmeldung,"Elpen Pharmaceutical Co. Inc. Beiname: Elpen, Elpen S.A., Elpen A.E.",2026-09-23T20:53:05.507366,201049
DE,Germany,BfArM,ROSUVASTATIN-ELPEN 20 mg Filmtabletten,Rosuvastatin-Hemicalcium,,,14166750,2193813,C10AA07,2023-03-06,2027-07-31,shortage,Sonstige,Änderungsmeldung,"Elpen Pharmaceutical Co. Inc. Beiname: Elpen, Elpen S.A., Elpen A.E.",2026-09-23T20:53:05.507396,201057
DE,Germany,BfArM,ROSUVASTATIN-ELPEN 20 mg Filmtabletten,Rosuvastatin-Hemicalcium,,,14166767,2193813,C10AA07,2023-03-06,2027-07-31,shortage,Sonstige,Änderungsmeldung,"Elpen Pharmaceutical Co. Inc. Beiname: Elpen, Elpen S.A., Elpen A.E.",2026-09-23T20:53:05.507426,201057
DE,Germany,BfArM,ROSUVASTATIN-ELPEN 40 mg Filmtabletten,Rosuvastatin-Hemicalcium,,,16037850,2193814,C10AA07,2023-03-06,2027-07-31,shortage,Sonstige,Änderungsmeldung,"Elpen Pharmaceutical Co. Inc. Beiname: Elpen, Elpen S.A., Elpen A.E.",2026-09-23T20:53:05.507458,201065
DE,Germany,BfArM,"Buprenorphin AWD Matrix 52,5 Mikrogramm/h Transdermales Pflaster",Buprenorphin,,,262332,2188454,N02AE01,2024-03-14,2026-10-30,shortage,Sonstige,Änderungsmeldung,TEVA GmbH,2026-09-23T20:53:05.507491,228982
DE,Germany,BfArM,"Buprenorphin AWD Matrix 52,5 Mikrogramm/h Transdermales Pflaster",Buprenorphin,,,262349,2188454,N02AE01,2024-03-14,2026-10-30,shortage,Sonstige,Änderungsmeldung,TEVA GmbH,2026-09-23T20:53:05.507521,228982
DE,Germany,BfArM,"Buprenorphin AWD Matrix 52,5 Mikrogramm/h Transdermales Pflaster",Buprenorphin,,,266531,2188454,N02AE01,2024-03-14,2026-10-30,shortage,Sonstige,Änderungsmeldung,TEVA GmbH,2026-09-23T20:53:05.507553,228982
DE,Germany,BfArM,"Buprenorphin AWD Matrix 52,5 Mikrogramm/h Transdermales Pflaster",Buprenorphin,,,4407129,2188454,N02AE01,2024-03-14,2026-10-30,shortage,Sonstige,Änderungsmeldung,TEVA GmbH,2026-09-23T20:53:05.507583,228982
DE,Germany,BfArM,"Buprenorphin AWD Matrix 52,5 Mikrogramm/h Transdermales Pflaster",Buprenorphin,,,4407170,2188454,N02AE01,2024-03-14,2026-10-30,shortage,Sonstige,Änderungsmeldung,TEVA GmbH,2026-09-23T20:53:05.507613,228982
DE,Germany,BfArM,Buprenorphin AWD Matrix 70 Mikrogramm/h Transdermales Pflaster,Buprenorphin,,,267217,2188455,N02AE01,2024-03-14,2026-10-30,shortage,Sonstige,Änderungsmeldung,TEVA GmbH,2026-09-23T20:53:05.507645,228966
DE,Germany,BfArM,Buprenorphin AWD Matrix 70 Mikrogramm/h Transdermales Pflaster,Buprenorphin,,,4407891,2188455,N02AE01,2024-03-14,2026-10-30,shortage,Sonstige,Änderungsmeldung,TEVA GmbH,2026-09-23T20:53:05.507675,228966
DE,Germany,BfArM,Buprenorphin AWD Matrix 70 Mikrogramm/h Transdermales Pflaster,Buprenorphin,,,4410108,2188455,N02AE01,2024-03-14,2026-10-30,shortage,Sonstige,Änderungsmeldung,TEVA GmbH,2026-09-23T20:53:05.507704,228966
DE,Germany,BfArM,"Digitoxin AWD 0,07",Digitoxin,,,4008079,3000655,C01AA04,2026-07-01,2027-01-29,shortage,Sonstige,Änderungsmeldung,TEVA GmbH,2026-09-23T20:53:05.507736,
DE,Germany,BfArM,"Digitoxin AWD 0,07",Digitoxin,,,4346267,3000655,C01AA04,2026-07-01,2027-01-29,shortage,Sonstige,Änderungsmeldung,TEVA GmbH,2026-09-23T20:53:05.507768,
DE,Germany,BfArM,Buprenorphin-ratiopharm 70 Mikrogramm/h Transdermales Pflaster,Buprenorphin,,,7563516,2188452,N02AE01,2024-03-13,2026-11-24,shortage,Sonstige,Änderungsmeldung,ratiopharm GmbH,2026-09-23T20:53:05.507800,228966
DE,Germany,BfArM,Buprenorphin-ratiopharm 70 Mikrogramm/h Transdermales Pflaster,Buprenorphin,,,7563539,2188452,N02AE01,2024-03-13,2026-11-24,shortage,Sonstige,Änderungsmeldung,ratiopharm GmbH,2026-09-23T20:53:05.507830,228966
DE,Germany,BfArM,Buprenorphin-ratiopharm 70 Mikrogramm/h Transdermales Pflaster,Buprenorphin,,,7563551,2188452,N02AE01,2024-03-13,2026-11-24,shortage,Sonstige,Änderungsmeldung,ratiopharm GmbH,2026-09-23T20:53:05.507862,228966
DE,Germany,BfArM,"Buprenorphin-ratiopharm 52,5 Mikrogramm/h Transdermales Pflaster",Buprenorphin,,,7563433,2188451,N02AE01,2024-03-13,2026-10-13,shortage,Sonstige,Änderungsmeldung,ratiopharm GmbH,2026-09-23T20:53:05.507894,228982
DE,Germany,BfArM,"Buprenorphin-ratiopharm 52,5 Mikrogramm/h Transdermales Pflaster",Buprenorphin,,,7563462,2188451,N02AE01,2024-03-13,2026-10-13,shortage,Sonstige,Änderungsmeldung,ratiopharm GmbH,2026-09-23T20:53:05.507926,228982
DE,Germany,BfArM,"Buprenorphin-ratiopharm 52,5 Mikrogramm/h Transdermales Pflaster",Buprenorphin,,,7563485,2188451,N02AE01,2024-03-13,2026-10-13,shortage,Sonstige,Änderungsmeldung,ratiopharm GmbH,2026-09-23T20:53:05.507962,228982
DE,Germany,BfArM,Buprenorphin-ratiopharm 35 Mikrogramm/h Transdermales Pflaster,Buprenorphin,,,7563373,2188450,N02AE01,2024-03-13,2026-10-06,shortage,Sonstige,Änderungsmeldung,ratiopharm GmbH,2026-09-23T20:53:05.507992,229008
DE,Germany,BfArM,Buprenorphin-ratiopharm 35 Mikrogramm/h Transdermales Pflaster,Buprenorphin,,,7563410,2188450,N02AE01,2024-03-13,2026-10-06,shortage,Sonstige,Änderungsmeldung,ratiopharm GmbH,2026-09-23T20:53:05.508023,229008
DE,Germany,BfArM,Ribavirin-ratiopharm 400 mg Filmtabletten,Ribavirin,,,9487452,2182715,J05AP01,2025-06-30,2026-10-15,shortage,Sonstige,Änderungsmeldung,ratiopharm GmbH,2026-09-23T20:53:05.508054,225827
DE,Germany,BfArM,Ribavirin-ratiopharm 200 mg Filmtabletten,Ribavirin,,,9487400,2182714,J05AP01,2025-05-02,2026-10-15,shortage,Produktionsproblem,Änderungsmeldung,ratiopharm GmbH,2026-09-23T20:53:05.508084,225819
DE,Germany,BfArM,Ribavirin-ratiopharm 200 mg Filmtabletten,Ribavirin,,,9487417,2182714,J05AP01,2025-05-02,2026-10-15,shortage,Produktionsproblem,Änderungsmeldung,ratiopharm GmbH,2026-09-23T20:53:05.508116,225819
DE,Germany,BfArM,Ribavirin-ratiopharm 200 mg Filmtabletten,Ribavirin,,,9487423,2182714,J05AP01,2025-05-02,2026-10-15,shortage,Produktionsproblem,Änderungsmeldung,ratiopharm GmbH,2026-09-23T20:53:05.508146,225819
DE,Germany,BfArM,"Galantamin-ratiopharm 16 mg Hartkapseln, retardiert",Galantaminhydrobromid,,,8755442,2184226,N06DA04,2025-03-01,2026-12-23,shortage,Sonstige,Änderungsmeldung,ratiopharm GmbH,2026-09-23T20:53:05.508176,76775
DE,Germany,BfArM,"Galantamin-ratiopharm 16 mg Hartkapseln, retardiert",Galantaminhydrobromid,,,8755494,2184226,N06DA04,2025-03-01,2026-12-23,shortage,Sonstige,Änderungsmeldung,ratiopharm GmbH,2026-09-23T20:53:05.508207,76775
DE,Germany,BfArM,"Galantamin-ratiopharm 16 mg Hartkapseln, retardiert",Galantaminhydrobromid,,,9300092,2184226,N06DA04,2025-03-01,2026-12-23,shortage,Sonstige,Änderungsmeldung,ratiopharm GmbH,2026-09-23T20:53:05.508238,76775
DE,Germany,BfArM,"Galantamin-ratiopharm 8 mg Hartkapseln, retardiert",Galantaminhydrobromid,,,9300086,2184225,N06DA04,2025-03-01,2026-10-21,shortage,Sonstige,Änderungsmeldung,ratiopharm GmbH,2026-09-23T20:53:05.508268,76767
DE,Germany,BfArM,Hydromorphon PAINBREAK 8 mg Retardtabletten,Hydromorphonhydrochlorid,,,14256855,2198721,N02AA03,2024-09-02,2027-03-31,shortage,Sonstige,Änderungsmeldung,PB Pharma GmbH,2026-09-23T20:53:05.508298,71188
DE,Germany,BfArM,Hydromorphon PAINBREAK 4 mg Retardtabletten,Hydromorphonhydrochlorid,,,14256826,2198720,N02AA03,2024-09-02,2027-03-31,shortage,Sonstige,Änderungsmeldung,PB Pharma GmbH,2026-09-23T20:53:05.508329,71161
DE,Germany,BfArM,Hydromorphon PAINBREAK 24 mg Retardtabletten,Hydromorphonhydrochlorid,,,14256915,2198723,N02AA03,2024-09-02,2027-03-31,shortage,Sonstige,Änderungsmeldung,PB Pharma GmbH,2026-09-23T20:53:05.508359,71218
DE,Germany,BfArM,Hydromorphon PAINBREAK 24 mg Retardtabletten,Hydromorphonhydrochlorid,,,14256921,2198723,N02AA03,2024-09-02,2027-03-31,shortage,Sonstige,Änderungsmeldung,PB Pharma GmbH,2026-09-23T20:53:05.508391,71218
DE,Germany,BfArM,Hydromorphon PAINBREAK 16 mg Retardtabletten,Hydromorphonhydrochlorid,,,14256884,2198722,N02AA03,2024-09-02,2027-03-31,shortage,Sonstige,Änderungsmeldung,PB Pharma GmbH,2026-09-23T20:53:05.508423,71196
DE,Germany,BfArM,Hydromorphon PAINBREAK 16 mg Retardtabletten,Hydromorphonhydrochlorid,,,14256890,2198722,N02AA03,2024-09-02,2027-03-31,shortage,Sonstige,Änderungsmeldung,PB Pharma GmbH,2026-09-23T20:53:05.508454,71196
DE,Germany,BfArM,Gutron Tabletten,Midodrinhydrochlorid,,,2494130,0428206,C01CA17,2026-10-27,2026-12-02,shortage,Sonstige,Änderungsmeldung,Cheplapharm Arzneimittel GmbH,2026-09-23T20:53:05.508485,50717
DE,Germany,BfArM,"Predni-POS 0,5%",Prednisolonacetat,,,8774669,0403399,S01BA04,2026-02-03,2026-10-31,shortage,Produktionsproblem,Änderungsmeldung,URSAPHARM Arzneimittel GmbH,2026-09-23T20:53:05.508515,221503
DE,Germany,BfArM,Predni-POS 1 %,Prednisolonacetat,,,165209,2157937,S01BA04,2024-11-21,2026-10-31,shortage,Produktionsproblem,Änderungsmeldung,URSAPHARM Arzneimittel GmbH,2026-09-23T20:53:05.508545,217271
DE,Germany,BfArM,Neosynephrin-POS 5%,Phenylephrinhydrochlorid,,,748098,0008875,S01FB01,2026-04-29,2026-10-31,shortage,Produktionsproblem,Änderungsmeldung,URSAPHARM Arzneimittel GmbH,2026-09-23T20:53:05.508575,221074
DE,Germany,BfArM,Fluoropos,Fluorometholon,,,7590714,2129347,S01BA07,2024-08-22,2026-10-31,shortage,Produktionsproblem,Änderungsmeldung,URSAPHARM Arzneimittel GmbH,2026-09-23T20:53:05.508607,221147
DE,Germany,BfArM,Entecavir Amarox 1 mg Filmtabletten,Entecavir,,,16369486,2198341,J05AF10,2026-07-28,2026-12-31,shortage,Produktionsproblem,Änderungsmeldung,AMAROX PHARMA GmbH,2026-09-23T20:53:05.508637,81396
DE,Germany,BfArM,Entecavir Amarox 1 mg Filmtabletten,Entecavir,,,16369492,2198341,J05AF10,2026-07-28,2026-12-31,shortage,Produktionsproblem,Änderungsmeldung,AMAROX PHARMA GmbH,2026-09-23T20:53:05.508667,81396
DE,Germany,BfArM,THIOPENTAL PANPHARMA 1000 mg,Thiopental-Natrium und Natriumcarbonat (Ph.Eur.),,,16200422,2143553,N01AF03,2026-08-07,2026-09-30,shortage,Produktionsproblem,Erstmeldung,PANPHARMA GmbH,2026-09-23T20:53:05.508699,
DE,Germany,BfArM,Bendarabin 50 mg,Fludarabinphosphat (Ph.Eur.),,,6103095,2169663,L01BB05,2026-08-20,2026-12-31,shortage,Produktionsproblem,Erstmeldung,BENDALIS GmbH,2026-09-23T20:53:05.508730,40126
DE,Germany,BfArM,Bendarabin 50 mg,Fludarabinphosphat (Ph.Eur.),,,6103853,2169663,L01BB05,2026-08-20,2026-12-31,shortage,Produktionsproblem,Erstmeldung,BENDALIS GmbH,2026-09-23T20:53:05.508759,40126
DE,Germany,BfArM,"Calcitriol-Nefro 0,25 µg",Calcitriol,,,18601757,2150670,A11CC04,2026-07-30,2026-10-30,shortage,Sonstige,Erstmeldung,Medice Arzneimittel Pütter GmbH & Co. KG,2026-09-23T20:53:05.508790,16608
DE,Germany,BfArM,"Calcitriol-Nefro 0,25 µg",Calcitriol,,,18601786,2150670,A11CC04,2026-07-30,2026-10-30,shortage,Sonstige,Erstmeldung,Medice Arzneimittel Pütter GmbH & Co. KG,2026-09-23T20:53:05.508819,16608
DE,Germany,BfArM,ESOMEPRAZOL BASICS 20 mg magensaftresistente Tabletten,Esomeprazol-Hemimagnesium,,,8845205,2181440,A02BC05,2026-04-02,2026-12-31,shortage,Produktionsproblem,Änderungsmeldung,Basics GmbH,2026-09-23T20:53:05.508849,57851
DE,Germany,BfArM,ESOMEPRAZOL BASICS 20 mg magensaftresistente Tabletten,Esomeprazol-Hemimagnesium,,,8845211,2181440,A02BC05,2026-04-02,2026-12-31,shortage,Produktionsproblem,Änderungsmeldung,Basics GmbH,2026-09-23T20:53:05.508881,57851
DE,Germany,BfArM,ESOMEPRAZOL BASICS 20 mg magensaftresistente Tabletten,Esomeprazol-Hemimagnesium,,,8845228,2181440,A02BC05,2026-04-02,2026-12-31,shortage,Produktionsproblem,Änderungsmeldung,Basics GmbH,2026-09-23T20:53:05.508911,57851
DE,Germany,BfArM,Flurazepam real,Flurazepam,,,6330649,2102225,N05CD01,2026-02-16,2026-09-28,shortage,Produktionsproblem,Änderungsmeldung,Riemser Pharma GmbH,2026-09-23T20:53:05.508943,
DE,Germany,BfArM,Amsparity,Adalimumab,,,18896445,2675059,L04AB04,2025-11-01,2026-09-25,shortage,Sonstige,Änderungsmeldung,Pfizer Europe MA EEIG,2026-09-23T20:53:05.508973,
DE,Germany,BfArM,Amsparity,Adalimumab,,,18896451,2675060,L04AB04,2025-11-01,2026-09-25,shortage,Sonstige,Änderungsmeldung,Pfizer Europe MA EEIG,2026-09-23T20:53:05.509004,
DE,Germany,BfArM,Sultiam-neuraxpharm 50 mg Filmtabletten,Sultiam,,,12547376,2194662,N03AX03,2026-03-19,2026-10-15,shortage,Produktionsproblem,Änderungsmeldung,neuraxpharm Arzneimittel GmbH,2026-09-23T20:53:05.509034,199834
DE,Germany,BfArM,Sultiam-neuraxpharm 50 mg Filmtabletten,Sultiam,,,12547407,2194662,N03AX03,2026-03-19,2026-10-15,shortage,Produktionsproblem,Änderungsmeldung,neuraxpharm Arzneimittel GmbH,2026-09-23T20:53:05.509065,199834
DE,Germany,BfArM,Sultiam-neuraxpharm 100 mg Filmtabletten,Sultiam,,,12547413,2194663,N03AX03,2026-03-19,2026-10-15,shortage,Produktionsproblem,Änderungsmeldung,neuraxpharm Arzneimittel GmbH,2026-09-23T20:53:05.509099,
DE,Germany,BfArM,Sultiam-neuraxpharm 100 mg Filmtabletten,Sultiam,,,12547436,2194663,N03AX03,2026-03-19,2026-10-15,shortage,Produktionsproblem,Änderungsmeldung,neuraxpharm Arzneimittel GmbH,2026-09-23T20:53:05.509132,
DE,Germany,BfArM,Linezolid Kabi 2 mg/ml Infusionslösung,Linezolid,,,3277624,2190853,J01XX08,2026-07-20,2026-08-31,resolved,Produktionsproblem,Erstmeldung,Fresenius Kabi Deutschland GmbH,2026-09-23T20:53:05.509164,60151
DE,Germany,BfArM,"Tacrolimus AL 5 mg Hartkapseln, retardiert",Tacrolimus-Monohydrat,,,18105478,7005615,L04AD02,2025-02-15,2026-09-30,shortage,Sonstige,Änderungsmeldung,ALIUD PHARMA GmbH,2026-09-23T20:53:05.509195,96172
DE,Germany,BfArM,"Tacrolimus AL 5 mg Hartkapseln, retardiert",Tacrolimus-Monohydrat,,,18110485,7005615,L04AD02,2025-02-15,2026-09-30,shortage,Sonstige,Änderungsmeldung,ALIUD PHARMA GmbH,2026-09-23T20:53:05.509225,96172
DE,Germany,BfArM,"Tacrolimus AL 1 mg Hartkapseln, retardiert",Tacrolimus-Monohydrat,,,18105432,7005613,L04AD02,2025-02-15,2026-09-30,shortage,Sonstige,Änderungsmeldung,ALIUD PHARMA GmbH,2026-09-23T20:53:05.509255,96156
DE,Germany,BfArM,"Tacrolimus AL 1 mg Hartkapseln, retardiert",Tacrolimus-Monohydrat,,,18110410,7005613,L04AD02,2025-02-15,2026-09-30,shortage,Sonstige,Änderungsmeldung,ALIUD PHARMA GmbH,2026-09-23T20:53:05.509286,96156
DE,Germany,BfArM,"Tacrolimus AL 0,5 mg Hartkapseln, retardiert",Tacrolimus-Monohydrat,,,18105389,7005612,L04AD02,2025-02-15,2026-09-30,shortage,Sonstige,Änderungsmeldung,ALIUD PHARMA GmbH,2026-09-23T20:53:05.509316,96148
DE,Germany,BfArM,"Tacrolimus AL 0,5 mg Hartkapseln, retardiert",Tacrolimus-Monohydrat,,,18110404,7005612,L04AD02,2025-02-15,2026-09-30,shortage,Sonstige,Änderungsmeldung,ALIUD PHARMA GmbH,2026-09-23T20:53:05.509346,96148
DE,Germany,BfArM,"Tacrolimus AL 3 mg Hartkapseln, retardiert",Tacrolimus-Monohydrat,,,18105455,7005614,L04AD02,2025-02-15,2026-09-30,shortage,Sonstige,Änderungsmeldung,ALIUD PHARMA GmbH,2026-09-23T20:53:05.509378,96164
DE,Germany,BfArM,"Tacrolimus AL 3 mg Hartkapseln, retardiert",Tacrolimus-Monohydrat,,,18110479,7005614,L04AD02,2025-02-15,2026-09-30,shortage,Sonstige,Änderungsmeldung,ALIUD PHARMA GmbH,2026-09-23T20:53:05.509408,96164
DE,Germany,BfArM,Dexa-Gentamicin,Dexamethasondihydrogenphosphat-Dinatrium (Ph.Eur.); Gentamicinsulfat,,,3083245,2105961,S01CA01,2026-07-28,2026-10-31,shortage,Produktionsproblem,Erstmeldung,URSAPHARM Arzneimittel GmbH,2026-09-23T20:53:05.509438,215570
DE,Germany,BfArM,Propranolol PUREN 10 mg Filmtabletten,Propranololhydrochlorid,,,16146504,2202473,C07AA05,2026-07-20,2026-10-05,shortage,Produktionsproblem,Erstmeldung,PUREN Pharma GmbH & Co. KG,2026-09-23T20:53:05.509467,
DE,Germany,BfArM,Propranolol PUREN 10 mg Filmtabletten,Propranololhydrochlorid,,,16146510,2202473,C07AA05,2026-07-20,2026-10-05,shortage,Produktionsproblem,Erstmeldung,PUREN Pharma GmbH & Co. KG,2026-09-23T20:53:05.509496,
DE,Germany,BfArM,Aprepitant beta 80 mg Hartkapseln,Aprepitant,,,14295565,2201937,A04AD12,2025-02-10,2026-12-30,shortage,Produktionsproblem,Änderungsmeldung,betapharm Arzneimittel GmbH,2026-09-23T20:53:05.509523,75817
DE,Germany,BfArM,Quetiapin beta 150 mg Retardtabletten,Quetiapinfumarat (Ph.Eur.),,,4787830,7007293,N05AH04,2025-01-24,2026-09-30,shortage,Produktionsproblem,Änderungsmeldung,betapharm Arzneimittel GmbH,2026-09-23T20:53:05.509552,94757
DE,Germany,BfArM,Quetiapin beta 150 mg Retardtabletten,Quetiapinfumarat (Ph.Eur.),,,4787847,7007293,N05AH04,2025-01-24,2026-09-30,shortage,Produktionsproblem,Änderungsmeldung,betapharm Arzneimittel GmbH,2026-09-23T20:53:05.509581,94757
DE,Germany,BfArM,Quetiapin beta 200 mg Retardtabletten,Quetiapinfumarat (Ph.Eur.),,,13700118,7007294,N05AH04,2025-01-24,2026-09-30,shortage,Produktionsproblem,Änderungsmeldung,betapharm Arzneimittel GmbH,2026-09-23T20:53:05.509609,84190
DE,Germany,BfArM,Quetiapin beta 200 mg Retardtabletten,Quetiapinfumarat (Ph.Eur.),,,13700130,7007294,N05AH04,2025-01-24,2026-09-30,shortage,Produktionsproblem,Änderungsmeldung,betapharm Arzneimittel GmbH,2026-09-23T20:53:05.509636,84190
DE,Germany,BfArM,Quetiapin beta 300 mg Retardtabletten,Quetiapinfumarat (Ph.Eur.),,,13700182,7007295,N05AH04,2025-01-24,2026-09-30,shortage,Produktionsproblem,Änderungsmeldung,betapharm Arzneimittel GmbH,2026-09-23T20:53:05.509663,84204
DE,Germany,BfArM,Quetiapin beta 300 mg Retardtabletten,Quetiapinfumarat (Ph.Eur.),,,13700199,7007295,N05AH04,2025-01-24,2026-09-30,shortage,Produktionsproblem,Änderungsmeldung,betapharm Arzneimittel GmbH,2026-09-23T20:53:05.509690,84204
DE,Germany,BfArM,Atomoxetin beta 18 mg Hartkapseln,Atomoxetinhydrochlorid,,,14244036,2202461,N06BA09,2024-07-15,2026-09-30,shortage,Produktionsproblem,Änderungsmeldung,betapharm Arzneimittel GmbH,2026-09-23T20:53:05.509718,76716
DE,Germany,BfArM,Atomoxetin beta 18 mg Hartkapseln,Atomoxetinhydrochlorid,,,14244059,2202461,N06BA09,2024-07-15,2026-09-30,shortage,Produktionsproblem,Änderungsmeldung,betapharm Arzneimittel GmbH,2026-09-23T20:53:05.509745,76716
DE,Germany,BfArM,Phenhydan Injektionslösung,Phenytoin-Natrium,,,1192674,0002329,N03AB02,2025-08-19,2026-09-30,shortage,Produktionsproblem,Änderungsmeldung,Desitin Arzneimittel GmbH,2026-09-23T20:53:05.509774,198862
DE,Germany,BfArM,Idarubicin Hikma 1 mg/ml Injektionslösung,Idarubicinhydrochlorid,,,16789490,2204857,L01DB06,2026-07-13,2026-11-30,shortage,Sonstige,Änderungsmeldung,Hikma Pharma GmbH,2026-09-23T20:53:05.509803,
DE,Germany,BfArM,D3-Vicotrat,Colecalciferol,,,679049,0813051,A11CC05,2026-08-10,2027-01-31,shortage,Sonstige,Erstmeldung,H e y l Chemisch-pharmazeutische Fabrik GmbH & Co. KG,2026-09-23T20:53:05.509830,
DE,Germany,BfArM,NIPRUSS,Dinatrium-pentacyanonitrosylferrat(2-),,,10298928,0003808,C02DD01,2026-08-01,2026-10-31,shortage,Produktionsproblem,Erstmeldung,ALTAMEDICS GmbH,2026-09-23T20:53:05.509857,209082
DE,Germany,BfArM,Carmustin-ratiopharm,Carmustin,,,16937996,2204969,L01AD01,2026-01-05,2026-12-31,shortage,Produktionsproblem,Änderungsmeldung,ratiopharm GmbH,2026-09-23T20:53:05.509885,37788
DE,Germany,BfArM,Melphalan-ratiopharm 50 mg Pulver und Lösungsmittel zur Herstellung einer Injektions- bzw. Infusionslösung,Melphalanhydrochlorid,,,14287910,2200296,L01AA03,2026-06-05,2026-12-31,shortage,Produktionsproblem,Änderungsmeldung,ratiopharm GmbH,2026-09-23T20:53:05.509913,35254
DE,Germany,BfArM,Brevibloc 10 mg/ml Infusionslösung,Esmololhydrochlorid,,,5869984,2180430,C07AB09,2027-05-01,2027-12-31,shortage,Produktionsproblem,Erstmeldung,Baxter Deutschland GmbH,2026-09-23T20:53:05.509940,39640
DE,Germany,BfArM,Pantoprazol Denk 20 mg magensaftresistente Tabletten,Pantoprazol-Natrium-Sesquihydrat,,,17440708,2178671,A02BC02,2026-07-20,2026-11-30,shortage,Produktionsproblem,Erstmeldung,Denk Pharma GmbH & Co. KG,2026-09-23T20:53:05.509967,52272
DE,Germany,BfArM,Pantoprazol Denk 40 mg magensaftresistente Tabletten,Pantoprazol-Natrium-Sesquihydrat,,,10824877,2178672,A02BC02,2026-02-17,2026-11-30,shortage,Produktionsproblem,Änderungsmeldung,Denk Pharma GmbH & Co. KG,2026-09-23T20:53:05.509999,43044
DE,Germany,BfArM,Pantoprazol Denk 40 mg magensaftresistente Tabletten,Pantoprazol-Natrium-Sesquihydrat,,,12443205,2178672,A02BC02,2026-02-17,2026-11-30,shortage,Produktionsproblem,Änderungsmeldung,Denk Pharma GmbH & Co. KG,2026-09-23T20:53:05.510028,43044
DE,Germany,BfArM,Pantoprazol Denk 40 mg magensaftresistente Tabletten,Pantoprazol-Natrium-Sesquihydrat,,,16890177,2178672,A02BC02,2026-02-17,2026-11-30,shortage,Produktionsproblem,Änderungsmeldung,Denk Pharma GmbH & Co. KG,2026-09-23T20:53:05.510059,43044
DE,Germany,BfArM,Urbason solubile forte 1000 mg,Natrium(methylprednisolon-21-succinat),,,1693991,0085717,H02AB04,2025-03-31,2027-06-30,shortage,Sonstige,Änderungsmeldung,FIDIA FARMACEUTICI SPA,2026-09-23T20:53:05.510088,26069
DE,Germany,BfArM,Urbason solubile forte 1000 mg,Natrium(methylprednisolon-21-succinat),,,4807745,0085717,H02AB04,2025-03-31,2027-06-30,shortage,Sonstige,Änderungsmeldung,FIDIA FARMACEUTICI SPA,2026-09-23T20:53:05.510117,26069
DE,Germany,BfArM,Actos 15 mg Tabletten - OP112,Pioglitazonhydrochlorid,,,6430701,2708791,A10BG03,2026-06-30,2026-10-31,shortage,Produktionsproblem,Erstmeldung,Cheplapharm Arzneimittel GmbH,2026-09-23T20:53:05.510146,
DE,Germany,BfArM,Quetiapin Glenmark 300 mg Retardtabletten,Quetiapinfumarat (Ph.Eur.),,,16031617,2202518,N05AH04,2025-07-14,2026-12-30,shortage,Produktionsproblem,Änderungsmeldung,Glenmark Arzneimittel GmbH,2026-09-23T20:53:05.510172,84204
DE,Germany,BfArM,Quetiapin Glenmark 300 mg Retardtabletten,Quetiapinfumarat (Ph.Eur.),,,16031646,2202518,N05AH04,2025-07-14,2026-12-30,shortage,Produktionsproblem,Änderungsmeldung,Glenmark Arzneimittel GmbH,2026-09-23T20:53:05.510199,84204
DE,Germany,BfArM,Quetiapin Glenmark 200 mg Retardtabletten,Quetiapinfumarat (Ph.Eur.),,,16031563,2202517,N05AH04,2024-09-30,2026-12-30,shortage,Produktionsproblem,Änderungsmeldung,Glenmark Arzneimittel GmbH,2026-09-23T20:53:05.510226,84190
DE,Germany,BfArM,Quetiapin Glenmark 200 mg Retardtabletten,Quetiapinfumarat (Ph.Eur.),,,16031592,2202517,N05AH04,2024-09-30,2026-12-30,shortage,Produktionsproblem,Änderungsmeldung,Glenmark Arzneimittel GmbH,2026-09-23T20:53:05.510253,84190
DE,Germany,BfArM,Quetiapin Glenmark 150 mg Retardtabletten,Quetiapinfumarat (Ph.Eur.),,,16031505,2202516,N05AH04,2025-06-02,2026-12-30,shortage,Produktionsproblem,Änderungsmeldung,Glenmark Arzneimittel GmbH,2026-09-23T20:53:05.510280,94757
DE,Germany,BfArM,Quetiapin Glenmark 150 mg Retardtabletten,Quetiapinfumarat (Ph.Eur.),,,16031511,2202516,N05AH04,2025-06-02,2026-12-30,shortage,Produktionsproblem,Änderungsmeldung,Glenmark Arzneimittel GmbH,2026-09-23T20:53:05.510308,94757
DE,Germany,BfArM,Quetiapin Glenmark 50 mg Retardtabletten,Quetiapinfumarat (Ph.Eur.),,,16031468,2202515,N05AH04,2025-12-08,2026-12-30,shortage,Produktionsproblem,Änderungsmeldung,Glenmark Arzneimittel GmbH,2026-09-23T20:53:05.510336,84182
DE,Germany,BfArM,Quetiapin Glenmark 50 mg Retardtabletten,Quetiapinfumarat (Ph.Eur.),,,16031474,2202515,N05AH04,2025-12-08,2026-12-30,shortage,Produktionsproblem,Änderungsmeldung,Glenmark Arzneimittel GmbH,2026-09-23T20:53:05.510364,84182
DE,Germany,BfArM,Quetiapin Glenmark 50 mg Retardtabletten,Quetiapinfumarat (Ph.Eur.),,,16031480,2202515,N05AH04,2025-12-08,2026-12-30,shortage,Produktionsproblem,Änderungsmeldung,Glenmark Arzneimittel GmbH,2026-09-23T20:53:05.510391,84182
DE,Germany,BfArM,Quetiapin Glenmark 400 mg Retardtabletten,Quetiapinfumarat (Ph.Eur.),,,16031669,2202519,N05AH04,2024-10-16,2026-12-30,shortage,Produktionsproblem,Änderungsmeldung,Glenmark Arzneimittel GmbH,2026-09-23T20:53:05.510418,84212
DE,Germany,BfArM,Quetiapin Glenmark 400 mg Retardtabletten,Quetiapinfumarat (Ph.Eur.),,,16031675,2202519,N05AH04,2024-10-16,2026-12-30,shortage,Produktionsproblem,Änderungsmeldung,Glenmark Arzneimittel GmbH,2026-09-23T20:53:05.510446,84212
DE,Germany,BfArM,"Galantamin Glenmark 24 mg Hartkapseln, retardiert",Galantaminhydrobromid,,,14135488,2182175,N06DA04,2024-10-17,2026-12-30,shortage,Produktionsproblem,Änderungsmeldung,Glenmark Arzneimittel GmbH,2026-09-23T20:53:05.510473,76783
DE,Germany,BfArM,"Galantamin Glenmark 24 mg Hartkapseln, retardiert",Galantaminhydrobromid,,,14135494,2182175,N06DA04,2024-10-17,2026-12-30,shortage,Produktionsproblem,Änderungsmeldung,Glenmark Arzneimittel GmbH,2026-09-23T20:53:05.510501,76783
DE,Germany,BfArM,"Galantamin Glenmark 24 mg Hartkapseln, retardiert",Galantaminhydrobromid,,,14135502,2182175,N06DA04,2024-10-17,2026-12-30,shortage,Produktionsproblem,Änderungsmeldung,Glenmark Arzneimittel GmbH,2026-09-23T20:53:05.510529,76783
DE,Germany,BfArM,"Galantamin Glenmark 16 mg Hartkapseln, retardiert",Galantaminhydrobromid,,,14135459,2182174,N06DA04,2024-10-02,2026-12-30,shortage,Produktionsproblem,Änderungsmeldung,Glenmark Arzneimittel GmbH,2026-09-23T20:53:05.510556,76775
DE,Germany,BfArM,"Galantamin Glenmark 16 mg Hartkapseln, retardiert",Galantaminhydrobromid,,,14135465,2182174,N06DA04,2024-10-02,2026-12-30,shortage,Produktionsproblem,Änderungsmeldung,Glenmark Arzneimittel GmbH,2026-09-23T20:53:05.510583,76775
DE,Germany,BfArM,"Galantamin Glenmark 16 mg Hartkapseln, retardiert",Galantaminhydrobromid,,,14135471,2182174,N06DA04,2024-10-02,2026-12-30,shortage,Produktionsproblem,Änderungsmeldung,Glenmark Arzneimittel GmbH,2026-09-23T20:53:05.510610,76775
DE,Germany,BfArM,"Galantamin Glenmark 8 mg Hartkapseln, retardiert",Galantaminhydrobromid,,,14135413,2182173,N06DA04,2024-10-07,2026-12-30,shortage,Produktionsproblem,Änderungsmeldung,Glenmark Arzneimittel GmbH,2026-09-23T20:53:05.510636,76767
DE,Germany,BfArM,"Galantamin Glenmark 8 mg Hartkapseln, retardiert",Galantaminhydrobromid,,,14135436,2182173,N06DA04,2024-10-07,2026-12-30,shortage,Produktionsproblem,Änderungsmeldung,Glenmark Arzneimittel GmbH,2026-09-23T20:53:05.510663,76767
DE,Germany,BfArM,"Galantamin Glenmark 8 mg Hartkapseln, retardiert",Galantaminhydrobromid,,,14135442,2182173,N06DA04,2024-10-07,2026-12-30,shortage,Produktionsproblem,Änderungsmeldung,Glenmark Arzneimittel GmbH,2026-09-23T20:53:05.510691,76767
DE,Germany,BfArM,OLANZAPIN BASICS 5 mg Tabletten,Olanzapin,,,8468116,2174284,N05AH03,2026-07-17,2026-12-31,shortage,Produktionsproblem,Erstmeldung,Basics GmbH,2026-09-23T20:53:05.510718,45543
DE,Germany,BfArM,LEVETIRACETAM BASICS 500 mg Filmtabletten,Levetiracetam,,,9482940,2183808,N03AX14,2026-07-14,2026-12-31,shortage,Produktionsproblem,Erstmeldung,Basics GmbH,2026-09-23T20:53:05.510746,58394
DE,Germany,BfArM,ISMN STADA 20 mg Tabletten,Isosorbidmononitrat,,,4874090,2111256,C01DA14,2024-10-01,2026-09-30,shortage,Produktionsproblem,Änderungsmeldung,STADAPHARM GmbH,2026-09-23T20:53:05.510773,
DE,Germany,BfArM,ISMN STADA 20 mg Tabletten,Isosorbidmononitrat,,,4874109,2111256,C01DA14,2024-10-01,2026-09-30,shortage,Produktionsproblem,Änderungsmeldung,STADAPHARM GmbH,2026-09-23T20:53:05.510802,
DE,Germany,BfArM,"ISMN STADA 50 mg Hartkapseln, retardiert",Isosorbidmononitrat,,,7666618,2150171,C01DA14,2024-04-08,2026-09-30,shortage,Produktionsproblem,Änderungsmeldung,STADAPHARM GmbH,2026-09-23T20:53:05.510831,27308
DE,Germany,BfArM,Urapidil PUREN 30 mg Retardkapseln,Urapidil,,,16702520,2202004,C02CA06,2026-07-06,2026-09-28,shortage,Produktionsproblem,Erstmeldung,PUREN Pharma GmbH & Co. KG,2026-09-23T20:53:05.510858,
DE,Germany,BfArM,Fluorescein Alcon 10%,Fluorescein-Natrium (Ph.Eur.),,,1467007,0375757,S01JA01,2026-06-30,2026-11-10,shortage,Produktionsproblem,Änderungsmeldung,Alcon Deutschland GmbH,2026-09-23T20:53:05.510884,85103
DE,Germany,BfArM,Dilzem 90mg retard,Diltiazemhydrochlorid,,,0,2122572,C08DB01,2026-08-03,2027-03-31,shortage,Sonstige,Erstmeldung,Pfizer Pharma GmbH,2026-09-23T20:53:05.510912,32131
DE,Germany,BfArM,Dilzem 90mg retard,Diltiazemhydrochlorid,,,2751383,2122572,C08DB01,2026-08-03,2027-03-31,shortage,Sonstige,Erstmeldung,Pfizer Pharma GmbH,2026-09-23T20:53:05.510941,32131
DE,Germany,BfArM,Etoricoxib PUREN 90 mg Filmtabletten,Etoricoxib,,,12361714,2197035,M01AH05,2026-07-01,2026-11-03,shortage,Produktionsproblem,Erstmeldung,PUREN Pharma GmbH & Co. KG,2026-09-23T20:53:05.510968,66753
DE,Germany,BfArM,Etoricoxib PUREN 90 mg Filmtabletten,Etoricoxib,,,12361720,2197035,M01AH05,2026-07-01,2026-11-03,shortage,Produktionsproblem,Erstmeldung,PUREN Pharma GmbH & Co. KG,2026-09-23T20:53:05.510995,66753
DE,Germany,BfArM,Etoricoxib PUREN 90 mg Filmtabletten,Etoricoxib,,,12361737,2197035,M01AH05,2026-07-01,2026-11-03,shortage,Produktionsproblem,Erstmeldung,PUREN Pharma GmbH & Co. KG,2026-09-23T20:53:05.511022,66753
DE,Germany,BfArM,Etoricoxib PUREN 120 mg Filmtabletten,Etoricoxib,,,12361795,2197036,M01AH05,2026-07-01,2026-11-02,shortage,Produktionsproblem,Erstmeldung,PUREN Pharma GmbH & Co. KG,2026-09-23T20:53:05.511049,66761
DE,Germany,BfArM,Etoricoxib PUREN 30 mg Filmtabletten,Etoricoxib,,,12361648,2197033,M01AH05,2026-07-07,2026-11-03,shortage,Produktionsproblem,Erstmeldung,PUREN Pharma GmbH & Co. KG,2026-09-23T20:53:05.511075,85766
DE,Germany,BfArM,Sumatriptan Aurobindo 100 mg Tabletten,Sumatriptansuccinat,,,5454355,2168271,N02CC01,2026-07-06,2026-10-30,shortage,Produktionsproblem,Erstmeldung,PUREN Pharma GmbH & Co. KG,2026-09-23T20:53:05.511102,32476
DE,Germany,BfArM,Escitalopram Aurobindo 10 mg Filmtabletten,Escitalopramoxalat,,,10113194,2187324,N06AB10,2026-07-06,2026-10-30,shortage,Sonstige,Erstmeldung,PUREN Pharma GmbH & Co. KG,2026-09-23T20:53:05.511129,74969
DE,Germany,BfArM,Perindopril/Amlodipin Denk 4 mg/10 mg Tabletten,Amlodipinbesilat; Perindopril-tert-butylamin,,,16020631,2204119,C09BB04,2025-07-16,2026-11-15,shortage,Sonstige,Änderungsmeldung,Denk Pharma GmbH & Co. KG,2026-09-23T20:53:05.511167,123552
DE,Germany,BfArM,Volon A 10 - 5ml,Triamcinolonacetonid,,,1433706,2122679,H02AB08,2026-07-08,2026-10-18,shortage,Sonstige,Erstmeldung,Dermapharm Aktiengesellschaft,2026-09-23T20:53:05.511195,73148
DE,Germany,BfArM,Idarubicin HEXAL 1 mg/ml Konzentrat zur Herstellung einer Infusionslösung,Idarubicinhydrochlorid,,,8828187,2182615,L01DB06,2026-05-19,2027-02-19,shortage,Sonstige,Änderungsmeldung,H e x a l  Aktiengesellschaft,2026-09-23T20:53:05.511224,52507
DE,Germany,BfArM,"Pramipexol - 1 A Pharma 0,26 mg Retardtabletten",Pramipexoldihydrochlorid-Monohydrat,,,13588087,2190750,N04BC05,2025-03-03,2026-09-30,shortage,Sonstige,Änderungsmeldung,1 A Pharma GmbH,2026-09-23T20:53:05.511253,91278
DE,Germany,BfArM,VALSARTAN BASICS 320 mg Filmtabletten,Valsartan,,,8798888,2186539,C09CA03,2026-03-19,2026-12-31,shortage,Produktionsproblem,Änderungsmeldung,Basics GmbH,2026-09-23T20:53:05.511281,82821
DE,Germany,BfArM,VALSARTAN BASICS 320 mg Filmtabletten,Valsartan,,,8798931,2186539,C09CA03,2026-03-19,2026-12-31,shortage,Produktionsproblem,Änderungsmeldung,Basics GmbH,2026-09-23T20:53:05.511308,82821
DE,Germany,BfArM,Tolterodin-Aristo 1 mg Filmtabletten,Tolterodintartrat,,,11595261,2181677,G04BD07,2025-11-14,2028-01-03,shortage,Sonstige,Änderungsmeldung,Aristo Pharma GmbH,2026-09-23T20:53:05.511337,50342
DE,Germany,BfArM,Victoza 6 mg/ml Injektionslösung in Fertigpen - OP(2x3ml),Liraglutid,,,3277630,2706023,A10BJ02,2026-07-09,2027-03-31,shortage,Sonstige,Erstmeldung,Novo Nordisk A/S,2026-09-23T20:53:05.511364,151203
DE,Germany,BfArM,"Dorzo-Vision sine 20 mg/ml Augentropfen, Lösung im Einzeldosisbehältnis",Dorzolamidhydrochlorid,,,11377452,2192490,S01EC03,2026-05-26,2026-10-30,shortage,Produktionsproblem,Änderungsmeldung,OmniVision GmbH,2026-09-23T20:53:05.511391,214558
DE,Germany,BfArM,"Dorzo-Vision sine 20 mg/ml Augentropfen, Lösung im Einzeldosisbehältnis",Dorzolamidhydrochlorid,,,11377469,2192490,S01EC03,2026-05-26,2026-10-30,shortage,Produktionsproblem,Änderungsmeldung,OmniVision GmbH,2026-09-23T20:53:05.511418,214558
DE,Germany,BfArM,Tacpan 5 mg Hartkapseln,Tacrolimus-Monohydrat,,,8400489,2174675,L04AD02,2026-02-01,2026-10-31,shortage,Produktionsproblem,Änderungsmeldung,Panacea Biotec Germany GmbH,2026-09-23T20:53:05.511446,92398
DE,Germany,BfArM,Tacpan 5 mg Hartkapseln,Tacrolimus-Monohydrat,,,8400495,2174675,L04AD02,2026-02-01,2026-10-31,shortage,Produktionsproblem,Änderungsmeldung,Panacea Biotec Germany GmbH,2026-09-23T20:53:05.511473,92398
DE,Germany,BfArM,Metalcaptase 150 mg,Penicillamin,,,7289558,2100296,M01CC01,2022-03-20,2027-03-31,shortage,Produktionsproblem,Änderungsmeldung,H e y l Chemisch-pharmazeutische Fabrik GmbH & Co. KG,2026-09-23T20:53:05.511500,
DE,Germany,BfArM,Metalcaptase 150 mg,Penicillamin,,,7289564,2100296,M01CC01,2022-03-20,2027-03-31,shortage,Produktionsproblem,Änderungsmeldung,H e y l Chemisch-pharmazeutische Fabrik GmbH & Co. KG,2026-09-23T20:53:05.511527,
DE,Germany,BfArM,Lanthan Mylan 750 mg Kautabletten,Lanthan,,,17167804,2202088,V03AE03,2026-07-06,2027-03-15,shortage,Produktionsproblem,Erstmeldung,Viatris Germany GmbH,2026-09-23T20:53:05.511557,80128
DE,Germany,BfArM,Custodiol,Calciumchlorid-Dihydrat; Histidin; Histidinhydrochlorid-Monohydrat; Kalium-hydrogen-2-oxopentandioat; Kaliumchlorid; Magnesiumchlorid-Hexahydrat; Mannitol (Ph.Eur.); Natriumchlorid; Tryptophan,,,7577688,2143815,B05XA16,2024-09-18,2026-12-31,shortage,Produktionsproblem,Änderungsmeldung,Dr. Franz Köhler Chemie GmbH,2026-09-23T20:53:05.511585,202177
DE,Germany,BfArM,Custodiol,Calciumchlorid-Dihydrat; Histidin; Histidinhydrochlorid-Monohydrat; Kalium-hydrogen-2-oxopentandioat; Kaliumchlorid; Magnesiumchlorid-Hexahydrat; Mannitol (Ph.Eur.); Natriumchlorid; Tryptophan,,,8757671,2143815,B05XA16,2024-09-18,2026-12-31,shortage,Produktionsproblem,Änderungsmeldung,Dr. Franz Köhler Chemie GmbH,2026-09-23T20:53:05.511612,202177
DE,Germany,BfArM,"VALSARTAN COMP BASICS 160 mg/12,5 mg Filmtabletten",Hydrochlorothiazid; Valsartan,,,8472135,2180295,C09DA03,2018-07-01,2026-12-31,shortage,Sonstige,Änderungsmeldung,Basics GmbH,2026-09-23T20:53:05.511641,71390
DE,Germany,BfArM,"VALSARTAN COMP BASICS 160 mg/12,5 mg Filmtabletten",Hydrochlorothiazid; Valsartan,,,8472589,2180295,C09DA03,2018-07-01,2026-12-31,shortage,Sonstige,Änderungsmeldung,Basics GmbH,2026-09-23T20:53:05.511673,71390
DE,Germany,BfArM,"VALSARTAN COMP BASICS 160 mg/12,5 mg Filmtabletten",Hydrochlorothiazid; Valsartan,,,99999999,2180295,C09DA03,2018-07-01,2026-12-31,shortage,Sonstige,Änderungsmeldung,Basics GmbH,2026-09-23T20:53:05.511700,2275
DE,Germany,BfArM,Bendarelbin 10 mg/ml Konzentrat zur Herstellung einer Infusionslösung,Vinorelbintartrat,,,7332863,2169099,L01CA04,2025-10-15,2026-12-31,shortage,Produktionsproblem,Änderungsmeldung,BENDALIS GmbH,2026-09-23T20:53:05.511728,58815
DE,Germany,BfArM,"VALSARTAN COMP BASICS 80 mg/12,5 mg Filmtabletten",Hydrochlorothiazid; Valsartan,,,7762115,2180294,C09DA03,2018-07-01,2026-12-31,shortage,Sonstige,Änderungsmeldung,Basics GmbH,2026-09-23T20:53:05.511755,50156
DE,Germany,BfArM,"VALSARTAN COMP BASICS 80 mg/12,5 mg Filmtabletten",Hydrochlorothiazid; Valsartan,,,8472000,2180294,C09DA03,2018-07-01,2026-12-31,shortage,Sonstige,Änderungsmeldung,Basics GmbH,2026-09-23T20:53:05.511782,50156
DE,Germany,BfArM,"VALSARTAN COMP BASICS 80 mg/12,5 mg Filmtabletten",Hydrochlorothiazid; Valsartan,,,8472052,2180294,C09DA03,2018-07-01,2026-12-31,shortage,Sonstige,Änderungsmeldung,Basics GmbH,2026-09-23T20:53:05.511810,50156
DE,Germany,BfArM,"VALSARTAN COMP BASICS 80 mg/12,5 mg Filmtabletten",Hydrochlorothiazid; Valsartan,,,99999999,2180294,C09DA03,2018-07-01,2026-12-31,shortage,Sonstige,Änderungsmeldung,Basics GmbH,2026-09-23T20:53:05.511837,2275
DE,Germany,BfArM,VALSARTAN COMP BASICS 160 mg/25 mg Filmtabletten,Hydrochlorothiazid; Valsartan,,,7762138,2180296,C09DA03,2018-07-01,2026-12-31,shortage,Sonstige,Änderungsmeldung,Basics GmbH,2026-09-23T20:53:05.511866,77097
DE,Germany,BfArM,VALSARTAN COMP BASICS 160 mg/25 mg Filmtabletten,Hydrochlorothiazid; Valsartan,,,8472075,2180296,C09DA03,2018-07-01,2026-12-31,shortage,Sonstige,Änderungsmeldung,Basics GmbH,2026-09-23T20:53:05.511897,77097
DE,Germany,BfArM,VALSARTAN COMP BASICS 160 mg/25 mg Filmtabletten,Hydrochlorothiazid; Valsartan,,,8472081,2180296,C09DA03,2018-07-01,2026-12-31,shortage,Sonstige,Änderungsmeldung,Basics GmbH,2026-09-23T20:53:05.511924,77097
DE,Germany,BfArM,VALSARTAN COMP BASICS 160 mg/25 mg Filmtabletten,Hydrochlorothiazid; Valsartan,,,99999999,2180296,C09DA03,2018-07-01,2026-12-31,shortage,Sonstige,Änderungsmeldung,Basics GmbH,2026-09-23T20:53:05.511951,2275
DE,Germany,BfArM,Erythromycin Inresa i.v. 1g,Erythromycinlactobionat,,,13868792,0940743,J01FA01,2026-01-09,2026-09-30,shortage,Produktionsproblem,Änderungsmeldung,Inresa Arzneimittel GmbH,2026-09-23T20:53:05.511978,5061
DE,Germany,BfArM,Vancomycin CP 500mg,Vancomycinhydrochlorid,,,1676768,2116805,J01XA01,2025-01-15,2026-11-30,shortage,Sonstige,Änderungsmeldung,"Hikma Farmaceutica (Portugal), S.A.",2026-09-23T20:53:05.512005,23043
DE,Germany,BfArM,PANTOPRAZOL BASICS 40 mg magensaftresistente Tabletten,Pantoprazol-Natrium-Sesquihydrat,,,3275884,2168356,A02BC02,2026-02-01,2026-10-31,shortage,Sonstige,Änderungsmeldung,Basics GmbH,2026-09-23T20:53:05.512032,43044
DE,Germany,BfArM,PANTOPRAZOL BASICS 40 mg magensaftresistente Tabletten,Pantoprazol-Natrium-Sesquihydrat,,,3275996,2168356,A02BC02,2026-02-01,2026-10-31,shortage,Sonstige,Änderungsmeldung,Basics GmbH,2026-09-23T20:53:05.512060,43044
DE,Germany,BfArM,PANTOPRAZOL BASICS 40 mg magensaftresistente Tabletten,Pantoprazol-Natrium-Sesquihydrat,,,3276381,2168356,A02BC02,2026-02-01,2026-10-31,shortage,Sonstige,Änderungsmeldung,Basics GmbH,2026-09-23T20:53:05.512088,43044
DE,Germany,BfArM,PANTOPRAZOL BASICS 40 mg magensaftresistente Tabletten,Pantoprazol-Natrium-Sesquihydrat,,,5373792,2168356,A02BC02,2026-02-01,2026-10-31,shortage,Sonstige,Änderungsmeldung,Basics GmbH,2026-09-23T20:53:05.512116,43044
DE,Germany,BfArM,PANTOPRAZOL BASICS 40 mg magensaftresistente Tabletten,Pantoprazol-Natrium-Sesquihydrat,,,10234064,2168356,A02BC02,2026-02-01,2026-10-31,shortage,Sonstige,Änderungsmeldung,Basics GmbH,2026-09-23T20:53:05.512143,43044
DE,Germany,BfArM,Adenosin Altamedics 3 mg/ml Injektionslösung,Adenosin,,,10123790,2182187,C01EB10,2025-09-09,2027-12-31,shortage,Produktionsproblem,Änderungsmeldung,ALTAMEDICS GmbH,2026-09-23T20:53:05.512171,217042
DE,Germany,BfArM,Adenosin Altamedics 30 mg/10 ml Infusionslösung,Adenosin,,,10123784,2182188,C01EB10,2024-03-01,2027-12-31,shortage,Produktionsproblem,Änderungsmeldung,ALTAMEDICS GmbH,2026-09-23T20:53:05.512198,
DE,Germany,BfArM,Quetiapin Accord 300 mg Retardtabletten,Quetiapinfumarat (Ph.Eur.),,,15379086,2180761,N05AH04,2025-07-01,2027-03-31,shortage,Produktionsproblem,Änderungsmeldung,Accord Healthcare B.V.,2026-09-23T20:53:05.512227,84204
DE,Germany,BfArM,Quetiapin Accord 300 mg Retardtabletten,Quetiapinfumarat (Ph.Eur.),,,15379100,2180761,N05AH04,2025-07-01,2027-03-31,shortage,Produktionsproblem,Änderungsmeldung,Accord Healthcare B.V.,2026-09-23T20:53:05.512255,84204
DE,Germany,BfArM,Quetiapin Accord 300 mg Retardtabletten,Quetiapinfumarat (Ph.Eur.),,,15379117,2180761,N05AH04,2025-07-01,2027-03-31,shortage,Produktionsproblem,Änderungsmeldung,Accord Healthcare B.V.,2026-09-23T20:53:05.512281,84204
DE,Germany,BfArM,Quetiapin Accord 50 mg Retardtabletten,Quetiapinfumarat (Ph.Eur.),,,15378997,2188137,N05AH04,2025-07-01,2026-09-30,shortage,Produktionsproblem,Änderungsmeldung,Accord Healthcare B.V.,2026-09-23T20:53:05.512310,84182
DE,Germany,BfArM,Quetiapin Accord 50 mg Retardtabletten,Quetiapinfumarat (Ph.Eur.),,,15379005,2188137,N05AH04,2025-07-01,2026-09-30,shortage,Produktionsproblem,Änderungsmeldung,Accord Healthcare B.V.,2026-09-23T20:53:05.512338,84182
DE,Germany,BfArM,Quetiapin Accord 50 mg Retardtabletten,Quetiapinfumarat (Ph.Eur.),,,15379011,2188137,N05AH04,2025-07-01,2026-09-30,shortage,Produktionsproblem,Änderungsmeldung,Accord Healthcare B.V.,2026-09-23T20:53:05.512366,84182
DE,Germany,BfArM,Quetiapin Accord 150mg Retardtabletten,Quetiapinfumarat (Ph.Eur.),,,15379028,2195359,N05AH04,2025-10-01,2026-09-30,shortage,Produktionsproblem,Änderungsmeldung,Accord Healthcare B.V.,2026-09-23T20:53:05.512393,94757
DE,Germany,BfArM,Quetiapin Accord 150mg Retardtabletten,Quetiapinfumarat (Ph.Eur.),,,15379034,2195359,N05AH04,2025-10-01,2026-09-30,shortage,Produktionsproblem,Änderungsmeldung,Accord Healthcare B.V.,2026-09-23T20:53:05.512420,94757
DE,Germany,BfArM,Quetiapin Accord 150mg Retardtabletten,Quetiapinfumarat (Ph.Eur.),,,15427773,2195359,N05AH04,2025-10-01,2026-09-30,shortage,Produktionsproblem,Änderungsmeldung,Accord Healthcare B.V.,2026-09-23T20:53:05.512447,94757
DE,Germany,BfArM,Quetiapin Accord 400 mg Retardtabletten,Quetiapinfumarat (Ph.Eur.),,,15379123,2180762,N05AH04,2025-10-01,2026-09-30,shortage,Produktionsproblem,Änderungsmeldung,Accord Healthcare B.V.,2026-09-23T20:53:05.512474,84212
DE,Germany,BfArM,Quetiapin Accord 400 mg Retardtabletten,Quetiapinfumarat (Ph.Eur.),,,15379152,2180762,N05AH04,2025-10-01,2026-09-30,shortage,Produktionsproblem,Änderungsmeldung,Accord Healthcare B.V.,2026-09-23T20:53:05.512504,84212
DE,Germany,BfArM,Quetiapin Accord 400 mg Retardtabletten,Quetiapinfumarat (Ph.Eur.),,,15379169,2180762,N05AH04,2025-10-01,2026-09-30,shortage,Produktionsproblem,Änderungsmeldung,Accord Healthcare B.V.,2026-09-23T20:53:05.512531,84212
DE,Germany,BfArM,Propranolol AL 80,Propranololhydrochlorid,,,8859213,2104582,C07AA05,2026-02-25,2026-10-31,shortage,Sonstige,Änderungsmeldung,ALIUD PHARMA GmbH,2026-09-23T20:53:05.512558,5738
DE,Germany,BfArM,"Galanaxiro 24 mg Hartkapseln, retardiert",Galantaminhydrobromid,,,14446426,2201583,N06DA04,2025-03-10,2027-12-31,shortage,Produktionsproblem,Änderungsmeldung,"Medical Valley Invest AB HR-Beiname: AXiromed, Xiromed",2026-09-23T20:53:05.512587,76783
DE,Germany,BfArM,"Galanaxiro 24 mg Hartkapseln, retardiert",Galantaminhydrobromid,,,14446432,2201583,N06DA04,2025-03-10,2027-12-31,shortage,Produktionsproblem,Änderungsmeldung,"Medical Valley Invest AB HR-Beiname: AXiromed, Xiromed",2026-09-23T20:53:05.512615,76783
DE,Germany,BfArM,"Galanaxiro 24 mg Hartkapseln, retardiert",Galantaminhydrobromid,,,14446449,2201583,N06DA04,2025-03-10,2027-12-31,shortage,Produktionsproblem,Änderungsmeldung,"Medical Valley Invest AB HR-Beiname: AXiromed, Xiromed",2026-09-23T20:53:05.512642,76783
DE,Germany,BfArM,"Galanaxiro 16 mg Hartkapseln, retardiert",Galantaminhydrobromid,,,14446389,2201582,N06DA04,2025-03-10,2027-12-31,shortage,Produktionsproblem,Änderungsmeldung,"Medical Valley Invest AB HR-Beiname: AXiromed, Xiromed",2026-09-23T20:53:05.512672,76775
DE,Germany,BfArM,"Galanaxiro 16 mg Hartkapseln, retardiert",Galantaminhydrobromid,,,14446395,2201582,N06DA04,2025-03-10,2027-12-31,shortage,Produktionsproblem,Änderungsmeldung,"Medical Valley Invest AB HR-Beiname: AXiromed, Xiromed",2026-09-23T20:53:05.512701,76775
DE,Germany,BfArM,"Galanaxiro 16 mg Hartkapseln, retardiert",Galantaminhydrobromid,,,14446403,2201582,N06DA04,2025-03-10,2027-12-31,shortage,Produktionsproblem,Änderungsmeldung,"Medical Valley Invest AB HR-Beiname: AXiromed, Xiromed",2026-09-23T20:53:05.512728,76775
DE,Germany,BfArM,"Galanaxiro 8 mg Hartkapseln, retardiert",Galantaminhydrobromid,,,14446343,2201581,N06DA04,2025-03-10,2027-12-31,shortage,Produktionsproblem,Änderungsmeldung,"Medical Valley Invest AB HR-Beiname: AXiromed, Xiromed",2026-09-23T20:53:05.512754,76767
DE,Germany,BfArM,"Galanaxiro 8 mg Hartkapseln, retardiert",Galantaminhydrobromid,,,14446366,2201581,N06DA04,2025-03-10,2027-12-31,shortage,Produktionsproblem,Änderungsmeldung,"Medical Valley Invest AB HR-Beiname: AXiromed, Xiromed",2026-09-23T20:53:05.512783,76767
DE,Germany,BfArM,"Galanaxiro 8 mg Hartkapseln, retardiert",Galantaminhydrobromid,,,14446372,2201581,N06DA04,2025-03-10,2027-12-31,shortage,Produktionsproblem,Änderungsmeldung,"Medical Valley Invest AB HR-Beiname: AXiromed, Xiromed",2026-09-23T20:53:05.512812,76767
DE,Germany,BfArM,Levetiracetam Holsten 500 mg Filmtabletten,Levetiracetam,,,12549990,2183891,N03AX14,2026-01-05,2026-12-31,shortage,Produktionsproblem,Änderungsmeldung,Holsten Pharma GmbH - Geschäftsanschrift -,2026-09-23T20:53:05.512839,58394
DE,Germany,BfArM,Levetiracetam Holsten 500 mg Filmtabletten,Levetiracetam,,,12550013,2183891,N03AX14,2026-01-05,2026-12-31,shortage,Produktionsproblem,Änderungsmeldung,Holsten Pharma GmbH - Geschäftsanschrift -,2026-09-23T20:53:05.512868,58394
DE,Germany,BfArM,Ismo retard,Isosorbidmononitrat,,,3348850,2108132,C01DA14,2026-06-22,2026-10-26,shortage,Sonstige,Erstmeldung,Riemser Pharma GmbH,2026-09-23T20:53:05.512895,
DE,Germany,BfArM,IsoGalen 20 mg Weichkapseln,Isotretinoin,,,3510090,2171369,D10BA01,2026-06-26,2026-12-31,shortage,Sonstige,Erstmeldung,GALENpharma GmbH,2026-09-23T20:53:05.512922,69507
DE,Germany,BfArM,IsoGalen 20 mg Weichkapseln,Isotretinoin,,,3512120,2171369,D10BA01,2026-06-26,2026-12-31,shortage,Sonstige,Erstmeldung,GALENpharma GmbH,2026-09-23T20:53:05.512949,69507
DE,Germany,BfArM,IsoGalen 20 mg Weichkapseln,Isotretinoin,,,3512137,2171369,D10BA01,2026-06-26,2026-12-31,shortage,Sonstige,Erstmeldung,GALENpharma GmbH,2026-09-23T20:53:05.512977,69507
DE,Germany,BfArM,IsoGalen 20 mg Weichkapseln,Isotretinoin,,,3512143,2171369,D10BA01,2026-06-26,2026-12-31,shortage,Sonstige,Erstmeldung,GALENpharma GmbH,2026-09-23T20:53:05.513006,69507
DE,Germany,BfArM,IsoGalen 10 mg Weichkapseln,Isotretinoin,,,3506094,2171368,D10BA01,2026-06-26,2026-12-31,shortage,Sonstige,Erstmeldung,GALENpharma GmbH,2026-09-23T20:53:05.513033,69493
DE,Germany,BfArM,IsoGalen 10 mg Weichkapseln,Isotretinoin,,,3507231,2171368,D10BA01,2026-06-26,2026-12-31,shortage,Sonstige,Erstmeldung,GALENpharma GmbH,2026-09-23T20:53:05.513060,69493
DE,Germany,BfArM,IsoGalen 10 mg Weichkapseln,Isotretinoin,,,3508897,2171368,D10BA01,2026-06-26,2026-12-31,shortage,Sonstige,Erstmeldung,GALENpharma GmbH,2026-09-23T20:53:05.513087,69493
DE,Germany,BfArM,IsoGalen 10 mg Weichkapseln,Isotretinoin,,,3510084,2171368,D10BA01,2026-06-26,2026-12-31,shortage,Sonstige,Erstmeldung,GALENpharma GmbH,2026-09-23T20:53:05.513114,69493
DE,Germany,BfArM,OLANZAPIN BASICS 10 mg Tabletten,Olanzapin,,,8468139,2174286,N05AH03,2026-04-01,2026-12-31,shortage,Produktionsproblem,Änderungsmeldung,Basics GmbH,2026-09-23T20:53:05.513143,45578
DE,Germany,BfArM,OLANZAPIN BASICS 10 mg Tabletten,Olanzapin,,,8468145,2174286,N05AH03,2026-04-01,2026-12-31,shortage,Produktionsproblem,Änderungsmeldung,Basics GmbH,2026-09-23T20:53:05.513170,45578
DE,Germany,BfArM,Kanamycin-POS,Kanamycinmonosulfat (Ph.Eur.),,,4421460,0008786,S01AA24,2026-06-23,2026-12-31,shortage,Sonstige,Erstmeldung,URSAPHARM Arzneimittel GmbH,2026-09-23T20:53:05.513199,
DE,Germany,BfArM,Kanamycin-POS,Kanamycinmonosulfat (Ph.Eur.),,,4421454,0008651,S01AA24,2026-06-23,2026-12-31,shortage,Sonstige,Erstmeldung,URSAPHARM Arzneimittel GmbH,2026-09-23T20:53:05.513226,
DE,Germany,BfArM,Doxepin 75 Holsten,Doxepinhydrochlorid (Ph.Eur.),,,6330508,0914987,N06AA12,2025-08-01,2026-12-31,shortage,Sonstige,Änderungsmeldung,Holsten Pharma GmbH - Geschäftsanschrift -,2026-09-23T20:53:05.513253,
DE,Germany,BfArM,Doxepin 75 Holsten,Doxepinhydrochlorid (Ph.Eur.),,,6330514,0914987,N06AA12,2025-08-01,2026-12-31,shortage,Sonstige,Änderungsmeldung,Holsten Pharma GmbH - Geschäftsanschrift -,2026-09-23T20:53:05.513282,
DE,Germany,BfArM,Doxepin 75 Holsten,Doxepinhydrochlorid (Ph.Eur.),,,6330520,0914987,N06AA12,2025-08-01,2026-12-31,shortage,Sonstige,Änderungsmeldung,Holsten Pharma GmbH - Geschäftsanschrift -,2026-09-23T20:53:05.513309,
DE,Germany,BfArM,Doxepin 25 Holsten,Doxepinhydrochlorid (Ph.Eur.),,,6330572,0915001,N06AA12,2025-07-07,2026-12-31,shortage,Produktionsproblem,Änderungsmeldung,Holsten Pharma GmbH - Geschäftsanschrift -,2026-09-23T20:53:05.513336,
DE,Germany,BfArM,Doxepin 25 Holsten,Doxepinhydrochlorid (Ph.Eur.),,,6330589,0915001,N06AA12,2025-07-07,2026-12-31,shortage,Produktionsproblem,Änderungsmeldung,Holsten Pharma GmbH - Geschäftsanschrift -,2026-09-23T20:53:05.513363,
DE,Germany,BfArM,Doxepin 25 Holsten,Doxepinhydrochlorid (Ph.Eur.),,,6330595,0915001,N06AA12,2025-07-07,2026-12-31,shortage,Produktionsproblem,Änderungsmeldung,Holsten Pharma GmbH - Geschäftsanschrift -,2026-09-23T20:53:05.513392,
DE,Germany,BfArM,Rizatriptan PUREN 10 mg Tabletten,Rizatriptanbenzoat,,,14299103,2200934,N02CC04,2026-06-15,2026-09-30,shortage,Sonstige,Erstmeldung,PUREN Pharma GmbH & Co. KG,2026-09-23T20:53:05.513419,50504
DE,Germany,BfArM,Minprostin E2 Vaginalgel 1mg,Dinoproston,,,7666222,2119724,G02AD02,2025-12-01,2026-10-31,shortage,Sonstige,Änderungsmeldung,Pfizer Pharma GmbH,2026-09-23T20:53:05.513447,32301
DE,Germany,BfArM,PAMIDRO-cell 3 mg/ml Konzentrat zur Herstellung einer Infusionslösung,Dinatriumpamidronat,,,13838897,2159201,M05BA03,2025-12-11,2026-09-30,shortage,Produktionsproblem,Änderungsmeldung,STADAPHARM GmbH,2026-09-23T20:53:05.513474,79413
DE,Germany,BfArM,PAMIDRO-cell 3 mg/ml Konzentrat zur Herstellung einer Infusionslösung,Dinatriumpamidronat,,,13838905,2159201,M05BA03,2025-12-11,2026-09-30,shortage,Produktionsproblem,Änderungsmeldung,STADAPHARM GmbH,2026-09-23T20:53:05.513510,79413
DE,Germany,BfArM,PAMIDRO-cell 3 mg/ml Konzentrat zur Herstellung einer Infusionslösung,Dinatriumpamidronat,,,13838940,2159201,M05BA03,2025-12-11,2026-09-30,shortage,Produktionsproblem,Änderungsmeldung,STADAPHARM GmbH,2026-09-23T20:53:05.513539,79413
DE,Germany,BfArM,PAMIDRO-cell 3 mg/ml Konzentrat zur Herstellung einer Infusionslösung,Dinatriumpamidronat,,,13838957,2159201,M05BA03,2025-12-11,2026-09-30,shortage,Produktionsproblem,Änderungsmeldung,STADAPHARM GmbH,2026-09-23T20:53:05.513566,79413
DE,Germany,BfArM,PAMIDRO-cell 3 mg/ml Konzentrat zur Herstellung einer Infusionslösung,Dinatriumpamidronat,,,13838963,2159201,M05BA03,2025-12-11,2026-09-30,shortage,Produktionsproblem,Änderungsmeldung,STADAPHARM GmbH,2026-09-23T20:53:05.513594,79413
DE,Germany,BfArM,PAMIDRO-cell 3 mg/ml Konzentrat zur Herstellung einer Infusionslösung,Dinatriumpamidronat,,,13838986,2159201,M05BA03,2025-12-11,2026-09-30,shortage,Produktionsproblem,Änderungsmeldung,STADAPHARM GmbH,2026-09-23T20:53:05.513624,79413
DE,Germany,BfArM,Ampicillin/Sulbactam PUREN 2000 mg/1000 mg Pulver zur Herstellung einer Infusionslösung,Ampicillin-Natrium; Sulbactam-Natrium,,,11304909,2174341,J01CR01,2026-06-01,2028-03-31,shortage,Produktionsproblem,Erstmeldung,Eugia Pharma (Malta) Limited,2026-09-23T20:53:05.513651,223700
DE,Germany,BfArM,Teriflunomid PUREN 14 mg Filmtabletten,Teriflunomid,,,19557627,7011033,L04AK02,2026-06-15,2026-10-30,shortage,Produktionsproblem,Erstmeldung,PUREN Pharma GmbH & Co. KG,2026-09-23T20:53:05.513679,117838
DE,Germany,BfArM,Ibuprofen PUREN 600 mg Filmtabletten,Ibuprofen,,,13816708,2199162,M01AE01,2026-06-22,2026-09-30,shortage,Produktionsproblem,Erstmeldung,PUREN Pharma GmbH & Co. KG,2026-09-23T20:53:05.513705,17469
DE,Germany,BfArM,Escitalopram Aurobindo 20 mg Filmtabletten,Escitalopramoxalat,,,10113225,2187325,N06AB10,2026-06-22,2026-10-30,shortage,Produktionsproblem,Erstmeldung,PUREN Pharma GmbH & Co. KG,2026-09-23T20:53:05.513734,74977
DE,Germany,BfArM,Aprepitant AL 125 mg und 80 mg Hartkapseln,Aprepitant,,,14853031,2200818,A04AD12,2025-09-01,2026-10-01,shortage,Sonstige,Änderungsmeldung,ALIUD PHARMA GmbH,2026-09-23T20:53:05.513761,
DE,Germany,BfArM,"Entecavir PUREN 0,5 mg Filmtabletten",Entecavir-Monohydrat,,,12482240,2198352,J05AF10,2026-06-23,2026-10-30,shortage,Produktionsproblem,Erstmeldung,PUREN Pharma GmbH & Co. KG,2026-09-23T20:53:05.513788,81388
DE,Germany,BfArM,ISMN AL 100 retard,Isosorbidmononitrat,,,1061162,2149852,C01DA14,2024-10-01,2026-09-30,shortage,Sonstige,Änderungsmeldung,ALIUD PHARMA GmbH,2026-09-23T20:53:05.513818,48283
DE,Germany,BfArM,ISMN AL40 retard,Isosorbidmononitrat,,,4948931,2125092,C01DA14,2024-10-01,2026-09-30,shortage,Sonstige,Änderungsmeldung,ALIUD PHARMA GmbH,2026-09-23T20:53:05.513846,
DE,Germany,BfArM,Oxazepam AL 10,Oxazepam,,,3295007,2103121,N05BA04,2024-10-31,2026-09-30,shortage,Sonstige,Änderungsmeldung,ALIUD PHARMA GmbH,2026-09-23T20:53:05.513873,353
DE,Germany,BfArM,Oxazepam AL 10,Oxazepam,,,3295013,2103121,N05BA04,2024-10-31,2026-09-30,shortage,Sonstige,Änderungsmeldung,ALIUD PHARMA GmbH,2026-09-23T20:53:05.513900,353
DE,Germany,BfArM,Cefixim AL 100 mg/5 ml Pulver zur Herstellung einer Suspension zum Einnehmen,Cefixim 3 H<2>O,,,0,2190452,J01DD08,2018-10-01,2026-12-31,shortage,Sonstige,Änderungsmeldung,ALIUD PHARMA GmbH,2026-09-23T20:53:05.513928,32131
DE,Germany,BfArM,Cefixim AL 100 mg/5 ml Pulver zur Herstellung einer Suspension zum Einnehmen,Cefixim 3 H<2>O,,,9474165,2190452,J01DD08,2018-10-01,2026-12-31,shortage,Sonstige,Änderungsmeldung,ALIUD PHARMA GmbH,2026-09-23T20:53:05.513955,47368
DE,Germany,BfArM,Cefixim AL 100 mg/5 ml Pulver zur Herstellung einer Suspension zum Einnehmen,Cefixim 3 H<2>O,,,9474171,2190452,J01DD08,2018-10-01,2026-12-31,shortage,Sonstige,Änderungsmeldung,ALIUD PHARMA GmbH,2026-09-23T20:53:05.513982,47368
DE,Germany,BfArM,Levosert 20 Mikrogramm/24 Stunden intrauterines Wirkstofffreisetzungssystem,Levonorgestrel,,,13423251,2191463,G02BA03,2026-06-22,2026-09-30,shortage,Sonstige,Erstmeldung,Gedeon Richter Plc.,2026-09-23T20:53:05.514009,223999
DE,Germany,BfArM,Levosert One 20 Mikrogramm/24 Stunden intrauterines Wirkstofffreisetzungssystem,Levonorgestrel,,,18139000,2204982,G02BA03,2026-06-22,2026-12-31,shortage,Sonstige,Erstmeldung,Gedeon Richter Plc.,2026-09-23T20:53:05.514037,223999
DE,Germany,BfArM,Risperidon Mylan 1 mg Filmtabletten,Risperidon,,,7621780,2170263,N05AX08,2026-06-02,2027-04-15,shortage,Produktionsproblem,Erstmeldung,Viatris Germany GmbH,2026-09-23T20:53:05.514063,37710
DE,Germany,BfArM,Risperidon Mylan 3 mg Filmtabletten,Risperidon,,,7621917,2170265,N05AX08,2026-06-02,2027-04-15,shortage,Produktionsproblem,Erstmeldung,Viatris Germany GmbH,2026-09-23T20:53:05.514090,37737
DE,Germany,BfArM,Risperidon Mylan 2 mg Filmtabletten,Risperidon,,,7621863,2170264,N05AX08,2026-06-02,2027-04-15,shortage,Produktionsproblem,Erstmeldung,Viatris Germany GmbH,2026-09-23T20:53:05.514118,37729
DE,Germany,BfArM,Risperidon Mylan 4 mg Filmtabletten,Risperidon,,,7621969,2170266,N05AX08,2026-06-02,2027-04-15,shortage,Produktionsproblem,Erstmeldung,Viatris Germany GmbH,2026-09-23T20:53:05.514144,37745
DE,Germany,BfArM,"Amlodipin/Valsartan/HCT Holsten 10 mg/160 mg/12,5 mg Filmtabletten",Amlodipinbesilat; Hydrochlorothiazid; Valsartan,,,18380049,7001287,C09DB04,2026-06-16,2026-12-31,shortage,Produktionsproblem,Erstmeldung,Holsten Pharma GmbH - Geschäftsanschrift -,2026-09-23T20:53:05.514171,
DE,Germany,BfArM,Emblaveo,Avibactam-Natrium; Aztreonam,,,19222855,7015031,J01DF51,2026-06-17,2026-12-31,shortage,Sonstige,Änderungsmeldung,Pfizer Europe MA EEIG,2026-09-23T20:53:05.514198,229202
DE,Germany,BfArM,Aprepitant Zentiva 80 mg und 125 mg Hartkapseln,Aprepitant,,,14313642,2202260,A04AD12,2025-10-01,2026-10-21,shortage,Produktionsproblem,Änderungsmeldung,Zentiva Pharma GmbH,2026-09-23T20:53:05.514226,
DE,Germany,BfArM,"Dexamethason 1,5 mg Jenapharm",Dexamethason,,,4007849,2141364,H02AB02,2026-06-01,2027-01-29,shortage,Sonstige,Änderungsmeldung,Mibe GmbH Arzneimittel,2026-09-23T20:53:05.514253,6645
DE,Germany,BfArM,Prostavasin 20 µg,Alprostadil,,,6637750,2104740,C01EA01,2026-02-04,2026-12-31,shortage,Sonstige,Änderungsmeldung,Amdipharm Limited,2026-09-23T20:53:05.514282,70165
DE,Germany,BfArM,Seroquel Prolong 200 mg Retardtabletten,Quetiapinfumarat (Ph.Eur.),,,4174139,2170562,N05AH04,2025-09-19,2026-12-13,shortage,Sonstige,Änderungsmeldung,Cheplapharm Arzneimittel GmbH,2026-09-23T20:53:05.514309,84190
DE,Germany,BfArM,Seroquel Prolong 200 mg Retardtabletten,Quetiapinfumarat (Ph.Eur.),,,4174412,2170562,N05AH04,2025-09-19,2026-12-13,shortage,Sonstige,Änderungsmeldung,Cheplapharm Arzneimittel GmbH,2026-09-23T20:53:05.514336,84190
DE,Germany,BfArM,Skid 100mg,Minocyclinhydrochlorid-Dihydrat (Ph.Eur.),,,4644852,0065494,J01AA08,2025-07-15,2026-11-02,shortage,Produktionsproblem,Änderungsmeldung,Winthrop Arzneimittel GmbH,2026-09-23T20:53:05.514364,31607
DE,Germany,BfArM,Atomoxetin beta 100 mg Hartkapseln,Atomoxetinhydrochlorid,,,14244266,2202466,N06BA09,2024-07-15,2026-09-30,shortage,Produktionsproblem,Änderungsmeldung,betapharm Arzneimittel GmbH,2026-09-23T20:53:05.514390,105309
DE,Germany,BfArM,Bronchitol 40 mg Hartkapsel mit Pulver zur Inhalation - OP10(1x10),Mannitol (Ph.Eur.),,,8820369,2707487,R05CB16,2024-11-01,2026-11-30,shortage,Sonstige,Änderungsmeldung,Pharmaxis Europe Limited,2026-09-23T20:53:05.514417,
DE,Germany,BfArM,ATORVASTATIN BASICS 30 mg Filmtabletten,Atorvastatin-Calcium-Trihydrat (Ph.Eur.),,,11083928,2191318,C10AA05,2025-08-04,2026-12-31,shortage,Sonstige,Änderungsmeldung,Basics GmbH,2026-09-23T20:53:05.514445,
DE,Germany,BfArM,IQYMUNE,Immunglobulin G vom Menschen,,,11510595,2613314,J06BA02,2026-02-20,2026-07-31,resolved,Produktionsproblem,Änderungsmeldung,Laboratoire Francais du Fractionnement et des Biotechnologies,2026-09-23T20:53:05.514473,
DE,Germany,BfArM,IQYMUNE,Immunglobulin G vom Menschen,,,11510626,2613314,J06BA02,2026-02-20,2026-07-31,resolved,Produktionsproblem,Änderungsmeldung,Laboratoire Francais du Fractionnement et des Biotechnologies,2026-09-23T20:53:05.514500,
DE,Germany,BfArM,Oxytocin 5 I.E. Hexal,Oxytocin,,,3495433,0792053,H01BB02,2026-06-08,2026-10-14,shortage,Sonstige,Änderungsmeldung,H e x a l  Aktiengesellschaft,2026-09-23T20:53:05.514527,7536
DE,Germany,BfArM,Flucoderm Kapseln 50 mg,Fluconazol,,,173717,2152697,J02AC01,2024-06-01,2026-12-31,shortage,Sonstige,Änderungsmeldung,Dermapharm Aktiengesellschaft,2026-09-23T20:53:05.514554,30376
DE,Germany,BfArM,Cisatracurium-hameln 2 mg/ml Injektionslösung/Infusionslösung,Cisatracuriumbesilat,,,9266716,2181736,M03AC11,2026-06-30,2027-03-31,shortage,Sonstige,Erstmeldung,hameln pharma gmbh,2026-09-23T20:53:05.514581,124958
DE,Germany,BfArM,Quetiapin-neuraxpharm 50 mg Retardtabletten,Quetiapinfumarat (Ph.Eur.),,,9445784,2197690,N05AH04,2024-08-29,2026-12-31,shortage,Sonstige,Änderungsmeldung,neuraxpharm Arzneimittel GmbH,2026-09-23T20:53:05.514608,84182
DE,Germany,BfArM,Quetiapin-neuraxpharm 50 mg Retardtabletten,Quetiapinfumarat (Ph.Eur.),,,9445790,2197690,N05AH04,2024-08-29,2026-12-31,shortage,Sonstige,Änderungsmeldung,neuraxpharm Arzneimittel GmbH,2026-09-23T20:53:05.514635,84182
DE,Germany,BfArM,Quetiapin-neuraxpharm 50 mg Retardtabletten,Quetiapinfumarat (Ph.Eur.),,,9445809,2197690,N05AH04,2024-08-29,2026-12-31,shortage,Sonstige,Änderungsmeldung,neuraxpharm Arzneimittel GmbH,2026-09-23T20:53:05.514662,84182
DE,Germany,BfArM,Quetiapin-neuraxpharm 150 mg Retardtabletten,Quetiapinfumarat (Ph.Eur.),,,12345827,2197691,N05AH04,2024-08-27,2026-12-31,shortage,Sonstige,Änderungsmeldung,neuraxpharm Arzneimittel GmbH,2026-09-23T20:53:05.514690,94757
DE,Germany,BfArM,Quetiapin-neuraxpharm 150 mg Retardtabletten,Quetiapinfumarat (Ph.Eur.),,,12345879,2197691,N05AH04,2024-08-27,2026-12-31,shortage,Sonstige,Änderungsmeldung,neuraxpharm Arzneimittel GmbH,2026-09-23T20:53:05.514716,94757
DE,Germany,BfArM,Quetiapin-neuraxpharm 150 mg Retardtabletten,Quetiapinfumarat (Ph.Eur.),,,12345891,2197691,N05AH04,2024-08-27,2026-12-31,shortage,Sonstige,Änderungsmeldung,neuraxpharm Arzneimittel GmbH,2026-09-23T20:53:05.514744,94757
DE,Germany,BfArM,Quetiapin-neuraxpharm 200 mg Retardtabletten,Quetiapinfumarat (Ph.Eur.),,,9445821,2197692,N05AH04,2024-11-05,2026-12-31,shortage,Sonstige,Änderungsmeldung,neuraxpharm Arzneimittel GmbH,2026-09-23T20:53:05.514771,84190
DE,Germany,BfArM,Quetiapin-neuraxpharm 200 mg Retardtabletten,Quetiapinfumarat (Ph.Eur.),,,9445838,2197692,N05AH04,2024-11-05,2026-12-31,shortage,Sonstige,Änderungsmeldung,neuraxpharm Arzneimittel GmbH,2026-09-23T20:53:05.514798,84190
DE,Germany,BfArM,Quetiapin-neuraxpharm 200 mg Retardtabletten,Quetiapinfumarat (Ph.Eur.),,,9445844,2197692,N05AH04,2024-11-05,2026-12-31,shortage,Sonstige,Änderungsmeldung,neuraxpharm Arzneimittel GmbH,2026-09-23T20:53:05.514825,84190
DE,Germany,BfArM,Quetiapin-neuraxpharm 300 mg Retardtabletten,Quetiapinfumarat (Ph.Eur.),,,9445867,2197693,N05AH04,2024-09-12,2026-12-31,shortage,Sonstige,Änderungsmeldung,neuraxpharm Arzneimittel GmbH,2026-09-23T20:53:05.514853,84204
DE,Germany,BfArM,Quetiapin-neuraxpharm 300 mg Retardtabletten,Quetiapinfumarat (Ph.Eur.),,,9445873,2197693,N05AH04,2024-09-12,2026-12-31,shortage,Sonstige,Änderungsmeldung,neuraxpharm Arzneimittel GmbH,2026-09-23T20:53:05.514880,84204
DE,Germany,BfArM,Quetiapin-neuraxpharm 300 mg Retardtabletten,Quetiapinfumarat (Ph.Eur.),,,9445896,2197693,N05AH04,2024-09-12,2026-12-31,shortage,Sonstige,Änderungsmeldung,neuraxpharm Arzneimittel GmbH,2026-09-23T20:53:05.514908,84204
DE,Germany,BfArM,Quetiapin-neuraxpharm 400 mg Retardtabletten,Quetiapinfumarat (Ph.Eur.),,,9445910,2197694,N05AH04,2024-11-26,2026-12-31,shortage,Sonstige,Änderungsmeldung,neuraxpharm Arzneimittel GmbH,2026-09-23T20:53:05.514936,84212
DE,Germany,BfArM,Quetiapin-neuraxpharm 400 mg Retardtabletten,Quetiapinfumarat (Ph.Eur.),,,9445927,2197694,N05AH04,2024-11-26,2026-12-31,shortage,Sonstige,Änderungsmeldung,neuraxpharm Arzneimittel GmbH,2026-09-23T20:53:05.514962,84212
DE,Germany,BfArM,Quetiapin-neuraxpharm 400 mg Retardtabletten,Quetiapinfumarat (Ph.Eur.),,,9445933,2197694,N05AH04,2024-11-26,2026-12-31,shortage,Sonstige,Änderungsmeldung,neuraxpharm Arzneimittel GmbH,2026-09-23T20:53:05.514989,84212
DE,Germany,BfArM,Quetiapin-neuraxpharm 600 mg Retardtabletten,Quetiapinfumarat (Ph.Eur.),,,16398364,2203803,N05AH04,2024-07-23,2026-12-31,shortage,Sonstige,Änderungsmeldung,neuraxpharm Arzneimittel GmbH,2026-09-23T20:53:05.515016,
DE,Germany,BfArM,Quetiapin-neuraxpharm 600 mg Retardtabletten,Quetiapinfumarat (Ph.Eur.),,,16398370,2203803,N05AH04,2024-07-23,2026-12-31,shortage,Sonstige,Änderungsmeldung,neuraxpharm Arzneimittel GmbH,2026-09-23T20:53:05.515044,
DE,Germany,BfArM,Quetiapin-neuraxpharm 600 mg Retardtabletten,Quetiapinfumarat (Ph.Eur.),,,16398387,2203803,N05AH04,2024-07-23,2026-12-31,shortage,Sonstige,Änderungsmeldung,neuraxpharm Arzneimittel GmbH,2026-09-23T20:53:05.515073,
DE,Germany,BfArM,Ciprofloxacin Kabi 200 mg/100 ml Infusionslösung,Ciprofloxacinsulfat (1:1),,,3277618,2164689,J01MA02,2026-05-22,2026-08-31,resolved,Produktionsproblem,Erstmeldung,Fresenius Kabi Deutschland GmbH,2026-09-23T20:53:05.515100,138207
DE,Germany,BfArM,Ciprofloxacin Kabi 400 mg/200 ml Infusionslösung,Ciprofloxacinsulfat (1:1),,,3277624,2164690,J01MA02,2026-05-22,2026-08-31,resolved,Produktionsproblem,Erstmeldung,Fresenius Kabi Deutschland GmbH,2026-09-23T20:53:05.515126,60151
DE,Germany,BfArM,Calcium-EAP,(2-Aminoethyl)dihydrogenphosphat-Calciumsalz (1:1),,,1268325,0073275,A12AA,2025-06-11,2026-12-18,shortage,Sonstige,Änderungsmeldung,Dr. Franz Köhler Chemie GmbH,2026-09-23T20:53:05.515153,
DE,Germany,BfArM,Calcium-EAP,(2-Aminoethyl)dihydrogenphosphat-Calciumsalz (1:1),,,1268331,0073275,A12AA,2025-06-11,2026-12-18,shortage,Sonstige,Änderungsmeldung,Dr. Franz Köhler Chemie GmbH,2026-09-23T20:53:05.515180,
DE,Germany,BfArM,Seroquel Prolong 50 mg Retardtabletten,Quetiapinfumarat (Ph.Eur.),,,4172809,2170561,N05AH04,2026-02-18,2026-11-07,shortage,Sonstige,Änderungsmeldung,Cheplapharm Arzneimittel GmbH,2026-09-23T20:53:05.515208,84182
DE,Germany,BfArM,Seroquel Prolong 50 mg Retardtabletten,Quetiapinfumarat (Ph.Eur.),,,4172815,2170561,N05AH04,2026-02-18,2026-11-07,shortage,Sonstige,Änderungsmeldung,Cheplapharm Arzneimittel GmbH,2026-09-23T20:53:05.515235,84182
DE,Germany,BfArM,Diltiazem AbZ 90mg Retardtabletten,Diltiazemhydrochlorid,,,1015601,2111605,C08DB01,2026-05-11,2027-01-15,shortage,Sonstige,Erstmeldung,AbZ-Pharma GmbH,2026-09-23T20:53:05.515262,32131
DE,Germany,BfArM,Diltiazem AbZ 60 mg Tabletten,Diltiazemhydrochlorid,,,1015593,2111603,C08DB01,2026-05-11,2027-01-15,shortage,Sonstige,Erstmeldung,AbZ-Pharma GmbH,2026-09-23T20:53:05.515288,232815
DE,Germany,BfArM,Diltiazem-ratiopharm 60 mg Tabletten,Diltiazemhydrochlorid,,,6896397,2137031,C08DB01,2026-05-11,2027-01-15,shortage,Sonstige,Erstmeldung,ratiopharm GmbH,2026-09-23T20:53:05.515316,
DE,Germany,BfArM,DISOPRIVAN 2%,Propofol,,,1313244,2131989,N01AX10,2026-05-04,2026-12-31,shortage,Produktionsproblem,Änderungsmeldung,Aspen Pharma Trading Limited,2026-09-23T20:53:05.515344,81299
DE,Germany,BfArM,DISOPRIVAN 1%,Propofol,,,7588338,2131362,N01AX10,2026-05-01,2026-12-31,shortage,Produktionsproblem,Erstmeldung,Aspen Pharma Trading Limited,2026-09-23T20:53:05.515372,80322
DE,Germany,BfArM,Paliperidon Advanz Pharma 150 mg Depot-Injektionssuspension in einer Fertigspritze,Paliperidonpalmitat,,,18302397,7000421,N05AX13,2025-12-09,2027-03-07,shortage,Produktionsproblem,Änderungsmeldung,Advanz Pharma Limited,2026-09-23T20:53:05.515399,96997
DE,Germany,BfArM,Paliperidon Advanz Pharma 100 mg Depot-Injektionssuspension in einer Fertigspritze,Paliperidonpalmitat,,,18302380,7000420,N05AX13,2025-12-09,2027-03-07,shortage,Produktionsproblem,Änderungsmeldung,Advanz Pharma Limited,2026-09-23T20:53:05.515427,96989
DE,Germany,BfArM,Paliperidon Advanz Pharma 25 mg Depot-Injektionssuspension in einer Fertigspritze,Paliperidonpalmitat,,,18302351,7000417,N05AX13,2025-12-09,2027-03-07,shortage,Produktionsproblem,Änderungsmeldung,Advanz Pharma Limited,2026-09-23T20:53:05.515454,96954
DE,Germany,BfArM,Paliperidon Advanz Pharma 50 mg Depot-Injektionssuspension in einer Fertigspritze,Paliperidonpalmitat,,,18302368,7000418,N05AX13,2025-12-09,2027-03-07,shortage,Produktionsproblem,Änderungsmeldung,Advanz Pharma Limited,2026-09-23T20:53:05.515481,96962
DE,Germany,BfArM,Paliperidon Advanz Pharma 75 mg Depot-Injektionssuspension in einer Fertigspritze,Paliperidonpalmitat,,,18302374,7000419,N05AX13,2025-12-09,2027-03-07,shortage,Produktionsproblem,Änderungsmeldung,Advanz Pharma Limited,2026-09-23T20:53:05.515508,96970
DE,Germany,BfArM,ESOMEPRAZOL BASICS 40 mg magensaftresistente Tabletten,Esomeprazol-Hemimagnesium,,,8845234,2181441,A02BC05,2026-04-02,2026-12-31,shortage,Sonstige,Änderungsmeldung,Basics GmbH,2026-09-23T20:53:05.515536,57878
DE,Germany,BfArM,ESOMEPRAZOL BASICS 40 mg magensaftresistente Tabletten,Esomeprazol-Hemimagnesium,,,8845240,2181441,A02BC05,2026-04-02,2026-12-31,shortage,Sonstige,Änderungsmeldung,Basics GmbH,2026-09-23T20:53:05.515563,57878
DE,Germany,BfArM,ESOMEPRAZOL BASICS 40 mg magensaftresistente Tabletten,Esomeprazol-Hemimagnesium,,,8845257,2181441,A02BC05,2026-04-02,2026-12-31,shortage,Sonstige,Änderungsmeldung,Basics GmbH,2026-09-23T20:53:05.515591,57878
DE,Germany,BfArM,Ubretid Tabletten,Distigminbromid,,,1058846,0428117,N07AA03,2025-01-30,2026-12-31,shortage,Sonstige,Änderungsmeldung,Cheplapharm Arzneimittel GmbH,2026-09-23T20:53:05.515619,7897
DE,Germany,BfArM,Ubretid Tabletten,Distigminbromid,,,2499765,0428117,N07AA03,2025-01-30,2026-12-31,shortage,Sonstige,Änderungsmeldung,Cheplapharm Arzneimittel GmbH,2026-09-23T20:53:05.515647,7897
DE,Germany,BfArM,Scintimun,Besilesomab,,,20083293,2670699,V09HA03,2025-09-17,2028-06-26,shortage,Produktionsproblem,Änderungsmeldung,TELIX INNOVATIONS Rechtsform: S.A.,2026-09-23T20:53:05.515674,
DE,Germany,BfArM,Dexafluid 1 mg/ml Augentropfen,Dexamethasondihydrogenphosphat-Dinatrium (Ph.Eur.),,,9280231,2180767,S01BA01,2025-12-15,2028-03-31,shortage,Sonstige,Änderungsmeldung,Mibe GmbH Arzneimittel,2026-09-23T20:53:05.515701,214892
DE,Germany,BfArM,Tardocillin 1200,Benzylpenicillin-Benzathin-Tetrahydrat (Ph.Eur.) ((mit Angaben zum Dispergier- oder Suspendiermittel)),,,627414,0070615,J01CE08,2025-11-24,2026-10-31,shortage,Produktionsproblem,Änderungsmeldung,INFECTOPHARM Arzneimittel und Consilium GmbH,2026-09-23T20:53:05.515727,132675
DE,Germany,BfArM,Tardocillin 1200,Benzylpenicillin-Benzathin-Tetrahydrat (Ph.Eur.) ((mit Angaben zum Dispergier- oder Suspendiermittel)),,,627443,0070615,J01CE08,2025-11-24,2026-10-31,shortage,Produktionsproblem,Änderungsmeldung,INFECTOPHARM Arzneimittel und Consilium GmbH,2026-09-23T20:53:05.515754,132675
DE,Germany,BfArM,Tardocillin 1200,Benzylpenicillin-Benzathin-Tetrahydrat (Ph.Eur.) ((mit Angaben zum Dispergier- oder Suspendiermittel)),,,1005181,0070615,J01CE08,2025-11-24,2026-10-31,shortage,Produktionsproblem,Änderungsmeldung,INFECTOPHARM Arzneimittel und Consilium GmbH,2026-09-23T20:53:05.515781,132675
DE,Germany,BfArM,Dimaval,"(RS)-2,3-Bis(sulfanyl)propan-1-sulfonsäure-Natriumsalz-Monohydrat",,,1686353,2125465,A12BA01,2026-04-22,2026-09-30,shortage,Produktionsproblem,Änderungsmeldung,H e y l Chemisch-pharmazeutische Fabrik GmbH & Co. KG,2026-09-23T20:53:05.515809,
DE,Germany,BfArM,Dimaval,"(RS)-2,3-Bis(sulfanyl)propan-1-sulfonsäure-Natriumsalz-Monohydrat",,,1686399,2125465,A12BA01,2026-04-22,2026-09-30,shortage,Produktionsproblem,Änderungsmeldung,H e y l Chemisch-pharmazeutische Fabrik GmbH & Co. KG,2026-09-23T20:53:05.515835,
DE,Germany,BfArM,Dabigatranetexilat Viatris 150 mg Hartkapseln,Dabigatranetexilatmesilat,,,19158620,7011298,B01AE07,2026-04-21,2026-11-16,shortage,Sonstige,Erstmeldung,Viatris Germany GmbH,2026-09-23T20:53:05.515863,98361
DE,Germany,BfArM,Dabigatranetexilat Viatris 150 mg Hartkapseln,Dabigatranetexilatmesilat,,,19158637,7011298,B01AE07,2026-04-21,2026-11-16,shortage,Sonstige,Erstmeldung,Viatris Germany GmbH,2026-09-23T20:53:05.515890,98361
DE,Germany,BfArM,Seroquel Prolong 400 mg Retardtabletten,Quetiapinfumarat (Ph.Eur.),,,6081206,2170564,N05AH04,2026-03-11,2026-10-30,shortage,Sonstige,Änderungsmeldung,Cheplapharm Arzneimittel GmbH,2026-09-23T20:53:05.515917,84212
DE,Germany,BfArM,Seroquel Prolong 400 mg Retardtabletten,Quetiapinfumarat (Ph.Eur.),,,6081212,2170564,N05AH04,2026-03-11,2026-10-30,shortage,Sonstige,Änderungsmeldung,Cheplapharm Arzneimittel GmbH,2026-09-23T20:53:05.515945,84212
DE,Germany,BfArM,INFECTOMYCIN 600 Saft,Erythromycinestolat,,,4543944,0820163,J01FA01,2026-04-10,2027-06-30,shortage,Sonstige,Erstmeldung,INFECTOPHARM Arzneimittel und Consilium GmbH,2026-09-23T20:53:05.515972,
DE,Germany,BfArM,Atosil Injektionslösung N,Promethazinhydrochlorid,,,3746740,0245368,R06AD02,2025-07-15,2028-07-15,shortage,Produktionsproblem,Änderungsmeldung,Desitin Arzneimittel GmbH,2026-09-23T20:53:05.516000,45586
DE,Germany,BfArM,Neurocil Ampullen,Levomepromazinhydrochlorid,,,720906,0244831,N05AA02,2024-11-15,2028-05-15,shortage,Produktionsproblem,Änderungsmeldung,Desitin Arzneimittel GmbH,2026-09-23T20:53:05.516027,2097
DE,Germany,BfArM,Glianimon 2 ml,Benperidol,,,421799,0016828,N05AD07,2025-11-24,2028-03-15,shortage,Produktionsproblem,Änderungsmeldung,Desitin Arzneimittel GmbH,2026-09-23T20:53:05.516055,200476
DE,Germany,BfArM,"OLANZAPIN BASICS 2,5 mg Tabletten",Olanzapin,,,8837565,2174283,N05AH03,2026-04-02,2026-12-31,shortage,Sonstige,Erstmeldung,Basics GmbH,2026-09-23T20:53:05.516082,61271
DE,Germany,BfArM,LEVETIRACETAM BASICS 750 mg Filmtabletten,Levetiracetam,,,9482986,2183809,N03AX14,2026-04-02,2026-12-31,shortage,Sonstige,Erstmeldung,Basics GmbH,2026-09-23T20:53:05.516109,
DE,Germany,BfArM,LEVETIRACETAM BASICS 250 mg Filmtabletten,Levetiracetam,,,9482897,2183807,N03AX14,2025-01-01,2026-12-31,shortage,Sonstige,Änderungsmeldung,Basics GmbH,2026-09-23T20:53:05.516136,58386
DE,Germany,BfArM,LEVETIRACETAM BASICS 250 mg Filmtabletten,Levetiracetam,,,9482905,2183807,N03AX14,2025-01-01,2026-12-31,shortage,Sonstige,Änderungsmeldung,Basics GmbH,2026-09-23T20:53:05.516162,58386
DE,Germany,BfArM,LEVETIRACETAM BASICS 250 mg Filmtabletten,Levetiracetam,,,9482911,2183807,N03AX14,2025-01-01,2026-12-31,shortage,Sonstige,Änderungsmeldung,Basics GmbH,2026-09-23T20:53:05.516190,58386
DE,Germany,BfArM,LEVETIRACETAM BASICS 1000 mg Filmtabletten,Levetiracetam,,,9482992,2183810,N03AX14,2025-12-02,2026-12-31,shortage,Sonstige,Änderungsmeldung,Basics GmbH,2026-09-23T20:53:05.516217,58408
DE,Germany,BfArM,LEVETIRACETAM BASICS 1000 mg Filmtabletten,Levetiracetam,,,9483000,2183810,N03AX14,2025-12-02,2026-12-31,shortage,Sonstige,Änderungsmeldung,Basics GmbH,2026-09-23T20:53:05.516244,58408
DE,Germany,BfArM,LEVETIRACETAM BASICS 1000 mg Filmtabletten,Levetiracetam,,,9483017,2183810,N03AX14,2025-12-02,2026-12-31,shortage,Sonstige,Änderungsmeldung,Basics GmbH,2026-09-23T20:53:05.516271,58408
DE,Germany,BfArM,ISOTRETINOIN BASICS 20 mg Weichkapseln,Isotretinoin,,,13426841,2197280,D10BA01,2025-11-06,2026-12-31,shortage,Sonstige,Änderungsmeldung,Basics GmbH,2026-09-23T20:53:05.516299,69507
DE,Germany,BfArM,ISOTRETINOIN BASICS 20 mg Weichkapseln,Isotretinoin,,,13426864,2197280,D10BA01,2025-11-06,2026-12-31,shortage,Sonstige,Änderungsmeldung,Basics GmbH,2026-09-23T20:53:05.516327,69507
DE,Germany,BfArM,ISOTRETINOIN BASICS 20 mg Weichkapseln,Isotretinoin,,,13426870,2197280,D10BA01,2025-11-06,2026-12-31,shortage,Sonstige,Änderungsmeldung,Basics GmbH,2026-09-23T20:53:05.516355,69507
DE,Germany,BfArM,ISOTRETINOIN BASICS 20 mg Weichkapseln,Isotretinoin,,,13426887,2197280,D10BA01,2025-11-06,2026-12-31,shortage,Sonstige,Änderungsmeldung,Basics GmbH,2026-09-23T20:53:05.516381,69507
DE,Germany,BfArM,ISOTRETINOIN BASICS 10 mg Weichkapseln,Isotretinoin,,,13426769,2197279,D10BA01,2025-10-11,2026-12-31,shortage,Sonstige,Änderungsmeldung,Basics GmbH,2026-09-23T20:53:05.516409,69493
DE,Germany,BfArM,ISOTRETINOIN BASICS 10 mg Weichkapseln,Isotretinoin,,,13426806,2197279,D10BA01,2025-10-11,2026-12-31,shortage,Sonstige,Änderungsmeldung,Basics GmbH,2026-09-23T20:53:05.516436,69493
DE,Germany,BfArM,ISOTRETINOIN BASICS 10 mg Weichkapseln,Isotretinoin,,,13426812,2197279,D10BA01,2025-10-11,2026-12-31,shortage,Sonstige,Änderungsmeldung,Basics GmbH,2026-09-23T20:53:05.516462,69493
DE,Germany,BfArM,ISOTRETINOIN BASICS 10 mg Weichkapseln,Isotretinoin,,,13426829,2197279,D10BA01,2025-10-11,2026-12-31,shortage,Sonstige,Änderungsmeldung,Basics GmbH,2026-09-23T20:53:05.516490,69493
DE,Germany,BfArM,ESOMEPRAZOL BASICS 40 mg magensaftresistente Hartkapseln,Esomeprazol-Hemimagnesium,,,15744367,2200519,A02BC05,2025-05-22,2026-12-31,shortage,Produktionsproblem,Änderungsmeldung,Basics GmbH,2026-09-23T20:53:05.516519,94870
DE,Germany,BfArM,ESOMEPRAZOL BASICS 40 mg magensaftresistente Hartkapseln,Esomeprazol-Hemimagnesium,,,15744373,2200519,A02BC05,2025-05-22,2026-12-31,shortage,Produktionsproblem,Änderungsmeldung,Basics GmbH,2026-09-23T20:53:05.516546,94870
DE,Germany,BfArM,ESOMEPRAZOL BASICS 40 mg magensaftresistente Hartkapseln,Esomeprazol-Hemimagnesium,,,15744396,2200519,A02BC05,2025-05-22,2026-12-31,shortage,Produktionsproblem,Änderungsmeldung,Basics GmbH,2026-09-23T20:53:05.516573,94870
DE,Germany,BfArM,ESOMEPRAZOL BASICS 40 mg magensaftresistente Hartkapseln,Esomeprazol-Hemimagnesium,,,15744404,2200519,A02BC05,2025-05-22,2026-12-31,shortage,Produktionsproblem,Änderungsmeldung,Basics GmbH,2026-09-23T20:53:05.516600,94870
DE,Germany,BfArM,ESOMEPRAZOL BASICS 20 mg magensaftresistente Hartkapseln,Esomeprazol-Hemimagnesium,,,15744321,2200518,A02BC05,2025-05-22,2026-12-31,shortage,Produktionsproblem,Änderungsmeldung,Basics GmbH,2026-09-23T20:53:05.516626,94862
DE,Germany,BfArM,ESOMEPRAZOL BASICS 20 mg magensaftresistente Hartkapseln,Esomeprazol-Hemimagnesium,,,15744338,2200518,A02BC05,2025-05-22,2026-12-31,shortage,Produktionsproblem,Änderungsmeldung,Basics GmbH,2026-09-23T20:53:05.516653,94862
DE,Germany,BfArM,ESOMEPRAZOL BASICS 20 mg magensaftresistente Hartkapseln,Esomeprazol-Hemimagnesium,,,15744344,2200518,A02BC05,2025-05-22,2026-12-31,shortage,Produktionsproblem,Änderungsmeldung,Basics GmbH,2026-09-23T20:53:05.516681,94862
DE,Germany,BfArM,ESOMEPRAZOL BASICS 20 mg magensaftresistente Hartkapseln,Esomeprazol-Hemimagnesium,,,15744350,2200518,A02BC05,2025-05-22,2026-12-31,shortage,Produktionsproblem,Änderungsmeldung,Basics GmbH,2026-09-23T20:53:05.516708,94862
DE,Germany,BfArM,CANDESARTAN BASICS 4 mg Tabletten,Candesartancilexetil,,,9482762,2175287,C09CA06,2025-02-11,2026-12-31,shortage,Sonstige,Änderungsmeldung,Basics GmbH,2026-09-23T20:53:05.516735,48399
DE,Germany,BfArM,CANDESARTAN BASICS 4 mg Tabletten,Candesartancilexetil,,,9482779,2175287,C09CA06,2025-02-11,2026-12-31,shortage,Sonstige,Änderungsmeldung,Basics GmbH,2026-09-23T20:53:05.516763,48399
DE,Germany,BfArM,CANDESARTAN BASICS 4 mg Tabletten,Candesartancilexetil,,,9482785,2175287,C09CA06,2025-02-11,2026-12-31,shortage,Sonstige,Änderungsmeldung,Basics GmbH,2026-09-23T20:53:05.516790,48399
DE,Germany,BfArM,CANDESARTAN BASICS 32 mg Tabletten,Candesartancilexetil,,,9482868,2180052,C09CA06,2025-11-24,2026-12-31,shortage,Sonstige,Änderungsmeldung,Basics GmbH,2026-09-23T20:53:05.516817,76376
DE,Germany,BfArM,CANDESARTAN BASICS 32 mg Tabletten,Candesartancilexetil,,,9482874,2180052,C09CA06,2025-11-24,2026-12-31,shortage,Sonstige,Änderungsmeldung,Basics GmbH,2026-09-23T20:53:05.516844,76376
DE,Germany,BfArM,CANDESARTAN BASICS 32 mg Tabletten,Candesartancilexetil,,,9482880,2180052,C09CA06,2025-11-24,2026-12-31,shortage,Sonstige,Änderungsmeldung,Basics GmbH,2026-09-23T20:53:05.516871,76376
DE,Germany,BfArM,CANDESARTAN BASICS 16 mg Tabletten,Candesartancilexetil,,,9482839,2175289,C09CA06,2025-11-20,2026-12-31,shortage,Sonstige,Änderungsmeldung,Basics GmbH,2026-09-23T20:53:05.516898,48410
DE,Germany,BfArM,CANDESARTAN BASICS 16 mg Tabletten,Candesartancilexetil,,,9482845,2175289,C09CA06,2025-11-20,2026-12-31,shortage,Sonstige,Änderungsmeldung,Basics GmbH,2026-09-23T20:53:05.516926,48410
DE,Germany,BfArM,CANDESARTAN BASICS 16 mg Tabletten,Candesartancilexetil,,,9482851,2175289,C09CA06,2025-11-20,2026-12-31,shortage,Sonstige,Änderungsmeldung,Basics GmbH,2026-09-23T20:53:05.516952,48410
DE,Germany,BfArM,CANDESARTAN BASICS 8 mg Tabletten,Candesartancilexetil,,,9482791,2175288,C09CA06,2025-11-22,2026-12-31,shortage,Sonstige,Änderungsmeldung,Basics GmbH,2026-09-23T20:53:05.516979,48402
DE,Germany,BfArM,CANDESARTAN BASICS 8 mg Tabletten,Candesartancilexetil,,,9482816,2175288,C09CA06,2025-11-22,2026-12-31,shortage,Sonstige,Änderungsmeldung,Basics GmbH,2026-09-23T20:53:05.517006,48402
DE,Germany,BfArM,CANDESARTAN BASICS 8 mg Tabletten,Candesartancilexetil,,,9482822,2175288,C09CA06,2025-11-22,2026-12-31,shortage,Sonstige,Änderungsmeldung,Basics GmbH,2026-09-23T20:53:05.517033,48402
DE,Germany,BfArM,ATORVASTATIN BASICS 60 mg Filmtabletten,Atorvastatin-Calcium-Trihydrat (Ph.Eur.),,,11083957,2191319,C10AA05,2026-03-05,2026-12-31,shortage,Sonstige,Änderungsmeldung,Basics GmbH,2026-09-23T20:53:05.517061,
DE,Germany,BfArM,ATORVASTATIN BASICS 60 mg Filmtabletten,Atorvastatin-Calcium-Trihydrat (Ph.Eur.),,,11083963,2191319,C10AA05,2026-03-05,2026-12-31,shortage,Sonstige,Änderungsmeldung,Basics GmbH,2026-09-23T20:53:05.517089,
DE,Germany,BfArM,ATORVASTATIN BASICS 60 mg Filmtabletten,Atorvastatin-Calcium-Trihydrat (Ph.Eur.),,,11083992,2191319,C10AA05,2026-03-05,2026-12-31,shortage,Sonstige,Änderungsmeldung,Basics GmbH,2026-09-23T20:53:05.517116,
DE,Germany,BfArM,Cyclocaps Salbutamol 400 µg,Salbutamolsulfat,,,2418028,2118422,R03AC02,2025-08-01,2026-12-31,shortage,Sonstige,Änderungsmeldung,PB Pharma GmbH,2026-09-23T20:53:05.517144,15059
DE,Germany,BfArM,Cyclocaps Budesonid 200 µg,Budesonid,,,730721,2146411,R03BA02,2025-08-01,2026-12-31,shortage,Sonstige,Änderungsmeldung,PB Pharma GmbH,2026-09-23T20:53:05.517170,41513
DE,Germany,BfArM,Cyclocaps Budesonid 200 µg,Budesonid,,,2417945,2146411,R03BA02,2025-08-01,2026-12-31,shortage,Sonstige,Änderungsmeldung,PB Pharma GmbH,2026-09-23T20:53:05.517198,41513
DE,Germany,BfArM,Cyclocaps Budesonid 200 µg,Budesonid,,,8907751,2146411,R03BA02,2025-08-01,2026-12-31,shortage,Sonstige,Änderungsmeldung,PB Pharma GmbH,2026-09-23T20:53:05.517225,41513
DE,Germany,BfArM,Cyclocaps Beclometason 200 µg,Beclometasondipropionat (Ph.Eur.),,,8701127,2125817,R03BA01,2025-08-01,2026-12-31,shortage,Sonstige,Änderungsmeldung,PB Pharma GmbH,2026-09-23T20:53:05.517252,17213
DE,Germany,BfArM,Cyclocaps Beclometason 200 µg,Beclometasondipropionat (Ph.Eur.),,,8907596,2125817,R03BA01,2025-08-01,2026-12-31,shortage,Sonstige,Änderungsmeldung,PB Pharma GmbH,2026-09-23T20:53:05.517281,17213
DE,Germany,BfArM,Cyclocaps Beclometason 400 µg,Beclometasondipropionat (Ph.Eur.),,,8701156,2125818,R03BA01,2025-08-01,2026-12-31,shortage,Sonstige,Änderungsmeldung,PB Pharma GmbH,2026-09-23T20:53:05.517309,25364
DE,Germany,BfArM,"Claversal Micropellets 1,5 g",Mesalazin,,,4380494,2154530,A07EC02,2025-11-05,2026-10-30,shortage,Produktionsproblem,Änderungsmeldung,Recordati Pharma GmbH,2026-09-23T20:53:05.517338,
DE,Germany,BfArM,"Claversal Micropellets 1,5 g",Mesalazin,,,4380519,2154530,A07EC02,2025-11-05,2026-10-30,shortage,Produktionsproblem,Änderungsmeldung,Recordati Pharma GmbH,2026-09-23T20:53:05.517366,
DE,Germany,BfArM,Mytolac 60 mg Injektionslösung in einer Fertigspritze,Lanreotidacetat (1:x) ((mit Angaben zum Essigsäure-Gehalt)),,,17209023,2203667,H01CB03,2025-11-09,2027-02-02,shortage,Produktionsproblem,Änderungsmeldung,Amdipharm Limited,2026-09-23T20:53:05.517393,214167
DE,Germany,BfArM,Mytolac 60 mg Injektionslösung in einer Fertigspritze,Lanreotidacetat (1:x) ((mit Angaben zum Essigsäure-Gehalt)),,,17209046,2203667,H01CB03,2025-11-09,2027-02-02,shortage,Produktionsproblem,Änderungsmeldung,Amdipharm Limited,2026-09-23T20:53:05.517422,214167
DE,Germany,BfArM,Minprostin E2 Vaginaltabletten,Dinoproston,,,3065112,2104496,G02AD02,2025-07-21,2026-10-31,shortage,Produktionsproblem,Änderungsmeldung,Pfizer Pharma GmbH,2026-09-23T20:53:05.517449,
DE,Germany,BfArM,Muse 1000 mikrogramm,Alprostadil,,,2753057,2144805,G04BE01,2023-03-16,2028-01-15,shortage,Sonstige,Änderungsmeldung,Viatris Healthcare GmbH,2026-09-23T20:53:05.517477,
DE,Germany,BfArM,Muse 1000 mikrogramm,Alprostadil,,,3441130,2144805,G04BE01,2023-03-16,2028-01-15,shortage,Sonstige,Änderungsmeldung,Viatris Healthcare GmbH,2026-09-23T20:53:05.517504,
DE,Germany,BfArM,Muse 1000 mikrogramm,Alprostadil,,,4192551,2144805,G04BE01,2023-03-16,2028-01-15,shortage,Sonstige,Änderungsmeldung,Viatris Healthcare GmbH,2026-09-23T20:53:05.517533,
DE,Germany,BfArM,Muse 500 mikrogramm,Alprostadil,,,2752885,2144804,G04BE01,2023-03-16,2028-01-15,shortage,Sonstige,Änderungsmeldung,Viatris Healthcare GmbH,2026-09-23T20:53:05.517559,
DE,Germany,BfArM,Muse 500 mikrogramm,Alprostadil,,,3441124,2144804,G04BE01,2023-03-16,2028-01-15,shortage,Sonstige,Änderungsmeldung,Viatris Healthcare GmbH,2026-09-23T20:53:05.517586,
DE,Germany,BfArM,Muse 500 mikrogramm,Alprostadil,,,4192545,2144804,G04BE01,2023-03-16,2028-01-15,shortage,Sonstige,Änderungsmeldung,Viatris Healthcare GmbH,2026-09-23T20:53:05.517613,
DE,Germany,BfArM,Adrekar,Adenosin,,,6324726,2130124,C01EB,2026-03-27,2026-12-31,shortage,Sonstige,Erstmeldung,Sanofi-Aventis Deutschland GmbH,2026-09-23T20:53:05.517640,
DE,Germany,BfArM,Nifedipin AL T 20 retard,Nifedipin,,,7558248,2135297,C08CA05,2026-03-25,2026-09-30,shortage,Sonstige,Erstmeldung,ALIUD PHARMA GmbH,2026-09-23T20:53:05.517667,43087
DE,Germany,BfArM,Nifedipin AL T 20 retard,Nifedipin,,,8715460,2135297,C08CA05,2026-03-25,2026-09-30,shortage,Sonstige,Erstmeldung,ALIUD PHARMA GmbH,2026-09-23T20:53:05.517694,43087
DE,Germany,BfArM,Nifedipin AL T 20 retard,Nifedipin,,,8715477,2135297,C08CA05,2026-03-25,2026-09-30,shortage,Sonstige,Erstmeldung,ALIUD PHARMA GmbH,2026-09-23T20:53:05.517721,43087
DE,Germany,BfArM,Nifedipin STADA uno 40 mg Retardtabletten,Nifedipin,,,11010846,2152640,C08CA05,2025-04-15,2026-12-31,shortage,Sonstige,Erstmeldung,STADAPHARM GmbH,2026-09-23T20:53:05.517749,
DE,Germany,BfArM,Takrozem 1 mg/g Salbe,Tacrolimus-Monohydrat,,,14063263,2193900,D11AH01,2026-01-27,2026-12-31,shortage,Sonstige,Änderungsmeldung,Pierre Fabre Medicament,2026-09-23T20:53:05.517777,67652
DE,Germany,BfArM,Takrozem 1 mg/g Salbe,Tacrolimus-Monohydrat,,,14063286,2193900,D11AH01,2026-01-27,2026-12-31,shortage,Sonstige,Änderungsmeldung,Pierre Fabre Medicament,2026-09-23T20:53:05.517805,67652
DE,Germany,BfArM,Takrozem 1 mg/g Salbe,Tacrolimus-Monohydrat,,,14063292,2193900,D11AH01,2026-01-27,2026-12-31,shortage,Sonstige,Änderungsmeldung,Pierre Fabre Medicament,2026-09-23T20:53:05.517832,67652
DE,Germany,BfArM,Dontisolon D Mundheilpaste,Prednisolonacetat,,,4913803,0801728,A01AC54,2026-06-01,2027-03-01,shortage,Produktionsproblem,Erstmeldung,SEPTODONT GmbH,2026-09-23T20:53:05.517860,
DE,Germany,BfArM,Dontisolon D Mundheilpaste,Prednisolonacetat,,,4913826,0801728,A01AC54,2026-06-01,2027-03-01,shortage,Produktionsproblem,Erstmeldung,SEPTODONT GmbH,2026-09-23T20:53:05.517886,
DE,Germany,BfArM,Dontisolon D Zylinderampullen,Prednisolon,,,4913795,0801705,A01AC54,2026-07-01,2027-03-01,shortage,Produktionsproblem,Erstmeldung,SEPTODONT GmbH,2026-09-23T20:53:05.517913,
DE,Germany,BfArM,Sufenta mite,Sufentanilcitrat,,,4904106,2126168,N01AH03,2025-10-27,2026-04-01,resolved,Produktionsproblem,Änderungsmeldung,Piramal Critical Care B.V.,2026-09-23T20:53:05.517940,18007
DE,Germany,BfArM,Heitrin 2mg,Terazosinhydrochlorid-Dihydrat,,,3000756,2104913,C02CA,2025-04-10,2026-12-31,shortage,Sonstige,Änderungsmeldung,Amdipharm Limited,2026-09-23T20:53:05.517967,
DE,Germany,BfArM,Heitrin 2mg,Terazosinhydrochlorid-Dihydrat,,,3000779,2104913,C02CA,2025-04-10,2026-12-31,shortage,Sonstige,Änderungsmeldung,Amdipharm Limited,2026-09-23T20:53:05.517995,
DE,Germany,BfArM,Eletriptan Bluefish 20 mg Filmtabletten,Eletriptanhydrobromid,,,14292199,2201923,N02CC06,2026-03-01,2026-12-31,shortage,Produktionsproblem,Erstmeldung,Bluefish Pharmaceuticals AB (publ),2026-09-23T20:53:05.518022,60224
DE,Germany,BfArM,Rosuvastatin Aristo 5 mg Filmtabletten,Rosuvastatin-Hemicalcium,,,13588578,2197631,C10AA07,2023-03-24,2026-12-31,shortage,Sonstige,Änderungsmeldung,Aristo Pharma GmbH,2026-09-23T20:53:05.518049,201030
DE,Germany,BfArM,Rosuvastatin Aristo 5 mg Filmtabletten,Rosuvastatin-Hemicalcium,,,18388016,2197631,C10AA07,2023-03-24,2026-12-31,shortage,Sonstige,Änderungsmeldung,Aristo Pharma GmbH,2026-09-23T20:53:05.518077,201030
DE,Germany,BfArM,Tranexamsäure PUREN 100 mg/ml Injektionslösung,Tranexamsäure,,,12593459,2196642,B02AA02,2025-09-29,2027-03-30,shortage,Produktionsproblem,Änderungsmeldung,Eugia Pharma (Malta) Limited,2026-09-23T20:53:05.518104,1562
DE,Germany,BfArM,DOXO-cell 150 mg Injektionslösung,Doxorubicinhydrochlorid,,,7356964,2144927,L01DB01,2024-09-16,2027-01-19,shortage,Produktionsproblem,Änderungsmeldung,STADAPHARM GmbH,2026-09-23T20:53:05.518132,
DE,Germany,BfArM,DOXO-cell 50 mg Injektionslösung,Doxorubicinhydrochlorid,,,7356958,2144926,L01DB01,2024-08-16,2027-01-19,shortage,Produktionsproblem,Änderungsmeldung,STADAPHARM GmbH,2026-09-23T20:53:05.518159,33995
DE,Germany,BfArM,Aciclovir-ratiopharm 50 mg/g Creme,Aciclovir,,,4899902,2128080,D06BB03,2026-02-16,2026-09-30,shortage,Produktionsproblem,Erstmeldung,ratiopharm GmbH,2026-09-23T20:53:05.518189,23094
DE,Germany,BfArM,Aciclovir-ratiopharm 50 mg/g Creme,Aciclovir,,,4899919,2128080,D06BB03,2026-02-16,2026-09-30,shortage,Produktionsproblem,Erstmeldung,ratiopharm GmbH,2026-09-23T20:53:05.518216,23094
DE,Germany,BfArM,WILLFACT 1000 I.E.,Von Willebrand-Faktor,,,5376313,2604246,B02BD10,2025-08-01,2026-09-30,shortage,Sonstige,Änderungsmeldung,LFB Biomedicaments,2026-09-23T20:53:05.518240,94153
DE,Germany,BfArM,Heitrin 1mg,Terazosinhydrochlorid-Dihydrat,,,3517169,2104912,C02CA,2024-07-01,2026-12-31,shortage,Sonstige,Änderungsmeldung,Amdipharm Limited,2026-09-23T20:53:05.518264,
DE,Germany,BfArM,Heitrin 5mg,Terazosinhydrochlorid-Dihydrat,,,3000822,2104914,C02CA,2024-07-01,2026-12-31,shortage,Sonstige,Änderungsmeldung,Amdipharm Limited,2026-09-23T20:53:05.518289,
DE,Germany,BfArM,Supertendin 5,Dexamethasonacetat (Ph.Eur.); Lidocainhydrochlorid-Monohydrat,,,0,1462406,,2025-11-01,2027-11-01,shortage,Produktionsproblem,Erstmeldung,Carinopharm GmbH,2026-09-23T20:53:05.518313,
DE,Germany,BfArM,Supertendin 5,Dexamethasonacetat (Ph.Eur.); Lidocainhydrochlorid-Monohydrat,,,1690395,1462406,,2025-11-01,2027-11-01,shortage,Produktionsproblem,Erstmeldung,Carinopharm GmbH,2026-09-23T20:53:05.518338,
DE,Germany,BfArM,Supertendin 5,Dexamethasonacetat (Ph.Eur.); Lidocainhydrochlorid-Monohydrat,,,1690403,1462406,,2025-11-01,2027-11-01,shortage,Produktionsproblem,Erstmeldung,Carinopharm GmbH,2026-09-23T20:53:05.518362,
DE,Germany,BfArM,Supertendin 5,Dexamethasonacetat (Ph.Eur.); Lidocainhydrochlorid-Monohydrat,,,1690426,1462406,,2025-11-01,2027-11-01,shortage,Produktionsproblem,Erstmeldung,Carinopharm GmbH,2026-09-23T20:53:05.518387,
DE,Germany,BfArM,Supertendin 10,Dexamethasonacetat (Ph.Eur.); Lidocainhydrochlorid-Monohydrat,,,0,0027453,,2025-11-01,2027-11-01,shortage,Produktionsproblem,Erstmeldung,Carinopharm GmbH,2026-09-23T20:53:05.518411,
DE,Germany,BfArM,Supertendin 10,Dexamethasonacetat (Ph.Eur.); Lidocainhydrochlorid-Monohydrat,,,1690461,0027453,,2025-11-01,2027-11-01,shortage,Produktionsproblem,Erstmeldung,Carinopharm GmbH,2026-09-23T20:53:05.518435,
DE,Germany,BfArM,Supertendin 10,Dexamethasonacetat (Ph.Eur.); Lidocainhydrochlorid-Monohydrat,,,1690478,0027453,,2025-11-01,2027-11-01,shortage,Produktionsproblem,Erstmeldung,Carinopharm GmbH,2026-09-23T20:53:05.518460,
DE,Germany,BfArM,Supertendin 10,Dexamethasonacetat (Ph.Eur.); Lidocainhydrochlorid-Monohydrat,,,1690484,0027453,,2025-11-01,2027-11-01,shortage,Produktionsproblem,Erstmeldung,Carinopharm GmbH,2026-09-23T20:53:05.518485,
DE,Germany,BfArM,Gabapentin Holsten 600 mg Filmtabletten,Gabapentin,,,13248256,2163100,N03AX12,2025-08-21,2026-12-31,shortage,Produktionsproblem,Änderungsmeldung,Holsten Pharma GmbH - Geschäftsanschrift -,2026-09-23T20:53:05.518509,
DE,Germany,BfArM,Gabapentin Holsten 600 mg Filmtabletten,Gabapentin,,,13248262,2163100,N03AX12,2025-08-21,2026-12-31,shortage,Produktionsproblem,Änderungsmeldung,Holsten Pharma GmbH - Geschäftsanschrift -,2026-09-23T20:53:05.518533,
DE,Germany,BfArM,Gabapentin Holsten 600 mg Filmtabletten,Gabapentin,,,13248279,2163100,N03AX12,2025-08-21,2026-12-31,shortage,Produktionsproblem,Änderungsmeldung,Holsten Pharma GmbH - Geschäftsanschrift -,2026-09-23T20:53:05.518558,
DE,Germany,BfArM,Risperidon-ratiopharm 50 mg Pulver und Lösungsmittel zur Herstellung einer Depot-Injektionssuspension,Risperidon,,,16233025,2203599,N05AX08,2024-09-05,2026-09-30,shortage,Produktionsproblem,Änderungsmeldung,ratiopharm GmbH,2026-09-23T20:53:05.518582,68284
DE,Germany,BfArM,Risperidon-ratiopharm 50 mg Pulver und Lösungsmittel zur Herstellung einer Depot-Injektionssuspension,Risperidon,,,16233031,2203599,N05AX08,2024-09-05,2026-09-30,shortage,Produktionsproblem,Änderungsmeldung,ratiopharm GmbH,2026-09-23T20:53:05.518606,68284
DE,Germany,BfArM,"Risperidon-ratiopharm 37,5 mg Pulver und Lösungsmittel zur Herstellung einer Depot-Injektionssuspension",Risperidon,,,16233002,2203598,N05AX08,2024-09-05,2026-09-30,shortage,Produktionsproblem,Änderungsmeldung,ratiopharm GmbH,2026-09-23T20:53:05.518630,68276
DE,Germany,BfArM,"Risperidon-ratiopharm 37,5 mg Pulver und Lösungsmittel zur Herstellung einer Depot-Injektionssuspension",Risperidon,,,16233019,2203598,N05AX08,2024-09-05,2026-09-30,shortage,Produktionsproblem,Änderungsmeldung,ratiopharm GmbH,2026-09-23T20:53:05.518655,68276
DE,Germany,BfArM,Risperidon-ratiopharm 25 mg Pulver und Lösungsmittel zur Herstellung einer Depot-Injektionssuspension,Risperidon,,,16232988,2203597,N05AX08,2024-09-05,2026-09-30,shortage,Produktionsproblem,Änderungsmeldung,ratiopharm GmbH,2026-09-23T20:53:05.518679,68268
DE,Germany,BfArM,Risperidon-ratiopharm 25 mg Pulver und Lösungsmittel zur Herstellung einer Depot-Injektionssuspension,Risperidon,,,16232994,2203597,N05AX08,2024-09-05,2026-09-30,shortage,Produktionsproblem,Änderungsmeldung,ratiopharm GmbH,2026-09-23T20:53:05.518703,68268
DE,Germany,BfArM,Erwinase 10 000 E./Durchstechflasche Pulver zur Herstellung einer Injektions-/Infusionslösung,Crisantaspase,,,17578507,7005446,L01XX02,2026-02-04,2026-12-31,shortage,Sonstige,Änderungsmeldung,Porton Biopharma Limited,2026-09-23T20:53:05.518728,51519
DE,Germany,BfArM,"Renatriol 0,25 µg",Calcitriol,,,3222184,2150668,A11CC04,2025-08-26,2026-12-31,shortage,Sonstige,Erstmeldung,RenaCare NEPHROMED GmbH,2026-09-23T20:53:05.518752,16608
DE,Germany,BfArM,"Renatriol 0,25 µg",Calcitriol,,,3222190,2150668,A11CC04,2025-08-26,2026-12-31,shortage,Sonstige,Erstmeldung,RenaCare NEPHROMED GmbH,2026-09-23T20:53:05.518776,16608
DE,Germany,BfArM,"Calcitriol KyraMed 0,25 Mikrogramm",Calcitriol,,,3192939,2150672,A11CC04,2025-08-28,2026-12-31,shortage,Sonstige,Erstmeldung,RenaCare NEPHROMED GmbH,2026-09-23T20:53:05.518800,16608
DE,Germany,BfArM,"Calcitriol KyraMed 0,25 Mikrogramm",Calcitriol,,,3193028,2150672,A11CC04,2025-08-28,2026-12-31,shortage,Sonstige,Erstmeldung,RenaCare NEPHROMED GmbH,2026-09-23T20:53:05.518825,16608
DE,Germany,BfArM,Duloxetin Zentiva 30 mg magensaftresistente Hartkapseln,Duloxetinhydrochlorid,,,11276320,"7006087, 7006088, 7006089",N06AX21,2026-01-23,2026-12-31,shortage,Produktionsproblem,Erstmeldung,"Zentiva, k.s.",2026-09-23T20:53:05.518849,79057
DE,Germany,BfArM,Duloxetin Zentiva 30 mg magensaftresistente Hartkapseln,Duloxetinhydrochlorid,,,16385203,"7006087, 7006088, 7006089",N06AX21,2026-01-23,2026-12-31,shortage,Produktionsproblem,Erstmeldung,"Zentiva, k.s.",2026-09-23T20:53:05.518873,79057
DE,Germany,BfArM,Duloxetin Zentiva 30 mg magensaftresistente Hartkapseln,Duloxetinhydrochlorid,,,16385226,"7006087, 7006088, 7006089",N06AX21,2026-01-23,2026-12-31,shortage,Produktionsproblem,Erstmeldung,"Zentiva, k.s.",2026-09-23T20:53:05.518898,79057
DE,Germany,BfArM,Duloxetin Zentiva 60 mg magensaftresistente Hartkapseln,Duloxetinhydrochlorid,,,11276372,"7006091, 7006092, 7006093, 7006094",N06AX21,2026-01-23,2026-12-31,shortage,Produktionsproblem,Erstmeldung,"Zentiva, k.s.",2026-09-23T20:53:05.518922,79065
DE,Germany,BfArM,Duloxetin Zentiva 60 mg magensaftresistente Hartkapseln,Duloxetinhydrochlorid,,,11276389,"7006091, 7006092, 7006093, 7006094",N06AX21,2026-01-23,2026-12-31,shortage,Produktionsproblem,Erstmeldung,"Zentiva, k.s.",2026-09-23T20:53:05.518946,79065
DE,Germany,BfArM,Duloxetin Zentiva 60 mg magensaftresistente Hartkapseln,Duloxetinhydrochlorid,,,16385232,"7006091, 7006092, 7006093, 7006094",N06AX21,2026-01-23,2026-12-31,shortage,Produktionsproblem,Erstmeldung,"Zentiva, k.s.",2026-09-23T20:53:05.518970,79065
DE,Germany,BfArM,Duloxetin Zentiva 60 mg magensaftresistente Hartkapseln,Duloxetinhydrochlorid,,,16385249,"7006091, 7006092, 7006093, 7006094",N06AX21,2026-01-23,2026-12-31,shortage,Produktionsproblem,Erstmeldung,"Zentiva, k.s.",2026-09-23T20:53:05.518995,79065
DE,Germany,BfArM,Doxepin 50 Holsten,Doxepinhydrochlorid (Ph.Eur.),,,6330537,0911813,N06AA12,2025-10-13,2026-12-31,shortage,Sonstige,Änderungsmeldung,Holsten Pharma GmbH - Geschäftsanschrift -,2026-09-23T20:53:05.519019,223050
DE,Germany,BfArM,Doxepin 50 Holsten,Doxepinhydrochlorid (Ph.Eur.),,,6330543,0911813,N06AA12,2025-10-13,2026-12-31,shortage,Sonstige,Änderungsmeldung,Holsten Pharma GmbH - Geschäftsanschrift -,2026-09-23T20:53:05.519043,223050
DE,Germany,BfArM,Atomoxetin-neuraxpharm 100 mg Hartkapseln,Atomoxetinhydrochlorid,,,14330333,2200313,N06BA09,2024-05-03,2026-09-30,shortage,Produktionsproblem,Änderungsmeldung,neuraxpharm Arzneimittel GmbH,2026-09-23T20:53:05.519067,105309
DE,Germany,BfArM,Atomoxetin-neuraxpharm 100 mg Hartkapseln,Atomoxetinhydrochlorid,,,14330356,2200313,N06BA09,2024-05-03,2026-09-30,shortage,Produktionsproblem,Änderungsmeldung,neuraxpharm Arzneimittel GmbH,2026-09-23T20:53:05.519091,105309
DE,Germany,BfArM,Atomoxetin-neuraxpharm 80 mg Hartkapseln,Atomoxetinhydrochlorid,,,14330310,2200312,N06BA09,2024-05-03,2026-09-30,shortage,Produktionsproblem,Änderungsmeldung,neuraxpharm Arzneimittel GmbH,2026-09-23T20:53:05.519115,89494
DE,Germany,BfArM,Atomoxetin-neuraxpharm 80 mg Hartkapseln,Atomoxetinhydrochlorid,,,14330327,2200312,N06BA09,2024-05-03,2026-09-30,shortage,Produktionsproblem,Änderungsmeldung,neuraxpharm Arzneimittel GmbH,2026-09-23T20:53:05.519143,89494
DE,Germany,BfArM,Atomoxetin-neuraxpharm 80 mg Hartkapseln,Atomoxetinhydrochlorid,,,16337032,2200312,N06BA09,2024-05-03,2026-09-30,shortage,Produktionsproblem,Änderungsmeldung,neuraxpharm Arzneimittel GmbH,2026-09-23T20:53:05.519167,89494
DE,Germany,BfArM,Atomoxetin-neuraxpharm 40 mg Hartkapseln,Atomoxetinhydrochlorid,,,14330250,2200310,N06BA09,2024-05-03,2026-09-30,shortage,Produktionsproblem,Änderungsmeldung,neuraxpharm Arzneimittel GmbH,2026-09-23T20:53:05.519192,76732
DE,Germany,BfArM,Atomoxetin-neuraxpharm 40 mg Hartkapseln,Atomoxetinhydrochlorid,,,14330267,2200310,N06BA09,2024-05-03,2026-09-30,shortage,Produktionsproblem,Änderungsmeldung,neuraxpharm Arzneimittel GmbH,2026-09-23T20:53:05.519216,76732
DE,Germany,BfArM,Atomoxetin-neuraxpharm 40 mg Hartkapseln,Atomoxetinhydrochlorid,,,14330273,2200310,N06BA09,2024-05-03,2026-09-30,shortage,Produktionsproblem,Änderungsmeldung,neuraxpharm Arzneimittel GmbH,2026-09-23T20:53:05.519241,76732
DE,Germany,BfArM,Atomoxetin-neuraxpharm 40 mg Hartkapseln,Atomoxetinhydrochlorid,,,16337003,2200310,N06BA09,2024-05-03,2026-09-30,shortage,Produktionsproblem,Änderungsmeldung,neuraxpharm Arzneimittel GmbH,2026-09-23T20:53:05.519265,76732
DE,Germany,BfArM,Atomoxetin-neuraxpharm 25 mg Hartkapseln,Atomoxetinhydrochlorid,,,14330221,2200309,N06BA09,2024-05-03,2026-09-30,shortage,Produktionsproblem,Änderungsmeldung,neuraxpharm Arzneimittel GmbH,2026-09-23T20:53:05.519289,
DE,Germany,BfArM,Atomoxetin-neuraxpharm 25 mg Hartkapseln,Atomoxetinhydrochlorid,,,14330238,2200309,N06BA09,2024-05-03,2026-09-30,shortage,Produktionsproblem,Änderungsmeldung,neuraxpharm Arzneimittel GmbH,2026-09-23T20:53:05.519314,
DE,Germany,BfArM,Atomoxetin-neuraxpharm 25 mg Hartkapseln,Atomoxetinhydrochlorid,,,14330244,2200309,N06BA09,2024-05-03,2026-09-30,shortage,Produktionsproblem,Änderungsmeldung,neuraxpharm Arzneimittel GmbH,2026-09-23T20:53:05.519338,
DE,Germany,BfArM,Atomoxetin-neuraxpharm 25 mg Hartkapseln,Atomoxetinhydrochlorid,,,16336989,2200309,N06BA09,2024-05-03,2026-09-30,shortage,Produktionsproblem,Änderungsmeldung,neuraxpharm Arzneimittel GmbH,2026-09-23T20:53:05.519363,
DE,Germany,BfArM,Atomoxetin-neuraxpharm 18 mg Hartkapseln,Atomoxetinhydrochlorid,,,11692107,2200308,N06BA09,2024-05-03,2026-09-30,shortage,Produktionsproblem,Änderungsmeldung,neuraxpharm Arzneimittel GmbH,2026-09-23T20:53:05.519387,76716
DE,Germany,BfArM,Atomoxetin-neuraxpharm 18 mg Hartkapseln,Atomoxetinhydrochlorid,,,14330184,2200308,N06BA09,2024-05-03,2026-09-30,shortage,Produktionsproblem,Änderungsmeldung,neuraxpharm Arzneimittel GmbH,2026-09-23T20:53:05.519411,76716
DE,Germany,BfArM,Atomoxetin-neuraxpharm 18 mg Hartkapseln,Atomoxetinhydrochlorid,,,14330190,2200308,N06BA09,2024-05-03,2026-09-30,shortage,Produktionsproblem,Änderungsmeldung,neuraxpharm Arzneimittel GmbH,2026-09-23T20:53:05.519435,76716
DE,Germany,BfArM,Atomoxetin-neuraxpharm 10 mg Hartkapseln,Atomoxetinhydrochlorid,,,11692099,2200307,N06BA09,2024-05-03,2026-09-30,shortage,Produktionsproblem,Änderungsmeldung,neuraxpharm Arzneimittel GmbH,2026-09-23T20:53:05.519459,76708
DE,Germany,BfArM,Atomoxetin-neuraxpharm 10 mg Hartkapseln,Atomoxetinhydrochlorid,,,14330161,2200307,N06BA09,2024-05-03,2026-09-30,shortage,Produktionsproblem,Änderungsmeldung,neuraxpharm Arzneimittel GmbH,2026-09-23T20:53:05.519484,76708
DE,Germany,BfArM,Atomoxetin-neuraxpharm 10 mg Hartkapseln,Atomoxetinhydrochlorid,,,14330178,2200307,N06BA09,2024-05-03,2026-09-30,shortage,Produktionsproblem,Änderungsmeldung,neuraxpharm Arzneimittel GmbH,2026-09-23T20:53:05.519507,76708
DE,Germany,BfArM,Atomoxetin-neuraxpharm 60 mg Hartkapseln,Atomoxetinhydrochlorid,,,14330296,2200311,N06BA09,2024-05-03,2026-09-30,shortage,Produktionsproblem,Änderungsmeldung,neuraxpharm Arzneimittel GmbH,2026-09-23T20:53:05.519532,
DE,Germany,BfArM,Atomoxetin-neuraxpharm 60 mg Hartkapseln,Atomoxetinhydrochlorid,,,14330304,2200311,N06BA09,2024-05-03,2026-09-30,shortage,Produktionsproblem,Änderungsmeldung,neuraxpharm Arzneimittel GmbH,2026-09-23T20:53:05.519556,
DE,Germany,BfArM,Atomoxetin-neuraxpharm 60 mg Hartkapseln,Atomoxetinhydrochlorid,,,16337026,2200311,N06BA09,2024-05-03,2026-09-30,shortage,Produktionsproblem,Änderungsmeldung,neuraxpharm Arzneimittel GmbH,2026-09-23T20:53:05.519580,
DE,Germany,BfArM,Endoxan 200 mg,Cyclophosphamid Monohydrat,,,334480,0035932,L01AA01,2026-01-21,2026-12-31,shortage,Produktionsproblem,Erstmeldung,Baxter Deutschland GmbH,2026-09-23T20:53:05.519604,
DE,Germany,BfArM,Endoxan 200 mg,Cyclophosphamid Monohydrat,,,2738098,0035932,L01AA01,2026-01-21,2026-12-31,shortage,Produktionsproblem,Erstmeldung,Baxter Deutschland GmbH,2026-09-23T20:53:05.519628,
DE,Germany,BfArM,Endoxan 500 mg,Cyclophosphamid Monohydrat,,,334511,0035926,L01AA01,2026-01-21,2026-12-31,shortage,Produktionsproblem,Erstmeldung,Baxter Deutschland GmbH,2026-09-23T20:53:05.519652,
DE,Germany,BfArM,Endoxan 500 mg,Cyclophosphamid Monohydrat,,,1667261,0035926,L01AA01,2026-01-21,2026-12-31,shortage,Produktionsproblem,Erstmeldung,Baxter Deutschland GmbH,2026-09-23T20:53:05.519676,
DE,Germany,BfArM,Endoxan 500 mg,Cyclophosphamid Monohydrat,,,6317560,0035926,L01AA01,2026-01-21,2026-12-31,shortage,Produktionsproblem,Erstmeldung,Baxter Deutschland GmbH,2026-09-23T20:53:05.519701,
DE,Germany,BfArM,Endoxan 1 g,Cyclophosphamid Monohydrat,,,334528,0035903,L01AA01,2026-01-21,2026-12-31,shortage,Produktionsproblem,Erstmeldung,Baxter Deutschland GmbH,2026-09-23T20:53:05.519726,
DE,Germany,BfArM,Endoxan 1 g,Cyclophosphamid Monohydrat,,,1469644,0035903,L01AA01,2026-01-21,2026-12-31,shortage,Produktionsproblem,Erstmeldung,Baxter Deutschland GmbH,2026-09-23T20:53:05.519751,
DE,Germany,BfArM,Endoxan 1 g,Cyclophosphamid Monohydrat,,,6317577,0035903,L01AA01,2026-01-21,2026-12-31,shortage,Produktionsproblem,Erstmeldung,Baxter Deutschland GmbH,2026-09-23T20:53:05.519775,
DE,Germany,BfArM,Holoxan,Ifosfamid,,,81464,2117803,L01AA06,2026-01-21,2026-12-31,shortage,Produktionsproblem,Erstmeldung,Baxter Deutschland GmbH,2026-09-23T20:53:05.519800,14796
DE,Germany,BfArM,Holoxan,Ifosfamid,,,81470,2117803,L01AA06,2026-01-21,2026-12-31,shortage,Produktionsproblem,Erstmeldung,Baxter Deutschland GmbH,2026-09-23T20:53:05.519824,14796
DE,Germany,BfArM,Holoxan,Ifosfamid,,,1927549,2117803,L01AA06,2026-01-21,2026-12-31,shortage,Produktionsproblem,Erstmeldung,Baxter Deutschland GmbH,2026-09-23T20:53:05.519849,14796
DE,Germany,BfArM,Holoxan,Ifosfamid,,,1927555,2117803,L01AA06,2026-01-21,2026-12-31,shortage,Produktionsproblem,Erstmeldung,Baxter Deutschland GmbH,2026-09-23T20:53:05.519873,14796
DE,Germany,BfArM,Holoxan,Ifosfamid,,,1927561,2117803,L01AA06,2026-01-21,2026-12-31,shortage,Produktionsproblem,Erstmeldung,Baxter Deutschland GmbH,2026-09-23T20:53:05.519897,14796
DE,Germany,BfArM,Holoxan,Ifosfamid,,,1927578,2117803,L01AA06,2026-01-21,2026-12-31,shortage,Produktionsproblem,Erstmeldung,Baxter Deutschland GmbH,2026-09-23T20:53:05.519921,14796
DE,Germany,BfArM,Nitrendipin Aristo 20 mg Filmtabletten,Nitrendipin,,,366965,2142219,C08CA08,2025-06-02,2026-12-31,shortage,Produktionsproblem,Änderungsmeldung,Aristo Pharma GmbH,2026-09-23T20:53:05.519946,
DE,Germany,BfArM,Nitrendipin Aristo 20 mg Filmtabletten,Nitrendipin,,,366971,2142219,C08CA08,2025-06-02,2026-12-31,shortage,Produktionsproblem,Änderungsmeldung,Aristo Pharma GmbH,2026-09-23T20:53:05.519970,
DE,Germany,BfArM,Nitrendipin Aristo 20 mg Filmtabletten,Nitrendipin,,,366988,2142219,C08CA08,2025-06-02,2026-12-31,shortage,Produktionsproblem,Änderungsmeldung,Aristo Pharma GmbH,2026-09-23T20:53:05.519995,
DE,Germany,BfArM,OsvaRen,"Calciumacetat; Schweres, basisches Magnesiumcarbonat",,,8832705,2155140,V03AE04,2025-03-24,2027-03-31,shortage,Produktionsproblem,Änderungsmeldung,Fresenius Medical Care Nephrologica Deutschland GmbH,2026-09-23T20:53:05.520019,98167
DE,Germany,BfArM,Minprostin E2 Vaginalgel 2mg,Dinoproston,,,7666245,2119725,G02AD02,2025-12-01,2026-09-30,shortage,Sonstige,Änderungsmeldung,Pfizer Pharma GmbH,2026-09-23T20:53:05.520044,32328
DE,Germany,BfArM,Urbason solubile forte 250 mg,Natrium(methylprednisolon-21-succinat),,,1434918,0085746,H02AB04,2025-04-14,2026-12-31,shortage,Sonstige,Änderungsmeldung,FIDIA FARMACEUTICI SPA,2026-09-23T20:53:05.520068,
DE,Germany,BfArM,Urbason solubile forte 250 mg,Natrium(methylprednisolon-21-succinat),,,1646632,0085746,H02AB04,2025-04-14,2026-12-31,shortage,Sonstige,Änderungsmeldung,FIDIA FARMACEUTICI SPA,2026-09-23T20:53:05.520092,
DE,Germany,BfArM,Urbason solubile forte 250 mg,Natrium(methylprednisolon-21-succinat),,,3286994,0085746,H02AB04,2025-04-14,2026-12-31,shortage,Sonstige,Änderungsmeldung,FIDIA FARMACEUTICI SPA,2026-09-23T20:53:05.520126,
DE,Germany,BfArM,Levetiracetam Holsten 250 mg Filmtabletten,Levetiracetam,,,12549961,2183890,N03AX14,2025-07-04,2026-12-31,shortage,Produktionsproblem,Änderungsmeldung,Holsten Pharma GmbH - Geschäftsanschrift -,2026-09-23T20:53:05.520151,58386
DE,Germany,BfArM,Levetiracetam Holsten 250 mg Filmtabletten,Levetiracetam,,,12549978,2183890,N03AX14,2025-07-04,2026-12-31,shortage,Produktionsproblem,Änderungsmeldung,Holsten Pharma GmbH - Geschäftsanschrift -,2026-09-23T20:53:05.520176,58386
DE,Germany,BfArM,Levetiracetam Holsten 250 mg Filmtabletten,Levetiracetam,,,12549984,2183890,N03AX14,2025-07-04,2026-12-31,shortage,Produktionsproblem,Änderungsmeldung,Holsten Pharma GmbH - Geschäftsanschrift -,2026-09-23T20:53:05.520203,58386
DE,Germany,BfArM,FibCLOT,Fibrinogen vom Menschen,,,12344590,2613347,B02BB01,2019-05-01,2027-01-31,shortage,Sonstige,Änderungsmeldung,Laboratoire Francais du Fractionnement et des Biotechnologies,2026-09-23T20:53:05.520231,229229
DE,Germany,BfArM,Kirsty 100 Einheiten/ml Injektionslösung im Fertigpen,Insulin aspart,,,18229766,7005734,A10AB05,2025-05-31,2026-12-31,shortage,Sonstige,Änderungsmeldung,Biosimilar Collaborations Ireland Limited,2026-09-23T20:53:05.520257,121355
DE,Germany,BfArM,Kirsty 100 Einheiten/ml Injektionslösung im Fertigpen,Insulin aspart,,,18229743,7005733,A10AB05,2025-05-31,2026-12-31,shortage,Sonstige,Änderungsmeldung,Biosimilar Collaborations Ireland Limited,2026-09-23T20:53:05.520282,121355
DE,Germany,BfArM,Doxorubicinhydrochlorid Bendalis 2 mg/ml,Doxorubicinhydrochlorid,,,10757371,2151199,L01DB01,2024-11-15,2026-12-31,shortage,Produktionsproblem,Änderungsmeldung,BENDALIS GmbH,2026-09-23T20:53:05.520307,30694
DE,Germany,BfArM,Somatostatin 3 mg Inresa,Somatostatinacetat,,,860926,2106568,H01CB01,2022-12-09,2026-12-31,shortage,Produktionsproblem,Änderungsmeldung,Inresa Arzneimittel GmbH,2026-09-23T20:53:05.520332,126969
DE,Germany,BfArM,Somatostatin 3 mg Inresa,Somatostatinacetat,,,860984,2106568,H01CB01,2022-12-09,2026-12-31,shortage,Produktionsproblem,Änderungsmeldung,Inresa Arzneimittel GmbH,2026-09-23T20:53:05.520357,126969
DE,Germany,BfArM,Antidotum Thallii-Heyl,Eisen(III)-hexacyanoferrat(II),,,1442993,0813022,V03AB31,2021-02-24,2026-12-31,shortage,Sonstige,Änderungsmeldung,H e y l Chemisch-pharmazeutische Fabrik GmbH & Co. KG,2026-09-23T20:53:05.520381,
DE,Germany,BfArM,OncoTICE,"BCG-Bakterien, Stamm TICE, lebend, attenuiert",,,6964414,2602432,L03AX03,2021-03-01,2026-12-31,shortage,Sonstige,Änderungsmeldung,MSD Sharp & Dohme Gesellschaft mit beschränkter Haftung,2026-09-23T20:53:05.520406,67873
DE,Germany,BfArM,OncoTICE,"BCG-Bakterien, Stamm TICE, lebend, attenuiert",,,99999999,2602432,L03AX03,2021-03-01,2026-12-31,shortage,Sonstige,Änderungsmeldung,MSD Sharp & Dohme Gesellschaft mit beschränkter Haftung,2026-09-23T20:53:05.520430,2275
DE,Germany,BfArM,Hydrocortison PANPHARMA 100 mg,Natrium(hydrocortison-21-succinat),,,0,0625007,H02AB09,2019-07-01,2026-12-31,shortage,Produktionsproblem,Änderungsmeldung,PANPHARMA GmbH,2026-09-23T20:53:05.520455,32131
DE,Germany,BfArM,Blopress 16 mg,Candesartancilexetil,,,8625171,2141297,C09CA06,2025-10-06,2028-10-05,shortage,Sonstige,Erstmeldung,Cheplapharm Arzneimittel GmbH,2026-09-23T20:53:05.520479,48410
DE,Germany,BfArM,Ipratropiumbromid 250 Mikrogramm / 1 ml Stulln,Ipratropiumbromid,,,11509818,2182006,R03BB01,2025-05-01,2026-10-31,shortage,Produktionsproblem,Änderungsmeldung,Penta Arzneimittel GmbH,2026-09-23T20:53:05.520503,78972
DE,Germany,BfArM,Bendamustin beta 180 mg/4 ml Konzentrat zur Herstellung einer Infusionslösung,Bendamustinhydrochlorid-Monohydrat,,,7587132,2195550,L01AA09,2022-05-01,2026-12-31,shortage,Produktionsproblem,Änderungsmeldung,betapharm Arzneimittel GmbH,2026-09-23T20:53:05.520528,
DE,Germany,BfArM,Metypred forte 1000mg GALEN,Natrium(methylprednisolon-21-succinat),,,1684503,3002180,H02AB04,2025-05-01,2026-12-31,shortage,Sonstige,Änderungsmeldung,GALENpharma GmbH,2026-09-23T20:53:05.520553,26069
DE,Germany,BfArM,Metypred forte 1000mg GALEN,Natrium(methylprednisolon-21-succinat),,,5020757,3002180,H02AB04,2025-05-01,2026-12-31,shortage,Sonstige,Änderungsmeldung,GALENpharma GmbH,2026-09-23T20:53:05.520577,26069
DE,Germany,BfArM,Metypred forte 1000mg GALEN,Natrium(methylprednisolon-21-succinat),,,9087480,3002180,H02AB04,2025-05-01,2026-12-31,shortage,Sonstige,Änderungsmeldung,GALENpharma GmbH,2026-09-23T20:53:05.520601,26069
DE,Germany,BfArM,Metypred 250mg GALEN,Natrium(methylprednisolon-21-succinat),,,1684472,3002126,H02AB04,2025-05-01,2026-12-31,shortage,Sonstige,Änderungsmeldung,GALENpharma GmbH,2026-09-23T20:53:05.520626,
DE,Germany,BfArM,Metypred 250mg GALEN,Natrium(methylprednisolon-21-succinat),,,11359916,3002126,H02AB04,2025-05-01,2026-12-31,shortage,Sonstige,Änderungsmeldung,GALENpharma GmbH,2026-09-23T20:53:05.520650,
DE,Germany,BfArM,Metypred 125mg GALEN,Natrium(methylprednisolon-21-succinat),,,1684466,3002179,H02AB04,2025-05-01,2026-12-31,shortage,Sonstige,Änderungsmeldung,GALENpharma GmbH,2026-09-23T20:53:05.520675,20370
DE,Germany,BfArM,Atorvastatin Aristo 80 mg Filmtabletten,Atorvastatin-Calcium-Trihydrat (Ph.Eur.),,,9670044,2197976,C10AA05,2025-03-28,2026-12-01,shortage,Sonstige,Änderungsmeldung,Aristo Pharma GmbH,2026-09-23T20:53:05.520699,98639
DE,Germany,BfArM,Atorvastatin Aristo 80 mg Filmtabletten,Atorvastatin-Calcium-Trihydrat (Ph.Eur.),,,9670050,2197976,C10AA05,2025-03-28,2026-12-01,shortage,Sonstige,Änderungsmeldung,Aristo Pharma GmbH,2026-09-23T20:53:05.520722,98639
DE,Germany,BfArM,Atorvastatin Aristo 80 mg Filmtabletten,Atorvastatin-Calcium-Trihydrat (Ph.Eur.),,,9670067,2197976,C10AA05,2025-03-28,2026-12-01,shortage,Sonstige,Änderungsmeldung,Aristo Pharma GmbH,2026-09-23T20:53:05.520747,98639
DE,Germany,BfArM,Gabapentin Holsten 800 mg Filmtabletten,Gabapentin,,,13248285,2163101,N03AX12,2025-07-17,2026-12-31,shortage,Produktionsproblem,Änderungsmeldung,Holsten Pharma GmbH - Geschäftsanschrift -,2026-09-23T20:53:05.520772,
DE,Germany,BfArM,Gabapentin Holsten 800 mg Filmtabletten,Gabapentin,,,13248322,2163101,N03AX12,2025-07-17,2026-12-31,shortage,Produktionsproblem,Änderungsmeldung,Holsten Pharma GmbH - Geschäftsanschrift -,2026-09-23T20:53:05.520796,
DE,Germany,BfArM,Javlor 25 mg/ml Konzentrat zur Herstellung einer Infusionslösung - OP(1x2ml),"Vinfluninbis[(R,R)-tartrat]",,,5376371,"2705660, 2705664",L01CA05,2026-09-01,2027-05-01,shortage,Produktionsproblem,Änderungsmeldung,Pierre Fabre Medicament,2026-09-23T20:53:05.520820,119245
DE,Germany,BfArM,Javlor 25 mg/ml Konzentrat zur Herstellung einer Infusionslösung - OP(1x2ml),"Vinfluninbis[(R,R)-tartrat]",,,5376419,"2705660, 2705664",L01CA05,2026-09-01,2027-05-01,shortage,Produktionsproblem,Änderungsmeldung,Pierre Fabre Medicament,2026-09-23T20:53:05.520844,119245
DE,Germany,BfArM,Gabapentin Holsten 300 mg Hartkapseln,Gabapentin,,,13248173,2158852,N03AX12,2025-07-04,2026-12-31,shortage,Sonstige,Änderungsmeldung,Holsten Pharma GmbH - Geschäftsanschrift -,2026-09-23T20:53:05.520868,
DE,Germany,BfArM,Scintimun,Besilesomab,,,20083293,2670699,V09HA03,2025-09-17,2026-06-26,resolved,Produktionsproblem,Erstmeldung,TELIX INNOVATIONS Rechtsform: S.A.,2026-09-23T20:53:05.520893,
DE,Germany,BfArM,NeoRecormon 5000 IE Injektionslösung in Fertigspritze - OP6,Epoetin beta,,,8778093,2700480,B03XA,2025-06-09,2027-06-30,shortage,Sonstige,Änderungsmeldung,Roche Registration GmbH,2026-09-23T20:53:05.520917,
DE,Germany,BfArM,NeoRecormon 3000 IE Injektionslösung in Fertigspritze - OP6,Epoetin beta,,,8778087,2700478,B03XA,2025-07-07,2027-06-30,shortage,Sonstige,Änderungsmeldung,Roche Registration GmbH,2026-09-23T20:53:05.520942,
DE,Germany,BfArM,NeoRecormon 4000 IE Injektionslösung in Fertigspritze - OP6,Epoetin beta,,,364825,2701081,B03XA,2025-07-21,2027-06-30,shortage,Sonstige,Änderungsmeldung,Roche Registration GmbH,2026-09-23T20:53:05.520966,
DE,Germany,BfArM,NeoRecormon 2000 IE Injektionslösung in Fertigspritze - OP6,Epoetin beta,,,8778070,2700476,B03XA,2025-08-04,2027-06-30,shortage,Sonstige,Änderungsmeldung,Roche Registration GmbH,2026-09-23T20:53:05.520991,
DE,Germany,BfArM,Visudyne 15 mg Pulver zur Herstellung einer Infusionslösung - OP1,Verteporfin,,,869382,2701101,S01LA01,2021-07-01,2026-12-31,shortage,Sonstige,Änderungsmeldung,Cheplapharm Arzneimittel GmbH,2026-09-23T20:53:05.521015,58963
DE,Germany,BfArM,Procain 2 % JENAPHARM,Procainhydrochlorid,,,4022599,3000349,N01BA02,2025-02-24,2027-04-30,shortage,Sonstige,Änderungsmeldung,Mibe GmbH Arzneimittel,2026-09-23T20:53:05.521040,
DE,Germany,BfArM,Procain 2 % JENAPHARM,Procainhydrochlorid,,,4022613,3000349,N01BA02,2025-02-24,2027-04-30,shortage,Sonstige,Änderungsmeldung,Mibe GmbH Arzneimittel,2026-09-23T20:53:05.521065,
DE,Germany,BfArM,Procain 2 % JENAPHARM,Procainhydrochlorid,,,6342977,3000349,N01BA02,2025-02-24,2027-04-30,shortage,Sonstige,Änderungsmeldung,Mibe GmbH Arzneimittel,2026-09-23T20:53:05.521089,
DE,Germany,BfArM,Procain 1 % JENAPHARM,Procainhydrochlorid,,,4022576,3000348,N01BA02,2025-01-10,2027-08-31,shortage,Sonstige,Änderungsmeldung,Mibe GmbH Arzneimittel,2026-09-23T20:53:05.521113,
DE,Germany,BfArM,Procain 1 % JENAPHARM,Procainhydrochlorid,,,4022582,3000348,N01BA02,2025-01-10,2027-08-31,shortage,Sonstige,Änderungsmeldung,Mibe GmbH Arzneimittel,2026-09-23T20:53:05.521148,
DE,Germany,BfArM,Procain 1 % JENAPHARM,Procainhydrochlorid,,,6342954,3000348,N01BA02,2025-01-10,2027-08-31,shortage,Sonstige,Änderungsmeldung,Mibe GmbH Arzneimittel,2026-09-23T20:53:05.521174,
DE,Germany,BfArM,Procain 1 % JENAPHARM,Procainhydrochlorid,,,6342960,3000348,N01BA02,2025-01-10,2027-08-31,shortage,Sonstige,Änderungsmeldung,Mibe GmbH Arzneimittel,2026-09-23T20:53:05.521199,
DE,Germany,BfArM,Rosuvastatin Aristo 20 mg Filmtabletten,Rosuvastatin-Hemicalcium,,,13588615,2197633,C10AA07,2023-03-24,2026-12-31,shortage,Sonstige,Änderungsmeldung,Aristo Pharma GmbH,2026-09-23T20:53:05.521224,201057
DE,Germany,BfArM,Rosuvastatin Aristo 20 mg Filmtabletten,Rosuvastatin-Hemicalcium,,,18388051,2197633,C10AA07,2023-03-24,2026-12-31,shortage,Sonstige,Änderungsmeldung,Aristo Pharma GmbH,2026-09-23T20:53:05.521249,201057
DE,Germany,BfArM,Rosuvastatin Aristo 10 mg Filmtabletten,Rosuvastatin-Hemicalcium,,,13588590,2197632,C10AA07,2023-03-24,2026-12-31,shortage,Sonstige,Änderungsmeldung,Aristo Pharma GmbH,2026-09-23T20:53:05.521273,201049
DE,Germany,BfArM,Rosuvastatin Aristo 10 mg Filmtabletten,Rosuvastatin-Hemicalcium,,,18388045,2197632,C10AA07,2023-03-24,2026-12-31,shortage,Sonstige,Änderungsmeldung,Aristo Pharma GmbH,2026-09-23T20:53:05.521297,201049
DE,Germany,BfArM,Melperon Aristo 50 mg Filmtabletten,Melperonhydrochlorid,,,9491382,2145327,N05AD03,2023-03-24,2026-12-31,shortage,Sonstige,Änderungsmeldung,Aristo Pharma GmbH,2026-09-23T20:53:05.521322,
DE,Germany,BfArM,Melperon Aristo 50 mg Filmtabletten,Melperonhydrochlorid,,,9491399,2145327,N05AD03,2023-03-24,2026-12-31,shortage,Sonstige,Änderungsmeldung,Aristo Pharma GmbH,2026-09-23T20:53:05.521346,
DE,Germany,BfArM,Melperon Aristo 100 mg Filmtabletten,Melperonhydrochlorid,,,9491407,2138614,N05AD03,2024-03-27,2026-12-31,shortage,Produktionsproblem,Änderungsmeldung,Aristo Pharma GmbH,2026-09-23T20:53:05.521370,
DE,Germany,BfArM,Melperon Aristo 100 mg Filmtabletten,Melperonhydrochlorid,,,9491413,2138614,N05AD03,2024-03-27,2026-12-31,shortage,Produktionsproblem,Änderungsmeldung,Aristo Pharma GmbH,2026-09-23T20:53:05.521394,
DE,Germany,BfArM,Melperon Aristo 100 mg Filmtabletten,Melperonhydrochlorid,,,9491436,2138614,N05AD03,2024-03-27,2026-12-31,shortage,Produktionsproblem,Änderungsmeldung,Aristo Pharma GmbH,2026-09-23T20:53:05.521418,
DE,Germany,BfArM,Azur compositum,Codeinphosphat-Hemihydrat; Coffein; Paracetamol,,,6198931,2104773,N02AA59,2023-08-16,2026-12-30,shortage,Sonstige,Änderungsmeldung,Aristo Pharma GmbH,2026-09-23T20:53:05.521442,
DE,Germany,BfArM,Thevier 100,Levothyroxin-Natrium (Ph.Eur.),,,2062583,0080312,H03AA01,2024-11-01,2026-12-31,shortage,Sonstige,Erstmeldung,Aspen Pharma Trading Limited,2026-09-23T20:53:05.521467,
DE,Germany,BfArM,Thevier 50,Levothyroxin-Natrium (Ph.Eur.),,,2062560,0080298,H03AA01,2024-12-01,2026-12-31,shortage,Sonstige,Erstmeldung,Aspen Pharma Trading Limited,2026-09-23T20:53:05.521491,15784
DE,Germany,BfArM,"Emselex 7,5 mg Retardtabletten - OP49",Darifenacinhydrobromid,,,1754899,"2702586, 2702592",G04BD10,2025-06-24,2030-01-01,shortage,Sonstige,Erstmeldung,pharmaand GmbH,2026-09-23T20:53:05.521516,78212
DE,Germany,BfArM,"Emselex 7,5 mg Retardtabletten - OP49",Darifenacinhydrobromid,,,1755002,"2702586, 2702592",G04BD10,2025-06-24,2030-01-01,shortage,Sonstige,Erstmeldung,pharmaand GmbH,2026-09-23T20:53:05.521540,78212
DE,Germany,BfArM,Spasmolyt 10mg,Trospiumchlorid,,,969356,2139058,G04BD09,2025-06-11,2027-09-30,shortage,Sonstige,Erstmeldung,Viatris Healthcare GmbH,2026-09-23T20:53:05.521564,
DE,Germany,BfArM,Spasmolyt 10mg,Trospiumchlorid,,,969362,2139058,G04BD09,2025-06-11,2027-09-30,shortage,Sonstige,Erstmeldung,Viatris Healthcare GmbH,2026-09-23T20:53:05.521589,
DE,Germany,BfArM,Spasmolyt 10mg,Trospiumchlorid,,,969379,2139058,G04BD09,2025-06-11,2027-09-30,shortage,Sonstige,Erstmeldung,Viatris Healthcare GmbH,2026-09-23T20:53:05.521614,
DE,Germany,BfArM,"Accusol 35 Hämodialyse-, Hämodiafiltrations-, Hämofiltrationslösung",Calciumchlorid-Dihydrat; Magnesiumchlorid-Hexahydrat; Natriumchlorid; Natriumhydrogencarbonat,,,0,2164043,B05ZB,2025-04-01,2027-04-01,shortage,Sonstige,Erstmeldung,Nikkiso Belgium bv,2026-09-23T20:53:05.521639,
DE,Germany,BfArM,Novial,Desogestrel; Ethinylestradiol,,,1410823,2146695,G03AB05,2023-03-31,2026-12-31,shortage,Produktionsproblem,Änderungsmeldung,Aspen Pharma Trading Limited,2026-09-23T20:53:05.521664,
DE,Germany,BfArM,Novial,Desogestrel; Ethinylestradiol,,,1410846,2146695,G03AB05,2023-03-31,2026-12-31,shortage,Produktionsproblem,Änderungsmeldung,Aspen Pharma Trading Limited,2026-09-23T20:53:05.521688,
DE,Germany,BfArM,Novial,Desogestrel; Ethinylestradiol,,,2710869,2146695,G03AB05,2023-03-31,2026-12-31,shortage,Produktionsproblem,Änderungsmeldung,Aspen Pharma Trading Limited,2026-09-23T20:53:05.521712,
DE,Germany,BfArM,Calciumfolinat Medipolis 10 mg/ml Injektionslösung,Calciumfolinat-Hydrat,,,6107727,2177080,V03AF03,2022-12-01,2027-12-31,shortage,Sonstige,Änderungsmeldung,Medipolis Produktion GmbH & Co. KG,2026-09-23T20:53:05.521737,231053
DE,Germany,BfArM,Thyrotardin-inject.,Liothyronin-Natrium,,,4928443,2150885,H03AA02,2024-12-02,2027-02-01,shortage,Sonstige,Erstmeldung,Sanofi-Aventis Deutschland GmbH,2026-09-23T20:53:05.521762,111384
DE,Germany,BfArM,"Emselex 7,5 mg Retardtabletten - OP140(14x10)",Darifenacinhydrobromid,,,9569740,"2706149, 2706163",G04BD10,2024-11-04,2030-01-01,shortage,Sonstige,Erstmeldung,pharmaand GmbH,2026-09-23T20:53:05.521787,78212
DE,Germany,BfArM,Calciumfolinat EVER Pharma 10 mg/ml Injektionslösung,Calciumfolinat,,,16164229,2189553,V03AF03,2022-05-06,2028-09-15,shortage,Sonstige,Änderungsmeldung,EVER Valinject GmbH,2026-09-23T20:53:05.521811,231053
DE,Germany,BfArM,Sildeagil 100 mg Filmtabletten,Sildenafilcitrat,,,4077910,2178011,G04BE03,2024-01-22,2024-05-17,resolved,Sonstige,Erstmeldung,Mibe GmbH Arzneimittel,2026-09-23T20:53:05.521836,51098
DE,Germany,BfArM,Bendacitabin 38 mg/ml,Gemcitabinhydrochlorid,,,15193447,2171400,L01BC05,2023-12-04,2027-01-31,shortage,Produktionsproblem,Erstmeldung,BENDALIS GmbH,2026-09-23T20:53:05.521860,
DE,Germany,BfArM,Bendacitabin 38 mg/ml,Gemcitabinhydrochlorid,,,15193453,2171400,L01BC05,2023-12-04,2027-01-31,shortage,Produktionsproblem,Erstmeldung,BENDALIS GmbH,2026-09-23T20:53:05.521884,
DE,Germany,BfArM,Bendacitabin 38 mg/ml,Gemcitabinhydrochlorid,,,15193482,2171400,L01BC05,2023-12-04,2027-01-31,shortage,Produktionsproblem,Erstmeldung,BENDALIS GmbH,2026-09-23T20:53:05.521913,
DE,Germany,BfArM,Betoptima,Betaxololhydrochlorid,,,3204424,2105437,S01ED02,2022-12-20,2023-03-31,resolved,Produktionsproblem,Änderungsmeldung,Immedica Pharma AB,2026-09-23T20:53:05.521937,214582
