country_code,country_name,source,medicine_name,active_substance,strength,package_size,product_no,shortage_start,estimated_end,expected_period,status,reason,detail_url,published_date,scraped_at,atc_code,prk
DK,Denmark,LMST,"Combiflure 1,25+3 mg/ml øjendråber, opløsning","Fluorescein, oxybuprocain (fluoresceinnatrium, oxybuprocainhydrochlorid) ATC-kode: S01JA51 Forventet periode: Midt september - midt oktober 2026 Årsag: Produktionsproblemer Virksomhed: Santen Oy Spørgsmål om aktuel status skal stilles til virksomheden",,,,2026-09-23,2026-10-15,Midt september - midt oktober 2026,shortage,Produktionsproblemer,https://laegemiddelstyrelsen.dk/da/godkendelse/kontrol-og-inspektion/mangel-paa-medicin/meddelelser-om-forsyning-af-medicin/human-2026/combiflure-forsyningsvanskelighed/,2026-09-23T08:53:00Z,2026-09-23T20:54:00.191982,S01JA51,221139
DK,Denmark,LMST,"Fixaprost 50 mikrogram/ml+5 mg/ml øjendråber, opløsning, enkeltdosisbeholder","Latanoprost, timolol ATC-kode: S01ED51 Forventet periode: Midt september 2026 - ukendt Årsag: Leveringsvanskeligheder Virksomhed: 2care4 ApS Yderligere informationer: Mindre leveringer kan løbende forekomme Spørgsmål om aktuel status skal stilles til virksomheden",,,,2026-09-22,,Midt september 2026 - ukendt,shortage,Leveringsvanskeligheder,https://laegemiddelstyrelsen.dk/da/godkendelse/kontrol-og-inspektion/mangel-paa-medicin/meddelelser-om-forsyning-af-medicin/human-2026/fixaprost-forsyningsvanskelighed/,2026-09-22T11:57:00Z,2026-09-23T20:54:00.191994,S01ED51,212156
DK,Denmark,LMST,"Sylvant 100 mg pulver til koncentrat til infusionsvæske, opløsning",Siltuximab ATC-kode: L04AC11 Forventet periode: Slut oktober - midt november 2026 Årsag: Leveringsvanskeligheder Virksomhed: Recordati AB Spørgsmål om aktuel status skal stilles til virksomheden,,,,2026-09-22,2026-11-15,Slut oktober - midt november 2026,shortage,Leveringsvanskeligheder,https://laegemiddelstyrelsen.dk/da/godkendelse/kontrol-og-inspektion/mangel-paa-medicin/meddelelser-om-forsyning-af-medicin/human-2026/sylvant-forsyningsvanskelighed/,2026-09-22T11:44:00Z,2026-09-23T20:54:00.192000,L04AC11,117099
DK,Denmark,LMST,"Fixopost 50 mikrogram/ml+5 mg/ml øjendråber, opløsning, enkeltdosisbeholder (Epione Medicine ApS)","Latanoprost, timolol ATC-kode: S01ED51 Forventet periode: Midt september 2026 - ukendt Årsag: Leveringsvanskeligheder Virksomhed: Epione Medicine ApS Yderligere informationer: Del-levering i slut september",,,,2026-09-22,,Midt september 2026 - ukendt,shortage,Leveringsvanskeligheder,https://laegemiddelstyrelsen.dk/da/godkendelse/kontrol-og-inspektion/mangel-paa-medicin/meddelelser-om-forsyning-af-medicin/human-2026/fixopost-epione-medicine-aps-forsyningsvanskelighed/,2026-09-22T11:36:00Z,2026-09-23T20:54:00.192002,S01ED51,212156
DK,Denmark,LMST,"Fixopost 50 mikrogram/ml+5 mg/ml øjendråber, opløsning, enkeltdosisbeholder (Thea Nordic AB)","Latanoprost, timolol ATC-kode: S01ED51 Forventet periode: Slut september - start november 2026 Årsag: Produktionsproblemer Virksomhed: Thea Nordic AB Spørgsmål om aktuel status skal stilles til virksomheden",,,,2026-09-22,2026-11-05,Slut september - start november 2026,shortage,Produktionsproblemer,https://laegemiddelstyrelsen.dk/da/godkendelse/kontrol-og-inspektion/mangel-paa-medicin/meddelelser-om-forsyning-af-medicin/human-2026/fixopost-thea-nordic-ab-forsyningsvanskelighed/,2026-09-22T11:28:00Z,2026-09-23T20:54:00.192006,S01ED51,212156
DK,Denmark,LMST,"Voltaren 1 mg/ml øjendråber, opløsning ",Diclofenac (diclofenacnatrium) ATC-kode: S01BC03 Forventet periode: Start marts 2026 - ukendt Årsag: Leveringsvanskeligheder Virksomhed: 2care4 ApS Spørgsmål om aktuel status skal stilles til virksomheden,,,,2026-09-22,,Start marts 2026 - ukendt,shortage,Leveringsvanskeligheder,https://laegemiddelstyrelsen.dk/da/godkendelse/kontrol-og-inspektion/mangel-paa-medicin/meddelelser-om-forsyning-af-medicin/human-2026/voltaren-1-mgml-oejendraaber-forsyningsvanskelighed/,2026-09-22T08:01:00Z,2026-09-23T20:54:00.192008,S01BC03,
DK,Denmark,LMST,OxyNorm Dispersa 5 mg smeltetabletter,Oxycodon (oxycodonhydrochlorid) ATC-kode: N02AA05 Forventet periode: Slut september - start oktober 2026 Årsag: Øget salg/efterspørgsel Virksomhed: Mundipharma A/S Spørgsmål om aktuel status skal stilles til virksomheden,,,,2026-09-21,2026-10-05,Slut september - start oktober 2026,shortage,Øget salg/efterspørgsel ,https://laegemiddelstyrelsen.dk/da/godkendelse/kontrol-og-inspektion/mangel-paa-medicin/meddelelser-om-forsyning-af-medicin/human-2026/oxynorm-dispersa-5-mg-smeltetabletter-forsyningsvanskelighed/,2026-09-21T14:37:00Z,2026-09-23T20:54:00.192011,N02AA05,94374
DK,Denmark,LMST,Avipro IBD V217 lyofilisat til anvendelse i drikkevand,"Infektiøs bursal disease virus, stamme V217 (levende) ATC-kode: QI01AD09 Forventet periode: Midt september - slut oktober 2026 Årsag: Øget salg/efterspørgsel Virksomhed: Elanco Denmark ApS Spørgsmål om aktuel status skal stilles til virksomheden",,,,2026-09-21,2026-10-25,Midt september - slut oktober 2026,shortage,Øget salg/efterspørgsel,https://laegemiddelstyrelsen.dk/da/godkendelse/kontrol-og-inspektion/mangel-paa-medicin/meddelelser-om-forsyning-af-medicin/veterinaer-2026/avipro-ibd-v217-forsyningsvanskelighed/,2026-09-21T08:53:00Z,2026-09-23T20:54:00.192014,QI01AD09,
DK,Denmark,LMST,NexoBrid 5 g pulver og gel til gel,"Bromelainer (proteolytiske enzymer, fra Ananas comosus, oprenset i bromelain) ATC-kode: D03BA03 Forventet periode: Start september 2026 - slut juni 2027 Årsag: Øget salg/efterspørgsel Virksomhed: MediWound Germany GmbH Spørgsmål om aktuel status skal stilles til virksomheden",,,,2026-09-21,2027-06-25,Start september 2026 - slut juni 2027,shortage,Øget salg/efterspørgsel,https://laegemiddelstyrelsen.dk/da/godkendelse/kontrol-og-inspektion/mangel-paa-medicin/meddelelser-om-forsyning-af-medicin/human-2026/nexobrid-forsyningsvanskelighed/,2026-09-21T08:39:00Z,2026-09-23T20:54:00.192016,D03BA03,218758
DK,Denmark,LMST,"Loratadin ""Teva"" 10 mg tabletter",Loratadin ATC-kode: R06AX13 Forventet periode: Start september - start november 2026 Årsag: Øget salg/efterspørgsel Virksomhed: Teva Denmark A/S Spørgsmål om aktuel status skal stilles til virksomheden,,,,2026-09-18,2026-11-05,Start september - start november 2026,shortage,Øget salg/efterspørgsel,https://laegemiddelstyrelsen.dk/da/godkendelse/kontrol-og-inspektion/mangel-paa-medicin/meddelelser-om-forsyning-af-medicin/human-2026/loratadin-teva-forsyningsvanskelighed/,2026-09-18T13:00:00Z,2026-09-23T20:54:00.192019,R06AX13,27367
DK,Denmark,LMST,Mildin 10 mg tabletter ,Loratadin ATC-kode: R06AX13 Forventet periode: Midt september 2026 - start januar 2027 Årsag: Kommercielle årsager Virksomhed: Orifarm Generics A/S Spørgsmål om aktuel status skal stilles til virksomheden,,,,2026-09-18,2027-01-05,Midt september 2026 - start januar 2027 ,shortage,Kommercielle årsager,https://laegemiddelstyrelsen.dk/da/godkendelse/kontrol-og-inspektion/mangel-paa-medicin/meddelelser-om-forsyning-af-medicin/human-2026/mildin-forsyningsvanskelighed/,2026-09-18T12:51:00Z,2026-09-23T20:54:00.192022,R06AX13,
DK,Denmark,LMST,Nizoral 1% shampoo,Ketoconazol ATC-kode: D01AC08 Forventet periode: Start juli 2026 - start marts 2027 Årsag: Produktionsproblemer Virksomhed: STADA Nordic ApS Spørgsmål om aktuel status skal stilles til virksomheden,,,,2026-09-17,2027-03-05,Start juli 2026 - start marts 2027,shortage,Produktionsproblemer,https://laegemiddelstyrelsen.dk/da/godkendelse/kontrol-og-inspektion/mangel-paa-medicin/meddelelser-om-forsyning-af-medicin/human-2026/nizoral-1-shampoo-forsyningsvanskelighed/,2026-09-17T13:21:00Z,2026-09-23T20:54:00.192024,D01AC08,
DK,Denmark,LMST,"Purevax RCP lyofilisat og solvens til injektionsvæske, suspension, 50 x 1 dosis (0,5 ml)","Felin panleukopeni virus, stamme PLI IV (levende, svækket), Felin rhinotracheitis herpesvirus, stamme FHV F2 (svækket), Feline calicivirose antigener, stamme FCV 431 og G1 (inaktiveret) ATC-kode: QI06AH09 Forventet periode: Midt september - slut november 2026 Årsag: Produktionsproblemer Virksomhed: Boehringer Ingelheim Animal Health Nordics A/S Spørgsmål om aktuel status skal stilles til virksomheden Gå til Lægemiddelstyrelsens Meddelelser om forsyning af medicin Lægemiddelstyrelsen Axel Heides Gade 1 2300 København S Email: dkma@dkma",,,,2026-09-17,2026-11-25,Midt september - slut november 2026,shortage,Produktionsproblemer,"https://laegemiddelstyrelsen.dk/da/godkendelse/kontrol-og-inspektion/mangel-paa-medicin/meddelelser-om-forsyning-af-medicin/veterinaer-2026/purevax-rcp,-50-x-1-dosis-0,5-ml-forsyningsvanskelighed/",2026-09-17T09:26:00Z,2026-09-23T20:54:00.192027,QI06AH09,
DK,Denmark,LMST,"Purevax RC lyofilisat og solvens til injektionsvæske, suspension","Felin rhinotracheitis herpesvirus stamme FHV F2 (svækket), feline calicivirose antigener stamme FCV 431 og G1 (inaktiveret) ATC-kode: QI06AH08 Forventet periode: Midt september - slut september 2026 Årsag: Produktionsproblemer Virksomhed: Boehringer Ingelheim Animal Health Nordics A/S Spørgsmål om aktuel status skal stilles til virksomheden",,,,2026-09-17,2026-09-25,Midt september - slut september 2026,shortage,Produktionsproblemer,"https://laegemiddelstyrelsen.dk/da/godkendelse/kontrol-og-inspektion/mangel-paa-medicin/meddelelser-om-forsyning-af-medicin/veterinaer-2026/purevax-rc-lyofilisat-og-solvens-til-injektionsvaeske,-suspension-forsyningsvanskelighed/",2026-09-17T09:17:00Z,2026-09-23T20:54:00.192030,QI06AH08,
DK,Denmark,LMST,Pinex comp 500+30 mg filmovertrukne tabletter,"Codein, paracetamol (codeinphosphathemihydrat, paracetamol) ATC-kode: N02AJ06 Forventet periode: Start november - start december 2026 Årsag: Produktionsproblemer Virksomhed: Teva Denmark A/S Spørgsmål om aktuel status skal stilles til virksomheden",,,,2026-09-17,2026-12-05,Start november - start december 2026,shortage,Produktionsproblemer,https://laegemiddelstyrelsen.dk/da/godkendelse/kontrol-og-inspektion/mangel-paa-medicin/meddelelser-om-forsyning-af-medicin/human-2026/pinex-comp-forsyningsvanskelighed/,2026-09-17T09:13:00Z,2026-09-23T20:54:00.192032,N02AJ06,
DK,Denmark,LMST,Tegretol 20 mg/ml oral suspension,Carbamazepin ATC-kode: N03AF01 Forventet periode: Midt oktober - slut oktober 2026 Årsag: Produktionsproblemer Virksomhed: Novartis Healthcare A/S Spørgsmål om aktuel status skal stilles til virksomheden,,,,2026-09-16,2026-10-25,Midt oktober - slut oktober 2026,shortage,Produktionsproblemer,https://laegemiddelstyrelsen.dk/da/godkendelse/kontrol-og-inspektion/mangel-paa-medicin/meddelelser-om-forsyning-af-medicin/human-2026/tegretol-20-mgml-forsyningsvanskelighed/,2026-09-16T08:39:00Z,2026-09-23T20:54:00.192035,N03AF01,515
DK,Denmark,LMST,"STELFONTA 1 mg/ml injektionsvæske, opløsning",Tigilanoltiglat ATC-kode: QL01XX91 Forventet periode: Oktober 2026 - ukendt Årsag: Leveringsvanskeligheder Virksomhed: Virbac Danmark A/S Spørgsmål om aktuel status skal stilles til virksomheden,,,,2026-09-14,,Oktober 2026 - ukendt,shortage,Leveringsvanskeligheder,https://laegemiddelstyrelsen.dk/da/godkendelse/kontrol-og-inspektion/mangel-paa-medicin/meddelelser-om-forsyning-af-medicin/veterinaer-2026/stelfonta-forsyningsvanskelighed/,2026-09-14T08:32:00Z,2026-09-23T20:54:00.192036,QL01XX91,
DK,Denmark,LMST,"Anatera 100 mg/ml injektionsvæske, opløsning",Fluorescein (Fluoresceinnatrium) ATC-kode: S01JA01 Forventet periode: Slut august - midt september 2026 Årsag: Kvalitetsproblemer Virksomhed: Alcon Nordic A/S Spørgsmål om aktuel status skal stilles til virksomheden,,,,2026-09-11,2026-09-15,Slut august - midt september 2026,shortage,Kvalitetsproblemer,https://laegemiddelstyrelsen.dk/da/godkendelse/kontrol-og-inspektion/mangel-paa-medicin/meddelelser-om-forsyning-af-medicin/human-2026/anatera-forsyningsvanskelighed/,2026-09-11T13:11:00Z,2026-09-23T20:54:00.192038,S01JA01,26263
DK,Denmark,LMST,"Tylan Vet. 1 g/g pulver, vandopløseligt",Tylosin (tylosintartrat) ATC-kode: QJ01FA90 Forventet periode: Start september 2026 - slut april 2027 Årsag: Øget salg/efterspørgsel Virksomhed: Elanco Denmark ApS Spørgsmål om aktuel status skal stilles til virksomheden,,,,2026-09-11,2027-04-25,Start september 2026 - slut april 2027,shortage,Øget salg/efterspørgsel,https://laegemiddelstyrelsen.dk/da/godkendelse/kontrol-og-inspektion/mangel-paa-medicin/meddelelser-om-forsyning-af-medicin/veterinaer-2026/tylan-vet-1-gg-forsyningsvanskelighed/,2026-09-11T10:39:00Z,2026-09-23T20:54:00.192041,QJ01FA90,
DK,Denmark,LMST,Spedra 200 mg tabletter,Avanafil ATC-kode: G04BE10 Forventet periode: Slut august 2026 - januar 2027 Årsag: Leveringsvanskeligheder Virksomhed: Phoenix Labs Spørgsmål om aktuel status skal stilles til virksomheden,,,,2026-09-10,2027-01-25,Slut august 2026 - januar 2027,shortage,Leveringsvanskeligheder,https://laegemiddelstyrelsen.dk/da/godkendelse/kontrol-og-inspektion/mangel-paa-medicin/meddelelser-om-forsyning-af-medicin/human-2026/spedra-200-mg-forsyningsvanskelighed/,2026-09-10T09:18:00Z,2026-09-23T20:54:00.192043,G04BE10,115169
DK,Denmark,LMST,Spedra 100 mg tabletter,Avanafil ATC-kode: G04BE10 Forventet periode: Start juli 2026 - januar 2027 Årsag: Leveringsvanskeligheder Virksomhed: Phoenix Labs Spørgsmål om aktuel status skal stilles til virksomheden,,,,2026-09-10,2027-01-25,Start juli 2026 - januar 2027,shortage,Leveringsvanskeligheder,https://laegemiddelstyrelsen.dk/da/godkendelse/kontrol-og-inspektion/mangel-paa-medicin/meddelelser-om-forsyning-af-medicin/human-2026/spedra-100-mg-forsyningsvanskelighed/,2026-09-10T09:17:00Z,2026-09-23T20:54:00.192045,G04BE10,115150
DK,Denmark,LMST,Spedra 50 mg tabletter,Avanafil ATC-kode: G04BE10 Forventet periode: Slut august 2026 - januar 2027 Årsag: Leveringsvanskeligheder Virksomhed: Phoenix Labs Spørgsmål om aktuel status skal stilles til virksomheden,,,,2026-09-10,2027-01-25,Slut august 2026 - januar 2027,shortage,Leveringsvanskeligheder,https://laegemiddelstyrelsen.dk/da/godkendelse/kontrol-og-inspektion/mangel-paa-medicin/meddelelser-om-forsyning-af-medicin/human-2026/spedra-50-mg-forsyningsvanskelighed/,2026-09-10T09:15:00Z,2026-09-23T20:54:00.192047,G04BE10,115142
DK,Denmark,LMST,"Purevax FeLV injektionsvæske, suspension","Felin leukæmivirus A, canarypox virus vCP97 ATC-kode: QI06AD07 Forventet periode: Slut august - midt september 2026 Årsag: Produktionsproblemer Virksomhed: Boehringer Ingelheim Animal Health Nordics A/S Spørgsmål om aktuel status skal stilles til virksomheden",,,,2026-09-08,2026-09-15,Slut august - midt september 2026,shortage,Produktionsproblemer,https://laegemiddelstyrelsen.dk/da/godkendelse/kontrol-og-inspektion/mangel-paa-medicin/meddelelser-om-forsyning-af-medicin/veterinaer-2026/purevax-felv-forsyningsvanskelighed/,2026-09-08T14:28:00Z,2026-09-23T20:54:00.192050,QI06AD07,
DK,Denmark,LMST,"Frivelle 1,5 mg tabletter",Levonorgestrel ATC-kode: G03AD01 Forventet periode: Start september - start oktober 2026 Årsag: Øget salg/efterspørgsel Virksomhed: Orifarm Generics A/S Spørgsmål om aktuel status skal stilles til virksomheden,,,,2026-09-08,2026-10-05,Start september - start oktober 2026,shortage,Øget salg/efterspørgsel,https://laegemiddelstyrelsen.dk/da/godkendelse/kontrol-og-inspektion/mangel-paa-medicin/meddelelser-om-forsyning-af-medicin/human-2026/frivelle-forsyningsvanskelighed/,2026-09-08T10:17:00Z,2026-09-23T20:54:00.192052,G03AD01,78921
DK,Denmark,LMST,"Refixia 3000 IE pulver og solvens til injektionsvæske, opløsning",Nonacog betapegol ATC-kode: B02BD04 Forventet periode: Fra start juli 2026 - ukendt Årsag: Produktionsproblemer Virksomhed: Novo Nordisk A/S Spørgsmål om aktuel status skal stilles til virksomheden,,,,2026-09-04,,Fra start juli 2026 - ukendt,shortage,Produktionsproblemer,https://laegemiddelstyrelsen.dk/da/godkendelse/kontrol-og-inspektion/mangel-paa-medicin/meddelelser-om-forsyning-af-medicin/human-2026/refixia-3000-ie-forsyningsvanskelighed/,2026-09-04T14:22:00Z,2026-09-23T20:54:00.192053,B02BD04,
DK,Denmark,LMST,"Ryzodeg 100 Flextouch 100 E/ml injektionsvæske, opløsning i fyldt pen","Insulin aspart, insulin degludec ATC-kode: A10AD06 Forventet periode: Slut november 2025 - start november 2026 Årsag: Kommercielle årsager Virksomhed: Novo Nordisk A/S Yderligere information: Der er ikke permanent markedsophør alligevel Spørgsmål om aktuel status skal stilles til virksomheden",,,,2026-09-04,2026-11-05,Slut november 2025 - start november 2026,shortage,Kommercielle årsager,https://laegemiddelstyrelsen.dk/da/godkendelse/kontrol-og-inspektion/mangel-paa-medicin/meddelelser-om-forsyning-af-medicin/human-2025/ryzodeg-100-flextouch-forsyningsvanskelighed/,2026-09-04T12:24:00Z,2026-09-23T20:54:00.192056,A10AD06,135518
DK,Denmark,LMST,Pinex 1000 mg suppositorier,"Paracetamol ATC-kode: N02BE01 Forventet periode: Start maj - start oktober 2026 Årsag: Leveringsvanskeligheder Virksomhed: Teva Denmark A/S Yderligere information: Udenlandske pakninger kan ordineres og udleveres efter lægemiddellovens § 29, stk",,,,2026-09-04,2026-10-05,Start maj - start oktober 2026,shortage,Leveringsvanskeligheder,https://laegemiddelstyrelsen.dk/da/godkendelse/kontrol-og-inspektion/mangel-paa-medicin/meddelelser-om-forsyning-af-medicin/human-2026/pinex-1000-mg-forsyningsvanskelighed/,2026-09-04T09:57:00Z,2026-09-23T20:54:00.192058,N02BE01,18996
DK,Denmark,LMST,Pinex 500 mg suppositorier,"Paracetamol ATC-kode: N02BE01 Forventet periode: Start august - start oktober 2026 Årsag: Leveringsvanskeligheder Virksomhed: Teva Denmark A/S Yderligere information: Udenlandske pakninger kan ordineres og udleveres efter lægemiddellovens § 29, stk",,,,2026-09-04,2026-10-05,Start august - start oktober 2026,shortage,Leveringsvanskeligheder,https://laegemiddelstyrelsen.dk/da/godkendelse/kontrol-og-inspektion/mangel-paa-medicin/meddelelser-om-forsyning-af-medicin/human-2026/pinex-500-mg-suppositorier-forsyningsvanskelighed/,2026-09-04T09:50:00Z,2026-09-23T20:54:00.192061,N02BE01,19720
DK,Denmark,LMST,"Denagard Vet. 200 mg/ml injektionsvæske, opløsning",Tiamulin ATC-kode: QJ01XQ01 Forventet periode: Start september - midt oktober 2026 Årsag: Øget salg/efterspørgsel Virksomhed: Elanco Denmark ApS Spørgsmål om aktuel status skal stilles til virksomheden,,,,2026-09-02,2026-10-15,Start september - midt oktober 2026,shortage,Øget salg/efterspørgsel,https://laegemiddelstyrelsen.dk/da/godkendelse/kontrol-og-inspektion/mangel-paa-medicin/meddelelser-om-forsyning-af-medicin/veterinaer-2026/denagard-vet-200-mgml-forsyningsvanskelighed/,2026-09-02T14:18:00Z,2026-09-23T20:54:00.192063,QJ01XQ01,
DK,Denmark,LMST,"Pneumovax injektionsvæske, opløsning i fyldt injektionssprøjte (MSD Danmark ApS)","Pneumokok polysaccharid serotype 1, 10A, 11A, 12F, 14, 15B, 17F, 18C, 19A, 19F, 2, 20, 22F, 23F, 3, 33F, 4, 5, 7F, 8, 9N og 9V ATC-kode: J07AL01 Forventet periode: Fra slut august 2026 Årsag: Kommercielle årsager Virksomhed: MSD Danmark ApS Yderligere information: Permanent markedsophør",,,,2026-09-02,,Fra slut august 2026,shortage,Kommercielle årsager,https://laegemiddelstyrelsen.dk/da/godkendelse/kontrol-og-inspektion/mangel-paa-medicin/meddelelser-om-forsyning-af-medicin/human-2026/pneumovax-msd-danmark-aps-forsyningsvanskelighed/,2026-09-02T14:04:00Z,2026-09-23T20:54:00.192064,J07AL01,
DK,Denmark,LMST,Salazopyrin Entabs 500 mg enterotabletter,Sulfasalazin ATC-kode: A07EC01 Forventet periode: Slut oktober - start november 2026 Årsag: Øget salg/efterspørgsel Virksomhed: Pfizer ApS Spørgsmål om aktuel status skal stilles til virksomheden,,,,2026-09-01,2026-11-05,Slut oktober - start november 2026,shortage,Øget salg/efterspørgsel,https://laegemiddelstyrelsen.dk/da/godkendelse/kontrol-og-inspektion/mangel-paa-medicin/meddelelser-om-forsyning-af-medicin/human-2026/salazopyrin-entabs-forsyningsvanskelighed/,2026-09-01T13:56:00Z,2026-09-23T20:54:00.192067,A07EC01,7137
DK,Denmark,LMST,Dalacin 10 mg/ml kutanemulsion (Pfizer),Clindamycin (clindamycinphosphat) ATC-kode: D10AF01 Forventet periode: Slut april - slut september 2026 Årsag: Øget salg/efterspørgsel Virksomhed: Pfizer ApS Spørgsmål om aktuel status skal stilles til virksomheden,,,,2026-09-01,2026-09-25,Slut april - slut september 2026,shortage,Øget salg/efterspørgsel,https://laegemiddelstyrelsen.dk/da/godkendelse/kontrol-og-inspektion/mangel-paa-medicin/meddelelser-om-forsyning-af-medicin/human-2026/dalacin-10-mgml-kutanemulsion-pfizer-forsyningsvanskelighed/,2026-09-01T10:04:00Z,2026-09-23T20:54:00.192070,D10AF01,19666
DK,Denmark,LMST,"Adenocor 3 mg/ml injektionsvæske, opløsning",Adenosin ATC-kode: C01EB10 Forventet periode: Fra slut oktober 2025 Årsag: Produktionsproblemer Virksomhed: Sanofi A/S Yderligere information: Permanent markedsophør Spørgsmål om aktuel status skal stilles til virksomheden,,,,2026-08-31,,Fra slut oktober 2025,shortage,Produktionsproblemer,https://laegemiddelstyrelsen.dk/da/godkendelse/kontrol-og-inspektion/mangel-paa-medicin/meddelelser-om-forsyning-af-medicin/human-2025/adenocor-forsyningsvanskelighed/,2026-08-31T11:16:00Z,2026-09-23T20:54:00.192071,C01EB10,39292
DK,Denmark,LMST,"Verquvo 2,5 mg filmovertrukne tabletter",Vericiguat ATC-kode: C01DX22 Forventet periode: Slut september 2026 - midt januar 2027 Årsag: Kommercielle årsager Virksomhed: Bayer A/S Spørgsmål om aktuel status skal stilles til virksomheden,,,,2026-08-29,2027-01-15,Slut september 2026 - midt januar 2027,shortage,Kommercielle årsager,"https://laegemiddelstyrelsen.dk/da/godkendelse/kontrol-og-inspektion/mangel-paa-medicin/meddelelser-om-forsyning-af-medicin/human-2026/verquvo-2,5-mg-forsyningsvanskelighed/",2026-08-29T15:24:00Z,2026-09-23T20:54:00.192073,C01DX22,223476
DK,Denmark,LMST,"Ogivri 150 mg pulver til koncentrat til infusionsvæske, opløsning",Trastuzumab ATC-kode: L01FD01 Forventet periode: Slut juni - slut september 2026 Årsag: Leveringsvanskeligheder Virksomhed: Biocon Biologics Finland OY Spørgsmål om aktuel status skal stilles til virksomheden,,,,2026-08-28,2026-09-25,Slut juni - slut september 2026,shortage,Leveringsvanskeligheder,https://laegemiddelstyrelsen.dk/da/godkendelse/kontrol-og-inspektion/mangel-paa-medicin/meddelelser-om-forsyning-af-medicin/human-2026/ogivri-150-mg-forsyningsvanskelighed/,2026-08-28T11:17:00Z,2026-09-23T20:54:00.192075,L01FD01,57991
DK,Denmark,LMST,"Fluorescein Paranova 100 mg/ml injektionsvæske, opløsning",Fluorescein (Fluoresceinnatrium) ATC-kode: S01JA01 Forventet periode: Start august 2026 - ukendt Årsag: Leveringsvanskeligheder Virksomhed: Paranova Danmark A/S Spørgsmål om aktuel status skal stilles til virksomheden,,,,2026-08-26,,Start august 2026 - ukendt,shortage,Leveringsvanskeligheder,https://laegemiddelstyrelsen.dk/da/godkendelse/kontrol-og-inspektion/mangel-paa-medicin/meddelelser-om-forsyning-af-medicin/human-2026/fluorescein-paranova-forsyningsvanskelighed/,2026-08-26T13:55:00Z,2026-09-23T20:54:00.192077,S01JA01,26263
DK,Denmark,LMST,"Certican 0,25 mg tabletter",Evorolimus ATC-kode: L04AH02 Forventet periode: Slut august - midt oktober 2026 Årsag: Øget salg/efterspørgsel Virksomhed: Novartis Healthcare A/S Spørgsmål om aktuel status skal stilles til virksomheden,,,,2026-08-26,2026-10-15,Slut august - midt oktober 2026,shortage,Øget salg/efterspørgsel,"https://laegemiddelstyrelsen.dk/da/godkendelse/kontrol-og-inspektion/mangel-paa-medicin/meddelelser-om-forsyning-af-medicin/human-2026/certican-0,25-mg-tabletter-forsyningsvanskelighed/",2026-08-26T09:33:00Z,2026-09-23T20:54:00.192080,L04AH02,75086
DK,Denmark,LMST,"Tizanidin ""Paranova"" 2 mg tabletter",Tizanidin (tizanidinhydrochlorid) ATC-kode: M03BX02 Forventet periode: Start september 2025 -  slut januar 2026 Årsag: Leveringsvanskeligheder Virksomhed: Paranova Danmark A/S Spørgsmål om aktuel status skal stilles til virksomheden,,,,2026-08-26,2026-09-25,Slut februar - slut september 2026,shortage,Leveringsvanskeligheder,https://laegemiddelstyrelsen.dk/da/godkendelse/kontrol-og-inspektion/mangel-paa-medicin/meddelelser-om-forsyning-af-medicin/human-2026/tizanidin-paranova-2-mg-forsyningsvanskelighed/,2026-08-26T08:00:00Z,2026-09-23T20:54:00.192082,M03BX02,22993
DK,Denmark,LMST,"Midaquin Vet. 5 mg/ml injektionsvæske, opløsning",Midazolam ATC-kode: QN05CD08 Forventet periode: Midt februar 2026 - ukendt Årsag: Produktionsproblemer Virksomhed: Dechra Veterinary Products A/S Yderligere information: Det er muligt at søge om udleveringstilladelse Spørgsmål om aktuel status skal stilles til virksomheden,,,,2026-08-26,,Midt februar 2026 - ukendt,shortage,Produktionsproblemer,https://laegemiddelstyrelsen.dk/da/godkendelse/kontrol-og-inspektion/mangel-paa-medicin/meddelelser-om-forsyning-af-medicin/veterinaer-2026/midaquin-vet-forsyningsvanskeligheder/,2026-08-26T06:54:00Z,2026-09-23T20:54:00.192083,QN05CD08,
DK,Denmark,LMST,Equibactin Vet. 333 mg/g+67 mg /g oral pasta,Sulfadiazin + trimethoprim ATC-kode: QJ01EW10 Forventet periode: Slut marts 2026 - ukendt Årsag: Produktionsproblemer Virksomhed: Dechra Veterinary Products A/S Spørgsmål om aktuel status skal stilles til virksomheden,,,,2026-08-26,,Slut marts 2026 - ukendt,shortage,Produktionsproblemer,https://laegemiddelstyrelsen.dk/da/godkendelse/kontrol-og-inspektion/mangel-paa-medicin/meddelelser-om-forsyning-af-medicin/veterinaer-2026/equibactin-vet-forsyningsvanskelighed/,2026-08-26T06:47:00Z,2026-09-23T20:54:00.192084,QJ01EW10,
DK,Denmark,LMST,"Genta-Equine 100 mg/ml injektionsvæske, opløsning",Gentamicin (gentamicinsulfat) ATC-kode: QJ01GB03 Forventet periode: Start juni 2025 – ukendt Årsag: Produktionsproblemer Virksomhed: Dechra Veterinary Products A/S Yderligere information: Det er muligt at søge om udleveringstilladelse Spørgsmål om aktuel status skal stilles til virksomheden,,,,2026-08-25,,Start juni 2025 – ukendt,shortage,Produktionsproblemer,https://laegemiddelstyrelsen.dk/da/godkendelse/kontrol-og-inspektion/mangel-paa-medicin/meddelelser-om-forsyning-af-medicin/veterinaer-2025/genta-equine-forsyningsvanskelighed/,2026-08-25T13:49:00Z,2026-09-23T20:54:00.192087,QJ01GB03,
DK,Denmark,LMST,"Salamol 100 mikrogram/dosis inhalationsspray, suspension",Salbutamol (salbutamolsulfat) ATC-kode: R03AC02 Forventet periode: Midt juni 2025 - slut november 2026 Årsag: Øget salg/efterspørgsel Virksomhed: Teva Denmark A/S Spørgsmål om aktuel status skal stilles til virksomheden,,,,2026-08-25,2026-11-25,Midt juni 2025 - slut november 2026,shortage,Øget salg/efterspørgsel ,https://laegemiddelstyrelsen.dk/da/godkendelse/kontrol-og-inspektion/mangel-paa-medicin/meddelelser-om-forsyning-af-medicin/human-2025/salamol-forsyningsvanskelighed/,2026-08-25T13:36:00Z,2026-09-23T20:54:00.192089,R03AC02,43281
DK,Denmark,LMST,"Levemir Penfill 100 E/ml injektionsvæske, opløsning i cylinderampul",Insulin detemir ATC-kode: A10AE05 Forventet periode: Fra midt oktober 2026 Årsag: Kommercielle årsager Virksomhed: Novo Nordisk A/S Yderligere information: Permanent markedsophør Spørgsmål om aktuel status skal stilles til virksomheden,,,,2026-08-25,,Fra midt oktober 2026,shortage,Kommercielle årsager,https://laegemiddelstyrelsen.dk/da/godkendelse/kontrol-og-inspektion/mangel-paa-medicin/meddelelser-om-forsyning-af-medicin/human-2026/levemir-penfill-forsyningsvanskelighed/,2026-08-25T13:32:00Z,2026-09-23T20:54:00.192091,A10AE05,75159
DK,Denmark,LMST,"Levemir FlexPen 100 E/ml injektionsvæske, opløsning i fyldt pen",Insulin detemir ATC-kode: A10AE05 Forventet periode: Fra midt oktober 2026 Årsag: Kommercielle årsager Virksomhed: Novo Nordisk A/S Yderligere information: Permanent markedsophør Spørgsmål om aktuel status skal stilles til virksomheden,,,,2026-08-25,,Fra midt oktober 2026,shortage,Kommercielle årsager,https://laegemiddelstyrelsen.dk/da/godkendelse/kontrol-og-inspektion/mangel-paa-medicin/meddelelser-om-forsyning-af-medicin/human-2026/levemir-flexpen-forsyningsvanskelighed/,2026-08-25T13:32:00Z,2026-09-23T20:54:00.192092,A10AE05,106976
DK,Denmark,LMST,"Osmohale inhalationspulver, hård kapsel",Mannitol ATC-kode: V04CX04 Forventet periode: Start september 2025 - start november 2026 Årsag: Produktionsproblemer Virksomhed: Pharmaxis Europe Limited Yderligere information: Det er muligt at søge om udleveringstilladelse Spørgsmål om aktuel status skal stilles til virksomheden,,,,2026-08-25,2026-11-05,Start september 2025 - start november 2026 ,shortage,Produktionsproblemer,"https://laegemiddelstyrelsen.dk/da/godkendelse/kontrol-og-inspektion/mangel-paa-medicin/meddelelser-om-forsyning-af-medicin/human-2025/osmohale-inhalationspulver,-haard-kapsel-forsyningsvanskelighed/",2026-08-25T12:24:00Z,2026-09-23T20:54:00.192094,V04CX04,
DK,Denmark,LMST,Finadyne Vet. 50 mg/g oral pasta,Flunixin ATC-kode: QM01AG90 Forventet periode: Midt august - midt oktober 2026 Årsag: Produktionsproblemer Virksomhed: MSD Animal Health A/S Spørgsmål om aktuel status skal stilles til virksomheden,,,,2026-08-24,2026-10-15,Midt august - midt oktober 2026,shortage,Produktionsproblemer,https://laegemiddelstyrelsen.dk/da/godkendelse/kontrol-og-inspektion/mangel-paa-medicin/meddelelser-om-forsyning-af-medicin/veterinaer-2026/finadyne-vet-oral-pasta-forsyningsvanskelighed/,2026-08-24T12:09:00Z,2026-09-23T20:54:00.192096,QM01AG90,
DK,Denmark,LMST,"Isathal 1 % øjendråber, suspension",Fusidinsyre ATC-kode: QS01AA13 Forventet periode: Start april 2024 - ukendt Årsag: Produktionsproblemer Virksomhed: Dechra Veterinary Products A/S Yderligere information: Det er muligt at søge om udleveringstilladelse Spørgsmål om aktuel status skal stilles til virksomheden,,,,2026-08-24,,Start april 2024 - ukendt,shortage,Produktionsproblemer,https://laegemiddelstyrelsen.dk/da/godkendelse/kontrol-og-inspektion/mangel-paa-medicin/meddelelser-om-forsyning-af-medicin/veterinaer-2024/isathal-forsyningsvanskelighed/,2026-08-24T11:55:00Z,2026-09-23T20:54:00.192098,QS01AA13,
DK,Denmark,LMST,"Myodine Vet. 25 mg/ml injektionsvæske, opløsning",Nandrolon (nandrolonlaurat) ATC-kode: QA14AB01 Forventet periode: Slut oktober 2025 - ukendt Årsag: Produktionsproblemer Virksomhed: Dechra Veterinary Products A/S Spørgsmål om aktuel status skal stilles til virksomheden,,,,2026-08-24,,Slut oktober 2025 - ukendt,shortage,Produktionsproblemer,https://laegemiddelstyrelsen.dk/da/godkendelse/kontrol-og-inspektion/mangel-paa-medicin/meddelelser-om-forsyning-af-medicin/veterinaer-2025/myodine-vet-25-mgml-injektionsvaeske-forsyningsvanskelighed/,2026-08-24T11:51:00Z,2026-09-23T20:54:00.192099,QA14AB01,
DK,Denmark,LMST,Ophtaclin Vet. 10 mg/g øjensalve,Chlortetracyclin ATC-kode: QS01AA02 Forventet periode: Midt marts 2025 - ukendt Årsag: Produktionsproblemer Virksomhed: Dechra Veterinary Products A/S Yderligere information: Det er muligt at søge om udleveringstilladelse Spørgsmål om aktuel status skal stilles til virksomheden,,,,2026-08-24,,Midt marts 2025 - ukendt,shortage,Produktionsproblemer,https://laegemiddelstyrelsen.dk/da/godkendelse/kontrol-og-inspektion/mangel-paa-medicin/meddelelser-om-forsyning-af-medicin/veterinaer-2025/ophtaclin-vet-forsyningsvanskelighed/,2026-08-24T11:51:00Z,2026-09-23T20:54:00.192100,QS01AA02,
DK,Denmark,LMST,"Nobilis IBmulti-ND-EDS injektionsvæske, emulsion","Aviær infektiøs bronkitisvirus stamme M41, Aviær infektiøs bronkitisvirus stamme 249G, Egg drop syndrome virus stamme BC14 og Newcastle disease virus stamme Clone 30 ATC-kode: QI01AA13 Forventet periode: Start august 2026 - ukendt Årsag: Produktionsproblemer Virksomhed: MSD Animal Health A/S Spørgsmål om aktuel status skal stilles til virksomheden",,,,2026-08-24,,Start august 2026 - ukendt,shortage,Produktionsproblemer,https://laegemiddelstyrelsen.dk/da/godkendelse/kontrol-og-inspektion/mangel-paa-medicin/meddelelser-om-forsyning-af-medicin/veterinaer-2026/nobilis-ibmulti-nd-eds-forsyningsvanskelighed/,2026-08-24T10:33:00Z,2026-09-23T20:54:00.192101,QI01AA13,
DK,Denmark,LMST,Cefagold Vet. 300 mg intramammær suspension,Cefapirin (benzathincefapirin) ATC-kode: QJ51DB08 Forventet periode: Slut juli - midt september 2026 Årsag: Produktionsproblemer Virksomhed: MSD Animal Health A/S Spørgsmål om aktuel status skal stilles til virksomheden,,,,2026-08-24,2026-09-15,Slut juli - midt september 2026,shortage,Produktionsproblemer,https://laegemiddelstyrelsen.dk/da/godkendelse/kontrol-og-inspektion/mangel-paa-medicin/meddelelser-om-forsyning-af-medicin/veterinaer-2026/cefagold-vet-forsyningsvanskelighed/,2026-08-24T09:12:00Z,2026-09-23T20:54:00.192104,QJ51DB08,
DK,Denmark,LMST,Brentan 20 mg/g mundhulegel,Miconazol ATC-kode: A01AB09 Forventet periode: Slut august 2023 – slut januar 2027 Årsag: Kvalitetsproblemer Virksomhed: McNeil Denmark ApS Spørgsmål om aktuel status skal stilles til virksomheden,,,,2026-08-24,2023-01-25,Slut august 2023 – slut januar 2027,shortage,Kvalitetsproblemer,https://laegemiddelstyrelsen.dk/da/godkendelse/kontrol-og-inspektion/mangel-paa-medicin/meddelelser-om-forsyning-af-medicin/human-2023/brentan-20-mgg-mundhulegel-forsyningsvanskelighed/,2026-08-24T07:56:00Z,2026-09-23T20:54:00.192107,A01AB09,4650
DK,Denmark,LMST,"Viskøse Øjendråber ""Ophtha"" 3,5 mg/ml øjendråber",Hypromellose ATC-kode: S01XA20 Forventet periode: Start december 2025 - slut januar 2027 Årsag: Produktionsproblemer Virksomhed: Teva Denmark A/S Spørgsmål om aktuel status skal stilles til virksomheden,,,,2026-08-21,2027-01-25,Start december 2025 - slut januar 2027,shortage,Produktionsproblemer,https://laegemiddelstyrelsen.dk/da/godkendelse/kontrol-og-inspektion/mangel-paa-medicin/meddelelser-om-forsyning-af-medicin/human-2026/viskoese-oejendraaber-ophtha-forsyningsvanskelighed/,2026-08-21T12:30:00Z,2026-09-23T20:54:00.192109,S01XA20,
DK,Denmark,LMST,Ropinostad 4 mg depottabletter,Ropinirol (ropinirolhydrochlorid) ATC-kode: N04BC04 Forventet periode: Midt april 2025 – slut december 2026 Årsag: Produktionsproblemer Virksomhed: Stada Nordic ApS Spørgsmål om aktuel status skal stilles til virksomheden,,,,2026-08-20,2025-04-15,Midt april 2025 – slut december 2026,shortage,Produktionsproblemer,https://laegemiddelstyrelsen.dk/da/godkendelse/kontrol-og-inspektion/mangel-paa-medicin/meddelelser-om-forsyning-af-medicin/human-2025/ropinostad-4-mg-forsyningsvanskelighed/,2026-08-20T12:58:00Z,2026-09-23T20:54:00.192112,N04BC04,85634
DK,Denmark,LMST,"Finadyne Vet. 5 mg/ml injektionsvæske, opløsning",Flunixin ATC-kode: QM01AG90 Forventet periode: Slut juli - midt september 2026 Årsag: Produktionsproblemer Virksomhed: MSD Animal Health A/S Spørgsmål om aktuel status skal stilles til virksomheden,,,,2026-08-17,2026-09-15,Slut juli - midt september 2026,shortage,Produktionsproblemer,https://laegemiddelstyrelsen.dk/da/godkendelse/kontrol-og-inspektion/mangel-paa-medicin/meddelelser-om-forsyning-af-medicin/veterinaer-2026/finadyne-vet-injektionsvaeske-forsyningsvanskelighed/,2026-08-17T11:34:00Z,2026-09-23T20:54:00.192115,QM01AG90,
DK,Denmark,LMST,Cronyxin Vet. 50 mg/g oral pasta,Flunixin ATC-kode: QM01AG90 Forventet periode: Slut juli - midt oktober 2026 Årsag: Øget salg/efterspørgsel Virksomhed: Bimeda Nordic ApS Spørgsmål om aktuel status skal stilles til virksomheden,,,,2026-08-17,2026-10-15,Slut juli - midt oktober 2026,shortage,Øget salg/efterspørgsel,https://laegemiddelstyrelsen.dk/da/godkendelse/kontrol-og-inspektion/mangel-paa-medicin/meddelelser-om-forsyning-af-medicin/veterinaer-2026/cronyxin-vet-forsyningsvanskelighed/,2026-08-17T11:11:00Z,2026-09-23T20:54:00.192118,QM01AG90,
DK,Denmark,LMST,"Rivastigmin ""Viatris"" 1,5 mg kapsler, hårde",Rivastigmin (rivastigminhydrogentartrat) ATC-kode: N06DA03 Forventet periode: Slut april 2026 - slut juni 2027 Årsag: Produktionsproblemer Virksomhed: Viatris ApS Spørgsmål om aktuel status skal stilles til virksomheden,,,,2026-08-14,2027-06-25,Slut april 2026 - slut juni 2027,shortage,Produktionsproblemer,"https://laegemiddelstyrelsen.dk/da/godkendelse/kontrol-og-inspektion/mangel-paa-medicin/meddelelser-om-forsyning-af-medicin/human-2026/rivastigmin-viatris-1,5-mg-forsyningsvanskelighed/",2026-08-14T11:09:00Z,2026-09-23T20:54:00.192120,N06DA03,50164
DK,Denmark,LMST,"Tolterodin ""Stada"" 4 mg depotkapsler, hårde",Tolterodin (tolterodintartrat) ATC-kode: G04BD07 Forventet periode: Start september 2024 - slut december 2026 Årsag: Leveringsvanskeligheder Virksomhed: PharmaCoDane ApS Spørgsmål om aktuel status skal stilles til virksomheden,,,,2026-08-14,2026-12-25,Start september 2024 - slut december 2026,shortage,Leveringsvanskeligheder,https://laegemiddelstyrelsen.dk/da/godkendelse/kontrol-og-inspektion/mangel-paa-medicin/meddelelser-om-forsyning-af-medicin/human-2025/tolterodin-stada-4-mg-forsyningsvanskelighed/,2026-08-14T08:46:00Z,2026-09-23T20:54:00.192123,G04BD07,60534
DK,Denmark,LMST,"Tolterodin ""Stada"" 2 mg depotkapsler, hårde",Tolterodin (tolterodintartrat) ATC-kode: G04BD07 Forventet periode: Start marts 2025 - slut december 2026 Årsag: Produktionsproblemer Virksomhed: PharmaCoDane ApS Spørgsmål om aktuel status skal stilles til virksomheden,,,,2026-08-14,2026-12-25,Start marts 2025 - slut december 2026,shortage,Produktionsproblemer,https://laegemiddelstyrelsen.dk/da/godkendelse/kontrol-og-inspektion/mangel-paa-medicin/meddelelser-om-forsyning-af-medicin/human-2025/tolterodin-stada-2-mg-forsyningsvanskelighed/,2026-08-14T08:45:00Z,2026-09-23T20:54:00.192125,G04BD07,66842
DK,Denmark,LMST,Libeo 40 mg tyggetabletter,Furosemid ATC-kode: QC03CA01 Forventet periode: Start august - slut september 2026 Årsag: Produktionsproblemer Virksomhed: Ceva Animal Health A/S Spørgsmål om aktuel status skal stilles til virksomheden,,,,2026-08-14,2026-09-25,Start august - slut september 2026,shortage,Produktionsproblemer,https://laegemiddelstyrelsen.dk/da/godkendelse/kontrol-og-inspektion/mangel-paa-medicin/meddelelser-om-forsyning-af-medicin/veterinaer-2026/libeo-40-mg-forsyningsvanskelighed/,2026-08-14T07:01:00Z,2026-09-23T20:54:00.192128,QC03CA01,
DK,Denmark,LMST,Ropinostad 8 mg depottabletter,Ropinirol (ropinirolhydrochlorid) ATC-kode: N04BC04 Forventet periode: Start marts 2025 – slut december 2026 Årsag: Produktionsproblemer Virksomhed: Stada Nordic ApS Spørgsmål om aktuel status skal stilles til virksomheden,,,,2026-08-13,2025-03-05,Start marts 2025 – slut december 2026,shortage,Produktionsproblemer,https://laegemiddelstyrelsen.dk/da/godkendelse/kontrol-og-inspektion/mangel-paa-medicin/meddelelser-om-forsyning-af-medicin/human-2025/ropinostad-8-mg-forsyningsvanskelighed/,2026-08-13T12:59:00Z,2026-09-23T20:54:00.192131,N04BC04,85642
DK,Denmark,LMST,Biquetan 400 mg depottabletter,Quetiapin fumarat ATC-kode: N05AH04 Forventet periode: Midt marts 2025 - slut december 2026 Årsag: Produktionsproblemer Virksomhed: PharmaCoDane ApS Spørgsmål om aktuel status skal stilles til virksomheden,,,,2026-08-13,2026-12-25,Midt marts 2025 - slut december 2026,shortage,Produktionsproblemer,https://laegemiddelstyrelsen.dk/da/godkendelse/kontrol-og-inspektion/mangel-paa-medicin/meddelelser-om-forsyning-af-medicin/human-2025/biquetan-400-mg-forsyningsvanskelighed/,2026-08-13T09:25:00Z,2026-09-23T20:54:00.192133,N05AH04,84212
DK,Denmark,LMST,Biquetan 300 mg depottabletter,Quetiapin fumarat ATC-kode: N05AH04 Forventet periode: Midt marts 2025 - slut december 2026 Årsag: Produktionsproblemer Virksomhed: PharmaCoDane ApS Spørgsmål om aktuel status skal stilles til virksomheden,,,,2026-08-13,2026-12-25,Midt marts 2025 - slut december 2026,shortage,Produktionsproblemer,https://laegemiddelstyrelsen.dk/da/godkendelse/kontrol-og-inspektion/mangel-paa-medicin/meddelelser-om-forsyning-af-medicin/human-2025/biquetan-300-mg-depottabletter-forsyningsvanskelighed/,2026-08-13T09:24:00Z,2026-09-23T20:54:00.192135,N05AH04,
DK,Denmark,LMST,Valbazen Vet. 100 mg/ml oral opløsning,Albendazol ATC-kode: QP52AC11 Forventet periode: Midt februar 2025 - midt oktober 2026 Årsag: Produktionsproblemer Virksomhed: Zoetis Animal Health ApS Spørgsmål om aktuel status skal stilles til virksomheden,,,,2026-08-11,2026-10-15,Midt februar 2025 - midt oktober 2026,shortage,Produktionsproblemer,https://laegemiddelstyrelsen.dk/da/godkendelse/kontrol-og-inspektion/mangel-paa-medicin/meddelelser-om-forsyning-af-medicin/veterinaer-2025/valbazen-vet-100-mgml-forsyningsvanskeligheder/,2026-08-11T15:32:00Z,2026-09-23T20:54:00.192137,QP52AC11,
DK,Denmark,LMST,"Clamoxyl Prolongatum Vet. 150 mg/ml injektionsvæske, suspension",Amoxicillin ATC-kode: QJ01CA04 Forventet periode: Midt januar - midt september 2026 Årsag: Produktionsproblemer Virksomhed: Zoetis Animal Health ApS Spørgsmål om aktuel status skal stilles til virksomheden,,,,2026-08-11,2026-09-15,Midt januar - midt september 2026,shortage,Produktionsproblemer,https://laegemiddelstyrelsen.dk/da/godkendelse/kontrol-og-inspektion/mangel-paa-medicin/meddelelser-om-forsyning-af-medicin/veterinaer-2026/clamoxyl-prolongatum-vet-forsyningsvanskelighed/,2026-08-11T10:36:00Z,2026-09-23T20:54:00.192140,QJ01CA04,
DK,Denmark,LMST,"Locacorten-Vioform 0,2 + 10 mg/g øredråber, opløsning","Clioquinol, flumetason (clioquinol, flumetasonpivalat) ATC-kode: S02CA02 Forventet periode: Fra start september 2026 Årsag: Kommercielle årsager Virksomhed: Amdipharm Limited Yderligere information: Permanent markedsophør Spørgsmål om aktuel status skal stilles til virksomheden",,,,2026-08-10,,Fra start september 2026,shortage,Kommercielle årsager,https://laegemiddelstyrelsen.dk/da/godkendelse/kontrol-og-inspektion/mangel-paa-medicin/meddelelser-om-forsyning-af-medicin/human-2026/locacorten-vioform-forsyningsvanskelighed/,2026-08-10T13:08:00Z,2026-09-23T20:54:00.192141,S02CA02,6041
DK,Denmark,LMST,"Clamoxyl Vet. 150 mg/ml injektionsvæske, suspension",Amoxicillin ATC-kode: QJ01CA04 Forventet periode: Slut juni - midt september 2026 Årsag: Produktionsproblemer Virksomhed: Zoetis Animal Health ApS Spørgsmål om aktuel status skal stilles til virksomheden,,,,2026-08-10,2026-09-15,Slut juni - midt september 2026,shortage,Produktionsproblemer,https://laegemiddelstyrelsen.dk/da/godkendelse/kontrol-og-inspektion/mangel-paa-medicin/meddelelser-om-forsyning-af-medicin/veterinaer-2026/clamoxyl-vet-150-mgml-forsyningsvanskelighed/,2026-08-10T09:16:00Z,2026-09-23T20:54:00.192143,QJ01CA04,
DK,Denmark,LMST,"Gilenya 0,25 mg kapsler, hårde",Fingolimod (fingolimodhydrochlorid) ATC-kode: L04AE01 Forventet periode: Slut juli - start september 2026 Årsag: Produktionsproblemer Virksomhed: Novartis Healthcare A/S Spørgsmål om aktuel status skal stilles til virksomheden,,,,2026-08-10,2026-09-05,Slut juli - start september 2026,shortage,Produktionsproblemer,"https://laegemiddelstyrelsen.dk/da/godkendelse/kontrol-og-inspektion/mangel-paa-medicin/meddelelser-om-forsyning-af-medicin/human-2026/gilenya-0,25-mg-forsyningsvanskelighed/",2026-08-10T07:38:00Z,2026-09-23T20:54:00.192146,L04AE01,196401
DK,Denmark,LMST,"EpiPen 300 mikrogram injektionsvæske, opløsning (Paranova)",Adrenalin ATC-kode: C01CA24 Forventet periode: Slut juli 2026 - ukendt Årsag: Leveringsvanskeligheder Virksomhed: Paranova Danmark ApS Spørgsmål om aktuel status skal stilles til virksomheden,,,,2026-08-07,,Slut juli 2026 - ukendt,shortage,Leveringsvanskeligheder,https://laegemiddelstyrelsen.dk/da/godkendelse/kontrol-og-inspektion/mangel-paa-medicin/meddelelser-om-forsyning-af-medicin/human-2026/epipen-300-mikrogram-paranova-forsyningsvanskelighed/,2026-08-07T11:25:00Z,2026-09-23T20:54:00.192147,C01CA24,145262
DK,Denmark,LMST,Clamoxyl Vet. 200 mg tabletter,Amoxicillin (Amoxicillintrihydrat) ATC-kode: QJ01CA04 Forventet periode: Midt juni - midt september 2026 Årsag: Produktionsproblemer Virksomhed: Zoetis Animal Health ApS Spørgsmål om aktuel status skal stilles til virksomheden,,,,2026-08-07,2026-09-15,Midt juni - midt september 2026,shortage,Produktionsproblemer,https://laegemiddelstyrelsen.dk/da/godkendelse/kontrol-og-inspektion/mangel-paa-medicin/meddelelser-om-forsyning-af-medicin/veterinaer-2026/clamoxyl-vet-200-mg-forsyningsvanskelighed/,2026-08-07T10:49:00Z,2026-09-23T20:54:00.192150,QJ01CA04,
DK,Denmark,LMST,"Lidokain/Adrenalin ""Aguettant"" 20 mg/ml+5 mikrogram/ml injektionsvæske, opløsning ","Adrenalin (adrenalintartrat), lidocain (lidocainhydrochloridmonohydrat) ATC-kode: N01BB52 Forventet periode: Midt juli - midt september 2026 Årsag: Øget salg/efterspørgsel Virksomhed: Aguettant Nordic ApS Yderligere information: Det er muligt at søge om udleveringstilladelse Spørgsmål om aktuel status skal stilles til virksomheden",,,,2026-08-06,2026-09-15,Midt juli - midt september 2026,shortage,Øget salg/efterspørgsel,https://laegemiddelstyrelsen.dk/da/godkendelse/kontrol-og-inspektion/mangel-paa-medicin/meddelelser-om-forsyning-af-medicin/human-2026/lidokainadrenalin-aguettant-20-mgml5-mikrogramml-injektionsvaeske-forsyningsvanskelighed/,2026-08-06T09:46:00Z,2026-09-23T20:54:00.192152,N01BB52,145912
DK,Denmark,LMST,Kaletra 200+50 mg filmovertrukne tabletter,Lopinavir og ritonavir ATC-kode: J05AR10 Forventet periode: Fra slut marts 2027 Årsag: Kommercielle årsager Virksomhed: AbbVie A/S Yderligere information: Permanent markedsophør Spørgsmål om aktuel status skal stilles til virksomheden,,,,2026-08-06,,Fra slut marts 2027,shortage,Kommercielle årsager,https://laegemiddelstyrelsen.dk/da/godkendelse/kontrol-og-inspektion/mangel-paa-medicin/meddelelser-om-forsyning-af-medicin/human-2026/kaletra-forsyningsvanskelighed/,2026-08-06T08:38:00Z,2026-09-23T20:54:00.192153,J05AR10,81094
DK,Denmark,LMST,"Orbesealer Vet. 2,6 g/dosis intramammær suspension",Bismuthsubnitrat ATC-kode: QG52X Forventet periode: Midt maj - start oktober 2026 Årsag: Produktionsproblemer Virksomhed: Zoetis Animal Health ApS Spørgsmål om aktuel status skal stilles til virksomheden,,,,2026-08-06,2026-10-05,Midt maj - start oktober 2026,shortage,Produktionsproblemer,https://laegemiddelstyrelsen.dk/da/godkendelse/kontrol-og-inspektion/mangel-paa-medicin/meddelelser-om-forsyning-af-medicin/veterinaer-2026/orbesealer-vet-forsyningsvanskelighed/,2026-08-06T08:12:00Z,2026-09-23T20:54:00.192155,,
DK,Denmark,LMST,Denagard Vet. 125 mg/ml oral opløsning (5000 ml),Tiamulin (tiamulinhydrogenfumarat) ATC-kode: QJ01XQ01 Forventet periode: Slut april - slut oktober 2026 Årsag: Øget salg/efterspørgsel Virksomhed: Elanco Denmark ApS Spørgsmål om aktuel status skal stilles til virksomheden,,,,2026-08-05,2026-10-25,Slut april - slut oktober 2026,shortage,Øget salg/efterspørgsel,https://laegemiddelstyrelsen.dk/da/godkendelse/kontrol-og-inspektion/mangel-paa-medicin/meddelelser-om-forsyning-af-medicin/veterinaer-2026/denagard-vet-125-mgml-oral-oploesning-5000-ml-forsyningsvanskelighed/,2026-08-05T15:28:00Z,2026-09-23T20:54:00.192158,QJ01XQ01,
DK,Denmark,LMST,"Triamcinolonacetonid ""Paranova"" 40 mg/ml injektionsvæske, suspension",Triamcinolon (triamcinolonacetonid) ATC-kode: H02AB08 Forventet periode: Fra slut juli 2026 - ukendt Årsag: Leveringsvanskeligheder Virksomhed: Paranova Danmark ApS Spørgsmål om aktuel status skal stilles til virksomheden,,,,2026-08-05,,Fra slut juli 2026 - ukendt,shortage,Leveringsvanskeligheder,https://laegemiddelstyrelsen.dk/da/godkendelse/kontrol-og-inspektion/mangel-paa-medicin/meddelelser-om-forsyning-af-medicin/human-2026/triamcinolonacetonid-paranova-forsyningsvanskelighed/,2026-08-05T10:45:00Z,2026-09-23T20:54:00.192159,H02AB08,
DK,Denmark,LMST,"Kenalog 40 mg/ml injektionsvæske, suspension (Epione Medicine ApS)",Triamcinolon (triamcinolonacetonid) ATC-kode: H02AB08 Forventet periode: Fra start august 2026 - ukendt Årsag: Leveringsvanskeligheder Virksomhed: Epione Medicine ApS Spørgsmål om aktuel status skal stilles til virksomheden,,,,2026-08-05,,Fra start august 2026 - ukendt,shortage,Leveringsvanskeligheder,https://laegemiddelstyrelsen.dk/da/godkendelse/kontrol-og-inspektion/mangel-paa-medicin/meddelelser-om-forsyning-af-medicin/human-2026/kenalog-epione-medicine-aps-forsyningsvanskelighed/,2026-08-05T07:52:00Z,2026-09-23T20:54:00.192161,H02AB08,
DK,Denmark,LMST,AviPro AE oral suspension til brug i drikkevand ,Encephalomyelitis virus vaccine ATC-kode: QI01AD02 Forventet periode: Slut juli 2025 - start oktober 2026 Årsag: Øget salg/efterspørgsel Virksomhed: Elanco Denmark ApS Spørgsmål om aktuel status skal stilles til virksomheden,,,,2026-08-03,2026-10-05,Slut juli 2025 - start oktober 2026,shortage,Øget salg/efterspørgsel,https://laegemiddelstyrelsen.dk/da/godkendelse/kontrol-og-inspektion/mangel-paa-medicin/meddelelser-om-forsyning-af-medicin/veterinaer-2025/avipro-ae-forsyningsvanskelighed/,2026-08-03T13:09:00Z,2026-09-23T20:54:00.192163,QI01AD02,
DK,Denmark,LMST,Zarator 10 mg tyggetabletter ,Atorvastatin ATC-kode: C10AA05 Forventet periode: Start august - start september 2026 Årsag: Øget salg/efterspørgsel Virksomhed: Viatris ApS Spørgsmål om aktuel status skal stilles til virksomheden,,,,2026-08-02,2026-09-05,Start august - start september 2026,shortage,Øget salg/efterspørgsel,https://laegemiddelstyrelsen.dk/da/godkendelse/kontrol-og-inspektion/mangel-paa-medicin/meddelelser-om-forsyning-af-medicin/human-2026/zarator-10-mg-tyggetabletter-forsyningsvanskelighed/,2026-08-02T22:00:00Z,2026-09-23T20:54:00.192166,C10AA05,
DK,Denmark,LMST,Neupro 1 mg/24 timer depotplastre,Rotigotin ATC-kode: N04BC09 Forventet periode: Start juli - slut august 2026 Årsag: Leveringsvanskeligheder Virksomhed: 2care4 ApS Spørgsmål om aktuel status skal stilles til virksomheden,,,,2026-07-31,2026-08-25,Start juli - slut august 2026,shortage,Leveringsvanskeligheder,https://laegemiddelstyrelsen.dk/da/godkendelse/kontrol-og-inspektion/mangel-paa-medicin/meddelelser-om-forsyning-af-medicin/human-2026/neupro-1-mg24-timer-depotplastre-forsyningsvanskelighed/,2026-07-31T10:00:00Z,2026-09-23T20:54:00.192168,N04BC09,
DK,Denmark,LMST,"EpiPen 300 mikrogram injektionsvæske, opløsning (2care4)",Adrenalin ATC-kode: C01CA24 Forventet periode: Slut juli 2026 - ukendt Årsag: Øget salg/eftersprøgsel Virksomhed: 2care4 ApS Spørgsmål om aktuel status skal stilles til virksomheden,,,,2026-07-30,,Slut juli 2026 - ukendt,shortage,Øget salg/efterspørgsel  ,https://laegemiddelstyrelsen.dk/da/godkendelse/kontrol-og-inspektion/mangel-paa-medicin/meddelelser-om-forsyning-af-medicin/human-2026/epipen-300-mikrogram-2care4-forsyningsvanskelighed/,2026-07-30T12:59:00Z,2026-09-23T20:54:00.192169,C01CA24,145262
DK,Denmark,LMST,Modulis Vet. 100 mg/ml oral opløsning,Ciclosporin ATC-kode: QL04AD01 Forventet periode: Start juli - slut september 2026 Årsag: Kvalitetsproblemer Virksomhed: Ceva Animal Health A/S Spørgsmål om aktuel status skal stilles til virksomheden,,,,2026-07-29,2026-09-25,Start juli - slut september 2026,shortage,Kvalitetsproblemer,https://laegemiddelstyrelsen.dk/da/godkendelse/kontrol-og-inspektion/mangel-paa-medicin/meddelelser-om-forsyning-af-medicin/veterinaer-2026/modulis-vet-forsyningsvanskelighed/,2026-07-29T06:42:00Z,2026-09-23T20:54:00.192172,QL04AD01,
DK,Denmark,LMST,"Purevax Rabies injektionsvæske, suspension",Canarypox virus vCP65 rekombinant ATC-kode: QI06AD08 Forventet periode: Slut juli - slut december 2026 Årsag: Produktionsproblemer Virksomhed: Boehringer Ingelheim Animal Health Nordics A/S Spørgsmål om aktuel status skal stilles til virksomheden,,,,2026-07-24,2026-12-25,Slut juli - slut december 2026,shortage,Produktionsproblemer,https://laegemiddelstyrelsen.dk/da/godkendelse/kontrol-og-inspektion/mangel-paa-medicin/meddelelser-om-forsyning-af-medicin/veterinaer-2026/purevax-rabies-forsyningsvanskelighed/,2026-07-24T11:48:00Z,2026-09-23T20:54:00.192175,QI06AD08,
DK,Denmark,LMST,"Triamcinolonacetonid ""Orifarm"" 40 mg/ml injektionsvæske, suspension",Triamcinolon (triamcinolonacetonid) ATC-kode: H02AB08 Forventet periode: Midt juni 2026 - ukendt Årsag: Leveringsvanskeligheder Virksomhed: Orifarm A/S Spørgsmål om aktuel status skal stilles til virksomheden,,,,2026-07-22,,Midt juni 2026 - ukendt,shortage,Leveringsvanskeligheder,https://laegemiddelstyrelsen.dk/da/godkendelse/kontrol-og-inspektion/mangel-paa-medicin/meddelelser-om-forsyning-af-medicin/human-2026/triamcinolonacetonid-orifarm-forsyningsvanskelighed/,2026-07-22T13:14:00Z,2026-09-23T20:54:00.192176,H02AB08,
DK,Denmark,LMST,"Lumigan 0,3 mg/ml øjendråber, opløsning, enkeltdosisbeholder (Orifarm A/S)",Bimatoprost ATC-kode: S01EE03 Forventet periode: Start juni 2026 - ukendt Årsag: Leveringsvanskeligheder Virksomhed: Orifarm A/S Spørgsmål om aktuel status skal stilles til virksomheden,,,,2026-07-22,,Start juni 2026 - ukendt,shortage,Leveringsvanskeligheder,"https://laegemiddelstyrelsen.dk/da/godkendelse/kontrol-og-inspektion/mangel-paa-medicin/meddelelser-om-forsyning-af-medicin/human-2026/lumigan-0,3-mgml-oejendraaber,-enkeltdosisbeholder-orifarm-as-forsyningsvanskelighed/",2026-07-22T08:08:00Z,2026-09-23T20:54:00.192177,S01EE03,210439
DK,Denmark,LMST,"Lumigan 0,3 mg/ml øjendråber, opløsning, enkeltdosisbeholder (Abbvie A/S)",Bimatoprost ATC-kode: S01EE03 Forventet periode: Fra slut juni 2026 Årsag: Kommercielle årsager Virksomhed: Abbvie A/S Yderligere information: Permanent markedsophør Spørgsmål om aktuel status skal stilles til virksomheden,,,,2026-07-22,,Fra slut juni 2026,shortage,Kommercielle årsager,"https://laegemiddelstyrelsen.dk/da/godkendelse/kontrol-og-inspektion/mangel-paa-medicin/meddelelser-om-forsyning-af-medicin/human-2026/lumigan-0,3-mgml-oejendraaber,-enkeltdosisbeholder-abbvie-as-forsyningsvanskelighed/",2026-07-22T07:55:00Z,2026-09-23T20:54:00.192178,S01EE03,210439
DK,Denmark,LMST,"Lumigan 0,3 mg/ml øjendråber, opløsning, enkeltdosisbeholder (Paranova Danmark ApS)",Bimatoprost ATC-kode: S01EE03 Forventet periode: Start juli 2026 - ukendt Årsag: Leveringsvanskeligheder Virksomhed: Paranova Danmark ApS Spørgsmål om aktuel status skal stilles til virksomheden,,,,2026-07-22,,Start juli 2026 - ukendt,shortage,Leveringsvanskeligheder,"https://laegemiddelstyrelsen.dk/da/godkendelse/kontrol-og-inspektion/mangel-paa-medicin/meddelelser-om-forsyning-af-medicin/human-2026/lumigan-0,3-mgml-oejendraaber,-enkeltdosisbeholder-paranova-danmark-aps-forsyningsvanskelighed/",2026-07-22T07:52:00Z,2026-09-23T20:54:00.192180,S01EE03,210439
DK,Denmark,LMST,"Lumigan 0,3 mg/ml øjendråber, opløsning, enkeltdosisbeholder (2care4 ApS)",Bimatoprost ATC-kode: S01EE03 Forventet periode: Start juli 2026 - ukendt Årsag: Leveringsvanskeligheder Virksomhed: 2care4 ApS Spørgsmål om aktuel status skal stilles til virksomheden,,,,2026-07-22,,Start juli 2026 - ukendt,shortage,Leveringsvanskeligheder,"https://laegemiddelstyrelsen.dk/da/godkendelse/kontrol-og-inspektion/mangel-paa-medicin/meddelelser-om-forsyning-af-medicin/human-2026/lumigan-0,3-mgml-oejendraaber,-enkeltdosisbeholder-2care4-aps-forsyningsvanskelighed/",2026-07-22T07:50:00Z,2026-09-23T20:54:00.192181,S01EE03,210439
DK,Denmark,LMST,"Metoprolol ""GEA"" 50 mg depottabletter",Metoprolol (Metoprololtartrat) ATC-kode: C07AB02 Forventet periode: Midt juli 2026 - ukendt Årsag: Øget salg/efterspøgsel Virksomhed: Sandoz A/S Spørgsmål om aktuel status skal stilles til virksomheden,,,,2026-07-22,,Midt juli 2026 - ukendt,shortage,Øget salg/efterspørgsel,https://laegemiddelstyrelsen.dk/da/godkendelse/kontrol-og-inspektion/mangel-paa-medicin/meddelelser-om-forsyning-af-medicin/human-2026/metoprolol-gea-50-mg-forsyningsvanskelighed/,2026-07-22T06:24:00Z,2026-09-23T20:54:00.192183,C07AB02,26182
DK,Denmark,LMST,"Fiasp PumpCart 100 enheder/ml injektionsvæske, opløsning i cylinderampul",Insulin aspart ATC-kode: A10AB05 Forventet periode: Fra midt oktober 2026 Årsag: Kommercielle årsager Virksomhed: Novo Nordisk A/S Yderligere information: Permanent markedsophør Spørgsmål om aktuel status skal stilles til virksomheden,,,,2026-07-21,,Fra midt oktober 2026,shortage,Kommercielle årsager,https://laegemiddelstyrelsen.dk/da/godkendelse/kontrol-og-inspektion/mangel-paa-medicin/meddelelser-om-forsyning-af-medicin/human-2026/fiasp-pumpcart-100-enhederml-forsyningsvanskelighed/,2026-07-21T12:06:00Z,2026-09-23T20:54:00.192184,A10AB05,
DK,Denmark,LMST,"Caverject Dual 10 mikrogram pulver og solvens til injektionsvæske, opløsning",Alprostadil ATC-kode: G04BE01 Forventet periode: Slut september - midt december 2026 Årsag: Produktionsproblemer Virksomhed: Pfizer ApS Spørgsmål om aktuel status skal stilles til virksomheden,,,,2026-07-21,2026-12-15,Slut september - midt december 2026,shortage,Produktionsproblemer,https://laegemiddelstyrelsen.dk/da/godkendelse/kontrol-og-inspektion/mangel-paa-medicin/meddelelser-om-forsyning-af-medicin/human-2026/caverject-dual-10-mikrogram-forsyningsvanskelighed/,2026-07-21T09:15:00Z,2026-09-23T20:54:00.192186,G04BE01,
DK,Denmark,LMST,Sendoxan 50 mg overtrukne tabletter,Cyclophosphamid ATC-kode: L01AA01 Forventet periode: Start juli - slut september 2026 Årsag: Produktionsproblemer Virksomhed: Baxter A/S Yderligere information: Det er muligt at søge om udleveringstilladelse Spørgsmål om aktuel status skal stilles til virksomheden,,,,2026-07-19,2026-09-25,Start juli - slut september 2026,shortage,Produktionsproblemer,https://laegemiddelstyrelsen.dk/da/godkendelse/kontrol-og-inspektion/mangel-paa-medicin/meddelelser-om-forsyning-af-medicin/human-2026/sendoxan-50-mg-forsyningsvanskelighed/,2026-07-19T14:00:00Z,2026-09-23T20:54:00.192189,L01AA01,957
DK,Denmark,LMST,"Duokopt 20+5 mg/ml øjendråber, opløsning (Thea)","Dorzolamid (dorzolamidhydrochlorid), timolol (timololmaleat) ATC-kode: S01ED51 Forventet periode: Midt marts 2025 - ukendt Årsag: Produktionsproblemer Virksomhed: Laboratoires Thea S",,,,2026-07-19,,Midt marts 2025 - ukendt,shortage,Produktionsproblemer,https://laegemiddelstyrelsen.dk/da/godkendelse/kontrol-og-inspektion/mangel-paa-medicin/meddelelser-om-forsyning-af-medicin/human-2025/duokopt-205-mgml-oejendraaber-forsyningsvanskelighed/,2026-07-19T11:53:00Z,2026-09-23T20:54:00.192190,S01ED51,213950
DK,Denmark,LMST,Xylocain 20 mg/g gel,"Lidocain (lidocainhydrochloridmonohydrat) ATC-kode: N01BB02 Forventet periode: Midt juli - midt oktober 2026 Årsag: Leveringsvanskeligheder Virksomhed: Aspen Nordic, filial af Aspen Pharma Ireland Limited, Irland Spørgsmål om aktuel status skal stilles til virksomheden",,,,2026-07-16,2026-10-15,Midt juli - midt oktober 2026,shortage,Leveringsvanskeligheder,https://laegemiddelstyrelsen.dk/da/godkendelse/kontrol-og-inspektion/mangel-paa-medicin/meddelelser-om-forsyning-af-medicin/human-2026/xylocain-20-mgg-gel-forsyningsvanskelighed/,2026-07-16T14:46:00Z,2026-09-23T20:54:00.192193,N01BB02,
DK,Denmark,LMST,Anafranil Retard (Paranova) 75 mg depottabletter,Clomipramin (clomipraminhydrochlorid) ATC-kode: N06AA04 Forventet periode: Midt maj - ukendt Årsag: Leveringsvanskeligheder Virksomhed: Paranova Danmark A/S Spørgsmål om aktuel status skal stilles til virksomheden,,,,2026-07-16,,Midt maj - ukendt,shortage,Leveringsvanskeligheder,https://laegemiddelstyrelsen.dk/da/godkendelse/kontrol-og-inspektion/mangel-paa-medicin/meddelelser-om-forsyning-af-medicin/human-2026/anafranil-retardparanova-75-mg-forsyningsvanskelighed/,2026-07-16T14:31:00Z,2026-09-23T20:54:00.192194,N06AA04,18325
DK,Denmark,LMST,"Nimvastid 1,5 mg kapsler, hårde",Rivastigmin (rivastigminhydrogentartrat) ATC-kode: N06DA03 Forventet periode: Slut april - start november 2026 Årsag: Produktionsproblemer Virksomhed: Krka Sverige AB Spørgsmål om aktuel status skal stilles til virksomheden,,,,2026-07-15,2026-11-05,Slut april - start november 2026,shortage,Produktionsproblemer,"https://laegemiddelstyrelsen.dk/da/godkendelse/kontrol-og-inspektion/mangel-paa-medicin/meddelelser-om-forsyning-af-medicin/human-2026/nimvastid-1,5-mg-kapsler,-haarde-forsyningsvanskelighed/",2026-07-15T09:25:00Z,2026-09-23T20:54:00.192196,N06DA03,50164
DK,Denmark,LMST,"Nimbex 2 mg/ml injektionsvæske, opløsning",Cisatracurium (cisatracuriumbesilat) ATC-kode: M03AC11 Forventet periode: Midt november 2025 - ukendt Årsag: Kvalitetsproblemer Virksomhed: Aspen Nordic Spørgsmål om aktuel status skal stilles til virksomheden,,,,2026-07-13,,Midt november 2025 - ukendt,shortage,Kvalitetsproblemer,https://laegemiddelstyrelsen.dk/da/godkendelse/kontrol-og-inspektion/mangel-paa-medicin/meddelelser-om-forsyning-af-medicin/human-2025/nimbex-2-mgml-injektionsvaeske-forsyningsvanskelighed/,2026-07-13T13:05:00Z,2026-09-23T20:54:00.192198,M03AC11,43710
DK,Denmark,LMST,"Mannitol ""Fresenius Kabi"" 150 mg/ml infusionsvæske, opløsning","Mannitol ATC-kode: B05BC01 Forventet periode: Fra midt maj 2026 Årsag: Kommercielle årsager Virksomhed: Fresenius Kabi, Filial af Fresenius Kabi AB Sverige Yderligere information: Permanent markedsophør Spørgsmål om aktuel status skal stilles til virksomheden",,,,2026-07-10,,Fra midt maj 2026,shortage,Kommercielle årsager,https://laegemiddelstyrelsen.dk/da/godkendelse/kontrol-og-inspektion/mangel-paa-medicin/meddelelser-om-forsyning-af-medicin/human-2026/mannitol-fresenius-kabi-forsyningsvanskelighed/,2026-07-10T09:16:00Z,2026-09-23T20:54:00.192199,B05BC01,
DK,Denmark,LMST,"Quetiapin ""Medical Valley"" 400 mg depottabletter ",Quetiapin fumarat ATC-kode: N05AH04 Forventet periode: Slut januar 2025 - slut december 2027 Årsag: Produktionsproblemer Virksomhed: Medical Valley Invest AB Spørgsmål om aktuel status skal stilles til virksomheden,,,,2026-07-09,2027-12-25,Slut januar 2025 - slut december 2027,shortage,Produktionsproblemer,https://laegemiddelstyrelsen.dk/da/godkendelse/kontrol-og-inspektion/mangel-paa-medicin/meddelelser-om-forsyning-af-medicin/human-2025/quetiapin-medical-valley-400-mg-forsyningsvanskeligheder/,2026-07-09T14:57:00Z,2026-09-23T20:54:00.192202,N05AH04,84212
DK,Denmark,LMST,"Quetiapin ""Medical Valley"" 50 mg depottabletter",Quetiapin fumarat ATC-kode: N05AH04 Forventet periode: Slut januar 2025 - slut december 2027 Årsag: Produktionsproblemer Virksomhed: Medical Valley Invest AB Spørgsmål om aktuel status skal stilles til virksomheden,,,,2026-07-09,2027-12-25,Slut januar 2025 - slut december 2027,shortage,Produktionsproblemer,https://laegemiddelstyrelsen.dk/da/godkendelse/kontrol-og-inspektion/mangel-paa-medicin/meddelelser-om-forsyning-af-medicin/human-2025/quetiapin-medical-valley-50-mg-forsyningsvanskelighed/,2026-07-09T14:56:00Z,2026-09-23T20:54:00.192204,N05AH04,84182
DK,Denmark,LMST,"Bexsero injektionsvæske, suspension, fyldt injektionssprøjte","Meningokokprotein B (Meningococcus B, multikomponent vaccine) ATC-kode: J07AH09 Forventet periode: Start april - midt juni 2026 Årsag: Øget salg/efterspørgsel Virksomhed: GlaxoSmithKline Pharma A/S",,,,2026-07-09,2026-10-15,Slut juni - midt oktober 2026,shortage,Øget salg/efterspørgsel,https://laegemiddelstyrelsen.dk/da/godkendelse/kontrol-og-inspektion/mangel-paa-medicin/meddelelser-om-forsyning-af-medicin/human-2026/bexsero-forsyningsvanskelighed/,2026-07-09T09:25:00Z,2026-09-23T20:54:00.192206,J07AH09,153575
DK,Denmark,LMST,"Euthasol vet. 400 mg/ml injektionsvæske, opløsning",Pentobarbital (Pentobarbitalnatrium) ATC-kode: QN51AA01 Forventet periode: Slut september 2026 - ukendt Årsag: Produktionsproblemer Virksomhed: Dechra Veterinary Products A/S Spørgsmål om aktuel status skal stilles til virksomheden,,,,2026-07-09,,Slut september 2026 - ukendt,shortage,Produktionsproblemer,https://laegemiddelstyrelsen.dk/da/godkendelse/kontrol-og-inspektion/mangel-paa-medicin/meddelelser-om-forsyning-af-medicin/veterinaer-2026/euthasol-vet-injektionsvaeske-forsyningsvanskelighed/,2026-07-09T08:07:00Z,2026-09-23T20:54:00.192208,QN51AA01,
DK,Denmark,LMST,"Metomotyl 5 mg/ml injektionsvæske, opløsning",Metoclopramid (metoclopramidhydrochlorid) ATC-kode: QA03FA01 Forventet periode: Midt maj 2026 - ukendt Årsag: Produktionsproblemer Virksomhed: Dechra Veterinary Products A/S Spørgsmål om aktuel status skal stilles til virksomheden,,,,2026-07-08,,Midt maj 2026 - ukendt,shortage,Produktionsproblemer,https://laegemiddelstyrelsen.dk/da/godkendelse/kontrol-og-inspektion/mangel-paa-medicin/meddelelser-om-forsyning-af-medicin/veterinaer-2026/metomotyl-forsyningsvanskelighed/,2026-07-08T13:58:00Z,2026-09-23T20:54:00.192209,QA03FA01,
DK,Denmark,LMST,"Minirin 2,5 mikrogram/dosis næsespray, opløsning",Desmopressin (desmopressinacetattrihydrat) ATC-kode: H01BA02 Forventet periode: Fra slut august 2026 Årsag: Leveringsvanskeligheder Virksomhed: Ferring Lægemidler A/S Yderligere information: Permanent markedsophør Spørgsmål om aktuel status skal stilles til virksomheden,,,,2026-07-08,,Fra slut august 2026,shortage,Leveringsvanskeligheder,"https://laegemiddelstyrelsen.dk/da/godkendelse/kontrol-og-inspektion/mangel-paa-medicin/meddelelser-om-forsyning-af-medicin/human-2026/minirin-2,5-mikrogramdosis-naesespray,-oploesning-forsyningsvanskelighed/",2026-07-08T13:26:00Z,2026-09-23T20:54:00.192210,H01BA02,
DK,Denmark,LMST,"Zeldox 80 mg kapsler, hårde",Ziprasidon ATC-kode: N05AE04 Forventet periode: Slut december 2025 - slut september 2026 Årsag: Kvalitetsproblemer Virksomhed: Viatris ApS Spørgsmål om aktuel status skal stilles til virksomheden,,,,2026-07-07,2026-09-25,Slut december 2025 - slut september 2026,shortage,Kvalitetsproblemer,https://laegemiddelstyrelsen.dk/da/godkendelse/kontrol-og-inspektion/mangel-paa-medicin/meddelelser-om-forsyning-af-medicin/human-2026/zeldox-80-mg-forsyningsvanskelighed/,2026-07-07T12:22:00Z,2026-09-23T20:54:00.192212,N05AE04,
DK,Denmark,LMST,Vivelle Dot 100 mikrog./24 timer depotplastre,Estradiol (Estradiolhemihydrat) ATC-kode: G03CA03 Forventet periode: Midt maj - slut september 2026 Årsag: Øget salg/efterspørgsel Virksomhed: Sandoz A/S Spørgsmål om aktuel status skal stilles til virksomheden,,,,2026-07-07,2026-09-25,Midt maj - slut september 2026,shortage,Øget salg/efterspørgsel,https://laegemiddelstyrelsen.dk/da/godkendelse/kontrol-og-inspektion/mangel-paa-medicin/meddelelser-om-forsyning-af-medicin/human-2026/vivelle-dot-100-mikrogram24-timer-forsyningsvanskelighed/,2026-07-07T10:34:00Z,2026-09-23T20:54:00.192215,G03CA03,
DK,Denmark,LMST,Vivelle Dot 50 mikrog./24 timer depotplastre,Estradiol (Estradiolhemihydrat) ATC-kode: G03CA03 Forventet periode: Midt maj - slut oktober 2026 Årsag: Øget salg/efterspørgsel Virksomhed: Sandoz A/S Spørgsmål om aktuel status skal stilles til virksomheden,,,,2026-07-07,2026-10-25,Midt maj - slut oktober 2026,shortage,Øget salg/efterspørgsel,https://laegemiddelstyrelsen.dk/da/godkendelse/kontrol-og-inspektion/mangel-paa-medicin/meddelelser-om-forsyning-af-medicin/human-2026/vivelle-dot-50-mikrogram24-timer-forsyningsvanskelighed/,2026-07-07T10:33:00Z,2026-09-23T20:54:00.192217,G03CA03,
DK,Denmark,LMST,"Methylphenidate ""Consilient Health"" 2 mg/ml oral opløsning",Methylphenidat (methylphenidathydrochlorid) ATC-kode: N06BA04 Forventet periode: Slut august 2026 - ukendt Årsag: Kommercielle årsager Virksomhed: Consilient Health Limited Spørgsmål om aktuel status skal stilles til virksomheden,,,,2026-07-03,,Slut august 2026 - ukendt,shortage,Kommercielle årsager,https://laegemiddelstyrelsen.dk/da/godkendelse/kontrol-og-inspektion/mangel-paa-medicin/meddelelser-om-forsyning-af-medicin/human-2026/methylphenidate-consilient-health-2-mgml-oral-oploesning-forsyningsvanskelighed/,2026-07-03T14:20:00Z,2026-09-23T20:54:00.192219,N06BA04,
DK,Denmark,LMST,"Atomoxetin ""Medical Valley"" 10 mg kapsler, hårde ",Atomoxetin ATC-kode: N06BA09 Forventet periode: Start juni 2024 - slut december 2027 Årsag: Produktionsproblemer Virksomhed: Medical Valley Invest AB Spørgsmål om aktuel status skal stilles til virksomheden,,,,2026-07-03,2027-12-25,Start juni 2024 - slut december 2027,shortage,Produktionsproblemer,https://laegemiddelstyrelsen.dk/da/godkendelse/kontrol-og-inspektion/mangel-paa-medicin/meddelelser-om-forsyning-af-medicin/human-2024/atomoxetin-medical-valley-10-mg-forsyningsvanskelighed/,2026-07-03T11:35:00Z,2026-09-23T20:54:00.192221,N06BA09,76708
DK,Denmark,LMST,"Atomoxetin ""Medical Valley"" 100 mg kapsler, hårde ",Atomoxetin ATC-kode: N06BA09 Forventet periode: Start juni 2024 - slut december 2027 Årsag: Produktionsproblemer Virksomhed: Medical Valley Invest AB Spørgsmål om aktuel status skal stilles til virksomheden,,,,2026-07-03,2027-12-25,Start juni 2024 - slut december 2027,shortage,Produktionsproblemer,https://laegemiddelstyrelsen.dk/da/godkendelse/kontrol-og-inspektion/mangel-paa-medicin/meddelelser-om-forsyning-af-medicin/human-2024/atomoxetin-medical-valley-100-mg-forsyningsvanskelighed/,2026-07-03T11:33:00Z,2026-09-23T20:54:00.192223,N06BA09,105309
DK,Denmark,LMST,"Voltabak 1 mg/ml øjendråber, opløsning (Thea)",Diclofenac (diclofenacnatrium) ATC-kode: S01BC03 Forventet periode: Start september 2025 - januar 2027 Årsag: Kvalitetsproblemer Virksomhed: Laboratoires Thea S,,,,2026-07-02,2027-01-25,Start september 2025 - januar 2027,shortage,Kvalitetsproblemer,https://laegemiddelstyrelsen.dk/da/godkendelse/kontrol-og-inspektion/mangel-paa-medicin/meddelelser-om-forsyning-af-medicin/human-2025/voltabak-forsyningsvanskelighed/,2026-07-02T09:42:00Z,2026-09-23T20:54:00.192225,S01BC03,
DK,Denmark,LMST,"Oncovin 1 mg/ml injektionsvæske, opløsning",Vincristin (vincristinsulfat) ATC-kode: L01CA02 Forventet periode: Start juli - slut september 2026 Årsag: Produktionsproblemer Virksomhed: STADA Nordic ApS Yderligere information: Det er muligt at søge om udleveringstilladelse Spørgsmål om aktuel status skal stilles til virksomheden,,,,2026-07-01,2026-09-25,Start juli - slut september 2026,shortage,Produktionsproblemer,https://laegemiddelstyrelsen.dk/da/godkendelse/kontrol-og-inspektion/mangel-paa-medicin/meddelelser-om-forsyning-af-medicin/human-2026/oncovin-forsyningsvanskelighed/,2026-07-01T16:00:00Z,2026-09-23T20:54:00.192227,L01CA02,
DK,Denmark,LMST,"Diazedor Vet. 5 mg/ml injektionsvæske, opløsning",Diazepam ATC-kode: QN05BA01 Forventet periode: Start april 2026 - slut januar 2027 Årsag: Produktionsproblemer Virksomhed: Salfarm Danmark A/S Yderligere information: Det er muligt at søge om udleveringstilladelse Spørgsmål om aktuel status skal stilles til virksomheden,,,,2026-06-30,2027-01-25,Start april 2026 - slut januar 2027,shortage,Produktionsproblemer,https://laegemiddelstyrelsen.dk/da/godkendelse/kontrol-og-inspektion/mangel-paa-medicin/meddelelser-om-forsyning-af-medicin/veterinaer-2026/diazedor-vet-forsyningsvanskelighed/,2026-06-30T13:01:00Z,2026-09-23T20:54:00.192230,QN05BA01,
DK,Denmark,LMST,Toltarox 50 mg/ml oral suspension,Toltrazuril ATC-kode: QP51BC01 Forventet periode: Fra start juni 2026 Årsag: Produktionsproblemer Virksomhed: Dechra Veterinary Products A/S Yderligere information: Permanent markedsophør Spørgsmål om aktuel status skal stilles til virksomheden,,,,2026-06-29,,Fra start juni 2026,shortage,Produktionsproblemer,https://laegemiddelstyrelsen.dk/da/godkendelse/kontrol-og-inspektion/mangel-paa-medicin/meddelelser-om-forsyning-af-medicin/veterinaer-2026/toltarox-forsyningsvanskelighed/,2026-06-29T16:27:00Z,2026-09-23T20:54:00.192231,QP51BC01,
DK,Denmark,LMST,"Ziprasidon ""Stada"" 80 mg kapsler, hårde",Ziprasidon ATC-kode: N05AE04 Forventet periode: Start marts - slut august 2026 Årsag: Produktionsproblemer Virksomhed: Stada Nordic ApS Spørgsmål om aktuel status skal stilles til virksomheden,,,,2026-06-24,2026-08-25,Start marts - slut august 2026,shortage,Produktionsproblemer,https://laegemiddelstyrelsen.dk/da/godkendelse/kontrol-og-inspektion/mangel-paa-medicin/meddelelser-om-forsyning-af-medicin/human-2026/ziprasidon-stada-80-mg-forsyningsvanskelighed/,2026-06-24T12:38:00Z,2026-09-23T20:54:00.192234,N05AE04,
DK,Denmark,LMST,Dalacin 10 mg/ml kutanemulsion (2care4),Clindamycin (clindamycinphosphat) ATC-kode: D10AF01 Forventet periode: Start juni 2026 - ukendt Årsag: Leveringsvanskeligheder Virksomhed: 2care4 ApS Spørgsmål om aktuel status skal stilles til virksomheden,,,,2026-06-23,,Start juni 2026 - ukendt,shortage,Leveringsvanskeligheder,https://laegemiddelstyrelsen.dk/da/godkendelse/kontrol-og-inspektion/mangel-paa-medicin/meddelelser-om-forsyning-af-medicin/human-2026/dalacin-10-mgml-kutanemulsion-2care4-forsyningsvanskelighed/,2026-06-23T08:07:00Z,2026-09-23T20:54:00.192235,D10AF01,
DK,Denmark,LMST,"Erwinase 10.000 E pulver til injektions-/infusionsvæske, opløsning",Crisantaspase ATC-kode: L01XX02 Forventet periode: Fra midt december 2025 Årsag: Produktionsproblemer Virksomhed: CampusPharma AB Yderligere information: Permanent markedsophør Spørgsmål om aktuel status skal stilles til virksomheden,,,,2026-06-18,,Fra midt december 2025 ,shortage,Produktionsproblemer,https://laegemiddelstyrelsen.dk/da/godkendelse/kontrol-og-inspektion/mangel-paa-medicin/meddelelser-om-forsyning-af-medicin/human-2026/erwinase-forsyningsvanskelighed/,2026-06-18T09:22:00Z,2026-09-23T20:54:00.192236,L01XX02,51519
DK,Denmark,LMST,Iluvien 190 mikrogram intravitreal implantat i applikator,Fluocinolonacetonid ATC-kode: S01BA15 Forventet periode: Start august - slut oktober 2026 Årsag: Produktionsproblemer Virksomhed: Horus Pharma Nordic AB Spørgsmål om aktuel status skal stilles til virksomheden,,,,2026-06-18,2026-10-25,Start august - slut oktober 2026 ,shortage,Produktionsproblemer,https://laegemiddelstyrelsen.dk/da/godkendelse/kontrol-og-inspektion/mangel-paa-medicin/meddelelser-om-forsyning-af-medicin/human-2026/iluvien-forsyningsvanskelighed/,2026-06-18T08:06:00Z,2026-09-23T20:54:00.192239,S01BA15,204315
DK,Denmark,LMST,"Topotecan ""Ebewe"" 1 mg/ml koncentrat til infusionsvæske, opløsning",Topotecan (topotecanhydrochlorid) ATC-kode: L01CE01 Forventet periode: Start juni - slut december 2026 Årsag: Øget salg/efterspørgsel Virksomhed: Ebewe Pharma Ges,,,,2026-06-16,2026-12-25,Start juni - slut december 2026,shortage,Øget salg/efterspørgsel,https://laegemiddelstyrelsen.dk/da/godkendelse/kontrol-og-inspektion/mangel-paa-medicin/meddelelser-om-forsyning-af-medicin/human-2026/topotecan-ebewe-forsyningsvanskelighed/,2026-06-16T11:15:00Z,2026-09-23T20:54:00.192241,L01CE01,
DK,Denmark,LMST,Vectavir 1 % creme,Penciclovir ATC-kode: D06BB06 Forventet periode: Start juni - start oktober 2026 Årsag: Kommercielle årsager Virksomhed: Perrigo Sverige AB Spørgsmål om aktuel status skal stilles til virksomheden,,,,2026-06-12,2026-10-05,Start juni - start oktober 2026,shortage,Kommercielle årsager,https://laegemiddelstyrelsen.dk/da/godkendelse/kontrol-og-inspektion/mangel-paa-medicin/meddelelser-om-forsyning-af-medicin/human-2026/vectavir-1-creme-forsyningsvanskelighed/,2026-06-12T13:24:00Z,2026-09-23T20:54:00.192243,D06BB06,
DK,Denmark,LMST,"ICTHIOVAC ERM koncentrat til badevand, suspension","Yersinia ruckeri, serotype O2, biotype 1, stamme 8365, inaktiveret + Yersinia ruckeri, serotype O1, biotype 1, stamme 8363, inaktiveret   Substans + Yersinia ruckeri, serotype O1, biotype 2, stamme 8302, inaktiveret ATC-kode: QI10AB04 Forventet periode: Start juni - midt oktober 2026 Årsag: Øget salg/efterspørgsel Virksomhed: Laboratorios Hipra S",,,,2026-06-10,2026-10-15,Start juni - midt oktober 2026,shortage,Øget salg/efterspørgsel,https://laegemiddelstyrelsen.dk/da/godkendelse/kontrol-og-inspektion/mangel-paa-medicin/meddelelser-om-forsyning-af-medicin/veterinaer-2026/icthiovac-forsyningsvanskelighed/,2026-06-10T12:58:00Z,2026-09-23T20:54:00.192246,QI10AB04,
DK,Denmark,LMST,"Ropinirol ""Orion"" 8 mg depottabletter",Ropinirol (ropinirolhydrochlorid) ATC-kode: N04BC04 Forventet periode: Midt januar 2025 – midt februar 2027 Årsag: Leveringsvanskeligheder Virksomhed: Orion Pharma A/S Spørgsmål om aktuel status skal stilles til virksomheden,,,,2026-06-10,2025-01-15,Midt januar 2025 – midt februar 2027,shortage,Leveringsvanskeligheder,https://laegemiddelstyrelsen.dk/da/godkendelse/kontrol-og-inspektion/mangel-paa-medicin/meddelelser-om-forsyning-af-medicin/human-2025/ropinirol-orion-8-mg-forsyningsvanskelighed/,2026-06-10T07:38:00Z,2026-09-23T20:54:00.192248,N04BC04,85642
DK,Denmark,LMST,"Ropinirol ""Orion"" 2 mg depottabletter",Ropinirol (ropinirolhydrochlorid) ATC-kode: N04BC04 Forventet periode: Slut december 2024 – slut oktober 2026 Årsag: Leveringsvanskeligheder Virksomhed: Orion Pharma A/S Spørgsmål om aktuel status skal stilles til virksomheden,,,,2026-06-10,2024-10-25,Slut december 2024 – slut oktober 2026,shortage,Leveringsvanskeligheder,https://laegemiddelstyrelsen.dk/da/godkendelse/kontrol-og-inspektion/mangel-paa-medicin/meddelelser-om-forsyning-af-medicin/human-2025/ropinirol-orion-2-mg-forsyningsvanskeligheder/,2026-06-10T07:03:00Z,2026-09-23T20:54:00.192252,N04BC04,
DK,Denmark,LMST,"Recicort Vet. 1,77+17,7 mg/ml øredråber, opløsning","Salicylsyre, triamcinolon (salicylsyre, triamcinolonacetonid) ATC-kode: QD07XB02 Forventet periode: Midt maj 2026 - ukendt Årsag: Produktionsproblemer Virksomhed: Dechra Veterinary Products A/S Spørgsmål om aktuel status skal stilles til virksomheden",,,,2026-06-09,,Midt maj 2026 - ukendt,shortage,Produktionsproblemer,https://laegemiddelstyrelsen.dk/da/godkendelse/kontrol-og-inspektion/mangel-paa-medicin/meddelelser-om-forsyning-af-medicin/veterinaer-2026/recicort-vet-forsyningsvanskelighed/,2026-06-09T06:39:00Z,2026-09-23T20:54:00.192253,QD07XB02,
DK,Denmark,LMST,Anafranil Retard (Orifarm) 75 mg depottabletter,Clomipramin (clomipraminhydrochlorid) ATC-kode: N06AA04 Forventet periode: Slut april 2026 - ukendt Årsag: Leveringsvanskeligheder Virksomhed: Orifarm A/S Spørgsmål om aktuel status skal stilles til virksomheden,,,,2026-06-03,,Slut april 2026 - ukendt,shortage, Leveringsvanskeligheder,https://laegemiddelstyrelsen.dk/da/godkendelse/kontrol-og-inspektion/mangel-paa-medicin/meddelelser-om-forsyning-af-medicin/human-2026/anafranil-retard-orifarm-75-mg-forsyningsvanskelighed/,2026-06-03T10:08:00Z,2026-09-23T20:54:00.192254,N06AA04,18325
DK,Denmark,LMST,"Carprosan Vet. 50 mg/ml injektionsvæske, opløsning",Carprofen ATC-kode: QM01AE91 Forventet periode: Midt maj 2026 - ukendt Årsag: Produktionsproblemer Virksomhed: Dechra Veterinary Products A/S Spørgsmål om aktuel status skal stilles til virksomheden,,,,2026-05-29,,Midt maj 2026 - ukendt,shortage,Produktionsproblemer,https://laegemiddelstyrelsen.dk/da/godkendelse/kontrol-og-inspektion/mangel-paa-medicin/meddelelser-om-forsyning-af-medicin/veterinaer-2026/carprosan-vet-forsyningsvanskelighed/,2026-05-29T11:14:00Z,2026-09-23T20:54:00.192256,QM01AE91,
DK,Denmark,LMST,"Chorulon Vet. 1.500 IE pulver og solvens til injektionsvæske, opløsning",Choriongonadotropin ATC-kode: QG03GA01 Forventet periode: Slut marts 2026 - ukendt Årsag: Produktionsproblemer Virksomhed: MSD Animal Health A/S Spørgsmål om aktuel status skal stilles til virksomheden,,,,2026-05-29,,Slut marts 2026 - ukendt,shortage,Produktionsproblemer,https://laegemiddelstyrelsen.dk/da/godkendelse/kontrol-og-inspektion/mangel-paa-medicin/meddelelser-om-forsyning-af-medicin/veterinaer-2026/chorulon-vet-forsyningsvanskelighed/,2026-05-29T11:09:00Z,2026-09-23T20:54:00.192257,QG03GA01,
DK,Denmark,LMST,"Combigan 2+5 mg/ml øjendråber, opløsning (Abbvie A/S)",Brimonidintartrat og timololmaleat ATC-kode: S01ED51 Forventet periode: Fra start juni 2026 Årsag: Kommercielle årsager Virksomhed: Abbvie A/S Yderligere information: Permanent markedsophør Spørgsmål om aktuel status skal stilles til virksomheden,,,,2026-05-29,,Fra start juni 2026,shortage,Kommercielle årsager,https://laegemiddelstyrelsen.dk/da/godkendelse/kontrol-og-inspektion/mangel-paa-medicin/meddelelser-om-forsyning-af-medicin/human-2026/combigan-abbvie-as-forsyningsvanskelighed/,2026-05-29T07:43:00Z,2026-09-23T20:54:00.192259,S01ED51,213934
DK,Denmark,LMST,"Sedadex 0,5 mg/ml injektionsvæske, opløsning",Dexmedetomidin (dexmedetomidinhydrochlorid) ATC-kode: QN05CM18 Forventet periode: Midt maj 2026 - ukendt Årsag: Produktionsproblemer Virksomhed: Le Vet Beheer B,,,,2026-05-28,,Midt maj 2026 - ukendt,shortage,Produktionsproblemer,https://laegemiddelstyrelsen.dk/da/godkendelse/kontrol-og-inspektion/mangel-paa-medicin/meddelelser-om-forsyning-af-medicin/veterinaer-2026/sedadex-forsyningsvanskelighed/,2026-05-28T09:31:00Z,2026-09-23T20:54:00.192260,QN05CM18,
DK,Denmark,LMST,Dilaterol Vet. 25 mikrogram/ml syrup,Clenbuterol (clenbuterolhydrochlorid) ATC-kode: QR03CC13 Forventet periode: Slut maj 2026 - ukendt Årsag: Produktionsproblemer Virksomhed: Dechra Veterinary Products A/S Spørgsmål om aktuel status skal stilles til virksomheden,,,,2026-05-28,,Slut maj 2026 - ukendt,shortage,Produktionsproblemer,https://laegemiddelstyrelsen.dk/da/godkendelse/kontrol-og-inspektion/mangel-paa-medicin/meddelelser-om-forsyning-af-medicin/veterinaer-2026/dilaterol-vet-forsyningsvanskelighed/,2026-05-28T08:37:00Z,2026-09-23T20:54:00.192261,QR03CC13,
DK,Denmark,LMST,"Torbudine Vet. 10 mg/ml injektionsvæske, opløsning",Butorphanol (butorphanoltartrat) ATC-kode: QN02AF01 Forventet periode: Slut maj 2026 - ukendt Årsag: Produktionsproblemer Virksomhed: Dechra Veterinary Products A/S Spørgsmål om aktuel status skal stilles til virksomheden,,,,2026-05-28,,Slut maj 2026 - ukendt,shortage,Produktionsproblemer,https://laegemiddelstyrelsen.dk/da/godkendelse/kontrol-og-inspektion/mangel-paa-medicin/meddelelser-om-forsyning-af-medicin/veterinaer-2026/torbudine-vet-forsyningsvanskelighed/,2026-05-28T08:10:00Z,2026-09-23T20:54:00.192263,QN02AF01,
DK,Denmark,LMST,"Rominervin Vet. 10 mg/ml injektionsvæske, opløsning",Romifidin (Romifidinhydrochlorid) ATC-kode: QN05CM93 Forventet periode: Slut maj 2026 - ukendt Årsag: Produktionsproblemer Virksomhed: Dechra Veterinary Products A/S Spørgsmål om aktuel status skal stilles til virksomheden,,,,2026-05-27,,Slut maj 2026 - ukendt,shortage,Produktionsproblemer,https://laegemiddelstyrelsen.dk/da/godkendelse/kontrol-og-inspektion/mangel-paa-medicin/meddelelser-om-forsyning-af-medicin/veterinaer-2026/rominervin-vet-forsyningsvanskelighed/,2026-05-27T13:44:00Z,2026-09-23T20:54:00.192264,QN05CM93,
DK,Denmark,LMST,"Bupredine Vet. 0,3 mg/ml injektionsvæske, opløsning",Buprenorphin ATC-kode: QN02AE01 Forventet periode: Midt maj 2026 - ukendt Årsag: Produktionsproblemer Virksomhed: Dechra Veterinary Products A/S Spørgsmål om aktuel status skal stilles til virksomheden,,,,2026-05-27,,Midt maj 2026 - ukendt,shortage,Produktionsproblemer,https://laegemiddelstyrelsen.dk/da/godkendelse/kontrol-og-inspektion/mangel-paa-medicin/meddelelser-om-forsyning-af-medicin/veterinaer-2026/bupredine-vet-forsyningsvanskelighed/,2026-05-27T11:18:00Z,2026-09-23T20:54:00.192265,QN02AE01,
DK,Denmark,LMST,Domperidon Carefarm 10 mg tabletter,Domperidon ATC-kode: A03FA03 Forventet periode: Slut marts 2026 - ukendt Årsag: Leveringsvanskeligheder Virksomhed: Orifarm A/S Yderligere information: Det er muligt at søge om udleveringstilladelse Spørgsmål om aktuel status skal stilles til virksomheden,,,,2026-05-27,,Slut marts 2026 - ukendt,shortage,Leveringsvanskeligheder,https://laegemiddelstyrelsen.dk/da/godkendelse/kontrol-og-inspektion/mangel-paa-medicin/meddelelser-om-forsyning-af-medicin/human-2026/domperidon-carefarm-forsyningsvanskelighed/,2026-05-27T11:13:00Z,2026-09-23T20:54:00.192266,A03FA03,6297
DK,Denmark,LMST,"Sedastop Vet. 5 mg/ml injektionsvæske, opløsning ",Atipamezol (atipamezolhydrochlorid) ATC-kode: QV03AB90 Forventet periode: Midt maj 2026 - ukendt Årsag: Produktionsproblemer Virksomhed: Dechra Veterinary Products A/S Spørgsmål om aktuel status skal stilles til virksomheden,,,,2026-05-27,,Midt maj 2026 - ukendt,shortage,Produktionsproblemer,https://laegemiddelstyrelsen.dk/da/godkendelse/kontrol-og-inspektion/mangel-paa-medicin/meddelelser-om-forsyning-af-medicin/veterinaer-2026/sedastop-vet-forsyningsvanskelighed/,2026-05-27T08:58:00Z,2026-09-23T20:54:00.192268,QV03AB90,
DK,Denmark,LMST,Novaquin 15 mg/ml oral suspension,Meloxicam ATC-kode: QM01AC06 Forventet periode: Slut maj 2026 - ukendt Årsag: Produktionsproblemer Virksomhed: Dechra Veterinary Products A/S Spørgsmål om aktuel status skal stilles til virksomheden,,,,2026-05-27,,Slut maj 2026 - ukendt,shortage,Produktionsproblemer,https://laegemiddelstyrelsen.dk/da/godkendelse/kontrol-og-inspektion/mangel-paa-medicin/meddelelser-om-forsyning-af-medicin/veterinaer-2026/novaquin-forsyningsvanskelighed/,2026-05-27T08:45:00Z,2026-09-23T20:54:00.192269,QM01AC06,
DK,Denmark,LMST,Sporimune Vet. 50 mg/ml oral opløsning ,Ciclosporin ATC-kode: QL04AD01 Forventet periode: Midt maj 2026 - ukendt Årsag: Produktionsproblemer Virksomhed: Dechra Veterinary Products A/S Spørgsmål om aktuel status skal stilles til virksomheden,,,,2026-05-27,,Midt maj 2026 - ukendt,shortage,Produktionsproblemer,https://laegemiddelstyrelsen.dk/da/godkendelse/kontrol-og-inspektion/mangel-paa-medicin/meddelelser-om-forsyning-af-medicin/veterinaer-2026/sporimune-vet-forsyningsvanskelighed/,2026-05-27T08:37:00Z,2026-09-23T20:54:00.192270,QL04AD01,
DK,Denmark,LMST,"Meloxidolor 20 mg/ml injektionsvæske, opløsning",Meloxicam ATC-kode: QM01AC06 Forventet periode: Midt maj 2026 - ukendt Årsag: Produktionsproblemer Virksomhed: Dechra Veterinary Products A/S Spørgsmål om aktuel status skal stilles til virksomheden,,,,2026-05-27,,Midt maj 2026 - ukendt,shortage,Produktionsproblemer,https://laegemiddelstyrelsen.dk/da/godkendelse/kontrol-og-inspektion/mangel-paa-medicin/meddelelser-om-forsyning-af-medicin/veterinaer-2026/meloxidolor-20-mgml-forsyningsvanskelighed/,2026-05-27T07:36:00Z,2026-09-23T20:54:00.192271,QM01AC06,
DK,Denmark,LMST,"Meloxidolor 5 mg/ml injektionsvæske, opløsning",Meloxicam ATC-kode: QM01AC06 Forventet periode: Midt maj 2026 - ukendt Årsag: Produktionsproblemer Virksomhed: Dechra Veterinary Products A/S Spørgsmål om aktuel status skal stilles til virksomheden,,,,2026-05-27,,Midt maj 2026 - ukendt,shortage,Produktionsproblemer,https://laegemiddelstyrelsen.dk/da/godkendelse/kontrol-og-inspektion/mangel-paa-medicin/meddelelser-om-forsyning-af-medicin/veterinaer-2026/meloxidolor-5-mgml-forsyningsvanskelighed/,2026-05-27T07:35:00Z,2026-09-23T20:54:00.192273,QM01AC06,
DK,Denmark,LMST,"Ketodine vet. 100 mg/ml injektionsvæske, opløsning",Ketoprofen ATC-kode: QM01AE03 Forventet periode: Midt maj 2026 - ukendt Årsag: Produktionsproblemer Virksomhed: Dechra Veterinary Products A/S Spørgsmål om aktuel status skal stilles til virksomheden,,,,2026-05-26,,Midt maj 2026 - ukendt,shortage,Produktionsproblemer,https://laegemiddelstyrelsen.dk/da/godkendelse/kontrol-og-inspektion/mangel-paa-medicin/meddelelser-om-forsyning-af-medicin/veterinaer-2026/ketodine-vet-forsyningsvanskelighed/,2026-05-26T17:09:00Z,2026-09-23T20:54:00.192274,QM01AE03,
DK,Denmark,LMST,"Cepetor Vet. 1 mg/ml injektionsvæske, opløsning",Medetomidin (medetomidinhydrochlorid) ATC-kode: QN05CM91 Forventet periode: Start maj 2026 - ukendt Årsag: Produktionsproblemer Virksomhed: ScanVet Animal Health A/S Spørgsmål om aktuel status skal stilles til virksomheden,,,,2026-05-26,,Start maj 2026 - ukendt,shortage,Produktionsproblemer,https://laegemiddelstyrelsen.dk/da/godkendelse/kontrol-og-inspektion/mangel-paa-medicin/meddelelser-om-forsyning-af-medicin/veterinaer-2026/cepetor-vet-forsyningsvanskelighed/,2026-05-26T12:50:00Z,2026-09-23T20:54:00.192275,QN05CM91,
DK,Denmark,LMST,"Revertor Vet. 5 mg/ml injektionsvæske, opløsning",Atipamezol (atipamezolhydrochlorid) ATC-kode: QV03AB90 Forventet periode: Start maj 2026 - ukendt Årsag: Produktionsproblemer Virksomhed: ScanVet Animal Health A/S Spørgsmål om aktuel status skal stilles til virksomheden,,,,2026-05-26,,Start maj 2026 - ukendt,shortage,Produktionsproblemer,https://laegemiddelstyrelsen.dk/da/godkendelse/kontrol-og-inspektion/mangel-paa-medicin/meddelelser-om-forsyning-af-medicin/veterinaer-2026/revertor-vet-forsyningsvanskelighed/,2026-05-26T12:49:00Z,2026-09-23T20:54:00.192277,QV03AB90,
DK,Denmark,LMST,"Targocid 400 mg pulver til injektions-/infusionsvæske, opløsning eller oral opløsning",Teicoplanin ATC-kode: J01XA02 Forventet periode: Start april 2026 - ukendt Årsag: Leveringsvanskeligheder Virksomhed: Orifarm A/S Spørgsmål om aktuel status skal stilles til virksomheden,,,,2026-05-22,,Start april 2026 - ukendt ,shortage,Leveringsvanskeligheder,https://laegemiddelstyrelsen.dk/da/godkendelse/kontrol-og-inspektion/mangel-paa-medicin/meddelelser-om-forsyning-af-medicin/human-2026/targocid-400-mg-forsyningsvanskelighed/,2026-05-22T09:58:00Z,2026-09-23T20:54:00.192278,J01XA02,33588
DK,Denmark,LMST,"Noromylin Vet. 100 mg/ml injektionsvæske, opløsning",Lincomycin (Lincomycinhydrochlorid) ATC-kode: QJ01FF02 Forventet periode: Start maj 2026 - ukendt Årsag: Produktionsproblemer Virksomhed: ScanVet Animal Health A/S Spørgsmål om aktuel status skal stilles til virksomheden,,,,2026-05-22,,Start maj 2026 - ukendt,shortage,Produktionsproblemer,https://laegemiddelstyrelsen.dk/da/godkendelse/kontrol-og-inspektion/mangel-paa-medicin/meddelelser-om-forsyning-af-medicin/veterinaer-2026/noromylin-vet-forsyningsvanskelighed/,2026-05-22T09:38:00Z,2026-09-23T20:54:00.192279,QJ01FF02,
DK,Denmark,LMST,Flunipaste 50 mg/g oral gel,Flunixin ATC-kode: QM01AG90 Forventet periode: Start maj 2026 - ukendt Årsag: Produktionsproblemer Virksomhed: ScanVet Animal Health A/S Spørgsmål om aktuel status skal stilles til virksomheden,,,,2026-05-22,,Start maj 2026 - ukendt,shortage,Produktionsproblemer,https://laegemiddelstyrelsen.dk/da/godkendelse/kontrol-og-inspektion/mangel-paa-medicin/meddelelser-om-forsyning-af-medicin/veterinaer-2026/flunipaste-forsyningsvanskelighed/,2026-05-22T09:28:00Z,2026-09-23T20:54:00.192280,QM01AG90,
DK,Denmark,LMST,"Emedog 1 mg/ml injektionsvæske, opløsning",Apomorphin (apomorphinhydrochlorid hemihydrat) ATC-kode: QN04BC07 Forventet periode: Start maj - slut december 2026 Årsag: Øget salg/efterspørgsel Virksomhed: proVET Nordic ApS Spørgsmål om aktuel status skal stilles til virksomheden,,,,2026-05-21,2026-12-25,Start maj - slut december 2026,shortage,Øget salg/efterspørgsel,https://laegemiddelstyrelsen.dk/da/godkendelse/kontrol-og-inspektion/mangel-paa-medicin/meddelelser-om-forsyning-af-medicin/veterinaer-2026/emedog-forsyningsvanskelighed/,2026-05-21T09:35:00Z,2026-09-23T20:54:00.192283,QN04BC07,
DK,Denmark,LMST,"Versican Plus DHPPi/L4 lyofilisat og solvens til injektionsvæske, suspension (Orifarm)",Distemper virus+adenovirus+parvovirus+parainfluenzavirus+leptospira vaccine ATC-kode: QI07AI02 Forventet periode: Midt maj 2026 - ukendt Årsag: Leveringsvanskeligheder Virksomhed: Orifarm A/S Spørgsmål om aktuel status skal stilles til virksomheden,,,,2026-05-20,,Midt maj 2026 - ukendt,shortage,Leveringsvanskeligheder,https://laegemiddelstyrelsen.dk/da/godkendelse/kontrol-og-inspektion/mangel-paa-medicin/meddelelser-om-forsyning-af-medicin/veterinaer-2026/versican-plus-dhppil4-orifarm-forsyningsvanskelighed/,2026-05-20T11:15:00Z,2026-09-23T20:54:00.192284,QI07AI02,
DK,Denmark,LMST,"Fotil Forte 40+5 mg/ml øjendråber, opløsning, enkeltdosisbeholder",Pilocarpin og timolol ATC-kode: S01EB51 Forventet periode: Fra start august 2026 Årsag: Kommercielle årsager Virksomhed: Santen Oy Yderligere information: Permanent markedsophør Spørgsmål om aktuel status skal stilles til virksomheden,,,,2026-05-20,,Fra start august 2026,shortage,Kommercielle årsager,"https://laegemiddelstyrelsen.dk/da/godkendelse/kontrol-og-inspektion/mangel-paa-medicin/meddelelser-om-forsyning-af-medicin/human-2026/fotil-forte-oejendraaber,-enkeltdosisbeholder-forsyningsvanskelighed/",2026-05-20T08:51:00Z,2026-09-23T20:54:00.192286,S01EB51,
DK,Denmark,LMST,Bravecto 250 mg tyggetabletter (Orifarm),Fluralaner ATC-kode: QP53BE02 Forventet periode: Slut marts 2026 - ukendt Årsag: Leveringsvanskeligheder Virksomhed: Orifarm A/S Spørgsmål om aktuel status skal stilles til virksomheden,,,,2026-05-20,,Slut marts 2026 - ukendt,shortage,Leveringsvanskeligheder,https://laegemiddelstyrelsen.dk/da/godkendelse/kontrol-og-inspektion/mangel-paa-medicin/meddelelser-om-forsyning-af-medicin/veterinaer-2026/bravecto-250-mg-orifarm-forsyningsvanskelighed/,2026-05-20T08:37:00Z,2026-09-23T20:54:00.192287,QP53BE02,
DK,Denmark,LMST,"Bravecto 1400 mg tyggetabletter, 2 stk. (Orifarm)",Fluralaner ATC-kode: QP53BE02 Forventet periode: Midt december 2025 - ukendt Årsag: Leveringsvanskeligheder Virksomhed: Orifarm A/S Spørgsmål om aktuel status skal stilles til virksomheden,,,,2026-05-20,,Midt december 2025 - ukendt,shortage,Leveringsvanskeligheder,https://laegemiddelstyrelsen.dk/da/godkendelse/kontrol-og-inspektion/mangel-paa-medicin/meddelelser-om-forsyning-af-medicin/veterinaer-2026/bravecto-1400-mg-orifarm-forsyningsvanskelighed/,2026-05-20T07:24:00Z,2026-09-23T20:54:00.192288,QP53BE02,
DK,Denmark,LMST,"Bravecto 1000 mg tyggetabletter, 1 stk. (Orifarm)",Fluralaner ATC-kode: QP53BE02 Forventet periode: Slut april 2026 - ukendt Årsag: Leveringsvanskeligheder Virksomhed: Orifarm A/S Spørgsmål om aktuel status skal stilles til virksomheden,,,,2026-05-20,,Slut april 2026 - ukendt,shortage,Leveringsvanskeligheder,https://laegemiddelstyrelsen.dk/da/godkendelse/kontrol-og-inspektion/mangel-paa-medicin/meddelelser-om-forsyning-af-medicin/veterinaer-2026/bravecto-1000-mg-orifarm-forsyningsvanskelighed/,2026-05-20T07:11:00Z,2026-09-23T20:54:00.192289,QP53BE02,
DK,Denmark,LMST,Previcox 227 mg tyggetabletter (Orifarm),Firocoxib ATC-kode: QM01AH90 Forventet periode: Slut februar 2026 - ukendt Årsag: Leveringsvanskeligheder Virksomhed: Orifarm A/S Spørgsmål om aktuel status skal stilles til virksomheden,,,,2026-05-20,,Slut februar 2026 - ukendt,shortage,Leveringsvanskeligheder,https://laegemiddelstyrelsen.dk/da/godkendelse/kontrol-og-inspektion/mangel-paa-medicin/meddelelser-om-forsyning-af-medicin/veterinaer-2026/previcox-227-mg-orifarm-forsyningsvanskelighed/,2026-05-20T06:48:00Z,2026-09-23T20:54:00.192291,QM01AH90,
DK,Denmark,LMST,Vivelle Dot 75 mikrog./24 timer depotplastre,Estradiol (Estradiolhemihydrat) ATC-kode: G03CA03 Forventet periode: Midt maj - slut september 2026 Årsag: Øget salg/efterspørgsel Virksomhed: Sandoz A/S Spørgsmål om aktuel status skal stilles til virksomheden,,,,2026-05-19,2026-09-25,Midt maj - slut september 2026,shortage,Øget salg/efterspørgsel,https://laegemiddelstyrelsen.dk/da/godkendelse/kontrol-og-inspektion/mangel-paa-medicin/meddelelser-om-forsyning-af-medicin/human-2026/vivelle-dot-75-mikrogram24-timer-forsyningsvanskelighed/,2026-05-19T13:38:00Z,2026-09-23T20:54:00.192293,G03CA03,
DK,Denmark,LMST,"Dacarbazine ""Lipomed"" 500 mg pulver til infusionsvæske, opløsning",Dacarbazin ATC-kode: L01AX04 Forventet periode: Start april - slut december 2026 Årsag: Kommercielle årsager Virksomhed: Lipomed GmbH Spørgsmål om aktuel status skal stilles til virksomheden,,,,2026-05-19,2026-12-25,Start april - slut december 2026,shortage,Kommercielle årsager,https://laegemiddelstyrelsen.dk/da/godkendelse/kontrol-og-inspektion/mangel-paa-medicin/meddelelser-om-forsyning-af-medicin/human-2026/dacarbazine-lipomed-500-mg-forsyningsvanskelighed/,2026-05-19T13:15:00Z,2026-09-23T20:54:00.192295,L01AX04,51160
DK,Denmark,LMST,"Rimactan 150 mg kapsler, hårde",Rifampicin ATC-kode: J04AB02 Forventet periode: Slut april - slut december 2026 Årsag: Forsinkelser hos fremstiller Virksomhed: Sandoz A/S Spørgsmål om aktuel status skal stilles til virksomheden,,,,2026-05-18,2026-12-25,Slut april - slut december 2026,shortage,Forsinkelser hos fremstiller,"https://laegemiddelstyrelsen.dk/da/godkendelse/kontrol-og-inspektion/mangel-paa-medicin/meddelelser-om-forsyning-af-medicin/human-2026/rimactan-150-mg-kapsler,-haarde-forsyningsvanskelighed/",2026-05-18T13:30:00Z,2026-09-23T20:54:00.192298,J04AB02,264
DK,Denmark,LMST,Lasix Retard 60 mg depotkapsler (Orifarm A/S),Furosemid ATC-kode: C03CA01 Forventet periode: Start april 2026 - ukendt Årsag: Leveringsvanskeligheder Virksomhed: Orifarm A/S Spørgsmål om aktuel status skal stilles til virksomheden,,,,2026-05-13,,Start april 2026 - ukendt,shortage,Leveringsvanskeligheder,https://laegemiddelstyrelsen.dk/da/godkendelse/kontrol-og-inspektion/mangel-paa-medicin/meddelelser-om-forsyning-af-medicin/human-2026/lasix-retard-orifarm-as-forsyningsvanskelighed/,2026-05-13T07:16:00Z,2026-09-23T20:54:00.192299,C03CA01,20877
DK,Denmark,LMST,"Dzuveo 30 mikrogram resoribletter, sublinguale",Sufentanil (Sufentanilcitrat) ATC-kode: N01AH03 Forventet periode: Slut juli 2026 - ukendt Årsag: Kommercielle årsager Virksomhed: Laboratoire Aguettant Spørgsmål om aktuel status skal stilles til virksomheden,,,,2026-05-12,,Slut juli 2026 - ukendt,shortage,Kommercielle årsager,https://laegemiddelstyrelsen.dk/da/godkendelse/kontrol-og-inspektion/mangel-paa-medicin/meddelelser-om-forsyning-af-medicin/human-2026/dzuveo-forsyningsvanskelighed/,2026-05-12T12:42:00Z,2026-09-23T20:54:00.192301,N01AH03,218391
DK,Denmark,LMST,"Norospeclin Vet. 50 + 100 mg/ml injektionsvæske, opløsning","Lincomycin, spectinomycin (lincomycinhydrochlorid, spectinomycinhydrochlorid) ATC-kode: QJ01FF52 Forventet periode: Start maj 2026 - ukendt Årsag: Produktionsproblemer Virksomhed: ScanVet Animal Health A/S Spørgsmål om aktuel status skal stilles til virksomheden",,,,2026-05-12,,Start maj 2026 - ukendt ,shortage,Produktionsproblemer,https://laegemiddelstyrelsen.dk/da/godkendelse/kontrol-og-inspektion/mangel-paa-medicin/meddelelser-om-forsyning-af-medicin/veterinaer-2026/norospeclin-vet-forsyningsvanskelighed/,2026-05-12T12:39:00Z,2026-09-23T20:54:00.192302,QJ01FF52,
DK,Denmark,LMST,Droncit Vet. 50 mg tabletter (Orifarm A/S),Praziquantel ATC-kode: QP52AA01 Forventet periode: Midt april 2026 - ukendt Årsag: Leveringsvanskeligheder Virksomhed: Orifarm A/S Spørgsmål om aktuel status skal stilles til virksomheden,,,,2026-05-12,,Midt april 2026 - ukendt,shortage,Leveringsvanskeligheder,https://laegemiddelstyrelsen.dk/da/godkendelse/kontrol-og-inspektion/mangel-paa-medicin/meddelelser-om-forsyning-af-medicin/veterinaer-2026/droncit-vet-orifarm-as-forsyningsvanskelighed/,2026-05-12T11:20:00Z,2026-09-23T20:54:00.192304,QP52AA01,
DK,Denmark,LMST,"Clonidinhydrochlorid ""Orifarm"" 150 mikrogram/ml injektionsvæske, opløsning ",Clonidin (Clonidinhydrochlorid) ATC-kode: C02AC01 Forventet periode: Midt december 2025 - ukendt Årsag: Leveringsvanskeligheder Virksomhed: Orifarm A/S Spørgsmål om aktuel status skal stilles til virksomheden,,,,2026-05-12,,Midt december 2025 - ukendt,shortage,Leveringsvanskeligheder,https://laegemiddelstyrelsen.dk/da/godkendelse/kontrol-og-inspektion/mangel-paa-medicin/meddelelser-om-forsyning-af-medicin/human-2026/clonidinhydrochlorid-orifarm-forsyningsvanskelighed/,2026-05-12T11:10:00Z,2026-09-23T20:54:00.192305,C02AC01,1449
DK,Denmark,LMST,"Cinacalcet ""Teva"" 30 mg filmovertrukne tabletter",Cinacalcet ATC-kode: H05BX01 Forventet periode: Midt juni 2024 - slut august 2026 Årsag: Forsinkelser hos fremstiller Virksomhed: Teva Denmark A/S Spørgsmål om aktuel status skal stilles til virksomheden,,,,2026-05-11,2026-08-25,Midt juni 2024 - slut august  2026,shortage,Forsinkelser hos fremstiller,https://laegemiddelstyrelsen.dk/da/godkendelse/kontrol-og-inspektion/mangel-paa-medicin/meddelelser-om-forsyning-af-medicin/human-2025/cinacalcet-teva-30-mg-forsyningsvanskelighed/,2026-05-11T14:21:00Z,2026-09-23T20:54:00.192307,H05BX01,77100
DK,Denmark,LMST,Fosrenol 1000 mg oralt pulver,Lanthanum (lanthanumcarbonathydrat) ATC-kode: V03AE03 Forventet periode: Slut april 2026 - ukendt Årsag: Leveringsvanskeligheder Virksomhed: Orifarm A/S Spørgsmål om aktuel status skal stilles til virksomheden,,,,2026-05-11,,Slut april 2026 - ukendt,shortage,Leveringsvanskeligheder,https://laegemiddelstyrelsen.dk/da/godkendelse/kontrol-og-inspektion/mangel-paa-medicin/meddelelser-om-forsyning-af-medicin/human-2026/fosrenol-1000-mg-oralt-pulver-forsyningsvanskelighed/,2026-05-11T09:33:00Z,2026-09-23T20:54:00.192309,V03AE03,102512
DK,Denmark,LMST,"Frovatriptan ""Viatris"" 2,5 mg filmovertrukne tabletter",Frovatriptan (frovatriptansuccinat monohydrate) ATC-kode: N02CC07 Forventet periode: Midt maj - slut november 2026 Årsag: Produktionsproblemer Virksomhed: Viatris ApS Spørgsmål om aktuel status skal stilles til virksomheden,,,,2026-05-11,2026-11-25,Midt maj - slut november 2026,shortage,Produktionsproblemer,https://laegemiddelstyrelsen.dk/da/godkendelse/kontrol-og-inspektion/mangel-paa-medicin/meddelelser-om-forsyning-af-medicin/human-2026/frovatriptan-viatris-forsyningsvanskelighed/,2026-05-11T08:56:00Z,2026-09-23T20:54:00.192311,N02CC07,70688
DK,Denmark,LMST,Asmanex Twisthaler 200 mikrogram/dosis inhalationspulver (Orifarm),Mometason ATC-kode: R03BA07 Forventet periode: Midt marts 2026 - ukendt Årsag: Leveringsvanskeligheder Virksomhed: Orifarm A/S Spørgsmål om aktuel status skal stilles til virksomheden,,,,2026-05-11,,Midt marts 2026 - ukendt,shortage,Leveringsvanskeligheder,https://laegemiddelstyrelsen.dk/da/godkendelse/kontrol-og-inspektion/mangel-paa-medicin/meddelelser-om-forsyning-af-medicin/human-2026/asmanex-twisthaler-200-mikrogramdosis-orifarm-forsyningsvanskelighed/,2026-05-11T08:37:00Z,2026-09-23T20:54:00.192312,R03BA07,
DK,Denmark,LMST,Asmanex Twisthaler 200 mikrogram/dosis inhalationspulver (Organon),Mometason ATC-kode: R03BA07 Forventet periode: Fra midt maj 2026 Årsag: Leveringsvanskeligheder Virksomhed: Organon Denmark ApS Yderligere information: Permanent markedsophør Spørgsmål om aktuel status skal stilles til virksomheden,,,,2026-05-11,,Fra midt maj 2026,shortage,Leveringsvanskeligheder,https://laegemiddelstyrelsen.dk/da/godkendelse/kontrol-og-inspektion/mangel-paa-medicin/meddelelser-om-forsyning-af-medicin/human-2026/asmanex-twisthaler-200-mikrogramdosis-organon-forsyningsvanskelighed/,2026-05-11T08:34:00Z,2026-09-23T20:54:00.192314,R03BA07,
DK,Denmark,LMST,Asmanex Twisthaler 400 mikrogram/dosis inhalationspulver,Mometason ATC-kode: R03BA07 Forventet periode: Fra midt maj 2026 Årsag: Leveringsvanskeligheder Virksomhed: Organon Denmark ApS Yderligere information: Permanent markedsophør Spørgsmål om aktuel status skal stilles til virksomheden,,,,2026-05-11,,Fra midt maj 2026,shortage,Leveringsvanskeligheder,https://laegemiddelstyrelsen.dk/da/godkendelse/kontrol-og-inspektion/mangel-paa-medicin/meddelelser-om-forsyning-af-medicin/human-2026/asmanex-twisthaler-400-mikrogramdosis-forsyningsvanskelighed/,2026-05-11T08:32:00Z,2026-09-23T20:54:00.192315,R03BA07,
DK,Denmark,LMST,OsvaRen 435+235 mg filmovertrukne tabletter,"Calciumacetat, magnesiumcarbonat ATC-kode: V03AE04 Forventet periode: Midt august 2025 - ukendt Årsag: Leveringsvanskeligheder Virksomhed: Orifarm A/S Yderligere information: Det er muligt at søge om udleveringstilladelse Spørgsmål om aktuel status skal stilles til virksomheden",,,,2026-05-08,,Midt august 2025 - ukendt,shortage,Leveringsvanskeligheder,https://laegemiddelstyrelsen.dk/da/godkendelse/kontrol-og-inspektion/mangel-paa-medicin/meddelelser-om-forsyning-af-medicin/human-2025/osvaren-forsyningsvanskelighed/,2026-05-08T15:42:00Z,2026-09-23T20:54:00.192316,V03AE04,98167
DK,Denmark,LMST,"Vetemex Vet. 10 mg/ml injektionsvæske, opløsning",Maropitant ATC-kode: QA04AD90 Forventet periode: Start maj 2026 - ukendt Årsag: Produktionsproblemer Virksomhed: ScanVet Animal Health A/S Spørgsmål om aktuel status skal stilles til virksomheden,,,,2026-05-08,,Start maj 2026 - ukendt,shortage,Produktionsproblemer,https://laegemiddelstyrelsen.dk/da/godkendelse/kontrol-og-inspektion/mangel-paa-medicin/meddelelser-om-forsyning-af-medicin/veterinaer-2026/vetemex-vet-forsyningsvanskelighed/,2026-05-08T14:08:00Z,2026-09-23T20:54:00.192317,QA04AD90,
DK,Denmark,LMST,"Cepesedan Vet. 10 mg/ml injektionsvæske, opløsning",Detomidin (detomidinhydrochlorid) ATC-kode: QN05CM90 Forventet periode: Start maj 2026 - ukendt Årsag: Produktionsproblemer Virksomhed: ScanVet Animal Health A/S Spørgsmål om aktuel status skal stilles til virksomheden,,,,2026-05-08,,Start maj 2026 - ukendt,shortage,Produktionsproblemer,https://laegemiddelstyrelsen.dk/da/godkendelse/kontrol-og-inspektion/mangel-paa-medicin/meddelelser-om-forsyning-af-medicin/veterinaer-2026/cepesedan-vet-forsyningsvanskelighed/,2026-05-08T12:50:00Z,2026-09-23T20:54:00.192319,QN05CM90,
DK,Denmark,LMST,"Cepedex 0,5 mg/ml injektionsvæske, opløsning",Dexmedetomidin (dexmedetomidinhydrochlorid) ATC-kode: QN05CM18 Forventet periode: Start maj 2026 - ukendt Årsag: Produktionsproblemer Virksomhed: ScanVet Animal Health A/S Spørgsmål om aktuel status skal stilles til virksomheden,,,,2026-05-08,,Start maj 2026 - ukendt,shortage,Produktionsproblemer,https://laegemiddelstyrelsen.dk/da/godkendelse/kontrol-og-inspektion/mangel-paa-medicin/meddelelser-om-forsyning-af-medicin/veterinaer-2026/cepedex-forsyningsvanskelighed/,2026-05-08T10:56:00Z,2026-09-23T20:54:00.192320,QN05CM18,
DK,Denmark,LMST,"Ogluo (Orifarm) 1 mg injektionsvæske, opløsning i fyldt pen",Glucagon ATC-kode: H04AA01 Forventet periode: Midt marts 2026 - ukendt Årsag: Leveringsvanskeligheder Virksomhed: Orifarm A/S Spørgsmål om aktuel status skal stilles til virksomheden,,,,2026-05-07,,Midt marts 2026 - ukendt,shortage,Leveringsvanskeligheder,https://laegemiddelstyrelsen.dk/da/godkendelse/kontrol-og-inspektion/mangel-paa-medicin/meddelelser-om-forsyning-af-medicin/human-2026/ogluo-orifarm-1-mg-forsyningsvanskelighed/,2026-05-07T12:55:00Z,2026-09-23T20:54:00.192321,H04AA01,225568
DK,Denmark,LMST,"Combigan 2+5 mg/ml øjendråber, opløsning (2care4 ApS)",Brimonidintartrat og timololmaleat ATC-kode: S01ED51 Forventet periode: Slut april 2026 - ukendt Årsag: Øget salg/efterspørgsel Virksomhed: 2care4 ApS Spørgsmål om aktuel status skal stilles til virksomheden,,,,2026-05-07,,Slut april 2026 - ukendt,shortage,Øget salg/efterspørgsel,https://laegemiddelstyrelsen.dk/da/godkendelse/kontrol-og-inspektion/mangel-paa-medicin/meddelelser-om-forsyning-af-medicin/human-2026/combigan-2care4-aps-forsyningsvanskelighed/,2026-05-07T08:36:00Z,2026-09-23T20:54:00.192322,S01ED51,213934
DK,Denmark,LMST,"Risperidone ""Teva GmbH"" 50 mg pulver og solvens til depotinjektionsvæske, suspension ",Risperidon ATC-kode: N05AX08 Forventet periode: Midt marts 2025 -ukendt Årsag: Produktionsproblemer Virksomhed: Teva Denmark A/S Spørgsmål om aktuel status skal stilles til virksomheden,,,,2026-05-06,,Midt marts 2025 - ukendt,shortage,Produktionsproblemer,https://laegemiddelstyrelsen.dk/da/godkendelse/kontrol-og-inspektion/mangel-paa-medicin/meddelelser-om-forsyning-af-medicin/human-2025/risperidone-teva-gmbh-50-mg-forsyningsvanskelighed/,2026-05-06T11:03:00Z,2026-09-23T20:54:00.192323,N05AX08,68284
DK,Denmark,LMST,"Risperidone ""Teva GmbH"" 37,5 mg pulver og solvens til depotinjektionsvæske, suspension",Risperidon ATC-kode: N05AX08 Forventet periode: Start januar 2025 - ukendt Årsag: Produktionsproblemer Virksomhed: Teva Denmark A/S Spørgsmål om aktuel status skal stilles til virksomheden,,,,2026-05-06,,Start januar 2025 - ukendt,shortage,Produktionsproblemer,"https://laegemiddelstyrelsen.dk/da/godkendelse/kontrol-og-inspektion/mangel-paa-medicin/meddelelser-om-forsyning-af-medicin/human-2025/risperidone-teva-gmbh-37,5-mg-depotinjektionsvaeske-forsyningsvanskelighed/",2026-05-06T11:02:00Z,2026-09-23T20:54:00.192325,N05AX08,68276
DK,Denmark,LMST,"Risperidone ""Teva GmbH"" 25 mg pulver og solvens til depotinjektionsvæske, suspension",Risperidon ATC-kode: N05AX08 Forventet periode: Start januar 2025 - ukendt Årsag: Produktionsproblemer Virksomhed: Teva Denmark A/S Spørgsmål om aktuel status skal stilles til virksomheden,,,,2026-05-06,,Start januar 2025 - ukendt,shortage,Produktionsproblemer,https://laegemiddelstyrelsen.dk/da/godkendelse/kontrol-og-inspektion/mangel-paa-medicin/meddelelser-om-forsyning-af-medicin/human-2025/risperidone-teva-gmbh-25-mg-depotinjektionsvaeske-forsyningsvanskelighed/,2026-05-06T11:01:00Z,2026-09-23T20:54:00.192326,N05AX08,68268
DK,Denmark,LMST,Vivelle Dot 25 mikrog./24 timer depotplastre,Estradiol (Estradiolhemihydrat) ATC-kode: G03CA03 Forventet periode: Midt april - midt september 2026 Årsag: Produktionsproblemer Virksomhed: Sandoz A/S Spørgsmål om aktuel status skal stilles til virksomheden,,,,2026-05-06,2026-09-15,Midt april - midt september 2026,shortage,Produktionsproblemer,https://laegemiddelstyrelsen.dk/da/godkendelse/kontrol-og-inspektion/mangel-paa-medicin/meddelelser-om-forsyning-af-medicin/human-2026/vivelle-dot-25-mikrog24-timer-forsyningsvanskelighed/,2026-05-06T10:59:00Z,2026-09-23T20:54:00.192328,G03CA03,
DK,Denmark,LMST,"Vivelle Dot 37,5 mikrog./24 timer depotplastre",Estradiol (Estradiolhemihydrat) ATC-kode: G03CA03 Forventet periode: Start april - slut september 2026 Årsag: Produktionsproblemer Virksomhed: Sandoz A/S Spørgsmål om aktuel status skal stilles til virksomheden,,,,2026-04-30,2026-09-25,Start april - slut september 2026,shortage,Produktionsproblemer,"https://laegemiddelstyrelsen.dk/da/godkendelse/kontrol-og-inspektion/mangel-paa-medicin/meddelelser-om-forsyning-af-medicin/human-2026/vivelle-dot-37,5-mikrog24-timer-forsyningsvanskelighed/",2026-04-30T14:10:00Z,2026-09-23T20:54:00.192331,G03CA03,
DK,Denmark,LMST,Simvanor 80 mg filmovertrukne tabletter,Simvastatin ATC-kode: C10AA01 Forventet periode: Slut april 2026 - ukendt Årsag: Leveringsvanskeligheder Virksomhed: Paranova Danmark A/S Spørgsmål om aktuel status skal stilles til virksomheden,,,,2026-04-27,,Slut april 2026 - ukendt,shortage,Leveringsvanskeligheder,https://laegemiddelstyrelsen.dk/da/godkendelse/kontrol-og-inspektion/mangel-paa-medicin/meddelelser-om-forsyning-af-medicin/human-2026/simvanor-80-mg-filmovertrukne-tabletter-forsyningsvanskelighed/,2026-04-27T11:02:00Z,2026-09-23T20:54:00.192332,C10AA01,76368
DK,Denmark,LMST,"Simvastatin ""Teva"" 80 mg filmovertrukne tabletter",Simvastatin ATC-kode: C10AA01 Forventet periode: Midt april 2026 - ukendt Årsag: Produktionsproblemer Virksomhed: Teva Denmark A/S Spørgsmål om aktuel status skal stilles til virksomheden,,,,2026-04-24,,Midt april 2026 - ukendt,shortage,Produktionsproblemer,https://laegemiddelstyrelsen.dk/da/godkendelse/kontrol-og-inspektion/mangel-paa-medicin/meddelelser-om-forsyning-af-medicin/human-2026/simvastatin-teva-80-mg-filmovertrukne-tabletter-forsyningsvanskelighed/,2026-04-24T13:35:00Z,2026-09-23T20:54:00.192333,C10AA01,76368
DK,Denmark,LMST,"Resonium Natrium pulver til oral suspension/rektalvæske, suspension",Natriumpolystyrensulfonat ATC-kode: V03AE01 Forventet periode: Midt marts 2026 - ukendt Årsag: Leveringsvanskeligheder Virksomhed: Orifarm A/S Spørgsmål om aktuel status skal stilles til virksomheden,,,,2026-04-21,,Midt marts 2026 - ukendt,shortage,Leveringsvanskeligheder,https://laegemiddelstyrelsen.dk/da/godkendelse/kontrol-og-inspektion/mangel-paa-medicin/meddelelser-om-forsyning-af-medicin/human-2026/resonium-natrium-forsyningsvanskelighed/,2026-04-21T12:15:00Z,2026-09-23T20:54:00.192335,V03AE01,
DK,Denmark,LMST,Dalacin 10 mg/ml kutanemulsion (Orifarm),Clindamycin (clindamycinphosphat) ATC-kode: D10AF01 Forventet periode: Slut marts 2026 - ukendt Årsag: Leveringsvanskeligheder Virksomhed: Orifarm A/S Spørgsmål om aktuel status skal stilles til virksomheden,,,,2026-04-20,,Slut marts 2026 - ukendt,shortage,Leveringsvanskeligheder,https://laegemiddelstyrelsen.dk/da/godkendelse/kontrol-og-inspektion/mangel-paa-medicin/meddelelser-om-forsyning-af-medicin/human-2026/dalacin-10-mgml-kutanemulsion-orifarm-forsyningsvanskelighed/,2026-04-20T09:03:00Z,2026-09-23T20:54:00.192336,D10AF01,
DK,Denmark,LMST,"Berodual 50 + 20 mikrog./pust inhalationsspray, opløsning","Fenoterol, ipratropium (fenoterolhydrobromid, ipratropiumbromid) ATC-kode: R03AL01 Forventet periode: Fra start oktober 2025 Årsag: Kommercielle årsager Virksomhed: Boehringer Ingelheim Danmark A/S Yderligere information: Permanent markedsophør",,,,2026-04-17,,Fra start oktober 2025 ,shortage,Kommercielle årsager,https://laegemiddelstyrelsen.dk/da/godkendelse/kontrol-og-inspektion/mangel-paa-medicin/meddelelser-om-forsyning-af-medicin/human-2026/berodual-50-20-mikrogpust-forsyningsvanskelighed/,2026-04-17T13:15:00Z,2026-09-23T20:54:00.192337,R03AL01,73342
DK,Denmark,LMST,Isosorbide Mononitraat Retard Mylan 60 mg depottabletter ,Isosorbidmononitrat ATC-kode: C01DA14 Forventet periode: Start marts 2026 - ukendt Årsag: Leveringsvanskeligheder Virksomhed: Orifarm A/S Spørgsmål om aktuel status skal stilles til virksomheden,,,,2026-04-13,,Start marts 2026 - ukendt,shortage,Leveringsvanskeligheder,https://laegemiddelstyrelsen.dk/da/godkendelse/kontrol-og-inspektion/mangel-paa-medicin/meddelelser-om-forsyning-af-medicin/human-2026/isosorbide-mononitraat-retard-mylan-60-mg-forsyningsvanskelighed/,2026-04-13T09:34:00Z,2026-09-23T20:54:00.192338,C01DA14,27030
DK,Denmark,LMST,"Isosorbidmononitrat ""2care4"" 60 mg depottabletter ",Isosorbidmononitrat ATC-kode: C01DA14 Forventet periode: Start april 2026 - ukendt Årsag: Leveringsvanskeligheder Virksomhed: 2care4 ApS Spørgsmål om aktuel status skal stilles til virksomheden,,,,2026-04-13,,Start april 2026 - ukendt,shortage,Leveringsvanskeligheder,https://laegemiddelstyrelsen.dk/da/godkendelse/kontrol-og-inspektion/mangel-paa-medicin/meddelelser-om-forsyning-af-medicin/human-2026/isosorbidmononitrat-2care4-60-mg-forsyningsvanskelighed/,2026-04-13T09:02:00Z,2026-09-23T20:54:00.192340,C01DA14,27030
DK,Denmark,LMST,"Octostim 1,5 mg/ml næsespray",Desmopressin ATC-kode: H01BA02 Forventet periode : Juli 2020 - slut september 2026 Årsag: Kvalitetsproblemer Virksomhed: Ferring Lægemidler A/S Spørgsmål om aktuel status skal stilles til virksomheden,,,,2026-04-10,2026-09-25,Juli 2020 - slut september 2026,shortage,Kvalitetsproblemer,https://laegemiddelstyrelsen.dk/da/godkendelse/kontrol-og-inspektion/mangel-paa-medicin/meddelelser-om-forsyning-af-medicin/human/forsyningsvanskeligheder-for-octostim/,2026-04-10T09:13:00Z,2026-09-23T20:54:00.192342,H01BA02,
DK,Denmark,LMST,"Pentasa Sachet 2 g depotgranulat, enkeltdosisbeholder (2care4)",Mesalazin ATC-kode: A07EC02 Forventet periode: Start april 2026 - ukendt Årsag: Leveringsvanskeligheder Virksomhed: 2care4 ApS Spørgsmål om aktuel status skal stilles til virksomheden,,,,2026-04-09,,Start april 2026 - ukendt,shortage,Leveringsvanskeligheder,https://laegemiddelstyrelsen.dk/da/godkendelse/kontrol-og-inspektion/mangel-paa-medicin/meddelelser-om-forsyning-af-medicin/human-2026/pentasa-sachet-2-g-depotgranulat-2care4-forsyningsvanskelighed/,2026-04-09T08:41:00Z,2026-09-23T20:54:00.192343,A07EC02,79820
DK,Denmark,LMST,"Isosorbidmononitrat ""Nordic Prime"" 60 mg depottabletter ",Isosorbidmononitrat ATC-kode: C01DA14 Forventet periode: Midt november 2025 - ukendt Årsag: Kommercielle årsager Virksomhed: Nordic Prime ApS Spørgsmål om aktuel status skal stilles til virksomheden,,,,2026-03-27,,Midt november 2025 - ukendt,shortage,Kommercielle årsager,https://laegemiddelstyrelsen.dk/da/godkendelse/kontrol-og-inspektion/mangel-paa-medicin/meddelelser-om-forsyning-af-medicin/human-2026/isosorbidmononitrat-nordic-prime-60-mg-forsyningsvanskelighed/,2026-03-27T15:23:00Z,2026-09-23T20:54:00.192345,C01DA14,27030
DK,Denmark,LMST,"Separon Vet. 40 mg/ml injektionsvæske, opløsning",Azaperon ATC-kode: QN05AD90 Forventet periode: Fra midt december 2025 Årsag: Leveringsvanskeligheder Virksomhed: Salfarm Danmark A/S Yderligere information: Permanent ophør Spørgsmål om aktuel status skal stilles til virksomheden,,,,2026-03-27,,Fra midt december 2025,shortage,Leveringsvanskeligheder,https://laegemiddelstyrelsen.dk/da/godkendelse/kontrol-og-inspektion/mangel-paa-medicin/meddelelser-om-forsyning-af-medicin/veterinaer-2026/separon-vet-forsyningsvanskelighed/,2026-03-27T14:23:00Z,2026-09-23T20:54:00.192346,QN05AD90,
DK,Denmark,LMST,"Vazkepa 998 mg kapsler, bløde",Icosapentethyl (icosapent(epa)ethylester) ATC-kode: C10AX06 Forventet periode: Slut marts 2026 - start januar 2027 Årsag: Kommercielle årsager Virksomhed: Recordati AB Spørgsmål om aktuel status skal stilles til virksomheden,,,,2026-03-26,2027-01-05,Slut marts 2026 - start januar 2027,shortage,Kommercielle årsager,https://laegemiddelstyrelsen.dk/da/godkendelse/kontrol-og-inspektion/mangel-paa-medicin/meddelelser-om-forsyning-af-medicin/human-2026/vazkepa-forsyningsvanskelighed/,2026-03-26T13:41:00Z,2026-09-23T20:54:00.192348,C10AX06,225940
DK,Denmark,LMST,"Fotil 20+5 mg/ml øjendråber, opløsning ","Pilocarpin, timolol (pilocarpinhydrochlorid, timololmaleat) ATC-kode: S01EB51 Forventet periode: Fra start januar 2026 Årsag: Leveringsvanskeligheder Virksomhed: Santen Pharma AB Yderligere information: Permanent markedsophør Spørgsmål om aktuel status skal stilles til virksomheden",,,,2026-03-25,,Fra start januar 2026,shortage,Leveringsvanskeligheder,https://laegemiddelstyrelsen.dk/da/godkendelse/kontrol-og-inspektion/mangel-paa-medicin/meddelelser-om-forsyning-af-medicin/human-2026/fotil-forsyningsvanskelighed/,2026-03-25T08:57:00Z,2026-09-23T20:54:00.192349,S01EB51,
DK,Denmark,LMST,Lyrica 20 mg/ml oral opløsning (Paranova),Pregabalin ATC-kode: N02BF02 Forventet periode: Slut februar 2026 - ukendt Årsag: Leveringsvanskeligheder Virksomhed: Paranova Danmark A/S Spørgsmål om aktuel status skal stilles til virksomheden,,,,2026-03-19,,Slut februar 2026 - ukendt,shortage,Leveringsvanskeligheder,https://laegemiddelstyrelsen.dk/da/godkendelse/kontrol-og-inspektion/mangel-paa-medicin/meddelelser-om-forsyning-af-medicin/human-2026/lyrica-20-mgml-paranova-forsyningsvanskelighed/,2026-03-19T07:31:00Z,2026-09-23T20:54:00.192350,N02BF02,199303
DK,Denmark,LMST,"Palmeux 50 mg depotinjektionsvæske, suspension i fyldt injektionssprøjte",Paliperidon (paliperidonpalmitat) ATC-kode: N05AX13 Forventet periode: Start november 2025 - slut december 2026 Årsag: Kvalitetsproblemer Virksomhed: Amdipharm Limited Spørgsmål om aktuel status skal stilles til virksomheden,,,,2026-03-18,2026-12-25,Start november 2025 - slut december 2026,shortage,Kvalitetsproblemer,https://laegemiddelstyrelsen.dk/da/godkendelse/kontrol-og-inspektion/mangel-paa-medicin/meddelelser-om-forsyning-af-medicin/human-2026/palmeux-50-mg-forsyningsvanskelighed/,2026-03-18T15:09:00Z,2026-09-23T20:54:00.192352,N05AX13,96962
DK,Denmark,LMST,"Palmeux 100 mg depotinjektionsvæske, suspension i fyldt injektionssprøjte",Paliperidon (paliperidonpalmitat) ATC-kode: N05AX13 Forventet periode: Start november 2025 - slut december 2026 Årsag: Kvalitetsproblemer Virksomhed: Amdipharm Limited Spørgsmål om aktuel status skal stilles til virksomheden,,,,2026-03-18,2026-12-25,Start november 2025 - slut december 2026,shortage,Kvalitetsproblemer,https://laegemiddelstyrelsen.dk/da/godkendelse/kontrol-og-inspektion/mangel-paa-medicin/meddelelser-om-forsyning-af-medicin/human-2026/palmeux-100-mg-forsyningsvanskelighed/,2026-03-18T15:08:00Z,2026-09-23T20:54:00.192355,N05AX13,96989
DK,Denmark,LMST,Minprostin 3 mg vaginaltabletter,Dinoproston ATC-kode: G02AD02 Forventet periode: Fra start december 2025 Årsag: Kommercielle årsager Virksomhed: Pfizer ApS Yderligere information: Permanent markedsophør Spørgsmål om aktuel status skal stilles til virksomheden,,,,2026-03-18,,Fra start december 2025 ,shortage,Kommercielle årsager,https://laegemiddelstyrelsen.dk/da/godkendelse/kontrol-og-inspektion/mangel-paa-medicin/meddelelser-om-forsyning-af-medicin/human-2025/minprostin-forsyningsvanskelighed/,2026-03-18T15:03:00Z,2026-09-23T20:54:00.192356,G02AD02,
DK,Denmark,LMST,"Ketaminol Vet. 100 mg/ml injektionsvæske, opløsning",Ketamin (ketaminhydrochlorid) ATC-kode: QN01AX03 Forventet periode: Fra midt februar 2026 Årsag: Produktionsproblemer Virksomhed: MSD Animal Health A/S Yderligere information: Permanent ophør Spørgsmål om aktuel status skal stilles til virksomheden,,,,2026-03-13,,Fra midt februar 2026,shortage,Produktionsproblemer,https://laegemiddelstyrelsen.dk/da/godkendelse/kontrol-og-inspektion/mangel-paa-medicin/meddelelser-om-forsyning-af-medicin/veterinaer-2026/ketaminol-vet-100-mgml-forsyningsvanskelighed/,2026-03-13T13:13:00Z,2026-09-23T20:54:00.192357,QN01AX03,
DK,Denmark,LMST,"Ketaminol Vet. 50 mg/ml injektionsvæske, opløsning",Ketamin (ketaminhydrochlorid) ATC-kode: QN01AX03 Forventet periode: Fra midt februar 2026 Årsag: Kommercielle årsager Virksomhed: MSD Animal Health A/S Yderligere information: Permanent ophør Spørgsmål om aktuel status skal stilles til virksomheden,,,,2026-03-13,,Fra midt februar 2026,shortage,Kommercielle årsager,https://laegemiddelstyrelsen.dk/da/godkendelse/kontrol-og-inspektion/mangel-paa-medicin/meddelelser-om-forsyning-af-medicin/veterinaer-2026/ketaminol-vet-50-mgml-forsyningsvanskelighed/,2026-03-13T13:11:00Z,2026-09-23T20:54:00.192359,QN01AX03,
DK,Denmark,LMST,"Rimactan 300 mg kapsler, hårde (2care4 ApS)",Rifampicin ATC-kode: J04AB02 Forventet periode: Midt februar 2026 - ukendt Årsag: Leveringsvanskeligheder Virksomhed: 2care4 ApS Spørgsmål om aktuel status skal stilles til virksomheden,,,,2026-03-12,,Midt februar 2026 - ukendt,shortage,Leveringsvanskeligheder,https://laegemiddelstyrelsen.dk/da/godkendelse/kontrol-og-inspektion/mangel-paa-medicin/meddelelser-om-forsyning-af-medicin/human-2026/rimactan-300-mg-2care4-aps-forsyningsvanskelighed/,2026-03-12T14:06:00Z,2026-09-23T20:54:00.192360,J04AB02,7064
DK,Denmark,LMST,"Rimactan 300 mg kapsler, hårde (Sandoz A/S)",Rifampicin ATC-kode: J04AB02 Forventet periode: Midt februar - slut oktober 2026 Årsag: Øget salg/efterspørgsel Virksomhed: Sandoz A/S Spørgsmål om aktuel status skal stilles til virksomheden,,,,2026-03-12,2026-10-25,Midt februar - slut oktober 2026,shortage,Øget salg/efterspørgsel,https://laegemiddelstyrelsen.dk/da/godkendelse/kontrol-og-inspektion/mangel-paa-medicin/meddelelser-om-forsyning-af-medicin/human-2026/rimactan-300-mg-sandoz-as-forsyningsvanskelighed/,2026-03-12T14:04:00Z,2026-09-23T20:54:00.192362,J04AB02,7064
DK,Denmark,LMST,Moviprep Appelsin pulver til oral opløsning,"Ascorbinsyre (vitamin C), kaliumchlorid, macrogol 3350, natriumascorbat, natriumchlorid og natriumsulfat ATC-kode: A06AD Forventet periode: Fra start marts 2024 Årsag: Leveringsvanskeligheder Virksomhed: Norgine Danmark A/S Yderligere information: Permanent markedsophør Spørgsmål om aktuel status skal stilles til virksomheden",,,,2026-03-03,,Fra start marts 2024,shortage,Leveringsvanskeligheder,https://laegemiddelstyrelsen.dk/da/godkendelse/kontrol-og-inspektion/mangel-paa-medicin/meddelelser-om-forsyning-af-medicin/human-2026/moviprep-appelsin-forsyningsvanskelighed/,2026-03-03T09:55:00Z,2026-09-23T20:54:00.192364,,
DK,Denmark,LMST,Moviprep pulver til oral opløsning (Norgine),"Ascorbinsyre (vitamin C), kaliumchlorid, macrogol 3350, natriumascorbat, natriumchlorid og natriumsulfat ATC-kode: A06AD Forventet periode: Fra start november 2025 Årsag: Leveringsvanskeligheder Virksomhed: Norgine Danmark A/S Yderligere information: Permanent markedsophør Spørgsmål om aktuel status skal stilles til virksomheden",,,,2026-03-03,,Fra start november 2025,shortage,Leveringsvanskeligheder,https://laegemiddelstyrelsen.dk/da/godkendelse/kontrol-og-inspektion/mangel-paa-medicin/meddelelser-om-forsyning-af-medicin/human-2026/moviprep-norgine-forsyningsvanskelighed/,2026-03-03T09:51:00Z,2026-09-23T20:54:00.192365,,
DK,Denmark,LMST,"RenuTend injektionsvæske, suspension",Chondrogenisk inducerede equine allogeneiske mesenkymale stamceller af periferal blod-oprindelse (hestestamceller) ATC-kode: QM09AX90 Forventet periode: Slut august 2024 - slut oktober 2026 Årsag: Kvalitetsproblemer Virksomhed: Boehringer Ingelheim Animal Health Nordics A/S Spørgsmål om aktuel status skal stilles til virksomheden,,,,2026-02-27,2026-10-25,Slut august 2024 - slut oktober 2026,shortage,Kvalitetsproblemer,https://laegemiddelstyrelsen.dk/da/godkendelse/kontrol-og-inspektion/mangel-paa-medicin/meddelelser-om-forsyning-af-medicin/veterinaer-2024/renutend-forsyningsvanskelighed/,2026-02-27T10:56:00Z,2026-09-23T20:54:00.192367,QM09AX90,
DK,Denmark,LMST,"Arti-Cell Forte injektionsvæske, suspension",,,,,2026-02-27,2026-10-25,Start august 2023 - slut oktober 2026,shortage,Kvalitetsproblemer,https://laegemiddelstyrelsen.dk/da/godkendelse/kontrol-og-inspektion/mangel-paa-medicin/meddelelser-om-forsyning-af-medicin/veterinaer-2023/arti-cell-forte-injektionsvaeske-forsyningsvanskelighed/,2026-02-27T10:53:00Z,2026-09-23T20:54:00.192369,,
DK,Denmark,LMST,Levosert One 20 mikrogram/24 timer intrauterint indlæg,Levonorgestrel ATC-kode: G02BA03 Forventet periode: Slut februar 2026 - ukendt Årsag: Leveringsvanskeligheder Virksomhed: Gedeon Richter Plc,,,,2026-02-26,,Slut februar 2026 - ukendt,shortage,Leveringsvanskeligheder,https://laegemiddelstyrelsen.dk/da/godkendelse/kontrol-og-inspektion/mangel-paa-medicin/meddelelser-om-forsyning-af-medicin/human-2026/levosert-one-forsyningsvanskelighed/,2026-02-26T14:09:00Z,2026-09-23T20:54:00.192371,G02BA03,
DK,Denmark,LMST,Rimactazid 150+75 mg filmovertrukne tabletter,Rifampicin og isoniazid ATC-kode: J04AM02 Forventet periode: Slut februar - slut oktober 2026 Årsag: Øget salg/efterspørgsel Virksomhed: Sandoz A/S Spørgsmål om aktuel status skal stilles til virksomheden,,,,2026-02-25,2026-10-25,Slut februar - slut oktober 2026,shortage,Øget salg/efterspørgsel,https://laegemiddelstyrelsen.dk/da/godkendelse/kontrol-og-inspektion/mangel-paa-medicin/meddelelser-om-forsyning-af-medicin/human-2026/rimactazid-forsyningsvanskelighed/,2026-02-25T10:29:00Z,2026-09-23T20:54:00.192374,J04AM02,40061
DK,Denmark,LMST,Dexofan 30 mg filmovertrukne tabletter,Dextromethorphan (dextromethorphanhydrobromid) ATC-kode: R05DA09 Forventet periode: Midt februar 2026 - ukendt Årsag: Produktionsproblemer Virksomhed: Orifarm Generics A/S Spørgsmål om aktuel status skal stilles til virksomheden,,,,2026-02-25,,Midt februar 2026 - ukendt,shortage,Produktionsproblemer,https://laegemiddelstyrelsen.dk/da/godkendelse/kontrol-og-inspektion/mangel-paa-medicin/meddelelser-om-forsyning-af-medicin/human-2026/dexofan-forsyningsvanskelighed/,2026-02-25T09:05:00Z,2026-09-23T20:54:00.192376,R05DA09,
DK,Denmark,LMST,"Genotropin Miniquick 0,6 mg pulver og solvens til injektionsvæske, opløsning",Somatropin ATC-kode: H01AC01 Forventet periode: Fra midt august 2025 Årsag: Øget salg/efterspørgsel Virksomhed: Pfizer ApS Yderligere information: Permanent markedsophør Spørgsmål om aktuel status skal stilles til virksomheden,,,,2026-02-20,,Fra midt august 2025,shortage,Øget salg/efterspørgsel ,https://laegemiddelstyrelsen.dk/da/godkendelse/kontrol-og-inspektion/mangel-paa-medicin/meddelelser-om-forsyning-af-medicin/human-2025/genotropin-forsyningsvanskelighed/,2026-02-20T12:25:00Z,2026-09-23T20:54:00.192377,H01AC01,
DK,Denmark,LMST,"Tolterodintartrat ""Teva"" 4 mg depotkapsler, hårde",Tolterodin (tolterodintartrat) ATC-kode: G04BD07 Forventet periode: Midt september 2024 - midt december 2026 Årsag: Forsinkelser hos fremstiller Virksomhed: Teva Denmark A/S Yderligere information: Det er muligt at søge om udleveringstilladelse Spørgsmål om aktuel status skal stilles til virksomheden,,,,2026-02-19,2026-12-15,Midt september 2024 - midt december 2026,shortage,Forsinkelser hos fremstiller,https://laegemiddelstyrelsen.dk/da/godkendelse/kontrol-og-inspektion/mangel-paa-medicin/meddelelser-om-forsyning-af-medicin/human-2025/tolterodintartrat-teva-4-mg-forsyningsvanskelighed/,2026-02-19T14:15:00Z,2026-09-23T20:54:00.192379,G04BD07,60534
DK,Denmark,LMST,"Tolterodintartrat ""Teva"" 2 mg depotkapsler, hårde",Tolterodin (tolterodintartrat) ATC-kode: G04BD07 Forventet periode: Midt september 2024 - midt december 2026 Årsag: Forsinkelser hos fremstiller Virksomhed: Teva Denmark A/S Yderligere information: Det er muligt at søge om udleveringstilladelse Spørgsmål om aktuel status skal stilles til virksomheden,,,,2026-02-19,2026-12-15,Midt september 2024 - midt december 2026,shortage,Forsinkelser hos fremstiller,https://laegemiddelstyrelsen.dk/da/godkendelse/kontrol-og-inspektion/mangel-paa-medicin/meddelelser-om-forsyning-af-medicin/human-2025/tolterodintartrat-teva-2-mg-forsyningsvanskelighed/,2026-02-19T14:05:00Z,2026-09-23T20:54:00.192381,G04BD07,66842
DK,Denmark,LMST,"Fostimon Set 75 IE pulver og solvens til injektionsvæske, opløsning",Urofollitropin (uFSH) ATC-kode: G03GA04 Forventet periode: Fra start februar 2026 Årsag: Leveringsvanskeligheder Virksomhed: IBSA Farmaceutici Italia S,,,,2026-02-10,,Fra start februar 2026,shortage,Leveringsvanskeligheder,https://laegemiddelstyrelsen.dk/da/godkendelse/kontrol-og-inspektion/mangel-paa-medicin/meddelelser-om-forsyning-af-medicin/human-2025/fostimon-set-75ie-forsyningsvanskelighed/,2026-02-10T17:00:00Z,2026-09-23T20:54:00.192383,G03GA04,82414
DK,Denmark,LMST,"Glytrin 0,4 mg/dosis sublingualspray",Glyceryltrinitrat ATC-kode: C01DA02 Forventet periode: Start marts 2023 – slut december 2026 Årsag: Forsinkelser hos fremstiller Virksomhed: Evolan Pharma AB Spørgsmål om aktuel status skal stilles til virksomheden,,,,2026-02-10,2023-03-05,Start marts 2023 – slut december 2026,shortage,Forsinkelser hos fremstiller,https://laegemiddelstyrelsen.dk/da/godkendelse/kontrol-og-inspektion/mangel-paa-medicin/meddelelser-om-forsyning-af-medicin/human-2023/glytrin-forsyningsvanskeligheder/,2026-02-10T14:01:00Z,2026-09-23T20:54:00.192385,C01DA02,72214
DK,Denmark,LMST,"Striverdi Respimat 2,5 mikrogram inhalationsvæske, opløsning ",Olodaterol ATC-kode: R03AC19 Forventet periode: Fra start maj 2026 Årsag: Kommercielle årsager Virksomhed: Boehringer Ingelheim Danmark A/S Yderligere information: Permanent markedsophør Spørgsmål om aktuel status skal stilles til virksomheden,,,,2026-02-09,,Fra start maj 2026,shortage,Kommercielle årsager,https://laegemiddelstyrelsen.dk/da/godkendelse/kontrol-og-inspektion/mangel-paa-medicin/meddelelser-om-forsyning-af-medicin/human-2026/striverdi-respimat-forsyningsvanskelighed/,2026-02-09T13:31:00Z,2026-09-23T20:54:00.192386,R03AC19,113166
DK,Denmark,LMST,Zeldox 10 mg/ml oral suspension,Ziprasidon (ziprasidonhydrochlorid) ATC-kode: N05AE04 Forventet periode: Fra midt december 2025 Årsag: Produktionsproblemer Virksomhed: Viatris ApS Yderligere information: Permanent markedsophør Spørgsmål om aktuel status skal stilles til virksomheden,,,,2026-02-09,,Fra midt december 2025,shortage,Produktionsproblemer,https://laegemiddelstyrelsen.dk/da/godkendelse/kontrol-og-inspektion/mangel-paa-medicin/meddelelser-om-forsyning-af-medicin/human-2025/zeldox-oral-suspension-forsyningsvanskelighed/,2026-02-09T11:41:00Z,2026-09-23T20:54:00.192388,N05AE04,
DK,Denmark,LMST,Vimpat 10 mg/ml syrup (Medartuum),Lacosamid ATC-kode: N03AX18 Forventet periode: Start januar 2026 - ukendt Årsag: Leveringsvanskeligheder Virksomhed: Medartuum AB Spørgsmål om aktuel status skal stilles til virksomheden,,,,2026-02-06,,Start januar 2026 - ukendt,shortage,Leveringsvanskeligheder,https://laegemiddelstyrelsen.dk/da/godkendelse/kontrol-og-inspektion/mangel-paa-medicin/meddelelser-om-forsyning-af-medicin/human-2026/vimpat-10-mgml-syrup-medartuum-forsyningsvanskelighed/,2026-02-06T13:07:00Z,2026-09-23T20:54:00.192389,N03AX18,101893
DK,Denmark,LMST,"Esketamine ""Orifarm"" 25 mg/ml injektions-/infusionsvæske, opløsning",Esketamin (esketaminhydrochlorid) ATC-kode: N01AX14 Forventet periode: Fra slut august 2025 Årsag: Leveringsvanskeligheder Virksomhed: Orifarm Generics A/S Yderligere information: Permanent markedsophør Spørgsmål om aktuel status skal stilles til virksomheden,,,,2026-02-06,,Fra slut august 2025,shortage,Leveringsvanskeligheder,https://laegemiddelstyrelsen.dk/da/godkendelse/kontrol-og-inspektion/mangel-paa-medicin/meddelelser-om-forsyning-af-medicin/human-2026/esketamine-orifarm-forsyningsvanskelighed/,2026-02-06T10:34:00Z,2026-09-23T20:54:00.192390,N01AX14,
DK,Denmark,LMST,"Visudyne 15 mg pulver til infusionsvæske, opløsning (Orifarm)",Verteporfin ATC-kode: S01LA01 Forventet periode: November 2025 - ukendt Årsag: Leveringsvanskeligheder Virksomhed: Orifarm A/S Yderligere information: Det er muligt at søge om udleveringstilladelse Spørgsmål om aktuel status skal stilles til virksomheden,,,,2026-02-02,,November 2025 - ukendt,shortage,Leveringsvanskeligheder,https://laegemiddelstyrelsen.dk/da/godkendelse/kontrol-og-inspektion/mangel-paa-medicin/meddelelser-om-forsyning-af-medicin/human-2026/visudyne-orifarm-forsyningsvanskelighed/,2026-02-02T14:02:00Z,2026-09-23T20:54:00.192391,S01LA01,58963
DK,Denmark,LMST,"Fixapost 50 mikrogram/ml+5 mg/ml øjendråber, opløsning, enkeltdosisbeholder","Latanoprost, timolol ATC-kode: S01ED51 Forventet periode: Start november 2025 - ukendt Årsag: Leveringsvanskeligheder Virksomhed: Orifarm A/S Spørgsmål om aktuel status skal stilles til virksomheden",,,,2026-01-27,,Start november 2025 - ukendt,shortage,Leveringsvanskeligheder,https://laegemiddelstyrelsen.dk/da/godkendelse/kontrol-og-inspektion/mangel-paa-medicin/meddelelser-om-forsyning-af-medicin/human-2026/fixapost-forsyningsvanskelighed/,2026-01-27T10:01:00Z,2026-09-23T20:54:00.192392,S01ED51,212156
DK,Denmark,LMST,Ridamec 1 mg/ml oral opløsning,Moxidectin ATC-kode: QP54AB02 Forventet periode: Start november 2025 - start september 2026 Årsag: Leveringsvanskeligheder Virksomhed: ScanVet Animal Health A/S Yderligere information: Det er muligt at søge om udleveringstilladelse Spørgsmål om aktuel status skal stilles til virksomheden,,,,2026-01-26,2026-09-05,Start november 2025 - start september 2026,shortage,Leveringsvanskeligheder,https://laegemiddelstyrelsen.dk/da/godkendelse/kontrol-og-inspektion/mangel-paa-medicin/meddelelser-om-forsyning-af-medicin/veterinaer-2025/ridamec-forsyningsvanskelighed/,2026-01-26T10:56:00Z,2026-09-23T20:54:00.192395,QP54AB02,
DK,Denmark,LMST,Tizanidin Teva 2 mg tabletter (Orifarm),Tizanidin (tizanidinhydrochlorid) ATC-kode: M03BX02 Forventet periode: Midt september 2025 - ukendt Årsag: Leveringsvanskeligheder Virksomhed: Orifarm A/S Spørgsmål om aktuel status skal stilles til virksomheden,,,,2026-01-26,,Midt september 2025 - ukendt ,shortage,Leveringsvanskeligheder,https://laegemiddelstyrelsen.dk/da/godkendelse/kontrol-og-inspektion/mangel-paa-medicin/meddelelser-om-forsyning-af-medicin/human-2026/tizanidin-teva-2-mg-orifarm-forsyningsvanskelighed/,2026-01-26T09:06:00Z,2026-09-23T20:54:00.192396,M03BX02,22993
DK,Denmark,LMST,"Brimonidintartrat ""1A Farma"" 2 mg/ml øjendråber, opløsning",Brimonidintartrat ATC-kode: S01EA05 Forventet periode: Start august 2024 - ukendt Årsag: Produktionsproblemer Virksomhed: 1A Farma A/S Spørgsmål om aktuel status skal stilles til virksomheden,,,,2026-01-22,,Slut august 2024 - ukendt,shortage,Produktionsproblemer,https://laegemiddelstyrelsen.dk/da/godkendelse/kontrol-og-inspektion/mangel-paa-medicin/meddelelser-om-forsyning-af-medicin/human-2024/brimonidintartrat-1a-farma-forsyningsvanskelighed/,2026-01-22T09:27:00Z,2026-09-23T20:54:00.192397,S01EA05,
DK,Denmark,LMST,Bactroban 2 % creme,Mupirocin (mupirocincalcium) ATC-kode: D06AX09 Forventet periode: Fra midt januar 2026 Årsag: Kommercielle årsager Virksomhed: GlaxoSmithKline Pharma A/S Yderligere information: Permanent markedsophør Spørgsmål om aktuel status skal stilles til virksomheden,,,,2026-01-16,,Fra midt januar 2026,shortage,Kommercielle årsager,https://laegemiddelstyrelsen.dk/da/godkendelse/kontrol-og-inspektion/mangel-paa-medicin/meddelelser-om-forsyning-af-medicin/human-2026/bactroban-2-creme-forsyningsvanskelighed/,2026-01-16T14:56:00Z,2026-09-23T20:54:00.192399,D06AX09,25739
DK,Denmark,LMST,"Apixaban ""Teva GmbH"" 2,5 mg filmovertrukne tabletter",Apixaban ATC-kode: B01AF02 Forventet periode: Slut september 2025 - ukendt Årsag: Leveringsvanskeligheder Virksomhed: Teva Denmark A/S Spørgsmål om aktuel status skal stilles til virksomheden,,,,2026-01-16,,Slut september 2025 - ukendt,shortage,Leveringsvanskeligheder,"https://laegemiddelstyrelsen.dk/da/godkendelse/kontrol-og-inspektion/mangel-paa-medicin/meddelelser-om-forsyning-af-medicin/human-2026/apixaban-teva-gmbh-2,5-mg-forsyningsvanskelighed/",2026-01-16T10:54:00Z,2026-09-23T20:54:00.192400,B01AF02,99066
DK,Denmark,LMST,"Apixaban ""Sandoz"" 2,5 mg filmovertrukne tabletter",Apixaban ATC-kode: B01AF02 Forventet periode: Midt oktober 2025 - ukendt Årsag: Leveringsvanskeligheder Virksomhed: Sandoz A/S Spørgsmål om aktuel status skal stilles til virksomheden,,,,2026-01-16,,Midt oktober 2025 - ukendt,shortage,Leveringsvanskeligheder,"https://laegemiddelstyrelsen.dk/da/godkendelse/kontrol-og-inspektion/mangel-paa-medicin/meddelelser-om-forsyning-af-medicin/human-2026/apixaban-sandoz-2,5-mg-forsyningsvanskelighed/",2026-01-16T10:52:00Z,2026-09-23T20:54:00.192401,B01AF02,99066
DK,Denmark,LMST,Aubagio 7 mg filmovertrukne tabletter,Teriflunomid ATC-kode: L04AK02 Forventet periode: Fra midt marts 2026 Årsag: Kommercielle årsager Virksomhed: Sanofi A/S Yderligere information: Permanent markedsophør Spørgsmål om aktuel status skal stilles til virksomheden,,,,2026-01-15,,Fra midt marts 2026,shortage,Kommercielle årsager,https://laegemiddelstyrelsen.dk/da/godkendelse/kontrol-og-inspektion/mangel-paa-medicin/meddelelser-om-forsyning-af-medicin/human-2026/aubagio-7-mg-forsyningsvanskelighed/,2026-01-15T10:39:00Z,2026-09-23T20:54:00.192402,L04AK02,213543
DK,Denmark,LMST,Strattera 4 mg/ml oral opløsning,"Atomoxetin (Atomoxetinhydrochlorid) ATC-kode: N06BA09 Forventet periode: Fra start december 2025 Årsag: Kommercielle årsager Virksomhed: Eli Lilly Danmark A/S Yderligere information : Det er muligt at søge om udleveringstilladelse , permanent markedsophør Til virksomheder: Liste over lægemidler hvor der ønskes flere markedsføringstilladelser Spørgsmål om aktuel status skal stilles til virksomheden",,,,2026-01-14,,Fra start december 2025,shortage,Kommercielle årsager,https://laegemiddelstyrelsen.dk/da/godkendelse/kontrol-og-inspektion/mangel-paa-medicin/meddelelser-om-forsyning-af-medicin/human-2025/strattera-forsyningsvanskelighed/,2026-01-14T13:14:00Z,2026-09-23T20:54:00.192404,N06BA09,
DK,Denmark,LMST,"Mirabella 28 0,10+0,02 mg filmovertrukne tabletter (Epione)",Levonorgestrel og ethinylestradiol ATC-kode: G03AA07 Forventet periode: Midt januar 2026 - ukendt Årsag: Leveringsvanskeligheder Virksomhed: Epione Medicine ApS Spørgsmål om aktuel status skal stilles til virksomheden,,,,2026-01-14,,Midt januar 2026 - ukendt,shortage,Leveringsvanskeligheder,https://laegemiddelstyrelsen.dk/da/godkendelse/kontrol-og-inspektion/mangel-paa-medicin/meddelelser-om-forsyning-af-medicin/human-2026/mirabella-28-epione-forsyningsvanskelighed/,2026-01-14T12:32:00Z,2026-09-23T20:54:00.192405,G03AA07,
DK,Denmark,LMST,Fludara 10 mg filmovertrukne tabletter,Fludarabin ATC-kode: L01BB05 Forventet periode: Fra slut marts 2026 Årsag: Kommercielle årsager Virksomhed: Sanofi A/S Yderligere information: Permanent markedsophør Spørgsmål om aktuel status skal stilles til virksomheden,,,,2026-01-09,,Fra slut marts 2026,shortage,Kommercielle årsager,https://laegemiddelstyrelsen.dk/da/godkendelse/kontrol-og-inspektion/mangel-paa-medicin/meddelelser-om-forsyning-af-medicin/human-2026/fludara-forsyningsvanskelighed/,2026-01-09T12:15:00Z,2026-09-23T20:54:00.192406,L01BB05,61379
DK,Denmark,LMST,"Methotrexate ""Pfizer"" 25 mg/ml injektions-/infusionsvæske, opløsning",Methotrexat ATC-kode: L01BA01 Forventet periode: Start oktober 2025 - ukendt Årsag: Leveringsvanskeligheder Virksomhed: Pfizer ApS Spørgsmål om aktuel status skal stilles til virksomheden,,,,2026-01-08,,Start oktober 2025 - ukendt,shortage,Leveringsvanskeligheder,https://laegemiddelstyrelsen.dk/da/godkendelse/kontrol-og-inspektion/mangel-paa-medicin/meddelelser-om-forsyning-af-medicin/human-2026/methotrexate-pfizer-forsyningsvanskelighed/,2026-01-08T13:39:00Z,2026-09-23T20:54:00.192407,L01BA01,
DK,Denmark,LMST,"Amisulprid ""DLF"" 200 mg tabletter",Amisulprid ATC-kode: N05AL05 Forventet periode: Fra midt december 2025 Årsag: Leveringsvanskeligheder Virksomhed: Orifarm Generics A/S Yderligere information: Permanent markedsophør Spørgsmål om aktuel status skal stilles til virksomheden,,,,2026-01-08,,Fra midt december 2025,shortage,Leveringsvanskeligheder,https://laegemiddelstyrelsen.dk/da/godkendelse/kontrol-og-inspektion/mangel-paa-medicin/meddelelser-om-forsyning-af-medicin/human-2026/amisulprid-dlf-200-mg-forsyningsvanskelighed/,2026-01-08T09:30:00Z,2026-09-23T20:54:00.192408,N05AL05,133388
DK,Denmark,LMST,Prasugrel Viatris 5 mg filmovertrukne tabletter,"Prasugrel ATC-kode: B01AC22 Forventet periode: Start juni 2025 - slut september 2026 Årsag: Forsinkelser hos fremstiller Virksomhed: Viatris ApS Yderligere information: Tidligere Prasugrel ""Mylan"" Spørgsmål om aktuel status skal stilles til virksomheden",,,,2026-01-07,2026-09-25,Start juni 2025 - slut september 2026,shortage,Forsinkelser hos fremstiller,https://laegemiddelstyrelsen.dk/da/godkendelse/kontrol-og-inspektion/mangel-paa-medicin/meddelelser-om-forsyning-af-medicin/human-2025/prasugrel-viatris-5-mg-forsyningsvanskelighed-/,2026-01-07T09:47:00Z,2026-09-23T20:54:00.192411,B01AC22,196886
DK,Denmark,LMST,Prasugrel Viatris 10 mg filmovertrukne tabletter,"Prasugrel ATC-kode: B01AC22 Forventet periode: Start april 2025 - slut september 2026 Årsag: Forsinkelser hos fremstiller Virksomhed: Viatris ApS Yderligere information: Tidligere Prasugrel ""Mylan"" Spørgsmål om aktuel status skal stilles til virksomheden",,,,2026-01-07,2026-09-25,Start april 2025 - slut september 2026,shortage,Forsinkelser hos fremstiller,https://laegemiddelstyrelsen.dk/da/godkendelse/kontrol-og-inspektion/mangel-paa-medicin/meddelelser-om-forsyning-af-medicin/human-2025/prasugrel-viatris-10-mg-forsyningsvanskelighed-/,2026-01-07T09:44:00Z,2026-09-23T20:54:00.192413,B01AC22,196894
DK,Denmark,LMST,"Iopidine 5 mg/ml øjendråber, opløsning",Apraclonidin (apraclonidinhydrochlorid) ATC-kode: S01EA03 Forventet periode: Fra start januar 2026 Årsag: Kommercielle årsager Virksomhed: Essential Pharma Limited Yderligere information: Permanent markedsophør Spørgsmål om aktuel status skal stilles til virksomheden,,,,2026-01-06,,Fra start januar 2026,shortage,Kommercielle årsager,https://laegemiddelstyrelsen.dk/da/godkendelse/kontrol-og-inspektion/mangel-paa-medicin/meddelelser-om-forsyning-af-medicin/human-2026/iopidine-5-mgml-forsyningsvanskelighed/,2026-01-06T09:08:00Z,2026-09-23T20:54:00.192414,S01EA03,218626
DK,Denmark,LMST,"Quetiapin ""Medical Valley"" 300 mg depottabletter",Quetiapin fumarat ATC-kode: N05AH04 Forventet periode: Midt december 2024 - ukendt Årsag: Produktionsproblemer Virksomhed: Medical Valley Invest AB Spørgsmål om aktuel status skal stilles til virksomheden,,,,2025-12-23,,Midt december 2024 - ukendt,shortage,Produktionsproblemer,https://laegemiddelstyrelsen.dk/da/godkendelse/kontrol-og-inspektion/mangel-paa-medicin/meddelelser-om-forsyning-af-medicin/human-2025/quetiapin-medical-valley-300-mg-depottabletter-forsyningsvanskelighed/,2025-12-23T08:55:00Z,2026-09-23T20:54:00.192415,N05AH04,
DK,Denmark,LMST,"Tolterodin ""Rivopharm"" 4 mg depotkapsler, hårde",Tolterodin (tolterodintartrat) ATC-kode: G04BD07 Forventet periode: Start maj 2025 - slut december 2026 Årsag: Produktionsproblemer Virksomhed: UAB Sanoswiss Yderligere information: Det er muligt at søge om udleveringstilladelse Spørgsmål om aktuel status skal stilles til virksomheden,,,,2025-12-22,2026-12-25,Start maj 2025 - slut december 2026,shortage,Produktionsproblemer,https://laegemiddelstyrelsen.dk/da/godkendelse/kontrol-og-inspektion/mangel-paa-medicin/meddelelser-om-forsyning-af-medicin/human-2025/tolterodin-rivopharm-4-mg-forsyningsvanskelighed/,2025-12-22T08:49:00Z,2026-09-23T20:54:00.192418,G04BD07,60534
DK,Denmark,LMST,"Tolterodin ""Rivopharm"" 2 mg depotkapsler, hårde",Tolterodin (tolterodintartrat) ATC-kode: G04BD07 Forventet periode: Start maj 2025 - slut december 2026 Årsag: Produktionsproblemer Virksomhed: UAB Sanoswiss Yderligere information: Det er muligt at søge om udleveringstilladelse Spørgsmål om aktuel status skal stilles til virksomheden,,,,2025-12-22,2026-12-25,Start maj 2025 - slut december 2026,shortage,Produktionsproblemer,https://laegemiddelstyrelsen.dk/da/godkendelse/kontrol-og-inspektion/mangel-paa-medicin/meddelelser-om-forsyning-af-medicin/human-2025/tolterodin-rivopharm-2-mg-forsyningsvanskelighed/,2025-12-22T08:48:00Z,2026-09-23T20:54:00.192420,G04BD07,66842
DK,Denmark,LMST,"Aservo EquiHaler 343 mikrogram inhalationsvæske, opløsning","Ciclesonid, elexacaftor ATC-kode: QR03BA08 Forventet periode: Fra slut september 2024 Årsag: Kommercielle årsager Virksomhed: Boehringer Ingelheim Animal Health Nordics A/S Yderligere information: Permanent markedsophør, Det er muligt at søge om udleveringstilladelse Spørgsmål om aktuel status skal stilles til virksomheden",,,,2025-12-18,,Fra slut september 2024,shortage,Kommercielle årsager  ,https://laegemiddelstyrelsen.dk/da/godkendelse/kontrol-og-inspektion/mangel-paa-medicin/meddelelser-om-forsyning-af-medicin/veterinaer-2025/aservo-equihaler-forsyningsvanskelighed/,2025-12-18T14:59:00Z,2026-09-23T20:54:00.192422,QR03BA08,
DK,Denmark,LMST,Abboticin 40 mg/ml granulat til oral suspension,,,,,2025-12-18,,Slut juli 2024 - ukendt,shortage,Produktionsproblemer,https://laegemiddelstyrelsen.dk/da/godkendelse/kontrol-og-inspektion/mangel-paa-medicin/meddelelser-om-forsyning-af-medicin/human-2024/abboticin-40-mgml-forsyningsvanskelighed/,2025-12-18T13:02:00Z,2026-09-23T20:54:00.192423,,
DK,Denmark,LMST,"Robinul-Neostigmin 0,5 + 2,5 mg/ml injektionsvæske, opløsning","Glycopyrroniumbromid, neostigmin (neostigminmethylsulfat) ATC-kode: N07AA51 Forventet periode: Slut oktober 2024 - ukendt Årsag: Kommercielle årsager Virksomhed: Viatris ApS Spørgsmål om aktuel status skal stilles til virksomheden",,,,2025-12-16,,Slut oktober 2024 - ukendt,shortage,Kommercielle årsager,https://laegemiddelstyrelsen.dk/da/godkendelse/kontrol-og-inspektion/mangel-paa-medicin/meddelelser-om-forsyning-af-medicin/human-2025/robinul-neostigmin-forsyningsvanskelighed/,2025-12-16T14:58:00Z,2026-09-23T20:54:00.192424,N07AA51,206520
DK,Denmark,LMST,"Ursodeoxycholsyre ""Orion"" 250 mg kapsler, hårde ",Ursodeoxycholsyre ATC-kode: A05AA02 Forventet periode: Fra start november 2025 Årsag: Kommercielle årsager Virksomhed: Orion Pharma A/S Yderligere information: Permanent markedsophør Spørgsmål om aktuel status skal stilles til virksomheden,,,,2025-12-16,,Fra start november 2025,shortage,Kommercielle årsager,https://laegemiddelstyrelsen.dk/da/godkendelse/kontrol-og-inspektion/mangel-paa-medicin/meddelelser-om-forsyning-af-medicin/human-2025/ursodeoxycholsyre-orion-250-mg-forsyningsvanskelighed/,2025-12-16T11:39:00Z,2026-09-23T20:54:00.192425,A05AA02,15830
DK,Denmark,LMST,Lakrimont 2 mg/g øjengel,Carbomer ATC-kode: S01XA20 Forventet periode: Fra midt september 2025 Årsag: Leveringsvanskeligheder Virksomhed: THEA Nordic AB Yderligere information: Permanent markedsophør Spørgsmål om aktuel status skal stilles til virksomheden,,,,2025-12-09,,Fra midt september 2025,shortage,Leveringsvanskeligheder,https://laegemiddelstyrelsen.dk/da/godkendelse/kontrol-og-inspektion/mangel-paa-medicin/meddelelser-om-forsyning-af-medicin/human-2025/lakrimont-2-mgg-oejengel-forsyningsvanskelighed/,2025-12-09T11:16:00Z,2026-09-23T20:54:00.192427,S01XA20,
DK,Denmark,LMST,Abboticin 500 mg filmovertrukne tabletter,,,,,2025-12-04,,Slut november 2025 - ukendt,shortage,Kvalitetsproblemer,https://laegemiddelstyrelsen.dk/da/godkendelse/kontrol-og-inspektion/mangel-paa-medicin/meddelelser-om-forsyning-af-medicin/human-2025/abboticin-500-mg-forsyningsvanskelighed/,2025-12-04T09:30:00Z,2026-09-23T20:54:00.192428,,
DK,Denmark,LMST,Abboticin 100 mg/ml granulat til oral suspension,,,,,2025-12-04,,Slut november 2025 - ukendt,shortage,Kvalitetsproblemer,https://laegemiddelstyrelsen.dk/da/godkendelse/kontrol-og-inspektion/mangel-paa-medicin/meddelelser-om-forsyning-af-medicin/human-2025/abboticin-100-mgml-forsyningsvanskelighed/,2025-12-04T09:27:00Z,2026-09-23T20:54:00.192429,,
DK,Denmark,LMST,"Quetiapin ""Accord"" 400 mg depottabletter",Quetiapin fumarat ATC-kode: N05AH04 Forventet periode: Start januar 2025 - ukendt Årsag: Forsinkelser hos fremstiller Virksomhed: Accord Healthcare B,,,,2025-12-03,,Start januar 2025 - ukendt,shortage,Forsinkelser hos fremstiller,https://laegemiddelstyrelsen.dk/da/godkendelse/kontrol-og-inspektion/mangel-paa-medicin/meddelelser-om-forsyning-af-medicin/human-2025/quetiapin-accord-400-mg-forsyningsvanskeligheder/,2025-12-03T15:33:00Z,2026-09-23T20:54:00.192430,N05AH04,84212
DK,Denmark,LMST,"Quetiapin ""Accord"" 300 mg depottabletter",Quetiapin fumarat ATC-kode: N05AH04 Forventet periode: Start januar 2025 - ukendt Årsag: Forsinkelser hos fremstiller Virksomhed: Accord Healthcare B,,,,2025-12-03,,Start januar 2025 - ukendt,shortage,Forsinkelser hos fremstiller,https://laegemiddelstyrelsen.dk/da/godkendelse/kontrol-og-inspektion/mangel-paa-medicin/meddelelser-om-forsyning-af-medicin/human-2025/quetiapin-accord-300-mg-depottabletter-forsyningsvanskelighed/,2025-12-03T15:32:00Z,2026-09-23T20:54:00.192432,N05AH04,
DK,Denmark,LMST,"Prasugrel ""Krka"" 5 mg filmovertrukne tabletter",Prasugrel ATC-kode: B01AC22 Forventet periode: Fra slut maj 2025 Årsag: Produktionsproblemer Virksomhed: Krka Sverige AB Yderligere information: Permanent markedsophør Spørgsmål om aktuel status skal stilles til virksomheden,,,,2025-12-01,,Fra slut maj 2025,shortage,Produktionsproblemer,https://laegemiddelstyrelsen.dk/da/godkendelse/kontrol-og-inspektion/mangel-paa-medicin/meddelelser-om-forsyning-af-medicin/human-2025/prasugrel-krka-5-mg-forsyningsvanskelighed-/,2025-12-01T11:25:00Z,2026-09-23T20:54:00.192433,B01AC22,196886
DK,Denmark,LMST,"Velcade 3,5 mg pulver til injektionsvæske, opløsning",Bortezomib ATC-kode: L01XG01 Forventet periode: Fra slut november 2025 Årsag: Leveringsvanskeligheder Virksomhed: Janssen-Cilag A/S Yderligere information: Permanent markedsophør Spørgsmål om aktuel status skal stilles til virksomheden,,,,2025-12-01,,Fra slut november 2025,shortage,Leveringsvanskeligheder,https://laegemiddelstyrelsen.dk/da/godkendelse/kontrol-og-inspektion/mangel-paa-medicin/meddelelser-om-forsyning-af-medicin/human-2025/velcade-forsyningsvanskelighed/,2025-12-01T10:01:00Z,2026-09-23T20:54:00.192434,L01XG01,75299
DK,Denmark,LMST,"Kodein Stærk ""DAK""  8 mg/ml oral opløsning",Codein ATC-kode: R05DA04 Forventet periode: Slut januar 2026 - ukendt Årsag: Kvalitetsproblemer Virksomhed: Orifarm Generics A/S Spørgsmål om aktuel status skal stilles til virksomheden,,,,2025-11-27,,Slut januar 2026 - ukendt,shortage,Kvalitetsproblemer,https://laegemiddelstyrelsen.dk/da/godkendelse/kontrol-og-inspektion/mangel-paa-medicin/meddelelser-om-forsyning-af-medicin/human-2025/kodein-staerk-dak-forsyningsvanskelighed/,2025-11-27T13:28:00Z,2026-09-23T20:54:00.192435,R05DA04,
DK,Denmark,LMST,"Glycerol ""OBA"" 1,2 g suppositorier",,,,,2025-11-27,2026-10-05,Start oktober 2024 - start oktober 2026,shortage,Produktionsproblemer,https://laegemiddelstyrelsen.dk/da/godkendelse/kontrol-og-inspektion/mangel-paa-medicin/meddelelser-om-forsyning-af-medicin/human-2024/glycerol-oba-forsyningsvanskelighed/,2025-11-27T12:06:00Z,2026-09-23T20:54:00.192438,,
DK,Denmark,LMST,"Fostimon Set 150 IE pulver og solvens til injektionsvæske, opløsning",Urofollitropin (uFSH) ATC-kode: G03GA04 Forventet periode: Fra start april 2026 Årsag: Leveringsvanskeligheder Virksomhed: IBSA Farmaceutici Italia S,,,,2025-11-27,,Fra start april 2026,shortage,Leveringsvanskeligheder,https://laegemiddelstyrelsen.dk/da/godkendelse/kontrol-og-inspektion/mangel-paa-medicin/meddelelser-om-forsyning-af-medicin/human-2025/fostimon-set-150-ie-forsyningsvanskelighed/,2025-11-27T11:01:00Z,2026-09-23T20:54:00.192439,G03GA04,104531
DK,Denmark,LMST,"Voltabak 1 mg/ml øjendråber, opløsning (Ebb Medical)",Diclofenac (diclofenacnatrium) ATC-kode: S01BC03 Forventet periode: Midt september 2025 - ukendt Årsag: Leveringsvanskeligheder Virksomhed: Ebb Medical AB Spørgsmål om aktuel status skal stilles til virksomheden,,,,2025-11-27,,Midt september 2025 - ukendt,shortage,Leveringsvanskeligheder,https://laegemiddelstyrelsen.dk/da/godkendelse/kontrol-og-inspektion/mangel-paa-medicin/meddelelser-om-forsyning-af-medicin/human-2025/voltabak-ebb-medical-forsyningsvanskelighed/,2025-11-27T10:01:00Z,2026-09-23T20:54:00.192440,S01BC03,
DK,Denmark,LMST,"Dicloabak 1 mg/ml øjendråber, opløsning (Orifarm)",Diclofenac (diclofenacnatrium) ATC-kode: S01BC03 Forventet periode: Slut juni 2025 - ukendt Årsag: Kommercielle årsager Virksomhed: Orifarm A/S Spørgsmål om aktuel status skal stilles til virksomheden,,,,2025-11-27,,Slut juni 2025 - ukendt,shortage,Kommercielle årsager,https://laegemiddelstyrelsen.dk/da/godkendelse/kontrol-og-inspektion/mangel-paa-medicin/meddelelser-om-forsyning-af-medicin/human-2025/dicloabak-orifarm-forsyningsvanskelighed/,2025-11-27T09:51:00Z,2026-09-23T20:54:00.192442,S01BC03,219789
DK,Denmark,LMST,"Dicloabak 1 mg/ml øjendråber, opløsning (2care4)",Diclofenac (diclofenacnatrium) ATC-kode: S01BC03 Forventet periode: Start oktober 2025 - ukendt Årsag: Leveringsvanskeligheder Virksomhed: 2care4 ApS Spørgsmål om aktuel status skal stilles til virksomheden,,,,2025-11-27,,Start oktober 2025 - ukendt,shortage,Leveringsvanskeligheder,https://laegemiddelstyrelsen.dk/da/godkendelse/kontrol-og-inspektion/mangel-paa-medicin/meddelelser-om-forsyning-af-medicin/human-2025/dicloabak-2care4-forsyningsvanskelighed/,2025-11-27T09:50:00Z,2026-09-23T20:54:00.192443,S01BC03,219789
DK,Denmark,LMST,Lasix Retard 60 mg depotkapsler,Furosemid ATC-kode: C03CA01 Forventet periode: Fra start februar 2026 Årsag: Produktionsproblemer Virksomhed: Sanofi A/S Yderligere information: Permanent markedsophør Spørgsmål om aktuel status skal stilles til virksomheden,,,,2025-11-21,,Fra start februar 2026,shortage,Produktionsproblemer,https://laegemiddelstyrelsen.dk/da/godkendelse/kontrol-og-inspektion/mangel-paa-medicin/meddelelser-om-forsyning-af-medicin/human-2024/lasix-retard-forsyningsvanskelighed/,2025-11-21T10:46:00Z,2026-09-23T20:54:00.192444,C03CA01,20877
DK,Denmark,LMST,Spectrabactin Vet. 200+50 mg tabletter,"Amoxicillin (amoxicillintrihydrat), kaliumclavulanat ATC-kode: QJ01CR02 Forventet periode: Fra start november 2025 Årsag: Kommercielle årsager Virksomhed: Dechra Veterinary Products A/S Yderligere information: Permanent markedsophør Spørgsmål om aktuel status skal stilles til virksomheden",,,,2025-11-17,,Fra start november 2025,shortage,Kommercielle årsager,https://laegemiddelstyrelsen.dk/da/godkendelse/kontrol-og-inspektion/mangel-paa-medicin/meddelelser-om-forsyning-af-medicin/veterinaer-2025/spectrabactin-vet-forsyningsvanskelighed/,2025-11-17T11:19:00Z,2026-09-23T20:54:00.192445,QJ01CR02,
DK,Denmark,LMST,"Revozyn RTU 400 mg/ml injektionsvæske, suspension",Penethamat (penethamathydroiodid) ATC-kode: QJ01CE90 Forventet periode: Fra slut oktober 2025 Årsag: Produktionsproblemer Virksomhed: Dechra Veterinary Products A/S Yderligere information: Permanent markedsophør Spørgsmål om aktuel status skal stilles til virksomheden,,,,2025-11-11,,Fra slut oktober 2025,shortage,Produktionsproblemer,https://laegemiddelstyrelsen.dk/da/godkendelse/kontrol-og-inspektion/mangel-paa-medicin/meddelelser-om-forsyning-af-medicin/veterinaer-2025/revozyn-rtu-forsyningsvanskelighed/,2025-11-11T10:31:00Z,2026-09-23T20:54:00.192446,QJ01CE90,
DK,Denmark,LMST,"Cyclophosphamid ""2care4"" 50 mg overtrukne tabletter","Cyclophosphamid, vandfrit ATC-kode: L01AA01 Forventet periode: Start november 2025 - ukendt Årsag: Leveringsvanskeligheder Virksomhed: 2care4 ApS Spørgsmål om aktuel status skal stilles til virksomheden",,,,2025-11-06,,Start november 2025 - ukendt,shortage,Leveringsvanskeligheder,https://laegemiddelstyrelsen.dk/da/godkendelse/kontrol-og-inspektion/mangel-paa-medicin/meddelelser-om-forsyning-af-medicin/human-2025/cyclophosphamid-2care4-50-mg-overtrukne-tabletter-forsyningsvanskelighed/,2025-11-06T13:22:00Z,2026-09-23T20:54:00.192447,L01AA01,957
DK,Denmark,LMST,Theo-dur 200 mg depottabletter,Theophyllin ATC-kode: R03DA04 Forventet periode: Fra start januar 2026 Årsag: Kommercielle årsager Virksomhed: Karo Pharma AB Spørgsmål om aktuel status skal stilles til virksomheden,,,,2025-11-03,,Fra start januar 2026,shortage,Kommercielle årsager,https://laegemiddelstyrelsen.dk/da/godkendelse/kontrol-og-inspektion/mangel-paa-medicin/meddelelser-om-forsyning-af-medicin/human-2025/theo-dur-200-mg-forsyningsvanskelighed/,2025-11-03T09:57:00Z,2026-09-23T20:54:00.192449,R03DA04,
DK,Denmark,LMST,Theo-dur 300 mg depottabletter,Theophyllin ATC-kode: R03DA04 Forventet periode: Fra start januar 2026 Årsag: Kommercielle årsager Virksomhed: Karo Pharma AB Spørgsmål om aktuel status skal stilles til virksomheden,,,,2025-11-03,,Fra start januar 2026,shortage,Kommercielle årsager,https://laegemiddelstyrelsen.dk/da/godkendelse/kontrol-og-inspektion/mangel-paa-medicin/meddelelser-om-forsyning-af-medicin/human-2025/theo-dur-300-mg-forsyningsvanskelighed/,2025-11-03T09:45:00Z,2026-09-23T20:54:00.192450,R03DA04,
DK,Denmark,LMST,"Antistina-privin 0,25 mg/ml + 5 mg/ml øjendråber, opløsning","Antazolin (antazolinsulfat), naphazolin (naphazolinnitrat) ATC-kode: S01GA51 Forventet periode: Midt oktober 2025 - ukendt Årsag: Kvalitetsproblemer Virksomhed: Thea Nordic AB Spørgsmål om aktuel status skal stilles til virksomheden",,,,2025-10-22,,Midt oktober 2025 - ukendt,shortage,Kvalitetsproblemer,https://laegemiddelstyrelsen.dk/da/godkendelse/kontrol-og-inspektion/mangel-paa-medicin/meddelelser-om-forsyning-af-medicin/human-2025/antistina-privin-forsyningsvanskelighed/,2025-10-22T13:31:00Z,2026-09-23T20:54:00.192451,S01GA51,
DK,Denmark,LMST,"Fostimon Set 300 IE pulver og solvens til injektionsvæske, opløsning",Urofollitropin (uFSH) ATC-kode: G03GA04 Forventet periode: Fra start november 2025 Årsag: Leveringsvanskeligheder Virksomhed: IBSA Farmaceutici Italia S,,,,2025-10-22,,Fra start november 2025,shortage,Leveringsvanskeligheder,https://laegemiddelstyrelsen.dk/da/godkendelse/kontrol-og-inspektion/mangel-paa-medicin/meddelelser-om-forsyning-af-medicin/human-2025/fostimon-set-300-ie-forsyningsvanskelighed/,2025-10-22T11:55:00Z,2026-09-23T20:54:00.192452,G03GA04,
DK,Denmark,LMST,"Fusidinsyre ""2care4"" 1% øjendråber, suspension",Fusidinsyre ATC-kode: S01AA13 Forventet periode: Slut marts 2024 – ukendt Årsag: Leveringsvanskeligheder Virksomhed: 2care4 ApS Spørgsmål om aktuel status skal stilles til virksomheden,,,,2025-10-01,,Slut marts 2024 – ukendt,shortage,Leveringsvanskeligheder,https://laegemiddelstyrelsen.dk/da/godkendelse/kontrol-og-inspektion/mangel-paa-medicin/meddelelser-om-forsyning-af-medicin/human-2024/fusidinsyre-2care4-forsyningsvanskelighed/,2025-10-01T07:42:00Z,2026-09-23T20:54:00.192453,S01AA13,227196
DK,Denmark,LMST,"Locoid Crelo 0,1% kutanemulsion (Paranova)",Hydrocortisonbutyrat ATC-kode: D07AB02 Forventet periode: Start august 2025 - ukendt Årsag: Leveringsvanskeligheder Virksomhed: Paranova Danmark A/S Spørgsmål om aktuel status skal stilles til virksomheden,,,,2025-09-11,,Start august 2025 - ukendt,shortage,Leveringsvanskeligheder,"https://laegemiddelstyrelsen.dk/da/godkendelse/kontrol-og-inspektion/mangel-paa-medicin/meddelelser-om-forsyning-af-medicin/human-2025/locoid-crelo-0,1-kutanemulsion-paranova-forsyningsvanskelighed/",2025-09-11T14:33:00Z,2026-09-23T20:54:00.192455,D07AB02,39187
DK,Denmark,LMST,"Propal Retard 160 mg depotkapsler, hårde",Propranolol (propranololhydrochlorid) ATC-kode: C07AA05 Forventet periode: Fra start september 2025 Årsag: Leveringsvanskeligheder Virksomhed: Sandoz A/S Yderligere information: Permanent markedsophør Spørgsmål om aktuel status skal stilles til virksomheden,,,,2025-09-11,,Fra start september 2025,shortage,Leveringsvanskeligheder,https://laegemiddelstyrelsen.dk/da/godkendelse/kontrol-og-inspektion/mangel-paa-medicin/meddelelser-om-forsyning-af-medicin/human-2025/propal-retard-160-mg-forsyningsvanskelighed/,2025-09-11T13:24:00Z,2026-09-23T20:54:00.192456,C07AA05,
DK,Denmark,LMST,"Propal Retard 80 mg depotkapsler, hårde",Propranolol (propranololhydrochlorid) ATC-kode: C07AA05 Forventet periode: Fra midt maj 2025 Årsag: Leveringsvanskeligheder Virksomhed: Sandoz A/S Yderligere information: Permanent markedsophør Spørgsmål om aktuel status skal stilles til virksomheden,,,,2025-09-11,,Fra midt maj 2025,shortage,Leveringsvanskeligheder,https://laegemiddelstyrelsen.dk/da/godkendelse/kontrol-og-inspektion/mangel-paa-medicin/meddelelser-om-forsyning-af-medicin/human-2025/propal-retard-80-mg-forsyningsvanskelighed/,2025-09-11T13:22:00Z,2026-09-23T20:54:00.192457,C07AA05,20699
DK,Denmark,LMST,"Cefuroxim ""Nordic Prime"" 500 mg filmovertrukne tabletter ",Cefuroxim (Cefuroximaxetil) ATC-kode: J01DC02 Forventet periode: Slut september 2025 - ukendt Årsag: Kvalitetsproblemer Virksomhed: Nordic Prime ApS Spørgsmål om aktuel status skal stilles til virksomheden,,,,2025-09-09,,Slut september 2025 - ukendt,shortage,Kvalitetsproblemer,https://laegemiddelstyrelsen.dk/da/godkendelse/kontrol-og-inspektion/mangel-paa-medicin/meddelelser-om-forsyning-af-medicin/human-2025/cefuroxim-nordic-prime-forsyningsvanskelighed/,2025-09-09T14:02:00Z,2026-09-23T20:54:00.192458,J01DC02,27340
DK,Denmark,LMST,Zinnat 500 mg filmovertrukne tabletter,Cefuroxim (Cefuroximaxetil) ATC-kode: J01DC02 Forventet periode: Slut august 2025 - ukendt Årsag: Kvalitetsproblemer Virksomhed: 2care4 ApS Spørgsmål om aktuel status skal stilles til virksomheden,,,,2025-09-09,,Slut august 2025 - ukendt ,shortage,Kvalitetsproblemer,https://laegemiddelstyrelsen.dk/da/godkendelse/kontrol-og-inspektion/mangel-paa-medicin/meddelelser-om-forsyning-af-medicin/human-2025/zinnat-forsyningsvanskelighed/,2025-09-09T13:46:00Z,2026-09-23T20:54:00.192459,J01DC02,27340
DK,Denmark,LMST,"Atrovent 20 mikrogram/dosis inhalationsspray, opløsning",Ipratropium (ipratropiumbromidmonohydrat) ATC-kode: R03BB01 Forventet periode: Fra start oktober 2025 Årsag: Kommercielle årsager Virksomhed: Boehringer Ingelheim Danmark A/S Yderligere information: Permanent markedsophør Spørgsmål om aktuel status skal stilles til virksomheden,,,,2025-09-02,,Fra start oktober 2025,shortage,Kommercielle årsager,https://laegemiddelstyrelsen.dk/da/godkendelse/kontrol-og-inspektion/mangel-paa-medicin/meddelelser-om-forsyning-af-medicin/human-2025/atrovent-20-mikrogramdosis-inhalationsspray-forsyningsvanskelighed/,2025-09-02T13:01:00Z,2026-09-23T20:54:00.192461,R03BB01,73377
DK,Denmark,LMST,Betnovat 1 mg/ml kutanemulsion,,,,,2025-09-01,,Fra start november 2025,shortage,Kommercielle årsager,https://laegemiddelstyrelsen.dk/da/godkendelse/kontrol-og-inspektion/mangel-paa-medicin/meddelelser-om-forsyning-af-medicin/human-2025/betnovat-1-mgml-kutanemulsion-forsyningsvanskelighed/,2025-09-01T13:02:00Z,2026-09-23T20:54:00.192462,,
DK,Denmark,LMST,"Meloxicam ""Bluefish"" 15 mg tabletter",Meloxicam ATC-kode: M01AC06 Forventet periode: Midt august 2025 - ukendt Årsag: Produktionsproblemer Virksomhed: Bluefish Pharmaceuticals AB Spørgsmål om aktuel status skal stilles til virksomheden,,,,2025-09-01,,Midt august 2025 - ukendt,shortage,Produktionsproblemer,https://laegemiddelstyrelsen.dk/da/godkendelse/kontrol-og-inspektion/mangel-paa-medicin/meddelelser-om-forsyning-af-medicin/human-2025/meloxicam-bluefish-15-mg-forsyningsvanskelighed/,2025-09-01T10:44:00Z,2026-09-23T20:54:00.192463,M01AC06,47481
DK,Denmark,LMST,"Meloxicam ""Bluefish"" 7,5 mg tabletter",Meloxicam ATC-kode: M01AC06 Forventet periode: Slut februar 2026 - ukendt Årsag: Produktionsproblemer Virksomhed: Bluefish Pharmaceuticals AB Spørgsmål om aktuel status skal stilles til virksomheden,,,,2025-09-01,,Slut februar 2026 - ukendt,shortage,Produktionsproblemer,"https://laegemiddelstyrelsen.dk/da/godkendelse/kontrol-og-inspektion/mangel-paa-medicin/meddelelser-om-forsyning-af-medicin/human-2025/meloxicam-bluefish-7,5-mg-forsyningsvanskelighed/",2025-09-01T10:41:00Z,2026-09-23T20:54:00.192465,M01AC06,44105
DK,Denmark,LMST,Fucidin 250 mg filmovertrukne tabletter (Orifarm A/S),"Fusidinsyre (Natriumfusidat) ATC-kode: J01XC01 Forventet periode: Fra midt juni 2025 Årsag: Leveringsvanskeligheder Virksomhed: Orifarm A/S Yderligere information: Det er muligt at søge om udleveringstilladelse , permanent markedsophør Spørgsmål om aktuel status skal stilles til virksomheden",,,,2025-08-27,,Fra midt juni 2025,shortage,Leveringsvanskeligheder,https://laegemiddelstyrelsen.dk/da/godkendelse/kontrol-og-inspektion/mangel-paa-medicin/meddelelser-om-forsyning-af-medicin/human-2025/fucidin-250-mg-orifarm-as-forsyningsvanskelighed/,2025-08-27T07:24:00Z,2026-09-23T20:54:00.192466,J01XC01,229245
DK,Denmark,LMST,Fucidine 250 mg filmovertrukne tabletter (Paranova Danmark A/S),"Fusidinsyre (Natriumfusidat) ATC-kode: J01XC01 Forventet periode: Fra slut december 2024 Årsag: Leveringsvanskeligheder Virksomhed: Paranova Danmark A/S Yderligere information: Det er muligt at søge om udleveringstilladelse , permanent markedsophør Spørgsmål om aktuel status skal stilles til virksomheden",,,,2025-08-25,,Fra slut december 2024,shortage,Leveringsvanskeligheder,https://laegemiddelstyrelsen.dk/da/godkendelse/kontrol-og-inspektion/mangel-paa-medicin/meddelelser-om-forsyning-af-medicin/human-2025/fucidine-250-mg-paranova-danmark-as-forsyningsvanskelighed/,2025-08-25T11:21:00Z,2026-09-23T20:54:00.192467,J01XC01,229245
DK,Denmark,LMST," Alprostadil ""2care4"" 10 mikrogram pulver og solvens til injektionsvæske, opløsning",Alprostadil ATC-kode: G04BE01 Forventet periode: Start august 2025 - ukendt Årsag: Leveringsvanskeligheder Virksomhed: 2care4 ApS Yderligere information: Det er muligt at søge om udleveringstilladelse Spørgsmål om aktuel status skal stilles til virksomheden,,,,2025-08-18,,Start august 2025 - ukendt,shortage,Leveringsvanskeligheder,https://laegemiddelstyrelsen.dk/da/godkendelse/kontrol-og-inspektion/mangel-paa-medicin/meddelelser-om-forsyning-af-medicin/human-2025/-alprostadil-2care4-10-mikrogram-forsyningsvanskelighed/,2025-08-18T08:10:00Z,2026-09-23T20:54:00.192468,G04BE01,143561
DK,Denmark,LMST,"Folltropin 700 IE pulver og solvens til injektionsvæske, opløsning",Porcint follikelstimulerende hormon (FSHp) ATC-kode: QG03GA90 Forventet periode: Midt februar 2025 - ukendt Årsag: Kommercielle årsager Virksomhed: Vetoquinol Scandinavia AB Yderligere information: Det er muligt at søge om udleveringstilladelse Spørgsmål om aktuel status skal stilles til virksomheden,,,,2025-08-14,,Midt februar 2025 - ukendt,shortage,Kommercielle årsager,https://laegemiddelstyrelsen.dk/da/godkendelse/kontrol-og-inspektion/mangel-paa-medicin/meddelelser-om-forsyning-af-medicin/veterinaer-2025/folltropin-forsyningsvanskelighed/,2025-08-14T09:57:00Z,2026-09-23T20:54:00.192469,QG03GA90,
DK,Denmark,LMST,Condyline 5 mg/ml kutanopløsning (Paranova Danmark),Podophyllotoxin ATC-kode: D06BB04 Forventet periode: Start juni 2025 - ukendt Årsag: Leveringsvanskeligheder Virksomhed: Paranova Danmark A/S Yderligere information: Det er muligt at søge om udleveringstilladelse Spørgsmål om aktuel status skal stilles til virksomheden,,,,2025-08-14,,Start juni 2025 - ukendt,shortage,Leveringsvanskeligheder,https://laegemiddelstyrelsen.dk/da/godkendelse/kontrol-og-inspektion/mangel-paa-medicin/meddelelser-om-forsyning-af-medicin/human-2025/condyline-paranova-danmark-forsyningsvanskelighed/,2025-08-14T08:41:00Z,2026-09-23T20:54:00.192471,D06BB04,72419
DK,Denmark,LMST,Onglyza 5 mg filmovertrukne tabletter,Saxagliptin (saxagliptinhydrochlorid) ATC-kode: A10BH03 Forventet periode: Fra start september 2025 Årsag: Kommercielle årsager Virksomhed: AstraZeneca A/S Yderligere information: Permanent markedsophør Spørgsmål om aktuel status skal stilles til virksomheden,,,,2025-08-08,,Fra start september 2025,shortage,Kommercielle årsager,https://laegemiddelstyrelsen.dk/da/godkendelse/kontrol-og-inspektion/mangel-paa-medicin/meddelelser-om-forsyning-af-medicin/human-2025/onglyza-5-mg-astrazeneca-forsyningsvanskelighed/,2025-08-08T11:14:00Z,2026-09-23T20:54:00.192472,A10BH03,91812
DK,Denmark,LMST,"Onglyza 2,5 mg filmovertrukne tabletter",Saxagliptin (saxagliptinhydrochlorid) ATC-kode: A10BH03 Forventet periode: Fra start september 2025 Årsag: Kommercielle årsager Virksomhed: AstraZeneca A/S Yderligere information: Permanent markedsophør Spørgsmål om aktuel status skal stilles til virksomheden,,,,2025-08-08,,Fra start september 2025,shortage,Kommercielle årsager,"https://laegemiddelstyrelsen.dk/da/godkendelse/kontrol-og-inspektion/mangel-paa-medicin/meddelelser-om-forsyning-af-medicin/human-2025/onglyza-2,5-mg-astrazeneca-forsyningsvanskelighed/",2025-08-08T11:13:00Z,2026-09-23T20:54:00.192473,A10BH03,96938
DK,Denmark,LMST,Condyline 5 mg/ml kutanopløsning (Orifarm),Podophyllotoxin ATC-kode: D06BB04 Forventet periode: Midt juni 2025 - ukendt Årsag: Leveringsvanskeligheder Virksomhed: Orifarm A/S Yderligere information: Det er muligt at søge om udleveringstilladelse Spørgsmål om aktuel status skal stilles til virksomheden,,,,2025-08-07,,Midt juni 2025 - ukendt,shortage,Leveringsvanskeligheder,https://laegemiddelstyrelsen.dk/da/godkendelse/kontrol-og-inspektion/mangel-paa-medicin/meddelelser-om-forsyning-af-medicin/human-2025/condyline-orifarm-forsyningsvanskelighed/,2025-08-07T13:33:00Z,2026-09-23T20:54:00.192474,D06BB04,72419
DK,Denmark,LMST,"Insulatard FlexPen 100 IE/ml injektionsvæske, suspension, fyldt pen","Isophaninsulin (isophan(NHP)insulin, humant (rDNA)) ATC-kode: A10AC01 Forventet periode: Fra slut september 2025 Årsag: Kommercielle årsager Virksomhed: Novo Nordisk A/S Yderligere information: Permanent markedsophør Spørgsmål om aktuel status skal stilles til virksomheden",,,,2025-08-06,,Fra slut september 2025,shortage,Kommercielle årsager,https://laegemiddelstyrelsen.dk/da/godkendelse/kontrol-og-inspektion/mangel-paa-medicin/meddelelser-om-forsyning-af-medicin/human-2025/insulatard-flexpen-forsyningsvanskelighed-/,2025-08-06T12:05:00Z,2026-09-23T20:54:00.192475,A10AC01,105716
DK,Denmark,LMST,Condyline 5 mg/ml kutanopløsning (2care4),Podophyllotoxin ATC-kode: D06BB04 Forventet periode: Slut juli 2025 - ukendt Årsag: Leveringsvanskeligheder Virksomhed: 2care4 ApS Yderligere information: Det er muligt at søge om udleveringstilladelse Spørgsmål om aktuel status skal stilles til virksomheden,,,,2025-08-06,,Slut juli 2025 - ukendt,shortage,Leveringsvanskeligheder,https://laegemiddelstyrelsen.dk/da/godkendelse/kontrol-og-inspektion/mangel-paa-medicin/meddelelser-om-forsyning-af-medicin/human-2025/condyline-2care4-forsyningsvanskelighed/,2025-08-06T11:48:00Z,2026-09-23T20:54:00.192477,D06BB04,72419
DK,Denmark,LMST,Fucidin 50 mg/ml oral suspension,Fusidinsyre ATC-kode: J01XC01 Forventet periode: Fra midt juli 2025 Årsag: Kommercielle årsager Virksomhed: LEO Pharma A/S Yderligere information: Permanent markedsophør Spørgsmål om aktuel status skal stilles til virksomheden,,,,2025-08-06,,Fra midt juli 2025,shortage,Kommercielle årsager,https://laegemiddelstyrelsen.dk/da/godkendelse/kontrol-og-inspektion/mangel-paa-medicin/meddelelser-om-forsyning-af-medicin/human-2025/fucidin-50-mgml-oral-suspension-forsyningsvanskelighed/,2025-08-06T10:46:00Z,2026-09-23T20:54:00.192478,J01XC01,229245
DK,Denmark,LMST,"Abasaglar KwikPen 100 E/ml injektionsvæske, opløsning i fyldt pen (Eli Lilly)",Insulin glargin ATC-kode: A10AE04 Forventet periode: Fra slut september 2025 Årsag: Kommercielle årsager Virksomhed: Eli Lilly Danmark A/S Yderligere information: Permanent markedsophør Spørgsmål om aktuel status skal stilles til virksomheden,,,,2025-08-01,,Fra slut september 2025,shortage,Kommercielle årsager,https://laegemiddelstyrelsen.dk/da/godkendelse/kontrol-og-inspektion/mangel-paa-medicin/meddelelser-om-forsyning-af-medicin/human-2025/abasaglar-kwikpen-eli-lilly-forsyningsvanskelighed/,2025-08-01T13:41:00Z,2026-09-23T20:54:00.192479,A10AE04,121312
DK,Denmark,LMST,"Nocutil 0,1 mg tabletter",Desmopressin (desmopressinacetattrihydrat) ATC-kode: H01BA02 Forventet periode: Fra start juni 2025 Årsag: Kommercielle årsager Virksomhed: Medac Yderligere information: Permanent markedsophør Spørgsmål om aktuel status skal stilles til virksomheden,,,,2025-07-30,,Fra start juni 2025,shortage,Kommercielle årsager,"https://laegemiddelstyrelsen.dk/da/godkendelse/kontrol-og-inspektion/mangel-paa-medicin/meddelelser-om-forsyning-af-medicin/human-2025/nocutil-0,1-mg-tabletter-forsyningsvanskelighed/",2025-07-30T14:16:00Z,2026-09-23T20:54:00.192480,H01BA02,27634
DK,Denmark,LMST,"Celluvisc 10 mg/ml øjendråber, opløsning, enkeltdosisbeholder",Carmellosenatrium ATC-kode: S01XA20 Forventet periode: Fra slut juli 2025 Årsag: Leveringsvanskeligheder Virksomhed: Abbvie A/S Spørgsmål om aktuel status skal stilles til virksomheden,,,,2025-07-29,,Fra slut juli 2025,shortage,Leveringsvanskeligheder,https://laegemiddelstyrelsen.dk/da/godkendelse/kontrol-og-inspektion/mangel-paa-medicin/meddelelser-om-forsyning-af-medicin/human-2025/celluvisc-forsyningsvanskelighed/,2025-07-29T08:47:00Z,2026-09-23T20:54:00.192481,S01XA20,219029
DK,Denmark,LMST,"Equasym Depot 30 mg kapsler med modificeret udløsning, hårde (2care4)",Methylphenidat (methylphenidathydrochlorid) ATC-kode: N06BA04 Forventet periode: Midt januar 2024 - ukendt Årsag: Leveringsvanskeligheder Virksomhed: 2care4 ApS Spørgsmål om aktuel status skal stilles til virksomheden,,,,2025-07-28,,Midt januar 2024 - ukendt,shortage,Leveringsvanskeligheder,https://laegemiddelstyrelsen.dk/da/godkendelse/kontrol-og-inspektion/mangel-paa-medicin/meddelelser-om-forsyning-af-medicin/human-2025/equasym-depot-30-mg-2care4-forsyningsvanskelighed/,2025-07-28T13:23:00Z,2026-09-23T20:54:00.192482,N06BA04,
DK,Denmark,LMST,Xorox 30 mg/g øjensalve (Orifarm),Aciclovir ATC-kode: S01AD03 Forventet periode: Slut maj 2025 - ukendt Årsag: Leveringsvanskeligheder Virksomhed: Orifarm A/S Spørgsmål om aktuel status skal stilles til virksomheden,,,,2025-07-28,,Slut maj 2025 - ukendt,shortage,Leveringsvanskeligheder,https://laegemiddelstyrelsen.dk/da/godkendelse/kontrol-og-inspektion/mangel-paa-medicin/meddelelser-om-forsyning-af-medicin/human-2025/xorox-orifarm-forsyningsvanskelighed/,2025-07-28T08:31:00Z,2026-09-23T20:54:00.192484,S01AD03,17191
DK,Denmark,LMST,Flixotide 50 mikrogram/dosis inhalationspulver,Fluticason (Fluticasonpropionat) ATC-kode: R03BA05 Forventet periode: Fra slut september 2025 Årsag: Kommercielle årsager Virksomhed: GlaxoSmithKline Pharma A/S Yderligere information: Permanent markedsophør Spørgsmål om aktuel status skal stilles til virksomheden,,,,2025-07-25,,Fra slut september 2025,shortage,Kommercielle årsager,https://laegemiddelstyrelsen.dk/da/godkendelse/kontrol-og-inspektion/mangel-paa-medicin/meddelelser-om-forsyning-af-medicin/human-2025/flixotide-50-mikrogramdosis-inhalationspulver-forsyningsvanskelighed/,2025-07-25T09:44:00Z,2026-09-23T20:54:00.192485,R03BA05,
DK,Denmark,LMST,"bicaVera 2,3 % Glucose, 1,25 mmol/l calcium peritonealdialysevæske, 4 x 2500 ml (stay safe)","Calciumchloriddihydrat, Glucosemonohydrat, Magnesiumchloridhexahydrat, Natriumchlorid, Natriumhydrogencarbonat ATC-kode: B05DB Forventet periode: Midt juni 2025 - ukendt Årsag: Kommercielle årsager Virksomhed: Fresenius Medical Care Danmark Spørgsmål om aktuel status skal stilles til virksomheden",,,,2025-07-15,,Midt juni 2025 - ukendt,shortage,Kommercielle årsager,"https://laegemiddelstyrelsen.dk/da/godkendelse/kontrol-og-inspektion/mangel-paa-medicin/meddelelser-om-forsyning-af-medicin/human-2025/bicavera-2,3-glucose,-1,25-mmoll-calcium,-4-x-2500-ml-stay-safe-forsyningsvanskelighed/",2025-07-15T13:45:00Z,2026-09-23T20:54:00.192486,,
DK,Denmark,LMST,Xorox 30 mg/g øjensalve (Medartuum),Aciclovir ATC-kode: S01AD03 Forventet periode: Fra start juli 2025 Årsag: Leveringsvanskeligheder Virksomhed: Medartuum AB Yderligere information: Permanent markedsophør Spørgsmål om aktuel status skal stilles til virksomheden,,,,2025-07-14,,Fra start juli 2025,shortage,Leveringsvanskeligheder,https://laegemiddelstyrelsen.dk/da/godkendelse/kontrol-og-inspektion/mangel-paa-medicin/meddelelser-om-forsyning-af-medicin/human-2025/xorox-medartuum-forsyningsvanskelighed/,2025-07-14T09:24:00Z,2026-09-23T20:54:00.192487,S01AD03,17191
DK,Denmark,LMST,Xorox 30 mg/g øjensalve (Nordic Prime),Aciclovir ATC-kode: S01AD03 Forventet periode: Start juli 2025 - ukendt Årsag: Leveringsvanskeligheder Virksomhed: Nordic Prime ApS Spørgsmål om aktuel status skal stilles til virksomheden,,,,2025-07-11,,Start juli 2025 - ukendt,shortage,Leveringsvanskeligheder,https://laegemiddelstyrelsen.dk/da/godkendelse/kontrol-og-inspektion/mangel-paa-medicin/meddelelser-om-forsyning-af-medicin/human-2025/xorox-nordic-prime-forsyningsvanskelighed/,2025-07-11T15:03:00Z,2026-09-23T20:54:00.192488,S01AD03,17191
DK,Denmark,LMST,"NovoMix 50 FlexPen 100 E/ml injektionsvæske, suspension, fyldt pen","Insulin aspart protamin, insulin aspart ATC-kode: A10AD05 Forventet periode: Fra slut september 2025 Årsag: Kommercielle årsager Virksomhed: Novo Nordisk A/S Yderligere information: Permanent markedsophør Spørgsmål om aktuel status skal stilles til virksomheden",,,,2025-07-09,,Fra slut september 2025,shortage,Kommercielle årsager,https://laegemiddelstyrelsen.dk/da/godkendelse/kontrol-og-inspektion/mangel-paa-medicin/meddelelser-om-forsyning-af-medicin/human-2025/novomix-50-flexpen-forsyningsvanskelighed-/,2025-07-09T11:56:00Z,2026-09-23T20:54:00.192490,A10AD05,121339
DK,Denmark,LMST,"Mixtard 30 Penfill 100 IE/ml injektionsvæske, suspension, cylinderampul","Insulin og Isophaninsulin (isophan(NHP)insulin), humant (rDNA) ATC-kode: A10AD01 Forventet periode: Fra slut september 2025 Årsag: Kommercielle årsager Virksomhed: Novo Nordisk A/S Yderligere information: Permanent markedsophør Spørgsmål om aktuel status skal stilles til virksomheden",,,,2025-07-09,,Fra slut september 2025,shortage,Kommercielle årsager,https://laegemiddelstyrelsen.dk/da/godkendelse/kontrol-og-inspektion/mangel-paa-medicin/meddelelser-om-forsyning-af-medicin/human-2025/mixtard-30-penfill-forsyningsvanskelighed-/,2025-07-09T11:53:00Z,2026-09-23T20:54:00.192491,A10AD01,
DK,Denmark,LMST,"Insulatard Penfill 100 IE/ml injektionsvæske, suspension, cylinderampul","Isophaninsulin (isophan(NHP)insulin, humant (rDNA)) ATC-kode: A10AC01 Forventet periode: Fra slut september 2025 Årsag: Kommercielle årsager Virksomhed: Novo Nordisk A/S Yderligere information: Permanent markedsophør Spørgsmål om aktuel status skal stilles til virksomheden",,,,2025-07-09,,Fra slut september 2025,shortage,Kommercielle årsager,https://laegemiddelstyrelsen.dk/da/godkendelse/kontrol-og-inspektion/mangel-paa-medicin/meddelelser-om-forsyning-af-medicin/human-2025/insulatard-penfill-forsyningsvanskelighed-/,2025-07-09T11:37:00Z,2026-09-23T20:54:00.192492,A10AC01,34851
DK,Denmark,LMST,"Actrapid Penfill 100 IE/ml injektionsvæske, opløsning i cylinderampul","Insulin, humant (rDNA) ATC-kode: A10AB01 Forventet periode: Fra slut september 2025 Årsag: Kommercielle årsager Virksomhed: Novo Nordisk A/S Yderligere information: Permanent markedsophør Spørgsmål om aktuel status skal stilles til virksomheden",,,,2025-07-09,,Fra slut september 2025,shortage,Kommercielle årsager,https://laegemiddelstyrelsen.dk/da/godkendelse/kontrol-og-inspektion/mangel-paa-medicin/meddelelser-om-forsyning-af-medicin/human-2025/actrapid-penfill-forsyningsvanskelighed-/,2025-07-09T11:31:00Z,2026-09-23T20:54:00.192493,A10AB01,97330
DK,Denmark,LMST,Okicare 30 mg/g øjensalve,Aciclovir ATC-kode: S01AD03 Forventet periode: Midt juli 2025 - ukendt Årsag: Leveringsvanskeligheder Virksomhed: 2care4 ApS Spørgsmål om aktuel status skal stilles til virksomheden,,,,2025-07-08,,Midt juli 2025 - ukendt,shortage,Leveringsvanskeligheder,https://laegemiddelstyrelsen.dk/da/godkendelse/kontrol-og-inspektion/mangel-paa-medicin/meddelelser-om-forsyning-af-medicin/human-2025/okicare-forsyningsvanskelighed-/,2025-07-08T11:48:00Z,2026-09-23T20:54:00.192494,S01AD03,17191
DK,Denmark,LMST,"Humulin Regular 100 IE/ml injektionsvæske, opløsning, hætteglas","Insulin, humant (rDNA) ATC-kode: A10AB01 Forventet periode: Fra slut september 2025 Årsag: Kommercielle årsager Virksomhed: Eli Lilly Danmark A/S Yderligere information: Permanent markedsophør Spørgsmål om aktuel status skal stilles til virksomheden",,,,2025-07-04,,Fra slut september 2025,shortage,Kommercielle årsager,https://laegemiddelstyrelsen.dk/da/godkendelse/kontrol-og-inspektion/mangel-paa-medicin/meddelelser-om-forsyning-af-medicin/human-2025/humulin-regular-forsyningsvanskelighed/,2025-07-04T12:56:00Z,2026-09-23T20:54:00.192495,A10AB01,
DK,Denmark,LMST,"Humulin NPH 100 IE/ml injektionsvæske, suspension, hætteglas","Isophaninsulin (isophan(NHP)insulin, humant (rDNA)) ATC-kode: A10AC01 Forventet periode: Fra slut september 2025 Årsag: Kommercielle årsager Virksomhed: Eli Lilly Danmark A/S Yderligere information: Permanent markedsophør Spørgsmål om aktuel status skal stilles til virksomheden",,,,2025-07-04,,Fra slut september 2025,shortage,Kommercielle årsager,https://laegemiddelstyrelsen.dk/da/godkendelse/kontrol-og-inspektion/mangel-paa-medicin/meddelelser-om-forsyning-af-medicin/human-2025/humulin-nph-forsyningsvanskelighed/,2025-07-04T12:48:00Z,2026-09-23T20:54:00.192497,A10AC01,
DK,Denmark,LMST,Humalog Mix25 KwikPen 100 E/ml (cartridge in pre-fille pen) injektionsvæske,Insulin lispro ATC-kode: A10AD04 Forventet periode: Fra slut september 2025 Årsag: Kommercielle årsager Virksomhed: Eli Lilly Danmark A/S Yderligere information: Permanent markedsophør Spørgsmål om aktuel status skal stilles til virksomheden,,,,2025-07-04,,Fra slut september 2025,shortage,Kommercielle årsager,https://laegemiddelstyrelsen.dk/da/godkendelse/kontrol-og-inspektion/mangel-paa-medicin/meddelelser-om-forsyning-af-medicin/human-2025/humalog-mix25-kwikpen-forsyningsvanskelighed/,2025-07-04T12:43:00Z,2026-09-23T20:54:00.192498,A10AD04,121371
DK,Denmark,LMST,"Cinacalcet ""Accordpharma"" 30 mg filmovertrukne tabletter",Cinacalcet (cinacalcethydrochlorid) ATC-kode: H05BX01 Forventet periode: Start juni - ukendt Årsag: Kvalitetsproblemer Virksomhed: Accord Healthcare S,,,,2025-07-03,,Start juni 2025 - ukendt,shortage,Kvalitetsproblemer,https://laegemiddelstyrelsen.dk/da/godkendelse/kontrol-og-inspektion/mangel-paa-medicin/meddelelser-om-forsyning-af-medicin/human-2025/cinacalcet-accordpharma-30-mg-filmovertrukne-tabletter-forsyningsvanskelighed/,2025-07-03T09:54:00Z,2026-09-23T20:54:00.192499,H05BX01,77100
DK,Denmark,LMST,Efient 5 mg filmovertrukne tabletter (Kurantis) ,Prasugrel ATC-kode: B01AC22 Forventet periode: Start juni 2025 - start januar 2027 Årsag: Kommercielle årsager Virksomhed: Kurantis ApS Spørgsmål om aktuel status skal stilles til virksomheden,,,,2025-07-01,2027-01-05,Start juni 2025 - start januar 2027,shortage,Kommercielle årsager,https://laegemiddelstyrelsen.dk/da/godkendelse/kontrol-og-inspektion/mangel-paa-medicin/meddelelser-om-forsyning-af-medicin/human-2025/efient-5-mg-kurantis-forsyningsvanskelighed-/,2025-07-01T08:51:00Z,2026-09-23T20:54:00.192501,B01AC22,196886
DK,Denmark,LMST,"Lemtrada 12 mg/1,2 ml koncentrat til infusionsvæske, opløsning",Alemtuzumab ATC-kode: L04AG06 Forventet periode: Fra slut juni 2025 Årsag: Kommercielle årsager Virksomhed: Sanofi A/S Yderligere information: Det er muligt at søge om udleveringstilladelse Spørgsmål om aktuel status skal stilles til virksomheden,,,,2025-06-27,,Fra slut juni 2025,shortage,Kommercielle årsager,https://laegemiddelstyrelsen.dk/da/godkendelse/kontrol-og-inspektion/mangel-paa-medicin/meddelelser-om-forsyning-af-medicin/human-2025/lemtrada-forsyningsvanskelighed/,2025-06-27T08:40:00Z,2026-09-23T20:54:00.192502,L04AG06,
DK,Denmark,LMST,"Imovax Polio injektionsvæske, suspension","Poliovirus type 2, stamme MEF-1 (inaktiveret), Poliovirus type 3, stamme Saukett (inaktiveret), Poliovirus type 1, stamme Mahoney (inaktiveret) ATC-kode: J07BF03 Forventet periode: Fra slut maj 2025 Årsag: Leveringsvanskeligheder Virksomhed: Sanofi A/S Yderligere information : Permanent markedsophør",,,,2025-06-19,,Fra slut maj 2025,shortage,Leveringsvanskeligheder,https://laegemiddelstyrelsen.dk/da/godkendelse/kontrol-og-inspektion/mangel-paa-medicin/meddelelser-om-forsyning-af-medicin/human-2025/imovax-polio-forsyningsvanskelighed/,2025-06-19T09:18:00Z,2026-09-23T20:54:00.192504,J07BF03,101001
DK,Denmark,LMST,"Novorapid Flex Touch 100 E/ml injektionsvæske, opløsning",Insulin aspart ATC-kode: A10AB05 Forventet periode: Fra slut juli 2025 Årsag: Kommercielle årsager Virksomhed: Novo Nordisk A/S Yderligere information: Permanent markedsophør Spørgsmål om aktuel status skal stilles til virksomheden,,,,2025-06-16,,Fra slut juli 2025,shortage,Kommercielle årsager,https://laegemiddelstyrelsen.dk/da/godkendelse/kontrol-og-inspektion/mangel-paa-medicin/meddelelser-om-forsyning-af-medicin/human-2025/novorapid-flex-touch-forsyningsvanskelighed/,2025-06-16T11:11:00Z,2026-09-23T20:54:00.192505,A10AB05,
DK,Denmark,LMST,"Apidra SoloStar 100 Enheder/ml injektionsvæske, opløsning i fyldt pen",Insulin glulisin ATC-kode: A10AB06 Forventet periode: Fra slut juni 2025 Årsag: Kommercielle årsager Virksomhed: Sanofi A/S Yderligere information: Permanent markedsophør Spørgsmål om aktuel status skal stilles til virksomheden,,,,2025-06-10,,Fra slut juni 2025,shortage,Kommercielle årsager,https://laegemiddelstyrelsen.dk/da/godkendelse/kontrol-og-inspektion/mangel-paa-medicin/meddelelser-om-forsyning-af-medicin/human-2025/apidra-solostar-forsyningsvanskelighed/,2025-06-10T08:36:00Z,2026-09-23T20:54:00.192506,A10AB06,121290
DK,Denmark,LMST,"Noromectin Vet. 1,87% til heste oral pasta",Ivermectin ATC-kode: QP54AA01 Forventet periode: Slut maj 2025 - ukendt Årsag: Produktionsproblemer Virksomhed: Biovet ApS Yderligere information: Det er muligt at søge om udleveringstilladelse Spørgsmål om aktuel status skal stilles til virksomheden,,,,2025-06-04,,Slut maj 2025 - ukendt,shortage,Produktionsproblemer,"https://laegemiddelstyrelsen.dk/da/godkendelse/kontrol-og-inspektion/mangel-paa-medicin/meddelelser-om-forsyning-af-medicin/veterinaer-2025/noromectin-vet-1,87-til-heste-forsyningsvanskelighed/",2025-06-04T14:12:00Z,2026-09-23T20:54:00.192507,QP54AA01,
DK,Denmark,LMST,Efient 5 mg filmovertrukne tabletter (Nordic Prime) ,Prasugrel ATC-kode: B01AC22 Forventet periode: Start marts 2025 - ukendt Årsag: Leveringsvanskeligheder Virksomhed: Nordic Prime ApS Spørgsmål om aktuel status skal stilles til virksomheden,,,,2025-06-03,,Start marts 2025 - ukendt,shortage,Leveringsvanskeligheder,https://laegemiddelstyrelsen.dk/da/godkendelse/kontrol-og-inspektion/mangel-paa-medicin/meddelelser-om-forsyning-af-medicin/human-2025/efient-5-mg-nordic-prime-forsyningsvanskelighed-/,2025-06-03T12:16:00Z,2026-09-23T20:54:00.192508,B01AC22,196886
DK,Denmark,LMST,Efient 5 mg filmovertrukne tabletter (Medartuum) ,Prasugrel ATC-kode: B01AC22 Forventet periode: Midt marts 2025 - ukendt Årsag: Leveringsvanskeligheder Virksomhed: Medartuum AB Spørgsmål om aktuel status skal stilles til virksomheden,,,,2025-06-02,,Midt marts 2025 - ukendt,shortage,Leveringsvanskeligheder,https://laegemiddelstyrelsen.dk/da/godkendelse/kontrol-og-inspektion/mangel-paa-medicin/meddelelser-om-forsyning-af-medicin/human-2025/efient-5-mg-medartuum-forsyningsvanskelighed-/,2025-06-02T10:38:00Z,2026-09-23T20:54:00.192509,B01AC22,196886
DK,Denmark,LMST,"Prasugrel ""Mylan"" 10 mg filmovertrukne tabletter (Abacus)",Prasugrel ATC-kode: B01AC22 Forventet periode: Midt juni 2024 - ukendt Årsag: Leveringsvanskeligheder Virksomhed: Abacus Medicine A/S Spørgsmål om aktuel status skal stilles til virksomheden,,,,2025-06-02,,Midt juni 2024 - ukendt,shortage,Leveringsvanskeligheder,https://laegemiddelstyrelsen.dk/da/godkendelse/kontrol-og-inspektion/mangel-paa-medicin/meddelelser-om-forsyning-af-medicin/human-2025/prasugrel-mylan-10-mg-abacus-forsyningsvanskelighed-/,2025-06-02T10:34:00Z,2026-09-23T20:54:00.192511,B01AC22,196894
DK,Denmark,LMST,"Prasugrel ""Mylan"" 10 mg filmovertrukne tabletter (2care4)",Prasugrel ATC-kode: B01AC22 Forventet periode: Start februar 2025 - ukendt Årsag: Leveringsvanskeligheder Virksomhed: 2care4 ApS Spørgsmål om aktuel status skal stilles til virksomheden,,,,2025-06-02,,Start februar 2025 - ukendt,shortage,Leveringsvanskeligheder,https://laegemiddelstyrelsen.dk/da/godkendelse/kontrol-og-inspektion/mangel-paa-medicin/meddelelser-om-forsyning-af-medicin/human-2025/prasugrel-mylan-10-mg-2care4-forsyningsvanskelighed-/,2025-06-02T10:33:00Z,2026-09-23T20:54:00.192512,B01AC22,196894
DK,Denmark,LMST,Efient 10 mg filmovertrukne tabletter (Kurantis) ,Prasugrel ATC-kode: B01AC22 Forventet periode: Slut februar 2025 - slut januar 2027 Årsag: Kommercielle årsager Virksomhed: Kurantis ApS Spørgsmål om aktuel status skal stilles til virksomheden,,,,2025-05-21,2027-01-25,Slut februar 2025 - slut januar 2027,shortage,Kommercielle årsager,https://laegemiddelstyrelsen.dk/da/godkendelse/kontrol-og-inspektion/mangel-paa-medicin/meddelelser-om-forsyning-af-medicin/human-2025/efient-10-mg-kurantis-forsyningsvanskelighed-/,2025-05-21T11:47:00Z,2026-09-23T20:54:00.192514,B01AC22,196894
DK,Denmark,LMST,"Mucomyst 200 mg/ml inhalationsvæske til nebulisator, opløsning (Viatris)",Acetylcystein ATC-kode: R05CB01 Forventet periode: Midt januar 2025 - ukendt Årsag: Leveringsvanskeligheder Virksomhed: Viatris ApS Yderligere information: Det er muligt at søge om udleveringstilladelse Spørgsmål om aktuel status skal stilles til virksomheden,,,,2025-05-16,,Midt januar 2025 - ukendt,shortage,Leveringsvanskeligheder,"https://laegemiddelstyrelsen.dk/da/godkendelse/kontrol-og-inspektion/mangel-paa-medicin/meddelelser-om-forsyning-af-medicin/human-2025/mucomyst-inhalationsvaeske-til-nebulisator,-oploesning-viatris-forsyningsvanskelighed/",2025-05-16T14:25:00Z,2026-09-23T20:54:00.192515,R05CB01,
DK,Denmark,LMST,"Selexid 1 g pulver til injektionsvæske, opløsning",Mecillinam ATC-kode: J01CA11 Forventet periode: Slut november 2020 – ukendt Årsag: Forsinkelser hos fremstiller Virksomhed: Karo Pharma AB Spørgsmål om aktuel status skal stilles til virksomheden,,,,2025-05-08,,Slut november 2020 – ukendt,shortage,Forsinkelser hos fremstiller,https://laegemiddelstyrelsen.dk/da/godkendelse/kontrol-og-inspektion/mangel-paa-medicin/meddelelser-om-forsyning-af-medicin/human/forsyningsvanskeligheder-for-selexid-1-g/,2025-05-08T10:05:00Z,2026-09-23T20:54:00.192517,J01CA11,
DK,Denmark,LMST,"Mucomyst 200 mg/ml inhalationsvæske til nebulisator, opløsning (Paranova)",Acetylcystein ATC-kode: R05CB01 Forventet periode: Start januar 2025 - ukendt Årsag: Leveringsvanskeligheder Virksomhed: Paranova Danmark A/S Yderligere information: Det er muligt at søge om udleveringstilladelse Spørgsmål om aktuel status skal stilles til virksomheden,,,,2025-05-08,,Start januar 2025 - ukendt,shortage,Leveringsvanskeligheder,"https://laegemiddelstyrelsen.dk/da/godkendelse/kontrol-og-inspektion/mangel-paa-medicin/meddelelser-om-forsyning-af-medicin/human-2025/mucomyst-inhalationsvaeske-til-nebulisator,-oploesning-paranova-forsyningsvanskelighed/",2025-05-08T09:20:00Z,2026-09-23T20:54:00.192518,R05CB01,
DK,Denmark,LMST,Valbazen Vet. 19 mg/ml oral opløsning,Albendazol ATC-kode: QP52AC11 Forventet periode: Midt februar 2025 - ukendt Årsag: Produktionsproblemer Virksomhed: Zoetis Animal Health ApS Spørgsmål om aktuel status skal stilles til virksomheden,,,,2025-04-16,,Midt februar 2025 - ukendt,shortage,Produktionsproblemer,https://laegemiddelstyrelsen.dk/da/godkendelse/kontrol-og-inspektion/mangel-paa-medicin/meddelelser-om-forsyning-af-medicin/veterinaer-2025/valbazen-vet-19-mgml-forsyningsvanskeligheder/,2025-04-16T10:25:00Z,2026-09-23T20:54:00.192519,QP52AC11,
DK,Denmark,LMST,"Cinacalcet ""Sandoz"" 30 mg filmovertrukne tabletter",Cinacalcet ATC-kode: H05BX01 Forventet periode: Slut januar 2025 - ukendt Årsag: Leveringsvanskeligheder Virksomhed: Sandoz A/S Spørgsmål om aktuel status skal stilles til virksomheden,,,,2025-02-18,,Slut januar 2025 - ukendt,shortage,Leveringsvanskeligheder,https://laegemiddelstyrelsen.dk/da/godkendelse/kontrol-og-inspektion/mangel-paa-medicin/meddelelser-om-forsyning-af-medicin/human-2025/cinacalcet-sandoz-30-mg-forsyningsvanskelighed/,2025-02-18T14:50:00Z,2026-09-23T20:54:00.192521,H05BX01,77100
DK,Denmark,LMST,Alminox ”DAK” 500 mg + 100 mg tyggetabletter,"Aluminiumaminoacetat hydrat, magnesiumhydroxid tungt ATC-kode: A02AD01 Forventet periode: Midt januar 2025 - ukendt Årsag: Øget salg/efterspørgsel Virksomhed: Orifarm Healthcare A/S Spørgsmål om aktuel status skal stilles til virksomheden",,,,2025-02-14,,Midt januar 2025 - ukendt,shortage,Øget salg/efterspørgsel,https://laegemiddelstyrelsen.dk/da/godkendelse/kontrol-og-inspektion/mangel-paa-medicin/meddelelser-om-forsyning-af-medicin/human-2025/alminox-dak-forsyningsvanskelighed/,2025-02-14T13:07:00Z,2026-09-23T20:54:00.192522,A02AD01,
DK,Denmark,LMST,"Puregon 600 IE injektionsvæske, opløsning",Follitropin beta ATC-kode: G03GA06 Forventet periode: Start januar 2025 - ukendt Årsag: Kommercielle årsager Virksomhed: Organon Denmark ApS Spørgsmål om aktuel status skal stilles til virksomheden,,,,2025-02-05,,Start januar 2025 - ukendt,shortage,Kommercielle årsager,https://laegemiddelstyrelsen.dk/da/godkendelse/kontrol-og-inspektion/mangel-paa-medicin/meddelelser-om-forsyning-af-medicin/human-2025/puregon-600-ie-forsyningsvanskelighed/,2025-02-05T12:46:00Z,2026-09-23T20:54:00.192523,G03GA06,64289
DK,Denmark,LMST,"Puregon 300 IE injektionsvæske, opløsning",Follitropin beta ATC-kode: G03GA06 Forventet periode: Start januar 2025 - ukendt Årsag: Kommercielle årsager Virksomhed: Organon Denmark ApS Spørgsmål om aktuel status skal stilles til virksomheden,,,,2025-02-05,,Start januar 2025 - ukendt,shortage,Kommercielle årsager,https://laegemiddelstyrelsen.dk/da/godkendelse/kontrol-og-inspektion/mangel-paa-medicin/meddelelser-om-forsyning-af-medicin/human-2025/puregon-300-ie-forsyningsvanskelighed/,2025-02-05T12:12:00Z,2026-09-23T20:54:00.192524,G03GA06,
DK,Denmark,LMST,Imadrax Novum 1000 mg dispergible tabletter,Amoxicillin ATC-kode: J01CA04 Forventet periode: Slut december 2022 - ukendt Årsag: Leveringsvanskeligheder Virksomhed: Sandoz A/S Spørgsmål om aktuel status skal stilles til virksomheden,,,,2025-01-13,,Slut december 2022 - ukendt,shortage,Leveringsvanskeligheder,https://laegemiddelstyrelsen.dk/da/godkendelse/kontrol-og-inspektion/mangel-paa-medicin/meddelelser-om-forsyning-af-medicin/human-2023/imadrax-novum-1000-mg-dispergible-tabletter-forsyningsvanskelighed/,2025-01-13T13:52:00Z,2026-09-23T20:54:00.192526,J01CA04,68470
DK,Denmark,LMST,Keflex 500 mg tabletter,Cefalexin ATC-kode: J01DB01 Forventet periode: Slut august 2024 - ukendt Årsag: Leveringsvanskeligheder Virksomhed: Stada Nordic ApS Yderligere information: Det er muligt at søge om udleveringstilladelse Spørgsmål om aktuel status skal stilles til virksomheden,,,,2025-01-10,,Slut august 2024 - ukendt,shortage,Leveringsvanskeligheder,https://laegemiddelstyrelsen.dk/da/godkendelse/kontrol-og-inspektion/mangel-paa-medicin/meddelelser-om-forsyning-af-medicin/human-2024/keflex-forsyningsvanskelighed/,2025-01-10T18:56:00Z,2026-09-23T20:54:00.192527,J01DB01,5835
DK,Denmark,LMST,"Imukin 200 mikrogram/ml injektionsvæske, opløsning","Interferon gamma-1B, human biosyntetisk ATC-kode: L03AB03 Periode: Start september 2024 – ukendt Årsag: Leveringsvanskeligheder Virksomhed: Orifarm A/S Spørgsmål om aktuel status skal stilles til virksomheden",,,,2024-12-23,,Start september 2024 - ukendt,shortage,Leveringsvanskeligheder,https://laegemiddelstyrelsen.dk/da/godkendelse/kontrol-og-inspektion/mangel-paa-medicin/meddelelser-om-forsyning-af-medicin/human-2024/imukin-forsyningsvanskelighed/,2024-12-23T14:48:00Z,2026-09-23T20:54:00.192528,L03AB03,37362
DK,Denmark,LMST,"Propyltiouracil ""Medic"" 100 mg filmovertrukne tabletter",,,,,2024-12-13,,April 2023 - ukendt,shortage,Leveringsvanskeligheder,https://laegemiddelstyrelsen.dk/da/godkendelse/kontrol-og-inspektion/mangel-paa-medicin/meddelelser-om-forsyning-af-medicin/human-2023/propyltiouracil-medic-forsyningsvanskelighed/,2024-12-13T15:55:00Z,2026-09-23T20:54:00.192529,,
DK,Denmark,LMST,"Sulfametizol ""Actavis"" 500 mg tabletter",Sulfamethizol ATC-kode: J01EB02 Forventet periode: Fra slut oktober 2024 Årsag: Kommercielle årsager Virksomhed: Teva Denmark A/S Yderligere informationer: Permanent markedsophør Spørgsmål om aktuel status skal stilles til virksomheden,,,,2024-12-11,,Fra slut oktober 2024,shortage,Kommercielle årsager,https://laegemiddelstyrelsen.dk/da/godkendelse/kontrol-og-inspektion/mangel-paa-medicin/meddelelser-om-forsyning-af-medicin/human-2024/sulfametizol-actavis-forsyningsvanskelighed/,2024-12-11T13:49:00Z,2026-09-23T20:54:00.192530,J01EB02,
DK,Denmark,LMST,"Morfin ""DAK"" 30 mg tabletter (30 stk.)",Morphin (morphinhydrochloridtrihydrat) ATC-kode: N02AA01 Forventet periode: Slut maj 2024 - ukendt Årsag: Kommercielle årsager Virksomhed: Orifarm Healthcare A/S Spørgsmål om aktuel status skal stilles til virksomheden,,,,2024-10-18,,Slut maj 2024 - ukendt,shortage,Kommercielle årsager,https://laegemiddelstyrelsen.dk/da/godkendelse/kontrol-og-inspektion/mangel-paa-medicin/meddelelser-om-forsyning-af-medicin/human-2024/morfin-dak-30-mg-tabletter-30-stk-forsyningsvanskelighed/,2024-10-18T11:29:00Z,2026-09-23T20:54:00.192532,N02AA01,
DK,Denmark,LMST,"Atomoxetin ""Glenmark"" 10 mg kapsler, hårde ",Atomoxetin ATC-kode: N06BA09 Forventet periode: Midt maj 2024 - ukendt Årsag: Kvalitetsproblemer Virksomhed: Glenmark Pharmaceuticals Nordic AB Spørgsmål om aktuel status skal stilles til virksomheden,,,,2024-09-25,,Midt maj 2024 - ukendt,shortage,Kvalitetsproblemer,https://laegemiddelstyrelsen.dk/da/godkendelse/kontrol-og-inspektion/mangel-paa-medicin/meddelelser-om-forsyning-af-medicin/human-2024/atomoxetin-glenmark-10-mg-forsyningsvanskelighed/,2024-09-25T10:11:00Z,2026-09-23T20:54:00.192533,N06BA09,76708
DK,Denmark,LMST,"Norditropin NordiFlex 15 mg/1,5 ml injektionsvæske, opløsning i fyldt pen",Somatropin ATC-kode: H01AC01 Forventet periode: Start august 2024 - ukendt Årsag: Kommercielle årsager Virksomhed: Novo Nordisk A/S Yderligere information: Permanent markedsophør Spørgsmål om aktuel status skal stilles til virksomheden,,,,2024-09-23,,Start august 2024 - ukendt,shortage,Kommercielle årsager,"https://laegemiddelstyrelsen.dk/da/godkendelse/kontrol-og-inspektion/mangel-paa-medicin/meddelelser-om-forsyning-af-medicin/human-2024/norditropin-nordiflex-15-mg1,5-ml-forsyningsvanskelighed/",2024-09-23T12:52:00Z,2026-09-23T20:54:00.192534,H01AC01,
DK,Denmark,LMST,Tetracyclin Actavis 250 mg filmovertrukne tabletter (Orifarm),Tetracyclin ATC-kode: J01AA07 Forventet periode: Slut maj 2024 - ukendt Årsag: Leveringsvanskeligheder Virksomhed: Orifarm A/S Spørgsmål om aktuel status skal stilles til virksomheden,,,,2024-09-12,,Slut maj 2024 - ukendt ,shortage,Leveringsvanskeligheder,https://laegemiddelstyrelsen.dk/da/godkendelse/kontrol-og-inspektion/mangel-paa-medicin/meddelelser-om-forsyning-af-medicin/human-2024/tetracyclin-actavis-250-mg-orifarm-forsyningsvanskelighed/,2024-09-12T13:36:00Z,2026-09-23T20:54:00.192535,J01AA07,33219
DK,Denmark,LMST,Paraghurt tabletter,"Streptococcus faecium, frysetørret ATC-kode: A07FA01 Forventet periode: Slut juni 2024 - ukendt Årsag: Leveringsvanskeligheder Virksomhed: Teva Denmark A/S Spørgsmål om aktuel status skal stilles til virksomheden",,,,2024-09-12,,Slut juni 2024 - ukendt,shortage,Leveringsvanskeligheder,https://laegemiddelstyrelsen.dk/da/godkendelse/kontrol-og-inspektion/mangel-paa-medicin/meddelelser-om-forsyning-af-medicin/human-2024/paraghurt-forsyningsvanskeligheder/,2024-09-12T11:44:00Z,2026-09-23T20:54:00.192537,A07FA01,
DK,Denmark,LMST,"Tetracyclin ""Actavis"" 250 mg filmovertrukne tabletter ",Tetracyclin ATC-kode: J01AA07 Forventet periode: Slut august 2024 - ukendt Årsag: Produktionsproblemer Virksomhed: Teva Denmark A/S Spørgsmål om aktuel status skal stilles til virksomheden,,,,2024-09-04,,Slut august 2024 - ukendt,shortage,Produktionsproblemer,https://laegemiddelstyrelsen.dk/da/godkendelse/kontrol-og-inspektion/mangel-paa-medicin/meddelelser-om-forsyning-af-medicin/human-2024/tetracyclin-actavis-250-mg-forsyningsvanskelighed/,2024-09-04T14:28:00Z,2026-09-23T20:54:00.192538,J01AA07,33219
DK,Denmark,LMST,"Probenecid ""Medic"" 250 mg tabletter",Probenecid ATC-kode: M04AB01 Forventet periode: Slut januar 2024 - ukendt Årsag: Produktionsproblemer Virksomhed: Viatris ApS Yderligere information: Permanent markedsophør Det er muligt at søge om udleveringstilladelse Spørgsmål om aktuel status skal stilles til virksomheden,,,,2024-08-13,,Slut januar 2024 - ukendt,shortage,Produktionsproblemer,https://laegemiddelstyrelsen.dk/da/godkendelse/kontrol-og-inspektion/mangel-paa-medicin/meddelelser-om-forsyning-af-medicin/human-2024/probenecid-medic-forsyningsvanskelighed/,2024-08-13T13:28:00Z,2026-09-23T20:54:00.192539,M04AB01,138142
DK,Denmark,LMST,"Atomoxetine ""Accord"" 10 mg kapsler, hårde ",Atomoxetin ATC-kode: N06BA09 Forventet periode: Midt juni 2024 - ukendt Årsag: Kvalitetsproblemer Virksomhed: Accord Healthcare B,,,,2024-07-16,,Midt juni 2024 - ukendt,shortage,Kvalitetsproblemer,https://laegemiddelstyrelsen.dk/da/godkendelse/kontrol-og-inspektion/mangel-paa-medicin/meddelelser-om-forsyning-af-medicin/human-2024/atomoxetine-accord-10-mg-forsyningsvanskelighed/,2024-07-16T13:48:00Z,2026-09-23T20:54:00.192540,N06BA09,76708
DK,Denmark,LMST,"Atomoxetine ""Accord"" 25 mg kapsler, hårde ",Atomoxetin ATC-kode: N06BA09 Forventet periode: Midt juni 2024 - ukendt Årsag: Kvalitetsproblemer Virksomhed: Accord Healthcare B,,,,2024-07-15,,Midt juni 2024 - ukendt,shortage,Kvalitetsproblemer,https://laegemiddelstyrelsen.dk/da/godkendelse/kontrol-og-inspektion/mangel-paa-medicin/meddelelser-om-forsyning-af-medicin/human-2024/atomoxetine-accord-25-mg-forsyningsvanskelighed/,2024-07-15T14:54:00Z,2026-09-23T20:54:00.192542,N06BA09,76724
DK,Denmark,LMST,"Naproxen-E ""Mylan"" 500 mg enterotabletter",Naproxen ATC-kode: M01AE02 Forventet periode: Start februar 2024 - ukendt Årsag: Produktionsproblemer Virksomhed: Viatris ApS Spørgsmål om aktuel status skal stilles til virksomheden,,,,2024-07-08,,Start februar 2024 - ukendt,shortage,Produktionsproblemer,https://laegemiddelstyrelsen.dk/da/godkendelse/kontrol-og-inspektion/mangel-paa-medicin/meddelelser-om-forsyning-af-medicin/human-2024/naproxen-e-mylan-500-mg-forsyningsvanskelighed/,2024-07-08T13:47:00Z,2026-09-23T20:54:00.192543,M01AE02,32441
DK,Denmark,LMST,"Naproxen-E ""Mylan"" 250 mg enterotabletter",Naproxen ATC-kode: M01AE02 Forventet periode: Start februar 2024 - ukendt Årsag: Produktionsproblemer Virksomhed: Viatris ApS Spørgsmål om aktuel status skal stilles til virksomheden,,,,2024-07-08,,Start februar 2024 - ukendt,shortage,Produktionsproblemer,https://laegemiddelstyrelsen.dk/da/godkendelse/kontrol-og-inspektion/mangel-paa-medicin/meddelelser-om-forsyning-af-medicin/human-2024/naproxen-e-mylan-250-mg-forsyningsvanskelighed/,2024-07-08T13:24:00Z,2026-09-23T20:54:00.192544,M01AE02,32433
DK,Denmark,LMST,"Atomoxetine ""Sandoz"" 25 mg kapsler, hårde ",Atomoxetin ATC-kode: N06BA09 Forventet periode: Slut maj 2024 - ukendt Årsag: Kvalitetsproblemer Virksomhed: Sandoz A/S Spørgsmål om aktuel status skal stilles til virksomheden,,,,2024-06-28,,Slut maj 2024 - ukendt,shortage,Kvalitetsproblemer,https://laegemiddelstyrelsen.dk/da/godkendelse/kontrol-og-inspektion/mangel-paa-medicin/meddelelser-om-forsyning-af-medicin/human-2024/atomoxetine-sandoz-25-mg-forsyningsvanskelighed/,2024-06-28T12:59:00Z,2026-09-23T20:54:00.192545,N06BA09,76724
DK,Denmark,LMST,Lilinorm 10 mg+5 mg filmovertrukne tabletter ,Hydrocortison ATC-kode: H02AB09 Forventet periode: Slut maj 2024 - ukendt Årsag: Kvalitetsproblemer Virksomhed: Macure Pharma ApS Spørgsmål om aktuel status skal stilles til virksomheden,,,,2024-06-13,,Slut maj 2024 - ukendt,shortage,Kvalitetsproblemer,https://laegemiddelstyrelsen.dk/da/godkendelse/kontrol-og-inspektion/mangel-paa-medicin/meddelelser-om-forsyning-af-medicin/human-2024/lilinorm-10-mg5-mg-forsyningsvanskelighed/,2024-06-13T12:20:00Z,2026-09-23T20:54:00.192546,H02AB09,
DK,Denmark,LMST,Lilinorm 5 mg filmovertrukne tabletter ,Hydrocortison ATC-kode: H02AB09 Forventet periode: Slut maj 2024 - ukendt Årsag: Kvalitetsproblemer Virksomhed: Macure Pharma ApS Spørgsmål om aktuel status skal stilles til virksomheden,,,,2024-06-13,,Slut maj 2024 - ukendt,shortage,Kvalitetsproblemer,https://laegemiddelstyrelsen.dk/da/godkendelse/kontrol-og-inspektion/mangel-paa-medicin/meddelelser-om-forsyning-af-medicin/human-2024/lilinorm-5-mg-forsyningsvanskelighed/,2024-06-13T12:13:00Z,2026-09-23T20:54:00.192547,H02AB09,
DK,Denmark,LMST,"Tetracyclin ""Actavis"" 500 mg filmovertrukne tabletter ",Tetracyclin ATC-kode: J01AA07 Forventet periode: Midt maj 2024 - ukendt Årsag: Kvalitetsproblemer Virksomhed: Teva Denmark A/S Spørgsmål om aktuel status skal stilles til virksomheden,,,,2024-06-04,,Midt maj 2024 - ukendt,shortage,Kvalitetsproblemer,https://laegemiddelstyrelsen.dk/da/godkendelse/kontrol-og-inspektion/mangel-paa-medicin/meddelelser-om-forsyning-af-medicin/human-2024/tetracyclin-actavis-500-mg-forsyningsvanskelighed/,2024-06-04T14:42:00Z,2026-09-23T20:54:00.192549,J01AA07,33219
DK,Denmark,LMST,"Caverject Dual 20 mikrogram pulver og solvens til injektionsvæske, opløsning (Orifarm)",Alprostadil ATC-kode: G04BE01 Forventet periode: Start april 2024 - ukendt Årsag: Leveringsvanskeligheder Virksomhed: Orifarm A/S Yderligere information: Det er muligt at søge om udleveringstilladelse Spørgsmål om aktuel status skal stilles til virksomheden,,,,2024-05-24,,Start april 2024 - ukendt,shortage,Leveringsvanskeligheder,https://laegemiddelstyrelsen.dk/da/godkendelse/kontrol-og-inspektion/mangel-paa-medicin/meddelelser-om-forsyning-af-medicin/human-2024/caverject-dual-20-mikrogram-orifarm-forsyningsvanskelighed/,2024-05-24T13:38:00Z,2026-09-23T20:54:00.192550,G04BE01,143561
DK,Denmark,LMST,"Caverject Dual 20 mikrogram pulver og solvens til injektionsvæske, opløsning (2care4)",Alprostadil ATC-kode: G04BE01 Forventet periode: Start marts 2024 - ukendt Årsag: Leveringsvanskeligheder Virksomhed: 2care4 ApS Yderligere information: Det er muligt at søge om udleveringstilladelse Spørgsmål om aktuel status skal stilles til virksomheden,,,,2024-05-24,,Start marts 2024 - ukendt,shortage,Leveringsvanskeligheder,https://laegemiddelstyrelsen.dk/da/godkendelse/kontrol-og-inspektion/mangel-paa-medicin/meddelelser-om-forsyning-af-medicin/human-2024/caverject-dual-20-mikrogram-2care4-forsyningsvanskelighed/,2024-05-24T09:06:00Z,2026-09-23T20:54:00.192551,G04BE01,143561
DK,Denmark,LMST,Neo-mercazole 5 mg overtrukne tabletter,Carbimazol ATC-kode: H03BB01 Forventet periode: Start juni 2024 - ukendt Årsag: Kommercielle årsager Virksomhed: Amdipharm Limited Spørgsmål om aktuel status skal stilles til virksomheden,,,,2024-05-23,,Start juni 2024 - ukendt,shortage,Kommercielle årsager,https://laegemiddelstyrelsen.dk/da/godkendelse/kontrol-og-inspektion/mangel-paa-medicin/meddelelser-om-forsyning-af-medicin/human-2024/neo-mercazole-forsyningsvanskelighed/,2024-05-23T09:07:00Z,2026-09-23T20:54:00.192552,H03BB01,42358
DK,Denmark,LMST,"Caninsulin Vet. 40 IE/ml injektionsvæske, suspension (10 x 2,7 ml)","Insulin, porcint ATC-kode: QA10AC03 Forventet periode: Juni 2025 - ukendt Årsag : Kommercielle årsager Virksomhed : MSD Animal Health A/S Yderligere information: Permanent markedsophør Spørgsmål om aktuel status skal stilles til virksomheden",,,,2024-04-22,,Juni 2025 - ukendt,shortage,Kommercielle årsager,"https://laegemiddelstyrelsen.dk/da/godkendelse/kontrol-og-inspektion/mangel-paa-medicin/meddelelser-om-forsyning-af-medicin/veterinaer-2024/caninsulin-vet-10-x-2,7-ml-forsyningsvanskelighed/",2024-04-22T10:56:00Z,2026-09-23T20:54:00.192554,QA10AC03,
DK,Denmark,LMST,"Caverject Dual 10 mikrogram pulver og solvens til injektionsvæske, opløsning (Orifarm)",Alprostadil ATC-kode: G04BE01 Forventet periode: Midt januar 2024 - ukendt Årsag: Leveringsvanskeligheder Virksomhed: Orifarm A/S Yderligere information: Det er muligt at søge om udleveringstilladelse Spørgsmål om aktuel status skal stilles til virksomheden,,,,2024-03-22,,Midt januar 2024 - ukendt,shortage,Leveringsvanskeligheder,https://laegemiddelstyrelsen.dk/da/godkendelse/kontrol-og-inspektion/mangel-paa-medicin/meddelelser-om-forsyning-af-medicin/human-2024/caverject-dual-10-mikrogram-orifarm-forsyningsvanskelighed/,2024-03-22T13:43:00Z,2026-09-23T20:54:00.192555,G04BE01,143561
DK,Denmark,LMST,"Becoplex Vet. injektionsvæske, opløsning","Nicotinamid, Pyridoxinhydrochlorid, Riboflavin, Thiaminhydrochlorid, Cyanocobalamin, Dexpanthenol ATC-kode: QA11EA Forventet periode: Start oktober 2023 – ukendt Årsag: Kommercielle årsager Virksomhed: Boehringer Ingelheim Animal Health Nordics A/S",,,,2024-01-05,,Start oktober 2023 – ukendt,shortage,Kommercielle årsager,https://laegemiddelstyrelsen.dk/da/godkendelse/kontrol-og-inspektion/mangel-paa-medicin/meddelelser-om-forsyning-af-medicin/veterinaer-2023/becoplex-vet-forsyningsvanskelighed/,2024-01-05T12:02:00Z,2026-09-23T20:54:00.192556,,
DK,Denmark,LMST,"Nutryelt koncentrat til infusionsvæske, opløsning ",elektrolytter i komb,,,,2023-12-22,,Midt december 2023 - ukendt,shortage,Kvalitetsproblemer,https://laegemiddelstyrelsen.dk/da/godkendelse/kontrol-og-inspektion/mangel-paa-medicin/meddelelser-om-forsyning-af-medicin/human-2023/nutryelt-forsyningsvanskelighed/,2023-12-22T11:50:00Z,2026-09-23T20:54:00.192557,,
DK,Denmark,LMST,Pancillin 500.000 IE filmovertrukne tabletter (2care4),Phenoxymethylpenicillin ATC-kode : J01CE02 Forventet periode: Start november 2023 - ukendt Årsag: Leveringsvanskeligheder Virksomhed: 2care4 ApS Spørgsmål om aktuel status skal stilles til virksomheden,,,,2023-12-11,,Start november 2023 - ukendt,shortage,Leveringsvanskeligheder,https://laegemiddelstyrelsen.dk/da/godkendelse/kontrol-og-inspektion/mangel-paa-medicin/meddelelser-om-forsyning-af-medicin/human-2023/pancillin-500000-ie-2care4-forsyningsvanskelighed/,2023-12-11T09:39:00Z,2026-09-23T20:54:00.192559,J01CE02,47430
DK,Denmark,LMST,"Zofran 0,8 mg/ml oral opløsning (Paranova)",Ondansetron ATC-kode: A04AA01 Forventet periode: Start november 2021 – ukendt Årsag: Leveringsvanskeligheder Virksomhed: Paranova Danmark A/S Yderligere information: Det er muligt at søge om udleveringstilladelse Spørgsmål om aktuel status skal stilles til virksomheden,,,,2023-12-06,,Start november 2021 – ukendt,shortage,Leveringsvanskeligheder,"https://laegemiddelstyrelsen.dk/da/godkendelse/kontrol-og-inspektion/mangel-paa-medicin/meddelelser-om-forsyning-af-medicin/veterinaer/zofran-0,8-mgml-fra-paranova-forsyningsvanskelighed/",2023-12-06T15:05:00Z,2026-09-23T20:54:00.192560,A04AA01,46310
DK,Denmark,LMST,Pancillin 500.000 IE filmovertrukne tabletter (Sandoz),Phenoxymethylpenicillin ATC-kode: J01CE02 Forventet periode : Midt oktober 2023 - ukendt Årsag: Leveringsvanskeligheder Virksomhed: Sandoz A/S Spørgsmål om aktuel status skal stilles til virksomheden,,,,2023-12-04,,Midt oktober 2023 - ukendt,shortage,Leveringsvanskeligheder,https://laegemiddelstyrelsen.dk/da/godkendelse/kontrol-og-inspektion/mangel-paa-medicin/meddelelser-om-forsyning-af-medicin/human-2023/pancillin-500000-sandoz-forsyningsvanskelighed/,2023-12-04T12:36:00Z,2026-09-23T20:54:00.192561,J01CE02,47430
DK,Denmark,LMST,"Testosteron ""Paranova"" 40 mg kapsler, bløde",Testosteron ATC-kode: G03BA03 Forventet periode: Start september 2022 - ukendt Årsag: Leveringsvanskeligheder Virksomhed: Paranova Danmark A/S Yderligere information: Det er muligt at søge om udleveringstilladelse Spørgsmål om aktuel status skal stilles til virksomheden,,,,2023-11-10,,Start september 2022 - ukendt,shortage,Leveringsvanskeligheder,https://laegemiddelstyrelsen.dk/da/godkendelse/kontrol-og-inspektion/mangel-paa-medicin/meddelelser-om-forsyning-af-medicin/human/forsyningsvanskeligheder-for-testosteron-paranova/,2023-11-10T11:22:00Z,2026-09-23T20:54:00.192562,G03BA03,
DK,Denmark,LMST,"Andriol 40 mg kapsler, bløde",Testosteron ATC-kode: G03BA03 Forventet periode: Midt august 2022 - ukendt Årsag: Leveringsvanskeligheder Virksomhed: Orifarm A/S Yderligere information: Det er muligt at søge om udleveringstilladelse Spørgsmål om aktuel status skal stilles til virksomheden,,,,2023-11-10,,Midt august 2022 - ukendt,shortage,Leveringsvanskeligheder,https://laegemiddelstyrelsen.dk/da/godkendelse/kontrol-og-inspektion/mangel-paa-medicin/meddelelser-om-forsyning-af-medicin/human/forsyningsvanskeligheder-for-andriol-/,2023-11-10T11:20:00Z,2026-09-23T20:54:00.192564,G03BA03,
DK,Denmark,LMST,Muse 1000 mikrogram uretralstift,Alprostadil ATC-kode: G04BE01 Forventet periode: Slut februar 2023 - ukendt Årsag: Kommercielle årsager Virksomhed: Viatris ApS Spørgsmål om aktuel status skal stilles til virksomheden,,,,2023-11-01,,Slut februar 2023 - ukendt,shortage,Kommercielle årsager,https://laegemiddelstyrelsen.dk/da/godkendelse/kontrol-og-inspektion/mangel-paa-medicin/meddelelser-om-forsyning-af-medicin/human-2023/muse-1000-mikg-uretralstift-forsyningsvanskelighed/,2023-11-01T14:10:00Z,2026-09-23T20:54:00.192565,G04BE01,143561
DK,Denmark,LMST,Muse 500 mikrogram uretralstift,Alprostadil ATC-kode: G04BE01 Forventet periode: Slut januar 2023 - ukendt Årsag: Kommercielle årsager Virksomhed: Viatris ApS Spørgsmål om aktuel status skal stilles til virksomheden,,,,2023-11-01,,Slut januar 2023 - ukendt,shortage,Kommercielle årsager,https://laegemiddelstyrelsen.dk/da/godkendelse/kontrol-og-inspektion/mangel-paa-medicin/meddelelser-om-forsyning-af-medicin/human-2023/muse-500-mikg-uretralstift-forsyningsvanskelighed/,2023-11-01T13:57:00Z,2026-09-23T20:54:00.192566,G04BE01,143561
DK,Denmark,LMST,"Animedazon Spray 3,21 g kutanspray, suspension ",Chlortetracyclin ATC-kode: QD06AA02 Forventet periode: Start august 2023 - ukendt Årsag: Forsinkelser hos fremstiller Virksomhed: ScanVet Animal Health A/S Spørgsmål om aktuel status skal stilles til virksomheden,,,,2023-09-06,,Start august 2023 - ukendt,shortage,Forsinkelser hos fremstiller,https://laegemiddelstyrelsen.dk/da/godkendelse/kontrol-og-inspektion/mangel-paa-medicin/meddelelser-om-forsyning-af-medicin/veterinaer-2023/animedazon-spray-forsyningsvanskeligheder/,2023-09-06T08:00:00Z,2026-09-23T20:54:00.192568,QD06AA02,
DK,Denmark,LMST,Ercoril 15 mg overtrukne tabletter,Propanthelinbromid ATC-kode: A03AB05 Forventet periode: Oktober 2020 - ukendt Årsag: Leveringsvanskeligheder Virksomhed: Viatris ApS Yderligere information: Permanent markedsophør Det er muligt at søge om udleveringstilladelse Spørgsmål om aktuel status skal stilles til virksomheden,,,,2023-08-07,,Oktober 2020 - ukendt,shortage,Leveringsvanskeligheder,https://laegemiddelstyrelsen.dk/da/godkendelse/kontrol-og-inspektion/mangel-paa-medicin/meddelelser-om-forsyning-af-medicin/veterinaer/ercoril-15-mg-forsyningsvanskelighed/,2023-08-07T12:05:00Z,2026-09-23T20:54:00.192569,A03AB05,
DK,Denmark,LMST,"Dimazon Vet. 50 mg/ml injektionsvæske, opløsning ",,,,,2023-07-18,,Start juli 2023 – ukendt ,shortage,Kommercielle årsager,https://laegemiddelstyrelsen.dk/da/godkendelse/kontrol-og-inspektion/mangel-paa-medicin/meddelelser-om-forsyning-af-medicin/veterinaer-2023/dimazon-vet-forsyningsvanskelighed/,2023-07-18T09:37:00Z,2026-09-23T20:54:00.192571,,
DK,Denmark,LMST,Sodium Iodide (131 I) Injection GE Healthcare Limi injektionsvæske,Iod(131-I)-Natriumiodid ATC-kode: V09FX03 Forventet periode: Start juli 2023 - ukendt Årsag: Kommercielle årsager Virksomhed: GE Healthcare A/S Yderligere information: Permanent markedsophør,,,,2023-07-14,,Start juli 2023 - ukendt,shortage,Kommercielle årsager,https://laegemiddelstyrelsen.dk/da/godkendelse/kontrol-og-inspektion/mangel-paa-medicin/meddelelser-om-forsyning-af-medicin/human-2023/sodium-iodide-131-i-injection-ge-healthcare-limi-injektionsvaeske-forsyningsvanskelighed/,2023-07-14T11:05:00Z,2026-09-23T20:54:00.192572,V09FX03,59552
DK,Denmark,LMST,Motilium 10 mg filmovertrukne tabletter,"Domperidon ATC-kode: A03FA03 Forventet periode: Slut juni 2022 - ukendt Årsag: Kommercielle årsager Virksomhed: Janssen-Cilag A/S Yderligere information: Permanent markedsophør, Det er muligt at søge om udleveringstilladelse Spørgsmål om aktuel status skal stilles til virksomheden",,,,2023-04-28,,Slut juni 2022 - ukendt,shortage,Kommercielle årsager,https://laegemiddelstyrelsen.dk/da/godkendelse/kontrol-og-inspektion/mangel-paa-medicin/meddelelser-om-forsyning-af-medicin/human-2023/motilium-10-mg-filmovertrukne-tabletter-forsyningsvanskelighed/,2023-04-28T08:05:00Z,2026-09-23T20:54:00.192574,A03FA03,6297
DK,Denmark,LMST,"Bydureon 2 mg pulver og solvens til depotinjektionsvæske, suspension i fyldt pen (AstraZeneca)",Exenatid ATC-kode: A10BJ01 Forventet periode: Slut december 2022 - ukendt Årsag: Kommercielle årsager Virksomhed: AstraZeneca A/S Yderligere information: Permanent markedsophør,,,,2023-03-23,,Slut december 2022 - ukendt,shortage,Kommercielle årsager,https://laegemiddelstyrelsen.dk/da/godkendelse/kontrol-og-inspektion/mangel-paa-medicin/meddelelser-om-forsyning-af-medicin/human-2023/forsyningsvanskeligheder-for-bydureon-fra-astrazeneca/,2023-03-23T13:48:00Z,2026-09-23T20:54:00.192575,A10BJ01,125636
DK,Denmark,LMST,"Bydureon 2 mg pulver og solvens til depotinjektionsvæske, suspension i fyldt pen (Orifarm)",Exenatid ATC-kode: A10BJ01 Forventet periode: Slut november 2022 - ukendt Årsag: Leveringsvanskeligheder Virksomhed: Orifarm A/S Yderligere information: Det er muligt at søge om udleveringstilladelse Spørgsmål om aktuel status skal stilles til virksomheden,,,,2023-03-23,,Slut november 2022 - ukendt,shortage,Leveringsvanskeligheder,https://laegemiddelstyrelsen.dk/da/godkendelse/kontrol-og-inspektion/mangel-paa-medicin/meddelelser-om-forsyning-af-medicin/human-2023/forsyningsvanskeligheder-for-bydureon-fra-orifarm/,2023-03-23T13:48:00Z,2026-09-23T20:54:00.192576,A10BJ01,125636
DK,Denmark,LMST,"Lederspan 20 mg/ml injektionsvæske, suspension",,,,,2021-10-01,,Start juli 2021 – ukendt dato,shortage,Leveringsvanskeligheder,https://laegemiddelstyrelsen.dk/da/godkendelse/kontrol-og-inspektion/mangel-paa-medicin/meddelelser-om-forsyning-af-medicin/veterinaer/forsyningsvanskeligheder-for-lederspan/,2021-10-01T14:55:00Z,2026-09-23T20:54:00.192578,,
DK,Denmark,LMST,,firocoxib ATC-kode: QM01AH90 Forventet periode: Slut december 2021 – midt marts 2022 Årsag: Produktionsproblemer Virksomhed: Boehringer Ingelheim Danmark A/S Evt,,,,2021-09-14,,,shortage,,https://laegemiddelstyrelsen.dk/da/godkendelse/kontrol-og-inspektion/mangel-paa-medicin/meddelelser-om-forsyning-af-medicin/veterinaer/forsyningsvanskeligheder-for-previcox/,2021-09-14T12:53:00Z,2026-09-23T20:54:00.192579,QM01AH90,
DK,Denmark,LMST,,Amoxicillin ATC-kode: QJ01CA04 Forventet periode: Midt juni 2020 - efteråret 2022 Årsag: Leverandør problemer Virksomhed: Boehringer Ingelheim Evt,,,,2021-06-28,,,shortage,,https://laegemiddelstyrelsen.dk/da/godkendelse/kontrol-og-inspektion/mangel-paa-medicin/meddelelser-om-forsyning-af-medicin/veterinaer/forsyningsvanskeligheder-for-curamox-vet/,2021-06-28T10:12:00Z,2026-09-23T20:54:00.192580,QJ01CA04,
DK,Denmark,LMST,"Paracetamol ”Scanpharm” 1000 mg, suppositorier",,,,,2021-03-23,,Oktober 2020 - ukendt,shortage,Forsinkelser hos fremstiller,https://laegemiddelstyrelsen.dk/da/godkendelse/kontrol-og-inspektion/mangel-paa-medicin/meddelelser-om-forsyning-af-medicin/veterinaer/forsyningsvanskeligheder-for-paracetamol-scanpharm/,2021-03-23T09:56:00Z,2026-09-23T20:54:00.192581,,
DK,Denmark,LMST,"Stesolid Emulsion 5 mg/ml injektionsvæske, emulsion",Diazepam ATC-kode: N05BA01 Forventet periode: Start oktober 2020 - ukendt Årsag: Leveringsvanskeligheder Virksomhed: Teva Denmark A/S Yderligere information: Det er muligt at søge om udleveringstilladelse Spørgsmål om aktuel status skal stilles til virksomheden Gå til Lægemiddelstyrelsens Meddelelser om forsyning af medicin Lægemiddelstyrelsen Axel Heides Gade 1 2300 København S Email: dkma@dkma,,,,2020-09-24,,Start oktober 2020 - ukendt ,shortage,Leveringsvanskeligheder,https://laegemiddelstyrelsen.dk/da/godkendelse/kontrol-og-inspektion/mangel-paa-medicin/meddelelser-om-forsyning-af-medicin/human-arkiv/forsyningsvanskeligheder-for-stesolid-emulsion/,2020-09-24T08:59:00Z,2026-09-23T20:54:00.192583,N05BA01,590
DK,Denmark,LMST,"Sulfasalazin ""Hexal"" 500 mg enterotabletter",Sulfasalazin ATC-kode: A07EC01 Forventet periode: Fra start september 2026 Årsag: Kommercielle årsager Virksomhed: Sandoz A/S Yderligere information: Permanent markedsophør Spørgsmål om aktuel status skal stilles til virksomheden,,,,,,Fra start september 2026,shortage,Kommercielle årsager,https://laegemiddelstyrelsen.dk/da/godkendelse/kontrol-og-inspektion/mangel-paa-medicin/meddelelser-om-forsyning-af-medicin/human-2026/sulfasalazin-hexal-forsyningsvanskelighed/,,2026-09-23T20:54:00.192584,A07EC01,7137
