country_code,country_name,source,medicine_name,active_substance,strength,package_size,product_no,shortage_start,estimated_end,status,reason,notes,scraped_at,atc_code,prk
ES,Spain,AEMPS,"LIXIANA 60 MG COMPRIMIDOS RECUBIERTOS CON PELICULA, 28 comprimidos",EDOXABAN TOSILATO,,,707044,2026-09-18,,shortage,9,El titular de autorización de comercialización está realizando una distribución controlada al existir unidades limitadas.,2026-09-21T15:06:00.701769,,
ES,Spain,AEMPS,"NINTEDANIB EUGIA 150 MG CÁPSULAS BLANDAS EFG, 60 cápsulas",NINTEDANIB ESILATO,,,766525,2026-09-18,2026-10-15,shortage,Problemas de suministro (con alternativa),Existe/n otro/s medicamento/s con el mismo principio activo y para la misma vía de administración.,2026-09-21T15:06:00.701815,,
ES,Spain,AEMPS,"SOLINITRINA FUERTE 5 MG/ML CONCENTRADO PARA SOLUCIÓN PARA PERFUSIÓN, 12 ampollas de 10 ml",NITROGLICERINA,,,971044,2026-09-18,2026-12-11,shortage,12,El Titular de Autorización de Comercialización está realizando una distribución controlada a hospitales,2026-09-21T15:06:00.701842,C01DA02,
ES,Spain,AEMPS,"UROMITEXAN 100 MG/ML SOLUCION INYECTABLE Y PARA PERFUSION, 10 ampollas de 10 ml",MESNA,,,724985,2026-09-18,2026-09-28,shortage,10,La AEMPS ha autorizado unidades por comercialización excepcional. en un idioma distinto al castellano,2026-09-21T15:06:00.701864,R05CB05,41866
ES,Spain,AEMPS,"DYNASTAT 40 mg POLVO Y DISOLVENTE PARA SOLUCION INYECTABLE, 5 viales + 5 ampollas de disolvente",PARECOXIB,,,721415,2026-09-17,2026-11-20,shortage,Problemas de suministro (con alternativa),Existe/n otro/s medicamento/s con el mismo principio activo y para la misma vía de administración.,2026-09-21T15:06:00.701884,M01AH04,65676
ES,Spain,AEMPS,"FENZIL 5 MG/160 MG COMPRIMIDOS RECUBIERTOS CON PELICULA, 30 comprimidos","ROSUVASTATINA  CALCICA, FENOFIBRATO MICRONIZADO",,,768679,2026-09-17,2026-11-01,shortage,Cese de comercialización temporal,Existe/n otro/s medicamento/s con los mismos principios activos y para la misma vía de administración.,2026-09-21T15:06:00.701903,,
ES,Spain,AEMPS,"LENALIDOMIDA TEVA 20 MG CAPSULAS DURAS EFG, 21 cápsulas",LENALIDOMIDA HIDROCLORURO HIDRATO,,,725478,2026-09-17,2026-09-30,shortage,Problemas de suministro (con alternativa),Existe/n otro/s medicamento/s con el mismo principio activo y para la misma vía de administración.,2026-09-21T15:06:00.701925,L04AX03,
ES,Spain,AEMPS,"PACLITAXEL AUROVITAS 6 mg/ml CONCENTRADO PARA SOLUCION PARA PERFUSION EFG , 1 vial de 50 ml",PACLITAXEL,,,663744,2026-09-17,2026-11-03,shortage,Problemas de suministro (con alternativa),Existe/n otro/s medicamento/s con el mismo principio activo y para la misma vía de administración.,2026-09-21T15:06:00.701942,L01CD01,56596
ES,Spain,AEMPS,"BENDAMUSTINA GLENMARK 2,5 MG/ML POLVO PARA CONCENTRADO PARA SOLUCION PARA PERFUSION EFG, 5 viales de 100 mg",BENDAMUSTINA HIDROCLORURO,,,722068,2026-09-16,2026-11-30,shortage,Problemas de suministro (con alternativa),Existe/n otro/s medicamento/s con el mismo principio activo y para la misma vía de administración.,2026-09-21T15:06:00.701960,L01BC03,
ES,Spain,AEMPS,"BENLYSTA 200 MG SOLUCION INYECTABLE EN PLUMA PRECARGADA, 4 plumas precargadas de 1 ml",BELIMUMAB,,,719886,2026-09-16,2026-10-05,shortage,9,El titular de autorización de comercialización está realizando una distribución controlada al existir unidades limitadas.,2026-09-21T15:06:00.701977,L04AG04,149462
ES,Spain,AEMPS,"ETORICOXIB VIATRIS 30 MG COMPRIMIDOS RECUBIERTOS CON PELICULA EFG, 28 comprimidos (monododis) (Blister PVDC/PVC/Aluminio)",ETORICOXIB,,,708492,2026-09-16,2026-10-27,shortage,Problemas de suministro (con alternativa),Existe/n otro/s medicamento/s con el mismo principio activo y para la misma vía de administración.,2026-09-21T15:06:00.701995,M01AH05,85766
ES,Spain,AEMPS,FOLINATO CALCICO ALTAN 50 mg POLVO  PARA SOLUCION INYECTABLE EFG  25 viales,FOLINICO ACIDO,,,602392,2026-09-16,,shortage,Problemas de suministro (con alternativa),Existe/n otro/s medicamento/s con el mismo principio activo y para la misma vía de administración.,2026-09-21T15:06:00.702004,B03BA01,
ES,Spain,AEMPS,"HURRICAINE SPRAY 200 mg/ml SOLUCION PARA PULVERIZACION BUCAL, 1 frasco de 60 ml",BENZOCAINA,,,913400,2026-09-16,2027-02-26,shortage,11,Existen tratamientos alternativos no sujetos a prescripción.,2026-09-21T15:06:00.702022,N01BA02,
ES,Spain,AEMPS,"KETOBRILL 0,25 mg/ml COLIRIO EN SOLUCIÓN EN ENVASE UNIDOSIS , 20 envases unidosis con 0,4 ml de colirio",KETOTIFENO FUMARATO,,,697080,2026-09-16,,shortage,Otros problemas de suministro,El médico prescriptor deberá determinar la posibilidad de utilizar otros tratamientos comercializados.,2026-09-21T15:06:00.702031,R06AX13,
ES,Spain,AEMPS,"NEURONTIN 600 mg COMPRIMIDOS RECUBIERTOS CON PELICULA , 90 comprimidos",GABAPENTINA,,,884718,2026-09-16,2026-11-27,shortage,Problemas de suministro (con alternativa),Existe/n otro/s medicamento/s con el mismo principio activo y para la misma vía de administración.,2026-09-21T15:06:00.702049,N02BF01,57541
ES,Spain,AEMPS,"NEVANAC 3mg/ml colirio en suspension, 3 ml de colirio en un envase oval. Caja que contiene una bolsa con 1 frasco",NEPAFENACO,,,704372,2026-09-16,2026-09-30,shortage,Otros problemas de suministro,El médico prescriptor deberá determinar la posibilidad de utilizar otros tratamientos comercializados.,2026-09-21T15:06:00.702066,S01BC10,
ES,Spain,AEMPS,"QUETIAPINA KERN PHARMA 150 MG COMPRIMIDOS DE LIBERACION PROLONGADA EFG, 60 comprimidos",QUETIAPINA FUMARATO,,,711203,2026-09-16,2026-10-02,shortage,Problemas de suministro (con alternativa),Existe/n otro/s medicamento/s con el mismo principio activo y para la misma vía de administración.,2026-09-21T15:06:00.702083,N05AH04,94757
ES,Spain,AEMPS,TEMOZOLOMIDA ACCORD 180 mg CAPSULAS DURAS  EFG 5 capsulas,TEMOZOLOMIDA,,,707162,2026-09-16,2026-12-31,shortage,Problemas de suministro (con alternativa),Existe/n otro/s medicamento/s con el mismo principio activo y para la misma vía de administración.,2026-09-21T15:06:00.702100,L01AX03,84328
ES,Spain,AEMPS,"MAYESTA  20 mg CAPSULAS BLANDAS , 50 cápsulas",ISOTRETINOINA,,,660467,2026-09-15,2027-01-15,shortage,Problemas de suministro (con alternativa),Existe/n otro/s medicamento/s con el mismo principio activo y para la misma vía de administración.,2026-09-21T15:06:00.702117,D10BA01,69507
ES,Spain,AEMPS,"MAYESTA 10 mg CAPSULAS BLANDAS, 50 cápsulas",ISOTRETINOINA,,,660466,2026-09-15,2027-01-15,shortage,Problemas de suministro (con alternativa),Existe/n otro/s medicamento/s con el mismo principio activo y para la misma vía de administración.,2026-09-21T15:06:00.702134,D10BA01,69493
ES,Spain,AEMPS,"Accofil 30 MU/0,5 ml solucion inyectable y para perfusion en jeringa precargada 5 jeringas   precargadas",FILGRASTIM,,,705605,2026-09-14,2026-09-30,shortage,Problemas de suministro (con alternativa),Existe/n otro/s medicamento/s con el mismo principio activo y para la misma vía de administración.,2026-09-21T15:06:00.702150,L03AA02,41831
ES,Spain,AEMPS,"AMOXICILINA/ACIDO CLAVULANICO SANDOZ 2000mg/200mg POLVO PARA SOLUCION PARA PERFUSION EFG, 10 viales","AMOXICILINA SODICA, CLAVULANATO POTASIO",,,606021,2026-09-14,2026-10-26,shortage,Cese de comercialización temporal,Existe/n otro/s medicamento/s con los mismos principios activos y para la misma vía de administración.,2026-09-21T15:06:00.702168,,
ES,Spain,AEMPS,CARDYL 80 MG COMPRIMIDOS RECUBIERTOS CON PELICULA 28 comprimidos,ATORVASTATINA CALCICA TRIHIDRATO,,,823997,2026-09-14,2026-10-23,shortage,Problemas de suministro (con alternativa),Existe/n otro/s medicamento/s con el mismo principio activo y para la misma vía de administración.,2026-09-21T15:06:00.702184,C10AA05,98639
ES,Spain,AEMPS,"DILUTOL HTA 2,5 mg COMPRIMIDOS, 30 comprimidos",TORASEMIDA,,,690289,2026-09-14,2026-10-09,shortage,Problemas de suministro (con alternativa),Existe/n otro/s medicamento/s con el mismo principio activo y para la misma vía de administración.,2026-09-21T15:06:00.702201,C03CA04,
ES,Spain,AEMPS,"HYRIMOZ 40 MG SOLUCION INYECTABLE EN PLUMA PRECARGADA, 2 plumas precargadas de 0,4 ml",ADALIMUMAB,,,762476,2026-09-14,2026-09-25,shortage,10,La AEMPS ha autorizado unidades por comercialización excepcional. acondicionadas en un idioma distinto al castellano.,2026-09-21T15:06:00.702218,L04AB04,
ES,Spain,AEMPS,"MOVICOL PEDIATRICO SABOR CHOCOLATE 6,9 g POLVO PARA SOLUCION ORAL EN SOBRE , 30 sobres","SODIO BICARBONATO, CLORURO DE POTASIO, SODIO CLORURO, MACROGOL 3350",,,677290,2026-09-14,2027-02-28,shortage,Problemas de suministro (con alternativa),Existe/n otro/s medicamento/s con el mismo principio activo y para la misma vía de administración.,2026-09-21T15:06:00.702235,,
ES,Spain,AEMPS,"BINOCRIT, 10.000 UI/1 ml, SOLUCION INYECTABLE EN UNA JERINGA PRECARGADA, 6 jeringas precargadas de 1 ml con protector de seguridad para la aguja",EPOETINA ALFA,,,714133,2026-09-11,2026-10-27,shortage,Problemas de suministro (con alternativa),Existe/n otro/s medicamento/s con el mismo principio activo y para la misma vía de administración.,2026-09-21T15:06:00.702253,B03XA01,
ES,Spain,AEMPS,"BINOCRIT, 6000 UI/0,6 ml, SOLUCION INYECTABLE EN UNA JERINGA PRECARGADA, 6 jeringas precargadas de 0,6 ml con protector de seguridad para la aguja",EPOETINA ALFA,,,714131,2026-09-11,2026-10-12,shortage,Problemas de suministro (con alternativa),Existe/n otro/s medicamento/s con el mismo principio activo y para la misma vía de administración.,2026-09-21T15:06:00.702271,B03XA01,
ES,Spain,AEMPS,"BISOPROLOL NORMON 5 mg COMPRIMIDOS RECUBIERTOS CON PELICULA EFG, 30 comprimidos",BISOPROLOL HEMIFUMARATO,,,865048,2026-09-11,2026-10-01,shortage,Problemas de suministro (con alternativa),Existe/n otro/s medicamento/s con el mismo principio activo y para la misma vía de administración.,2026-09-21T15:06:00.702288,C07AB07,25534
ES,Spain,AEMPS,"BLOKIUM 100 mg COMPRIMIDOS, 60 comprimidos",ATENOLOL,,,700542,2026-09-11,2026-10-16,shortage,Problemas de suministro (con alternativa),Existe/n otro/s medicamento/s con el mismo principio activo y para la misma vía de administración.,2026-09-21T15:06:00.702305,C07AB03,3352
ES,Spain,AEMPS,"CABLIVI 10 MG POLVO Y DISOLVENTE PARA SOLUCION INYECTABLE, vial con polvo + jeringa precargada con disolvente + pack administración",CAPLACIZUMAB,,,723568,2026-09-11,2026-10-07,shortage,10,La AEMPS ha autorizado unidades por comercialización excepcional. en un idioma distinto al castellano.,2026-09-21T15:06:00.702322,B01AX07,197416
ES,Spain,AEMPS,"DEPAKINE CRONO 500 mg COMPRIMIDOS DE LIBERACION PROLONGADA , 100 comprimidos","VALPROICO ACIDO, VALPROATO SODIO",,,671149,2026-09-11,2026-12-24,shortage,9,El titular de autorización de comercialización está realizando una distribución controlada al existir unidades limitadas.,2026-09-21T15:06:00.702338,,
ES,Spain,AEMPS,"EFFENTORA 200 microgramos COMPRIMIDOS BUCALES, 4 comprimidos",FENTANILO CITRATO,,,662853,2026-09-11,2026-10-14,shortage,Problemas de suministro (con alternativa),Existe/n otro/s medicamento/s con el mismo principio activo y para la misma vía de administración.,2026-09-21T15:06:00.702356,N02AB03,96199
ES,Spain,AEMPS,"ENALAPRIL VIATRIS 5 MG COMPRIMIDOS EFG, 60 comprimidos",ENALAPRIL MALEATO,,,860940,2026-09-11,2027-07-05,shortage,Problemas de suministro (con alternativa),Existe/n otro/s medicamento/s con el mismo principio activo y para la misma vía de administración.,2026-09-21T15:06:00.702374,C09AA02,23698
ES,Spain,AEMPS,IBUPROFENO CINFA 20 MG/ML SUSPENSIÓN ORAL EFG  1 frasco de 200 ml,IBUPROFENO,,,656012,2026-09-11,2027-01-15,shortage,Problemas de suministro (con alternativa),Existe/n otro/s medicamento/s con el mismo principio activo y para la misma vía de administración.,2026-09-21T15:06:00.702390,M01AE01,54801
ES,Spain,AEMPS,"METOCLOPRAMIDA BASI 5 MG/ML SOLUCION INYECTABLE Y PARA PERFUSION EFG, 50 ampollas de 2 ml",METOCLOPRAMIDA HIDROCLORURO MONOHIDRATO,,,607817,2026-09-11,2026-10-02,shortage,10,La AEMPS ha autorizado unidades por comercialización excepcional.,2026-09-21T15:06:00.702407,A03FA01,108
ES,Spain,AEMPS,"NINTEDANIB DR.REDDYS 150 MG CAPSULAS BLANDAS EFG, 60 cápsulas",NINTEDANIB ESILATO,,,768833,2026-09-11,2026-12-16,shortage,Problemas de suministro (con alternativa),Existe/n otro/s medicamento/s con el mismo principio activo y para la misma vía de administración.,2026-09-21T15:06:00.702424,,
ES,Spain,AEMPS,"PITAVASTATINA NORMON 4 MG COMPRIMIDOS RECUBIERTOS CON PELICULA EFG , 28 comprimidos",PITAVASTATINA,,,728852,2026-09-11,2026-10-15,shortage,Problemas de suministro (con alternativa),Existe/n otro/s medicamento/s con el mismo principio activo y para la misma vía de administración.,2026-09-21T15:06:00.702441,C10AA08,
ES,Spain,AEMPS,"POMALIDOMIDA TEVA 3 MG CAPSULAS DURAS EFG, 14 cápsulas",POMALIDOMIDA,,,766278,2026-09-11,2026-10-09,shortage,Problemas de suministro (con alternativa),Existe/n otro/s medicamento/s con el mismo principio activo y para la misma vía de administración.,2026-09-21T15:06:00.702458,L04AX06,107530
ES,Spain,AEMPS,"SEROQUEL PROLONG 50 mg COMPRIMIDOS DE LIBERACION PROLONGADA, 60 comprimidos",QUETIAPINA FUMARATO,,,660615,2026-09-11,2026-10-30,shortage,Problemas de suministro (con alternativa),Existe/n otro/s medicamento/s con el mismo principio activo y para la misma vía de administración.,2026-09-21T15:06:00.702475,N05AH04,84182
ES,Spain,AEMPS,"SOLUVIT LIOFILIZADO PARA SOLUCION PARA PERFUSION, 10 viales","PANTOTENATO SODIO, NICOTINAMIDA, FOLICO ACIDO, PIRIDOXINA HIDROCLORURO, BIOTINA, CIANOCOBALAMINA, TIAMINA NITRATO, RIBOFLAVINA FOSFATO SODIO, ASCORBATO SODIO",,,677138,2026-09-11,2026-10-16,shortage,12,El Titular de Autorización de Comercialización está realizando una distribución controlada a hospitales,2026-09-21T15:06:00.702491,,
ES,Spain,AEMPS,"TACFORIUS 0,5 MG CAPSULAS DURAS DE LIBERACION PROLONGADA EFG, 30 cápsulas",TACROLIMUS MONOHIDRATO,,,721247,2026-09-11,2026-10-01,shortage,Problemas de suministro (con alternativa),Existe/n otro/s medicamento/s con el mismo principio activo y para la misma vía de administración.,2026-09-21T15:06:00.702509,L04AD02,96148
ES,Spain,AEMPS,"Ziprasidona cinfa 40 mg capsulas duras EFG, 56 cápsulas",ZIPRASIDONA HIDROCLORURO,,,711172,2026-09-11,2027-05-28,shortage,Problemas de suministro (con alternativa),Existe/n otro/s medicamento/s con el mismo principio activo y para la misma vía de administración.,2026-09-21T15:06:00.702526,N05AX12,
ES,Spain,AEMPS,"ZOFRAN 4 mg SOLUCION INYECTABLE,10 ampollas de 2 ml",ONDANSETRON HIDROCLORURO DIHIDRATO,,,730289,2026-09-11,,shortage,Problemas de suministro (con alternativa),Existe/n otro/s medicamento/s con el mismo principio activo y para la misma vía de administración.,2026-09-21T15:06:00.702535,A04AA01,31526
ES,Spain,AEMPS,"ACICLOVIR SALA 250 MG POLVO PARA SOLUCION PARA PERFUSION EFG, 5 viales de 10 ml",ACICLOVIR,,,756098,2026-09-10,2026-10-30,shortage,Problemas de suministro (con alternativa),Existe/n otro/s medicamento/s con el mismo principio activo y para la misma vía de administración.,2026-09-21T15:06:00.702551,J05AB01,
ES,Spain,AEMPS,"ATORVASTATINA PENSA PHARMA 30 MG COMPRIMIDOS RECUBIERTOS CON PELICULA, 28 comprimidos",ATORVASTATINA CALCICA TRIHIDRATO,,,763325,2026-09-10,2026-11-15,shortage,Problemas de suministro (con alternativa),Existe/n otro/s medicamento/s con el mismo principio activo y para la misma vía de administración.,2026-09-21T15:06:00.702568,C10AA05,
ES,Spain,AEMPS,"CRONODINE 120 mg CAPSULAS DE LIBERACION PROLONGADA , 30 cápsulas",DILTIAZEM HIDROCLORURO,,,678904,2026-09-10,2026-10-01,shortage,Problemas de suministro (con alternativa),Existe/n otro/s medicamento/s con el mismo principio activo y para la misma vía de administración.,2026-09-21T15:06:00.702585,C08DB01,32158
ES,Spain,AEMPS,"HALOPERIDOL ESTEVE 5 mg/ml SOLUCION INYECTABLE, 5 ampollas de 1 ml",HALOPERIDOL,,,653109,2026-09-10,2026-10-14,shortage,Problemas de calidad,Desabastecimiento temporal.,2026-09-21T15:06:00.702602,N05AD01,1104
ES,Spain,AEMPS,"IRBESARTAN VIATRIS 300 MG COMPRIMIDOS EFG, 28 comprimidos",IRBESARTAN,,,685072,2026-09-10,2026-09-23,shortage,Problemas de suministro (con alternativa),Existe/n otro/s medicamento/s con el mismo principio activo y para la misma vía de administración.,2026-09-21T15:06:00.702618,C09CA04,48801
ES,Spain,AEMPS,"LAURIMIC 20 MG/G CREMA , 1 tubo de 30 g",FENTICONAZOL NITRATO,,,663294,2026-09-10,2027-03-01,shortage,9,El titular de autorización de comercialización está realizando una distribución controlada al existir unidades limitadas.,2026-09-21T15:06:00.702635,D01AC15,
ES,Spain,AEMPS,"LEVODOPA/CARBIDOPA/ENTACAPONA KERN PHARMA 200 mg /50 mg /200 mg COMPRIMIDOS RECUBIERTOS CON PELÍCULA EFG , 100 comprimidos","LEVODOPA, CARBIDOPA, ENTACAPONA",,,705809,2026-09-10,2026-10-30,shortage,Cese de comercialización temporal,Existe/n otro/s medicamento/s con los mismos principios activos y para la misma vía de administración.,2026-09-21T15:06:00.702653,,
ES,Spain,AEMPS,"MOVICOL PEDIATRICO SABOR NEUTRO 6,9 g POLVO PARA SOLUCION ORAL EN SOBRE , 30 sobres","MACROGOL 3350, SODIO BICARBONATO, SODIO CLORURO, CLORURO DE POTASIO",,,654515,2026-09-10,2027-02-28,shortage,Problemas de suministro (con alternativa),Existe/n otro/s medicamento/s con el mismo principio activo y para la misma vía de administración.,2026-09-21T15:06:00.702670,,
ES,Spain,AEMPS,"NINTEDANIB DR.REDDYS 100 MG CAPSULAS BLANDAS EFG, 60 cápsulas",NINTEDANIB ESILATO,,,768832,2026-09-10,2026-12-16,shortage,Problemas de suministro (con alternativa),Existe/n otro/s medicamento/s con el mismo principio activo y para la misma vía de administración.,2026-09-21T15:06:00.702686,,
ES,Spain,AEMPS,"RITONAVIR ACCORD 100 MG COMPRIMIDOS RECUBIERTOS CON PELICULA EFG, 30 comprimidos (Blister)",RITONAVIR,,,728757,2026-09-10,,shortage,Problemas de suministro (con alternativa),Existe/n otro/s medicamento/s con el mismo principio activo y para la misma vía de administración.,2026-09-21T15:06:00.702695,J05AE03,94064
ES,Spain,AEMPS,"TRUMSAL 180 mg CAPSULAS DE LIBERACION PROLONGADA , 30 cápsulas",DILTIAZEM HIDROCLORURO,,,678896,2026-09-10,2027-01-01,shortage,Problemas de suministro (con alternativa),Existe/n otro/s medicamento/s con el mismo principio activo y para la misma vía de administración.,2026-09-21T15:06:00.702712,C08DB01,38148
ES,Spain,AEMPS,"CELEBREX 200 MG CAPSULAS DURAS , 30 cápsulas",CELECOXIB,,,871988,2026-09-09,2026-12-25,shortage,Problemas de suministro (con alternativa),Existe/n otro/s medicamento/s con el mismo principio activo y para la misma vía de administración.,2026-09-21T15:06:00.702729,L01XX33,
ES,Spain,AEMPS,DULOXETINA KERN PHARMA 60 MG CÁPSULAS DURAS GASTRORRESISTENTES EFG 56 cápsulas (Blister PVC-PVDC/Al),DULOXETINA HIDROCLORURO,,,728299,2026-09-09,2027-01-29,shortage,Problemas de suministro (con alternativa),Existe/n otro/s medicamento/s con el mismo principio activo y para la misma vía de administración.,2026-09-21T15:06:00.702746,N06AX21,79065
ES,Spain,AEMPS,"OXCARBAZEPINA VIATRIS 600 MG COMPRIMIDOS RECUBIERTOS CON PELÍCULA EFG., 100 comprimidos",OXCARBAZEPINA,,,658852,2026-09-09,,shortage,Problemas de suministro (con alternativa),Existe/n otro/s medicamento/s con el mismo principio activo y para la misma vía de administración.,2026-09-21T15:06:00.702754,N03AX14,
ES,Spain,AEMPS,"PREVENCOR 40 mg COMPRIMIDOS RECUBIERTOS CON PELICULA, 28 comprimidos",ATORVASTATINA CALCICA TRIHIDRATO,,,667451,2026-09-09,2026-09-28,shortage,Problemas de suministro (con alternativa),Existe/n otro/s medicamento/s con el mismo principio activo y para la misma vía de administración.,2026-09-21T15:06:00.702771,C10AA05,98620
ES,Spain,AEMPS,"TANDEMACT 30 mg/2 mg COMPRIMIDOS, 28 comprimidos","PIOGLITAZONA, GLIMEPIRIDA",,,663162,2026-09-09,2026-12-31,shortage,Otros problemas de suministro,El médico prescriptor deberá determinar la posibilidad de utilizar otros tratamientos comercializados.,2026-09-21T15:06:00.702788,,
ES,Spain,AEMPS,"AGOMELATINA QUALIGEN 25 MG COMPRIMIDOS RECUBIERTOS CON PELICULA EFG, 28 comprimidos",AGOMELATINA ACIDO CITRICO,,,723841,2026-09-08,2026-10-26,shortage,Problemas de suministro (con alternativa),Existe/n otro/s medicamento/s con el mismo principio activo y para la misma vía de administración.,2026-09-21T15:06:00.702804,N06AX22,90824
ES,Spain,AEMPS,"ASMANEX TWISTHALER 200 microgramos POLVO PARA INHALACION , 1 inhalador de 60 dosis",MOMETASONA FUROATO,,,744516,2026-09-08,2026-09-30,shortage,Otros problemas de suministro,El médico prescriptor deberá determinar la posibilidad de utilizar otros tratamientos comercializados.,2026-09-21T15:06:00.702821,R01AD09,52434
ES,Spain,AEMPS,"PITAVASTATINA NORMON 2 MG COMPRIMIDOS RECUBIERTOS CON PELICULA EFG , 28 comprimidos",PITAVASTATINA,,,728851,2026-09-08,2026-10-15,shortage,Problemas de suministro (con alternativa),Existe/n otro/s medicamento/s con el mismo principio activo y para la misma vía de administración.,2026-09-21T15:06:00.702837,C10AA08,
ES,Spain,AEMPS,"FOLINATO CALCICO TEVA 10 mg/ml SOLUCION INYECTABLE EFG , 1 vial de 30 ml",FOLINATO CALCIO,,,652372,2026-09-07,,shortage,Problemas de suministro (con alternativa),Existe/n otro/s medicamento/s con el mismo principio activo y para la misma vía de administración.,2026-09-21T15:06:00.702846,,
ES,Spain,AEMPS,"IVABRADINA VIATRIS 5 MG COMPRIMIDOS RECUBIERTOS CON PELICULA EFG, 56 comprimidos",IVABRADINA OXALATO,,,718827,2026-09-07,2026-10-23,shortage,Problemas de suministro (con alternativa),Existe/n otro/s medicamento/s con el mismo principio activo y para la misma vía de administración.,2026-09-21T15:06:00.702863,C01EB16,81213
ES,Spain,AEMPS,"RETACRIT 10000 UI/1,0 ml SOLUCION INYECTABLE EN JERINGA PRECARGADA, 6 jeringas precargadas de 1 ml",EPOETINA DSETA (EPOETIN ZETA),,,660517,2026-09-07,2026-10-14,shortage,Problemas de suministro (con alternativa),Existe/n otro/s medicamento/s con el mismo principio activo y para la misma vía de administración.,2026-09-21T15:06:00.702883,B03XA01,86398
ES,Spain,AEMPS,"Accofil 30 MU/0,5 ml solucion inyectable y para perfusion en jeringa precargada 1 jeringa precargada-",FILGRASTIM,,,705604,2026-09-04,2026-09-30,shortage,Problemas de suministro (con alternativa),Existe/n otro/s medicamento/s con el mismo principio activo y para la misma vía de administración.,2026-09-21T15:06:00.702900,L03AA02,41831
ES,Spain,AEMPS,"CAPENON HCT 40 mg/5 mg/12,5 mg COMPRIMIDOS RECUBIERTOS CON PELICULA, 28 comprimidos","OLMESARTAN MEDOXOMILO, AMLODIPINO BESILATO, HIDROCLOROTIAZIDA",,,679046,2026-09-04,2026-10-16,shortage,Cese de comercialización temporal,Existe/n otro/s medicamento/s con los mismos principios activos y para la misma vía de administración.,2026-09-21T15:06:00.702916,,
ES,Spain,AEMPS,"EVOPAD 25 microgramos/24 H PARCHES TRANSDERMICOS, 8 parches",ESTRADIOL HEMIHIDRATO,,,668087,2026-09-04,2026-10-26,shortage,Problemas de suministro (con alternativa),Existe/n otro/s medicamento/s con el mismo principio activo y para la misma vía de administración. Está disponible Estradot y Estraderm,2026-09-21T15:06:00.702933,G03CA03,
ES,Spain,AEMPS,"FOSAPREPITANT ACCORD 150 MG POLVO PARA SOLUCION PARA PERFUSION EFG, 1 vial",FOSAPREPITANT DIMEGLUMINA,,,723426,2026-09-04,2026-10-31,shortage,Problemas de suministro (con alternativa),Existe/n otro/s medicamento/s con el mismo principio activo y para la misma vía de administración.,2026-09-21T15:06:00.702950,A04AD12,95230
ES,Spain,AEMPS,"PACLITAXEL ACCORD 6 mg/ml CONCENTRADO PARA SOLUCION PARA PERFUSION EFG , 1 vial de 50 ml",PACLITAXEL,,,676253,2026-09-04,2026-10-15,shortage,Problemas de suministro (con alternativa),Existe/n otro/s medicamento/s con el mismo principio activo y para la misma vía de administración.,2026-09-21T15:06:00.702966,L01CD01,
ES,Spain,AEMPS,"QUETIAPINA VIATRIS 100 MG COMPRIMIDOS RECUBIERTOS CON PELICULA EFG, 60 comprimidos",QUETIAPINA FUMARATO,,,660620,2026-09-04,2026-11-06,shortage,Problemas de suministro (con alternativa),Existe/n otro/s medicamento/s con el mismo principio activo y para la misma vía de administración.,2026-09-21T15:06:00.702982,N05AH04,50768
ES,Spain,AEMPS,"SEVELAMERO VIATRIS 800 MG COMPRIMIDOS RECUBIERTOS CON PELICULA,180 comprimidos por envase (con y sin envase de cartón)",SEVELAMERO CARBONATO,,,703328,2026-09-04,2026-10-23,shortage,Problemas de suministro (con alternativa),Existe/n otro/s medicamento/s con el mismo principio activo y para la misma vía de administración.,2026-09-21T15:06:00.702999,,
ES,Spain,AEMPS,"SORAFENIB ACCORD 200 MG COMPRIMIDOS RECUBIERTOS CON PELICULA EFG, 112 comprimidos",SORAFENIB TOSILATO,,,759249,2026-09-04,2026-11-30,shortage,Problemas de suministro (con alternativa),Existe/n otro/s medicamento/s con el mismo principio activo y para la misma vía de administración.,2026-09-21T15:06:00.703032,,
ES,Spain,AEMPS,"TRANXILIUM 15 mg CAPSULAS DURAS, 20 cápsulas",CLORAZEPATO DIPOTASIO,,,725028,2026-09-04,2027-03-31,shortage,Problemas de suministro (con alternativa),Existe/n otro/s medicamento/s con el mismo principio activo y para la misma vía de administración.,2026-09-21T15:06:00.703049,N05BA02,
ES,Spain,AEMPS,"CEFAZOLINA SALA 1 G POLVO PARA SOLUCION INYECTABLE EFG, 100 viales",CEFAZOLINA SODICA,,,600300,2026-09-03,2026-11-20,shortage,Problemas de suministro (con alternativa),Existe/n otro/s medicamento/s con el mismo principio activo y para la misma vía de administración.,2026-09-21T15:06:00.703065,J01DB01,5835
ES,Spain,AEMPS,"DABIGATRAN ETEXILATO VIATRIS 150 MG CÁPSULAS DURAS EFG, 60 cápsulas",DABIGATRAN ETEXILATO MESILATO,,,764420,2026-09-03,2026-10-07,shortage,Problemas de suministro (con alternativa),Existe/n otro/s medicamento/s con el mismo principio activo y para la misma vía de administración.,2026-09-21T15:06:00.703082,B01AE07,98361
ES,Spain,AEMPS,"EXEMESTANO VIATRIS 25 MG COMPRIMIDOS RECUBIERTOS CON PELICULA EFG, 30 comprimidos",EXEMESTANO,,,682755,2026-09-03,2026-11-03,shortage,Problemas de suministro (con alternativa),Existe/n otro/s medicamento/s con el mismo principio activo y para la misma vía de administración.,2026-09-21T15:06:00.703101,L02BG06,45020
ES,Spain,AEMPS,"NORADRENALINA B. BRAUN 0,5 MG/ML CONCENTRADO PARA SOLUCION PARA PERFUSION, 10 ampollas de 10 ml",NOREPINEFRINA,,,661660,2026-09-03,2026-10-09,shortage,12,El Titular de Autorización de Comercialización está realizando una distribución controlada a hospitales,2026-09-21T15:06:00.703117,C01CA03,
ES,Spain,AEMPS,"TRAMADOL RETARD NORMON 100 mg COMPRIMIDOS DE LIBERACION PROLONGADA EFG, 60 comprimidos",TRAMADOL HIDROCLORURO,,,691745,2026-09-03,2026-10-02,shortage,Problemas de suministro (con alternativa),Existe/n otro/s medicamento/s con el mismo principio activo y para la misma vía de administración.,2026-09-21T15:06:00.703134,N02AX02,50431
ES,Spain,AEMPS,"XUMADOL 1 g GRANULADO EFERVESCENTE  EFG , 20 sobres",PARACETAMOL,,,656254,2026-09-03,2026-10-09,shortage,Problemas de suministro (con alternativa),Existe/n otro/s medicamento/s con el mismo principio activo y para la misma vía de administración.,2026-09-21T15:06:00.703151,N02BE01,103551
ES,Spain,AEMPS,"OLANZAPINA VIATRIS 10 MG COMPRIMIDOS RECUBIERTOS CON PELICULA EFG, 28 comprimidos",OLANZAPINA,,,663621,2026-09-02,2027-06-08,shortage,Problemas de suministro (con alternativa),Existe/n otro/s medicamento/s con el mismo principio activo y para la misma vía de administración.,2026-09-21T15:06:00.703168,N05AH03,45578
ES,Spain,AEMPS,"OXICODONA SANDOZ 80 MG COMPRIMIDOS DE LIBERACION PROLONGADA EFG , 28 comprimidos",OXICODONA HIDROCLORURO,,,695373,2026-09-02,,shortage,Problemas de suministro (con alternativa),Existe/n otro/s medicamento/s con el mismo principio activo y para la misma vía de administración.,2026-09-21T15:06:00.703177,N02AA05,57649
ES,Spain,AEMPS,"AMINOVEN INFANT 10% SOLUCION PARA PERFUSION, 1 frasco de 250 ml","SERINA, FENILALANINA, TRIPTOFANO, GLICINA, HISTIDINA, ISOLEUCINA, LEUCINA, MALICO ACIDO, TREONINA, METIONINA, PROLINA, ACETILCISTEINA, LISINA ACETATO, VALINA, ALANINA, ARGININA, TAURINA, ACETILTIROSINA",,,781773,2026-09-01,,shortage,Otros problemas de suministro,El médico prescriptor deberá determinar la posibilidad de utilizar otros tratamientos comercializados.,2026-09-21T15:06:00.703186,,
ES,Spain,AEMPS,"DEXMEDETOMIDINA B. BRAUN 100 MICROGRAMOS/ML CONCENTRADO PARA SOLUCION PARA PERFUSION EFG, 10 ampollas de 2 ml",DEXMEDETOMIDINA HIDROCLORURO,,,729276,2026-09-01,,shortage,Problemas de suministro (con alternativa),Existe/n otro/s medicamento/s con el mismo principio activo y para la misma vía de administración.,2026-09-21T15:06:00.703195,N05CM18,99791
ES,Spain,AEMPS,"LENALIDOMIDA KERN PHARMA 20 MG CAPSULAS DURAS EFG, 21 cápsulas",LENALIDOMIDA,,,729349,2026-09-01,2026-11-13,shortage,Problemas de suministro (con alternativa),Existe/n otro/s medicamento/s con el mismo principio activo y para la misma vía de administración.,2026-09-21T15:06:00.703213,L04AX04,125741
ES,Spain,AEMPS,"BILINA 0,5 mg/ml COLIRIO EN SUSPENSIÓN, 1 frasco de 4 ml",LEVOCABASTINA HIDROCLORURO,,,682120,2026-08-31,2026-10-28,shortage,Otros problemas de suministro,El médico prescriptor deberá determinar la posibilidad de utilizar otros tratamientos comercializados.,2026-09-21T15:06:00.703230,S01GX02,
ES,Spain,AEMPS,"PSICOTRIC PROLONG 200 MG COMPRIMIDOS DE LIBERACION PROLONGADA EFG , 60 comprimidos",QUETIAPINA FUMARATO,,,702205,2026-08-31,2026-10-19,shortage,Problemas de suministro (con alternativa),Existe/n otro/s medicamento/s con el mismo principio activo y para la misma vía de administración.,2026-09-21T15:06:00.703247,N05AH04,84190
ES,Spain,AEMPS,"ZELDOX 60 mg CAPSULAS DURAS, 56 cápsulas",ZIPRASIDONA HIDROCLORURO,,,770446,2026-08-31,2026-10-02,shortage,Problemas de suministro (con alternativa),Existe/n otro/s medicamento/s con el mismo principio activo y para la misma vía de administración.,2026-09-21T15:06:00.703265,N05AX12,
ES,Spain,AEMPS,"ZOFRAN  ZYDIS 4 mg LIOFILIZADO ORAL , 10 liofilizados",ONDANSETRON HIDROCLORURO DIHIDRATO,,,855288,2026-08-31,2026-10-29,shortage,Problemas de suministro (con alternativa),Existe/n otro/s medicamento/s con el mismo principio activo y para la misma vía de administración.,2026-09-21T15:06:00.703282,A04AA01,49905
ES,Spain,AEMPS,"EBIXA 5 mg/pulsacion SOLUCION ORAL , 1 frasco de 100 ml (200 dosis)",MEMANTINA HIDROCLORURO,,,757807,2026-08-28,2026-10-07,shortage,Problemas de suministro (con alternativa),Existe/n otro/s medicamento/s con el mismo principio activo y para la misma vía de administración.,2026-09-21T15:06:00.703299,N06DX01,95834
ES,Spain,AEMPS,"NYZOL 200 MG COMPRIMIDOS, 28 comprimidos",ZONISAMIDA,,,756673,2026-08-28,2026-09-28,shortage,Problemas de suministro (con alternativa),Existe/n otro/s medicamento/s con el mismo principio activo y para la misma vía de administración.,2026-09-21T15:06:00.703318,N03AX15,
ES,Spain,AEMPS,"PITAVASTATINA NORMON 1 MG COMPRIMIDOS RECUBIERTOS CON PELICULA EFG , 28 comprimidos",PITAVASTATINA,,,728850,2026-08-28,2026-10-15,shortage,Problemas de suministro (con alternativa),Existe/n otro/s medicamento/s con el mismo principio activo y para la misma vía de administración.,2026-09-21T15:06:00.703335,C10AA08,
ES,Spain,AEMPS,"TAMSULOSINA PENSA PHARMA 0,4 MG CAPSULAS DURAS DE LIBERACION MODIFICADA EFG, 30 cápsulas",TAMSULOSINA HIDROCLORURO,,,765320,2026-08-28,2026-09-30,shortage,Problemas de suministro (con alternativa),Existe/n otro/s medicamento/s con el mismo principio activo y para la misma vía de administración.,2026-09-21T15:06:00.703353,G04CA02,41068
ES,Spain,AEMPS,"VILDAGLIPTINA/METFORMINA NORMON 50 MG/850 MG COMPRIMIDOS RECUBIERTOS CON PELICULA EFG, 60 comprimidos","VILDAGLIPTINA, METFORMINA HIDROCLORURO",,,734039,2026-08-28,2026-10-02,shortage,Cese de comercialización temporal,Existe/n otro/s medicamento/s con los mismos principios activos y para la misma vía de administración.,2026-09-21T15:06:00.703370,,
ES,Spain,AEMPS,"BUPROPION SANDOZ 300 MG COMPRIMIDOS DE LIBERACION MODIFICADA EFG , 30 comprimidos",BUPROPION HIDROCLORURO,,,758613,2026-08-27,2026-11-11,shortage,Problemas de suministro (con alternativa),Existe/n otro/s medicamento/s con el mismo principio activo y para la misma vía de administración.,2026-09-21T15:06:00.703386,N06AX12,82899
ES,Spain,AEMPS,"CARDYL 20 mg COMPRIMIDOS RECUBIERTOS CON PELICULA, 28 comprimidos",ATORVASTATINA CALCICA TRIHIDRATO,,,667873,2026-08-27,2026-10-02,shortage,Problemas de suministro (con alternativa),Existe/n otro/s medicamento/s con el mismo principio activo y para la misma vía de administración.,2026-09-21T15:06:00.703403,C10AA05,98612
ES,Spain,AEMPS,DONEPEZILO RATIO 10 MG COMPRIMIDOS RECUBIERTOS CON PELICULA EFG 28 comprimidos,DONEPEZILO HIDROCLORURO,,,686947,2026-08-27,,shortage,Problemas de suministro (con alternativa),Existe/n otro/s medicamento/s con el mismo principio activo y para la misma vía de administración.,2026-09-21T15:06:00.703411,N06DA02,106550
ES,Spain,AEMPS,"FOSFATO MONOSODICO 1M FRESENIUS KABI 120 MG/ML CONCENTRADO PARA SOLUCION PARA PERFUSION , 100 ampollas de 10 ml",SODIO DIHIDROGENOFOSFATO,,,600210,2026-08-27,2026-09-30,shortage,Otros problemas de suministro,"El médico prescriptor deberá determinar la posibilidad de utilizar otros tratamientos comercializados. Valorar la posibilidad de utilizar GLYCOPHOS 216 MG/ML CONCENTRADO PARA SOLUCIÓN PARA PERFUSIÓN, 20 ampollas de 20 ml (C.N. 728213) para la reposición de fosfatos en situaciones clínicas de hipofosfatemia, según las características del paciente.",2026-09-21T15:06:00.703428,,
ES,Spain,AEMPS,"LARGACTIL 40mg/ml GOTAS ORALES EN SOLUCION , 1 frasco de 30 ml",CLORPROMAZINA HIDROCLORURO,,,677289,2026-08-27,2027-08-31,shortage,10,La AEMPS ha autorizado unidades por comercialización excepcional. con caducidad inferior a 6 meses,2026-09-21T15:06:00.703449,N05AA01,
ES,Spain,AEMPS,"MELODENE-15 0,06 mg/ 0,015 mg COMPRIMIDOS RECUBIERTOS CON PELICULA. , 28 comprimidos","ETINILESTRADIOL, GESTODENO",,,887539,2026-08-27,,shortage,Cese de comercialización temporal,Existe/n otro/s medicamento/s con los mismos principios activos y para la misma vía de administración.,2026-09-21T15:06:00.703459,,
ES,Spain,AEMPS,"OLMESARTAN PENSA PHARMA 10 MG COMPRIMIDOS RECUBIERTOS CON PELICULA EFG, 28 comprimidos",OLMESARTAN MEDOXOMILO,,,716113,2026-08-27,2026-09-30,shortage,Problemas de suministro (con alternativa),Existe/n otro/s medicamento/s con el mismo principio activo y para la misma vía de administración.,2026-09-21T15:06:00.703476,C09CA08,
ES,Spain,AEMPS,"OLMESARTAN/AMLODIPINO/HIDROCLOROTIAZIDA VISO FARMACEUTICA 40 MG/10 MG/25 MG COMPRIMIDOS RECUBIERTOS DE PELICULA EFG, 28 comprimidos","OLMESARTAN MEDOXOMILO, AMLODIPINO BESILATO, HIDROCLOROTIAZIDA",,,731385,2026-08-27,2026-09-30,shortage,Cese de comercialización temporal,Existe/n otro/s medicamento/s con los mismos principios activos y para la misma vía de administración.,2026-09-21T15:06:00.703493,,
ES,Spain,AEMPS,"SEVIKAR 20 mg/5 mg COMPRIMIDOS RECUBIERTOS CON PELICULA , 28 comprimidos","OLMESARTAN MEDOXOMILO, AMLODIPINO BESILATO",,,661503,2026-08-27,2026-10-30,shortage,Cese de comercialización temporal,Existe/n otro/s medicamento/s con los mismos principios activos y para la misma vía de administración.,2026-09-21T15:06:00.703510,,
ES,Spain,AEMPS,"APROXXAMLO 150 MG/5 MG COMPRIMIDOS RECUBIERTOS CON PELICULA, 30 comprimidos","IRBESARTAN, AMLODIPINO BESILATO",,,728828,2026-08-26,,shortage,Cese de comercialización temporal,Existe/n otro/s medicamento/s con los mismos principios activos y para la misma vía de administración.,2026-09-21T15:06:00.703518,,
ES,Spain,AEMPS,"FOSTIPUR KIT 150 UI POLVO Y DISOLVENTE PARA SOLUCION INYECTABLE , 1 vial + 1 jeringa precargada de disolvente",UROFOLITROPINA,,,688348,2026-08-26,2026-11-02,shortage,Problemas de suministro (con alternativa),Existe/n otro/s medicamento/s con el mismo principio activo y para la misma vía de administración.,2026-09-21T15:06:00.703536,H01CA02,51675
ES,Spain,AEMPS,"MELFALAN ZENTIVA 50 MG POLVO Y DISOLVENTE PARA SOLUCION INYECTABLE Y PARA PERFUSION EFG, 1 vial (polvo) + 1 vial de disolvente",MELFALAN HIDROCLORURO,,,716323,2026-08-26,2026-12-28,shortage,Problemas de suministro (con alternativa),Existe/n otro/s medicamento/s con el mismo principio activo y para la misma vía de administración.,2026-09-21T15:06:00.703560,L01AA03,35254
ES,Spain,AEMPS,"PENILEVEL 1.000.000 U.I. POLVO Y DISOLVENTE PARA SOLUCIÓN INYECTABLE, 1 vial + 1 ampolla de disolvente",BENCILPENICILINA SODICA,,,653439,2026-08-26,2026-10-15,shortage,Problemas de suministro (con alternativa),Existe/n otro/s medicamento/s con el mismo principio activo y para la misma vía de administración.,2026-09-21T15:06:00.703578,J01CE01,19402
ES,Spain,AEMPS,"TADALAFILO ACCORD 20 MG COMPRIMIDOS RECUBIERTOS CON PELICULA EFG, 56 comprimidos",TADALAFILO,,,716441,2026-08-26,2026-10-16,shortage,Problemas de suministro (con alternativa),Existe/n otro/s medicamento/s con el mismo principio activo y para la misma vía de administración.,2026-09-21T15:06:00.703596,G04BE08,
ES,Spain,AEMPS,"CICLOFALINA 800 mg POLVO PARA SOLUCION ORAL , 60 sobres",PIRACETAM,,,968792,2026-08-25,,shortage,Problemas de suministro (con alternativa),Existe/n otro/s medicamento/s con el mismo principio activo y para la misma vía de administración.,2026-09-21T15:06:00.703609,N06BX03,6548
ES,Spain,AEMPS,IVABRADINA KERN PHARMA 5 MG COMPRIMIDOS EFG 56 comprimidos,IVABRADINA HIDROCLORURO,,,712850,2026-08-25,2026-10-02,shortage,Problemas de suministro (con alternativa),Existe/n otro/s medicamento/s con el mismo principio activo y para la misma vía de administración.,2026-09-21T15:06:00.703626,C01EB17,81213
ES,Spain,AEMPS,"MONTELUKAST KERN PHARMA 4 mg COMPRIMIDOS MASTICABLES EFG, 28 comprimidos",MONTELUKAST SODICO,,,672779,2026-08-25,2026-11-25,shortage,Problemas de suministro (con alternativa),Existe/n otro/s medicamento/s con el mismo principio activo y para la misma vía de administración.,2026-09-21T15:06:00.703639,R03DC03,67857
ES,Spain,AEMPS,"NAPROXENO SODICO KERN PHARMA 550 MG COMPRIMIDOS RECUBIERTOS CON PELICULA EFG, 10 comprimidos",NAPROXENO SODICO,,,729596,2026-08-25,2026-10-16,shortage,Problemas de suministro (con alternativa),Existe/n otro/s medicamento/s con el mismo principio activo y para la misma vía de administración.,2026-09-21T15:06:00.703650,M01AE02,33820
ES,Spain,AEMPS,"RIFINAH 300 MG/150 MG COMPRIMIDOS RECUBIERTOS CON PELÍCULA , 60 comprimidos","ISONIAZIDA, RIFAMPICINA",,,817973,2026-08-25,2026-11-02,shortage,9,El titular de autorización de comercialización está realizando una distribución controlada al existir unidades limitadas.,2026-09-21T15:06:00.703665,,
ES,Spain,AEMPS,"RIMSTAR COMPRIMIDOS RECUBIERTOS CON PELICULA , 60 comprimidos","ETAMBUTOL HIDROCLORURO, ISONIAZIDA, PIRAZINAMIDA, RIFAMPICINA",,,814707,2026-08-25,2026-10-30,shortage,"Problemas de suministro (sin alternativa, medicamento extranjero)",Se puede solicitar como medicamento extranjero.,2026-09-21T15:06:00.703676,,
ES,Spain,AEMPS,"AXITINIB TEVA 5 MG COMPRIMIDOS RECUBIERTOS CON PELICULA EFG, 56 comprimidos",AXITINIB,,,765300,2026-08-24,2026-10-23,shortage,Problemas de suministro (con alternativa),Existe/n otro/s medicamento/s con el mismo principio activo y para la misma vía de administración.,2026-09-21T15:06:00.703687,L01EK01,104450
ES,Spain,AEMPS,"BISOPROLOL NORMON 5 mg COMPRIMIDOS RECUBIERTOS CON PELICULA EFG, 28 comprimidos",BISOPROLOL HEMIFUMARATO,,,728657,2026-08-24,2026-09-30,shortage,Problemas de suministro (con alternativa),Existe/n otro/s medicamento/s con el mismo principio activo y para la misma vía de administración.,2026-09-21T15:06:00.703698,C07AB07,25534
ES,Spain,AEMPS,"BRINZOLAMIDA STADA 10 MG/ML COLIRIO EN SUSPENSION , 1 frasco de 5 ml",BRINZOLAMIDA,,,706456,2026-08-24,2026-09-29,shortage,Problemas de suministro (con alternativa),Existe/n otro/s medicamento/s con el mismo principio activo y para la misma vía de administración.,2026-09-21T15:06:00.703709,S01EC04,212261
ES,Spain,AEMPS,"CABERGOLINA TEVA 1 mg COMPRIMIDOS EFG , 20 comprimidos",CABERGOLINA,,,660714,2026-08-24,2026-10-20,shortage,Problemas de suministro (con alternativa),Existe/n otro/s medicamento/s con el mismo principio activo y para la misma vía de administración.,2026-09-21T15:06:00.703720,G02CB03,
ES,Spain,AEMPS,"CEMIDON 60 MG/ML SOLUCIÓN INYECTABLE, 5 ampollas de 5 ml",ISONIAZIDA,,,770818,2026-08-24,2026-11-16,shortage,9,El titular de autorización de comercialización está realizando una distribución controlada al existir unidades limitadas.,2026-09-21T15:06:00.703731,J04AC01,
ES,Spain,AEMPS,"CICLOPIROX OLAMINA SERRA 15 mg/g CHAMPU, 1 frasco de 100 ml",CICLOPIROX OLAMINA,,,687438,2026-08-24,2027-04-30,shortage,Problemas de suministro (con alternativa),Existe/n otro/s medicamento/s con el mismo principio activo y para la misma vía de administración.,2026-09-21T15:06:00.703743,D01AE15,
ES,Spain,AEMPS,"DESLORATADINA VIATRIS 5 MG COMPRIMIDOS RECUBIERTOS CON PELICULA EFG, 20 comprimidos",DESLORATADINA,,,693736,2026-08-24,2027-01-11,shortage,Problemas de suministro (con alternativa),Existe/n otro/s medicamento/s con el mismo principio activo y para la misma vía de administración.,2026-09-21T15:06:00.703754,R06AX27,59021
ES,Spain,AEMPS,"ETORICOXIB PENSA 60 MG COMPRIMIDOS RECUBIERTOS CON PELICULA EFG, 28 comprimidos",ETORICOXIB,,,714905,2026-08-24,2026-11-30,shortage,Problemas de suministro (con alternativa),Existe/n otro/s medicamento/s con el mismo principio activo y para la misma vía de administración.,2026-09-21T15:06:00.703765,M01AH05,66745
ES,Spain,AEMPS,"MELFALAN TARBIS 50 MG POLVO Y DISOLVENTE PARA SOLUCION INYECTABLE Y PARA PERFUSION EFG, 1 vial de polvo + 1 vial de disolvente",MELFALAN HIDROCLORURO,,,731881,2026-08-24,2027-01-25,shortage,Problemas de suministro (con alternativa),Existe/n otro/s medicamento/s con el mismo principio activo y para la misma vía de administración.,2026-09-21T15:06:00.703776,L01AA03,35254
ES,Spain,AEMPS,"PAROXETINA STADA 30 MG COMPRIMIDOS , 28 comprimidos",PAROXETINA  HIDROCLORURO,,,691270,2026-08-24,2026-11-02,shortage,Problemas de suministro (con alternativa),Existe/n otro/s medicamento/s con el mismo principio activo y para la misma vía de administración.,2026-09-21T15:06:00.703787,N06AB05,
ES,Spain,AEMPS,"PAROXETINA STADA 40 MG COMPRIMIDOS , 28 comprimidos",PAROXETINA  HIDROCLORURO,,,691272,2026-08-24,,shortage,Problemas de suministro (con alternativa),Existe/n otro/s medicamento/s con el mismo principio activo y para la misma vía de administración.,2026-09-21T15:06:00.703793,N06AB05,
ES,Spain,AEMPS,"PAZOPANIB DR. REDDYS 400 MG COMPRIMIDOS RECUBIERTOS CON PELICULA EFG, 60 comprimidos",PAZOPANIB HIDROCLORURO,,,767297,2026-08-24,2026-09-30,shortage,Problemas de suministro (con alternativa),Existe/n otro/s medicamento/s con el mismo principio activo y para la misma vía de administración.,2026-09-21T15:06:00.703804,L01EX03,95273
ES,Spain,AEMPS,"PERINDOPRIL/INDAPAMIDA STADA 4 mg/1,25 mg COMPRIMIDOS  EFG, 30 comprimidos (PVC/PVDC/Al)","PERINDOPRIL ERBUMINA, INDAPAMIDA",,,684184,2026-08-24,2027-01-04,shortage,Cese de comercialización temporal,Existe/n otro/s medicamento/s con los mismos principios activos y para la misma vía de administración.,2026-09-21T15:06:00.703816,,
ES,Spain,AEMPS,"VALSARTAN HIDROCLOROTIAZIDA VIATRIS 80 MG/12.5 MG COMPRIMIDOS RECUBIERTOS CON PELICULA EFG, 28 comprimidos","VALSARTAN, HIDROCLOROTIAZIDA",,,693584,2026-08-24,2026-12-11,shortage,Cese de comercialización temporal,Existe/n otro/s medicamento/s con los mismos principios activos y para la misma vía de administración.,2026-09-21T15:06:00.703828,,
ES,Spain,AEMPS,"VALSARTAN/HIDROCLOROTIAZIDA VIATRIS 320/12,5 MG COMPRIMIDOS RECUBIERTOS CON PELICULA EFG, 28 comprimidos","HIDROCLOROTIAZIDA, VALSARTAN",,,698809,2026-08-24,2026-11-11,shortage,Cese de comercialización temporal,Existe/n otro/s medicamento/s con los mismos principios activos y para la misma vía de administración.,2026-09-21T15:06:00.703840,,
ES,Spain,AEMPS,"NYZOL 100 MG COMPRIMIDOS EFG, 56 comprimidos",ZONISAMIDA,,,756678,2026-08-21,2026-09-28,shortage,Problemas de suministro (con alternativa),Existe/n otro/s medicamento/s con el mismo principio activo y para la misma vía de administración.,2026-09-21T15:06:00.703851,N03AX15,
ES,Spain,AEMPS,"SITAGLIPTINA/METFORMINA VISO FARMACEUTICA 50 MG/1.000 MG COMPRIMIDOS RECUBIERTOS CON PELICULA EFG, 56 comprimidos","SITAGLIPTINA HIDROCLORURO, METFORMINA HIDROCLORURO",,,733210,2026-08-21,2026-10-31,shortage,Cese de comercialización temporal,Existe/n otro/s medicamento/s con los mismos principios activos y para la misma vía de administración.,2026-09-21T15:06:00.703862,,
ES,Spain,AEMPS,"SYNALAR NASAL, 1 frasco de 15 ml","FLUOCINOLONA ACETONIDO, FENILEFRINA HIDROCLORURO, NEOMICINA SULFATO, POLIMIXINA B SULFATO",,,831123,2026-08-21,2026-11-02,shortage,Otros problemas de suministro,El médico prescriptor deberá determinar la posibilidad de utilizar otros tratamientos comercializados.,2026-09-21T15:06:00.703873,,
ES,Spain,AEMPS,"DABIGATRAN ETEXILATO VIATRIS 110 MG CÁPSULAS DURAS EFG, 60 cápsulas",DABIGATRAN ETEXILATO MESILATO,,,764419,2026-08-20,2026-11-03,shortage,Problemas de suministro (con alternativa),Existe/n otro/s medicamento/s con el mismo principio activo y para la misma vía de administración.,2026-09-21T15:06:00.703884,B01AE07,86991
ES,Spain,AEMPS,"DICLOFENACO NORMON 50 mg COMPRIMIDOS GASTRORRESISTENTES  EFG , 40 comprimidos",DICLOFENACO SODICO,,,680421,2026-08-20,2027-01-30,shortage,Problemas de suministro (con alternativa),Existe/n otro/s medicamento/s con el mismo principio activo y para la misma vía de administración.,2026-09-21T15:06:00.703895,M01AB05,
ES,Spain,AEMPS,"ROSUVASTATINA VISO FARMACEUTICA 20 MG COMPRIMIDOS RECUBIERTOS CON PELICULA EFG, 28 comprimidos",ROSUVASTATINA  CALCICA,,,716067,2026-08-20,,shortage,Problemas de suministro (con alternativa),Existe/n otro/s medicamento/s con el mismo principio activo y para la misma vía de administración.,2026-09-21T15:06:00.703901,C10AA07,201057
ES,Spain,AEMPS,"ACETATO SODICO 1M FRESENIUS  KABI CONCENTRADO PARA SOLUCION PARA PERFUSION , 100 ampollas de 10 ml",ACETATO SODIO,,,600223,2026-08-19,,shortage,Otros problemas de suministro,El médico prescriptor deberá determinar la posibilidad de utilizar otros tratamientos comercializados.,2026-09-21T15:06:00.703907,,
ES,Spain,AEMPS,"GEMCITABINA ACCORD 2000 mg CONCENTRADO PARA SOLUCION PARA PERFUSION,  1 vial de 20 ml",GEMCITABINA,,,691948,2026-08-19,2026-09-30,shortage,Problemas de suministro (con alternativa),Existe/n otro/s medicamento/s con el mismo principio activo y para la misma vía de administración.,2026-09-21T15:06:00.703918,L01BC05,
ES,Spain,AEMPS,"RELPAX 40 mg COMPRIMIDOS RECUBIERTOS CON PELICULA , 4 comprimidos",ELETRIPTAN HIDROBROMURO,,,954883,2026-08-18,2026-10-02,shortage,Problemas de suministro (con alternativa),Existe/n otro/s medicamento/s con el mismo principio activo y para la misma vía de administración.,2026-09-21T15:06:00.703930,N02CC05,60194
ES,Spain,AEMPS,"ARIPIPRAZOL TEVA-RATIOPHARM 5 MG COMPRIMIDOS EFG, 28 comprimidos",ARIPIPRAZOL,,,706008,2026-08-17,2027-01-29,shortage,Problemas de suministro (con alternativa),Existe/n otro/s medicamento/s con el mismo principio activo y para la misma vía de administración.,2026-09-21T15:06:00.703942,N05AX12,117633
ES,Spain,AEMPS,"BORTEZOMIB WAVERLEY 3,5 MG POLVO PARA SOLUCION INYECTABLE EFG, 1 vial",BORTEZOMIB,,,728321,2026-08-17,2027-07-28,shortage,Problemas de suministro (con alternativa),Existe/n otro/s medicamento/s con el mismo principio activo y para la misma vía de administración.,2026-09-21T15:06:00.703953,L01XG01,75299
ES,Spain,AEMPS,"DOCETAXEL HOSPIRA 10 mg/ml CONCENTRADO PARA SOLUCION PARA PERFUSION, 1 vial de 16 ml",DOCETAXEL,,,667214,2026-08-17,,shortage,Problemas de suministro (con alternativa),Existe/n otro/s medicamento/s con el mismo principio activo y para la misma vía de administración.,2026-09-21T15:06:00.703958,L01CD02,
ES,Spain,AEMPS,"FENTANILO MATRIX RATIOPHARM 25 microgramos/HORA  PARCHES TRANSDERMICOS EFG , 5 parches",FENTANILO,,,673080,2026-08-17,2026-09-28,shortage,Problemas de suministro (con alternativa),Existe/n otro/s medicamento/s con el mismo principio activo y para la misma vía de administración.,2026-09-21T15:06:00.703973,N01AH01,
ES,Spain,AEMPS,"OLMESARTAN/AMLODIPINO/HIDROCLOROTIAZIDA TEVA 40 MG/10 MG/25 MG COMPRIMIDOS RECUBIERTOS CON PELICULA EFG, 28 comprimidos","OLMESARTAN MEDOXOMILO, AMLODIPINO BESILATO, HIDROCLOROTIAZIDA",,,730302,2026-08-17,2026-09-25,shortage,Cese de comercialización temporal,Existe/n otro/s medicamento/s con los mismos principios activos y para la misma vía de administración.,2026-09-21T15:06:00.703985,,
ES,Spain,AEMPS,"OLMESARTAN/AMLODIPINO/HIDROCLOROTIAZIDA VISO FARMACEUTICA 40 MG/10 MG/12,5 MG COMPRIMIDOS RECUBIERTOS CON PELICULA EFG, 28 comprimidos","OLMESARTAN MEDOXOMILO, AMLODIPINO BESILATO, HIDROCLOROTIAZIDA",,,731384,2026-08-17,2026-11-30,shortage,Cese de comercialización temporal,Existe/n otro/s medicamento/s con los mismos principios activos y para la misma vía de administración.,2026-09-21T15:06:00.703996,,
ES,Spain,AEMPS,"OLMESARTAN/AMLODIPINO/HIDROCLOROTIAZIDA VISO FARMACEUTICA 40 MG/5 MG/25 MG COMPRIMIDOS RECUBIERTOS DE PELICULA EFG, 28 comprimidos","OLMESARTAN MEDOXOMILO, AMLODIPINO BESILATO, HIDROCLOROTIAZIDA",,,731387,2026-08-17,2026-10-01,shortage,Cese de comercialización temporal,Existe/n otro/s medicamento/s con los mismos principios activos y para la misma vía de administración.,2026-09-21T15:06:00.704007,,
ES,Spain,AEMPS,"OPTIRAY ULTRAJECT 350 mg/ml SOLUCION INYECTABLE , 1 jeringa precargada de 125 ml",IOVERSOL,,,660555,2026-08-17,2026-10-04,shortage,10,La AEMPS ha autorizado unidades por comercialización excepcional. en un idioma distinto al castellano,2026-09-21T15:06:00.704018,V08AB07,
ES,Spain,AEMPS,"APROXXAMLO 150 MG/10 MG COMPRIMIDOS RECUBIERTOS CON PELICULA, 30 comprimidos","IRBESARTAN, AMLODIPINO BESILATO",,,728829,2026-08-14,2026-09-23,shortage,Cese de comercialización temporal,Existe/n otro/s medicamento/s con los mismos principios activos y para la misma vía de administración.,2026-09-21T15:06:00.704029,,
ES,Spain,AEMPS,"FAMCICLOVIR NORMON 250 mg COMPRIMIDOS RECUBIERTOS CON PELICULA EFG, 21 comprimidos",FAMCICLOVIR,,,664947,2026-08-14,2026-10-07,shortage,Problemas de suministro (con alternativa),Existe/n otro/s medicamento/s con el mismo principio activo y para la misma vía de administración.,2026-09-21T15:06:00.704040,J05AB09,88153
ES,Spain,AEMPS,"TOPIRAMATO TEVA-RATIOPHARM 25 mg COMPRIMIDOS RECUBIERTOS CON PELICULA EFG, 28 comprimidos (blister)",TOPIRAMATO,,,724173,2026-08-14,2026-12-01,shortage,Problemas de suministro (con alternativa),Existe/n otro/s medicamento/s con el mismo principio activo y para la misma vía de administración.,2026-09-21T15:06:00.704052,N03AX11,45756
ES,Spain,AEMPS,"ESTRADOT 75 microgramos/24 HORAS, PARCHE TRANSDERMICO , 8 parches",ESTRADIOL HEMIHIDRATO,,,718346,2026-08-13,2026-09-30,shortage,Problemas de suministro (con alternativa),Existe/n otro/s medicamento/s con el mismo principio activo y para la misma vía de administración.,2026-09-21T15:06:00.704063,G03CA03,
ES,Spain,AEMPS,"OLANZAPINA VIATRIS 10 MG COMPRIMIDOS RECUBIERTOS CON PELICULA EFG, 56 comprimidos",OLANZAPINA,,,663622,2026-08-13,2027-06-07,shortage,Problemas de suministro (con alternativa),Existe/n otro/s medicamento/s con el mismo principio activo y para la misma vía de administración.,2026-09-21T15:06:00.704074,N05AH03,45578
ES,Spain,AEMPS,"PARACETAMOL  QUALIGEN 1g COMPRIMIDOS EFERVESCENTES EFG, 1 tubo de 20 comprimidos",PARACETAMOL,,,661219,2026-08-13,,shortage,Problemas de suministro (con alternativa),Existe/n otro/s medicamento/s con el mismo principio activo y para la misma vía de administración.,2026-09-21T15:06:00.704079,N02BE01,103551
ES,Spain,AEMPS,"PLANTABEN 3,5 g POLVO EFERVESCENTE , 30 sobres",PLANTAGO OVATA FORSKK. CASCARA,,,759621,2026-08-13,2026-12-15,shortage,Problemas de suministro (con alternativa),Existe/n otro/s medicamento/s con el mismo principio activo y para la misma vía de administración.,2026-09-21T15:06:00.704094,,
ES,Spain,AEMPS,"Ultibro Breezhaler 85mcg/43mcg polvo para inhalacion (capsula dura), envase 30 cápsulas + 1 INHALADOR","INDACATEROL MALEATO, GLICOPIRRONIO BROMURO",,,700048,2026-08-13,2026-10-15,shortage,12,El Titular de Autorización de Comercialización está realizando una distribución controlada a hospitales,2026-09-21T15:06:00.704105,,
ES,Spain,AEMPS,"ELTROMBOPAG DR. REDDYS 25 MG COMPRIMIDOS RECUBIERTOS CON PELÍCULA EFG, 28 comprimidos",ELTROMBOPAG OLAMINA,,,767044,2026-08-12,2026-10-15,shortage,Problemas de suministro (con alternativa),Existe/n otro/s medicamento/s con el mismo principio activo y para la misma vía de administración.,2026-09-21T15:06:00.704116,B02BX03,
ES,Spain,AEMPS,"IMATINIB TEVA 100 MG COMPRIMIDOS RECUBIERTOS CON PELICULA EFG, 60 comprimidos",IMATINIB MESILATO,,,711117,2026-08-11,2026-11-11,shortage,10,La AEMPS ha autorizado unidades por comercialización excepcional. Se ha autorizado la comercialización de unidades acondicionadas en otro idioma.,2026-09-21T15:06:00.704127,L01EA01,71293
ES,Spain,AEMPS,"ACIDO TRANEXAMICO ZENTIVA 500 mg COMPRIMIDOS RECUBIERTOS CON PELICULA EFG, 30 comprimidos",TRANEXAMICO ACIDO,,,710437,2026-08-10,,shortage,Problemas de suministro (con alternativa),Existe/n otro/s medicamento/s con el mismo principio activo y para la misma vía de administración.,2026-09-21T15:06:00.704133,B02AA02,4626
ES,Spain,AEMPS,"CONFEROPORT 3 MG CAPSULAS DURAS DE LIBERACION PROLONGADA EFG, 30 cápsulas",TACROLIMUS MONOHIDRATO,,,727327,2026-08-10,2026-10-06,shortage,Problemas de suministro (con alternativa),Existe/n otro/s medicamento/s con el mismo principio activo y para la misma vía de administración.,2026-09-21T15:06:00.704144,L04AD02,96164
ES,Spain,AEMPS,"LACOSAMIDA NORMON 200 MG COMPRIMIDOS RECUBIERTOS CON PELICULA EFG, 56 comprimidos (Blister Al/PVC)",LACOSAMIDA,,,720961,2026-08-10,2026-10-07,shortage,Problemas de suministro (con alternativa),Existe/n otro/s medicamento/s con el mismo principio activo y para la misma vía de administración.,2026-09-21T15:06:00.704155,N03AX18,217808
ES,Spain,AEMPS,"TIRBAS 500 mg COMPRIMIDOS RECUBIERTOS CON PELICULA EFG, 100 comprimidos",LEVETIRACETAM,,,763095,2026-08-10,2026-10-31,shortage,Problemas de suministro (con alternativa),Existe/n otro/s medicamento/s con el mismo principio activo y para la misma vía de administración.,2026-09-21T15:06:00.704166,N03AX14,58394
ES,Spain,AEMPS,"DOMPERIDONA GAMIR 10 mg, CÁPSULAS DURAS, 30 cápsulas",DOMPERIDONA,,,970640,2026-08-09,,shortage,Problemas de suministro (con alternativa),Existe/n otro/s medicamento/s con el mismo principio activo y para la misma vía de administración.,2026-09-21T15:06:00.704171,A03FA03,
ES,Spain,AEMPS,"TOBREX UNGÜENTO OFTÁLMICO 3 MG/G POMADA OFTÁLMICA , 1 tubo de 3,5 g",TOBRAMICINA,,,653544,2026-08-07,2026-12-28,shortage,Otros problemas de suministro,El médico prescriptor deberá determinar la posibilidad de utilizar otros tratamientos comercializados.,2026-09-21T15:06:00.704183,J01GB13,
ES,Spain,AEMPS,"DEFERASIROX AUROVITAS 360 MG COMPRIMIDOS RECUBIERTOS CON PELICULA EFG, 30 comprimidos",DEFERASIROX,,,731832,2026-08-06,2026-10-05,shortage,Problemas de suministro (con alternativa),Existe/n otro/s medicamento/s con el mismo principio activo y para la misma vía de administración.,2026-09-21T15:06:00.704194,V03AC03,137200
ES,Spain,AEMPS,"IRUXOL NEO POMADA, 1 tubo de 30 g","CLOSTRIDIOPEPTIDASA, NEOMICINA SULFATO",,,993097,2026-08-06,,shortage,Otros problemas de suministro,El médico prescriptor deberá determinar la posibilidad de utilizar otros tratamientos comercializados.,2026-09-21T15:06:00.704199,,
ES,Spain,AEMPS,"LANSOPRAZOL FLAS VIATRIS 15 MG COMPRIMIDOS BUCODISPERSABLES EFG, 28 comprimidos",LANSOPRAZOL,,,695153,2026-08-06,2027-01-22,shortage,Problemas de suministro (con alternativa),Existe/n otro/s medicamento/s con el mismo principio activo y para la misma vía de administración.,2026-09-21T15:06:00.704211,A02BC03,
ES,Spain,AEMPS,"OLMESARTAN VIATRIS 10 MG COMPRIMIDOS RECUBIERTOS CON PELICULA EFG, 28 comprimidos",OLMESARTAN MEDOXOMILO,,,706748,2026-08-06,2026-09-25,shortage,Problemas de suministro (con alternativa),Existe/n otro/s medicamento/s con el mismo principio activo y para la misma vía de administración.,2026-09-21T15:06:00.704223,C09CA08,
ES,Spain,AEMPS,"OLMESARTAN/AMLODIPINO/HIDROCLOROTIAZIDA PENSA 40 MG/10 MG/25 MG COMPRIMIDOS RECUBIERTOS CON PELICULA EFG, 28 comprimidos","OLMESARTAN MEDOXOMILO, AMLODIPINO BESILATO, HIDROCLOROTIAZIDA",,,727833,2026-08-06,,shortage,Cese de comercialización temporal,Existe/n otro/s medicamento/s con los mismos principios activos y para la misma vía de administración.,2026-09-21T15:06:00.704229,,
ES,Spain,AEMPS,"BIJUVA 1 MG/100 MG CAPSULAS BLANDAS, 28 cápsulas","ESTRADIOL, PROGESTERONA",,,731078,2026-08-05,2026-11-30,shortage,Otros problemas de suministro,El médico prescriptor deberá determinar la posibilidad de utilizar otros tratamientos comercializados.,2026-09-21T15:06:00.704240,,
ES,Spain,AEMPS,"CARDYL 40 mg COMPRIMIDOS RECUBIERTOS CON PELICULA, 500 comprimidos",ATORVASTATINA CALCICA TRIHIDRATO,,,615435,2026-08-05,2027-01-25,shortage,Problemas de suministro (con alternativa),Existe/n otro/s medicamento/s con el mismo principio activo y para la misma vía de administración.,2026-09-21T15:06:00.704252,C10AA05,98620
ES,Spain,AEMPS,"CIQORIN 50 MG CAPSULAS BLANDAS EFG , 30 cápsulas",CICLOSPORINA,,,701005,2026-08-05,2026-11-11,shortage,12,El Titular de Autorización de Comercialización está realizando una distribución controlada a hospitales,2026-09-21T15:06:00.704263,L04AD01,
ES,Spain,AEMPS,"ESCITALOPRAM VISO FARMACEUTICA 20 MG COMPRIMIDOS RECUBIERTOS CON PELICULA EFG , 28 comprimidos (Al/Al)",ESCITALOPRAM OXALATO,,,686858,2026-08-05,2026-11-30,shortage,Problemas de suministro (con alternativa),Existe/n otro/s medicamento/s con el mismo principio activo y para la misma vía de administración.,2026-09-21T15:06:00.704274,N06AB10,74977
ES,Spain,AEMPS,"GABAPENTINA VISO FARMACEUTICA 800 MG COMPRIMIDOS RECUBIERTOS CON PELICULA EFG, 90 comprimidos",GABAPENTINA,,,718953,2026-08-05,2026-11-30,shortage,Problemas de suministro (con alternativa),Existe/n otro/s medicamento/s con el mismo principio activo y para la misma vía de administración.,2026-09-21T15:06:00.704285,N02BF01,57568
ES,Spain,AEMPS,"NORVAS 5 mg COMPRIMIDOS, 30 comprimidos",AMLODIPINO BESILATO,,,879411,2026-08-05,2026-10-16,shortage,Problemas de suministro (con alternativa),Existe/n otro/s medicamento/s con el mismo principio activo y para la misma vía de administración.,2026-09-21T15:06:00.704297,C08CA01,123315
ES,Spain,AEMPS,"OLMESARTAN/AMLODIPINO/HIDROCLOROTIAZIDA PENSA 20 MG/5 MG/12,5 MG COMPRIMIDOS RECUBIERTOS CON PELICULA EFG, 28 comprimidos","OLMESARTAN MEDOXOMILO, AMLODIPINO BESILATO, HIDROCLOROTIAZIDA",,,727831,2026-08-05,,shortage,Cese de comercialización temporal,Existe/n otro/s medicamento/s con los mismos principios activos y para la misma vía de administración.,2026-09-21T15:06:00.704302,,
ES,Spain,AEMPS,"PEMETREXED WAVERLEY 100 MG POLVO PARA CONCENTRADO PARA SOLUCION PARA PERFUSION EFG, 1 vial",PEMETREXED,,,728328,2026-08-05,2027-07-28,shortage,Problemas de suministro (con alternativa),Existe/n otro/s medicamento/s con el mismo principio activo y para la misma vía de administración.,2026-09-21T15:06:00.704314,L01BA04,138061
ES,Spain,AEMPS,"PEMETREXED WAVERLEY 500 MG POLVO PARA CONCENTRADO PARA SOLUCION PARA PERFUSIO EFG, 1 vial",PEMETREXED,,,728341,2026-08-05,2027-07-28,shortage,Problemas de suministro (con alternativa),Existe/n otro/s medicamento/s con el mismo principio activo y para la misma vía de administración.,2026-09-21T15:06:00.704325,L01BA04,138088
ES,Spain,AEMPS,"PRAVASTATINA VIATRIS 40 MG COMPRIMIDOS EFG, 28 comprimidos",PRAVASTATINA SODICA,,,678591,2026-08-05,2026-10-07,shortage,Problemas de suministro (con alternativa),Existe/n otro/s medicamento/s con el mismo principio activo y para la misma vía de administración.,2026-09-21T15:06:00.704339,C10AA04,
ES,Spain,AEMPS,"ACIDO ALENDRONICO SEMANAL PENSA 70 MG COMPRIMIDOS RECUBIERTOS CON PELICULA EFG, 4 comprimidos",ALENDRONATO SODIO TRIHIDRATO,,,696661,2026-08-04,,shortage,Problemas de suministro (con alternativa),Existe/n otro/s medicamento/s con el mismo principio activo y para la misma vía de administración.,2026-09-21T15:06:00.704344,M05BA04,122416
ES,Spain,AEMPS,ADEMPAS 1 mg comprimidos recubiertos con pelicula 42 comprimidos,RIOCIGUAT,,,702386,2026-08-04,2026-09-28,shortage,Problemas de suministro (con alternativa),Existe/n otro/s medicamento/s con el mismo principio activo y para la misma vía de administración.,2026-09-21T15:06:00.704356,C02KX05,124672
ES,Spain,AEMPS,ADEMPAS 2 mg comprimidos recubiertos con pelicula 42 comprimidos,RIOCIGUAT,,,702389,2026-08-04,2026-09-28,shortage,Problemas de suministro (con alternativa),Existe/n otro/s medicamento/s con el mismo principio activo y para la misma vía de administración.,2026-09-21T15:06:00.704367,C02KX05,124680
ES,Spain,AEMPS,"ATOMOXETINA CINFA 10 MG CAPSULAS DURAS EFG, 28 cápsulas (Blister PVC/PE/PCTFE-Al)",ATOMOXETINA HIDROCLORURO,,,719099,2026-08-04,2026-09-25,shortage,Problemas de suministro (con alternativa),Existe/n otro/s medicamento/s con el mismo principio activo y para la misma vía de administración. Se encuentran disponibles unidades de Atomoxetina Tarbis 10 mg 28 cápsulas.,2026-09-21T15:06:00.704379,N06BA09,76708
ES,Spain,AEMPS,"LENALIDOMIDA ACCORD 20 MG CAPSULAS DURAS EFG, 21 cápsulas",LENALIDOMIDA,,,729828,2026-08-04,2026-10-15,shortage,Problemas de suministro (con alternativa),Existe/n otro/s medicamento/s con el mismo principio activo y para la misma vía de administración.,2026-09-21T15:06:00.704390,L04AX04,125741
ES,Spain,AEMPS,"UZPRUVO 130 MG CONCENTRADO PARA SOLUCION PARA PERFUSION, 1 vial de 26 ml",USTEKINUMAB,,,767048,2026-08-04,2026-10-31,shortage,Problemas de suministro (con alternativa),Existe/n otro/s medicamento/s con el mismo principio activo y para la misma vía de administración.,2026-09-21T15:06:00.704402,L04AC05,138274
ES,Spain,AEMPS,"ACECLOFENACO STADA  100 MG COMPRIMIDOS RECUBIERTOS CON PELICULA EFG , 20 comprimidos",ACECLOFENACO,,,706012,2026-08-03,2027-01-31,shortage,Problemas de suministro (con alternativa),Existe/n otro/s medicamento/s con el mismo principio activo y para la misma vía de administración.,2026-09-21T15:06:00.704413,M01AX05,78964
ES,Spain,AEMPS,"MYALEPTA 11,3 MG POLVO PARA SOLUCION INYECTABLE, 30 viales",METRELEPTINA,,,723437,2026-08-03,2027-05-27,shortage,10,La AEMPS ha autorizado unidades por comercialización excepcional. acondicionadas en un idioma distinto al castellano.,2026-09-21T15:06:00.704424,A16AA07,216690
ES,Spain,AEMPS,"MYALEPTA 3 MG POLVO PARA SOLUCION INYECTABLE, 30 viales",METRELEPTINA,,,723921,2026-08-03,2026-11-30,shortage,10,La AEMPS ha autorizado unidades por comercialización excepcional. en un idioma distinto al castellano.,2026-09-21T15:06:00.704435,A16AA07,216666
ES,Spain,AEMPS,"MYALEPTA 5,8 MG POLVO PARA SOLUCION INYECTABLE 30 viales",METRELEPTINA,,,723922,2026-08-03,2027-05-27,shortage,10,La AEMPS ha autorizado unidades por comercialización excepcional. acondicionadas en un idioma distinto al castellano.,2026-09-21T15:06:00.704446,A16AA07,216712
ES,Spain,AEMPS,"NEVIRAPINA KERN PHARMA 200 mg COMPRIMIDOS EFG, 60 comprimidos",NEVIRAPINA,,,681336,2026-08-03,2026-11-02,shortage,Problemas de suministro (con alternativa),Existe/n otro/s medicamento/s con el mismo principio activo y para la misma vía de administración.,2026-09-21T15:06:00.704457,J05AF01,
ES,Spain,AEMPS,"OTULFI 90 MG SOLUCION INYECTABLE EN PLUMA PRECARGADA, 1 pluma precargada de 1 ml",USTEKINUMAB,,,770089,2026-08-03,2026-10-01,shortage,Problemas de suministro (con alternativa),Existe/n otro/s medicamento/s con el mismo principio activo y para la misma vía de administración. Además la Agencia ha autorizado la comercialización excepcional de unidades acondicionadas en un idioma distinto al castellano.,2026-09-21T15:06:00.704468,L04AC05,223956
ES,Spain,AEMPS,"LENALIDOMIDA KERN PHARMA 2,5 MG CAPSULAS DURAS EFG, 21 cápsulas",LENALIDOMIDA,,,729348,2026-08-01,,shortage,Problemas de suministro (con alternativa),Existe/n otro/s medicamento/s con el mismo principio activo y para la misma vía de administración.,2026-09-21T15:06:00.704474,L04AX04,113387
ES,Spain,AEMPS,"GASTROGRAFIN 370 MG IODO/ML SOLUCIÓN ORAL Y RECTAL , 1 frasco de 100 ml","AMIDOTRIZOATO SODIO, AMIDOTRIZOATO MEGLUMINA",,,909622,2026-07-31,,shortage,Problemas de suministro (con alternativa),Existe/n otro/s medicamento/s con el mismo principio activo y para la misma vía de administración.,2026-09-21T15:06:00.704480,,
ES,Spain,AEMPS,"IMUKIN 100 microgramos SOLUCION INYECTABLE , 1 vial de 0,5 ml",INTERFERON GAMMA-1B,,,696161,2026-07-31,,shortage,Otros problemas de suministro,El médico prescriptor deberá determinar la posibilidad de utilizar otros tratamientos comercializados.,2026-09-21T15:06:00.704486,L03AB03,
ES,Spain,AEMPS,"URSITAN 3 MG/ML COLIRIO EN SOLUCION EN ENVASES UNIDOSIS , 20 envases unidosis de 0,25 ml",TOBRAMICINA,,,698670,2026-07-31,2027-03-31,shortage,Problemas de suministro (con alternativa),Existe/n otro/s medicamento/s con el mismo principio activo y para la misma vía de administración.,2026-09-21T15:06:00.704500,J01GB13,
ES,Spain,AEMPS,"VALGANCICLOVIR CIPLA 450 MG COMPRIMIDOS RECUBIERTOS CON PELICULA EFG, 60 comprimidos (blister)",VALGANCICLOVIR HIDROCLORURO,,,719988,2026-07-31,2026-10-26,shortage,Problemas de suministro (con alternativa),Existe/n otro/s medicamento/s con el mismo principio activo y para la misma vía de administración.,2026-09-21T15:06:00.704512,J05AB14,
ES,Spain,AEMPS,"AFLUON 0,5 mg/ml COLIRIO EN SOLUCION, 1 frasco de 6 ml",AZELASTINA HIDROCLORURO,,,723692,2026-07-30,2026-10-27,shortage,Problemas de suministro (con alternativa),Existe/n otro/s medicamento/s con el mismo principio activo y para la misma vía de administración.,2026-09-21T15:06:00.704524,S01GX07,
ES,Spain,AEMPS,"BUSULFANO ASPEN 2 MG COMPRIMIDOS RECUBIERTOS CON PELICULA, 100 comprimidos",BUSULFANO,,,917575,2026-07-30,,shortage,"Problemas de suministro (sin alternativa, medicamento extranjero)",Se puede solicitar como medicamento extranjero.,2026-09-21T15:06:00.704530,L01AB01,1872
ES,Spain,AEMPS,"RISPERIDONA VIATRIS 1 MG/ML SOLUCION ORAL EFG, 1 frasco de 100 ml",RISPERIDONA,,,660432,2026-07-30,2026-11-06,shortage,Problemas de suministro (con alternativa),Existe/n otro/s medicamento/s con el mismo principio activo y para la misma vía de administración.,2026-09-21T15:06:00.704541,N05AX08,44016
ES,Spain,AEMPS,"ROSUVASTATINA VIATRIS 10 MG COMPRIMIDOS RECUBIERTOS CON PELICULA EFG, 28 comprimidos",ROSUVASTATINA  CALCICA,,,698479,2026-07-30,2026-10-08,shortage,Problemas de suministro (con alternativa),Existe/n otro/s medicamento/s con el mismo principio activo y para la misma vía de administración.,2026-09-21T15:06:00.704552,C10AA07,201049
ES,Spain,AEMPS,"ROSUVASTATINA VIATRIS 20 MG COMPRIMIDOS RECUBIERTOS CON PELICULA EFG, 28 comprimidos",ROSUVASTATINA  CALCICA,,,698494,2026-07-30,2026-12-23,shortage,Problemas de suministro (con alternativa),Existe/n otro/s medicamento/s con el mismo principio activo y para la misma vía de administración.,2026-09-21T15:06:00.704563,C10AA07,201057
ES,Spain,AEMPS,"ROSUVASTATINA/EZETIMIBA CINFAMED 20 MG/10 MG CAPSULAS DURAS, 30 cápsulas","ROSUVASTATINA  CALCICA, EZETIMIBA",,,765695,2026-07-30,2026-10-30,shortage,Cese de comercialización temporal,Existe/n otro/s medicamento/s con los mismos principios activos y para la misma vía de administración.,2026-09-21T15:06:00.704574,,
ES,Spain,AEMPS,"SIRDALUD 4 mg COMPRIMIDOS, 30 comprimidos",TIZANIDINA HIDROCLORURO,,,989145,2026-07-30,2026-09-30,shortage,Problemas de suministro (con alternativa),Existe/n otro/s medicamento/s con el mismo principio activo y para la misma vía de administración.,2026-09-21T15:06:00.704587,M03BX02,23000
ES,Spain,AEMPS,"SUMATRIPTAN VIATRIS 50 MG COMPRIMIDOS RECUBIERTOS CON PELICULA EFG, 4 comprimidos",SUMATRIPTAN SUCCINATO,,,670482,2026-07-30,2027-05-07,shortage,Problemas de suministro (con alternativa),Existe/n otro/s medicamento/s con el mismo principio activo y para la misma vía de administración.,2026-09-21T15:06:00.704598,N02CC01,41378
ES,Spain,AEMPS,"TAPENTADOL RETARD STADA 150 MG COMPRIMIDOS DE LIBERACION PROLONGADA EFG, 60 comprimidos",TAPENTADOL FOSFATO,,,759241,2026-07-30,2026-09-30,shortage,Problemas de suministro (con alternativa),Existe/n otro/s medicamento/s con el mismo principio activo y para la misma vía de administración.,2026-09-21T15:06:00.704609,N02AX06,222755
ES,Spain,AEMPS,"TELMISARTAN KERN PHARMA 40 MG COMPRIMIDOS EFG , 28 comprimidos",TELMISARTAN,,,699053,2026-07-30,2026-12-10,shortage,Problemas de suministro (con alternativa),Existe/n otro/s medicamento/s con el mismo principio activo y para la misma vía de administración.,2026-09-21T15:06:00.704620,C09CA07,50644
ES,Spain,AEMPS,"BISOPROLOL KERN PHARMA 5 MG COMPRIMIDOS EFG, 60 comprimidos (Blister PVC/PVDC/Al)",BISOPROLOL FUMARATO,,,716634,2026-07-29,2026-11-20,shortage,Problemas de suministro (con alternativa),Existe/n otro/s medicamento/s con el mismo principio activo y para la misma vía de administración.,2026-09-21T15:06:00.704631,C07AB07,25534
ES,Spain,AEMPS,"CEFIXIMA SANDOZ 400 MG COMPRIMIDOS RECUBIERTOS CON PELÍCULA EFG, 10 comprimidos",CEFIXIMA TRIHIDRATO,,,767714,2026-07-29,,shortage,Problemas de suministro (con alternativa),Existe/n otro/s medicamento/s con el mismo principio activo y para la misma vía de administración.,2026-09-21T15:06:00.704636,J01DD08,215635
ES,Spain,AEMPS,"CITALOPRAM VIATRIS 20 MG COMPRIMIDOS RECUBIERTOS CON PELICULA EFG, 56 comprimidos",CITALOPRAM HIDROBROMURO,,,830927,2026-07-29,2027-05-10,shortage,Problemas de suministro (con alternativa),Existe/n otro/s medicamento/s con el mismo principio activo y para la misma vía de administración.,2026-09-21T15:06:00.704648,N06AB04,44083
ES,Spain,AEMPS,"DICLOFENACO NORMON 50 mg COMPRIMIDOS GASTRORRESISTENTES  EFG , 500 comprimidos",DICLOFENACO SODICO,,,603548,2026-07-29,2027-01-20,shortage,Problemas de suministro (con alternativa),Existe/n otro/s medicamento/s con el mismo principio activo y para la misma vía de administración.,2026-09-21T15:06:00.704659,M01AB05,
ES,Spain,AEMPS,"FLUCONAZOL KABI 2 MG/ML SOLUCION PARA PERFUSION EFG , 25 frascos de 200 ml",FLUCONAZOL,,,606352,2026-07-29,,shortage,Problemas de suministro (con alternativa),Existe/n otro/s medicamento/s con el mismo principio activo y para la misma vía de administración.,2026-09-21T15:06:00.704665,J02AC01,47171
ES,Spain,AEMPS,"RIFALDIN 20 mg/ml SUSPENSION ORAL , 1 frasco de 120 ml",RIFAMPICINA,,,817866,2026-07-29,2026-10-15,shortage,"Problemas de suministro (sin alternativa, medicamento extranjero)",Se puede solicitar como medicamento extranjero.,2026-09-21T15:06:00.704676,J04AB02,7072
ES,Spain,AEMPS,"TRABECTEDINA TEVA 1 MG POLVO PARA CONCENTRADO PARA SOLUCION PARA PERFUSION EFG, 1 vial",TRABECTEDINA,,,735817,2026-07-29,,shortage,10,La AEMPS ha autorizado unidades por comercialización excepcional. acondicionadas en un idioma distinto al castellano para concursos adjudicados.,2026-09-21T15:06:00.704681,L01CX01,107662
ES,Spain,AEMPS,"OLMESARTAN/AMLODIPINO/HIDROCLOROTIAZIDA VISO FARMACEUTICA 40 MG/5 MG/12,5 MG COMPRIMIDOS RECUBIERTOS CON PELICULA EFG, 28 comprimidos","OLMESARTAN MEDOXOMILO, AMLODIPINO BESILATO, HIDROCLOROTIAZIDA",,,731386,2026-07-28,2026-11-30,shortage,Cese de comercialización temporal,Existe/n otro/s medicamento/s con los mismos principios activos y para la misma vía de administración.,2026-09-21T15:06:00.704692,,
ES,Spain,AEMPS,"QUETIAPINA KERN PHARMA 50 MG COMPRIMIDOS DE LIBERACION PROLONGADA EFG , 60 comprimidos (Blister PVC/PVDC-ALUMINIO)",QUETIAPINA HEMIFUMARATO,,,700474,2026-07-28,2026-10-30,shortage,Problemas de suministro (con alternativa),Existe/n otro/s medicamento/s con el mismo principio activo y para la misma vía de administración.,2026-09-21T15:06:00.704703,N05AH04,84182
ES,Spain,AEMPS,"ACOXXEL 60 mg COMPRIMIDOS RECUBIERTOS CON PELICULA, 28 comprimidos",ETORICOXIB,,,664160,2026-07-27,2026-09-25,shortage,Problemas de suministro (con alternativa),Existe/n otro/s medicamento/s con el mismo principio activo y para la misma vía de administración.,2026-09-21T15:06:00.704715,M01AH05,66745
ES,Spain,AEMPS,"BISOPROLOL NORMON 5 mg COMPRIMIDOS RECUBIERTOS CON PELICULA EFG, 60 comprimidos",BISOPROLOL HEMIFUMARATO,,,865089,2026-07-27,2026-10-02,shortage,Problemas de suministro (con alternativa),Existe/n otro/s medicamento/s con el mismo principio activo y para la misma vía de administración.,2026-09-21T15:06:00.704726,C07AB07,25534
ES,Spain,AEMPS,"LEVOFLOXACINO ALMUS 500 MG COMPRIMIDOS RECUBIERTOS CON PELICULA EFG, 7 comprimidos",LEVOFLOXACINO HEMIHIDRATO,,,696590,2026-07-27,2026-12-21,shortage,Problemas de suministro (con alternativa),Existe/n otro/s medicamento/s con el mismo principio activo y para la misma vía de administración.,2026-09-21T15:06:00.704737,J01MA12,48763
ES,Spain,AEMPS,"TOPIRAMATO VIATRIS 25 MG COMPRIMIDOS RECUBIERTOS CON PELÍCULA EFG, 60 comprimidos",TOPIRAMATO,,,659430,2026-07-27,2027-05-07,shortage,Problemas de suministro (con alternativa),Existe/n otro/s medicamento/s con el mismo principio activo y para la misma vía de administración.,2026-09-21T15:06:00.704748,N03AX11,45756
ES,Spain,AEMPS,CEFTAZIDIMA SALA 1.000 mg POLVO PARA SOLUCION INYECTABLE EFG 50 viales,CEFTAZIDIMA PENTAHIDRATO,,,600637,2026-07-26,2026-11-09,shortage,Problemas de suministro (con alternativa),Existe/n otro/s medicamento/s con el mismo principio activo y para la misma vía de administración.,2026-09-21T15:06:00.704759,J01DD01,
ES,Spain,AEMPS,"EBASTINA AUROVITAS 10 MG COMPRIMIDOS BUCODISPERSABLES EFG, 20 comprimidos",EBASTINA,,,726101,2026-07-26,2026-10-30,shortage,Problemas de suministro (con alternativa),Existe/n otro/s medicamento/s con el mismo principio activo y para la misma vía de administración.,2026-09-21T15:06:00.704770,R06AX22,103594
ES,Spain,AEMPS,"EBASTINA AUROVITAS 20 MG COMPRIMIDOS BUCODISPERSABLES EFG, 20 comprimidos",EBASTINA,,,726096,2026-07-26,2026-10-30,shortage,Problemas de suministro (con alternativa),Existe/n otro/s medicamento/s con el mismo principio activo y para la misma vía de administración.,2026-09-21T15:06:00.704781,R06AX22,
ES,Spain,AEMPS,"NORFLOXACINO PENSA 400 mg COMPRIMIDOS RECUBIERTOS CON PELICULA EFG, 14 comprimidos",NORFLOXACINO,,,658779,2026-07-26,,shortage,Problemas de suministro (con alternativa),Existe/n otro/s medicamento/s con el mismo principio activo y para la misma vía de administración.,2026-09-21T15:06:00.704787,J01MA06,22101
ES,Spain,AEMPS,"OLMESARTAN/AMLODIPINO/HIDROCLOROTIAZIDA STADA 40 MG/10 MG/25 MG COMPRIMIDOS RECUBIERTOS CON PELICULA EFG, 28 comprimidos","OLMESARTAN MEDOXOMILO, AMLODIPINO BESILATO, HIDROCLOROTIAZIDA",,,728464,2026-07-26,2026-10-05,shortage,Cese de comercialización temporal,Existe/n otro/s medicamento/s con los mismos principios activos y para la misma vía de administración.,2026-09-21T15:06:00.704798,,
ES,Spain,AEMPS,"OLMESARTAN/AMLODIPINO/HIDROCLOROTIAZIDA STADA 40 MG/5 MG/12,5 MG COMPRIMIDOS RECUBIERTOS CON PELICULA EFG, 28 comprimidos","OLMESARTAN MEDOXOMILO, AMLODIPINO BESILATO, HIDROCLOROTIAZIDA",,,728463,2026-07-26,,shortage,Cese de comercialización temporal,Existe/n otro/s medicamento/s con los mismos principios activos y para la misma vía de administración.,2026-09-21T15:06:00.704803,,
ES,Spain,AEMPS,ATAMAX 100 MG CAPSULAS DURAS EFG 28 cápsulas,ATOMOXETINA HIDROCLORURO,,,718822,2026-07-24,2026-12-30,shortage,Problemas de suministro (con alternativa),Existe/n otro/s medicamento/s con el mismo principio activo y para la misma vía de administración.,2026-09-21T15:06:00.704815,N06BA09,105309
ES,Spain,AEMPS,"ATOMOXETINA CINFA 40 MG CAPSULAS DURAS EFG, 28 cápsulas (Blister PVC/PE/PCTFE-Al)",ATOMOXETINA HIDROCLORURO,,,719111,2026-07-24,2026-12-30,shortage,Problemas de suministro (con alternativa),Existe/n otro/s medicamento/s con el mismo principio activo y para la misma vía de administración. Está disponible Atomoxetina Tarbis 40 mg 28 capsulas,2026-09-21T15:06:00.704827,N06BA09,76732
ES,Spain,AEMPS,"CEFOTAXIMA SALA 2 G POLVO PARA SOLUCION INYECTABLE Y PARA PERFUSIÓN EFG, 50 viales",CEFOTAXIMA SODICA,,,620039,2026-07-24,2030-11-22,shortage,Problemas de suministro (con alternativa),Existe/n otro/s medicamento/s con el mismo principio activo y para la misma vía de administración.,2026-09-21T15:06:00.704838,J01DD01,
ES,Spain,AEMPS,"CEFUROXIMA SALA 750 mg POLVO  PARA SOLUCION INYECTABLE EFG, 100 viales",CEFUROXIMA SODICA,,,625889,2026-07-24,2026-09-30,shortage,Problemas de suministro (con alternativa),Existe/n otro/s medicamento/s con el mismo principio activo y para la misma vía de administración.,2026-09-21T15:06:00.704850,J01DC02,8192
ES,Spain,AEMPS,"LOQTORZI 240 MG CONCENTRADO PARA SOLUCION PARA PERFUSION, 1 vial de 6 ml",TORIPALIMAB,,,769235,2026-07-24,2026-10-22,shortage,10,La AEMPS ha autorizado unidades por comercialización excepcional. en un idioma distinto al castellano.,2026-09-21T15:06:00.704861,L01FF13,
ES,Spain,AEMPS,"RISPERIDONA VIATRIS 1 MG COMPRIMIDOS RECUBIERTOS CON PELICULA EFG, 60 comprimidos",RISPERIDONA,,,667258,2026-07-24,2027-05-07,shortage,Problemas de suministro (con alternativa),Existe/n otro/s medicamento/s con el mismo principio activo y para la misma vía de administración.,2026-09-21T15:06:00.704872,N05AX08,37710
ES,Spain,AEMPS,"RISPERIDONA VIATRIS 4 MG COMPRIMIDOS RECUBIERTOS CON PELICULA EFG, 56 comprimidos",RISPERIDONA,,,693472,2026-07-24,2027-05-07,shortage,Problemas de suministro (con alternativa),Existe/n otro/s medicamento/s con el mismo principio activo y para la misma vía de administración.,2026-09-21T15:06:00.704884,N05AX08,37745
ES,Spain,AEMPS,"SUMIAL 40 mg COMPRIMIDOS RECUBIERTOS CON PELICULA , 50 comprimidos",PROPRANOLOL HIDROCLORURO,,,654757,2026-07-24,,shortage,Problemas de suministro (con alternativa),Existe/n otro/s medicamento/s con el mismo principio activo y para la misma vía de administración.,2026-09-21T15:06:00.704889,C07AA05,5711
ES,Spain,AEMPS,"CIPROFLOXACINO KABI 2 MG/ML SOLUCION PARA PERFUSION EFG, 20 x 200 ml",CIPROFLOXACINO,,,605787,2026-07-23,2026-09-30,shortage,Problemas de suministro (con alternativa),Existe/n otro/s medicamento/s con el mismo principio activo y para la misma vía de administración.,2026-09-21T15:06:00.704900,J01MA02,138215
ES,Spain,AEMPS,"FLEXRESAN 20 mg CAPSULAS BLANDAS , 50 cápsulas",ISOTRETINOINA,,,734764,2026-07-23,2027-01-31,shortage,Problemas de suministro (con alternativa),Existe/n otro/s medicamento/s con el mismo principio activo y para la misma vía de administración.,2026-09-21T15:06:00.704915,D10BA01,69507
ES,Spain,AEMPS,"HUMATROPE 12 mg POLVO Y DISOLVENTE PARA SOLUCION INYECTABLE, 1 cartucho + 1 jeringa precargada de disolvente",SOMATROPINA,,,690586,2026-07-23,,shortage,Problemas de suministro (con alternativa),Existe/n otro/s medicamento/s con el mismo principio activo y para la misma vía de administración. El médico prescriptor deberá de considerar la mejor alternativa en su lugar al ser un medicamento de uso hospitalario y biológico.,2026-09-21T15:06:00.704921,H01AC01,35122
ES,Spain,AEMPS,"SOLTRIM 160MG/ 800MG POLVO Y SOLUCION PARA SOLUCION INYECTABLE , 5 viales + 5 ampollas","TRIMETOPRIMA, SULFAMETOXAZOL",,,656754,2026-07-23,2026-10-31,shortage,"Problemas de suministro (sin alternativa, medicamento extranjero)",Se puede solicitar como medicamento extranjero.,2026-09-21T15:06:00.704932,,
ES,Spain,AEMPS,"CLOPIDOGREL ALTER 75 mg COMPRIMIDOS RECUBIERTOS CON PELICULA EFG, 84 comprimidos",CLOPIDOGREL,,,762663,2026-07-22,2026-11-02,shortage,Problemas de suministro (con alternativa),Existe/n otro/s medicamento/s con el mismo principio activo y para la misma vía de administración.,2026-09-21T15:06:00.704943,B01AC04,124559
ES,Spain,AEMPS,"DONEPEZILO VIATRIS 10 MG COMPRIMIDOS RECUBIERTOS CON PELICULA EFG, 28 comprimidos",DONEPEZILO HIDROCLORURO,,,662297,2026-07-22,2027-03-09,shortage,Problemas de suministro (con alternativa),Existe/n otro/s medicamento/s con el mismo principio activo y para la misma vía de administración.,2026-09-21T15:06:00.704954,N06DA02,106550
ES,Spain,AEMPS,"FIBRYGA 1 G POLVO Y DISOLVENTE PARA SOLUCION INYECTABLE Y PARA PERFUSION, 1 vial (polvo) + 1 vial de disolvente + 1 Dispositivo de transferencia + 1 Filtro",FIBRINOGENO HUMANO,,,729078,2026-07-22,2027-01-01,shortage,12,El Titular de Autorización de Comercialización está realizando una distribución controlada a hospitales,2026-09-21T15:06:00.704965,B02BC01,
ES,Spain,AEMPS,"IMIGRAN 6 mg solución inyectable , 2 jeringas precargadas de 0,5 ml",SUMATRIPTAN SUCCINATO,,,708230,2026-07-22,2026-10-06,shortage,Problemas de suministro (con alternativa),Existe/n otro/s medicamento/s con el mismo principio activo y para la misma vía de administración.,2026-09-21T15:06:00.704976,N02CC01,38210
ES,Spain,AEMPS,"LEVOFLOXACINO ALMUS 500 MG COMPRIMIDOS RECUBIERTOS CON PELICULA EFG, 14 comprimidos",LEVOFLOXACINO HEMIHIDRATO,,,696592,2026-07-22,2026-12-14,shortage,Problemas de suministro (con alternativa),Existe/n otro/s medicamento/s con el mismo principio activo y para la misma vía de administración.,2026-09-21T15:06:00.704987,J01MA12,48763
ES,Spain,AEMPS,"METHOFILL PEN 7,5 MG/0,15 ML SOLUCION INYECTABLE EN PLUMA PRECARGADA EFG, 4 plumas precargadas",METOTREXATO,,,729546,2026-07-22,2026-10-30,shortage,Problemas de suministro (con alternativa),Existe/n otro/s medicamento/s con el mismo principio activo y para la misma vía de administración.,2026-09-21T15:06:00.704998,L01BA01,
ES,Spain,AEMPS,"PROLUTEX 25 MG SOLUCION INYECTABLE EN JERINGA PRECARGADA, 14 jeringas precargadas",PROGESTERONA,,,763453,2026-07-22,2026-09-22,shortage,Problemas de suministro (con alternativa),Existe/n otro/s medicamento/s con el mismo principio activo y para la misma vía de administración.,2026-09-21T15:06:00.705009,G03DA04,210595
ES,Spain,AEMPS,"RIZATRIPTAN VISO FARMACÉUTICA 10 MG COMPRIMIDOS EFG , 6 comprimidos",RIZATRIPTAN BENZOATO,,,692667,2026-07-22,2026-10-30,shortage,Problemas de suministro (con alternativa),Existe/n otro/s medicamento/s con el mismo principio activo y para la misma vía de administración.,2026-09-21T15:06:00.705021,N02CC04,50504
ES,Spain,AEMPS,"SYNALAR NASAL INFANTIL, 1 envase pulverizador de 15 ml","FENILEFRINA HIDROCLORURO, NEOMICINA SULFATO, FLUOCINOLONA ACETONIDO, POLIMIXINA B SULFATO",,,831115,2026-07-22,,shortage,Otros problemas de suministro,El médico prescriptor deberá determinar la posibilidad de utilizar otros tratamientos comercializados.,2026-09-21T15:06:00.705026,,
ES,Spain,AEMPS,"GALANTAMINA TEVA-RATIO 8 MG CAPSULAS DURAS  DE LIBERACION PROLONGADA EFG, 28 cápsulas",GALANTAMINA HIDROBROMURO,,,697877,2026-07-21,2026-10-26,shortage,Problemas de suministro (con alternativa),Existe/n otro/s medicamento/s con el mismo principio activo y para la misma vía de administración.,2026-09-21T15:06:00.705038,N06DA01,
ES,Spain,AEMPS,"RIZATRIPTAN VISO FARMACEUTICA 10 MG COMPRIMIDOS BUCODISPERSABLES EFG, 6 comprimidos",RIZATRIPTAN BENZOATO,,,692477,2026-07-21,2026-09-30,shortage,Problemas de suministro (con alternativa),Existe/n otro/s medicamento/s con el mismo principio activo y para la misma vía de administración.,2026-09-21T15:06:00.705048,N02CC04,50520
ES,Spain,AEMPS,"CALCITRIOL KERN PHARMA 1 microgramo/ml SOLUCION INYECTABLE EFG, 25 ampollas de 1 ml",CALCITRIOL,,,659270,2026-07-20,,shortage,"Problemas de suministro (sin alternativa, medicamento extranjero)",Se puede solicitar como medicamento extranjero.,2026-09-21T15:06:00.705054,A11CC04,
ES,Spain,AEMPS,"CARRELDON RETARD 240 mg COMPRIMIDOS DE LIBERACION PROLONGADA, 30 comprimidos",DILTIAZEM HIDROCLORURO,,,771055,2026-07-20,2026-10-30,shortage,Problemas de suministro (con alternativa),Existe/n otro/s medicamento/s con el mismo principio activo y para la misma vía de administración.,2026-09-21T15:06:00.705065,C08DB01,38156
ES,Spain,AEMPS,"GLICLAZIDA VIATRIS 30 MG COMPRIMIDOS DE LIBERACION MODIFICADA EFG, 60 comprimidos",GLICLAZIDA,,,660793,2026-07-20,2026-11-06,shortage,Problemas de suministro (con alternativa),Existe/n otro/s medicamento/s con el mismo principio activo y para la misma vía de administración.,2026-09-21T15:06:00.705076,A10BB09,61530
ES,Spain,AEMPS,"SCHOLMED 10 MG/G CREMA , 1 tubo de 15 g",TERBINAFINA HIDROCLORURO,,,659069,2026-07-20,2026-09-25,shortage,Problemas de suministro (con alternativa),Existe/n otro/s medicamento/s con el mismo principio activo y para la misma vía de administración.,2026-09-21T15:06:00.705087,D01BA02,
ES,Spain,AEMPS,"PROCAINA SERRA 10 mg/ml SOLUCION INYECTABLE, AMPOLLAS DE 10 ml, 1 ampolla de 10 ml",PROCAINA HIDROCLORURO,,,656666,2026-07-17,2026-10-31,shortage,Otros problemas de suministro,El médico prescriptor deberá determinar la posibilidad de utilizar otros tratamientos comercializados.,2026-09-21T15:06:00.705098,C05AD05,
ES,Spain,AEMPS,"PROCAINA SERRA 10 MG/ML SOLUCION INYECTABLE, 1 ampolla de 5 ml",PROCAINA HIDROCLORURO,,,656665,2026-07-17,2026-10-31,shortage,Otros problemas de suministro,El médico prescriptor deberá determinar la posibilidad de utilizar otros tratamientos comercializados.,2026-09-21T15:06:00.705109,C05AD05,
ES,Spain,AEMPS,"PROCAINA SERRA 10 MG/ML SOLUCION INYECTABLE, 100 ampollas de 5 ml",PROCAINA HIDROCLORURO,,,630764,2026-07-17,2026-10-31,shortage,Otros problemas de suministro,El médico prescriptor deberá determinar la posibilidad de utilizar otros tratamientos comercializados.,2026-09-21T15:06:00.705120,C05AD05,
ES,Spain,AEMPS,"SOLU-MODERIN 125 MG POLVO Y DISOLVENTE PARA SOLUCIÓN INYECTABLE , 50 viales + 50 ampollas de disolvente",METILPREDNISOLONA,,,608539,2026-07-17,2026-10-31,shortage,"Problemas de suministro (sin alternativa, medicamento extranjero)",Se puede solicitar como medicamento extranjero.,2026-09-21T15:06:00.705131,H02AB04,
ES,Spain,AEMPS,OMEPRAZOL ALTER 40 MG CAPSULAS DURAS GASTRORRESISTENTES 28 cápsulas (Blister PVC-PVDC/Al),OMEPRAZOL,,,712899,2026-07-16,2026-10-31,shortage,Problemas de suministro (con alternativa),Existe/n otro/s medicamento/s con el mismo principio activo y para la misma vía de administración.,2026-09-21T15:06:00.705142,A02BC01,60070
ES,Spain,AEMPS,"PREGABALINA ALTER 300 MG CAPSULAS DURAS EFG , 56 cápsulas",PREGABALINA,,,706368,2026-07-15,2026-12-31,shortage,Problemas de suministro (con alternativa),Existe/n otro/s medicamento/s con el mismo principio activo y para la misma vía de administración.,2026-09-21T15:06:00.705153,N02BF02,75736
ES,Spain,AEMPS,"PREGABALINA ALTER 75 MG CAPSULAS DURAS EFG , 56 cápsulas",PREGABALINA,,,706369,2026-07-15,2026-12-31,shortage,Problemas de suministro (con alternativa),Existe/n otro/s medicamento/s con el mismo principio activo y para la misma vía de administración.,2026-09-21T15:06:00.705164,N02BF02,75701
ES,Spain,AEMPS,"PROCAINA SERRA 20 MG/ML SOLUCION INYECTABLE, 1 ampolla de 10 ml",PROCAINA HIDROCLORURO,,,656668,2026-07-15,2026-10-01,shortage,Otros problemas de suministro,El médico prescriptor deberá determinar la posibilidad de utilizar otros tratamientos comercializados.,2026-09-21T15:06:00.705178,C05AD05,
ES,Spain,AEMPS,"PROCAINA SERRA 20 MG/ML SOLUCION INYECTABLE, 1 ampolla de 5 ml",PROCAINA HIDROCLORURO,,,656667,2026-07-15,2026-10-01,shortage,Otros problemas de suministro,El médico prescriptor deberá determinar la posibilidad de utilizar otros tratamientos comercializados.,2026-09-21T15:06:00.705190,C05AD05,
ES,Spain,AEMPS,"PROCAINA SERRA 20 MG/ML SOLUCION INYECTABLE, 100 ampollas de 5 ml",PROCAINA HIDROCLORURO,,,630806,2026-07-15,2026-10-01,shortage,Otros problemas de suministro,El médico prescriptor deberá determinar la posibilidad de utilizar otros tratamientos comercializados.,2026-09-21T15:06:00.705203,C05AD05,
ES,Spain,AEMPS,"QUETIAPINA ALTER 400 MG COMPRIMIDOS DE LIBERACION PROLONGADA EFG, 60 comprimidos",QUETIAPINA FUMARATO,,,723371,2026-07-15,2026-10-31,shortage,Problemas de suministro (con alternativa),Existe/n otro/s medicamento/s con el mismo principio activo y para la misma vía de administración.,2026-09-21T15:06:00.705215,N05AH04,84212
ES,Spain,AEMPS,"QUETIAPINA QUALIGEN FARMA 400 MG COMPRIMIDOS DE LIBERACION PROLONGADA EFG, 60 comprimidos",QUETIAPINA FUMARATO,,,725160,2026-07-15,2026-10-22,shortage,Problemas de suministro (con alternativa),Existe/n otro/s medicamento/s con el mismo principio activo y para la misma vía de administración.,2026-09-21T15:06:00.705227,N05AH04,84212
ES,Spain,AEMPS,"BIJUVA 1 MG/100 MG CAPSULAS BLANDAS, 84 cápsulas","ESTRADIOL, PROGESTERONA",,,731079,2026-07-14,2026-11-30,shortage,Otros problemas de suministro,El médico prescriptor deberá determinar la posibilidad de utilizar otros tratamientos comercializados.,2026-09-21T15:06:00.705242,,
ES,Spain,AEMPS,"DABIGATRAN ETEXILATO TEVA 110 MG CAPSULAS DURAS EFG, 10 cápsulas",DABIGATRAN ETEXILATO MESILATO,,,766106,2026-07-14,2026-10-12,shortage,Problemas de suministro (con alternativa),Existe/n otro/s medicamento/s con el mismo principio activo y para la misma vía de administración.,2026-09-21T15:06:00.705253,B01AE07,86991
ES,Spain,AEMPS,"DESVENLAFAXINA CINFA 100 MG COMPRIMIDOS DE LIBERACION PROLONGADA EFG, 28 comprimidos (PVC/PE/PVDC/Al)",DESVENLAFAXINA BENZOATO,,,734022,2026-07-14,2026-10-30,shortage,Problemas de suministro (con alternativa),Existe/n otro/s medicamento/s con el mismo principio activo y para la misma vía de administración.,2026-09-21T15:06:00.705264,N06AX16,
ES,Spain,AEMPS,"EVACUANTE LAINCO SIMPLE POLVO PARA SOLUCIÓN ORAL, 150 sobres de 71 g","POLIETILENGLICOL 4000, POLIETILENGLICOL 4000, POLIETILENGLICOL 4000, SODIO CLORURO, SODIO CLORURO, SODIO CLORURO, SODIO SULFATO, SODIO SULFATO, SODIO SULFATO, CLORURO DE POTASIO, CLORURO DE POTASIO, CLORURO DE POTASIO, SODIO BICARBONATO, SODIO BICARBONATO, SODIO BICARBONATO",,,608752,2026-07-14,2028-01-03,shortage,Cese de comercialización temporal,Existe/n otro/s medicamento/s con los mismos principios activos y para la misma vía de administración.,2026-09-21T15:06:00.705275,,
ES,Spain,AEMPS,"EVACUANTE LAINCO SIMPLE POLVO PARA SOLUCIÓN ORAL, 4 sobres 71g","POLIETILENGLICOL 4000, POLIETILENGLICOL 4000, POLIETILENGLICOL 4000, SODIO CLORURO, SODIO CLORURO, SODIO CLORURO, SODIO SULFATO, SODIO SULFATO, SODIO SULFATO, CLORURO DE POTASIO, CLORURO DE POTASIO, CLORURO DE POTASIO, SODIO BICARBONATO, SODIO BICARBONATO, SODIO BICARBONATO",,,817312,2026-07-14,2028-01-03,shortage,Cese de comercialización temporal,Existe/n otro/s medicamento/s con los mismos principios activos y para la misma vía de administración.,2026-09-21T15:06:00.705286,,
ES,Spain,AEMPS,"GLIMEPIRIDA VIATRIS 2 MG COMPRIMIDOS EFG, 30 comprimidos",GLIMEPIRIDA,,,653607,2026-07-14,2027-05-28,shortage,Problemas de suministro (con alternativa),Existe/n otro/s medicamento/s con el mismo principio activo y para la misma vía de administración.,2026-09-21T15:06:00.705297,A10BB12,44431
ES,Spain,AEMPS,"LEVETIRACETAM AUROVITAS 100 MG/ML CONCENTRADO PARA SOLUCION PARA PERFUSION EFG, 10 viales de 5 ml",LEVETIRACETAM,,,714161,2026-07-14,2026-10-15,shortage,10,La AEMPS ha autorizado unidades por comercialización excepcional. acondicionadas en un idioma distinto al castellano para concursos adjudicados.,2026-09-21T15:06:00.705309,N03AX14,80926
ES,Spain,AEMPS,"SILDENAFILO VIATRIS 50 MG COMPRIMIDOS RECUBIERTOS CON PELICULA EFG, 4 comprimidos",SILDENAFILO CITRATO,,,688965,2026-07-14,2027-05-07,shortage,Problemas de suministro (con alternativa),Existe/n otro/s medicamento/s con el mismo principio activo y para la misma vía de administración.,2026-09-21T15:06:00.705320,G04BE03,51071
ES,Spain,AEMPS,"AMLODIPINO/RAMIPRIL ARISTO 10 MG/5 MG CAPSULAS DURAS , 30 cápsulas","RAMIPRIL, AMLODIPINO BESILATO",,,728637,2026-07-13,2026-12-15,shortage,Cese de comercialización temporal,Existe/n otro/s medicamento/s con los mismos principios activos y para la misma vía de administración.,2026-09-21T15:06:00.705331,,
ES,Spain,AEMPS,"AMOXICILINA / ACIDO CLAVULANICO SANDOZ 250 mg/62,5 mg/5  ml  POLVO PARA SUSPENSION ORAL EFG, 1 frasco de 120 ml","AMOXICILINA TRIHIDRATO, CLAVULANATO POTASIO",,,663507,2026-07-13,2026-09-30,shortage,Cese de comercialización temporal,Existe/n otro/s medicamento/s con los mismos principios activos y para la misma vía de administración.,2026-09-21T15:06:00.705342,,
ES,Spain,AEMPS,DORZOLAMIDA/TIMOLOL STADA 20 mg/ml + 5 mg/ml colirio en solución 1 frasco de 5 ml,"TIMOLOL MALEATO, DORZOLAMIDA HIDROCLORURO",,,683360,2026-07-13,,shortage,Cese de comercialización temporal,Existe/n otro/s medicamento/s con los mismos principios activos y para la misma vía de administración.,2026-09-21T15:06:00.705350,,
ES,Spain,AEMPS,"FENDRIX, SUSPENSION INYECTABLE, 1 jeringa precargada de 0,5 ml",ANTIGENO SUPERFICIE HEPATITIS B,,,650862,2026-07-13,2026-10-26,shortage,10,La AEMPS ha autorizado unidades por comercialización excepcional. en un idioma distinto al castellano.,2026-09-21T15:06:00.705362,J07BK01,82201
ES,Spain,AEMPS,"VISIPAQUE 270 mg /ml SOLUCION INYECTABLE, 10 frascos de 100 ml",IODIXANOL,,,607591,2026-07-13,,shortage,Problemas de suministro (con alternativa),Existe/n otro/s medicamento/s con el mismo principio activo y para la misma vía de administración.,2026-09-21T15:06:00.705368,V08AB09,41602
ES,Spain,AEMPS,"GABAPENTINA TARBIS 100 MG CAPSULAS DURAS EFG, 90 cápsulas",GABAPENTINA,,,732530,2026-07-10,2026-09-30,shortage,Problemas de suministro (con alternativa),Existe/n otro/s medicamento/s con el mismo principio activo y para la misma vía de administración.,2026-09-21T15:06:00.705380,N02BF01,52817
ES,Spain,AEMPS,"LINCOCIN 500 MG CAPSULAS DURAS , 24 cápsulas",LINCOMICINA HIDROCLORURO,,,986281,2026-07-10,,shortage,Otros problemas de suministro,El médico prescriptor deberá determinar la posibilidad de utilizar otros tratamientos comercializados.,2026-09-21T15:06:00.705386,J01CF01,
ES,Spain,AEMPS,"DICLOFENACO-LEPORI 1 MG/ML COLIRIO EN SOLUCIÓN    , 1 frasco de 5 ml",DICLOFENACO SODICO,,,665067,2026-07-09,2026-09-23,shortage,9,El titular de autorización de comercialización está realizando una distribución controlada al existir unidades limitadas.,2026-09-21T15:06:00.705398,S01BC03,
ES,Spain,AEMPS,"MOVICOL SABOR NEUTRO POLVO PARA SOLUCION ORAL EN SOBRE , 30 sobres","MACROGOL 3350, SODIO CLORURO, SODIO BICARBONATO, CLORURO DE POTASIO",,,685618,2026-07-09,2027-02-28,shortage,Problemas de suministro (con alternativa),Existe/n otro/s medicamento/s con el mismo principio activo y para la misma vía de administración.,2026-09-21T15:06:00.705409,,
ES,Spain,AEMPS,"PRAVASTATINA SANDOZ 20 mg COMPRIMIDOS EFG, 28 comprimidos",PRAVASTATINA SODICA,,,663175,2026-07-09,2026-09-30,shortage,Problemas de suministro (con alternativa),Existe/n otro/s medicamento/s con el mismo principio activo y para la misma vía de administración.,2026-09-21T15:06:00.705420,C10AA04,31089
ES,Spain,AEMPS,"BUPRENORFINA STADA 35 MICROGRAMOS/HORA PARCHE TRANSDERMICO 96 HORAS EFG, 5 parches transdérmicos",BUPRENORFINA,,,709012,2026-07-08,2026-11-15,shortage,Problemas de suministro (con alternativa),Existe/n otro/s medicamento/s con el mismo principio activo y para la misma vía de administración.,2026-09-21T15:06:00.705431,N02AE01,229008
ES,Spain,AEMPS,"EMBLAVEO 1,5 G/0,5 G POLVO PARA CONCENTRADO PARA SOLUCION PARA PERFUSION, 10 viales","AVIBACTAM SODIO, AZTREONAM",,,764851,2026-07-08,2026-12-21,shortage,Problemas de calidad,Desabastecimiento temporal. Se espera el 9 de octubre recibir unidades extranjeras,2026-09-21T15:06:00.705442,,
ES,Spain,AEMPS,"FLUOROURACILO ACCORD 50 mg/ml SOLUCION INYECTABLE O PARA PERFUSION EFG,  1 vial de 100 ml",FLUOROURACILO,,,603544,2026-07-08,2026-12-31,shortage,"Problemas de suministro (sin alternativa, medicamento extranjero)",Se puede solicitar como medicamento extranjero.,2026-09-21T15:06:00.705453,L01BC02,33138
ES,Spain,AEMPS,"GLIMEPIRIDA NORMON 4 mg COMPRIMIDOS EFG, 120 comprimidos",GLIMEPIRIDA,,,653750,2026-07-08,2027-02-15,shortage,Problemas de suministro (con alternativa),Existe/n otro/s medicamento/s con el mismo principio activo y para la misma vía de administración.,2026-09-21T15:06:00.705464,A10BB12,44466
ES,Spain,AEMPS,"ATOVACUONA/HIDROCLORURO DE PROGUANIL VIATRIS 250 MG/100 MG COMPRIMIDOS RECUBIERTOS CON PELICULA EFG, 12 comprimidos (PVC-PVDC-Aluminio)","PROGUANIL HIDROCLORURO, ATOVACUONA",,,697253,2026-07-07,2027-02-07,shortage,Cese de comercialización temporal,Existe/n otro/s medicamento/s con los mismos principios activos y para la misma vía de administración.,2026-09-21T15:06:00.705476,,
ES,Spain,AEMPS,"MODAFINILO ARISTO 100 MG COMPRIMIDOS EFG, 30 comprimidos",MODAFINILO,,,725790,2026-07-07,2026-10-09,shortage,Problemas de suministro (con alternativa),Existe/n otro/s medicamento/s con el mismo principio activo y para la misma vía de administración.,2026-09-21T15:06:00.705488,N06BA07,56146
ES,Spain,AEMPS,"OCTAGAMOCTA  100 mg/ml SOLUCION PARA PERFUSION , 1 vial de 100 ml",INMUNOGLOBULINA HUMANA NORMAL,,,664150,2026-07-07,2026-12-31,shortage,9,El titular de autorización de comercialización está realizando una distribución controlada al existir unidades limitadas.,2026-09-21T15:06:00.705500,J06BA01,
ES,Spain,AEMPS,"OCTAGAMOCTA  100 mg/ml SOLUCION PARA PERFUSION , 1 vial de 20 ml",INMUNOGLOBULINA HUMANA NORMAL,,,664147,2026-07-07,2026-12-31,shortage,9,El titular de autorización de comercialización está realizando una distribución controlada al existir unidades limitadas.,2026-09-21T15:06:00.705511,J06BA01,
ES,Spain,AEMPS,"OCTAGAMOCTA  100 mg/ml SOLUCION PARA PERFUSION , 1 vial de 200 ml",INMUNOGLOBULINA HUMANA NORMAL,,,664149,2026-07-07,2026-12-31,shortage,9,El titular de autorización de comercialización está realizando una distribución controlada al existir unidades limitadas.,2026-09-21T15:06:00.705522,J06BA01,
ES,Spain,AEMPS,"OCTAGAMOCTA  100 mg/ml SOLUCION PARA PERFUSION , 1 vial de 50 ml",INMUNOGLOBULINA HUMANA NORMAL,,,664148,2026-07-07,2026-12-31,shortage,9,El titular de autorización de comercialización está realizando una distribución controlada al existir unidades limitadas.,2026-09-21T15:06:00.705534,J06BA01,
ES,Spain,AEMPS,"OCTAGAMOCTA  50 MG/ML  SOLUCION PARA PERFUSION ,  1 vial de 200 ml",INMUNOGLOBULINA HUMANA NORMAL,,,653449,2026-07-07,2026-12-31,shortage,9,El titular de autorización de comercialización está realizando una distribución controlada al existir unidades limitadas.,2026-09-21T15:06:00.705545,J06BA01,
ES,Spain,AEMPS,"OCTAGAMOCTA  50 MG/ML  SOLUCION PARA PERFUSION , 1 vial de 100 ml",INMUNOGLOBULINA HUMANA NORMAL,,,653448,2026-07-07,2026-12-31,shortage,9,El titular de autorización de comercialización está realizando una distribución controlada al existir unidades limitadas.,2026-09-21T15:06:00.705557,J06BA01,
ES,Spain,AEMPS,"OCTAGAMOCTA  50 MG/ML  SOLUCION PARA PERFUSION , 1 vial de 50 ml",INMUNOGLOBULINA HUMANA NORMAL,,,653447,2026-07-07,2026-12-31,shortage,9,El titular de autorización de comercialización está realizando una distribución controlada al existir unidades limitadas.,2026-09-21T15:06:00.705566,J06BA01,
ES,Spain,AEMPS,"AZITROMICINA TEVAGEN 500 MG COMPRIMIDOS DISPERSABLES EFG, 3 comprimidos",AZITROMICINA DIHIDRATO,,,718772,2026-07-06,2026-11-20,shortage,Problemas de suministro (con alternativa),Existe/n otro/s medicamento/s con el mismo principio activo y para la misma vía de administración.,2026-09-21T15:06:00.705576,J01FA10,115002
ES,Spain,AEMPS,"BINOCRIT 30.000 UI/0,75 ML SOLUCION INYECTABLE EN UNA JERINGA PRECARGADA, 6 jeringas precargadas de 0,75 ml",EPOETINA ALFA,,,731332,2026-07-06,,shortage,Problemas de suministro (con alternativa),Existe/n otro/s medicamento/s con el mismo principio activo y para la misma vía de administración.,2026-09-21T15:06:00.705581,B03XA01,83682
ES,Spain,AEMPS,"CEFAZOLINA SALA 2 G POLVO PARA SOLUCION INYECTABLE EFG, 50 viales",CEFAZOLINA SODICA,,,600299,2026-07-06,2026-11-28,shortage,Problemas de suministro (con alternativa),Existe/n otro/s medicamento/s con el mismo principio activo y para la misma vía de administración.,2026-09-21T15:06:00.705591,J01DB01,144134
ES,Spain,AEMPS,"MERCROMINA FILM 20 MG/ML SOLUCIÓN CUTÁNEA, 1 frasco de 30 ml",MERBROMINA,,,785584,2026-07-06,2026-12-14,shortage,11,Existen tratamientos alternativos no sujetos a prescripción.,2026-09-21T15:06:00.705601,D08AK04,
ES,Spain,AEMPS,"PERINDOPRIL/INDAPAMIDA STADA 2 mg/0,625 mg COMPRIMIDOS  EFG, 30 comprimidos","PERINDOPRIL ERBUMINA, INDAPAMIDA",,,684180,2026-07-06,2026-12-31,shortage,Cese de comercialización temporal,Existe/n otro/s medicamento/s con los mismos principios activos y para la misma vía de administración.,2026-09-21T15:06:00.705610,,
ES,Spain,AEMPS,"SILDENAFILO VIATRIS 100 MG COMPRIMIDOS RECUBIERTOS CON PELICULA EFG, 8 comprimidos",SILDENAFILO CITRATO,,,688973,2026-07-06,2026-11-21,shortage,Problemas de suministro (con alternativa),Existe/n otro/s medicamento/s con el mismo principio activo y para la misma vía de administración.,2026-09-21T15:06:00.705620,G04BE03,51098
ES,Spain,AEMPS,"ACIDO ZOLEDRONICO KABI 4MG/5ML CONCENTRADO PARA SOLUCION PARA PERFUSION EFG , 1 vial de 5ml",ACIDO ZOLEDRONICO,,,697242,2026-07-03,2027-01-11,shortage,Problemas de suministro (con alternativa),Existe/n otro/s medicamento/s con el mismo principio activo y para la misma vía de administración.,2026-09-21T15:06:00.705630,M05BA08,
ES,Spain,AEMPS,ATAMAX 60 MG CAPSULAS DURAS EFG 28 cápsulas,ATOMOXETINA HIDROCLORURO,,,718820,2026-07-03,2026-12-30,shortage,"Problemas de suministro (sin alternativa, medicamento extranjero)",Se puede solicitar como medicamento extranjero.,2026-09-21T15:06:00.705639,N06BA09,76740
ES,Spain,AEMPS,"ILUVIEN 190 MICROGRAMOS IMPLANTE INTRAVITREO EN APLICADOR, 1 implante",FLUOCINOLONA ACETONIDO,,,695033,2026-07-03,2026-10-05,shortage,10,"La AEMPS ha autorizado unidades por comercialización excepcional. Están disponibles unidades acondicionadas en otro idioma, inglés.",2026-09-21T15:06:00.705649,D07AC01,
ES,Spain,AEMPS,"LENALIDOMIDA SUN 20 MG CAPSULAS DURAS EFG , 21 cápsulas",LENALIDOMIDA,,,731704,2026-07-03,2026-10-30,shortage,Problemas de suministro (con alternativa),Existe/n otro/s medicamento/s con el mismo principio activo y para la misma vía de administración.,2026-09-21T15:06:00.705659,L04AX04,125741
ES,Spain,AEMPS,"NEXVIADYME 100 MG POLVO PARA CONCENTRADO PARA SOLUCION PARA PERFUSION, 1 vial",AVALGLUCOSIDASA ALFA,,,758183,2026-07-03,,shortage,"Problemas de suministro (sin alternativa, medicamento extranjero)",Se puede solicitar como medicamento extranjero.,2026-09-21T15:06:00.705664,A16AB05,
ES,Spain,AEMPS,"AGUA OXIGENADA CUVE 30 MG/ML SOLUCION CUTANEA Y CONCENTRADO PARA SOLUCION BUCAL  , 1 frasco de 1.000 ml",PEROXIDO DE HIDROGENO,,,702365,2026-07-02,,shortage,Problemas de suministro (con alternativa),Existe/n otro/s medicamento/s con el mismo principio activo y para la misma vía de administración.,2026-09-21T15:06:00.705669,D08AX01,
ES,Spain,AEMPS,"AGUA OXIGENADA CUVE 30 MG/ML SOLUCION CUTANEA Y CONCENTRADO PARA SOLUCION BUCAL  , 1 frasco de 250 ml",PEROXIDO DE HIDROGENO,,,702381,2026-07-02,,shortage,Problemas de suministro (con alternativa),Existe/n otro/s medicamento/s con el mismo principio activo y para la misma vía de administración.,2026-09-21T15:06:00.705674,D08AX01,
ES,Spain,AEMPS,"AGUA OXIGENADA CUVE 30 MG/ML SOLUCION CUTANEA Y CONCENTRADO PARA SOLUCION BUCAL  , 1 frasco de 500 ml",PEROXIDO DE HIDROGENO,,,702373,2026-07-02,,shortage,Problemas de suministro (con alternativa),Existe/n otro/s medicamento/s con el mismo principio activo y para la misma vía de administración.,2026-09-21T15:06:00.705679,D08AX01,
ES,Spain,AEMPS,"ANGIODROX 180 mg CAPSULAS DURAS DE LIBERACION PROLONGADA , 30 cápsulas",DILTIAZEM HIDROCLORURO,,,694364,2026-07-02,2026-10-09,shortage,Problemas de suministro (con alternativa),Existe/n otro/s medicamento/s con el mismo principio activo y para la misma vía de administración.,2026-09-21T15:06:00.705689,C08DB01,38148
ES,Spain,AEMPS,"OXIMEN 3% SOLUCIÓN CUTÁNEA Y CONCENTRADO PARA SOLUCIÓN BUCAL , 1 frasco de 250 ml",PEROXIDO DE HIDROGENO,,,992420,2026-07-02,,shortage,Problemas de suministro (con alternativa),Existe/n otro/s medicamento/s con el mismo principio activo y para la misma vía de administración.,2026-09-21T15:06:00.705695,D08AX01,
ES,Spain,AEMPS,"ACTOS 15 mg COMPRIMIDOS, 28 comprimidos",PIOGLITAZONA,,,999831,2026-07-01,2026-10-16,shortage,Problemas de suministro (con alternativa),Existe/n otro/s medicamento/s con el mismo principio activo y para la misma vía de administración.,2026-09-21T15:06:00.705709,A10BG03,
ES,Spain,AEMPS,"CLINDAMICINA QUALIGEN 300 MG CAPSULAS DURAS EFG, 24 cápsulas",CLINDAMICINA HIDROCLORURO,,,714077,2026-07-01,,shortage,Problemas de suministro (con alternativa),Existe/n otro/s medicamento/s con el mismo principio activo y para la misma vía de administración.,2026-09-21T15:06:00.705714,A01AB04,72931
ES,Spain,AEMPS,"DONEPEZILO TEVA-RATIO 5 MG COMPRIMIDOS RECUBIERTOS CON PELICULA EFG, 28 comprimidos",DONEPEZILO HIDROCLORURO,,,686914,2026-07-01,,shortage,Problemas de suministro (con alternativa),Existe/n otro/s medicamento/s con el mismo principio activo y para la misma vía de administración.,2026-09-21T15:06:00.705719,N06DA02,106550
ES,Spain,AEMPS,"ESKAZOLE 400 MG COMPRIMIDOS, 60 comprimidos",ALBENDAZOL,,,690792,2026-07-01,2027-06-30,shortage,"Problemas de suministro (sin alternativa, medicamento extranjero)",Se puede solicitar como medicamento extranjero.,2026-09-21T15:06:00.705732,P02CA03,35300
ES,Spain,AEMPS,"FENOFIBRATO PENSA PHARMA 145 MG COMPRIMIDOS RECUBIERTOS CON PELICULA EFG, 30 comprimidos",FENOFIBRATO,,,734048,2026-07-01,2026-10-31,shortage,Problemas de suministro (con alternativa),Existe/n otro/s medicamento/s con el mismo principio activo y para la misma vía de administración.,2026-09-21T15:06:00.705743,C10AB05,219304
ES,Spain,AEMPS,ATAMAX 18 MG CAPSULAS DURAS EFG 7 cápsulas,ATOMOXETINA HIDROCLORURO,,,718813,2026-06-30,2026-12-30,shortage,Problemas de suministro (con alternativa),Existe/n otro/s medicamento/s con el mismo principio activo y para la misma vía de administración.,2026-09-21T15:06:00.705753,N06BA09,76716
ES,Spain,AEMPS,"CITORSAL POLVO PARA SOLUCIÓN ORAL EN SOBRE , 5 bolsas","LACTATO CALCIO, MAGNESIO SULFATO, CITRATO SODIO, CITRICO ACIDO ANHIDRO, POTASIO CLORURO ANHIDRO, GLUCOSA MONOHIDRATO, SODIO CLORURO, SODIO FOSFATO",,,700550,2026-06-30,,shortage,Problemas de suministro (con alternativa),Existe/n otro/s medicamento/s con el mismo principio activo y para la misma vía de administración.,2026-09-21T15:06:00.705758,,
ES,Spain,AEMPS,"NIAPELF 50 MG SUSPENSION INYECTABLE DE LIBERACION PROLONGADA EFG, 1 jeringa precargada de 0,5 ml",PALIPERIDONA PALMITATO,,,764772,2026-06-30,2026-09-23,shortage,Problemas de suministro (con alternativa),Existe/n otro/s medicamento/s con el mismo principio activo y para la misma vía de administración.,2026-09-21T15:06:00.705768,N05AX13,96962
ES,Spain,AEMPS,"OXALIPLATINO HIKMA 5 MG/ML CONCENTRADO PARA SOLUCION PARA PERFUSION EFG, 1 vial de 20 ml",OXALIPLATINO,,,732165,2026-06-30,2026-12-01,shortage,10,La AEMPS ha autorizado unidades por comercialización excepcional.,2026-09-21T15:06:00.705778,L01XA03,79774
ES,Spain,AEMPS,"POMALIDOMIDA TEVA 3 MG CAPSULAS DURAS EFG, 21 cápsulas",POMALIDOMIDA,,,766280,2026-06-30,2026-10-02,shortage,10,La AEMPS ha autorizado unidades por comercialización excepcional. en un idioma distinto al castellano para concursos adjudicados.,2026-09-21T15:06:00.705788,L04AX06,107530
ES,Spain,AEMPS,"REPAGLINIDA KERN PHARMA 1 mg COMPRIMIDOS EFG, 90 comprimidos",REPAGLINIDA,,,680773,2026-06-30,,shortage,Problemas de suministro (con alternativa),Existe/n otro/s medicamento/s con el mismo principio activo y para la misma vía de administración.,2026-09-21T15:06:00.705796,A10BX02,50938
ES,Spain,AEMPS,"TRALEUSIN 750 U ANTI-XA/0,6 ML SOLUCION INYECTABLE Y PARA PERFUSION, 10 ampollas",DANAPAROIDE DE SODIO,,,732410,2026-06-30,,shortage,Otros problemas de suministro,El médico prescriptor deberá determinar la posibilidad de utilizar otros tratamientos comercializados.,2026-09-21T15:06:00.705801,,
ES,Spain,AEMPS,"ADENOSINA KABI 3 MG/ML SOLUCION INYECTABLE EN JERINGA PRECARGADA, 10 jeringas precargadas de 2 ml",ADENOSINA,,,606965,2026-06-29,2026-10-16,shortage,Problemas de suministro (con alternativa),Existe/n otro/s medicamento/s con el mismo principio activo y para la misma vía de administración.,2026-09-21T15:06:00.705811,C01EB10,
ES,Spain,AEMPS,"BILASTINA KERN PHARMA 20 MG COMPRIMIDOS EFG, 20 comprimidos (PVC/PVdC-aluminio)",BILASTINA,,,730770,2026-06-29,,shortage,Problemas de suministro (con alternativa),Existe/n otro/s medicamento/s con el mismo principio activo y para la misma vía de administración.,2026-09-21T15:06:00.705816,R06AX29,
ES,Spain,AEMPS,"BISOPROLOL NORMON 10 mg COMPRIMIDOS RECUBIERTOS CON PELICULA EFG, 28 comprimidos",BISOPROLOL HEMIFUMARATO,,,728656,2026-06-29,2026-10-05,shortage,Problemas de suministro (con alternativa),Existe/n otro/s medicamento/s con el mismo principio activo y para la misma vía de administración.,2026-09-21T15:06:00.705825,C07AB07,25542
ES,Spain,AEMPS,"DOLOSTOP 500 MG SOLUCION ORAL, 10 sobres",PARACETAMOL,,,715598,2026-06-29,2026-09-30,shortage,11,Existen tratamientos alternativos no sujetos a prescripción.,2026-09-21T15:06:00.705835,N02BE01,105953
ES,Spain,AEMPS,"FINGOLIMOD ZENTIVA 0,5 MG CAPSULAS DURAS EFG, 28 cápsulas",FINGOLIMOD HIDROCLORURO,,,730047,2026-06-29,2026-11-30,shortage,Problemas de suministro (con alternativa),Existe/n otro/s medicamento/s con el mismo principio activo y para la misma vía de administración.,2026-09-21T15:06:00.705845,L04AE01,100129
ES,Spain,AEMPS,"QUETIAPINA KERN PHARMA 400 MG COMPRIMIDOS DE LIBERACION PROLONGADA EFG , 200 comprimidos",QUETIAPINA HEMIFUMARATO,,,606430,2026-06-29,2026-11-04,shortage,Problemas de suministro (con alternativa),Existe/n otro/s medicamento/s con el mismo principio activo y para la misma vía de administración.,2026-09-21T15:06:00.705854,N05AH04,84212
ES,Spain,AEMPS,"CITALOPRAM VIATRIS 30 MG COMPRIMIDOS RECUBIERTOS CON PELICULA EFG, 28 comprimidos",CITALOPRAM HIDROBROMURO,,,653712,2026-06-26,2026-11-24,shortage,Cese de comercialización temporal,Existe/n otro/s medicamento/s con los mismos principios activos y para la misma vía de administración.,2026-09-21T15:06:00.705864,N06AB04,80012
ES,Spain,AEMPS,"ESCITALOPRAM VIATRIS 20 MG COMPRIMIDOS RECUBIERTOS CON PELICULA EFG, 28 comprimidos",ESCITALOPRAM OXALATO,,,664303,2026-06-26,2026-10-23,shortage,Problemas de suministro (con alternativa),Existe/n otro/s medicamento/s con el mismo principio activo y para la misma vía de administración.,2026-09-21T15:06:00.705873,N06AB10,74977
ES,Spain,AEMPS,"METAMIZOL PENSA 575 mg CAPSULAS DURAS EFG, 10 cápsulas",METAMIZOL MAGNESICO,,,659782,2026-06-26,,shortage,Problemas de suministro (con alternativa),Existe/n otro/s medicamento/s con el mismo principio activo y para la misma vía de administración.,2026-09-21T15:06:00.705878,N02BB02,
ES,Spain,AEMPS,"ROPIVACAINA KABI 2 MG/ML SOLUCION PARA PERFUSION EFG , 5 bolsas de 100 ml",ROPIVACAINA HIDROCLORURO,,,676512,2026-06-26,2026-11-30,shortage,Problemas de suministro (con alternativa),Existe/n otro/s medicamento/s con el mismo principio activo y para la misma vía de administración.,2026-09-21T15:06:00.705888,N01BB09,
ES,Spain,AEMPS,"ADENOSINA HIKMA 6 MG/2ML SOLUCION  INYECTABLE EFG, 10 ampollas",ADENOSINA,,,732147,2026-06-25,,shortage,Problemas de suministro (con alternativa),Existe/n otro/s medicamento/s con el mismo principio activo y para la misma vía de administración.,2026-09-21T15:06:00.705893,C01EB10,217042
ES,Spain,AEMPS,"CANDESARTAN VIATRIS 8 MG COMPRIMIDOS EFG, 28 comprimidos",CANDESARTAN CILEXETILO,,,696074,2026-06-24,2027-03-23,shortage,Problemas de suministro (con alternativa),Existe/n otro/s medicamento/s con el mismo principio activo y para la misma vía de administración.,2026-09-21T15:06:00.705904,C09CA06,48402
ES,Spain,AEMPS,"GALANTAMINA STADA 16 MG CAPSULAS DURAS DE LIBERACION PROLONGADA EFG , 28 cápsulas",GALANTAMINA HIDROBROMURO,,,696857,2026-06-24,2027-02-26,shortage,Problemas de suministro (con alternativa),Existe/n otro/s medicamento/s con el mismo principio activo y para la misma vía de administración.,2026-09-21T15:06:00.705914,N06DA01,
ES,Spain,AEMPS,"TELMISARTAN VIATRIS 40 MG COMPRIMIDOS EFG, 28 comprimidos",TELMISARTAN,,,689248,2026-06-24,2027-02-16,shortage,Problemas de suministro (con alternativa),Existe/n otro/s medicamento/s con el mismo principio activo y para la misma vía de administración.,2026-09-21T15:06:00.705923,C09CA07,50644
ES,Spain,AEMPS,"EBILFUMIN 75 MG CAPSULAS DURAS EFG, 10 cápsulas",OSELTAMIVIR FOSFATO,,,728768,2026-06-23,,shortage,Problemas de suministro (con alternativa),Existe/n otro/s medicamento/s con el mismo principio activo y para la misma vía de administración.,2026-09-21T15:06:00.705928,J05AH02,67482
ES,Spain,AEMPS,"OLANZAPINA VIATRIS 5 MG COMPRIMIDOS RECUBIERTOS CON PELICULA EFG, 28 comprimidos",OLANZAPINA,,,663619,2026-06-23,2027-04-07,shortage,Problemas de suministro (con alternativa),Existe/n otro/s medicamento/s con el mismo principio activo y para la misma vía de administración.,2026-09-21T15:06:00.705938,N05AH03,45543
ES,Spain,AEMPS,"DIOFLAV 500 MG COMPRIMIDOS RECUBIERTOS CON PELICULA, 30 comprimidos",DIOSMINA,,,696003,2026-06-22,2026-10-31,shortage,11,Existen tratamientos alternativos no sujetos a prescripción.,2026-09-21T15:06:00.705947,C05CA03,
ES,Spain,AEMPS,"ICATIBANTO CIPLA 30 MG SOLUCION INYECTABLE EN JERINGA PRECARGADA EFG  , 1 jeringa precargada + 1 aguja",ICATIBANTO ACETATO,,,732809,2026-06-22,2026-10-18,shortage,Problemas de suministro (con alternativa),Existe/n otro/s medicamento/s con el mismo principio activo y para la misma vía de administración.,2026-09-21T15:06:00.705957,B06AC02,128635
ES,Spain,AEMPS,"MOXIFLOXACINO PENSA 400 MG COMPRIMIDOS RECUBIERTOS CON PELICULA EFG, 5 comprimidos",MOXIFLOXACINO HIDROCLORURO,,,723765,2026-06-22,,shortage,Problemas de suministro (con alternativa),Existe/n otro/s medicamento/s con el mismo principio activo y para la misma vía de administración.,2026-09-21T15:06:00.705962,J01MA14,67628
ES,Spain,AEMPS,"MOXIFLOXACINO PENSA 400 MG COMPRIMIDOS RECUBIERTOS CON PELICULA EFG, 7 comprimidos",MOXIFLOXACINO HIDROCLORURO,,,723766,2026-06-22,,shortage,Problemas de suministro (con alternativa),Existe/n otro/s medicamento/s con el mismo principio activo y para la misma vía de administración.,2026-09-21T15:06:00.705966,J01MA14,67628
ES,Spain,AEMPS,"SOMAZINA 1g SOLUCION INYECTABLE, 10 ampollas de 4 ml",CITICOLINA,,,740969,2026-06-22,2026-12-18,shortage,Otros problemas de suministro,El médico prescriptor deberá determinar la posibilidad de utilizar otros tratamientos comercializados.,2026-09-21T15:06:00.705976,N06BX06,
ES,Spain,AEMPS,"SOMAZINA 500 mg SOLUCION INYECTABLE, 10 ampollas de 4 ml",CITICOLINA,,,826040,2026-06-22,2026-12-18,shortage,Otros problemas de suministro,El médico prescriptor deberá determinar la posibilidad de utilizar otros tratamientos comercializados.,2026-09-21T15:06:00.705985,N06BX06,
ES,Spain,AEMPS,CAPECITABINA ACCORD 300 MG COMPRIMIDOS RECUBIERTOS CON PELICULA 60 comprimidos,CAPECITABINA,,,697763,2026-06-19,2026-10-31,shortage,Problemas de suministro (con alternativa),Existe/n otro/s medicamento/s con el mismo principio activo y para la misma vía de administración.,2026-09-21T15:06:00.705995,L01BC06,119660
ES,Spain,AEMPS,"DOSIL 100 MG CÁPSULAS DURAS , 500 cápsulas",DOXICICLINA HICLATO,,,620427,2026-06-19,,shortage,Problemas de suministro (con alternativa),Existe/n otro/s medicamento/s con el mismo principio activo y para la misma vía de administración.,2026-09-21T15:06:00.706000,J01AA02,
ES,Spain,AEMPS,"METOTREXATO ACCORD 25 MG/ML SOLUCION INYECTABLE EFG, 1 vial de 2 ml",METOTREXATO,,,691491,2026-06-19,2026-10-30,shortage,Problemas de suministro (con alternativa),Existe/n otro/s medicamento/s con el mismo principio activo y para la misma vía de administración.,2026-09-21T15:06:00.706013,L01BA01,
ES,Spain,AEMPS,"METOTREXATO ACCORD 25 MG/ML SOLUCION INYECTABLE EFG, 1 vial de 40 ml",METOTREXATO,,,691495,2026-06-19,2026-12-31,shortage,"Problemas de suministro (sin alternativa, medicamento extranjero)",Se puede solicitar como medicamento extranjero.,2026-09-21T15:06:00.706023,L01BA01,
ES,Spain,AEMPS,ONNIMIA 250 MG SOLUCIÓN INYECTABLE EN JERINGA PRECARGADA EFG 2 jeringas precargadas de 5 ml + 2 agujas,FULVESTRANT,,,727938,2026-06-19,2026-10-30,shortage,Problemas de suministro (con alternativa),Existe/n otro/s medicamento/s con el mismo principio activo y para la misma vía de administración.,2026-09-21T15:06:00.706032,L02BA03,74934
ES,Spain,AEMPS,"OPONAF 10 g POLVO PARA SOLUCION ORAL , 20 sobres",LACTITOL MONOHIDRATO,,,794388,2026-06-19,,shortage,Problemas de suministro (con alternativa),Existe/n otro/s medicamento/s con el mismo principio activo y para la misma vía de administración. Está disponible EMPORTAL,2026-09-21T15:06:00.706037,A06AD15,39950
ES,Spain,AEMPS,"ITRACONAZOL SANDOZ 100 mg CAPSULAS DURAS EFG , 7 cápsulas",ITRACONAZOL,,,695436,2026-06-18,2026-10-16,shortage,Problemas de suministro (con alternativa),Existe/n otro/s medicamento/s con el mismo principio activo y para la misma vía de administración.,2026-09-21T15:06:00.706048,J02AC02,32336
ES,Spain,AEMPS,"TELMISARTAN VIATRIS 80 MG COMPRIMIDOS EFG, 28 comprimidos",TELMISARTAN,,,689249,2026-06-18,2027-02-23,shortage,Problemas de suministro (con alternativa),Existe/n otro/s medicamento/s con el mismo principio activo y para la misma vía de administración.,2026-09-21T15:06:00.706058,C09CA07,50652
ES,Spain,AEMPS,"BROMAZEPAM PENSA 3 mg CAPSULAS EFG, 30 cápsulas",BROMAZEPAM,,,677313,2026-06-17,,shortage,Problemas de suministro (con alternativa),Existe/n otro/s medicamento/s con el mismo principio activo y para la misma vía de administración.,2026-09-21T15:06:00.706063,N05BA08,3298
ES,Spain,AEMPS,"FENTICERTA 100 MICROGRAMOS COMPRIMIDOS SUBLINGUALES EFG , 10 comprimidos",FENTANILO CITRATO,,,728452,2026-06-17,2026-09-30,shortage,Problemas de suministro (con alternativa),Existe/n otro/s medicamento/s con el mismo principio activo y para la misma vía de administración.,2026-09-21T15:06:00.706076,N02AB03,98175
ES,Spain,AEMPS,"APREMILAST ZENTIVA 30 MG COMPRIMIDOS RECUBIERTOS CON PELICULA EFG, 56 comprimidos",APREMILAST,,,768018,2026-06-16,,shortage,Problemas de suministro (con alternativa),Existe/n otro/s medicamento/s con el mismo principio activo y para la misma vía de administración.,2026-09-21T15:06:00.706081,L04AA32,125709
ES,Spain,AEMPS,ATAMAX 80 MG CAPSULAS DURAS EFG 28 cápsulas,ATOMOXETINA HIDROCLORURO,,,718821,2026-06-16,2026-09-30,shortage,"Problemas de suministro (sin alternativa, medicamento extranjero)",Se puede solicitar como medicamento extranjero.,2026-09-21T15:06:00.706091,N06BA09,89494
ES,Spain,AEMPS,"ATOMOXETINA TARBIS 80 MG CÁPSULAS DURAS EFG, 28 cápsulas",ATOMOXETINA HIDROCLORURO,,,764207,2026-06-16,2026-09-30,shortage,"Problemas de suministro (sin alternativa, medicamento extranjero)",Se puede solicitar como medicamento extranjero.,2026-09-21T15:06:00.706101,N06BA09,89494
ES,Spain,AEMPS,"FOSFOMICINA STADA 3 g GRANULADO PARA SOLUCION ORAL EFG, 2 sobres",FOSFOMICINA TROMETAMOL,,,689966,2026-06-16,,shortage,Problemas de suministro (con alternativa),Existe/n otro/s medicamento/s con el mismo principio activo y para la misma vía de administración.,2026-09-21T15:06:00.706105,,
ES,Spain,AEMPS,"VISIPAQUE 320 mg /ml SOLUCION INYECTABLE, 10 frascos de 50 ml",IODIXANOL,,,607594,2026-06-16,2026-11-15,shortage,Problemas de suministro (con alternativa),Existe/n otro/s medicamento/s con el mismo principio activo y para la misma vía de administración.,2026-09-21T15:06:00.706116,V08AB09,41637
ES,Spain,AEMPS,"CARRELDON RETARD 240 mg COMPRIMIDOS DE LIBERACION PROLONGADA, 20 comprimidos",DILTIAZEM HIDROCLORURO,,,685248,2026-06-15,2026-10-30,shortage,Problemas de suministro (con alternativa),Existe/n otro/s medicamento/s con el mismo principio activo y para la misma vía de administración.,2026-09-21T15:06:00.706126,C08DB01,38156
ES,Spain,AEMPS,"SOLIFENACINA/TAMSULOSINA STADAFARMA 6 MG/0,4 MG COMPRIMIDOS DE LIBERACION MODIFICADA EFG, 30 comprimidos","SOLIFENACINA SUCCINATO, TAMSULOSINA HIDROCLORURO",,,762902,2026-06-15,2026-11-30,shortage,Cese de comercialización temporal,Existe/n otro/s medicamento/s con los mismos principios activos y para la misma vía de administración.,2026-09-21T15:06:00.706135,,
ES,Spain,AEMPS,"ZONISAMIDA VISO FARMACEUTICA 25 MG  CAPSULAS DURAS EFG, 14 cápsulas",ZONISAMIDA,,,720363,2026-06-15,2026-12-28,shortage,Problemas de suministro (con alternativa),Existe/n otro/s medicamento/s con el mismo principio activo y para la misma vía de administración.,2026-09-21T15:06:00.706145,N03AX15,
ES,Spain,AEMPS,"FLUOXETINA VIATRIS 20 MG CAPSULAS DURAS EFG, 60 cápsulas",FLUOXETINA HIDROCLORURO,,,999819,2026-06-12,2026-10-21,shortage,Problemas de suministro (con alternativa),Existe/n otro/s medicamento/s con el mismo principio activo y para la misma vía de administración.,2026-09-21T15:06:00.706155,N06AB03,28444
ES,Spain,AEMPS,"MOVICOL POLVO PARA SOLUCION ORAL EN SOBRE , 20 sobres","CLORURO DE POTASIO, SODIO BICARBONATO, SODIO CLORURO, MACROGOL 3350",,,672287,2026-06-12,2027-02-28,shortage,Problemas de suministro (con alternativa),Existe/n otro/s medicamento/s con el mismo principio activo y para la misma vía de administración.,2026-09-21T15:06:00.706164,,
ES,Spain,AEMPS,"SILODOSINA STADA 4 MG CAPSULAS DURAS EFG, 30 cápsulas",SILODOSINA,,,725427,2026-06-12,2026-09-30,shortage,Problemas de suministro (con alternativa),Existe/n otro/s medicamento/s con el mismo principio activo y para la misma vía de administración.,2026-09-21T15:06:00.706174,G04CA04,97276
ES,Spain,AEMPS,"CLARITROMICINA UNIDIA KERN PHARMA 500 mg COMPRIMIDOS DE LIBERACION MODIFICADA EFG, 14 comprimidos",CLARITROMICINA CITRATO,,,680380,2026-06-11,2026-12-31,shortage,Cese de comercialización temporal,Existe/n otro/s medicamento/s con los mismos principios activos y para la misma vía de administración.,2026-09-21T15:06:00.706183,J01FA09,49425
ES,Spain,AEMPS,"RISPERIDONA VIATRIS 0,5 MG COMPRIMIDOS RECUBIERTOS CON PELICULA EFG, 28 comprimidos",RISPERIDONA,,,667248,2026-06-11,2027-03-24,shortage,Problemas de suministro (con alternativa),Existe/n otro/s medicamento/s con el mismo principio activo y para la misma vía de administración.,2026-09-21T15:06:00.706193,N05AX08,56197
ES,Spain,AEMPS,"RIVAROXABAN SANDOZ 2,5 MG COMPRIMIDOS RECUBIERTOS CON PELICULA EFG, 56 comprimidos",RIVAROXABAN,,,732314,2026-06-11,,shortage,Problemas de suministro (con alternativa),Existe/n otro/s medicamento/s con el mismo principio activo y para la misma vía de administración.,2026-09-21T15:06:00.706198,B01AF01,117250
ES,Spain,AEMPS,"SULFATO DE ESTREPTOMICINA REIG JOFRE 1 G POLVO PARA SOLUCIÓN INYECTABLE, 100 viales",ESTREPTOMICINA SULFATO,,,604660,2026-06-11,,shortage,Problemas de suministro (con alternativa),Existe/n otro/s medicamento/s con el mismo principio activo y para la misma vía de administración.,2026-09-21T15:06:00.706203,J01GB01,
ES,Spain,AEMPS,"GLUCOSA PHYSAN 10% SOLUCION PARA PERFUSION, 20 frascos de 250 ml (PP)",GLUCOSA MONOHIDRATO,,,607246,2026-06-10,2027-01-29,shortage,Problemas de suministro (con alternativa),Existe/n otro/s medicamento/s con el mismo principio activo y para la misma vía de administración.,2026-09-21T15:06:00.706213,,
ES,Spain,AEMPS,"GLUCOSA PHYSAN 5% SOLUCION PARA PERFUSION, 20 frascos de 250 ml  (PP)",GLUCOSA MONOHIDRATO,,,607276,2026-06-10,2027-01-29,shortage,Problemas de suministro (con alternativa),Existe/n otro/s medicamento/s con el mismo principio activo y para la misma vía de administración.,2026-09-21T15:06:00.706222,,
ES,Spain,AEMPS,"GONAPEPTYL DEPOT 3,75 mg POLVO Y DISOLVENTE PARA SUSPENSION INYECTABLE, 1 jeringa precargada + 1 jeringa precargada de disolvente",TRIPTORELINA ACETATO,,,742247,2026-06-10,,shortage,9,El titular de autorización de comercialización está realizando una distribución controlada al existir unidades limitadas.,2026-09-21T15:06:00.706227,L02AE04,70084
ES,Spain,AEMPS,"CORONUR 40 mg COMPRIMIDOS, 40 comprimidos",ISOSORBIDA MONONITRATO,,,981803,2026-06-08,,shortage,Problemas de suministro (con alternativa),Existe/n otro/s medicamento/s con el mismo principio activo y para la misma vía de administración.,2026-09-21T15:06:00.706232,C01DA08,
ES,Spain,AEMPS,"FIBCLOT 1,5 G POLVO Y DISOLVENTE PARA SOLUCION INYECTABLE Y PARA PERFUSION, 1 vial (polvo) + 1 vial de disolvente + equipo de transferencia",FIBRINOGENO HUMANO,,,711474,2026-06-08,2027-03-31,shortage,12,El Titular de Autorización de Comercialización está realizando una distribución controlada a hospitales,2026-09-21T15:06:00.706242,B02BC01,
ES,Spain,AEMPS,"GABAPENTINA NORMON 800 mg COMPRIMIDOS RECUBIERTOS CON PELICULA EFG , 90 comprimidos",GABAPENTINA,,,662517,2026-06-08,2026-09-30,shortage,Problemas de suministro (con alternativa),Existe/n otro/s medicamento/s con el mismo principio activo y para la misma vía de administración.,2026-09-21T15:06:00.706251,N02BF01,57568
ES,Spain,AEMPS,"ACIDO ALENDRONICO SEMANAL VIATRIS 70 mg COMPRIMIDOS EFG, 4 comprimidos",ALENDRONICO ACIDO,,,652849,2026-06-05,2026-10-19,shortage,Problemas de suministro (con alternativa),Existe/n otro/s medicamento/s con el mismo principio activo y para la misma vía de administración.,2026-09-21T15:06:00.706261,M05BA04,122416
ES,Spain,AEMPS,"ENALAPRIL VIATRIS 20 MG COMPRIMIDOS EFG, 28 comprimidos",ENALAPRIL MALEATO,,,999820,2026-06-05,2027-05-10,shortage,Problemas de suministro (con alternativa),Existe/n otro/s medicamento/s con el mismo principio activo y para la misma vía de administración.,2026-09-21T15:06:00.706271,C09AA02,21075
ES,Spain,AEMPS,"LACOSAMIDA NORMON 150 MG COMPRIMIDOS RECUBIERTOS CON PELICULA EFG, 56 comprimidos (Blister Al/PVC)",LACOSAMIDA,,,720959,2026-06-05,2026-10-07,shortage,Problemas de suministro (con alternativa),Existe/n otro/s medicamento/s con el mismo principio activo y para la misma vía de administración.,2026-09-21T15:06:00.706280,N03AX18,89044
ES,Spain,AEMPS,"RECTO MENADERM 0,125 MG/G POMADA RECTAL , 1 tubo de 30 g",BECLOMETASONA DIPROPIONATO,,,756239,2026-06-05,2026-09-30,shortage,Problemas de suministro (con alternativa),Existe/n otro/s medicamento/s con el mismo principio activo y para la misma vía de administración.,2026-09-21T15:06:00.706290,R01AD01,
ES,Spain,AEMPS,"TRAMADOL RETARD VIATRIS 150 MG COMPRIMIDOS DE LIBERACIÓN PROLONGADA EFG, 60 comprimidos (AL/PVC/PE/PVDC)",TRAMADOL HIDROCLORURO,,,693543,2026-06-05,2027-05-07,shortage,Problemas de suministro (con alternativa),Existe/n otro/s medicamento/s con el mismo principio activo y para la misma vía de administración.,2026-09-21T15:06:00.706300,N02AX02,50458
ES,Spain,AEMPS,"ALTISBEN 50 mg COMPRIMIDOS RECUBIERTOS CON PELICULA EFG, 30 comprimidos",SERTRALINA HIDROCLORURO,,,819904,2026-06-04,,shortage,Problemas de suministro (con alternativa),Existe/n otro/s medicamento/s con el mismo principio activo y para la misma vía de administración.,2026-09-21T15:06:00.706305,N06AB06,39403
ES,Spain,AEMPS,"OPTIRAY ULTRAJECT 300 mg/ml SOLUCION INYECTABLE , 1 jeringa precargada de 100 ml",IOVERSOL,,,660464,2026-06-04,2027-01-18,shortage,10,La AEMPS ha autorizado unidades por comercialización excepcional. en un idioma distinto al castellano.,2026-09-21T15:06:00.706315,V08AB07,60852
ES,Spain,AEMPS,"ENTECAVIR TEVA 1 MG COMPRIMIDOS RECUBIERTOS CON PELICULAS EFG, 30 comprimidos (Blister Al/OPA/PVC-Al)",ENTECAVIR MONOHIDRATO,,,716424,2026-06-03,2026-10-15,shortage,Problemas de suministro (con alternativa),Existe/n otro/s medicamento/s con el mismo principio activo y para la misma vía de administración.,2026-09-21T15:06:00.706324,J05AF05,81396
ES,Spain,AEMPS,"IMULDOSA 130 MG CONCENTRADO PARA SOLUCION PARA PERFUSION, 1 vial de 26 ml",USTEKINUMAB,,,766570,2026-06-03,2027-12-31,shortage,Problemas de suministro (con alternativa),Existe/n otro/s medicamento/s con el mismo principio activo y para la misma vía de administración.,2026-09-21T15:06:00.706334,L04AC05,138274
ES,Spain,AEMPS,"PAROXETINA TARBIS 20 mg COMPRIMIDOS RECUBIERTOS CON PELICULA EFG , 28 comprimidos",PAROXETINA  HIDROCLORURO,,,733048,2026-06-02,2026-12-30,shortage,Problemas de suministro (con alternativa),Existe/n otro/s medicamento/s con el mismo principio activo y para la misma vía de administración.,2026-09-21T15:06:00.706344,N06AB05,
ES,Spain,AEMPS,"GLUCOSA PHYSAN 10% SOLUCION PARA PERFUSION, 20 frascos de 500 ml (PP)",GLUCOSA MONOHIDRATO,,,607247,2026-06-01,2027-01-29,shortage,Problemas de suministro (con alternativa),Existe/n otro/s medicamento/s con el mismo principio activo y para la misma vía de administración.,2026-09-21T15:06:00.706353,,
ES,Spain,AEMPS,"AMLODIPINO/RAMIPRIL ARISTO 10 MG/10 MG CAPSULAS DURAS, 30 cápsulas","RAMIPRIL, AMLODIPINO BESILATO",,,728396,2026-05-29,2026-10-15,shortage,Cese de comercialización temporal,Existe/n otro/s medicamento/s con los mismos principios activos y para la misma vía de administración.,2026-09-21T15:06:00.706363,,
ES,Spain,AEMPS,"CISATRACURIO KALCEKS 2 MG/ML SOLUCION INYECTABLE Y PARA PERFUSION EFG, 5 ampollas de 10 ml",CISATRACURIO BESILATO,,,731343,2026-05-29,,shortage,10,La AEMPS ha autorizado unidades por comercialización excepcional. en un idioma distinto al castellano,2026-09-21T15:06:00.706368,,
ES,Spain,AEMPS,"GENTA GOBENS 80 MG/ML SOLUCION INYECTABLE Y PARA PERFUSION, 50 viales de 3 ml",GENTAMICINA SULFATO,,,624577,2026-05-29,,shortage,Problemas de suministro (con alternativa),Existe/n otro/s medicamento/s con el mismo principio activo y para la misma vía de administración.,2026-09-21T15:06:00.706373,J01GB03,
ES,Spain,AEMPS,"LEVODOPA/CARBIDOPA/ENTACAPONA CINFA 50 MG/12,5 MG/200MG COMPRIMIDOS RECUBIERTOS CON PELICULA EFG , 100 comprimidos","LEVODOPA, CARBIDOPA, ENTACAPONA",,,705813,2026-05-29,2026-10-16,shortage,Cese de comercialización temporal,Existe/n otro/s medicamento/s con los mismos principios activos y para la misma vía de administración.,2026-09-21T15:06:00.706382,,
ES,Spain,AEMPS,"MINOXIDIL CINFA 50 MG/ML SOLUCION CUTANEA, 2 frascos de 120 ml",MINOXIDIL,,,726525,2026-05-29,2026-11-27,shortage,Problemas de suministro (con alternativa),Existe/n otro/s medicamento/s con el mismo principio activo y para la misma vía de administración.,2026-09-21T15:06:00.706392,D11AX01,69795
ES,Spain,AEMPS,"VALSARTAN HIDROCLOROTIAZIDA VIATRIS 160 MG/12.5 MG COMPRIMIDOS RECUBIERTOS CON PELICULA EFG, 28 comprimidos","VALSARTAN, HIDROCLOROTIAZIDA",,,693585,2026-05-29,2026-10-07,shortage,Cese de comercialización temporal,Existe/n otro/s medicamento/s con los mismos principios activos y para la misma vía de administración.,2026-09-21T15:06:00.706402,,
ES,Spain,AEMPS,"DOCETAXEL HIKMA 160 MG/8 ML CONCENTRADO PARA SOLUCION PARA PERFUSION EFG, 1 vial de 8 ml",DOCETAXEL,,,766240,2026-05-28,2026-10-09,shortage,Problemas de suministro (con alternativa),Existe/n otro/s medicamento/s con el mismo principio activo y para la misma vía de administración.,2026-09-21T15:06:00.706411,L01CD02,94234
ES,Spain,AEMPS,"HYRIMOZ 80 MG SOLUCION INYECTABLE EN PLUMA PRECARGADA, 1 pluma precargada de 0,8 ml",ADALIMUMAB,,,762473,2026-05-28,2026-10-07,shortage,10,La AEMPS ha autorizado unidades por comercialización excepcional. acondicionadas en un idioma distinto al castellano.,2026-09-21T15:06:00.706424,L04AB04,
ES,Spain,AEMPS,"ITRACONAZOL STADA 100 MG CAPSULAS DURAS EFG , 14 cápsulas",ITRACONAZOL,,,697584,2026-05-28,2026-10-08,shortage,Problemas de suministro (con alternativa),Existe/n otro/s medicamento/s con el mismo principio activo y para la misma vía de administración.,2026-09-21T15:06:00.706434,J02AC02,32336
ES,Spain,AEMPS,"OLMESARTAN/AMLODIPINO/HIDROCLOROTIAZIDA KERN PHARMA 40 MG/10 MG/25 MG COMPRIMIDOS RECUBIERTOS CON PELICULA EFG, 28 comprimidos","OLMESARTAN MEDOXOMILO, AMLODIPINO BESILATO, HIDROCLOROTIAZIDA",,,728724,2026-05-28,2026-11-20,shortage,Cese de comercialización temporal,Existe/n otro/s medicamento/s con los mismos principios activos y para la misma vía de administración.,2026-09-21T15:06:00.706444,,
ES,Spain,AEMPS,"RISPERIDONA VIATRIS 2 MG COMPRIMIDOS RECUBIERTOS CON PELICULA EFG, 60 comprimidos",RISPERIDONA,,,667266,2026-05-28,2027-05-07,shortage,Problemas de suministro de materias primas,Suministro sólo a hospitales.,2026-09-21T15:06:00.706453,N05AX08,37729
ES,Spain,AEMPS,"ATOMOXETINA CINFA 40 MG CAPSULAS DURAS EFG, 7 cápsulas (Blister PVC/PE/PCTFE-Al)",ATOMOXETINA HIDROCLORURO,,,719110,2026-05-27,2026-09-30,shortage,Problemas de suministro (con alternativa),Existe/n otro/s medicamento/s con el mismo principio activo y para la misma vía de administración. Está disponible Atamax 40 mg 7 capsulas y Atomoxetina Tarbis 40 mg 28 capsulas,2026-09-21T15:06:00.706463,N06BA09,76732
ES,Spain,AEMPS,"ATOMOXETINA CINFA 80 MG CASULAS DURAS EFG, 28 cápsulas (Blister PVC/PE/PCTFE-Al)",ATOMOXETINA HIDROCLORURO,,,719119,2026-05-27,2026-09-30,shortage,"Problemas de suministro (sin alternativa, medicamento extranjero)",Se puede solicitar como medicamento extranjero.,2026-09-21T15:06:00.706473,N06BA09,89494
ES,Spain,AEMPS,"ATOMOXETINA CINFA 60 MG CAPSULAS DURAS EFG, 28 cápsulas (Blister PVC/PE/PCTFE-Al)",ATOMOXETINA HIDROCLORURO,,,719116,2026-05-26,2026-09-30,shortage,"Problemas de suministro (sin alternativa, medicamento extranjero)",Se puede solicitar como medicamento extranjero.,2026-09-21T15:06:00.706483,N06BA09,76740
ES,Spain,AEMPS,"CITARABINA ACCORD 100 mg/ml SOLUCION INYECTABLE Y PARA PERFUSION , 1 vial de 5 ml",CITARABINA,,,682433,2026-05-26,2026-11-30,shortage,Problemas de suministro (con alternativa),Existe/n otro/s medicamento/s con el mismo principio activo y para la misma vía de administración.,2026-09-21T15:06:00.706492,L01BC01,104477
ES,Spain,AEMPS,"ROSUVASTATINA VIATRIS 5 MG COMPRIMIDOS RECUBIERTOS CON PELICULA EFG, 28 comprimidos",ROSUVASTATINA  CALCICA,,,698524,2026-05-26,2027-02-09,shortage,Problemas de suministro (con alternativa),Existe/n otro/s medicamento/s con el mismo principio activo y para la misma vía de administración.,2026-09-21T15:06:00.706503,C10AA07,201030
ES,Spain,AEMPS,"CITALOPRAM TEVA-RATIOPHARM 10 MG COMPRIMIDOS RECUBIERTOS CON PELICULA, 28 comprimidos",CITALOPRAM HIDROBROMURO,,,650472,2026-05-25,,shortage,Problemas de suministro (con alternativa),Existe/n otro/s medicamento/s con el mismo principio activo y para la misma vía de administración.,2026-09-21T15:06:00.706508,N06AB04,61077
ES,Spain,AEMPS,"FLEXRESAN 10 mg CAPSULAS BLANDAS , 50 cápsulas",ISOTRETINOINA,,,734822,2026-05-25,2027-01-31,shortage,Problemas de suministro (con alternativa),Existe/n otro/s medicamento/s con el mismo principio activo y para la misma vía de administración.,2026-09-21T15:06:00.706518,D10BA01,69493
ES,Spain,AEMPS,"OXIGENO MEDICINAL GAS AIR LIQUIDE  99,5% V/V 300 BAR GAS COMPRIMIDO MEDICINAL, 1 bala de gas de 2 l",OXIGENO,,,764984,2026-05-25,2027-04-01,shortage,Problemas de suministro (con alternativa),Existe/n otro/s medicamento/s con el mismo principio activo y para la misma vía de administración.,2026-09-21T15:06:00.706527,,
ES,Spain,AEMPS,"RISPERIDONA VIATRIS 3 MG COMPRIMIDOS RECUBIERTOS CON PELICULA EFG, 60 comprimidos",RISPERIDONA,,,667271,2026-05-25,2027-05-07,shortage,Problemas de suministro (con alternativa),Existe/n otro/s medicamento/s con el mismo principio activo y para la misma vía de administración.,2026-09-21T15:06:00.706539,N05AX08,37737
ES,Spain,AEMPS,"ROVAMYCINE 1,5 millones de UI COMPRIMIDOS RECUBIERTOS CON PELÍCULA , 24 comprimidos",ESPIRAMICINA,,,819722,2026-05-25,2029-04-01,shortage,"Problemas de suministro (sin alternativa, medicamento extranjero)",Se puede solicitar como medicamento extranjero.,2026-09-21T15:06:00.706549,J01FA01,
ES,Spain,AEMPS,"BUPROPION SANDOZ 150 MG COMPRIMIDOS DE LIBERACION MODIFICADA EFG , 30 comprimidos",BUPROPION HIDROCLORURO,,,706437,2026-05-22,2026-09-30,shortage,Problemas de suministro (con alternativa),Existe/n otro/s medicamento/s con el mismo principio activo y para la misma vía de administración.,2026-09-21T15:06:00.706559,N06AX12,82880
ES,Spain,AEMPS,"GELIDINA 0,25 MG/G GEL , 1 tubo de 30 g",FLUOCINOLONA ACETONIDO,,,762633,2026-05-22,2026-10-30,shortage,Problemas de suministro (con alternativa),Existe/n otro/s medicamento/s con el mismo principio activo y para la misma vía de administración.,2026-09-21T15:06:00.706569,D07AC01,204315
ES,Spain,AEMPS,"ALCOMON REFORZADO 96º SOLUCION CUTANEA, 1 frasco de 1.000 ml","ETANOL (96%), CETILPIRIDINIO CLORURO",,,976993,2026-05-21,2026-09-30,shortage,Problemas de suministro (con alternativa),Existe/n otro/s medicamento/s con el mismo principio activo y para la misma vía de administración.,2026-09-21T15:06:00.706579,,
ES,Spain,AEMPS,"ARIPIPRAZOL MYLAN PHARMA 10 mg COMPRIMIDOS EFG, 28 comprimidos",ARIPIPRAZOL,,,730923,2026-05-21,,shortage,Problemas de suministro (con alternativa),Existe/n otro/s medicamento/s con el mismo principio activo y para la misma vía de administración.,2026-09-21T15:06:00.706584,N05AX12,75248
ES,Spain,AEMPS,"CUMBRAN 1,5 MG COMPRIMIDO EFG , 1 comprimido",LEVONORGESTREL,,,703088,2026-05-21,2026-11-03,shortage,11,Existen tratamientos alternativos no sujetos a prescripción.,2026-09-21T15:06:00.706594,G03AC03,
ES,Spain,AEMPS,"DAKTARIN 20 MG/G CREMA, 1 tubo de 40 g",MICONAZOL NITRATO,,,654138,2026-05-21,,shortage,Otros problemas de suministro,El médico prescriptor deberá determinar la posibilidad de utilizar otros tratamientos comercializados.,2026-09-21T15:06:00.706599,G01AF01,2461
ES,Spain,AEMPS,"FLUVASTATINA VIATRIS 40 MG CAPSULAS DURAS EFG, 28 cápsulas",FLUVASTATINA SODICA,,,664260,2026-05-21,2027-05-04,shortage,Problemas de suministro (con alternativa),Existe/n otro/s medicamento/s con el mismo principio activo y para la misma vía de administración.,2026-09-21T15:06:00.706609,C10AA08,39144
ES,Spain,AEMPS,"LANSOPRAZOL VIATRIS 30 MG CAPSULAS GASTRORRESISTENTES EFG, 28 cápsulas",LANSOPRAZOL,,,682512,2026-05-21,2027-04-06,shortage,Problemas de suministro (con alternativa),Existe/n otro/s medicamento/s con el mismo principio activo y para la misma vía de administración.,2026-09-21T15:06:00.706619,A02BC03,79391
ES,Spain,AEMPS,"MENALCOL REFORZADO 70º SOLUCIÓN CUTÁNEA, 1 frasco","CLORHEXIDINA DIGLUCONATO, ETANOL (70%)",,,995175,2026-05-21,,shortage,11,Existen tratamientos alternativos no sujetos a prescripción.,2026-09-21T15:06:00.706624,,
ES,Spain,AEMPS,"BENDAMUSTINA ACCORD 25 MG/ML CONCENTRADO PARA SOLUCION PARA PERFUSION , 5 viales de 4 ml",BENDAMUSTINA HIDROCLORURO MONOHIDRATO,,,757975,2026-05-20,2026-12-31,shortage,Problemas de suministro (con alternativa),Existe/n otro/s medicamento/s con el mismo principio activo y para la misma vía de administración.,2026-09-21T15:06:00.706633,L01BC04,
ES,Spain,AEMPS,"FAMCICLOVIR PENSA 125 mg COMPRIMIDOS RECUBIERTOS CON PELICULA EFG, 10 comprimidos",FAMCICLOVIR,,,694959,2026-05-20,2026-09-30,shortage,Problemas de suministro (con alternativa),Existe/n otro/s medicamento/s con el mismo principio activo y para la misma vía de administración.,2026-09-21T15:06:00.706643,J05AB09,
ES,Spain,AEMPS,"OMNIPAQUE 300 mg Iodo /ml SOLUCION INYECTABLE, 10 frascos de 50 ml",IOHEXOL,,,607581,2026-05-20,2026-10-31,shortage,Problemas de suministro (con alternativa),Existe/n otro/s medicamento/s con el mismo principio activo y para la misma vía de administración.,2026-09-21T15:06:00.706653,V08AB02,18481
ES,Spain,AEMPS,"QUETIAPINA KERN PHARMA 400 MG COMPRIMIDOS DE LIBERACION PROLONGADA EFG, 60 comprimidos",QUETIAPINA HEMIFUMARATO,,,695793,2026-05-20,2026-11-23,shortage,Problemas de suministro (con alternativa),Existe/n otro/s medicamento/s con el mismo principio activo y para la misma vía de administración.,2026-09-21T15:06:00.706662,N05AH04,84212
ES,Spain,AEMPS,"NEUROLITE 900 MICROGRAMOS EQUIPO DE REACTIVOS PARA PREPARACION RADIOFARMACEUTICA , 1 vial de 5 ml + 1 vial de disolvente","BICISATO DIHIDROCLORURO, ESTAÑO CLORURO DIHIDRATO",,,682625,2026-05-19,,shortage,Otros problemas de suministro,El médico prescriptor deberá determinar la posibilidad de utilizar otros tratamientos comercializados.,2026-09-21T15:06:00.706667,,
ES,Spain,AEMPS,"OLANZAPINA FLAS VIATRIS 5 MG COMPRIMIDOS BUCODISPERSABLES EFG, 28 comprimidos",OLANZAPINA,,,693431,2026-05-19,2027-04-07,shortage,Problemas de suministro (con alternativa),Existe/n otro/s medicamento/s con el mismo principio activo y para la misma vía de administración.,2026-09-21T15:06:00.706677,N05AH03,60941
ES,Spain,AEMPS,"ENALAPRIL NORMON 5 mg  COMPRIMIDOS EFG, 10 comprimidos",ENALAPRIL MALEATO,,,833350,2026-05-18,2026-10-30,shortage,Problemas de suministro (con alternativa),Existe/n otro/s medicamento/s con el mismo principio activo y para la misma vía de administración.,2026-09-21T15:06:00.706687,C09AA02,23698
ES,Spain,AEMPS,"ENALAPRIL NORMON 5 mg  COMPRIMIDOS EFG, 60 comprimidos",ENALAPRIL MALEATO,,,833657,2026-05-18,2026-11-30,shortage,Problemas de suministro (con alternativa),Existe/n otro/s medicamento/s con el mismo principio activo y para la misma vía de administración.,2026-09-21T15:06:00.706696,C09AA02,23698
ES,Spain,AEMPS,"CORONUR 20 mg COMPRIMIDOS, 80 comprimidos",ISOSORBIDA MONONITRATO,,,981795,2026-05-14,,shortage,Problemas de suministro (con alternativa),Existe/n otro/s medicamento/s con el mismo principio activo y para la misma vía de administración.,2026-09-21T15:06:00.706701,C01DA08,4332
ES,Spain,AEMPS,"SOGILEN 1 mg COMPRIMIDOS,20 comprimidos",CABERGOLINA,,,716281,2026-05-14,2026-10-09,shortage,Problemas de suministro (con alternativa),Existe/n otro/s medicamento/s con el mismo principio activo y para la misma vía de administración.,2026-09-21T15:06:00.706711,G02CB03,
ES,Spain,AEMPS,"CELESTONE CRONODOSE  SUSPENSION INYECTABLE , 1 vial de 2 ml","BETAMETASONA ACETATO, BETAMETASONA FOSFATO SODIO",,,806745,2026-05-11,2026-10-30,shortage,9,El titular de autorización de comercialización está realizando una distribución controlada al existir unidades limitadas.,2026-09-21T15:06:00.706721,,
ES,Spain,AEMPS,"DESLORATADINA KERN PHARMA 0,5 MG/ML SOLUCION ORAL EFG, 120 ml, frasco plástico",DESLORATADINA,,,698215,2026-05-11,2026-11-13,shortage,Problemas de suministro (con alternativa),Existe/n otro/s medicamento/s con el mismo principio activo y para la misma vía de administración.,2026-09-21T15:06:00.706730,R06AX27,86886
ES,Spain,AEMPS,"ETORICOXIB VIATRIS 120 MG COMPRIMIDOS RECUBIERTOS CON PELICULA EFG, 7 comprimidos (monodosis)",ETORICOXIB,,,710272,2026-05-11,2026-12-25,shortage,Problemas de suministro (con alternativa),Existe/n otro/s medicamento/s con el mismo principio activo y para la misma vía de administración.,2026-09-21T15:06:00.706740,M01AH05,66761
ES,Spain,AEMPS,"FLUOXETINA VIATRIS 20 MG COMPRIMIDOS DISPERSABLES EFG, 28 comprimidos",FLUOXETINA HIDROCLORURO,,,656201,2026-05-11,2026-10-21,shortage,Problemas de suministro (con alternativa),Existe/n otro/s medicamento/s con el mismo principio activo y para la misma vía de administración.,2026-09-21T15:06:00.706750,N06AB03,68039
ES,Spain,AEMPS,"OLMESARTAN/AMLODIPINO/HIDROCLOROTIAZIDA PENSA 40 MG/5 MG/12,5 MG COMPRIMIDOS RECUBIERTOS CON PELICULA EFG, 28 comprimidos","OLMESARTAN MEDOXOMILO, AMLODIPINO BESILATO, HIDROCLOROTIAZIDA",,,727835,2026-05-11,,shortage,Cese de comercialización temporal,Existe/n otro/s medicamento/s con los mismos principios activos y para la misma vía de administración.,2026-09-21T15:06:00.706754,,
ES,Spain,AEMPS,ZIPRASIDONA SANDOZ 60 MG CAPSULAS DURAS EFG 56 cápsulas,ZIPRASIDONA MONOHIDRATO,,,693365,2026-05-11,2026-10-28,shortage,Problemas de suministro (con alternativa),Existe/n otro/s medicamento/s con el mismo principio activo y para la misma vía de administración.,2026-09-21T15:06:00.706764,N05AX12,
ES,Spain,AEMPS,"APREMILAST TEVA 10 MG + 20 MG + 30 MG COMPRIMIDOS RECUBIERTOS CON PELICULA EFG, 27 comprimidos (4 x 10 mg + 4 x 20 mg + 19 x 30 mg)","APREMILAST, APREMILAST, APREMILAST",,,765651,2026-05-08,2026-10-30,shortage,Problemas de suministro (con alternativa),Existe/n otro/s medicamento/s con el mismo principio activo y para la misma vía de administración.,2026-09-21T15:06:00.706774,,
ES,Spain,AEMPS,"BOSENTAN KERN PHARMA 125 MG COMPRIMIDOS RECUBIERTOS CON PELICULA EFG , 56 comprimidos",BOSENTAN MONOHIDRATO,,,707225,2026-05-08,2026-12-31,shortage,Problemas de suministro (con alternativa),Existe/n otro/s medicamento/s con el mismo principio activo y para la misma vía de administración.,2026-09-21T15:06:00.706786,C02KX01,67377
ES,Spain,AEMPS,"DONEPEZILO VIATRIS 5 MG COMPRIMIDOS RECUBIERTOS CON PELICULA EFG, 28 comprimidos",DONEPEZILO HIDROCLORURO,,,662295,2026-05-08,2027-02-09,shortage,Problemas de suministro (con alternativa),Existe/n otro/s medicamento/s con el mismo principio activo y para la misma vía de administración.,2026-09-21T15:06:00.706796,N06DA02,106550
ES,Spain,AEMPS,"VORICONAZOL ACCORD 200 MG POLVO PARA SOLUCION PARA PERFUSION EFG , 1 vial de 30 ml",VORICONAZOL,,,706262,2026-05-08,2026-09-30,shortage,Problemas de suministro (con alternativa),Existe/n otro/s medicamento/s con el mismo principio activo y para la misma vía de administración.,2026-09-21T15:06:00.706806,J02AC03,63622
ES,Spain,AEMPS,"AMCHAFIBRIN 500 MG COMPRIMIDOS RECUBIERTOS CON PELICULA, 30 comprimidos",TRANEXAMICO ACIDO,,,759185,2026-05-07,2026-10-30,shortage,9,El titular de autorización de comercialización está realizando una distribución controlada al existir unidades limitadas.,2026-09-21T15:06:00.706815,B02AA02,4626
ES,Spain,AEMPS,"CEFTAZIDIMA SALA 1.000 mg POLVO PARA SOLUCION PARA PERFUSION EFG , 50 viales",CEFTAZIDIMA PENTAHIDRATO,,,600633,2026-05-07,2026-11-09,shortage,Problemas de suministro (con alternativa),Existe/n otro/s medicamento/s con el mismo principio activo y para la misma vía de administración.,2026-09-21T15:06:00.706825,J01DD01,22195
ES,Spain,AEMPS,"EULITOP RETARD 400 mg COMPRIMIDOS DE LIBERACION PROLONGADA , 30 comprimidos",BEZAFIBRATO,,,971408,2026-05-07,2026-10-30,shortage,Otros problemas de suministro,El médico prescriptor deberá determinar la posibilidad de utilizar otros tratamientos comercializados.,2026-09-21T15:06:00.706835,C10AB02,
ES,Spain,AEMPS,"OLMESARTAN/AMLODIPINO/HIDROCLOROTIAZIDA VISO FARMACEUTICA 20 MG/5 MG/12,5 COMPRIMIDOS RECUBIERTOS CON PELICULA EFG, 28 comprimidos","OLMESARTAN MEDOXOMILO, AMLODIPINO BESILATO, HIDROCLOROTIAZIDA",,,731383,2026-05-07,2026-11-30,shortage,Cese de comercialización temporal,Existe/n otro/s medicamento/s con los mismos principios activos y para la misma vía de administración.,2026-09-21T15:06:00.706844,,
ES,Spain,AEMPS,"DICRISOL 5 MG COMPRIMIDOS RECUBIERTOS CON PELICULA EFG, 30 comprimidos",SOLIFENACINA SUCCINATO,,,719985,2026-05-05,,shortage,Problemas de suministro (con alternativa),Existe/n otro/s medicamento/s con el mismo principio activo y para la misma vía de administración.,2026-09-21T15:06:00.706849,G04BD07,
ES,Spain,AEMPS,"GABAPENTINA VISO FARMACEUTICA 600 MG COMPRIMIDOS RECUBIERTOS CON PELICULA EFG, 90 comprimidos",GABAPENTINA,,,718927,2026-05-05,2026-11-30,shortage,Problemas de suministro (con alternativa),Existe/n otro/s medicamento/s con el mismo principio activo y para la misma vía de administración.,2026-09-21T15:06:00.706859,N02BF01,57541
ES,Spain,AEMPS,"LACOSAMIDA ALTER 50 MG COMPRIMIDOS RECUBIERTOS CON PELICULA EFG, 14 comprimidos",LACOSAMIDA,,,727251,2026-05-05,2026-09-30,shortage,Problemas de suministro (con alternativa),Existe/n otro/s medicamento/s con el mismo principio activo y para la misma vía de administración.,2026-09-21T15:06:00.706868,N03AX18,89036
ES,Spain,AEMPS,"IRUXOL MONO POMADA, 1 tubo de 30 g","CLOSTRIDIOPEPTIDASA, PROTEASAS",,,771808,2026-05-04,,shortage,Otros problemas de suministro,El médico prescriptor deberá determinar la posibilidad de utilizar otros tratamientos comercializados.,2026-09-21T15:06:00.706873,,
ES,Spain,AEMPS,"PERINDOPRIL/INDAPAMIDA VISO FARMACEUTICA 2 MG/0.625 MG COMPRIMIDOS EFG , 30 comprimidos","PERINDOPRIL ERBUMINA, INDAPAMIDA",,,685666,2026-04-30,,shortage,Cese de comercialización temporal,Existe/n otro/s medicamento/s con los mismos principios activos y para la misma vía de administración.,2026-09-21T15:06:00.706878,,
ES,Spain,AEMPS,"PREGABALINA VIATRIS 300 MG CAPSULAS DURAS EFG, UNIDOSIS 56 capsulas",PREGABALINA,,,707336,2026-04-30,2026-10-01,shortage,Problemas de suministro (con alternativa),Existe/n otro/s medicamento/s con el mismo principio activo y para la misma vía de administración.,2026-09-21T15:06:00.706888,N02BF02,75736
ES,Spain,AEMPS,"RIVASTIGMINA STADAFARMA 4,5 MG CAPSULAS DURAS EFG, 56 cápsulas",RIVASTIGMINA HIDROGENO TARTRATO,,,693631,2026-04-29,2026-11-13,shortage,Problemas de suministro (con alternativa),Existe/n otro/s medicamento/s con el mismo principio activo y para la misma vía de administración.,2026-09-21T15:06:00.706897,N06DA03,50180
ES,Spain,AEMPS,"GLIMEPIRIDA NORMON 2 mg COMPRIMIDOS EFG, 30 comprimidos",GLIMEPIRIDA,,,653747,2026-04-28,2027-02-15,shortage,Problemas de suministro (con alternativa),Existe/n otro/s medicamento/s con el mismo principio activo y para la misma vía de administración.,2026-09-21T15:06:00.706907,A10BB12,44431
ES,Spain,AEMPS,"LONITEN 10 mg comprimidos , 30 comprimidos",MINOXIDIL,,,950675,2026-04-28,2026-09-24,shortage,9,El titular de autorización de comercialización está realizando una distribución controlada al existir unidades limitadas.,2026-09-21T15:06:00.706917,C02DC01,
ES,Spain,AEMPS,"DEFERASIROX VISO FARMACEUTICA 90 MG COMPRIMIDOS RECUBIERTOS CON PELICULA EFG, 30 comprimidos (Al/PVC/PVDC)",DEFERASIROX,,,732489,2026-04-24,2026-09-30,shortage,Problemas de suministro (con alternativa),Existe/n otro/s medicamento/s con el mismo principio activo y para la misma vía de administración.,2026-09-21T15:06:00.706926,V03AC03,137189
ES,Spain,AEMPS,"PRAVASTATINA VIATRIS 20 MG COMPRIMIDOS EFG, 28 comprimidos",PRAVASTATINA SODICA,,,678586,2026-04-24,2027-03-23,shortage,Problemas de suministro (con alternativa),Existe/n otro/s medicamento/s con el mismo principio activo y para la misma vía de administración.,2026-09-21T15:06:00.706936,C10AA04,31089
ES,Spain,AEMPS,ATAMAX 25 MG CAPSULAS DURAS EFG 28 cápsulas,ATOMOXETINA HIDROCLORURO,,,718816,2026-04-23,2026-09-30,shortage,Problemas de suministro (con alternativa),Existe/n otro/s medicamento/s con el mismo principio activo y para la misma vía de administración. Está disponible Atomoxetina Tarbis 25 mg 28 caps,2026-09-21T15:06:00.706946,N06BA09,76724
ES,Spain,AEMPS,"IOMERON 300 MG IODO/ML SOLUCIÓN INYECTABLE ,1 frasco de 500 ml",IOMEPROL,,,607455,2026-04-23,2026-12-31,shortage,9,El titular de autorización de comercialización está realizando una distribución controlada al existir unidades limitadas.,2026-09-21T15:06:00.706956,V08AB10,52124
ES,Spain,AEMPS,"IOMERON 350 MG IODO/ML SOLUCIÓN INYECTABLE ,1 frasco de 500 ml",IOMEPROL,,,607456,2026-04-23,2026-12-31,shortage,9,El titular de autorización de comercialización está realizando una distribución controlada al existir unidades limitadas.,2026-09-21T15:06:00.706965,V08AB10,65595
ES,Spain,AEMPS,"IOMERON 400 MG IODO/ML SOLUCIÓN INYECTABLE ,1 frasco de 500 ml",IOMEPROL,,,607458,2026-04-23,2026-12-31,shortage,Problemas de suministro (con alternativa),Existe/n otro/s medicamento/s con el mismo principio activo y para la misma vía de administración.,2026-09-21T15:06:00.706975,V08AB10,
ES,Spain,AEMPS,"ACIDO VALPROICO AUROVITAS 500 MG COMPRIMIDOS DE LIBERACION PROLONGADA EFG, 100 comprimidos","VALPROATO SODIO, VALPROICO ACIDO",,,726898,2026-04-22,2026-12-31,shortage,Problemas de suministro (con alternativa),Existe/n otro/s medicamento/s con el mismo principio activo y para la misma vía de administración.,2026-09-21T15:06:00.706984,,
ES,Spain,AEMPS,"CARDIOXANE 500 mg POLVO PARA SOLUCION PARA PERFUSION, 1 vial",DEXRAZOXANO,,,654125,2026-04-22,,shortage,"Problemas de suministro (sin alternativa, medicamento extranjero)",Se puede solicitar como medicamento extranjero.,2026-09-21T15:06:00.706989,L01XX35,77526
ES,Spain,AEMPS,"ATOMOXETINA TARBIS 60 MG CÁPSULAS DURAS EFG, 28 cápsulas",ATOMOXETINA HIDROCLORURO,,,764206,2026-04-21,2026-09-30,shortage,"Problemas de suministro (sin alternativa, medicamento extranjero)",Se puede solicitar como medicamento extranjero.,2026-09-21T15:06:00.707000,N06BA09,76740
ES,Spain,AEMPS,"DONEPEZILO FLAS VIATRIS PHARMACEUTICALS 10 MG COMPRIMIDOS BUCODISPERSABLES EFG, 28 comprimidos",DONEPEZILO HIDROCLORURO,,,681265,2026-04-21,2026-12-21,shortage,Problemas de suministro (con alternativa),Existe/n otro/s medicamento/s con el mismo principio activo y para la misma vía de administración.,2026-09-21T15:06:00.707010,N06DA02,106550
ES,Spain,AEMPS,"ITRACONAZOL SANDOZ 100 mg CAPSULAS DURAS EFG , 14 cápsulas",ITRACONAZOL,,,695438,2026-04-21,,shortage,Problemas de suministro (con alternativa),Existe/n otro/s medicamento/s con el mismo principio activo y para la misma vía de administración.,2026-09-21T15:06:00.707014,J02AC02,32336
ES,Spain,AEMPS,"LOPESTOP 2 MG CAPSULAS DURAS , 20 cápsulas",LOPERAMIDA HIDROCLORURO,,,972166,2026-04-21,2026-09-30,shortage,11,Existen tratamientos alternativos no sujetos a prescripción.,2026-09-21T15:06:00.707024,A07DA03,3212
ES,Spain,AEMPS,"VALSARTAN HIDROCLOROTIAZIDA VIATRIS 160 MG/25 MG COMPRIMIDOS RECUBIERTOS CON PELICULA EFG, 28 comprimidos","VALSARTAN, HIDROCLOROTIAZIDA",,,693586,2026-04-21,,shortage,Problemas de suministro (con alternativa),Existe/n otro/s medicamento/s con el mismo principio activo y para la misma vía de administración.,2026-09-21T15:06:00.707029,,
ES,Spain,AEMPS,"ACIDO ACETILSALICILICO KERN PHARMA 100 MG COMPRIMIDOS GASTRORRESISTENTES EFG, 500 comprimidos",ACETILSALICILICO ACIDO,,,605913,2026-04-20,,shortage,Problemas de suministro (con alternativa),Existe/n otro/s medicamento/s con el mismo principio activo y para la misma vía de administración.,2026-09-21T15:06:00.707034,B01AC06,
ES,Spain,AEMPS,"GLIMEPIRIDA NORMON 2 mg COMPRIMIDOS EFG, 120 comprimidos",GLIMEPIRIDA,,,653746,2026-04-20,2027-02-15,shortage,Problemas de suministro (con alternativa),Existe/n otro/s medicamento/s con el mismo principio activo y para la misma vía de administración.,2026-09-21T15:06:00.707044,A10BB12,44431
ES,Spain,AEMPS,"DONEPEZILO FLAS VIATRIS PHARMACEUTICALS 5 MG COMPRIMIDOS BUCODISPERSABLES EFG, 28 comprimidos",DONEPEZILO HIDROCLORURO,,,681266,2026-04-17,2027-01-11,shortage,Problemas de suministro (con alternativa),Existe/n otro/s medicamento/s con el mismo principio activo y para la misma vía de administración.,2026-09-21T15:06:00.707053,N06DA02,106550
ES,Spain,AEMPS,"GABAPENTINA TEVA 100 mg CAPSULAS DURAS EFG , 90 cápsulas",GABAPENTINA,,,672391,2026-04-17,,shortage,Problemas de suministro (con alternativa),Existe/n otro/s medicamento/s con el mismo principio activo y para la misma vía de administración.,2026-09-21T15:06:00.707058,N02BF01,52817
ES,Spain,AEMPS,"RISPERIDONA VIATRIS 6 MG COMPRIMIDOS RECUBIERTOS CON PELICULA EFG, 30 comprimidos",RISPERIDONA,,,694930,2026-04-17,2027-05-07,shortage,Problemas de suministro (con alternativa),Existe/n otro/s medicamento/s con el mismo principio activo y para la misma vía de administración.,2026-09-21T15:06:00.707068,N05AX08,51381
ES,Spain,AEMPS,"ROCOZ PROLONG 50 MG COMPRIMIDOS DE LIBERACION PROLONGADA EFG, 60 comprimidos",QUETIAPINA FUMARATO,,,723384,2026-04-17,,shortage,Problemas de suministro (con alternativa),Existe/n otro/s medicamento/s con el mismo principio activo y para la misma vía de administración.,2026-09-21T15:06:00.707073,N05AH04,84182
ES,Spain,AEMPS,"CARMUSTINA ACCORDPHARMA 300 MG POLVO Y DISOLVENTE PARA CONCENTRADO PARA SOLUCION PARA PERFUSION, 1 vial polvo + 1 vial de disolvente de 9 ml",CARMUSTINA,,,758135,2026-04-15,,shortage,Problemas de suministro (con alternativa),Existe/n otro/s medicamento/s con el mismo principio activo y para la misma vía de administración.,2026-09-21T15:06:00.707078,L01AD01,37788
ES,Spain,AEMPS,"MIRTAZAPINA FLAS VIATRIS 15 MG COMPRIMIDOS BUCODISPERSABLES EFG, 30 comprimidos",MIRTAZAPINA,,,659506,2026-04-15,2026-10-09,shortage,Problemas de suministro (con alternativa),Existe/n otro/s medicamento/s con el mismo principio activo y para la misma vía de administración.,2026-09-21T15:06:00.707088,N06AX11,
ES,Spain,AEMPS,"ESCITALOPRAM VISO FARMACEUTICA 15 MG COMPRIMIDOS RECUBIERTOS CON PELICULA EFG , 28 comprimidos (Al/Al)",ESCITALOPRAM OXALATO,,,686854,2026-04-14,2026-11-30,shortage,Problemas de suministro (con alternativa),Existe/n otro/s medicamento/s con el mismo principio activo y para la misma vía de administración.,2026-09-21T15:06:00.707097,N06AB10,85081
ES,Spain,AEMPS,"ESCITALOPRAM VISO FARMACEUTICA 15 MG COMPRIMIDOS RECUBIERTOS CON PELICULA EFG,56 comprimidos",ESCITALOPRAM OXALATO,,,711007,2026-04-14,2026-11-30,shortage,Problemas de suministro (con alternativa),Existe/n otro/s medicamento/s con el mismo principio activo y para la misma vía de administración.,2026-09-21T15:06:00.707107,N06AB10,85081
ES,Spain,AEMPS,"EZETIMIBA/SIMVASTATINA VIATRIS 10 MG/40 MG COMPRIMIDOS EFG, 28 comprimidos","SIMVASTATINA, EZETIMIBA",,,708597,2026-04-13,2026-10-23,shortage,Cese de comercialización temporal,Existe/n otro/s medicamento/s con los mismos principios activos y para la misma vía de administración.,2026-09-21T15:06:00.707116,,
ES,Spain,AEMPS,"GALANTAMINA COMBIX 24 MG CAPSULAS DURAS DE LIBERACION PROLONGADA EFG , 28 cápsulas",GALANTAMINA HIDROBROMURO,,,696758,2026-04-10,2026-10-31,shortage,Problemas de suministro (con alternativa),Existe/n otro/s medicamento/s con el mismo principio activo y para la misma vía de administración.,2026-09-21T15:06:00.707128,N06DA01,
ES,Spain,AEMPS,LEVOFLOXACINO KERN PHARMA 5 mg/ml SOLUCION PARA PERFUSION EFG 10 frascos de 100 ml,LEVOFLOXACINO HEMIHIDRATO,,,605995,2026-04-10,2027-01-31,shortage,Problemas de suministro (con alternativa),Existe/n otro/s medicamento/s con el mismo principio activo y para la misma vía de administración.,2026-09-21T15:06:00.707138,J01MA12,97500
ES,Spain,AEMPS,"PILOCARPINA APOTHEKE 5 MG COMPRIMIDOS RECUBIERTOS CON PELICULA EFG, 84 comprimidos",PILOCARPINA HIDROCLORURO,,,762478,2026-04-10,,shortage,Problemas de suministro (con alternativa),Existe/n otro/s medicamento/s con el mismo principio activo y para la misma vía de administración.,2026-09-21T15:06:00.707143,N07AX01,
ES,Spain,AEMPS,"GALANTAMINA TEVA-RATIO 16 MG CAPSULAS DURAS  DE LIBERACION PROLONGADA EFG, 28 cápsulas",GALANTAMINA HIDROBROMURO,,,697878,2026-04-09,,shortage,Problemas de suministro (con alternativa),Existe/n otro/s medicamento/s con el mismo principio activo y para la misma vía de administración.,2026-09-21T15:06:00.707148,N06DA01,
ES,Spain,AEMPS,"GALANTAMINA TEVA-RATIO 24 MG CAPSULAS DURAS  DE LIBERACION PROLONGADA EFG, 28 cápsulas",GALANTAMINA HIDROBROMURO,,,697879,2026-04-09,,shortage,Problemas de suministro (con alternativa),Existe/n otro/s medicamento/s con el mismo principio activo y para la misma vía de administración.,2026-09-21T15:06:00.707153,N06DA01,
ES,Spain,AEMPS,"RISPERIDONA SANDOZ 6 mg COMPRIMIDOS RECUBIERTOS CON PELICULA EFG , 60 comprimidos",RISPERIDONA,,,652290,2026-04-09,2026-09-30,shortage,Problemas de suministro (con alternativa),Existe/n otro/s medicamento/s con el mismo principio activo y para la misma vía de administración.,2026-09-21T15:06:00.707163,N05AX08,51381
ES,Spain,AEMPS,"ATORVASTATINA VIATRIS 20 MG COMPRIMIDOS RECUBIERTOS CON PELICULA EFG, 28 comprimidos (OPA/Al/PVC/Al)",ATORVASTATINA,,,693688,2026-04-08,,shortage,Problemas de suministro (con alternativa),Existe/n otro/s medicamento/s con el mismo principio activo y para la misma vía de administración.,2026-09-21T15:06:00.707168,C10AA05,98612
ES,Spain,AEMPS,"MONTELUKAST VIATRIS 5 MG COMPRIMIDOS MASTICABLES EFG, 28 comprimidos (Al/Al)",MONTELUKAST SODICO,,,680715,2026-04-08,2027-03-24,shortage,Problemas de suministro (con alternativa),Existe/n otro/s medicamento/s con el mismo principio activo y para la misma vía de administración.,2026-09-21T15:06:00.707178,R03DC03,52043
ES,Spain,AEMPS,"CEFOTAXIMA SALA 1G POLVO PARA SOLUCION INYECTABLE EFG, 100 viales",CEFOTAXIMA SODICA,,,606061,2026-04-07,2026-11-14,shortage,Problemas de suministro (con alternativa),Existe/n otro/s medicamento/s con el mismo principio activo y para la misma vía de administración.,2026-09-21T15:06:00.707188,J01DD01,37168
ES,Spain,AEMPS,"CANDESARTAN/HIDROCLOROTIAZIDA VIATRIS 16 MG/12,5 MG COMPRIMIDOS EFG, 28 comprimidos","CANDESARTAN CILEXETILO, HIDROCLOROTIAZIDA",,,697438,2026-04-06,2027-03-09,shortage,Cese de comercialización temporal,Existe/n otro/s medicamento/s con los mismos principios activos y para la misma vía de administración.,2026-09-21T15:06:00.707198,,
ES,Spain,AEMPS,"CEFTAZIDIMA SALA 2.000 mg POLVO PARA SOLUCION PARA PERFUSION EFG , 50 viales",CEFTAZIDIMA PENTAHIDRATO,,,600634,2026-04-01,2026-11-14,shortage,Problemas de suministro (con alternativa),Existe/n otro/s medicamento/s con el mismo principio activo y para la misma vía de administración.,2026-09-21T15:06:00.707208,J01DD01,22209
ES,Spain,AEMPS,"PERINDOPRIL/INDAPAMIDA VISO FARMACEUTICA 4 MG/1,25 MG COMPRIMIDOS EFG , 30 comprimidos","PERINDOPRIL ERBUMINA, INDAPAMIDA",,,685670,2026-04-01,2026-09-30,shortage,Cese de comercialización temporal,Existe/n otro/s medicamento/s con los mismos principios activos y para la misma vía de administración.,2026-09-21T15:06:00.707218,,
ES,Spain,AEMPS,"ZANOSAR 1 G POLVO PARA CONCENTRADO PARA SOLUCION PARA PERFUSION, 1 vial",ESTREPTOZOCINA,,,722014,2026-04-01,2026-10-02,shortage,10,"La AEMPS ha autorizado unidades por comercialización excepcional. Se ha autorizado la puesta en el mercado de unidades en otro idioma, Francés.",2026-09-21T15:06:00.707228,L01XX01,
ES,Spain,AEMPS,ATAMAX 10 MG CAPSULAS DURAS EFG 28 cápsulas,ATOMOXETINA HIDROCLORURO,,,718812,2026-03-31,2026-09-30,shortage,Problemas de suministro (con alternativa),Existe/n otro/s medicamento/s con el mismo principio activo y para la misma vía de administración. Está disponible Atomoxetina Tarbis 10 mg 28 capsulas,2026-09-21T15:06:00.707238,N06BA09,76708
ES,Spain,AEMPS,"CLOFARABINA ACCORD 1 MG/ML CONCENTRADO PARA SOLUCION PARA PERFUSION EFG, 1 vial de 20 ml",CLOFARABINA,,,727244,2026-03-31,,shortage,Problemas de suministro (con alternativa),Existe/n otro/s medicamento/s con el mismo principio activo y para la misma vía de administración.,2026-09-21T15:06:00.707243,L01BB06,
ES,Spain,AEMPS,"FLAGYL 500 mg COMPRIMIDOS VAGINALES , 10 comprimidos",METRONIDAZOL,,,758177,2026-03-30,2026-09-30,shortage,Otros problemas de suministro,El médico prescriptor deberá determinar la posibilidad de utilizar otros tratamientos comercializados.,2026-09-21T15:06:00.707253,G01AF01,
ES,Spain,AEMPS,"TADALAFILO MYLAN 20 MG COMPRIMIDOS RECUBIERTOS CON PELICULA EFG, 8 comprimidos",TADALAFILO,,,715597,2026-03-30,,shortage,Problemas de suministro (con alternativa),Existe/n otro/s medicamento/s con el mismo principio activo y para la misma vía de administración.,2026-09-21T15:06:00.707257,G04BE08,68241
ES,Spain,AEMPS,"GENTA GOBENS 80 MG/ML SOLUCION INYECTABLE Y PARA PERFUSION, 1 vial de 3 ml",GENTAMICINA SULFATO,,,763011,2026-03-26,,shortage,Problemas de suministro (con alternativa),Existe/n otro/s medicamento/s con el mismo principio activo y para la misma vía de administración.,2026-09-21T15:06:00.707262,J01GB03,
ES,Spain,AEMPS,QUDIX PROLONG 50 MG COMPRIMIDOS DE LIBERACION PROLONGADA EFG 60 comprimidos,QUETIAPINA FUMARATO,,,726914,2026-03-26,2026-11-30,shortage,Problemas de suministro (con alternativa),Existe/n otro/s medicamento/s con el mismo principio activo y para la misma vía de administración.,2026-09-21T15:06:00.707272,N05AH04,84182
ES,Spain,AEMPS,LANSOPRAZOL FLAS STADA 15MG COMPRIMIDOS BUCODISPERSABLES EFG 56 comprimidos,LANSOPRAZOL,,,722448,2026-03-25,2026-10-15,shortage,Problemas de suministro (con alternativa),Existe/n otro/s medicamento/s con el mismo principio activo y para la misma vía de administración.,2026-09-21T15:06:00.707284,A02BC03,
ES,Spain,AEMPS,"EZETIMIBA VIATRIS 10 MG COMPRIMIDOS EFG, 28 comprimidos (Blister PVC/PVDC-ALUMINIO)",EZETIMIBA,,,703873,2026-03-24,2026-11-13,shortage,Problemas de suministro (con alternativa),Existe/n otro/s medicamento/s con el mismo principio activo y para la misma vía de administración.,2026-09-21T15:06:00.707294,C10AX09,
ES,Spain,AEMPS,FUROSEMIDA ALTAN 250mg/ 25ml SOLUCION PARA PERFUSION EFG 10 ampollas de 25 ml,FUROSEMIDA,,,726619,2026-03-24,2026-11-17,shortage,"Problemas de suministro (sin alternativa, medicamento extranjero)",Se puede solicitar como medicamento extranjero.,2026-09-21T15:06:00.707303,C03CA01,5959
ES,Spain,AEMPS,"MIRTAZAPINA  FLAS STADA 15 mg COMPRIMIDOS BUCODISPERSABLES EFG, 60 comprimidos (Al/Al unidosis con pestaña)",MIRTAZAPINA,,,730616,2026-03-24,,shortage,Problemas de suministro (con alternativa),Existe/n otro/s medicamento/s con el mismo principio activo y para la misma vía de administración.,2026-09-21T15:06:00.707308,N06AX11,67784
ES,Spain,AEMPS,"OLANZAPINA FLAS VIATRIS 10 MG COMPRIMIDOS BUCODISPERSABLES EFG, 56 comprimidos",OLANZAPINA,,,693437,2026-03-24,2027-04-07,shortage,Problemas de suministro (con alternativa),Existe/n otro/s medicamento/s con el mismo principio activo y para la misma vía de administración.,2026-09-21T15:06:00.707318,N05AH03,60968
ES,Spain,AEMPS,"ORALSONE  ADULTOS 2,5 mg COMPRIMIDOS PARA CHUPAR, 12 comprimidos",HIDROCORTISONA HEMISUCCINATO,,,699983,2026-03-24,2027-04-30,shortage,11,Existen tratamientos alternativos no sujetos a prescripción.,2026-09-21T15:06:00.707328,,
ES,Spain,AEMPS,STRANTAS 250 MG SOLUCION INYECTABLE EN JERINGA PRECARGADA EFG 2 jeringas precargadas de 5 ml + 2 agujas,FULVESTRANT,,,725018,2026-03-24,2026-10-31,shortage,Problemas de suministro (con alternativa),Existe/n otro/s medicamento/s con el mismo principio activo y para la misma vía de administración.,2026-09-21T15:06:00.707338,L02BA03,74934
ES,Spain,AEMPS,"CELLCEPT 1 g/5 ml POLVO PARA SUSPENSION ORAL, 1 frasco de 175 ml",MICOFENOLATO DE MOFETILO,,,771022,2026-03-23,2026-11-30,shortage,9,El titular de autorización de comercialización está realizando una distribución controlada al existir unidades limitadas.,2026-09-21T15:06:00.707347,L04AA06,
ES,Spain,AEMPS,"QUETIAPINA PENSA 150 MG COMPRIMIDOS DE LIBERACION PROLONGADA EFG, 60 comprimidos",QUETIAPINA FUMARATO,,,730364,2026-03-23,2026-10-31,shortage,Problemas de suministro (con alternativa),Existe/n otro/s medicamento/s con el mismo principio activo y para la misma vía de administración.,2026-09-21T15:06:00.707357,N05AH04,94757
ES,Spain,AEMPS,"RISPERIDONA SANDOZ 1 mg COMPRIMIDOS RECUBIERTOS CON PELICULA EFG , 60 comprimidos",RISPERIDONA,,,652314,2026-03-23,2026-09-30,shortage,Problemas de suministro (con alternativa),Existe/n otro/s medicamento/s con el mismo principio activo y para la misma vía de administración.,2026-09-21T15:06:00.707367,N05AX08,37710
ES,Spain,AEMPS,"RISPERIDONA SANDOZ 3 mg COMPRIMIDOS RECUBIERTOS CON PELICULA EFG , 60 comprimidos",RISPERIDONA,,,652306,2026-03-23,2026-09-30,shortage,Problemas de suministro (con alternativa),Existe/n otro/s medicamento/s con el mismo principio activo y para la misma vía de administración.,2026-09-21T15:06:00.707377,N05AX08,37737
ES,Spain,AEMPS,"TADALAFILO MYLAN 20 MG COMPRIMIDOS RECUBIERTOS CON PELICULA EFG, 4 comprimidos",TADALAFILO,,,715596,2026-03-23,2027-05-10,shortage,Problemas de suministro (con alternativa),Existe/n otro/s medicamento/s con el mismo principio activo y para la misma vía de administración.,2026-09-21T15:06:00.707386,G04BE08,68241
ES,Spain,AEMPS,"TADALAFILO MYLAN 5 MG COMPRIMIDOS RECUBIERTOS CON PELÍCULA EFG, 28 comprimidos",TADALAFILO,,,715595,2026-03-23,2028-01-11,shortage,Problemas de suministro (con alternativa),Existe/n otro/s medicamento/s con el mismo principio activo y para la misma vía de administración.,2026-09-21T15:06:00.707403,G04BE08,86274
ES,Spain,AEMPS,"ESOMEPRAZOL VIATRIS 20 MG COMPRIMIDOS GASTRORRESISTENTES EFG, 28 comprimidos  (OPA/AL/PVC/AL)",ESOMEPRAZOL MAGNESICO,,,704910,2026-03-20,2027-01-15,shortage,Problemas de suministro (con alternativa),Existe/n otro/s medicamento/s con el mismo principio activo y para la misma vía de administración.,2026-09-21T15:06:00.707414,A02BC05,57851
ES,Spain,AEMPS,"FLUOXETINA VIATRIS 20 MG CAPSULAS DURAS EFG, 28 cápsulas",FLUOXETINA HIDROCLORURO,,,726372,2026-03-20,2027-06-30,shortage,Problemas de suministro (con alternativa),Existe/n otro/s medicamento/s con el mismo principio activo y para la misma vía de administración.,2026-09-21T15:06:00.707425,N06AB03,28444
ES,Spain,AEMPS,"MONONITRATO DE ISOSORBIDA NORMON 40 mg COMPRIMIDOS EFG, 20 comprimidos",ISOSORBIDA MONONITRATO,,,920702,2026-03-20,,shortage,Problemas de suministro (con alternativa),Existe/n otro/s medicamento/s con el mismo principio activo y para la misma vía de administración.,2026-09-21T15:06:00.707430,C01DA08,
ES,Spain,AEMPS,"SIMULECT 20 mg POLVO Y DISOLVENTE PARA SOLUCION INYECTABLE O PARA PERFUSION , 1 vial + 1 ampolla de disolvente",BASILIXIMAB,,,704635,2026-03-20,2026-09-30,shortage,9,El titular de autorización de comercialización está realizando una distribución controlada al existir unidades limitadas.,2026-09-21T15:06:00.707441,L04AC02,51330
ES,Spain,AEMPS,"TADALAFILO MYLAN 20 MG COMPRIMIDOS RECUBIERTOS CON PELICULA EFG, 12 comprimidos",TADALAFILO,,,765785,2026-03-20,2027-01-11,shortage,Problemas de suministro (con alternativa),Existe/n otro/s medicamento/s con el mismo principio activo y para la misma vía de administración.,2026-09-21T15:06:00.707452,G04BE08,68241
ES,Spain,AEMPS,"DICLOABAK 1 mg/ml COLIRIO EN SOLUCION, 1 frasco de 10 ml (PE)",DICLOFENACO SODICO,,,660248,2026-03-19,2027-01-31,shortage,Problemas de suministro (con alternativa),Existe/n otro/s medicamento/s con el mismo principio activo y para la misma vía de administración.,2026-09-21T15:06:00.707463,S01BC03,
ES,Spain,AEMPS,"AZACITIDINA SANDOZ 25 MG/ML POLVO PARA SOLUCION INYECTABLE EFG , 1 vial",AZACITIDINA,,,728730,2026-03-18,,shortage,Problemas de suministro (con alternativa),Existe/n otro/s medicamento/s con el mismo principio activo y para la misma vía de administración.,2026-09-21T15:06:00.707467,L01BC07,
ES,Spain,AEMPS,"EZETIMIBA/SIMVASTATINA VIATRIS 10 MG/20 MG COMPRIMIDOS EFG, 28 comprimidos","SIMVASTATINA, EZETIMIBA",,,708599,2026-03-18,2026-10-27,shortage,Cese de comercialización temporal,Existe/n otro/s medicamento/s con los mismos principios activos y para la misma vía de administración.,2026-09-21T15:06:00.707477,,
ES,Spain,AEMPS,"TELMISARTAN/HIDROCLOROTIAZIDA VISO FARMACÉUTICA 40 MG/12,5 MG COMPRIMIDOS EFG 28 comprimidos","TELMISARTAN, HIDROCLOROTIAZIDA",,,711061,2026-03-18,2026-09-30,shortage,Cese de comercialización temporal,Existe/n otro/s medicamento/s con los mismos principios activos y para la misma vía de administración.,2026-09-21T15:06:00.707490,,
ES,Spain,AEMPS,"TELMISARTAN/HIDROCLOROTIAZIDA VISO FARMACÉUTICA 80 MG/12,5 MG COMPRIMIDOS EFG 28 comprimidos","TELMISARTAN, HIDROCLOROTIAZIDA",,,704266,2026-03-18,2026-09-30,shortage,Cese de comercialización temporal,Existe/n otro/s medicamento/s con los mismos principios activos y para la misma vía de administración.,2026-09-21T15:06:00.707500,,
ES,Spain,AEMPS,TELMISARTAN/HIDROCLOROTIAZIDA VISO FARMACÉUTICA 80 MG/25 MG COMPRIMIDOS EFG 28 comprimidos,"TELMISARTAN, HIDROCLOROTIAZIDA",,,704273,2026-03-18,2026-09-30,shortage,Cese de comercialización temporal,Existe/n otro/s medicamento/s con los mismos principios activos y para la misma vía de administración.,2026-09-21T15:06:00.707510,,
ES,Spain,AEMPS,"CANDESARTAN VIATRIS 32 MG COMPRIMIDOS EFG, 28 comprimidos",CANDESARTAN CILEXETILO,,,696072,2026-03-16,2027-05-07,shortage,Problemas de suministro (con alternativa),Existe/n otro/s medicamento/s con el mismo principio activo y para la misma vía de administración.,2026-09-21T15:06:00.707519,C09CA06,76376
ES,Spain,AEMPS,"FEXOFENADINA CIPLA 120 MG COMPRIMIDOS RECUBIERTOS CON PELICULA EFG , 20 comprimidos",FEXOFENADINA HIDROCLORURO,,,706133,2026-03-16,2026-09-22,shortage,Otros problemas de suministro,El médico prescriptor deberá determinar la posibilidad de utilizar otros tratamientos comercializados.,2026-09-21T15:06:00.707529,R06AX26,48739
ES,Spain,AEMPS,"LENZETTO 1,53 MG/DOSIS SOLUCION PARA PULVERIZACION TRANSDERMICA, 1 frasco de 6,5 ml (56 pulverizaciones)",ESTRADIOL HEMIHIDRATO,,,711046,2026-03-16,2026-11-30,shortage,Otros problemas de suministro,El médico prescriptor deberá determinar la posibilidad de utilizar otros tratamientos comercializados. en noviembre se reanudará el suministro y quedará normalizado en 2027,2026-09-21T15:06:00.707538,G03CA03,167266
ES,Spain,AEMPS,"QUETIAPINA QUALIGEN FARMA 300 MG COMPRIMIDOS DE LIBERACION PROLONGADA EFG, 60 comprimidos",QUETIAPINA FUMARATO,,,725145,2026-03-16,2026-09-30,shortage,Problemas de suministro (con alternativa),Existe/n otro/s medicamento/s con el mismo principio activo y para la misma vía de administración.,2026-09-21T15:06:00.707546,N05AH04,84204
ES,Spain,AEMPS,"RAMIPRIL ALTER GENÉRICOS 10 MG COMPRIMIDOS EFG, 28 comprimidos",RAMIPRIL,,,765126,2026-03-16,2026-10-30,shortage,Problemas de suministro (con alternativa),Existe/n otro/s medicamento/s con el mismo principio activo y para la misma vía de administración.,2026-09-21T15:06:00.707555,C09AA05,70351
ES,Spain,AEMPS,"RIZATRIPTAN VISO FARMACEUTICA 10 MG COMPRIMIDOS BUCODISPERSABLES EFG, 2 comprimidos",RIZATRIPTAN BENZOATO,,,711281,2026-03-16,2026-12-31,shortage,Problemas de suministro (con alternativa),Existe/n otro/s medicamento/s con el mismo principio activo y para la misma vía de administración.,2026-09-21T15:06:00.707563,N02CC04,50520
ES,Spain,AEMPS,"BREVIBLOC  10 mg/ml SOLUCION INYECTABLE , 5 viales de 10 ml",ESMOLOL HIDROCLORURO,,,670502,2026-03-11,2026-12-31,shortage,"Problemas de suministro (sin alternativa, medicamento extranjero)",Se puede solicitar como medicamento extranjero.,2026-09-21T15:06:00.707571,C01BA05,39640
ES,Spain,AEMPS,"GABAPENTINA NORMON 600 mg COMPRIMIDOS RECUBIERTOS CON PELICULA EFG , 90 comprimidos",GABAPENTINA,,,662559,2026-03-11,2026-09-30,shortage,Problemas de suministro (con alternativa),Existe/n otro/s medicamento/s con el mismo principio activo y para la misma vía de administración.,2026-09-21T15:06:00.707579,N02BF01,57541
ES,Spain,AEMPS,"ZIPRASIDONA VIATRIS 40 mg CAPSULAS DURAS EFG, 56 cápsulas",ZIPRASIDONA HIDROCLORURO,,,687597,2026-03-11,2027-03-23,shortage,Problemas de suministro (con alternativa),Existe/n otro/s medicamento/s con el mismo principio activo y para la misma vía de administración.,2026-09-21T15:06:00.707588,N05AX12,
ES,Spain,AEMPS,"DETRUSITOL NEO 4 mg, CAPSULAS DURAS DE LIBERACION PROLONGADA, 28 cápsulas",TOLTERODINA TARTRATO,,,999881,2026-03-10,,shortage,Problemas de suministro (con alternativa),Existe/n otro/s medicamento/s con el mismo principio activo y para la misma vía de administración.,2026-09-21T15:06:00.707592,G04BD07,60534
ES,Spain,AEMPS,"EBASTINA FLAS STADA 10 MG COMPRIMIDOS BUCODISPERSABLES EFG , 20 comprimidos (Blister Opa/Al/PVC-PAP/PET/Al)",EBASTINA,,,707973,2026-03-10,2026-10-31,shortage,Problemas de suministro (con alternativa),Existe/n otro/s medicamento/s con el mismo principio activo y para la misma vía de administración.,2026-09-21T15:06:00.707601,R06AX22,
ES,Spain,AEMPS,"TRABECTEDINA SUN 0,25 MG POLVO PARA CONCENTRADO PARA SOLUCION PARA PERFUSIÓN EFG, 1 vial",TRABECTEDINA,,,760141,2026-03-07,2027-03-01,shortage,Problemas de suministro (con alternativa),Existe/n otro/s medicamento/s con el mismo principio activo y para la misma vía de administración.,2026-09-21T15:06:00.707610,L01CX01,107654
ES,Spain,AEMPS,"BATMEN 2,5 MG/G POMADA , 1 tubo de 60 g",PREDNICARBATO,,,690164,2026-03-06,2026-12-31,shortage,Problemas de suministro (con alternativa),Existe/n otro/s medicamento/s con el mismo principio activo y para la misma vía de administración.,2026-09-21T15:06:00.707620,D07AC18,
ES,Spain,AEMPS,"HIBISCRUB 40 mg/ml SOLUCION CUTANEA , 1 frasco de 500 ml",CLORHEXIDINA DIGLUCONATO,,,768853,2026-03-06,,shortage,11,Existen tratamientos alternativos no sujetos a prescripción.,2026-09-21T15:06:00.707624,D08AC01,
ES,Spain,AEMPS,"DENOLIX 25.000 UI/2,5 ML SOLUCION ORAL, 1 envase unidosis de 2,5 ml",COLECALCIFEROL,,,727600,2026-03-05,,shortage,Problemas de suministro (con alternativa),Existe/n otro/s medicamento/s con el mismo principio activo y para la misma vía de administración.,2026-09-21T15:06:00.707628,A11CC05,211249
ES,Spain,AEMPS,"DENOLIX 25.000 UI/2,5 ML SOLUCION ORAL, 4 envases unidosis de 2,5 ml",COLECALCIFEROL,,,727601,2026-03-05,,shortage,Problemas de suministro (con alternativa),Existe/n otro/s medicamento/s con el mismo principio activo y para la misma vía de administración.,2026-09-21T15:06:00.707633,A11CC05,211249
ES,Spain,AEMPS,"IBUPROFENO (ARGININA) CODRAMOL 600 mg GRANULADO PARA SOLUCION ORAL EFG , 40 sobres",IBUPROFENO,,,660009,2026-03-05,,shortage,Problemas de suministro (con alternativa),Existe/n otro/s medicamento/s con el mismo principio activo y para la misma vía de administración.,2026-09-21T15:06:00.707637,M01AE01,135119
ES,Spain,AEMPS,"IBUPROFENO (ARGININA) FARMALID 600 mg GRANULADO PARA SOLUCION ORAL EFG , 40 sobres",IBUPROFENO,,,660695,2026-03-05,,shortage,Problemas de suministro (con alternativa),Existe/n otro/s medicamento/s con el mismo principio activo y para la misma vía de administración.,2026-09-21T15:06:00.707641,M01AE01,135119
ES,Spain,AEMPS,"ITRACONAZOL CINFA 100 mg CAPSULAS EFG , 14 cápsulas",ITRACONAZOL,,,695364,2026-03-05,2026-10-30,shortage,Problemas de suministro (con alternativa),Existe/n otro/s medicamento/s con el mismo principio activo y para la misma vía de administración.,2026-09-21T15:06:00.707651,J02AC02,32336
ES,Spain,AEMPS,"VIZILATAN DUO 50 MICROGRAMOS/ML + 5 MG/ML COLIRIO EN SOLUCION, 1 frasco de 2,5 ml","LATANOPROST, TIMOLOL MALEATO",,,728737,2026-03-05,,shortage,Cese de comercialización temporal,Existe/n otro/s medicamento/s con los mismos principios activos y para la misma vía de administración.,2026-09-21T15:06:00.707655,,
ES,Spain,AEMPS,"DENOLIX 10.000 UI/ML GOTAS ORALES EN SOLUCION, 1 frasco de 10 ml",COLECALCIFEROL,,,727603,2026-03-04,,shortage,Problemas de suministro (con alternativa),Existe/n otro/s medicamento/s con el mismo principio activo y para la misma vía de administración.,2026-09-21T15:06:00.707660,A11CC05,211249
ES,Spain,AEMPS,"LOGNIF 0,25 MG CAPSULAS DURAS EFG, 28 cápsulas (Blister OPA/AL/PVC//Al)",FINGOLIMOD HIDROCLORURO,,,729764,2026-03-04,2026-11-30,shortage,10,La AEMPS ha autorizado unidades por comercialización excepcional. acondicionadas en un idioma distinto al castellano.,2026-09-21T15:06:00.707669,L04AE01,196401
ES,Spain,AEMPS,"ADENOSCAN 30 mg/10 ml SOLUCION PARA  PERFUSION , 6 viales de 10 ml",ADENOSINA,,,667659,2026-03-02,2026-12-31,shortage,10,La AEMPS ha autorizado unidades por comercialización excepcional. acondicionadas en un idioma distinto al castellano y con caducidad inferior a 3 meses.,2026-09-21T15:06:00.707677,C01EB10,129453
ES,Spain,AEMPS,"AZITROMICINA ALTER 500 mg GRANULADO PARA SUSPENSION ORAL EFG, 3 sobres",AZITROMICINA DIHIDRATO,,,653193,2026-03-02,2026-09-30,shortage,Problemas de suministro (con alternativa),Existe/n otro/s medicamento/s con el mismo principio activo y para la misma vía de administración.,2026-09-21T15:06:00.707686,J01FA10,
ES,Spain,AEMPS,"CEFTRIAXONA SALA 1 G POLVO PARA SOLUCIÓN INYECTABLE Y PARA PERFUSIÓN EFG, 100 viales",CEFTRIAXONA SODICA,,,624239,2026-03-02,2027-01-10,shortage,Problemas de suministro (con alternativa),Existe/n otro/s medicamento/s con el mismo principio activo y para la misma vía de administración.,2026-09-21T15:06:00.707694,J01DD01,69884
ES,Spain,AEMPS,"DULOXETINA STADA 30 MG CAPSULAS DURAS GASTRORRESISTENTES EFG , 28 cápsulas",DULOXETINA HIDROCLORURO,,,707602,2026-03-02,2026-11-02,shortage,Problemas de suministro (con alternativa),Existe/n otro/s medicamento/s con el mismo principio activo y para la misma vía de administración.,2026-09-21T15:06:00.707703,N06AX21,79057
ES,Spain,AEMPS,"TRABECTEDINA SUN 1 MG POLVO PARA CONCENTRADO PARA SOLUCION PARA PERFUSION EFG, 1 vial",TRABECTEDINA,,,760142,2026-02-28,,shortage,Problemas de suministro (con alternativa),Existe/n otro/s medicamento/s con el mismo principio activo y para la misma vía de administración.,2026-09-21T15:06:00.707707,L01CX01,107662
ES,Spain,AEMPS,"ADENOCOR 6 mg/2 ml SOLUCION INYECTABLE , 6 viales de 2 ml",ADENOSINA,,,691527,2026-02-27,2026-11-02,shortage,Problemas de suministro (con alternativa),"Existe/n otro/s medicamento/s con el mismo principio activo y para la misma vía de administración. Además, se puede solicitar como medicamento extranjero.",2026-09-21T15:06:00.707716,C01EB10,39292
ES,Spain,AEMPS,"BENDAMUSTINA ACCORD 2,5 MG/ML POLVO PARA CONCENTRADO PARA SOLUCION PARA PERFUSION EFG , 5 viales de 100 mg",BENDAMUSTINA HIDROCLORURO,,,704170,2026-02-27,2026-12-31,shortage,Problemas de suministro (con alternativa),Existe/n otro/s medicamento/s con el mismo principio activo y para la misma vía de administración.,2026-09-21T15:06:00.707725,L01BC03,
ES,Spain,AEMPS,"LINEZOLID GLENMARK 600 MG COMPRIMIDOS RECUBIERTOS CON PELICULA EFG, 10 comprimidos",LINEZOLID,,,714082,2026-02-27,2026-12-31,shortage,Problemas de suministro (con alternativa),Existe/n otro/s medicamento/s con el mismo principio activo y para la misma vía de administración.,2026-09-21T15:06:00.707733,J01XX08,60186
ES,Spain,AEMPS,"METRONIDAZOL SERRACLINICS 5mg/ml SOLUCION PARA PERFUSION EFG, 1 frasco de 100 ml",METRONIDAZOL,,,656353,2026-02-27,,shortage,Problemas de suministro (con alternativa),Existe/n otro/s medicamento/s con el mismo principio activo y para la misma vía de administración.,2026-09-21T15:06:00.707737,G01AF01,
ES,Spain,AEMPS,"TELMISARTAN KERN PHARMA 80 MG COMPRIMIDOS EFG , 28 comprimidos",TELMISARTAN,,,699054,2026-02-27,2026-10-30,shortage,Problemas de suministro (con alternativa),Existe/n otro/s medicamento/s con el mismo principio activo y para la misma vía de administración.,2026-09-21T15:06:00.707746,C09CA07,50652
ES,Spain,AEMPS,"DOCETAXEL GLENMARK 20 MG/1 ML CONCENTRADO PARA SOLUCION PARA PERFUSION EFG, 1 vial de 1 ml",DOCETAXEL TRIHIDRATO,,,728789,2026-02-25,2026-12-31,shortage,Problemas de suministro (con alternativa),Existe/n otro/s medicamento/s con el mismo principio activo y para la misma vía de administración.,2026-09-21T15:06:00.707755,L01CD02,92886
ES,Spain,AEMPS,"FAMCICLOVIR PENSA 250 mg COMPRIMIDOS RECUBIERTOS CON PELICULA EFG, 21 comprimidos",FAMCICLOVIR,,,664960,2026-02-25,2026-10-15,shortage,Problemas de suministro (con alternativa),Existe/n otro/s medicamento/s con el mismo principio activo y para la misma vía de administración.,2026-09-21T15:06:00.707763,J05AB09,88153
ES,Spain,AEMPS,"AMLODIPINO/VALSARTAN MYLAN 5 MG/160 MG COMPRIMIDOS RECUBIERTOS CON PELICULA EFG, 28 comprimidos (unidosis)","AMLODIPINO BESILATO, VALSARTAN",,,711263,2026-02-24,2026-12-09,shortage,Problemas de suministro (con alternativa),Existe/n otro/s medicamento/s con el mismo principio activo y para la misma vía de administración.,2026-09-21T15:06:00.707774,,
ES,Spain,AEMPS,"CELECOXIB TARBIS FARMA 200 MG CAPSULAS DURAS EFG , 30 capsulas",CELECOXIB,,,699424,2026-02-24,2026-12-15,shortage,Problemas de suministro (con alternativa),Existe/n otro/s medicamento/s con el mismo principio activo y para la misma vía de administración.,2026-09-21T15:06:00.707783,L01XX33,59005
ES,Spain,AEMPS,"CLOPIDOGREL VISO FARMACÉUTICA 75 mg COMPRIMIDOS RECUBIERTOS CON PELICULA EFG, 28 comprimidos",CLOPIDOGREL BESILATO,,,664658,2026-02-24,2027-02-28,shortage,Problemas de suministro (con alternativa),Existe/n otro/s medicamento/s con el mismo principio activo y para la misma vía de administración.,2026-09-21T15:06:00.707791,B01AC04,124559
ES,Spain,AEMPS,"CLOPIDOGREL VISO FARMACÉUTICA 75 mg COMPRIMIDOS RECUBIERTOS CON PELICULA EFG, 50 comprimidos",CLOPIDOGREL BESILATO,,,720967,2026-02-24,2027-02-28,shortage,Problemas de suministro (con alternativa),Existe/n otro/s medicamento/s con el mismo principio activo y para la misma vía de administración.,2026-09-21T15:06:00.707802,B01AC04,124559
ES,Spain,AEMPS,"ELUCIREM 0,5 MMOL/ML SOLUCION INYECTABLE, 1 vial de 50 ml",GADOPICLENOL,,,764194,2026-02-24,,shortage,10,La AEMPS ha autorizado unidades por comercialización excepcional.,2026-09-21T15:06:00.707806,V08CA12,231851
ES,Spain,AEMPS,"EZETIMIBA VISO FARMACEUTICA 10 MG COMPRIMIDOS EFG, 28 comprimidos",EZETIMIBA,,,712148,2026-02-24,2026-09-30,shortage,Problemas de suministro (con alternativa),Existe/n otro/s medicamento/s con el mismo principio activo y para la misma vía de administración.,2026-09-21T15:06:00.707814,C10AX09,
ES,Spain,AEMPS,"FINGOLIMOD TARBIS 0,25 mg CAPSULAS DURAS EFG, 28 capsulas",FINGOLIMOD HIDROCLORURO,,,759850,2026-02-23,,shortage,Problemas de suministro (con alternativa),Existe/n otro/s medicamento/s con el mismo principio activo y para la misma vía de administración.,2026-09-21T15:06:00.707818,L04AE01,196401
ES,Spain,AEMPS,"CANDESARTAN VIATRIS 16 MG COMPRIMIDOS EFG, 28 comprimidos",CANDESARTAN CILEXETILO,,,696071,2026-02-18,2027-05-07,shortage,Problemas de suministro (con alternativa),Existe/n otro/s medicamento/s con el mismo principio activo y para la misma vía de administración.,2026-09-21T15:06:00.707827,C09CA06,48410
ES,Spain,AEMPS,"UROGRAFIN 370 MG IODO/ML SOLUCION INYECTABLE Y PARA PERFUSION, 1 ampolla de 20 ml","AMIDOTRIZOATO SODIO, AMIDOTRIZOATO MEGLUMINA",,,910067,2026-02-18,,shortage,Otros problemas de suministro,El médico prescriptor deberá determinar la posibilidad de utilizar otros tratamientos comercializados.,2026-09-21T15:06:00.707831,,
ES,Spain,AEMPS,"UROGRAFIN 370 MG IODO/ML SOLUCION INYECTABLE Y PARA PERFUSION, 1 frasco de 100 ml","AMIDOTRIZOATO SODIO, AMIDOTRIZOATO MEGLUMINA",,,909846,2026-02-18,,shortage,Otros problemas de suministro,El médico prescriptor deberá determinar la posibilidad de utilizar otros tratamientos comercializados.,2026-09-21T15:06:00.707835,,
ES,Spain,AEMPS,"UROGRAFIN 370 MG IODO/ML SOLUCION INYECTABLE Y PARA PERFUSION, 1 frasco de 50 ml","AMIDOTRIZOATO SODIO, AMIDOTRIZOATO MEGLUMINA",,,914614,2026-02-18,,shortage,Otros problemas de suministro,El médico prescriptor deberá determinar la posibilidad de utilizar otros tratamientos comercializados.,2026-09-21T15:06:00.707840,,
ES,Spain,AEMPS,"ARIPIPRAZOL MYLAN PHARMA 5 mg COMPRIMIDOS EFG, 28 comprimidos",ARIPIPRAZOL,,,730922,2026-02-17,2026-09-25,shortage,Problemas de suministro (con alternativa),Existe/n otro/s medicamento/s con el mismo principio activo y para la misma vía de administración.,2026-09-21T15:06:00.707849,N05AX12,117633
ES,Spain,AEMPS,"NICTUR 360 MICROGRAMOS/ML SOLUCION ORAL ,  1 frasco con 15 ml",DESMOPRESINA ACETATO,,,702847,2026-02-13,,shortage,Problemas de suministro (con alternativa),Existe/n otro/s medicamento/s con el mismo principio activo y para la misma vía de administración. Se puede solicitar como medicamento extranjero.,2026-09-21T15:06:00.707853,H01BA02,
ES,Spain,AEMPS,"FINGOLIMOD GLENMARK 0,5 MG CAPSULAS DURAS EFG 28 capsulas",FINGOLIMOD HIDROCLORURO,,,730608,2026-02-12,2026-12-31,shortage,Problemas de suministro (con alternativa),Existe/n otro/s medicamento/s con el mismo principio activo y para la misma vía de administración.,2026-09-21T15:06:00.707863,L04AE01,100129
ES,Spain,AEMPS,"QUETIAPINA QUALIGEN FARMA 50 MG COMPRIMIDOS DE LIBERACION PROLONGADA EFG, 60 comprimidos",QUETIAPINA FUMARATO,,,725152,2026-02-12,2026-09-30,shortage,Problemas de suministro (con alternativa),Existe/n otro/s medicamento/s con el mismo principio activo y para la misma vía de administración.,2026-09-21T15:06:00.707872,N05AH04,84182
ES,Spain,AEMPS,"ZOLPIDEM DESGEN 10 mg COMPRIMIDOS RECUBIERTOS CON PELICULA EFG , 30 comprimidos",ZOLPIDEM TARTRATO,,,740084,2026-02-12,,shortage,Problemas de suministro (con alternativa),Existe/n otro/s medicamento/s con el mismo principio activo y para la misma vía de administración.,2026-09-21T15:06:00.707876,N05CF02,195995
ES,Spain,AEMPS,"ARIPIPRAZOL MYLAN PHARMA 15 mg COMPRIMIDOS EFG, 28 comprimidos",ARIPIPRAZOL,,,730924,2026-02-11,2026-11-06,shortage,Problemas de suministro (con alternativa),Existe/n otro/s medicamento/s con el mismo principio activo y para la misma vía de administración.,2026-09-21T15:06:00.707885,N05AX12,75256
ES,Spain,AEMPS,"INTRALIPID 200 mg/ml EMULSION PARA PERFUSION, 1 bolsa de 500 ml",ACEITE SOJA PURIFICADO,,,692726,2026-02-11,2026-12-29,shortage,Problemas de suministro (con alternativa),Existe/n otro/s medicamento/s con el mismo principio activo y para la misma vía de administración.,2026-09-21T15:06:00.707893,,
ES,Spain,AEMPS,"CICLOFOSFAMIDA DR. REDDYS 500 MG/ML CONCENTRADO PARA SOLUCION INYECTABLE Y PARA PERFUSION, 1 vial de 1 ml",CICLOFOSFAMIDA MONOHIDRATO,,,732777,2026-02-10,2028-01-04,shortage,10,La AEMPS ha autorizado unidades por comercialización excepcional. Unidades de la presentación de 2ml.,2026-09-21T15:06:00.707901,L01AA01,
ES,Spain,AEMPS,"ZOLPIDEM DESGEN 5 mg COMPRIMIDOS RECUBIERTOS CON PELICULA  EFG , 30 comprimidos",ZOLPIDEM TARTRATO,,,739664,2026-02-10,,shortage,Problemas de suministro (con alternativa),Existe/n otro/s medicamento/s con el mismo principio activo y para la misma vía de administración.,2026-09-21T15:06:00.707905,N05CF02,108898
ES,Spain,AEMPS,"EVACUANTE LAINCO SIMPLE POLVO PARA SOLUCIÓN ORAL, 16 sobres de 17,75 g","POLIETILENGLICOL 4000, POLIETILENGLICOL 4000, POLIETILENGLICOL 4000, SODIO CLORURO, SODIO CLORURO, SODIO CLORURO, SODIO SULFATO, SODIO SULFATO, SODIO SULFATO, CLORURO DE POTASIO, CLORURO DE POTASIO, CLORURO DE POTASIO, SODIO BICARBONATO, SODIO BICARBONATO, SODIO BICARBONATO",,,659973,2026-02-09,2027-02-01,shortage,Problemas de suministro (con alternativa),Existe/n otro/s medicamento/s con el mismo principio activo y para la misma vía de administración.,2026-09-21T15:06:00.707914,,
ES,Spain,AEMPS,"LEVOTIROXINA SANOFI 500 MICROGRAMOS POLVO Y DISOLVENTE PARA SOLUCION INYECTABLE , 1 vial + 1 vial de disolvente",LEVOTIROXINA SODICA,,,696687,2026-02-09,2026-09-30,shortage,"Problemas de suministro (sin alternativa, medicamento extranjero)",Se puede solicitar como medicamento extranjero.,2026-09-21T15:06:00.707923,H03AA01,
ES,Spain,AEMPS,GAMAVAN 360 MICROGRAMOS/ML SOLUCION ORAL 1 frasco de 15 ml,DESMOPRESINA ACETATO,,,728990,2026-02-05,,shortage,Problemas de suministro (con alternativa),Existe/n otro/s medicamento/s con el mismo principio activo y para la misma vía de administración.,2026-09-21T15:06:00.707927,H01BA02,
ES,Spain,AEMPS,"DOSIL 100 MG CÁPSULAS DURAS , 14 cápsulas",DOXICICLINA HICLATO,,,695532,2026-02-04,,shortage,Problemas de suministro (con alternativa),Existe/n otro/s medicamento/s con el mismo principio activo y para la misma vía de administración.,2026-09-21T15:06:00.707931,J01AA02,
ES,Spain,AEMPS,"FLUARIX SUSPENSION INYECTABLE EN JERINGA PRECARGADA, 10 jeringas precargadas de 0,5 ml","VIRUS INFLUENZA GRIPE A/VICTORIA/4897/2022 IVR-238 (H1N1), INACTIVADO, VIRUS INFLUENZA GRIPE A/THAILAND/8/2022 (H3N2) IVR-237 CEPA SIMILAR A (A/THAILAND/8/2022), VIRUS INFLUENZA GRIPE CEPA SIMILAR A B/AUSTRIA/1359417/2021-(B/AUSTRIA/1359417/2021, BVR-26)",,,607861,2026-02-04,,shortage,10,La AEMPS ha autorizado unidades por comercialización excepcional.,2026-09-21T15:06:00.707935,,
ES,Spain,AEMPS,"FREEFLEX GLUCOSALINA SOLUCION PARA PERFUSION, 10 bolsas de 1.000 ml","SODIO CLORURO, GLUCOSA MONOHIDRATO",,,602438,2026-02-04,,shortage,Problemas de suministro (con alternativa),Existe/n otro/s medicamento/s con el mismo principio activo y para la misma vía de administración.,2026-09-21T15:06:00.707939,,
ES,Spain,AEMPS,SULFADIAZINA REIG JOFRE 500 MG COMPRIMIDOS 20 comprimidos,SULFADIAZINA,,,700709,2026-02-04,,shortage,"Problemas de suministro (sin alternativa, medicamento extranjero)",Se puede solicitar como medicamento extranjero.,2026-09-21T15:06:00.707944,J01EB02,
ES,Spain,AEMPS,"GLIMEPIRIDA NORMON 4 mg COMPRIMIDOS EFG, 30 comprimidos",GLIMEPIRIDA,,,653751,2026-02-03,2027-02-15,shortage,Problemas de suministro (con alternativa),Existe/n otro/s medicamento/s con el mismo principio activo y para la misma vía de administración.,2026-09-21T15:06:00.707953,A10BB12,44466
ES,Spain,AEMPS,"RIZATRIPTAN MAX VIATRIS 10 MG COMPRIMIDOS BUCODISPERSABLES EFG, 2 comprimidos",RIZATRIPTAN BENZOATO,,,684603,2026-02-03,2027-03-09,shortage,Problemas de suministro (con alternativa),Existe/n otro/s medicamento/s con el mismo principio activo y para la misma vía de administración.,2026-09-21T15:06:00.707962,N02CC04,50520
ES,Spain,AEMPS,"CICLOFOSFAMIDA SEACROSS 1.000 MG POLVO PARA SOLUCION INYECTABLE Y PARA PERFUSION EFG, 1 vial",CICLOFOSFAMIDA MONOHIDRATO,,,767135,2026-02-02,,shortage,Problemas de suministro (con alternativa),Existe/n otro/s medicamento/s con el mismo principio activo y para la misma vía de administración.,2026-09-21T15:06:00.707966,L01AA01,5053
ES,Spain,AEMPS,"DOLBAN 0,075 % CREMA, 1 tubo de 50 g",CAPSICUM OLEORRESINA,,,658842,2026-02-02,,shortage,Problemas de suministro (con alternativa),Existe/n otro/s medicamento/s con el mismo principio activo y para la misma vía de administración.,2026-09-21T15:06:00.707970,,
ES,Spain,AEMPS,QUDIX PROLONG 300 MG COMPRIMIDOS DE LIBERACION PROLONGADA EFG 60 comprimidos,QUETIAPINA FUMARATO,,,726911,2026-02-02,2026-11-03,shortage,Problemas de suministro (con alternativa),Existe/n otro/s medicamento/s con el mismo principio activo y para la misma vía de administración.,2026-09-21T15:06:00.707979,N05AH04,84204
ES,Spain,AEMPS,"TRAMADOL RETARD VIATRIS 100 MG COMPRIMIDOS DE LIBERACIÓN PROLONGADA EFG, 60 comprimidos (AL/PVC/PE/PVDC)",TRAMADOL HIDROCLORURO,,,693520,2026-01-28,2027-05-07,shortage,Problemas de suministro (con alternativa),Existe/n otro/s medicamento/s con el mismo principio activo y para la misma vía de administración.,2026-09-21T15:06:00.707988,N02AX02,50431
ES,Spain,AEMPS,"IBUPROFENO KERN PHARMA 600 mg GRANULADO EFERVESCENTE EFG, 20 sobres",IBUPROFENO,,,687248,2026-01-26,2026-10-16,shortage,Problemas de suministro (con alternativa),Existe/n otro/s medicamento/s con el mismo principio activo y para la misma vía de administración.,2026-09-21T15:06:00.707996,M01AE01,31321
ES,Spain,AEMPS,"ARMAYA FUERTE 120 mg CAPSULAS DURAS. , 96 cápsulas",POLYPODIUM LEUCOTOMOS,,,724351,2026-01-23,2027-03-31,shortage,11,Existen tratamientos alternativos no sujetos a prescripción.,2026-09-21T15:06:00.708005,,
ES,Spain,AEMPS,"BICAVERA GLUCOSA 2,3%, Calcio 1,75 mmol/l SOLUCION PARA DIALISIS PERITONEAL , 4 bolsas de 2.000 ml","GLUCOSA MONOHIDRATO, SODIO BICARBONATO, SODIO CLORURO, CALCIO CLORURO, MAGNESIO CLORURO HEXAHIDRATO",,,734491,2026-01-23,2026-12-29,shortage,Cese de comercialización temporal,Existe/n otro/s medicamento/s con los mismos principios activos y para la misma vía de administración.,2026-09-21T15:06:00.708013,,
ES,Spain,AEMPS,"REGENDER 120 mg CAPSULAS DURAS. , 96 cápsulas",POLYPODIUM LEUCOTOMOS,,,724229,2026-01-23,2027-03-31,shortage,11,Existen tratamientos alternativos no sujetos a prescripción.,2026-09-21T15:06:00.708021,,
ES,Spain,AEMPS,"CARMUSTINA TEVA 100 MG POLVO Y DISOLVENTE PARA CONCENTRADO PARA SOLUCION PARA PERFUSION EFG, 1 vial de 100 mg + 3 ml de disolvente",CARMUSTINA,,,731531,2026-01-22,,shortage,Problemas de suministro (con alternativa),Existe/n otro/s medicamento/s con el mismo principio activo y para la misma vía de administración.,2026-09-21T15:06:00.708025,L01AD01,37788
ES,Spain,AEMPS,"NATULAN 50 MG CÁPULAS DURAS, 50 cápsulas",PROCARBAZINA HIDROCLORURO,,,791285,2026-01-22,2026-10-15,shortage,10,La AEMPS ha autorizado unidades por comercialización excepcional. acondicionadas en un idioma distinto al castellano.,2026-09-21T15:06:00.708034,L01XX05,
ES,Spain,AEMPS,"DULOXETINA STADA 30 MG CAPSULAS DURAS GASTRORRESISTENTES EFG , 7 cápsulas",DULOXETINA HIDROCLORURO,,,707599,2026-01-21,2026-11-02,shortage,Problemas de suministro (con alternativa),Existe/n otro/s medicamento/s con el mismo principio activo y para la misma vía de administración.,2026-09-21T15:06:00.708042,N06AX21,79057
ES,Spain,AEMPS,"ENTECAVIR DR. REDDYS 1 MG COMPRIMDOS RECUBIERTOS CON PELICULA EFG, 30 comprimidos",ENTECAVIR MONOHIDRATO,,,719050,2026-01-20,,shortage,Problemas de suministro (con alternativa),Existe/n otro/s medicamento/s con el mismo principio activo y para la misma vía de administración.,2026-09-21T15:06:00.708046,J05AF05,81396
ES,Spain,AEMPS,"PIRFENIDONA DR. REDDYS 267 MG COMPRIMIDOS RECUBIERTOS CON PELICULA EFG, 63 comprimidos (PVC/Al)",PIRFENIDONA,,,748627,2026-01-20,,shortage,Problemas de suministro (con alternativa),Existe/n otro/s medicamento/s con el mismo principio activo y para la misma vía de administración.,2026-09-21T15:06:00.708051,L04AX05,146765
ES,Spain,AEMPS,"ARIPIPRAZOL FLAS CINFA 30 MG COMPRIMIDOS BUCODISPERSABLES EFG , 28 comprimidos",ARIPIPRAZOL,,,704755,2026-01-19,,shortage,Problemas de suministro (con alternativa),Existe/n otro/s medicamento/s con el mismo principio activo y para la misma vía de administración.,2026-09-21T15:06:00.708055,N05AX12,75264
ES,Spain,AEMPS,"FENITOINA ALTAN 50 MG/ ML SOLUCION INYECTABLE , 50 ampollas de 5 ml",FENITOINA SODICA,,,621136,2026-01-15,,shortage,Problemas de suministro (con alternativa),Existe/n otro/s medicamento/s con el mismo principio activo y para la misma vía de administración. Además hay unidades disponibles través del Servicio de medicamentos en situaciones especiales con destino a los hospitales que no lo encuentren por los cauces habituales,2026-09-21T15:06:00.708063,N03AB02,33561
ES,Spain,AEMPS,"PLANTAGO OVATA LAINCO 3,5 g POLVO PARA SUSPENSION ORAL, 30 sobres",PLANTAGO OVATA FORSKK. SEMILLA CUTICULA,,,679726,2026-01-14,,shortage,Problemas de suministro (con alternativa),Existe/n otro/s medicamento/s con el mismo principio activo y para la misma vía de administración.,2026-09-21T15:06:00.708067,,
ES,Spain,AEMPS,"ARMAYA FUERTE 120 mg CAPSULAS DURAS. , 24 cápsulas",POLYPODIUM LEUCOTOMOS,,,952192,2026-01-13,2027-03-31,shortage,11,Existen tratamientos alternativos no sujetos a prescripción.,2026-09-21T15:06:00.708076,,
ES,Spain,AEMPS,"LINEZOLID DEMO 2 MG/ML SOLUCION PARA PERFUSION EFG , 10 bolsas de 300 ml",LINEZOLID,,,708345,2026-01-13,,shortage,Problemas de suministro (con alternativa),Existe/n otro/s medicamento/s con el mismo principio activo y para la misma vía de administración.,2026-09-21T15:06:00.708080,J01XX08,60151
ES,Spain,AEMPS,"REGENDER 120 mg CAPSULAS DURAS. , 24 cápsulas",POLYPODIUM LEUCOTOMOS,,,955344,2026-01-13,2027-03-31,shortage,11,Existen tratamientos alternativos no sujetos a prescripción.,2026-09-21T15:06:00.708089,,
ES,Spain,AEMPS,"PENILEVEL 2.000.000 U.I. POLVO Y DISOLVENTE PARA SOLUCIÓN INYECTABLE, 1 vial + 1 ampolla de disolvente",BENCILPENICILINA SODICA,,,653440,2026-01-12,,shortage,9,El titular de autorización de comercialización está realizando una distribución controlada al existir unidades limitadas.,2026-09-21T15:06:00.708093,J01CE01,
ES,Spain,AEMPS,"PENILEVEL 5.000.000 U.I. POLVO Y DISOLVENTE PARA SOLUCIÓN INYECTABLE, 1 vial + 1 ampolla de disolvente",BENCILPENICILINA SODICA,,,653446,2026-01-12,,shortage,9,El titular de autorización de comercialización está realizando una distribución controlada al existir unidades limitadas.,2026-09-21T15:06:00.708097,J01CE01,217751
ES,Spain,AEMPS,"IOMERON 400 MG IODO/ML SOLUCIÓN INYECTABLE  , 1 frasco de 500 ml",IOMEPROL,,,600699,2026-01-09,2026-12-31,shortage,9,El titular de autorización de comercialización está realizando una distribución controlada al existir unidades limitadas.,2026-09-21T15:06:00.708107,V08AB10,
ES,Spain,AEMPS,TOLTERODINA NEO SANDOZ 4 mg CAPSULAS DURAS DE LIBERACION PROLONGADA EFG 28 cápsulas,TOLTERODINA TARTRATO,,,689998,2026-01-09,2026-10-15,shortage,Problemas de suministro (con alternativa),Existe/n otro/s medicamento/s con el mismo principio activo y para la misma vía de administración.,2026-09-21T15:06:00.708115,G04BD07,60534
ES,Spain,AEMPS,"OXALIPLATINO ACCORD 5 mg/ml CONCENTRADO PARA SOLUCION PARA PERFUSION EFG, 1 vial de 10 ml",OXALIPLATINO,,,670696,2026-01-08,2026-12-31,shortage,Problemas de suministro (con alternativa),Existe/n otro/s medicamento/s con el mismo principio activo y para la misma vía de administración.,2026-09-21T15:06:00.708124,L01XA03,79766
ES,Spain,AEMPS,"PALMEUX 100 MG SUSPENSION INYECTABLE DE LIBERACION PROLONGADA EN JERINGA PRECARGADA EFG, 1 jeringa precargada + 2 agujas",PALIPERIDONA PALMITATO,,,733736,2026-01-08,2027-03-31,shortage,Problemas de suministro (con alternativa),Existe/n otro/s medicamento/s con el mismo principio activo y para la misma vía de administración. Retirada de lotes del mercado R_03/2026. Puede consultar toda la información en el siguiente enlace: https://www.aemps.gob.es/informa/palmeux-suspension-inyectable-de-liberacion-prolongada-en-jeringa-precargada-efg-varias-presentaciones/,2026-09-21T15:06:00.708132,N05AX13,96989
ES,Spain,AEMPS,"PALMEUX 150 MG SUSPENSION INYECTABLE DE LIBERACION PROLONGADA EN JERINGA PRECARGADA EFG, 1 jeringa precargada + 2 agujas",PALIPERIDONA PALMITATO,,,733735,2026-01-08,2027-03-31,shortage,Problemas de suministro (con alternativa),Existe/n otro/s medicamento/s con el mismo principio activo y para la misma vía de administración. Retirada de lotes del mercado R_03/2026. Puede consultar toda la información en el siguiente enlace: https://www.aemps.gob.es/informa/palmeux-suspension-inyectable-de-liberacion-prolongada-en-jeringa-precargada-efg-varias-presentaciones/,2026-09-21T15:06:00.708141,N05AX13,96997
ES,Spain,AEMPS,"PALMEUX 50 MG SUSPENSION INYECTABLE DE LIBERACION PROLONGADA EN JERINGA PRECARGADA EFG, 1 jeringa precargada + 2 agujas",PALIPERIDONA PALMITATO,,,733734,2026-01-08,2027-03-31,shortage,Problemas de suministro (con alternativa),Existe/n otro/s medicamento/s con el mismo principio activo y para la misma vía de administración. Retirada de lotes del mercado R_03/2026. Puede consultar toda la información en el siguiente enlace: https://www.aemps.gob.es/informa/palmeux-suspension-inyectable-de-liberacion-prolongada-en-jeringa-precargada-efg-varias-presentaciones/,2026-09-21T15:06:00.708149,N05AX13,96962
ES,Spain,AEMPS,"PALMEUX 75 MG SUSPENSION INYECTABLE DE LIBERACION PROLONGADA EN JERINGA PRECARGADA EFG, 1 jeringa precargada + 2 agujas",PALIPERIDONA PALMITATO,,,733737,2026-01-08,2027-03-31,shortage,Problemas de suministro (con alternativa),Existe/n otro/s medicamento/s con el mismo principio activo y para la misma vía de administración. Retirada de lotes del mercado R_03/2026. Puede consultar toda la información en el siguiente enlace: https://www.aemps.gob.es/informa/palmeux-suspension-inyectable-de-liberacion-prolongada-en-jeringa-precargada-efg-varias-presentaciones/,2026-09-21T15:06:00.708158,N05AX13,96970
ES,Spain,AEMPS,"QUETIAPINA VIATRIS 300 MG COMPRIMIDOS RECUBIERTOS CON PELICULA EFG, 60 comprimidos",QUETIAPINA FUMARATO,,,660624,2026-01-08,2026-11-06,shortage,Problemas de suministro (con alternativa),Existe/n otro/s medicamento/s con el mismo principio activo y para la misma vía de administración.,2026-09-21T15:06:00.708166,N05AH04,60283
ES,Spain,AEMPS,"RIZATRIPTAN MAX VIATRIS 10 MG COMPRIMIDOS BUCODISPERSABLES EFG, 6 comprimidos",RIZATRIPTAN BENZOATO,,,684606,2026-01-05,2026-12-23,shortage,Problemas de suministro (con alternativa),Existe/n otro/s medicamento/s con el mismo principio activo y para la misma vía de administración.,2026-09-21T15:06:00.708174,N02CC04,50520
ES,Spain,AEMPS,"FLUVASTATINA VIATRIS 20 MG CAPSULAS DURAS EFG, 28 cápsulas",FLUVASTATINA SODICA,,,664261,2025-12-22,2027-05-07,shortage,Problemas de suministro (con alternativa),Existe/n otro/s medicamento/s con el mismo principio activo y para la misma vía de administración.,2026-09-21T15:06:00.708183,C10AA08,39136
ES,Spain,AEMPS,"QUETIAPINA TEVA-RATIO 200 mg COMPRIMIDOS DE LIBERACION PROLONGADA EFG, 60 comprimidos",QUETIAPINA FUMARATO,,,687034,2025-12-22,2026-11-11,shortage,Problemas de suministro (con alternativa),Existe/n otro/s medicamento/s con el mismo principio activo y para la misma vía de administración.,2026-09-21T15:06:00.708191,N05AH04,84190
ES,Spain,AEMPS,"QUETIAPINA TEVA-RATIO 300 mg COMPRIMIDOS DE LIBERACION PROLONGADA EFG, 60 comprimidos",QUETIAPINA FUMARATO,,,687044,2025-12-22,2026-11-11,shortage,Problemas de suministro (con alternativa),Existe/n otro/s medicamento/s con el mismo principio activo y para la misma vía de administración.,2026-09-21T15:06:00.708199,N05AH04,84204
ES,Spain,AEMPS,"VOLTAREN 1 mg/ml COLIRIO EN SOLUCION, 1 frasco de 5 ml",DICLOFENACO SODICO,,,764555,2025-12-22,2026-12-20,shortage,Problemas de suministro (con alternativa),Existe/n otro/s medicamento/s con el mismo principio activo y para la misma vía de administración.,2026-09-21T15:06:00.708208,S01BC03,
ES,Spain,AEMPS,"QUETIAPINA TEVA-RATIO 150 MG COMPRIMIDOS DE LIBERACION PROLONGADA EFG, 60 comprimidos",QUETIAPINA FUMARATO,,,717019,2025-12-19,2026-11-11,shortage,Problemas de suministro (con alternativa),Existe/n otro/s medicamento/s con el mismo principio activo y para la misma vía de administración.,2026-09-21T15:06:00.708216,N05AH04,94757
ES,Spain,AEMPS,"DOXORUBICINA ACCORD 2 MG/ML CONCENTRADO PARA SOLUCION PARA PERFUSION EFG, 1 via de 50 ml",DOXORUBICINA HIDROCLORURO,,,702587,2025-12-18,2026-10-30,shortage,Problemas de suministro (con alternativa),Existe/n otro/s medicamento/s con el mismo principio activo y para la misma vía de administración.,2026-09-21T15:06:00.708225,L01DB01,88471
ES,Spain,AEMPS,"LANSOPRAZOL FLAS VIATRIS 30 MG COMPRIMIDOS BUCODISPERSABLES EFG, 28 comprimidos",LANSOPRAZOL,,,695147,2025-12-17,2027-01-12,shortage,Problemas de suministro (con alternativa),Existe/n otro/s medicamento/s con el mismo principio activo y para la misma vía de administración.,2026-09-21T15:06:00.708233,A02BC03,
ES,Spain,AEMPS,"OFTACILOX 3 mg/g POMADA OFTALMICA , 1 tubo de 3,5 g",CIPROFLOXACINO HIDROCLORURO,,,783605,2025-12-15,2026-10-30,shortage,Otros problemas de suministro,El médico prescriptor deberá determinar la posibilidad de utilizar otros tratamientos comercializados.,2026-09-21T15:06:00.708241,J01MA02,
ES,Spain,AEMPS,"CANDESARTAN SUN 32 mg COMPRIMIDOS EFG , 28 comprimidos",CANDESARTAN CILEXETILO,,,679958,2025-12-12,2027-01-31,shortage,Problemas de suministro (con alternativa),Existe/n otro/s medicamento/s con el mismo principio activo y para la misma vía de administración.,2026-09-21T15:06:00.708250,C09CA06,76376
ES,Spain,AEMPS,"CANDESARTAN VIATRIS 4 MG COMPRIMIDOS EFG, 14 comprimidos",CANDESARTAN CILEXETILO,,,696073,2025-12-10,2027-05-07,shortage,Problemas de suministro (con alternativa),Existe/n otro/s medicamento/s con el mismo principio activo y para la misma vía de administración.,2026-09-21T15:06:00.708258,C09CA06,48399
ES,Spain,AEMPS,"MOXIFLOXACINO QUALIGEN 400 MG COMPRIMIDOS RECUBIERTOS CON PELICULA EFG , 5 comprimidos",MOXIFLOXACINO HIDROCLORURO,,,702665,2025-12-09,,shortage,Problemas de suministro (con alternativa),Existe/n otro/s medicamento/s con el mismo principio activo y para la misma vía de administración.,2026-09-21T15:06:00.708262,J01MA14,67628
ES,Spain,AEMPS,"OLANZAPINA FLAS VIATRIS 15 MG COMPRIMIDOS BUCODISPERSABLES EFG, 28 comprimidos",OLANZAPINA,,,693438,2025-12-09,,shortage,Problemas de suministro (con alternativa),Existe/n otro/s medicamento/s con el mismo principio activo y para la misma vía de administración.,2026-09-21T15:06:00.708266,N05AH03,61158
ES,Spain,AEMPS,"PENTOXIFILINA ALTER 400 mg COMPRIMIDOS DE LIBERACION PROLONGADA EFG, 60 comprimidos",PENTOXIFILINA,,,730937,2025-12-05,,shortage,Problemas de suministro (con alternativa),Existe/n otro/s medicamento/s con el mismo principio activo y para la misma vía de administración.,2026-09-21T15:06:00.708271,C04AD03,24414
ES,Spain,AEMPS,"INYESPRIN 900 MG POLVO PARA SOLUCION INYECTABLE Y PARA PERFUSION , 100 viales",ACETILSALICILATO LISINA,,,601104,2025-12-02,,shortage,"Problemas de suministro (sin alternativa, medicamento extranjero)",Se puede solicitar como medicamento extranjero.,2026-09-21T15:06:00.708275,,
ES,Spain,AEMPS,"GLICLAZIDA NORMON 30 mg COMPRIMIDOS DE LIBERACION MODIFICADA EFG, 60 comprimidos",GLICLAZIDA,,,687433,2025-11-28,,shortage,Problemas de suministro (con alternativa),Existe/n otro/s medicamento/s con el mismo principio activo y para la misma vía de administración.,2026-09-21T15:06:00.708279,A10BB09,61530
ES,Spain,AEMPS,"IMOVAX POLIO SUSPENSION INYECTABLE EN JERINA PRECARGADA, 1 jeringa precargada de 0,5 ml con aguja","POLIOVIRUS INACTIVADO TIPO 1 (MAHONEY) PRODUCIDO EN CELULAS VERO, POLIOVIRUS INACTIVADO TIPO 2 (MEF-1) PRODUCIDO EN CELULAS VERO, POLIOVIRUS INACTIVADO TIPO 3  (SAUKETT PRODUCIDO EN CELULAS VERO",,,729081,2025-11-25,,shortage,9,El titular de autorización de comercialización está realizando una distribución controlada al existir unidades limitadas. Las unidades disponibles están autorizadas por comercialización excepcional en un envase multilingüe,2026-09-21T15:06:00.708283,,
ES,Spain,AEMPS,"IBUPROFENO KERN PHARMA 600 mg GRANULADO EFERVESCENTE EFG, 40 sobres",IBUPROFENO,,,654668,2025-11-24,2026-11-10,shortage,Problemas de suministro (con alternativa),Existe/n otro/s medicamento/s con el mismo principio activo y para la misma vía de administración.,2026-09-21T15:06:00.708292,M01AE01,135119
ES,Spain,AEMPS,"GALANTAMINA VIATRIS 24 MG CAPSULAS DURAS DE LIBERACION PROLONGADA EFG, 28 cápsulas",GALANTAMINA HIDROBROMURO,,,683885,2025-11-21,2026-12-02,shortage,Problemas de suministro (con alternativa),Existe/n otro/s medicamento/s con el mismo principio activo y para la misma vía de administración.,2026-09-21T15:06:00.708300,N06DA01,
ES,Spain,AEMPS,"ATOMOXETINA CINFA 18 MG CAPSULAS DURAS EFG, 28 cápsulas (Blister PVC/PE/PCTFE-Al)",ATOMOXETINA HIDROCLORURO,,,719103,2025-11-20,2026-09-30,shortage,Problemas de suministro (con alternativa),Existe/n otro/s medicamento/s con el mismo principio activo y para la misma vía de administración. Está disponible Atomoxetina Tarbis 18 mg 28 capsulas,2026-09-21T15:06:00.708309,N06BA09,76716
ES,Spain,AEMPS,"AUXINA A+E CAPSULAS BLANDAS , 30 cápsulas","VITAMINA A, VITAMINA E",,,700768,2025-11-17,,shortage,11,Existen tratamientos alternativos no sujetos a prescripción.,2026-09-21T15:06:00.708313,,
ES,Spain,AEMPS,"CARBOPLATINO ACCORD 10 mg/ml CONCENTRADO PARA SOLUCION PARA PERFUSION EFG, 1 vial de 15 ml",CARBOPLATINO,,,667896,2025-11-17,,shortage,Problemas de suministro (con alternativa),Existe/n otro/s medicamento/s con el mismo principio activo y para la misma vía de administración.,2026-09-21T15:06:00.708317,L01XA02,39993
ES,Spain,AEMPS,"BICARBONATO SODICO 1M GRIFOLS SOLUCION INYECTABLE , 100 ampollas de 10 ml",SODIO BICARBONATO,,,645705,2025-11-14,2028-06-14,shortage,"Problemas de suministro (sin alternativa, medicamento extranjero)",Se puede solicitar como medicamento extranjero.,2026-09-21T15:06:00.708326,,
ES,Spain,AEMPS,"BLOPRESS 4 mg COMPRIMIDOS, 14 comprimidos",CANDESARTAN CILEXETILO,,,656872,2025-11-11,,shortage,Problemas de suministro (con alternativa),Existe/n otro/s medicamento/s con el mismo principio activo y para la misma vía de administración.,2026-09-21T15:06:00.708330,C09CA06,48399
ES,Spain,AEMPS,ATAMAX 25 MG CAPSULAS DURAS EFG 7 cápsulas,ATOMOXETINA HIDROCLORURO,,,718815,2025-11-07,2026-09-30,shortage,Problemas de suministro (con alternativa),Existe/n otro/s medicamento/s con el mismo principio activo y para la misma vía de administración. Está disponible Atomoxetina Tarbis 25 mg 28 caps,2026-09-21T15:06:00.708339,N06BA09,76724
ES,Spain,AEMPS,"BATMEN 2,5 MG/G UNGÜENTO    , 1 tubo de 30 g",PREDNICARBATO,,,690156,2025-11-07,2026-12-31,shortage,Problemas de suministro (con alternativa),Existe/n otro/s medicamento/s con el mismo principio activo y para la misma vía de administración.,2026-09-21T15:06:00.708349,D07AC18,
ES,Spain,AEMPS,"DEXDOR 100 MICROGRAMOS/ML CONCENTRADO PARA SOLUCION PARA PERFUSION, 4 viales de 4 ml",DEXMEDETOMIDINA,,,720027,2025-11-07,2027-06-30,shortage,Problemas de suministro (con alternativa),Existe/n otro/s medicamento/s con el mismo principio activo y para la misma vía de administración.,2026-09-21T15:06:00.708358,N05CM18,99805
ES,Spain,AEMPS,"IBUPROFENO KERN PHARMA 200 mg GRANULADO EFERVESCENTE EFG , 20 sobres",IBUPROFENO,,,654666,2025-11-07,2026-10-30,shortage,Problemas de suministro (con alternativa),Existe/n otro/s medicamento/s con el mismo principio activo y para la misma vía de administración.,2026-09-21T15:06:00.708366,M01AE01,
ES,Spain,AEMPS,"METOCLOPRAMIDA KERN PHARMA 1 mg/ml SOLUCION ORAL EFG, 1 frasco de 250 ml",METOCLOPRAMIDA HIDROCLORURO,,,659857,2025-11-06,2026-10-07,shortage,Problemas de suministro (con alternativa),Existe/n otro/s medicamento/s con el mismo principio activo y para la misma vía de administración.,2026-09-21T15:06:00.708374,A03FA01,6912
ES,Spain,AEMPS,"METOCLOPRAMIDA PENSA 1 mg/ml SOLUCION ORAL EFG, 1 frasco de 250 ml",METOCLOPRAMIDA HIDROCLORURO,,,659856,2025-11-06,2027-03-31,shortage,Problemas de suministro (con alternativa),Existe/n otro/s medicamento/s con el mismo principio activo y para la misma vía de administración.,2026-09-21T15:06:00.708383,A03FA01,6912
ES,Spain,AEMPS,"PETIDINA BASI 50 MG/ML SOLUCION INYECTABLE EFG, 10 ampollas 2ml",PETIDINA HIDROCLORURO,,,764460,2025-11-04,2026-12-15,shortage,Problemas de suministro (con alternativa),Existe/n otro/s medicamento/s con el mismo principio activo y para la misma vía de administración.,2026-09-21T15:06:00.708391,N02AB02,34606
ES,Spain,AEMPS,"Atosiban SUN 37,5 mg/5 ml concentrado para solucion para perfusion EFG , 1 vial de 5 ml",ATOSIBAN,,,699573,2025-11-03,2026-10-16,shortage,Problemas de suministro (con alternativa),Existe/n otro/s medicamento/s con el mismo principio activo y para la misma vía de administración.,2026-09-21T15:06:00.708400,G02CX01,52590
ES,Spain,AEMPS,"PRAVASTATINA VIATRIS 10 MG COMPRIMIDOS EFG, 28 comprimidos",PRAVASTATINA SODICA,,,678362,2025-11-03,2027-05-07,shortage,Problemas de suministro (con alternativa),Existe/n otro/s medicamento/s con el mismo principio activo y para la misma vía de administración.,2026-09-21T15:06:00.708408,C10AA04,31070
ES,Spain,AEMPS,"DABIGATRAN ETEXILATO SANDOZ 75 MG  CAPSULAS DURAS EFG, 30 cápsulas",DABIGATRAN ETEXILATO,,,763436,2025-10-31,2026-10-28,shortage,Problemas de suministro (con alternativa),Existe/n otro/s medicamento/s con el mismo principio activo y para la misma vía de administración.,2026-09-21T15:06:00.708416,B01AE07,86983
ES,Spain,AEMPS,"DABIGATRAN ETEXILATO SANDOZ 75 MG  CAPSULAS DURAS EFG, 60 cápsulas",DABIGATRAN ETEXILATO,,,763437,2025-10-31,,shortage,Problemas de suministro (con alternativa),Existe/n otro/s medicamento/s con el mismo principio activo y para la misma vía de administración.,2026-09-21T15:06:00.708420,B01AE07,86983
ES,Spain,AEMPS,"MANITOL MEIN 20% solución para perfusión, 12 frascos de 500 ml",MANITOL,,,621524,2025-10-30,,shortage,Problemas de suministro (con alternativa),Existe/n otro/s medicamento/s con el mismo principio activo y para la misma vía de administración.,2026-09-21T15:06:00.708425,B05BA01,
ES,Spain,AEMPS,"QUETIAPINA VIATRIS 50 MG COMPRIMIDOS DE LIBERACION PROLONGADA EFG, 60 comprimidos",QUETIAPINA FUMARATO,,,704058,2025-10-30,,shortage,Problemas de suministro (con alternativa),Existe/n otro/s medicamento/s con el mismo principio activo y para la misma vía de administración.,2026-09-21T15:06:00.708429,N05AH04,84182
ES,Spain,AEMPS,"ZINNAT 500 mg GRANULADO PARA SUSPENSION ORAL , 10 sobres",CEFUROXIMA AXETILO,,,695333,2025-10-29,2027-01-13,shortage,Problemas de suministro (con alternativa),Existe/n otro/s medicamento/s con el mismo principio activo y para la misma vía de administración.,2026-09-21T15:06:00.708438,J01DC02,
ES,Spain,AEMPS,"QUETIAPINA QUALIGEN FARMA 150 MG COMPRIMIDOS DE LIBERACION PROLONGADA EFG, 60 comprimidos",QUETIAPINA,,,725166,2025-10-23,2026-09-30,shortage,Problemas de suministro (con alternativa),Existe/n otro/s medicamento/s con el mismo principio activo y para la misma vía de administración.,2026-09-21T15:06:00.708446,N05AH04,94757
ES,Spain,AEMPS,"Atosiban SUN 6,75 mg/0,9 ml solucion inyectable EFG , 1 vial de 0,9 ml",ATOSIBAN,,,699572,2025-10-22,2027-02-01,shortage,Problemas de suministro (con alternativa),Existe/n otro/s medicamento/s con el mismo principio activo y para la misma vía de administración.,2026-09-21T15:06:00.708455,G02CX01,52582
ES,Spain,AEMPS,"BENDAMUSTINA AUROVITAS 2.5 MG/ML POLVO PARA CONCENTRADO PARA SOLUCION PARA PERFUSION EFG, 5 viales de 100 mg",BENDAMUSTINA HIDROCLORURO MONOHIDRATO,,,758105,2025-10-22,2026-11-30,shortage,10,La AEMPS ha autorizado unidades por comercialización excepcional. acondicionadas en un idioma distinto al castellano,2026-09-21T15:06:00.708463,L01BC04,
ES,Spain,AEMPS,"ONDANSETRON B. BRAUN 2 mg/ml SOLUCION INYECTABLE EFG , 5 ampollas de 2 ml",ONDANSETRON HIDROCLORURO DIHIDRATO,,,661153,2025-10-15,,shortage,Problemas de suministro (con alternativa),Existe/n otro/s medicamento/s con el mismo principio activo y para la misma vía de administración.,2026-09-21T15:06:00.708467,A04AA01,31526
ES,Spain,AEMPS,"LEVOSIMENDAN ACCORD 2,5 MG/ML CONCENTRADO PARA SOLUCION PARA PERFUSION EFG, 1 vial de 5 ml",LEVOSIMENDAN,,,733088,2025-10-09,2026-12-31,shortage,Problemas de suministro (con alternativa),Existe/n otro/s medicamento/s con el mismo principio activo y para la misma vía de administración.,2026-09-21T15:06:00.708478,C01CX08,210307
ES,Spain,AEMPS,"OFTACILOX 3 mg/ml COLIRIO EN SOLUCION , 1 frasco de 5 ml",CIPROFLOXACINO,,,687830,2025-10-09,2026-12-15,shortage,Problemas de suministro (con alternativa),Existe/n otro/s medicamento/s con el mismo principio activo y para la misma vía de administración.,2026-09-21T15:06:00.708486,J01MA02,
ES,Spain,AEMPS,"ATOMOXETINA CINFA 25 MG CAPSULAS DURAS EFG, 7 cápsulas (Blister PVC/PE/PCTFE-Al)",ATOMOXETINA HIDROCLORURO,,,719106,2025-10-03,2026-09-30,shortage,Problemas de suministro (con alternativa),Existe/n otro/s medicamento/s con el mismo principio activo y para la misma vía de administración. Está disponible Atomoxetina Tarbis 25 mg 28 caps,2026-09-21T15:06:00.708495,N06BA09,76724
ES,Spain,AEMPS,"ITUXREDI 100 MG CONCENTRADO PARA SOLUCION PARA PERFUSION, 2 viales de 10 ml",RITUXIMAB,,,765843,2025-10-03,2026-10-30,shortage,Problemas de suministro (con alternativa),Existe/n otro/s medicamento/s con el mismo principio activo y para la misma vía de administración.,2026-09-21T15:06:00.708503,L01FA01,51004
ES,Spain,AEMPS,"ITUXREDI 500 MG CONCENTRADO PARA SOLUCION PARA PERFUSION, 1 vial de 50 ml",RITUXIMAB,,,765845,2025-10-03,2026-10-22,shortage,Problemas de suministro (con alternativa),Existe/n otro/s medicamento/s con el mismo principio activo y para la misma vía de administración.,2026-09-21T15:06:00.708511,L01FA01,51012
ES,Spain,AEMPS,"IQYMUNE 100 MG/ML SOLUCION PARA PERFUSION, 1 vial de 100 ml",INMUNOGLOBULINA G HUMANA,,,714435,2025-10-01,2027-03-15,shortage,Otros problemas de suministro,El médico prescriptor deberá determinar la posibilidad de utilizar otros tratamientos comercializados.,2026-09-21T15:06:00.708520,,
ES,Spain,AEMPS,"BICNU 100 MG POLVO Y DISOLVENTE PARA SOLUCION PARA PERFUSION EFG , 1 vial de polvo + 1 vial de disolvente",CARMUSTINA,,,709380,2025-09-26,2027-01-31,shortage,10,La AEMPS ha autorizado unidades por comercialización excepcional. acondicionadas en un idioma distinto al castellano para concursos adjudicados.,2026-09-21T15:06:00.708528,L01AD01,37788
ES,Spain,AEMPS,"VOLTAREN 1 mg/ml COLIRIO EN SOLUCION EN ENVASES UNIDOSIS, 10 envases unidosis de 0,3 ml",DICLOFENACO SODICO,,,712034,2025-09-25,,shortage,Problemas de suministro (con alternativa),Existe/n otro/s medicamento/s con el mismo principio activo y para la misma vía de administración.,2026-09-21T15:06:00.708532,S01BC03,
ES,Spain,AEMPS,"IQYMUNE 100 MG/ML SOLUCION PARA PERFUSION, 1 vial de 200 ml",INMUNOGLOBULINA G HUMANA,,,715506,2025-09-24,2027-03-15,shortage,Otros problemas de suministro,El médico prescriptor deberá determinar la posibilidad de utilizar otros tratamientos comercializados.,2026-09-21T15:06:00.708541,,
ES,Spain,AEMPS,"URBASON 250 mg POLVO Y DISOLVENTE PARA SOLUCION INYECTABLE O PARA PERFUSION, 1 ampolla + 1 ampolla de disolvente",METILPREDNISOLONA,,,842435,2025-09-19,2026-12-31,shortage,Problemas de suministro (con alternativa),"Existe/n otro/s medicamento/s con el mismo principio activo y para la misma vía de administración. Además, se puede solicitar como medicamento extranjero.",2026-09-21T15:06:00.708549,H02AB04,
ES,Spain,AEMPS,"BECLO-RINO 50 MICROGRAMOS APLICACIÓN SUSPENSIÓN PARA PULVERIZACIÓN NASAL, 1 envase pulverizador de 200 dosis",BECLOMETASONA DIPROPIONATO,,,794370,2025-09-18,,shortage,Otros problemas de suministro,El médico prescriptor deberá determinar la posibilidad de utilizar otros tratamientos comercializados.,2026-09-21T15:06:00.708554,R01AD01,
ES,Spain,AEMPS,"OLANZAPINA FLAS VIATRIS 10 MG COMPRIMIDOS BUCODISPERSABLES EFG, 28 comprimidos",OLANZAPINA,,,693434,2025-09-17,2027-04-07,shortage,Problemas de suministro (con alternativa),Existe/n otro/s medicamento/s con el mismo principio activo y para la misma vía de administración.,2026-09-21T15:06:00.708562,N05AH03,60968
ES,Spain,AEMPS,"IBIS 6 MG/ML COLIRIO EN SOLUCION, 1 frasco de 5 ml",BILASTINA,,,758615,2025-09-15,2027-04-01,shortage,Otros problemas de suministro,El médico prescriptor deberá determinar la posibilidad de utilizar otros tratamientos comercializados.,2026-09-21T15:06:00.708571,R06AX29,
ES,Spain,AEMPS,"SIILTIBCY (0,5 MICROGRAMOS + 0,5 MICROGRAMOS)/ML SOLUCION INYECTABLE, 1 vial multidosis (10 dosis de 0,1 ml)","RDESAT-6, RCFP-10",,,768088,2025-09-15,,shortage,10,La AEMPS ha autorizado unidades por comercialización excepcional.,2026-09-21T15:06:00.708575,,
ES,Spain,AEMPS,"QUETIAPINA TEVA-RATIO 50 mg COMPRIMIDOS DE LIBERACION PROLONGADA EFG, 60 comprimidos",QUETIAPINA FUMARATO,,,687025,2025-09-10,2026-11-11,shortage,Problemas de suministro (con alternativa),Existe/n otro/s medicamento/s con el mismo principio activo y para la misma vía de administración.,2026-09-21T15:06:00.708584,N05AH04,84182
ES,Spain,AEMPS,LANSOPRAZOL FLAS STADA 15MG COMPRIMIDOS BUCODISPERSABLES EFG 28 comprimidos,LANSOPRAZOL,,,722446,2025-09-08,2026-09-30,shortage,Problemas de suministro (con alternativa),Existe/n otro/s medicamento/s con el mismo principio activo y para la misma vía de administración.,2026-09-21T15:06:00.708593,A02BC03,
ES,Spain,AEMPS,"GALANTAMINA CINFA 16 MG CAPSULAS DURAS DE LIBERACION PROLONGADA EFG , 28 cápsulas",GALANTAMINA HIDROBROMURO,,,697283,2025-09-02,2026-12-18,shortage,Problemas de suministro (con alternativa),Existe/n otro/s medicamento/s con el mismo principio activo y para la misma vía de administración.,2026-09-21T15:06:00.708601,N06DA01,
ES,Spain,AEMPS,"LACOSAMIDA ACCORD 10 MG/ML SOLUCION PARA PERFUSION EFG, 1 vial de 20 ml",LACOSAMIDA,,,732793,2025-09-02,2026-12-31,shortage,Problemas de suministro (con alternativa),Existe/n otro/s medicamento/s con el mismo principio activo y para la misma vía de administración.,2026-09-21T15:06:00.708610,N03AX18,89060
ES,Spain,AEMPS,"BATMEN 2,5 MG/G POMADA , 1 tubo de 30 g",PREDNICARBATO,,,690172,2025-09-01,2026-12-31,shortage,Problemas de suministro (con alternativa),Existe/n otro/s medicamento/s con el mismo principio activo y para la misma vía de administración.,2026-09-21T15:06:00.708618,D07AC18,
ES,Spain,AEMPS,"ORKAMBI 75 MG/94 MG GRANULADO EN SOBRE, 56 sobres","LUMACAFTOR, IVACAFTOR",,,763061,2025-08-28,,shortage,10,La AEMPS ha autorizado unidades por comercialización excepcional. acondicionadas en un idioma distinto al castellano.,2026-09-21T15:06:00.708622,,
ES,Spain,AEMPS,"ANASTROZOL ACCORD 1 mg COMPRIMIDOS RECUBIERTOS CON PELICULA EFG , 28 comprimidos",ANASTROZOL,,,662845,2025-08-22,2026-12-31,shortage,Problemas de suministro (con alternativa),Existe/n otro/s medicamento/s con el mismo principio activo y para la misma vía de administración.,2026-09-21T15:06:00.708631,L02BG03,45020
ES,Spain,AEMPS,QUDIX PROLONG 150 MG COMPRIMIDOS DE LIBERACION PROLONGADA EFG 60 comprimidos,QUETIAPINA FUMARATO,,,726909,2025-08-22,2026-11-30,shortage,Problemas de suministro (con alternativa),Existe/n otro/s medicamento/s con el mismo principio activo y para la misma vía de administración.,2026-09-21T15:06:00.708640,N05AH04,94757
ES,Spain,AEMPS,"FARMORUBICINA 2 mg/ml SOLUCION INYECTABLE Y PARA PERFUSION , 1 vial de 25 ml",EPIRUBICINA HIDROCLORURO,,,697619,2025-08-21,2027-11-01,shortage,Problemas de suministro (con alternativa),Existe/n otro/s medicamento/s con el mismo principio activo y para la misma vía de administración. También hay unidades disponibles como medicamento extranjero.,2026-09-21T15:06:00.708649,L01DB03,82260
ES,Spain,AEMPS,"FILIOP 40 MICROGRAMOS/ML + 5 MG/ML COLIRIO EN SOLUCION 1 frasco de 2,5 ml","TRAVOPROST, TIMOLOL MALEATO",,,722262,2025-08-21,2027-01-01,shortage,Cese de comercialización temporal,Existe/n otro/s medicamento/s con los mismos principios activos y para la misma vía de administración.,2026-09-21T15:06:00.708659,,
ES,Spain,AEMPS,"TOFRANIL 10 mg  COMPRIMIDOS RECUBIERTOS, 60 comprimidos",IMIPRAMINA HIDROCLORURO,,,836569,2025-08-20,2026-09-30,shortage,"Problemas de suministro (sin alternativa, medicamento extranjero)",Se puede solicitar como medicamento extranjero.,2026-09-21T15:06:00.708668,N06AA02,227420
ES,Spain,AEMPS,"PROLEUKIN 18 X 10(6) UI  POLVO PARA SOLUCION INYECTABLE O PARA PERFUSION , 10 viales",ALDESLEUCINA,,,600243,2025-08-19,,shortage,Problemas de suministro (con alternativa),Existe/n otro/s medicamento/s con el mismo principio activo y para la misma vía de administración. Está disponible la dosis de 1 vial,2026-09-21T15:06:00.708672,L03AC01,
ES,Spain,AEMPS,"IGANTIBE 200 UI/ml SOLUCION INYECTABLE , 1 ampolla de 3 ml",INMUNOGLOBULINA HUMANA ANTIHEPATITIS B,,,652778,2025-08-14,,shortage,Problemas de suministro (con alternativa),"Existe/n otro/s medicamento/s con el mismo principio activo y para la misma vía de administración. Están disponibles las dosis de 0,5ml y 5ml",2026-09-21T15:06:00.708677,,
ES,Spain,AEMPS,"ZADITEN 0,25 mg/ml COLIRIO EN SOLUCION , 1 frasco de 5 ml",KETOTIFENO FUMARATO,,,677989,2025-08-13,2026-11-15,shortage,Otros problemas de suministro,El médico prescriptor deberá determinar la posibilidad de utilizar otros tratamientos comercializados.,2026-09-21T15:06:00.708685,R06AX13,101850
ES,Spain,AEMPS,"COLIRCUSI GENTADEXA 5 MG/ML+ 1 MG/ML+ 0,5 MG/ML COLIRIO/GOTAS ÓTICAS EN SOLUCIÓN      1 frasco de 10 ml","DEXAMETASONA FOSFATO SODIO, TETRIZOLINA HIDROCLORURO, GENTAMICINA SULFATO",,,672096,2025-08-12,2027-12-31,shortage,Otros problemas de suministro,El médico prescriptor deberá determinar la posibilidad de utilizar otros tratamientos comercializados.,2026-09-21T15:06:00.708693,,
ES,Spain,AEMPS,"CLOPIDOGREL ALTER 75 mg COMPRIMIDOS RECUBIERTOS CON PELICULA EFG, 28 comprimidos",CLOPIDOGREL,,,664686,2025-08-11,2026-09-30,shortage,Problemas de suministro (con alternativa),Existe/n otro/s medicamento/s con el mismo principio activo y para la misma vía de administración.,2026-09-21T15:06:00.708702,B01AC04,124559
ES,Spain,AEMPS,"CITARABINA PFIZER 20 MG/ML SOLUCION INYECTABLE Y PARA PERFUSION, 1 vial de 25 ml",CITARABINA,,,731570,2025-08-07,,shortage,Problemas de suministro (con alternativa),Existe/n otro/s medicamento/s con el mismo principio activo y para la misma vía de administración. Hay disponible Citarabina Accord 100 mg/ml y Citarabina Pfizer 500 mg polvo y disolvente para solución inyectable y para perfusión.,2026-09-21T15:06:00.708706,L01BC01,
ES,Spain,AEMPS,"QUETIAPINA ALTER 50 MG COMPRIMIDOS DE LIBERACION PROLONGADA EFG, 60 comprimidos",QUETIAPINA FUMARATO,,,723373,2025-08-06,2026-12-17,shortage,Problemas de suministro (con alternativa),Existe/n otro/s medicamento/s con el mismo principio activo y para la misma vía de administración.,2026-09-21T15:06:00.708715,N05AH04,84182
ES,Spain,AEMPS,"ENTECAVIR DR. REDDYS 0,5 MG COMPRIMIDOS RECUBIERTOS CON PELICULA EFG, 30 comprimidos",ENTECAVIR MONOHIDRATO,,,719049,2025-08-04,,shortage,10,La AEMPS ha autorizado unidades por comercialización excepcional. acondicionadas en un idioma distinto al castellano,2026-09-21T15:06:00.708719,J05AF05,81388
ES,Spain,AEMPS,"GALANTAMINA COMBIX 16 MG CAPSULAS DURAS DE LIBERACION PROLONGADA EFG , 28 cápsulas",GALANTAMINA HIDROBROMURO,,,696756,2025-08-01,2026-10-30,shortage,Problemas de suministro (con alternativa),Existe/n otro/s medicamento/s con el mismo principio activo y para la misma vía de administración.,2026-09-21T15:06:00.708729,N06DA01,
ES,Spain,AEMPS,"GALANTAMINA COMBIX 8 MG CAPSULAS DURAS DE LIBERACION PROLONGADA EFG , 28 cápsulas",GALANTAMINA HIDROBROMURO,,,696755,2025-08-01,2026-10-30,shortage,Problemas de suministro (con alternativa),Existe/n otro/s medicamento/s con el mismo principio activo y para la misma vía de administración.,2026-09-21T15:06:00.708738,N06DA01,
ES,Spain,AEMPS,"NAAXIA  38 mg/ml COLIRIO EN SOLUCION , 1 frasco de 10 ml",ESPAGLUMICO ACIDO,,,794305,2025-07-30,,shortage,Problemas de suministro (con alternativa),Existe/n otro/s medicamento/s con el mismo principio activo y para la misma vía de administración.,2026-09-21T15:06:00.708742,,
ES,Spain,AEMPS,"QUETIAPINA TEVA-RATIO 400 mg COMPRIMIDOS DE LIBERACION PROLONGADA EFG, 60 comprimidos",QUETIAPINA FUMARATO,,,687055,2025-07-29,2026-11-11,shortage,Problemas de suministro (con alternativa),Existe/n otro/s medicamento/s con el mismo principio activo y para la misma vía de administración.,2026-09-21T15:06:00.708751,N05AH04,84212
ES,Spain,AEMPS,"MONONITRATO DE ISOSORBIDA NORMON 20 mg COMPRIMIDOS EFG, 40 comprimidos",ISOSORBIDA MONONITRATO,,,920603,2025-07-28,,shortage,Problemas de suministro (con alternativa),Existe/n otro/s medicamento/s con el mismo principio activo y para la misma vía de administración.,2026-09-21T15:06:00.708755,C01DA08,
ES,Spain,AEMPS,"SINETRAV 40 MICROGRAMOS/ML COLIRIO EN SOLUCION 1 frasco de 2,5 ml",TRAVOPROST,,,719983,2025-07-23,2027-01-15,shortage,Problemas de suministro (con alternativa),Existe/n otro/s medicamento/s con el mismo principio activo y para la misma vía de administración.,2026-09-21T15:06:00.708763,S01EE04,206458
ES,Spain,AEMPS,"PARAFLUDETEN 650 mg COMPRIMIDOS EFERVESCENTES, 20 comprimidos",PARACETAMOL,,,888685,2025-07-21,,shortage,Problemas de suministro (con alternativa),Existe/n otro/s medicamento/s con el mismo principio activo y para la misma vía de administración.,2026-09-21T15:06:00.708768,N02BE01,
ES,Spain,AEMPS,"RISPERIDONA VIATRIS 0,5 MG COMPRIMIDOS RECUBIERTOS CON PELICULA EFG, 56 comprimidos",RISPERIDONA,,,693482,2025-07-19,2027-05-07,shortage,9,El titular de autorización de comercialización está realizando una distribución controlada al existir unidades limitadas.,2026-09-21T15:06:00.708776,N05AX08,56197
ES,Spain,AEMPS,"OLFEN 140 MG APOSITOS ADHESIVOS MEDICAMENTOSOS, 5 apósitos",DICLOFENACO SODICO,,,661952,2025-07-17,,shortage,11,Existen tratamientos alternativos no sujetos a prescripción.,2026-09-21T15:06:00.708780,M01AB05,
ES,Spain,AEMPS,"CLOPIDOGREL ALTER 75 mg COMPRIMIDOS RECUBIERTOS CON PELICULA EFG, 50 comprimidos",CLOPIDOGREL,,,695490,2025-07-15,2027-03-17,shortage,Problemas de suministro (con alternativa),Existe/n otro/s medicamento/s con el mismo principio activo y para la misma vía de administración.,2026-09-21T15:06:00.708789,B01AC04,124559
ES,Spain,AEMPS,"MANITOL MEIN 10% solución para perfusión, 12 frascos de 500 ml",MANITOL,,,621615,2025-07-08,,shortage,Problemas de suministro (con alternativa),Existe/n otro/s medicamento/s con el mismo principio activo y para la misma vía de administración.,2026-09-21T15:06:00.708793,B05BA01,
ES,Spain,AEMPS,"BILAXTEN 6 MG/ML COLIRIO EN SOLUCION, 1 frasco de 5 ml",BILASTINA,,,758305,2025-07-07,2027-06-01,shortage,Otros problemas de suministro,El médico prescriptor deberá determinar la posibilidad de utilizar otros tratamientos comercializados.,2026-09-21T15:06:00.708802,R06AX29,
ES,Spain,AEMPS,"IOMERON 250 MG IODO/ML SOLUCIÓN INYECTABLE  , 1 frasco de 100 ml",IOMEPROL,,,682807,2025-07-07,2026-12-31,shortage,9,El titular de autorización de comercialización está realizando una distribución controlada al existir unidades limitadas.,2026-09-21T15:06:00.708810,V08AB10,
ES,Spain,AEMPS,"IOMERON 300 MG IODO/ML SOLUCIÓN INYECTABLE  , 1 frasco de 50 ml",IOMEPROL,,,682781,2025-07-07,2026-12-31,shortage,9,El titular de autorización de comercialización está realizando una distribución controlada al existir unidades limitadas.,2026-09-21T15:06:00.708819,V08AB10,40517
ES,Spain,AEMPS,"IOMERON 350 MG IODO/ML SOLUCIÓN INYECTABLE  , 1 frasco de 200 ml",IOMEPROL,,,682757,2025-07-07,2026-12-31,shortage,9,El titular de autorización de comercialización está realizando una distribución controlada al existir unidades limitadas.,2026-09-21T15:06:00.708827,V08AB10,40606
ES,Spain,AEMPS,"IOMERON 350 MG IODO/ML SOLUCIÓN INYECTABLE  , 1 frasco de 50 ml",IOMEPROL,,,684019,2025-07-07,2026-12-31,shortage,9,El titular de autorización de comercialización está realizando una distribución controlada al existir unidades limitadas.,2026-09-21T15:06:00.708835,V08AB10,40576
ES,Spain,AEMPS,"IOMERON 400 MG IODO/ML SOLUCIÓN INYECTABLE  , 1 frasco de 100 ml",IOMEPROL,,,682740,2025-07-07,2026-12-31,shortage,9,El titular de autorización de comercialización está realizando una distribución controlada al existir unidades limitadas.,2026-09-21T15:06:00.708844,V08AB10,40649
ES,Spain,AEMPS,"IOMERON 400 MG IODO/ML SOLUCIÓN INYECTABLE  , 1 frasco de 50 ml",IOMEPROL,,,684001,2025-07-07,2026-12-31,shortage,9,El titular de autorización de comercialización está realizando una distribución controlada al existir unidades limitadas.,2026-09-21T15:06:00.708852,V08AB10,40622
ES,Spain,AEMPS,"PIRFENIDONA DR. REDDYS 801 MG COMPRIMIDOS RECUBIERTOS CON PELICULA EFG, 84 comprimidos (PVC/Al)",PIRFENIDONA,,,748634,2025-07-07,,shortage,Problemas de suministro (con alternativa),Existe/n otro/s medicamento/s con el mismo principio activo y para la misma vía de administración.,2026-09-21T15:06:00.708856,L04AX05,146773
ES,Spain,AEMPS,"GLUCOSA FRESENIUS KABI 20% SOLUCIÓN PARA PERFUSIÓN , 12 frascos de 250 ml",GLUCOSA MONOHIDRATO,,,610790,2025-07-02,,shortage,Problemas de suministro (con alternativa),Existe/n otro/s medicamento/s con el mismo principio activo y para la misma vía de administración.,2026-09-21T15:06:00.708860,,
ES,Spain,AEMPS,"BRONCHITOL 40 MG POLVO PARA INHALACION, CAPSULAS DURAS, 10 cápsulas + 1 inhalador",MANITOL,,,711643,2025-06-25,,shortage,10,La AEMPS ha autorizado unidades por comercialización excepcional. Presentación 28 cápsulas + 2 inhaladores.,2026-09-21T15:06:00.708865,B05BA01,
ES,Spain,AEMPS,"BRONCHITOL 40 MG POLVO PARA INHALACION, CAPSULAS DURAS, 28 x 10 cápsulas + 2 inhaladores",MANITOL,,,711644,2025-06-25,,shortage,10,La AEMPS ha autorizado unidades por comercialización excepcional.,2026-09-21T15:06:00.708869,B05BA01,
ES,Spain,AEMPS,COSDUO  20 MG/ML + 5 MG/ML COLIRIO EN SOLUCION 1 frasco de 5 ml,"TIMOLOL MALEATO, DORZOLAMIDA HIDROCLORURO",,,716318,2025-06-23,2026-09-30,shortage,Cese de comercialización temporal,Existe/n otro/s medicamento/s con los mismos principios activos y para la misma vía de administración.,2026-09-21T15:06:00.708878,,
ES,Spain,AEMPS,"SITAGLIPTINA ADAMED 25 MG COMPRIMIDOS RECUBIERTOS CON PELICULA EFG, 28 comprimidos",SITAGLIPTINA HIDROCLORURO MONOHIDRATO,,,728385,2025-06-23,2026-12-01,shortage,Problemas de suministro (con alternativa),Existe/n otro/s medicamento/s con el mismo principio activo y para la misma vía de administración.,2026-09-21T15:06:00.708886,A10BH01,218103
ES,Spain,AEMPS,"THEO-DUR 300 mg COMPRIMIDOS DE LIBERACION PROLONGADA , 40 comprimidos",TEOFILINA ANHIDRA,,,958215,2025-06-23,,shortage,Problemas de suministro (con alternativa),Existe/n otro/s medicamento/s con el mismo principio activo y para la misma vía de administración.,2026-09-21T15:06:00.708890,R03DA04,
ES,Spain,AEMPS,"BENDAMUSTINA BAXTER 2,5 MG/ML POLVO PARA CONCENTRADO PARA SOLUCION PARA PERFUSION EFG 5 viales de 100 mg",BENDAMUSTINA HIDROCLORURO,,,727243,2025-06-19,,shortage,10,La AEMPS ha autorizado unidades por comercialización excepcional. en un idioma distinto al castellano.,2026-09-21T15:06:00.708894,L01BC03,
ES,Spain,AEMPS,"TRIGON DEPOT 40 mg/ml SUSPENSIÓN INYECTABLE, 3 viales de 1 ml",TRIAMCINOLONA ACETONIDO,,,758717,2025-06-19,,shortage,12,El Titular de Autorización de Comercialización está realizando una distribución controlada a hospitales Adicionalmente hay unidades extranjeras disponibles,2026-09-21T15:06:00.708898,H02AB06,
ES,Spain,AEMPS,"DAKTARIN 20 MG/G GEL ORAL , 1 tubo de 40 g",MICONAZOL,,,955419,2025-06-09,,shortage,Otros problemas de suministro,"El médico prescriptor deberá determinar la posibilidad de utilizar otros tratamientos comercializados. Se puede solicitar como medicamento extranjero. Por favor, contactar con medicamentos en situaciones especiales para conocer las posibilidades de acceso al medicamento extranjero.",2026-09-21T15:06:00.708902,A01AB09,
ES,Spain,AEMPS,"GALANTAMINA CINFA 24 MG CAPSULAS DURAS DE LIBERACION PROLONGADA EFG , 28 cápsulas",GALANTAMINA HIDROBROMURO,,,697284,2025-06-09,2026-12-18,shortage,Problemas de suministro (con alternativa),Existe/n otro/s medicamento/s con el mismo principio activo y para la misma vía de administración.,2026-09-21T15:06:00.708911,N06DA01,
ES,Spain,AEMPS,"QUETIAPINA PENSA 400 MG COMPRIMIDOS DE LIBERACION PROLONGADA EFG, 60 comprimidos",QUETIAPINA FUMARATO,,,730361,2025-06-09,2026-10-31,shortage,Problemas de suministro (con alternativa),Existe/n otro/s medicamento/s con el mismo principio activo y para la misma vía de administración.,2026-09-21T15:06:00.708919,N05AH04,84212
ES,Spain,AEMPS,"BENDAMUSTINA DR. REDDYS 2,5 MG/ML POLVO PARA CONCENTRADO PARA SOLUCION PARA PERFUSION EFG, 5 viales de 25 mg",BENDAMUSTINA HIDROCLORURO,,,709947,2025-06-04,,shortage,Problemas de suministro (con alternativa),Existe/n otro/s medicamento/s con el mismo principio activo y para la misma vía de administración.,2026-09-21T15:06:00.708926,L01BC03,
ES,Spain,AEMPS,"ARIPIPRAZOL FLAS CINFA 10 MG COMPRIMIDOS BUCODISPERSABLES EFG , 28 comprimidos",ARIPIPRAZOL,,,704753,2025-06-03,2026-12-18,shortage,Problemas de suministro (con alternativa),Existe/n otro/s medicamento/s con el mismo principio activo y para la misma vía de administración.,2026-09-21T15:06:00.708934,N05AX12,75248
ES,Spain,AEMPS,APREGIA 75 mg CAPSULAS DURAS EFG 56 cápsulas,PREGABALINA,,,714982,2025-06-02,2026-12-29,shortage,Problemas de suministro (con alternativa),Existe/n otro/s medicamento/s con el mismo principio activo y para la misma vía de administración.,2026-09-21T15:06:00.708943,N02BF02,75701
ES,Spain,AEMPS,"CITARABINA ACCORD 100 mg/ml SOLUCION INYECTABLE Y PARA PERFUSION , 1 vial de 1 ml",CITARABINA,,,682432,2025-06-02,2026-09-30,shortage,Problemas de suministro (con alternativa),Existe/n otro/s medicamento/s con el mismo principio activo y para la misma vía de administración.,2026-09-21T15:06:00.708951,L01BC01,104469
ES,Spain,AEMPS,"GALANTAMINA VIATRIS 16 MG CAPSULAS DURAS DE LIBERACION PROLONGADA EFG, 28 cápsulas",GALANTAMINA HIDROBROMURO,,,683866,2025-06-02,,shortage,Problemas de suministro (con alternativa),Existe/n otro/s medicamento/s con el mismo principio activo y para la misma vía de administración.,2026-09-21T15:06:00.708955,N06DA01,
ES,Spain,AEMPS,ACIDO IBANDRONICO SANDOZ 150 mg COMPRIMIDOS RECUBIERTOS CON PELICULA EFG 1 comprimido,IBANDRONICO ACIDO,,,676079,2025-05-30,2026-09-30,shortage,Problemas de suministro (con alternativa),Existe/n otro/s medicamento/s con el mismo principio activo y para la misma vía de administración.,2026-09-21T15:06:00.708963,M05BX04,
ES,Spain,AEMPS,ACIDO IBANDRONICO SANDOZ 150 mg COMPRIMIDOS RECUBIERTOS CON PELICULA EFG 3 comprimidos,IBANDRONICO ACIDO,,,676082,2025-05-30,2026-09-30,shortage,Problemas de suministro (con alternativa),Existe/n otro/s medicamento/s con el mismo principio activo y para la misma vía de administración.,2026-09-21T15:06:00.708972,M05BX04,
ES,Spain,AEMPS,"DEXTROSA FRESENIUS KABI 50% SOLUCION PARA PERFUSION, 12 frascos de 500 ml",GLUCOSA,,,605667,2025-05-28,,shortage,Problemas de suministro (con alternativa),Existe/n otro/s medicamento/s con el mismo principio activo y para la misma vía de administración.,2026-09-21T15:06:00.708976,B05BA03,78964
ES,Spain,AEMPS,"NOVORAPID PUMPCART 100 U/ML SOLUCION INYECTABLE EN CARTUCHO, 5 cartuchos de 1,6 ml",INSULINA ASPARTA,,,707739,2025-05-26,2026-12-31,shortage,9,"El titular de autorización de comercialización está realizando una distribución controlada al existir unidades limitadas. Consultar Nota informativa:
https://www.aemps.gob.es/informa/la-aemps-en-colaboracion-con-las-sociedades-medicas-implicadas-en-el-tratamiento-de-la-diabetes-emite-recomendaciones-de-uso-de-las-insulinas-de-accion-rapida/

Para los  pacientes que usan la bomba Accu-Chek Insight y que no encuentren el producto en la oficina de farmacia, NOVONORDISK está realizando un suministro directo por vía hospitalaria ( a los servicios de farmacia que les hayan trasladado esta necesidad)",2026-09-21T15:06:00.708985,,
ES,Spain,AEMPS,"ATAZANAVIR TEVA 200 MG CAPSULAS DURAS EFG, 60 cápsulas",ATAZANAVIR SULFATO,,,709978,2025-05-23,2026-10-16,shortage,Problemas de suministro (con alternativa),Existe/n otro/s medicamento/s con el mismo principio activo y para la misma vía de administración.,2026-09-21T15:06:00.708993,J05AE05,74349
ES,Spain,AEMPS,"TENOFOVIR DISOPROXILO ACCORPHARMA 245 MG COMPRIMIDOS RECUBIERTOS CON PELICULA EFG , 30 comprimidos",TENOFOVIR DISOPROXILO FUMARATO,,,726518,2025-05-22,,shortage,Problemas de suministro (con alternativa),Existe/n otro/s medicamento/s con el mismo principio activo y para la misma vía de administración.,2026-09-21T15:06:00.708997,J05AF07,146633
ES,Spain,AEMPS,"BENTIFEN 0,25mg/ml COLIRIO EN SOLUCION , 1 frasco de 5 ml",KETOTIFENO FUMARATO,,,653304,2025-05-21,2026-11-15,shortage,Otros problemas de suministro,El médico prescriptor deberá determinar la posibilidad de utilizar otros tratamientos comercializados.,2026-09-21T15:06:00.709006,R06AX13,101850
ES,Spain,AEMPS,"CEZIBOE 0,25 MG SOLUCION INYECTABLE EN JERINGA PRECARGADA, 1 jeringa precargada",CETRORELIX,,,730563,2025-05-21,,shortage,Otros problemas de suministro,El médico prescriptor deberá determinar la posibilidad de utilizar otros tratamientos comercializados.,2026-09-21T15:06:00.709010,H01CC02,52795
ES,Spain,AEMPS,"GLUCOSA FRESENIUS KABI 20% SOLUCIÓN PARA PERFUSIÓN , 12 frascos de 500 ml",GLUCOSA MONOHIDRATO,,,626788,2025-05-17,2026-12-31,shortage,Problemas de suministro (con alternativa),Existe/n otro/s medicamento/s con el mismo principio activo y para la misma vía de administración.,2026-09-21T15:06:00.709018,,
ES,Spain,AEMPS,"FULVESTRANT EUGIA 250 MG SOLUCION INYECTABLE EN JERINGA PRECARGADA EFG, 1 jeringa + 1 aguja",FULVESTRANT,,,759164,2025-05-14,2026-11-30,shortage,Problemas de suministro (con alternativa),Existe/n otro/s medicamento/s con el mismo principio activo y para la misma vía de administración.,2026-09-21T15:06:00.709027,L02BA03,74934
ES,Spain,AEMPS,"KALYDECO 25 MG GRANULADO EN SOBRE, 56 (4 x 14) sobres (multipack)",IVACAFTOR,,,765582,2025-05-14,,shortage,10,La AEMPS ha autorizado unidades por comercialización excepcional. en un idioma distinto al castellano.,2026-09-21T15:06:00.709031,R07AX02,201383
ES,Spain,AEMPS,"ATOMOXETINA CINFA 25 MG CAPSULAS DURAS EFG, 28 cápsulas (Blister PVC/PE/PCTFE-Al)",ATOMOXETINA HIDROCLORURO,,,719107,2025-05-12,2026-09-30,shortage,Problemas de suministro (con alternativa),Existe/n otro/s medicamento/s con el mismo principio activo y para la misma vía de administración. Está disponible Atomoxetina Tarbis 25 mg 28 caps,2026-09-21T15:06:00.709039,N06BA09,76724
ES,Spain,AEMPS,"BENDAMUSTINA DR. REDDYS 2,5 MG/ML POLVO PARA CONCENTRADO PARA SOLUCION PARA PERFUSION EFG, 5 viales de 100 mg",BENDAMUSTINA HIDROCLORURO,,,709952,2025-05-12,,shortage,Problemas de suministro (con alternativa),Existe/n otro/s medicamento/s con el mismo principio activo y para la misma vía de administración.,2026-09-21T15:06:00.709043,L01BC03,
ES,Spain,AEMPS,"DINISOR RETARD 180 mg COMPRIMIDOS DE LIBERACION MODIFICADA, 30 comprimidos",DILTIAZEM HIDROCLORURO,,,806554,2025-05-12,,shortage,Problemas de suministro (con alternativa),Existe/n otro/s medicamento/s con el mismo principio activo y para la misma vía de administración.,2026-09-21T15:06:00.709047,C08DB01,38148
ES,Spain,AEMPS,"LEVETIRACETAM SUN 100 MG/ML CONCENTRADO PARA SOLUCION PARA PERFUSION EFG, 10 viales de 5 ml",LEVETIRACETAM,,,687427,2025-05-01,2026-09-30,shortage,Problemas de suministro (con alternativa),"Existe/n otro/s medicamento/s con el mismo principio activo y para la misma vía de administración. Además, la AEMPS ha autorizado unidades por comercialización excepcional acondicionadas en un idioma distinto al castellano.",2026-09-21T15:06:00.709056,N03AX14,80926
ES,Spain,AEMPS,"ARIPIPRAZOL FLAS CINFA 15 MG COMPRIMIDOS BUCODISPERSABLES EFG , 28 comprimidos",ARIPIPRAZOL,,,704754,2025-04-29,2026-12-18,shortage,Problemas de suministro (con alternativa),Existe/n otro/s medicamento/s con el mismo principio activo y para la misma vía de administración.,2026-09-21T15:06:00.709065,N05AX12,75256
ES,Spain,AEMPS,"PERINDOPRIL/INDAPAMIDA VIATRIS 4 MG/1,25 MG COMPRIMIDOS EFG,  30 comprimidos (PVC/ACLAR/AL)","PERINDOPRIL ERBUMINA, INDAPAMIDA",,,696597,2025-04-17,,shortage,Cese de comercialización temporal,Existe/n otro/s medicamento/s con los mismos principios activos y para la misma vía de administración.,2026-09-21T15:06:00.709069,,
ES,Spain,AEMPS,"TIMABAK 2,5 mg/ml COLIRIO EN SOLUCION , 1 frasco de 5 ml",TIMOLOL MALEATO,,,717389,2025-04-15,2027-01-15,shortage,Problemas de suministro (con alternativa),Existe/n otro/s medicamento/s con el mismo principio activo y para la misma vía de administración.,2026-09-21T15:06:00.709078,S01ED01,
ES,Spain,AEMPS,"FIASP 100 UNIDADES/ML PUMPCART SOLUCION INYECTABLE EN CARTUCHO, 5 cartuchos de 1,6 ml",INSULINA ASPARTA,,,728514,2025-04-10,2026-12-31,shortage,Problemas de fabricación,Consultar Nota Informativa: https://www.aemps.gob.es/informa/la-aemps-en-colaboracion-con-las-sociedades-medicas-implicadas-en-el-tratamiento-de-la-diabetes-emite-recomendaciones-de-uso-de-las-insulinas-de-accion-rapida/,2026-09-21T15:06:00.709087,,
ES,Spain,AEMPS,"MANITOL MEIN 20% solución para perfusión, 12 frascos de 250 ml",MANITOL,,,621532,2025-04-09,,shortage,Problemas de suministro (con alternativa),Existe/n otro/s medicamento/s con el mismo principio activo y para la misma vía de administración.,2026-09-21T15:06:00.709091,B05BA01,
ES,Spain,AEMPS,"TOFRANIL 50 mg COMPRIMIDOS RECUBIERTOS , 30 comprimidos",IMIPRAMINA HIDROCLORURO,,,836593,2025-04-08,2026-12-26,shortage,"Problemas de suministro (sin alternativa, medicamento extranjero)",Se puede solicitar como medicamento extranjero.,2026-09-21T15:06:00.709099,N06AA02,
ES,Spain,AEMPS,"LACOSAMIDA KRKA 100 MG COMPRIMIDOS RECUBIERTOS CON PELICULA EFG, 56 comprimidos",LACOSAMIDA,,,729261,2025-04-07,2027-02-22,shortage,Problemas de suministro (con alternativa),Existe/n otro/s medicamento/s con el mismo principio activo y para la misma vía de administración.,2026-09-21T15:06:00.709109,N03AX18,217875
ES,Spain,AEMPS,"LACOSAMIDA KRKA 200 MG COMPRIMIDOS RECUBIERTOS CON PELICULA EFG, 56 comprimidos",LACOSAMIDA,,,729263,2025-04-07,2027-02-22,shortage,Problemas de suministro (con alternativa),Existe/n otro/s medicamento/s con el mismo principio activo y para la misma vía de administración.,2026-09-21T15:06:00.709118,N03AX18,217808
ES,Spain,AEMPS,"LACOSAMIDA KRKA 50 MG COMPRIMIDOS RECUBIERTOS CON PELICULA EFG, 14 comprimidos",LACOSAMIDA,,,729260,2025-04-07,,shortage,Problemas de suministro (con alternativa),Existe/n otro/s medicamento/s con el mismo principio activo y para la misma vía de administración.,2026-09-21T15:06:00.709122,N03AX18,89036
ES,Spain,AEMPS,"CELSIOR SOLUCION PARA LA CONSERVACION DE ORGANOS,  4 bolsas de 1.000 ml","GLUTATION, MANITOL, LACTOBIONICO ACIDO, GLUTAMICO ACIDO, SODIO HIDROXIDO, CALCIO CLORURO, CLORURO DE POTASIO, MAGNESIO CLORURO, HISTIDINA",,,677327,2025-04-01,,shortage,Problemas de fabricación,"Consultar Nota Informativa: https://www.aemps.gob.es/informa/celsior-solucion-para-la-conservacion-de-organos-4-bolsas-de-1-000-ml/

Se recomienda valorar el uso de Custodiol, Cardi-Braun, Cardi-Braun Mantenimiento, Cardi-Braun Reperfusión y de los productos sanitarios Servator-C  IGL y Perfadex",2026-09-21T15:06:00.709126,,
ES,Spain,AEMPS,"OSVAREN 435 mg / 235 mg COMPRIMIDOS RECUBIERTOS CON PELICULA , 180 comprimidos","ACETATO CALCIO, MAGNESIO CARBONATO",,,660684,2025-04-01,2027-03-31,shortage,Otros problemas de suministro,El médico prescriptor deberá determinar la posibilidad de utilizar otros tratamientos comercializados.,2026-09-21T15:06:00.709134,,
ES,Spain,AEMPS,"DICLOFENACO ABAMED 1 MG/ML COLIRIO EN SOLUCION EN ENVASE UNIDOSIS 30 envases de 0,3 ml",DICLOFENACO SODICO,,,698029,2025-03-19,,shortage,Problemas de suministro (con alternativa),Existe/n otro/s medicamento/s con el mismo principio activo y para la misma vía de administración.,2026-09-21T15:06:00.709139,S01BC03,
ES,Spain,AEMPS,"METFORMINA SANDOZ 850 mg COMPRIMIDOS RECUBIERTOS CON PELICULA EFG , 50 comprimidos",,,,670938,2025-03-19,,shortage,Problemas de suministro (con alternativa),Existe/n otro/s medicamento/s con el mismo principio activo y para la misma vía de administración.,2026-09-21T15:06:00.709143,,
ES,Spain,AEMPS,"CLORURO DE SODIO PHYSAN 0,9%  SOLUCION PARA PERFUSION, 10 frascos de 1.000 ml (PP + Tapón twin head)",SODIO CLORURO,,,607264,2025-03-17,2026-12-15,shortage,Problemas de suministro (con alternativa),Existe/n otro/s medicamento/s con el mismo principio activo y para la misma vía de administración.,2026-09-21T15:06:00.709152,B05BB01,26956
ES,Spain,AEMPS,"GLUCOSA FRESENIUS KABI 40% SOLUCIÓN PARA PERFUSIÓN , 12 frascos de 250 ml",GLUCOSA MONOHIDRATO,,,620724,2025-03-17,,shortage,Problemas de suministro (con alternativa),Existe/n otro/s medicamento/s con el mismo principio activo y para la misma vía de administración.,2026-09-21T15:06:00.709156,,
ES,Spain,AEMPS,"TACROLIMUS STADAFARMA 0,5 MG CAPSULAS DURAS DE LIBERACION PROLONGADA EFG, 30 cápsulas",TACROLIMUS MONOHIDRATO,,,758235,2025-03-13,,shortage,Problemas de suministro (con alternativa),Existe/n otro/s medicamento/s con el mismo principio activo y para la misma vía de administración.,2026-09-21T15:06:00.709160,L04AD02,96148
ES,Spain,AEMPS,"TACROLIMUS STADAFARMA 1 MG CAPSULAS DURAS DE LIBERACION PROLONGADA EFG, 60 cápsulas",TACROLIMUS MONOHIDRATO,,,758237,2025-03-13,,shortage,Problemas de suministro (con alternativa),Existe/n otro/s medicamento/s con el mismo principio activo y para la misma vía de administración.,2026-09-21T15:06:00.709164,L04AD02,96156
ES,Spain,AEMPS,"TACROLIMUS STADAFARMA 3 MG CAPSULAS DURAS DE LIBERACION PROLONGADA EFG, 30 cápsulas",TACROLIMUS MONOHIDRATO,,,758238,2025-03-13,,shortage,Problemas de suministro (con alternativa),Existe/n otro/s medicamento/s con el mismo principio activo y para la misma vía de administración.,2026-09-21T15:06:00.709168,L04AD02,96164
ES,Spain,AEMPS,"TACROLIMUS STADAFARMA 5 MG CAPSULAS DURAS DE LIBERACION PROLONGADA EFG, 30 cápsulas",TACROLIMUS MONOHIDRATO,,,758239,2025-03-13,,shortage,Problemas de suministro (con alternativa),Existe/n otro/s medicamento/s con el mismo principio activo y para la misma vía de administración.,2026-09-21T15:06:00.709172,L04AD02,96172
ES,Spain,AEMPS,"QUETIAPINA PENSA 300 MG COMPRIMIDOS DE LIBERACION PROLONGADA EFG, 60 comprimidos",QUETIAPINA FUMARATO,,,730360,2025-02-24,2026-10-31,shortage,Problemas de suministro (con alternativa),Existe/n otro/s medicamento/s con el mismo principio activo y para la misma vía de administración.,2026-09-21T15:06:00.709181,N05AH04,84204
ES,Spain,AEMPS,"PERINDOPRIL/INDAPAMIDA VIATRIS 2 MG/0,625 MG COMPRIMIDOS EFG,  30 comprimidos (PVC/ACLAR/AL)","PERINDOPRIL ERBUMINA, INDAPAMIDA",,,696598,2025-02-14,2027-03-26,shortage,Cese de comercialización temporal,Existe/n otro/s medicamento/s con los mismos principios activos y para la misma vía de administración.,2026-09-21T15:06:00.709192,,
ES,Spain,AEMPS,"TOLTERODINA NEO STADA 4 MG CAPSULAS DURAS DE LIBERACION PROLONGADA EFG, 28 cápsulas",TOLTERODINA TARTRATO,,,693636,2025-02-12,2026-11-30,shortage,Problemas de suministro (con alternativa),Existe/n otro/s medicamento/s con el mismo principio activo y para la misma vía de administración.,2026-09-21T15:06:00.709202,G04BD07,60534
ES,Spain,AEMPS,"CLORURO DE SODIO PHYSAN 0,9%  SOLUCION PARA PERFUSION, 20 frascos de 250 ml (PP + Tapón twin head)",SODIO CLORURO,,,607268,2025-02-07,2027-01-15,shortage,Problemas de suministro (con alternativa),Existe/n otro/s medicamento/s con el mismo principio activo y para la misma vía de administración.,2026-09-21T15:06:00.709210,B05BB01,
ES,Spain,AEMPS,"QUETIAPINA PENSA 200 MG COMPRIMIDOS DE LIBERACION PROLONGADA EFG, 60 comprimidos",QUETIAPINA FUMARATO,,,730363,2025-02-07,2026-10-31,shortage,Problemas de suministro (con alternativa),Existe/n otro/s medicamento/s con el mismo principio activo y para la misma vía de administración.,2026-09-21T15:06:00.709219,N05AH04,84190
ES,Spain,AEMPS,"QUETIAPINA PENSA 50 MG COMPRIMIDOS DE LIBERACION PROLONGADA EFG, 60 comprimidos",QUETIAPINA FUMARATO,,,730362,2025-02-07,2026-10-31,shortage,Problemas de suministro (con alternativa),Existe/n otro/s medicamento/s con el mismo principio activo y para la misma vía de administración.,2026-09-21T15:06:00.709227,N05AH04,84182
ES,Spain,AEMPS,"TOFRANIL 25 mg COMPRIMIDOS RECUBIERTOS, 50 comprimidos",IMIPRAMINA HIDROCLORURO,,,836585,2025-02-07,2026-09-30,shortage,"Problemas de suministro (sin alternativa, medicamento extranjero)",Se puede solicitar como medicamento extranjero.,2026-09-21T15:06:00.709236,N06AA02,210412
ES,Spain,AEMPS,"SUPREFACT DEPOT 9,45 mg IMPLANTE, 1 jeringa precargada + 3 implantes de 3,3 mg",BUSERELINA ACETATO,,,755058,2025-02-04,,shortage,"Problemas de suministro (sin alternativa, medicamento extranjero)",Se puede solicitar como medicamento extranjero.,2026-09-21T15:06:00.709240,L02AE01,50997
ES,Spain,AEMPS,"ANAPEN 0,50 MG/0,3 ML SOLUCION INYECTABLE EN JERINGA PRECARGADA, 1 jeringa precargada",EPINEFRINA,,,722200,2025-01-31,2026-11-30,shortage,Problemas de suministro (con alternativa),Existe/n otro/s medicamento/s con el mismo principio activo y para la misma vía de administración.,2026-09-21T15:06:00.709248,C01CA24,
ES,Spain,AEMPS,"AZACITIDINA EUGIA 25 MG/ML POLVO PARA SUSPENSION INYECTABLE EFG, 1 vial",AZACITIDINA,,,762322,2025-01-31,2026-11-30,shortage,Problemas de suministro (con alternativa),Existe/n otro/s medicamento/s con el mismo principio activo y para la misma vía de administración.,2026-09-21T15:06:00.709258,L01BC07,
ES,Spain,AEMPS,"GALANTAMINA STADA 24 MG CAPSULAS DURAS DE LIBERACION PROLONGADA EFG , 28 cápsulas",GALANTAMINA HIDROBROMURO,,,696862,2025-01-31,2026-12-31,shortage,Problemas de suministro (con alternativa),Existe/n otro/s medicamento/s con el mismo principio activo y para la misma vía de administración.,2026-09-21T15:06:00.709266,N06DA01,
ES,Spain,AEMPS,ROPINIROL STADA 4 MG COMPRIMIDOS DE LIBERACION PROLONGADA EFG 28 comprimidos (BLISTER),ROPINIROL HIDROCLORURO,,,691095,2025-01-31,2027-02-25,shortage,Problemas de suministro (con alternativa),Existe/n otro/s medicamento/s con el mismo principio activo y para la misma vía de administración.,2026-09-21T15:06:00.709274,N04BC04,85634
ES,Spain,AEMPS,"QUETIAPINA STADA 400 MG COMPRIMIDOS DE LIBERACION PROLONGADA EFG , 60 comprimidos",QUETIAPINA FUMARATO,,,705987,2025-01-30,2027-02-28,shortage,Problemas de suministro (con alternativa),Existe/n otro/s medicamento/s con el mismo principio activo y para la misma vía de administración.,2026-09-21T15:06:00.709282,N05AH04,84212
ES,Spain,AEMPS,"MANITOL MEIN 10% solución para perfusión, 12 frascos de 250 ml",MANITOL,,,615187,2025-01-20,,shortage,Problemas de suministro (con alternativa),Existe/n otro/s medicamento/s con el mismo principio activo y para la misma vía de administración.,2026-09-21T15:06:00.709286,B05BA01,
ES,Spain,AEMPS,"GALANTAMINA CINFA 8 MG CAPSULAS DURAS DE LIBERACION PROLONGADA EFG , 28 cápsulas",GALANTAMINA HIDROBROMURO,,,697282,2025-01-17,2026-12-18,shortage,Problemas de suministro (con alternativa),Existe/n otro/s medicamento/s con el mismo principio activo y para la misma vía de administración.,2026-09-21T15:06:00.709295,N06DA01,
ES,Spain,AEMPS,"RYTMONORM 3,5 mg/ml SOLUCION INYECTABLE, 5 ampollas de 20 ml",PROPAFENONA HIDROCLORURO,,,988485,2025-01-15,,shortage,Otros problemas de suministro,El médico prescriptor deberá determinar la posibilidad de utilizar otros tratamientos comercializados.,2026-09-21T15:06:00.709299,C01BC03,
ES,Spain,AEMPS,"ZAVEDOS 1MG/ML CONCENTRADO PARA SOLUCION PARA PERFUSION, 1 vial de 5 ml",IDARUBICINA HIDROCLORURO,,,731098,2025-01-14,,shortage,10,La AEMPS ha autorizado unidades por comercialización excepcional. Unidades acondicionadas en un idioma distinto al castellano.,2026-09-21T15:06:00.709303,L01DB06,52507
ES,Spain,AEMPS,"ATERINA 60MG/2ML SOLUCION INYECTABLE, 6 ampollas",SULODEXIDA,,,720407,2025-01-09,2026-10-05,shortage,"Problemas de suministro (sin alternativa, medicamento extranjero)",Se puede solicitar como medicamento extranjero.,2026-09-21T15:06:00.709312,B01AB11,
ES,Spain,AEMPS,"PSICOTRIC RETARD 600 MG COMPRIMIDOS DE LIBERACION PROLONGADA, 30 comprimidos",QUETIAPINA FUMARATO,,,728215,2025-01-09,2026-10-30,shortage,Problemas de suministro (con alternativa),Existe/n otro/s medicamento/s con el mismo principio activo y para la misma vía de administración.,2026-09-21T15:06:00.709321,N05AH04,
ES,Spain,AEMPS,"ACIDO IBANDRONICO VIATRIS 150 MG COMPRIMIDOS RECUBIERTOS CON PELICULA EFG, 1 comprimido",IBANDRONICO ACIDO,,,678503,2024-12-20,,shortage,Problemas de suministro (con alternativa),Existe/n otro/s medicamento/s con el mismo principio activo y para la misma vía de administración.,2026-09-21T15:06:00.709325,M05BX04,
ES,Spain,AEMPS,"ACIDO IBANDRONICO VIATRIS 150 MG COMPRIMIDOS RECUBIERTOS CON PELICULA EFG, 3 comprimidos",IBANDRONICO ACIDO,,,690283,2024-12-13,,shortage,Problemas de suministro (con alternativa),Existe/n otro/s medicamento/s con el mismo principio activo y para la misma vía de administración.,2026-09-21T15:06:00.709329,M05BX04,
ES,Spain,AEMPS,"AUGMENTINE 875 mg/125 mg POLVO PARA SUSPENSION ORAL EN SOBRES , 20 sobres","CLAVULANICO ACIDO, AMOXICILINA TRIHIDRATO",,,698231,2024-12-02,2026-09-23,shortage,Otros problemas de suministro,El médico prescriptor deberá determinar la posibilidad de utilizar otros tratamientos comercializados.,2026-09-21T15:06:00.709338,,
ES,Spain,AEMPS,"QUETIAPINA QUALIGEN FARMA 200 MG COMPRIMIDOS DE LIBERACION PROLONGA EFG, 60 comprimidos",QUETIAPINA FUMARATO,,,725138,2024-12-02,2026-10-30,shortage,Problemas de suministro (con alternativa),Existe/n otro/s medicamento/s con el mismo principio activo y para la misma vía de administración.,2026-09-21T15:06:00.709346,N05AH04,84190
ES,Spain,AEMPS,"OLMESARTAN/HIDROCLOROTIAZIDA VIATRIS 40 MG/12,5 MG COMPRIMIDOS RECUBIERTOS CON PELICULA EFG, 28 comprimidos","OLMESARTAN MEDOXOMILO, HIDROCLOROTIAZIDA",,,708367,2024-11-29,2026-10-16,shortage,Cese de comercialización temporal,Existe/n otro/s medicamento/s con los mismos principios activos y para la misma vía de administración.,2026-09-21T15:06:00.709355,,
ES,Spain,AEMPS,"LENALIDOMIDA KRKA  10 mg CAPSULAS DURAS EFG, 21 capsulas",LENALIDOMIDA HIDROCLORURO HIDRATO,,,730506,2024-11-27,2026-12-29,shortage,Problemas de suministro (con alternativa),Existe/n otro/s medicamento/s con el mismo principio activo y para la misma vía de administración.,2026-09-21T15:06:00.709363,L04AX03,
ES,Spain,AEMPS,"LENALIDOMIDA KRKA 15 MG CAPSULAS DURAS EFG, 21 cápsulas",LENALIDOMIDA HIDROCLORURO HIDRATO,,,730509,2024-11-27,2026-12-29,shortage,Problemas de suministro (con alternativa),Existe/n otro/s medicamento/s con el mismo principio activo y para la misma vía de administración.,2026-09-21T15:06:00.709371,L04AX03,
ES,Spain,AEMPS,"LENALIDOMIDA KRKA 20 MG CAPSULAS DURAS EFG, 21 cápsulas",LENALIDOMIDA HIDROCLORURO HIDRATO,,,730511,2024-11-27,2026-12-29,shortage,Problemas de suministro (con alternativa),Existe/n otro/s medicamento/s con el mismo principio activo y para la misma vía de administración.,2026-09-21T15:06:00.709380,L04AX03,
ES,Spain,AEMPS,"LENALIDOMIDA KRKA 25 MG CAPSULAS DURAS EFG, 21 cápsulas",LENALIDOMIDA HIDROCLORURO HIDRATO,,,730513,2024-11-27,2026-12-29,shortage,Problemas de suministro (con alternativa),Existe/n otro/s medicamento/s con el mismo principio activo y para la misma vía de administración.,2026-09-21T15:06:00.709388,L04AX03,
ES,Spain,AEMPS,"LENALIDOMIDA KRKA 5 MG CÁPSULAS DURAS EFG, 21 capsulas",LENALIDOMIDA HIDROCLORURO HIDRATO,,,730503,2024-11-27,2026-12-29,shortage,Problemas de suministro (con alternativa),Existe/n otro/s medicamento/s con el mismo principio activo y para la misma vía de administración.,2026-09-21T15:06:00.709396,L04AX03,
ES,Spain,AEMPS,"TRANXILIUM 20 mg POLVO Y DISOLVENTE PARA SOLUCION INYECTABLE , 1 vial + 1 ampolla de disolvente",CLORAZEPATO DIPOTASIO,,,700640,2024-11-13,,shortage,Problemas de fabricación,Consultar Nota Informativa: https://www.aemps.gob.es/informa/la-aemps-informa-de-un-retraso-en-el-restablecimiento-de-tranxilium-20-mg-polvo-y-disolvente-para-solucion-inyectable/,2026-09-21T15:06:00.709401,N05BA02,
ES,Spain,AEMPS,"THEO-DUR 200 mg COMPRIMIDOS DE LIBERACION PROLONGADA , 40 comprimidos",TEOFILINA ANHIDRA,,,656713,2024-11-06,,shortage,"Problemas de suministro (sin alternativa, medicamento extranjero)",Se puede solicitar como medicamento extranjero.,2026-09-21T15:06:00.709405,R03DA04,
ES,Spain,AEMPS,"RASILEZ 150 mg COMPRIMIDOS RECUBIERTOS CON PELICULA, 28 comprimidos",ALISKIRENO,,,665873,2024-10-31,,shortage,"Problemas de suministro (sin alternativa, medicamento extranjero)",Se puede solicitar como medicamento extranjero.,2026-09-21T15:06:00.709409,C09XA02,85065
ES,Spain,AEMPS,"CISPLATINO HIKMA 1 MG/ML CONCENTRADO PARA SOLUCION PARA PERFUSION EFG, 1 vial de 100 ml",CISPLATINO,,,732524,2024-10-22,,shortage,Problemas de suministro (con alternativa),Existe/n otro/s medicamento/s con el mismo principio activo y para la misma vía de administración.,2026-09-21T15:06:00.709413,L01XA01,36358
ES,Spain,AEMPS,"BUPROPION TEVA 300 MG COMPRIMIDOS DE LIBERACION MODIFICADA EFG, 30 comprimidos",BUPROPION HIDROCLORURO,,,724272,2024-10-07,2026-12-04,shortage,Problemas de suministro (con alternativa),Existe/n otro/s medicamento/s con el mismo principio activo y para la misma vía de administración.,2026-09-21T15:06:00.709422,N06AX12,82899
ES,Spain,AEMPS,"GEMCITABINA ACCORD 1500 mg CONCENTRADO PARA SOLUCION PARA PERFUSION ,  1 vial de 15 ml",GEMCITABINA,,,691949,2024-10-07,2026-11-30,shortage,Problemas de suministro (con alternativa),Existe/n otro/s medicamento/s con el mismo principio activo y para la misma vía de administración.,2026-09-21T15:06:00.709431,L01BC05,
ES,Spain,AEMPS,"CINACALCET ACCORDPHARMA 60 MG COMPRIMIDOS RECUBIERTOS CON PELICULA EFG, 28 x 1 comprimido (unidosis)",CINACALCET HIDROCLORURO,,,729629,2024-09-26,2026-12-31,shortage,Problemas de suministro (con alternativa),"Existe/n otro/s medicamento/s con el mismo principio activo y para la misma vía de administración. Además, la AEMPS ha autorizado unidades por comercialización excepcional con caducidad inferior a 6 meses.",2026-09-21T15:06:00.709440,H05BX01,77119
ES,Spain,AEMPS,CINACALCET ACCORDPHARMA 90 MG COMPRIMIDOS RECUBIERTOS CON PELICULA EFG 28 x 1 comprimido (unidosis),CINACALCET HIDROCLORURO,,,729630,2024-09-26,2026-12-31,shortage,Problemas de suministro (con alternativa),Existe/n otro/s medicamento/s con el mismo principio activo y para la misma vía de administración.,2026-09-21T15:06:00.709449,H05BX01,77127
ES,Spain,AEMPS,"RISPERIDONA TEVA 37,5 MG POLVO Y DISOLVENTE PARA SUSPENSION INYECTABLE DE LIBERACION PROLONGADA EFG, 1 vial + 1 jeringa pregargada de disolvente + 1 adaptador vial + 2 agujas",RISPERIDONA,,,730205,2024-09-09,2026-12-31,shortage,Problemas de suministro (con alternativa),Existe/n otro/s medicamento/s con el mismo principio activo y para la misma vía de administración.,2026-09-21T15:06:00.709457,N05AX08,68276
ES,Spain,AEMPS,"RISPERIDONA TEVA 25 MG POLVO Y DISOLVENTE PARA SUSPENSION INYECTABLE DE LIBERACION PROLONGADA EFG, 1 vial + 1 jeringa pregargada de disolvente + 1 adaptador vial + 2 agujas",RISPERIDONA,,,730204,2024-08-27,2026-12-31,shortage,Problemas de suministro (con alternativa),Existe/n otro/s medicamento/s con el mismo principio activo y para la misma vía de administración.,2026-09-21T15:06:00.709466,N05AX08,68268
ES,Spain,AEMPS,"RISPERIDONA TEVA 50 MG POLVO Y DISOLVENTE PARA SUSPENSION INYECTABLE DE LIBERACION PROLONGADA EFG, 1 vial + 1 jeringa pregargada de disolvente + 1 adaptador vial + 2 agujas",RISPERIDONA,,,730206,2024-08-09,2026-12-31,shortage,Problemas de suministro (con alternativa),Existe/n otro/s medicamento/s con el mismo principio activo y para la misma vía de administración.,2026-09-21T15:06:00.709474,N05AX08,68284
ES,Spain,AEMPS,"CISPLATINO HIKMA 1 MG/ML CONCENTRADO PARA SOLUCION PARA PERFUSION EFG, 1 vial de 50 ml",CISPLATINO,,,732523,2024-08-08,,shortage,Problemas de suministro (con alternativa),Existe/n otro/s medicamento/s con el mismo principio activo y para la misma vía de administración.,2026-09-21T15:06:00.709478,L01XA01,36331
ES,Spain,AEMPS,"ADASUVE 9,1 MG POLVO PARA INHALACION (UNIDOSIS) 5 unidades",LOXAPINA,,,606711,2024-08-05,,shortage,Otros problemas de suministro,El médico prescriptor deberá determinar la posibilidad de utilizar otros tratamientos comercializados.,2026-09-21T15:06:00.709533,N05AH01,
ES,Spain,AEMPS,"DRESPLAN COMPRIMIDOS, 60 comprimidos",OXIBUTININA HIDROCLORURO,,,657361,2024-07-29,,shortage,Problemas de suministro (con alternativa),Existe/n otro/s medicamento/s con el mismo principio activo y para la misma vía de administración.,2026-09-21T15:06:00.709541,G04BD04,
ES,Spain,AEMPS,"BARILUX  830 mg/ml  SUSPENSION  ORAL Y RECTAL, 4 frascos multidosis de 2000 ml",BARIO SULFATO,,,603631,2024-07-26,,shortage,Problemas de suministro (con alternativa),Existe/n otro/s medicamento/s con el mismo principio activo y para la misma vía de administración.,2026-09-21T15:06:00.709545,,
ES,Spain,AEMPS,"PEMETREXED SUN 500 MG POLVO PARA CONCENTRADO PARA SOLUCION PARA PERFUSION EFG, 1 vial",PEMETREXED,,,710598,2024-07-17,,shortage,Problemas de suministro (con alternativa),Existe/n otro/s medicamento/s con el mismo principio activo y para la misma vía de administración.,2026-09-21T15:06:00.709548,L01BA04,138088
ES,Spain,AEMPS,"APREPITANT ACCORD 125 MG CAPSULAS DURAS EFG/APREPITANT ACCORD 80 MG CAPSULAS DURAS EFG, 1 cápsula de 125 mg + 2 cápsulas de 80 mg","APREPITANT, APREPITANT",,,726171,2024-07-11,2027-07-31,shortage,Otros problemas de suministro,El médico prescriptor deberá determinar la posibilidad de utilizar otros tratamientos comercializados.,2026-09-21T15:06:00.709555,,
ES,Spain,AEMPS,CINACALCET ACCORDPHARMA 30 MG COMPRIMIDOS RECUBIERTOS CON PELICULA EFG 28 x 1 comprimido (unidosis),CINACALCET HIDROCLORURO,,,729628,2024-07-05,2026-12-31,shortage,Problemas de suministro (con alternativa),Existe/n otro/s medicamento/s con el mismo principio activo y para la misma vía de administración.,2026-09-21T15:06:00.709562,H05BX01,77100
ES,Spain,AEMPS,"METOPROLOL AUROVITAS 100 MG COMPRIMIDOS RECUBIERTOS CON PELICULA EFG, 40 comprimidos",METOPROLOL TARTRATO,,,715981,2024-06-17,,shortage,Problemas de suministro (con alternativa),Existe/n otro/s medicamento/s con el mismo principio activo y para la misma vía de administración.,2026-09-21T15:06:00.709565,C07AB02,7226
ES,Spain,AEMPS,"URBASON 250 mg POLVO Y DISOLVENTE PARA SOLUCION INYECTABLE O PARA PERFUSION, 50 ampollas + 50 ampollas de disolvente",METILPREDNISOLONA,,,638700,2024-06-14,2026-12-31,shortage,Problemas de suministro (con alternativa),"Existe/n otro/s medicamento/s con el mismo principio activo y para la misma vía de administración. Además, se puede solicitar como medicamento extranjero.",2026-09-21T15:06:00.709572,H02AB04,
ES,Spain,AEMPS,"AZELASTINA ABAMED 0,5 MG/ML COLIRIO EN SOLUCION, 1 frasco de 6 ml",AZELASTINA HIDROCLORURO,,,721074,2024-06-07,,shortage,Problemas de suministro (con alternativa),Existe/n otro/s medicamento/s con el mismo principio activo y para la misma vía de administración.,2026-09-21T15:06:00.709575,S01GX07,
ES,Spain,AEMPS,"THEO-DUR 100 mg COMPRIMIDOS DE LIBERACION PROLONGADA , 40 comprimidos",TEOFILINA ANHIDRA,,,656693,2024-05-30,,shortage,"Problemas de suministro (sin alternativa, medicamento extranjero)",Se puede solicitar como medicamento extranjero.,2026-09-21T15:06:00.709578,R03DA04,
ES,Spain,AEMPS,"MEDSAMIC 100 MG/ML SOLUCION INYECTABLE EFG, 10 ampollas de 10 ml",TRANEXAMICO ACIDO,,,733090,2024-05-24,2026-09-30,shortage,Problemas de suministro (con alternativa),Existe/n otro/s medicamento/s con el mismo principio activo y para la misma vía de administración.,2026-09-21T15:06:00.709584,B02AA02,196568
ES,Spain,AEMPS,"MISYO 10 MG/ML CONCENTRADO PARA SOLUCION ORAL , Frasco de 1000 ml",METADONA HIDROCLORURO,,,606382,2024-04-30,2027-02-01,shortage,Problemas de suministro (con alternativa),Existe/n otro/s medicamento/s con el mismo principio activo y para la misma vía de administración.,2026-09-21T15:06:00.709590,,
ES,Spain,AEMPS,"ALBUMINA HUMANA CSL BEHRING 200 G/L SOLUCION PARA PERFUSION , 1 vial de 50 ml",ALBUMINA HUMANA,,,703586,2024-04-15,2027-06-30,shortage,Problemas de suministro (con alternativa),Existe/n otro/s medicamento/s con el mismo principio activo y para la misma vía de administración.,2026-09-21T15:06:00.709596,,
ES,Spain,AEMPS,"FINGOLIMOD ACCORD 0,5 mg CAPSULAS DURAS EFG, 28 cápsulas",FINGOLIMOD HIDROCLORURO,,,731004,2024-04-01,2026-12-31,shortage,Problemas de suministro (con alternativa),Existe/n otro/s medicamento/s con el mismo principio activo y para la misma vía de administración.,2026-09-21T15:06:00.709602,L04AE01,100129
ES,Spain,AEMPS,"KREON 25.000 U cápsulas duras gastrorresistentes, 50 cápsulas","AMILASA, LIPASA, PROTEASA",,,672974,2024-02-14,2027-06-16,shortage,9,El titular de autorización de comercialización está realizando una distribución controlada al existir unidades limitadas. Hay unidades extranjeras disponibles a través del Servicio de medicamentos en situaciones especiales para aquellos pacientes que no lo encuentren en las oficinas de farmacia,2026-09-21T15:06:00.709608,,
ES,Spain,AEMPS,"LEVOFLOXACINO DERMOGEN 250 MG COMPRIMIDOS RECUBIERTOS CON PELICULA EFG, 14 comprimidos",LEVOFLOXACINO HEMIHIDRATO,,,710971,2024-02-06,,shortage,Problemas de suministro (con alternativa),Existe/n otro/s medicamento/s con el mismo principio activo y para la misma vía de administración.,2026-09-21T15:06:00.709611,J01MA12,48755
ES,Spain,AEMPS,"KREON 10.000 U CAPSULAS DURAS GASTRORRESISTENTES , 100 cápsulas","PROTEASA, LIPASA, AMILASA",,,656824,2024-02-02,2027-06-16,shortage,9,El titular de autorización de comercialización está realizando una distribución controlada al existir unidades limitadas. Hay unidades extranjeras disponibles a través del Servicio de medicamentos en situaciones especiales para aquellos pacientes que no lo encuentren en las oficinas de farmacia,2026-09-21T15:06:00.709617,,
ES,Spain,AEMPS,"BORTEZOMIB ACCORD 2,5 MG/ML SOLUCION INYECTABLE, 1 vial de 1 ml",BORTEZOMIB,,,731456,2024-02-01,2026-10-30,shortage,Problemas de suministro (con alternativa),Existe/n otro/s medicamento/s con el mismo principio activo y para la misma vía de administración.,2026-09-21T15:06:00.709622,L01XG01,
ES,Spain,AEMPS,"FARINGESIC 5 mg/5 mg COMPRIMIDOS PARA CHUPAR SABOR LIMON, 20 comprimidos","BENZOCAINA, CLORHEXIDINA DIHIDROCLORURO",,,658741,2024-01-31,,shortage,Cese de comercialización temporal,Existe/n otro/s medicamento/s con los mismos principios activos y para la misma vía de administración.,2026-09-21T15:06:00.709625,,
ES,Spain,AEMPS,"ARTEOPTIC 20 mg/ml  UNIDOSIS COLIRIO DE LIBERACION PROLONGADA EN ENVASE UNIDOSIS, 30 envases unidosis 0,2 ml",CARTEOLOL HIDROCLORURO,,,664928,2024-01-25,,shortage,Problemas de suministro (con alternativa),Existe/n otro/s medicamento/s con el mismo principio activo y para la misma vía de administración.,2026-09-21T15:06:00.709628,C07AA15,219037
ES,Spain,AEMPS,"TAMIFLU 45 mg CAPSULAS DURAS, 10 cápsulas",OSELTAMIVIR FOSFATO,,,659890,2024-01-08,,shortage,10,La AEMPS ha autorizado unidades por comercialización excepcional. Disponibles unidades etiquetadas en un idioma diferente al castellano para distribución solo a hospitales. Disponibles unidades en castellano para distribución a entidades de distribución.,2026-09-21T15:06:00.709631,J05AH02,87173
ES,Spain,AEMPS,"FUCITHALMIC 10 mg/g  GEL OFTALMICO , 1 tubo de 5 g",FUSIDICO ACIDO,,,700569,2023-11-23,2026-11-30,shortage,Otros problemas de suministro,El médico prescriptor deberá determinar la posibilidad de utilizar otros tratamientos comercializados.,2026-09-21T15:06:00.709637,D06AX01,
ES,Spain,AEMPS,"ONDANSETRÓN SERRACLINICS 2 MG/ML SOLUCIÓN INYECTABLE EFG, 50 ampollas de 2 ml",ONDANSETRON HIDROCLORURO DIHIDRATO,,,602421,2023-11-22,,shortage,Problemas de suministro (con alternativa),Existe/n otro/s medicamento/s con el mismo principio activo y para la misma vía de administración.,2026-09-21T15:06:00.709640,A04AA01,31526
ES,Spain,AEMPS,"AGUA PARA PREPARACIONES  INYECTABLES GRIFOLS DISOLVENTE PARA USO PARENTERAL , 10 frascos de 500 ml",AGUA PARA PREPARACIONES INYECTABLES,,,647016,2023-11-16,,shortage,"Problemas de suministro (sin alternativa, medicamento extranjero)",Se puede solicitar como medicamento extranjero.,2026-09-21T15:06:00.709643,,
ES,Spain,AEMPS,"AGUA PARA PREPARACIONES  INYECTABLES GRIFOLS DISOLVENTE PARA USO PARENTERAL , 20 frascos de 250 ml",AGUA PARA PREPARACIONES INYECTABLES,,,647008,2023-11-16,,shortage,"Problemas de suministro (sin alternativa, medicamento extranjero)",Se puede solicitar como medicamento extranjero.,2026-09-21T15:06:00.709646,,
ES,Spain,AEMPS,"KREON 10.000 U CAPSULAS DURAS GASTRORRESISTENTES , 250 cápsulas","PROTEASA, LIPASA, AMILASA",,,656825,2023-11-15,2027-06-16,shortage,9,El titular de autorización de comercialización está realizando una distribución controlada al existir unidades limitadas. Hay unidades extranjeras disponibles a través del Servicio de medicamentos en situaciones especiales para aquellos pacientes que no lo encuentren en las oficinas de farmacia,2026-09-21T15:06:00.709652,,
ES,Spain,AEMPS,ATAMAX 10 MG CAPSULAS DURAS EFG 7 cápsulas,ATOMOXETINA HIDROCLORURO,,,718811,2023-10-11,2026-09-30,shortage,Problemas de suministro (con alternativa),Existe/n otro/s medicamento/s con el mismo principio activo y para la misma vía de administración. Se encuentran disponibles unidades de Atomoxetina Tarbis 10 mg 28 cápsulas.,2026-09-21T15:06:00.709658,N06BA09,76708
ES,Spain,AEMPS,"RASILEZ 300 mg COMPRIMIDOS RECUBIERTOS CON PELICULA, 28 comprimidos",ALISKIRENO,,,665874,2023-10-05,,shortage,"Problemas de suministro (sin alternativa, medicamento extranjero)",Se puede solicitar como medicamento extranjero.,2026-09-21T15:06:00.709661,C09XA02,85073
ES,Spain,AEMPS,"ACIDO ALENDRONICO/COLECALCIFEROL SEMANAL BLUEFISH 70 MG/5.600 UI COMPRIMIDOS EFG, 4 comprimidos","ALENDRONICO ACIDO, COLECALCIFEROL",,,720023,2023-10-04,,shortage,Cese de comercialización temporal,Existe/n otro/s medicamento/s con los mismos principios activos y para la misma vía de administración.,2026-09-21T15:06:00.709663,,
ES,Spain,AEMPS,"ACIDO ALENDRONICO/COLECALCIFEROL SEMANAL BLUEFISH  70 MG/2.800 UI COMPRIMIDOS EFG, 4 comprimidos","COLECALCIFEROL, ALENDRONICO ACIDO",,,720019,2023-10-03,,shortage,Cese de comercialización temporal,Existe/n otro/s medicamento/s con los mismos principios activos y para la misma vía de administración.,2026-09-21T15:06:00.709667,,
ES,Spain,AEMPS,"IOMERON 300 MG IODO/ML SOLUCIÓN INYECTABLE  , 1 frasco de 100 ml",IOMEPROL,,,682773,2023-10-02,2026-12-31,shortage,9,El titular de autorización de comercialización está realizando una distribución controlada al existir unidades limitadas.,2026-09-21T15:06:00.709673,V08AB10,40533
ES,Spain,AEMPS,"KREON 35.000 U CAPSULAS DURAS GASTRORRESISTENTES, 100 cápsulas",PANCREATINA,,,724969,2023-10-02,,shortage,9,El titular de autorización de comercialización está realizando una distribución controlada al existir unidades limitadas. Hay unidades extranjeras disponibles a través del Servicio de medicamentos en situaciones especiales para aquellos pacientes que no lo encuentren en las oficinas de farmacia,2026-09-21T15:06:00.709676,A09AA02,204056
ES,Spain,AEMPS,"KREON 25.000 U cápsulas duras gastrorresistentes, 100 cápsulas","AMILASA, LIPASA, PROTEASA",,,672971,2023-09-13,2027-06-16,shortage,9,El titular de autorización de comercialización está realizando una distribución controlada al existir unidades limitadas. Hay unidades extranjeras disponibles a través del Servicio de medicamentos en situaciones especiales para aquellos pacientes que no lo encuentren en las oficinas de farmacia,2026-09-21T15:06:00.709682,,
ES,Spain,AEMPS,"TEMELOR 4 MG/ML SOLUCIÓN INYECTABLE EFG, 10 ampollas",LORAZEPAM,,,607601,2023-09-01,,shortage,Otros problemas de suministro,El médico prescriptor deberá determinar la posibilidad de utilizar otros tratamientos comercializados.,2026-09-21T15:06:00.709685,N05BA06,26557
ES,Spain,AEMPS,"XOROX 30 MG/G POMADA OFTALMICA, 1 tubo de 4.5 g",ACICLOVIR,,,727853,2023-08-25,,shortage,Problemas de suministro (con alternativa),Existe/n otro/s medicamento/s con el mismo principio activo y para la misma vía de administración.,2026-09-21T15:06:00.709688,S01AD03,
ES,Spain,AEMPS,"ABIRATERONA TEVA 500 MG COMPRIMIDOS RECUBIERTOS CON PELICULA EFG, 60 comprimidos",ABIRATERONA ACETATO,,,757993,2023-08-24,,shortage,Problemas de suministro (con alternativa),Existe/n otro/s medicamento/s con el mismo principio activo y para la misma vía de administración.,2026-09-21T15:06:00.709691,L02BX03,136913
ES,Spain,AEMPS,"ONDANSETRÓN SERRACLINICS 2 MG/ML SOLUCIÓN INYECTABLE EFG, 50 ampollas de 4 ml",ONDANSETRON HIDROCLORURO DIHIDRATO,,,602422,2023-07-13,,shortage,Problemas de suministro (con alternativa),Existe/n otro/s medicamento/s con el mismo principio activo y para la misma vía de administración.,2026-09-21T15:06:00.709693,A04AA01,31534
ES,Spain,AEMPS,"AGUA PARA PREPARACIONES  INYECTABLES GRIFOLS DISOLVENTE PARA USO PARENTERAL , 20 frascos de 100 ml",AGUA PARA PREPARACIONES INYECTABLES,,,644906,2023-07-07,,shortage,"Problemas de suministro (sin alternativa, medicamento extranjero)",Se puede solicitar como medicamento extranjero.,2026-09-21T15:06:00.709696,,
ES,Spain,AEMPS,"DOMPERIDONA PENSA 10 mg COMPRIMIDOS EFG , 30 comprimidos",DOMPERIDONA MALEATO,,,656289,2023-07-07,2027-06-30,shortage,Problemas de suministro (con alternativa),Existe/n otro/s medicamento/s con el mismo principio activo y para la misma vía de administración.,2026-09-21T15:06:00.709702,A03FA03,6297
ES,Spain,AEMPS,ATAMAX 40 MG CAPSULAS DURAS EFG 28 cápsulas,ATOMOXETINA HIDROCLORURO,,,718818,2023-06-12,2026-09-30,shortage,Problemas de suministro (con alternativa),Existe/n otro/s medicamento/s con el mismo principio activo y para la misma vía de administración. Está disponible Atomoxetina Tarbis 40 mg 28 capsulas,2026-09-21T15:06:00.709717,N06BA09,76732
ES,Spain,AEMPS,"IOMERON 300 MG IODO/ML SOLUCIÓN INYECTABLE  , 1 frasco de 500 ml",IOMEPROL,,,901181,2023-06-01,2026-12-31,shortage,9,El titular de autorización de comercialización está realizando una distribución controlada al existir unidades limitadas.,2026-09-21T15:06:00.709733,V08AB10,52124
ES,Spain,AEMPS,"IOMERON 350 MG IODO/ML SOLUCIÓN INYECTABLE  , 1 frasco de 100 ml",IOMEPROL,,,682765,2023-06-01,2026-12-31,shortage,9,El titular de autorización de comercialización está realizando una distribución controlada al existir unidades limitadas.,2026-09-21T15:06:00.709739,V08AB10,40584
ES,Spain,AEMPS,"IOMERON 350 MG IODO/ML SOLUCIÓN INYECTABLE  , 1 frasco de 500 ml",IOMEPROL,,,901173,2023-06-01,2026-12-31,shortage,9,El titular de autorización de comercialización está realizando una distribución controlada al existir unidades limitadas.,2026-09-21T15:06:00.709745,V08AB10,65595
ES,Spain,AEMPS,"ZINDACLIN 1% GEL, 1 tubo de 30 g",CLINDAMICINA FOSFATO,,,650809,2023-05-29,,shortage,Problemas de suministro (con alternativa),Existe/n otro/s medicamento/s con el mismo principio activo y para la misma vía de administración.,2026-09-21T15:06:00.709748,A01AB04,72931
ES,Spain,AEMPS,"MYRELEZ 120 MG SOLUCION INYECTABLE EN JERINGA PRECARGADA EFG, 1 jeringa precargada de 0,5 ml",LANREOTIDA ACETATO,,,731535,2023-05-25,2027-03-31,shortage,Problemas de suministro (con alternativa),"Existe/n otro/s medicamento/s con el mismo principio activo y para la misma vía de administración. Mientras se normalice el suministro de Myrelez, se puede sustituir directamente en la farmacia por SOMATULINA AUTOGEL 120 mg SOLUCION INYECTABLE EN JERINGA PRECARGADA, 1 jeringa precargada de 0,5 ml",2026-09-21T15:06:00.709754,H01CB03,214183
ES,Spain,AEMPS,"MYRELEZ 60 MG SOLUCION INYECTABLE EN JERINGA PRECARGADA EFG, 1 jeringa precargada de 0,5 ml",LANREOTIDA ACETATO,,,731537,2023-05-25,2027-03-31,shortage,Problemas de suministro (con alternativa),"Existe/n otro/s medicamento/s con el mismo principio activo y para la misma vía de administración. Está disponible SOMATULINA AUTOGEL 60 mg SOLUCION INYECTABLE EN JERINGA PRECARGADA, 1 jeringa precargada de 0,3 ml.",2026-09-21T15:06:00.709759,H01CB03,214167
ES,Spain,AEMPS,"MYRELEZ 90 MG SOLUCION INYECTABLE EN JERINGA PRECARGADA EFG, 1 jeringa precargada de 0,5 ml",LANREOTIDA ACETATO,,,731536,2023-05-25,2027-03-31,shortage,Problemas de suministro (con alternativa),"Existe/n otro/s medicamento/s con el mismo principio activo y para la misma vía de administración. Se puede sustituir directamente en la farmacia por SOMATULINA AUTOGEL 90 mg, SOLUCION INYECTABLE EN JERINGA PRECARGADA, 1 jeringa precargada de 0,3 ml",2026-09-21T15:06:00.709765,H01CB03,214159
ES,Spain,AEMPS,"OXITOCINA GRINDEKS 10 UI/ML SOLUCION INYECTABLE Y PARA PERFUSION EFG, 10 ampollas de 1 ml",OXITOCINA,,,607340,2023-04-14,,shortage,Problemas de suministro (con alternativa),Existe/n otro/s medicamento/s con el mismo principio activo y para la misma vía de administración.,2026-09-21T15:06:00.709767,H01BB02,
ES,Spain,AEMPS,"BUSCOPRESC COMPOSITUM 2500 mg/20 mg SOLUCIÓN INYECTABLE, 3 ampollas de 5 ml","METAMIZOL SODICO, BUTILESCOPOLAMINA BROMURO",,,723106,2023-02-28,,shortage,Cese de comercialización temporal,Existe/n otro/s medicamento/s con los mismos principios activos y para la misma vía de administración.,2026-09-21T15:06:00.709771,,
ES,Spain,AEMPS,"ABELCET COMPLEJO LIPIDICO 5 mg/ml CONCENTRADO PARA DISPERSION PARA PERFUSION , 10 viales de 20 ml",AMFOTERICINA B,,,681726,2023-01-02,,shortage,Problemas de suministro (con alternativa),Existe/n otro/s medicamento/s con el mismo principio activo y para la misma vía de administración.,2026-09-21T15:06:00.709774,J02AA01,61611
ES,Spain,AEMPS,"DUPLAXIL 400 MG COMPRIMIDOS RECUBIERTOS CON PELICULA EFG, 30 comprimidos",HIDROXICLOROQUINA SULFATO,,,725397,2022-10-20,2027-01-15,shortage,Problemas de suministro (con alternativa),Existe/n otro/s medicamento/s con el mismo principio activo y para la misma vía de administración.,2026-09-21T15:06:00.709779,P01BA02,51
ES,Spain,AEMPS,"PANTOMICINA 100mg/ml GRANULADO PARA SUSPENSION ORAL , 1 frasco de 100 ml",ERITROMICINA ETILSUCCINATO,,,996041,2022-09-02,,shortage,"Problemas de suministro (sin alternativa, medicamento extranjero)",Se puede solicitar como medicamento extranjero.,2026-09-21T15:06:00.709782,,
ES,Spain,AEMPS,"VACUNA BCG 0,75 mg/ml POLVO Y DISOLVENTE PARA SUSPENSION INYECTABLE, 1 vial multidosis (10 dosis) + 1 vial de disolvente",BCG ATENUADO,,,758854,2022-08-11,,shortage,10,"La AEMPS ha autorizado unidades por comercialización excepcional. Disponible en idioma inglés, presentación 10 viales/envase",2026-09-21T15:06:00.709785,L03AX01,
ES,Spain,AEMPS,"FUROSEMIDA ALTAN 250mg/ 25ml SOLUCION PARA PERFUSION EFG , 50 ampollas de 25 ml",FUROSEMIDA,,,602357,2022-06-15,,shortage,Problemas de suministro (con alternativa),Existe/n otro/s medicamento/s con el mismo principio activo y para la misma vía de administración.,2026-09-21T15:06:00.709787,C03CA01,5959
ES,Spain,AEMPS,"METOTREXATO ACCORD 25 MG/ML SOLUCION INYECTABLE EFG, 1 vial de 20 ml",METOTREXATO,,,691492,2022-04-26,2026-12-31,shortage,Problemas de suministro (con alternativa),Existe/n otro/s medicamento/s con el mismo principio activo y para la misma vía de administración.,2026-09-21T15:06:00.709793,L01BA01,
ES,Spain,AEMPS,"RIZATRIPTAN TILLOMED 10 MG COMPRIMIDOS EFG, 6 comprimidos",RIZATRIPTAN BENZOATO,,,716248,2022-02-28,,shortage,Problemas de suministro (con alternativa),Existe/n otro/s medicamento/s con el mismo principio activo y para la misma vía de administración.,2026-09-21T15:06:00.709796,N02CC04,50504
ES,Spain,AEMPS,ESCITALOPRAM ACCORD 5 MG COMPRIMIDOS RECUBIERTOS CON PELICULA EFG 14 comprimidos,ESCITALOPRAM,,,688349,2022-01-26,,shortage,Problemas de suministro (con alternativa),Existe/n otro/s medicamento/s con el mismo principio activo y para la misma vía de administración.,2026-09-21T15:06:00.709799,N06AB10,97802
ES,Spain,AEMPS,"ALEUDRINA 0,2 mg/ml SOLUCIÓN INYECTABLE, 6 ampollas de 1 ml",ISOPRENALINA SULFATO,,,722700,2021-10-22,,shortage,Problemas de suministro (con alternativa),Existe/n otro/s medicamento/s con el mismo principio activo y para la misma vía de administración.,2026-09-21T15:06:00.709802,C01CA07,
ES,Spain,AEMPS,"DUKORAL SUSPENSION Y GRANULADO EFERVESCENTE PARA SUSPENSION ORAL, 1 vial bebible de 3 ml + 1 sobre, 2 x 1 dosis","VIBRIO CHOLERAE O1 INABA, BIOTIPO CLASICO (INACTIVADO POR CALOR), TOXINA COLERA RECOMBINANTE SUBUNIDAD B",,,700697,2021-09-08,,shortage,Problemas de suministro (con alternativa),Existe/n otro/s medicamento/s con el mismo principio activo y para la misma vía de administración. Está disponible VAXCHORA,2026-09-21T15:06:00.709805,,
ES,Spain,AEMPS,"INTRATECT 50 G/L SOLUCION PARA PERFUSION ,  1 vial de 200 ml",INMUNOGLOBULINA HUMANA NORMAL,,,665354,2021-05-24,,shortage,9,El titular de autorización de comercialización está realizando una distribución controlada al existir unidades limitadas.,2026-09-21T15:06:00.709808,J06BA01,
ES,Spain,AEMPS,"INTRATECT 50 G/L SOLUCION PARA PERFUSION , 1 vial de 100 ml",INMUNOGLOBULINA HUMANA NORMAL,,,665353,2021-05-24,,shortage,9,El titular de autorización de comercialización está realizando una distribución controlada al existir unidades limitadas.,2026-09-21T15:06:00.709810,J06BA01,
ES,Spain,AEMPS,"INTRATECT 50 G/L SOLUCION PARA PERFUSION , 1 vial de 50 ml",INMUNOGLOBULINA HUMANA NORMAL,,,665352,2021-05-24,,shortage,9,El titular de autorización de comercialización está realizando una distribución controlada al existir unidades limitadas.,2026-09-21T15:06:00.709813,J06BA01,
ES,Spain,AEMPS,"OMEPRAZOL SERRACLINICS 40 mg POLVO PARA SOLUCION PARA PERFUSION EFG , 1 vial",OMEPRAZOL SODICO,,,661036,2021-01-29,,shortage,Problemas de suministro (con alternativa),Existe/n otro/s medicamento/s con el mismo principio activo y para la misma vía de administración.,2026-09-21T15:06:00.709816,A02BC01,126578
ES,Spain,AEMPS,"OMEPRAZOL SERRACLINICS 40 mg POLVO PARA SOLUCION PARA PERFUSION EFG , 50 viales",OMEPRAZOL SODICO,,,600259,2021-01-29,,shortage,Problemas de suministro (con alternativa),Existe/n otro/s medicamento/s con el mismo principio activo y para la misma vía de administración.,2026-09-21T15:06:00.709819,A02BC01,126578
ES,Spain,AEMPS,"DOPAMINA GRIFOLS  200 mg SOLUCIÓN INYECTABLE, 6 ampollas de 5 ml",DOPAMINA HIDROCLORURO,,,947408,2020-07-21,,shortage,Problemas de suministro (con alternativa),"Existe/n otro/s medicamento/s con el mismo principio activo y para la misma vía de administración. Tambien hay unidades disponibles a través del Servicio de medicamentos en situaciones especiales
https://www.aemps.gob.es/medicamentos-de-uso-humano/acceso-a-medicamentos-en-situaciones-especiales/",2026-09-21T15:06:00.709822,C01CA04,
ES,Spain,AEMPS,"VISUDYNE 15 MG POLVO PARA SOLUCION PARA PERFUSION, 1 vial",VERTEPORFINA,,,909713,2020-06-23,,shortage,"Problemas de suministro (sin alternativa, medicamento extranjero)","Se puede solicitar como medicamento extranjero. a través de la aplicación de Medicamentos en Situaciones Especiales. | Se hará una distribución selectiva, debido al limitado número de unidades recibidas.",2026-09-21T15:06:00.709825,S01LA01,58963
ES,Spain,AEMPS,"KALYDECO 50 MG GRANULADO EN SOBRE, 56 (4 X 14) sobres (multipack)",IVACAFTOR,,,711570,2020-03-16,,shortage,10,La AEMPS ha autorizado unidades por comercialización excepcional.,2026-09-21T15:06:00.709828,R07AX02,129747
ES,Spain,AEMPS,"MITOMICINA ACCORD 20 MG POLVO PARA SOLUCION INTRAVESICAL Y PARA SOLUCION INYECTABLE , 1 vial de 20 mg",MITOMICINA,,,709292,2019-12-02,,shortage,"Problemas de suministro (sin alternativa, medicamento extranjero)",Se puede solicitar como medicamento extranjero.,2026-09-21T15:06:00.709831,L01DB01,
ES,Spain,AEMPS,"MITOMICINA MEDAC 40 MG POLVO PARA SOLUCION INTRAVESICAL Y PARA SOLUCION INYECTABLE EFG, 1 vial",MITOMICINA,,,714183,2019-11-08,,shortage,"Problemas de suministro (sin alternativa, medicamento extranjero)",Se puede solicitar como medicamento extranjero.,2026-09-21T15:06:00.709836,L01DB01,
ES,Spain,AEMPS,"LARGACTIL 5 mg/ml SOLUCION INYECTABLE , 5 ampollas de 5 ml",CLORPROMAZINA HIDROCLORURO,,,777797,2016-08-05,,shortage,"Problemas de suministro (sin alternativa, medicamento extranjero)",Se puede solicitar como medicamento extranjero.,2026-09-21T15:06:00.709839,N05AA01,
ES,Spain,AEMPS,"AZACTAM 1g POLVO  PARA SOLUCION INYECTABLE, 1 vial",AZTREONAM,,,979823,2016-06-20,,shortage,9,"El titular de autorización de comercialización está realizando una distribución controlada al existir unidades limitadas. Suministro solo a hospitales y solo para aquellos pacientes para los que no se disponga de otra alternativa terapéutica, considerando prioritariamente pacientes con patología grave con riesgo vital.",2026-09-21T15:06:00.709842,J01DF01,229202
ES,Spain,AEMPS,"SURMONTIL 25 MG COMPRIMIDOS RECUBIERTOS CON PELÍCULA , 50 comprimidos",TRIMIPRAMINA MALEATO,,,830836,2016-05-06,,shortage,"Problemas de suministro (sin alternativa, medicamento extranjero)",Se puede solicitar como medicamento extranjero.,2026-09-21T15:06:00.709845,N06AA06,
