country_code,country_name,source,medicine_name,active_substance,strength,package_size,product_no,atc_code,shortage_start,estimated_end,status,marketing_auth_holder,notes,scraped_at,prk
FI,Finland,FIMEA,Sycrest 10 mg,,,20,444041,N05AH05,2026-09-17,2026-09-30,shortage,N.V. Organon,"Lisätietoja antaa: Organon Finland Oy, Organon Finland Oy, Lääkeinformaatiopalvelu, +358291703520, dpoc.finland@organon.com",2026-09-21T13:18:24.531486,
FI,Finland,FIMEA,Sycrest 10 mg,,,60,144035,N05AH05,2026-08-17,2026-09-30,shortage,N.V. Organon,"Lisätietoja antaa: Organon Finland Oy, Organon Finland Oy, Lääkeinformaatiopalvelu, +358291703520, dpoc.finland@organon.com",2026-09-21T13:18:24.531560,
FI,Finland,FIMEA,Desogestrel Sandoz 75 mikrog,,,3 x 28,595947,G03AC09,2026-06-10,2026-10-01,shortage,Sandoz A/S,"Lisätietoja antaa: Sandoz A/S, Sandoz A/S, +358 10 6133415, drug.shortage_nordic@sandoz.com",2026-09-21T13:18:24.531607,56111
FI,Finland,FIMEA,Desogestrel Sandoz 75 mikrog,,,6 x 28,178892,G03AC09,2026-06-16,2026-10-01,shortage,Sandoz A/S,"Lisätietoja antaa: Sandoz A/S, Sandoz A/S, +358 10 6133415, drug.shortage_nordic@sandoz.com",2026-09-21T13:18:24.531650,56111
FI,Finland,FIMEA,Enalapril Orion 10 mg,,,100,498529,C09AA02,2026-08-10,2026-11-09,shortage,Orion Corporation,"Lisätietoja antaa: Orion Oyj, Orion Call Center, +358104398250, tuoteinformaatio@orionpharma.com",2026-09-21T13:18:24.531692,21083
FI,Finland,FIMEA,Dicloabak 1 mg/ml,,,10 ml,579309,S01BC03,2026-04-13,2026-10-01,shortage,Laboratoires Thea,"Lisätietoja antaa: Théa Nordic AB, Malin Forssell, +46 70 389 45 00, malin.forssell@theapharma.com",2026-09-21T13:18:24.531737,219789
FI,Finland,FIMEA,Gabapentin Sandoz 600 mg,,,100,522499,N02BF01,2025-09-08,2026-12-31,shortage,Sandoz A/S,"Lisätietoja antaa: Sandoz A/S, Sandoz A/S, +358 10 6133415, drug.shortage_nordic@sandoz.com",2026-09-21T13:18:24.531778,57541
FI,Finland,FIMEA,Gabapentin Sandoz 800 mg,,,100,452850,N02BF01,2026-05-04,2026-12-14,shortage,Sandoz A/S,"Lisätietoja antaa: Sandoz A/S, Sandoz A/S, +358 10 6133415, drug.shortage_nordic@sandoz.com",2026-09-21T13:18:24.531819,57568
FI,Finland,FIMEA,Zonegran 100 mg,,,98,037709,N03AX15,2026-05-11,2026-10-31,shortage,Paranova Oy,"Lisätietoja antaa: Paranova Oy, Sebastian Saari, +358 9 4391 850, info@paranova.fi",2026-09-21T13:18:24.531859,95311
FI,Finland,FIMEA,Quetiapin Ratiopharm 400 mg,,,100,137635,N05AH04,2025-07-07,2027-02-26,shortage,Teva Pharma B.V.,"Lisätietoja antaa: Teva Finland Oy, Teva Finland Oy, +358 20 180 5900, infofinland@tevapharm.com",2026-09-21T13:18:24.531899,84212
FI,Finland,FIMEA,Quetiapin Ratiopharm 200 mg,,,100,517693,N05AH04,2026-06-18,2026-11-17,shortage,Teva Pharma B.V.,"Lisätietoja antaa: Teva Finland Oy, Teva Finland Oy, +358201805900, infofinland@tevapharm.com",2026-09-21T13:18:24.531939,50776
FI,Finland,FIMEA,Quetiapin Ratiopharm 300 mg,,,100,477295,N05AH04,2026-08-11,2026-11-17,shortage,Teva Pharma B.V.,"Lisätietoja antaa: Teva Finland Oy, Teva Finland Oy, +358201805900, infofinland@tevapharm.com",2026-09-21T13:18:24.531979,60283
FI,Finland,FIMEA,Apogo Pen 10 mg/ml,,,5 x 3 ml,534964,N04BC07,2026-09-01,2026-12-31,shortage,STADA Arzneimittel AG,"Lisätietoja antaa: STADA Nordic ApS, Finnish branch, Hanna Kallio, +358405570209, hanna.kallio@stada.fi",2026-09-21T13:18:24.532020,106380
FI,Finland,FIMEA,Rismyl 0.5 mg,,,20,077385,N05AX08,2026-10-01,2027-05-15,shortage,Viatris Limited,"Lisätietoja antaa: Viatris Oy, Viatris Oy:n asiakasinformaatio, +358207209555, infofi@viatris.com",2026-09-21T13:18:24.532060,56197
FI,Finland,FIMEA,Tolterodine Sandoz 4 mg,,,98,091739,G04BD07,2026-09-10,2026-09-30,shortage,Sandoz A/S,"Lisätietoja antaa: Sandoz A/S, Sandoz A/S, +358 10 6133415, drug.shortage_nordic@sandoz.com",2026-09-21T13:18:24.532102,60534
FI,Finland,FIMEA,Atopica vet. 100 mg/ml,,,17 ml,176561,L04AD01,2026-08-21,2026-10-09,shortage,Elanco GmbH,"Lisätietoja antaa: Elanco, Ida Bisgaard Worm, +45 50 52 76 13, ida.worm@elancoah.com",2026-09-21T13:18:24.532143,40843
FI,Finland,FIMEA,Quetiapin Ratiopharm 50 mg,,,100,077881,N05AH04,2026-04-30,2026-11-30,shortage,Teva Pharma B.V.,"Lisätietoja antaa: Teva Finland Oy, Teva Finland Oy, +358 20 180 5900, infofinland@tevapharm.com",2026-09-21T13:18:24.532185,
FI,Finland,FIMEA,Porcilis ColiClos,,,20 ml,491249,I09AB08,2026-10-05,2026-12-18,shortage,Intervet International B.V.,"Lisätietoja antaa: MSD Animal Health Oy, Susanna Ketola, +358 50 4483389, susanna.ketola@msd.com",2026-09-21T13:18:24.532231,
FI,Finland,FIMEA,Ropinostad 8 mg,,,84,499473,N04BC04,2025-02-18,2027-02-28,shortage,STADA Arzneimittel AG,"Lisätietoja antaa: STADA Nordic ApS, Finnish branch, Hanna Kallio, +358405570209, hanna.kallio@stada.fi",2026-09-21T13:18:24.532270,85642
FI,Finland,FIMEA,Ropinostad 4 mg,,,84,542413,N04BC04,2025-06-19,2026-10-31,shortage,STADA Arzneimittel AG,"Lisätietoja antaa: STADA Nordic ApS, Finnish branch, Hanna Kallio, +358405570209, hanna.kallio@stada.fi",2026-09-21T13:18:24.532317,85634
FI,Finland,FIMEA,Galantamin Stada 16 mg,,,30,118379,N06DA04,2024-11-27,2026-11-30,shortage,STADA Arzneimittel AG,"Lisätietoja antaa: STADA Nordic ApS, Finnish branch, Hanna Kallio, +358405570209, hanna.kallio@stada.fi",2026-09-21T13:18:24.532356,76775
FI,Finland,FIMEA,Galantamin Stada 16 mg,,,84,059059,N06DA04,2024-08-13,2026-11-30,shortage,STADA Arzneimittel AG,"Lisätietoja antaa: STADA Nordic ApS, Finnish branch, Hanna Kallio, +358 40 5570209, hanna.kallio@stada.fi",2026-09-21T13:18:24.532399,76775
FI,Finland,FIMEA,Galantamin Stada 24 mg,,,30,469931,N06DA04,2024-11-27,2026-11-30,shortage,STADA Arzneimittel AG,"Lisätietoja antaa: STADA Nordic ApS, Finnish branch, Hanna Kallio, +358405570209, hanna.kallio@stada.fi",2026-09-21T13:18:24.532443,76783
FI,Finland,FIMEA,Galantamin Stada 24 mg,,,84,389404,N06DA04,2024-11-27,2026-10-31,shortage,STADA Arzneimittel AG,"Lisätietoja antaa: STADA Nordic ApS, Finnish branch, Hanna Kallio, +358405570209, hanna.kallio@stada.fi",2026-09-21T13:18:24.532482,76783
FI,Finland,FIMEA,Galantamin Stada 8 mg,,,30,564124,N06DA04,2024-11-27,2026-11-30,shortage,STADA Arzneimittel AG,"Lisätietoja antaa: STADA Nordic ApS, Finnish branch, Hanna Kallio, +358405570209, hanna.kallio@stada.fi",2026-09-21T13:18:24.532524,76767
FI,Finland,FIMEA,Meropenem Stada 500 mg,,,10 x 500 mg,041983,J01DH02,2026-06-04,2027-02-28,shortage,STADA Arzneimittel AG,"Lisätietoja antaa: STADA Nordic ApS, Finnish branch, Hanna Kallio, +358405570209, hanna.kallio@stada.fi",2026-09-21T13:18:24.532566,94811
FI,Finland,FIMEA,Meropenem Stada 1 g,,,10 x 1 g,116067,J01DH02,2026-05-07,2027-02-28,shortage,STADA Arzneimittel AG,"Lisätietoja antaa: STADA Nordic ApS, Finnish branch, Hanna Kallio, +358405570209, hanna.kallio@stada.fi",2026-09-21T13:18:24.532606,94838
FI,Finland,FIMEA,Cefazolin MIP Pharma 2 g,,,10 x 100 ml,371282,J01DB04,2026-08-18,2026-10-31,shortage,MIP Pharma GmbH,"Lisätietoja antaa: MIP Pharma GmbH Germany, Angela Wittmann, angela.wittmann@mip-pharma.de",2026-09-21T13:18:24.532647,209538
FI,Finland,FIMEA,Pentocur,,,10 x 0.5 g,431844,N01AF03,2024-01-01,2026-12-31,shortage,Abcur AB,"Lisätietoja antaa: Abcur AB, +46 42 135770, InfoAbcur@advanzpharma.com",2026-09-21T13:18:24.532686,6467
FI,Finland,FIMEA,Pentocur,,,10 x 1 g,594817,N01AF03,2024-01-01,2026-12-31,shortage,Abcur AB,"Lisätietoja antaa: Abcur AB, +46 42 135770, InfoAbcur@advanzpharma.com",2026-09-21T13:18:24.532726,
FI,Finland,FIMEA,Galantamin Orion 16 mg,,,28,068937,N06DA04,2024-06-20,2027-02-15,shortage,Orion Corporation,"Lisätietoja antaa: Orion Oyj, Orion Call Center, +3581044398250, tuoteinformaatio@orionpharma.com",2026-09-21T13:18:24.532766,76775
FI,Finland,FIMEA,Galantamin Orion 16 mg,,,84,192182,N06DA04,2025-06-16,2027-02-15,shortage,Orion Corporation,"Lisätietoja antaa: Orion Oyj, Orion Call Center, +358104398250, tuoteinformaatio@orionpharma.com",2026-09-21T13:18:24.532807,76775
FI,Finland,FIMEA,Galantamin Orion 24 mg,,,28,050002,N06DA04,2024-11-27,2027-02-15,shortage,Orion Corporation,"Lisätietoja antaa: Orion Oyj, Orion Call Center, +358104398250, tuoteinformaatio@orionpharma.com",2026-09-21T13:18:24.532847,76783
FI,Finland,FIMEA,Galantamin Orion 24 mg,,,84,498340,N06DA04,2024-10-04,2027-02-15,shortage,Orion Corporation,"Lisätietoja antaa: Orion Oyj, Orion Call Center, +358104398250, tuoteinformaatio@orionpharma.com",2026-09-21T13:18:24.532888,76783
FI,Finland,FIMEA,Pioglitazone Accord 45 mg,,,98,172376,A10BG03,2026-07-08,2026-12-31,shortage,Accord Healthcare S.L.U.,"Lisätietoja antaa: Accord Healthcare Oy, Accord Healthcare Oy, +358 10 2314180, asiakaspalvelu@accord-healthcare.com",2026-09-21T13:18:24.532929,84255
FI,Finland,FIMEA,Galantamin Orion 8 mg,,,28,372068,N06DA04,2026-02-02,2026-12-28,shortage,Orion Corporation,"Lisätietoja antaa: Orion Oyj, Orion Call Center, +358104398250, tuoteinformaatio@orionpharma.com",2026-09-21T13:18:24.532969,76767
FI,Finland,FIMEA,Levetiracetam Accord 750 mg,,,100,502080,N03AX14,2026-02-18,2026-10-30,shortage,Accord Healthcare S.L.U.,"Lisätietoja antaa: Accord Healthcare Oy, Accord Healthcare Oy, +358 10 2314180, asiakaspalvelu@accord-healthcare.com",2026-09-21T13:18:24.533009,
FI,Finland,FIMEA,Gemcitabine Accord 100 mg/ml,,,15 ml,114636,L01BC05,2024-01-30,2026-12-31,shortage,Accord Healthcare B.V.,"Lisätietoja antaa: Accord Healthcare Oy, Accord Healthcare Oy, +358 10 2314180, asiakaspalvelu@accord-healthcare.com",2026-09-21T13:18:24.533049,101753
FI,Finland,FIMEA,Capecitabine Accord 500 mg,,,120,398138,L01BC06,2026-04-10,2026-09-30,shortage,Accord Healthcare S.L.U.,"Lisätietoja antaa: Accord Healthcare Oy, Accord Healthcare Oy, +358 10 2314180, asiakaspalvelu@accord-healthcare.com",2026-09-21T13:18:24.533088,59366
FI,Finland,FIMEA,Dacarbazine Lipomed 200 mg,,,10 x 200 mg,572839,L01AX04,2026-05-31,2027-12-31,shortage,Lipomed GmbH,"Lisätietoja antaa: Kurantis ApS, Tanja Breum Nielsen, +4526524288, tbn@kurantis.com",2026-09-21T13:18:24.533128,18066
FI,Finland,FIMEA,Eliquis 5 mg,,,28,445310,B01AF02,2026-07-07,2026-10-16,shortage,Bristol-Myers Squibb / Pfizer EEIG,"Lisätietoja antaa: Oy Bristol-Myers Squibb (Finland) Ab, lääkeneuvonta, +358925121244, medinfo.finland@bms.com",2026-09-21T13:18:24.533169,105678
FI,Finland,FIMEA,Celecoxib Viatris 200 mg,,,30,471030,M01AH01,2026-04-29,2027-02-05,shortage,Viatris Limited,"Lisätietoja antaa: Viatris Oy, Viatris Oy asiakasinformaatio, +358 20 720 9555, infofi@viatris.com",2026-09-21T13:18:24.533208,59005
FI,Finland,FIMEA,Celecoxib Viatris 100 mg,,,100,477070,M01AH01,2026-06-08,2026-12-31,shortage,Viatris Limited,"Lisätietoja antaa: Viatris Oy, Viatris Oy:n asiakasinformaatio, +358207209555, infofi@viatris.com",2026-09-21T13:18:24.533248,58998
FI,Finland,FIMEA,Rosuvastatin Orion 40 mg,,,98,190472,C10AA07,2026-07-06,2026-10-12,shortage,Aurobindo Pharma (Malta) Ltd,"Lisätietoja antaa: ORION CORPORATION, Orion Call Center, +358104398250, tuoteinformaatio@orionpharma.com",2026-09-21T13:18:24.533288,201065
FI,Finland,FIMEA,ISENTRESS 100 mg,,,60,401134,J05AJ01,2026-03-20,2026-10-18,shortage,Merck Sharp & Dohme B.V.,"Lisätietoja antaa: MSD Finland Oy, Merita Suomalainen, +3589804650, info@msd.com",2026-09-21T13:18:24.533327,
FI,Finland,FIMEA,ISENTRESS 25 mg,,,60,391582,J05AJ01,2026-09-01,2026-10-18,shortage,Merck Sharp & Dohme B.V.,"Lisätietoja antaa: MSD Finland Oy, Merita Suomalainen, +3589804650, info@msd.com",2026-09-21T13:18:24.533365,
FI,Finland,FIMEA,NovoRapid PumpCart 100 U/ml,,,5 x 1.6 ml,467931,A10AB05,2025-08-14,2026-12-31,shortage,Novo Nordisk A/S,"Lisätietoja antaa: Novo Nordisk Farma Oy, novoInfo, +358 800 122 566, novoinfo@novonordisk.fi",2026-09-21T13:18:24.533405,121495
FI,Finland,FIMEA,Omnic Ocas 0.4 mg,,,90,505920,G04CA02,2026-06-17,2026-10-30,shortage,Paranova Oy,"Lisätietoja antaa: Paranova Oy, Sebastian Saari, +358 9 4391 850, info@paranova.fi",2026-09-21T13:18:24.533445,76236
FI,Finland,FIMEA,Carvedilol Orion 12.5 mg,,,100,402570,C07AG02,2026-04-20,2027-01-04,shortage,Aurobindo Pharma (Malta) Ltd,"Lisätietoja antaa: Orion Oyj, Orion Call Center, +358104398250, tuoteinformaatio@orionpharma.com",2026-09-21T13:18:24.533488,74241
FI,Finland,FIMEA,Carvedilol Orion 25 mg,,,100,540587,C07AG02,2026-06-15,2027-01-04,shortage,Aurobindo Pharma (Malta) Ltd,"Lisätietoja antaa: Orion Oyj, Orion Call Center, +358104398250, tuoteinformaatio@orionpharma.com",2026-09-21T13:18:24.533530,41009
FI,Finland,FIMEA,Lymecycline Ratiopharm 300 mg,,,100,028638,J01AA04,2026-09-18,2026-09-25,shortage,Teva B.V.,"Lisätietoja antaa: Teva Finland Oy, Teva Finland Oy, +358 20 180 5900, infofinland@tevapharm.com",2026-09-21T13:18:24.533569,
FI,Finland,FIMEA,Spedra 50 mg,,,4 x 1,570086,G04BE10,2026-05-20,2026-09-30,shortage,Phoenix Labs Unlimited Company,"Lisätietoja antaa: Berlin-Chemie/A. Menarini Suomi Oy, Daniela Wollstén, +358403000760, nordics@berlin-chemie.com",2026-09-21T13:18:24.533609,115142
FI,Finland,FIMEA,Fusidic Acid Orifarm 20 mg/g,,,30 g,102880,D06AX01,2026-08-26,2026-12-31,shortage,Orifarm Generics A/S,"Lisätietoja antaa: Orifarm Healthcare Oy, Anna-Leena Haikkola, +35897746870, suomi@orifarm.com",2026-09-21T13:18:24.533649,5428
FI,Finland,FIMEA,Fusidic Acid Orifarm 20 mg/g,,,15 g,145978,D06AX01,2026-07-15,2026-12-31,shortage,Orifarm Generics A/S,"Lisätietoja antaa: Orifarm Healthcare Oy, Anna-Leena Haikkola, +35897746870, suomi@orifarm.com",2026-09-21T13:18:24.533689,5428
FI,Finland,FIMEA,Travoprost Stada 40 mikrog/ml,,,2.5 ml,180186,S01EE04,2026-07-15,2026-11-30,shortage,STADA Arzneimittel AG,"Lisätietoja antaa: STADA Nordic ApS, Finnish branch, Hanna Kallio, +358405570209, hanna.kallio@stada.fi",2026-09-21T13:18:24.533728,206458
FI,Finland,FIMEA,Travoprost Stada 40 mikrog/ml,,,3 x 2.5 ml,084880,S01EE04,2026-09-01,2026-12-31,shortage,STADA Arzneimittel AG,"Lisätietoja antaa: STADA Nordic ApS, Finnish branch, Hanna Kallio, +358405570209, hanna.kallio@stada.fi",2026-09-21T13:18:24.533767,
FI,Finland,FIMEA,Travatan 40 mikrog/ml,,,3 x 2.5 ml,042663,S01EE04,2025-12-16,2026-10-01,shortage,Paranova Oy,"Lisätietoja antaa: Paranova Oy, Sebastian Saari, +358 9 4391 850, info@paranova.fi",2026-09-21T13:18:24.533806,206431
FI,Finland,FIMEA,Yasmin 0.03 mg / 3 mg,,,3 x 21,022508,G03AA12,2026-08-04,2026-09-30,shortage,Orifarm Oy,"Lisätietoja antaa: Orifarm Oy, Janne Liimatta, +358 9 7746 870, suomi@orifarm.com",2026-09-21T13:18:24.533845,56774
FI,Finland,FIMEA,Yasmin 0.03 mg / 3 mg,,,6 x 21,022519,G03AA12,2026-06-16,2026-10-30,shortage,Orifarm Oy,"Lisätietoja antaa: Orifarm Oy, Janne Liimatta, +358 9 7746 870, suomi@orifarm.com",2026-09-21T13:18:24.533885,56774
FI,Finland,FIMEA,Solifenacin Sandoz 5 mg,,,30,592805,G04BD08,2026-09-17,2026-12-31,shortage,Sandoz A/S,"Lisätietoja antaa: Sandoz A/S, Sandoz A/S, +358 10 6133415, drug.shortage_nordic@sandoz.com",2026-09-21T13:18:24.533924,75337
FI,Finland,FIMEA,Cefotaxim Mip Pharma 1 g,,,10,582612,J01DD01,2026-01-01,2027-06-30,shortage,MIP Pharma GmbH,"Lisätietoja antaa: MIP Pharma GmbH Germany, Angela Wittmann, +49 8502 9184 430, angela.wittmann@mip-pharma.de",2026-09-21T13:18:24.533965,37168
FI,Finland,FIMEA,Cefotaxim Mip Pharma 2 g,,,10,428817,J01DD01,2026-04-01,2027-06-30,shortage,MIP Pharma GmbH,"Lisätietoja antaa: MIP Pharma GmbH Germany, Angela Wittmann, +49 8502 9184 430, angela.wittmann@mip-pharma.de",2026-09-21T13:18:24.534011,
FI,Finland,FIMEA,Ropinirol Orion 4 mg,,,84,373077,N04BC04,2025-08-11,2027-02-15,shortage,Orion Corporation,"Lisätietoja antaa: Orion Oyj, Orion Call Center, +358104398250, tuoteinformaatio@orionpharma.com",2026-09-21T13:18:24.534055,85634
FI,Finland,FIMEA,Ropinirol Orion 8 mg,,,84,124989,N04BC04,2024-09-11,2027-06-30,shortage,Orion Corporation,"Lisätietoja antaa: Orion Oyj, Orion Call Center, +358104398256, tuoteinformaatio@orionpharma.com",2026-09-21T13:18:24.534100,85642
FI,Finland,FIMEA,Ropinirol Orion 2 mg,,,84,596277,N04BC04,2024-10-22,2026-12-28,shortage,Orion Corporation,"Lisätietoja antaa: Orion Oyj, Orion Call Center, +358104398250, tuoteinformaatio@orionpharma.com",2026-09-21T13:18:24.534141,48151
FI,Finland,FIMEA,Desloratadine Sandoz 5 mg,,,30,472322,R06AX27,2026-07-09,2026-10-21,shortage,Sandoz A/S,"Lisätietoja antaa: Sandoz A/S, Ropi Heikkilä, +358 50 592 5710, ropi.heikkila@sandoz.com",2026-09-21T13:18:24.534182,59021
FI,Finland,FIMEA,Tolterodin Ratiopharm 4 mg,,,28,561986,G04BD07,2026-05-11,2026-12-31,shortage,ratiopharm GmbH,"Lisätietoja antaa: Teva Finland Oy, Jyrki Hakkarainen, +358 40 5626437, jyrki.hakkarainen@tevapharm.com",2026-09-21T13:18:24.534223,60534
FI,Finland,FIMEA,Eligard 45 mg,,,45 mg + 436 mg,480949,L02AE02,2026-01-31,2026-12-31,shortage,Paranova Oy,"Lisätietoja antaa: Paranova oy, Sebastian Saari, +35894391850, info@paranova.fi",2026-09-21T13:18:24.534263,85111
FI,Finland,FIMEA,Lorazepam Orion 1 mg,,,100,477647,N05BA06,2025-06-30,2027-03-15,shortage,Orion Corporation,"Lisätietoja antaa: Orion Oyj, Orion Call Center, +358104398250, tuoteinformaatio@orionpharma.com",2026-09-21T13:18:24.534300,2445
FI,Finland,FIMEA,Lorazepam Orion 1 mg,,,30,573059,N05BA06,2026-03-02,2027-03-15,shortage,Orion Corporation,"Lisätietoja antaa: Orion Oyj, Orion Call Center, +358104398250, tuoteinformaatio@orionpharma.com",2026-09-21T13:18:24.534340,2445
FI,Finland,FIMEA,Telmisartan/Hydrochlorothiazide Orion 80 mg / 12.5 mg,,,98,461771,C09DA07,2026-09-21,2026-11-03,shortage,Orion Corporation,"Lisätietoja antaa: Orion Oyj, Orion Call Center, +358104398250, tuoteinformaatio@orionpharma.com",2026-09-21T13:18:24.534378,67261
FI,Finland,FIMEA,HYCAMTIN 1 mg,,,10,064570,L01CE01,2026-07-13,2026-10-31,shortage,Paranova Oy,"Lisätietoja antaa: Paranova Oy, Sebastian Saari, +358 9 4391 850, info@paranova.fi",2026-09-21T13:18:24.534417,87203
FI,Finland,FIMEA,Wegovy FlexTouch 0.25 mg,,,1.5 ml,145414,A10BJ06,2025-06-11,2026-12-31,shortage,Paranova Oy,"Lisätietoja antaa: Paranova Oy, Sebastian Saari, +358 9 4391 850, info@paranova.fi",2026-09-21T13:18:24.534456,
FI,Finland,FIMEA,Pomalidomide Teva 2 mg,,,21,463736,L04AX06,2026-06-22,2027-01-11,shortage,Teva GmbH,"Lisätietoja antaa: Teva Finland Oy, Teva Finland Oy, +358201805900, infofinland@tevapharm.com",2026-09-21T13:18:24.534495,107522
FI,Finland,FIMEA,Pomalidomide Teva 3 mg,,,21,571088,L04AX06,2026-09-10,2026-12-18,shortage,Teva GmbH,"Lisätietoja antaa: Teva Finland Oy, Teva Finland Oy, +358201805900, infofinland@tevapharm.com",2026-09-21T13:18:24.534533,107530
FI,Finland,FIMEA,Divigel 1 mg,,,28 x 1.0 g,579198,G03CA03,2026-01-15,2026-12-31,shortage,Orion Corporation,"Lisätietoja antaa: Orion Oyj, Orion Call Center, +358104398250, tuoteinformaatio@orionpharma.com",2026-09-21T13:18:24.534571,
FI,Finland,FIMEA,Yuflyma 80 mg,,,0.8 ml,546264,L04AB04,2025-07-11,2026-12-30,shortage,Paranova Oy,"Lisätietoja antaa: Paranova Oy, Sebastian Saari, +358 9 4391 850, info@paranova.fi",2026-09-21T13:18:24.534608,
FI,Finland,FIMEA,Reagila 4.5 mg,,,30,591031,N05AX15,2025-08-29,2026-10-31,shortage,Paranova Oy,"Lisätietoja antaa: Paranova Oy, Sebastian Saari, +358 9 4391 850, info@paranova.fi",2026-09-21T13:18:24.534649,159158
FI,Finland,FIMEA,Reagila 3 mg,,,30,460883,N05AX15,2026-02-27,2026-10-31,shortage,Paranova Oy,"Lisätietoja antaa: Paranova Oy, Sebastian Saari, +358 9 4391 850, info@paranova.fi",2026-09-21T13:18:24.534686,159131
FI,Finland,FIMEA,Wegovy FlexTouch 1.7 mg,,,3 ml,444264,A10BJ06,2025-08-25,2026-12-31,shortage,Paranova Oy,"Lisätietoja antaa: Paranova Oy, Sebastian Saari, +358 9 4391 850, info@paranova.fi",2026-09-21T13:18:24.534725,223816
FI,Finland,FIMEA,Pomalidomide Teva 4 mg,,,21,162383,L04AX06,2026-09-10,2026-10-26,shortage,Teva GmbH,"Lisätietoja antaa: Teva Finland Oy, Teva Finland Oy, +358201805900, infofinland@tevapharm.com",2026-09-21T13:18:24.534763,107549
FI,Finland,FIMEA,Rectogesic 4 mg/g,,,30 g,440051,C05AE01,2026-03-17,2026-11-30,shortage,Orifarm Oy,"Lisätietoja antaa: Orifarm Oy, Janne Liimatta, +358 9 7746 870, suomi@orifarm.com",2026-09-21T13:18:24.534801,
FI,Finland,FIMEA,Reagila 6 mg,,,30,528571,N05AX15,2025-07-15,2026-10-31,shortage,Paranova Oy,"Lisätietoja antaa: Paranova Oy, Sebastian Saari, +358 9 4391 850, info@paranova.fi",2026-09-21T13:18:24.534840,159166
FI,Finland,FIMEA,Vepesid 50 mg,,,20,397956,L01CB01,2026-04-27,2026-12-31,shortage,Abacus Medicine A/S,"Lisätietoja antaa: Abacus Medicine A/S, Jaisa Nykänen, +358942721465, jaisa.nykanen@abacusmedicine.com",2026-09-21T13:18:24.534877,22276
FI,Finland,FIMEA,Adempas 1 mg,,,42,378994,C02KX05,2025-12-29,2026-09-30,shortage,Paranova Oy,"Lisätietoja antaa: Paranova Oy, Sebastian Saari, +358 9 4391 850, info@paranova.fi",2026-09-21T13:18:24.534915,124672
FI,Finland,FIMEA,Remsima 120 mg,,,2 x 1 ml,399003,L04AB02,2026-08-24,2026-10-30,shortage,Orifarm Oy,"Lisätietoja antaa: Orifarm Oy, Janne Liimatta, +358 9 7746 870, suomi@orifarm.com",2026-09-21T13:18:24.534951,201715
FI,Finland,FIMEA,Pamorelin 22.5 mg,,,22.5 mg + 2 ml,481152,L02AE04,2026-05-20,2026-12-31,shortage,Abacus Medicine A/S,"Lisätietoja antaa: Abacus Medicine A/S, Jaisa Nykänen, +358942721465, jaisa.nykanen@abacusmedicine.com",2026-09-21T13:18:24.534988,91820
FI,Finland,FIMEA,Diacomit 500 mg,,,60,452133,N03AX17,2025-12-01,2026-09-30,shortage,Paranova Oy,"Lisätietoja antaa: Paranova oy, Sebastian Saari, +35894391850, info@paranova.fi",2026-09-21T13:18:24.535025,88579
FI,Finland,FIMEA,Fycompa 10 mg,,,28,576205,N03AX22,2026-07-30,2026-09-30,shortage,Paranova Oy,"Lisätietoja antaa: Paranova Oy, Sebastian Saari, +358 9 4391 850, info@paranova.fi",2026-09-21T13:18:24.535063,115509
FI,Finland,FIMEA,Haemate 1000 IU FVIII / 2400 IU VWF,,,1000 IU / 2400 IU + 15 ml,424765,B02BD06,2026-04-08,2026-12-31,shortage,Abacus Medicine A/S,"Lisätietoja antaa: Abacus Medicine A/S, Jaisa Nykänen, +358942721465, jaisa.nykanen@abacusmedicine.com",2026-09-21T13:18:24.535102,82317
FI,Finland,FIMEA,Omnic Ocas 0.4 mg,,,90,073430,G04CA02,2026-06-30,2026-12-31,shortage,Abacus Medicine A/S,"Lisätietoja antaa: Abacus Medicine A/S, Henna Luoto, +358 9 42721465, henna.luoto@abacusmedicine.com",2026-09-21T13:18:24.535145,76236
FI,Finland,FIMEA,Wegovy FlexTouch 0.5 mg,,,1.5 ml,479681,A10BJ06,2025-07-04,2026-12-30,shortage,Paranova Oy,"Lisätietoja antaa: Paranova Oy, Sebastian Saari, +358 9 4391 850, info@paranova.fi",2026-09-21T13:18:24.535185,
FI,Finland,FIMEA,Wegovy FlexTouch 1 mg,,,3 ml,083408,A10BJ06,2025-03-17,2026-12-30,shortage,Paranova Oy,"Lisätietoja antaa: Paranova Oy, Sebastian Saari, +358 9 4391 850, info@paranova.fi",2026-09-21T13:18:24.535224,
FI,Finland,FIMEA,Yuflyma 40 mg,,,2 x 0.4 ml,184065,L04AB04,2025-06-11,2026-12-30,shortage,Paranova Oy,"Lisätietoja antaa: Paranova Oy, Sebastian Saari, +358 9 4391 850, info@paranova.fi",2026-09-21T13:18:24.535263,129798
FI,Finland,FIMEA,Wegovy FlexTouch 2.4 mg,,,3 ml,187528,A10BJ06,2025-06-20,2026-12-31,shortage,Paranova Oy,"Lisätietoja antaa: Paranova Oy, Sebastian Saari, +358 9 4391 850, info@paranova.fi",2026-09-21T13:18:24.535301,223824
FI,Finland,FIMEA,Pomalidomide Grindeks 1 mg,,,14,030068,L04AX06,2026-07-21,2026-09-21,shortage,Grindeks AS,"Lisätietoja antaa: Grindeks Kalceks Suomi Oy, Jari Puolakka, +358405356796, jari.puolakka@grindeks.fi",2026-09-21T13:18:24.535340,107514
FI,Finland,FIMEA,Voriconazole Accord 200 mg,,,200 mg,552438,J02AC03,2026-01-01,2026-10-30,shortage,Accord Healthcare B.V.,"Lisätietoja antaa: Accord Healthcare Oy, Accord Healthcare Oy, +358 10 2314180, asiakaspalvelu@accord-healthcare.com",2026-09-21T13:18:24.535378,63614
FI,Finland,FIMEA,Yellox 0.9 mg/ml,,,5 ml,464956,S01BC11,2025-11-13,2026-10-30,shortage,Paranova Oy,"Lisätietoja antaa: Paranova Oy, Sebastian Saari, +358 9 4391 850, info@paranova.fi",2026-09-21T13:18:24.535415,219010
FI,Finland,FIMEA,Cresemba 100 mg,,,14 x 1,527836,J02AC05,2026-08-26,2026-10-31,shortage,Paranova Oy,"Lisätietoja antaa: Paranova Oy, Sebastian Saari, +358 9 4391 850, info@paranova.fi",2026-09-21T13:18:24.535454,134392
FI,Finland,FIMEA,Risedronat Sandoz 35 mg,,,12,587045,M05BA07,2026-04-27,2026-10-30,shortage,Orifarm Oy,"Lisätietoja antaa: Orifarm Oy, Janne Liimatta, +358 9 7746 870, suomi@orifarm.com",2026-09-21T13:18:24.535493,68888
FI,Finland,FIMEA,MYNZEPLI 40 mg/ml,,,90 mikrol,130407,S01LA05,2026-09-01,2026-10-31,shortage,Advanz Pharma Limited,"Lisätietoja antaa: ADVANZ PHARMA LIMITED, +358 800 416231, medicalinformation@advanzpharma.com",2026-09-21T13:18:24.535531,103756
FI,Finland,FIMEA,Xeljanz 11 mg,,,28,439164,L04AF01,2025-11-25,2026-10-30,shortage,Paranova Oy,"Lisätietoja antaa: Paranova Oy, Sebastian Saari, +358 9 4391 850, info@paranova.fi",2026-09-21T13:18:24.535569,201502
FI,Finland,FIMEA,Slenyto 1 mg,,,30,491327,N05CH01,2026-01-07,2026-09-30,shortage,Paranova Oy,"Lisätietoja antaa: Paranova Oy, Sebastian Saari, +358 9 4391 850, info@paranova.fi",2026-09-21T13:18:24.535606,106593
FI,Finland,FIMEA,Nintedanib Viatris 100 mg,,,60 x 1,175233,L01EX09,2026-08-12,2026-12-11,shortage,Viatris Limited,"Lisätietoja antaa: Viatris Oy, Viatris Oy:n asiakasinformaatio, +358207209555, infofi@viatris.com",2026-09-21T13:18:24.535645,127310
FI,Finland,FIMEA,Holoxan 1000 mg,,,1000 mg,521552,L01AA06,2026-01-22,2026-12-31,shortage,Baxter Oy,"Lisätietoja antaa: Baxter Oy, Katriina Itäaho, +358405679926, katriina_itaaho@baxter.com",2026-09-21T13:18:24.535683,14818
FI,Finland,FIMEA,Holoxan 500 mg,,,500 mg,560382,L01AA06,2026-01-22,2026-12-31,shortage,Baxter Oy,"Lisätietoja antaa: Baxter Oy, Katriina Itäaho, +358405679926, katriina_itaaho@baxter.com",2026-09-21T13:18:24.535720,14796
FI,Finland,FIMEA,Vagidonna 10 mikrog,,,24,386216,G03CA03,2026-09-01,2026-09-30,shortage,Sandoz A/S,"Lisätietoja antaa: Sandoz A/S, Sandoz A/S, +358 10 6133415, drug.shortage_nordic@sandoz.com",2026-09-21T13:18:24.535757,105023
FI,Finland,FIMEA,Targretin 75 mg,,,100,375798,L01XF03,2026-01-23,2026-10-31,shortage,2care4 ApS,"Lisätietoja antaa: 2care4 ApS, filial, 2care4 ApS, filial, +358986264309, info@2care4.fi",2026-09-21T13:18:24.535798,70610
FI,Finland,FIMEA,Rosuvastatin Actavis 40 mg,,,98,176137,C10AA07,2026-09-08,2026-11-02,shortage,Teva B.V.,"Lisätietoja antaa: Teva Finland Oy, Teva Finland Oy, +358201805900, infofinland@tevapharm.com",2026-09-21T13:18:24.535840,201065
FI,Finland,FIMEA,Duloxetine Accordpharma 40 mg,,,56,383267,N06AX21,2026-07-17,2027-01-31,shortage,Accord Healthcare B.V.,"Lisätietoja antaa: Accord Healthcare Oy, Accord Healthcare Oy, +358 10 2314180, asiakaspalvelu@accord-healthcare.com",2026-09-21T13:18:24.535877,
FI,Finland,FIMEA,Azacitidine Sandoz 25 mg/ml,,,100 mg,532815,L01BC07,2026-08-31,2026-11-12,shortage,Sandoz A/S,"Lisätietoja antaa: Sandoz A/S, Sandoz A/S, +358 10 6133415, drug.shortage_nordic@sandoz.com",2026-09-21T13:18:24.535917,88692
FI,Finland,FIMEA,Myrelez 120 mg,,,120 mg,392697,H01CB03,2024-09-30,2027-02-28,shortage,Amdipharm Limited,"Lisätietoja antaa: Amdipharm Ltd, +358 800 416231, medicalinformation@advanzpharma.com",2026-09-21T13:18:24.535955,
FI,Finland,FIMEA,Myrelez 90 mg,,,90 mg,449026,H01CB03,2025-02-01,2027-02-28,shortage,Amdipharm Limited,"Lisätietoja antaa: Amdipharm Ltd, +358 800 416231, medicalinformation@advanzpharma.com",2026-09-21T13:18:24.535993,
FI,Finland,FIMEA,Myrelez 60 mg,,,60 mg,549549,H01CB03,2025-03-15,2027-02-28,shortage,Amdipharm Limited,"Lisätietoja antaa: Amdipharm Limited, +358800416231, medicalinformation@advanzpharma.com",2026-09-21T13:18:24.536030,
FI,Finland,FIMEA,Adenocor 3 mg/ml,,,6 x 2 ml,388210,C01EB10,2026-03-09,2026-09-30,shortage,Paranova Oy,"Lisätietoja antaa: Paranova Oy, Sebastian Saari, +358 9 4391 850, info@paranova.fi",2026-09-21T13:18:24.536068,39292
FI,Finland,FIMEA,Anidulafungin Reig Jofre 100 mg,,,100 mg,544252,J02AX06,2025-04-25,2026-12-31,shortage,Bioglan AB,"Lisätietoja antaa: Bioglan AB, Sara Soares, +46 40 608 75 25, sara.soares@bioglan.se",2026-09-21T13:18:24.536106,85448
FI,Finland,FIMEA,Caloket 30 mg/ml,,,6 x 1 ml,176003,M01AB15,2024-08-01,2026-09-30,shortage,EQL Pharma AB,"Lisätietoja antaa: EQL Pharma, + 46 73 506 33 23, logistics@eqlpharma.com",2026-09-21T13:18:24.536144,
FI,Finland,FIMEA,Ticagrelor Sandoz 90 mg,,,100,039052,B01AC24,2026-07-09,2026-12-31,shortage,Sandoz A/S,"Lisätietoja antaa: Sandoz A/S, Ropi Heikkilä, +358 50 592 5710, ropi.heikkila@sandoz.com",2026-09-21T13:18:24.536182,97446
FI,Finland,FIMEA,Dasatinib Krka 70 mg,,,60,091667,L01EA02,2026-06-29,2026-10-15,shortage,KRKA d.d. Novo mesto,"Lisätietoja antaa: KRKA Finland Oy, KRKA Finland Oy, +358207545330, info.fi@krka.biz",2026-09-21T13:18:24.536220,82139
FI,Finland,FIMEA,Lacosamide Stada 100 mg,,,56,476652,N03AX18,2026-08-31,2026-11-30,shortage,STADA Arzneimittel AG,"Lisätietoja antaa: STADA Nordic ApS, Finnish branch, Hanna Kallio, +358405570209, hanna.kallio@stada.fi",2026-09-21T13:18:24.536262,217875
FI,Finland,FIMEA,Lacosamide Stada 150 mg,,,56,177662,N03AX18,2026-05-18,2026-09-30,shortage,STADA Arzneimittel AG,"Lisätietoja antaa: STADA Nordic ApS, Finnish branch, Hanna Kallio, +358405570209, hanna.kallio@stada.fi",2026-09-21T13:18:24.536302,89044
FI,Finland,FIMEA,Lacosamide Stada 200 mg,,,56,155958,N03AX18,2026-08-14,2026-09-30,shortage,STADA Arzneimittel AG,"Lisätietoja antaa: STADA Nordic ApS, Finnish branch, Hanna Kallio, +358405570209, hanna.kallio@stada.fi",2026-09-21T13:18:24.536342,217808
FI,Finland,FIMEA,Olanzapine Viatris 20 mg,,,28,405982,N05AH03,2026-08-14,2026-10-16,shortage,Orifarm Oy,"Lisätietoja antaa: Orifarm Oy, Janne Liimatta, +358 9 7746 870, suomi@orifarm.com",2026-09-21T13:18:24.536383,69604
FI,Finland,FIMEA,Insulin aspart Sanofi 100 U/ml,,,5 x 3 ml,110313,A10AB05,2026-09-23,2026-10-05,shortage,Sanofi Winthrop Industrie,"Lisätietoja antaa: Sanofi Oy, Sanna Tuomisto, +3582012200300, regulatory.finland@sanofi.com",2026-09-21T13:18:24.536420,53902
FI,Finland,FIMEA,Furosemide Kalceks 10 mg/ml,,,50 x 2 ml,083846,C03CA01,2026-06-30,2026-12-31,shortage,AS Kalceks,"Lisätietoja antaa: Grindeks Kalceks Suomi Oy, Jari Puolakka, +358405356796, jari.puolakka@grindeks.fi",2026-09-21T13:18:24.536458,1651
FI,Finland,FIMEA,Palmeux 100 mg,,,100 mg,178554,N05AX13,2025-12-09,2026-12-31,shortage,Amdipharm Limited,"Lisätietoja antaa: Amdipharm Limited, +358 800 416231, medicalinformation@advanzpharma.com",2026-09-21T13:18:24.536497,96989
FI,Finland,FIMEA,Palmeux 150 mg,,,150 mg,185517,N05AX13,2025-12-09,2026-12-31,shortage,Amdipharm Limited,"Lisätietoja antaa: Amdipharm Limited, +358 800 416231, medicalinformation@advanzpharma.com",2026-09-21T13:18:24.536536,96997
FI,Finland,FIMEA,Palmeux 75 mg,,,75 mg,187219,N05AX13,2025-12-09,2026-12-31,shortage,Amdipharm Limited,"Lisätietoja antaa: Amdipharm Limited, +358 800 416231, medicalinformation@advanzpharma.com",2026-09-21T13:18:24.536574,96970
FI,Finland,FIMEA,Palmeux 50 mg,,,50 mg,120928,N05AX13,2025-12-09,2026-12-31,shortage,Amdipharm Limited,Lisätietoja antaa:,2026-09-21T13:18:24.536611,96962
FI,Finland,FIMEA,Dasatinib Krka 20 mg,,,60,508656,L01EA02,2026-04-10,2026-10-15,shortage,KRKA d.d. Novo mesto,"Lisätietoja antaa: KRKA Finland Oy, KRKA Finland Oy, +358207545330, info.fi@krka.biz",2026-09-21T13:18:24.536650,82112
FI,Finland,FIMEA,Azacitidine Stada 25 mg/ml,,,100 mg,373433,L01BC07,2026-09-01,2026-12-31,shortage,STADA Arzneimittel AG,"Lisätietoja antaa: STADA Nordic ApS, Finnish branch, Hanna Kallio, +358405570209, hanna.kallio@stada.fi",2026-09-21T13:18:24.536688,88692
FI,Finland,FIMEA,Sitagliptin Sandoz 100 mg,,,120,469526,A10BH01,2026-07-21,2026-10-13,shortage,Sandoz A/S,"Lisätietoja antaa: Sandoz A/S, Sandoz A/S, +358 10 6133415, drug.shortage_nordic@sandoz.com",2026-09-21T13:18:24.536727,218138
FI,Finland,FIMEA,HYCAMTIN 1 mg,,,10,537718,L01CE01,2026-08-04,2026-09-30,shortage,Orifarm Oy,"Lisätietoja antaa: Orifarm Oy, Janne Liimatta, +358 9 7746 870, suomi@orifarm.com",2026-09-21T13:18:24.536765,87203
FI,Finland,FIMEA,Nevirapine Viatris 400 mg,,,30,097001,J05AG01,2026-06-05,2026-10-30,shortage,Orifarm Oy,"Lisätietoja antaa: Orifarm Oy, Janne Liimatta, +358 9 7746 870, suomi@orifarm.com",2026-09-21T13:18:24.536803,99015
FI,Finland,FIMEA,Acnatac 10 mg/g + 0.25 mg/g,,,30 g,149416,D10AF51,2026-08-04,2026-09-30,shortage,Orifarm Oy,"Lisätietoja antaa: Orifarm Oy, Janne Liimatta, +358 9 7746 870, suomi@orifarm.com",2026-09-21T13:18:24.536840,113476
FI,Finland,FIMEA,Briviact 100 mg,,,56,399549,N03AX23,2026-07-31,2026-10-30,shortage,Orifarm Oy,"Lisätietoja antaa: Orifarm Oy, Janne Liimatta, +358 9 7746 870, suomi@orifarm.com",2026-09-21T13:18:24.536879,131989
FI,Finland,FIMEA,Vildagliptin/Metformin STADA 50 mg / 1000 mg,,,60,385928,A10BD08,2026-04-21,2026-09-30,shortage,STADA Arzneimittel AG,"Lisätietoja antaa: STADA Nordic ApS, Finnish branch, Hanna Kallio, +358405570209, hanna.kallio@stada.fi",2026-09-21T13:18:24.536920,85952
FI,Finland,FIMEA,Caspofungin STADA 50 mg,,,50 mg,584307,J02AX04,2026-06-05,2026-10-31,shortage,STADA Arzneimittel AG,"Lisätietoja antaa: STADA Nordic ApS, Finnish branch, Hanna Kallio, +358405570209, hanna.kallio@stada.fi",2026-09-21T13:18:24.536959,70300
FI,Finland,FIMEA,Famvir 500 mg,,,21,537279,J05AB09,2026-07-31,2026-10-30,shortage,Paranova Oy,"Lisätietoja antaa: Paranova Oy, Sebastian Saari, +358 9 4391 850, info@paranova.fi",2026-09-21T13:18:24.536997,43478
FI,Finland,FIMEA,Botox 100 Allergan-yksikköä,,,100 U,457936,M03AX01,2026-08-01,2026-12-31,shortage,Abacus Medicine A/S,"Lisätietoja antaa: Abacus Medicine A/S, Jaisa Nykänen, +358942721465, jaisa.nykanen@abacusmedicine.com",2026-09-21T13:18:24.537035,40436
FI,Finland,FIMEA,Dexalcex 4 mg/ml,,,10 x 1 ml,543127,H02AB02,2026-08-19,2026-09-28,shortage,AS Kalceks,"Lisätietoja antaa: Grindeks Kalceks Suomi Oy, Jari Puolakka, +358405356796, jari.puolakka@grindeks.fi",2026-09-21T13:18:24.537073,752
FI,Finland,FIMEA,Dexalcex 4 mg/ml,,,10 x 2 ml,172392,H02AB02,2026-08-19,2026-12-07,shortage,AS Kalceks,"Lisätietoja antaa: Grindeks Kalceks Suomi Oy, Jari Puolakka, +358405356796, jari.puolakka@grindeks.fi",2026-09-21T13:18:24.537110,147621
FI,Finland,FIMEA,RenuTend,,,1 ml,100799,M09AX90,2024-02-02,2027-06-30,shortage,Boehringer Ingelheim Vetmedica GmbH,"Lisätietoja antaa: Vetcare Oy, Anna Hietikko, +358 400 114 783, anna.hietikko@vetcare.fi",2026-09-21T13:18:24.537148,
FI,Finland,FIMEA,Sitagliptin/Metformin Grindeks 50 mg / 850 mg,,,56,434612,A10BD07,2026-06-02,2026-12-21,shortage,Grindeks AS,"Lisätietoja antaa: Grindeks Kalceks Suomi Oy, Jari Puolakka, +358405356796, jari.puolakka@grindeks.fi",2026-09-21T13:18:24.537185,218162
FI,Finland,FIMEA,Fingolimod Mylan 0.5 mg,,,28,487593,L04AE01,2025-10-15,2027-11-01,shortage,Mylan Pharmaceuticals Limited,"Lisätietoja antaa: Viatris Oy, Viatris Oy asiakasinformaatio, +358 20 720 9555, infofi@viatris.com",2026-09-21T13:18:24.537223,100129
FI,Finland,FIMEA,Sitagliptin Grindeks 100 mg,,,28,435250,A10BH01,2026-02-02,2026-12-31,shortage,Grindeks AS,"Lisätietoja antaa: Grindeks Kalceks Suomi Oy, Jari Puolakka, +358405356796, jari.puolakka@grindeks.fi",2026-09-21T13:18:24.537261,218138
FI,Finland,FIMEA,Sitagliptin/Metformin Grindeks 50 mg / 1000 mg,,,56,496573,A10BD07,2026-07-06,2026-12-31,shortage,Grindeks AS,"Lisätietoja antaa: Grindeks Kalceks Suomi Oy, Jari Puolakka, +358405356796, jari.puolakka@grindeks.fi",2026-09-21T13:18:24.537299,218154
FI,Finland,FIMEA,Desloratadin Orion 5 mg,,,100,132871,R06AX27,2026-09-28,2026-11-09,shortage,Orion Corporation,"Lisätietoja antaa: Orion Oyj, Orion Call Center, +358104398250, tuoteinformaatio@orionpharma.com",2026-09-21T13:18:24.537337,59021
FI,Finland,FIMEA,Pazopanib STADA 400 mg,,,60 x 1 (2 x 30 x 1),153250,L01EX03,2026-07-02,2026-10-31,shortage,STADA Arzneimittel AG,"Lisätietoja antaa: STADA Nordic ApS, Finnish branch, Hanna Kallio, +358405570209, hanna.kallio@stada.fi",2026-09-21T13:18:24.537375,95273
FI,Finland,FIMEA,Dexamethasone phosphate Kabi 4 mg/ml,,,50 x 1 ml,495056,H02AB02,2025-12-18,2026-10-23,shortage,Fresenius Kabi AB,"Lisätietoja antaa: Fresenius Kabi Ab, sivuliike Suomessa, Fresenius Kabi, +35894281550, asiakaspalvelu@fresenius-kabi.com",2026-09-21T13:18:24.537414,752
FI,Finland,FIMEA,Risperidon ratiopharm 25 mg,,,25 mg + 2 ml,146998,N05AX08,2024-12-04,2028-04-01,shortage,ratiopharm GmbH,"Lisätietoja antaa: Teva Finland Oy, Teva Finland Oy, +358 20 180 5900, infofinland@tevapharm.com",2026-09-21T13:18:24.537452,68268
FI,Finland,FIMEA,Risperidon ratiopharm 50 mg,,,50 mg + 2 ml,423197,N05AX08,2024-11-28,2028-04-01,shortage,ratiopharm GmbH,"Lisätietoja antaa: Teva Finland Oy, Teva Finland Oy, +358 20 180 5900, infofinland@tevapharm.com",2026-09-21T13:18:24.537489,68284
FI,Finland,FIMEA,Risperidon ratiopharm 37.5 mg,,,37.5 mg + 2 ml,173642,N05AX08,2025-07-31,2028-04-01,shortage,ratiopharm GmbH,"Lisätietoja antaa: Teva Finland Oy, Teva Finland Oy, +358201805900, info@tevafinland.fi",2026-09-21T13:18:24.537528,68276
FI,Finland,FIMEA,Fingolimod Accord 0.5 mg,,,28 x 1,063163,L04AE01,2024-05-31,2026-12-31,shortage,Accord Healthcare S.L.U.,"Lisätietoja antaa: Accord Healthcare Oy, Accord Healthcare Oy, +358 10 2314180, asiakaspalvelu@accord-healthcare.com",2026-09-21T13:18:24.537566,100129
FI,Finland,FIMEA,ZOLSKETIL pegylated liposomal 2 mg/ml,,,25 ml,113567,L01DB01,2026-06-15,2026-09-30,shortage,Accord Healthcare S.L.U.,"Lisätietoja antaa: Accord Healthcare Oy, Accord Healthcare Oy, +358 10 2314180, asiakaspalvelu@accord-healthcare.com",2026-09-21T13:18:24.537603,121711
FI,Finland,FIMEA,Eligard 45 mg,,,45 mg + 436 mg,144870,L02AE02,2026-05-05,2026-12-31,shortage,Abacus Medicine A/S,"Lisätietoja antaa: Abacus Medicine A/S, Jaisa Nykänen, +358942721465, jaisa.nykanen@abacusmedicine.com",2026-09-21T13:18:24.537641,85111
FI,Finland,FIMEA,Cinacalcet Accordpharma 30 mg,,,28,497395,H05BX01,2026-04-01,2026-12-31,shortage,Accord Healthcare S.L.U.,"Lisätietoja antaa: Accord Healthcare Oy, Accord Healthcare Oy, +358 10 2314180, asiakaspalvelu@accord-healthcare.com",2026-09-21T13:18:24.537679,77100
FI,Finland,FIMEA,Docetaxel Accord 80 mg / 4 ml,,,80 mg,430213,L01CD02,2026-05-25,2026-09-30,shortage,Accord Healthcare S.L.U.,"Lisätietoja antaa: Accord Healthcare Oy, Accord Healthcare Oy, +358 10 2314180, asiakaspalvelu@accord-healthcare.com",2026-09-21T13:18:24.537718,
FI,Finland,FIMEA,Lenalidomide Stada 20 mg,,,21 x 1,095949,L04AX04,2026-06-24,2026-09-30,shortage,STADA Arzneimittel AG,"Lisätietoja antaa: STADA Nordic ApS, Finnish branch, Hanna Kallio, +358405570209, hanna.kallio@stada.fi",2026-09-21T13:18:24.537757,125741
FI,Finland,FIMEA,Losec MUPS 20 mg,,,100 (2 x 50),395341,A02BC01,2026-07-27,2026-09-30,shortage,Orifarm Oy,"Lisätietoja antaa: Orifarm Oy, Janne Liimatta, +358 9 7746 870, suomi@orifarm.com",2026-09-21T13:18:24.537795,88811
FI,Finland,FIMEA,Sitagliptin STADA 25 mg,,,100,154854,A10BH01,2026-07-09,2026-09-30,shortage,STADA Arzneimittel AG,"Lisätietoja antaa: STADA Nordic ApS, Finnish branch, Hanna Kallio, +358405570209, hanna.kallio@stada.fi",2026-09-21T13:18:24.537833,218103
FI,Finland,FIMEA,Sitagliptin/Metformin STADA 50 mg / 850 mg,,,56,555499,A10BD07,2025-02-26,2026-09-30,shortage,STADA Arzneimittel AG,"Lisätietoja antaa: STADA Nordic ApS, Finnish branch, Hanna Kallio, +358405570209, hanna.kallio@stada.fi",2026-09-21T13:18:24.537872,218162
FI,Finland,FIMEA,Sitagliptin/Metformin STADA 50 mg / 850 mg,,,196,436187,A10BD07,2025-02-26,2026-09-30,shortage,STADA Arzneimittel AG,"Lisätietoja antaa: STADA Nordic ApS, Finnish branch, Hanna Kallio, +358405570209, hanna.kallio@stada.fi",2026-09-21T13:18:24.537910,218162
FI,Finland,FIMEA,Sitagliptin/Metformin STADA 50 mg / 1000 mg,,,196,049623,A10BD07,2026-07-15,2026-09-30,shortage,STADA Arzneimittel AG,"Lisätietoja antaa: STADA Nordic ApS, Finnish branch, Hanna Kallio, +358405570209, hanna.kallio@stada.fi",2026-09-21T13:18:24.537948,218154
FI,Finland,FIMEA,Abirateron Sandoz 500 mg,,,56,160266,L02BX03,2026-05-04,2026-10-21,shortage,Sandoz A/S,"Lisätietoja antaa: Sandoz A/S, Sandoz A/S, +358 10 6133415, drug.shortage_nordic@sandoz.com",2026-09-21T13:18:24.537986,136913
FI,Finland,FIMEA,Fesoterodine Stada 4 mg,,,84,585787,G04BD11,2026-07-31,2026-10-31,shortage,STADA Arzneimittel AG,"Lisätietoja antaa: STADA Nordic ApS, Finnish branch, Hanna Kallio, +358405570209, hanna.kallio@stada.fi",2026-09-21T13:18:24.538041,86258
FI,Finland,FIMEA,Fesoterodine Stada 8 mg,,,84,583794,G04BD11,2026-09-07,2026-10-31,shortage,STADA Arzneimittel AG,"Lisätietoja antaa: STADA Nordic ApS, Finnish branch, Hanna Kallio, +358405570209, hanna.kallio@stada.fi",2026-09-21T13:18:24.538079,86266
FI,Finland,FIMEA,Dabigatran etexilate Sandoz 110 mg,,,60,169188,B01AE07,2026-08-18,2026-12-31,shortage,Sandoz A/S,"Lisätietoja antaa: Sandoz A/S, Sandoz A/S, +358 10 6133415, drug.shortage_nordic@sandoz.com",2026-09-21T13:18:24.538116,86991
FI,Finland,FIMEA,Dabigatran etexilate Sandoz 110 mg,,,180 (3 x 60),538617,B01AE07,2026-07-03,2026-10-21,shortage,Sandoz A/S,"Lisätietoja antaa: Sandoz A/S, Ropi Heikkilä, +358 50 592 5710, ropi.heikkila@sandoz.com",2026-09-21T13:18:24.538154,86991
FI,Finland,FIMEA,Hukyndra 40 mg,,,2 x 0.4 ml,510195,L04AB04,2026-09-28,2027-01-31,shortage,STADA Arzneimittel AG,"Lisätietoja antaa: STADA Nordic ApS, Finnish branch, Hanna Kallio, +358405570209, hanna.kallio@stada.fi",2026-09-21T13:18:24.538194,129798
FI,Finland,FIMEA,Fycompa 4 mg,,,28,123725,N03AX22,2026-09-08,2026-10-30,shortage,Orifarm Oy,"Lisätietoja antaa: Orifarm Oy, Janne Liimatta, +358 9 7746 870, suomi@orifarm.com",2026-09-21T13:18:24.538234,115479
FI,Finland,FIMEA,Menopur 1200 IU,,,1.92 ml,169281,G03GA02,2025-10-28,2027-09-01,shortage,Ferring Lääkkeet Oy,"Lisätietoja antaa: Ferring Lääkkeet Oy, Tanja Kivinummi, +358207401447, tanja.kivinummi@ferring.com",2026-09-21T13:18:24.538271,
FI,Finland,FIMEA,Menopur 600 IU,,,0.96 ml,072028,G03GA02,2025-12-09,2027-09-01,shortage,Ferring Lääkkeet Oy,"Lisätietoja antaa: Ferring Lääkkeet Oy, Tanja Kivinummi, +358207401447, tanja.kivinummi@ferring.com",2026-09-21T13:18:24.538310,
FI,Finland,FIMEA,Noradrenalin Fresenius Kabi 1 mg/ml,,,10 x 4 ml,580416,C01CA03,2026-08-26,2026-10-23,shortage,Fresenius Kabi AB,"Lisätietoja antaa: Fresenius Kabi Ab, sivuliike Suomessa, Fresenius Kabi, +35894281550, asiakaspalvelu@fresenius-kabi.com",2026-09-21T13:18:24.538348,98930
FI,Finland,FIMEA,Zonegran 25 mg,,,56,060757,N03AX15,2026-08-25,2026-10-01,shortage,Paranova Oy,"Lisätietoja antaa: Paranova Oy, Sebastian Saari, +358 9 4391 850, info@paranova.fi",2026-09-21T13:18:24.538387,95281
FI,Finland,FIMEA,Mirena 20 mikrog / 24 tuntia,,,1,370212,G02BA03,2025-11-17,2026-10-31,shortage,Paranova Oy,"Lisätietoja antaa: Paranova Oy, Sebastian Saari, +358 9 4391 850, info@paranova.fi",2026-09-21T13:18:24.538428,223980
FI,Finland,FIMEA,Imatinib Accord 400 mg,,,30 x 1,139416,L01EA01,2026-08-21,2026-09-30,shortage,Orifarm Oy,"Lisätietoja antaa: Orifarm Oy, Janne Liimatta, +358 9 7746 870, suomi@orifarm.com",2026-09-21T13:18:24.538467,71307
FI,Finland,FIMEA,MAVENCLAD 10 mg,,,4,515937,L04AA40,2026-08-06,2026-09-30,shortage,Paranova Oy,"Lisätietoja antaa: Paranova Oy, Sebastian Saari, +358 9 4391 850, info@paranova.fi",2026-09-21T13:18:24.538516,149330
FI,Finland,FIMEA,Rectogesic 4 mg/g,,,30 g,466897,C05AE01,2026-04-01,2026-12-31,shortage,Abacus Medicine A/S,"Lisätietoja antaa: Abacus Medicine A/S, Jaisa Nykänen, +358942721465, jaisa.nykanen@abacusmedicine.com",2026-09-21T13:18:24.538557,
FI,Finland,FIMEA,Temozolomide Accord 140 mg,,,5 x 1,417296,L01AX03,2025-11-12,2026-12-30,shortage,Paranova Oy,"Lisätietoja antaa: Paranova Oy, Sebastian Saari, +358 9 4391 850, info@paranova.fi",2026-09-21T13:18:24.538596,84336
FI,Finland,FIMEA,Prograf 5 mg,,,50,092707,L04AD02,2026-03-23,2026-10-31,shortage,Abacus Medicine A/S,"Lisätietoja antaa: Abacus Medicine A/S, Henna Luoto, +358 9 42721465, henna.luoto@abacusmedicine.com",2026-09-21T13:18:24.538635,92398
FI,Finland,FIMEA,Tasminetta 0.03 mg / 3 mg,,,3 x 21,184908,G03AA12,2026-08-21,2026-09-30,shortage,Orifarm Oy,"Lisätietoja antaa: Orifarm Oy, Janne Liimatta, +358 9 7746 870, suomi@orifarm.com",2026-09-21T13:18:24.538674,56774
FI,Finland,FIMEA,Sitagliptin/Metformin Sandoz 50 mg / 850 mg,,,56 x 1,545296,A10BD07,2026-07-21,2027-01-31,shortage,Sandoz A/S,"Lisätietoja antaa: Sandoz A/S, Sandoz A/S, +358 10 6133415, drug.shortage_nordic@sandoz.com",2026-09-21T13:18:24.538715,218162
FI,Finland,FIMEA,Dexacur 4 mg/ml,,,3 x 1 ml,103337,H02AB02,2026-07-15,2026-12-31,shortage,Abboxia AB,"Lisätietoja antaa: Abboxia AB, 8243660, quality@frostpharma.com",2026-09-21T13:18:24.538753,752
FI,Finland,FIMEA,Tolterodin Ratiopharm 4 mg,,,98,472553,G04BD07,2025-09-18,2026-11-30,shortage,Orifarm Oy,"Lisätietoja antaa: Orifarm Oy, Janne Liimatta, +358 9 7746 870, suomi@orifarm.com",2026-09-21T13:18:24.538792,60534
FI,Finland,FIMEA,Solu-Medrol 1 g,,,1 g + 15.6 ml,180719,H02AB04,2026-07-16,2026-10-31,shortage,2care4 ApS,"Lisätietoja antaa: 2care4 ApS, filial, 2care4 ApS, filial, +358986264309, info@2care4.fi",2026-09-21T13:18:24.538832,26069
FI,Finland,FIMEA,Vemlidy 25 mg,,,30,047777,J05AF13,2026-06-03,2026-10-31,shortage,Paranova Oy,"Lisätietoja antaa: Paranova Oy, Sebastian Saari, +358 9 4391 850, info@paranova.fi",2026-09-21T13:18:24.538870,143197
FI,Finland,FIMEA,Icatibant ratiopharm 30 mg,,,3 ml,403095,B06AC02,2026-06-30,2027-01-29,shortage,Teva B.V.,"Lisätietoja antaa: Teva Finland Oy, Teva Finland Oy, +358201805900, infofinland@tevapharm.com",2026-09-21T13:18:24.538911,128635
FI,Finland,FIMEA,Omnic Ocas 0.4 mg,,,90,077113,G04CA02,2026-08-10,2026-09-30,shortage,Orifarm Oy,"Lisätietoja antaa: Orifarm Oy, Janne Liimatta, +358 9 7746 870, suomi@orifarm.com",2026-09-21T13:18:24.538951,76236
FI,Finland,FIMEA,Sunitinib Accord 50 mg,,,30,067216,L01EX01,2026-07-21,2026-09-30,shortage,Accord Healthcare S.L.U.,"Lisätietoja antaa: Accord Healthcare Oy, Accord Healthcare Oy, +358 10 2314180, asiakaspalvelu@accord-healthcare.com",2026-09-21T13:18:24.538991,214213
FI,Finland,FIMEA,Fingolimod Tillomed 0.5 mg,,,28 x 1,399149,L04AE01,2026-03-30,2026-11-01,shortage,Tillomed Pharma GmbH,"Lisätietoja antaa: FrostPharma AB, +46 8243660, quality@frostpharma.com",2026-09-21T13:18:24.539031,100129
FI,Finland,FIMEA,Alluzience 200 Speywood-yksikköä/ml,,,2 x 0.625 ml,087733,M03AX01,2026-04-01,2027-01-11,shortage,Ipsen Pharma,"Lisätietoja antaa: Galderma Nordic, Noor Alrammahi, noor.alrammahi@galderma.com",2026-09-21T13:18:24.539072,213098
FI,Finland,FIMEA,Fentanyl Sandoz 200 mikrog,,,10 x 1,037646,N02AB03,2026-08-26,2026-09-30,shortage,Sandoz A/S,"Lisätietoja antaa: Sandoz A/S, Sandoz A/S, +358 10 6133415, drug.shortage_nordic@sandoz.com",2026-09-21T13:18:24.539110,96199
FI,Finland,FIMEA,Fentanyl Sandoz 300 mikrog,,,30 x 1,402295,N02AB03,2026-08-06,2026-09-30,shortage,Sandoz A/S,"Lisätietoja antaa: Sandoz A/S, Sandoz A/S, +358 10 6133415, drug.shortage_nordic@sandoz.com",2026-09-21T13:18:24.539148,98191
FI,Finland,FIMEA,Zonegran 25 mg,,,56,445461,N03AX15,2026-07-28,2026-10-31,shortage,Abacus Medicine A/S,"Lisätietoja antaa: Abacus Medicine A/S, Jaisa Nykänen, +358942721465, jaisa.nykanen@abacusmedicine.com",2026-09-21T13:18:24.539189,95281
FI,Finland,FIMEA,Temozolomide Accord 180 mg,,,5 x 1,480705,L01AX03,2024-11-01,2026-12-31,shortage,Paranova Oy,"Lisätietoja antaa: Paranova Oy, Sebastian Saari, +358 9 4391 850, info@paranova.fi",2026-09-21T13:18:24.539227,84328
FI,Finland,FIMEA,Temozolomide Teva 250 mg,,,5,050731,L01AX03,2026-05-11,2026-11-30,shortage,Paranova Oy,"Lisätietoja antaa: Paranova Oy, Sebastian Saari, +358 9 4391 850, info@paranova.fi",2026-09-21T13:18:24.539268,52337
FI,Finland,FIMEA,Fycompa 8 mg,,,28,529403,N03AX22,2026-08-26,2026-09-30,shortage,Paranova Oy,"Lisätietoja antaa: Paranova Oy, Sebastian Saari, +358 9 4391 850, info@paranova.fi",2026-09-21T13:18:24.539307,115495
FI,Finland,FIMEA,Ansatipin 150 mg,,,30,160506,J04AB04,2026-09-01,2026-10-31,shortage,Paranova Oy,"Lisätietoja antaa: Paranova Oy, Sebastian Saari, +358 9 4391 850, info@paranova.fi",2026-09-21T13:18:24.539353,
FI,Finland,FIMEA,Pirfenidone ratiopharm 801 mg,,,84,430885,L04AX05,2026-09-23,2026-11-16,shortage,ratiopharm GmbH,"Lisätietoja antaa: Teva Finland Oy, Teva Finland Oy, +358201805900, infofinland@tevapharm.com",2026-09-21T13:18:24.539402,146773
FI,Finland,FIMEA,Mepidental 30 mg/ml,,,50 x 1.8 ml,123701,N01BB03,2026-05-21,2027-12-31,shortage,Laboratorios Inibsa S.A.,"Lisätietoja antaa: Laboratorios Inibsa, S.A., regulatory@inibsa.com",2026-09-21T13:18:24.539441,204897
FI,Finland,FIMEA,Bosentan Accord 62.5 mg,,,56,497765,C02KX01,2026-08-19,2027-02-28,shortage,Paranova Oy,"Lisätietoja antaa: Paranova Oy, Sebastian Saari, +358 9 4391 850, info@paranova.fi",2026-09-21T13:18:24.539481,67369
FI,Finland,FIMEA,Sugammadex Stada 100 mg/ml,,,10 x 5 ml,564759,V03AB35,2025-12-29,2026-12-31,shortage,STADA Arzneimittel AG,"Lisätietoja antaa: STADA Nordic ApS, Finnish branch, Hanna Kallio, +358405570209, hanna.kallio@stada.fi",2026-09-21T13:18:24.539519,87297
FI,Finland,FIMEA,Bupropion Sandoz 300 mg,,,30,184594,N06AX12,2026-01-23,2026-12-31,shortage,Sandoz A/S,"Lisätietoja antaa: Sandoz A/S, Sandoz A/S, +358 10 6133415, drug.shortage_nordic@sandoz.com",2026-09-21T13:18:24.539561,82899
FI,Finland,FIMEA,Bupropion Sandoz 300 mg,,,90,391418,N06AX12,2026-03-05,2026-12-31,shortage,Sandoz A/S,"Lisätietoja antaa: Sandoz A/S, Sandoz A/S, +358 10 6133415, drug.shortage_nordic@sandoz.com",2026-09-21T13:18:24.539600,82899
FI,Finland,FIMEA,Temozolomide Accord 100 mg,,,5 x 1,093515,L01AX03,2026-01-26,2026-11-30,shortage,Paranova Oy,"Lisätietoja antaa: Paranova Oy, Sebastian Saari, +358 9 4391 850, info@paranova.fi",2026-09-21T13:18:24.539638,52329
FI,Finland,FIMEA,Temozolomide Accord 100 mg,,,20 x 1,433028,L01AX03,2026-09-04,2026-11-30,shortage,Paranova Oy,"Lisätietoja antaa: Paranova Oy, Sebastian Saari, +358 9 4391 850, info@paranova.fi",2026-09-21T13:18:24.539677,52329
FI,Finland,FIMEA,Ikervis 1 mg/ml,,,30 x 0.3 ml,121171,S01XA18,2026-02-16,2026-10-31,shortage,Paranova Oy,"Lisätietoja antaa: Paranova Oy, Sebastian Saari, +358 9 4391 850, info@paranova.fi",2026-09-21T13:18:24.539714,216461
FI,Finland,FIMEA,Nifedipin Alternova 60 mg,,,100,512829,C08CA05,2025-11-10,2026-12-31,shortage,Paranova Oy,"Lisätietoja antaa: Paranova Oy, Sebastian Saari, +358 9 4391 850, info@paranova.fi",2026-09-21T13:18:24.539753,33707
FI,Finland,FIMEA,Efient 10 mg,,,28,491966,B01AC22,2026-09-17,2026-10-01,shortage,Paranova Oy,"Lisätietoja antaa: Paranova Oy, Sebastian Saari, +358 9 4391 850, info@paranova.fi",2026-09-21T13:18:24.539792,196894
FI,Finland,FIMEA,Valcyte 50 mg/ml,,,12 g,422679,J05AB14,2026-06-12,2026-10-31,shortage,2care4 ApS,"Lisätietoja antaa: 2care4 ApS, filial, 2care4 ApS, filial, +358986264309, info@2care4.fi",2026-09-21T13:18:24.539830,134708
FI,Finland,FIMEA,Caspofungin Tillomed 70 mg,,,70 mg,056758,J02AX04,2025-06-10,2026-12-31,shortage,Tillomed Pharma GmbH,"Lisätietoja antaa: FrostPharma AB, +46 8243660, quality@frostpharma.com",2026-09-21T13:18:24.539869,70319
FI,Finland,FIMEA,Caspofungin Tillomed 50 mg,,,50 mg,443962,J02AX04,2025-03-26,2026-12-31,shortage,Tillomed Pharma GmbH,"Lisätietoja antaa: FrostPharma AB, quality@frostpharma.com",2026-09-21T13:18:24.539907,70300
FI,Finland,FIMEA,Simponi 50 mg,,,50 mg,591864,L04AB06,2026-09-25,2026-11-30,shortage,Paranova Oy,"Lisätietoja antaa: Paranova Oy, Sebastian Saari, +358 9 4391 850, info@paranova.fi",2026-09-21T13:18:24.539945,105406
FI,Finland,FIMEA,Meropenem Kalceks 500 mg,,,10 x 500 mg,141007,J01DH02,2026-05-04,2026-12-31,shortage,AS Kalceks,"Lisätietoja antaa: Grindeks Kalceks Suomi Oy, Jari Puolakka, +358405356796, jari.puolakka@grindeks.fi",2026-09-21T13:18:24.539985,94811
FI,Finland,FIMEA,Meropenem Kalceks 1 g,,,10 x 1 g,092277,J01DH02,2026-05-04,2026-12-31,shortage,AS Kalceks,"Lisätietoja antaa: Grindeks Kalceks Suomi Oy, Jari Puolakka, +358405356796, jari.puolakka@grindeks.fi",2026-09-21T13:18:24.540023,94838
FI,Finland,FIMEA,Pamorelin 22.5 mg,,,22.5 mg + 2 ml,425326,L02AE04,2024-02-01,2026-10-30,shortage,Paranova Oy,"Lisätietoja antaa: Paranova Oy, Sebastian Saari, +358 9 4391 850, info@paranova.fi",2026-09-21T13:18:24.540059,91820
FI,Finland,FIMEA,Calciumgluconat B. Braun 100 mg/ml,,,20 x 10 ml,168835,B05BB01,2026-03-05,2026-10-31,shortage,2care4 ApS,"Lisätietoja antaa: 2care4 ApS, filial, 2care4 ApS, filial, +358986264309, info@2care4.fi",2026-09-21T13:18:24.540097,
FI,Finland,FIMEA,Bupropion Accord 150 mg,,,90,446767,N06AX12,2025-02-11,2026-12-31,shortage,Accord Healthcare B.V.,"Lisätietoja antaa: Accord Healthcare Oy, Accord Healthcare Oy, +358 10 2314180, asiakaspalvelu@accord-healthcare.com",2026-09-21T13:18:24.540145,
FI,Finland,FIMEA,Bupropion Accord 150 mg,,,30,460625,N06AX12,2025-02-25,2026-12-31,shortage,Accord Healthcare B.V.,"Lisätietoja antaa: Accord Healthcare Oy, Accord Healthcare Oy, +358 10 2314180, asiakaspalvelu@accord-healthcare.com",2026-09-21T13:18:24.540184,82872
FI,Finland,FIMEA,Teriflunomide Sandoz 14 mg,,,28,037083,L04AK02,2026-07-10,2026-10-21,shortage,Sandoz A/S,"Lisätietoja antaa: Sandoz A/S, Ropi Heikkilä, +358 50 592 5710, ropi.heikkila@sandoz.com",2026-09-21T13:18:24.540223,117838
FI,Finland,FIMEA,Desmopressin Sandoz 240 mikrog,,,30,416337,H01BA02,2026-06-04,2026-12-31,shortage,Sandoz A/S,"Lisätietoja antaa: Sandoz A/S, Sandoz A/S, +358 10 6133415, drug.shortage_nordic@sandoz.com",2026-09-21T13:18:24.540262,225428
FI,Finland,FIMEA,Calcium folinate Kalceks 10 mg/ml,,,10 x 30 ml,404943,V03AF03,2026-06-17,2026-10-12,shortage,Kalceks AS,"Lisätietoja antaa: Grindeks Kalceks Suomi Oy, Jari Puolakka, +358405356796, jari.puolakka@grindeks.fi",2026-09-21T13:18:24.540304,48852
FI,Finland,FIMEA,Dexfarm 5 mg,,,30,470662,N06BA02,2026-05-15,2026-10-15,shortage,Orifarm Healthcare A/S,"Lisätietoja antaa: Orifarm Healthcare Oy, Anna-Leena Haikkola, +35897746870, suomi@orifarm.com",2026-09-21T13:18:24.540343,106534
FI,Finland,FIMEA,Hyrimoz 80 mg,,,0.8 ml,503558,L04AB04,2026-09-09,2026-10-07,shortage,Sandoz GmbH,"Lisätietoja antaa: Sandoz A/S, Sandoz A/S, +358 10 6133415, drug.shortage_nordic@sandoz.com",2026-09-21T13:18:24.540381,
FI,Finland,FIMEA,Moxalole,,,50,519621,A06AD65,2026-08-18,2026-11-30,shortage,Paranova Oy,"Lisätietoja antaa: Paranova Oy, Sebastian Saari, +358 9 4391 850, info@paranova.fi",2026-09-21T13:18:24.540424,46949
FI,Finland,FIMEA,Loperamide Grindeks 2 mg,,,20,444336,A07DA03,2026-07-27,2026-10-12,shortage,Grindeks AS,"Lisätietoja antaa: Grindeks Kalceks Suomi Oy, Jari Puolakka, +358405356796, jari.puolakka@grindeks.fi",2026-09-21T13:18:24.540465,3212
FI,Finland,FIMEA,Pantoprazole Kalceks 40 mg,,,40 mg,517777,A02BC02,2026-07-06,2026-12-31,shortage,AS Kalceks,"Lisätietoja antaa: Grindeks Kalceks Suomi Oy, Jari Puolakka, +358405356796, jari.puolakka@grindeks.fi",2026-09-21T13:18:24.540507,43044
FI,Finland,FIMEA,Dimethyl fumarate STADA 240 mg,,,56 x 1,077493,L04AX07,2026-07-06,2027-02-28,shortage,STADA Arzneimittel AG,"Lisätietoja antaa: STADA Nordic ApS, Finnish branch, Hanna Kallio, +358405570209, hanna.kallio@stada.fi",2026-09-21T13:18:24.540546,108448
FI,Finland,FIMEA,Dimethyl fumarate STADA 120 mg,,,14 x 1,491796,L04AX07,2026-04-21,2026-12-31,shortage,STADA Arzneimittel AG,"Lisätietoja antaa: STADA Nordic ApS, Finnish branch, Hanna Kallio, +358405570209, hanna.kallio@stada.fi",2026-09-21T13:18:24.540588,92967
FI,Finland,FIMEA,Xylamidor 20 mg/ml,,,25 ml,186609,N05CM92,2026-08-21,2026-12-31,shortage,VetViva Richter GmbH,"Lisätietoja antaa: Vetcare Oy, Anna Hietikko, +358400114783, anna.hietikko@vetcare.fi",2026-09-21T13:18:24.540626,
FI,Finland,FIMEA,Desmopressin STADA 60 mikrog,,,30,448525,H01BA02,2026-06-01,2026-11-30,shortage,STADA Arzneimittel AG,"Lisätietoja antaa: STADA Nordic ApS, Finnish branch, Hanna Kallio, +358405570209, hanna.kallio@stada.fi",2026-09-21T13:18:24.540664,
FI,Finland,FIMEA,AdTab 56 mg,,,3,562004,P53BE04,2026-08-21,2026-12-04,shortage,Elanco GmbH,"Lisätietoja antaa: Elanco, Ida Bisgaard Worm, +45 50 52 76 13, ida.worm@elancoah.com",2026-09-21T13:18:24.540702,
FI,Finland,FIMEA,Atorvastatin ratiopharm 40 mg,,,100,379348,C10AA05,2026-09-17,2026-12-31,shortage,Teva B.V.,"Lisätietoja antaa: Teva Finland Oy, Teva Finland Oy, +358201805900, infofinland@tevapharm.com",2026-09-21T13:18:24.540740,98620
FI,Finland,FIMEA,Varenicline ratiopharm 1 mg,,,56,386967,N07BA03,2026-04-14,2026-10-23,shortage,Teva B.V.,"Lisätietoja antaa: Teva Finland Oy, Teva Finland Oy, +358201805900, infofinland@tevapharm.com",2026-09-21T13:18:24.540778,230073
FI,Finland,FIMEA,Bosutinib STADA 400 mg,,,28,409831,L01EA04,2025-05-06,2026-09-30,shortage,STADA Arzneimittel AG,"Lisätietoja antaa: STADA Nordic ApS, Finnish branch, Hanna Kallio, +358405570209, hanna.kallio@stada.fi",2026-09-21T13:18:24.540816,151041
FI,Finland,FIMEA,Opsumit 10 mg,,,30,513548,C02KX04,2026-02-09,2026-12-31,shortage,Abacus Medicine A/S,"Lisätietoja antaa: Abacus Medicine A/S, Henna Luoto, +358 9 42721465, henna.luoto@abacusmedicine.com",2026-09-21T13:18:24.540855,115452
FI,Finland,FIMEA,Sunosi 150 mg,,,28,051555,N06BA14,2026-09-04,2026-10-31,shortage,Paranova Oy,"Lisätietoja antaa: Paranova Oy, Sebastian Saari, +358 9 4391 850, info@paranova.fi",2026-09-21T13:18:24.540893,224731
FI,Finland,FIMEA,Abilify Maintena 960 mg,,,960 mg,372290,N05AX12,2026-07-10,2026-09-30,shortage,Paranova Oy,"Lisätietoja antaa: Paranova Oy, Sebastian Saari, +358 9 4391 850, info@paranova.fi",2026-09-21T13:18:24.540931,229210
FI,Finland,FIMEA,Solu-Medrol 1 g,,,1 g + 15.6 ml,505431,H02AB04,2026-06-08,2026-10-09,shortage,Abacus Medicine A/S,"Lisätietoja antaa: Abacus Medicine A/S, Jaisa Nykänen, +358942721465, jaisa.nykanen@abacusmedicine.com",2026-09-21T13:18:24.540969,26069
FI,Finland,FIMEA,Ontozry 25 mg + 12.5 mg,,,14 (25 mg) + 14 (12.5 mg),512933,N03AX25,2026-07-31,2026-12-31,shortage,Abacus Medicine A/S,"Lisätietoja antaa: Abacus Medicine A/S, Jaisa Nykänen, +358942721465, jaisa.nykanen@abacusmedicine.com",2026-09-21T13:18:24.541008,
FI,Finland,FIMEA,Solu-Medrol 500 mg,,,500 mg + 7.8 ml,377140,H02AB04,2026-08-17,2026-10-15,shortage,Abacus Medicine A/S,"Lisätietoja antaa: Abacus Medicine A/S, Jaisa Nykänen, +358942721465, jaisa.nykanen@abacusmedicine.com",2026-09-21T13:18:24.541046,26050
FI,Finland,FIMEA,Evrenzo 20 mg,,,12 x 1,516176,B03XA05,2026-07-03,2026-09-30,shortage,Paranova Oy,"Lisätietoja antaa: Paranova Oy, Sebastian Saari, +358 9 4391 850, info@paranova.fi",2026-09-21T13:18:24.541085,210986
FI,Finland,FIMEA,Ontozry 100 mg,,,28,436419,N03AX25,2026-07-31,2026-12-31,shortage,Abacus Medicine A/S,"Lisätietoja antaa: Abacus Medicine A/S, Jaisa Nykänen, +358942721465, jaisa.nykanen@abacusmedicine.com",2026-09-21T13:18:24.541124,214728
FI,Finland,FIMEA,Zyprexa 10 mg,,,10 mg,435285,N05AH03,2026-02-11,2026-09-30,shortage,Orifarm Oy,"Lisätietoja antaa: Orifarm Oy, Janne Liimatta, +358 9 7746 870, suomi@orifarm.com",2026-09-21T13:18:24.541162,45578
FI,Finland,FIMEA,Omvoh 300 mg,,,300 mg,519830,L04AC24,2026-06-30,2026-12-31,shortage,Abacus Medicine A/S,"Lisätietoja antaa: Abacus Medicine A/S, Jaisa Nykänen, +358942721465, jaisa.nykanen@abacusmedicine.com",2026-09-21T13:18:24.541201,223603
FI,Finland,FIMEA,Omvoh 100 mg,,,2 x 1 ml,549387,L04AC24,2026-07-31,2026-12-31,shortage,Abacus Medicine A/S,"Lisätietoja antaa: Abacus Medicine A/S, Jaisa Nykänen, +358942721465, jaisa.nykanen@abacusmedicine.com",2026-09-21T13:18:24.541239,225533
FI,Finland,FIMEA,Aranesp 300 mikrog,,,0.6 ml,088686,B03XA02,2026-09-09,2026-10-31,shortage,Paranova Oy,"Lisätietoja antaa: Paranova Oy, Sebastian Saari, +358 9 4391 850, info@paranova.fi",2026-09-21T13:18:24.541278,67342
FI,Finland,FIMEA,Kadcyla 160 mg,,,1,176178,L01FD03,2026-01-07,2026-10-31,shortage,2care4 ApS,"Lisätietoja antaa: 2care4 ApS, filial, 2care4 ApS, filial, +358986264309, info@2care4.fi",2026-09-21T13:18:24.541316,108731
FI,Finland,FIMEA,Kyprolis 10 mg,,,10 mg,064002,L01XG02,2026-06-17,2026-10-31,shortage,2care4 ApS,"Lisätietoja antaa: 2care4 ApS, filial, 2care4 ApS, filial, +358986264309, info@2care4.fi",2026-09-21T13:18:24.541354,134902
FI,Finland,FIMEA,Ritonavir Viatris 100 mg,,,30,436002,J05AE03,2026-02-05,2026-11-30,shortage,2care4 ApS,"Lisätietoja antaa: 2care4 ApS, filial, 2care4 ApS, filial, +358986264309, info@2care4.fi",2026-09-21T13:18:24.541393,45128
FI,Finland,FIMEA,Cellcept 1 g / 5 ml,,,35 g,393099,L04AA06,2025-11-07,2026-09-30,shortage,Paranova Oy,"Lisätietoja antaa: Paranova oy, Sebastian Saari, +35894391850, info@paranova.fi",2026-09-21T13:18:24.541434,53015
FI,Finland,FIMEA,Opsumit 10 mg,,,30,192904,C02KX04,2025-08-29,2026-10-30,shortage,Paranova Oy,"Lisätietoja antaa: Paranova Oy, Sebastian Saari, +358 9 4391 850, info@paranova.fi",2026-09-21T13:18:24.541472,115452
FI,Finland,FIMEA,Apretude 600 mg,,,3 ml,598566,J05AJ04,2026-08-01,2026-12-31,shortage,ViiV Healthcare BV,"Lisätietoja antaa: GlaxoSmithKline Oy, Anu Aallos, +358 10 30 30 30, Anu.n.aallos@gsk.com",2026-09-21T13:18:24.541510,209805
FI,Finland,FIMEA,Fycompa 10 mg,,,28,393786,N03AX22,2026-08-04,2026-10-30,shortage,Orifarm Oy,"Lisätietoja antaa: Orifarm Oy, Janne Liimatta, +358 9 7746 870, suomi@orifarm.com",2026-09-21T13:18:24.541547,115509
FI,Finland,FIMEA,Fycompa 8 mg,,,28,151956,N03AX22,2026-07-31,2026-10-30,shortage,Orifarm Oy,"Lisätietoja antaa: Orifarm Oy, Janne Liimatta, +358 9 7746 870, suomi@orifarm.com",2026-09-21T13:18:24.541585,115495
FI,Finland,FIMEA,Plerixafor Accord 20 mg/ml,,,1.2 ml,192364,L03AX16,2026-04-22,2026-11-30,shortage,Accord Healthcare S.L.U.,"Lisätietoja antaa: Accord Healthcare Oy, Accord Healthcare Oy, +358 10 2314180, asiakaspalvelu@accord-healthcare.com",2026-09-21T13:18:24.541624,131156
FI,Finland,FIMEA,Tiotropium STADA 18 mikrog,,,30,196862,R03BB04,2026-08-31,2026-09-30,shortage,STADA Arzneimittel AG,"Lisätietoja antaa: STADA Nordic ApS, Finnish branch, Hanna Kallio, +358405570209, hanna.kallio@stada.fi",2026-09-21T13:18:24.541662,59919
FI,Finland,FIMEA,Tiotropium STADA 18 mikrog,,,90,171628,R03BB04,2026-08-31,2026-09-30,shortage,STADA Arzneimittel AG,"Lisätietoja antaa: STADA Nordic ApS, Finnish branch, Hanna Kallio, +358405570209, hanna.kallio@stada.fi",2026-09-21T13:18:24.541699,
FI,Finland,FIMEA,Tiotropium STADA 18 mikrog,,,30,551292,R03BB04,2026-08-31,2026-09-30,shortage,STADA Arzneimittel AG,"Lisätietoja antaa: STADA Nordic ApS, Finnish branch, Hanna Kallio, +358405570209, hanna.kallio@stada.fi",2026-09-21T13:18:24.541737,59919
FI,Finland,FIMEA,Dabigatran etexilate STADA Nordic 110 mg,,,180 (3 x 60 x 1),457173,B01AE07,2026-08-14,2026-12-31,shortage,STADA Nordic ApS,"Lisätietoja antaa: STADA Nordic ApS, Finnish branch, Hanna Kallio, +358405570209, hanna.kallio@stada.fi",2026-09-21T13:18:24.541776,86991
FI,Finland,FIMEA,Memantine ratiopharm GmbH 10 mg,,,100,594661,N06DX01,2026-08-12,2026-11-23,shortage,ratiopharm GmbH,"Lisätietoja antaa: Teva Finland Oy, Teva Finland Oy, +358201805900, infofinland@tevapharm.com",2026-09-21T13:18:24.541815,66818
FI,Finland,FIMEA,Opsumit 10 mg,,,30,399035,C02KX04,2026-07-30,2026-09-30,shortage,Orifarm Oy,"Lisätietoja antaa: Orifarm Oy, Janne Liimatta, +358 9 7746 870, suomi@orifarm.com",2026-09-21T13:18:24.541855,115452
FI,Finland,FIMEA,Eribulin Advanz Pharma 0.44 mg/ml,,,2 ml,376617,L01XX41,2026-08-14,2026-10-31,shortage,Advanz Pharma Limited,"Lisätietoja antaa: ADVANZ PHARMA LIMITED, +358 800 416231, medicalinformation@advanzpharma.com",2026-09-21T13:18:24.541895,98809
FI,Finland,FIMEA,Venlafaxin Sandoz 75 mg,,,30,471845,N06AX16,2026-08-18,2026-09-30,shortage,Sandoz A/S,"Lisätietoja antaa: Sandoz A/S, Sandoz A/S, +358 10 6133415, drug.shortage_nordic@sandoz.com",2026-09-21T13:18:24.541934,47511
FI,Finland,FIMEA,Desmopressin ratiopharm 240 mikrog,,,30,558487,H01BA02,2026-09-18,2026-09-30,shortage,Teva B.V.,"Lisätietoja antaa: Teva Finland Oy, Teva Finland Oy, +358 20 180 5900, infofinland@tevapharm.com",2026-09-21T13:18:24.541973,225428
FI,Finland,FIMEA,Mirtazapin Sandoz 45 mg,,,250,511819,N06AX11,2026-07-21,2026-12-29,shortage,Sandoz A/S,"Lisätietoja antaa: Sandoz A/S, Sandoz A/S, +358 10 6133415, drug.shortage_nordic@sandoz.com",2026-09-21T13:18:24.542011,43370
FI,Finland,FIMEA,Pedippi 2 mg/ml,,,47 g,038998,A02BC01,2025-03-01,2027-03-01,shortage,Oresund Pharma ApS (Øresund Pharma),"Lisätietoja antaa: Oresund Pharma, Julie Lindberg-Levin, jl@oresundpharma.com",2026-09-21T13:18:24.542050,104558
FI,Finland,FIMEA,Carbidopa/Levodopa Orifarm 12.5 mg / 50 mg,,,100,567227,N04BA02,2026-08-14,2026-09-30,shortage,Orifarm Healthcare A/S,"Lisätietoja antaa: Orifarm Healthcare Oy, Anna-Leena Haikkola, +35897746870, suomi@orifarm.com",2026-09-21T13:18:24.542089,25186
FI,Finland,FIMEA,Timosan 1 mg/g,,,90 x 0.4 g,154076,S01ED01,2026-05-27,2026-10-16,shortage,Orifarm Oy,"Lisätietoja antaa: Orifarm Oy, Janne Liimatta, +358 9 7746 870, suomi@orifarm.com",2026-09-21T13:18:24.542127,90573
FI,Finland,FIMEA,Candesartan STADA 16 mg,,,100,045800,C09CA06,2026-08-21,2026-10-21,shortage,STADA Arzneimittel AG,"Lisätietoja antaa: STADA Nordic ApS, Finnish branch, Hanna Kallio, +358405570209, hanna.kallio@stada.fi",2026-09-21T13:18:24.542166,48410
FI,Finland,FIMEA,Tadalafil STADA Nordic 20 mg,,,12 x 1,110966,G04BE08,2026-09-25,2026-11-30,shortage,STADA Nordic ApS,"Lisätietoja antaa: STADA Nordic ApS, Finnish branch, Hanna Kallio, +358405570209, hanna.kallio@stada.fi",2026-09-21T13:18:24.542203,68241
FI,Finland,FIMEA,Tadalafil STADA Nordic 5 mg,,,84 x 1,121142,G04BE08,2026-07-22,2026-09-30,shortage,STADA Nordic ApS,"Lisätietoja antaa: STADA Nordic ApS, Finnish branch, Hanna Kallio, +358405570209, hanna.kallio@stada.fi",2026-09-21T13:18:24.542240,86274
FI,Finland,FIMEA,Nintedanib Zentiva 100 mg,,,60 x 1,585903,L01EX09,2026-06-08,2026-10-01,shortage,Zentiva k.s.,"Lisätietoja antaa: Tamro Oyj, Liisa Itkonen, +358 20 44  54 100, pharmaceutical.services.finland@tamro.com",2026-09-21T13:18:24.542276,127310
FI,Finland,FIMEA,Nintedanib Zentiva 150 mg,,,60 x 1,555279,L01EX09,2026-06-08,2026-10-01,shortage,Zentiva k.s.,"Lisätietoja antaa: Tamro Oyj, Liisa Itkonen, +358 20 44  54 100, pharmaceutical.services.finland@tamro.com",2026-09-21T13:18:24.542312,127329
FI,Finland,FIMEA,Nintedanib STADA 100 mg,,,60 x 1,516380,L01EX09,2026-08-18,2026-09-30,shortage,STADA Arzneimittel AG,"Lisätietoja antaa: STADA Nordic ApS, Finnish branch, Hanna Kallio, +358405570209, hanna.kallio@stada.fi",2026-09-21T13:18:24.542349,
FI,Finland,FIMEA,Heparin Leo 5000 IU/ml,,,10 x 5 ml,065935,B01AB01,2026-04-22,2026-09-30,shortage,2care4 ApS,"Lisätietoja antaa: 2care4 ApS, filial, 2care4 ApS, filial, +358986264309, info@2care4.fi",2026-09-21T13:18:24.542390,5614
FI,Finland,FIMEA,Empressin 40 IU / 2 ml,,,10 x 2 ml,557450,H01BA01,2026-04-16,2026-10-30,shortage,Orifarm Oy,"Lisätietoja antaa: Orifarm Oy, Janne Liimatta, +358 9 7746 870, suomi@orifarm.com",2026-09-21T13:18:24.542427,159093
FI,Finland,FIMEA,Oncovin 1 mg/ml,,,1 ml,528716,L01CA02,2025-09-12,2026-10-31,shortage,Orifarm Oy,"Lisätietoja antaa: Orifarm Oy, Janne Liimatta, +358 9 7746 870, suomi@orifarm.com",2026-09-21T13:18:24.542463,24120
FI,Finland,FIMEA,Solu-Medrol 500 mg,,,500 mg + 7.8 ml,442364,H02AB04,2026-05-06,2026-10-31,shortage,2care4 ApS,"Lisätietoja antaa: 2care4 ApS, filial, 2care4 ApS, filial, +358986264309, info@2care4.fi",2026-09-21T13:18:24.542500,26050
FI,Finland,FIMEA,Cotrim Forte 160 mg / 800 mg,,,20,101744,J01EE01,2026-02-19,2026-12-31,shortage,Paranova Oy,"Lisätietoja antaa: Paranova Oy, Sebastian Saari, +358 9 4391 850, info@paranova.fi",2026-09-21T13:18:24.542538,7471
FI,Finland,FIMEA,Fentanyl 50 mikrog/ml,,,5 x 2 ml,571031,N01AH01,2025-06-03,2026-12-31,shortage,Piramal Critical Care B.V.,"Lisätietoja antaa: Nordic Drugs, Jukka Stubb, +358 10 231 1040, info@nordicdrugs.fi",2026-09-21T13:18:24.542577,5150
FI,Finland,FIMEA,Plavix 75 mg,,,100,020847,B01AC04,2026-09-24,2026-10-06,shortage,Sanofi Winthrop Industrie,"Lisätietoja antaa: Sanofi Oy, Oili Vitie, +358201200300, regulatory.finland@sanofi.com",2026-09-21T13:18:24.542615,124559
FI,Finland,FIMEA,Zumenon 2 mg,,,3 x 28,524470,G03CA03,2026-09-09,2026-12-08,shortage,Exeltis Healthcare S.L.,"Lisätietoja antaa: Exeltis Sverige AB, +46 8 586 335 10, nordics@exeltis.com",2026-09-21T13:18:24.542653,30325
FI,Finland,FIMEA,Aggrastat 50 mikrog/ml,,,250 ml,004450,B01AC17,2026-01-26,2026-12-31,shortage,Advanz Pharma Limited,"Lisätietoja antaa: Abcur AB, +358 800 416231, medicalinformation@advanzpharma.com",2026-09-21T13:18:24.542689,58742
FI,Finland,FIMEA,Herpolips 50 mg/g,,,2 g,550863,D06BB03,2026-07-16,2026-12-31,shortage,STADA Arzneimittel AG,"Lisätietoja antaa: STADA Nordic ApS, Finnish branch, Hanna Kallio, +358405570209, hanna.kallio@stada.fi",2026-09-21T13:18:24.542736,23094
FI,Finland,FIMEA,Efexor Depot 150 mg,,,98,438457,N06AX16,2026-09-06,2026-12-10,shortage,Viatris Healthcare Limited,"Lisätietoja antaa: Viatris Oy, Viatris Oy:n asiakasinformaatio, +358207209555, infofi@viatris.com",2026-09-21T13:18:24.542772,47538
FI,Finland,FIMEA,Halocur 0.5 mg/ml,,,490 ml,504423,P51AX08,2026-07-20,2026-10-22,shortage,Intervet International B.V.,"Lisätietoja antaa: MSD Animal Health Oy, Susanna Ketola, +358 50 4483389, susanna.ketola@msd.com",2026-09-21T13:18:24.542825,
FI,Finland,FIMEA,Estrena 1 mg/g,,,50 g,007215,G03CA03,2026-09-08,2026-09-30,shortage,Theramex Ireland Limited,"Lisätietoja antaa: Theramex Ireland Limited, Ewelina Stajak, +48693908578, ewelina.stajak@theramex.com",2026-09-21T13:18:24.542865,
FI,Finland,FIMEA,Doxitin 100 mg,,,10,532259,J01AA02,2026-09-14,2026-11-30,shortage,Vitabalans Oy,"Lisätietoja antaa: Vitabalans Oy, Jari Kovalainen, +358 50 047 6321, jari.kovalainen@vitabalans.fi",2026-09-21T13:18:24.542902,68438
FI,Finland,FIMEA,Doxitin 100 mg,,,8,180190,J01AA02,2026-09-14,2026-11-30,shortage,Vitabalans Oy,"Lisätietoja antaa: Vitabalans Oy, Jari Kovalainen, +358 50 047 6321, jari.kovalainen@vitabalans.fi",2026-09-21T13:18:24.542952,68438
FI,Finland,FIMEA,Doxitin 100 mg,,,50,180182,J01AA02,2026-09-14,2026-11-30,shortage,Vitabalans Oy,"Lisätietoja antaa: Vitabalans Oy, Jari Kovalainen, +358 50 047 6321, jari.kovalainen@vitabalans.fi",2026-09-21T13:18:24.542990,68438
FI,Finland,FIMEA,Doxitin 150 mg,,,10,454900,J01AA02,2026-09-14,2026-11-30,shortage,Vitabalans Oy,"Lisätietoja antaa: Vitabalans Oy, Jari Kovalainen, +358 50 047 6321, jari.kovalainen@vitabalans.fi",2026-09-21T13:18:24.543027,
FI,Finland,FIMEA,Doxitin 150 mg,,,8,181230,J01AA02,2026-09-14,2026-11-30,shortage,Vitabalans Oy,"Lisätietoja antaa: Vitabalans Oy, Jari Kovalainen, +358 50 047 6321, jari.kovalainen@vitabalans.fi",2026-09-21T13:18:24.543063,
FI,Finland,FIMEA,VIAGRA 100 mg,,,12,520379,G04BE03,2026-06-30,2026-12-01,shortage,Upjohn EESV,"Lisätietoja antaa: Viatris Oy, Viatris Oy asiakasinformaatio, +358 20 720 9555, infofi@viatris.com",2026-09-21T13:18:24.543105,51098
FI,Finland,FIMEA,Equip F vet.,,,10 x 2 ml,069975,I05AA01,2026-08-06,2026-10-31,shortage,Zoetis Animal Health ApS,"Lisätietoja antaa: Zoetis Finland Oy, Tiina Ojala, +358 45 78853211, tiina.ojala@zoetis.com",2026-09-21T13:18:24.543149,
FI,Finland,FIMEA,Bezalip 400 mg,,,100,000052,C10AB02,2026-01-19,2026-09-30,shortage,Paranova Oy,"Lisätietoja antaa: Paranova Oy, Sebastian Saari, +358 9 4391 850, info@paranova.fi",2026-09-21T13:18:24.543185,43435
FI,Finland,FIMEA,Nicotinell Mint 1 mg,,,12,055376,N07BA01,2026-09-15,2026-11-12,shortage,Dr. Reddy's Netherlands B.V.,"Lisätietoja antaa: Dr. Reddy's Danmark Aps, Louisa Djebbar, +4524989282, louisa.djebbar@drreddys.com",2026-09-21T13:18:24.543225,125482
FI,Finland,FIMEA,Enalapril comp ratiopharm 20 mg / 12.5 mg,,,100,034124,C09BA02,2026-09-30,2026-10-15,shortage,ratiopharm GmbH,"Lisätietoja antaa: Teva Finland Oy, Teva Finland Oy, +358201805900, infofinland@tevapharm.com",2026-09-21T13:18:24.543264,26387
FI,Finland,FIMEA,Visudyne 15 mg,,,15 mg,002616,S01LA01,2024-12-19,2026-12-31,shortage,Cheplapharm Arzneimittel GmbH,"Lisätietoja antaa: CHEPLAPHARM Arzneimittel GmbH, Eva Agren, +70 971 8764, eva.agren@advanzpharma.com",2026-09-21T13:18:24.543304,58963
FI,Finland,FIMEA,Gefina 5 mg,,,30,000599,G04CB01,2026-05-04,2026-11-04,shortage,Hexal A/S,"Lisätietoja antaa: Sandoz A/S, Sandoz A/S, +358 10 6133415, drug.shortage_nordic@sandoz.com",2026-09-21T13:18:24.543346,34975
FI,Finland,FIMEA,Gefina 5 mg,,,100,000616,G04CB01,2026-04-17,2026-09-30,shortage,Hexal A/S,"Lisätietoja antaa: Sandoz A/S, Sandoz A/S, +358 10 6133415, drug.shortage_nordic@sandoz.com",2026-09-21T13:18:24.543382,34975
FI,Finland,FIMEA,Celebra 100 mg,,,100,390971,M01AH01,2026-01-05,2026-12-31,shortage,Viatris Healthcare Limited,"Lisätietoja antaa: Viatris Oy, Viatris Oy asiakasinformaatio, +358 20 720 9555, infofi@viatris.com",2026-09-21T13:18:24.543420,58998
FI,Finland,FIMEA,Enalapril-Ratiopharm 20 mg,,,30,000108,C09AA02,2026-09-18,2026-10-05,shortage,ratiopharm GmbH,"Lisätietoja antaa: Teva Finland Oy, Teva Finland Oy, +358201805900, infofinland@tevapharm.com",2026-09-21T13:18:24.543457,
FI,Finland,FIMEA,Enalapril-Ratiopharm 10 mg,,,100,000051,C09AA02,2026-09-07,2026-09-28,shortage,ratiopharm GmbH,"Lisätietoja antaa: Teva Finland Oy, Teva Finland Oy, +358201805900, infofinland@tevapharm.com",2026-09-21T13:18:24.543496,
FI,Finland,FIMEA,Viscotears 2 mg/g,,,30 x 0.6 ml,464110,S01XA20,2026-09-04,2027-02-15,shortage,Dr. Gerhard Mann Chem.-pharm. Fabrik GmbH,Lisätietoja antaa: Tamro,2026-09-21T13:18:24.543543,76899
FI,Finland,FIMEA,Desferal 500 mg,,,10 x 500 mg,189175,V03AC01,2026-05-13,2028-01-31,shortage,Mitem Pharma,"Lisätietoja antaa: Mitem Pharma, +33176507733, contact@mitempharma.com",2026-09-21T13:18:24.543583,795
FI,Finland,FIMEA,Locacorten-Vioform 0.2 mg/ml + 10 mg/ml,,,7.5 ml,175398,S02CA02,2026-09-30,2027-03-31,shortage,Amdipharm Limited,"Lisätietoja antaa: AMDIPHARM LIMITED, +358 800 416231, medicalinformation@advanzpharma.com",2026-09-21T13:18:24.543633,6041
FI,Finland,FIMEA,Caelyx Pegylated Liposomal 2 mg/ml,,,25 ml,188058,L01DB01,2026-05-30,2026-12-31,shortage,Baxter Holding B.V.,"Lisätietoja antaa: Baxter Oy, Katriina Itäaho, +358405679926, katriina_itaaho@baxter.com",2026-09-21T13:18:24.543670,121711
FI,Finland,FIMEA,Pimafucort,,,30 g,032654,D07CA01,2026-05-14,2028-01-01,shortage,Leo Pharma A/S,"Lisätietoja antaa: LEO Pharma Oy, Emil Holmström, +358407552967, EMHOM@leo-pharma.com",2026-09-21T13:18:24.543711,
FI,Finland,FIMEA,Marzine 50 mg,,,5,381524,R06AE03,2025-10-01,2027-02-01,shortage,Cooper Consumer Health B.V.,"Lisätietoja antaa: Oy Conaxess Trade Finland Ab, Jarno Helenius, +358 40 646 3277, pharma.fi@conaxesstrade.com",2026-09-21T13:18:24.543749,22683
FI,Finland,FIMEA,Miochol-E 10 mg/ml,,,2 ml,019235,S01EB09,2026-05-15,2026-10-15,shortage,Dr. Gerhard Mann Chem.-Pharm. Fabrik GmbH,"Lisätietoja antaa: Bausch & Lomb Nordic AB, 004686169500, nordic.regaffairs@bausch.com",2026-09-21T13:18:24.543787,23930
FI,Finland,FIMEA,Sufenta 5 mikrog/ml,,,5 x 2 ml,130441,N01AH03,2025-06-03,2026-12-31,shortage,Piramal Critical Care B.V.,"Lisätietoja antaa: Nordic Drugs, Jukka Stubb, +358 10 231 1040, info@nordicdrugs.fi",2026-09-21T13:18:24.543825,18007
FI,Finland,FIMEA,Citanest Dental Octapressin 30 mg/ml + 0.54 mikrog/ml,,,100 x 1.8 ml,009942,N01BB54,2026-08-27,2026-10-30,shortage,DENTSPLY DeTrey GmbH,"Lisätietoja antaa: DENTSPLY DETREY GMBH / Dentsply Siron, Martin Lindgren, +46733761227, martin.lindgren@dentsplysirona.com",2026-09-21T13:18:24.543863,61603
FI,Finland,FIMEA,Gastrografin 100 mg/ml / 660 mg/ml,,,100 ml,027102,V08AA01,2026-02-17,2027-12-31,shortage,Bayer Oy,"Lisätietoja antaa: Bayer Oy, Bayer Oy, +3582078521, medinfo@bayer.fi",2026-09-21T13:18:24.543901,
FI,Finland,FIMEA,Piroxin 0.5 %,,,50 g,447827,M02AA07,2026-07-14,2026-10-15,shortage,ratiopharm GmbH,"Lisätietoja antaa: Teva Finland Oy, Teva Finland Oy, +358201805900, infofinland@tevapharm.com",2026-09-21T13:18:24.543939,
FI,Finland,FIMEA,Strepsils Hunaja & Sitruuna 1.2 mg / 0.6 mg,,,24,541169,R02AA03,2026-09-03,2026-10-06,shortage,Reckitt Benckiser Healthcare (Scandinavia) A/S,"Lisätietoja antaa: Midsona Finland Oy, Nadja Ingman-Skräddars, +358 40 1476540, nadja.ingman-skraddars@midsona.fi",2026-09-21T13:18:24.543977,72893
FI,Finland,FIMEA,Zaditen 0.25 mg/ml,,,5 ml,569109,S01GX08,2026-06-30,2026-10-01,shortage,Laboratoires Thea,"Lisätietoja antaa: Théa Nordic AB, Malin Forssell, +46 70 389 45 00, malin.forssell@theapharma.com",2026-09-21T13:18:24.544016,101850
FI,Finland,FIMEA,Zaditen 0.25 mg/ml,,,5 ml,599855,S01GX08,2026-05-01,2026-12-20,shortage,Laboratoires Thea,"Lisätietoja antaa: Théa Nordic AB, Malin Forssell, +46 70 389 45 00, malin.forssell@theapharma.com",2026-09-21T13:18:24.544053,101850
FI,Finland,FIMEA,Protopic 0.03 %,,,30 g,145158,D11AH01,2026-09-11,2026-09-22,shortage,Leo Pharma A/S,"Lisätietoja antaa: LEO Pharma Oy, Emil Holmström, +358407552967, EMHOM@leo-pharma.com",2026-09-21T13:18:24.544093,67644
FI,Finland,FIMEA,Cozaar 100 mg,,,98,006928,C09CA01,2026-08-28,2026-11-15,shortage,N.V. Organon,"Lisätietoja antaa: Organon Finland Oy, Organon Finland Oy, Lääkeinformaatiopalvelu, +358291703520, dpoc.finland@organon.com",2026-09-21T13:18:24.544135,60569
FI,Finland,FIMEA,Microgynon 0.15 mg / 0.03 mg,,,3 x 21,565135,G03AA07,2026-08-19,2026-09-23,shortage,Paranova Oy,"Lisätietoja antaa: Paranova Oy, Sebastian Saari, +358 9 4391 850, info@paranova.fi",2026-09-21T13:18:24.544175,83348
FI,Finland,FIMEA,Bisoprolol Ratiopharm 5 mg,,,28,005233,C07AB07,2026-09-29,2026-11-16,shortage,ratiopharm GmbH,"Lisätietoja antaa: Teva Finland Oy, Teva Finland Oy, +358201805900, infofinland@tevapharm.com",2026-09-21T13:18:24.544212,25534
FI,Finland,FIMEA,Bisoprolol Ratiopharm 5 mg,,,98,040148,C07AB07,2026-08-27,2026-11-13,shortage,ratiopharm GmbH,"Lisätietoja antaa: Teva Finland Oy, Teva Finland Oy, +358201805900, infofinland@tevapharm.com",2026-09-21T13:18:24.544248,25534
FI,Finland,FIMEA,Relert 40 mg,,,6,553339,N02CC06,2026-09-20,2026-12-01,shortage,Viatris Healthcare Limited,"Lisätietoja antaa: Viatris Oy, Viatris Oy asiakasinformaatio, +358 20 720 9555, infofi@viatris.com",2026-09-21T13:18:24.544286,
FI,Finland,FIMEA,Invanz 1 g,,,1 g,010234,J01DH03,2026-09-16,2026-09-30,shortage,Merck Sharp & Dohme B.V.,"Lisätietoja antaa: MSD Finland Oy, Merita Suomalainen, +3589804650, info@msd.com",2026-09-21T13:18:24.544322,63525
FI,Finland,FIMEA,Pepcid Duo 10 mg / 165 mg / 800 mg,,,24,025717,A02BA53,2026-03-12,2027-01-15,shortage,McNeil / JNTL Consumer Health (Finland) Oy,"Lisätietoja antaa: JNTL Consumer Health (Finland) Oy, Kenvue Consumer Care, +35899980055522000, Consumer-fi@kenvue.com",2026-09-21T13:18:24.544358,
FI,Finland,FIMEA,Porcilis Porcoli Diluvac Forte,,,50 ml,012998,I09AB02,2026-09-14,2026-12-04,shortage,Intervet International B.V.,"Lisätietoja antaa: MSD Animal Health Oy, Susanna Ketola, +358 50 4483389, susanna.ketola@msd.com",2026-09-21T13:18:24.544396,
FI,Finland,FIMEA,Carvedilol STADA 12.5 mg,,,100 x 1,018431,C07AG02,2026-09-07,2026-11-30,shortage,STADA Arzneimittel AG,"Lisätietoja antaa: STADA Nordic ApS, Finnish branch, Hanna Kallio, +358405570209, hanna.kallio@stada.fi",2026-09-21T13:18:24.544434,74241
FI,Finland,FIMEA,Estradot 100 mikrog / 24 tuntia,,,24,522103,G03CA03,2026-05-04,2026-12-22,shortage,Sandoz A/S,"Lisätietoja antaa: Sandoz A/S, Sandoz A/S, +358 10 6133415, drug.shortage_nordic@sandoz.com",2026-09-21T13:18:24.544476,
FI,Finland,FIMEA,Carvedilol Hexal 12.5 mg,,,100,108764,C07AG02,2026-05-05,2026-12-31,shortage,Hexal A/S,"Lisätietoja antaa: Sandoz A/S, Sandoz A/S, +358 10 6133415, drug.shortage_nordic@sandoz.com",2026-09-21T13:18:24.544513,74241
FI,Finland,FIMEA,Felodipin Ratiopharm 5 mg,,,30,010936,C08CA02,2026-09-16,2026-11-30,shortage,ratiopharm GmbH,"Lisätietoja antaa: Teva Finland Oy, Teva Finland Oy, +358201805900, infofinland@tevapharm.com",2026-09-21T13:18:24.544549,30929
FI,Finland,FIMEA,Felodipin Ratiopharm 5 mg,,,100,557982,C08CA02,2026-06-10,2026-10-15,shortage,ratiopharm GmbH,"Lisätietoja antaa: Teva Finland Oy, Teva Finland Oy, +358201805900, infofinland@tevapharm.com",2026-09-21T13:18:24.544589,30929
FI,Finland,FIMEA,Isotretinoin Actavis 10 mg,,,30,018735,D10BA01,2026-09-02,2026-10-26,shortage,Actavis Group PTC ehf,"Lisätietoja antaa: Teva Finland Oy, Teva Finland Oy, +358201805900, infofinland@tevapharm.com",2026-09-21T13:18:24.544626,69493
FI,Finland,FIMEA,Isotretinoin Actavis 10 mg,,,100,013236,D10BA01,2026-08-28,2027-02-26,shortage,Actavis Group PTC ehf,"Lisätietoja antaa: Teva Finland Oy, Jyrki Hakkarainen, +358 40 5626437, jyrki.hakkarainen@tevapharm.com",2026-09-21T13:18:24.544664,69493
FI,Finland,FIMEA,Simvastatin Ratiopharm 20 mg,,,28,010955,C10AA01,2026-05-06,2026-11-16,shortage,ratiopharm GmbH,"Lisätietoja antaa: Teva Finland Oy, Teva Finland Oy, +358201805900, infofinland@tevapharm.com",2026-09-21T13:18:24.544703,67814
FI,Finland,FIMEA,Simvastatin Ratiopharm 20 mg,,,98,010966,C10AA01,2026-08-04,2026-11-23,shortage,ratiopharm GmbH,"Lisätietoja antaa: Teva Finland Oy, Teva Finland Oy, +358201805900, infofinland@tevapharm.com",2026-09-21T13:18:24.544741,67814
FI,Finland,FIMEA,Simvastatin Ratiopharm 20 mg,,,250,529828,C10AA01,2026-08-26,2026-10-26,shortage,ratiopharm GmbH,"Lisätietoja antaa: Teva Finland Oy, Teva Finland Oy, +358201805900, infofinland@tevapharm.com",2026-09-21T13:18:24.544779,67814
FI,Finland,FIMEA,Simvastatin Ratiopharm 10 mg,,,28,010908,C10AA01,2026-06-12,2026-11-16,shortage,ratiopharm GmbH,"Lisätietoja antaa: Teva Finland Oy, Teva Finland Oy, +358201805900, infofinland@tevapharm.com",2026-09-21T13:18:24.544818,67806
FI,Finland,FIMEA,Isotretinoin Actavis 20 mg,,,30,018963,D10BA01,2026-04-21,2027-02-01,shortage,Actavis Group PTC ehf,"Lisätietoja antaa: Teva Finland Oy, Teva Finland Oy, +358201805900, infofinland@tevapharm.com",2026-09-21T13:18:24.544856,69507
FI,Finland,FIMEA,Isotretinoin Actavis 20 mg,,,100,013258,D10BA01,2025-11-07,2026-10-15,shortage,Actavis Group PTC ehf,"Lisätietoja antaa: Teva Finland Oy, Teva Finland Oy, +358 20 180 5900, infofinland@tevapharm.com",2026-09-21T13:18:24.544892,69507
FI,Finland,FIMEA,Sumatriptan Sandoz 100 mg,,,6,091120,N02CC01,2026-08-26,2026-11-11,shortage,Sandoz A/S,"Lisätietoja antaa: Sandoz A/S, Sandoz A/S, +358 10 6133415, drug.shortage_nordic@sandoz.com",2026-09-21T13:18:24.544930,32476
FI,Finland,FIMEA,Kalciumfolinat Stada 10 mg/ml,,,20 ml,040706,V03AF03,2025-04-03,2026-12-31,shortage,STADA Arzneimittel AG,"Lisätietoja antaa: STADA Nordic ApS, Finnish branch, Hanna Kallio, +358405570209, hanna.kallio@stada.fi",2026-09-21T13:18:24.544967,65544
FI,Finland,FIMEA,Kalciumfolinat Stada 10 mg/ml,,,50 ml,040718,V03AF03,2025-04-03,2026-12-31,shortage,STADA Arzneimittel AG,"Lisätietoja antaa: STADA Nordic ApS, Finnish branch, Hanna Kallio, +358405570209, hanna.kallio@stada.fi",2026-09-21T13:18:24.545004,67350
FI,Finland,FIMEA,Synulox vet. 40 mg / 10 mg,,,100,088427,J01CR02,2026-07-27,2026-10-31,shortage,Zoetis Animal Health ApS,"Lisätietoja antaa: Zoetis Finland Oy, Tiina Ojala, +358 45 7885 3211, tiina.ojala@zoetis.com",2026-09-21T13:18:24.545040,
FI,Finland,FIMEA,Baytril vet 100 mg/ml,,,50 ml,034041,J01MA90,2026-05-22,2026-11-06,shortage,Elanco Animal Health GmbH,"Lisätietoja antaa: Elanco, Ida Bisgaard Worm, +4550527613, ida.worm@elancoah.com",2026-09-21T13:18:24.545078,
FI,Finland,FIMEA,Baytril vet 100 mg/ml,,,100 ml,385412,J01MA90,2026-08-12,2027-02-05,shortage,Elanco Animal Health GmbH,"Lisätietoja antaa: Elanco, Ida Bisgaard Worm, +45 50 52 76 13, ida.worm@elancoah.com",2026-09-21T13:18:24.545115,
FI,Finland,FIMEA,Azactam,,,2 g,156042,J01DF01,2026-05-29,2026-12-31,shortage,Laboratoires Delbert x,"Lisätietoja antaa: Laboratoires DELBERT, +33 1 46 99 68 20, affaires.pharmaceutiques@delbert.fr",2026-09-21T13:18:24.545153,22969
FI,Finland,FIMEA,Oncovin 1 mg/ml,,,1 ml,381472,L01CA02,2026-05-27,2026-09-30,shortage,STADA Nordic ApS,"Lisätietoja antaa: STADA Nordic ApS, Finnish branch, Hanna Kallio, +358405570209, hanna.kallio@stada.fi",2026-09-21T13:18:24.545190,24120
FI,Finland,FIMEA,Holoxan 2000 mg,,,2000 mg,387691,L01AA06,2026-01-22,2026-12-31,shortage,Baxter Oy,"Lisätietoja antaa: Baxter Oy, Katriina Itäaho, +358405679926, katriina_itaaho@baxter.com",2026-09-21T13:18:24.545226,14826
FI,Finland,FIMEA,Diuramin 5 mg / 50 mg,,,100,032706,C03EA01,2026-06-23,2026-12-15,shortage,ratiopharm GmbH,"Lisätietoja antaa: Teva Finland Oy, Teva Finland Oy, +358201805900, infofinland@tevapharm.com",2026-09-21T13:18:24.545264,2410
FI,Finland,FIMEA,Aspirin Cardio 100 mg,,,98,079856,B01AC06,2026-08-03,2026-09-30,shortage,Bayer Oy,"Lisätietoja antaa: Bayer Oy, Bayer Oy, +3582078521, medinfo@bayer.fi",2026-09-21T13:18:24.545301,
FI,Finland,FIMEA,Allonol 300 mg,,,100,196444,M04AA01,2026-08-13,2026-11-17,shortage,ratiopharm GmbH,"Lisätietoja antaa: Teva Finland Oy, Teva Finland Oy, +358201805900, infofinland@tevapharm.com",2026-09-21T13:18:24.545337,3913
FI,Finland,FIMEA,Imigran 12 mg/ml,,,2 x 0.5 ml,093260,N02CC01,2026-09-14,2026-11-16,shortage,GlaxoSmithKline Trading Services Limited,"Lisätietoja antaa: GlaxoSmithKline Oy, Anu Aallos, +358 10 30 30 30, anu.n.aallos@gsk.com",2026-09-21T13:18:24.545375,38210
FI,Finland,FIMEA,Nimbex 2 mg/ml,,,5 x 5 ml,150714,M03AC11,2026-09-16,2027-03-30,shortage,Aspen Pharma Trading Limited,"Lisätietoja antaa: Sandoz A/S, Sandoz A/S, +358 10 6133415, drug.shortage_nordic@sandoz.com",2026-09-21T13:18:24.545413,46337
FI,Finland,FIMEA,Terramycin vet 100 mg/g,,,150 ml,127753,D06AA03,2026-06-03,2026-09-26,shortage,Zoetis Animal Health ApS,"Lisätietoja antaa: Zoetis Finland Oy, Tiina Ojala, +358 45 7885 3211, tiina.ojala@zoetis.com",2026-09-21T13:18:24.545452,
FI,Finland,FIMEA,Visipaque 270 mg I/ml,,,10 x 50 ml,019121,V08AB09,2026-09-07,2026-09-24,shortage,GE Healthcare AS,"Lisätietoja antaa: Oy GE Healthcare Bio-Sciences Ab, Oy GE Healthcare Bio-Sciences Ab, +3581039411, CustomerService.Finland@gehealthcare.com",2026-09-21T13:18:24.545491,41599
FI,Finland,FIMEA,Visipaque 270 mg I/ml,,,10 x 100 ml,582882,V08AB09,2026-04-27,2026-10-09,shortage,GE Healthcare AS,"Lisätietoja antaa: Oy GE Healthcare Bio-Sciences Ab, Oy GE Healthcare Bio-Sciences Ab, +3581039411, CustomerService.Finland@gehealthcare.com",2026-09-21T13:18:24.545530,41602
FI,Finland,FIMEA,Synulox vet 140 mg/ml,,,50 ml,169623,J01CR02,2026-09-02,2027-01-09,shortage,Zoetis Animal Health ApS,"Lisätietoja antaa: Zoetis Finland Oy, Tiina Ojala, +358 45 78853211, tiina.ojala@zoetis.com",2026-09-21T13:18:24.545567,
FI,Finland,FIMEA,Physiotens 0.2 mg,,,98,016642,C02AC05,2026-07-12,2027-01-01,shortage,Viatris Oy,"Lisätietoja antaa: Viatris Oy, Viatris Oy asiakasinformaatio, +358 20 720 9555, infofi@viatris.com",2026-09-21T13:18:24.545604,42617
FI,Finland,FIMEA,Isathal Vet. 1 %,,,5 g,080899,S01AA13,2026-09-02,2027-06-30,shortage,Dechra Veterinary Products A/S,"Lisätietoja antaa: Dechra Veterinary Products OY, Riitta Kankaala, +358407674469, riitta.kankaala@dechra.com",2026-09-21T13:18:24.545640,227196
FI,Finland,FIMEA,Synulox vet. 400 mg / 100 mg,,,10,030981,J01CR02,2026-09-02,2026-09-26,shortage,Zoetis Animal Health ApS,"Lisätietoja antaa: Zoetis Finland Oy, Tiina Ojala, +358 45 78853211, tiina.ojala@zoetis.com",2026-09-21T13:18:24.545679,
FI,Finland,FIMEA,Glycostigmin,,,10 x 1 ml,193318,N07AA51,2026-02-27,2026-12-31,shortage,Evolan Pharma AB,"Lisätietoja antaa: Evolan Pharma AB, Juha Waisanen, +358173690033, info@swanmedica.fi",2026-09-21T13:18:24.545716,206520
FI,Finland,FIMEA,Doximycin 150 mg,,,10,537332,J01AA02,2026-09-14,2026-09-28,shortage,Orion Corporation,"Lisätietoja antaa: Orion Oyj, Orion Call Center, +358104398250, tuoteinformaatio@orionpharma.com",2026-09-21T13:18:24.545753,
FI,Finland,FIMEA,Kefalex 500 mg,,,100,175521,J01DB01,2026-07-02,2026-10-30,shortage,ratiopharm GmbH,"Lisätietoja antaa: Teva Finland Oy, Jyrki Hakkarainen, +358 40 5626437, jyrki.hakkarainen@tevapharm.com",2026-09-21T13:18:24.545791,5835
FI,Finland,FIMEA,Sirdalud 2 mg,,,100,493617,M03BX02,2026-08-18,2026-09-30,shortage,Sandoz A/S,"Lisätietoja antaa: Sandoz A/S, Sandoz A/S, +358 10 6133415, drug.shortage_nordic@sandoz.com",2026-09-21T13:18:24.545836,22993
FI,Finland,FIMEA,Umpimycin vet,,,20 x 5 ml,151068,J51RC25,2026-05-27,2026-11-30,shortage,Boehringer Ingelheim Vetmedica GmbH,"Lisätietoja antaa: Vetcare Oy, Anna Hietikko, +358400114783, anna.hietikko@vetcare.fi",2026-09-21T13:18:24.545873,
FI,Finland,FIMEA,Abboticin 1 g,,,1 g,405001,J01FA01,2026-01-15,2027-06-30,shortage,Amdipharm Limited,"Lisätietoja antaa: Amdipharm Limited / Abcur AB, +358 800 416231, medicalinformation@advanzpharma.com",2026-09-21T13:18:24.545910,5061
FI,Finland,FIMEA,Doximed 100 mg,,,20,577149,J01AA02,2026-10-02,2026-11-16,shortage,ratiopharm GmbH,"Lisätietoja antaa: Teva Finland Oy, Teva Finland Oy, +358201805900, infofinland@tevapharm.com",2026-09-21T13:18:24.545949,68438
FI,Finland,FIMEA,Visipaque 320 mg I/ml,,,10 x 50 ml,019132,V08AB09,2026-07-20,2026-10-01,shortage,GE Healthcare AS,"Lisätietoja antaa: Oy GE Healthcare Bio-Sciences Ab, Oy GE Healthcare Bio-Sciences Ab, +3581039411, CustomerService.Finland@gehealthcare.com",2026-09-21T13:18:24.546050,41637
FI,Finland,FIMEA,Minirin 2.5 mikrog/annos,,,5 ml,456491,H01BA02,2026-05-20,2026-12-31,shortage,Ferring Lääkkeet Oy,"Lisätietoja antaa: Ferring Lääkkeet Oy, Tanja Kivinummi, +358207401447, tanja.kivinummi@ferring.com",2026-09-21T13:18:24.546088,
FI,Finland,FIMEA,Elocon 0.1 %,,,100 ml,000448,D07AC13,2026-07-02,2026-10-18,shortage,N.V. Organon,"Lisätietoja antaa: Organon Finland Oy, Organon Finland Oy, Lääkeinformatiopalvelu, +358291703520, dpoc.finland@organon.com",2026-09-21T13:18:24.546129,46914
FI,Finland,FIMEA,Renitec Comp 20 mg / 12.5 mg,,,98,446393,C09BA02,2026-10-01,2026-11-30,shortage,N.V. Organon,"Lisätietoja antaa: Organon Finland Oy, Organon Finland Oy, Lääkeinformaatiopalvelu, +358291703520, dpoc.finland@organon.com",2026-09-21T13:18:24.546166,26387
FI,Finland,FIMEA,Ansatipin 150 mg,,,30,379230,J04AB04,2025-05-27,2026-12-31,shortage,Pfizer Oy,"Lisätietoja antaa: Pfizer Oy, Pfizer Lääketietopalvelu, +3589430040, medical.information@pfizer.com",2026-09-21T13:18:24.546205,
FI,Finland,FIMEA,Cotrim 80 mg / 400 mg,,,30,404517,J01EE01,2026-07-09,2026-11-17,shortage,ratiopharm GmbH,"Lisätietoja antaa: Teva Finland Oy, Teva Finland Oy, +358201805900, infofinland@tevapharm.com",2026-09-21T13:18:24.546241,7463
FI,Finland,FIMEA,Ranoprin 40 mg,,,30,169235,C07AA05,2026-09-04,2026-09-30,shortage,ratiopharm GmbH,"Lisätietoja antaa: Teva Finland Oy, Teva Finland Oy, +358201805900, infofinland@tevapharm.com",2026-09-21T13:18:24.546278,5711
FI,Finland,FIMEA,Ranoprin 40 mg,,,100,169292,C07AA05,2026-08-19,2026-09-30,shortage,ratiopharm GmbH,"Lisätietoja antaa: Teva Finland Oy, Teva Finland Oy, +358201805900, infofinland@tevapharm.com",2026-09-21T13:18:24.546314,5711
FI,Finland,FIMEA,Cytarabine Stada 100 mg/ml,,,10 ml,068449,L01BC01,2026-09-01,2026-12-31,shortage,STADA Arzneimittel AG,"Lisätietoja antaa: STADA Nordic ApS, Finnish branch, Hanna Kallio, +358405570209, hanna.kallio@stada.fi",2026-09-21T13:18:24.546351,104485
FI,Finland,FIMEA,Meliane,,,3 x 21,012010,G03AA10,2026-04-24,2026-10-31,shortage,Paranova Oy,"Lisätietoja antaa: Paranova Oy, Sebastian Saari, +358 9 4391 850, info@paranova.fi",2026-09-21T13:18:24.546388,83259
FI,Finland,FIMEA,Clindamycin MIP 600 mg,,,32,037811,J01FF01,2026-06-12,2026-09-30,shortage,MIP Pharma GmbH,"Lisätietoja antaa: MIP Pharma GmbH, Angela Wittmann, +49 8502 9184 430, angela.wittmann@mip-pharma.de",2026-09-21T13:18:24.546425,144231
FI,Finland,FIMEA,Codetabs,,,20,013194,R05FB02,2024-10-11,2027-08-31,shortage,Orifarm Healthcare A/S,"Lisätietoja antaa: Orifarm Healthcare Oy, Anna-Leena Haikkola, +358 9 7746 870, suomi@orifarm.com",2026-09-21T13:18:24.546462,
FI,Finland,FIMEA,Fulvestrant ratiopharm 250 mg,,,2 x 5 ml,568748,L02BA03,2026-08-11,2027-02-01,shortage,Teva B.V.,"Lisätietoja antaa: Teva Finland Oy, Teva Finland Oy, +358201805900, infofinland@tevapharm.com",2026-09-21T13:18:24.546499,74934
FI,Finland,FIMEA,Ezetimibe ratiopharm 10 mg,,,28,061749,C10AX09,2025-08-18,2027-12-31,shortage,ratiopharm GmbH,"Lisätietoja antaa: Teva Finland Oy, Teva Finland Oy, +358201805900, info@tevafinland.fi",2026-09-21T13:18:24.546537,70645
FI,Finland,FIMEA,Ezetimibe ratiopharm 10 mg,,,98,539990,C10AX09,2025-08-05,2027-12-31,shortage,ratiopharm GmbH,"Lisätietoja antaa: Teva Finland Oy, Teva Finland Oy, +358201805900, info@tevafinland.fi",2026-09-21T13:18:24.546575,70645
FI,Finland,FIMEA,Tadalafil Orion 5 mg,,,84,544902,G04BE08,2026-07-13,2026-11-09,shortage,Orion Corporation,"Lisätietoja antaa: ORION CORPORATION, Orion Call Center, +358104398256, tuoteinformaatio@orionpharma.com",2026-09-21T13:18:24.546612,86274
FI,Finland,FIMEA,Ibuxin 400 mg,,,20,446238,M01AE01,2026-09-18,2026-11-17,shortage,ratiopharm GmbH,"Lisätietoja antaa: Teva Finland Oy, Teva Finland Oy, +358201805900, infofinland@tevapharm.com",2026-09-21T13:18:24.546650,27278
FI,Finland,FIMEA,Sitagliptin ratiopharm 50 mg,,,28,440266,A10BH01,2026-05-13,2026-09-30,shortage,ratiopharm GmbH,"Lisätietoja antaa: Teva Finland Oy, Teva Finland Oy, +358201805900, infofinland@tevapharm.com",2026-09-21T13:18:24.546687,218111
FI,Finland,FIMEA,Sitagliptin ratiopharm 50 mg,,,98,164602,A10BH01,2026-08-31,2026-09-30,shortage,ratiopharm GmbH,"Lisätietoja antaa: Teva Finland Oy, Jyrki Hakkarainen, +358 40 5626437, jyrki.hakkarainen@tevapharm.com",2026-09-21T13:18:24.546725,218111
FI,Finland,FIMEA,Sitagliptin ratiopharm 100 mg,,,28,124476,A10BH01,2026-03-20,2026-09-30,shortage,ratiopharm GmbH,"Lisätietoja antaa: Teva Finland Oy, Teva Finland Oy, +358 20 180 5900, infofinland@tevapharm.com",2026-09-21T13:18:24.546762,218138
FI,Finland,FIMEA,Sitagliptin ratiopharm 100 mg,,,98,048997,A10BH01,2026-05-15,2026-09-30,shortage,ratiopharm GmbH,"Lisätietoja antaa: Teva Finland Oy, Teva Finland Oy, +358201805900, infofinland@tevapharm.com",2026-09-21T13:18:24.546800,218138
FI,Finland,FIMEA,Sitagliptin ratiopharm 25 mg,,,98,533796,A10BH01,2026-06-11,2026-10-30,shortage,ratiopharm GmbH,"Lisätietoja antaa: Teva Finland Oy, Teva Finland Oy, +358201805900, infofinland@tevapharm.com",2026-09-21T13:18:24.546838,218103
FI,Finland,FIMEA,Yargesa 100 mg,,,84 x 1,470327,A16AX06,2026-02-28,2026-10-01,shortage,Piramal Critical Care B.V.,"Lisätietoja antaa: FrostPharma AB, +46 8243660, quality@frostpharma.com",2026-09-21T13:18:24.546875,69620
FI,Finland,FIMEA,Dutasteride Krka 0.5 mg,,,90,134078,G04CB02,2026-08-02,2026-10-15,shortage,KRKA d.d. Novo mesto,"Lisätietoja antaa: KRKA Finland Oy, KRKA Finland Oy, +358207545330, info.fi@krka.biz",2026-09-21T13:18:24.546912,212377
FI,Finland,FIMEA,Dacarbazine Lipomed 500 mg,,,500 mg,372515,L01AX04,2025-10-06,2027-01-31,shortage,Lipomed GmbH,"Lisätietoja antaa: Kurantis ApS, Tanja Breum Nielsen, +4526524288, tbn@kurantis.com",2026-09-21T13:18:24.546949,51160
FI,Finland,FIMEA,Moviprep,,,1,060133,A06AD65,2026-07-31,2026-10-01,shortage,Paranova Oy,"Lisätietoja antaa: Paranova Oy, Sebastian Saari, +358 9 4391 850, info@paranova.fi",2026-09-21T13:18:24.546987,83291
FI,Finland,FIMEA,Quetiapine Accord 150 mg,,,30,481017,N05AH04,2024-10-24,2026-09-30,shortage,Accord Healthcare B.V.,"Lisätietoja antaa: Accord Healthcare Oy, Accord Healthcare Oy, +358 10 2314180, asiakaspalvelu@accord-healthcare.com",2026-09-21T13:18:24.547024,94757
FI,Finland,FIMEA,Quetiapin Hexal 50 mg,,,120,404325,N05AH04,2025-12-18,2026-12-31,shortage,Hexal A/S,"Lisätietoja antaa: Sandoz A/S, Sandoz A/S, +358 10 6133415, drug.shortage_nordic@sandoz.com",2026-09-21T13:18:24.547062,84182
FI,Finland,FIMEA,Quetiapin Hexal 200 mg,,,120,147881,N05AH04,2024-10-27,2026-12-31,shortage,Hexal A/S,"Lisätietoja antaa: Sandoz A/S, Sandoz A/S, +358 10 6133415, drug.shortage_nordic@sandoz.com",2026-09-21T13:18:24.547102,50776
FI,Finland,FIMEA,Quetiapin Hexal 300 mg,,,120,502704,N05AH04,2025-01-01,2026-12-31,shortage,Hexal A/S,"Lisätietoja antaa: Sandoz A/S, Sandoz A/S, +358 10 6133415, drug.shortage_nordic@sandoz.com",2026-09-21T13:18:24.547139,60283
FI,Finland,FIMEA,Buprenorphine ratiopharm 5 mikrog/tunti,,,4,400508,N02AE01,2026-08-31,2026-09-30,shortage,ratiopharm GmbH,"Lisätietoja antaa: Teva Finland Oy, Teva Finland Oy, +358201805900, infofinland@tevapharm.com",2026-09-21T13:18:24.547176,89400
FI,Finland,FIMEA,Buprenorphine ratiopharm 5 mikrog/tunti,,,12,499175,N02AE01,2026-05-28,2026-11-30,shortage,ratiopharm GmbH,"Lisätietoja antaa: Teva Finland Oy, Teva Finland Oy, +358201805900, infofinland@tevapharm.com",2026-09-21T13:18:24.547214,89400
FI,Finland,FIMEA,Buprenorphine ratiopharm 10 mikrog/tunti,,,12,478508,N02AE01,2026-07-16,2026-10-15,shortage,ratiopharm GmbH,"Lisätietoja antaa: Teva Finland Oy, Teva Finland Oy, +358201805900, infofinland@tevapharm.com",2026-09-21T13:18:24.547255,89419
FI,Finland,FIMEA,Buprenorphine ratiopharm 20 mikrog/tunti,,,12,145613,N02AE01,2026-06-23,2026-10-15,shortage,ratiopharm GmbH,"Lisätietoja antaa: Teva Finland Oy, Teva Finland Oy, +358201805900, infofinland@tevapharm.com",2026-09-21T13:18:24.547291,89435
FI,Finland,FIMEA,Olmesartan medoxomil Krka 40 mg,,,98,060992,C09CA08,2026-06-30,2026-10-15,shortage,KRKA d.d. Novo mesto,"Lisätietoja antaa: KRKA Finland Oy, KRKA Finland Oy, +358207545330, info.fi@krka.biz",2026-09-21T13:18:24.547327,70211
FI,Finland,FIMEA,Topimax 100 mg,,,60,018486,N03AX11,2026-08-31,2026-10-31,shortage,Paranova Oy,"Lisätietoja antaa: Paranova Oy, Sebastian Saari, +358 9 4391 850, info@paranova.fi",2026-09-21T13:18:24.547365,45764
FI,Finland,FIMEA,Emtricitabine/Tenofovir Disoproxil Mylan 200 mg / 245 mg,,,30,386265,J05AR03,2026-08-15,2026-11-15,shortage,Mylan Pharmaceuticals Limited,"Lisätietoja antaa: Viatris Oy, Viatris Oy:n asiakasinformaatio, +358207209555, infofi@viatris.com",2026-09-21T13:18:24.547402,146560
FI,Finland,FIMEA,Tenofovir disoproxil Viatris 245 mg,,,30,510951,J05AF07,2026-09-28,2027-02-01,shortage,Viatris Limited,"Lisätietoja antaa: Viatris Oy, Viatris Oy asiakasinformaatio, +358 20 720 9555, infofi@viatris.com",2026-09-21T13:18:24.547439,146633
FI,Finland,FIMEA,Gabapentin Accord 400 mg,,,100,103886,N02BF01,2025-11-18,2026-09-30,shortage,Accord Healthcare B.V.,"Lisätietoja antaa: Accord Healthcare Oy, Accord Healthcare Oy, +358 10 2314180, asiakaspalvelu@accord-healthcare.com",2026-09-21T13:18:24.547476,52833
FI,Finland,FIMEA,Gabapentin Accord 300 mg,,,100,445888,N02BF01,2026-05-04,2026-10-30,shortage,Accord Healthcare B.V.,"Lisätietoja antaa: Accord Healthcare Oy, Accord Healthcare Oy, +358 10 2314180, asiakaspalvelu@accord-healthcare.com",2026-09-21T13:18:24.547513,52825
FI,Finland,FIMEA,Atrovent Eco 20 mikrog/annos,,,200 annosta,574917,R03BB01,2026-07-29,2027-03-31,shortage,Paranova Oy,"Lisätietoja antaa: Paranova Oy, Sebastian Saari, +358 9 4391 850, info@paranova.fi",2026-09-21T13:18:24.547550,73377
FI,Finland,FIMEA,Solifenacin Accord 10 mg,,,100,448424,G04BD08,2026-08-31,2026-09-30,shortage,Accord Healthcare B.V.,"Lisätietoja antaa: Accord Healthcare Oy, Accord Healthcare Oy, +358 10 2314180, asiakaspalvelu@accord-healthcare.com",2026-09-21T13:18:24.547586,75345
FI,Finland,FIMEA,Tadalafil Sandoz 20 mg,,,4 x 1,371028,G04BE08,2026-02-19,2026-12-31,shortage,Sandoz A/S,"Lisätietoja antaa: Sandoz A/S, Sandoz A/S, +358 10 6133415, drug.shortage_nordic@sandoz.com",2026-09-21T13:18:24.547625,68241
FI,Finland,FIMEA,Tadalafil Sandoz 20 mg,,,12 x 1,084453,G04BE08,2025-12-18,2026-12-31,shortage,Sandoz A/S,"Lisätietoja antaa: Sandoz A/S, Sandoz A/S, +358 10 6133415, drug.shortage_nordic@sandoz.com",2026-09-21T13:18:24.547661,68241
FI,Finland,FIMEA,Tadalafil Sandoz 5 mg,,,84 x 1,511983,G04BE08,2026-07-21,2026-12-31,shortage,Sandoz A/S,"Lisätietoja antaa: Sandoz A/S, Sandoz A/S, +358 10 6133415, drug.shortage_nordic@sandoz.com",2026-09-21T13:18:24.547697,86274
FI,Finland,FIMEA,Tadalafil Sandoz 5 mg,,,28 x 1,462238,G04BE08,2026-06-04,2026-12-31,shortage,Sandoz A/S,"Lisätietoja antaa: Sandoz A/S, Sandoz A/S, +358 10 6133415, drug.shortage_nordic@sandoz.com",2026-09-21T13:18:24.547736,86274
FI,Finland,FIMEA,Alfuzosin Hydrochloride Orion 10 mg,,,30,517356,G04CA01,2026-08-24,2026-10-05,shortage,Orion Corporation,"Lisätietoja antaa: ORION CORPORATION, Orion Call Center, +358104398250, tuoteinformaatio@orionpharma.com",2026-09-21T13:18:24.547773,
FI,Finland,FIMEA,Etoricoxib Krka 30 mg,,,100,163453,M01AH05,2026-10-05,2026-10-21,shortage,KRKA d.d. Novo mesto,"Lisätietoja antaa: KRKA Finland Oy, KRKA Finland Oy, +358207545330, info.fi@krka.biz",2026-09-21T13:18:24.547811,85766
FI,Finland,FIMEA,Zolestad 5 mg / 100 ml,,,100 ml,544481,M05BA08,2026-01-07,2026-11-30,shortage,STADA Arzneimittel AG,"Lisätietoja antaa: STADA Nordic ApS, Finnish branch, Hanna Kallio, +358405570209, hanna.kallio@stada.fi",2026-09-21T13:18:24.547847,79790
FI,Finland,FIMEA,Rameam 10 mg / 5 mg,,,30,555032,C09BB07,2026-08-14,2026-11-26,shortage,KRKA d.d. Novo mesto,"Lisätietoja antaa: KRKA Finland Oy, KRKA Finland Oy, +358207545330, info.fi@krka.biz",2026-09-21T13:18:24.547887,
FI,Finland,FIMEA,Ketipinor 50 mg,,,100,418144,N05AH04,2025-12-08,2026-11-30,shortage,Orion Corporation,"Lisätietoja antaa: Orion Oyj, Orion Call Center, +358104398256, tuoteinformaatio@orionpharma.com",2026-09-21T13:18:24.547923,
FI,Finland,FIMEA,Ketipinor 300 mg,,,100,384498,N05AH04,2025-10-07,2026-11-30,shortage,Orion Corporation,"Lisätietoja antaa: Orion Oyj, Orion Call Center, +358104398256, tuoteinformaatio@orionpharma.com",2026-09-21T13:18:24.547959,60283
FI,Finland,FIMEA,Ketipinor 200 mg,,,100,386574,N05AH04,2025-07-25,2026-11-30,shortage,Orion Corporation,"Lisätietoja antaa: Orion Oyj, Orion Call Center, +358104398256, tuoteinformaatio@orionpharma.com",2026-09-21T13:18:24.547996,50776
FI,Finland,FIMEA,Amodip 1.25 mg,,,30,198050,C08CA01,2026-07-27,2026-11-30,shortage,Ceva Santé Animale,"Lisätietoja antaa: ORION CORPORATION, Orion Call Center, +358104398250, tuoteinformaatio@orionpharma.com",2026-09-21T13:18:24.548032,
FI,Finland,FIMEA,Amodip 1.25 mg,,,100,599692,C08CA01,2026-09-07,2026-11-30,shortage,Ceva Santé Animale,"Lisätietoja antaa: Orion Oyj, Orion Call Center, +358104398250, tuoteinformaatio@orionpharma.com",2026-09-21T13:18:24.548070,
FI,Finland,FIMEA,Trexan 25 mg/ml,,,0.3 ml,562071,L04AX03,2026-08-24,2026-12-28,shortage,Orion Corporation,"Lisätietoja antaa: ORION CORPORATION, Orion Call Center, +358104398250, tuoteinformaatio@orionpharma.com",2026-09-21T13:18:24.548111,141194
FI,Finland,FIMEA,Trexan 25 mg/ml,,,0.4 ml,049212,L04AX03,2026-06-22,2026-12-28,shortage,Orion Corporation,"Lisätietoja antaa: Orion Oyj, Orion Call Center, +358104398256, tuoteinformaatio@orionpharma.com",2026-09-21T13:18:24.548148,
FI,Finland,FIMEA,Trexan 25 mg/ml,,,0.6 ml,396312,L04AX03,2026-05-04,2026-12-28,shortage,Orion Corporation,"Lisätietoja antaa: Orion Oyj, Orion Call Center, +358104398256, tuoteinformaatio@orionpharma.com",2026-09-21T13:18:24.548185,141224
FI,Finland,FIMEA,Trexan 25 mg/ml,,,0.8 ml,406953,L04AX03,2026-08-03,2026-12-28,shortage,Orion Corporation,"Lisätietoja antaa: ORION CORPORATION, Orion Call Center, +358104398250, tuoteinformaatio@orionpharma.com",2026-09-21T13:18:24.548224,141240
FI,Finland,FIMEA,Trexan 25 mg/ml,,,1.0 ml,456852,L04AX03,2026-06-10,2026-12-28,shortage,Orion Corporation,"Lisätietoja antaa: Orion Oyj, Orion Call Center, +358104398256, tuoteinformaatio@orionpharma.com",2026-09-21T13:18:24.548260,141267
FI,Finland,FIMEA,Pregabalin Krka 225 mg,,,56,169175,N02BF02,2026-02-06,2026-11-12,shortage,KRKA d.d. Novo mesto,"Lisätietoja antaa: KRKA Finland Oy, KRKA Finland Oy, +358207545330, info.fi@krka.biz",2026-09-21T13:18:24.548296,
FI,Finland,FIMEA,Pregabalin ratiopharm 150 mg,,,100,496222,N02BF02,2026-04-10,2026-09-30,shortage,ratiopharm GmbH,"Lisätietoja antaa: Teva Finland Oy, Teva Finland Oy, +358 20 180 5900, infofinland@tevapharm.com",2026-09-21T13:18:24.548333,75728
FI,Finland,FIMEA,Pregabalin ratiopharm 225 mg,,,100,533955,N02BF02,2026-05-21,2027-02-26,shortage,ratiopharm GmbH,"Lisätietoja antaa: Teva Finland Oy, Teva Finland Oy, +358201805900, infofinland@tevapharm.com",2026-09-21T13:18:24.548370,
FI,Finland,FIMEA,Etoricoxib Ratiopharm 90 mg,,,7,190703,M01AH05,2026-03-20,2026-10-26,shortage,ratiopharm GmbH,"Lisätietoja antaa: Teva Finland Oy, Teva Finland Oy, +358 20 180 5900, infofinland@tevapharm.com",2026-09-21T13:18:24.548406,66753
FI,Finland,FIMEA,Etoricoxib Ratiopharm 90 mg,,,28,484953,M01AH05,2026-04-20,2026-10-26,shortage,ratiopharm GmbH,"Lisätietoja antaa: Teva Finland Oy, Teva Finland Oy, +358201805900, infofinland@tevapharm.com",2026-09-21T13:18:24.548443,66753
FI,Finland,FIMEA,Etoricoxib Ratiopharm 90 mg,,,100,469846,M01AH05,2026-03-20,2026-10-26,shortage,ratiopharm GmbH,"Lisätietoja antaa: Teva Finland Oy, Teva Finland Oy, +358 20 180 5900, infofinland@tevapharm.com",2026-09-21T13:18:24.548480,66753
FI,Finland,FIMEA,Etoricoxib Ratiopharm 60 mg,,,98,442399,M01AH05,2026-07-24,2026-10-26,shortage,ratiopharm GmbH,"Lisätietoja antaa: Teva Finland Oy, Teva Finland Oy, +358 20 180 5900, infofinland@tevapharm.com",2026-09-21T13:18:24.548517,66745
FI,Finland,FIMEA,Etoricoxib Ratiopharm 60 mg,,,28,040267,M01AH05,2026-09-09,2026-10-26,shortage,ratiopharm GmbH,"Lisätietoja antaa: Teva Finland Oy, Teva Finland Oy, +358201805900, infofinland@tevapharm.com",2026-09-21T13:18:24.548553,66745
FI,Finland,FIMEA,Etoricoxib Ratiopharm 30 mg,,,98,162769,M01AH05,2025-12-23,2026-10-26,shortage,ratiopharm GmbH,"Lisätietoja antaa: Teva Finland Oy, Teva Finland Oy, +358 20 180 5900, infofinland@tevapharm.com",2026-09-21T13:18:24.548590,85766
FI,Finland,FIMEA,Etoricoxib Ratiopharm 30 mg,,,28,075676,M01AH05,2025-11-25,2026-10-26,shortage,ratiopharm GmbH,"Lisätietoja antaa: Teva Finland Oy, Teva Finland Oy, +358 20 180 5900, infofinland@tevapharm.com",2026-09-21T13:18:24.548627,85766
FI,Finland,FIMEA,Tanonalla 5 mg / 2.5 mg,,,100 x 1,558576,N02AA55,2026-09-17,2026-09-30,shortage,Sandoz A/S,"Lisätietoja antaa: Sandoz A/S, Sandoz A/S, +358 10 6133415, drug.shortage_nordic@sandoz.com",2026-09-21T13:18:24.548665,90220
FI,Finland,FIMEA,Moxifloxacin Orion 400 mg,,,10,499390,J01MA14,2026-08-03,2026-12-14,shortage,Orion Corporation,"Lisätietoja antaa: ORION CORPORATION, Orion Call Center, +358104398256, tuoteinformaatio@orionpharma.com",2026-09-21T13:18:24.548704,67628
FI,Finland,FIMEA,Tenofovir disoproxil STADA 245 mg,,,30,095495,J05AF07,2026-08-24,2026-09-30,shortage,STADA Arzneimittel AG,"Lisätietoja antaa: STADA Nordic ApS, Finnish branch, Hanna Kallio, +358405570209, hanna.kallio@stada.fi",2026-09-21T13:18:24.548741,146633
FI,Finland,FIMEA,Buprenorphine Stada 5 mikrog/tunti,,,12,488616,N02AE01,2026-09-09,2027-01-31,shortage,STADA Arzneimittel AG,"Lisätietoja antaa: STADA Nordic ApS, Finnish branch, Hanna Kallio, +358405570209, hanna.kallio@stada.fi",2026-09-21T13:18:24.548781,89400
FI,Finland,FIMEA,Cyanokit 5 g,,,5 g,503317,V03AB33,2025-01-30,2027-03-31,shortage,Paranova Oy,"Lisätietoja antaa: Paranova Oy, Sebastian Saari, +358 9 4391 850, info@paranova.fi",2026-09-21T13:18:24.548819,101990
FI,Finland,FIMEA,Octostim 15 mikrog/ml,,,10 x 2 ml,160192,H01BA02,2026-09-04,2027-03-31,shortage,Ferring Lääkkeet Oy,"Lisätietoja antaa: Ferring Lääkkeet Oy, Tanja Kivinummi, +358207401447, tanja.kivinummi@ferring.com",2026-09-21T13:18:24.548858,50962
FI,Finland,FIMEA,Daktacort 20 mg/g + 10 mg/g,,,30 g,581882,D01AC20,2026-08-28,2026-09-30,shortage,Orifarm Oy,"Lisätietoja antaa: Orifarm Oy, Janne Liimatta, +358 9 7746 870, suomi@orifarm.com",2026-09-21T13:18:24.548900,3573
FI,Finland,FIMEA,Candecam 8 mg / 5 mg,,,98,392939,C09DB07,2026-07-06,2026-09-24,shortage,KRKA d.d. Novo mesto,"Lisätietoja antaa: KRKA Finland Oy, KRKA Finland Oy, +358207545330, info.fi@krka.biz",2026-09-21T13:18:24.548940,
FI,Finland,FIMEA,Everolimus Stada 5 mg,,,30,064753,L01EG02,2026-05-25,2026-09-30,shortage,STADA Arzneimittel AG,"Lisätietoja antaa: STADA Nordic ApS, Finnish branch, Hanna Kallio, +358405570209, hanna.kallio@stada.fi",2026-09-21T13:18:24.548977,92568
FI,Finland,FIMEA,Yaz 0.02 mg / 3 mg,,,3 x 28,475804,G03AA12,2023-10-13,2026-10-30,shortage,Paranova Oy,"Lisätietoja antaa: Paranova Oy, Sebastian Saari, +358904391850, info@paranova.fi",2026-09-21T13:18:24.549014,105694
FI,Finland,FIMEA,Sildenafil Sandoz 50 mg,,,24,106035,G04BE03,2026-09-17,2026-12-31,shortage,Sandoz A/S,"Lisätietoja antaa: Sandoz A/S, Sandoz A/S, +358 10 6133415, drug.shortage_nordic@sandoz.com",2026-09-21T13:18:24.549050,51071
FI,Finland,FIMEA,Repaglinid Stada 0.5 mg,,,90,051738,A10BX02,2026-05-18,2026-10-31,shortage,STADA Arzneimittel AG,"Lisätietoja antaa: STADA Nordic ApS, Finnish branch, Hanna Kallio, +358405570209, hanna.kallio@stada.fi",2026-09-21T13:18:24.549086,50911
FI,Finland,FIMEA,Repaglinid Stada 2 mg,,,90,029417,A10BX02,2026-08-17,2026-11-30,shortage,STADA Arzneimittel AG,"Lisätietoja antaa: STADA Nordic ApS, Finnish branch, Hanna Kallio, +358405570209, hanna.kallio@stada.fi",2026-09-21T13:18:24.549121,50946
FI,Finland,FIMEA,Repaglinid Stada 1 mg,,,90,552080,A10BX02,2026-07-21,2026-11-30,shortage,STADA Arzneimittel AG,"Lisätietoja antaa: STADA Nordic ApS, Finnish branch, Hanna Kallio, +358405570209, hanna.kallio@stada.fi",2026-09-21T13:18:24.549159,50938
FI,Finland,FIMEA,Sildenafil Sandoz 100 mg,,,24,419722,G04BE03,2026-07-21,2027-01-31,shortage,Sandoz A/S,"Lisätietoja antaa: Sandoz A/S, Sandoz A/S, +358 10 6133415, drug.shortage_nordic@sandoz.com",2026-09-21T13:18:24.549196,51098
FI,Finland,FIMEA,Oxaliplatin Accord 5 mg/ml,,,10 ml,071198,L01XA03,2026-09-07,2026-12-31,shortage,Accord Healthcare B.V.,"Lisätietoja antaa: Accord Healthcare Oy, Accord Healthcare Oy, +358 10 2314180, asiakaspalvelu@accord-healthcare.com",2026-09-21T13:18:24.549235,79766
FI,Finland,FIMEA,Scintimun 1 mg,,,1 mg + 1 kpl,null,V09HA03,2025-09-17,2028-06-26,shortage,Telix Innovations,"Lisätietoja antaa: Telix Innovations, customerservice.emea@telixpharma.com",2026-09-21T13:18:24.549272,54305
FI,Finland,FIMEA,Scintimun 1 mg,,,2 x (1 mg + 1 kpl),null,V09HA03,2025-09-17,2028-06-26,shortage,Telix Innovations,"Lisätietoja antaa: Telix Innovations, customerservice.emea@telixpharma.com",2026-09-21T13:18:24.549308,54305
FI,Finland,FIMEA,Levocetirizin Stada 5 mg,,,100,051017,R06AE09,2026-02-03,2026-09-30,shortage,STADA Arzneimittel AG,"Lisätietoja antaa: STADA Nordic ApS, Finnish branch, Hanna Kallio, +358405570209, hanna.kallio@stada.fi",2026-09-21T13:18:24.549351,60976
FI,Finland,FIMEA,Clopidogrel Viatris 75 mg,,,28,093547,B01AC04,2025-08-20,2027-02-05,shortage,Viatris Limited,"Lisätietoja antaa: Viatris Oy, Viatris Oy asiakasinformaatio, +358 20 720 9555, infofi@viatris.com",2026-09-21T13:18:24.549390,124559
FI,Finland,FIMEA,Clopidogrel Viatris 75 mg,,,100,153309,B01AC04,2024-12-03,2027-02-01,shortage,Viatris Limited,"Lisätietoja antaa: Viatris Oy, Viatris Oy:n asiakasinformaatio, +358207209555, infofi@viatris.com",2026-09-21T13:18:24.549428,124559
FI,Finland,FIMEA,Paramax Comp 500 mg / 65 mg,,,20,427014,N02BE51,2026-09-09,2026-10-05,shortage,Vitabalans Oy,"Lisätietoja antaa: Vitabalans Oy, Jari Kovalainen, +358 50 047 6321, jari.kovalainen@vitabalans.fi",2026-09-21T13:18:24.549465,53775
FI,Finland,FIMEA,Simvastatin Ratiopharm 80 mg,,,100,390183,C10AA01,2026-05-29,2026-12-14,shortage,Teva GmbH,"Lisätietoja antaa: Teva Finland Oy, Teva Finland Oy, +358201805900, infofinland@tevapharm.com",2026-09-21T13:18:24.549502,76368
FI,Finland,FIMEA,Rosuvastatin Ratiopharm 20 mg,,,100,524701,C10AA07,2026-09-14,2026-10-26,shortage,ratiopharm GmbH,"Lisätietoja antaa: Teva Finland Oy, Jyrki Hakkarainen, +358 40 5626437, jyrki.hakkarainen@tevapharm.com",2026-09-21T13:18:24.549538,201057
FI,Finland,FIMEA,Promictan 0.4 mg,,,90,425257,G04CA02,2026-09-03,2026-10-12,shortage,Avansor Pharma Oy,"Lisätietoja antaa: Avansor Pharma Oy, Hans Lindroos, +358504666881, hans.lindroos@avansorpharma.fi",2026-09-21T13:18:24.549576,
FI,Finland,FIMEA,Xemestan 25 mg,,,100,061670,L02BG06,2026-08-05,2026-09-25,shortage,Avansor Pharma Oy,"Lisätietoja antaa: Avansor Pharma Oy, Hans Lindroos, +358504666881, hans.lindroos@avansorpharma.fi",2026-09-21T13:18:24.549613,54917
FI,Finland,FIMEA,Topotecan Ebewe 1 mg/ml,,,5 x 4 ml,471680,L01CE01,2026-06-05,2026-11-11,shortage,Ebewe Pharma Ges.m.b.H. Nfg.KG,"Lisätietoja antaa: Sandoz A/S, Sandoz A/S, +358 10 6133415, drug.shortage_nordic@sandoz.com",2026-09-21T13:18:24.549651,98728
FI,Finland,FIMEA,Esomeprazol Orion 20 mg,,,28,591465,A02BC05,2026-06-29,2026-12-14,shortage,Sun Pharmaceutical Industries Europe B.V.,"Lisätietoja antaa: Orion Oyj, Orion Call Center, +358104398250, tuoteinformaatio@orionpharma.com",2026-09-21T13:18:24.549688,94862
FI,Finland,FIMEA,Telmisartan Stada 40 mg,,,28,068332,C09CA07,2025-12-30,2026-12-31,shortage,STADA Arzneimittel AG,"Lisätietoja antaa: STADA Nordic ApS, Finnish branch, Hanna Kallio, +358405570209, hanna.kallio@stada.fi",2026-09-21T13:18:24.549726,
FI,Finland,FIMEA,Sildenafil Stada 100 mg,,,12,587110,G04BE03,2026-08-25,2026-10-31,shortage,STADA Arzneimittel AG,"Lisätietoja antaa: STADA Nordic ApS, Finnish branch, Hanna Kallio, +358405570209, hanna.kallio@stada.fi",2026-09-21T13:18:24.549763,51098
FI,Finland,FIMEA,Oftastad comp 50 mikrog/ml + 5 mg/ml,,,3 x 2.5 ml,149437,S01ED51,2026-08-05,2026-12-31,shortage,STADA Arzneimittel AG,"Lisätietoja antaa: STADA Nordic ApS, Finnish branch, Hanna Kallio, +358405570209, hanna.kallio@stada.fi",2026-09-21T13:18:24.549800,212121
FI,Finland,FIMEA,Zolmitriptan Sandoz 2.5 mg,,,6,546198,N02CC03,2025-11-17,2026-10-21,shortage,Sandoz A/S,"Lisätietoja antaa: Sandoz A/S, Sandoz A/S, +358 10 6133415, drug.shortage_nordic@sandoz.com",2026-09-21T13:18:24.549837,47651
FI,Finland,FIMEA,Zolmitriptan Sandoz 2.5 mg,,,12,181303,N02CC03,2025-11-17,2026-10-21,shortage,Sandoz A/S,"Lisätietoja antaa: Sandoz A/S, Sandoz A/S, +358 10 6133415, drug.shortage_nordic@sandoz.com",2026-09-21T13:18:24.549873,47651
FI,Finland,FIMEA,Fluoxetine Vitabalans 20 mg,,,30,138828,N06AB03,2023-10-02,2026-11-30,shortage,Vitabalans Oy,"Lisätietoja antaa: Vitabalans Oy, Jari Kovalainen, +358500476321, jari.kovalainen@vitabalans.fi",2026-09-21T13:18:24.549911,
FI,Finland,FIMEA,Fluoxetine Vitabalans 20 mg,,,100,502851,N06AB03,2023-09-16,2026-11-30,shortage,Vitabalans Oy,"Lisätietoja antaa: Vitabalans Oy, Jari Kovalainen, +358500476321, jari.kovalainen@vitabalans.fi",2026-09-21T13:18:24.549948,
FI,Finland,FIMEA,Novastan 100 mg/ml,,,2.5 ml,476345,B01AE03,2026-09-15,2026-10-30,shortage,Ethypharm,"Lisätietoja antaa: FrostPharma AB, info@frostpharma.com",2026-09-21T13:18:24.549985,100838
FI,Finland,FIMEA,Agomelatine Stada 25 mg,,,84,486452,N06AX22,2026-06-05,2026-09-30,shortage,STADA Arzneimittel AG,"Lisätietoja antaa: STADA Nordic ApS, Finnish branch, Hanna Kallio, +358405570209, hanna.kallio@stada.fi",2026-09-21T13:18:24.550021,90824
FI,Finland,FIMEA,Fexofenadine ratiopharm 120 mg,,,100,532090,R06AX26,2026-03-26,2026-10-30,shortage,Teva B.V.,"Lisätietoja antaa: Teva Finland Oy, Teva Finland Oy, +358 20 180 5900, infofinland@tevapharm.com",2026-09-21T13:18:24.550058,48739
FI,Finland,FIMEA,Fexofenadine ratiopharm 120 mg,,,30,484158,R06AX26,2026-08-14,2027-01-29,shortage,Teva B.V.,"Lisätietoja antaa: Teva Finland Oy, Teva Finland Oy, +358201805900, infofinland@tevapharm.com",2026-09-21T13:18:24.550095,48739
FI,Finland,FIMEA,Lidokain Aguettant 20 mg/ml,,,10 x 10 ml,376846,N01BB02,2025-10-01,2027-10-01,shortage,Laboratoire Aguettant,"Lisätietoja antaa: Aguettant Nordic ApS, Isabella Østergaard, +4570269955, infonordic@aguettant.dk",2026-09-21T13:18:24.550130,167967
FI,Finland,FIMEA,Lidokain Aguettant 10 mg/ml,,,10 x 10 ml,539642,N01BB02,2025-10-01,2027-10-01,shortage,Laboratoire Aguettant,"Lisätietoja antaa: Aguettant Nordic ApS, Isabella Østergaard, +4570269955, infonordic@aguettant.dk",2026-09-21T13:18:24.550167,100315
FI,Finland,FIMEA,Quetiapin Medical Valley 50 mg,,,100,542469,N05AH04,2024-10-21,2026-09-30,shortage,Medical Valley Invest AB,"Lisätietoja antaa: Medical Valley Invest AB, Matias Dyggve, +358405142515, matias.dyggve@medicalvalley.se",2026-09-21T13:18:24.550203,84182
FI,Finland,FIMEA,Fycompa 6 mg,,,28,152036,N03AX22,2026-09-25,2026-10-01,shortage,Paranova Oy,"Lisätietoja antaa: Paranova Oy, Sebastian Saari, +358 9 4391 850, info@paranova.fi",2026-09-21T13:18:24.550238,115487
FI,Finland,FIMEA,Agomelatine Viatris 25 mg,,,98,129927,N06AX22,2026-09-15,2026-10-09,shortage,Viatris Limited,"Lisätietoja antaa: Viatris Oy, Viatris Oy asiakasinformaatio, +358 20 720 9555, infofi@viatris.com",2026-09-21T13:18:24.550273,90824
FI,Finland,FIMEA,Nimotop 30 mg,,,100,530770,C08CA06,2026-01-09,2026-09-30,shortage,Orifarm Oy,"Lisätietoja antaa: Orifarm Oy, Janne Liimatta, +358 9 7746 870, suomi@orifarm.com",2026-09-21T13:18:24.550309,27596
FI,Finland,FIMEA,Abboticin 1 g,,,1 g,467014,J01FA01,2026-01-20,2026-09-30,shortage,Orifarm Oy,"Lisätietoja antaa: Orifarm Oy, Janne Liimatta, +358 9 7746 870, suomi@orifarm.com",2026-09-21T13:18:24.550344,5061
FI,Finland,FIMEA,Aprepitant STADA 80 mg,,,5,504517,A04AD12,2026-08-28,2026-11-30,shortage,STADA Arzneimittel AG,"Lisätietoja antaa: STADA Nordic ApS, Finnish branch, Hanna Kallio, +358405570209, hanna.kallio@stada.fi",2026-09-21T13:18:24.550380,75817
FI,Finland,FIMEA,Arti-Cell Forte,,,1 annos,552726,M09AX90,2023-08-14,2027-06-30,shortage,Boehringer Ingelheim Vetmedica GmbH,"Lisätietoja antaa: Vetcare Oy, Anna Hietikko, +358 400 114 783, anna.hietikko@vetcare.fi",2026-09-21T13:18:24.550415,
FI,Finland,FIMEA,Levetiracetam Stada 100 mg/ml,,,150 ml,076436,N03AX14,2026-08-03,2026-10-30,shortage,STADA Arzneimittel AG,"Lisätietoja antaa: STADA Nordic ApS, Finnish branch, Hanna Kallio, +358405570209, hanna.kallio@stada.fi",2026-09-21T13:18:24.550451,80918
FI,Finland,FIMEA,Octreotide ratiopharm 30 mg,,,30 mg + 2 ml,115593,H01CB02,2023-08-04,2028-04-01,shortage,Teva B.V.,"Lisätietoja antaa: Teva Finland Oy, Teva Finland Oy, +358 20 180 5900, infofinland@tevapharm.com",2026-09-21T13:18:24.550489,70467
FI,Finland,FIMEA,Octreotide ratiopharm 10 mg,,,10 mg + 2 ml,378425,H01CB02,2024-02-13,2028-04-01,shortage,Teva B.V.,"Lisätietoja antaa: Teva Finland Oy, Teva Finland Oy, +358 20 180 5900, infofinland@tevapharm.com",2026-09-21T13:18:24.550524,70440
FI,Finland,FIMEA,Octreotide ratiopharm 20 mg,,,20 mg + 2 ml,511578,H01CB02,2023-12-27,2028-04-01,shortage,Teva B.V.,"Lisätietoja antaa: Teva Finland Oy, Teva Finland Oy, +358 20 180 5900, infofinland@tevapharm.com",2026-09-21T13:18:24.550563,70459
FI,Finland,FIMEA,Linezolid Accord 2 mg/ml,,,10 x 300 ml,193260,J01XX08,2026-07-06,2026-09-30,shortage,Accord Healthcare B.V.,"Lisätietoja antaa: Accord Healthcare Oy, Accord Healthcare Oy, +358 10 2314180, asiakaspalvelu@accord-healthcare.com",2026-09-21T13:18:24.550599,60151
FI,Finland,FIMEA,Alfaxan Multidose 10 mg/ml,,,10 ml,428186,N01AX05,2026-06-12,2027-01-18,shortage,Zoetis Animal Health ApS,"Lisätietoja antaa: Orion Oyj, Orion Call Center, +358104398250, tuoteinformaatio@orionpharma.com",2026-09-21T13:18:24.550634,
FI,Finland,FIMEA,Alfaxan Multidose 10 mg/ml,,,20 ml,511025,N01AX05,2026-05-25,2027-01-18,shortage,Zoetis Animal Health ApS,"Lisätietoja antaa: Orion Oyj, Orion Call Center, +358104398250, tuoteinformaatio@orionpharma.com",2026-09-21T13:18:24.550673,
FI,Finland,FIMEA,Novastan 100 mg/ml,,,2.5 ml,158884,B01AE03,2026-08-04,2026-10-09,shortage,Paranova Oy,"Lisätietoja antaa: Paranova Oy, Sebastian Saari, +358 9 4391 850, info@paranova.fi",2026-09-21T13:18:24.550714,100838
FI,Finland,FIMEA,Buranagel 50 mg/g,,,50 g,036934,M02AA13,2025-11-17,2027-02-01,shortage,Orion Corporation,"Lisätietoja antaa: Orion Oyj, Orion Call Center, +358104398250, tuoteinformaatio@orionpharma.com",2026-09-21T13:18:24.550750,
FI,Finland,FIMEA,Buranagel 50 mg/g,,,100 g,036945,M02AA13,2026-02-02,2027-02-01,shortage,Orion Corporation,"Lisätietoja antaa: Orion Oyj, Orion Call Center, +358104398250, tuoteinformaatio@orionpharma.com",2026-09-21T13:18:24.550788,
FI,Finland,FIMEA,Vildagliptin/Metformin ratiopharm 50 mg / 850 mg,,,60,153180,A10BD08,2026-07-22,2027-01-25,shortage,Teva B.V.,"Lisätietoja antaa: Teva Finland Oy, Teva Finland Oy, +358201805900, infofinland@tevapharm.com",2026-09-21T13:18:24.550824,85960
FI,Finland,FIMEA,Lenalidomide Ratiopharm 15 mg,,,21,496461,L04AX04,2026-09-07,2026-10-19,shortage,Teva B.V.,"Lisätietoja antaa: Teva Finland Oy, Teva Finland Oy, +358201805900, infofinland@tevapharm.com",2026-09-21T13:18:24.550862,83925
FI,Finland,FIMEA,Atomoxetine Stada 25 mg,,,30,159387,N06BA09,2026-04-21,2026-09-30,shortage,STADA Arzneimittel AG,"Lisätietoja antaa: STADA Nordic ApS, Finnish branch, Hanna Kallio, +358405570209, hanna.kallio@stada.fi",2026-09-21T13:18:24.550899,76724
FI,Finland,FIMEA,Atomoxetine Stada 10 mg,,,30,498877,N06BA09,2026-08-31,2026-11-30,shortage,STADA Arzneimittel AG,"Lisätietoja antaa: STADA Nordic ApS, Finnish branch, Hanna Kallio, +358405570209, hanna.kallio@stada.fi",2026-09-21T13:18:24.550937,76708
FI,Finland,FIMEA,Dasatinib Stada 20 mg,,,60 x 1,027065,L01EA02,2026-07-17,2026-11-20,shortage,STADA Arzneimittel AG,"Lisätietoja antaa: STADA Nordic ApS, Finnish branch, Hanna Kallio, +358405570209, hanna.kallio@stada.fi",2026-09-21T13:18:24.550973,82112
FI,Finland,FIMEA,Dasatinib Stada 50 mg,,,60 x 1,115753,L01EA02,2026-09-07,2026-11-30,shortage,STADA Arzneimittel AG,"Lisätietoja antaa: STADA Nordic ApS, Finnish branch, Hanna Kallio, +358405570209, hanna.kallio@stada.fi",2026-09-21T13:18:24.551010,82120
FI,Finland,FIMEA,Ascorbic acid Pascoe 150 mg/ml,,,50 ml,585668,A11GA01,2026-07-09,2027-06-30,shortage,Pascoe pharmazeutische Präparate GmbH,Lisätietoja antaa: PASCOE PHARMAZEUTISCHE PRÄPARATE GMBH,2026-09-21T13:18:24.551046,
FI,Finland,FIMEA,Zonegran 100 mg,,,98,565055,N03AX15,2026-09-02,2026-12-31,shortage,Abacus Medicine A/S,"Lisätietoja antaa: Abacus Medicine A/S, Jaisa Nykänen, +358942721465, jaisa.nykanen@abacusmedicine.com",2026-09-21T13:18:24.551084,95311
FI,Finland,FIMEA,Sunitinib Sandoz 25 mg,,,28,440871,L01EX01,2026-01-09,2026-12-31,shortage,Sandoz A/S,"Lisätietoja antaa: Sandoz A/S, Sandoz A/S, +358 10 6133415, drug.shortage_nordic@sandoz.com",2026-09-21T13:18:24.551120,214205
FI,Finland,FIMEA,Cinacalcet Orion 90 mg,,,28,051306,H05BX01,2026-01-07,2026-11-30,shortage,Orion Corporation,"Lisätietoja antaa: Orion Oyj, Orion Call Center, +358104398250, tuoteinformaatio@orionpharma.com",2026-09-21T13:18:24.551160,77127
FI,Finland,FIMEA,Hevicain Spinal Tung 5 mg/ml,,,5 x 4 ml,370482,N01BB01,2024-06-01,2026-09-30,shortage,EQL Pharma AB,"Lisätietoja antaa: EQL Pharma, + 46 73 506 33 23, logistics@eqlpharma.com",2026-09-21T13:18:24.551198,39349
FI,Finland,FIMEA,Apurin Sandoz 300 mg,,,100,395850,M04AA01,2026-08-06,2026-12-31,shortage,Sandoz A/S,"Lisätietoja antaa: Sandoz A/S, Sandoz A/S, +358 10 6133415, drug.shortage_nordic@sandoz.com",2026-09-21T13:18:24.551235,3913
FI,Finland,FIMEA,Efient 10 mg,,,28,034479,B01AC22,2025-12-08,2027-12-31,shortage,Substipharm,"Lisätietoja antaa: Kurantis ApS, Tanja Breum Nielsen, +45 26524288, tbn@kurantis.com",2026-09-21T13:18:24.551272,196894
FI,Finland,FIMEA,Efient 5 mg,,,28,034468,B01AC22,2025-05-20,2027-12-31,shortage,Substipharm,"Lisätietoja antaa: Kurantis ApS, +4526524288, tbn@kurantis.com",2026-09-21T13:18:24.551320,196886
FI,Finland,FIMEA,Olanzapine Viatris 10 mg,,,100,518479,N05AH03,2026-08-29,2027-04-09,shortage,Viatris Limited,"Lisätietoja antaa: Viatris Oy, Viatris Oy asiakasinformaatio, +358 20 720 9555, infofi@viatris.com",2026-09-21T13:18:24.551367,45578
FI,Finland,FIMEA,Letrozol Accord 2.5 mg,,,30,130205,L02BG04,2026-04-15,2026-09-30,shortage,Accord Healthcare B.V.,"Lisätietoja antaa: Accord Healthcare Oy, Accord Healthcare Oy, +358 10 2314180, asiakaspalvelu@accord-healthcare.com",2026-09-21T13:18:24.551404,47724
FI,Finland,FIMEA,Javlor 25 mg/ml,,,2 ml,026101,L01CA05,2026-08-18,2027-05-01,shortage,Pierre Fabre Medicament,"Lisätietoja antaa: Pierre Fabre Pharma Norden, + 46 8 625 33 50, infonorden@pierre-fabre.com",2026-09-21T13:18:24.551441,119245
FI,Finland,FIMEA,Javlor 25 mg/ml,,,10 ml,026114,L01CA05,2026-09-01,2027-05-01,shortage,Pierre Fabre Medicament,"Lisätietoja antaa: Pierre Fabre Pharma Norden, + 46 8 625 33 50, infonorden@pierre-fabre.com",2026-09-21T13:18:24.551477,119245
FI,Finland,FIMEA,Tasminetta 0.03 mg / 3 mg,,,3 x 21,086278,G03AA12,2026-08-20,2026-09-21,shortage,Sandoz A/S,"Lisätietoja antaa: Sandoz A/S, Sandoz A/S, +358 10 6133415, drug.shortage_nordic@sandoz.com",2026-09-21T13:18:24.551514,56774
FI,Finland,FIMEA,Movicol Plain,,,100,155918,A06AD65,2026-08-26,2027-02-28,shortage,Norgine Healthcare B.V.,"Lisätietoja antaa: Norgine Denmark AS, Kristian Folkesson, +45 31 25 36 09, danmark@norgine.com",2026-09-21T13:18:24.551551,46949
FI,Finland,FIMEA,Isotretinoin Orifarm 20 mg,,,30,034370,D10BA01,2026-08-10,2026-10-31,shortage,Orifarm Generics A/S,"Lisätietoja antaa: Orifarm Healthcare Oy, Anna-Leena Haikkola, +35897746870, suomi@orifarm.com",2026-09-21T13:18:24.551588,69507
FI,Finland,FIMEA,Isotretinoin Orifarm 20 mg,,,60,034352,D10BA01,2026-02-06,2026-10-31,shortage,Orifarm Generics A/S,"Lisätietoja antaa: Orifarm Healthcare Oy, Anna-Leena Haikkola, +35897746870, suomi@orifarm.com",2026-09-21T13:18:24.551627,69507
FI,Finland,FIMEA,Isotretinoin Orifarm 20 mg,,,100,034361,D10BA01,2026-01-09,2026-10-31,shortage,Orifarm Generics A/S,"Lisätietoja antaa: Orifarm Healthcare Oy, Anna-Leena Haikkola, +35897746870, suomi@orifarm.com",2026-09-21T13:18:24.551663,69507
FI,Finland,FIMEA,Bisoproact 5 mg,,,30,437165,C07AB07,2025-10-24,2026-12-30,shortage,SanoSwiss UAB,"Lisätietoja antaa: UAB SanoSwiss, Jovita Paliliunaite, +370 695 02569, jovita.paliliunaite@sanoswiss.com",2026-09-21T13:18:24.551701,25534
FI,Finland,FIMEA,Tizanidin Orion 2 mg,,,30,062137,M03BX02,2026-06-29,2026-12-07,shortage,Orion Corporation,"Lisätietoja antaa: ORION CORPORATION, Orion Call Center, +358104398256, tuoteinformaatio@orionpharma.com",2026-09-21T13:18:24.551736,22993
FI,Finland,FIMEA,Duodart 0.5 mg / 0.4 mg,,,30,080023,G04CA52,2026-09-09,2026-09-28,shortage,GlaxoSmithKline Oy,"Lisätietoja antaa: GlaxoSmithKline Oy, Anu Aallos, +358 10 30 30 30, Anu.n.aallos@gsk.com",2026-09-21T13:18:24.551773,93661
FI,Finland,FIMEA,Losarstad Comp 100 mg / 12.5 mg,,,30,084164,C09DA01,2026-01-13,2026-12-31,shortage,STADA Arzneimittel AG,"Lisätietoja antaa: STADA Nordic ApS, Finnish branch, Hanna Kallio, +358405570209, hanna.kallio@stada.fi",2026-09-21T13:18:24.551809,81337
FI,Finland,FIMEA,Repaglinide Krka 0.5 mg,,,90,164800,A10BX02,2026-06-20,2026-10-22,shortage,KRKA d.d. Novo mesto,"Lisätietoja antaa: KRKA Finland Oy, KRKA Finland Oy, +358207545330, info.fi@krka.biz",2026-09-21T13:18:24.551845,50911
FI,Finland,FIMEA,Repaglinide Krka 2 mg,,,90,431948,A10BX02,2026-09-14,2026-11-05,shortage,KRKA d.d. Novo mesto,"Lisätietoja antaa: KRKA Finland Oy, KRKA Finland Oy, +358207545330, info.fi@krka.biz",2026-09-21T13:18:24.551881,50946
FI,Finland,FIMEA,Repaglinide Krka 1 mg,,,90,039168,A10BX02,2026-07-30,2026-10-22,shortage,KRKA d.d. Novo mesto,"Lisätietoja antaa: KRKA Finland Oy, KRKA Finland Oy, +358207545330, info.fi@krka.biz",2026-09-21T13:18:24.551920,50938
FI,Finland,FIMEA,Vagifem 10 mikrog,,,24,098460,G03CA03,2026-09-10,2026-09-21,shortage,Novo Nordisk A/S,"Lisätietoja antaa: Novo Nordisk Farma Oy, NovoInfo, +358 800 122 566, novoinfo@novonordisk.fi",2026-09-21T13:18:24.551956,105023
FI,Finland,FIMEA,Valsartore Comp 160 mg / 25 mg,,,100,394850,C09DA03,2026-09-25,2026-11-30,shortage,STADA Arzneimittel AG,"Lisätietoja antaa: STADA Nordic ApS, Finnish branch, Hanna Kallio, +358405570209, hanna.kallio@stada.fi",2026-09-21T13:18:24.551995,77097
FI,Finland,FIMEA,Temozolomid ratiopharm 100 mg,,,5,148003,L01AX03,2026-08-20,2027-01-29,shortage,ratiopharm GmbH,"Lisätietoja antaa: Teva Finland Oy, Teva Finland Oy, +358201805900, infofinland@tevapharm.com",2026-09-21T13:18:24.552035,52329
FI,Finland,FIMEA,Tenkasi 400 mg,,,3 x 400 mg,433794,J01XA05,2026-03-11,2026-09-30,shortage,Menarini International Operations Luxembourg S.A.,"Lisätietoja antaa: Berlin-Chemie/A. Menarini Suomi Oy, Daniela Wollstén, +358403000760, nordics@berlin-chemie.com",2026-09-21T13:18:24.552075,
FI,Finland,FIMEA,Lixiana 60 mg,,,30,579911,B01AF03,2026-09-15,2026-11-15,shortage,Daiichi Sankyo Europe GmbH,"Lisätietoja antaa: Organon Finland Oy, Organon Finland Oy, Lääkeinformaatiopalvelu, +358291703520, dpoc.finland@organon.com",2026-09-21T13:18:24.552113,128201
FI,Finland,FIMEA,Lixiana 60 mg,,,100,408102,B01AF03,2026-10-02,2026-12-20,shortage,Daiichi Sankyo Europe GmbH,"Lisätietoja antaa: Organon Finland Oy, Organon Finland Oy, Lääkeinformaatiopalvelu, +358291703520, dpoc.finland@organon.com",2026-09-21T13:18:24.552150,128201
FI,Finland,FIMEA,Paracetamol Accord 500 mg,,,30,510281,N02BE01,2026-06-29,2026-09-30,shortage,Accord Healthcare B.V.,"Lisätietoja antaa: Accord Healthcare Oy, Accord Healthcare Oy, +358 10 2314180, asiakaspalvelu@accord-healthcare.com",2026-09-21T13:18:24.552186,67903
FI,Finland,FIMEA,Fampyra 10 mg,,,56,380901,N07XX07,2025-10-24,2026-12-31,shortage,Paranova Oy,"Lisätietoja antaa: Paranova Oy, Sebastian Saari, +358 9 4391 850, info@paranova.fi",2026-09-21T13:18:24.552223,101826
FI,Finland,FIMEA,Ketipinor 400 mg,,,100,586049,N05AH04,2025-01-08,2026-11-30,shortage,Orion Corporation,"Lisätietoja antaa: Orion Oyj, Orion Call Center, +358104398256, tuoteinformaatio@orionpharma.com",2026-09-21T13:18:24.552275,84212
FI,Finland,FIMEA,Kaliumklorid Orifarm 750 mg,,,100,525958,A12BA01,2026-07-22,2026-10-30,shortage,Orifarm Generics A/S,"Lisätietoja antaa: Orifarm Healthcare Oy, Anna-Leena Haikkola, +35897746870, suomi@orifarm.com",2026-09-21T13:18:24.552313,
FI,Finland,FIMEA,Lenzetto 1.53 mg/suihke,,,56 suihketta,053018,G03CA03,2026-08-15,2026-12-31,shortage,Gedeon Richter Plc,Lisätietoja antaa: Gedeon Richter Nordics AB,2026-09-21T13:18:24.552349,167266
FI,Finland,FIMEA,Lenzetto 1.53 mg/suihke,,,3 x 56 suihketta,396436,G03CA03,2026-08-15,2026-12-31,shortage,Gedeon Richter Plc,Lisätietoja antaa: Gedeon Richter Nordics AB,2026-09-21T13:18:24.552387,167266
FI,Finland,FIMEA,Tadalafil Mylan 5 mg,,,84,564514,G04BE08,2026-06-27,2027-04-15,shortage,Mylan Pharmaceuticals Limited,"Lisätietoja antaa: Viatris Oy, Viatris Oy asiakasinformaatio, +358 20 720 9555, infofi@viatris.com",2026-09-21T13:18:24.552423,86274
FI,Finland,FIMEA,Oxycodone/Naloxone Stada 5 mg / 2.5 mg,,,98 x 1,495426,N02AA55,2026-08-12,2026-10-31,shortage,STADA Arzneimittel AG,"Lisätietoja antaa: STADA Nordic ApS, Finnish branch, Hanna Kallio, +358405570209, hanna.kallio@stada.fi",2026-09-21T13:18:24.552459,90220
FI,Finland,FIMEA,Rosuvastatin Actavis 15 mg,,,28,468292,C10AA07,2026-09-11,2026-11-03,shortage,ratiopharm GmbH,"Lisätietoja antaa: Teva Finland Oy, Teva Finland Oy, +358 20 180 5900, infofinland@tevapharm.com",2026-09-21T13:18:24.552495,
FI,Finland,FIMEA,Rosuvastatin Actavis 15 mg,,,98,521812,C10AA07,2026-09-03,2026-10-30,shortage,ratiopharm GmbH,"Lisätietoja antaa: Teva Finland Oy, Teva Finland Oy, +358201805900, infofinland@tevapharm.com",2026-09-21T13:18:24.552533,
FI,Finland,FIMEA,Cyclance vet 100 mg/ml,,,15 ml,538758,L04AD01,2026-09-09,2026-12-07,shortage,Virbac,"Lisätietoja antaa: Biofarm Oy, Mikko Koivu, +358500817609, mikko.koivu@biofarm.fi",2026-09-21T13:18:24.552571,40843
FI,Finland,FIMEA,Cyclance vet 100 mg/ml,,,50 ml,470753,L04AD01,2026-08-14,2026-12-07,shortage,Virbac,"Lisätietoja antaa: Biofarm Oy, Mikko Koivu, +358500817609, mikko.koivu@biofarm.fi",2026-09-21T13:18:24.552609,40843
FI,Finland,FIMEA,Azithromycin Krka 500 mg,,,2,447026,J01FA10,2026-09-24,2026-12-17,shortage,KRKA d.d. Novo mesto,"Lisätietoja antaa: KRKA Finland Oy, KRKA Finland Oy, +358207545330, info.fi@krka.biz",2026-09-21T13:18:24.552644,115002
FI,Finland,FIMEA,Azithromycin Krka 250 mg,,,6,518045,J01FA10,2024-10-24,2026-11-05,shortage,KRKA d.d. Novo mesto,"Lisätietoja antaa: KRKA Finland Oy, KRKA Finland Oy, +358207545330, info.fi@krka.biz",2026-09-21T13:18:24.552682,114995
FI,Finland,FIMEA,Cefepim MIP Pharma 2 g,,,10,491131,J01DE01,2026-07-31,2026-10-31,shortage,MIP Pharma GmbH,"Lisätietoja antaa: MIP Pharma GmbH Germany, Angela Wittmann, +49 8502 9184 430, angela.wittmann@mip-pharma.de",2026-09-21T13:18:24.552719,204331
FI,Finland,FIMEA,Bupropion Sandoz 150 mg,,,30,087904,N06AX12,2026-07-21,2027-01-14,shortage,Sandoz A/S,"Lisätietoja antaa: Sandoz A/S, Sandoz A/S, +358 10 6133415, drug.shortage_nordic@sandoz.com",2026-09-21T13:18:24.552759,
FI,Finland,FIMEA,Bupropion Sandoz 150 mg,,,90,061920,N06AX12,2026-05-04,2026-12-23,shortage,Sandoz A/S,"Lisätietoja antaa: Sandoz A/S, Sandoz A/S, +358 10 6133415, drug.shortage_nordic@sandoz.com",2026-09-21T13:18:24.552795,82880
FI,Finland,FIMEA,Iluvien 190 mikrog,,,1,506248,S01BA15,2026-08-08,2026-10-30,shortage,Alimera Sciences Europe Limited,"Lisätietoja antaa: Horus Pharma AB, Johan Wetterberg, +46 763 072 481, johan.wetterberg@linkmedical.eu",2026-09-21T13:18:24.552832,204315
FI,Finland,FIMEA,Modulis vet 100 mg/ml,,,15 ml,515653,L04AD01,2026-07-15,2026-09-30,shortage,Ceva Santé Animale,"Lisätietoja antaa: Vet Medic Animal Health Oy, Mikko Suominen, +358 50 5021700, mikko.suominen@vetmedic.fi",2026-09-21T13:18:24.552869,40843
FI,Finland,FIMEA,Modulis vet 100 mg/ml,,,30 ml,054611,L04AD01,2026-07-13,2026-09-30,shortage,Ceva Santé Animale,"Lisätietoja antaa: Vet Medic Animal Health Oy, Mikko Suominen, +358 50 5021700, mikko.suominen@vetmedic.fi",2026-09-21T13:18:24.552905,40843
FI,Finland,FIMEA,Modulis vet 100 mg/ml,,,50 ml,387724,L04AD01,2026-07-13,2026-09-30,shortage,Ceva Santé Animale,"Lisätietoja antaa: Vet Medic Animal Health Oy, Mikko Suominen, +358 50 5021700, mikko.suominen@vetmedic.fi",2026-09-21T13:18:24.552942,40843
FI,Finland,FIMEA,Mitomycin Accord 20 mg,,,20 mg,463816,L01DC03,2026-01-01,2026-09-30,shortage,Accord Healthcare B.V.,"Lisätietoja antaa: Accord Healthcare Oy, Accord Healthcare Oy, +358 10 2314180, asiakaspalvelu@accord-healthcare.com",2026-09-21T13:18:24.552978,
FI,Finland,FIMEA,Ketamin Abcur 50 mg/ml,,,10 x 5 ml,048324,N01AX03,2023-12-22,2026-12-31,shortage,Abcur AB,"Lisätietoja antaa: Abcur AB, +46 42 135770, InfoAbcur@advanzpharma.com",2026-09-21T13:18:24.553015,143553
FI,Finland,FIMEA,Ketamin Abcur 10 mg/ml,,,10 x 5 ml,520279,N01AX03,2023-11-22,2026-12-31,shortage,Abcur AB,"Lisätietoja antaa: Abcur AB, +46 42 135770, InfoAbcur@advanzpharma.com",2026-09-21T13:18:24.553051,143553
FI,Finland,FIMEA,Granisetron Baxter 1 mg/ml,,,5 x 1 ml,559845,A04AA02,2025-11-08,2026-12-31,shortage,Baxter Holding B.V.,"Lisätietoja antaa: Baxter Oy, Katriina Itäaho, +358405679926, katriina_itaaho@baxter.com",2026-09-21T13:18:24.553087,50989
FI,Finland,FIMEA,Adempas 1.5 mg,,,42,561780,C02KX05,2026-05-18,2026-10-15,shortage,Bayer AG,"Lisätietoja antaa: MSD Finland Oy, Merita Suomalainen, +3589804650, info@msd.com",2026-09-21T13:18:24.553122,124664
FI,Finland,FIMEA,Duloxetine Accord 30 mg,,,98,567561,N06AX21,2026-05-30,2027-01-29,shortage,Accord Healthcare B.V.,"Lisätietoja antaa: Accord Healthcare Oy, Accord Healthcare Oy, +358 10 2314180, asiakaspalvelu@accord-healthcare.com",2026-09-21T13:18:24.553158,79057
FI,Finland,FIMEA,Duloxetine Accord 60 mg,,,28,118477,N06AX21,2026-07-08,2026-12-31,shortage,Accord Healthcare B.V.,"Lisätietoja antaa: Accord Healthcare Oy, Accord Healthcare Oy, +358 10 2314180, asiakaspalvelu@accord-healthcare.com",2026-09-21T13:18:24.553193,79065
FI,Finland,FIMEA,Duloxetin Stada 40 mg,,,56,168806,N06AX21,2026-06-07,2027-06-18,shortage,STADA Arzneimittel AG,"Lisätietoja antaa: STADA Nordic ApS, Finnish branch, Hanna Kallio, +358405570209, hanna.kallio@stada.fi",2026-09-21T13:18:24.553230,
FI,Finland,FIMEA,Duloxetin Stada 20 mg,,,28,507610,N06AX21,2026-08-24,2027-06-18,shortage,STADA Arzneimittel AG,"Lisätietoja antaa: STADA Nordic ApS, Finnish branch, Hanna Kallio, +358405570209, hanna.kallio@stada.fi",2026-09-21T13:18:24.553266,
FI,Finland,FIMEA,Hydroxyzine Orifarm 25 mg,,,100,403190,N05BB01,2026-08-31,2026-12-09,shortage,Orifarm Generics A/S,"Lisätietoja antaa: Orifarm Healthcare Oy, Anna-Leena Haikkola, +35897746870, suomi@orifarm.com",2026-09-21T13:18:24.553303,23175
FI,Finland,FIMEA,Calciumfolinat Fresenius Kabi 10 mg/ml,,,10 x 50 ml,186942,V03AF03,2026-08-31,2026-09-30,shortage,Fresenius Kabi Deutschland GmbH,"Lisätietoja antaa: Fresenius Kabi Ab, sivuliike Suomessa, Fresenius Kabi, +35894281550, asiakaspalvelu@fresenius-kabi.com",2026-09-21T13:18:24.553340,67350
FI,Finland,FIMEA,Olanzapin Orion 10 mg,,,28,116091,N05AH03,2026-09-01,2026-11-09,shortage,Orion Corporation,"Lisätietoja antaa: Orion Oyj, Orion Call Center, +358104398250, tuoteinformaatio@orionpharma.com",2026-09-21T13:18:24.553376,45578
FI,Finland,FIMEA,Olanzapin Orion 5 mg,,,98,469470,N05AH03,2026-09-14,2026-11-09,shortage,Orion Corporation,"Lisätietoja antaa: Orion Oyj, Orion Call Center, +358104398250, tuoteinformaatio@orionpharma.com",2026-09-21T13:18:24.553412,45543
FI,Finland,FIMEA,Tanonalla 10 mg / 5 mg,,,30 x 1,057291,N02AA55,2026-07-09,2026-09-30,shortage,Sandoz A/S,"Lisätietoja antaa: Sandoz A/S, Ropi Heikkilä, +358 50 592 5710, ropi.heikkila@sandoz.com",2026-09-21T13:18:24.553448,88838
FI,Finland,FIMEA,Tanonalla 40 mg / 20 mg,,,30 x 1,450131,N02AA55,2026-08-26,2026-09-30,shortage,Sandoz A/S,"Lisätietoja antaa: Sandoz A/S, Sandoz A/S, +358 10 6133415, drug.shortage_nordic@sandoz.com",2026-09-21T13:18:24.553485,90239
FI,Finland,FIMEA,Kaliumklorid Sandoz 750 mg,,,250,386712,A12BA01,2025-06-04,2026-12-31,shortage,Sandoz A/S,"Lisätietoja antaa: Sandoz A/S, Sandoz A/S, +358 10 6133415, drug.shortage_nordic@sandoz.com",2026-09-21T13:18:24.553521,
FI,Finland,FIMEA,Kaliumklorid Sandoz 750 mg,,,100,483055,A12BA01,2026-01-23,2026-12-31,shortage,Sandoz A/S,"Lisätietoja antaa: Sandoz A/S, Sandoz A/S, +358 10 6133415, drug.shortage_nordic@sandoz.com",2026-09-21T13:18:24.553557,
FI,Finland,FIMEA,Perindopril/Amlodipin Krka 4 mg / 5 mg,,,90,450802,C09BB04,2026-08-21,2026-10-08,shortage,KRKA d.d. Novo mesto,"Lisätietoja antaa: KRKA Finland Oy, KRKA Finland Oy, +358207545330, info.fi@krka.biz",2026-09-21T13:18:24.553597,123544
FI,Finland,FIMEA,Furosemide Norameda 10 mg/ml,,,10 x 2 ml,567782,C03CA01,2026-04-24,2028-05-24,shortage,UAB Norameda,"Lisätietoja antaa: UAB Norameda, Rita Norvaišienė, +370 230 65 11, r.norvaisiene@norameda.com",2026-09-21T13:18:24.553634,1651
FI,Finland,FIMEA,Biquetan 300 mg,,,10,506056,N05AH04,2025-01-20,2026-09-30,shortage,STADA Arzneimittel AG,"Lisätietoja antaa: STADA Nordic ApS, Finnish branch, Hanna Kallio, +358405570209, hanna.kallio@stada.fi",2026-09-21T13:18:24.553670,60283
FI,Finland,FIMEA,Biquetan 300 mg,,,100,404709,N05AH04,2025-01-20,2026-09-30,shortage,STADA Arzneimittel AG,"Lisätietoja antaa: STADA Nordic ApS, Finnish branch, Hanna Kallio, +358405570209, hanna.kallio@stada.fi",2026-09-21T13:18:24.553713,60283
FI,Finland,FIMEA,Biquetan 200 mg,,,60,112930,N05AH04,2025-01-20,2026-09-30,shortage,STADA Arzneimittel AG,"Lisätietoja antaa: STADA Nordic ApS, Finnish branch, Hanna Kallio, +358405570209, hanna.kallio@stada.fi",2026-09-21T13:18:24.553750,50776
FI,Finland,FIMEA,Biquetan 200 mg,,,100,154547,N05AH04,2025-01-20,2026-09-30,shortage,STADA Arzneimittel AG,"Lisätietoja antaa: STADA Nordic ApS, Finnish branch, Hanna Kallio, +358405570209, hanna.kallio@stada.fi",2026-09-21T13:18:24.553787,50776
FI,Finland,FIMEA,Biquetan 400 mg,,,100,037398,N05AH04,2025-01-20,2026-10-16,shortage,STADA Arzneimittel AG,"Lisätietoja antaa: STADA Nordic ApS, Finnish branch, Hanna Kallio, +358405570209, hanna.kallio@stada.fi",2026-09-21T13:18:24.553823,84212
FI,Finland,FIMEA,Solifenacin Stada 10 mg,,,30,460831,G04BD08,2026-07-15,2026-09-30,shortage,STADA Arzneimittel AG,"Lisätietoja antaa: STADA Nordic ApS, Finnish branch, Hanna Kallio, +358405570209, hanna.kallio@stada.fi",2026-09-21T13:18:24.553860,75345
FI,Finland,FIMEA,Sunitinib Ratiopharm 12.5 mg,,,28,572402,L01EX01,2025-12-11,2026-12-31,shortage,ratiopharm GmbH,"Lisätietoja antaa: Teva Finland Oy, Jyrki Hakkarainen, +358405626437, jyrki.hakkarainen@tevapharm.com",2026-09-21T13:18:24.553897,214191
FI,Finland,FIMEA,Serkep 25 mikrog / 125 mikrog / annos,,,120 annosta,432208,R03AK06,2026-09-30,2026-12-15,shortage,Viatris Limited,"Lisätietoja antaa: Viatris Oy, Viatris Oy:n asiakasinformaatio, +358207209555, infofi@viatris.com",2026-09-21T13:18:24.553933,62529
FI,Finland,FIMEA,Oxycodone/Naloxone Krka 10 mg / 5 mg,,,28 x 1,426738,N02AA55,2023-09-26,2026-10-22,shortage,KRKA d.d. Novo mesto,"Lisätietoja antaa: Krka Finland Oy, Krka Finland Oy, +358 20 754 5330, info.fi@krka.biz",2026-09-21T13:18:24.553970,88838
FI,Finland,FIMEA,Biquetan 50 mg,,,100,519544,N05AH04,2024-10-07,2026-09-30,shortage,STADA Arzneimittel AG,"Lisätietoja antaa: STADA Nordic ApS, Finnish branch, Hanna Kallio, +358405570209, hanna.kallio@stada.fi",2026-09-21T13:18:24.554005,84182
FI,Finland,FIMEA,Vardenafil Stada 10 mg,,,12,512511,G04BE09,2026-05-28,2026-10-31,shortage,STADA Arzneimittel AG,"Lisätietoja antaa: STADA Nordic ApS, Finnish branch, Hanna Kallio, +358405570209, hanna.kallio@stada.fi",2026-09-21T13:18:24.554042,69205
FI,Finland,FIMEA,Vardenafil Stada 10 mg,,,4,183374,G04BE09,2025-03-27,2026-10-31,shortage,STADA Arzneimittel AG,"Lisätietoja antaa: STADA Nordic ApS, Finnish branch, Hanna Kallio, +358405570209, hanna.kallio@stada.fi",2026-09-21T13:18:24.554077,69205
FI,Finland,FIMEA,Vardenafil Stada 20 mg,,,12,522398,G04BE09,2026-05-28,2026-10-31,shortage,STADA Arzneimittel AG,"Lisätietoja antaa: STADA Nordic ApS, Finnish branch, Hanna Kallio, +358405570209, hanna.kallio@stada.fi",2026-09-21T13:18:24.554113,69213
FI,Finland,FIMEA,Vardenafil Stada 20 mg,,,4,574614,G04BE09,2026-07-09,2026-10-31,shortage,STADA Arzneimittel AG,"Lisätietoja antaa: STADA Nordic ApS, Finnish branch, Hanna Kallio, +358405570209, hanna.kallio@stada.fi",2026-09-21T13:18:24.554150,69213
FI,Finland,FIMEA,Aripiprazole Ratiopharm 5 mg,,,28,105522,N05AX12,2026-05-29,2026-11-02,shortage,ratiopharm GmbH,"Lisätietoja antaa: Teva Finland Oy, Teva Finland Oy, +358201805900, infofinland@tevapharm.com",2026-09-21T13:18:24.554187,117633
FI,Finland,FIMEA,Aripiprazole Ratiopharm 5 mg,,,98,114391,N05AX12,2026-05-20,2026-11-02,shortage,ratiopharm GmbH,"Lisätietoja antaa: Teva Finland Oy, Teva Finland Oy, +358201805900, infofinland@tevapharm.com",2026-09-21T13:18:24.554224,117633
FI,Finland,FIMEA,Mometason Orion 50 mikrog/annos,,,3 x 140 annosta,462488,R01AD09,2026-06-08,2026-09-28,shortage,Orion Corporation,"Lisätietoja antaa: Orion Oyj, Orion Call Center, +358104398250, tuoteinformaatio@orionpharma.com",2026-09-21T13:18:24.554260,52434
FI,Finland,FIMEA,Bendamustine Accord 2.5 mg/ml,,,5 x 25 mg,445339,L01AA09,2026-09-03,2026-10-30,shortage,Accord Healthcare B.V.,"Lisätietoja antaa: Accord Healthcare Oy, Accord Healthcare Oy, +358 10 2314180, asiakaspalvelu@accord-healthcare.com",2026-09-21T13:18:24.554296,
FI,Finland,FIMEA,Invicorp 25 mikrog / 2 mg,,,2 x 0.35 ml,042031,G04BE30,2026-05-18,2026-10-08,shortage,Evolan Pharma AB,"Lisätietoja antaa: Evolan Pharma AB, Juha Waisanen, +358173690033, info@swanmedica.fi",2026-09-21T13:18:24.554332,62383
FI,Finland,FIMEA,Ezetimib Krka 10 mg,,,30,183455,C10AX09,2026-05-27,2026-10-22,shortage,KRKA d.d. Novo mesto,"Lisätietoja antaa: KRKA Finland Oy, KRKA Finland Oy, +358207545330, info.fi@krka.biz",2026-09-21T13:18:24.554368,70645
FI,Finland,FIMEA,Zelys 5 mg,,,96,473944,C01CE90,2026-10-05,2026-11-30,shortage,Ceva Santé Animale,"Lisätietoja antaa: Orion Oyj, Orion Call Center, +358104398250, tuoteinformaatio@orionpharma.com",2026-09-21T13:18:24.554407,
FI,Finland,FIMEA,Fixopost 50 mikrog/ml + 5 mg/ml,,,30 x 0.2 ml,599946,S01ED51,2026-08-15,2026-10-01,shortage,Laboratoires Thea,"Lisätietoja antaa: Théa Nordic AB, Malin Forssell, +46 8 33 37 80, info.nordic@theapharma.com",2026-09-21T13:18:24.554446,212156
FI,Finland,FIMEA,Fixopost 50 mikrog/ml + 5 mg/ml,,,90 x 0.2 ml,455299,S01ED51,2026-08-04,2026-10-01,shortage,Laboratoires Thea,"Lisätietoja antaa: Théa Nordic AB, Malin Forssell, +46 70 389 45 00, malin.forssell@theapharma.com",2026-09-21T13:18:24.554483,212156
FI,Finland,FIMEA,Bunalict 2 mg / 0.5 mg,,,28 x 1,174073,N07BC51,2026-05-05,2026-10-21,shortage,Sandoz A/S,"Lisätietoja antaa: Sandoz A/S, Sandoz A/S, +358 10 6133415, drug.shortage_nordic@sandoz.com",2026-09-21T13:18:24.554519,82155
FI,Finland,FIMEA,Bunalict 8 mg / 2 mg,,,28 x 1,513519,N07BC51,2026-02-05,2026-12-23,shortage,Sandoz A/S,"Lisätietoja antaa: Sandoz A/S, Sandoz A/S, +358 10 6133415, drug.shortage_nordic@sandoz.com",2026-09-21T13:18:24.554556,82163
FI,Finland,FIMEA,Solifenacin Krka 5 mg,,,30,545639,G04BD08,2026-03-08,2026-09-24,shortage,KRKA d.d. Novo mesto,"Lisätietoja antaa: KRKA Finland Oy, KRKA Finland Oy, +358207545330, info.fi@krka.biz",2026-09-21T13:18:24.554593,75337
FI,Finland,FIMEA,Solifenacin Krka 5 mg,,,100,585905,G04BD08,2026-08-17,2026-09-24,shortage,KRKA d.d. Novo mesto,"Lisätietoja antaa: KRKA Finland Oy, KRKA Finland Oy, +358207545330, info.fi@krka.biz",2026-09-21T13:18:24.554630,75337
FI,Finland,FIMEA,Solifenacin Krka 10 mg,,,100,171292,G04BD08,2026-09-10,2026-10-01,shortage,KRKA d.d. Novo mesto,"Lisätietoja antaa: KRKA Finland Oy, KRKA Finland Oy, +358207545330, info.fi@krka.biz",2026-09-21T13:18:24.554666,75345
FI,Finland,FIMEA,Advagraf 3 mg,,,50,540878,L04AD02,2025-06-23,2026-10-31,shortage,Orifarm Oy,"Lisätietoja antaa: Orifarm Oy, Janne Liimatta, +358 9 7746 870, suomi@orifarm.com",2026-09-21T13:18:24.554702,96164
FI,Finland,FIMEA,Advagraf 5 mg,,,50,196986,L04AD02,2026-07-06,2026-10-30,shortage,Orifarm Oy,"Lisätietoja antaa: Orifarm Oy, Janne Liimatta, +358 9 7746 870, suomi@orifarm.com",2026-09-21T13:18:24.554738,96172
FI,Finland,FIMEA,Posaconazole STADA 100 mg,,,24 x 1,535763,J02AC04,2026-10-05,2026-12-31,shortage,STADA Arzneimittel AG,"Lisätietoja antaa: STADA Nordic ApS, Finnish branch, Hanna Kallio, +358405570209, hanna.kallio@stada.fi",2026-09-21T13:18:24.554774,117498
FI,Finland,FIMEA,Dutasteride/Tamsulosin Orion 0.5 mg / 0.4 mg,,,30,531593,G04CA52,2026-03-30,2026-10-05,shortage,Orion Corporation,"Lisätietoja antaa: Orion Oyj, Orion Call Center, +358104398250, tuoteinformaatio@orionpharma.com",2026-09-21T13:18:24.554812,93661
FI,Finland,FIMEA,Mircera 150 mikrog / 0.3 ml,,,150 mikrog,180755,B03XA03,2026-09-07,2026-10-31,shortage,Paranova Oy,"Lisätietoja antaa: Paranova Oy, Sebastian Saari, +358 9 4391 850, info@paranova.fi",2026-09-21T13:18:24.554849,83984
FI,Finland,FIMEA,Zoladex 3.6 mg,,,1,386681,L02AE03,2025-09-12,2026-10-30,shortage,Paranova Oy,"Lisätietoja antaa: Paranova Oy, Sebastian Saari, +358 9 4391 850, info@paranova.fi",2026-09-21T13:18:24.554886,26786
FI,Finland,FIMEA,Amlodipin/Valsartan/Hydrochlorothiazide Orion 10 mg / 160 mg / 12.5 mg,,,98,179486,C09DX01,2026-10-02,2026-11-02,shortage,Orion Corporation,"Lisätietoja antaa: Orion Oyj, Orion Call Center, +358104398250, tuoteinformaatio@orionpharma.com",2026-09-21T13:18:24.554922,123447
FI,Finland,FIMEA,Amlodipin/Valsartan Orion 10 mg / 160 mg,,,98,455513,C09DB01,2026-07-27,2026-11-02,shortage,Orion Corporation,"Lisätietoja antaa: ORION CORPORATION, Orion Call Center, +358104398250, tuoteinformaatio@orionpharma.com",2026-09-21T13:18:24.554958,123501
FI,Finland,FIMEA,Dutasteride/Tamsulosinhydrochlorid Stada 0.5 mg / 0.4 mg,,,90,428493,G04CA52,2026-09-05,2026-11-30,shortage,STADA Arzneimittel AG,"Lisätietoja antaa: STADA Nordic ApS, Finnish branch, Hanna Kallio, +358405570209, hanna.kallio@stada.fi",2026-09-21T13:18:24.554996,93661
FI,Finland,FIMEA,Amlodipin/Valsartan/Hydrochlorothiazide Orion 5 mg / 160 mg / 12.5 mg,,,98,114695,C09DX01,2026-08-31,2026-10-05,shortage,Orion Corporation,"Lisätietoja antaa: ORION CORPORATION, Orion Call Center, +358104398250, tuoteinformaatio@orionpharma.com",2026-09-21T13:18:24.555034,123420
FI,Finland,FIMEA,Dutasteride/Tamsulosinhydrochlorid ratiopharm 0.5 mg / 0.4 mg,,,30,069956,G04CA52,2026-09-30,2026-11-30,shortage,Teva B.V.,"Lisätietoja antaa: Teva Finland Oy, Teva Finland Oy, +358201805900, infofinland@tevapharm.com",2026-09-21T13:18:24.555069,93661
FI,Finland,FIMEA,Sunitinib Stada 50 mg,,,28 x 1,114799,L01EX01,2026-09-07,2026-12-31,shortage,STADA Arzneimittel AG,"Lisätietoja antaa: STADA Nordic ApS, Finnish branch, Hanna Kallio, +358405570209, hanna.kallio@stada.fi",2026-09-21T13:18:24.555106,214213
FI,Finland,FIMEA,Insulin Lispro Sanofi 100 U/ml,,,5 x 3 ml,058290,A10AB04,2026-08-05,2027-12-31,shortage,Sanofi Winthrop Industrie,"Lisätietoja antaa: Sanofi Oy, Manon Duchemin, +358 201200300, regulatory.finland@sanofi.com",2026-09-21T13:18:24.555142,65846
FI,Finland,FIMEA,Insulin Lispro Sanofi 100 U/ml,,,5 x 3 ml,117084,A10AB04,2026-09-02,2027-12-31,shortage,Sanofi Winthrop Industrie,"Lisätietoja antaa: Sanofi Oy, Manon Duchemin, +358 201200300, regulatory.finland@sanofi.com",2026-09-21T13:18:24.555179,65846
FI,Finland,FIMEA,Dutasteride Medical Valley 0.5 mg,,,90,161925,G04CB02,2025-12-18,2027-04-30,shortage,Medical Valley Invest AB,"Lisätietoja antaa: Medical Valley Invest AB, Matias Dyggve, +358405142515, matias.dyggve@medicalvalley.se",2026-09-21T13:18:24.555215,68195
FI,Finland,FIMEA,Pramipexol Stada 2.62 mg,,,100,589646,N04BC05,2026-08-18,2026-12-31,shortage,STADA Arzneimittel AG,"Lisätietoja antaa: STADA Nordic ApS, Finnish branch, Hanna Kallio, +358405570209, hanna.kallio@stada.fi",2026-09-21T13:18:24.555252,94129
FI,Finland,FIMEA,Natriumoksibaatti Kalceks 500 mg/ml,,,180 ml,100964,N07XX04,2026-09-11,2026-10-19,shortage,AS Kalceks,"Lisätietoja antaa: Grindeks Kalceks Suomi Oy, Jari Puolakka, +358405356796, jari.puolakka@grindeks.fi",2026-09-21T13:18:24.555288,81469
FI,Finland,FIMEA,Candecam 16 mg / 10 mg,,,98,497105,C09DB07,2026-08-25,2026-10-29,shortage,KRKA d.d. Novo mesto,"Lisätietoja antaa: KRKA Finland Oy, KRKA Finland Oy, +358207545330, info.fi@krka.biz",2026-09-21T13:18:24.555324,
FI,Finland,FIMEA,Atrovent Eco 20 mikrog/annos,,,200 annosta,121099,R03BB01,2026-07-31,2026-10-30,shortage,Orifarm Oy,"Lisätietoja antaa: Orifarm Oy, Janne Liimatta, +358 9 7746 870, suomi@orifarm.com",2026-09-21T13:18:24.555360,73377
FI,Finland,FIMEA,Trimopan 100 mg,,,30,580092,J01EA01,2026-08-10,2026-09-21,shortage,Orion Corporation,"Lisätietoja antaa: ORION CORPORATION, Orion Call Center, +358104398250, tuoteinformaatio@orionpharma.com",2026-09-21T13:18:24.555396,15725
FI,Finland,FIMEA,A-Pen 500 mg,,,5 x 500 mg,583260,J01CA01,2026-06-08,2027-01-25,shortage,Orion Corporation,"Lisätietoja antaa: Orion Oyj, Orion Call Center, +358104398250, tuoteinformaatio@orionpharma.com",2026-09-21T13:18:24.555432,
FI,Finland,FIMEA,Apolar 0.1 %,,,15 g,117333,D07AB08,2026-09-02,2027-01-29,shortage,Teva B.V.,"Lisätietoja antaa: Teva Finland Oy, Teva Finland Oy, +358201805900, infofinland@tevapharm.com",2026-09-21T13:18:24.555467,
FI,Finland,FIMEA,Apolar 0.1 %,,,50 g,117341,D07AB08,2026-07-16,2027-01-29,shortage,Teva B.V.,"Lisätietoja antaa: Teva Finland Oy, Teva Finland Oy, +358201805900, infofinland@tevapharm.com",2026-09-21T13:18:24.555504,
FI,Finland,FIMEA,Rimapen 600 mg,,,30,490441,J04AB02,2026-08-31,2026-10-05,shortage,Orion Corporation,"Lisätietoja antaa: Orion Oyj, Orion Call Center, +358104398250, tuoteinformaatio@orionpharma.com",2026-09-21T13:18:24.555539,21237
FI,Finland,FIMEA,Divigel 0.5 mg,,,28 x 0.5 g,383165,G03CA03,2026-01-15,2026-12-31,shortage,Orion Corporation,"Lisätietoja antaa: Orion Oyj, Orion Call Center, +358104398250, tuoteinformaatio@orionpharma.com",2026-09-21T13:18:24.555575,
FI,Finland,FIMEA,Synulox vet 40 mg/ml,,,15 ml,421891,J01CR02,2026-08-06,2026-10-31,shortage,Zoetis Animal Health ApS,"Lisätietoja antaa: Zoetis Finland Oy, Tiina Ojala, +358 45 78853211, tiina.ojala@zoetis.com",2026-09-21T13:18:24.555612,
FI,Finland,FIMEA,Kvilla,,,200 ml,168120,R05CA10,2024-01-05,2027-06-15,shortage,Evolan Pharma AB,"Lisätietoja antaa: SwanMedica Oy, Juha Waisanen, +358173690033, juha.waisanen@swanmedica.com",2026-09-21T13:18:24.555650,125962
FI,Finland,FIMEA,Pratsiol 1 mg,,,100,013557,C02CA01,2026-08-26,2026-10-12,shortage,Orion Corporation,"Lisätietoja antaa: Orion Oyj, Orion Call Center, +358104398250, tuoteinformaatio@orionpharma.com",2026-09-21T13:18:24.555686,
FI,Finland,FIMEA,Diprosalic 0.5 mg/g + 20 mg/g,,,100 ml,082040,D07XC01,2026-07-31,2026-10-18,shortage,N.V. Organon,"Lisätietoja antaa: Organon Finland Oy, Organon Finland Oy, Lääkeinformatiopalvelu, +358291703520, dpoc.finland@organon.com",2026-09-21T13:18:24.555722,
FI,Finland,FIMEA,Lariam 250 mg,,,8,005884,P01BC02,2026-07-01,2026-09-30,shortage,Cheplapharm Arzneimittel GmbH,"Lisätietoja antaa: CHEPLAPHARM Arzneimittel GmbH / Abcur A, +358 800 416231, medicalinformation@advanzpharma.com",2026-09-21T13:18:24.555758,25410
FI,Finland,FIMEA,Cardiol 12.5 mg,,,100,380758,C07AG02,2026-08-17,2026-09-30,shortage,Cheplapharm Arzneimittel GmbH,"Lisätietoja antaa: CHEPLAPHARM Arzneimittel GmbH, +358 800 416231, medicalinformation@advanzpharma.com",2026-09-21T13:18:24.555793,74241
FI,Finland,FIMEA,Cabaser 1 mg,,,30,007149,N04BC06,2026-05-25,2026-10-23,shortage,Pfizer Oy,"Lisätietoja antaa: Pfizer Oy, Pfizer lääketietopalvelu, +3589430040, medical.information@pfizer.com",2026-09-21T13:18:24.555834,
FI,Finland,FIMEA,Sendoxan 1000 mg,,,1000 mg,503278,L01AA01,2026-09-04,2026-12-31,shortage,Baxter Oy,"Lisätietoja antaa: Baxter Oy, Katriina Itäaho, +358405679926, katriina_itaaho@baxter.com",2026-09-21T13:18:24.555870,5053
FI,Finland,FIMEA,Rapifen 0.5 mg/ml,,,5 x 2 ml,475916,N01AH02,2025-06-03,2026-12-31,shortage,Piramal Critical Care B.V.,"Lisätietoja antaa: Nordic Drugs, Jukka Stubb, +358 10 231 1040, info@nordicdrugs.fi",2026-09-21T13:18:24.555906,18554
FI,Finland,FIMEA,Rapifen 0.5 mg/ml,,,5 x 10 ml,192313,N01AH02,2025-03-01,2026-12-31,shortage,Piramal Critical Care B.V.,"Lisätietoja antaa: Nordic Drugs, Jukka Stubb, +358 10 231 1040, info.fi@nordicpharma.com",2026-09-21T13:18:24.555944,18562
FI,Finland,FIMEA,Cozaar 50 mg,,,98,079061,C09CA01,2026-08-31,2026-10-18,shortage,N.V. Organon,"Lisätietoja antaa: Organon Finland Oy, Organon Finland Oy, Lääkeinformaatiopalvelu, +358291703520, dpoc.finland@organon.com",2026-09-21T13:18:24.555981,41890
FI,Finland,FIMEA,Omnipaque 350 mg I/ml,,,10 x 100 ml,582650,V08AB02,2026-09-17,2026-10-09,shortage,GE Healthcare AS,"Lisätietoja antaa: Oy GE Healthcare Bio-Sciences Ab, Oy GE Healthcare Bio-Sciences Ab, +3581039411, CustomerService.Finland@gehealthcare.com",2026-09-21T13:18:24.556017,18538
FI,Finland,FIMEA,Omnipaque 350 mg I/ml,,,10 x 200 ml,582692,V08AB02,2026-07-29,2026-11-30,shortage,GE Healthcare AS,"Lisätietoja antaa: Oy GE Healthcare Bio-Sciences Ab, Oy GE Healthcare Bio-Sciences Ab, +3581039411, CustomerService.Finland@gehealthcare.com",2026-09-21T13:18:24.556053,
FI,Finland,FIMEA,Gensumycin 40 mg/ml,,,5 x 2 ml,453130,J01GB03,2025-12-01,2027-06-30,shortage,Amdipharm Limited,"Lisätietoja antaa: Amdipharm Limited, Margot Hallin, +46 72 55 90 451, margothallin.consultant@advanzpharma.com",2026-09-21T13:18:24.556089,5495
FI,Finland,FIMEA,Soluvit,,,10 x 1 annos,191254,,2026-09-18,2026-10-16,shortage,Fresenius Kabi AB,"Lisätietoja antaa: Fresenius Kabi Ab, sivuliike Suomessa, Fresenius Kabi, +35894281550, asiakaspalvelu@fresenius-kabi.com",2026-09-21T13:18:24.556126,
FI,Finland,FIMEA,Retafer 100 mg,,,300,187872,B03AA07,2026-08-24,2026-09-21,shortage,Orion Corporation,"Lisätietoja antaa: Orion Oyj, Orion Call Center, +358104398250, tuoteinformaatio@orionpharma.com",2026-09-21T13:18:24.556164,
FI,Finland,FIMEA,Sequidot,,,12 + 12,397333,G03FB05,2026-04-13,2026-10-20,shortage,Sandoz A/S,"Lisätietoja antaa: Sandoz A/S, Sandoz A/S, +358 10 6133415, drug.shortage_nordic@sandoz.com",2026-09-21T13:18:24.556200,
FI,Finland,FIMEA,Ciprofloxacin Krka 750 mg,,,2 x 10,065978,J01MA02,2026-08-16,2026-10-01,shortage,KRKA d.d. Novo mesto,"Lisätietoja antaa: KRKA Finland Oy, KRKA Finland Oy, +358207545330, info.fi@krka.biz",2026-09-21T13:18:24.556237,138940
FI,Finland,FIMEA,Dehydrobenzperidol 2.5 mg/ml,,,10 x 1 ml,115475,N05AD08,2025-11-15,2027-01-01,shortage,Substipharm,"Lisätietoja antaa: Kurantis ApS, +45 26 52 42 88, tbn@kurantis.com",2026-09-21T13:18:24.556273,75191
FI,Finland,FIMEA,Bisoprolol Vitabalans 10 mg,,,30,180820,C07AB07,2026-09-18,2026-12-31,shortage,Vitabalans Oy,"Lisätietoja antaa: Vitabalans Oy, Jari Kovalainen, +358 50 0476321, jari.kovalainen@vitabalans.fi",2026-09-21T13:18:24.556309,25542
FI,Finland,FIMEA,Bisoprolol Vitabalans 10 mg,,,100,581317,C07AB07,2026-09-18,2026-12-31,shortage,Vitabalans Oy,"Lisätietoja antaa: Vitabalans Oy, Jari Kovalainen, +358 50 0476321, jari.kovalainen@vitabalans.fi",2026-09-21T13:18:24.556344,25542
FI,Finland,FIMEA,Losatrix Comp 100 mg / 25 mg,,,100,112274,C09DA01,2026-09-03,2026-10-30,shortage,TEVA Sweden AB,"Lisätietoja antaa: Teva Finland Oy, Teva Finland Oy, +358201805900, infofinland@tevapharm.com",2026-09-21T13:18:24.556380,69302
FI,Finland,FIMEA,Losatrix Comp 100 mg / 25 mg,,,100,117760,C09DA01,2026-09-16,2026-11-09,shortage,TEVA Sweden AB,"Lisätietoja antaa: Teva Finland Oy, Teva Finland Oy, +358201805900, infofinland@tevapharm.com",2026-09-21T13:18:24.556415,69302
FI,Finland,FIMEA,Equibactin vet. 333 mg/g + 67 mg/g,,,45 g,153777,J01EW10,2026-05-26,2026-11-30,shortage,Le Vet. B.V.,"Lisätietoja antaa: Dechra Veterinary Products OY, Riitta Kankaala, +358407674469, riitta.kankaala@dechra.com",2026-09-21T13:18:24.556450,
FI,Finland,FIMEA,Lariam 250 mg,,,8,085223,P01BC02,2025-09-08,2026-09-30,shortage,Paranova Oy,"Lisätietoja antaa: Paranova Oy, Sebastian Saari, +358 9 4391 850, info@paranova.fi",2026-09-21T13:18:24.556491,25410
FI,Finland,FIMEA,Fucidin 2 %,,,15 g,379305,D06AX01,2026-08-31,2026-10-31,shortage,Paranova Oy,"Lisätietoja antaa: Paranova Oy, Sebastian Saari, +358 9 4391 850, info@paranova.fi",2026-09-21T13:18:24.556528,5428
FI,Finland,FIMEA,Fucidin 2 %,,,30 g,128207,D06AX01,2026-08-19,2026-09-24,shortage,Paranova Oy,"Lisätietoja antaa: Paranova Oy, Sebastian Saari, +358 9 4391 850, info@paranova.fi",2026-09-21T13:18:24.556564,5428
FI,Finland,FIMEA,Piperacillin/Tazobactam Reig Jofre 2 g / 0.25 g,,,10 x 2 g / 0.25 g,502484,J01CR05,2025-12-04,2026-11-20,shortage,Laboratory Reig Jofré S.A.,"Lisätietoja antaa: Bioglan AB, Sara Soares, +46 40 608 75 25, sara.soares@bioglan.se",2026-09-21T13:18:24.556600,37125
FI,Finland,FIMEA,Risperidon Orion 1 mg/ml,,,100 ml,154431,N05AX08,2026-03-04,2026-12-28,shortage,Orion Corporation,"Lisätietoja antaa: Orion Oyj, Orion Call Center, +358104398256, tuoteinformaatio@orionpharma.com",2026-09-21T13:18:24.556636,44016
FI,Finland,FIMEA,Sumatriptan Accord 100 mg,,,6,398653,N02CC01,2026-01-13,2026-09-30,shortage,Accord Healthcare B.V.,"Lisätietoja antaa: Accord Healthcare Oy, Accord Healthcare Oy, +358 10 2314180, asiakaspalvelu@accord-healthcare.com",2026-09-21T13:18:24.556671,32476
FI,Finland,FIMEA,Sumatriptan Accord 100 mg,,,18,043245,N02CC01,2026-01-25,2026-09-30,shortage,Accord Healthcare B.V.,"Lisätietoja antaa: Accord Healthcare Oy, Accord Healthcare Oy, +358 10 2314180, asiakaspalvelu@accord-healthcare.com",2026-09-21T13:18:24.556707,32476
FI,Finland,FIMEA,Sumatriptan Accord 50 mg,,,12,141368,N02CC01,2026-05-03,2026-09-30,shortage,Accord Healthcare B.V.,"Lisätietoja antaa: Accord Healthcare Oy, Accord Healthcare Oy, +358 10 2314180, asiakaspalvelu@accord-healthcare.com",2026-09-21T13:18:24.556743,41378
FI,Finland,FIMEA,ZYPADHERA 210 mg,,,210 mg + 3 ml,027976,N05AH03,2025-12-10,2026-12-02,shortage,Cheplapharm Registration GmbH,"Lisätietoja antaa: Cheplapharm Registration GmbH, Ceyhan Avci, +46 8 560 020 13, ceyhan.avci@propharmagroup.com",2026-09-21T13:18:24.556789,90190
FI,Finland,FIMEA,Paramax Junior 250 mg,,,10,112486,N02BE01,2026-09-07,2026-11-30,shortage,Vitabalans Oy,"Lisätietoja antaa: Vitabalans Oy, Jari Kovalainen, +358 50 047 6321, jari.kovalainen@vitabalans.fi",2026-09-21T13:18:24.556824,
FI,Finland,FIMEA,Candemox 8 mg,,,100,599317,C09CA06,2026-07-21,2026-12-31,shortage,Sandoz A/S,"Lisätietoja antaa: Sandoz A/S, Sandoz A/S, +358 10 6133415, drug.shortage_nordic@sandoz.com",2026-09-21T13:18:24.556863,48402
FI,Finland,FIMEA,Arcoxia 30 mg,,,98,161753,M01AH05,2026-09-11,2026-09-30,shortage,N.V. Organon,"Lisätietoja antaa: Organon Finland Oy, Organon Finland Oy, Lääkeinformaatiopalvelu, +358291703520, dpoc.finland@organon.com",2026-09-21T13:18:24.556899,85766
FI,Finland,FIMEA,Montelukast Ratiopharm 10 mg,,,98,501950,R03DC03,2026-09-08,2026-09-28,shortage,Teva GmbH,"Lisätietoja antaa: Teva Finland Oy, Teva Finland Oy, +358201805900, infofinland@tevapharm.com",2026-09-21T13:18:24.556935,52051
FI,Finland,FIMEA,Carboplatin Accord 10 mg/ml,,,15 ml,106217,L01XA02,2026-05-17,2026-10-30,shortage,Accord Healthcare B.V.,"Lisätietoja antaa: Accord Healthcare Oy, Accord Healthcare Oy, +358 10 2314180, asiakaspalvelu@accord-healthcare.com",2026-09-21T13:18:24.556972,39993
FI,Finland,FIMEA,Amloratio 5 mg,,,250,176455,C08CA01,2026-06-24,2026-10-26,shortage,ratiopharm GmbH,"Lisätietoja antaa: Teva Finland Oy, Teva Finland Oy, +358201805900, infofinland@tevapharm.com",2026-09-21T13:18:24.557007,123315
FI,Finland,FIMEA,Losatrix 50 mg,,,30,041211,C09CA01,2026-09-07,2026-10-30,shortage,ratiopharm GmbH,"Lisätietoja antaa: Teva Finland Oy, Teva Finland Oy, +358201805900, infofinland@tevapharm.com",2026-09-21T13:18:24.557050,41890
FI,Finland,FIMEA,Losatrix 50 mg,,,100,198582,C09CA01,2026-09-10,2026-10-30,shortage,ratiopharm GmbH,"Lisätietoja antaa: Teva Finland Oy, Teva Finland Oy, +358201805900, infofinland@tevapharm.com",2026-09-21T13:18:24.557087,41890
FI,Finland,FIMEA,Losatrix 50 mg,,,250,047676,C09CA01,2026-09-09,2026-11-02,shortage,ratiopharm GmbH,"Lisätietoja antaa: Teva Finland Oy, Teva Finland Oy, +358201805900, infofinland@tevapharm.com",2026-09-21T13:18:24.557125,41890
FI,Finland,FIMEA,Mycophenolate Mofetil Accord 500 mg,,,50,430600,L04AA06,2026-09-04,2026-11-06,shortage,Accord Healthcare B.V.,"Lisätietoja antaa: Accord Healthcare Oy, Accord Healthcare Oy, +358 10 2314180, asiakaspalvelu@accord-healthcare.com",2026-09-21T13:18:24.557163,44369
FI,Finland,FIMEA,Moxalole,,,20,133530,A06AD65,2026-04-29,2026-12-01,shortage,Cooper Consumer Health B.V.,"Lisätietoja antaa: Oy Conaxess Trade Finland Ab, Hilkka Ylinärä, +46 70 170 49 03, hilkka.ylinara@conaxesstrade.com",2026-09-21T13:18:24.557201,46949
FI,Finland,FIMEA,Fluvastatin Viatris 20 mg,,,2 x 49,430171,C10AA04,2025-09-18,2027-04-01,shortage,Viatris Limited,"Lisätietoja antaa: Viatris Oy, Viatris Oy asiakasinformaatio, +358 20 720 9555, infofi@viatris.com",2026-09-21T13:18:24.557243,39136
FI,Finland,FIMEA,Fluvastatin Viatris 40 mg,,,2 x 49,491272,C10AA04,2026-09-02,2027-06-01,shortage,Viatris Limited,"Lisätietoja antaa: Viatris Oy, Viatris Oy asiakasinformaatio, +358 20 720 9555, infofi@viatris.com",2026-09-21T13:18:24.557281,39144
FI,Finland,FIMEA,Myfenax 500 mg,,,50,055084,L04AA06,2026-09-18,2026-10-09,shortage,Teva B.V.,"Lisätietoja antaa: Teva Finland Oy, Teva Finland Oy, +358201805900, infofinland@tevapharm.com",2026-09-21T13:18:24.557316,44369
FI,Finland,FIMEA,Seroquel Prolong 300 mg,,,100,119419,N05AH04,2025-11-08,2026-12-01,shortage,Cheplapharm Arzneimittel GmbH,"Lisätietoja antaa: CHEPLAPHARM Arzneimittel GmbH, +358 800 416231, medicalinformation@advanzpharma.com",2026-09-21T13:18:24.557352,84204
FI,Finland,FIMEA,Para-Tabs 1000 mg,,,15,163088,N02BE01,2026-09-02,2026-09-21,shortage,Orion Corporation,"Lisätietoja antaa: Orion Oyj, Orion Call Center, +358104398250, tuoteinformaatio@orionpharma.com",2026-09-21T13:18:24.557389,81442
FI,Finland,FIMEA,Seroquel Prolong 200 mg,,,100,119385,N05AH04,2025-12-16,2026-12-01,shortage,Cheplapharm Arzneimittel GmbH,"Lisätietoja antaa: CHEPLAPHARM Arzneimittel GmbH, +358 800 416231, markus.klien@cheplapharm.com",2026-09-21T13:18:24.557424,84190
FI,Finland,FIMEA,Seroquel Prolong 50 mg,,,10,027933,N05AH04,2025-12-20,2026-12-01,shortage,Cheplapharm Arzneimittel GmbH,"Lisätietoja antaa: CHEPLAPHARM Arzneimittel GmbH / Abcur AB, +358 800 416231, medicalinformation@advanzpharma.com",2026-09-21T13:18:24.557460,84182
FI,Finland,FIMEA,Bisoprolol Ratiopharm 2.5 mg,,,100,079745,C07AB07,2026-09-15,2026-12-15,shortage,ratiopharm GmbH,"Lisätietoja antaa: Teva Finland Oy, Teva Finland Oy, +358201805900, infofinland@tevapharm.com",2026-09-21T13:18:24.557495,71323
FI,Finland,FIMEA,Valdoxan 25 mg,,,98,032534,N06AX22,2026-05-12,2026-12-31,shortage,Les Laboratoires Servier,"Lisätietoja antaa: Servier Finland Oy, +358 40 901 2978, info.finland@servier.com",2026-09-21T13:18:24.557532,90824
FI,Finland,FIMEA,Gabrion 300 mg,,,50,017409,N02BF01,2026-09-28,2026-10-12,shortage,Orion Corporation,"Lisätietoja antaa: Orion Oyj, Orion Call Center, +358104398250, tuoteinformaatio@orionpharma.com",2026-09-21T13:18:24.557567,52825
FI,Finland,FIMEA,Mercilon,,,3 x 21,574673,G03AA09,2026-07-06,2026-12-31,shortage,Paranova Oy,"Lisätietoja antaa: Paranova Oy, Sebastian Saari, +358 9 4391 850, info@paranova.fi",2026-09-21T13:18:24.557602,30414
FI,Finland,FIMEA,Gabapentin Actavis 300 mg,,,50,023380,N02BF01,2026-03-06,2026-10-15,shortage,Actavis Group PTC ehf,"Lisätietoja antaa: Teva Finland Oy, Teva Finland Oy, +358 20 180 5900, infofinland@tevapharm.com",2026-09-21T13:18:24.557637,52825
FI,Finland,FIMEA,Gabapentin Actavis 300 mg,,,100,023367,N02BF01,2026-01-16,2026-10-15,shortage,Actavis Group PTC ehf,"Lisätietoja antaa: Teva Finland Oy, Teva Finland Oy, +358 20 180 5900, infofinland@tevapharm.com",2026-09-21T13:18:24.557673,52825
FI,Finland,FIMEA,Gabapentin Actavis 400 mg,,,100,023303,N02BF01,2026-05-29,2026-10-30,shortage,Actavis Group PTC ehf,"Lisätietoja antaa: Teva Finland Oy, Teva Finland Oy, +358201805900, infofinland@tevapharm.com",2026-09-21T13:18:24.557709,52833
FI,Finland,FIMEA,Lyrica 25 mg,,,200,067194,N02BF02,2026-09-22,2026-10-11,shortage,Upjohn EESV,"Lisätietoja antaa: Viatris Oy, Viatris Oy asiakasinformaatio, +358 20 720 9555, infofi@viatris.com",2026-09-21T13:18:24.557744,75698
FI,Finland,FIMEA,Tramadol Retard Sandoz 150 mg,,,20,370655,N02AX02,2026-01-09,2026-12-31,shortage,Sandoz A/S,"Lisätietoja antaa: Sandoz A/S, Sandoz A/S, +358 10 6133415, drug.shortage_nordic@sandoz.com",2026-09-21T13:18:24.557780,50458
FI,Finland,FIMEA,Tramadol Retard Sandoz 150 mg,,,100,448432,N02AX02,2026-01-23,2026-12-31,shortage,Sandoz A/S,"Lisätietoja antaa: Sandoz A/S, Sandoz A/S, +358 10 6133415, drug.shortage_nordic@sandoz.com",2026-09-21T13:18:24.557816,50458
FI,Finland,FIMEA,Zyban 150 mg,,,100,481176,N06AX12,2026-10-01,2026-10-19,shortage,GlaxoSmithKline Oy,"Lisätietoja antaa: GlaxoSmithKline Oy, Anu Aallos, +358 10 30 30 30, Anu.n.aallos@gsk.com",2026-09-21T13:18:24.557852,82872
FI,Finland,FIMEA,Alizin 30 mg/ml,,,10 ml,019308,G03XB90,2026-08-19,2026-10-27,shortage,Virbac,"Lisätietoja antaa: Biofarm Oy, Mikko Koivu, +358500817609, mikko.koivu@biofarm.fi",2026-09-21T13:18:24.557887,
FI,Finland,FIMEA,Pravastatin Ratiopharm 20 mg,,,100,452354,C10AA03,2026-08-20,2026-10-19,shortage,Sandoz A/S,"Lisätietoja antaa: Teva Finland Oy, Teva Finland Oy, +358201805900, infofinland@tevapharm.com",2026-09-21T13:18:24.557924,31089
FI,Finland,FIMEA,Pravastatin Ratiopharm 20 mg,,,30,047922,C10AA03,2026-02-18,2026-09-30,shortage,Sandoz A/S,"Lisätietoja antaa: Teva Finland Oy, Teva Finland Oy, +358 20 180 5900, infofinland@tevapharm.com",2026-09-21T13:18:24.557960,31089
FI,Finland,FIMEA,Arixtra 1.5 mg / 0.3 ml,,,10 x 0.3 ml,117836,B01AX05,2026-08-08,2026-09-25,shortage,Viatris Healthcare Limited,"Lisätietoja antaa: Viatris Oy, Viatris Oy:n asiakasinformaatio, +358207209555, infofi@viatris.com",2026-09-21T13:18:24.557995,86444
FI,Finland,FIMEA,Reminyl 24 mg,,,84,017809,N06DA04,2026-05-01,2026-09-30,shortage,Essential Pharma Ltd,"Lisätietoja antaa: Essential Pharma Ltd., John Scicluna, +44 1784 577 017, john.scicluna@essentialpharmagroup.com",2026-09-21T13:18:24.558030,76783
FI,Finland,FIMEA,Reminyl 16 mg,,,28,017762,N06DA04,2026-09-01,2027-03-01,shortage,Essential Pharma Ltd,"Lisätietoja antaa: Essential Pharma Ltd., John Scicluna, +44 1784 577 017, john.scicluna@essentialpharmagroup.com",2026-09-21T13:18:24.558069,76775
FI,Finland,FIMEA,Convenia 80 mg/ml,,,4 ml,093144,J01DD91,2026-07-27,2026-10-24,shortage,Zoetis Belgium,"Lisätietoja antaa: Zoetis Finland Oy, Tiina Ojala, +358 45 7885 3211, tiina.ojala@zoetis.com",2026-09-21T13:18:24.558106,
FI,Finland,FIMEA,Sertralin Hexal 100 mg,,,100,471693,N06AB06,2026-08-18,2026-10-21,shortage,Hexal A/S,"Lisätietoja antaa: Sandoz A/S, Sandoz A/S, +358 10 6133415, drug.shortage_nordic@sandoz.com",2026-09-21T13:18:24.558143,39411
FI,Finland,FIMEA,Topiramat ratiopharm 50 mg,,,60,036560,N03AX11,2026-07-08,2027-03-16,shortage,ratiopharm GmbH,"Lisätietoja antaa: Teva Finland Oy, Teva Finland Oy, +358201805900, infofinland@tevapharm.com",2026-09-21T13:18:24.558178,43982
FI,Finland,FIMEA,Propolipid 20 mg/ml,,,10 x 50 ml,573111,N01AX10,2026-09-10,2026-09-30,shortage,Fresenius Kabi AB,"Lisätietoja antaa: Fresenius Kabi Ab, sivuliike Suomessa, Fresenius Kabi, +35894281550, asiakaspalvelu@fresenius-kabi.com",2026-09-21T13:18:24.558213,81299
FI,Finland,FIMEA,Konact 20 mg/g,,,60 ml,035087,D01AC08,2025-01-31,2026-12-30,shortage,SanoSwiss UAB,"Lisätietoja antaa: UAB SanoSwiss, Jovita Paliliunaite, +370 695 02569, jovita.paliliunaite@sanoswiss.com",2026-09-21T13:18:24.558248,80349
FI,Finland,FIMEA,Konact 20 mg/g,,,120 ml,035096,D01AC08,2025-01-31,2026-12-30,shortage,SanoSwiss UAB,"Lisätietoja antaa: UAB SanoSwiss, Jovita Paliliunaite, +370 695 02569, jovita.paliliunaite@sanoswiss.com",2026-09-21T13:18:24.558284,80349
FI,Finland,FIMEA,Risperidon Orion 1 mg,,,100,143527,N05AX08,2026-09-14,2026-10-05,shortage,Orion Corporation,"Lisätietoja antaa: Orion Oyj, Orion Call Center, +358104398250, tuoteinformaatio@orionpharma.com",2026-09-21T13:18:24.558319,37710
FI,Finland,FIMEA,Fosavance 70 mg / 2800 IU,,,12,025306,M05BB03,2026-07-06,2026-10-18,shortage,N.V. Organon,"Lisätietoja antaa: Organon Finland Oy, Organon Finland Oy, Lääkeinformaatiopalvelu, +358291703520, dpoc.finland@organon.com",2026-09-21T13:18:24.558356,122424
FI,Finland,FIMEA,Ketovet vet 160 mg/g,,,20 x 15 g,045778,M01AE03,2026-09-14,2026-10-14,shortage,Provivo Oy,"Lisätietoja antaa: Vetcare Oy, Anna Hietikko, +358400114783, anna.hietikko@vetcare.fi",2026-09-21T13:18:24.558392,79073
FI,Finland,FIMEA,Wilfactin 100 IU/ml,,,1000 IU +10 ml,073233,B02BD10,2026-07-27,2027-01-31,shortage,LFB Biomedicaments,"Lisätietoja antaa: Prothya Biosolutions Finland Oy, Päivi Talvitie, +358409022277, paivi.talvitie@prothya.fi",2026-09-21T13:18:24.558429,94153
FI,Finland,FIMEA,Enalapril Krka 5 mg,,,30,023716,C09AA02,2026-02-05,2027-05-06,shortage,KRKA d.d. Novo mesto,"Lisätietoja antaa: KRKA Finland Oy, KRKA Finland Oy, +358207545330, info.fi@krka.biz",2026-09-21T13:18:24.558466,23698
FI,Finland,FIMEA,Enalapril Krka 5 mg,,,100 x 1,023738,C09AA02,2025-10-24,2027-06-05,shortage,KRKA d.d. Novo mesto,"Lisätietoja antaa: KRKA Finland Oy, KRKA Finland Oy, +358207545330, info.fi@krka.biz",2026-09-21T13:18:24.558503,23698
FI,Finland,FIMEA,Enalapril Krka 10 mg,,,30,023710,C09AA02,2025-06-03,2027-05-06,shortage,KRKA d.d. Novo mesto,"Lisätietoja antaa: KRKA Finland Oy, KRKA Finland Oy, +358207545330, info.fi@krka.biz",2026-09-21T13:18:24.558540,21083
FI,Finland,FIMEA,Enalapril Krka 10 mg,,,100 x 1,023641,C09AA02,2025-04-25,2027-05-06,shortage,KRKA d.d. Novo mesto,"Lisätietoja antaa: KRKA Finland Oy, KRKA Finland Oy, +358207545330, info.fi@krka.biz",2026-09-21T13:18:24.558576,21083
FI,Finland,FIMEA,Enalapril Krka 20 mg,,,100 x 1,023649,C09AA02,2025-05-30,2027-05-06,shortage,KRKA d.d. Novo mesto,"Lisätietoja antaa: KRKA Finland Oy, KRKA Finland Oy, +358207545330, info.fi@krka.biz",2026-09-21T13:18:24.558613,21075
FI,Finland,FIMEA,Nifedipin Alternova 60 mg,,,100,101047,C08CA05,2025-11-01,2026-09-23,shortage,Alternova A/S,"Lisätietoja antaa: Orifarm Healthcare Oy, Anna-Leena Haikkola, +358 9 7746 870, suomi@orifarm.com",2026-09-21T13:18:24.558649,33707
FI,Finland,FIMEA,Nifedipin Alternova 30 mg,,,100,101070,C08CA05,2025-11-01,2026-09-23,shortage,Alternova A/S,"Lisätietoja antaa: Orifarm Healthcare Oy, Anna-Leena Haikkola, +358 9 7746 870, suomi@orifarm.com",2026-09-21T13:18:24.558686,
FI,Finland,FIMEA,Zopitin 7.5 mg,,,10,028988,N05CF01,2026-09-09,2027-01-02,shortage,Vitabalans Oy,"Lisätietoja antaa: Vitabalans Oy, Jari Kovalainen, +358 50 047 6321, jari.kovalainen@vitabalans.fi",2026-09-21T13:18:24.558722,24732
FI,Finland,FIMEA,Coversyl Novum 10 mg,,,30,020918,C09AA04,2026-09-04,2026-10-16,shortage,Les Laboratoires Servier,"Lisätietoja antaa: Servier Finland Oy, +358 40 901 2978, info.finland@servier.com",2026-09-21T13:18:24.558758,85170
FI,Finland,FIMEA,Tamsulogen 0.4 mg,,,100,579325,G04CA02,2026-06-08,2026-11-01,shortage,Viatris Limited,"Lisätietoja antaa: Viatris Oy, Viatris Oy:n asiakasinformaatio, +358207209555, infofi@viatris.com",2026-09-21T13:18:24.558793,41068
FI,Finland,FIMEA,Alendronat Viatris 70 mg,,,4,384561,M05BA04,2026-02-27,2027-02-12,shortage,Viatris Limited,"Lisätietoja antaa: Viatris Oy, Viatris Oy:n asiakasinformaatio, +358207209555, infofi@viatris.com",2026-09-21T13:18:24.558828,122416
FI,Finland,FIMEA,Enalapril Vitabalans 20 mg,,,30,088324,C09AA02,2026-09-09,2026-11-03,shortage,Vitabalans Oy,"Lisätietoja antaa: Vitabalans Oy, Jari Kovalainen, +358 50 047 6321, jari.kovalainen@vitabalans.fi",2026-09-21T13:18:24.558864,21075
FI,Finland,FIMEA,Enalapril Vitabalans 20 mg,,,100,088333,C09AA02,2026-09-09,2026-11-03,shortage,Vitabalans Oy,"Lisätietoja antaa: Vitabalans Oy, Jari Kovalainen, +358 50 047 6321, jari.kovalainen@vitabalans.fi",2026-09-21T13:18:24.558899,21075
FI,Finland,FIMEA,Isotretinoin Orion 20 mg,,,30,052745,D10BA01,2026-02-09,2027-03-08,shortage,Pharmathen S.A.,"Lisätietoja antaa: Orion Oyj, Orion Call Center, +358104398250, tuoteinformaatio@orionpharma.com",2026-09-21T13:18:24.558934,69507
FI,Finland,FIMEA,Isotretinoin Orion 20 mg,,,100,025810,D10BA01,2026-01-19,2027-03-08,shortage,Pharmathen S.A.,"Lisätietoja antaa: Orion Oyj, Orion Call Center, +358104398250, tuoteinformaatio@orionpharma.com",2026-09-21T13:18:24.558969,69507
FI,Finland,FIMEA,Sertralin ratiopharm 50 mg,,,30,502144,N06AB06,2026-07-17,2026-10-26,shortage,TEVA Sweden AB,"Lisätietoja antaa: Teva Finland Oy, Teva Finland Oy, +358 20 180 5900, infofinland@tevapharm.com",2026-09-21T13:18:24.559004,39403
FI,Finland,FIMEA,Sertralin ratiopharm 50 mg,,,100,081845,N06AB06,2025-07-30,2026-10-19,shortage,TEVA Sweden AB,"Lisätietoja antaa: Teva Finland Oy, Teva Finland Oy, +358 20 180 5900, infofinland@tevapharm.com",2026-09-21T13:18:24.559039,39403
FI,Finland,FIMEA,Valproat Sandoz 300 mg,,,100,417276,N03AG01,2026-03-05,2027-02-03,shortage,Sandoz A/S,"Lisätietoja antaa: Sandoz A/S, Sandoz A/S, +358 10 6133415, drug.shortage_nordic@sandoz.com",2026-09-21T13:18:24.559074,29882
FI,Finland,FIMEA,Alfuzosin Hydrochlorid Ratiopharm 10 mg,,,30,050297,G04CA01,2026-08-05,2026-11-17,shortage,ratiopharm GmbH,"Lisätietoja antaa: Teva Finland Oy, Teva Finland Oy, +358201805900, infofinland@tevapharm.com",2026-09-21T13:18:24.559110,54798
FI,Finland,FIMEA,Alfuzosin Hydrochlorid Ratiopharm 10 mg,,,90,050306,G04CA01,2026-10-02,2026-11-30,shortage,ratiopharm GmbH,"Lisätietoja antaa: Teva Finland Oy, Teva Finland Oy, +358201805900, infofinland@tevapharm.com",2026-09-21T13:18:24.559145,54798
FI,Finland,FIMEA,Nexodal 0.4 mg/ml,,,10 x 1 ml,032476,V03AB15,2026-07-01,2026-09-30,shortage,Orpha-Devel Handels und Vertriebs GmbH,"Lisätietoja antaa: Navamedic, Krister Sagulin, +358400463201, krister.sagulin@navamedic.com",2026-09-21T13:18:24.559180,2429
FI,Finland,FIMEA,Palladon 50 mg/ml,,,5 x 1 ml,157227,N02AA03,2026-04-01,2026-12-31,shortage,Mundipharma Oy,"Lisätietoja antaa: Mundipharma Oy, Mundipharma Oy (Supply chain), +358985202065, nordics.supplychain@mundipharma.com",2026-09-21T13:18:24.559215,107077
FI,Finland,FIMEA,Kalcipos-D 500 mg / 10 mikrog,,,90,037001,,2026-06-29,2026-10-22,shortage,Cooper Consumer Health B.V.,"Lisätietoja antaa: Viatris Oy, Viatris Oy:n asiakasinformaatio, +358207209555, infofi@viatris.com",2026-09-21T13:18:24.559250,
FI,Finland,FIMEA,Rivastigmin Orion 3 mg,,,28,047612,N06DA03,2026-05-27,2027-03-22,shortage,Orion Corporation,"Lisätietoja antaa: Orion Oyj, Orion Call Center, +358104398256, tuoteinformaatio@orionpharma.com",2026-09-21T13:18:24.559285,50172
FI,Finland,FIMEA,Naltrexon Accord 50 mg,,,28,597909,N07BB04,2026-06-29,2026-09-30,shortage,Accord Healthcare B.V.,"Lisätietoja antaa: Accord Healthcare Oy, Accord Healthcare Oy, +358 10 2314180, asiakaspalvelu@accord-healthcare.com",2026-09-21T13:18:24.559320,27863
FI,Finland,FIMEA,Carveratio 12.5 mg,,,100,464226,C07AG02,2026-04-01,2026-11-02,shortage,ratiopharm GmbH,"Lisätietoja antaa: Teva Finland Oy, Teva Finland Oy, +358 20 180 5900, infofinland@tevapharm.com",2026-09-21T13:18:24.559358,74241
FI,Finland,FIMEA,Mozobil 20 mg/ml,,,1.2 ml,048505,L03AX16,2026-09-15,2026-09-22,shortage,Sanofi B.V.,"Lisätietoja antaa: Sanofi Oy, Oili Vitie, +358201200300, regulatory.finland@sanofi.com",2026-09-21T13:18:24.559402,131156
FI,Finland,FIMEA,Olanzapine Accord 2.5 mg,,,28,564819,N05AH03,2026-07-07,2027-01-31,shortage,Accord Healthcare B.V.,"Lisätietoja antaa: Accord Healthcare Oy, Accord Healthcare Oy, +358 10 2314180, asiakaspalvelu@accord-healthcare.com",2026-09-21T13:18:24.559438,61271
FI,Finland,FIMEA,Targiniq 20 mg / 10 mg,,,28,033172,N02AA55,2026-09-22,2026-09-29,shortage,Mundipharma Oy,"Lisätietoja antaa: Mundipharma Oy, Mundipharma Oy (Supply chain), +358985202065, nordics.supplychain@mundipharma.com",2026-09-21T13:18:24.559483,88846
FI,Finland,FIMEA,Carveratio 6.25 mg,,,100,142615,C07AG02,2026-10-05,2026-11-23,shortage,ratiopharm GmbH,"Lisätietoja antaa: Teva Finland Oy, Teva Finland Oy, +358201805900, infofinland@tevapharm.com",2026-09-21T13:18:24.559526,47864
FI,Finland,FIMEA,Olanzapine Accord 20 mg,,,28,042631,N05AH03,2026-08-31,2026-10-30,shortage,Accord Healthcare B.V.,"Lisätietoja antaa: Accord Healthcare Oy, Accord Healthcare Oy, +358 10 2314180, asiakaspalvelu@accord-healthcare.com",2026-09-21T13:18:24.559561,69604
FI,Finland,FIMEA,Paclitaxel Accord 6 mg/ml,,,50 ml,074529,L01CD01,2026-07-28,2026-12-31,shortage,Accord Healthcare B.V.,"Lisätietoja antaa: Accord Healthcare Oy, Accord Healthcare Oy, +358 10 2314180, asiakaspalvelu@accord-healthcare.com",2026-09-21T13:18:24.559609,56596
