country_code,country_name,source,medicine_name,active_substance,strength,dosage_form,package_size,product_no,atc_code,shortage_start,estimated_end,status,marketing_auth_holder,notes,scraped_at,prk
FI,Finland,FIMEA,Divigel 0.5 mg,Estradiol hemihydrate,0.5 mg,"Transdermaaligeeli, annospussi",28 x 0.5 g,383165,G03CA03,2026-01-15,2026-12-31,shortage,Orion Corporation,"Lisätietoja antaa: Orion Oyj, Orion Call Center, +358104398250, tuoteinformaatio@orionpharma.com",2026-09-23T11:17:19.708091,
FI,Finland,FIMEA,Pimafucort,Hydrocortisone Natamycin Neomycin sulfate,,voide,30 g,032654,D07CA01,2026-05-14,2028-01-01,shortage,Leo Pharma A/S,"Lisätietoja antaa: LEO Pharma Oy, Emil Holmström, +358407552967, EMHOM@leo-pharma.com",2026-09-23T11:17:19.708306,
FI,Finland,FIMEA,Piroxin 0.5 %,Piroxicam,0.5 %,geeli,50 g,447827,M02AA07,2026-07-14,2026-10-15,shortage,ratiopharm GmbH,"Lisätietoja antaa: Teva Finland Oy, Teva Finland Oy, +358201805900, infofinland@tevapharm.com",2026-09-23T11:17:19.708477,
FI,Finland,FIMEA,Citanest Dental Octapressin 30 mg/ml + 0.54 mikrog/ml,Felypressin Prilocaine hydrochloride,30 mg/ml + 0.54 mikrog/ml,"injektioneste, liuos",100 x 1.8 ml,009942,N01BB54,2026-08-27,2026-10-30,shortage,DENTSPLY DeTrey GmbH,"Lisätietoja antaa: DENTSPLY DETREY GMBH / Dentsply Siron, Martin Lindgren, +46733761227, martin.lindgren@dentsplysirona.com",2026-09-23T11:17:19.708629,61603
FI,Finland,FIMEA,Sufenta 5 mikrog/ml,Sufentanil citrate,5 mikrog/ml,"injektioneste, liuos",5 x 2 ml,130441,N01AH03,2025-06-03,2026-12-31,shortage,Piramal Critical Care B.V.,"Lisätietoja antaa: Nordic Drugs, Jukka Stubb, +358 10 231 1040, info@nordicdrugs.fi",2026-09-23T11:17:19.708773,18007
FI,Finland,FIMEA,Herpolips 50 mg/g,Aciclovir,50 mg/g,emulsiovoide,2 g,550863,D06BB03,2026-07-16,2026-12-31,shortage,STADA Arzneimittel AG,"Lisätietoja antaa: STADA Nordic ApS, Finnish branch, Hanna Kallio, +358405570209, hanna.kallio@stada.fi",2026-09-23T11:17:19.708939,23094
FI,Finland,FIMEA,Viscotears 2 mg/g,Carbomer,2 mg/g,"silmägeeli, kerta-annospakkaus",30 x 0.6 ml,464110,S01XA20,2026-09-04,2027-02-15,shortage,Dr. Gerhard Mann Chem.-pharm. Fabrik GmbH,Lisätietoja antaa: Tamro,2026-09-23T11:17:19.709086,76899
FI,Finland,FIMEA,Bisoprolol Ratiopharm 5 mg,Bisoprolol fumarate,5 mg,tabletti,28,005233,C07AB07,2026-09-22,2026-11-16,shortage,ratiopharm GmbH,"Lisätietoja antaa: Teva Finland Oy, Teva Finland Oy, +358201805900, infofinland@tevapharm.com",2026-09-23T11:17:19.709256,25534
FI,Finland,FIMEA,Bisoprolol Ratiopharm 5 mg,Bisoprolol fumarate,5 mg,tabletti,98,040148,C07AB07,2026-08-27,2026-11-13,shortage,ratiopharm GmbH,"Lisätietoja antaa: Teva Finland Oy, Teva Finland Oy, +358201805900, infofinland@tevapharm.com",2026-09-23T11:17:19.709416,25534
FI,Finland,FIMEA,Pepcid Duo 10 mg / 165 mg / 800 mg,Calcium carbonate Famotidine Magnesium hydroxide,10 mg / 165 mg / 800 mg,purutabletti,24,025717,A02BA53,2026-03-12,2027-01-15,shortage,McNeil / JNTL Consumer Health (Finland) Oy,"Lisätietoja antaa: JNTL Consumer Health (Finland) Oy, Kenvue Consumer Care, +35899980055522000, Consumer-fi@kenvue.com",2026-09-23T11:17:19.709562,
FI,Finland,FIMEA,Zaditen 0.25 mg/ml,Ketotifen fumarate,0.25 mg/ml,"silmätipat, liuos",5 ml,569109,S01GX08,2026-06-30,2027-02-01,shortage,Laboratoires Thea,"Lisätietoja antaa: Théa Nordic AB, Malin Forssell, +46 70 389 45 00, malin.forssell@theapharma.com",2026-09-23T11:17:19.709714,101850
FI,Finland,FIMEA,Zaditen 0.25 mg/ml,Ketotifen fumarate,0.25 mg/ml,"silmätipat, liuos",5 ml,599855,S01GX08,2026-05-01,2027-02-01,shortage,Laboratoires Thea,"Lisätietoja antaa: Théa Nordic AB, Malin Forssell, +46 70 389 45 00, malin.forssell@theapharma.com",2026-09-23T11:17:19.709863,101850
FI,Finland,FIMEA,Aggrastat 50 mikrog/ml,Tirofiban hydrochloride monohydrate,50 mikrog/ml,"infuusioneste, liuos",250 ml,004450,B01AC17,2026-01-26,2026-12-31,shortage,Advanz Pharma Limited,"Lisätietoja antaa: Abcur AB, +358 800 416231, medicalinformation@advanzpharma.com",2026-09-23T11:17:19.710011,58742
FI,Finland,FIMEA,Nicotinell Mint 1 mg,Nicotine bitartrate dihydrate,1 mg,imeskelytabletti,12,055376,N07BA01,2026-09-15,2026-11-12,shortage,Dr. Reddy's Netherlands B.V.,"Lisätietoja antaa: Dr. Reddy's Danmark Aps, Louisa Djebbar, +4524989282, louisa.djebbar@drreddys.com",2026-09-23T11:17:19.710098,125482
FI,Finland,FIMEA,Gefina 5 mg,Finasteride,5 mg,"tabletti, kalvopäällysteinen",30,000599,G04CB01,2026-05-04,2026-11-04,shortage,Hexal A/S,"Lisätietoja antaa: Sandoz A/S, Sandoz A/S, +358 10 6133415, drug.shortage_nordic@sandoz.com",2026-09-23T11:17:19.710178,34975
FI,Finland,FIMEA,Gefina 5 mg,Finasteride,5 mg,"tabletti, kalvopäällysteinen",100,000616,G04CB01,2026-04-17,2026-09-30,shortage,Hexal A/S,"Lisätietoja antaa: Sandoz A/S, Sandoz A/S, +358 10 6133415, drug.shortage_nordic@sandoz.com",2026-09-23T11:17:19.710258,34975
FI,Finland,FIMEA,Celebra 100 mg,Celecoxib,100 mg,"kapseli, kova",100,390971,M01AH01,2026-01-05,2026-12-31,shortage,Viatris Healthcare Limited,"Lisätietoja antaa: Viatris Oy, Viatris Oy asiakasinformaatio, +358 20 720 9555, infofi@viatris.com",2026-09-23T11:17:19.710358,58998
FI,Finland,FIMEA,Enalapril-Ratiopharm 20 mg,Enalapril maleate,20 mg,tabletti,30,000108,C09AA02,2026-09-18,2026-10-05,shortage,ratiopharm GmbH,"Lisätietoja antaa: Teva Finland Oy, Teva Finland Oy, +358201805900, infofinland@tevapharm.com",2026-09-23T11:17:19.710445,
FI,Finland,FIMEA,Enalapril-Ratiopharm 10 mg,Enalapril maleate,10 mg,tabletti,100,000051,C09AA02,2026-09-07,2026-09-28,shortage,ratiopharm GmbH,"Lisätietoja antaa: Teva Finland Oy, Teva Finland Oy, +358201805900, infofinland@tevapharm.com",2026-09-23T11:17:19.710532,
FI,Finland,FIMEA,Porcilis Porcoli Diluvac Forte,"Escherichia coli, LT toxoid Escherichia coli, F4A antigen Escherichia coli, F4ac antigen Escherichia coli, F5 antigen Escherichia coli, F6 antigen",,"injektioneste, suspensio",50 ml,012998,QI09AB02,2026-09-14,2026-12-04,shortage,Intervet International B.V.,"Lisätietoja antaa: MSD Animal Health Oy, Susanna Ketola, +358 50 4483389, susanna.ketola@msd.com",2026-09-23T11:17:19.710618,
FI,Finland,FIMEA,Relert 40 mg,Eletriptan hydrobromide,40 mg,"tabletti, kalvopäällysteinen",6,553339,N02CC06,2026-09-20,2026-12-01,shortage,Viatris Healthcare Limited,"Lisätietoja antaa: Viatris Oy, Viatris Oy asiakasinformaatio, +358 20 720 9555, infofi@viatris.com",2026-09-23T11:17:19.710705,
FI,Finland,FIMEA,Invanz 1 g,Ertapenem,1 g,"kuiva-aine välikonsentraatiksi infuusionestettä varten, liuos",1 g,010234,J01DH03,2026-09-16,2026-09-30,shortage,Merck Sharp & Dohme B.V.,"Lisätietoja antaa: MSD Finland Oy, Merita Suomalainen, +3589804650, info@msd.com",2026-09-23T11:17:19.710800,63525
FI,Finland,FIMEA,Visudyne 15 mg,Verteporfin,15 mg,"infuusiokuiva-aine, liuosta varten",15 mg,002616,S01LA01,2024-12-19,2026-12-31,shortage,Cheplapharm Arzneimittel GmbH,"Lisätietoja antaa: CHEPLAPHARM Arzneimittel GmbH, Eva Agren, +70 971 8764, eva.agren@advanzpharma.com",2026-09-23T11:17:19.710886,58963
FI,Finland,FIMEA,Microgynon 0.15 mg / 0.03 mg,Ethinylestradiol Levonorgestrel,0.15 mg / 0.03 mg,"tabletti, päällystetty",3 x 21,565135,G03AA07,2026-08-19,2026-10-23,shortage,Paranova Oy,"Lisätietoja antaa: Paranova Oy, Sebastian Saari, +358 9 4391 850, info@paranova.fi",2026-09-23T11:17:19.710971,83348
FI,Finland,FIMEA,Equip F vet.,"Equine influenza virus, A/1, Newmarket 77, surface antigen Equine influenza virus, A/2, Borlange, surface antigen Equine influenza virus, A/2, Kentucky 98, surface antigen",,"injektioneste, suspensio",10 x 2 ml,069975,QI05AA01,2026-08-06,2026-10-31,shortage,Zoetis Animal Health ApS,"Lisätietoja antaa: Zoetis Finland Oy, Tiina Ojala, +358 45 78853211, tiina.ojala@zoetis.com",2026-09-23T11:17:19.711056,
FI,Finland,FIMEA,Bezalip 400 mg,Bezafibrate,400 mg,depottabletti,100,000052,C10AB02,2026-01-19,2026-09-30,shortage,Paranova Oy,"Lisätietoja antaa: Paranova Oy, Sebastian Saari, +358 9 4391 850, info@paranova.fi",2026-09-23T11:17:19.711135,43435
FI,Finland,FIMEA,Enalapril comp ratiopharm 20 mg / 12.5 mg,Enalapril maleate Hydrochlorothiazide,20 mg / 12.5 mg,tabletti,100,034124,C09BA02,2026-09-23,2026-10-15,shortage,ratiopharm GmbH,"Lisätietoja antaa: Teva Finland Oy, Teva Finland Oy, +358201805900, infofinland@tevapharm.com",2026-09-23T11:17:19.711225,26387
FI,Finland,FIMEA,Cozaar 100 mg,Losartan potassium,100 mg,"tabletti, kalvopäällysteinen",98,006928,C09CA01,2026-08-28,2026-11-15,shortage,N.V. Organon,"Lisätietoja antaa: Organon Finland Oy, Organon Finland Oy, Lääkeinformaatiopalvelu, +358291703520, dpoc.finland@organon.com",2026-09-23T11:17:19.711306,60569
FI,Finland,FIMEA,Carvedilol STADA 12.5 mg,Carvedilol,12.5 mg,tabletti,100 x 1,018431,C07AG02,2026-09-07,2026-11-30,shortage,STADA Arzneimittel AG,"Lisätietoja antaa: STADA Nordic ApS, Finnish branch, Hanna Kallio, +358405570209, hanna.kallio@stada.fi",2026-09-23T11:17:19.711392,74241
FI,Finland,FIMEA,Estradot 100 mikrog / 24 tuntia,Estradiol hemihydrate,100 mikrog / 24 tuntia,depotlaastari,24,522103,G03CA03,2026-05-04,2026-12-22,shortage,Sandoz A/S,"Lisätietoja antaa: Sandoz A/S, Sandoz A/S, +358 10 6133415, drug.shortage_nordic@sandoz.com",2026-09-23T11:17:19.711486,
FI,Finland,FIMEA,Zavesca 100 mg,Miglustat,100 mg,"kapseli, kova",84,016277,A16AX06,2026-09-22,2026-10-01,shortage,Advanz Pharma Limited,"Lisätietoja antaa: Janssen-Cilag Oy, Lääkeinfo, +358 207531300, jacfi@its.jnj.com",2026-09-23T11:17:19.711563,69620
FI,Finland,FIMEA,Cardiol 12.5 mg,Carvedilol,12.5 mg,tabletti,100,380758,C07AG02,2026-08-17,2026-10-31,shortage,Cheplapharm Arzneimittel GmbH,"Lisätietoja antaa: CHEPLAPHARM Arzneimittel GmbH, +358 800 416231, medicalinformation@advanzpharma.com",2026-09-23T11:17:19.711648,74241
FI,Finland,FIMEA,Soluvit,Folic acid Biotin Cyanocobalamin Sodium ascorbate Sodium pantothenate Riboflavin sodium fosfate Nicotinamide Pyridoxine hydrochloride Thiamine mononitrate,,"infuusiokuiva-aine, liuosta varten",10 x 1 annos,191254,B05XC,2026-09-18,2026-10-16,shortage,Fresenius Kabi AB,"Lisätietoja antaa: Fresenius Kabi Ab, sivuliike Suomessa, Fresenius Kabi, +35894281550, asiakaspalvelu@fresenius-kabi.com",2026-09-23T11:17:19.711724,
FI,Finland,FIMEA,Visipaque 320 mg I/ml,Iodixanol,320 mg I/ml,"injektioneste, liuos",10 x 50 ml,019132,V08AB09,2026-07-20,2026-10-01,shortage,GE Healthcare AS,"Lisätietoja antaa: Oy GE Healthcare Bio-Sciences Ab, Oy GE Healthcare Bio-Sciences Ab, +3581039411, CustomerService.Finland@gehealthcare.com",2026-09-23T11:17:19.711806,41637
FI,Finland,FIMEA,Abboticin 1 g,Erythromycin lactobionate,1 g,"infuusiokuiva-aine, liuosta varten",1 g,405001,J01FA01,2026-01-15,2027-06-30,shortage,Amdipharm Limited,"Lisätietoja antaa: Amdipharm Limited / Abcur AB, +358 800 416231, medicalinformation@advanzpharma.com",2026-09-23T11:17:19.712030,5061
FI,Finland,FIMEA,Visipaque 270 mg I/ml,Iodixanol,270 mg I/ml,"injektioneste, liuos",10 x 50 ml,019121,V08AB09,2026-09-07,2026-09-24,shortage,GE Healthcare AS,"Lisätietoja antaa: Oy GE Healthcare Bio-Sciences Ab, Oy GE Healthcare Bio-Sciences Ab, +3581039411, CustomerService.Finland@gehealthcare.com",2026-09-23T11:17:19.712244,41599
FI,Finland,FIMEA,Visipaque 270 mg I/ml,Iodixanol,270 mg I/ml,"injektioneste, liuos",10 x 100 ml,582882,V08AB09,2026-04-27,2026-10-09,shortage,GE Healthcare AS,"Lisätietoja antaa: Oy GE Healthcare Bio-Sciences Ab, Oy GE Healthcare Bio-Sciences Ab, +3581039411, CustomerService.Finland@gehealthcare.com",2026-09-23T11:17:19.712354,41602
FI,Finland,FIMEA,Ranoprin 40 mg,Propranolol hydrochloride,40 mg,"tabletti, kalvopäällysteinen",30,169235,C07AA05,2026-09-04,2026-09-30,shortage,ratiopharm GmbH,"Lisätietoja antaa: Teva Finland Oy, Teva Finland Oy, +358201805900, infofinland@tevapharm.com",2026-09-23T11:17:19.712538,5711
FI,Finland,FIMEA,Ranoprin 40 mg,Propranolol hydrochloride,40 mg,"tabletti, kalvopäällysteinen",100,169292,C07AA05,2026-08-19,2026-09-30,shortage,ratiopharm GmbH,"Lisätietoja antaa: Teva Finland Oy, Teva Finland Oy, +358201805900, infofinland@tevapharm.com",2026-09-23T11:17:19.712642,5711
FI,Finland,FIMEA,Synulox vet. 40 mg / 10 mg,Amoxicillin trihydrate Potassium clavulanate,40 mg / 10 mg,tabletti,100,088427,QJ01CR02,2026-07-27,2026-10-31,shortage,Zoetis Animal Health ApS,"Lisätietoja antaa: Zoetis Finland Oy, Tiina Ojala, +358 45 7885 3211, tiina.ojala@zoetis.com",2026-09-23T11:17:19.712747,
FI,Finland,FIMEA,Oncovin 1 mg/ml,Vincristine sulfate,1 mg/ml,"injektioneste, liuos",1 ml,381472,L01CA02,2026-05-27,2026-09-30,shortage,STADA Nordic ApS,"Lisätietoja antaa: STADA Nordic ApS, Finnish branch, Hanna Kallio, +358405570209, hanna.kallio@stada.fi",2026-09-23T11:17:19.712854,24120
FI,Finland,FIMEA,Renitec Comp 20 mg / 12.5 mg,Enalapril maleate Hydrochlorothiazide,20 mg / 12.5 mg,tabletti,98,446393,C09BA02,2026-10-01,2026-11-30,shortage,N.V. Organon,"Lisätietoja antaa: Organon Finland Oy, Organon Finland Oy, Lääkeinformaatiopalvelu, +358291703520, dpoc.finland@organon.com",2026-09-23T11:17:19.712939,26387
FI,Finland,FIMEA,Diuramin 5 mg / 50 mg,Amiloride hydrochloride dihydrate Hydrochlorothiazide,5 mg / 50 mg,tabletti,100,032706,C03EA01,2026-06-23,2026-12-15,shortage,ratiopharm GmbH,"Lisätietoja antaa: Teva Finland Oy, Teva Finland Oy, +358201805900, infofinland@tevapharm.com",2026-09-23T11:17:19.713094,2410
FI,Finland,FIMEA,Aspirin Cardio 100 mg,Acetylsalicylic acid,100 mg,enterotabletti,98,079856,B01AC06,2026-08-03,2026-09-30,shortage,Bayer Oy,"Lisätietoja antaa: Bayer Oy, Bayer Oy, +3582078521, medinfo@bayer.fi",2026-09-23T11:17:19.713200,
FI,Finland,FIMEA,Holoxan 2000 mg,Ifosfamide,2000 mg,injektio-/infuusiokuiva-aine liuosta varten,2000 mg,387691,L01AA06,2026-01-22,2026-12-31,shortage,Baxter Oy,"Lisätietoja antaa: Baxter Oy, Katriina Itäaho, +358405679926, katriina_itaaho@baxter.com",2026-09-23T11:17:19.713349,14826
FI,Finland,FIMEA,Synulox vet 140 mg/ml,Amoxicillin trihydrate Potassium clavulanate,140 mg/ml,"injektioneste, suspensio",50 ml,169623,QJ01CR02,2026-09-02,2027-01-09,shortage,Zoetis Animal Health ApS,"Lisätietoja antaa: Zoetis Finland Oy, Tiina Ojala, +358 45 78853211, tiina.ojala@zoetis.com",2026-09-23T11:17:19.713506,
FI,Finland,FIMEA,Synulox vet. 400 mg / 100 mg,Amoxicillin trihydrate Potassium clavulanate,400 mg / 100 mg,tabletti,10,030981,QJ01CR02,2026-09-02,2026-09-26,shortage,Zoetis Animal Health ApS,"Lisätietoja antaa: Zoetis Finland Oy, Tiina Ojala, +358 45 78853211, tiina.ojala@zoetis.com",2026-09-23T11:17:19.713687,
FI,Finland,FIMEA,Valproat Sandoz 300 mg,Valproic acid Sodium valproate,300 mg,depottabletti,100,417276,N03AG01,2026-03-05,2027-02-03,shortage,Sandoz A/S,"Lisätietoja antaa: Sandoz A/S, Sandoz A/S, +358 10 6133415, drug.shortage_nordic@sandoz.com",2026-09-23T11:17:19.713896,29882
FI,Finland,FIMEA,Amloratio 5 mg,Amlodipine besylate,5 mg,tabletti,250,176455,C08CA01,2026-06-24,2026-10-09,shortage,ratiopharm GmbH,"Lisätietoja antaa: Teva Finland Oy, Teva Finland Oy, +358201805900, infofinland@tevapharm.com",2026-09-23T11:17:19.713990,123315
FI,Finland,FIMEA,Fucidin 2 %,Fusidic acid,2 %,emulsiovoide,15 g,379305,D06AX01,2026-08-31,2026-10-31,shortage,Paranova Oy,"Lisätietoja antaa: Paranova Oy, Sebastian Saari, +358 9 4391 850, info@paranova.fi",2026-09-23T11:17:19.714078,5428
FI,Finland,FIMEA,Fucidin 2 %,Fusidic acid,2 %,emulsiovoide,30 g,128207,D06AX01,2026-08-19,2026-10-09,shortage,Paranova Oy,"Lisätietoja antaa: Paranova Oy, Sebastian Saari, +358 9 4391 850, info@paranova.fi",2026-09-23T11:17:19.714161,5428
FI,Finland,FIMEA,Dehydrobenzperidol 2.5 mg/ml,Droperidol,2.5 mg/ml,"injektioneste, liuos",10 x 1 ml,115475,N05AD08,2025-11-15,2027-01-01,shortage,Substipharm,"Lisätietoja antaa: Kurantis ApS, +45 26 52 42 88, tbn@kurantis.com",2026-09-23T11:17:19.714262,75191
FI,Finland,FIMEA,Bisoprolol Vitabalans 10 mg,Bisoprolol hemifumarate,10 mg,tabletti,30,180820,C07AB07,2026-09-18,2026-12-31,shortage,Vitabalans Oy,"Lisätietoja antaa: Vitabalans Oy, Jari Kovalainen, +358 50 0476321, jari.kovalainen@vitabalans.fi",2026-09-23T11:17:19.714409,25542
FI,Finland,FIMEA,Bisoprolol Vitabalans 10 mg,Bisoprolol hemifumarate,10 mg,tabletti,100,581317,C07AB07,2026-09-18,2026-12-31,shortage,Vitabalans Oy,"Lisätietoja antaa: Vitabalans Oy, Jari Kovalainen, +358 50 0476321, jari.kovalainen@vitabalans.fi",2026-09-23T11:17:19.714533,25542
FI,Finland,FIMEA,Enalapril Vitabalans 20 mg,Enalapril maleate,20 mg,tabletti,30,088324,C09AA02,2026-09-09,2026-11-03,shortage,Vitabalans Oy,"Lisätietoja antaa: Vitabalans Oy, Jari Kovalainen, +358 50 047 6321, jari.kovalainen@vitabalans.fi",2026-09-23T11:17:19.714621,21075
FI,Finland,FIMEA,Enalapril Vitabalans 20 mg,Enalapril maleate,20 mg,tabletti,100,088333,C09AA02,2026-09-09,2026-11-03,shortage,Vitabalans Oy,"Lisätietoja antaa: Vitabalans Oy, Jari Kovalainen, +358 50 047 6321, jari.kovalainen@vitabalans.fi",2026-09-23T11:17:19.714705,21075
FI,Finland,FIMEA,Isotretinoin Orion 20 mg,Isotretinoin,20 mg,"kapseli, pehmeä",30,052745,D10BA01,2026-02-09,2027-03-08,shortage,Pharmathen S.A.,"Lisätietoja antaa: Orion Oyj, Orion Call Center, +358104398250, tuoteinformaatio@orionpharma.com",2026-09-23T11:17:19.714809,69507
FI,Finland,FIMEA,Isotretinoin Orion 20 mg,Isotretinoin,20 mg,"kapseli, pehmeä",100,025810,D10BA01,2026-01-19,2027-03-08,shortage,Pharmathen S.A.,"Lisätietoja antaa: Orion Oyj, Orion Call Center, +358104398250, tuoteinformaatio@orionpharma.com",2026-09-23T11:17:19.714894,69507
FI,Finland,FIMEA,Equibactin vet. 333 mg/g + 67 mg/g,Sulfadiazine Trimethoprim,333 mg/g + 67 mg/g,oraalipasta,45 g,153777,QJ01EW10,2026-05-26,2026-11-30,shortage,Le Vet. B.V.,"Lisätietoja antaa: Dechra Veterinary Products OY, Riitta Kankaala, +358407674469, riitta.kankaala@dechra.com",2026-09-23T11:17:19.714984,
FI,Finland,FIMEA,Paramax Junior 250 mg,Paracetamol,250 mg,tabletti,10,112486,N02BE01,2026-09-07,2026-11-30,shortage,Vitabalans Oy,"Lisätietoja antaa: Vitabalans Oy, Jari Kovalainen, +358 50 047 6321, jari.kovalainen@vitabalans.fi",2026-09-23T11:17:19.715066,
FI,Finland,FIMEA,Montelukast Ratiopharm 10 mg,Montelukast sodium,10 mg,"tabletti, kalvopäällysteinen",98,501950,R03DC03,2026-09-08,2026-09-28,shortage,Teva GmbH,"Lisätietoja antaa: Teva Finland Oy, Teva Finland Oy, +358201805900, infofinland@tevapharm.com",2026-09-23T11:17:19.715154,52051
FI,Finland,FIMEA,Mycophenolate Mofetil Accord 500 mg,Mycophenolate mofetil,500 mg,"tabletti, kalvopäällysteinen",50,430600,L04AA06,2026-09-04,2026-11-06,shortage,Accord Healthcare B.V.,"Lisätietoja antaa: Accord Healthcare Oy, Accord Healthcare Oy, +358 10 2314180, asiakaspalvelu@accord-healthcare.com",2026-09-23T11:17:19.715235,44369
FI,Finland,FIMEA,Alendronat Viatris 70 mg,Sodium alendronate trihydrate,70 mg,tabletti,4,384561,M05BA04,2026-02-27,2027-02-12,shortage,Viatris Limited,"Lisätietoja antaa: Viatris Oy, Viatris Oy:n asiakasinformaatio, +358207209555, infofi@viatris.com",2026-09-23T11:17:19.715313,122416
FI,Finland,FIMEA,Losatrix Comp 100 mg / 25 mg,Hydrochlorothiazide Losartan potassium,100 mg / 25 mg,"tabletti, kalvopäällysteinen",100,112274,C09DA01,2026-09-03,2026-10-30,shortage,TEVA Sweden AB,"Lisätietoja antaa: Teva Finland Oy, Teva Finland Oy, +358201805900, infofinland@tevapharm.com",2026-09-23T11:17:19.715394,69302
FI,Finland,FIMEA,Losatrix Comp 100 mg / 25 mg,Hydrochlorothiazide Losartan potassium,100 mg / 25 mg,"tabletti, kalvopäällysteinen",100,117760,C09DA01,2026-09-16,2026-11-09,shortage,TEVA Sweden AB,"Lisätietoja antaa: Teva Finland Oy, Teva Finland Oy, +358201805900, infofinland@tevapharm.com",2026-09-23T11:17:19.715480,69302
FI,Finland,FIMEA,Losatrix Comp 50 mg / 12.5 mg,Hydrochlorothiazide Losartan potassium,50 mg / 12.5 mg,"tabletti, kalvopäällysteinen",100,583043,C09DA01,2026-09-25,2026-11-09,shortage,TEVA Sweden AB,"Lisätietoja antaa: Teva Finland Oy, Teva Finland Oy, +358201805900, infofinland@tevapharm.com",2026-09-23T11:17:19.715570,69299
FI,Finland,FIMEA,Losatrix 50 mg,Losartan potassium,50 mg,"tabletti, kalvopäällysteinen",30,041211,C09CA01,2026-09-07,2026-10-05,shortage,ratiopharm GmbH,"Lisätietoja antaa: Teva Finland Oy, Teva Finland Oy, +358201805900, infofinland@tevapharm.com",2026-09-23T11:17:19.715662,41890
FI,Finland,FIMEA,Losatrix 50 mg,Losartan potassium,50 mg,"tabletti, kalvopäällysteinen",100,198582,C09CA01,2026-09-10,2026-10-30,shortage,ratiopharm GmbH,"Lisätietoja antaa: Teva Finland Oy, Teva Finland Oy, +358201805900, infofinland@tevapharm.com",2026-09-23T11:17:19.715867,41890
FI,Finland,FIMEA,Losatrix 50 mg,Losartan potassium,50 mg,"tabletti, kalvopäällysteinen",250,047676,C09CA01,2026-09-09,2026-11-02,shortage,ratiopharm GmbH,"Lisätietoja antaa: Teva Finland Oy, Teva Finland Oy, +358201805900, infofinland@tevapharm.com",2026-09-23T11:17:19.715952,41890
FI,Finland,FIMEA,Arcoxia 30 mg,Etoricoxib,30 mg,"tabletti, kalvopäällysteinen",98,161753,M01AH05,2026-09-11,2026-09-30,shortage,N.V. Organon,"Lisätietoja antaa: Organon Finland Oy, Organon Finland Oy, Lääkeinformaatiopalvelu, +358291703520, dpoc.finland@organon.com",2026-09-23T11:17:19.716021,85766
FI,Finland,FIMEA,Alfuzosin Hydrochlorid Ratiopharm 10 mg,Alfuzosin hydrochloride,10 mg,depottabletti,30,050297,G04CA01,2026-08-05,2026-11-30,shortage,ratiopharm GmbH,"Lisätietoja antaa: Teva Finland Oy, Teva Finland Oy, +358201805900, infofinland@tevapharm.com",2026-09-23T11:17:19.716088,54798
FI,Finland,FIMEA,Alfuzosin Hydrochlorid Ratiopharm 10 mg,Alfuzosin hydrochloride,10 mg,depottabletti,90,050306,G04CA01,2026-09-30,2026-11-30,shortage,ratiopharm GmbH,"Lisätietoja antaa: Teva Finland Oy, Teva Finland Oy, +358201805900, infofinland@tevapharm.com",2026-09-23T11:17:19.716155,54798
FI,Finland,FIMEA,Alfuzosin Hydrochlorid Ratiopharm 10 mg,Alfuzosin hydrochloride,10 mg,depottabletti,100,140841,G04CA01,2026-09-21,2026-09-25,shortage,ratiopharm GmbH,"Lisätietoja antaa: Teva Finland Oy, Teva Finland Oy, +358201805900, infofinland@tevapharm.com",2026-09-23T11:17:19.716221,54798
FI,Finland,FIMEA,Sertralin ratiopharm 50 mg,Sertraline hydrochloride,50 mg,"tabletti, kalvopäällysteinen",30,502144,N06AB06,2026-07-17,2026-10-26,shortage,TEVA Sweden AB,"Lisätietoja antaa: Teva Finland Oy, Teva Finland Oy, +358 20 180 5900, infofinland@tevapharm.com",2026-09-23T11:17:19.716295,39403
FI,Finland,FIMEA,Sertralin ratiopharm 50 mg,Sertraline hydrochloride,50 mg,"tabletti, kalvopäällysteinen",100,081845,N06AB06,2025-07-30,2026-10-19,shortage,TEVA Sweden AB,"Lisätietoja antaa: Teva Finland Oy, Teva Finland Oy, +358 20 180 5900, infofinland@tevapharm.com",2026-09-23T11:17:19.716373,39403
FI,Finland,FIMEA,Ciprofloxacin Krka 750 mg,Ciprofloxacin hydrochloride,750 mg,"tabletti, kalvopäällysteinen",2 x 10,065978,J01MA02,2026-08-16,2026-10-01,shortage,KRKA d.d. Novo mesto,"Lisätietoja antaa: KRKA Finland Oy, KRKA Finland Oy, +358207545330, info.fi@krka.biz",2026-09-23T11:17:19.716448,138940
FI,Finland,FIMEA,Sequidot,Estradiol hemihydrate Norethisterone acetate,,depotlaastari,12 + 12,397333,G03FB05,2026-04-13,2026-10-20,shortage,Sandoz A/S,"Lisätietoja antaa: Sandoz A/S, Sandoz A/S, +358 10 6133415, drug.shortage_nordic@sandoz.com",2026-09-23T11:17:19.716523,
FI,Finland,FIMEA,Piperacillin/Tazobactam Reig Jofre 2 g / 0.25 g,Piperacillin sodium Tazobactam sodium,2 g / 0.25 g,"infuusiokuiva-aine, liuosta varten",10 x 2 g / 0.25 g,502484,J01CR05,2025-12-04,2026-11-20,shortage,Laboratory Reig Jofré S.A.,"Lisätietoja antaa: Bioglan AB, Sara Soares, +46 40 608 75 25, sara.soares@bioglan.se",2026-09-23T11:17:19.716602,37125
FI,Finland,FIMEA,Moxalole,Potassium chloride Macrogol 3350 Sodium chloride Sodium hydrogen carbonate,,jauhe oraaliliuosta varten,20,133530,A06AD65,2026-04-29,2026-12-01,shortage,Cooper Consumer Health B.V.,"Lisätietoja antaa: Oy Conaxess Trade Finland Ab, Hilkka Ylinärä, +46 70 170 49 03, hilkka.ylinara@conaxesstrade.com",2026-09-23T11:17:19.716678,46949
FI,Finland,FIMEA,Fluvastatin Viatris 20 mg,Fluvastatin sodium,20 mg,"kapseli, kova",2 x 49,430171,C10AA04,2025-09-18,2027-04-01,shortage,Viatris Limited,"Lisätietoja antaa: Viatris Oy, Viatris Oy asiakasinformaatio, +358 20 720 9555, infofi@viatris.com",2026-09-23T11:17:19.716761,39136
FI,Finland,FIMEA,Fluvastatin Viatris 40 mg,Fluvastatin sodium,40 mg,"kapseli, kova",2 x 49,491272,C10AA04,2026-09-02,2027-06-01,shortage,Viatris Limited,"Lisätietoja antaa: Viatris Oy, Viatris Oy asiakasinformaatio, +358 20 720 9555, infofi@viatris.com",2026-09-23T11:17:19.716838,39144
FI,Finland,FIMEA,Sumatriptan Accord 100 mg,Sumatriptan succinate,100 mg,"tabletti, kalvopäällysteinen",6,398653,N02CC01,2026-01-13,2026-09-30,shortage,Accord Healthcare B.V.,"Lisätietoja antaa: Accord Healthcare Oy, Accord Healthcare Oy, +358 10 2314180, asiakaspalvelu@accord-healthcare.com",2026-09-23T11:17:19.716914,32476
FI,Finland,FIMEA,Sumatriptan Accord 100 mg,Sumatriptan succinate,100 mg,"tabletti, kalvopäällysteinen",18,043245,N02CC01,2026-01-25,2026-09-30,shortage,Accord Healthcare B.V.,"Lisätietoja antaa: Accord Healthcare Oy, Accord Healthcare Oy, +358 10 2314180, asiakaspalvelu@accord-healthcare.com",2026-09-23T11:17:19.716989,32476
FI,Finland,FIMEA,Sumatriptan Accord 50 mg,Sumatriptan succinate,50 mg,"tabletti, kalvopäällysteinen",12,141368,N02CC01,2026-05-03,2026-09-30,shortage,Accord Healthcare B.V.,"Lisätietoja antaa: Accord Healthcare Oy, Accord Healthcare Oy, +358 10 2314180, asiakaspalvelu@accord-healthcare.com",2026-09-23T11:17:19.717065,41378
FI,Finland,FIMEA,Risperidon Orion 1 mg/ml,Risperidone,1 mg/ml,oraaliliuos,100 ml,154431,N05AX08,2026-03-04,2026-12-28,shortage,Orion Corporation,"Lisätietoja antaa: Orion Oyj, Orion Call Center, +358104398256, tuoteinformaatio@orionpharma.com",2026-09-23T11:17:19.717145,44016
FI,Finland,FIMEA,Candemox 8 mg,Candesartan cilexetil,8 mg,tabletti,100,599317,C09CA06,2026-07-21,2026-12-31,shortage,Sandoz A/S,"Lisätietoja antaa: Sandoz A/S, Sandoz A/S, +358 10 6133415, drug.shortage_nordic@sandoz.com",2026-09-23T11:17:19.717226,48402
FI,Finland,FIMEA,ZYPADHERA 210 mg,Olanzapine pamoate monohydrate,210 mg,"injektiokuiva-aine ja liuotin, depotsuspensiota varten",210 mg + 3 ml,027976,N05AH03,2025-12-10,2026-12-02,shortage,Cheplapharm Registration GmbH,"Lisätietoja antaa: Cheplapharm Registration GmbH, Ceyhan Avci, +46 8 560 020 13, ceyhan.avci@propharmagroup.com",2026-09-23T11:17:19.717296,90190
FI,Finland,FIMEA,Lariam 250 mg,Mefloquine hydrochloride,250 mg,tabletti,8,085223,P01BC02,2025-09-08,2026-09-30,shortage,Paranova Oy,"Lisätietoja antaa: Paranova Oy, Sebastian Saari, +358 9 4391 850, info@paranova.fi",2026-09-23T11:17:19.717362,25410
FI,Finland,FIMEA,Carboplatin Accord 10 mg/ml,Carboplatin,10 mg/ml,"infuusiokonsentraatti, liuosta varten",15 ml,106217,L01XA02,2026-05-17,2026-10-30,shortage,Accord Healthcare B.V.,"Lisätietoja antaa: Accord Healthcare Oy, Accord Healthcare Oy, +358 10 2314180, asiakaspalvelu@accord-healthcare.com",2026-09-23T11:17:19.717431,39993
FI,Finland,FIMEA,Carvedilol Hexal 12.5 mg,Carvedilol,12.5 mg,tabletti,100,108764,C07AG02,2026-05-05,2026-12-31,shortage,Hexal A/S,"Lisätietoja antaa: Sandoz A/S, Sandoz A/S, +358 10 6133415, drug.shortage_nordic@sandoz.com",2026-09-23T11:17:19.717499,74241
FI,Finland,FIMEA,Felodipin Ratiopharm 5 mg,Felodipine,5 mg,depottabletti,30,010936,C08CA02,2026-09-16,2026-11-30,shortage,ratiopharm GmbH,"Lisätietoja antaa: Teva Finland Oy, Teva Finland Oy, +358201805900, infofinland@tevapharm.com",2026-09-23T11:17:19.717566,30929
FI,Finland,FIMEA,Felodipin Ratiopharm 5 mg,Felodipine,5 mg,depottabletti,100,557982,C08CA02,2026-06-10,2026-10-15,shortage,ratiopharm GmbH,"Lisätietoja antaa: Teva Finland Oy, Teva Finland Oy, +358201805900, infofinland@tevapharm.com",2026-09-23T11:17:19.717634,30929
FI,Finland,FIMEA,Clindamycin MIP 600 mg,Clindamycin hydrochloride,600 mg,"tabletti, kalvopäällysteinen",32,037811,J01FF01,2026-06-12,2026-09-30,shortage,MIP Pharma GmbH,"Lisätietoja antaa: MIP Pharma GmbH, Angela Wittmann, +49 8502 9184 430, angela.wittmann@mip-pharma.de",2026-09-23T11:17:19.717703,144231
FI,Finland,FIMEA,Kalciumfolinat Stada 10 mg/ml,Calcium folinate,10 mg/ml,"injektioneste, liuos",20 ml,040706,V03AF03,2025-04-03,2026-12-31,shortage,STADA Arzneimittel AG,"Lisätietoja antaa: STADA Nordic ApS, Finnish branch, Hanna Kallio, +358405570209, hanna.kallio@stada.fi",2026-09-23T11:17:19.717780,65544
FI,Finland,FIMEA,Kalciumfolinat Stada 10 mg/ml,Calcium folinate,10 mg/ml,"injektioneste, liuos",50 ml,040718,V03AF03,2025-04-03,2026-12-31,shortage,STADA Arzneimittel AG,"Lisätietoja antaa: STADA Nordic ApS, Finnish branch, Hanna Kallio, +358405570209, hanna.kallio@stada.fi",2026-09-23T11:17:19.717856,67350
FI,Finland,FIMEA,Lyrica 25 mg,Pregabalin,25 mg,"kapseli, kova",200,067194,N02BF02,2026-09-22,2026-10-11,shortage,Upjohn EESV,"Lisätietoja antaa: Viatris Oy, Viatris Oy asiakasinformaatio, +358 20 720 9555, infofi@viatris.com",2026-09-23T11:17:19.717935,75698
FI,Finland,FIMEA,Alizin 30 mg/ml,Aglepristone,30 mg/ml,"injektioneste, liuos",10 ml,019308,QG03XB90,2026-08-19,2026-10-27,shortage,Virbac,"Lisätietoja antaa: Biofarm Oy, Mikko Koivu, +358500817609, mikko.koivu@biofarm.fi",2026-09-23T11:17:19.718027,
FI,Finland,FIMEA,Mercilon,Desogestrel Ethinylestradiol,,tabletti,3 x 21,574673,G03AA09,2026-07-06,2026-12-31,shortage,Paranova Oy,"Lisätietoja antaa: Paranova Oy, Sebastian Saari, +358 9 4391 850, info@paranova.fi",2026-09-23T11:17:19.718102,30414
FI,Finland,FIMEA,Pravastatin Ratiopharm 20 mg,Pravastatin sodium,20 mg,tabletti,100,452354,C10AA03,2026-08-20,2026-10-19,shortage,Sandoz A/S,"Lisätietoja antaa: Teva Finland Oy, Teva Finland Oy, +358201805900, infofinland@tevapharm.com",2026-09-23T11:17:19.718168,31089
FI,Finland,FIMEA,Pravastatin Ratiopharm 20 mg,Pravastatin sodium,20 mg,tabletti,30,047922,C10AA03,2026-02-18,2026-09-30,shortage,Sandoz A/S,"Lisätietoja antaa: Teva Finland Oy, Teva Finland Oy, +358 20 180 5900, infofinland@tevapharm.com",2026-09-23T11:17:19.718243,31089
FI,Finland,FIMEA,Zyban 150 mg,Bupropion hydrochloride,150 mg,depottabletti,100,481176,N06AX12,2026-10-01,2026-10-19,shortage,GlaxoSmithKline Oy,"Lisätietoja antaa: GlaxoSmithKline Oy, Anu Aallos, +358 10 30 30 30, Anu.n.aallos@gsk.com",2026-09-23T11:17:19.718308,82872
FI,Finland,FIMEA,Gabrion 300 mg,Gabapentin,300 mg,"kapseli, kova",50,017409,N02BF01,2026-09-28,2026-10-12,shortage,Orion Corporation,"Lisätietoja antaa: Orion Oyj, Orion Call Center, +358104398250, tuoteinformaatio@orionpharma.com",2026-09-23T11:17:19.718376,52825
FI,Finland,FIMEA,Isotretinoin Actavis 20 mg,Isotretinoin,20 mg,"kapseli, pehmeä",30,018963,D10BA01,2026-04-21,2027-02-01,shortage,Actavis Group PTC ehf,"Lisätietoja antaa: Teva Finland Oy, Teva Finland Oy, +358201805900, infofinland@tevapharm.com",2026-09-23T11:17:19.718443,69507
FI,Finland,FIMEA,Isotretinoin Actavis 20 mg,Isotretinoin,20 mg,"kapseli, pehmeä",100,013258,D10BA01,2025-11-07,2026-10-15,shortage,Actavis Group PTC ehf,"Lisätietoja antaa: Teva Finland Oy, Teva Finland Oy, +358 20 180 5900, infofinland@tevapharm.com",2026-09-23T11:17:19.718511,69507
FI,Finland,FIMEA,Isotretinoin Actavis 10 mg,Isotretinoin,10 mg,"kapseli, pehmeä",30,018735,D10BA01,2026-09-02,2026-10-26,shortage,Actavis Group PTC ehf,"Lisätietoja antaa: Teva Finland Oy, Teva Finland Oy, +358201805900, infofinland@tevapharm.com",2026-09-23T11:17:19.718578,69493
FI,Finland,FIMEA,Isotretinoin Actavis 10 mg,Isotretinoin,10 mg,"kapseli, pehmeä",100,013236,D10BA01,2026-08-28,2027-02-26,shortage,Actavis Group PTC ehf,"Lisätietoja antaa: Teva Finland Oy, Jyrki Hakkarainen, +358 40 5626437, jyrki.hakkarainen@tevapharm.com",2026-09-23T11:17:19.718644,69493
FI,Finland,FIMEA,Simvastatin Ratiopharm 20 mg,Simvastatin,20 mg,"tabletti, kalvopäällysteinen",28,010955,C10AA01,2026-05-06,2026-11-16,shortage,ratiopharm GmbH,"Lisätietoja antaa: Teva Finland Oy, Teva Finland Oy, +358201805900, infofinland@tevapharm.com",2026-09-23T11:17:19.718712,67814
FI,Finland,FIMEA,Simvastatin Ratiopharm 20 mg,Simvastatin,20 mg,"tabletti, kalvopäällysteinen",98,010966,C10AA01,2026-08-04,2026-11-23,shortage,ratiopharm GmbH,"Lisätietoja antaa: Teva Finland Oy, Teva Finland Oy, +358201805900, infofinland@tevapharm.com",2026-09-23T11:17:19.718785,67814
FI,Finland,FIMEA,Simvastatin Ratiopharm 20 mg,Simvastatin,20 mg,"tabletti, kalvopäällysteinen",250,529828,C10AA01,2026-08-26,2026-10-26,shortage,ratiopharm GmbH,"Lisätietoja antaa: Teva Finland Oy, Teva Finland Oy, +358201805900, infofinland@tevapharm.com",2026-09-23T11:17:19.718858,67814
FI,Finland,FIMEA,Simvastatin Ratiopharm 10 mg,Simvastatin,10 mg,"tabletti, kalvopäällysteinen",28,010908,C10AA01,2026-06-12,2026-11-16,shortage,ratiopharm GmbH,"Lisätietoja antaa: Teva Finland Oy, Teva Finland Oy, +358201805900, infofinland@tevapharm.com",2026-09-23T11:17:19.718933,67806
FI,Finland,FIMEA,Sumatriptan Sandoz 100 mg,Sumatriptan succinate,100 mg,"tabletti, kalvopäällysteinen",6,091120,N02CC01,2026-08-26,2026-11-11,shortage,Sandoz A/S,"Lisätietoja antaa: Sandoz A/S, Sandoz A/S, +358 10 6133415, drug.shortage_nordic@sandoz.com",2026-09-23T11:17:19.719007,32476
FI,Finland,FIMEA,Cytarabine Stada 100 mg/ml,Cytarabine,100 mg/ml,"infuusiokonsentraatti, liuosta varten",10 ml,068449,L01BC01,2026-09-01,2026-12-31,shortage,STADA Arzneimittel AG,"Lisätietoja antaa: STADA Nordic ApS, Finnish branch, Hanna Kallio, +358405570209, hanna.kallio@stada.fi",2026-09-23T11:17:19.719073,104485
FI,Finland,FIMEA,Meliane,Ethinylestradiol Gestodene,,"tabletti, päällystetty",3 x 21,012010,G03AA10,2026-04-24,2026-10-31,shortage,Paranova Oy,"Lisätietoja antaa: Paranova Oy, Sebastian Saari, +358 9 4391 850, info@paranova.fi",2026-09-23T11:17:19.719140,83259
FI,Finland,FIMEA,Codetabs,Cocillana cortex extr spirit fluid (2:1),,imeskelytabletti,20,013194,R05FB02,2024-10-11,2027-08-31,shortage,Orifarm Healthcare A/S,"Lisätietoja antaa: Orifarm Healthcare Oy, Anna-Leena Haikkola, +358 9 7746 870, suomi@orifarm.com",2026-09-23T11:17:19.719206,
FI,Finland,FIMEA,Apolar 0.1 %,Desonide,0.1 %,emulsiovoide,15 g,117333,D07AB08,2026-09-02,2027-01-29,shortage,Teva B.V.,"Lisätietoja antaa: Teva Finland Oy, Teva Finland Oy, +358201805900, infofinland@tevapharm.com",2026-09-23T11:17:19.719272,
FI,Finland,FIMEA,Apolar 0.1 %,Desonide,0.1 %,emulsiovoide,50 g,117341,D07AB08,2026-07-16,2027-01-29,shortage,Teva B.V.,"Lisätietoja antaa: Teva Finland Oy, Teva Finland Oy, +358201805900, infofinland@tevapharm.com",2026-09-23T11:17:19.719336,
FI,Finland,FIMEA,Strepsils Hunaja & Sitruuna 1.2 mg / 0.6 mg,"2,4-Dichlorobenzylalcohol Amylmetacresol",1.2 mg / 0.6 mg,imeskelytabletti,24,541169,R02AA03,2026-09-03,2026-10-06,shortage,Reckitt Benckiser Healthcare (Scandinavia) A/S,"Lisätietoja antaa: Midsona Finland Oy, Nadja Ingman-Skräddars, +358 40 1476540, nadja.ingman-skraddars@midsona.fi",2026-09-23T11:17:19.719402,72893
FI,Finland,FIMEA,Fentanyl 50 mikrog/ml,Fentanyl citrate,50 mikrog/ml,"injektioneste, liuos",5 x 2 ml,571031,N01AH01,2025-06-03,2026-12-31,shortage,Piramal Critical Care B.V.,"Lisätietoja antaa: Nordic Drugs, Jukka Stubb, +358 10 231 1040, info@nordicdrugs.fi",2026-09-23T11:17:19.719470,5150
FI,Finland,FIMEA,Kvilla,Ammonium chloride Extractum fluidum quillajae (lat.),,oraaliliuos,200 ml,168120,R05CA10,2024-01-05,2027-06-15,shortage,Evolan Pharma AB,"Lisätietoja antaa: SwanMedica Oy, Juha Waisanen, +358173690033, juha.waisanen@swanmedica.com",2026-09-23T11:17:19.719535,125962
FI,Finland,FIMEA,Pratsiol 1 mg,Prazosin hydrochloride,1 mg,tabletti,100,013557,C02CA01,2026-08-26,2026-10-12,shortage,Orion Corporation,"Lisätietoja antaa: Orion Oyj, Orion Call Center, +358104398250, tuoteinformaatio@orionpharma.com",2026-09-23T11:17:19.719602,
FI,Finland,FIMEA,Trimopan 100 mg,Trimethoprim,100 mg,"tabletti, kalvopäällysteinen",30,580092,J01EA01,2026-08-10,2026-10-12,shortage,Orion Corporation,"Lisätietoja antaa: ORION CORPORATION, Orion Call Center, +358104398250, tuoteinformaatio@orionpharma.com",2026-09-23T11:17:19.719673,15725
FI,Finland,FIMEA,A-Pen 500 mg,Ampicillin sodium,500 mg,injektio-/infuusiokuiva-aine liuosta varten,5 x 500 mg,583260,J01CA01,2026-06-08,2027-01-25,shortage,Orion Corporation,"Lisätietoja antaa: Orion Oyj, Orion Call Center, +358104398250, tuoteinformaatio@orionpharma.com",2026-09-23T11:17:19.719745,
FI,Finland,FIMEA,Rimapen 600 mg,Rifampicin,600 mg,"tabletti, kalvopäällysteinen",30,490441,J04AB02,2026-08-31,2026-10-05,shortage,Orion Corporation,"Lisätietoja antaa: Orion Oyj, Orion Call Center, +358104398250, tuoteinformaatio@orionpharma.com",2026-09-23T11:17:19.719809,21237
FI,Finland,FIMEA,Caelyx Pegylated Liposomal 2 mg/ml,Doxorubicin hydrochloride,2 mg/ml,"infuusiokonsentraatti, liuosta varten",25 ml,188058,L01DB01,2026-05-30,2026-12-31,shortage,Baxter Holding B.V.,"Lisätietoja antaa: Baxter Oy, Katriina Itäaho, +358405679926, katriina_itaaho@baxter.com",2026-09-23T11:17:19.719876,121711
FI,Finland,FIMEA,Miochol-E 10 mg/ml,Acetylcholine chloride,10 mg/ml,"jauhe ja liuotin instillaatioliuosta varten, silmän sisään",2 ml,019235,S01EB09,2026-05-15,2026-10-15,shortage,Dr. Gerhard Mann Chem.-Pharm. Fabrik GmbH,"Lisätietoja antaa: Bausch & Lomb Nordic AB, 004686169500, nordic.regaffairs@bausch.com",2026-09-23T11:17:19.719943,23930
FI,Finland,FIMEA,Gastrografin 100 mg/ml / 660 mg/ml,Meglumine amidotrizoate Sodium amidotrizoate,100 mg/ml / 660 mg/ml,oraaliliuos,100 ml,027102,V08AA01,2026-02-17,2027-12-31,shortage,Bayer Oy,"Lisätietoja antaa: Bayer Oy, Bayer Oy, +3582078521, medinfo@bayer.fi",2026-09-23T11:17:19.720011,
FI,Finland,FIMEA,Locacorten-Vioform 0.2 mg/ml + 10 mg/ml,Clioquinol Flumetasone pivalate,0.2 mg/ml + 10 mg/ml,"korvatipat, liuos",7.5 ml,175398,S02CA02,2026-09-30,2027-03-31,shortage,Amdipharm Limited,"Lisätietoja antaa: AMDIPHARM LIMITED, +358 800 416231, medicalinformation@advanzpharma.com",2026-09-23T11:17:19.720078,6041
FI,Finland,FIMEA,Marzine 50 mg,Cyclizine hydrochloride,50 mg,tabletti,5,381524,R06AE03,2025-10-01,2027-02-01,shortage,Cooper Consumer Health B.V.,"Lisätietoja antaa: Oy Conaxess Trade Finland Ab, Jarno Helenius, +358 40 646 3277, pharma.fi@conaxesstrade.com",2026-09-23T11:17:19.720144,22683
FI,Finland,FIMEA,Desferal 500 mg,Deferoxamine mesilate,500 mg,"injektio/infuusiokuiva-aine, liuosta varten",10 x 500 mg,189175,V03AC01,2026-05-13,2028-01-31,shortage,Mitem Pharma,"Lisätietoja antaa: Mitem Pharma, +33176507733, contact@mitempharma.com",2026-09-23T11:17:19.720213,795
FI,Finland,FIMEA,Synulox vet 40 mg/ml,Amoxicillin trihydrate Potassium clavulanate,40 mg/ml,jauhe oraalisuspensiota varten,15 ml,421891,QJ01CR02,2026-08-06,2026-10-31,shortage,Zoetis Animal Health ApS,"Lisätietoja antaa: Zoetis Finland Oy, Tiina Ojala, +358 45 78853211, tiina.ojala@zoetis.com",2026-09-23T11:17:19.720279,
FI,Finland,FIMEA,Tizanidin Orion 2 mg,Tizanidine,2 mg,tabletti,30,062137,M03BX02,2026-06-29,2026-12-07,shortage,Orion Corporation,"Lisätietoja antaa: ORION CORPORATION, Orion Call Center, +358104398256, tuoteinformaatio@orionpharma.com",2026-09-23T11:17:19.720356,22993
FI,Finland,FIMEA,Palladon 50 mg/ml,Hydromorphone hydrochloride,50 mg/ml,"injektio-/infuusioneste, liuos",5 x 1 ml,157227,N02AA03,2026-04-01,2026-12-31,shortage,Mundipharma Oy,"Lisätietoja antaa: Mundipharma Oy, Mundipharma Oy (Supply chain), +358985202065, nordics.supplychain@mundipharma.com",2026-09-23T11:17:19.720478,107077
FI,Finland,FIMEA,Kalcipos-D 500 mg / 10 mikrog,Calcium carbonate Cholecalciferol concentrate (powder form),500 mg / 10 mikrog,purutabletti,90,037001,A12AX,2026-06-29,2026-10-22,shortage,Cooper Consumer Health B.V.,"Lisätietoja antaa: Viatris Oy, Viatris Oy:n asiakasinformaatio, +358207209555, infofi@viatris.com",2026-09-23T11:17:19.720548,
FI,Finland,FIMEA,Letrozol Accord 2.5 mg,Letrozole,2.5 mg,"tabletti, kalvopäällysteinen",30,130205,L02BG04,2026-04-15,2026-09-30,shortage,Accord Healthcare B.V.,"Lisätietoja antaa: Accord Healthcare Oy, Accord Healthcare Oy, +358 10 2314180, asiakaspalvelu@accord-healthcare.com",2026-09-23T11:17:19.720613,47724
FI,Finland,FIMEA,Valdoxan 25 mg,Agomelatine,25 mg,"tabletti, kalvopäällysteinen",98,032534,N06AX22,2026-05-12,2026-12-31,shortage,Les Laboratoires Servier,"Lisätietoja antaa: Servier Finland Oy, +358 40 901 2978, info.finland@servier.com",2026-09-23T11:17:19.720679,90824
FI,Finland,FIMEA,Movicol Plain,Potassium chloride Macrogol 3350 Sodium chloride Sodium hydrogen carbonate,,"jauhe oraaliliuosta varten, annospussi",100,155918,A06AD65,2026-08-26,2027-02-28,shortage,Norgine Healthcare B.V.,"Lisätietoja antaa: Norgine Denmark AS, Kristian Folkesson, +45 31 25 36 09, danmark@norgine.com",2026-09-23T11:17:19.720743,46949
FI,Finland,FIMEA,Smofkabiven Elektrolyytitön,"Alanine Arginine Glucose monohydrate Glycine Histidine Isoleucine Leucine Lysine acetate Methionine Phenylalanine Proline Serine Threonine Tryptophane Tyrosine Valine Taurine Triglycerides, medium-chain Soya-bean oil, refined Fish oil, rich in omega-3-acids Olive oil, refined",,"infuusioneste, emulsio",4 x 986 ml,154662,B05BA10,2026-09-22,2026-10-09,shortage,Fresenius Kabi AB,"Lisätietoja antaa: Fresenius Kabi Ab, sivuliike Suomessa, Fresenius Kabi, +35894281550, asiakaspalvelu@fresenius-kabi.com",2026-09-23T11:17:19.720809,89524
FI,Finland,FIMEA,Apurin Sandoz 300 mg,Allopurinol,300 mg,tabletti,100,395850,M04AA01,2026-08-06,2026-12-31,shortage,Sandoz A/S,"Lisätietoja antaa: Sandoz A/S, Sandoz A/S, +358 10 6133415, drug.shortage_nordic@sandoz.com",2026-09-23T11:17:19.720875,3913
FI,Finland,FIMEA,Olanzapine Viatris 10 mg,Olanzapine,10 mg,"tabletti, kalvopäällysteinen",100,518479,N05AH03,2026-08-29,2027-04-09,shortage,Viatris Limited,"Lisätietoja antaa: Viatris Oy, Viatris Oy asiakasinformaatio, +358 20 720 9555, infofi@viatris.com",2026-09-23T11:17:19.720940,45578
FI,Finland,FIMEA,Javlor 25 mg/ml,Vinflunine ditartrate,25 mg/ml,"infuusiokonsentraatti, liuosta varten",2 ml,026101,L01CA05,2026-08-18,2027-05-01,shortage,Pierre Fabre Medicament,"Lisätietoja antaa: Pierre Fabre Pharma Norden, + 46 8 625 33 50, infonorden@pierre-fabre.com",2026-09-23T11:17:19.721005,119245
FI,Finland,FIMEA,Javlor 25 mg/ml,Vinflunine ditartrate,25 mg/ml,"infuusiokonsentraatti, liuosta varten",10 ml,026114,L01CA05,2026-09-01,2027-05-01,shortage,Pierre Fabre Medicament,"Lisätietoja antaa: Pierre Fabre Pharma Norden, + 46 8 625 33 50, infonorden@pierre-fabre.com",2026-09-23T11:17:19.721071,119245
FI,Finland,FIMEA,Repaglinide Krka 1 mg,Repaglinide,1 mg,tabletti,90,039168,A10BX02,2026-07-30,2026-11-05,shortage,KRKA d.d. Novo mesto,"Lisätietoja antaa: KRKA Finland Oy, KRKA Finland Oy, +358207545330, info.fi@krka.biz",2026-09-23T11:17:19.721136,50938
FI,Finland,FIMEA,Repaglinide Krka 2 mg,Repaglinide,2 mg,tabletti,90,431948,A10BX02,2026-09-14,2026-11-05,shortage,KRKA d.d. Novo mesto,"Lisätietoja antaa: KRKA Finland Oy, KRKA Finland Oy, +358207545330, info.fi@krka.biz",2026-09-23T11:17:19.721201,50946
FI,Finland,FIMEA,Sildenafil Sandoz 50 mg,Sildenafil citrate,50 mg,tabletti,24,106035,G04BE03,2026-09-17,2026-12-31,shortage,Sandoz A/S,"Lisätietoja antaa: Sandoz A/S, Sandoz A/S, +358 10 6133415, drug.shortage_nordic@sandoz.com",2026-09-23T11:17:19.721267,51071
FI,Finland,FIMEA,Repaglinide Krka 0.5 mg,Repaglinide,0.5 mg,tabletti,90,164800,A10BX02,2026-06-20,2026-11-05,shortage,KRKA d.d. Novo mesto,"Lisätietoja antaa: KRKA Finland Oy, KRKA Finland Oy, +358207545330, info.fi@krka.biz",2026-09-23T11:17:19.721331,50911
FI,Finland,FIMEA,Sildenafil Sandoz 100 mg,Sildenafil citrate,100 mg,tabletti,24,419722,G04BE03,2026-07-21,2027-01-31,shortage,Sandoz A/S,"Lisätietoja antaa: Sandoz A/S, Sandoz A/S, +358 10 6133415, drug.shortage_nordic@sandoz.com",2026-09-23T11:17:19.721396,51098
FI,Finland,FIMEA,Myfenax 500 mg,Mycophenolate mofetil,500 mg,"tabletti, kalvopäällysteinen",50,055084,L04AA06,2026-09-18,2026-10-09,shortage,Teva B.V.,"Lisätietoja antaa: Teva Finland Oy, Teva Finland Oy, +358201805900, infofinland@tevapharm.com",2026-09-23T11:17:19.721461,44369
FI,Finland,FIMEA,Isotretinoin Orifarm 20 mg,Isotretinoin,20 mg,"kapseli, pehmeä",30,034370,D10BA01,2026-08-10,2026-10-31,shortage,Orifarm Generics A/S,"Lisätietoja antaa: Orifarm Healthcare Oy, Anna-Leena Haikkola, +35897746870, suomi@orifarm.com",2026-09-23T11:17:19.721530,69507
FI,Finland,FIMEA,Isotretinoin Orifarm 20 mg,Isotretinoin,20 mg,"kapseli, pehmeä",60,034352,D10BA01,2026-02-06,2026-10-31,shortage,Orifarm Generics A/S,"Lisätietoja antaa: Orifarm Healthcare Oy, Anna-Leena Haikkola, +35897746870, suomi@orifarm.com",2026-09-23T11:17:19.721601,69507
FI,Finland,FIMEA,Isotretinoin Orifarm 20 mg,Isotretinoin,20 mg,"kapseli, pehmeä",100,034361,D10BA01,2026-01-09,2026-10-31,shortage,Orifarm Generics A/S,"Lisätietoja antaa: Orifarm Healthcare Oy, Anna-Leena Haikkola, +35897746870, suomi@orifarm.com",2026-09-23T11:17:19.721668,69507
FI,Finland,FIMEA,Nexodal 0.4 mg/ml,Naloxone hydrochloride,0.4 mg/ml,"injektio-/infuusioneste, liuos",10 x 1 ml,032476,V03AB15,2026-07-01,2026-09-30,shortage,Orpha-Devel Handels und Vertriebs GmbH,"Lisätietoja antaa: Navamedic, Krister Sagulin, +358400463201, krister.sagulin@navamedic.com",2026-09-23T11:17:19.721733,2429
FI,Finland,FIMEA,Bisoproact 5 mg,Bisoprolol fumarate,5 mg,tabletti,30,437165,C07AB07,2025-10-24,2026-12-30,shortage,SanoSwiss UAB,"Lisätietoja antaa: UAB SanoSwiss, Jovita Paliliunaite, +370 695 02569, jovita.paliliunaite@sanoswiss.com",2026-09-23T11:17:19.721799,25534
FI,Finland,FIMEA,Efient 10 mg,Prasugrel hydrochloride,10 mg,"tabletti, kalvopäällysteinen",28,034479,B01AC22,2025-12-08,2027-12-31,shortage,Substipharm,"Lisätietoja antaa: Kurantis ApS, Tanja Breum Nielsen, +45 26524288, tbn@kurantis.com",2026-09-23T11:17:19.721864,196894
FI,Finland,FIMEA,Efient 5 mg,Prasugrel hydrochloride,5 mg,"tabletti, kalvopäällysteinen",28,034468,B01AC22,2025-05-20,2027-12-31,shortage,Substipharm,"Lisätietoja antaa: Kurantis ApS, +4526524288, tbn@kurantis.com",2026-09-23T11:17:19.721931,196886
FI,Finland,FIMEA,Targiniq 20 mg / 10 mg,Oxycodone hydrochloride Naloxone hydrochloride dihydrate,20 mg / 10 mg,depottabletti,28,033172,N02AA55,2026-09-22,2026-09-29,shortage,Mundipharma Oy,"Lisätietoja antaa: Mundipharma Oy, Mundipharma Oy (Supply chain), +358985202065, nordics.supplychain@mundipharma.com",2026-09-23T11:17:19.721998,88846
FI,Finland,FIMEA,Carveratio 12.5 mg,Carvedilol,12.5 mg,tabletti,100,464226,C07AG02,2026-04-01,2026-11-02,shortage,ratiopharm GmbH,"Lisätietoja antaa: Teva Finland Oy, Teva Finland Oy, +358 20 180 5900, infofinland@tevapharm.com",2026-09-23T11:17:19.722064,74241
FI,Finland,FIMEA,Carveratio 6.25 mg,Carvedilol,6.25 mg,tabletti,100,142615,C07AG02,2026-09-22,2026-11-23,shortage,ratiopharm GmbH,"Lisätietoja antaa: Teva Finland Oy, Teva Finland Oy, +358201805900, infofinland@tevapharm.com",2026-09-23T11:17:19.722130,47864
FI,Finland,FIMEA,Naltrexon Accord 50 mg,Naltrexoni hydrochloride,50 mg,"tabletti, kalvopäällysteinen",28,597909,N07BB04,2026-06-29,2026-09-30,shortage,Accord Healthcare B.V.,"Lisätietoja antaa: Accord Healthcare Oy, Accord Healthcare Oy, +358 10 2314180, asiakaspalvelu@accord-healthcare.com",2026-09-23T11:17:19.722196,27863
FI,Finland,FIMEA,Mozobil 20 mg/ml,Plerixafor,20 mg/ml,"injektioneste, liuos",1.2 ml,048505,L03AX16,2026-09-15,2026-09-26,shortage,Sanofi B.V.,"Lisätietoja antaa: Sanofi Oy, Oili Vitie, +358201200300, regulatory.finland@sanofi.com",2026-09-23T11:17:19.722264,131156
FI,Finland,FIMEA,Olanzapine Accord 2.5 mg,Olanzapine,2.5 mg,"tabletti, kalvopäällysteinen",28,564819,N05AH03,2026-07-07,2027-01-31,shortage,Accord Healthcare B.V.,"Lisätietoja antaa: Accord Healthcare Oy, Accord Healthcare Oy, +358 10 2314180, asiakaspalvelu@accord-healthcare.com",2026-09-23T11:17:19.722332,61271
FI,Finland,FIMEA,Olanzapine Accord 20 mg,Olanzapine,20 mg,"tabletti, kalvopäällysteinen",28,042631,N05AH03,2026-08-31,2026-10-30,shortage,Accord Healthcare B.V.,"Lisätietoja antaa: Accord Healthcare Oy, Accord Healthcare Oy, +358 10 2314180, asiakaspalvelu@accord-healthcare.com",2026-09-23T11:17:19.722397,69604
FI,Finland,FIMEA,Paclitaxel Accord 6 mg/ml,Paclitaxel,6 mg/ml,"infuusiokonsentraatti, liuosta varten",50 ml,074529,L01CD01,2026-07-28,2026-12-31,shortage,Accord Healthcare B.V.,"Lisätietoja antaa: Accord Healthcare Oy, Accord Healthcare Oy, +358 10 2314180, asiakaspalvelu@accord-healthcare.com",2026-09-23T11:17:19.722464,56596
FI,Finland,FIMEA,Levocetirizin Stada 5 mg,Levocetirizine dihydrochloride,5 mg,"tabletti, kalvopäällysteinen",100,051017,R06AE09,2026-02-03,2026-09-30,shortage,STADA Arzneimittel AG,"Lisätietoja antaa: STADA Nordic ApS, Finnish branch, Hanna Kallio, +358405570209, hanna.kallio@stada.fi",2026-09-23T11:17:19.722531,60976
FI,Finland,FIMEA,Bisoprolol Ratiopharm 2.5 mg,Bisoprolol fumarate,2.5 mg,tabletti,100,079745,C07AB07,2026-09-15,2026-12-15,shortage,ratiopharm GmbH,"Lisätietoja antaa: Teva Finland Oy, Teva Finland Oy, +358201805900, infofinland@tevapharm.com",2026-09-23T11:17:19.722597,71323
FI,Finland,FIMEA,Scintimun 1 mg,,,,1 mg + 1 kpl,null,V09HA03,2025-09-17,2028-06-26,shortage,Telix Innovations,"Lisätietoja antaa: Telix Innovations, customerservice.emea@telixpharma.com",2026-09-23T11:17:19.722664,54305
FI,Finland,FIMEA,Scintimun 1 mg,,,,2 x (1 mg + 1 kpl),null,V09HA03,2025-09-17,2028-06-26,shortage,Telix Innovations,"Lisätietoja antaa: Telix Innovations, customerservice.emea@telixpharma.com",2026-09-23T11:17:19.722730,54305
FI,Finland,FIMEA,Losarstad Comp 100 mg / 12.5 mg,Hydrochlorothiazide Losartan potassium,100 mg / 12.5 mg,"tabletti, kalvopäällysteinen",30,084164,C09DA01,2026-01-13,2026-12-31,shortage,STADA Arzneimittel AG,"Lisätietoja antaa: STADA Nordic ApS, Finnish branch, Hanna Kallio, +358405570209, hanna.kallio@stada.fi",2026-09-23T11:17:19.722796,81337
FI,Finland,FIMEA,Repaglinid Stada 0.5 mg,Repaglinide,0.5 mg,tabletti,90,051738,A10BX02,2026-05-18,2026-10-31,shortage,STADA Arzneimittel AG,"Lisätietoja antaa: STADA Nordic ApS, Finnish branch, Hanna Kallio, +358405570209, hanna.kallio@stada.fi",2026-09-23T11:17:19.722865,50911
FI,Finland,FIMEA,Repaglinid Stada 1 mg,Repaglinide,1 mg,tabletti,90,552080,A10BX02,2026-07-21,2026-11-30,shortage,STADA Arzneimittel AG,"Lisätietoja antaa: STADA Nordic ApS, Finnish branch, Hanna Kallio, +358405570209, hanna.kallio@stada.fi",2026-09-23T11:17:19.722937,50938
FI,Finland,FIMEA,Repaglinid Stada 2 mg,Repaglinide,2 mg,tabletti,90,029417,A10BX02,2026-08-17,2026-11-30,shortage,STADA Arzneimittel AG,"Lisätietoja antaa: STADA Nordic ApS, Finnish branch, Hanna Kallio, +358405570209, hanna.kallio@stada.fi",2026-09-23T11:17:19.723002,50946
FI,Finland,FIMEA,Seroquel Prolong 300 mg,Quetiapine fumarate,300 mg,depottabletti,100,119419,N05AH04,2025-11-08,2026-12-01,shortage,Cheplapharm Arzneimittel GmbH,"Lisätietoja antaa: CHEPLAPHARM Arzneimittel GmbH, +358 800 416231, medicalinformation@advanzpharma.com",2026-09-23T11:17:19.723080,84204
FI,Finland,FIMEA,Seroquel Prolong 200 mg,Quetiapine fumarate,200 mg,depottabletti,100,119385,N05AH04,2025-12-16,2026-12-01,shortage,Cheplapharm Arzneimittel GmbH,"Lisätietoja antaa: CHEPLAPHARM Arzneimittel GmbH, +358 800 416231, markus.klien@cheplapharm.com",2026-09-23T11:17:19.723146,84190
FI,Finland,FIMEA,Seroquel Prolong 50 mg,Quetiapine fumarate,50 mg,depottabletti,10,027933,N05AH04,2025-12-20,2026-12-01,shortage,Cheplapharm Arzneimittel GmbH,"Lisätietoja antaa: CHEPLAPHARM Arzneimittel GmbH / Abcur AB, +358 800 416231, medicalinformation@advanzpharma.com",2026-09-23T11:17:19.723213,84182
FI,Finland,FIMEA,Rivastigmin Orion 3 mg,Rivastigmine hydrogen tartrate,3 mg,"kapseli, kova",28,047612,N06DA03,2026-05-27,2027-03-22,shortage,Orion Corporation,"Lisätietoja antaa: Orion Oyj, Orion Call Center, +358104398256, tuoteinformaatio@orionpharma.com",2026-09-23T11:17:19.723279,50172
FI,Finland,FIMEA,Ketipinor 50 mg,Quetiapine fumarate,50 mg,depottabletti,100,418144,N05AH04,2025-12-08,2026-11-30,shortage,Orion Corporation,"Lisätietoja antaa: Orion Oyj, Orion Call Center, +358104398256, tuoteinformaatio@orionpharma.com",2026-09-23T11:17:19.723344,
FI,Finland,FIMEA,Cyclance vet 100 mg/ml,Ciclosporin,100 mg/ml,oraaliliuos,15 ml,538758,QL04AD01,2026-09-09,2026-12-07,shortage,Virbac,"Lisätietoja antaa: Biofarm Oy, Mikko Koivu, +358500817609, mikko.koivu@biofarm.fi",2026-09-23T11:17:19.723410,
FI,Finland,FIMEA,Cyclance vet 100 mg/ml,Ciclosporin,100 mg/ml,oraaliliuos,50 ml,470753,QL04AD01,2026-08-14,2026-12-07,shortage,Virbac,"Lisätietoja antaa: Biofarm Oy, Mikko Koivu, +358500817609, mikko.koivu@biofarm.fi",2026-09-23T11:17:19.723476,
FI,Finland,FIMEA,Bendamustine Accord 2.5 mg/ml,Bendamustine hydrochloride,2.5 mg/ml,"kuiva-aine välikonsentraatiksi infuusionestettä varten, liuos",5 x 25 mg,445339,L01AA09,2026-09-03,2026-10-30,shortage,Accord Healthcare B.V.,"Lisätietoja antaa: Accord Healthcare Oy, Accord Healthcare Oy, +358 10 2314180, asiakaspalvelu@accord-healthcare.com",2026-09-23T11:17:19.723541,
FI,Finland,FIMEA,Azithromycin Krka 500 mg,Azithromycin dihydrate,500 mg,"tabletti, kalvopäällysteinen",2,447026,J01FA10,2026-09-24,2026-12-17,shortage,KRKA d.d. Novo mesto,"Lisätietoja antaa: KRKA Finland Oy, KRKA Finland Oy, +358207545330, info.fi@krka.biz",2026-09-23T11:17:19.723607,115002
FI,Finland,FIMEA,Azithromycin Krka 250 mg,Azithromycin dihydrate,250 mg,"tabletti, kalvopäällysteinen",6,518045,J01FA10,2024-10-24,2026-11-05,shortage,KRKA d.d. Novo mesto,"Lisätietoja antaa: KRKA Finland Oy, KRKA Finland Oy, +358207545330, info.fi@krka.biz",2026-09-23T11:17:19.723679,114995
FI,Finland,FIMEA,Ketipinor 300 mg,Quetiapine fumarate,300 mg,depottabletti,100,384498,N05AH04,2025-10-07,2026-11-30,shortage,Orion Corporation,"Lisätietoja antaa: Orion Oyj, Orion Call Center, +358104398256, tuoteinformaatio@orionpharma.com",2026-09-23T11:17:19.723744,60283
FI,Finland,FIMEA,Ketipinor 400 mg,Quetiapine fumarate,400 mg,depottabletti,100,586049,N05AH04,2025-01-08,2026-11-30,shortage,Orion Corporation,"Lisätietoja antaa: Orion Oyj, Orion Call Center, +358104398256, tuoteinformaatio@orionpharma.com",2026-09-23T11:17:19.723809,84212
FI,Finland,FIMEA,Ketipinor 200 mg,Quetiapine fumarate,200 mg,depottabletti,100,386574,N05AH04,2025-07-25,2026-11-30,shortage,Orion Corporation,"Lisätietoja antaa: Orion Oyj, Orion Call Center, +358104398256, tuoteinformaatio@orionpharma.com",2026-09-23T11:17:19.723875,50776
FI,Finland,FIMEA,Pregabalin Krka 225 mg,Pregabalin,225 mg,"kapseli, kova",56,169175,N02BF02,2026-02-06,2026-11-12,shortage,KRKA d.d. Novo mesto,"Lisätietoja antaa: KRKA Finland Oy, KRKA Finland Oy, +358207545330, info.fi@krka.biz",2026-09-23T11:17:19.723940,
FI,Finland,FIMEA,Pregabalin ratiopharm 150 mg,Pregabalin,150 mg,"kapseli, kova",100,496222,N02BF02,2026-04-10,2026-09-30,shortage,ratiopharm GmbH,"Lisätietoja antaa: Teva Finland Oy, Teva Finland Oy, +358 20 180 5900, infofinland@tevapharm.com",2026-09-23T11:17:19.724006,75728
FI,Finland,FIMEA,Pregabalin ratiopharm 225 mg,Pregabalin,225 mg,"kapseli, kova",100,533955,N02BF02,2026-05-21,2027-02-26,shortage,ratiopharm GmbH,"Lisätietoja antaa: Teva Finland Oy, Teva Finland Oy, +358201805900, infofinland@tevapharm.com",2026-09-23T11:17:19.724071,
FI,Finland,FIMEA,Etoricoxib Ratiopharm 60 mg,Etoricoxib,60 mg,"tabletti, kalvopäällysteinen",98,442399,M01AH05,2026-07-24,2026-10-26,shortage,ratiopharm GmbH,"Lisätietoja antaa: Teva Finland Oy, Teva Finland Oy, +358 20 180 5900, infofinland@tevapharm.com",2026-09-23T11:17:19.724137,66745
FI,Finland,FIMEA,Etoricoxib Ratiopharm 60 mg,Etoricoxib,60 mg,"tabletti, kalvopäällysteinen",28,040267,M01AH05,2026-09-09,2026-10-26,shortage,ratiopharm GmbH,"Lisätietoja antaa: Teva Finland Oy, Teva Finland Oy, +358201805900, infofinland@tevapharm.com",2026-09-23T11:17:19.724204,66745
FI,Finland,FIMEA,Etoricoxib Ratiopharm 30 mg,Etoricoxib,30 mg,"tabletti, kalvopäällysteinen",98,162769,M01AH05,2025-12-23,2026-10-26,shortage,ratiopharm GmbH,"Lisätietoja antaa: Teva Finland Oy, Teva Finland Oy, +358 20 180 5900, infofinland@tevapharm.com",2026-09-23T11:17:19.724269,85766
FI,Finland,FIMEA,Etoricoxib Ratiopharm 30 mg,Etoricoxib,30 mg,"tabletti, kalvopäällysteinen",28,075676,M01AH05,2025-11-25,2026-10-26,shortage,ratiopharm GmbH,"Lisätietoja antaa: Teva Finland Oy, Teva Finland Oy, +358 20 180 5900, infofinland@tevapharm.com",2026-09-23T11:17:19.724335,85766
FI,Finland,FIMEA,Etoricoxib Ratiopharm 90 mg,Etoricoxib,90 mg,"tabletti, kalvopäällysteinen",7,190703,M01AH05,2026-03-20,2026-10-26,shortage,ratiopharm GmbH,"Lisätietoja antaa: Teva Finland Oy, Teva Finland Oy, +358 20 180 5900, infofinland@tevapharm.com",2026-09-23T11:17:19.724400,66753
FI,Finland,FIMEA,Etoricoxib Ratiopharm 90 mg,Etoricoxib,90 mg,"tabletti, kalvopäällysteinen",28,484953,M01AH05,2026-04-20,2026-10-26,shortage,ratiopharm GmbH,"Lisätietoja antaa: Teva Finland Oy, Teva Finland Oy, +358201805900, infofinland@tevapharm.com",2026-09-23T11:17:19.724465,66753
FI,Finland,FIMEA,Etoricoxib Ratiopharm 90 mg,Etoricoxib,90 mg,"tabletti, kalvopäällysteinen",100,469846,M01AH05,2026-03-20,2026-10-26,shortage,ratiopharm GmbH,"Lisätietoja antaa: Teva Finland Oy, Teva Finland Oy, +358 20 180 5900, infofinland@tevapharm.com",2026-09-23T11:17:19.724529,66753
FI,Finland,FIMEA,Duloxetine Accord 30 mg,Duloxetine hydrochloride,30 mg,"enterokapseli, kova",98,567561,N06AX21,2026-05-30,2027-01-29,shortage,Accord Healthcare B.V.,"Lisätietoja antaa: Accord Healthcare Oy, Accord Healthcare Oy, +358 10 2314180, asiakaspalvelu@accord-healthcare.com",2026-09-23T11:17:19.724597,79057
FI,Finland,FIMEA,Duloxetine Accord 60 mg,Duloxetine hydrochloride,60 mg,"enterokapseli, kova",28,118477,N06AX21,2026-07-08,2026-12-31,shortage,Accord Healthcare B.V.,"Lisätietoja antaa: Accord Healthcare Oy, Accord Healthcare Oy, +358 10 2314180, asiakaspalvelu@accord-healthcare.com",2026-09-23T11:17:19.724664,79065
FI,Finland,FIMEA,Duloxetin Stada 20 mg,Duloxetine hydrochloride,20 mg,"enterokapseli, kova",28,507610,N06AX21,2026-08-24,2027-06-18,shortage,STADA Arzneimittel AG,"Lisätietoja antaa: STADA Nordic ApS, Finnish branch, Hanna Kallio, +358405570209, hanna.kallio@stada.fi",2026-09-23T11:17:19.724730,
FI,Finland,FIMEA,Duloxetin Stada 40 mg,Duloxetine hydrochloride,40 mg,"enterokapseli, kova",56,168806,N06AX21,2026-06-07,2027-06-18,shortage,STADA Arzneimittel AG,"Lisätietoja antaa: STADA Nordic ApS, Finnish branch, Hanna Kallio, +358405570209, hanna.kallio@stada.fi",2026-09-23T11:17:19.724794,
FI,Finland,FIMEA,Oprymea 0.52 mg,Pramipexole dihydrochloride monohydrate,0.52 mg,depottabletti,100,528214,N04BC05,2026-10-05,2026-10-22,shortage,KRKA d.d. Novo mesto,"Lisätietoja antaa: KRKA Finland Oy, KRKA Finland Oy, +358207545330, info.fi@krka.biz",2026-09-23T11:17:19.724857,
FI,Finland,FIMEA,Fampyra 10 mg,Fampridine,10 mg,depottabletti,56,380901,N07XX07,2025-10-24,2026-12-31,shortage,Paranova Oy,"Lisätietoja antaa: Paranova Oy, Sebastian Saari, +358 9 4391 850, info@paranova.fi",2026-09-23T11:17:19.724922,101826
FI,Finland,FIMEA,Modulis vet 100 mg/ml,Ciclosporin,100 mg/ml,oraaliliuos,15 ml,515653,QL04AD01,2026-07-15,2026-09-30,shortage,Ceva Santé Animale,"Lisätietoja antaa: Vet Medic Animal Health Oy, Mikko Suominen, +358 50 5021700, mikko.suominen@vetmedic.fi",2026-09-23T11:17:19.724987,
FI,Finland,FIMEA,Modulis vet 100 mg/ml,Ciclosporin,100 mg/ml,oraaliliuos,30 ml,054611,QL04AD01,2026-07-13,2026-09-30,shortage,Ceva Santé Animale,"Lisätietoja antaa: Vet Medic Animal Health Oy, Mikko Suominen, +358 50 5021700, mikko.suominen@vetmedic.fi",2026-09-23T11:17:19.725051,
FI,Finland,FIMEA,Modulis vet 100 mg/ml,Ciclosporin,100 mg/ml,oraaliliuos,50 ml,387724,QL04AD01,2026-07-13,2026-09-30,shortage,Ceva Santé Animale,"Lisätietoja antaa: Vet Medic Animal Health Oy, Mikko Suominen, +358 50 5021700, mikko.suominen@vetmedic.fi",2026-09-23T11:17:19.725116,
FI,Finland,FIMEA,Bupropion Sandoz 150 mg,Bupropion hydrochloride,150 mg,säädellysti vapauttava tabletti,30,087904,N06AX12,2026-07-21,2027-01-14,shortage,Sandoz A/S,"Lisätietoja antaa: Sandoz A/S, Sandoz A/S, +358 10 6133415, drug.shortage_nordic@sandoz.com",2026-09-23T11:17:19.725179,
FI,Finland,FIMEA,Bupropion Sandoz 150 mg,Bupropion hydrochloride,150 mg,säädellysti vapauttava tabletti,90,061920,N06AX12,2026-05-04,2026-12-23,shortage,Sandoz A/S,"Lisätietoja antaa: Sandoz A/S, Sandoz A/S, +358 10 6133415, drug.shortage_nordic@sandoz.com",2026-09-23T11:17:19.725243,82880
FI,Finland,FIMEA,Invicorp 25 mikrog / 2 mg,Phentolamine mesylate Aviptadil,25 mikrog / 2 mg,"injektioneste, liuos",2 x 0.35 ml,042031,G04BE30,2026-05-18,2026-10-08,shortage,Evolan Pharma AB,"Lisätietoja antaa: Evolan Pharma AB, Juha Waisanen, +358173690033, info@swanmedica.fi",2026-09-23T11:17:19.725306,62383
FI,Finland,FIMEA,Lenzetto 1.53 mg/suihke,Estradiol hemihydrate,1.53 mg/suihke,"transdermaalisumute, liuos",56 suihketta,053018,G03CA03,2026-08-15,2026-12-31,shortage,Gedeon Richter Plc,Lisätietoja antaa: Gedeon Richter Nordics AB,2026-09-23T11:17:19.725370,167266
FI,Finland,FIMEA,Lenzetto 1.53 mg/suihke,Estradiol hemihydrate,1.53 mg/suihke,"transdermaalisumute, liuos",3 x 56 suihketta,396436,G03CA03,2026-08-15,2026-12-31,shortage,Gedeon Richter Plc,Lisätietoja antaa: Gedeon Richter Nordics AB,2026-09-23T11:17:19.725435,167266
FI,Finland,FIMEA,Amodip 1.25 mg,Amlodipine besylate,1.25 mg,purutabletti,30,198050,QC08CA01,2026-07-27,2026-11-30,shortage,Ceva Santé Animale,"Lisätietoja antaa: ORION CORPORATION, Orion Call Center, +358104398250, tuoteinformaatio@orionpharma.com",2026-09-23T11:17:19.725499,
FI,Finland,FIMEA,Amodip 1.25 mg,Amlodipine besylate,1.25 mg,purutabletti,100,599692,QC08CA01,2026-09-07,2026-11-30,shortage,Ceva Santé Animale,"Lisätietoja antaa: Orion Oyj, Orion Call Center, +358104398250, tuoteinformaatio@orionpharma.com",2026-09-23T11:17:19.725562,
FI,Finland,FIMEA,Calciumfolinat Fresenius Kabi 10 mg/ml,Calcium folinate,10 mg/ml,"injektio-/infuusioneste, liuos",10 x 50 ml,186942,V03AF03,2026-08-31,2026-09-30,shortage,Fresenius Kabi Deutschland GmbH,"Lisätietoja antaa: Fresenius Kabi Ab, sivuliike Suomessa, Fresenius Kabi, +35894281550, asiakaspalvelu@fresenius-kabi.com",2026-09-23T11:17:19.725626,67350
FI,Finland,FIMEA,Hydroxyzine Orifarm 25 mg,Hydroxyzine hydrochloride,25 mg,"tabletti, kalvopäällysteinen",100,403190,N05BB01,2026-08-31,2026-12-09,shortage,Orifarm Generics A/S,"Lisätietoja antaa: Orifarm Healthcare Oy, Anna-Leena Haikkola, +35897746870, suomi@orifarm.com",2026-09-23T11:17:19.725690,23175
FI,Finland,FIMEA,Olanzapin Orion 10 mg,Olanzapine,10 mg,"tabletti, suussa hajoava",28,116091,N05AH03,2026-09-01,2026-11-09,shortage,Orion Corporation,"Lisätietoja antaa: Orion Oyj, Orion Call Center, +358104398250, tuoteinformaatio@orionpharma.com",2026-09-23T11:17:19.725753,45578
FI,Finland,FIMEA,Olanzapin Orion 5 mg,Olanzapine,5 mg,tabletti,98,469470,N05AH03,2026-09-14,2026-11-09,shortage,Orion Corporation,"Lisätietoja antaa: Orion Oyj, Orion Call Center, +358104398250, tuoteinformaatio@orionpharma.com",2026-09-23T11:17:19.725817,45543
FI,Finland,FIMEA,Adempas 1.5 mg,Riociguat,1.5 mg,"tabletti, kalvopäällysteinen",42,561780,C02KX05,2026-05-18,2026-10-15,shortage,Bayer AG,"Lisätietoja antaa: MSD Finland Oy, Merita Suomalainen, +3589804650, info@msd.com",2026-09-23T11:17:19.725881,124664
FI,Finland,FIMEA,Cefepim MIP Pharma 2 g,Cefepime dihydrochloride monohydrate,2 g,"injektio/infuusiokuiva-aine, liuosta varten",10,491131,J01DE01,2026-07-31,2026-10-31,shortage,MIP Pharma GmbH,"Lisätietoja antaa: MIP Pharma GmbH Germany, Angela Wittmann, +49 8502 9184 430, angela.wittmann@mip-pharma.de",2026-09-23T11:17:19.725946,204331
FI,Finland,FIMEA,Tadalafil Orion 5 mg,Tadalafil,5 mg,"tabletti, kalvopäällysteinen",84,544902,G04BE08,2026-07-13,2026-11-09,shortage,Orion Corporation,"Lisätietoja antaa: ORION CORPORATION, Orion Call Center, +358104398256, tuoteinformaatio@orionpharma.com",2026-09-23T11:17:19.726011,86274
FI,Finland,FIMEA,Tenofovir disoproxil STADA 245 mg,Tenofovir disoproxil succinate,245 mg,"tabletti, kalvopäällysteinen",30,095495,J05AF07,2026-08-24,2026-09-30,shortage,STADA Arzneimittel AG,"Lisätietoja antaa: STADA Nordic ApS, Finnish branch, Hanna Kallio, +358405570209, hanna.kallio@stada.fi",2026-09-23T11:17:19.726075,146633
FI,Finland,FIMEA,Zolestad 5 mg / 100 ml,Zoledronic acid monohydrate,5 mg / 100 ml,"infuusioneste, liuos",100 ml,544481,M05BA08,2026-01-07,2026-11-30,shortage,STADA Arzneimittel AG,"Lisätietoja antaa: STADA Nordic ApS, Finnish branch, Hanna Kallio, +358405570209, hanna.kallio@stada.fi",2026-09-23T11:17:19.726140,79790
FI,Finland,FIMEA,Kaliumklorid Sandoz 750 mg,Potassium chloride,750 mg,depottabletti,250,386712,A12BA01,2025-06-04,2026-12-31,shortage,Sandoz A/S,"Lisätietoja antaa: Sandoz A/S, Sandoz A/S, +358 10 6133415, drug.shortage_nordic@sandoz.com",2026-09-23T11:17:19.726207,
FI,Finland,FIMEA,Kaliumklorid Sandoz 750 mg,Potassium chloride,750 mg,depottabletti,100,483055,A12BA01,2026-01-23,2026-12-31,shortage,Sandoz A/S,"Lisätietoja antaa: Sandoz A/S, Sandoz A/S, +358 10 6133415, drug.shortage_nordic@sandoz.com",2026-09-23T11:17:19.726272,
FI,Finland,FIMEA,Vardenafil Stada 20 mg,Vardenafil hydrochloride trihydrate,20 mg,"tabletti, kalvopäällysteinen",12,522398,G04BE09,2026-05-28,2026-10-31,shortage,STADA Arzneimittel AG,"Lisätietoja antaa: STADA Nordic ApS, Finnish branch, Hanna Kallio, +358405570209, hanna.kallio@stada.fi",2026-09-23T11:17:19.726337,69213
FI,Finland,FIMEA,Vardenafil Stada 20 mg,Vardenafil hydrochloride trihydrate,20 mg,"tabletti, kalvopäällysteinen",4,574614,G04BE09,2026-07-09,2026-10-31,shortage,STADA Arzneimittel AG,"Lisätietoja antaa: STADA Nordic ApS, Finnish branch, Hanna Kallio, +358405570209, hanna.kallio@stada.fi",2026-09-23T11:17:19.726405,69213
FI,Finland,FIMEA,Dacarbazine Lipomed 500 mg,Dacarbazine,500 mg,"infuusiokuiva-aine, liuosta varten",500 mg,372515,L01AX04,2025-10-06,2027-01-31,shortage,Lipomed GmbH,"Lisätietoja antaa: Kurantis ApS, Tanja Breum Nielsen, +4526524288, tbn@kurantis.com",2026-09-23T11:17:19.726471,51160
FI,Finland,FIMEA,Oxycodone/Naloxone Krka 10 mg / 5 mg,Oxycodone hydrochloride Naloxone hydrochloride dihydrate,10 mg / 5 mg,depottabletti,28 x 1,426738,N02AA55,2023-09-26,2026-10-22,shortage,KRKA d.d. Novo mesto,"Lisätietoja antaa: Krka Finland Oy, Krka Finland Oy, +358 20 754 5330, info.fi@krka.biz",2026-09-23T11:17:19.726539,88838
FI,Finland,FIMEA,Solifenacin Stada 10 mg,Solifenacin succinate,10 mg,"tabletti, kalvopäällysteinen",30,460831,G04BD08,2026-07-15,2026-09-30,shortage,STADA Arzneimittel AG,"Lisätietoja antaa: STADA Nordic ApS, Finnish branch, Hanna Kallio, +358405570209, hanna.kallio@stada.fi",2026-09-23T11:17:19.726605,75345
FI,Finland,FIMEA,Vardenafil Stada 10 mg,Vardenafil hydrochloride trihydrate,10 mg,"tabletti, kalvopäällysteinen",12,512511,G04BE09,2026-05-28,2026-10-31,shortage,STADA Arzneimittel AG,"Lisätietoja antaa: STADA Nordic ApS, Finnish branch, Hanna Kallio, +358405570209, hanna.kallio@stada.fi",2026-09-23T11:17:19.726670,69205
FI,Finland,FIMEA,Vardenafil Stada 10 mg,Vardenafil hydrochloride trihydrate,10 mg,"tabletti, kalvopäällysteinen",4,183374,G04BE09,2025-03-27,2026-10-31,shortage,STADA Arzneimittel AG,"Lisätietoja antaa: STADA Nordic ApS, Finnish branch, Hanna Kallio, +358405570209, hanna.kallio@stada.fi",2026-09-23T11:17:19.726736,69205
FI,Finland,FIMEA,Yaz 0.02 mg / 3 mg,Drospirenone Ethinylestradiol betadex-clathrate,0.02 mg / 3 mg,"tabletti, kalvopäällysteinen",3 x 28,475804,G03AA12,2023-10-13,2026-10-30,shortage,Paranova Oy,"Lisätietoja antaa: Paranova Oy, Sebastian Saari, +358904391850, info@paranova.fi",2026-09-23T11:17:19.726805,105694
FI,Finland,FIMEA,Fycompa 6 mg,Perampanel,6 mg,"tabletti, kalvopäällysteinen",28,152036,N03AX22,2026-09-25,2026-10-01,shortage,Paranova Oy,"Lisätietoja antaa: Paranova Oy, Sebastian Saari, +358 9 4391 850, info@paranova.fi",2026-09-23T11:17:19.726873,115487
FI,Finland,FIMEA,Enoxaparin Becat 4000 IU (40 mg) / 0.4 ml,Enoxaparin sodium,4000 IU (40 mg) / 0.4 ml,"injektioneste, liuos, esitäytetty ruisku",10 x 0.4 ml,384253,B01AB05,2026-09-22,2026-10-07,shortage,Laboratorios Farmacéuticos Rovi S.A.,"Lisätietoja antaa: Avansor Pharma Oy, Hans Lindroos, +358504666881, hans.lindroos@avansorpharma.fi",2026-09-23T11:17:19.726944,146684
FI,Finland,FIMEA,Zelys 5 mg,Pimobendan,5 mg,purutabletti,96,473944,QC01CE90,2026-10-05,2026-11-30,shortage,Ceva Santé Animale,"Lisätietoja antaa: Orion Oyj, Orion Call Center, +358104398250, tuoteinformaatio@orionpharma.com",2026-09-23T11:17:19.727010,
FI,Finland,FIMEA,Fixopost 50 mikrog/ml + 5 mg/ml,Timolol maleate Latanoprost,50 mikrog/ml + 5 mg/ml,"silmätipat, liuos, kerta-annospakkaus",30 x 0.2 ml,599946,S01ED51,2026-08-15,2026-12-14,shortage,Laboratoires Thea,"Lisätietoja antaa: Théa Nordic AB, Malin Forssell, +46 8 33 37 80, info.nordic@theapharma.com",2026-09-23T11:17:19.727077,212156
FI,Finland,FIMEA,Fixopost 50 mikrog/ml + 5 mg/ml,Timolol maleate Latanoprost,50 mikrog/ml + 5 mg/ml,"silmätipat, liuos, kerta-annospakkaus",90 x 0.2 ml,455299,S01ED51,2026-08-04,2026-10-30,shortage,Laboratoires Thea,"Lisätietoja antaa: Théa Nordic AB, Malin Forssell, +46 70 389 45 00, malin.forssell@theapharma.com",2026-09-23T11:17:19.727145,212156
FI,Finland,FIMEA,Bunalict 2 mg / 0.5 mg,Buprenorphine hydrochloride Naloxone hydrochloride dihydrate,2 mg / 0.5 mg,resoribletti,28 x 1,174073,N07BC51,2026-05-05,2026-10-21,shortage,Sandoz A/S,"Lisätietoja antaa: Sandoz A/S, Sandoz A/S, +358 10 6133415, drug.shortage_nordic@sandoz.com",2026-09-23T11:17:19.727210,82155
FI,Finland,FIMEA,Bunalict 8 mg / 2 mg,Buprenorphine hydrochloride Naloxone hydrochloride dihydrate,8 mg / 2 mg,resoribletti,28 x 1,513519,N07BC51,2026-02-05,2026-12-23,shortage,Sandoz A/S,"Lisätietoja antaa: Sandoz A/S, Sandoz A/S, +358 10 6133415, drug.shortage_nordic@sandoz.com",2026-09-23T11:17:19.727276,82163
FI,Finland,FIMEA,Solifenacin Krka 5 mg,Solifenacin succinate,5 mg,"tabletti, kalvopäällysteinen",30,545639,G04BD08,2026-03-08,2026-09-24,shortage,KRKA d.d. Novo mesto,"Lisätietoja antaa: KRKA Finland Oy, KRKA Finland Oy, +358207545330, info.fi@krka.biz",2026-09-23T11:17:19.727343,75337
FI,Finland,FIMEA,Solifenacin Krka 5 mg,Solifenacin succinate,5 mg,"tabletti, kalvopäällysteinen",100,585905,G04BD08,2026-08-17,2026-09-24,shortage,KRKA d.d. Novo mesto,"Lisätietoja antaa: KRKA Finland Oy, KRKA Finland Oy, +358207545330, info.fi@krka.biz",2026-09-23T11:17:19.727408,75337
FI,Finland,FIMEA,Solifenacin Krka 10 mg,Solifenacin succinate,10 mg,"tabletti, kalvopäällysteinen",100,171292,G04BD08,2026-09-10,2026-10-01,shortage,KRKA d.d. Novo mesto,"Lisätietoja antaa: KRKA Finland Oy, KRKA Finland Oy, +358207545330, info.fi@krka.biz",2026-09-23T11:17:19.727473,75345
FI,Finland,FIMEA,Octostim 15 mikrog/ml,Desmopressin acetate,15 mikrog/ml,"injektioneste, liuos",10 x 2 ml,160192,H01BA02,2026-09-04,2027-03-31,shortage,Ferring Lääkkeet Oy,"Lisätietoja antaa: Ferring Lääkkeet Oy, Tanja Kivinummi, +358207401447, tanja.kivinummi@ferring.com",2026-09-23T11:17:19.727538,50962
FI,Finland,FIMEA,Agomelatine Viatris 25 mg,Agomelatine citric acid cocrystal,25 mg,"tabletti, kalvopäällysteinen",98,129927,N06AX22,2026-09-15,2026-10-09,shortage,Viatris Limited,"Lisätietoja antaa: Viatris Oy, Viatris Oy asiakasinformaatio, +358 20 720 9555, infofi@viatris.com",2026-09-23T11:17:19.727606,90824
FI,Finland,FIMEA,Nimotop 30 mg,Nimodipine,30 mg,"tabletti, kalvopäällysteinen",100,530770,C08CA06,2026-01-09,2026-11-30,shortage,Orifarm Oy,"Lisätietoja antaa: Orifarm Oy, Janne Liimatta, +358 9 7746 870, suomi@orifarm.com",2026-09-23T11:17:19.727673,27596
FI,Finland,FIMEA,Abboticin 1 g,Erythromycin lactobionate,1 g,"infuusiokuiva-aine, liuosta varten",1 g,467014,J01FA01,2026-01-20,2026-09-30,shortage,Orifarm Oy,"Lisätietoja antaa: Orifarm Oy, Janne Liimatta, +358 9 7746 870, suomi@orifarm.com",2026-09-23T11:17:19.727749,5061
FI,Finland,FIMEA,Agomelatine Stada 25 mg,Agomelatine citric acid cocrystal,25 mg,"tabletti, kalvopäällysteinen",84,486452,N06AX22,2026-06-05,2026-09-30,shortage,STADA Arzneimittel AG,"Lisätietoja antaa: STADA Nordic ApS, Finnish branch, Hanna Kallio, +358405570209, hanna.kallio@stada.fi",2026-09-23T11:17:19.727814,90824
FI,Finland,FIMEA,Fexofenadine ratiopharm 120 mg,Fexofenadine hydrochloride,120 mg,"tabletti, kalvopäällysteinen",100,532090,R06AX26,2026-03-26,2026-10-30,shortage,Teva B.V.,"Lisätietoja antaa: Teva Finland Oy, Teva Finland Oy, +358 20 180 5900, infofinland@tevapharm.com",2026-09-23T11:17:19.727880,48739
FI,Finland,FIMEA,Fexofenadine ratiopharm 120 mg,Fexofenadine hydrochloride,120 mg,"tabletti, kalvopäällysteinen",30,484158,R06AX26,2026-08-14,2027-01-29,shortage,Teva B.V.,"Lisätietoja antaa: Teva Finland Oy, Teva Finland Oy, +358201805900, infofinland@tevapharm.com",2026-09-23T11:17:19.727943,48739
FI,Finland,FIMEA,Dasatinib Stada 20 mg,Dasatinib,20 mg,"tabletti, kalvopäällysteinen",60 x 1,027065,L01EA02,2026-07-17,2026-11-20,shortage,STADA Arzneimittel AG,"Lisätietoja antaa: STADA Nordic ApS, Finnish branch, Hanna Kallio, +358405570209, hanna.kallio@stada.fi",2026-09-23T11:17:19.728020,82112
FI,Finland,FIMEA,Dasatinib Stada 50 mg,Dasatinib,50 mg,"tabletti, kalvopäällysteinen",60 x 1,115753,L01EA02,2026-09-07,2026-11-30,shortage,STADA Arzneimittel AG,"Lisätietoja antaa: STADA Nordic ApS, Finnish branch, Hanna Kallio, +358405570209, hanna.kallio@stada.fi",2026-09-23T11:17:19.728089,82120
FI,Finland,FIMEA,Lidokain Aguettant 20 mg/ml,Lidocaine hydrochloride monohydrate,20 mg/ml,"injektioneste, liuos, esitäytetty ruisku",10 x 10 ml,376846,N01BB02,2025-10-01,2027-10-01,shortage,Laboratoire Aguettant,"Lisätietoja antaa: Aguettant Nordic ApS, Isabella Østergaard, +4570269955, infonordic@aguettant.dk",2026-09-23T11:17:19.728158,167967
FI,Finland,FIMEA,Lidokain Aguettant 10 mg/ml,Lidocaine hydrochloride monohydrate,10 mg/ml,"injektioneste, liuos, esitäytetty ruisku",10 x 10 ml,539642,N01BB02,2025-10-01,2027-10-01,shortage,Laboratoire Aguettant,"Lisätietoja antaa: Aguettant Nordic ApS, Isabella Østergaard, +4570269955, infonordic@aguettant.dk",2026-09-23T11:17:19.728223,100315
FI,Finland,FIMEA,Moviprep,Ascorbic acid Potassium chloride Macrogol 3350 Sodium ascorbate Sodium chloride Sodium sulphate anhydrous,,jauhe oraaliliuosta varten,1,060133,A06AD65,2026-07-31,2026-10-01,shortage,Paranova Oy,"Lisätietoja antaa: Paranova Oy, Sebastian Saari, +358 9 4391 850, info@paranova.fi",2026-09-23T11:17:19.728296,83291
FI,Finland,FIMEA,Biquetan 300 mg,Quetiapine fumarate,300 mg,depottabletti,10,506056,N05AH04,2025-01-20,2026-09-30,shortage,STADA Arzneimittel AG,"Lisätietoja antaa: STADA Nordic ApS, Finnish branch, Hanna Kallio, +358405570209, hanna.kallio@stada.fi",2026-09-23T11:17:19.728369,60283
FI,Finland,FIMEA,Biquetan 300 mg,Quetiapine fumarate,300 mg,depottabletti,100,404709,N05AH04,2025-01-20,2026-09-30,shortage,STADA Arzneimittel AG,"Lisätietoja antaa: STADA Nordic ApS, Finnish branch, Hanna Kallio, +358405570209, hanna.kallio@stada.fi",2026-09-23T11:17:19.728436,60283
FI,Finland,FIMEA,Biquetan 400 mg,Quetiapine fumarate,400 mg,depottabletti,100,037398,N05AH04,2025-01-20,2026-10-16,shortage,STADA Arzneimittel AG,"Lisätietoja antaa: STADA Nordic ApS, Finnish branch, Hanna Kallio, +358405570209, hanna.kallio@stada.fi",2026-09-23T11:17:19.728504,84212
FI,Finland,FIMEA,Rameam 10 mg / 5 mg,Amlodipine besylate Ramipril,10 mg / 5 mg,"kapseli, kova",30,555032,C09BB07,2026-08-14,2026-11-26,shortage,KRKA d.d. Novo mesto,"Lisätietoja antaa: KRKA Finland Oy, KRKA Finland Oy, +358207545330, info.fi@krka.biz",2026-09-23T11:17:19.728574,
FI,Finland,FIMEA,Serkep 25 mikrog / 125 mikrog / annos,Fluticasone propionate Salmeterol xinafoate,25 mikrog / 125 mikrog / annos,"inhalaatiosumute, suspensio",120 annosta,432208,R03AK06,2026-09-30,2026-12-15,shortage,Viatris Limited,"Lisätietoja antaa: Viatris Oy, Viatris Oy:n asiakasinformaatio, +358207209555, infofi@viatris.com",2026-09-23T11:17:19.728643,62529
FI,Finland,FIMEA,Furosemide Norameda 10 mg/ml,Furosemide,10 mg/ml,"injektio-/infuusioneste, liuos",10 x 2 ml,567782,C03CA01,2026-04-24,2028-05-24,shortage,UAB Norameda,"Lisätietoja antaa: UAB Norameda, Rita Norvaišienė, +370 230 65 11, r.norvaisiene@norameda.com",2026-09-23T11:17:19.728708,1651
FI,Finland,FIMEA,Sunitinib Ratiopharm 12.5 mg,Sunitinib,12.5 mg,"kapseli, kova",28,572402,L01EX01,2025-12-11,2026-12-31,shortage,ratiopharm GmbH,"Lisätietoja antaa: Teva Finland Oy, Jyrki Hakkarainen, +358405626437, jyrki.hakkarainen@tevapharm.com",2026-09-23T11:17:19.728773,214191
FI,Finland,FIMEA,Quetiapin Medical Valley 50 mg,Quetiapine fumarate,50 mg,depottabletti,100,542469,N05AH04,2024-10-21,2026-09-30,shortage,Medical Valley Invest AB,"Lisätietoja antaa: Medical Valley Invest AB, Matias Dyggve, +358405142515, matias.dyggve@medicalvalley.se",2026-09-23T11:17:19.728900,84182
FI,Finland,FIMEA,Ascorbic acid Pascoe 150 mg/ml,Ascorbic acid,150 mg/ml,"injektio-/infuusiokonsentraatti, liuosta varten",50 ml,585668,A11GA01,2026-07-09,2027-06-30,shortage,Pascoe pharmazeutische Präparate GmbH,Lisätietoja antaa: PASCOE PHARMAZEUTISCHE PRÄPARATE GMBH,2026-09-23T11:17:19.729180,
FI,Finland,FIMEA,Aprepitant STADA 80 mg,Aprepitant,80 mg,"kapseli, kova",5,504517,A04AD12,2026-08-28,2026-11-30,shortage,STADA Arzneimittel AG,"Lisätietoja antaa: STADA Nordic ApS, Finnish branch, Hanna Kallio, +358405570209, hanna.kallio@stada.fi",2026-09-23T11:17:19.729248,75817
FI,Finland,FIMEA,Gabapentin Sandoz 600 mg,Gabapentin,600 mg,"tabletti, kalvopäällysteinen",100,522499,N02BF01,2025-09-08,2026-12-31,shortage,Sandoz A/S,"Lisätietoja antaa: Sandoz A/S, Sandoz A/S, +358 10 6133415, drug.shortage_nordic@sandoz.com",2026-09-23T11:17:19.729319,57541
FI,Finland,FIMEA,Gemcitabine Accord 100 mg/ml,Gemcitabine hydrochloride,100 mg/ml,"infuusiokonsentraatti, liuosta varten",15 ml,114636,L01BC05,2024-01-30,2026-12-31,shortage,Accord Healthcare B.V.,"Lisätietoja antaa: Accord Healthcare Oy, Accord Healthcare Oy, +358 10 2314180, asiakaspalvelu@accord-healthcare.com",2026-09-23T11:17:19.729385,101753
FI,Finland,FIMEA,Galantamin Stada 16 mg,Galantamine hydrobromide,16 mg,"depotkapseli, kova",30,118379,N06DA04,2024-11-27,2026-11-30,shortage,STADA Arzneimittel AG,"Lisätietoja antaa: STADA Nordic ApS, Finnish branch, Hanna Kallio, +358405570209, hanna.kallio@stada.fi",2026-09-23T11:17:19.729452,76775
FI,Finland,FIMEA,Galantamin Stada 16 mg,Galantamine hydrobromide,16 mg,"depotkapseli, kova",84,059059,N06DA04,2024-08-13,2026-11-30,shortage,STADA Arzneimittel AG,"Lisätietoja antaa: STADA Nordic ApS, Finnish branch, Hanna Kallio, +358 40 5570209, hanna.kallio@stada.fi",2026-09-23T11:17:19.729524,76775
FI,Finland,FIMEA,Galantamin Stada 24 mg,Galantamine hydrobromide,24 mg,"depotkapseli, kova",30,469931,N06DA04,2024-11-27,2026-11-30,shortage,STADA Arzneimittel AG,"Lisätietoja antaa: STADA Nordic ApS, Finnish branch, Hanna Kallio, +358405570209, hanna.kallio@stada.fi",2026-09-23T11:17:19.729585,76783
FI,Finland,FIMEA,Galantamin Stada 24 mg,Galantamine hydrobromide,24 mg,"depotkapseli, kova",84,389404,N06DA04,2024-11-27,2026-10-31,shortage,STADA Arzneimittel AG,"Lisätietoja antaa: STADA Nordic ApS, Finnish branch, Hanna Kallio, +358405570209, hanna.kallio@stada.fi",2026-09-23T11:17:19.729644,76783
FI,Finland,FIMEA,Galantamin Stada 8 mg,Galantamine hydrobromide,8 mg,"depotkapseli, kova",30,564124,N06DA04,2024-11-27,2026-11-30,shortage,STADA Arzneimittel AG,"Lisätietoja antaa: STADA Nordic ApS, Finnish branch, Hanna Kallio, +358405570209, hanna.kallio@stada.fi",2026-09-23T11:17:19.729704,76767
FI,Finland,FIMEA,Carvedilol Orion 12.5 mg,Carvedilol,12.5 mg,"tabletti, kalvopäällysteinen",100,402570,C07AG02,2026-04-20,2027-01-04,shortage,Aurobindo Pharma (Malta) Ltd,"Lisätietoja antaa: Orion Oyj, Orion Call Center, +358104398250, tuoteinformaatio@orionpharma.com",2026-09-23T11:17:19.729763,74241
FI,Finland,FIMEA,Carvedilol Orion 25 mg,Carvedilol,25 mg,"tabletti, kalvopäällysteinen",100,540587,C07AG02,2026-06-15,2027-01-04,shortage,Aurobindo Pharma (Malta) Ltd,"Lisätietoja antaa: Orion Oyj, Orion Call Center, +358104398250, tuoteinformaatio@orionpharma.com",2026-09-23T11:17:19.729823,41009
FI,Finland,FIMEA,Lymecycline Ratiopharm 300 mg,Lymecycline,300 mg,"kapseli, kova",100,028638,J01AA04,2026-09-18,2026-09-25,shortage,Teva B.V.,"Lisätietoja antaa: Teva Finland Oy, Teva Finland Oy, +358 20 180 5900, infofinland@tevapharm.com",2026-09-23T11:17:19.729881,
FI,Finland,FIMEA,Cefotaxim Mip Pharma 1 g,Cefotaxime sodium,1 g,injektio-/infuusiokuiva-aine liuosta varten,10,582612,J01DD01,2026-01-01,2027-06-30,shortage,MIP Pharma GmbH,"Lisätietoja antaa: MIP Pharma GmbH Germany, Angela Wittmann, +49 8502 9184 430, angela.wittmann@mip-pharma.de",2026-09-23T11:17:19.729941,37168
FI,Finland,FIMEA,Cefotaxim Mip Pharma 2 g,Cefotaxime sodium,2 g,injektio-/infuusiokuiva-aine liuosta varten,10,428817,J01DD01,2026-04-01,2027-06-30,shortage,MIP Pharma GmbH,"Lisätietoja antaa: MIP Pharma GmbH Germany, Angela Wittmann, +49 8502 9184 430, angela.wittmann@mip-pharma.de",2026-09-23T11:17:19.730002,
FI,Finland,FIMEA,Zonegran 100 mg,Zonisamide,100 mg,"kapseli, kova",98,037709,N03AX15,2026-05-11,2026-10-31,shortage,Paranova Oy,"Lisätietoja antaa: Paranova Oy, Sebastian Saari, +358 9 4391 850, info@paranova.fi",2026-09-23T11:17:19.730062,95311
FI,Finland,FIMEA,Cefazolin MIP Pharma 2 g,Cefazolin sodium,2 g,"injektio/infuusiokuiva-aine, liuosta varten",10 x 100 ml,371282,J01DB04,2026-08-18,2026-10-31,shortage,MIP Pharma GmbH,"Lisätietoja antaa: MIP Pharma GmbH Germany, Angela Wittmann, angela.wittmann@mip-pharma.de",2026-09-23T11:17:19.730122,209538
FI,Finland,FIMEA,Tolterodine Sandoz 4 mg,Tolterodine tartrate,4 mg,"depotkapseli, kova",98,091739,G04BD07,2026-09-10,2026-09-30,shortage,Sandoz A/S,"Lisätietoja antaa: Sandoz A/S, Sandoz A/S, +358 10 6133415, drug.shortage_nordic@sandoz.com",2026-09-23T11:17:19.730181,60534
FI,Finland,FIMEA,Ropinostad 8 mg,Ropinirole hydrochloride,8 mg,depottabletti,84,499473,N04BC04,2025-02-18,2027-02-28,shortage,STADA Arzneimittel AG,"Lisätietoja antaa: STADA Nordic ApS, Finnish branch, Hanna Kallio, +358405570209, hanna.kallio@stada.fi",2026-09-23T11:17:19.730239,85642
FI,Finland,FIMEA,Ropinostad 4 mg,Ropinirole hydrochloride,4 mg,depottabletti,84,542413,N04BC04,2025-06-19,2026-10-31,shortage,STADA Arzneimittel AG,"Lisätietoja antaa: STADA Nordic ApS, Finnish branch, Hanna Kallio, +358405570209, hanna.kallio@stada.fi",2026-09-23T11:17:19.730297,85634
FI,Finland,FIMEA,Desloratadine Sandoz 5 mg,Desloratadine,5 mg,"tabletti, kalvopäällysteinen",30,472322,R06AX27,2026-07-09,2026-10-21,shortage,Sandoz A/S,"Lisätietoja antaa: Sandoz A/S, Ropi Heikkilä, +358 50 592 5710, ropi.heikkila@sandoz.com",2026-09-23T11:17:19.730358,59021
FI,Finland,FIMEA,Solifenacin Sandoz 5 mg,Solifenacin succinate,5 mg,"tabletti, kalvopäällysteinen",30,592805,G04BD08,2026-09-17,2026-12-31,shortage,Sandoz A/S,"Lisätietoja antaa: Sandoz A/S, Sandoz A/S, +358 10 6133415, drug.shortage_nordic@sandoz.com",2026-09-23T11:17:19.730417,75337
FI,Finland,FIMEA,Levetiracetam Accord 750 mg,Levetiracetam,750 mg,"tabletti, kalvopäällysteinen",100,502080,N03AX14,2026-02-18,2026-10-30,shortage,Accord Healthcare S.L.U.,"Lisätietoja antaa: Accord Healthcare Oy, Accord Healthcare Oy, +358 10 2314180, asiakaspalvelu@accord-healthcare.com",2026-09-23T11:17:19.730483,
FI,Finland,FIMEA,Pentocur,Thiopental sodium,,"injektiokuiva-aine, liuosta varten",10 x 0.5 g,431844,N01AF03,2024-01-01,2026-12-31,shortage,Abcur AB,"Lisätietoja antaa: Abcur AB, +46 42 135770, InfoAbcur@advanzpharma.com",2026-09-23T11:17:19.730556,6467
FI,Finland,FIMEA,Pentocur,Thiopental sodium,,"injektiokuiva-aine, liuosta varten",10 x 1 g,594817,N01AF03,2024-01-01,2026-12-31,shortage,Abcur AB,"Lisätietoja antaa: Abcur AB, +46 42 135770, InfoAbcur@advanzpharma.com",2026-09-23T11:17:19.730615,
FI,Finland,FIMEA,Dacarbazine Lipomed 200 mg,Dacarbazine,200 mg,"injektio/infuusiokuiva-aine, liuosta varten",10 x 200 mg,572839,L01AX04,2026-05-31,2027-12-31,shortage,Lipomed GmbH,"Lisätietoja antaa: Kurantis ApS, Tanja Breum Nielsen, +4526524288, tbn@kurantis.com",2026-09-23T11:17:19.730675,18066
FI,Finland,FIMEA,Celecoxib Viatris 200 mg,Celecoxib,200 mg,"kapseli, kova",30,471030,M01AH01,2026-04-29,2027-02-05,shortage,Viatris Limited,"Lisätietoja antaa: Viatris Oy, Viatris Oy asiakasinformaatio, +358 20 720 9555, infofi@viatris.com",2026-09-23T11:17:19.730738,59005
FI,Finland,FIMEA,Galantamin Orion 16 mg,Galantamine hydrobromide,16 mg,"depotkapseli, kova",28,068937,N06DA04,2024-06-20,2027-02-15,shortage,Orion Corporation,"Lisätietoja antaa: Orion Oyj, Orion Call Center, +3581044398250, tuoteinformaatio@orionpharma.com",2026-09-23T11:17:19.730799,76775
FI,Finland,FIMEA,Galantamin Orion 16 mg,Galantamine hydrobromide,16 mg,"depotkapseli, kova",84,192182,N06DA04,2025-06-16,2027-02-15,shortage,Orion Corporation,"Lisätietoja antaa: Orion Oyj, Orion Call Center, +358104398250, tuoteinformaatio@orionpharma.com",2026-09-23T11:17:19.730859,76775
FI,Finland,FIMEA,Galantamin Orion 24 mg,Galantamine hydrobromide,24 mg,"depotkapseli, kova",28,050002,N06DA04,2024-11-27,2027-02-15,shortage,Orion Corporation,"Lisätietoja antaa: Orion Oyj, Orion Call Center, +358104398250, tuoteinformaatio@orionpharma.com",2026-09-23T11:17:19.730918,76783
FI,Finland,FIMEA,Galantamin Orion 24 mg,Galantamine hydrobromide,24 mg,"depotkapseli, kova",84,498340,N06DA04,2024-10-04,2027-02-15,shortage,Orion Corporation,"Lisätietoja antaa: Orion Oyj, Orion Call Center, +358104398250, tuoteinformaatio@orionpharma.com",2026-09-23T11:17:19.730977,76783
FI,Finland,FIMEA,Pioglitazone Accord 45 mg,Pioglitazone hydrochloride,45 mg,tabletti,98,172376,A10BG03,2026-07-08,2026-12-31,shortage,Accord Healthcare S.L.U.,"Lisätietoja antaa: Accord Healthcare Oy, Accord Healthcare Oy, +358 10 2314180, asiakaspalvelu@accord-healthcare.com",2026-09-23T11:17:19.731035,84255
FI,Finland,FIMEA,Galantamin Orion 8 mg,Galantamine hydrobromide,8 mg,"depotkapseli, kova",28,372068,N06DA04,2026-02-02,2026-12-28,shortage,Orion Corporation,"Lisätietoja antaa: Orion Oyj, Orion Call Center, +358104398250, tuoteinformaatio@orionpharma.com",2026-09-23T11:17:19.731093,76767
FI,Finland,FIMEA,Capecitabine Accord 500 mg,Capecitabine,500 mg,"tabletti, kalvopäällysteinen",120,398138,L01BC06,2026-04-10,2026-09-30,shortage,Accord Healthcare S.L.U.,"Lisätietoja antaa: Accord Healthcare Oy, Accord Healthcare Oy, +358 10 2314180, asiakaspalvelu@accord-healthcare.com",2026-09-23T11:17:19.731156,59366
FI,Finland,FIMEA,Atopica vet. 100 mg/ml,Ciclosporin,100 mg/ml,oraaliliuos,17 ml,176561,QL04AD01,2026-08-21,2026-10-09,shortage,Elanco GmbH,"Lisätietoja antaa: Elanco, Ida Bisgaard Worm, +45 50 52 76 13, ida.worm@elancoah.com",2026-09-23T11:17:19.731220,
FI,Finland,FIMEA,Apogo Pen 10 mg/ml,Apomorphine hydrochloride,10 mg/ml,"injektioneste, liuos",5 x 3 ml,534964,N04BC07,2026-09-01,2026-12-31,shortage,STADA Arzneimittel AG,"Lisätietoja antaa: STADA Nordic ApS, Finnish branch, Hanna Kallio, +358405570209, hanna.kallio@stada.fi",2026-09-23T11:17:19.731286,106380
FI,Finland,FIMEA,Tolterodin Ratiopharm 4 mg,Tolterodine tartrate,4 mg,"depotkapseli, kova",28,561986,G04BD07,2026-05-11,2026-12-31,shortage,ratiopharm GmbH,"Lisätietoja antaa: Teva Finland Oy, Jyrki Hakkarainen, +358 40 5626437, jyrki.hakkarainen@tevapharm.com",2026-09-23T11:17:19.731355,60534
FI,Finland,FIMEA,ISENTRESS 100 mg,Raltegravir potassium,100 mg,purutabletti,60,401134,J05AJ01,2026-03-20,2026-10-18,shortage,Merck Sharp & Dohme B.V.,"Lisätietoja antaa: MSD Finland Oy, Merita Suomalainen, +3589804650, info@msd.com",2026-09-23T11:17:19.731416,
FI,Finland,FIMEA,ISENTRESS 25 mg,Raltegravir potassium,25 mg,purutabletti,60,391582,J05AJ01,2026-09-01,2026-10-18,shortage,Merck Sharp & Dohme B.V.,"Lisätietoja antaa: MSD Finland Oy, Merita Suomalainen, +3589804650, info@msd.com",2026-09-23T11:17:19.731476,
FI,Finland,FIMEA,Eliquis 5 mg,Apixaban,5 mg,"tabletti, kalvopäällysteinen",28,445310,B01AF02,2026-07-07,2026-10-16,shortage,Bristol-Myers Squibb / Pfizer EEIG,"Lisätietoja antaa: Oy Bristol-Myers Squibb (Finland) Ab, lääkeneuvonta, +358925121244, medinfo.finland@bms.com",2026-09-23T11:17:19.731536,105678
FI,Finland,FIMEA,NovoRapid PumpCart 100 U/ml,Insulin aspart,100 U/ml,"injektioneste, liuos, sylinteriampulli",5 x 1.6 ml,467931,A10AB05,2025-08-14,2026-12-31,shortage,Novo Nordisk A/S,"Lisätietoja antaa: Novo Nordisk Farma Oy, novoInfo, +358 800 122 566, novoinfo@novonordisk.fi",2026-09-23T11:17:19.731597,121495
FI,Finland,FIMEA,Omnic Ocas 0.4 mg,Tamsulosin hydrochloride,0.4 mg,depottabletti,90,505920,G04CA02,2026-06-17,2026-10-30,shortage,Paranova Oy,"Lisätietoja antaa: Paranova Oy, Sebastian Saari, +358 9 4391 850, info@paranova.fi",2026-09-23T11:17:19.731656,76236
FI,Finland,FIMEA,Quetiapin Ratiopharm 50 mg,Quetiapine fumarate,50 mg,depottabletti,100,077881,N05AH04,2026-04-30,2026-11-30,shortage,Teva Pharma B.V.,"Lisätietoja antaa: Teva Finland Oy, Teva Finland Oy, +358 20 180 5900, infofinland@tevapharm.com",2026-09-23T11:17:19.731723,
FI,Finland,FIMEA,Quetiapin Ratiopharm 400 mg,Quetiapine fumarate,400 mg,depottabletti,100,137635,N05AH04,2025-07-07,2027-02-26,shortage,Teva Pharma B.V.,"Lisätietoja antaa: Teva Finland Oy, Teva Finland Oy, +358 20 180 5900, infofinland@tevapharm.com",2026-09-23T11:17:19.731781,84212
FI,Finland,FIMEA,Quetiapin Ratiopharm 200 mg,Quetiapine fumarate,200 mg,depottabletti,100,517693,N05AH04,2026-06-18,2026-11-30,shortage,Teva Pharma B.V.,"Lisätietoja antaa: Teva Finland Oy, Teva Finland Oy, +358201805900, infofinland@tevapharm.com",2026-09-23T11:17:19.731840,50776
FI,Finland,FIMEA,Quetiapin Ratiopharm 300 mg,Quetiapine fumarate,300 mg,depottabletti,100,477295,N05AH04,2026-08-11,2026-11-30,shortage,Teva Pharma B.V.,"Lisätietoja antaa: Teva Finland Oy, Teva Finland Oy, +358201805900, infofinland@tevapharm.com",2026-09-23T11:17:19.731896,60283
FI,Finland,FIMEA,Rosuvastatin Orion 40 mg,Rosuvastatin calcium,40 mg,"tabletti, kalvopäällysteinen",98,190472,C10AA07,2026-07-06,2026-10-12,shortage,Aurobindo Pharma (Malta) Ltd,"Lisätietoja antaa: ORION CORPORATION, Orion Call Center, +358104398250, tuoteinformaatio@orionpharma.com",2026-09-23T11:17:19.731954,201065
FI,Finland,FIMEA,Gabapentin Sandoz 800 mg,Gabapentin,800 mg,"tabletti, kalvopäällysteinen",100,452850,N02BF01,2026-05-04,2026-12-14,shortage,Sandoz A/S,"Lisätietoja antaa: Sandoz A/S, Sandoz A/S, +358 10 6133415, drug.shortage_nordic@sandoz.com",2026-09-23T11:17:19.732021,57568
FI,Finland,FIMEA,Rismyl 0.5 mg,Risperidone,0.5 mg,"tabletti, kalvopäällysteinen",20,077385,N05AX08,2026-10-01,2027-05-15,shortage,Viatris Limited,"Lisätietoja antaa: Viatris Oy, Viatris Oy:n asiakasinformaatio, +358207209555, infofi@viatris.com",2026-09-23T11:17:19.732079,56197
FI,Finland,FIMEA,Porcilis ColiClos,"Escherichia coli, LT toxoid Escherichia coli, F4A antigen Escherichia coli, F4ac antigen Escherichia coli, F5 antigen Escherichia coli, F6 antigen Clostridium perfringens, type C, strain CN 883, beta toxoid",,"injektioneste, suspensio",20 ml,491249,QI09AB08,2026-10-05,2026-12-18,shortage,Intervet International B.V.,"Lisätietoja antaa: MSD Animal Health Oy, Susanna Ketola, +358 50 4483389, susanna.ketola@msd.com",2026-09-23T11:17:19.732143,
FI,Finland,FIMEA,Celecoxib Viatris 100 mg,Celecoxib,100 mg,"kapseli, kova",100,477070,M01AH01,2026-06-08,2026-12-31,shortage,Viatris Limited,"Lisätietoja antaa: Viatris Oy, Viatris Oy:n asiakasinformaatio, +358207209555, infofi@viatris.com",2026-09-23T11:17:19.732206,58998
FI,Finland,FIMEA,Lorazepam Orion 1 mg,Lorazepam,1 mg,tabletti,100,477647,N05BA06,2025-06-30,2027-03-15,shortage,Orion Corporation,"Lisätietoja antaa: Orion Oyj, Orion Call Center, +358104398250, tuoteinformaatio@orionpharma.com",2026-09-23T11:17:19.732267,2445
FI,Finland,FIMEA,Lorazepam Orion 1 mg,Lorazepam,1 mg,tabletti,30,573059,N05BA06,2026-03-02,2027-03-15,shortage,Orion Corporation,"Lisätietoja antaa: Orion Oyj, Orion Call Center, +358104398250, tuoteinformaatio@orionpharma.com",2026-09-23T11:17:19.732330,2445
FI,Finland,FIMEA,Telmisartan/Hydrochlorothiazide Orion 80 mg / 12.5 mg,Hydrochlorothiazide Telmisartan,80 mg / 12.5 mg,tabletti,98,461771,C09DA07,2026-09-21,2026-11-03,shortage,Orion Corporation,"Lisätietoja antaa: Orion Oyj, Orion Call Center, +358104398250, tuoteinformaatio@orionpharma.com",2026-09-23T11:17:19.732393,67261
FI,Finland,FIMEA,Dicloabak 1 mg/ml,Diclofenac sodium,1 mg/ml,"silmätipat, liuos",10 ml,579309,S01BC03,2026-04-13,2027-03-13,shortage,Laboratoires Thea,"Lisätietoja antaa: Théa Nordic AB, Malin Forssell, +46 70 389 45 00, malin.forssell@theapharma.com",2026-09-23T11:17:19.732453,219789
FI,Finland,FIMEA,Ropinirol Orion 4 mg,Ropinirole hydrochloride,4 mg,depottabletti,84,373077,N04BC04,2025-08-11,2027-02-15,shortage,Orion Corporation,"Lisätietoja antaa: Orion Oyj, Orion Call Center, +358104398250, tuoteinformaatio@orionpharma.com",2026-09-23T11:17:19.732510,85634
FI,Finland,FIMEA,Ropinirol Orion 8 mg,Ropinirole hydrochloride,8 mg,depottabletti,84,124989,N04BC04,2024-09-11,2027-06-30,shortage,Orion Corporation,"Lisätietoja antaa: Orion Oyj, Orion Call Center, +358104398256, tuoteinformaatio@orionpharma.com",2026-09-23T11:17:19.732571,85642
FI,Finland,FIMEA,Ropinirol Orion 2 mg,Ropinirole hydrochloride,2 mg,depottabletti,84,596277,N04BC04,2024-10-22,2026-12-28,shortage,Orion Corporation,"Lisätietoja antaa: Orion Oyj, Orion Call Center, +358104398250, tuoteinformaatio@orionpharma.com",2026-09-23T11:17:19.732628,48151
FI,Finland,FIMEA,Meropenem Stada 500 mg,Meropenem trihydrate,500 mg,injektio-/infuusiokuiva-aine liuosta varten,10 x 500 mg,041983,J01DH02,2026-06-04,2027-02-28,shortage,STADA Arzneimittel AG,"Lisätietoja antaa: STADA Nordic ApS, Finnish branch, Hanna Kallio, +358405570209, hanna.kallio@stada.fi",2026-09-23T11:17:19.732687,94811
FI,Finland,FIMEA,Meropenem Stada 1 g,Meropenem trihydrate,1 g,injektio-/infuusiokuiva-aine liuosta varten,10 x 1 g,116067,J01DH02,2026-05-07,2027-02-28,shortage,STADA Arzneimittel AG,"Lisätietoja antaa: STADA Nordic ApS, Finnish branch, Hanna Kallio, +358405570209, hanna.kallio@stada.fi",2026-09-23T11:17:19.732751,94838
FI,Finland,FIMEA,Yasmin 0.03 mg / 3 mg,Ethinylestradiol Drospirenone,0.03 mg / 3 mg,"tabletti, kalvopäällysteinen",3 x 21,022508,G03AA12,2026-08-04,2026-09-30,shortage,Orifarm Oy,"Lisätietoja antaa: Orifarm Oy, Janne Liimatta, +358 9 7746 870, suomi@orifarm.com",2026-09-23T11:17:19.732809,56774
FI,Finland,FIMEA,Yasmin 0.03 mg / 3 mg,Ethinylestradiol Drospirenone,0.03 mg / 3 mg,"tabletti, kalvopäällysteinen",6 x 21,022519,G03AA12,2026-06-16,2026-10-30,shortage,Orifarm Oy,"Lisätietoja antaa: Orifarm Oy, Janne Liimatta, +358 9 7746 870, suomi@orifarm.com",2026-09-23T11:17:19.732875,56774
FI,Finland,FIMEA,HYCAMTIN 1 mg,Topotecan hydrochloride,1 mg,"kapseli, kova",10,064570,L01CE01,2026-07-13,2026-10-31,shortage,Paranova Oy,"Lisätietoja antaa: Paranova Oy, Sebastian Saari, +358 9 4391 850, info@paranova.fi",2026-09-23T11:17:19.732935,87203
FI,Finland,FIMEA,Spedra 50 mg,Avanafil,50 mg,tabletti,4 x 1,570086,G04BE10,2026-05-20,2026-09-30,shortage,Phoenix Labs Unlimited Company,"Lisätietoja antaa: Berlin-Chemie/A. Menarini Suomi Oy, Daniela Wollstén, +358403000760, nordics@berlin-chemie.com",2026-09-23T11:17:19.732994,115142
FI,Finland,FIMEA,Fusidic Acid Orifarm 20 mg/g,Fusidic acid hemihydrate,20 mg/g,emulsiovoide,30 g,102880,D06AX01,2026-08-26,2026-12-31,shortage,Orifarm Generics A/S,"Lisätietoja antaa: Orifarm Healthcare Oy, Anna-Leena Haikkola, +35897746870, suomi@orifarm.com",2026-09-23T11:17:19.733053,5428
FI,Finland,FIMEA,Fusidic Acid Orifarm 20 mg/g,Fusidic acid hemihydrate,20 mg/g,emulsiovoide,15 g,145978,D06AX01,2026-07-15,2026-12-31,shortage,Orifarm Generics A/S,"Lisätietoja antaa: Orifarm Healthcare Oy, Anna-Leena Haikkola, +35897746870, suomi@orifarm.com",2026-09-23T11:17:19.733110,5428
FI,Finland,FIMEA,Travoprost Stada 40 mikrog/ml,Travoprost,40 mikrog/ml,"silmätipat, liuos",2.5 ml,180186,S01EE04,2026-07-15,2026-11-30,shortage,STADA Arzneimittel AG,"Lisätietoja antaa: STADA Nordic ApS, Finnish branch, Hanna Kallio, +358405570209, hanna.kallio@stada.fi",2026-09-23T11:17:19.733172,206458
FI,Finland,FIMEA,Travoprost Stada 40 mikrog/ml,Travoprost,40 mikrog/ml,"silmätipat, liuos",3 x 2.5 ml,084880,S01EE04,2026-09-01,2026-12-31,shortage,STADA Arzneimittel AG,"Lisätietoja antaa: STADA Nordic ApS, Finnish branch, Hanna Kallio, +358405570209, hanna.kallio@stada.fi",2026-09-23T11:17:19.733233,
FI,Finland,FIMEA,Travatan 40 mikrog/ml,Travoprost,40 mikrog/ml,"silmätipat, liuos",3 x 2.5 ml,042663,S01EE04,2025-12-16,2026-10-01,shortage,Paranova Oy,"Lisätietoja antaa: Paranova Oy, Sebastian Saari, +358 9 4391 850, info@paranova.fi",2026-09-23T11:17:19.733293,206431
FI,Finland,FIMEA,Eligard 45 mg,Leuprorelin acetate,45 mg,"injektiokuiva-aine ja liuotin, liuosta varten",45 mg + 436 mg,480949,L02AE02,2026-01-31,2026-12-31,shortage,Paranova Oy,"Lisätietoja antaa: Paranova oy, Sebastian Saari, +35894391850, info@paranova.fi",2026-09-23T11:17:19.733353,85111
FI,Finland,FIMEA,Zonegran 100 mg,Zonisamide,100 mg,"kapseli, kova",98,565055,N03AX15,2026-09-02,2026-12-31,shortage,Abacus Medicine A/S,"Lisätietoja antaa: Abacus Medicine A/S, Jaisa Nykänen, +358942721465, jaisa.nykanen@abacusmedicine.com",2026-09-23T11:17:19.733411,95311
FI,Finland,FIMEA,Octreotide ratiopharm 30 mg,Octreotide acetate,30 mg,"injektiokuiva-aine ja liuotin, depotsuspensiota varten",30 mg + 2 ml,115593,H01CB02,2023-08-04,2028-04-01,shortage,Teva B.V.,"Lisätietoja antaa: Teva Finland Oy, Teva Finland Oy, +358 20 180 5900, infofinland@tevapharm.com",2026-09-23T11:17:19.733469,70467
FI,Finland,FIMEA,Octreotide ratiopharm 10 mg,Octreotide acetate,10 mg,"injektiokuiva-aine ja liuotin, depotsuspensiota varten",10 mg + 2 ml,378425,H01CB02,2024-02-13,2028-04-01,shortage,Teva B.V.,"Lisätietoja antaa: Teva Finland Oy, Teva Finland Oy, +358 20 180 5900, infofinland@tevapharm.com",2026-09-23T11:17:19.733528,70440
FI,Finland,FIMEA,Octreotide ratiopharm 20 mg,Octreotide acetate,20 mg,"injektiokuiva-aine ja liuotin, depotsuspensiota varten",20 mg + 2 ml,511578,H01CB02,2023-12-27,2028-04-01,shortage,Teva B.V.,"Lisätietoja antaa: Teva Finland Oy, Teva Finland Oy, +358 20 180 5900, infofinland@tevapharm.com",2026-09-23T11:17:19.733589,70459
FI,Finland,FIMEA,Cinacalcet Orion 90 mg,Cinacalcet hydrochloride,90 mg,"tabletti, kalvopäällysteinen",28,051306,H05BX01,2026-01-07,2026-11-30,shortage,Orion Corporation,"Lisätietoja antaa: Orion Oyj, Orion Call Center, +358104398250, tuoteinformaatio@orionpharma.com",2026-09-23T11:17:19.733648,77127
FI,Finland,FIMEA,Posaconazole STADA 100 mg,Posaconazole,100 mg,enterotabletti,24 x 1,535763,J02AC04,2026-10-05,2026-12-31,shortage,STADA Arzneimittel AG,"Lisätietoja antaa: STADA Nordic ApS, Finnish branch, Hanna Kallio, +358405570209, hanna.kallio@stada.fi",2026-09-23T11:17:19.733705,117498
FI,Finland,FIMEA,Dutasteride/Tamsulosin Orion 0.5 mg / 0.4 mg,Dutasteride Tamsulosin hydrochloride,0.5 mg / 0.4 mg,"kapseli, kova",30,531593,G04CA52,2026-03-30,2026-10-05,shortage,Orion Corporation,"Lisätietoja antaa: Orion Oyj, Orion Call Center, +358104398250, tuoteinformaatio@orionpharma.com",2026-09-23T11:17:19.733766,93661
FI,Finland,FIMEA,Dutasteride/Tamsulosinhydrochlorid Stada 0.5 mg / 0.4 mg,Dutasteride Tamsulosin hydrochloride,0.5 mg / 0.4 mg,"kapseli, kova",90,428493,G04CA52,2026-09-05,2026-11-30,shortage,STADA Arzneimittel AG,"Lisätietoja antaa: STADA Nordic ApS, Finnish branch, Hanna Kallio, +358405570209, hanna.kallio@stada.fi",2026-09-23T11:17:19.733824,93661
FI,Finland,FIMEA,Zoladex 3.6 mg,Goserelin acetate,3.6 mg,implantaatti,1,386681,L02AE03,2025-09-12,2026-10-30,shortage,Paranova Oy,"Lisätietoja antaa: Paranova Oy, Sebastian Saari, +358 9 4391 850, info@paranova.fi",2026-09-23T11:17:19.733884,26786
FI,Finland,FIMEA,Amlodipin/Valsartan/Hydrochlorothiazide Orion 10 mg / 160 mg / 12.5 mg,Amlodipine besylate Hydrochlorothiazide Valsartan,10 mg / 160 mg / 12.5 mg,"tabletti, kalvopäällysteinen",98,179486,C09DX01,2026-10-02,2026-11-02,shortage,Orion Corporation,"Lisätietoja antaa: Orion Oyj, Orion Call Center, +358104398250, tuoteinformaatio@orionpharma.com",2026-09-23T11:17:19.733942,123447
FI,Finland,FIMEA,Amlodipin/Valsartan Orion 10 mg / 160 mg,Amlodipine besylate Valsartan,10 mg / 160 mg,"tabletti, kalvopäällysteinen",98,455513,C09DB01,2026-07-27,2026-11-02,shortage,Orion Corporation,"Lisätietoja antaa: ORION CORPORATION, Orion Call Center, +358104398250, tuoteinformaatio@orionpharma.com",2026-09-23T11:17:19.734000,123501
FI,Finland,FIMEA,Mircera 150 mikrog / 0.3 ml,Methoxy polyethylene glycol-epoetin beta,150 mikrog / 0.3 ml,"injektioneste, liuos, esitäytetty ruisku",150 mikrog,180755,B03XA03,2026-09-07,2026-10-31,shortage,Paranova Oy,"Lisätietoja antaa: Paranova Oy, Sebastian Saari, +358 9 4391 850, info@paranova.fi",2026-09-23T11:17:19.734063,83984
FI,Finland,FIMEA,Amlodipin/Valsartan/Hydrochlorothiazide Orion 5 mg / 160 mg / 12.5 mg,Amlodipine besylate Hydrochlorothiazide Valsartan,5 mg / 160 mg / 12.5 mg,"tabletti, kalvopäällysteinen",98,114695,C09DX01,2026-08-31,2026-10-05,shortage,Orion Corporation,"Lisätietoja antaa: ORION CORPORATION, Orion Call Center, +358104398250, tuoteinformaatio@orionpharma.com",2026-09-23T11:17:19.734123,123420
FI,Finland,FIMEA,Dutasteride/Tamsulosinhydrochlorid ratiopharm 0.5 mg / 0.4 mg,Dutasteride Tamsulosin hydrochloride,0.5 mg / 0.4 mg,"kapseli, kova",30,069956,G04CA52,2026-09-28,2026-11-30,shortage,Teva B.V.,"Lisätietoja antaa: Teva Finland Oy, Teva Finland Oy, +358201805900, infofinland@tevapharm.com",2026-09-23T11:17:19.734182,93661
FI,Finland,FIMEA,Sunitinib Stada 50 mg,Sunitinib,50 mg,"kapseli, kova",28 x 1,114799,L01EX01,2026-09-07,2026-12-31,shortage,STADA Arzneimittel AG,"Lisätietoja antaa: STADA Nordic ApS, Finnish branch, Hanna Kallio, +358405570209, hanna.kallio@stada.fi",2026-09-23T11:17:19.734242,214213
FI,Finland,FIMEA,Insulin Lispro Sanofi 100 U/ml,Insulin lispro,100 U/ml,"injektioneste, liuos, esitäytetty kynä",5 x 3 ml,058290,A10AB04,2026-08-05,2027-12-31,shortage,Sanofi Winthrop Industrie,"Lisätietoja antaa: Sanofi Oy, Manon Duchemin, +358 201200300, regulatory.finland@sanofi.com",2026-09-23T11:17:19.734302,65846
FI,Finland,FIMEA,Insulin Lispro Sanofi 100 U/ml,Insulin lispro,100 U/ml,"injektioneste, liuos, sylinteriampulli",5 x 3 ml,117084,A10AB04,2026-09-02,2027-12-31,shortage,Sanofi Winthrop Industrie,"Lisätietoja antaa: Sanofi Oy, Manon Duchemin, +358 201200300, regulatory.finland@sanofi.com",2026-09-23T11:17:19.734364,65846
FI,Finland,FIMEA,Dutasteride Medical Valley 0.5 mg,Dutasteride,0.5 mg,"kapseli, pehmeä",90,161925,G04CB02,2025-12-18,2027-04-30,shortage,Medical Valley Invest AB,"Lisätietoja antaa: Medical Valley Invest AB, Matias Dyggve, +358405142515, matias.dyggve@medicalvalley.se",2026-09-23T11:17:19.734424,68195
FI,Finland,FIMEA,Pramipexol Stada 2.62 mg,Pramipexole dihydrochloride monohydrate,2.62 mg,depottabletti,100,589646,N04BC05,2026-08-18,2026-12-31,shortage,STADA Arzneimittel AG,"Lisätietoja antaa: STADA Nordic ApS, Finnish branch, Hanna Kallio, +358405570209, hanna.kallio@stada.fi",2026-09-23T11:17:19.734483,94129
FI,Finland,FIMEA,Natriumoksibaatti Kalceks 500 mg/ml,Sodium oxybate,500 mg/ml,oraaliliuos,180 ml,100964,N07XX04,2026-09-11,2026-10-19,shortage,AS Kalceks,"Lisätietoja antaa: Grindeks Kalceks Suomi Oy, Jari Puolakka, +358405356796, jari.puolakka@grindeks.fi",2026-09-23T11:17:19.734542,81469
FI,Finland,FIMEA,Candecam 16 mg / 10 mg,Amlodipine besylate Candesartan cilexetil,16 mg / 10 mg,tabletti,98,497105,C09DB07,2026-08-25,2026-10-29,shortage,KRKA d.d. Novo mesto,"Lisätietoja antaa: KRKA Finland Oy, KRKA Finland Oy, +358207545330, info.fi@krka.biz",2026-09-23T11:17:19.734602,
FI,Finland,FIMEA,Atrovent Eco 20 mikrog/annos,Ipratropium bromide monohydrate,20 mikrog/annos,"inhalaatiosumute, liuos",200 annosta,121099,R03BB01,2026-07-31,2026-11-30,shortage,Orifarm Oy,"Lisätietoja antaa: Orifarm Oy, Janne Liimatta, +358 9 7746 870, suomi@orifarm.com",2026-09-23T11:17:19.734662,73377
FI,Finland,FIMEA,Rosuvastatin Ratiopharm 20 mg,Rosuvastatin calcium,20 mg,"tabletti, kalvopäällysteinen",100,524701,C10AA07,2026-09-14,2026-10-05,shortage,ratiopharm GmbH,"Lisätietoja antaa: Teva Finland Oy, Jyrki Hakkarainen, +358 40 5626437, jyrki.hakkarainen@tevapharm.com",2026-09-23T11:17:19.734722,201057
FI,Finland,FIMEA,Promictan 0.4 mg,Tamsulosin hydrochloride,0.4 mg,depottabletti,90,425257,G04CA02,2026-09-03,2026-10-12,shortage,Avansor Pharma Oy,"Lisätietoja antaa: Avansor Pharma Oy, Hans Lindroos, +358504666881, hans.lindroos@avansorpharma.fi",2026-09-23T11:17:19.734784,
FI,Finland,FIMEA,Topotecan Ebewe 1 mg/ml,Topotecan hydrochloride,1 mg/ml,"infuusiokonsentraatti, liuosta varten",5 x 4 ml,471680,L01CE01,2026-06-05,2026-11-11,shortage,Ebewe Pharma Ges.m.b.H. Nfg.KG,"Lisätietoja antaa: Sandoz A/S, Sandoz A/S, +358 10 6133415, drug.shortage_nordic@sandoz.com",2026-09-23T11:17:19.734842,98728
FI,Finland,FIMEA,Desogestrel Ratiopharm 75 mikrog,Desogestrel,75 mikrog,"tabletti, kalvopäällysteinen",3 x 28,081708,G03AC09,2026-09-30,2026-11-02,shortage,ratiopharm GmbH,"Lisätietoja antaa: Teva Finland Oy, Teva Finland Oy, +358201805900, infofinland@tevapharm.com",2026-09-23T11:17:19.734912,56111
FI,Finland,FIMEA,Xemestan 25 mg,Exemestane,25 mg,"tabletti, kalvopäällysteinen",100,061670,L02BG06,2026-08-05,2026-09-25,shortage,Avansor Pharma Oy,"Lisätietoja antaa: Avansor Pharma Oy, Hans Lindroos, +358504666881, hans.lindroos@avansorpharma.fi",2026-09-23T11:17:19.734973,54917
FI,Finland,FIMEA,Oftastad comp 50 mikrog/ml + 5 mg/ml,Timolol maleate Latanoprost,50 mikrog/ml + 5 mg/ml,"silmätipat, liuos",3 x 2.5 ml,149437,S01ED51,2026-08-05,2026-12-31,shortage,STADA Arzneimittel AG,"Lisätietoja antaa: STADA Nordic ApS, Finnish branch, Hanna Kallio, +358405570209, hanna.kallio@stada.fi",2026-09-23T11:17:19.735032,212121
FI,Finland,FIMEA,Zolmitriptan Sandoz 2.5 mg,Zolmitriptan,2.5 mg,"tabletti, suussa hajoava",6,546198,N02CC03,2025-11-17,2026-10-21,shortage,Sandoz A/S,"Lisätietoja antaa: Sandoz A/S, Sandoz A/S, +358 10 6133415, drug.shortage_nordic@sandoz.com",2026-09-23T11:17:19.735109,47651
FI,Finland,FIMEA,Zolmitriptan Sandoz 2.5 mg,Zolmitriptan,2.5 mg,"tabletti, suussa hajoava",12,181303,N02CC03,2025-11-17,2026-10-21,shortage,Sandoz A/S,"Lisätietoja antaa: Sandoz A/S, Sandoz A/S, +358 10 6133415, drug.shortage_nordic@sandoz.com",2026-09-23T11:17:19.735169,47651
FI,Finland,FIMEA,Fluoxetine Vitabalans 20 mg,Fluoxetine hydrochloride,20 mg,"tabletti, kalvopäällysteinen",30,138828,N06AB03,2023-10-02,2026-11-30,shortage,Vitabalans Oy,"Lisätietoja antaa: Vitabalans Oy, Jari Kovalainen, +358500476321, jari.kovalainen@vitabalans.fi",2026-09-23T11:17:19.735227,
FI,Finland,FIMEA,Fluoxetine Vitabalans 20 mg,Fluoxetine hydrochloride,20 mg,"tabletti, kalvopäällysteinen",100,502851,N06AB03,2023-09-16,2026-11-30,shortage,Vitabalans Oy,"Lisätietoja antaa: Vitabalans Oy, Jari Kovalainen, +358500476321, jari.kovalainen@vitabalans.fi",2026-09-23T11:17:19.735287,
FI,Finland,FIMEA,Esomeprazol Orion 20 mg,Esomeprazole magnesium,20 mg,enterotabletti,28,591465,A02BC05,2026-06-29,2026-12-14,shortage,Sun Pharmaceutical Industries Europe B.V.,"Lisätietoja antaa: Orion Oyj, Orion Call Center, +358104398250, tuoteinformaatio@orionpharma.com",2026-09-23T11:17:19.735346,94862
FI,Finland,FIMEA,Telmisartan Stada 40 mg,Telmisartan,40 mg,"tabletti, kalvopäällysteinen",28,068332,C09CA07,2025-12-30,2026-12-31,shortage,STADA Arzneimittel AG,"Lisätietoja antaa: STADA Nordic ApS, Finnish branch, Hanna Kallio, +358405570209, hanna.kallio@stada.fi",2026-09-23T11:17:19.735405,
FI,Finland,FIMEA,Paramax Comp 500 mg / 65 mg,Caffeine Paracetamol,500 mg / 65 mg,tabletti,20,427014,N02BE51,2026-09-09,2026-10-05,shortage,Vitabalans Oy,"Lisätietoja antaa: Vitabalans Oy, Jari Kovalainen, +358 50 047 6321, jari.kovalainen@vitabalans.fi",2026-09-23T11:17:19.735470,53775
FI,Finland,FIMEA,Ezetimib Krka 10 mg,Ezetimibe,10 mg,tabletti,30,183455,C10AX09,2026-05-27,2026-10-22,shortage,KRKA d.d. Novo mesto,"Lisätietoja antaa: KRKA Finland Oy, KRKA Finland Oy, +358207545330, info.fi@krka.biz",2026-09-23T11:17:19.735528,70645
FI,Finland,FIMEA,Dutasteride Krka 0.5 mg,Dutasteride,0.5 mg,"kapseli, pehmeä",90,134078,G04CB02,2026-08-02,2026-10-15,shortage,KRKA d.d. Novo mesto,"Lisätietoja antaa: KRKA Finland Oy, KRKA Finland Oy, +358207545330, info.fi@krka.biz",2026-09-23T11:17:19.735592,212377
FI,Finland,FIMEA,Perindopril/Amlodipin Krka 4 mg / 5 mg,Amlodipine besylate Perindopril tert-butylamine,4 mg / 5 mg,tabletti,90,450802,C09BB04,2026-08-21,2026-10-08,shortage,KRKA d.d. Novo mesto,"Lisätietoja antaa: KRKA Finland Oy, KRKA Finland Oy, +358207545330, info.fi@krka.biz",2026-09-23T11:17:19.735650,123544
FI,Finland,FIMEA,Biquetan 50 mg,,,,100,519544,N05AH04,2024-10-07,2026-09-30,shortage,STADA Arzneimittel AG,"Lisätietoja antaa: STADA Nordic ApS, Finnish branch, Hanna Kallio, +358405570209, hanna.kallio@stada.fi",2026-09-23T11:17:19.735709,84182
FI,Finland,FIMEA,Biquetan 200 mg,Quetiapine fumarate,200 mg,depottabletti,60,112930,N05AH04,2025-01-20,2026-09-30,shortage,STADA Arzneimittel AG,"Lisätietoja antaa: STADA Nordic ApS, Finnish branch, Hanna Kallio, +358405570209, hanna.kallio@stada.fi",2026-09-23T11:17:19.735770,50776
FI,Finland,FIMEA,Biquetan 200 mg,Quetiapine fumarate,200 mg,depottabletti,100,154547,N05AH04,2025-01-20,2026-09-30,shortage,STADA Arzneimittel AG,"Lisätietoja antaa: STADA Nordic ApS, Finnish branch, Hanna Kallio, +358405570209, hanna.kallio@stada.fi",2026-09-23T11:17:19.735834,50776
FI,Finland,FIMEA,Daktacort 20 mg/g + 10 mg/g,Hydrocortisone Miconazole nitrate,20 mg/g + 10 mg/g,emulsiovoide,30 g,581882,D01AC20,2026-08-28,2026-10-02,shortage,Orifarm Oy,"Lisätietoja antaa: Orifarm Oy, Janne Liimatta, +358 9 7746 870, suomi@orifarm.com",2026-09-23T11:17:19.735908,3573
FI,Finland,FIMEA,Candecam 8 mg / 5 mg,Amlodipine besylate Candesartan cilexetil,8 mg / 5 mg,tabletti,98,392939,C09DB07,2026-07-06,2026-09-24,shortage,KRKA d.d. Novo mesto,"Lisätietoja antaa: KRKA Finland Oy, KRKA Finland Oy, +358207545330, info.fi@krka.biz",2026-09-23T11:17:19.735970,
FI,Finland,FIMEA,Everolimus Stada 5 mg,Everolimus,5 mg,tabletti,30,064753,L01EG02,2026-05-25,2026-09-30,shortage,STADA Arzneimittel AG,"Lisätietoja antaa: STADA Nordic ApS, Finnish branch, Hanna Kallio, +358405570209, hanna.kallio@stada.fi",2026-09-23T11:17:19.736040,92568
FI,Finland,FIMEA,Linezolid Accord 2 mg/ml,Linezolid,2 mg/ml,"infuusioneste, liuos",10 x 300 ml,193260,J01XX08,2026-07-06,2026-09-30,shortage,Accord Healthcare B.V.,"Lisätietoja antaa: Accord Healthcare Oy, Accord Healthcare Oy, +358 10 2314180, asiakaspalvelu@accord-healthcare.com",2026-09-23T11:17:19.736104,60151
FI,Finland,FIMEA,Alfaxan Multidose 10 mg/ml,Alfaxalone,10 mg/ml,"injektioneste, liuos",10 ml,428186,QN01AX05,2026-06-12,2027-01-18,shortage,Zoetis Animal Health ApS,"Lisätietoja antaa: Orion Oyj, Orion Call Center, +358104398250, tuoteinformaatio@orionpharma.com",2026-09-23T11:17:19.736166,
FI,Finland,FIMEA,Alfaxan Multidose 10 mg/ml,Alfaxalone,10 mg/ml,"injektioneste, liuos",20 ml,511025,QN01AX05,2026-05-25,2027-01-18,shortage,Zoetis Animal Health ApS,"Lisätietoja antaa: Orion Oyj, Orion Call Center, +358104398250, tuoteinformaatio@orionpharma.com",2026-09-23T11:17:19.736224,
FI,Finland,FIMEA,Novastan 100 mg/ml,Argatroban monohydrate,100 mg/ml,"infuusiokonsentraatti, liuosta varten",2.5 ml,158884,B01AE03,2026-08-04,2026-10-09,shortage,Paranova Oy,"Lisätietoja antaa: Paranova Oy, Sebastian Saari, +358 9 4391 850, info@paranova.fi",2026-09-23T11:17:19.736288,100838
FI,Finland,FIMEA,Buranagel 50 mg/g,Ibuprofen,50 mg/g,geeli,50 g,036934,M02AA13,2025-11-17,2027-02-01,shortage,Orion Corporation,"Lisätietoja antaa: Orion Oyj, Orion Call Center, +358104398250, tuoteinformaatio@orionpharma.com",2026-09-23T11:17:19.736361,
FI,Finland,FIMEA,Buranagel 50 mg/g,Ibuprofen,50 mg/g,geeli,100 g,036945,M02AA13,2026-02-02,2027-02-01,shortage,Orion Corporation,"Lisätietoja antaa: Orion Oyj, Orion Call Center, +358104398250, tuoteinformaatio@orionpharma.com",2026-09-23T11:17:19.736421,
FI,Finland,FIMEA,Vildagliptin/Metformin ratiopharm 50 mg / 850 mg,Metformin hydrochloride Vildagliptin,50 mg / 850 mg,"tabletti, kalvopäällysteinen",60,153180,A10BD08,2026-07-22,2027-01-25,shortage,Teva B.V.,"Lisätietoja antaa: Teva Finland Oy, Teva Finland Oy, +358201805900, infofinland@tevapharm.com",2026-09-23T11:17:19.736481,85960
FI,Finland,FIMEA,Lenalidomide Ratiopharm 15 mg,Lenalidomide hydrochloride hydrate,15 mg,"kapseli, kova",21,496461,L04AX04,2026-09-07,2026-10-19,shortage,Teva B.V.,"Lisätietoja antaa: Teva Finland Oy, Teva Finland Oy, +358201805900, infofinland@tevapharm.com",2026-09-23T11:17:19.736538,83925
FI,Finland,FIMEA,Atomoxetine Stada 25 mg,Atomoxetine hydrochloride,25 mg,"kapseli, kova",30,159387,N06BA09,2026-04-21,2026-09-30,shortage,STADA Arzneimittel AG,"Lisätietoja antaa: STADA Nordic ApS, Finnish branch, Hanna Kallio, +358405570209, hanna.kallio@stada.fi",2026-09-23T11:17:19.736601,76724
FI,Finland,FIMEA,Atomoxetine Stada 10 mg,Atomoxetine hydrochloride,10 mg,"kapseli, kova",30,498877,N06BA09,2026-08-31,2026-11-30,shortage,STADA Arzneimittel AG,"Lisätietoja antaa: STADA Nordic ApS, Finnish branch, Hanna Kallio, +358405570209, hanna.kallio@stada.fi",2026-09-23T11:17:19.736660,76708
FI,Finland,FIMEA,Arti-Cell Forte,Mesenchymal stem cells (MSCS),,"injektioneste, suspensio",1 annos,552726,QM09AX90,2023-08-14,2027-06-30,shortage,Boehringer Ingelheim Vetmedica GmbH,"Lisätietoja antaa: Vetcare Oy, Anna Hietikko, +358 400 114 783, anna.hietikko@vetcare.fi",2026-09-23T11:17:19.736718,
FI,Finland,FIMEA,Levetiracetam Stada 100 mg/ml,Levetiracetam,100 mg/ml,oraaliliuos,150 ml,076436,N03AX14,2026-08-03,2026-10-30,shortage,STADA Arzneimittel AG,"Lisätietoja antaa: STADA Nordic ApS, Finnish branch, Hanna Kallio, +358405570209, hanna.kallio@stada.fi",2026-09-23T11:17:19.736778,80918
FI,Finland,FIMEA,Ogivri 150 mg,Trastuzumab,150 mg,"kuiva-aine välikonsentraatiksi infuusionestettä varten, liuos",150 mg,405768,L01FD01,2026-09-15,2026-10-28,shortage,Biosimilar Collaborations Ireland Limited,"Lisätietoja antaa: Biocon Biologics Germany GmbH, Nadia Cali, +49 15168646713, nadia.cali@biocon.com",2026-09-23T11:17:19.736837,57991
FI,Finland,FIMEA,Sunitinib Sandoz 25 mg,Sunitinib,25 mg,"kapseli, kova",28,440871,L01EX01,2026-01-09,2026-12-31,shortage,Sandoz A/S,"Lisätietoja antaa: Sandoz A/S, Sandoz A/S, +358 10 6133415, drug.shortage_nordic@sandoz.com",2026-09-23T11:17:19.736898,214205
FI,Finland,FIMEA,Hevicain Spinal Tung 5 mg/ml,Bupivacaine hydrochloride monohydrate,5 mg/ml,"injektioneste, liuos",5 x 4 ml,370482,N01BB01,2024-06-01,2027-09-30,shortage,EQL Pharma AB,"Lisätietoja antaa: EQL Pharma, + 46 73 506 33 23, logistics@eqlpharma.com",2026-09-23T11:17:19.736958,39349
FI,Finland,FIMEA,Advagraf 3 mg,Tacrolimus monohydrate,3 mg,"depotkapseli, kova",50,540878,L04AD02,2025-06-23,2026-10-31,shortage,Orifarm Oy,"Lisätietoja antaa: Orifarm Oy, Janne Liimatta, +358 9 7746 870, suomi@orifarm.com",2026-09-23T11:17:19.737021,96164
FI,Finland,FIMEA,Advagraf 5 mg,Tacrolimus monohydrate,5 mg,"depotkapseli, kova",50,196986,L04AD02,2026-07-06,2026-10-30,shortage,Orifarm Oy,"Lisätietoja antaa: Orifarm Oy, Janne Liimatta, +358 9 7746 870, suomi@orifarm.com",2026-09-23T11:17:19.737080,96172
FI,Finland,FIMEA,Dasatinib Krka 70 mg,Dasatinib,70 mg,"tabletti, kalvopäällysteinen",60,091667,L01EA02,2026-06-29,2026-10-15,shortage,KRKA d.d. Novo mesto,"Lisätietoja antaa: KRKA Finland Oy, KRKA Finland Oy, +358207545330, info.fi@krka.biz",2026-09-23T11:17:19.737141,82139
FI,Finland,FIMEA,Dasatinib Krka 20 mg,Dasatinib,20 mg,"tabletti, kalvopäällysteinen",60,508656,L01EA02,2026-04-10,2026-10-15,shortage,KRKA d.d. Novo mesto,"Lisätietoja antaa: KRKA Finland Oy, KRKA Finland Oy, +358207545330, info.fi@krka.biz",2026-09-23T11:17:19.737201,82112
FI,Finland,FIMEA,Eligard 45 mg,Leuprorelin acetate,45 mg,"injektiokuiva-aine ja liuotin, liuosta varten",45 mg + 436 mg,144870,L02AE02,2026-05-05,2026-12-31,shortage,Abacus Medicine A/S,"Lisätietoja antaa: Abacus Medicine A/S, Jaisa Nykänen, +358942721465, jaisa.nykanen@abacusmedicine.com",2026-09-23T11:17:19.737402,85111
FI,Finland,FIMEA,Lacosamide Stada 100 mg,Lacosamide,100 mg,"tabletti, kalvopäällysteinen",56,476652,N03AX18,2026-08-31,2026-11-30,shortage,STADA Arzneimittel AG,"Lisätietoja antaa: STADA Nordic ApS, Finnish branch, Hanna Kallio, +358405570209, hanna.kallio@stada.fi",2026-09-23T11:17:19.737563,217875
FI,Finland,FIMEA,Lacosamide Stada 150 mg,Lacosamide,150 mg,"tabletti, kalvopäällysteinen",56,177662,N03AX18,2026-05-18,2026-09-30,shortage,STADA Arzneimittel AG,"Lisätietoja antaa: STADA Nordic ApS, Finnish branch, Hanna Kallio, +358405570209, hanna.kallio@stada.fi",2026-09-23T11:17:19.737632,89044
FI,Finland,FIMEA,Lacosamide Stada 200 mg,Lacosamide,200 mg,"tabletti, kalvopäällysteinen",56,155958,N03AX18,2026-08-14,2026-09-30,shortage,STADA Arzneimittel AG,"Lisätietoja antaa: STADA Nordic ApS, Finnish branch, Hanna Kallio, +358405570209, hanna.kallio@stada.fi",2026-09-23T11:17:19.737687,217808
FI,Finland,FIMEA,Duloxetine Accordpharma 40 mg,Duloxetine hydrochloride,40 mg,"enterokapseli, kova",56,383267,N06AX21,2026-07-17,2027-01-31,shortage,Accord Healthcare B.V.,"Lisätietoja antaa: Accord Healthcare Oy, Accord Healthcare Oy, +358 10 2314180, asiakaspalvelu@accord-healthcare.com",2026-09-23T11:17:19.737746,
FI,Finland,FIMEA,Azacitidine Sandoz 25 mg/ml,Azacitidine,25 mg/ml,"injektiokuiva-aine, suspensiota varten",100 mg,532815,L01BC07,2026-08-31,2026-11-12,shortage,Sandoz A/S,"Lisätietoja antaa: Sandoz A/S, Sandoz A/S, +358 10 6133415, drug.shortage_nordic@sandoz.com",2026-09-23T11:17:19.737800,88692
FI,Finland,FIMEA,Cinacalcet Accordpharma 30 mg,Cinacalcet hydrochloride,30 mg,"tabletti, kalvopäällysteinen",28,497395,H05BX01,2026-04-01,2026-12-31,shortage,Accord Healthcare S.L.U.,"Lisätietoja antaa: Accord Healthcare Oy, Accord Healthcare Oy, +358 10 2314180, asiakaspalvelu@accord-healthcare.com",2026-09-23T11:17:19.737859,77100
FI,Finland,FIMEA,Azacitidine Stada 25 mg/ml,Azacitidine,25 mg/ml,"injektiokuiva-aine, suspensiota varten",100 mg,373433,L01BC07,2026-09-01,2026-12-31,shortage,STADA Arzneimittel AG,"Lisätietoja antaa: STADA Nordic ApS, Finnish branch, Hanna Kallio, +358405570209, hanna.kallio@stada.fi",2026-09-23T11:17:19.737915,88692
FI,Finland,FIMEA,Olanzapine Viatris 20 mg,Olanzapine,20 mg,"tabletti, kalvopäällysteinen",28,405982,N05AH03,2026-08-14,2026-10-16,shortage,Orifarm Oy,"Lisätietoja antaa: Orifarm Oy, Janne Liimatta, +358 9 7746 870, suomi@orifarm.com",2026-09-23T11:17:19.737973,69604
FI,Finland,FIMEA,Docetaxel Accord 80 mg / 4 ml,Docetaxel,80 mg / 4 ml,"infuusiokonsentraatti, liuosta varten",80 mg,430213,L01CD02,2026-05-25,2026-09-30,shortage,Accord Healthcare S.L.U.,"Lisätietoja antaa: Accord Healthcare Oy, Accord Healthcare Oy, +358 10 2314180, asiakaspalvelu@accord-healthcare.com",2026-09-23T11:17:19.738028,
FI,Finland,FIMEA,Risperidon ratiopharm 25 mg,Risperidone,25 mg,"injektiokuiva-aine ja liuotin, depotsuspensiota varten",25 mg + 2 ml,146998,N05AX08,2024-12-04,2028-04-01,shortage,ratiopharm GmbH,"Lisätietoja antaa: Teva Finland Oy, Teva Finland Oy, +358 20 180 5900, infofinland@tevapharm.com",2026-09-23T11:17:19.738083,68268
FI,Finland,FIMEA,Risperidon ratiopharm 50 mg,Risperidone,50 mg,"injektiokuiva-aine ja liuotin, depotsuspensiota varten",50 mg + 2 ml,423197,N05AX08,2024-11-28,2028-04-01,shortage,ratiopharm GmbH,"Lisätietoja antaa: Teva Finland Oy, Teva Finland Oy, +358 20 180 5900, infofinland@tevapharm.com",2026-09-23T11:17:19.738141,68284
FI,Finland,FIMEA,Risperidon ratiopharm 37.5 mg,Risperidone,37.5 mg,"injektiokuiva-aine ja liuotin, depotsuspensiota varten",37.5 mg + 2 ml,173642,N05AX08,2025-07-31,2028-04-01,shortage,ratiopharm GmbH,"Lisätietoja antaa: Teva Finland Oy, Teva Finland Oy, +358201805900, info@tevafinland.fi",2026-09-23T11:17:19.738197,68276
FI,Finland,FIMEA,Myrelez 120 mg,Lanreotide acetate,120 mg,"injektioneste, liuos, esitäytetty ruisku",120 mg,392697,H01CB03,2024-09-30,2027-02-28,shortage,Amdipharm Limited,"Lisätietoja antaa: Amdipharm Ltd, +358 800 416231, medicalinformation@advanzpharma.com",2026-09-23T11:17:19.738252,
FI,Finland,FIMEA,Myrelez 90 mg,Lanreotide acetate,90 mg,"injektioneste, liuos, esitäytetty ruisku",90 mg,449026,H01CB03,2025-02-01,2027-02-28,shortage,Amdipharm Limited,"Lisätietoja antaa: Amdipharm Ltd, +358 800 416231, medicalinformation@advanzpharma.com",2026-09-23T11:17:19.738308,
FI,Finland,FIMEA,Myrelez 60 mg,Lanreotide acetate,60 mg,"injektioneste, liuos, esitäytetty ruisku",60 mg,549549,H01CB03,2025-03-15,2027-02-28,shortage,Amdipharm Limited,"Lisätietoja antaa: Amdipharm Limited, +358800416231, medicalinformation@advanzpharma.com",2026-09-23T11:17:19.738361,
FI,Finland,FIMEA,Adenocor 3 mg/ml,Adenosine,3 mg/ml,"injektioneste, liuos",6 x 2 ml,388210,C01EB10,2026-03-09,2026-09-30,shortage,Paranova Oy,"Lisätietoja antaa: Paranova Oy, Sebastian Saari, +358 9 4391 850, info@paranova.fi",2026-09-23T11:17:19.738415,39292
FI,Finland,FIMEA,Vagidonna 10 mikrog,Estradiol hemihydrate,10 mikrog,"emätinpuikko, tabletti",24,386216,G03CA03,2026-09-01,2026-09-30,shortage,Sandoz A/S,"Lisätietoja antaa: Sandoz A/S, Sandoz A/S, +358 10 6133415, drug.shortage_nordic@sandoz.com",2026-09-23T11:17:19.738469,105023
FI,Finland,FIMEA,Lenalidomide Stada 20 mg,Lenalidomide,20 mg,"kapseli, kova",21 x 1,095949,L04AX04,2026-06-24,2026-09-30,shortage,STADA Arzneimittel AG,"Lisätietoja antaa: STADA Nordic ApS, Finnish branch, Hanna Kallio, +358405570209, hanna.kallio@stada.fi",2026-09-23T11:17:19.738523,125741
FI,Finland,FIMEA,Zumenon 2 mg,Estradiol hemihydrate,2 mg,"tabletti, kalvopäällysteinen",3 x 28,524470,G03CA03,2026-09-09,2026-12-08,shortage,Exeltis Healthcare S.L.,"Lisätietoja antaa: Exeltis Sverige AB, +46 8 586 335 10, nordics@exeltis.com",2026-09-23T11:17:19.738578,30325
FI,Finland,FIMEA,VIAGRA 100 mg,Sildenafil citrate,100 mg,"tabletti, kalvopäällysteinen",12,520379,G04BE03,2026-06-30,2026-12-01,shortage,Upjohn EESV,"Lisätietoja antaa: Viatris Oy, Viatris Oy asiakasinformaatio, +358 20 720 9555, infofi@viatris.com",2026-09-23T11:17:19.738634,51098
FI,Finland,FIMEA,Plavix 75 mg,Clopidogrel,75 mg,"tabletti, kalvopäällysteinen",100,020847,B01AC04,2026-09-24,2026-10-06,shortage,Sanofi Winthrop Industrie,"Lisätietoja antaa: Sanofi Oy, Oili Vitie, +358201200300, regulatory.finland@sanofi.com",2026-09-23T11:17:19.738690,124559
FI,Finland,FIMEA,Doxitin 100 mg,Doxycycline hyclate,100 mg,tabletti,10,532259,J01AA02,2026-09-14,2026-11-30,shortage,Vitabalans Oy,"Lisätietoja antaa: Vitabalans Oy, Jari Kovalainen, +358 50 047 6321, jari.kovalainen@vitabalans.fi",2026-09-23T11:17:19.738744,68438
FI,Finland,FIMEA,Doxitin 100 mg,Doxycycline hyclate,100 mg,tabletti,8,180190,J01AA02,2026-09-14,2026-11-30,shortage,Vitabalans Oy,"Lisätietoja antaa: Vitabalans Oy, Jari Kovalainen, +358 50 047 6321, jari.kovalainen@vitabalans.fi",2026-09-23T11:17:19.738795,68438
FI,Finland,FIMEA,Doxitin 100 mg,Doxycycline hyclate,100 mg,tabletti,50,180182,J01AA02,2026-09-14,2026-11-30,shortage,Vitabalans Oy,"Lisätietoja antaa: Vitabalans Oy, Jari Kovalainen, +358 50 047 6321, jari.kovalainen@vitabalans.fi",2026-09-23T11:17:19.738851,68438
FI,Finland,FIMEA,Doxitin 150 mg,Doxycycline hyclate,150 mg,tabletti,10,454900,J01AA02,2026-09-14,2026-11-30,shortage,Vitabalans Oy,"Lisätietoja antaa: Vitabalans Oy, Jari Kovalainen, +358 50 047 6321, jari.kovalainen@vitabalans.fi",2026-09-23T11:17:19.738905,
FI,Finland,FIMEA,Doxitin 150 mg,Doxycycline hyclate,150 mg,tabletti,8,181230,J01AA02,2026-09-14,2026-11-30,shortage,Vitabalans Oy,"Lisätietoja antaa: Vitabalans Oy, Jari Kovalainen, +358 50 047 6321, jari.kovalainen@vitabalans.fi",2026-09-23T11:17:19.738959,
FI,Finland,FIMEA,Napromex 500 mg,Naproxen,500 mg,"tabletti, kalvopäällysteinen",100,139766,M01AE02,2026-10-07,2027-01-29,shortage,ratiopharm GmbH,"Lisätietoja antaa: Teva Finland Oy, Teva Finland Oy, +358201805900, infofinland@tevapharm.com",2026-09-23T11:17:19.739021,20850
FI,Finland,FIMEA,Imigran 12 mg/ml,Sumatriptan succinate,12 mg/ml,"injektioneste, liuos",2 x 0.5 ml,093260,N02CC01,2026-09-14,2026-11-16,shortage,GlaxoSmithKline Trading Services Limited,"Lisätietoja antaa: GlaxoSmithKline Oy, Anu Aallos, +358 10 30 30 30, anu.n.aallos@gsk.com",2026-09-23T11:17:19.739075,38210
FI,Finland,FIMEA,Ansatipin 150 mg,Rifabutin,150 mg,"kapseli, kova",30,379230,J04AB04,2025-05-27,2026-12-31,shortage,Pfizer Oy,"Lisätietoja antaa: Pfizer Oy, Pfizer Lääketietopalvelu, +3589430040, medical.information@pfizer.com",2026-09-23T11:17:19.739133,
FI,Finland,FIMEA,Cotrim 80 mg / 400 mg,Sulfamethoxazole Trimethoprim,80 mg / 400 mg,tabletti,30,404517,J01EE01,2026-07-09,2026-11-17,shortage,ratiopharm GmbH,"Lisätietoja antaa: Teva Finland Oy, Teva Finland Oy, +358201805900, infofinland@tevapharm.com",2026-09-23T11:17:19.739186,7463
FI,Finland,FIMEA,Minirin 2.5 mikrog/annos,Desmopressin acetate,2.5 mikrog/annos,"nenäsumute, liuos",5 ml,456491,H01BA02,2026-05-20,2026-12-31,shortage,Ferring Lääkkeet Oy,"Lisätietoja antaa: Ferring Lääkkeet Oy, Tanja Kivinummi, +358207401447, tanja.kivinummi@ferring.com",2026-09-23T11:17:19.739239,
FI,Finland,FIMEA,Elocon 0.1 %,Mometasone furoate,0.1 %,liuos iholle,100 ml,000448,D07AC13,2026-07-02,2026-10-18,shortage,N.V. Organon,"Lisätietoja antaa: Organon Finland Oy, Organon Finland Oy, Lääkeinformatiopalvelu, +358291703520, dpoc.finland@organon.com",2026-09-23T11:17:19.739293,46914
FI,Finland,FIMEA,Azactam,Aztreonam,,injektio-/infuusiokuiva-aine liuosta varten,2 g,156042,J01DF01,2026-05-29,2026-12-31,shortage,Laboratoires Delbert x,"Lisätietoja antaa: Laboratoires DELBERT, +33 1 46 99 68 20, affaires.pharmaceutiques@delbert.fr",2026-09-23T11:17:19.739350,22969
FI,Finland,FIMEA,Terramycin vet 100 mg/g,Oxytetracycline hydrochloride,100 mg/g,"sumute iholle, suspensio",150 ml,127753,QD06AA03,2026-06-03,2026-09-26,shortage,Zoetis Animal Health ApS,"Lisätietoja antaa: Zoetis Finland Oy, Tiina Ojala, +358 45 7885 3211, tiina.ojala@zoetis.com",2026-09-23T11:17:19.739403,
FI,Finland,FIMEA,Nimbex 2 mg/ml,Cisatracurium besilate,2 mg/ml,"injektio/infuusioneste, liuos",5 x 5 ml,150714,M03AC11,2026-09-16,2027-03-30,shortage,Aspen Pharma Trading Limited,"Lisätietoja antaa: Sandoz A/S, Sandoz A/S, +358 10 6133415, drug.shortage_nordic@sandoz.com",2026-09-23T11:17:19.739459,46337
FI,Finland,FIMEA,Physiotens 0.2 mg,Moxonidine,0.2 mg,"tabletti, kalvopäällysteinen",98,016642,C02AC05,2026-07-12,2027-01-01,shortage,Viatris Oy,"Lisätietoja antaa: Viatris Oy, Viatris Oy asiakasinformaatio, +358 20 720 9555, infofi@viatris.com",2026-09-23T11:17:19.739527,42617
FI,Finland,FIMEA,Allonol 300 mg,Allopurinol,300 mg,tabletti,100,196444,M04AA01,2026-08-13,2026-11-17,shortage,ratiopharm GmbH,"Lisätietoja antaa: Teva Finland Oy, Teva Finland Oy, +358201805900, infofinland@tevapharm.com",2026-09-23T11:17:19.739583,3913
FI,Finland,FIMEA,Isathal Vet. 1 %,Fusidic acid hemihydrate,1 %,"silmätipat, suspensio",5 g,080899,QS01AA13,2026-09-02,2027-06-30,shortage,Dechra Veterinary Products A/S,"Lisätietoja antaa: Dechra Veterinary Products OY, Riitta Kankaala, +358407674469, riitta.kankaala@dechra.com",2026-09-23T11:17:19.739641,
FI,Finland,FIMEA,Baytril vet 100 mg/ml,Enrofloxacin,100 mg/ml,"injektioneste, liuos",50 ml,034041,QJ01MA90,2026-05-22,2026-11-06,shortage,Elanco Animal Health GmbH,"Lisätietoja antaa: Elanco, Ida Bisgaard Worm, +4550527613, ida.worm@elancoah.com",2026-09-23T11:17:19.739702,
FI,Finland,FIMEA,Baytril vet 100 mg/ml,Enrofloxacin,100 mg/ml,"injektioneste, liuos",100 ml,385412,QJ01MA90,2026-08-12,2027-02-05,shortage,Elanco Animal Health GmbH,"Lisätietoja antaa: Elanco, Ida Bisgaard Worm, +45 50 52 76 13, ida.worm@elancoah.com",2026-09-23T11:17:19.739757,
FI,Finland,FIMEA,Doximycin 150 mg,Doxycycline hyclate,150 mg,tabletti,10,537332,J01AA02,2026-09-14,2026-09-28,shortage,Orion Corporation,"Lisätietoja antaa: Orion Oyj, Orion Call Center, +358104398250, tuoteinformaatio@orionpharma.com",2026-09-23T11:17:19.739812,
FI,Finland,FIMEA,Umpimycin vet,Benethamine penicillin Framycetin sulfate Penethamate hydriodide,,intramammaarisuspensio,20 x 5 ml,151068,QJ51RC25,2026-05-27,2026-11-30,shortage,Boehringer Ingelheim Vetmedica GmbH,"Lisätietoja antaa: Vetcare Oy, Anna Hietikko, +358400114783, anna.hietikko@vetcare.fi",2026-09-23T11:17:19.739880,
FI,Finland,FIMEA,Kefalex 500 mg,Cefalexin monohydrate,500 mg,"tabletti, kalvopäällysteinen",100,175521,J01DB01,2026-07-02,2026-10-30,shortage,ratiopharm GmbH,"Lisätietoja antaa: Teva Finland Oy, Jyrki Hakkarainen, +358 40 5626437, jyrki.hakkarainen@tevapharm.com",2026-09-23T11:17:19.739941,5835
FI,Finland,FIMEA,Rapifen 0.5 mg/ml,Alfentanil hydrochloride,0.5 mg/ml,"injektioneste, liuos",5 x 2 ml,475916,N01AH02,2025-06-03,2026-12-31,shortage,Piramal Critical Care B.V.,"Lisätietoja antaa: Nordic Drugs, Jukka Stubb, +358 10 231 1040, info@nordicdrugs.fi",2026-09-23T11:17:19.739996,18554
FI,Finland,FIMEA,Rapifen 0.5 mg/ml,Alfentanil hydrochloride,0.5 mg/ml,"injektioneste, liuos",5 x 10 ml,192313,N01AH02,2025-03-01,2026-12-31,shortage,Piramal Critical Care B.V.,"Lisätietoja antaa: Nordic Drugs, Jukka Stubb, +358 10 231 1040, info.fi@nordicpharma.com",2026-09-23T11:17:19.740052,18562
FI,Finland,FIMEA,Gensumycin 40 mg/ml,Gentamicin sulfate,40 mg/ml,"injektioneste, liuos",5 x 2 ml,453130,J01GB03,2025-12-01,2027-06-30,shortage,Amdipharm Limited,"Lisätietoja antaa: Amdipharm Limited, Margot Hallin, +46 72 55 90 451, margothallin.consultant@advanzpharma.com",2026-09-23T11:17:19.740111,5495
FI,Finland,FIMEA,Omnipaque 350 mg I/ml,Iohexol,350 mg I/ml,"injektioneste, liuos",10 x 100 ml,582650,V08AB02,2026-09-17,2026-10-09,shortage,GE Healthcare AS,"Lisätietoja antaa: Oy GE Healthcare Bio-Sciences Ab, Oy GE Healthcare Bio-Sciences Ab, +3581039411, CustomerService.Finland@gehealthcare.com",2026-09-23T11:17:19.740170,18538
FI,Finland,FIMEA,Omnipaque 350 mg I/ml,Iohexol,350 mg I/ml,"injektioneste, liuos",10 x 200 ml,582692,V08AB02,2026-07-29,2026-11-30,shortage,GE Healthcare AS,"Lisätietoja antaa: Oy GE Healthcare Bio-Sciences Ab, Oy GE Healthcare Bio-Sciences Ab, +3581039411, CustomerService.Finland@gehealthcare.com",2026-09-23T11:17:19.740224,
FI,Finland,FIMEA,Omnipaque 300 mg I/ml,Iohexol,300 mg I/ml,"injektioneste, liuos",10 x 50 ml,019099,V08AB02,2026-10-01,2026-12-31,shortage,GE Healthcare AS,"Lisätietoja antaa: Oy GE Healthcare Bio-Sciences Ab, Oy GE Healthcare Bio-Sciences Ab, +3581039411, CustomerService.Finland@gehealthcare.com",2026-09-23T11:17:19.740279,18481
FI,Finland,FIMEA,Omnipaque 240 mg I/ml,Iohexol,240 mg I/ml,"injektioneste, liuos",10 x 50 ml,019088,V08AB02,2026-10-02,2026-12-31,shortage,GE Healthcare AS,"Lisätietoja antaa: Oy GE Healthcare Bio-Sciences Ab, Oy GE Healthcare Bio-Sciences Ab, +3581039411, CustomerService.Finland@gehealthcare.com",2026-09-23T11:17:19.740348,18465
FI,Finland,FIMEA,Sendoxan 1000 mg,Cyclophosphamide monohydrate,1000 mg,"injektiokuiva-aine, liuosta varten",1000 mg,503278,L01AA01,2026-09-04,2026-12-31,shortage,Baxter Oy,"Lisätietoja antaa: Baxter Oy, Katriina Itäaho, +358405679926, katriina_itaaho@baxter.com",2026-09-23T11:17:19.740406,5053
FI,Finland,FIMEA,Diprosalic 0.5 mg/g + 20 mg/g,Salicylic acid Betamethasone dipropionate,0.5 mg/g + 20 mg/g,liuos iholle,100 ml,082040,D07XC01,2026-07-31,2026-10-18,shortage,N.V. Organon,"Lisätietoja antaa: Organon Finland Oy, Organon Finland Oy, Lääkeinformatiopalvelu, +358291703520, dpoc.finland@organon.com",2026-09-23T11:17:19.740467,
FI,Finland,FIMEA,Cozaar 50 mg,Losartan potassium,50 mg,"tabletti, kalvopäällysteinen",98,079061,C09CA01,2026-08-31,2026-10-18,shortage,N.V. Organon,"Lisätietoja antaa: Organon Finland Oy, Organon Finland Oy, Lääkeinformaatiopalvelu, +358291703520, dpoc.finland@organon.com",2026-09-23T11:17:19.740522,41890
FI,Finland,FIMEA,Glycostigmin,Glycopyrronium bromide Neostigmine metilsulfate,,"injektioneste, liuos",10 x 1 ml,193318,N07AA51,2026-02-27,2026-12-31,shortage,Evolan Pharma AB,"Lisätietoja antaa: Evolan Pharma AB, Juha Waisanen, +358173690033, info@swanmedica.fi",2026-09-23T11:17:19.740576,206520
FI,Finland,FIMEA,Sirdalud 2 mg,Tizanidine hydrochloride,2 mg,tabletti,100,493617,M03BX02,2026-08-18,2026-09-30,shortage,Sandoz A/S,"Lisätietoja antaa: Sandoz A/S, Sandoz A/S, +358 10 6133415, drug.shortage_nordic@sandoz.com",2026-09-23T11:17:19.740639,22993
FI,Finland,FIMEA,Cabaser 1 mg,Cabergoline,1 mg,tabletti,30,007149,N04BC06,2026-05-25,2026-10-23,shortage,Pfizer Oy,"Lisätietoja antaa: Pfizer Oy, Pfizer lääketietopalvelu, +3589430040, medical.information@pfizer.com",2026-09-23T11:17:19.740694,
FI,Finland,FIMEA,Doximed 100 mg,Doxycycline monohydrate,100 mg,tabletti,20,577149,J01AA02,2026-09-22,2026-11-16,shortage,ratiopharm GmbH,"Lisätietoja antaa: Teva Finland Oy, Teva Finland Oy, +358201805900, infofinland@tevapharm.com",2026-09-23T11:17:19.740750,68438
FI,Finland,FIMEA,Reminyl 24 mg,Galantamine hydrobromide,24 mg,"depotkapseli, kova",84,017809,N06DA04,2026-05-01,2026-09-30,shortage,Essential Pharma Ltd,"Lisätietoja antaa: Essential Pharma Ltd., John Scicluna, +44 1784 577 017, john.scicluna@essentialpharmagroup.com",2026-09-23T11:17:19.740809,76783
FI,Finland,FIMEA,Reminyl 16 mg,Galantamine hydrobromide,16 mg,"depotkapseli, kova",28,017762,N06DA04,2026-09-01,2027-03-01,shortage,Essential Pharma Ltd,"Lisätietoja antaa: Essential Pharma Ltd., John Scicluna, +44 1784 577 017, john.scicluna@essentialpharmagroup.com",2026-09-23T11:17:19.740865,76775
FI,Finland,FIMEA,Tramadol Retard Sandoz 150 mg,Tramadol hydrochloride,150 mg,depottabletti,20,370655,N02AX02,2026-01-09,2026-12-31,shortage,Sandoz A/S,"Lisätietoja antaa: Sandoz A/S, Sandoz A/S, +358 10 6133415, drug.shortage_nordic@sandoz.com",2026-09-23T11:17:19.740920,50458
FI,Finland,FIMEA,Tramadol Retard Sandoz 150 mg,Tramadol hydrochloride,150 mg,depottabletti,100,448432,N02AX02,2026-01-23,2026-12-31,shortage,Sandoz A/S,"Lisätietoja antaa: Sandoz A/S, Sandoz A/S, +358 10 6133415, drug.shortage_nordic@sandoz.com",2026-09-23T11:17:19.740972,50458
FI,Finland,FIMEA,Convenia 80 mg/ml,Cefovecin sodium,80 mg/ml,"injektiokuiva-aine ja liuotin, liuosta varten",4 ml,093144,QJ01DD91,2026-07-27,2026-10-24,shortage,Zoetis Belgium,"Lisätietoja antaa: Zoetis Finland Oy, Tiina Ojala, +358 45 7885 3211, tiina.ojala@zoetis.com",2026-09-23T11:17:19.741023,
FI,Finland,FIMEA,Sertralin Hexal 100 mg,Sertraline hydrochloride,100 mg,"tabletti, kalvopäällysteinen",100,471693,N06AB06,2026-08-18,2026-10-21,shortage,Hexal A/S,"Lisätietoja antaa: Sandoz A/S, Sandoz A/S, +358 10 6133415, drug.shortage_nordic@sandoz.com",2026-09-23T11:17:19.741079,39411
FI,Finland,FIMEA,Fosavance 70 mg / 2800 IU,Cholecalciferol Sodium alendronate trihydrate,70 mg / 2800 IU,tabletti,12,025306,M05BB03,2026-07-06,2026-10-18,shortage,N.V. Organon,"Lisätietoja antaa: Organon Finland Oy, Organon Finland Oy, Lääkeinformaatiopalvelu, +358291703520, dpoc.finland@organon.com",2026-09-23T11:17:19.741141,122424
FI,Finland,FIMEA,Gabapentin Actavis 300 mg,Gabapentin,300 mg,"kapseli, kova",50,023380,N02BF01,2026-03-06,2026-10-06,shortage,Actavis Group PTC ehf,"Lisätietoja antaa: Teva Finland Oy, Teva Finland Oy, +358 20 180 5900, infofinland@tevapharm.com",2026-09-23T11:17:19.741197,52825
FI,Finland,FIMEA,Gabapentin Actavis 300 mg,Gabapentin,300 mg,"kapseli, kova",100,023367,N02BF01,2026-01-16,2026-10-06,shortage,Actavis Group PTC ehf,"Lisätietoja antaa: Teva Finland Oy, Teva Finland Oy, +358 20 180 5900, infofinland@tevapharm.com",2026-09-23T11:17:19.741251,52825
FI,Finland,FIMEA,Gabapentin Actavis 400 mg,Gabapentin,400 mg,"kapseli, kova",100,023303,N02BF01,2026-05-29,2026-10-30,shortage,Actavis Group PTC ehf,"Lisätietoja antaa: Teva Finland Oy, Teva Finland Oy, +358201805900, infofinland@tevapharm.com",2026-09-23T11:17:19.741307,52833
FI,Finland,FIMEA,Topiramat ratiopharm 50 mg,Topiramate,50 mg,"tabletti, kalvopäällysteinen",60,036560,N03AX11,2026-07-08,2027-03-16,shortage,ratiopharm GmbH,"Lisätietoja antaa: Teva Finland Oy, Teva Finland Oy, +358201805900, infofinland@tevapharm.com",2026-09-23T11:17:19.741360,43982
FI,Finland,FIMEA,Propolipid 20 mg/ml,Propofol,20 mg/ml,"injektio/infuusioneste, emulsio",10 x 50 ml,573111,N01AX10,2026-09-10,2026-09-30,shortage,Fresenius Kabi AB,"Lisätietoja antaa: Fresenius Kabi Ab, sivuliike Suomessa, Fresenius Kabi, +35894281550, asiakaspalvelu@fresenius-kabi.com",2026-09-23T11:17:19.741414,81299
FI,Finland,FIMEA,Zopitin 7.5 mg,Zopiclone,7.5 mg,"tabletti, kalvopäällysteinen",10,028988,N05CF01,2026-09-09,2027-01-02,shortage,Vitabalans Oy,"Lisätietoja antaa: Vitabalans Oy, Jari Kovalainen, +358 50 047 6321, jari.kovalainen@vitabalans.fi",2026-09-23T11:17:19.741466,24732
FI,Finland,FIMEA,Coversyl Novum 10 mg,Perindopril arginine,10 mg,"tabletti, kalvopäällysteinen",30,020918,C09AA04,2026-09-04,2026-10-16,shortage,Les Laboratoires Servier,"Lisätietoja antaa: Servier Finland Oy, +358 40 901 2978, info.finland@servier.com",2026-09-23T11:17:19.741524,85170
FI,Finland,FIMEA,Enalapril Krka 5 mg,Enalapril maleate,5 mg,tabletti,30,023716,C09AA02,2026-02-05,2027-05-06,shortage,KRKA d.d. Novo mesto,"Lisätietoja antaa: KRKA Finland Oy, KRKA Finland Oy, +358207545330, info.fi@krka.biz",2026-09-23T11:17:19.741577,23698
FI,Finland,FIMEA,Enalapril Krka 5 mg,Enalapril maleate,5 mg,tabletti,100 x 1,023738,C09AA02,2025-10-24,2027-06-05,shortage,KRKA d.d. Novo mesto,"Lisätietoja antaa: KRKA Finland Oy, KRKA Finland Oy, +358207545330, info.fi@krka.biz",2026-09-23T11:17:19.741629,23698
FI,Finland,FIMEA,Enalapril Krka 10 mg,Enalapril maleate,10 mg,tabletti,30,023710,C09AA02,2025-06-03,2027-05-06,shortage,KRKA d.d. Novo mesto,"Lisätietoja antaa: KRKA Finland Oy, KRKA Finland Oy, +358207545330, info.fi@krka.biz",2026-09-23T11:17:19.741685,21083
FI,Finland,FIMEA,Enalapril Krka 10 mg,Enalapril maleate,10 mg,tabletti,100 x 1,023641,C09AA02,2025-04-25,2027-05-06,shortage,KRKA d.d. Novo mesto,"Lisätietoja antaa: KRKA Finland Oy, KRKA Finland Oy, +358207545330, info.fi@krka.biz",2026-09-23T11:17:19.741739,21083
FI,Finland,FIMEA,Enalapril Krka 20 mg,Enalapril maleate,20 mg,tabletti,100 x 1,023649,C09AA02,2025-05-30,2027-05-06,shortage,KRKA d.d. Novo mesto,"Lisätietoja antaa: KRKA Finland Oy, KRKA Finland Oy, +358207545330, info.fi@krka.biz",2026-09-23T11:17:19.741793,21075
FI,Finland,FIMEA,Nifedipin Alternova 60 mg,Nifedipine,60 mg,depottabletti,100,101047,C08CA05,2025-11-01,2026-09-23,shortage,Alternova A/S,"Lisätietoja antaa: Orifarm Healthcare Oy, Anna-Leena Haikkola, +358 9 7746 870, suomi@orifarm.com",2026-09-23T11:17:19.741848,33707
FI,Finland,FIMEA,Nifedipin Alternova 30 mg,Nifedipine,30 mg,depottabletti,100,101070,C08CA05,2025-11-01,2026-09-23,shortage,Alternova A/S,"Lisätietoja antaa: Orifarm Healthcare Oy, Anna-Leena Haikkola, +358 9 7746 870, suomi@orifarm.com",2026-09-23T11:17:19.741902,
FI,Finland,FIMEA,Tamsulogen 0.4 mg,Tamsulosin hydrochloride,0.4 mg,"säädellysti vapauttava kapseli, kova",100,579325,G04CA02,2026-06-08,2026-11-01,shortage,Viatris Limited,"Lisätietoja antaa: Viatris Oy, Viatris Oy:n asiakasinformaatio, +358207209555, infofi@viatris.com",2026-09-23T11:17:19.741958,41068
FI,Finland,FIMEA,Halocur 0.5 mg/ml,Halofuginone lactate,0.5 mg/ml,oraaliliuos,490 ml,504423,QP51AX08,2026-07-20,2026-10-22,shortage,Intervet International B.V.,"Lisätietoja antaa: MSD Animal Health Oy, Susanna Ketola, +358 50 4483389, susanna.ketola@msd.com",2026-09-23T11:17:19.742015,
FI,Finland,FIMEA,Wilfactin 100 IU/ml,Human von Willebrand factor,100 IU/ml,"injektiokuiva-aine ja liuotin, liuosta varten",1000 IU +10 ml,073233,B02BD10,2026-07-27,2027-01-31,shortage,LFB Biomedicaments,"Lisätietoja antaa: Prothya Biosolutions Finland Oy, Päivi Talvitie, +358409022277, paivi.talvitie@prothya.fi",2026-09-23T11:17:19.742069,94153
FI,Finland,FIMEA,Konact 20 mg/g,Ketoconazole,20 mg/g,shampoo,60 ml,035087,D01AC08,2025-01-31,2026-12-30,shortage,SanoSwiss UAB,"Lisätietoja antaa: UAB SanoSwiss, Jovita Paliliunaite, +370 695 02569, jovita.paliliunaite@sanoswiss.com",2026-09-23T11:17:19.742122,80349
FI,Finland,FIMEA,Konact 20 mg/g,Ketoconazole,20 mg/g,shampoo,120 ml,035096,D01AC08,2025-01-31,2026-12-30,shortage,SanoSwiss UAB,"Lisätietoja antaa: UAB SanoSwiss, Jovita Paliliunaite, +370 695 02569, jovita.paliliunaite@sanoswiss.com",2026-09-23T11:17:19.742178,80349
FI,Finland,FIMEA,Ketovet vet 160 mg/g,Ketoprofen,160 mg/g,jauhe,20 x 15 g,045778,QM01AE03,2026-09-14,2026-10-14,shortage,Provivo Oy,"Lisätietoja antaa: Vetcare Oy, Anna Hietikko, +358400114783, anna.hietikko@vetcare.fi",2026-09-23T11:17:19.742233,
FI,Finland,FIMEA,Risperidon Orion 1 mg,Risperidone,1 mg,"tabletti, kalvopäällysteinen",100,143527,N05AX08,2026-09-14,2026-10-05,shortage,Orion Corporation,"Lisätietoja antaa: Orion Oyj, Orion Call Center, +358104398250, tuoteinformaatio@orionpharma.com",2026-09-23T11:17:19.742286,37710
FI,Finland,FIMEA,Sycrest 10 mg,Asenapine maleate,10 mg,resoribletti,20,444041,N05AH05,2026-09-17,2026-09-30,shortage,N.V. Organon,"Lisätietoja antaa: Organon Finland Oy, Organon Finland Oy, Lääkeinformaatiopalvelu, +358291703520, dpoc.finland@organon.com",2026-09-23T11:17:19.742340,
FI,Finland,FIMEA,Sycrest 10 mg,Asenapine maleate,10 mg,resoribletti,60,144035,N05AH05,2026-08-17,2026-09-30,shortage,N.V. Organon,"Lisätietoja antaa: Organon Finland Oy, Organon Finland Oy, Lääkeinformaatiopalvelu, +358291703520, dpoc.finland@organon.com",2026-09-23T11:17:19.742395,
FI,Finland,FIMEA,Clopidogrel Viatris 75 mg,Clopidogrel besilate,75 mg,"tabletti, kalvopäällysteinen",28,093547,B01AC04,2025-08-20,2027-02-05,shortage,Viatris Limited,"Lisätietoja antaa: Viatris Oy, Viatris Oy asiakasinformaatio, +358 20 720 9555, infofi@viatris.com",2026-09-23T11:17:19.742453,124559
FI,Finland,FIMEA,Clopidogrel Viatris 75 mg,Clopidogrel besilate,75 mg,"tabletti, kalvopäällysteinen",100,153309,B01AC04,2024-12-03,2027-02-01,shortage,Viatris Limited,"Lisätietoja antaa: Viatris Oy, Viatris Oy:n asiakasinformaatio, +358207209555, infofi@viatris.com",2026-09-23T11:17:19.742507,124559
FI,Finland,FIMEA,Sildenafil Stada 100 mg,Sildenafil citrate,100 mg,"tabletti, kalvopäällysteinen",12,587110,G04BE03,2026-08-25,2026-10-31,shortage,STADA Arzneimittel AG,"Lisätietoja antaa: STADA Nordic ApS, Finnish branch, Hanna Kallio, +358405570209, hanna.kallio@stada.fi",2026-09-23T11:17:19.742576,51098
FI,Finland,FIMEA,Novastan 100 mg/ml,Argatroban monohydrate,100 mg/ml,"infuusiokonsentraatti, liuosta varten",2.5 ml,476345,B01AE03,2026-09-15,2026-10-30,shortage,Ethypharm,"Lisätietoja antaa: FrostPharma AB, info@frostpharma.com",2026-09-23T11:17:19.742633,100838
FI,Finland,FIMEA,Desogestrel Sandoz 75 mikrog,Desogestrel,75 mikrog,"tabletti, kalvopäällysteinen",3 x 28,595947,G03AC09,2026-06-10,2026-10-01,shortage,Sandoz A/S,"Lisätietoja antaa: Sandoz A/S, Sandoz A/S, +358 10 6133415, drug.shortage_nordic@sandoz.com",2026-09-23T11:17:19.742686,56111
FI,Finland,FIMEA,Desogestrel Sandoz 75 mikrog,Desogestrel,75 mikrog,"tabletti, kalvopäällysteinen",6 x 28,178892,G03AC09,2026-06-16,2026-10-01,shortage,Sandoz A/S,"Lisätietoja antaa: Sandoz A/S, Sandoz A/S, +358 10 6133415, drug.shortage_nordic@sandoz.com",2026-09-23T11:17:19.742744,56111
FI,Finland,FIMEA,Simvastatin Ratiopharm 80 mg,Simvastatin,80 mg,"tabletti, kalvopäällysteinen",100,390183,C10AA01,2026-05-29,2026-12-14,shortage,Teva GmbH,"Lisätietoja antaa: Teva Finland Oy, Teva Finland Oy, +358201805900, infofinland@tevapharm.com",2026-09-23T11:17:19.742799,76368
FI,Finland,FIMEA,Enalapril Orion 10 mg,Enalapril maleate,10 mg,tabletti,100,498529,C09AA02,2026-08-10,2026-11-09,shortage,Orion Corporation,"Lisätietoja antaa: Orion Oyj, Orion Call Center, +358104398250, tuoteinformaatio@orionpharma.com",2026-09-23T11:17:19.742855,21083
FI,Finland,FIMEA,Oxaliplatin Accord 5 mg/ml,Oxaliplatin,5 mg/ml,"infuusiokonsentraatti, liuosta varten",10 ml,071198,L01XA03,2026-09-07,2026-12-31,shortage,Accord Healthcare B.V.,"Lisätietoja antaa: Accord Healthcare Oy, Accord Healthcare Oy, +358 10 2314180, asiakaspalvelu@accord-healthcare.com",2026-09-23T11:17:19.742912,79766
FI,Finland,FIMEA,Valsartore Comp 160 mg / 25 mg,Hydrochlorothiazide Valsartan,160 mg / 25 mg,"tabletti, kalvopäällysteinen",100,394850,C09DA03,2026-09-25,2026-11-30,shortage,STADA Arzneimittel AG,"Lisätietoja antaa: STADA Nordic ApS, Finnish branch, Hanna Kallio, +358405570209, hanna.kallio@stada.fi",2026-09-23T11:17:19.742967,77097
FI,Finland,FIMEA,Temozolomid ratiopharm 100 mg,Temozolomide,100 mg,"kapseli, kova",5,148003,L01AX03,2026-08-20,2027-04-15,shortage,ratiopharm GmbH,"Lisätietoja antaa: Teva Finland Oy, Teva Finland Oy, +358201805900, infofinland@tevapharm.com",2026-09-23T11:17:19.743020,52329
FI,Finland,FIMEA,Duodart 0.5 mg / 0.4 mg,Dutasteride Tamsulosin hydrochloride,0.5 mg / 0.4 mg,"kapseli, kova",30,080023,G04CA52,2026-09-09,2026-09-28,shortage,GlaxoSmithKline Oy,"Lisätietoja antaa: GlaxoSmithKline Oy, Anu Aallos, +358 10 30 30 30, Anu.n.aallos@gsk.com",2026-09-23T11:17:19.743077,93661
FI,Finland,FIMEA,Wegovy FlexTouch 0.25 mg,Semaglutide,0.25 mg,"injektioneste, liuos, esitäytetty kynä",1.5 ml,145414,A10BJ06,2025-06-11,2026-12-31,shortage,Paranova Oy,"Lisätietoja antaa: Paranova Oy, Sebastian Saari, +358 9 4391 850, info@paranova.fi",2026-09-23T11:17:19.743134,
FI,Finland,FIMEA,Wegovy FlexTouch 0.5 mg,Semaglutide,0.5 mg,"injektioneste, liuos, esitäytetty kynä",1.5 ml,479681,A10BJ06,2025-07-04,2026-12-30,shortage,Paranova Oy,"Lisätietoja antaa: Paranova Oy, Sebastian Saari, +358 9 4391 850, info@paranova.fi",2026-09-23T11:17:19.743191,
FI,Finland,FIMEA,Wegovy FlexTouch 1 mg,Semaglutide,1 mg,"injektioneste, liuos, esitäytetty kynä",3 ml,083408,A10BJ06,2025-03-17,2026-12-30,shortage,Paranova Oy,"Lisätietoja antaa: Paranova Oy, Sebastian Saari, +358 9 4391 850, info@paranova.fi",2026-09-23T11:17:19.743256,
FI,Finland,FIMEA,Yuflyma 40 mg,Adalimumab,40 mg,"injektioneste, liuos, esitäytetty kynä",2 x 0.4 ml,184065,L04AB04,2025-06-11,2026-12-30,shortage,Paranova Oy,"Lisätietoja antaa: Paranova Oy, Sebastian Saari, +358 9 4391 850, info@paranova.fi",2026-09-23T11:17:19.743316,129798
FI,Finland,FIMEA,Wegovy FlexTouch 2.4 mg,Semaglutide,2.4 mg,"injektioneste, liuos, esitäytetty kynä",3 ml,187528,A10BJ06,2025-06-20,2026-12-31,shortage,Paranova Oy,"Lisätietoja antaa: Paranova Oy, Sebastian Saari, +358 9 4391 850, info@paranova.fi",2026-09-23T11:17:19.743370,223824
FI,Finland,FIMEA,Wegovy FlexTouch 1.7 mg,Semaglutide,1.7 mg,"injektioneste, liuos, esitäytetty kynä",3 ml,444264,A10BJ06,2025-08-25,2026-12-31,shortage,Paranova Oy,"Lisätietoja antaa: Paranova Oy, Sebastian Saari, +358 9 4391 850, info@paranova.fi",2026-09-23T11:17:19.743425,223816
FI,Finland,FIMEA,Empressin 40 IU / 2 ml,Argipressin,40 IU / 2 ml,"infuusiokonsentraatti, liuosta varten",10 x 2 ml,557450,H01BA01,2026-04-16,2026-10-30,shortage,Orifarm Oy,"Lisätietoja antaa: Orifarm Oy, Janne Liimatta, +358 9 7746 870, suomi@orifarm.com",2026-09-23T11:17:19.743484,159093
FI,Finland,FIMEA,Cotrim Forte 160 mg / 800 mg,Sulfamethoxazole Trimethoprim,160 mg / 800 mg,tabletti,20,101744,J01EE01,2026-02-19,2026-12-31,shortage,Paranova Oy,"Lisätietoja antaa: Paranova Oy, Sebastian Saari, +358 9 4391 850, info@paranova.fi",2026-09-23T11:17:19.743536,7471
FI,Finland,FIMEA,Nintedanib STADA 100 mg,Nintedanib esylate,100 mg,"kapseli, pehmeä",60 x 1,516380,L01EX09,2026-08-18,2026-09-30,shortage,STADA Arzneimittel AG,"Lisätietoja antaa: STADA Nordic ApS, Finnish branch, Hanna Kallio, +358405570209, hanna.kallio@stada.fi",2026-09-23T11:17:19.743594,
FI,Finland,FIMEA,Opsumit 10 mg,Macitentan,10 mg,"tabletti, kalvopäällysteinen",30,513548,C02KX04,2026-02-09,2026-12-31,shortage,Abacus Medicine A/S,"Lisätietoja antaa: Abacus Medicine A/S, Henna Luoto, +358 9 42721465, henna.luoto@abacusmedicine.com",2026-09-23T11:17:19.743651,115452
FI,Finland,FIMEA,Moxalole,Potassium chloride Macrogol 3350 Sodium chloride Sodium hydrogen carbonate,,jauhe oraaliliuosta varten,50,519621,A06AD65,2026-08-18,2026-11-30,shortage,Paranova Oy,"Lisätietoja antaa: Paranova Oy, Sebastian Saari, +358 9 4391 850, info@paranova.fi",2026-09-23T11:17:19.743706,46949
FI,Finland,FIMEA,Voriconazole Accord 200 mg,Voriconazole,200 mg,"infuusiokuiva-aine, liuosta varten",200 mg,552438,J02AC03,2026-01-01,2026-10-30,shortage,Accord Healthcare B.V.,"Lisätietoja antaa: Accord Healthcare Oy, Accord Healthcare Oy, +358 10 2314180, asiakaspalvelu@accord-healthcare.com",2026-09-23T11:17:19.743763,63614
FI,Finland,FIMEA,Pomalidomide Teva 2 mg,Pomalidomide,2 mg,"kapseli, kova",21,463736,L04AX06,2026-06-22,2027-01-11,shortage,Teva GmbH,"Lisätietoja antaa: Teva Finland Oy, Teva Finland Oy, +358201805900, infofinland@tevapharm.com",2026-09-23T11:17:19.743816,107522
FI,Finland,FIMEA,Pomalidomide Teva 3 mg,Pomalidomide,3 mg,"kapseli, kova",21,571088,L04AX06,2026-09-10,2026-12-18,shortage,Teva GmbH,"Lisätietoja antaa: Teva Finland Oy, Teva Finland Oy, +358201805900, infofinland@tevapharm.com",2026-09-23T11:17:19.743875,107530
FI,Finland,FIMEA,Pomalidomide Teva 4 mg,Pomalidomide,4 mg,"kapseli, kova",21,162383,L04AX06,2026-09-10,2026-10-26,shortage,Teva GmbH,"Lisätietoja antaa: Teva Finland Oy, Teva Finland Oy, +358201805900, infofinland@tevapharm.com",2026-09-23T11:17:19.743935,107549
FI,Finland,FIMEA,Rectogesic 4 mg/g,Glycerol trinitrate,4 mg/g,rektaalivoide,30 g,440051,C05AE01,2026-03-17,2026-11-30,shortage,Orifarm Oy,"Lisätietoja antaa: Orifarm Oy, Janne Liimatta, +358 9 7746 870, suomi@orifarm.com",2026-09-23T11:17:19.743998,
FI,Finland,FIMEA,Divigel 1 mg,Estradiol hemihydrate,1 mg,"Transdermaaligeeli, annospussi",28 x 1.0 g,579198,G03CA03,2026-01-15,2026-12-31,shortage,Orion Corporation,"Lisätietoja antaa: Orion Oyj, Orion Call Center, +358104398250, tuoteinformaatio@orionpharma.com",2026-09-23T11:17:19.744055,
FI,Finland,FIMEA,Vepesid 50 mg,Etoposide,50 mg,"kapseli, pehmeä",20,397956,L01CB01,2026-04-27,2026-12-31,shortage,Abacus Medicine A/S,"Lisätietoja antaa: Abacus Medicine A/S, Jaisa Nykänen, +358942721465, jaisa.nykanen@abacusmedicine.com",2026-09-23T11:17:19.744110,22276
FI,Finland,FIMEA,MYNZEPLI 40 mg/ml,Aflibercept,40 mg/ml,"injektioneste, liuos, esitäytetty ruisku",90 mikrol,130407,S01LA05,2026-09-01,2026-10-31,shortage,Advanz Pharma Limited,"Lisätietoja antaa: ADVANZ PHARMA LIMITED, +358 800 416231, medicalinformation@advanzpharma.com",2026-09-23T11:17:19.744164,103756
FI,Finland,FIMEA,Slenyto 1 mg,Melatonin,1 mg,depottabletti,30,491327,N05CH01,2026-01-07,2026-09-30,shortage,Paranova Oy,"Lisätietoja antaa: Paranova Oy, Sebastian Saari, +358 9 4391 850, info@paranova.fi",2026-09-23T11:17:19.744221,106593
FI,Finland,FIMEA,Risedronat Sandoz 35 mg,Risedronate sodium Risedronate sodium hemipentahydric,35 mg,"tabletti, kalvopäällysteinen",12,587045,M05BA07,2026-04-27,2026-10-30,shortage,Orifarm Oy,"Lisätietoja antaa: Orifarm Oy, Janne Liimatta, +358 9 7746 870, suomi@orifarm.com",2026-09-23T11:17:19.744275,68888
FI,Finland,FIMEA,Reagila 4.5 mg,Cariprazine hydrochloride,4.5 mg,"kapseli, kova",30,591031,N05AX15,2025-08-29,2026-10-31,shortage,Paranova Oy,"Lisätietoja antaa: Paranova Oy, Sebastian Saari, +358 9 4391 850, info@paranova.fi",2026-09-23T11:17:19.744329,159158
FI,Finland,FIMEA,Reagila 3 mg,Cariprazine hydrochloride,3 mg,"kapseli, kova",30,460883,N05AX15,2026-02-27,2026-10-31,shortage,Paranova Oy,"Lisätietoja antaa: Paranova Oy, Sebastian Saari, +358 9 4391 850, info@paranova.fi",2026-09-23T11:17:19.744387,159131
FI,Finland,FIMEA,Yuflyma 80 mg,Adalimumab,80 mg,"injektioneste, liuos, esitäytetty kynä",0.8 ml,546264,L04AB04,2025-07-11,2026-12-30,shortage,Paranova Oy,"Lisätietoja antaa: Paranova Oy, Sebastian Saari, +358 9 4391 850, info@paranova.fi",2026-09-23T11:17:19.744444,
FI,Finland,FIMEA,Reagila 6 mg,Cariprazine hydrochloride,6 mg,"kapseli, kova",30,528571,N05AX15,2025-07-15,2026-10-31,shortage,Paranova Oy,"Lisätietoja antaa: Paranova Oy, Sebastian Saari, +358 9 4391 850, info@paranova.fi",2026-09-23T11:17:19.744494,159166
FI,Finland,FIMEA,Xeljanz 11 mg,Tofacitinib citrate,11 mg,depottabletti,28,439164,L04AF01,2025-11-25,2026-10-30,shortage,Paranova Oy,"Lisätietoja antaa: Paranova Oy, Sebastian Saari, +358 9 4391 850, info@paranova.fi",2026-09-23T11:17:19.744550,201502
FI,Finland,FIMEA,Haemate 1000 IU FVIII / 2400 IU VWF,Factor VIII (antihaemophilic factor) Human von Willebrand factor,1000 IU FVIII / 2400 IU VWF,"injektio-/infuusiokuiva-aine ja liuotin, liuosta varten",1000 IU / 2400 IU + 15 ml,424765,B02BD06,2026-04-08,2026-12-31,shortage,Abacus Medicine A/S,"Lisätietoja antaa: Abacus Medicine A/S, Jaisa Nykänen, +358942721465, jaisa.nykanen@abacusmedicine.com",2026-09-23T11:17:19.744610,82317
FI,Finland,FIMEA,ZOLSKETIL pegylated liposomal 2 mg/ml,Doxorubicin hydrochloride,2 mg/ml,"infuusiokonsentraatti, dispersiota varten",25 ml,113567,L01DB01,2026-06-15,2026-09-30,shortage,Accord Healthcare S.L.U.,"Lisätietoja antaa: Accord Healthcare Oy, Accord Healthcare Oy, +358 10 2314180, asiakaspalvelu@accord-healthcare.com",2026-09-23T11:17:19.744666,121711
FI,Finland,FIMEA,Sitagliptin Sandoz 100 mg,Sitagliptin hydrochloride monohydrate,100 mg,"tabletti, kalvopäällysteinen",120,469526,A10BH01,2026-07-21,2026-10-13,shortage,Sandoz A/S,"Lisätietoja antaa: Sandoz A/S, Sandoz A/S, +358 10 6133415, drug.shortage_nordic@sandoz.com",2026-09-23T11:17:19.744722,218138
FI,Finland,FIMEA,Sitagliptin/Metformin Sandoz 50 mg / 850 mg,Metformin hydrochloride Sitagliptin hydrochloride monohydrate,50 mg / 850 mg,"tabletti, kalvopäällysteinen",56 x 1,545296,A10BD07,2026-07-21,2027-01-31,shortage,Sandoz A/S,"Lisätietoja antaa: Sandoz A/S, Sandoz A/S, +358 10 6133415, drug.shortage_nordic@sandoz.com",2026-09-23T11:17:19.744778,218162
FI,Finland,FIMEA,Rosuvastatin Actavis 40 mg,Rosuvastatin calcium,40 mg,"tabletti, kalvopäällysteinen",98,176137,C10AA07,2026-09-08,2026-11-02,shortage,Teva B.V.,"Lisätietoja antaa: Teva Finland Oy, Teva Finland Oy, +358201805900, infofinland@tevapharm.com",2026-09-23T11:17:19.744830,201065
FI,Finland,FIMEA,Nevirapine Viatris 400 mg,Nevirapine,400 mg,depottabletti,30,097001,J05AG01,2026-06-05,2026-10-30,shortage,Orifarm Oy,"Lisätietoja antaa: Orifarm Oy, Janne Liimatta, +358 9 7746 870, suomi@orifarm.com",2026-09-23T11:17:19.744885,99015
FI,Finland,FIMEA,Targretin 75 mg,Bexarotene,75 mg,"kapseli, pehmeä",100,375798,L01XF03,2026-01-23,2026-10-31,shortage,2care4 ApS,"Lisätietoja antaa: 2care4 ApS, filial, 2care4 ApS, filial, +358986264309, info@2care4.fi",2026-09-23T11:17:19.744940,70610
FI,Finland,FIMEA,Losec MUPS 20 mg,Omeprazole magnesium,20 mg,enterotabletti,100 (2 x 50),395341,A02BC01,2026-07-27,2026-11-30,shortage,Orifarm Oy,"Lisätietoja antaa: Orifarm Oy, Janne Liimatta, +358 9 7746 870, suomi@orifarm.com",2026-09-23T11:17:19.744994,88811
FI,Finland,FIMEA,Furosemide Kalceks 10 mg/ml,Furosemide,10 mg/ml,"injektio-/infuusioneste, liuos",50 x 2 ml,083846,C03CA01,2026-06-30,2026-12-31,shortage,AS Kalceks,"Lisätietoja antaa: Grindeks Kalceks Suomi Oy, Jari Puolakka, +358405356796, jari.puolakka@grindeks.fi",2026-09-23T11:17:19.745052,1651
FI,Finland,FIMEA,Palmeux 100 mg,Paliperidone palmitate,100 mg,"Injektioneste, depotsuspensio, esitäytetty ruisku",100 mg,178554,N05AX13,2025-12-09,2026-12-31,shortage,Amdipharm Limited,"Lisätietoja antaa: Amdipharm Limited, +358 800 416231, medicalinformation@advanzpharma.com",2026-09-23T11:17:19.745105,96989
FI,Finland,FIMEA,Palmeux 150 mg,Paliperidone palmitate,150 mg,"Injektioneste, depotsuspensio, esitäytetty ruisku",150 mg,185517,N05AX13,2025-12-09,2026-12-31,shortage,Amdipharm Limited,"Lisätietoja antaa: Amdipharm Limited, +358 800 416231, medicalinformation@advanzpharma.com",2026-09-23T11:17:19.745159,96997
FI,Finland,FIMEA,Palmeux 75 mg,Paliperidone palmitate,75 mg,"Injektioneste, depotsuspensio, esitäytetty ruisku",75 mg,187219,N05AX13,2025-12-09,2026-12-31,shortage,Amdipharm Limited,"Lisätietoja antaa: Amdipharm Limited, +358 800 416231, medicalinformation@advanzpharma.com",2026-09-23T11:17:19.745214,96970
FI,Finland,FIMEA,Palmeux 50 mg,Paliperidone palmitate,50 mg,"Injektioneste, depotsuspensio, esitäytetty ruisku",50 mg,120928,N05AX13,2025-12-09,2026-12-31,shortage,Amdipharm Limited,Lisätietoja antaa:,2026-09-23T11:17:19.745271,96962
FI,Finland,FIMEA,Insulin aspart Sanofi 100 U/ml,Insulin aspart,100 U/ml,"injektioneste, liuos, esitäytetty kynä",5 x 3 ml,110313,A10AB05,2026-09-23,2026-10-05,shortage,Sanofi Winthrop Industrie,"Lisätietoja antaa: Sanofi Oy, Sanna Tuomisto, +3582012200300, regulatory.finland@sanofi.com",2026-09-23T11:17:19.745326,53902
FI,Finland,FIMEA,Ticagrelor Sandoz 90 mg,Ticagrelor,90 mg,"tabletti, kalvopäällysteinen",100,039052,B01AC24,2026-07-09,2026-12-31,shortage,Sandoz A/S,"Lisätietoja antaa: Sandoz A/S, Ropi Heikkilä, +358 50 592 5710, ropi.heikkila@sandoz.com",2026-09-23T11:17:19.745381,97446
FI,Finland,FIMEA,Tasminetta 0.03 mg / 3 mg,Ethinylestradiol Drospirenone,0.03 mg / 3 mg,"tabletti, kalvopäällysteinen",3 x 21,184908,G03AA12,2026-08-21,2026-09-30,shortage,Orifarm Oy,"Lisätietoja antaa: Orifarm Oy, Janne Liimatta, +358 9 7746 870, suomi@orifarm.com",2026-09-23T11:17:19.745438,56774
FI,Finland,FIMEA,Abirateron Sandoz 500 mg,Abiraterone acetate,500 mg,"tabletti, kalvopäällysteinen",56,160266,L02BX03,2026-05-04,2026-10-21,shortage,Sandoz A/S,"Lisätietoja antaa: Sandoz A/S, Sandoz A/S, +358 10 6133415, drug.shortage_nordic@sandoz.com",2026-09-23T11:17:19.745493,136913
FI,Finland,FIMEA,Tolterodin Ratiopharm 4 mg,Tolterodine tartrate,4 mg,"depotkapseli, kova",98,472553,G04BD07,2025-09-18,2026-11-30,shortage,Orifarm Oy,"Lisätietoja antaa: Orifarm Oy, Janne Liimatta, +358 9 7746 870, suomi@orifarm.com",2026-09-23T11:17:19.745570,60534
FI,Finland,FIMEA,Briviact 100 mg,Brivaracetam,100 mg,"tabletti, kalvopäällysteinen",56,399549,N03AX23,2026-07-31,2026-10-30,shortage,Orifarm Oy,"Lisätietoja antaa: Orifarm Oy, Janne Liimatta, +358 9 7746 870, suomi@orifarm.com",2026-09-23T11:17:19.745690,131989
FI,Finland,FIMEA,Fingolimod Tillomed 0.5 mg,Fingolimod hydrochloride,0.5 mg,"kapseli, kova",28 x 1,399149,L04AE01,2026-03-30,2026-11-01,shortage,Tillomed Pharma GmbH,"Lisätietoja antaa: FrostPharma AB, +46 8243660, quality@frostpharma.com",2026-09-23T11:17:19.745755,100129
FI,Finland,FIMEA,Alluzience 200 Speywood-yksikköä/ml,Clostridium botulinum toxin type A haemagglutinin complex,200 Speywood-yksikköä/ml,"injektioneste, liuos",2 x 0.625 ml,087733,M03AX01,2026-04-01,2027-01-11,shortage,Ipsen Pharma,"Lisätietoja antaa: Galderma Nordic, Noor Alrammahi, noor.alrammahi@galderma.com",2026-09-23T11:17:19.745810,213098
FI,Finland,FIMEA,Caspofungin STADA 50 mg,Caspofungin acetate,50 mg,"kuiva-aine välikonsentraatiksi infuusionestettä varten, liuos",50 mg,584307,J02AX04,2026-06-05,2026-10-31,shortage,STADA Arzneimittel AG,"Lisätietoja antaa: STADA Nordic ApS, Finnish branch, Hanna Kallio, +358405570209, hanna.kallio@stada.fi",2026-09-23T11:17:19.745877,70300
FI,Finland,FIMEA,Menopur 1200 IU,Menotropine,1200 IU,"injektioneste, liuos, esitäytetty kynä",1.92 ml,169281,G03GA02,2025-10-28,2027-09-01,shortage,Ferring Lääkkeet Oy,"Lisätietoja antaa: Ferring Lääkkeet Oy, Tanja Kivinummi, +358207401447, tanja.kivinummi@ferring.com",2026-09-23T11:17:19.745933,
FI,Finland,FIMEA,Menopur 600 IU,Menotropine,600 IU,"injektioneste, liuos, esitäytetty kynä",0.96 ml,072028,G03GA02,2025-12-09,2027-09-01,shortage,Ferring Lääkkeet Oy,"Lisätietoja antaa: Ferring Lääkkeet Oy, Tanja Kivinummi, +358207401447, tanja.kivinummi@ferring.com",2026-09-23T11:17:19.745990,
FI,Finland,FIMEA,Noradrenalin Fresenius Kabi 1 mg/ml,Noradrenaline tartrate,1 mg/ml,"infuusiokonsentraatti, liuosta varten",10 x 4 ml,580416,C01CA03,2026-08-26,2026-10-23,shortage,Fresenius Kabi AB,"Lisätietoja antaa: Fresenius Kabi Ab, sivuliike Suomessa, Fresenius Kabi, +35894281550, asiakaspalvelu@fresenius-kabi.com",2026-09-23T11:17:19.746053,98930
FI,Finland,FIMEA,Zonegran 25 mg,Zonisamide,25 mg,"kapseli, kova",56,060757,N03AX15,2026-08-25,2026-10-01,shortage,Paranova Oy,"Lisätietoja antaa: Paranova Oy, Sebastian Saari, +358 9 4391 850, info@paranova.fi",2026-09-23T11:17:19.746106,95281
FI,Finland,FIMEA,Mirena 20 mikrog / 24 tuntia,Levonorgestrel,20 mikrog / 24 tuntia,"depotlääkevalmiste, kohtuun",1,370212,G02BA03,2025-11-17,2026-10-31,shortage,Paranova Oy,"Lisätietoja antaa: Paranova Oy, Sebastian Saari, +358 9 4391 850, info@paranova.fi",2026-09-23T11:17:19.746159,223980
FI,Finland,FIMEA,Temozolomide Accord 100 mg,Temozolomide,100 mg,"kapseli, kova",5 x 1,093515,L01AX03,2026-01-26,2026-11-30,shortage,Paranova Oy,"Lisätietoja antaa: Paranova Oy, Sebastian Saari, +358 9 4391 850, info@paranova.fi",2026-09-23T11:17:19.746221,52329
FI,Finland,FIMEA,Temozolomide Accord 100 mg,Temozolomide,100 mg,"kapseli, kova",20 x 1,433028,L01AX03,2026-09-04,2026-11-30,shortage,Paranova Oy,"Lisätietoja antaa: Paranova Oy, Sebastian Saari, +358 9 4391 850, info@paranova.fi",2026-09-23T11:17:19.746274,52329
FI,Finland,FIMEA,Ikervis 1 mg/ml,Ciclosporin,1 mg/ml,"Silmätipat, emulsio, kerta-annospakkaus",30 x 0.3 ml,121171,S01XA18,2026-02-16,2026-10-31,shortage,Paranova Oy,"Lisätietoja antaa: Paranova Oy, Sebastian Saari, +358 9 4391 850, info@paranova.fi",2026-09-23T11:17:19.746329,216461
FI,Finland,FIMEA,Ansatipin 150 mg,Rifabutin,150 mg,"kapseli, kova",30,160506,J04AB04,2026-09-01,2026-10-31,shortage,Paranova Oy,"Lisätietoja antaa: Paranova Oy, Sebastian Saari, +358 9 4391 850, info@paranova.fi",2026-09-23T11:17:19.746382,
FI,Finland,FIMEA,Pirfenidone ratiopharm 801 mg,Pirfenidone,801 mg,"tabletti, kalvopäällysteinen",84,430885,L04AX05,2026-09-29,2026-11-16,shortage,ratiopharm GmbH,"Lisätietoja antaa: Teva Finland Oy, Teva Finland Oy, +358201805900, infofinland@tevapharm.com",2026-09-23T11:17:19.746436,146773
FI,Finland,FIMEA,Mepidental 30 mg/ml,Mepivacaine hydrochloride,30 mg/ml,"injektioneste, liuos, sylinteriampulli",50 x 1.8 ml,123701,N01BB03,2026-05-21,2027-12-31,shortage,Laboratorios Inibsa S.A.,"Lisätietoja antaa: Laboratorios Inibsa, S.A., regulatory@inibsa.com",2026-09-23T11:17:19.746491,204897
FI,Finland,FIMEA,Valcyte 50 mg/ml,Valganciclovir hydrochloride,50 mg/ml,jauhe oraaliliuosta varten,12 g,422679,J05AB14,2026-06-12,2026-10-31,shortage,2care4 ApS,"Lisätietoja antaa: 2care4 ApS, filial, 2care4 ApS, filial, +358986264309, info@2care4.fi",2026-09-23T11:17:19.746545,134708
FI,Finland,FIMEA,Calciumgluconat B. Braun 100 mg/ml,Calcium gluconate ad iniectabile,100 mg/ml,injektioneste,20 x 10 ml,168835,B05BB01,2026-03-05,2026-10-31,shortage,2care4 ApS,"Lisätietoja antaa: 2care4 ApS, filial, 2care4 ApS, filial, +358986264309, info@2care4.fi",2026-09-23T11:17:19.746596,
FI,Finland,FIMEA,Nifedipin Alternova 60 mg,Nifedipine,60 mg,depottabletti,100,512829,C08CA05,2025-11-10,2026-12-31,shortage,Paranova Oy,"Lisätietoja antaa: Paranova Oy, Sebastian Saari, +358 9 4391 850, info@paranova.fi",2026-09-23T11:17:19.746649,33707
FI,Finland,FIMEA,Zyprexa 10 mg,Olanzapine,10 mg,"injektiokuiva-aine, liuosta varten",10 mg,435285,N05AH03,2026-02-11,2026-11-30,shortage,Orifarm Oy,"Lisätietoja antaa: Orifarm Oy, Janne Liimatta, +358 9 7746 870, suomi@orifarm.com",2026-09-23T11:17:19.746710,45578
FI,Finland,FIMEA,Ontozry 25 mg + 12.5 mg,Cenobamate,25 mg + 12.5 mg,"tabletti, kalvopäällysteinen + tabletti",14 (25 mg) + 14 (12.5 mg),512933,N03AX25,2026-07-31,2026-12-31,shortage,Abacus Medicine A/S,"Lisätietoja antaa: Abacus Medicine A/S, Jaisa Nykänen, +358942721465, jaisa.nykanen@abacusmedicine.com",2026-09-23T11:17:19.746761,
FI,Finland,FIMEA,Abilify Maintena 960 mg,Aripiprazole,960 mg,"Injektioneste, depotsuspensio, esitäytetty ruisku",960 mg,372290,N05AX12,2026-07-10,2026-09-30,shortage,Paranova Oy,"Lisätietoja antaa: Paranova Oy, Sebastian Saari, +358 9 4391 850, info@paranova.fi",2026-09-23T11:17:19.746815,229210
FI,Finland,FIMEA,Omnic Ocas 0.4 mg,Tamsulosin hydrochloride,0.4 mg,depottabletti,90,073430,G04CA02,2026-06-30,2026-12-31,shortage,Abacus Medicine A/S,"Lisätietoja antaa: Abacus Medicine A/S, Henna Luoto, +358 9 42721465, henna.luoto@abacusmedicine.com",2026-09-23T11:17:19.746869,76236
FI,Finland,FIMEA,Nintedanib Viatris 100 mg,Nintedanib esylate,100 mg,"kapseli, pehmeä",60 x 1,175233,L01EX09,2026-08-12,2026-12-11,shortage,Viatris Limited,"Lisätietoja antaa: Viatris Oy, Viatris Oy:n asiakasinformaatio, +358207209555, infofi@viatris.com",2026-09-23T11:17:19.746926,127310
FI,Finland,FIMEA,Sunosi 150 mg,Solriamfetol hydrochloride,150 mg,"tabletti, kalvopäällysteinen",28,051555,N06BA14,2026-09-04,2026-10-31,shortage,Paranova Oy,"Lisätietoja antaa: Paranova Oy, Sebastian Saari, +358 9 4391 850, info@paranova.fi",2026-09-23T11:17:19.746978,224731
FI,Finland,FIMEA,Ontozry 100 mg,Cenobamate,100 mg,"tabletti, kalvopäällysteinen",28,436419,N03AX25,2026-07-31,2026-12-31,shortage,Abacus Medicine A/S,"Lisätietoja antaa: Abacus Medicine A/S, Jaisa Nykänen, +358942721465, jaisa.nykanen@abacusmedicine.com",2026-09-23T11:17:19.747027,214728
FI,Finland,FIMEA,Omvoh 100 mg,Mirikizumab,100 mg,"injektioneste, liuos, esitäytetty kynä",2 x 1 ml,549387,L04AC24,2026-07-31,2026-12-31,shortage,Abacus Medicine A/S,"Lisätietoja antaa: Abacus Medicine A/S, Jaisa Nykänen, +358942721465, jaisa.nykanen@abacusmedicine.com",2026-09-23T11:17:19.747076,225533
FI,Finland,FIMEA,Omvoh 300 mg,Mirikizumab,300 mg,"infuusiokonsentraatti, liuosta varten",300 mg,519830,L04AC24,2026-06-30,2026-12-31,shortage,Abacus Medicine A/S,"Lisätietoja antaa: Abacus Medicine A/S, Jaisa Nykänen, +358942721465, jaisa.nykanen@abacusmedicine.com",2026-09-23T11:17:19.747123,223603
FI,Finland,FIMEA,Aranesp 300 mikrog,Darbepoetin alfa,300 mikrog,"injektioneste, liuos, esitäytetty kynä",0.6 ml,088686,B03XA02,2026-09-09,2026-10-31,shortage,Paranova Oy,"Lisätietoja antaa: Paranova Oy, Sebastian Saari, +358 9 4391 850, info@paranova.fi",2026-09-23T11:17:19.747170,67342
FI,Finland,FIMEA,Kadcyla 160 mg,Trastuzumab emtansine,160 mg,"kuiva-aine välikonsentraatiksi infuusionestettä varten, liuos",1,176178,L01FD03,2026-01-07,2026-10-31,shortage,2care4 ApS,"Lisätietoja antaa: 2care4 ApS, filial, 2care4 ApS, filial, +358986264309, info@2care4.fi",2026-09-23T11:17:19.747223,108731
FI,Finland,FIMEA,Kyprolis 10 mg,Carfilzomib,10 mg,"infuusiokuiva-aine, liuosta varten",10 mg,064002,L01XG02,2026-06-17,2026-10-31,shortage,2care4 ApS,"Lisätietoja antaa: 2care4 ApS, filial, 2care4 ApS, filial, +358986264309, info@2care4.fi",2026-09-23T11:17:19.747277,134902
FI,Finland,FIMEA,Ritonavir Viatris 100 mg,Ritonavir,100 mg,"tabletti, kalvopäällysteinen",30,436002,J05AE03,2026-02-05,2026-11-30,shortage,2care4 ApS,"Lisätietoja antaa: 2care4 ApS, filial, 2care4 ApS, filial, +358986264309, info@2care4.fi",2026-09-23T11:17:19.747325,45128
FI,Finland,FIMEA,Holoxan 1000 mg,Ifosfamide,1000 mg,injektio-/infuusiokuiva-aine liuosta varten,1000 mg,521552,L01AA06,2026-01-22,2026-12-31,shortage,Baxter Oy,"Lisätietoja antaa: Baxter Oy, Katriina Itäaho, +358405679926, katriina_itaaho@baxter.com",2026-09-23T11:17:19.747374,14818
FI,Finland,FIMEA,Holoxan 500 mg,Ifosfamide,500 mg,injektio-/infuusiokuiva-aine liuosta varten,500 mg,560382,L01AA06,2026-01-22,2026-12-31,shortage,Baxter Oy,"Lisätietoja antaa: Baxter Oy, Katriina Itäaho, +358405679926, katriina_itaaho@baxter.com",2026-09-23T11:17:19.747422,14796
FI,Finland,FIMEA,Solu-Medrol 500 mg,Methylprednisolone sodium succinate,500 mg,"injektiokuiva-aine ja liuotin, liuosta varten",500 mg + 7.8 ml,377140,H02AB04,2026-08-17,2026-10-15,shortage,Abacus Medicine A/S,"Lisätietoja antaa: Abacus Medicine A/S, Jaisa Nykänen, +358942721465, jaisa.nykanen@abacusmedicine.com",2026-09-23T11:17:19.747468,26050
FI,Finland,FIMEA,Solu-Medrol 1 g,Methylprednisolone sodium succinate,1 g,"injektiokuiva-aine ja liuotin, liuosta varten",1 g + 15.6 ml,505431,H02AB04,2026-06-08,2026-10-09,shortage,Abacus Medicine A/S,"Lisätietoja antaa: Abacus Medicine A/S, Jaisa Nykänen, +358942721465, jaisa.nykanen@abacusmedicine.com",2026-09-23T11:17:19.747517,26069
FI,Finland,FIMEA,Evrenzo 20 mg,Roxadustat,20 mg,"tabletti, kalvopäällysteinen",12 x 1,516176,B03XA05,2026-07-03,2026-09-30,shortage,Paranova Oy,"Lisätietoja antaa: Paranova Oy, Sebastian Saari, +358 9 4391 850, info@paranova.fi",2026-09-23T11:17:19.747566,210986
FI,Finland,FIMEA,Solu-Medrol 1 g,Methylprednisolone sodium succinate,1 g,"injektiokuiva-aine ja liuotin, liuosta varten",1 g + 15.6 ml,180719,H02AB04,2026-07-16,2026-10-31,shortage,2care4 ApS,"Lisätietoja antaa: 2care4 ApS, filial, 2care4 ApS, filial, +358986264309, info@2care4.fi",2026-09-23T11:17:19.747616,26069
FI,Finland,FIMEA,Vemlidy 25 mg,Tenofovir alafenamide,25 mg,"tabletti, kalvopäällysteinen",30,047777,J05AF13,2026-06-03,2026-10-31,shortage,Paranova Oy,"Lisätietoja antaa: Paranova Oy, Sebastian Saari, +358 9 4391 850, info@paranova.fi",2026-09-23T11:17:19.747665,143197
FI,Finland,FIMEA,Temozolomide Accord 140 mg,Temozolomide,140 mg,"kapseli, kova",5 x 1,417296,L01AX03,2025-11-12,2026-12-30,shortage,Paranova Oy,"Lisätietoja antaa: Paranova Oy, Sebastian Saari, +358 9 4391 850, info@paranova.fi",2026-09-23T11:17:19.747716,84336
FI,Finland,FIMEA,Dexalcex 4 mg/ml,Dexamethasone sodium phosphate,4 mg/ml,"injektio-/infuusioneste, liuos",10 x 1 ml,543127,H02AB02,2026-08-19,2026-09-28,shortage,AS Kalceks,"Lisätietoja antaa: Grindeks Kalceks Suomi Oy, Jari Puolakka, +358405356796, jari.puolakka@grindeks.fi",2026-09-23T11:17:19.747777,752
FI,Finland,FIMEA,Dexalcex 4 mg/ml,Dexamethasone sodium phosphate,4 mg/ml,"injektio-/infuusioneste, liuos",10 x 2 ml,172392,H02AB02,2026-08-19,2026-12-07,shortage,AS Kalceks,"Lisätietoja antaa: Grindeks Kalceks Suomi Oy, Jari Puolakka, +358405356796, jari.puolakka@grindeks.fi",2026-09-23T11:17:19.747829,147621
FI,Finland,FIMEA,Sitagliptin Grindeks 100 mg,Sitagliptin hydrochloride monohydrate,100 mg,"tabletti, kalvopäällysteinen",28,435250,A10BH01,2026-02-02,2026-12-31,shortage,Grindeks AS,"Lisätietoja antaa: Grindeks Kalceks Suomi Oy, Jari Puolakka, +358405356796, jari.puolakka@grindeks.fi",2026-09-23T11:17:19.747877,218138
FI,Finland,FIMEA,RenuTend,Tenogenic primed equine allogeneic peripheral blood-derived mesenchymal stem cells,,"injektioneste, suspensio",1 ml,100799,QM09AX90,2024-02-02,2027-06-30,shortage,Boehringer Ingelheim Vetmedica GmbH,"Lisätietoja antaa: Vetcare Oy, Anna Hietikko, +358 400 114 783, anna.hietikko@vetcare.fi",2026-09-23T11:17:19.747926,
FI,Finland,FIMEA,Desloratadin Orion 5 mg,Desloratadine,5 mg,"tabletti, kalvopäällysteinen",100,132871,R06AX27,2026-09-28,2026-11-09,shortage,Orion Corporation,"Lisätietoja antaa: Orion Oyj, Orion Call Center, +358104398250, tuoteinformaatio@orionpharma.com",2026-09-23T11:17:19.747973,59021
FI,Finland,FIMEA,Bosentan Accord 62.5 mg,Bosentan monohydrate,62.5 mg,"tabletti, kalvopäällysteinen",56,497765,C02KX01,2026-08-19,2027-02-28,shortage,Paranova Oy,"Lisätietoja antaa: Paranova Oy, Sebastian Saari, +358 9 4391 850, info@paranova.fi",2026-09-23T11:17:19.748030,67369
FI,Finland,FIMEA,Fycompa 10 mg,Perampanel,10 mg,"tabletti, kalvopäällysteinen",28,393786,N03AX22,2026-08-04,2026-10-30,shortage,Orifarm Oy,"Lisätietoja antaa: Orifarm Oy, Janne Liimatta, +358 9 7746 870, suomi@orifarm.com",2026-09-23T11:17:19.748079,115509
FI,Finland,FIMEA,Fycompa 8 mg,Perampanel,8 mg,"tabletti, kalvopäällysteinen",28,151956,N03AX22,2026-07-31,2026-10-30,shortage,Orifarm Oy,"Lisätietoja antaa: Orifarm Oy, Janne Liimatta, +358 9 7746 870, suomi@orifarm.com",2026-09-23T11:17:19.748125,115495
FI,Finland,FIMEA,Plerixafor Accord 20 mg/ml,Plerixafor,20 mg/ml,"injektioneste, liuos",1.2 ml,192364,L03AX16,2026-04-22,2026-11-30,shortage,Accord Healthcare S.L.U.,"Lisätietoja antaa: Accord Healthcare Oy, Accord Healthcare Oy, +358 10 2314180, asiakaspalvelu@accord-healthcare.com",2026-09-23T11:17:19.748175,131156
FI,Finland,FIMEA,Loperamide Grindeks 2 mg,Loperamide hydrochloride,2 mg,"kapseli, kova",20,444336,A07DA03,2026-07-27,2026-10-12,shortage,Grindeks AS,"Lisätietoja antaa: Grindeks Kalceks Suomi Oy, Jari Puolakka, +358405356796, jari.puolakka@grindeks.fi",2026-09-23T11:17:19.748223,3212
FI,Finland,FIMEA,Xylamidor 20 mg/ml,Xylazine hydrochloride,20 mg/ml,"injektioneste, liuos",25 ml,186609,QN05CM92,2026-08-21,2026-12-31,shortage,VetViva Richter GmbH,"Lisätietoja antaa: Vetcare Oy, Anna Hietikko, +358400114783, anna.hietikko@vetcare.fi",2026-09-23T11:17:19.748271,
FI,Finland,FIMEA,Dabigatran etexilate STADA Nordic 110 mg,Dabigatran etexilate mesilate,110 mg,"kapseli, kova",180 (3 x 60 x 1),457173,B01AE07,2026-08-14,2026-12-31,shortage,STADA Nordic ApS,"Lisätietoja antaa: STADA Nordic ApS, Finnish branch, Hanna Kallio, +358405570209, hanna.kallio@stada.fi",2026-09-23T11:17:19.748319,86991
FI,Finland,FIMEA,AdTab 56 mg,Lotilaner,56 mg,purutabletti,3,562004,QP53BE04,2026-08-21,2026-12-04,shortage,Elanco GmbH,"Lisätietoja antaa: Elanco, Ida Bisgaard Worm, +45 50 52 76 13, ida.worm@elancoah.com",2026-09-23T11:17:19.748368,
FI,Finland,FIMEA,Memantine ratiopharm GmbH 10 mg,Memantine hydrochloride,10 mg,"tabletti, kalvopäällysteinen",100,594661,N06DX01,2026-08-12,2026-11-23,shortage,ratiopharm GmbH,"Lisätietoja antaa: Teva Finland Oy, Teva Finland Oy, +358201805900, infofinland@tevapharm.com",2026-09-23T11:17:19.748417,66818
FI,Finland,FIMEA,Cellcept 1 g / 5 ml,Mycophenolate mofetil,1 g / 5 ml,jauhe oraalisuspensiota varten,35 g,393099,L04AA06,2025-11-07,2026-09-30,shortage,Paranova Oy,"Lisätietoja antaa: Paranova oy, Sebastian Saari, +35894391850, info@paranova.fi",2026-09-23T11:17:19.748470,53015
FI,Finland,FIMEA,Apretude 600 mg,Cabotegravir,600 mg,"injektioneste, depotsuspensio",3 ml,598566,J05AJ04,2026-08-01,2026-12-31,shortage,ViiV Healthcare BV,"Lisätietoja antaa: GlaxoSmithKline Oy, Anu Aallos, +358 10 30 30 30, Anu.n.aallos@gsk.com",2026-09-23T11:17:19.748522,209805
FI,Finland,FIMEA,Eribulin Advanz Pharma 0.44 mg/ml,Eribulin mesylate,0.44 mg/ml,"injektioneste, liuos",2 ml,376617,L01XX41,2026-08-14,2026-10-31,shortage,Advanz Pharma Limited,"Lisätietoja antaa: ADVANZ PHARMA LIMITED, +358 800 416231, medicalinformation@advanzpharma.com",2026-09-23T11:17:19.748569,98809
FI,Finland,FIMEA,Atorvastatin ratiopharm 40 mg,Atorvastatin calcium,40 mg,"tabletti, kalvopäällysteinen",100,379348,C10AA05,2026-09-17,2026-12-31,shortage,Teva B.V.,"Lisätietoja antaa: Teva Finland Oy, Teva Finland Oy, +358201805900, infofinland@tevapharm.com",2026-09-23T11:17:19.748619,98620
FI,Finland,FIMEA,Desmopressin STADA 60 mikrog,Desmopressin acetate,60 mikrog,resoribletti,30,448525,H01BA02,2026-06-01,2026-11-30,shortage,STADA Arzneimittel AG,"Lisätietoja antaa: STADA Nordic ApS, Finnish branch, Hanna Kallio, +358405570209, hanna.kallio@stada.fi",2026-09-23T11:17:19.748683,
FI,Finland,FIMEA,Desmopressin Sandoz 240 mikrog,Desmopressin acetate,240 mikrog,resoribletti,30,416337,H01BA02,2026-06-04,2026-12-31,shortage,Sandoz A/S,"Lisätietoja antaa: Sandoz A/S, Sandoz A/S, +358 10 6133415, drug.shortage_nordic@sandoz.com",2026-09-23T11:17:19.748739,225428
FI,Finland,FIMEA,Opsumit 10 mg,Macitentan,10 mg,"tabletti, kalvopäällysteinen",30,399035,C02KX04,2026-07-30,2026-09-30,shortage,Orifarm Oy,"Lisätietoja antaa: Orifarm Oy, Janne Liimatta, +358 9 7746 870, suomi@orifarm.com",2026-09-23T11:17:19.748795,115452
FI,Finland,FIMEA,Venlafaxin Sandoz 75 mg,Venlafaxine hydrochloride,75 mg,depottabletti,30,471845,N06AX16,2026-08-18,2026-09-30,shortage,Sandoz A/S,"Lisätietoja antaa: Sandoz A/S, Sandoz A/S, +358 10 6133415, drug.shortage_nordic@sandoz.com",2026-09-23T11:17:19.748844,47511
FI,Finland,FIMEA,Carbidopa/Levodopa Orifarm 12.5 mg / 50 mg,Carbidopa monohydrate Levodopa,12.5 mg / 50 mg,tabletti,100,567227,N04BA02,2026-08-14,2026-09-30,shortage,Orifarm Healthcare A/S,"Lisätietoja antaa: Orifarm Healthcare Oy, Anna-Leena Haikkola, +35897746870, suomi@orifarm.com",2026-09-23T11:17:19.748894,25186
FI,Finland,FIMEA,Opsumit 10 mg,Macitentan,10 mg,"tabletti, kalvopäällysteinen",30,192904,C02KX04,2025-08-29,2026-10-30,shortage,Paranova Oy,"Lisätietoja antaa: Paranova Oy, Sebastian Saari, +358 9 4391 850, info@paranova.fi",2026-09-23T11:17:19.748951,115452
FI,Finland,FIMEA,Timosan 1 mg/g,Timolol maleate,1 mg/g,"silmägeeli, kerta-annospakkaus",90 x 0.4 g,154076,S01ED01,2026-05-27,2026-10-16,shortage,Orifarm Oy,"Lisätietoja antaa: Orifarm Oy, Janne Liimatta, +358 9 7746 870, suomi@orifarm.com",2026-09-23T11:17:19.749000,90573
FI,Finland,FIMEA,Desmopressin ratiopharm 240 mikrog,Desmopressin acetate,240 mikrog,resoribletti,30,558487,H01BA02,2026-09-18,2026-09-30,shortage,Teva B.V.,"Lisätietoja antaa: Teva Finland Oy, Teva Finland Oy, +358 20 180 5900, infofinland@tevapharm.com",2026-09-23T11:17:19.749046,225428
FI,Finland,FIMEA,Mirtazapin Sandoz 45 mg,Mirtazapine,45 mg,"tabletti, kalvopäällysteinen",250,511819,N06AX11,2026-07-21,2026-12-29,shortage,Sandoz A/S,"Lisätietoja antaa: Sandoz A/S, Sandoz A/S, +358 10 6133415, drug.shortage_nordic@sandoz.com",2026-09-23T11:17:19.749094,43370
FI,Finland,FIMEA,Nintedanib Zentiva 100 mg,Nintedanib esylate,100 mg,"kapseli, pehmeä",60 x 1,585903,L01EX09,2026-06-08,2026-10-01,shortage,Zentiva k.s.,"Lisätietoja antaa: Tamro Oyj, Liisa Itkonen, +358 20 44  54 100, pharmaceutical.services.finland@tamro.com",2026-09-23T11:17:19.749145,127310
FI,Finland,FIMEA,Nintedanib Zentiva 150 mg,Nintedanib esylate,150 mg,"kapseli, pehmeä",60 x 1,555279,L01EX09,2026-06-08,2026-10-01,shortage,Zentiva k.s.,"Lisätietoja antaa: Tamro Oyj, Liisa Itkonen, +358 20 44  54 100, pharmaceutical.services.finland@tamro.com",2026-09-23T11:17:19.749195,127329
FI,Finland,FIMEA,Bosutinib STADA 400 mg,Bosutinib,400 mg,"tabletti, kalvopäällysteinen",28,409831,L01EA04,2025-05-06,2026-09-30,shortage,STADA Arzneimittel AG,"Lisätietoja antaa: STADA Nordic ApS, Finnish branch, Hanna Kallio, +358405570209, hanna.kallio@stada.fi",2026-09-23T11:17:19.749243,151041
FI,Finland,FIMEA,Dexfarm 5 mg,Dexamphetamine sulphate,5 mg,tabletti,30,470662,N06BA02,2026-05-15,2026-10-15,shortage,Orifarm Healthcare A/S,"Lisätietoja antaa: Orifarm Healthcare Oy, Anna-Leena Haikkola, +35897746870, suomi@orifarm.com",2026-09-23T11:17:19.749293,106534
FI,Finland,FIMEA,Heparin Leo 5000 IU/ml,Heparin sodium,5000 IU/ml,"injektioneste, liuos",10 x 5 ml,065935,B01AB01,2026-04-22,2026-09-30,shortage,2care4 ApS,"Lisätietoja antaa: 2care4 ApS, filial, 2care4 ApS, filial, +358986264309, info@2care4.fi",2026-09-23T11:17:19.749341,5614
FI,Finland,FIMEA,Yellox 0.9 mg/ml,Bromfenac sodium sesquihydrate,0.9 mg/ml,"silmätipat, liuos",5 ml,464956,S01BC11,2025-11-13,2026-10-30,shortage,Paranova Oy,"Lisätietoja antaa: Paranova Oy, Sebastian Saari, +358 9 4391 850, info@paranova.fi",2026-09-23T11:17:19.749390,219010
FI,Finland,FIMEA,Tadalafil STADA Nordic 20 mg,Tadalafil,20 mg,"tabletti, kalvopäällysteinen",12 x 1,110966,G04BE08,2026-09-25,2026-11-30,shortage,STADA Nordic ApS,"Lisätietoja antaa: STADA Nordic ApS, Finnish branch, Hanna Kallio, +358405570209, hanna.kallio@stada.fi",2026-09-23T11:17:19.749442,68241
FI,Finland,FIMEA,Tadalafil STADA Nordic 5 mg,Tadalafil,5 mg,"tabletti, kalvopäällysteinen",84 x 1,121142,G04BE08,2026-07-22,2026-09-30,shortage,STADA Nordic ApS,"Lisätietoja antaa: STADA Nordic ApS, Finnish branch, Hanna Kallio, +358405570209, hanna.kallio@stada.fi",2026-09-23T11:17:19.749491,86274
FI,Finland,FIMEA,Hyrimoz 80 mg,Adalimumab,80 mg,"injektioneste, liuos, esitäytetty kynä",0.8 ml,503558,L04AB04,2026-09-09,2026-10-07,shortage,Sandoz GmbH,"Lisätietoja antaa: Sandoz A/S, Sandoz A/S, +358 10 6133415, drug.shortage_nordic@sandoz.com",2026-09-23T11:17:19.749538,
FI,Finland,FIMEA,Solu-Medrol 500 mg,Methylprednisolone sodium succinate,500 mg,"injektiokuiva-aine ja liuotin, liuosta varten",500 mg + 7.8 ml,442364,H02AB04,2026-05-06,2026-10-31,shortage,2care4 ApS,"Lisätietoja antaa: 2care4 ApS, filial, 2care4 ApS, filial, +358986264309, info@2care4.fi",2026-09-23T11:17:19.749585,26050
FI,Finland,FIMEA,Varenicline ratiopharm 1 mg,Varenicline citrate,1 mg,"tabletti, kalvopäällysteinen",56,386967,N07BA03,2026-04-14,2026-10-23,shortage,Teva B.V.,"Lisätietoja antaa: Teva Finland Oy, Teva Finland Oy, +358201805900, infofinland@tevapharm.com",2026-09-23T11:17:19.749634,230073
FI,Finland,FIMEA,Calcium folinate Kalceks 10 mg/ml,Calcium folinate,10 mg/ml,"injektio-/infuusioneste, liuos",10 x 30 ml,404943,V03AF03,2026-06-17,2026-10-12,shortage,Kalceks AS,"Lisätietoja antaa: Grindeks Kalceks Suomi Oy, Jari Puolakka, +358405356796, jari.puolakka@grindeks.fi",2026-09-23T11:17:19.749684,48852
FI,Finland,FIMEA,Oncovin 1 mg/ml,Vincristine sulfate,1 mg/ml,"injektioneste, liuos",1 ml,528716,L01CA02,2025-09-12,2026-10-31,shortage,Orifarm Oy,"Lisätietoja antaa: Orifarm Oy, Janne Liimatta, +358 9 7746 870, suomi@orifarm.com",2026-09-23T11:17:19.749732,24120
FI,Finland,FIMEA,Adempas 1 mg,Riociguat,1 mg,"tabletti, kalvopäällysteinen",42,378994,C02KX05,2025-12-29,2026-09-30,shortage,Paranova Oy,"Lisätietoja antaa: Paranova Oy, Sebastian Saari, +358 9 4391 850, info@paranova.fi",2026-09-23T11:17:19.749781,124672
FI,Finland,FIMEA,Remsima 120 mg,Infliximab,120 mg,"injektioneste, liuos, esitäytetty kynä",2 x 1 ml,399003,L04AB02,2026-08-24,2026-10-30,shortage,Orifarm Oy,"Lisätietoja antaa: Orifarm Oy, Janne Liimatta, +358 9 7746 870, suomi@orifarm.com",2026-09-23T11:17:19.749832,201715
FI,Finland,FIMEA,Pamorelin 22.5 mg,Triptorelin embonate,22.5 mg,"injektiokuiva-aine ja liuotin, depotsuspensiota varten",22.5 mg + 2 ml,481152,L02AE04,2026-05-20,2026-12-31,shortage,Abacus Medicine A/S,"Lisätietoja antaa: Abacus Medicine A/S, Jaisa Nykänen, +358942721465, jaisa.nykanen@abacusmedicine.com",2026-09-23T11:17:19.749881,91820
FI,Finland,FIMEA,Diacomit 500 mg,Stiripentol,500 mg,"kapseli, kova",60,452133,N03AX17,2025-12-01,2026-09-30,shortage,Paranova Oy,"Lisätietoja antaa: Paranova oy, Sebastian Saari, +35894391850, info@paranova.fi",2026-09-23T11:17:19.749929,88579
FI,Finland,FIMEA,Fycompa 10 mg,Perampanel,10 mg,"tabletti, kalvopäällysteinen",28,576205,N03AX22,2026-07-30,2026-09-30,shortage,Paranova Oy,"Lisätietoja antaa: Paranova Oy, Sebastian Saari, +358 9 4391 850, info@paranova.fi",2026-09-23T11:17:19.749980,115509
FI,Finland,FIMEA,Cresemba 100 mg,Isavuconazonium sulfate,100 mg,"kapseli, kova",14 x 1,527836,J02AC05,2026-08-26,2026-10-31,shortage,Paranova Oy,"Lisätietoja antaa: Paranova Oy, Sebastian Saari, +358 9 4391 850, info@paranova.fi",2026-09-23T11:17:19.750029,134392
FI,Finland,FIMEA,Omnic Ocas 0.4 mg,Tamsulosin hydrochloride,0.4 mg,depottabletti,90,077113,G04CA02,2026-08-10,2026-09-30,shortage,Orifarm Oy,"Lisätietoja antaa: Orifarm Oy, Janne Liimatta, +358 9 7746 870, suomi@orifarm.com",2026-09-23T11:17:19.750078,76236
FI,Finland,FIMEA,Dabigatran etexilate Sandoz 110 mg,Dabigatran etexilate mesilate,110 mg,"kapseli, kova",60,169188,B01AE07,2026-08-18,2026-12-31,shortage,Sandoz A/S,"Lisätietoja antaa: Sandoz A/S, Sandoz A/S, +358 10 6133415, drug.shortage_nordic@sandoz.com",2026-09-23T11:17:19.750125,86991
FI,Finland,FIMEA,Dabigatran etexilate Sandoz 110 mg,Dabigatran etexilate mesilate,110 mg,"kapseli, kova",180 (3 x 60),538617,B01AE07,2026-07-03,2026-10-21,shortage,Sandoz A/S,"Lisätietoja antaa: Sandoz A/S, Ropi Heikkilä, +358 50 592 5710, ropi.heikkila@sandoz.com",2026-09-23T11:17:19.750180,86991
FI,Finland,FIMEA,Prograf 5 mg,Tacrolimus monohydrate,5 mg,"kapseli, kova",50,092707,L04AD02,2026-03-23,2026-10-31,shortage,Abacus Medicine A/S,"Lisätietoja antaa: Abacus Medicine A/S, Henna Luoto, +358 9 42721465, henna.luoto@abacusmedicine.com",2026-09-23T11:17:19.750228,92398
FI,Finland,FIMEA,Sitagliptin/Metformin Grindeks 50 mg / 1000 mg,Metformin hydrochloride Sitagliptin hydrochloride monohydrate,50 mg / 1000 mg,"tabletti, kalvopäällysteinen",56,496573,A10BD07,2026-07-06,2026-12-31,shortage,Grindeks AS,"Lisätietoja antaa: Grindeks Kalceks Suomi Oy, Jari Puolakka, +358405356796, jari.puolakka@grindeks.fi",2026-09-23T11:17:19.750276,218154
FI,Finland,FIMEA,Sitagliptin/Metformin Grindeks 50 mg / 850 mg,Metformin hydrochloride Sitagliptin hydrochloride monohydrate,50 mg / 850 mg,"tabletti, kalvopäällysteinen",56,434612,A10BD07,2026-06-02,2026-12-21,shortage,Grindeks AS,"Lisätietoja antaa: Grindeks Kalceks Suomi Oy, Jari Puolakka, +358405356796, jari.puolakka@grindeks.fi",2026-09-23T11:17:19.750325,218162
FI,Finland,FIMEA,Fingolimod Mylan 0.5 mg,Fingolimod hydrochloride,0.5 mg,"kapseli, kova",28,487593,L04AE01,2025-10-15,2027-11-01,shortage,Mylan Pharmaceuticals Limited,"Lisätietoja antaa: Viatris Oy, Viatris Oy asiakasinformaatio, +358 20 720 9555, infofi@viatris.com",2026-09-23T11:17:19.750374,100129
FI,Finland,FIMEA,Dexamethasone phosphate Kabi 4 mg/ml,Dexamethasone sodium phosphate,4 mg/ml,"injektio-/infuusioneste, liuos",50 x 1 ml,495056,H02AB02,2025-12-18,2026-10-23,shortage,Fresenius Kabi AB,"Lisätietoja antaa: Fresenius Kabi Ab, sivuliike Suomessa, Fresenius Kabi, +35894281550, asiakaspalvelu@fresenius-kabi.com",2026-09-23T11:17:19.750425,752
FI,Finland,FIMEA,Icatibant ratiopharm 30 mg,Icatibant acetate,30 mg,"injektioneste, liuos, esitäytetty ruisku",3 ml,403095,B06AC02,2026-06-30,2027-01-29,shortage,Teva B.V.,"Lisätietoja antaa: Teva Finland Oy, Teva Finland Oy, +358201805900, infofinland@tevapharm.com",2026-09-23T11:17:19.750475,128635
FI,Finland,FIMEA,Fycompa 4 mg,Perampanel,4 mg,"tabletti, kalvopäällysteinen",28,123725,N03AX22,2026-09-08,2026-10-30,shortage,Orifarm Oy,"Lisätietoja antaa: Orifarm Oy, Janne Liimatta, +358 9 7746 870, suomi@orifarm.com",2026-09-23T11:17:19.750532,115479
FI,Finland,FIMEA,Rectogesic 4 mg/g,Glycerol trinitrate,4 mg/g,rektaalivoide,30 g,466897,C05AE01,2026-04-01,2026-12-31,shortage,Abacus Medicine A/S,"Lisätietoja antaa: Abacus Medicine A/S, Jaisa Nykänen, +358942721465, jaisa.nykanen@abacusmedicine.com",2026-09-23T11:17:19.750584,
FI,Finland,FIMEA,Botox 100 Allergan-yksikköä,Clostridium botulinum type A neurotoxin complex (900 kD),100 Allergan-yksikköä,"injektiokuiva-aine, liuosta varten",100 U,457936,M03AX01,2026-08-01,2026-12-31,shortage,Abacus Medicine A/S,"Lisätietoja antaa: Abacus Medicine A/S, Jaisa Nykänen, +358942721465, jaisa.nykanen@abacusmedicine.com",2026-09-23T11:17:19.750632,40436
FI,Finland,FIMEA,Temozolomide Teva 250 mg,Temozolomide,250 mg,"kapseli, kova",5,050731,L01AX03,2026-05-11,2026-11-30,shortage,Paranova Oy,"Lisätietoja antaa: Paranova Oy, Sebastian Saari, +358 9 4391 850, info@paranova.fi",2026-09-23T11:17:19.750683,52337
FI,Finland,FIMEA,Fycompa 8 mg,Perampanel,8 mg,"tabletti, kalvopäällysteinen",28,529403,N03AX22,2026-08-26,2026-10-08,shortage,Paranova Oy,"Lisätietoja antaa: Paranova Oy, Sebastian Saari, +358 9 4391 850, info@paranova.fi",2026-09-23T11:17:19.750732,115495
FI,Finland,FIMEA,Simponi 50 mg,Golimumab,50 mg,"injektioneste, liuos, esitäytetty ruisku",50 mg,591864,L04AB06,2026-09-25,2026-11-30,shortage,Paranova Oy,"Lisätietoja antaa: Paranova Oy, Sebastian Saari, +358 9 4391 850, info@paranova.fi",2026-09-23T11:17:19.750780,105406
FI,Finland,FIMEA,Reagila 1.5 mg,Cariprazine hydrochloride,1.5 mg,"kapseli, kova",28,466313,N05AX15,2026-09-22,2026-10-31,shortage,Paranova Oy,"Lisätietoja antaa: Paranova Oy, Sebastian Saari, +358 9 4391 850, info@paranova.fi",2026-09-23T11:17:19.750829,159123
FI,Finland,FIMEA,Pamorelin 22.5 mg,Triptorelin embonate,22.5 mg,"injektiokuiva-aine ja liuotin, depotsuspensiota varten",22.5 mg + 2 ml,425326,L02AE04,2024-02-01,2026-10-30,shortage,Paranova Oy,"Lisätietoja antaa: Paranova Oy, Sebastian Saari, +358 9 4391 850, info@paranova.fi",2026-09-23T11:17:19.750877,91820
FI,Finland,FIMEA,Teriflunomide Sandoz 14 mg,Teriflunomide,14 mg,"tabletti, kalvopäällysteinen",28,037083,L04AK02,2026-07-10,2026-10-21,shortage,Sandoz A/S,"Lisätietoja antaa: Sandoz A/S, Ropi Heikkilä, +358 50 592 5710, ropi.heikkila@sandoz.com",2026-09-23T11:17:19.750927,117838
FI,Finland,FIMEA,HYCAMTIN 1 mg,Topotecan hydrochloride,1 mg,"kapseli, kova",10,537718,L01CE01,2026-08-04,2026-09-30,shortage,Orifarm Oy,"Lisätietoja antaa: Orifarm Oy, Janne Liimatta, +358 9 7746 870, suomi@orifarm.com",2026-09-23T11:17:19.750977,87203
FI,Finland,FIMEA,Dexacur 4 mg/ml,Dexamethasone sodium phosphate,4 mg/ml,"injektio-/infuusioneste, liuos",3 x 1 ml,103337,H02AB02,2026-07-15,2026-12-31,shortage,Abboxia AB,"Lisätietoja antaa: Abboxia AB, 8243660, quality@frostpharma.com",2026-09-23T11:17:19.751027,752
FI,Finland,FIMEA,Fentanyl Sandoz 200 mikrog,Fentanyl citrate,200 mikrog,resoribletti,10 x 1,037646,N02AB03,2026-08-26,2026-09-30,shortage,Sandoz A/S,"Lisätietoja antaa: Sandoz A/S, Sandoz A/S, +358 10 6133415, drug.shortage_nordic@sandoz.com",2026-09-23T11:17:19.751074,96199
FI,Finland,FIMEA,Fentanyl Sandoz 300 mikrog,Fentanyl citrate,300 mikrog,resoribletti,30 x 1,402295,N02AB03,2026-08-06,2026-09-30,shortage,Sandoz A/S,"Lisätietoja antaa: Sandoz A/S, Sandoz A/S, +358 10 6133415, drug.shortage_nordic@sandoz.com",2026-09-23T11:17:19.751124,98191
FI,Finland,FIMEA,Sitagliptin STADA 25 mg,Sitagliptin hydrochloride monohydrate,25 mg,"tabletti, kalvopäällysteinen",100,154854,A10BH01,2026-07-09,2026-09-30,shortage,STADA Arzneimittel AG,"Lisätietoja antaa: STADA Nordic ApS, Finnish branch, Hanna Kallio, +358405570209, hanna.kallio@stada.fi",2026-09-23T11:17:19.751173,218103
FI,Finland,FIMEA,Sunitinib Accord 50 mg,Sunitinib,50 mg,"kapseli, kova",30,067216,L01EX01,2026-07-21,2026-09-30,shortage,Accord Healthcare S.L.U.,"Lisätietoja antaa: Accord Healthcare Oy, Accord Healthcare Oy, +358 10 2314180, asiakaspalvelu@accord-healthcare.com",2026-09-23T11:17:19.751221,214213
FI,Finland,FIMEA,Vildagliptin/Metformin STADA 50 mg / 1000 mg,Metformin hydrochloride Vildagliptin,50 mg / 1000 mg,"tabletti, kalvopäällysteinen",60,385928,A10BD08,2026-04-21,2026-09-30,shortage,STADA Arzneimittel AG,"Lisätietoja antaa: STADA Nordic ApS, Finnish branch, Hanna Kallio, +358405570209, hanna.kallio@stada.fi",2026-09-23T11:17:19.751273,85952
FI,Finland,FIMEA,Fesoterodine Stada 4 mg,Fesoterodine fumarate,4 mg,depottabletti,84,585787,G04BD11,2026-07-31,2026-10-31,shortage,STADA Arzneimittel AG,"Lisätietoja antaa: STADA Nordic ApS, Finnish branch, Hanna Kallio, +358405570209, hanna.kallio@stada.fi",2026-09-23T11:17:19.751323,86258
FI,Finland,FIMEA,Fesoterodine Stada 8 mg,Fesoterodine fumarate,8 mg,depottabletti,84,583794,G04BD11,2026-09-07,2026-10-31,shortage,STADA Arzneimittel AG,"Lisätietoja antaa: STADA Nordic ApS, Finnish branch, Hanna Kallio, +358405570209, hanna.kallio@stada.fi",2026-09-23T11:17:19.751371,86266
FI,Finland,FIMEA,Fingolimod Accord 0.5 mg,Fingolimod hydrochloride,0.5 mg,"kapseli, kova",28 x 1,063163,L04AE01,2024-05-31,2026-12-31,shortage,Accord Healthcare S.L.U.,"Lisätietoja antaa: Accord Healthcare Oy, Accord Healthcare Oy, +358 10 2314180, asiakaspalvelu@accord-healthcare.com",2026-09-23T11:17:19.751427,100129
FI,Finland,FIMEA,Sitagliptin/Metformin STADA 50 mg / 850 mg,Metformin hydrochloride Sitagliptin hydrochloride monohydrate,50 mg / 850 mg,"tabletti, kalvopäällysteinen",56,555499,A10BD07,2025-02-26,2026-09-30,shortage,STADA Arzneimittel AG,"Lisätietoja antaa: STADA Nordic ApS, Finnish branch, Hanna Kallio, +358405570209, hanna.kallio@stada.fi",2026-09-23T11:17:19.751475,218162
FI,Finland,FIMEA,Sitagliptin/Metformin STADA 50 mg / 850 mg,Metformin hydrochloride Sitagliptin hydrochloride monohydrate,50 mg / 850 mg,"tabletti, kalvopäällysteinen",196,436187,A10BD07,2025-02-26,2026-09-30,shortage,STADA Arzneimittel AG,"Lisätietoja antaa: STADA Nordic ApS, Finnish branch, Hanna Kallio, +358405570209, hanna.kallio@stada.fi",2026-09-23T11:17:19.751522,218162
FI,Finland,FIMEA,Sitagliptin/Metformin STADA 50 mg / 1000 mg,Metformin hydrochloride Sitagliptin hydrochloride monohydrate,50 mg / 1000 mg,"tabletti, kalvopäällysteinen",196,049623,A10BD07,2026-07-15,2026-09-30,shortage,STADA Arzneimittel AG,"Lisätietoja antaa: STADA Nordic ApS, Finnish branch, Hanna Kallio, +358405570209, hanna.kallio@stada.fi",2026-09-23T11:17:19.751571,218154
FI,Finland,FIMEA,Acnatac 10 mg/g + 0.25 mg/g,Clindamycin phosphate Tretinoin,10 mg/g + 0.25 mg/g,geeli,30 g,149416,D10AF51,2026-08-04,2026-09-30,shortage,Orifarm Oy,"Lisätietoja antaa: Orifarm Oy, Janne Liimatta, +358 9 7746 870, suomi@orifarm.com",2026-09-23T11:17:19.751623,113476
FI,Finland,FIMEA,Hukyndra 40 mg,Adalimumab,40 mg,"injektioneste, liuos, esitäytetty kynä",2 x 0.4 ml,510195,L04AB04,2026-09-28,2027-01-31,shortage,STADA Arzneimittel AG,"Lisätietoja antaa: STADA Nordic ApS, Finnish branch, Hanna Kallio, +358405570209, hanna.kallio@stada.fi",2026-09-23T11:17:19.751671,129798
FI,Finland,FIMEA,Pazopanib STADA 400 mg,Pazopanib hydrochloride,400 mg,"tabletti, kalvopäällysteinen",60 x 1 (2 x 30 x 1),153250,L01EX03,2026-07-02,2026-10-31,shortage,STADA Arzneimittel AG,"Lisätietoja antaa: STADA Nordic ApS, Finnish branch, Hanna Kallio, +358405570209, hanna.kallio@stada.fi",2026-09-23T11:17:19.751720,95273
FI,Finland,FIMEA,Temozolomide Accord 180 mg,Temozolomide,180 mg,"kapseli, kova",5 x 1,480705,L01AX03,2024-11-01,2026-12-31,shortage,Paranova Oy,"Lisätietoja antaa: Paranova Oy, Sebastian Saari, +358 9 4391 850, info@paranova.fi",2026-09-23T11:17:19.751771,84328
FI,Finland,FIMEA,Caspofungin Tillomed 70 mg,Caspofungin acetate,70 mg,"kuiva-aine välikonsentraatiksi infuusionestettä varten, liuos",70 mg,056758,J02AX04,2025-06-10,2026-12-31,shortage,Tillomed Pharma GmbH,"Lisätietoja antaa: FrostPharma AB, +46 8243660, quality@frostpharma.com",2026-09-23T11:17:19.751819,70319
FI,Finland,FIMEA,Caspofungin Tillomed 50 mg,Caspofungin acetate,50 mg,"kuiva-aine välikonsentraatiksi infuusionestettä varten, liuos",50 mg,443962,J02AX04,2025-03-26,2026-12-31,shortage,Tillomed Pharma GmbH,"Lisätietoja antaa: FrostPharma AB, quality@frostpharma.com",2026-09-23T11:17:19.751867,70300
FI,Finland,FIMEA,Sugammadex Stada 100 mg/ml,Sugammadex sodium,100 mg/ml,"injektioneste, liuos",10 x 5 ml,564759,V03AB35,2025-12-29,2026-12-31,shortage,STADA Arzneimittel AG,"Lisätietoja antaa: STADA Nordic ApS, Finnish branch, Hanna Kallio, +358405570209, hanna.kallio@stada.fi",2026-09-23T11:17:19.751916,87297
FI,Finland,FIMEA,Bupropion Accord 150 mg,Bupropion hydrochloride,150 mg,säädellysti vapauttava tabletti,90,446767,N06AX12,2025-02-11,2026-12-31,shortage,Accord Healthcare B.V.,"Lisätietoja antaa: Accord Healthcare Oy, Accord Healthcare Oy, +358 10 2314180, asiakaspalvelu@accord-healthcare.com",2026-09-23T11:17:19.751965,
FI,Finland,FIMEA,Bupropion Accord 150 mg,Bupropion hydrochloride,150 mg,säädellysti vapauttava tabletti,30,460625,N06AX12,2025-02-25,2026-12-31,shortage,Accord Healthcare B.V.,"Lisätietoja antaa: Accord Healthcare Oy, Accord Healthcare Oy, +358 10 2314180, asiakaspalvelu@accord-healthcare.com",2026-09-23T11:17:19.752013,82872
FI,Finland,FIMEA,Meropenem Kalceks 500 mg,Meropenem trihydrate,500 mg,injektio-/infuusiokuiva-aine liuosta varten,10 x 500 mg,141007,J01DH02,2026-05-04,2026-12-31,shortage,AS Kalceks,"Lisätietoja antaa: Grindeks Kalceks Suomi Oy, Jari Puolakka, +358405356796, jari.puolakka@grindeks.fi",2026-09-23T11:17:19.752060,94811
FI,Finland,FIMEA,Meropenem Kalceks 1 g,Meropenem trihydrate,1 g,injektio-/infuusiokuiva-aine liuosta varten,10 x 1 g,092277,J01DH02,2026-05-04,2026-12-31,shortage,AS Kalceks,"Lisätietoja antaa: Grindeks Kalceks Suomi Oy, Jari Puolakka, +358405356796, jari.puolakka@grindeks.fi",2026-09-23T11:17:19.752108,94838
FI,Finland,FIMEA,Efient 10 mg,Prasugrel hydrochloride,10 mg,"tabletti, kalvopäällysteinen",28,491966,B01AC22,2026-09-17,2026-10-01,shortage,Paranova Oy,"Lisätietoja antaa: Paranova Oy, Sebastian Saari, +358 9 4391 850, info@paranova.fi",2026-09-23T11:17:19.752156,196894
FI,Finland,FIMEA,Bupropion Sandoz 300 mg,Bupropion hydrochloride,300 mg,säädellysti vapauttava tabletti,30,184594,N06AX12,2026-01-23,2026-12-31,shortage,Sandoz A/S,"Lisätietoja antaa: Sandoz A/S, Sandoz A/S, +358 10 6133415, drug.shortage_nordic@sandoz.com",2026-09-23T11:17:19.752204,82899
FI,Finland,FIMEA,Bupropion Sandoz 300 mg,Bupropion hydrochloride,300 mg,säädellysti vapauttava tabletti,90,391418,N06AX12,2026-03-05,2026-12-31,shortage,Sandoz A/S,"Lisätietoja antaa: Sandoz A/S, Sandoz A/S, +358 10 6133415, drug.shortage_nordic@sandoz.com",2026-09-23T11:17:19.752257,82899
FI,Finland,FIMEA,Zonegran 25 mg,Zonisamide,25 mg,"kapseli, kova",56,445461,N03AX15,2026-07-28,2026-10-31,shortage,Abacus Medicine A/S,"Lisätietoja antaa: Abacus Medicine A/S, Jaisa Nykänen, +358942721465, jaisa.nykanen@abacusmedicine.com",2026-09-23T11:17:19.752306,95281
FI,Finland,FIMEA,Anidulafungin Reig Jofre 100 mg,Anidulafungin,100 mg,"kuiva-aine välikonsentraatiksi infuusionestettä varten, liuos",100 mg,544252,J02AX06,2025-04-25,2026-12-31,shortage,Bioglan AB,"Lisätietoja antaa: Bioglan AB, Sara Soares, +46 40 608 75 25, sara.soares@bioglan.se",2026-09-23T11:17:19.752355,85448
FI,Finland,FIMEA,Caloket 30 mg/ml,Ketorolac trometamol,30 mg/ml,"injektio-/infuusioneste, liuos",6 x 1 ml,176003,M01AB15,2024-08-01,2026-09-30,shortage,EQL Pharma AB,"Lisätietoja antaa: EQL Pharma, + 46 73 506 33 23, logistics@eqlpharma.com",2026-09-23T11:17:19.752403,
FI,Finland,FIMEA,Famvir 500 mg,Famciclovir,500 mg,"tabletti, kalvopäällysteinen",21,537279,J05AB09,2026-07-31,2026-10-30,shortage,Paranova Oy,"Lisätietoja antaa: Paranova Oy, Sebastian Saari, +358 9 4391 850, info@paranova.fi",2026-09-23T11:17:19.752450,43478
FI,Finland,FIMEA,Imatinib Accord 400 mg,Imatinib mesylate,400 mg,"tabletti, kalvopäällysteinen",30 x 1,139416,L01EA01,2026-08-21,2026-09-30,shortage,Orifarm Oy,"Lisätietoja antaa: Orifarm Oy, Janne Liimatta, +358 9 7746 870, suomi@orifarm.com",2026-09-23T11:17:19.752500,71307
FI,Finland,FIMEA,MAVENCLAD 10 mg,Cladribine,10 mg,tabletti,4,515937,L04AA40,2026-08-06,2026-09-30,shortage,Paranova Oy,"Lisätietoja antaa: Paranova Oy, Sebastian Saari, +358 9 4391 850, info@paranova.fi",2026-09-23T11:17:19.752548,149330
FI,Finland,FIMEA,Pantoprazole Kalceks 40 mg,Pantoprazole sodium sesquihydrate,40 mg,"injektiokuiva-aine, liuosta varten",40 mg,517777,A02BC02,2026-07-06,2026-12-31,shortage,AS Kalceks,"Lisätietoja antaa: Grindeks Kalceks Suomi Oy, Jari Puolakka, +358405356796, jari.puolakka@grindeks.fi",2026-09-23T11:17:19.752600,43044
FI,Finland,FIMEA,Dimethyl fumarate STADA 240 mg,Dimethyl fumarate,240 mg,"enterokapseli, kova",56 x 1,077493,L04AX07,2026-07-06,2027-02-28,shortage,STADA Arzneimittel AG,"Lisätietoja antaa: STADA Nordic ApS, Finnish branch, Hanna Kallio, +358405570209, hanna.kallio@stada.fi",2026-09-23T11:17:19.752649,108448
FI,Finland,FIMEA,Dimethyl fumarate STADA 120 mg,Dimethyl fumarate,120 mg,"enterokapseli, kova",14 x 1,491796,L04AX07,2026-04-21,2026-12-31,shortage,STADA Arzneimittel AG,"Lisätietoja antaa: STADA Nordic ApS, Finnish branch, Hanna Kallio, +358405570209, hanna.kallio@stada.fi",2026-09-23T11:17:19.752698,92967
FI,Finland,FIMEA,Tiotropium STADA 18 mikrog,Tiotropium bromide monohydrate,18 mikrog,"inhalaatiojauhe, kapseli, kova",30,196862,R03BB04,2026-08-31,2026-09-30,shortage,STADA Arzneimittel AG,"Lisätietoja antaa: STADA Nordic ApS, Finnish branch, Hanna Kallio, +358405570209, hanna.kallio@stada.fi",2026-09-23T11:17:19.752746,59919
FI,Finland,FIMEA,Tiotropium STADA 18 mikrog,Tiotropium bromide monohydrate,18 mikrog,"inhalaatiojauhe, kapseli, kova",90,171628,R03BB04,2026-08-31,2026-09-30,shortage,STADA Arzneimittel AG,"Lisätietoja antaa: STADA Nordic ApS, Finnish branch, Hanna Kallio, +358405570209, hanna.kallio@stada.fi",2026-09-23T11:17:19.752795,
FI,Finland,FIMEA,Tiotropium STADA 18 mikrog,Tiotropium bromide monohydrate,18 mikrog,"inhalaatiojauhe, kapseli, kova",30,551292,R03BB04,2026-08-31,2026-09-30,shortage,STADA Arzneimittel AG,"Lisätietoja antaa: STADA Nordic ApS, Finnish branch, Hanna Kallio, +358405570209, hanna.kallio@stada.fi",2026-09-23T11:17:19.752847,59919
FI,Finland,FIMEA,Pedippi 2 mg/ml,Omeprazole,2 mg/ml,jauhe oraalisuspensiota varten,47 g,038998,A02BC01,2025-03-01,2027-03-01,shortage,Oresund Pharma ApS (Øresund Pharma),"Lisätietoja antaa: Oresund Pharma, Julie Lindberg-Levin, jl@oresundpharma.com",2026-09-23T11:17:19.752894,104558
FI,Finland,FIMEA,Candesartan STADA 16 mg,Candesartan cilexetil,16 mg,tabletti,100,045800,C09CA06,2026-08-21,2026-10-21,shortage,STADA Arzneimittel AG,"Lisätietoja antaa: STADA Nordic ApS, Finnish branch, Hanna Kallio, +358405570209, hanna.kallio@stada.fi",2026-09-23T11:17:19.752942,48410
FI,Finland,FIMEA,Tadalafil Mylan 5 mg,Tadalafil,5 mg,"tabletti, kalvopäällysteinen",84,564514,G04BE08,2026-06-27,2027-04-15,shortage,Mylan Pharmaceuticals Limited,"Lisätietoja antaa: Viatris Oy, Viatris Oy asiakasinformaatio, +358 20 720 9555, infofi@viatris.com",2026-09-23T11:17:19.752989,86274
FI,Finland,FIMEA,Mitomycin Accord 20 mg,Mitomycin,20 mg,"injektio/infuusiokuiva-aine, liuosta varten",20 mg,463816,L01DC03,2026-01-01,2026-09-30,shortage,Accord Healthcare B.V.,"Lisätietoja antaa: Accord Healthcare Oy, Accord Healthcare Oy, +358 10 2314180, asiakaspalvelu@accord-healthcare.com",2026-09-23T11:17:19.753037,
FI,Finland,FIMEA,Oxycodone/Naloxone Stada 5 mg / 2.5 mg,Oxycodone hydrochloride Naloxone hydrochloride dihydrate,5 mg / 2.5 mg,depottabletti,98 x 1,495426,N02AA55,2026-08-12,2026-10-31,shortage,STADA Arzneimittel AG,"Lisätietoja antaa: STADA Nordic ApS, Finnish branch, Hanna Kallio, +358405570209, hanna.kallio@stada.fi",2026-09-23T11:17:19.753089,90220
FI,Finland,FIMEA,Rosuvastatin Actavis 15 mg,Rosuvastatin calcium,15 mg,"tabletti, kalvopäällysteinen",28,468292,C10AA07,2026-09-11,2026-10-05,shortage,ratiopharm GmbH,"Lisätietoja antaa: Teva Finland Oy, Teva Finland Oy, +358 20 180 5900, infofinland@tevapharm.com",2026-09-23T11:17:19.753135,
FI,Finland,FIMEA,Rosuvastatin Actavis 15 mg,Rosuvastatin calcium,15 mg,"tabletti, kalvopäällysteinen",98,521812,C10AA07,2026-09-03,2026-10-05,shortage,ratiopharm GmbH,"Lisätietoja antaa: Teva Finland Oy, Teva Finland Oy, +358201805900, infofinland@tevapharm.com",2026-09-23T11:17:19.753184,
FI,Finland,FIMEA,Tanonalla 10 mg / 5 mg,Oxycodone hydrochloride Naloxone hydrochloride dihydrate,10 mg / 5 mg,depottabletti,30 x 1,057291,N02AA55,2026-07-09,2026-09-30,shortage,Sandoz A/S,"Lisätietoja antaa: Sandoz A/S, Ropi Heikkilä, +358 50 592 5710, ropi.heikkila@sandoz.com",2026-09-23T11:17:19.753235,88838
FI,Finland,FIMEA,Tanonalla 5 mg / 2.5 mg,Oxycodone hydrochloride Naloxone hydrochloride dihydrate,5 mg / 2.5 mg,depottabletti,100 x 1,558576,N02AA55,2026-09-17,2026-09-30,shortage,Sandoz A/S,"Lisätietoja antaa: Sandoz A/S, Sandoz A/S, +358 10 6133415, drug.shortage_nordic@sandoz.com",2026-09-23T11:17:19.753286,90220
FI,Finland,FIMEA,Tanonalla 40 mg / 20 mg,Oxycodone hydrochloride Naloxone hydrochloride dihydrate,40 mg / 20 mg,depottabletti,30 x 1,450131,N02AA55,2026-08-26,2026-09-30,shortage,Sandoz A/S,"Lisätietoja antaa: Sandoz A/S, Sandoz A/S, +358 10 6133415, drug.shortage_nordic@sandoz.com",2026-09-23T11:17:19.753335,90239
FI,Finland,FIMEA,Trexan 25 mg/ml,Methotrexate,25 mg/ml,"injektioneste, liuos, esitäytetty ruisku",0.3 ml,562071,L04AX03,2026-08-24,2026-12-28,shortage,Orion Corporation,"Lisätietoja antaa: ORION CORPORATION, Orion Call Center, +358104398250, tuoteinformaatio@orionpharma.com",2026-09-23T11:17:19.753382,141194
FI,Finland,FIMEA,Trexan 25 mg/ml,Methotrexate,25 mg/ml,"injektioneste, liuos, esitäytetty ruisku",0.4 ml,049212,L04AX03,2026-06-22,2026-12-28,shortage,Orion Corporation,"Lisätietoja antaa: Orion Oyj, Orion Call Center, +358104398256, tuoteinformaatio@orionpharma.com",2026-09-23T11:17:19.753432,
FI,Finland,FIMEA,Trexan 25 mg/ml,Methotrexate,25 mg/ml,"injektioneste, liuos, esitäytetty ruisku",0.6 ml,396312,L04AX03,2026-05-04,2026-12-28,shortage,Orion Corporation,"Lisätietoja antaa: Orion Oyj, Orion Call Center, +358104398256, tuoteinformaatio@orionpharma.com",2026-09-23T11:17:19.753481,141224
FI,Finland,FIMEA,Trexan 25 mg/ml,Methotrexate,25 mg/ml,"injektioneste, liuos, esitäytetty ruisku",0.8 ml,406953,L04AX03,2026-08-03,2026-12-28,shortage,Orion Corporation,"Lisätietoja antaa: ORION CORPORATION, Orion Call Center, +358104398250, tuoteinformaatio@orionpharma.com",2026-09-23T11:17:19.753533,141240
FI,Finland,FIMEA,Trexan 25 mg/ml,Methotrexate,25 mg/ml,"injektioneste, liuos, esitäytetty ruisku",1.0 ml,456852,L04AX03,2026-06-10,2026-12-28,shortage,Orion Corporation,"Lisätietoja antaa: Orion Oyj, Orion Call Center, +358104398256, tuoteinformaatio@orionpharma.com",2026-09-23T11:17:19.753587,141267
FI,Finland,FIMEA,Iluvien 190 mikrog,Fluocinolone acetonide,190 mikrog,"implantaatti silmän lasiaiseen, asetin",1,506248,S01BA15,2026-08-08,2026-10-30,shortage,Alimera Sciences Europe Limited,"Lisätietoja antaa: Horus Pharma AB, Johan Wetterberg, +46 763 072 481, johan.wetterberg@linkmedical.eu",2026-09-23T11:17:19.753639,204315
FI,Finland,FIMEA,Tenkasi 400 mg,Oritavacin diphosphate,400 mg,"kuiva-aine välikonsentraatiksi infuusionestettä varten, liuos",3 x 400 mg,433794,J01XA05,2026-03-11,2026-09-30,shortage,Menarini International Operations Luxembourg S.A.,"Lisätietoja antaa: Berlin-Chemie/A. Menarini Suomi Oy, Daniela Wollstén, +358403000760, nordics@berlin-chemie.com",2026-09-23T11:17:19.753686,
FI,Finland,FIMEA,Lixiana 60 mg,Edoxaban tosilate,60 mg,"tabletti, kalvopäällysteinen",30,579911,B01AF03,2026-09-15,2026-11-15,shortage,Daiichi Sankyo Europe GmbH,"Lisätietoja antaa: Organon Finland Oy, Organon Finland Oy, Lääkeinformaatiopalvelu, +358291703520, dpoc.finland@organon.com",2026-09-23T11:17:19.753734,128201
FI,Finland,FIMEA,Lixiana 60 mg,Edoxaban tosilate,60 mg,"tabletti, kalvopäällysteinen",100,408102,B01AF03,2026-09-21,2026-12-20,shortage,Daiichi Sankyo Europe GmbH,"Lisätietoja antaa: Organon Finland Oy, Organon Finland Oy, Lääkeinformaatiopalvelu, +358291703520, dpoc.finland@organon.com",2026-09-23T11:17:19.753788,128201
FI,Finland,FIMEA,Paracetamol Accord 500 mg,Paracetamol,500 mg,tabletti,30,510281,N02BE01,2026-06-29,2026-09-30,shortage,Accord Healthcare B.V.,"Lisätietoja antaa: Accord Healthcare Oy, Accord Healthcare Oy, +358 10 2314180, asiakaspalvelu@accord-healthcare.com",2026-09-23T11:17:19.753838,67903
FI,Finland,FIMEA,Ketamin Abcur 50 mg/ml,Ketamine hydrochloride,50 mg/ml,"injektioneste, liuos",10 x 5 ml,048324,N01AX03,2023-12-22,2026-12-31,shortage,Abcur AB,"Lisätietoja antaa: Abcur AB, +46 42 135770, InfoAbcur@advanzpharma.com",2026-09-23T11:17:19.753889,143553
FI,Finland,FIMEA,Ketamin Abcur 10 mg/ml,Ketamine hydrochloride,10 mg/ml,"injektioneste, liuos",10 x 5 ml,520279,N01AX03,2023-11-22,2026-12-31,shortage,Abcur AB,"Lisätietoja antaa: Abcur AB, +46 42 135770, InfoAbcur@advanzpharma.com",2026-09-23T11:17:19.753938,143553
FI,Finland,FIMEA,Aripiprazole Ratiopharm 5 mg,Aripiprazole,5 mg,tabletti,28,105522,N05AX12,2026-05-29,2026-11-02,shortage,ratiopharm GmbH,"Lisätietoja antaa: Teva Finland Oy, Teva Finland Oy, +358201805900, infofinland@tevapharm.com",2026-09-23T11:17:19.753989,117633
FI,Finland,FIMEA,Aripiprazole Ratiopharm 5 mg,Aripiprazole,5 mg,tabletti,98,114391,N05AX12,2026-05-20,2026-11-02,shortage,ratiopharm GmbH,"Lisätietoja antaa: Teva Finland Oy, Teva Finland Oy, +358201805900, infofinland@tevapharm.com",2026-09-23T11:17:19.754041,117633
FI,Finland,FIMEA,Granisetron Baxter 1 mg/ml,Granisetron,1 mg/ml,"injektioneste, liuos",5 x 1 ml,559845,A04AA02,2025-11-08,2026-12-31,shortage,Baxter Holding B.V.,"Lisätietoja antaa: Baxter Oy, Katriina Itäaho, +358405679926, katriina_itaaho@baxter.com",2026-09-23T11:17:19.754090,50989
FI,Finland,FIMEA,Mometason Orion 50 mikrog/annos,Mometasone furoate monohydrate,50 mikrog/annos,"nenäsumute, suspensio",3 x 140 annosta,462488,R01AD09,2026-06-08,2026-09-28,shortage,Orion Corporation,"Lisätietoja antaa: Orion Oyj, Orion Call Center, +358104398250, tuoteinformaatio@orionpharma.com",2026-09-23T11:17:19.754139,52434
FI,Finland,FIMEA,Kaliumklorid Orifarm 750 mg,Potassium chloride,750 mg,depottabletti,100,525958,A12BA01,2026-07-22,2026-10-30,shortage,Orifarm Generics A/S,"Lisätietoja antaa: Orifarm Healthcare Oy, Anna-Leena Haikkola, +35897746870, suomi@orifarm.com",2026-09-23T11:17:19.754188,
FI,Finland,FIMEA,Moxifloxacin Orion 400 mg,Moxifloxacin hydrochloride,400 mg,"tabletti, kalvopäällysteinen",10,499390,J01MA14,2026-08-03,2026-12-14,shortage,Orion Corporation,"Lisätietoja antaa: ORION CORPORATION, Orion Call Center, +358104398256, tuoteinformaatio@orionpharma.com",2026-09-23T11:17:19.754235,67628
FI,Finland,FIMEA,Fulvestrant ratiopharm 250 mg,Fulvestrant,250 mg,"injektioneste, liuos, esitäytetty ruisku",2 x 5 ml,568748,L02BA03,2026-08-11,2027-02-01,shortage,Teva B.V.,"Lisätietoja antaa: Teva Finland Oy, Teva Finland Oy, +358201805900, infofinland@tevapharm.com",2026-09-23T11:17:19.754282,74934
FI,Finland,FIMEA,Ezetimibe ratiopharm 10 mg,Ezetimibe,10 mg,tabletti,28,061749,C10AX09,2025-08-18,2027-12-31,shortage,ratiopharm GmbH,"Lisätietoja antaa: Teva Finland Oy, Teva Finland Oy, +358201805900, info@tevafinland.fi",2026-09-23T11:17:19.754331,70645
FI,Finland,FIMEA,Ezetimibe ratiopharm 10 mg,Ezetimibe,10 mg,tabletti,98,539990,C10AX09,2025-08-05,2027-12-31,shortage,ratiopharm GmbH,"Lisätietoja antaa: Teva Finland Oy, Teva Finland Oy, +358201805900, info@tevafinland.fi",2026-09-23T11:17:19.754385,70645
FI,Finland,FIMEA,Sitagliptin ratiopharm 50 mg,Sitagliptin malate,50 mg,"tabletti, kalvopäällysteinen",28,440266,A10BH01,2026-05-13,2026-09-30,shortage,ratiopharm GmbH,"Lisätietoja antaa: Teva Finland Oy, Teva Finland Oy, +358201805900, infofinland@tevapharm.com",2026-09-23T11:17:19.754436,218111
FI,Finland,FIMEA,Sitagliptin ratiopharm 50 mg,Sitagliptin malate,50 mg,"tabletti, kalvopäällysteinen",98,164602,A10BH01,2026-08-31,2026-09-30,shortage,ratiopharm GmbH,"Lisätietoja antaa: Teva Finland Oy, Jyrki Hakkarainen, +358 40 5626437, jyrki.hakkarainen@tevapharm.com",2026-09-23T11:17:19.754485,218111
FI,Finland,FIMEA,Sitagliptin ratiopharm 100 mg,Sitagliptin malate,100 mg,"tabletti, kalvopäällysteinen",28,124476,A10BH01,2026-03-20,2026-09-30,shortage,ratiopharm GmbH,"Lisätietoja antaa: Teva Finland Oy, Teva Finland Oy, +358 20 180 5900, infofinland@tevapharm.com",2026-09-23T11:17:19.754533,218138
FI,Finland,FIMEA,Sitagliptin ratiopharm 100 mg,Sitagliptin malate,100 mg,"tabletti, kalvopäällysteinen",98,048997,A10BH01,2026-05-15,2026-09-30,shortage,ratiopharm GmbH,"Lisätietoja antaa: Teva Finland Oy, Teva Finland Oy, +358201805900, infofinland@tevapharm.com",2026-09-23T11:17:19.754580,218138
FI,Finland,FIMEA,Quetiapine Accord 150 mg,Quetiapine fumarate,150 mg,depottabletti,30,481017,N05AH04,2024-10-24,2026-09-30,shortage,Accord Healthcare B.V.,"Lisätietoja antaa: Accord Healthcare Oy, Accord Healthcare Oy, +358 10 2314180, asiakaspalvelu@accord-healthcare.com",2026-09-23T11:17:19.754630,94757
FI,Finland,FIMEA,Quetiapin Hexal 50 mg,Quetiapine fumarate,50 mg,depottabletti,120,404325,N05AH04,2025-12-18,2026-12-31,shortage,Hexal A/S,"Lisätietoja antaa: Sandoz A/S, Sandoz A/S, +358 10 6133415, drug.shortage_nordic@sandoz.com",2026-09-23T11:17:19.754679,84182
FI,Finland,FIMEA,Buprenorphine ratiopharm 5 mikrog/tunti,Buprenorphine,5 mikrog/tunti,depotlaastari,4,400508,N02AE01,2026-08-31,2026-10-09,shortage,ratiopharm GmbH,"Lisätietoja antaa: Teva Finland Oy, Teva Finland Oy, +358201805900, infofinland@tevapharm.com",2026-09-23T11:17:19.754728,89400
FI,Finland,FIMEA,Buprenorphine ratiopharm 5 mikrog/tunti,Buprenorphine,5 mikrog/tunti,depotlaastari,12,499175,N02AE01,2026-05-28,2026-11-30,shortage,ratiopharm GmbH,"Lisätietoja antaa: Teva Finland Oy, Teva Finland Oy, +358201805900, infofinland@tevapharm.com",2026-09-23T11:17:19.754780,89400
FI,Finland,FIMEA,Emtricitabine/Tenofovir Disoproxil Mylan 200 mg / 245 mg,Emtricitabine Tenofovir disoproxil maleate,200 mg / 245 mg,"tabletti, kalvopäällysteinen",30,386265,J05AR03,2026-08-15,2026-11-15,shortage,Mylan Pharmaceuticals Limited,"Lisätietoja antaa: Viatris Oy, Viatris Oy:n asiakasinformaatio, +358207209555, infofi@viatris.com",2026-09-23T11:17:19.754826,146560
FI,Finland,FIMEA,Sitagliptin ratiopharm 25 mg,Sitagliptin malate,25 mg,"tabletti, kalvopäällysteinen",98,533796,A10BH01,2026-06-11,2026-10-30,shortage,ratiopharm GmbH,"Lisätietoja antaa: Teva Finland Oy, Teva Finland Oy, +358201805900, infofinland@tevapharm.com",2026-09-23T11:17:19.754874,218103
FI,Finland,FIMEA,Yargesa 100 mg,Miglustat,100 mg,"kapseli, kova",84 x 1,470327,A16AX06,2026-02-28,2026-10-01,shortage,Piramal Critical Care B.V.,"Lisätietoja antaa: FrostPharma AB, +46 8243660, quality@frostpharma.com",2026-09-23T11:17:19.754917,69620
FI,Finland,FIMEA,Ibuxin 400 mg,Ibuprofen,400 mg,jauhe,20,446238,M01AE01,2026-09-18,2026-11-17,shortage,ratiopharm GmbH,"Lisätietoja antaa: Teva Finland Oy, Teva Finland Oy, +358201805900, infofinland@tevapharm.com",2026-09-23T11:17:19.754967,27278
FI,Finland,FIMEA,Cyanokit 5 g,Hydroxocobalamine,5 g,"infuusiokuiva-aine, liuosta varten",5 g,503317,V03AB33,2025-01-30,2027-03-31,shortage,Paranova Oy,"Lisätietoja antaa: Paranova Oy, Sebastian Saari, +358 9 4391 850, info@paranova.fi",2026-09-23T11:17:19.755012,101990
FI,Finland,FIMEA,Olmesartan medoxomil Krka 40 mg,Olmesartan medoxomil,40 mg,"tabletti, kalvopäällysteinen",98,060992,C09CA08,2026-06-30,2026-10-15,shortage,KRKA d.d. Novo mesto,"Lisätietoja antaa: KRKA Finland Oy, KRKA Finland Oy, +358207545330, info.fi@krka.biz",2026-09-23T11:17:19.755059,70211
FI,Finland,FIMEA,Quetiapin Hexal 200 mg,Quetiapine fumarate,200 mg,depottabletti,120,147881,N05AH04,2024-10-27,2026-12-31,shortage,Hexal A/S,"Lisätietoja antaa: Sandoz A/S, Sandoz A/S, +358 10 6133415, drug.shortage_nordic@sandoz.com",2026-09-23T11:17:19.755104,50776
FI,Finland,FIMEA,Quetiapin Hexal 300 mg,Quetiapine fumarate,300 mg,depottabletti,120,502704,N05AH04,2025-01-01,2026-12-31,shortage,Hexal A/S,"Lisätietoja antaa: Sandoz A/S, Sandoz A/S, +358 10 6133415, drug.shortage_nordic@sandoz.com",2026-09-23T11:17:19.755148,60283
FI,Finland,FIMEA,Tenofovir disoproxil Viatris 245 mg,Tenofovir disoproxil maleate,245 mg,"tabletti, kalvopäällysteinen",30,510951,J05AF07,2026-09-21,2027-02-01,shortage,Viatris Limited,"Lisätietoja antaa: Viatris Oy, Viatris Oy asiakasinformaatio, +358 20 720 9555, infofi@viatris.com",2026-09-23T11:17:19.755193,146633
FI,Finland,FIMEA,Buprenorphine Stada 5 mikrog/tunti,Buprenorphine,5 mikrog/tunti,depotlaastari,12,488616,N02AE01,2026-09-09,2027-01-31,shortage,STADA Arzneimittel AG,"Lisätietoja antaa: STADA Nordic ApS, Finnish branch, Hanna Kallio, +358405570209, hanna.kallio@stada.fi",2026-09-23T11:17:19.755239,89400
FI,Finland,FIMEA,Topimax 100 mg,Topiramate,100 mg,"tabletti, kalvopäällysteinen",60,018486,N03AX11,2026-08-31,2026-10-31,shortage,Paranova Oy,"Lisätietoja antaa: Paranova Oy, Sebastian Saari, +358 9 4391 850, info@paranova.fi",2026-09-23T11:17:19.755291,45764
FI,Finland,FIMEA,Buprenorphine ratiopharm 10 mikrog/tunti,Buprenorphine,10 mikrog/tunti,depotlaastari,12,478508,N02AE01,2026-07-16,2026-10-09,shortage,ratiopharm GmbH,"Lisätietoja antaa: Teva Finland Oy, Teva Finland Oy, +358201805900, infofinland@tevapharm.com",2026-09-23T11:17:19.755341,89419
FI,Finland,FIMEA,Buprenorphine ratiopharm 20 mikrog/tunti,Buprenorphine,20 mikrog/tunti,depotlaastari,12,145613,N02AE01,2026-06-23,2026-10-15,shortage,ratiopharm GmbH,"Lisätietoja antaa: Teva Finland Oy, Teva Finland Oy, +358201805900, infofinland@tevapharm.com",2026-09-23T11:17:19.755384,89435
FI,Finland,FIMEA,Atrovent Eco 20 mikrog/annos,Ipratropium bromide Ipratropium bromide monohydrate,20 mikrog/annos,"inhalaatiosumute, liuos",200 annosta,574917,R03BB01,2026-07-29,2027-03-31,shortage,Paranova Oy,"Lisätietoja antaa: Paranova Oy, Sebastian Saari, +358 9 4391 850, info@paranova.fi",2026-09-23T11:17:19.755429,73377
FI,Finland,FIMEA,Gabapentin Accord 400 mg,Gabapentin,400 mg,"kapseli, kova",100,103886,N02BF01,2025-11-18,2026-09-30,shortage,Accord Healthcare B.V.,"Lisätietoja antaa: Accord Healthcare Oy, Accord Healthcare Oy, +358 10 2314180, asiakaspalvelu@accord-healthcare.com",2026-09-23T11:17:19.755478,52833
FI,Finland,FIMEA,Gabapentin Accord 300 mg,Gabapentin,300 mg,"kapseli, kova",100,445888,N02BF01,2026-05-04,2026-10-30,shortage,Accord Healthcare B.V.,"Lisätietoja antaa: Accord Healthcare Oy, Accord Healthcare Oy, +358 10 2314180, asiakaspalvelu@accord-healthcare.com",2026-09-23T11:17:19.755528,52825
FI,Finland,FIMEA,Solifenacin Accord 10 mg,Solifenacin succinate,10 mg,"tabletti, kalvopäällysteinen",100,448424,G04BD08,2026-08-31,2026-09-30,shortage,Accord Healthcare B.V.,"Lisätietoja antaa: Accord Healthcare Oy, Accord Healthcare Oy, +358 10 2314180, asiakaspalvelu@accord-healthcare.com",2026-09-23T11:17:19.755573,75345
FI,Finland,FIMEA,Tadalafil Sandoz 5 mg,Tadalafil,5 mg,"tabletti, kalvopäällysteinen",84 x 1,511983,G04BE08,2026-07-21,2026-12-31,shortage,Sandoz A/S,"Lisätietoja antaa: Sandoz A/S, Sandoz A/S, +358 10 6133415, drug.shortage_nordic@sandoz.com",2026-09-23T11:17:19.755620,86274
FI,Finland,FIMEA,Tadalafil Sandoz 5 mg,Tadalafil,5 mg,"tabletti, kalvopäällysteinen",28 x 1,462238,G04BE08,2026-06-04,2026-12-31,shortage,Sandoz A/S,"Lisätietoja antaa: Sandoz A/S, Sandoz A/S, +358 10 6133415, drug.shortage_nordic@sandoz.com",2026-09-23T11:17:19.755664,86274
FI,Finland,FIMEA,Tadalafil Sandoz 20 mg,Tadalafil,20 mg,"tabletti, kalvopäällysteinen",4 x 1,371028,G04BE08,2026-02-19,2026-12-31,shortage,Sandoz A/S,"Lisätietoja antaa: Sandoz A/S, Sandoz A/S, +358 10 6133415, drug.shortage_nordic@sandoz.com",2026-09-23T11:17:19.755710,68241
FI,Finland,FIMEA,Tadalafil Sandoz 20 mg,Tadalafil,20 mg,"tabletti, kalvopäällysteinen",12 x 1,084453,G04BE08,2025-12-18,2026-12-31,shortage,Sandoz A/S,"Lisätietoja antaa: Sandoz A/S, Sandoz A/S, +358 10 6133415, drug.shortage_nordic@sandoz.com",2026-09-23T11:17:19.755755,68241
FI,Finland,FIMEA,Alfuzosin Hydrochloride Orion 10 mg,Alfuzosin hydrochloride,10 mg,depottabletti,30,517356,G04CA01,2026-08-24,2026-10-05,shortage,Orion Corporation,"Lisätietoja antaa: ORION CORPORATION, Orion Call Center, +358104398250, tuoteinformaatio@orionpharma.com",2026-09-23T11:17:19.755797,
FI,Finland,FIMEA,Etoricoxib Krka 30 mg,Etoricoxib,30 mg,"tabletti, kalvopäällysteinen",100,163453,M01AH05,2026-10-05,2026-10-21,shortage,KRKA d.d. Novo mesto,"Lisätietoja antaa: KRKA Finland Oy, KRKA Finland Oy, +358207545330, info.fi@krka.biz",2026-09-23T11:17:19.755840,85766
