country_code,country_name,source,medicine_name,active_substance,strength,package_size,dosage_form,product_no,atc_code,marketing_auth_holder,agent,shortage_start,estimated_end,notified_date,status,recommendations,scraped_at,prk
IS,Iceland,Lyfjastofnun,Wellbutrin XR (Lyfjaver),Bupropionum INN hýdróklóríð,300 mg,90 stk.,Tafla með breyttan losunarhraða,401840,N06AX12,Lyfjaver ehf,,2026-09-23,2026-10-15,2026-09-23,shortage,Aðrar pakkningastærðir eru á markaði / fáanlegar.,2026-09-23T20:59:58.029290,82899
IS,Iceland,Lyfjastofnun,Wellbutrin Retard (Lyfjaver),Bupropionum INN hýdróklóríð,300 mg,90 stk.,Tafla með breyttan losunarhraða,584402,N06AX12,Lyfjaver ehf.,,2026-09-23,2026-10-25,2026-09-23,shortage,Aðrar pakkningastærðir eru á markaði / fáanlegar.,2026-09-23T20:59:58.029887,82899
IS,Iceland,Lyfjastofnun,Octaplex,Blanda,1000 a.e.,1 stk.,"Innrennslisstofn og leysir, lausn",399482,B02BD01,Octapharma AB,Vistor hf,2026-09-23,2026-11-06,2026-08-20,shortage,Aðrir styrkleikar eru á markaði / fáanlegir.  Lyfið er til í öðrum styrkleika (500 a.e.). Heildsalan Distica hefur útvegað undanþágulyfið Octaplex með vörunúmerið 978569,2026-09-23T20:59:58.030458,130524
IS,Iceland,Lyfjastofnun,Duodopa,"Levodopum INN, Carbidopum INN",20 mg/ml + 5 mg/ml,100 ml,Hlaup,095314,N04BA02,AbbVie A/S,Vistor hf,2026-09-23,2026-09-23,2026-09-11,resolved,"Stuttur skortur á heildsölustigi, ólíklegt að skortur hafi áhrif á lyfjanotendur.",2026-09-23T20:59:58.031027,87165
IS,Iceland,Lyfjastofnun,Quetiapin Krka,Quetiapinum INN fúmarat,200 mg,100 stk.,Filmuhúðuð tafla,112732,N05AH04,KRKA d.d. Novo mesto,,2026-09-23,2026-10-30,2026-08-14,shortage,Aðrir styrkleikar og pakkningastærðir eru á markaði / fáanlegir.,2026-09-23T20:59:58.031564,50776
IS,Iceland,Lyfjastofnun,Visipaque,Iodixanolum INN,320 mg J/ml,50 ml,"Stungulyf, lausn",019132,V08AB09,GE Healthcare AS,Icepharma hf,2026-09-23,2026-11-12,2026-09-21,shortage,Aðrir styrkleikar og pakkningastærðir eru á markaði / fáanlegir.,2026-09-23T20:59:58.032116,41637
IS,Iceland,Lyfjastofnun,Vagifem,Estradiol,10 míkróg,18 stk.,Leggangatafla,092655,G03CA03,Novo Nordisk A/S*,Vistor hf,2026-09-23,2026-09-23,2026-09-11,resolved,"Stuttur skortur á heildsölustigi, ólíklegt að skortur hafi áhrif á lyfjanotendur.",2026-09-23T20:59:58.032657,
IS,Iceland,Lyfjastofnun,Arava,Leflunomidum INN,10 mg,100 stk.,Filmuhúðuð tafla,053371,L04AK01,Sanofi-Aventis Deutschland GmbH,Vistor hf,2026-09-23,2026-11-16,2026-09-11,shortage,Undanþágulyf hefur verið útvegað. Undanþágulyfið Arava 10 mg vnr. 972884 hefur verið útvegað,2026-09-23T20:59:58.033202,53600
IS,Iceland,Lyfjastofnun,Kestine,Ebastinum INN,20 mg,30 stk.,Filmuhúðuð tafla,029198,R06AX22,Almirall S.A.*,Vistor hf,2026-09-23,2026-09-23,2026-08-05,resolved,"Stuttur skortur á heildsölustigi, ólíklegt að skortur hafi áhrif á lyfjanotendur.",2026-09-23T20:59:58.033741,
IS,Iceland,Lyfjastofnun,Esomeprazol Actavis,Esomeprazolum INN magnesíum díhýdrat,20 mg,28 stk.,Magasýruþolin tafla,568745,A02BC05,Actavis Group PTC ehf.,Teva Pharma Iceland ehf.*,2026-09-23,2026-11-27,2026-08-20,shortage,Samheitalyf er á markaði / fáanlegt.,2026-09-23T20:59:58.034283,57851
IS,Iceland,Lyfjastofnun,Lacosamide Accord,Lacosamidum INN,50 mg,56 stk.,Filmuhúðuð tafla,548864,N03AX18,Accord Healthcare S.L.U.,,2026-09-23,2026-10-30,2026-08-18,shortage,Samheitalyf er á markaði / fáanlegt.,2026-09-23T20:59:58.034812,89036
IS,Iceland,Lyfjastofnun,Fortum,Ceftazidimum INN,2 g,2 g,"Stungulyfs-/innrennslisstofn, lausn",086231,J01DD02,Sandoz A/S,,2026-09-23,2026-09-23,2025-08-22,resolved,"Stuttur skortur á heildsölustigi, ólíklegt að skortur hafi áhrif á lyfjanotendur.",2026-09-23T20:59:58.035351,22209
IS,Iceland,Lyfjastofnun,Propolipid,Propofolum INN,10 mg/ml,100 ml,"Stungulyf/innrennslislyf, fleyti",021636,N01AX10,Fresenius Kabi AB,Vistor hf,2026-09-23,2026-09-23,2026-08-21,resolved,"Stuttur skortur á heildsölustigi, ólíklegt að skortur hafi áhrif á lyfjanotendur.",2026-09-23T20:59:58.035899,26190
IS,Iceland,Lyfjastofnun,Soluprick SQ (Grass Pollen),Blanda,10 HEP,2 ml,"Húðstungupróf, lausn",024583,V04CL,ALK-Abelló A/S,Vistor hf,2026-09-22,2026-11-16,2026-09-23,shortage,Ekkert sambærilegt lyf er á markaði / fáanlegt.,2026-09-23T20:59:58.036441,
IS,Iceland,Lyfjastofnun,Buprenorphine Alvogen,Buprenorphinum INN,5 míkróg/klst.,4 stk.,Forðaplástur,460889,N02AE01,Alvogen ehf.,,2026-09-22,2027-01-15,2026-07-06,shortage,Samheitalyf er á markaði / fáanlegt.,2026-09-23T20:59:58.037021,89400
IS,Iceland,Lyfjastofnun,Soluprick SQ (Animal Hair & Dander),"Hestaværur, Hundahár, Kattahár",10 HEP,2 ml,"Húðstungupróf, lausn",024482,V04CL,ALK-Abelló A/S,Vistor hf,2026-09-22,2026-11-16,2026-09-16,shortage,Aðrar pakkningastærðir eru á markaði / fáanlegar.,2026-09-23T20:59:58.037595,
IS,Iceland,Lyfjastofnun,Methylphenidate Sandoz,Methylphenidatum INN hýdróklóríð,54 mg,30 stk.,Forðatafla,531360,N06BA04,Sandoz A/S*,,2026-09-22,2026-09-22,2026-09-10,resolved,"Stuttur skortur á heildsölustigi, ólíklegt að skortur hafi áhrif á lyfjanotendur.",2026-09-23T20:59:58.038131,69272
IS,Iceland,Lyfjastofnun,Methylphenidate Sandoz,Methylphenidatum INN hýdróklóríð,18 mg,30 stk.,Forðatafla,589893,N06BA04,Sandoz A/S*,,2026-09-22,2026-09-22,2026-09-08,resolved,"Stuttur skortur á heildsölustigi, ólíklegt að skortur hafi áhrif á lyfjanotendur.",2026-09-23T20:59:58.038671,
IS,Iceland,Lyfjastofnun,Soluprick SQ (Animal Hair & Dander),"Hestaværur, Hundahár, Kattahár",10 HEP,2 ml,"Húðstungupróf, lausn",024478,V04CL,ALK-Abelló A/S,Vistor hf,2026-09-22,2026-11-16,2026-09-23,shortage,Ekkert sambærilegt lyf er á markaði / fáanlegt.,2026-09-23T20:59:58.039217,
IS,Iceland,Lyfjastofnun,Vizarsin,Sildenafilum INN cítrat,100 mg,4 x 1 stk.,Filmuhúðuð tafla,076270,G04BE03,Krka d.d. Novo mesto*,Krka Sverige AB,2026-09-21,2100-12-31,2026-08-31,shortage,Aðrar pakkningastærðir eru á markaði / fáanlegar.,2026-09-23T20:59:58.039761,225444
IS,Iceland,Lyfjastofnun,Cotrim,"Trimethoprimum INN, Sulfamethoxazolum INN",80/400 mg,30 stk.,Tafla,584306,J01EE01,Teva B.V.*,Teva Pharma Iceland ehf.*,2026-09-21,2026-12-31,2026-08-20,shortage,Undanþágulyf hefur verið útvegað. Undanþágulyf hefur verið útvegað. Lyfjastofnun hefur heimilað lyfjafræðingum að breyta ávísun á lyfið í skorti í undanþágulyfið Co-Trimoxazole 80/400 mg 28 stk vnr. 976201. Lyfið er í enskum umbúðum,2026-09-23T20:59:58.040306,7463
IS,Iceland,Lyfjastofnun,Zolsketil pegylated liposomal,"Doxorubicin hydrochloride, liposomal",2 mg/ml,10 ml,"Innrennslisþykkni, ördreifa",570737,L01DB01,Accord Healthcare S.L.U.,,2026-09-21,2026-10-06,2026-09-05,shortage,Aðrar pakkningastærðir eru á markaði / fáanlegar.,2026-09-23T20:59:58.040837,121703
IS,Iceland,Lyfjastofnun,Sorafenib STADA,Sorafenibum INN tósýlat,200 mg,112 stk.,Filmuhúðuð tafla,579302,L01EX02,STADA Arzneimittel AG,,2026-09-18,2026-09-25,2026-09-18,shortage,"Stuttur skortur á heildsölustigi, ólíklegt að skortur hafi áhrif á lyfjanotendur.",2026-09-23T20:59:58.041370,81450
IS,Iceland,Lyfjastofnun,Natriumklorid Fresenius Kabi,Sodium chloride,9 mg/ml,500 ml,"Innrennslislyf, lausn",141388,B05BB01,Fresenius Kabi AB,Vistor hf,2026-09-18,2026-10-27,2026-09-10,shortage,Aðrar pakkningastærðir eru á markaði / fáanlegar.,2026-09-23T20:59:58.041911,26182
IS,Iceland,Lyfjastofnun,Galantamin STADA,Galantaminum INN brómíð,8 mg,30 stk.,Hart forðahylki,564124,N06DA04,STADA Arzneimittel AG,,2026-09-18,2026-12-31,2026-06-04,shortage,"Undanþágulyf hefur verið útvegað. Lyfjastofnun hefur heimilað lyfjafræðingum að breyta ávísun á lyfið í skorti í undanþágulyfið Galantamin Parlogis 8 mg forðahylki 30 stk, vnr 999683 (hollenskar pakkningar).",2026-09-23T20:59:58.042435,76767
IS,Iceland,Lyfjastofnun,Buccolam,Midazolamum INN hýdróklóríð,5 mg,1 ml,Munnholslausn,435882,N05CD08,Neuraxpharm Pharmaceuticals S.L.,,2026-09-18,2026-10-29,2026-09-11,shortage,Samheitalyf er á markaði og aðrir styrkleikar.,2026-09-23T20:59:58.042956,210927
IS,Iceland,Lyfjastofnun,Míron Smelt,Mirtazapinum INN,15 mg,96 stk.,Munndreifitafla,192456,N06AX11,Teva B.V.*,Teva Pharma Iceland ehf.*,2026-09-17,2026-10-09,2026-08-19,shortage,Aðrar pakkningastærðir eru á markaði / fáanlegar.,2026-09-23T20:59:58.043503,67784
IS,Iceland,Lyfjastofnun,Taptiqom,"Tafluprostum INN, Timololum INN maleat",15 míkróg/ml + 5 mg/ ml,"0,3 ml","Augndropar, lausn í stakskammtaíláti",388898,S01ED51,Santen Oy,,2026-09-17,2026-11-01,2026-09-17,shortage,Önnur lyfjaform eru á markaði / fáanleg. Taptiqom Sine 15 mcg/ml + 5 mg/ml  er fáanlegt,2026-09-23T20:59:58.044041,212237
IS,Iceland,Lyfjastofnun,Phesgo,"Trastuzumabum INN, Pertuzumabum INN",1200 mg/600 mg,15 ml,"Stungulyf, lausn",097612,L01FY01,Roche Registration GmbH*,Icepharma hf.*,2026-09-17,2026-10-05,2026-09-17,shortage,Sérpöntun / útboðslyf.,2026-09-23T20:59:58.044593,207322
IS,Iceland,Lyfjastofnun,Tafil,Alprazolamum INN,"0,25 mg",100 stk.,Tafla,073841,N05BA12,Viatris ApS,Icepharma hf.*,2026-09-16,2026-10-03,2026-07-15,shortage,Ekkert sambærilegt lyf er á markaði / fáanlegt. Alprazolam Krka og Tafil retard forðatöflur eru fáanlegar.,2026-09-23T20:59:58.045137,31917
IS,Iceland,Lyfjastofnun,Zypadhera,Olanzapinum INN,300 mg,300 mg,"Stungulyfsstofn og leysir, forðadreifa",027988,N05AH03,"CHEPLAPHARM Registration GmbH,",,2026-09-16,2026-10-01,2026-08-26,shortage,Undanþágulyf hefur verið útvegað. Lyfjaver hefur útvegað undanþágulyfið Zypadhera 300 mg sts. með vörunúmerið 999807.,2026-09-23T20:59:58.045673,90204
IS,Iceland,Lyfjastofnun,Trajenta,Linagliptinum INN,5 mg,30 x 1 stk.,Filmuhúðuð tafla,091493,A10BH05,Boehringer Ingelheim International GmbH*,Vistor hf,2026-09-16,2026-09-16,2026-08-17,resolved,"Stuttur skortur á heildsölustigi, ólíklegt að skortur hafi áhrif á lyfjanotendur.",2026-09-23T20:59:58.046220,101125
IS,Iceland,Lyfjastofnun,Qsiva,"Phenterminum INN hýdróklóríð, Topiramatum INN",15/92 mg,30 stk.,Hart hylki með breyttan losunarhraða,466663,A08AA51,Vivus B.V.,,2026-09-16,2026-10-19,2026-09-09,shortage,Aðrir styrkleikar eru á markaði / fáanlegir.,2026-09-23T20:59:58.046806,
IS,Iceland,Lyfjastofnun,Flúoróúracil Accord,Fluorouracilum INN,50 mg/ml,100 ml,"Stungulyf/innrennslislyf, lausn",586959,L01BC02,Accord Healthcare B.V.,,2026-09-15,2026-09-17,2026-08-25,resolved,"Stuttur skortur á heildsölustigi, ólíklegt að skortur hafi áhrif á lyfjanotendur.",2026-09-23T20:59:58.047345,129704
IS,Iceland,Lyfjastofnun,Lerkanidipin Actavis,Lercanidipinum INN hýdróklóríð,10 mg,98 stk.,Filmuhúðuð tafla,065945,C08CA13,Actavis Group PTC ehf.,Teva Pharma Iceland ehf.*,2026-09-15,2026-12-11,2026-09-03,shortage,Undanþágulyf hefur verið útvegað. Heildsalan Parlogis hefur útvegað undanþágulyfið Corifeo 10 mg f.h. töflur 100 stk. Vnr 989824,2026-09-23T20:59:58.047928,48100
IS,Iceland,Lyfjastofnun,Ciprofloxacin Alvogen,Ciprofloxacin hydrochloride,500 mg,10 stk.,Filmuhúðuð tafla,169762,J01MA02,Alvogen ehf.,,2026-09-15,2027-01-29,2026-07-15,shortage,Samheitalyf er á markaði / fáanlegt.,2026-09-23T20:59:58.048466,138932
IS,Iceland,Lyfjastofnun,Marbodin,Memantinum INN hýdróklóríð,10 mg,98 stk.,Filmuhúðuð tafla,193285,N06DX01,STADA Arzneimittel AG,,2026-09-15,2026-09-28,2026-09-15,shortage,Aðrar pakkningastærðir eru á markaði / fáanlegar.,2026-09-23T20:59:58.049004,88838
IS,Iceland,Lyfjastofnun,Octaplex,Blanda,1000 a.e.,1 stk.,"Innrennslisstofn og leysir, lausn",399482,B02BD01,Octapharma AB,Vistor hf,2026-09-15,2026-11-06,2026-08-21,shortage,Aðrir styrkleikar eru á markaði / fáanlegir.  Lyfið er til í öðrum styrkleika (500 a.e.). Heildsalan Distica hefur útvegað undanþágulyfið Octaplex með vörunúmerið 978569,2026-09-23T20:59:58.049559,130524
IS,Iceland,Lyfjastofnun,Pyzchiva,Ustekinumabum INN,45 mg,"0,5 ml","Stungulyf, lausn í áfylltri sprautu",430898,L04AC05,Samsung Bioepis NL B.V.,,2026-09-15,2026-09-22,2026-03-05,resolved,"Stuttur skortur á heildsölustigi, ólíklegt að skortur hafi áhrif á lyfjanotendur.",2026-09-23T20:59:58.050097,102989
IS,Iceland,Lyfjastofnun,Valaciclovir Bluefish,Valaciclovirum INN hýdróklóríð,500 mg,90 stk.,Filmuhúðuð tafla,152687,J05AB11,Bluefish Pharmaceuticals AB,Artasan ehf,2026-09-15,2026-09-15,2026-08-14,resolved,"Stuttur skortur á heildsölustigi, ólíklegt að skortur hafi áhrif á lyfjanotendur.",2026-09-23T20:59:58.050660,42080
IS,Iceland,Lyfjastofnun,Nilemdo,Acidum bempedoicum INN,180 mg,28 stk.,Filmuhúðuð tafla,499107,C10AX15,DAIICHI SANKYO EUROPE GmbH*,,2026-09-15,2026-09-22,2026-09-01,resolved,"Stuttur skortur á heildsölustigi, ólíklegt að skortur hafi áhrif á lyfjanotendur.",2026-09-23T20:59:58.051193,214787
IS,Iceland,Lyfjastofnun,Revastad,Sildenafilum INN cítrat,20 mg,100 stk.,Filmuhúðuð tafla,392024,G04BE03,STADA Arzneimittel AG,,2026-09-15,2026-10-15,2026-09-07,shortage,Samheitalyf er á markaði / fáanlegt.,2026-09-23T20:59:58.051728,80365
IS,Iceland,Lyfjastofnun,Venlafaxin Krka,Venlafaxinum INN hýdróklóríð,150 mg,100 stk.,Hart forðahylki,057376,N06AX16,"KRKA, d.d., Novo mesto",LYFIS ehf.*,2026-09-14,2026-09-25,2026-08-14,shortage,Samheitalyf er á markaði og aðrir styrkleikar.,2026-09-23T20:59:58.052286,47538
IS,Iceland,Lyfjastofnun,Metronidazol Actavis,Metronidazolum INN,250 mg,24 stk.,Filmuhúðuð tafla,004855,P01AB01,Actavis Group PTC ehf.,Teva Pharma Iceland ehf.*,2026-09-14,2100-12-31,2026-08-20,shortage,"Lyfið er ekki til á lager þar sem pakkningin með þessu vörunúmeri er hætt, lyfið er fáanlegt í annarri pakkningu. Þetta vörunúmer hættir og vörunúmer 034847 kemur í staðinn",2026-09-23T20:59:58.052834,5193
IS,Iceland,Lyfjastofnun,Losatrix,Losartanum INN kalíum,100 mg,100 stk.,Filmuhúðuð tafla,026943,C09CA01,Alvogen ehf.,,2026-09-14,2100-12-31,2026-07-06,shortage,Samheitalyf er á markaði og aðrir styrkleikar.,2026-09-23T20:59:58.053363,60569
IS,Iceland,Lyfjastofnun,Sitagliptin Zentiva ApS,Sitagliptinum INN fosfat mónóhýdrat,25 mg,98 stk.,Filmuhúðuð tafla,129743,A10BH01,Zentiva k.s.*,Alvogen ehf.,2026-09-14,2026-09-18,2026-09-14,resolved,"Stuttur skortur á heildsölustigi, ólíklegt að skortur hafi áhrif á lyfjanotendur.",2026-09-23T20:59:58.053934,218103
IS,Iceland,Lyfjastofnun,Ceftriaxon Fresenius Kabi,Ceftriaxonum INN dínatríum,2 g,50 ml,"Innrennslisstofn, lausn",132384,J01DD04,Fresenius Kabi AB,,2026-09-14,2026-09-23,2026-08-26,resolved,Aðrir styrkleikar og/eða samheitalyf eru á markaði / fáanlegir.,2026-09-23T20:59:58.054472,218650
IS,Iceland,Lyfjastofnun,Lacosamide STADA,Lacosamidum INN,100 mg,56 stk.,Filmuhúðuð tafla,476652,N03AX18,STADA Arzneimittel AG,,2026-09-14,2026-11-20,2026-07-03,shortage,Samheitalyf er á markaði / fáanlegt.,2026-09-23T20:59:58.055006,217875
IS,Iceland,Lyfjastofnun,Lonsurf,"Trifluridinum INN, Tipiracilum INN hýdróklóríð","15 mg/6,14 mg",60 stk.,Filmuhúðuð tafla,158698,L01BC59,Les Laboratoires Servier*,Icepharma hf.*,2026-09-14,2026-09-16,2026-09-14,resolved,"Stuttur skortur á heildsölustigi, ólíklegt að skortur hafi áhrif á lyfjanotendur.",2026-09-23T20:59:58.055550,137529
IS,Iceland,Lyfjastofnun,Entresto,"Sacubitrilum INN, Valsartanum INN",49 mg/51 mg,56 stk.,Filmuhúðuð tafla,577135,C09DX04,Novartis Europharm Limited*,Vistor hf,2026-09-14,2026-09-14,2026-08-05,resolved,"Stuttur skortur á heildsölustigi, ólíklegt að skortur hafi áhrif á lyfjanotendur.",2026-09-23T20:59:58.056103,197998
IS,Iceland,Lyfjastofnun,Prograf (Lyfjaver),Tacrolimusum INN mónohýdrat,1 mg,50 stk.,Hart hylki,432261,L04AD02,Lyfjaver ehf.,,2026-09-14,2026-09-30,2026-09-11,shortage,"Aðrir styrkleikar eru á markaði / fáanlegir. Prograf (Lyfjaver) 0,5 mg er fáanlegt.",2026-09-23T20:59:58.056688,92371
IS,Iceland,Lyfjastofnun,Shingrix,Recombinant varicella zoster virus surface glycoprotein E,,1 stk.,"Stungulyfsstofn og dreifa, dreifa",176947,J07BK03,GlaxoSmithKline Biologicals S.A.*,Vistor hf,2026-09-13,2026-09-20,2026-08-28,resolved,"Stuttur skortur á heildsölustigi, ólíklegt að skortur hafi áhrif á lyfjanotendur.",2026-09-23T20:59:58.057258,202843
IS,Iceland,Lyfjastofnun,Angusta,Misoprostolum INN,25 míkróg,8 stk.,Tafla,044492,G02AD06,Norgine B.V.,,2026-09-13,2026-09-16,2026-08-25,resolved,"Stuttur skortur á heildsölustigi, ólíklegt að skortur hafi áhrif á lyfjanotendur.",2026-09-23T20:59:58.057796,58394
IS,Iceland,Lyfjastofnun,Travatan,Travoprostinum INN,40 míkróg/ml,"2,5 ml","Augndropar, lausn",517180,S01EE04,Novartis Europharm Limited*,Vistor hf,2026-09-11,2026-10-05,2026-08-18,shortage,"Lyfið er ekki til á lager þar sem pakkningin með þessu vörunúmeri er hætt, lyfið er fáanlegt í annarri pakkningu. Nýtt vörunúmer er 408599",2026-09-23T20:59:58.058346,206431
IS,Iceland,Lyfjastofnun,Strefen,Flurbiprofenum INN,"8,75 mg",16 stk.,Munnsogstafla,052317,R02AX01,Reckitt Benckiser Healthcare (Scandinavia) A/S,Artasan ehf,2026-09-10,2026-09-16,2026-09-02,resolved,"Stuttur skortur á heildsölustigi, ólíklegt að skortur hafi áhrif á lyfjanotendur.",2026-09-23T20:59:58.058907,96121
IS,Iceland,Lyfjastofnun,Methylphenidate Sandoz,Methylphenidatum INN hýdróklóríð,27 mg,30 stk.,Forðatafla,394768,N06BA04,Sandoz A/S,,2026-09-10,2026-09-22,2026-08-27,resolved,Aðrir styrkleikar og/eða samheitalyf eru á markaði / fáanlegir.,2026-09-23T20:59:58.059439,87076
IS,Iceland,Lyfjastofnun,"Domosedan, vet.",Detomidinum INN hýdróklóríð,10 mg/ml,5 ml,"Stungulyf, lausn",072132,QN05CM90,Orion Corporation (I)*,,2026-09-10,2026-10-10,2026-09-10,shortage,Ekkert sambærilegt lyf er á markaði / fáanlegt.,2026-09-23T20:59:58.059963,
IS,Iceland,Lyfjastofnun,CYSTADROPS,Mercaptaminum INN bítartrat,"3,8 mg/ml",5 ml,"Augndropar, lausn",161981,S01XA21,Recordati Rare Diseases*,Recordati AB*,2026-09-09,2026-09-09,2026-08-28,resolved,"Stuttur skortur á heildsölustigi, ólíklegt að skortur hafi áhrif á lyfjanotendur.",2026-09-23T20:59:58.060505,220965
IS,Iceland,Lyfjastofnun,Desferal,Deferoxaminum INN mesýlat,500 mg,500 mg,"Stungulyfs-/innrennslisstofn, lausn",189175,V03AC01,Mitem Pharma,,2026-09-09,2026-09-09,2026-08-28,resolved,"Stuttur skortur á heildsölustigi, ólíklegt að skortur hafi áhrif á lyfjanotendur. Heildsalan Distica hefur útvegað undanþágulyfið Desferal sts og irs, lausn 500 mg með vörunúmerið 978096",2026-09-23T20:59:58.061032,795
IS,Iceland,Lyfjastofnun,ABILIFY,Aripiprazolum INN,"7,5 mg/ml","1,33 ml","Stungulyf, lausn",053932,N05AX12,Otsuka Pharmaceutical Netherlands B.V.*,Vistor hf,2026-09-09,2026-09-24,2026-09-10,shortage,Önnur lyfjaform eru á markaði / fáanleg.,2026-09-23T20:59:58.061578,86118
IS,Iceland,Lyfjastofnun,Tafil,Alprazolamum INN,"0,5 mg",20 stk.,Tafla,073858,N05BA12,Upjohn EESV,Icepharma hf.*,2026-09-09,2026-10-26,2026-07-14,shortage,Ekkert sambærilegt lyf er á markaði / fáanlegt. Alprazolam Krka og Tafil retard forðatöflur eru fáanlegar.,2026-09-23T20:59:58.062118,76910
IS,Iceland,Lyfjastofnun,OxyContin Depot,Oxycodonum INN hýdróklóríð,80 mg,98 stk.,Forðatafla,088961,N02AA05,Mundipharma A/S,Icepharma hf,2026-09-09,2026-09-21,2026-09-09,resolved,Aðrir styrkleikar eru á markaði / fáanlegir.,2026-09-23T20:59:58.062664,57649
IS,Iceland,Lyfjastofnun,Alutard SQ (Cat hair),Kattahár,,5 ml,"Stungulyf, dreifa",025841,V01AA11,ALK-Abelló A/S,Vistor hf,2026-09-09,2026-09-28,2026-09-11,shortage,Ekkert sambærilegt lyf er á markaði / fáanlegt.,2026-09-23T20:59:58.063230,
IS,Iceland,Lyfjastofnun,Bupropion Teva,Bupropionum INN hýdróklóríð,150 mg,90 stk.,Tafla með breyttan losunarhraða,536004,N06AX12,Teva B.V.*,,2026-09-08,2026-10-23,2026-08-19,shortage,Samheitalyf er á markaði / fáanlegt.,2026-09-23T20:59:58.063766,82880
IS,Iceland,Lyfjastofnun,Lacosamide STADA,Lacosamidum INN,150 mg,56 stk.,Filmuhúðuð tafla,177662,N03AX18,STADA Arzneimittel AG,,2026-09-08,2026-10-26,2026-08-26,shortage,Aðrir styrkleikar eru á markaði / fáanlegir. Nægar birgðir eru fáanlegar af lyfinu í 50 mg styrkleika,2026-09-23T20:59:58.064295,
IS,Iceland,Lyfjastofnun,Xolair,Omalizumabum INN,300 mg,2 ml,"Stungulyf, lausn í áfylltum lyfjapenna",521313,R03DX05,Novartis Europharm Limited*,Vistor hf,2026-09-08,2026-09-08,2026-08-13,resolved,"Stuttur skortur á heildsölustigi, ólíklegt að skortur hafi áhrif á lyfjanotendur.",2026-09-23T20:59:58.064916,229458
IS,Iceland,Lyfjastofnun,Lonsurf,"Tipiracilum INN hýdróklóríð, Trifluridinum INN","20 mg/8,19 mg",60 stk.,Filmuhúðuð tafla,389330,L01BC59,Les Laboratoires Servier*,Icepharma hf.*,2026-09-08,2026-09-16,2026-09-10,resolved,Ekkert sambærilegt lyf er á markaði / fáanlegt.,2026-09-23T20:59:58.065460,137510
IS,Iceland,Lyfjastofnun,Ocrevus,Ocrelizumabum INN,300 mg,10 ml,"Innrennslisþykkni, lausn",533363,L04AG08,Roche Registration GmbH*,Icepharma hf.*,2026-09-07,2026-09-17,2026-09-07,resolved,Sérpöntun / útboðslyf.,2026-09-23T20:59:58.066006,149322
IS,Iceland,Lyfjastofnun,Fluconazol Krka,Fluconazole,150 mg,1 stk.,Hart hylki,531175,J02AC01,"KRKA, d.d., Novo mesto",LYFIS ehf.*,2026-09-07,2026-10-30,2026-07-08,shortage,Aðrar pakkningastærðir eru á markaði / fáanlegar.,2026-09-23T20:59:58.066551,30384
IS,Iceland,Lyfjastofnun,Centyl mite með kaliumklorid,"Kalii chloridum, Bendroflumethiazidum INN","1,25 mg/573 mg",100 stk.,Filmuhúðuð tafla,128348,C03AB01,Karo Pharma AB*,Alvogen ehf.,2026-09-07,2026-09-10,2026-08-20,resolved,"Stuttur skortur á heildsölustigi, ólíklegt að skortur hafi áhrif á lyfjanotendur.",2026-09-23T20:59:58.067160,
IS,Iceland,Lyfjastofnun,DuoResp Spiromax,"Budesonidum INN, Formoterolum INN fúmarat","160 míkróg/4,5 míkróg",120 skammtar,Innöndunarduft,186615,R03AK07,Teva Pharma B.V.,Alvogen ehf.,2026-09-07,2026-09-30,2026-08-31,shortage,Aðrar pakkningastærðir eru á markaði / fáanlegar.,2026-09-23T20:59:58.067729,79944
IS,Iceland,Lyfjastofnun,Medikinet CR,Methylphenidatum INN hýdróklóríð,5 mg,30 stk.,Hart hylki með breyttan losunarhraða,419828,N06BA04,Medice Arzneimittel Pütter GmbH & Co. KG*,Alvogen ehf.,2026-09-07,2026-09-10,2026-08-21,resolved,"Stuttur skortur á heildsölustigi, ólíklegt að skortur hafi áhrif á lyfjanotendur.",2026-09-23T20:59:58.068283,88374
IS,Iceland,Lyfjastofnun,Dabigatran Etexilate Accord,Dabigatranum etexilatum INN mesílat,110 mg,180x1 stk.,Hart hylki,488708,B01AE07,Accord Healthcare S.L.U.,,2026-09-07,2026-09-14,2026-08-26,resolved,Samheitalyf er á markaði / fáanlegt.,2026-09-23T20:59:58.068815,86991
IS,Iceland,Lyfjastofnun,Medikinet,Methylphenidatum INN hýdróklóríð,5 mg,30 stk.,Tafla,077606,N06BA04,Medice Arzneimittel Pütter GmbH & Co. KG*,Alvogen ehf.,2026-09-07,2026-09-10,2026-08-26,resolved,"Stuttur skortur á heildsölustigi, ólíklegt að skortur hafi áhrif á lyfjanotendur.",2026-09-23T20:59:58.069390,77798
IS,Iceland,Lyfjastofnun,Kaleorid,Potassium chloride,750 mg,250 stk.,Forðatafla,054877,A12BA01,Karo Pharma AB*,Alvogen ehf.,2026-09-07,2026-10-28,2026-08-21,shortage,Samheitalyf er á markaði / fáanlegt.,2026-09-23T20:59:58.069932,
IS,Iceland,Lyfjastofnun,Purevax RCP,"Feline rhinotracheitis virus, strain F2, Live, Feline calicivirus, strains 431 and G1, Inactivated, Feline panleucopenia virus, strain PLI IV, Live",,50 stk.,"Frostþurrkað stungulyf og leysir, dreifa",122534,QI06AH09,Boehringer Ingelheim Vetmedica GmbH*,Vistor hf,2026-09-04,2026-09-22,2026-09-07,resolved,Aðrar pakkningastærðir eru á markaði / fáanlegar.,2026-09-23T20:59:58.070479,
IS,Iceland,Lyfjastofnun,Zarator,Atorvastatin calcium,10 mg,100 stk.,Filmuhúðuð tafla,490805,C10AA05,Viatris ApS,Icepharma hf.*,2026-09-04,2026-09-30,2026-09-04,shortage,Samheitalyf er á markaði / fáanlegt. Lyfið er til á knappfyrningalager með fyrningu 30.09.2026.,2026-09-23T20:59:58.071020,98604
IS,Iceland,Lyfjastofnun,Nefoxef,Fexofenadinum INN hýdróklóríð,180 mg,100 stk.,Filmuhúðuð tafla,051358,R06AX26,Viatris Limited,Icepharma hf.*,2026-09-03,2100-01-01,2026-08-17,shortage,"Samheitalyf er á markaði / fáanlegt. Lyfið er ekki til á lager þar sem pakkningin með þessu vörunúmeri er hætt, lyfið er væntanlegt með annað vörunúmer.",2026-09-23T20:59:58.071565,48747
IS,Iceland,Lyfjastofnun,Amorolfin Apofri,Amorolfinum INN hýdróklóríð,5 %,3 ml,Lyfjalakk á neglur,522985,D01AE16,Evolan Pharma AB,,2026-09-03,2027-01-08,2026-09-03,shortage,Samheitalyf er á markaði / fáanlegt.,2026-09-23T20:59:58.072093,
IS,Iceland,Lyfjastofnun,ABILIFY,Aripiprazolum INN,15 mg,28 stk.,Tafla,010953,N05AX12,Otsuka Pharmaceutical Netherlands B.V.*,Vistor hf,2026-09-03,2026-09-03,2026-08-14,resolved,"Stuttur skortur á heildsölustigi, ólíklegt að skortur hafi áhrif á lyfjanotendur.",2026-09-23T20:59:58.072641,118397
IS,Iceland,Lyfjastofnun,Arixtra,Fondaparinux natríum,"7,5 mg/0,6 ml","0,6 ml","Stungulyf, lausn í áfylltri sprautu",403966,B01AX05,Viatris Healthcare Limited,Icepharma hf.*,2026-09-03,2026-09-17,2026-08-27,resolved,Aðrir styrkleikar eru á markaði / fáanlegir.,2026-09-23T20:59:58.073182,228044
IS,Iceland,Lyfjastofnun,Lacosamide Krka,Lacosamidum INN,150 mg,56 stk.,Filmuhúðuð tafla,153004,N03AX18,"Krka, d.d., Novo mesto",,2026-09-03,2026-10-30,2026-08-14,shortage,Aðrir styrkleikar og/eða samheitalyf eru á markaði / fáanlegir. Lyfið er til á knappfyrningalager með fyrningu 31.10.2026.,2026-09-23T20:59:58.073735,89044
IS,Iceland,Lyfjastofnun,Progestan,Progesteronum INN,200 mg,45 stk.,Mjúkt leggangahylki,522702,G03DA04,Besins Healthcare Ireland Limited*,,2026-09-02,2026-09-02,2026-08-03,resolved,"Stuttur skortur á heildsölustigi, ólíklegt að skortur hafi áhrif á lyfjanotendur.",2026-09-23T20:59:58.074257,
IS,Iceland,Lyfjastofnun,Presmin Combo,"Losartanum INN kalíum, Hydrochlorothiazide","50/12,5 mg",98 stk.,Filmuhúðuð tafla,103633,C09DA01,Alvogen ehf.,,2026-09-02,2026-10-14,2026-07-02,shortage,Samheitalyf er á markaði / fáanlegt.,2026-09-23T20:59:58.074785,69299
IS,Iceland,Lyfjastofnun,Alutard SQ (Phleum pratense),Phleum pratense,,5 ml,"Stungulyf, dreifa",546044,V01AA02,ALK-Abelló A/S,Vistor hf,2026-09-02,2026-10-01,2026-09-04,shortage,Aðrar pakkningastærðir eru á markaði / fáanlegar.,2026-09-23T20:59:58.075328,
IS,Iceland,Lyfjastofnun,Sugammadex hameln,Sugammadex sodium,100 mg/ml,5 ml,"Stungulyf, lausn",533367,V03AB35,hameln pharma gmbh,,2026-09-01,2026-09-29,2026-09-01,shortage,Aðrar pakkningastærðir eru á markaði / fáanlegar.,2026-09-23T20:59:58.075854,87297
IS,Iceland,Lyfjastofnun,Levemir Penfill,Insulinum detemirum INN,100 ein./ml,3 ml,"Stungulyf, lausn í rörlykju",015448,A10AE05,Novo Nordisk A/S*,Vistor hf,2026-09-01,2026-11-01,2026-08-28,shortage,Önnur lyfjaform eru á markaði / fáanleg.,2026-09-23T20:59:58.076396,35726
IS,Iceland,Lyfjastofnun,Alvofen Junior,Ibuprofenum INN,40 mg/ml,100 ml,"Mixtúra, dreifa",472337,M01AE01,Alvogen ehf.,,2026-09-01,2100-12-31,2026-08-17,shortage,Samheitalyf er á markaði / fáanlegt. Lyfið hættir vegna lítillar sölu en er til á knappfyrningalager með fyrningu 01.11.2026.,2026-09-23T20:59:58.076987,197998
IS,Iceland,Lyfjastofnun,Januvia,Sitagliptinum INN fosfat mónóhýdrat,50 mg,98 stk.,Filmuhúðuð tafla,076052,A10BH01,Merck Sharp & Dohme B.V.*,Vistor hf,2026-09-01,2027-01-01,2026-07-24,shortage,Samheitalyf er á markaði / fáanlegt. Þetta vörunúmer er hætt - samheitalyf er á markaði,2026-09-23T20:59:58.077542,218111
IS,Iceland,Lyfjastofnun,Furosemide Kalceks,Furosemidum INN,10 mg/ml,2 ml,"Stungulyf/innrennslislyf, lausn",083846,C03CA01,Kalceks AS,,2026-09-01,2027-09-01,2026-09-01,shortage,"Undanþágulyf hefur verið útvegað. Heildsalan Parlogis hefur útvegað undanþágulyfið Furosemide Accord 10 mg/ml (20 mg/2 ml) stl, 2 ml lausn 10 lykjur með vörunúmerið 977122.",2026-09-23T20:59:58.078087,1651
IS,Iceland,Lyfjastofnun,Phesgo,"Trastuzumabum INN, Pertuzumabum INN",1200 mg/600 mg,15 ml,"Stungulyf, lausn",097612,L01FY01,Roche Registration GmbH*,Icepharma hf.*,2026-09-01,2026-09-17,2026-09-07,resolved,Sérpöntun / útboðslyf.,2026-09-23T20:59:58.078631,207322
IS,Iceland,Lyfjastofnun,Tavneos,Avacopanum INN,10 mg,180 stk.,Hart hylki,166568,L04AJ05,Vifor Fresenius Medical Care Renal Pharma France*,,2026-08-31,2100-12-31,2026-08-31,shortage,"Ekkert sambærilegt lyf er á markaði / fáanlegt. Niðurfelling markaðsleyfis, vinsamlega skiptið sjúklingum á Tavneos yfir á aðrar meðferðir og ekki hefja nýjar meðferðir.",2026-09-23T20:59:58.079183,215384
IS,Iceland,Lyfjastofnun,Oxycodone Alvogen,Oxycodonum INN hýdróklóríð,10 mg,98 stk.,Forðatafla,428515,N02AA05,Alvogen ehf.,,2026-08-31,2100-12-31,2026-07-15,shortage,Samheitalyf er á markaði / fáanlegt.,2026-09-23T20:59:58.079711,57614
IS,Iceland,Lyfjastofnun,Visipaque,Iodixanolum INN,320 mg J/ml,200 ml,"Stungulyf, lausn",583609,V08AB09,GE Healthcare AS,Icepharma hf,2026-08-31,2026-09-09,2026-08-31,resolved,Aðrir styrkleikar og pakkningastærðir eru á markaði / fáanlegir.,2026-09-23T20:59:58.080271,131334
IS,Iceland,Lyfjastofnun,Zolsketil pegylated liposomal,"Doxorubicin hydrochloride, liposomal",2 mg/ml,10 ml,"Innrennslisþykkni, ördreifa",570737,L01DB01,Accord Healthcare S.L.U.,,2026-08-31,2026-10-31,2026-07-06,shortage,Aðrar pakkningastærðir eru á markaði / fáanlegar. Lyfið er til í annarri pakkningastærð á öðru vörunúmeri (118573),2026-09-23T20:59:58.080799,121703
IS,Iceland,Lyfjastofnun,Movicol Junior Neutral,Blanda,"6,9 g",30 stk.,"Mixtúruduft, lausn",040823,A06AD65,Norgine Healthcare B.V.,Vistor ehf,2026-08-31,2026-11-12,2026-08-11,shortage,Samheitalyf er á markaði / fáanlegt.,2026-09-23T20:59:58.081340,80950
IS,Iceland,Lyfjastofnun,Diprosalic,"Betamethasonum INN díprópíónat, Acidum salicylicum",,100 ml,Húðlausn,431985,D07XC01,N.V. Organon*,Vistor hf,2026-08-31,2026-11-17,2026-09-01,shortage,Ekki til lyf með sama ATC númer en sambærilegt lyf í sama flokki er á markaði / fáanlegt. Lyfið er til á knappfyrningalager með fyrningu 31.12.2026.,2026-09-23T20:59:58.081890,
IS,Iceland,Lyfjastofnun,Volidax,lisdexamfetaminum INN dimesylate,50 mg,30 stk.,Hart hylki,399953,N06BA12,Teva B.V.*,Teva Pharma Iceland ehf.*,2026-08-31,2100-12-31,2026-09-03,shortage,Samheitalyf er á markaði / fáanlegt.,2026-09-23T20:59:58.082431,198404
IS,Iceland,Lyfjastofnun,OxyNorm,Oxycodonum INN hýdróklóríð,10 mg/ml,2 ml,"Stungulyfs-/innrennslisþykkni, lausn",013628,N02AA05,Mundipharma A/S,Icepharma hf,2026-08-31,2026-09-22,2026-08-28,resolved,Aðrir styrkleikar eru á markaði / fáanlegir.,2026-09-23T20:59:58.082975,72761
IS,Iceland,Lyfjastofnun,SmofKabiven,Blanda,,2463 ml,"Innrennslislyf, fleyti",154651,B05BA10,Fresenius Kabi AB,Vistor hf,2026-08-29,2026-09-21,2026-08-11,resolved,Aðrir styrkleikar eru á markaði / fáanlegir.,2026-09-23T20:59:58.083517,89591
IS,Iceland,Lyfjastofnun,Valsartan/Hydrochlorothiazide Krka (Heilsa),"Valsartanum INN, Hydrochlorothiazide","160 mg/12,5 mg",98 stk.,Filmuhúðuð tafla,179608,C09DA03,Heilsa ehf.,,2026-08-28,2100-12-31,2026-08-10,shortage,Samheitalyf er á markaði / fáanlegt.,2026-09-23T20:59:58.084046,71390
IS,Iceland,Lyfjastofnun,Levemir Flexpen,Insulinum detemirum INN,100 ein./ml,3 ml,"Stungulyf, lausn í áfylltum lyfjapenna",476304,A10AE05,Novo Nordisk A/S*,Vistor hf,2026-08-28,2026-09-01,2026-08-28,resolved,"Stuttur skortur á heildsölustigi, ólíklegt að skortur hafi áhrif á lyfjanotendur.",2026-09-23T20:59:58.084583,106976
IS,Iceland,Lyfjastofnun,Etópósíð Accord,Etoposidum INN,20 mg/ml,25 ml,"Innrennslisþykkni, lausn",073728,L01CB01,Accord Healthcare B.V.,,2026-08-28,2026-09-15,2026-09-15,resolved,Ekkert sambærilegt lyf er á markaði / fáanlegt.,2026-09-23T20:59:58.085105,
IS,Iceland,Lyfjastofnun,Etópósíð Accord,Etoposidum INN,20 mg/ml,25 ml,"Innrennslisþykkni, lausn",073728,L01CB01,Accord Healthcare B.V.,,2026-08-28,2026-09-15,2026-08-21,resolved,Ekkert sambærilegt lyf er á markaði / fáanlegt.,2026-09-23T20:59:58.085623,
IS,Iceland,Lyfjastofnun,Rabeprazol Actavis,Rabeprazolum INN natríum,20 mg,100 stk.,Magasýruþolin tafla,546844,A02BC04,Actavis Group PTC ehf.,Teva Pharma Iceland ehf.*,2026-08-27,2026-11-27,2026-08-20,shortage,Samheitalyf er á markaði / fáanlegt.,2026-09-23T20:59:58.086164,54879
IS,Iceland,Lyfjastofnun,Coversyl Novum,Perindoprilum INN arginín,5 mg,90 stk.,Filmuhúðuð tafla,021033,C09AA04,Les Laboratoires Servier*,Icepharma hf,2026-08-27,2027-01-31,2026-08-27,shortage,Undanþágulyf hefur verið útvegað. Heildsalan Parlogis hefur útvegað undanþágulyfið Prestarium Neo 5 mg 90 stk. með vörunúmerið 973530.,2026-09-23T20:59:58.086734,85162
IS,Iceland,Lyfjastofnun,Carvedilol STADA,Carvedilolum INN,"12,5 mg",100 stk.,Tafla,018431,C07AG02,STADA Arzneimittel AG,,2026-08-27,2026-09-01,2026-08-26,resolved,"Stuttur skortur á heildsölustigi, ólíklegt að skortur hafi áhrif á lyfjanotendur. Á markaði eru Carvedilol STADA 25 mg töflur með deiliskoru, sem skipta má í tvo jafna hluta",2026-09-23T20:59:58.087279,74241
IS,Iceland,Lyfjastofnun,Daivobet,"Calcipotriolum INN, Betamethasonum INN díprópíónat","50 míkróg/g /0,5 mg/ g",60 g,Hlaup,088714,D05AX52,LEO Pharma A/S*,Vistor hf,2026-08-27,2026-08-27,2026-08-12,resolved,"Stuttur skortur á heildsölustigi, ólíklegt að skortur hafi áhrif á lyfjanotendur.",2026-09-23T20:59:58.087817,89761
IS,Iceland,Lyfjastofnun,Melatonin Teva,Melatoninum INN,2 mg,30 stk.,Forðatafla,123874,N05CH01,Teva B.V.*,Teva Pharma Iceland ehf.*,2026-08-27,2026-09-11,2026-08-20,resolved,"Stuttur skortur á heildsölustigi, ólíklegt að skortur hafi áhrif á lyfjanotendur.",2026-09-23T20:59:58.088373,86819
IS,Iceland,Lyfjastofnun,Levemir Flexpen,Insulinum detemirum INN,100 ein./ml,3 ml,"Stungulyf, lausn í áfylltum lyfjapenna",476304,A10AE05,Novo Nordisk A/S*,Vistor hf,2026-08-26,2026-08-26,2026-08-04,resolved,"Stuttur skortur á heildsölustigi, ólíklegt að skortur hafi áhrif á lyfjanotendur.",2026-09-23T20:59:58.088917,106976
IS,Iceland,Lyfjastofnun,Dabigatran Etexilate Accord,Dabigatranum etexilatum INN mesílat,110 mg,60x1 stk.,Hart hylki,475110,B01AE07,Accord Healthcare S.L.U.,,2026-08-26,2026-10-12,2026-08-26,shortage,Samheitalyf er á markaði / fáanlegt.,2026-09-23T20:59:58.089463,86991
IS,Iceland,Lyfjastofnun,Atomoxetine STADA,Atomoxetinum INN hýdróklóríð,60 mg,30 stk.,Hart hylki,577616,N06BA09,STADA Arzneimittel AG,,2026-08-26,2026-09-08,2026-08-07,resolved,"Stuttur skortur á heildsölustigi, ólíklegt að skortur hafi áhrif á lyfjanotendur.",2026-09-23T20:59:58.090002,76740
IS,Iceland,Lyfjastofnun,Dabigatran Etexilate Accord,Dabigatranum etexilatum INN mesílat,150 mg,60x1 stk.,Hart hylki,533841,B01AE07,Accord Healthcare S.L.U.,,2026-08-26,2026-09-15,2026-08-26,resolved,Samheitalyf er á markaði / fáanlegt.,2026-09-23T20:59:58.090532,98361
IS,Iceland,Lyfjastofnun,Lacosamide Medical Valley,Lacosamidum INN,150 mg,56 stk.,Filmuhúðuð tafla,391197,N03AX18,Medical Valley Invest AB,,2026-08-26,2026-09-15,2026-08-18,resolved,Samheitalyf er á markaði og aðrir styrkleikar.,2026-09-23T20:59:58.091065,89044
IS,Iceland,Lyfjastofnun,Dabigatran Etexilate Accord,Dabigatranum etexilatum INN mesílat,150 mg,180x1 stk.,Hart hylki,118904,B01AE07,Accord Healthcare S.L.U.,,2026-08-26,2026-10-13,2026-08-26,shortage,Samheitalyf er á markaði / fáanlegt.,2026-09-23T20:59:58.091595,98361
IS,Iceland,Lyfjastofnun,CYTOPOINT,Lokivetmabum INN,40 mg,1 ml,"Stungulyf, lausn",473079,QD11AH91,Zoetis Belgium S.A.*,Icepharma hf.*,2026-08-26,2026-09-02,2026-08-26,resolved,"Stuttur skortur á heildsölustigi, ólíklegt að skortur hafi áhrif á lyfjanotendur.",2026-09-23T20:59:58.092139,
IS,Iceland,Lyfjastofnun,Laxoberal,Natrii picosulfas INN,"7,5 mg/ml",30 ml,"Dropar til inntöku, lausn",427765,A06AB08,Opella Healthcare France S.A.S.,STADA Nordic ApS.,2026-08-25,2026-08-27,2026-08-17,resolved,"Stuttur skortur á heildsölustigi, ólíklegt að skortur hafi áhrif á lyfjanotendur.",2026-09-23T20:59:58.092683,
IS,Iceland,Lyfjastofnun,Hypotron,Midodrinum INN hýdróklóríð,"2,5 mg",100 stk.,Tafla,469899,C01CA17,Brancaster Pharma Ireland Ltd.,,2026-08-25,2026-09-22,2026-08-06,resolved,"Til skoðunar. Umboðsaðili, lyfsins í skorti, ásamt Lyfjastofnun og öðrum heilbrigðisstarfsmönnum vinna að útfærslu mótvægisaðgerða sem hafa þann tilgang að tryggja meðferð lyfjanotenda og draga úr neikvæðum áhrifum lyfjaskortsins á heilbrigðiskerfið. Von er á frekari upplýsingum.",2026-09-23T20:59:58.093217,50717
IS,Iceland,Lyfjastofnun,Hydromed,Hydrochlorothiazide,25 mg,100 stk.,Tafla,404818,C03AA03,EQL Pharma AB,Vistor hf,2026-08-25,2026-10-09,2026-08-25,shortage,Aðrir styrkleikar eru á markaði / fáanlegir. Hydromed 12.5 mg er fáanlegt.,2026-09-23T20:59:58.093763,211125
IS,Iceland,Lyfjastofnun,Fluoxetin Viatris,Fluoxetinum INN hýdróklóríð,20 mg,100 stk.,Hart hylki,443903,N06AB03,Viatris Limited,Icepharma hf.*,2026-08-25,2026-09-09,2026-07-14,resolved,Samheitalyf er á markaði / fáanlegt.,2026-09-23T20:59:58.094314,28444
IS,Iceland,Lyfjastofnun,Tysabri,Natalizumabum INN,300 mg,15 ml,"Innrennslisþykkni, lausn",056915,L04AG03,Biogen Netherlands B.V.,Icepharma hf.*,2026-08-24,2026-09-28,2026-08-24,shortage,Önnur lyfjaform eru á markaði / fáanleg.,2026-09-23T20:59:58.094857,80934
IS,Iceland,Lyfjastofnun,Enalapril Krka,Enalaprilum INN maleat,10 mg,100 stk.,Tafla,023641,C09AA02,KRKA d.d. Novo mesto,LYFIS ehf.*,2026-08-24,2026-10-02,2026-06-29,shortage,Samheitalyf er á markaði / fáanlegt.,2026-09-23T20:59:58.095402,21083
IS,Iceland,Lyfjastofnun,Vectavir,Penciclovirum INN,10 mg/ml,2 g,Krem,452215,D06BB06,Perrigo Sverige AB,Vistor hf,2026-08-24,2027-01-23,2026-08-08,shortage,Samheitalyf er á markaði / fáanlegt.,2026-09-23T20:59:58.095940,
IS,Iceland,Lyfjastofnun,Zypadhera,Olanzapinum INN,210 mg,210 mg,"Stungulyfsstofn og leysir, forðadreifa",027976,N05AH03,"CHEPLAPHARM Registration GmbH,",,2026-08-24,2026-09-22,2026-07-16,resolved,Aðrir styrkleikar og lyfjaform eru á markaði / fáanlegir.,2026-09-23T20:59:58.096466,90190
IS,Iceland,Lyfjastofnun,Aimovig,Erenumabum INN,70 mg,1 ml,"Stungulyf, lausn í áfylltum lyfjapenna",568054,N02CD01,Novartis Europharm Limited*,Vistor hf,2026-08-22,2026-08-25,2026-08-13,resolved,"Stuttur skortur á heildsölustigi, ólíklegt að skortur hafi áhrif á lyfjanotendur.",2026-09-23T20:59:58.097049,209341
IS,Iceland,Lyfjastofnun,Ondansetron Bluefish,Ondansetronum INN hýdróklóríð,4 mg,50 stk.,Filmuhúðuð tafla,374672,A04AA01,Bluefish Pharmaceuticals AB,Artasan ehf,2026-08-22,2026-08-22,2026-08-07,resolved,"Stuttur skortur á heildsölustigi, ólíklegt að skortur hafi áhrif á lyfjanotendur.",2026-09-23T20:59:58.097620,31496
IS,Iceland,Lyfjastofnun,Docetaxel Kabi,Docetaxelum INN,160 mg/8 ml,8 ml,"Innrennslisþykkni, lausn",580144,L01CD02,Fresenius Kabi Deutschland GmbH,Vistor hf,2026-08-21,2100-12-31,2026-08-21,shortage,"Um er að ræða lyf sem er að jafnaði ekki til á lager, en heildsala mun panta það ef þörf er á. Heildsalan Distica hefur útvegað undanþágulyfið Docetaxel STADA með vörunúmerið 970811",2026-09-23T20:59:58.098186,94234
IS,Iceland,Lyfjastofnun,Heparin LEO,Heparin sodium,5000 a.e./ml,5 ml,"Stungulyf, lausn",464327,B01AB01,LEO Pharma A/S*,Vistor hf,2026-08-21,2026-11-13,2026-08-25,shortage,Undanþágulyf hefur verið útvegað. Parlogis hefur útvega vnr. 974846 Heparin LEO 100 A.E/ML skollausn 10 ml x 10 hgl.,2026-09-23T20:59:58.098737,5614
IS,Iceland,Lyfjastofnun,Docetaxel Accord,Docetaxelum INN,160 mg/8 ml,8 ml,"Innrennslisþykkni, lausn",579184,L01CD02,Accord Healthcare S.L.U.,,2026-08-21,2026-09-15,2026-06-30,resolved,Undanþágulyf hefur verið útvegað. Heildsalan Distica hefur útvegað undanþágulyfið Docetaxel STADA með vörunúmerið 970811,2026-09-23T20:59:58.099273,94234
IS,Iceland,Lyfjastofnun,Xerodent,"Natrii fluoridum, Acidum malicum","28,6/0,25 mg",90 stk.,Munnsogstafla,013593,A01AA30,Karo Pharma AB*,Alvogen ehf.,2026-08-21,2027-01-31,2026-05-18,shortage,Ekkert sambærilegt lyf er á markaði / fáanlegt. Apótek selja ýmsar vörur sem vinna gegn munnþurrki.,2026-09-23T20:59:58.099821,
IS,Iceland,Lyfjastofnun,Metojectpen,Methotrexatum INN,"22,5 mg","22,5 mg","Stungulyf, lausn í áfylltum lyfjapenna",401931,L04AX03,medac Gesellschaft für klinische Spezialpräparate GmbH,,2026-08-20,2026-09-08,2026-07-22,resolved,Aðrir styrkleikar eru á markaði / fáanlegir.,2026-09-23T20:59:58.100347,35327
IS,Iceland,Lyfjastofnun,Topiramat Actavis,Topiramatum INN,25 mg,60 stk.,Filmuhúðuð tafla,099835,N03AX11,Actavis Group PTC ehf.,Teva Pharma Iceland ehf.*,2026-08-20,2026-09-18,2026-06-25,resolved,Aðrir styrkleikar eru á markaði / fáanlegir. Topiramat Actavis 100 mg er fáanlegt.,2026-09-23T20:59:58.100895,45756
IS,Iceland,Lyfjastofnun,Topiramat Actavis,Topiramatum INN,50 mg,60 stk.,Filmuhúðuð tafla,099847,N03AX11,Actavis Group PTC ehf.,Teva Pharma Iceland ehf.*,2026-08-20,2026-09-18,2026-06-25,resolved,Aðrir styrkleikar eru á markaði / fáanlegir. Topiramat Actavis 100 mg er fáanlegt.,2026-09-23T20:59:58.101441,43982
IS,Iceland,Lyfjastofnun,Avonex,Interferonum beta-1a INN,30 míkróg/ 0.5 ml,"0,5 ml","Stungulyf, lausn",412547,L03AB07,Biogen Netherlands B.V.,Icepharma hf.*,2026-08-19,2026-09-28,2026-08-19,shortage,Aðrar pakkningastærðir eru á markaði / fáanlegar.,2026-09-23T20:59:58.102013,24856
IS,Iceland,Lyfjastofnun,Typhim Vi,Salmonella Typhi VI antigen,"25 míkróg/0,5 ml",0.5 ml,"Stungulyf, lausn",028314,J07AP03,Sanofi Winthrop Industrie,Vistor hf,2026-08-19,2026-08-27,2026-08-21,resolved,Ekkert sambærilegt lyf er á markaði / fáanlegt.,2026-09-23T20:59:58.102564,38318
IS,Iceland,Lyfjastofnun,Escitalopram STADA,Escitalopram oxalate,10 mg,100 stk.,Filmuhúðuð tafla,519096,N06AB10,STADA Arzneimittel AG,,2026-08-19,2026-08-20,2026-08-13,resolved,"Stuttur skortur á heildsölustigi, ólíklegt að skortur hafi áhrif á lyfjanotendur.",2026-09-23T20:59:58.103099,82899
IS,Iceland,Lyfjastofnun,Tecfidera,Dimethylis fumaras INN,120 mg,14 stk.,Magasýruþolið hart hylki,392438,L04AX07,Biogen Netherlands B.V.,Icepharma hf.*,2026-08-19,2026-09-28,2026-08-19,shortage,Aðrir styrkleikar eru á markaði / fáanlegir.,2026-09-23T20:59:58.103650,117870
IS,Iceland,Lyfjastofnun,Havrix,HEPATITIS A VIRUS ANTIGEN (INACTIVATED),1440 ELISA ein./ml,1 ml,"Stungulyf, dreifa",585869,J07BC02,GlaxoSmithKline Pharma A/S,Vistor hf,2026-08-19,2026-08-26,2026-08-18,resolved,"Stuttur skortur á heildsölustigi, ólíklegt að skortur hafi áhrif á lyfjanotendur.",2026-09-23T20:59:58.104216,82236
IS,Iceland,Lyfjastofnun,Takhzyro,Lanadelumabum INN,300 mg,2 ml,"Stungulyf, lausn",122129,B06AC05,Takeda Pharmaceuticals International AG Ireland Branch,Vistor hf,2026-08-18,2026-09-22,2026-06-19,resolved,Önnur lyfjaform eru á markaði / fáanleg.,2026-09-23T20:59:58.104770,219592
IS,Iceland,Lyfjastofnun,Lacosamide Accord,Lacosamidum INN,100 mg,56 stk.,Filmuhúðuð tafla,082976,N03AX18,Accord Healthcare S.L.U.,,2026-08-18,2026-10-30,2026-08-18,shortage,Samheitalyf er á markaði og aðrir styrkleikar.,2026-09-23T20:59:58.105305,217875
IS,Iceland,Lyfjastofnun,Lacosamide Accord,Lacosamidum INN,200 mg,56 stk.,Filmuhúðuð tafla,131354,N03AX18,Accord Healthcare S.L.U.,,2026-08-18,2026-10-30,2026-08-18,shortage,Samheitalyf er á markaði og aðrir styrkleikar.,2026-09-23T20:59:58.105843,217808
IS,Iceland,Lyfjastofnun,Lacosamide Accord,Lacosamidum INN,150 mg,56 stk.,Filmuhúðuð tafla,065736,N03AX18,Accord Healthcare S.L.U.,,2026-08-18,2026-10-30,2026-08-18,shortage,Samheitalyf er á markaði og aðrir styrkleikar.,2026-09-23T20:59:58.106373,89044
IS,Iceland,Lyfjastofnun,Adartrel (Lyfjaver),Ropinirolum INN hýdróklóríð,2 mg,28 stk.,Filmuhúðuð tafla,409673,N04BC04,Lyfjaver ehf.,,2026-08-17,2026-12-31,2026-09-11,shortage,"Undanþágulyf hefur verið útvegað. Heildsalan Distica hefur útvegað undanþágulyfið Adartrel 0,5 mg 84 stk. með vörunúmerið 983131.",2026-09-23T20:59:58.106934,48151
IS,Iceland,Lyfjastofnun,Baklofen Viatris,Baclofenum INN,10 mg,50 stk.,Tafla,069081,M03BX01,Viatris Limited,Icepharma hf,2026-08-17,2026-09-29,2026-06-29,shortage,"Undanþágulyf hefur verið útvegað. Lyfjastofnun hefur heimilað lyfjafræðingum að breyta ávísun á lyfið í skorti í undanþágulyfið Baclofen, frá heildsölunnni Parlogis, vnr 979354, lyfið er í þýskum umbúðum.",2026-09-23T20:59:58.107481,2607
IS,Iceland,Lyfjastofnun,Ondansetron STADA,Ondansetronum INN hýdróklóríð,4 mg,50 stk.,Filmuhúðuð tafla,163445,A04AA01,STADA Arzneimittel AG,,2026-08-17,2026-11-20,2026-08-11,shortage,Samheitalyf er á markaði / fáanlegt. Samheitalyf eru til á markaði og einnig er til önnur pakkningastærð af þessu lyfi.,2026-09-23T20:59:58.108009,31496
IS,Iceland,Lyfjastofnun,Gabapentin Sandoz,Gabapentinum INN,300 mg,100 stk.,Hart hylki,397458,N02BF01,Sandoz A/S*,,2026-08-16,2026-08-17,2026-07-28,resolved,"Stuttur skortur á heildsölustigi, ólíklegt að skortur hafi áhrif á lyfjanotendur.",2026-09-23T20:59:58.108540,52825
IS,Iceland,Lyfjastofnun,Gabapentin Sandoz,Gabapentinum INN,300 mg,100 stk.,Hart hylki,397458,N02BF01,Sandoz A/S*,,2026-08-16,2026-09-17,2026-08-11,resolved,Samheitalyf er á markaði / fáanlegt.,2026-09-23T20:59:58.109070,52825
IS,Iceland,Lyfjastofnun,Aklief,Trifarotenum,50 míkróg/g,75 g,Krem,515832,D10AD06,Galderma Nordic AB*,,2026-08-15,2026-08-18,2026-08-11,resolved,"Stuttur skortur á heildsölustigi, ólíklegt að skortur hafi áhrif á lyfjanotendur. Ekki er til lyf með sama ATC númer en sambærilegt lyf í sama flokki er á markaði sem er einnig notað við þrymlabólum t.d. Duac 50 mg/g + 10 mg/g hlaup og Differin 1 mg/g hlaup.",2026-09-23T20:59:58.109593,203785
IS,Iceland,Lyfjastofnun,TachoSil,"Fibrinogen, Thrombin",,1 stk.,Vefjalímsnetja,095005,B02BC30,Corza Medical GmbH,Vistor hf,2026-08-15,2026-08-19,2026-07-24,resolved,"Stuttur skortur á heildsölustigi, ólíklegt að skortur hafi áhrif á lyfjanotendur.",2026-09-23T20:59:58.110132,
IS,Iceland,Lyfjastofnun,Kesimpta,Ofatumumabum INN,20 mg,"0,4 ml","Stungulyf, lausn í áfylltum lyfjapenna",031172,L04AG12,Novartis Europharm Limited*,Vistor hf,2026-08-15,2026-08-21,2026-08-07,resolved,"Stuttur skortur á heildsölustigi, ólíklegt að skortur hafi áhrif á lyfjanotendur.",2026-09-23T20:59:58.110672,213101
IS,Iceland,Lyfjastofnun,Omnitrope,Somatropinum INN,"10 mg/1,5 ml","1,5 ml","Stungulyf, lausn í rörlykju",377640,H01AC01,Sandoz GmbH*,Sandoz A/S*,2026-08-14,2026-09-23,2026-08-18,resolved,Aðrar pakkningastærðir eru á markaði / fáanlegar.,2026-09-23T20:59:58.111233,53104
IS,Iceland,Lyfjastofnun,Tadalafil Mylan,Tadalafilum INN,20 mg,8 stk.,Filmuhúðuð tafla,494533,G04BE08,Mylan Pharmaceuticals Limited,Icepharma hf.*,2026-08-14,2027-09-30,2026-06-22,shortage,Samheitalyf er á markaði / fáanlegt.,2026-09-23T20:59:58.111779,68241
IS,Iceland,Lyfjastofnun,Oncaspar,Pegaspargasum INN,750 ein./ml,3.750 ein.,"Stungulyfs-/innrennslisstofn, lausn",449842,L01XX24,Les Laboratoires Servier*,Icepharma hf.*,2026-08-13,2026-08-21,2026-08-13,resolved,"Stuttur skortur á heildsölustigi, ólíklegt að skortur hafi áhrif á lyfjanotendur.",2026-09-23T20:59:58.112322,148644
IS,Iceland,Lyfjastofnun,Mildison Lipid (Heilsa),Hydrocortisonum INN,10 mg/g,30 g,Krem,436334,D07AA02,Heilsa ehf,,2026-08-13,2100-12-31,2026-08-10,shortage,Samheitalyf er á markaði / fáanlegt.,2026-09-23T20:59:58.112865,10146
IS,Iceland,Lyfjastofnun,Gamunex,HUMAN NORMAL IMMUNOGLOBULIN (IV),100 mg/ml,400 ml,"Innrennslislyf, lausn",452480,J06BA02,Grifols Deutschland GmbH*,Alvogen ehf.,2026-08-13,2026-08-19,2026-08-13,resolved,"Stuttur skortur á heildsölustigi, ólíklegt að skortur hafi áhrif á lyfjanotendur.",2026-09-23T20:59:58.113407,
IS,Iceland,Lyfjastofnun,Alutard SQ (Betula verrucosa),Betula verrucosa,,5 ml,"Stungulyf, dreifa",545996,V01AA05,ALK-Abelló A/S,Vistor hf,2026-08-13,2026-10-01,2026-08-15,shortage,Aðrir styrkleikar eru á markaði / fáanlegir. Lyfið er til á knappfyrningalager með fyrningu 30.09.2026.,2026-09-23T20:59:58.113947,
IS,Iceland,Lyfjastofnun,Nicotinell Mint,Nicotine resinate,2 mg,24 stk.,Lyfjatyggigúmmí,104503,N07BA01,Dr. Reddy's Netherlands B.V.,Artasan ehf,2026-08-13,2026-09-22,2026-07-26,resolved,Samheitalyf er á markaði og aðrir styrkleikar.,2026-09-23T20:59:58.114487,
IS,Iceland,Lyfjastofnun,Sugammadex hameln,Sugammadex sodium,100 mg/ml,5 ml,"Stungulyf, lausn",533367,V03AB35,hameln pharma gmbh,,2026-08-12,2026-09-23,2026-06-25,resolved,Aðrar pakkningastærðir eru á markaði / fáanlegar.,2026-09-23T20:59:58.115012,87297
IS,Iceland,Lyfjastofnun,Marbodin,Memantinum INN hýdróklóríð,10 mg,98 stk.,Filmuhúðuð tafla,193285,N06DX01,STADA Arzneimittel AG,,2026-08-11,2026-09-08,2026-08-11,resolved,Aðrar pakkningastærðir eru á markaði / fáanlegar.,2026-09-23T20:59:58.115553,88838
IS,Iceland,Lyfjastofnun,Propolipid,Propofolum INN,10 mg/ml,100 ml,"Stungulyf/innrennslislyf, fleyti",021636,N01AX10,Fresenius Kabi AB,Vistor hf,2026-08-11,2026-08-11,2026-06-04,resolved,"Stuttur skortur á heildsölustigi, ólíklegt að skortur hafi áhrif á lyfjanotendur.",2026-09-23T20:59:58.116103,26190
IS,Iceland,Lyfjastofnun,Amoxicillin/Klavúlansýra Lyfjaver,"Amoxicillinum INN, Potassium clavulanate","80/11,4 mg/ml",70 ml,"Mixtúruduft, dreifa",468842,J01CR02,Lyfjaver ehf.,,2026-08-11,2026-09-30,2026-08-07,shortage,Samheitalyf er á markaði / fáanlegt.,2026-09-23T20:59:58.116642,
IS,Iceland,Lyfjastofnun,Cyklokapron,Tranexamic acid,500 mg,30 stk.,Filmuhúðuð tafla,162680,B02AA02,Viatris ApS,Icepharma hf.*,2026-08-10,2026-08-31,2026-07-14,resolved,Aðrir styrkleikar og lyfjaform eru á markaði / fáanlegir.,2026-09-23T20:59:58.117229,4626
IS,Iceland,Lyfjastofnun,Synarela,Nafarelinum INN acetat,2 mg/ml,8 ml,"Nefúði, lausn",166165,H01CA02,Pfizer ApS,Icepharma hf.*,2026-08-10,2026-08-25,2026-04-10,resolved,"Stuttur skortur á heildsölustigi, ólíklegt að skortur hafi áhrif á lyfjanotendur.",2026-09-23T20:59:58.117781,51675
IS,Iceland,Lyfjastofnun,Olanzapine Teva,Olanzapinum INN,5 mg,30 stk.,Filmuhúðuð tafla,494188,N05AH03,Teva B.V.*,,2026-08-10,2026-08-28,2026-06-25,resolved,Samheitalyf er á markaði og aðrir styrkleikar.,2026-09-23T20:59:58.118313,45543
IS,Iceland,Lyfjastofnun,Shingrix,Recombinant varicella zoster virus surface glycoprotein E,,1 stk.,"Stungulyfsstofn og dreifa, dreifa",176947,J07BK03,GlaxoSmithKline Biologicals S.A.*,Vistor hf,2026-08-10,2026-08-24,2026-08-07,resolved,Ekkert sambærilegt lyf er á markaði / fáanlegt. lyfið er væntanlegt til landsins og verður komið á sölulager um 24.08.2026,2026-09-23T20:59:58.118857,202843
IS,Iceland,Lyfjastofnun,Atomoxetine STADA,Atomoxetinum INN hýdróklóríð,25 mg,30 stk.,Hart hylki,159387,N06BA09,STADA Arzneimittel AG,,2026-08-07,2026-09-22,2026-07-03,resolved,Samheitalyf er á markaði / fáanlegt.,2026-09-23T20:59:58.119384,76724
IS,Iceland,Lyfjastofnun,Carvedilol STADA,Carvedilolum INN,"6,25 mg",100 stk.,Tafla,018420,C07AG02,STADA Arzneimittel AG,,2026-08-07,2026-09-28,2026-08-07,shortage,"Aðrir styrkleikar eru á markaði / fáanlegir. Mögulega er hægt að taka inn 2 x  3,125 mg töflur",2026-09-23T20:59:58.119914,47864
IS,Iceland,Lyfjastofnun,Kenacort-T,Triamcinolonum INN acetóníð,40 mg/ml,1 ml,"Stungulyf, dreifa",044065,H02AB08,Bristol-Myers Squibb AB,Vistor hf,2026-08-07,2026-08-30,2026-02-06,resolved,Aðrir styrkleikar og/eða samheitalyf eru á markaði / fáanlegir. Lederspan 20 mg/ml er á markaði,2026-09-23T20:59:58.120462,107085
IS,Iceland,Lyfjastofnun,Thiotepa Riemser,Thiotepum INN,15 mg,15 mg,"Stofn fyrir innrennslisþykkni, lausn",438927,L01AC01,Esteve Pharmaceuticals GmbH,Abacus Medicine A/S,2026-08-07,2026-12-30,2026-08-07,shortage,"Um er að ræða lyf sem er að jafnaði ekki til á lager, en heildsala mun panta það ef þörf er á.",2026-09-23T20:59:58.121004,94102
IS,Iceland,Lyfjastofnun,Thiotepa Riemser,Thiotepum INN,100 mg,100 mg,"Stofn fyrir innrennslisþykkni, lausn",433256,L01AC01,Esteve Pharmaceuticals GmbH,Abacus Medicine A/S,2026-08-07,2026-12-30,2026-08-07,shortage,"Um er að ræða lyf sem er að jafnaði ekki til á lager, en heildsala mun panta það ef þörf er á.",2026-09-23T20:59:58.121547,56596
IS,Iceland,Lyfjastofnun,Lonsurf,"Trifluridinum INN, Tipiracilum INN hýdróklóríð","15 mg/6,14 mg",60 stk.,Filmuhúðuð tafla,158698,L01BC59,Les Laboratoires Servier*,Icepharma hf.*,2026-08-06,2026-08-21,2026-08-06,resolved,Ekkert sambærilegt lyf er á markaði / fáanlegt.,2026-09-23T20:59:58.122092,137529
IS,Iceland,Lyfjastofnun,Zyprexa,Olanzapinum INN,10 mg,10 mg,"Stungulyfsstofn, lausn",005885,N05AH03,"CHEPLAPHARM Registration GmbH,",,2026-08-06,2026-09-22,2026-08-06,resolved,Undanþágulyf hefur verið útvegað. Heildsalan Distica hefur útvegað undanþágulyfið Zyprexa INJ með vörunúmerið  969913,2026-09-23T20:59:58.122648,71013
IS,Iceland,Lyfjastofnun,Fluticasone Teva,Fluticasonum INN fúróat,"27,5 míkróg/skammt",120 skammtar,"Nefúði, dreifa",133805,R01AD12,Teva B.V.*,,2026-08-05,2026-09-25,2026-08-19,shortage,Samheitalyf er á markaði / fáanlegt.,2026-09-23T20:59:58.123186,85847
IS,Iceland,Lyfjastofnun,Tanonalla,"Naloxonum INN hýdróklóríð, Oxycodonum INN hýdróklóríð",10 mg/5 mg,28 stk.,Forðatafla,073471,N02AA55,Sandoz A/S,,2026-08-05,2026-10-13,2026-04-15,shortage,"Stuttur skortur á heildsölustigi, ólíklegt að skortur hafi áhrif á lyfjanotendur.",2026-09-23T20:59:58.123711,90220
IS,Iceland,Lyfjastofnun,Zinforo,Ceftarolinum fosamilum INN,600 mg,600 mg,"Stofn fyrir innrennslisþykkni, lausn",467810,J01DI02,Pfizer Ireland Pharmaceuticals,Icepharma hf.*,2026-08-05,2026-08-24,2026-08-07,resolved,"Stuttur skortur á heildsölustigi, ólíklegt að skortur hafi áhrif á lyfjanotendur.",2026-09-23T20:59:58.124250,103012
IS,Iceland,Lyfjastofnun,Escitalopram Bluefish,Escitalopramum INN oxalat,5 mg,98 stk.,Filmuhúðuð tafla,094495,N06AB10,Bluefish Pharmaceuticals AB,Artasan ehf,2026-08-05,2026-08-11,2026-08-08,resolved,"Stuttur skortur á heildsölustigi, ólíklegt að skortur hafi áhrif á lyfjanotendur.",2026-09-23T20:59:58.124802,97802
IS,Iceland,Lyfjastofnun,Visipaque,Iodixanolum INN,320 mg J/ml,100 ml,"Stungulyf, lausn",583518,V08AB09,GE Healthcare AS,Icepharma hf,2026-08-05,2026-10-08,2026-07-17,shortage,Aðrar pakkningastærðir eru á markaði / fáanlegar.,2026-09-23T20:59:58.125343,41645
IS,Iceland,Lyfjastofnun,Lixiana,Edoxabanum INN tósilat,60 mg,100 stk.,Filmuhúðuð tafla,408102,B01AF03,DAIICHI SANKYO EUROPE GmbH*,Vistor hf,2026-08-04,2026-08-24,2026-07-18,resolved,"Stuttur skortur á heildsölustigi, ólíklegt að skortur hafi áhrif á lyfjanotendur.",2026-09-23T20:59:58.125902,128201
IS,Iceland,Lyfjastofnun,Zubsolv,"Naloxonum INN hýdróklóríð, Buprenorphinum INN hýdróklóríð","2,9 mg /0,71 mg",28 stk.,Tungurótartafla,173475,N07BC51,Accord Healthcare S.L.U.,,2026-08-04,2026-08-31,2026-08-04,resolved,Aðrir styrkleikar eru á markaði / fáanlegir.,2026-09-23T20:59:58.126431,215058
IS,Iceland,Lyfjastofnun,Zaditen (Heilsa) Noregur,Ketotifen hydrogen fumarate,"0,25 mg/ml",5 ml,"Augndropar, lausn",122126,S01GX08,Heilsa ehf.,,2026-08-04,2100-12-31,2026-07-01,shortage,Aðrar pakkningastærðir eru á markaði / fáanlegar.,2026-09-23T20:59:58.126990,101850
IS,Iceland,Lyfjastofnun,Ecansya,Capecitabinum INN,500 mg,120 stk.,Filmuhúðuð tafla,123487,L01BC06,Krka d.d. Novo mesto*,,2026-08-04,2026-10-30,2026-07-08,shortage,Samheitalyf er á markaði / fáanlegt. Lyfið er til á knappfyrningalager með fyrningu 31.10.2026,2026-09-23T20:59:58.127526,59366
IS,Iceland,Lyfjastofnun,GlucaGen,Glucagonum INN hýdróklóríð,1 mg,1 stk.,"Stungulyfsstofn og leysir, lausn",443325,H04AA01,Novo Nordisk A/S*,Vistor hf,2026-08-03,2026-08-03,2026-06-24,resolved,Skortur raungerðist ekki.,2026-09-23T20:59:58.128081,35327
IS,Iceland,Lyfjastofnun,Olanzapin Actavis,Olanzapinum INN,10 mg,56 stk.,Filmuhúðuð tafla,118076,N05AH03,Actavis Group PTC ehf.,Teva Pharma Iceland ehf.*,2026-08-03,2100-12-31,2026-06-10,shortage,"Lyfið er ekki til á lager þar sem pakkningin með þessu vörunúmeri er hætt, lyfið er fáanlegt í annarri pakkningu.",2026-09-23T20:59:58.128621,45578
IS,Iceland,Lyfjastofnun,Rheumocam,Meloxicamum INN,15 mg/ml,100 ml,"Mixtúra, dreifa",175333,QM01AC06,Chanelle Pharmaceuticals Manufacturing Ltd*,Icepharma hf.*,2026-08-03,2026-10-30,2026-09-02,shortage,Samheitalyf er á markaði og aðrir styrkleikar.,2026-09-23T20:59:58.129167,
IS,Iceland,Lyfjastofnun,Holoxan,Ifosfamidum INN,2000 mg,2000 mg,"Innrennslisstofn, lausn",569378,L01AA06,Baxter Medical AB*,Icepharma hf,2026-08-02,2026-08-25,2026-04-01,resolved,Aðrir styrkleikar eru á markaði / fáanlegir.,2026-09-23T20:59:58.129707,60151
IS,Iceland,Lyfjastofnun,Topiramate Alvogen,Topiramatum INN,25 mg,60 stk.,Filmuhúðuð tafla,155219,N03AX11,Alvogen ehf.,,2026-08-01,2026-11-01,2026-03-23,shortage,Samheitalyf er á markaði / fáanlegt. Þetta vörunúmer hættir. Samheitalyf er á markaði,2026-09-23T20:59:58.130230,45756
IS,Iceland,Lyfjastofnun,Repaglinide Krka,Repaglinidum INN,2 mg,120 stk.,Tafla,498051,A10BX02,Krka d.d. Novo mesto*,"Krka,d.d.,Novo mesto",2026-08-01,2026-10-30,2026-07-10,shortage,Aðrir styrkleikar eru á markaði / fáanlegir. Lyfið er einnig til á knappfyrningalager með fyrningu 30.09.2026,2026-09-23T20:59:58.130781,50946
IS,Iceland,Lyfjastofnun,Amdex,lisdexamfetaminum INN dimesylate,70 mg,30 stk.,Hart hylki,185313,N06BA12,Williams & Halls ehf..,,2026-08-01,2026-09-10,2026-08-04,resolved,Samheitalyf er á markaði / fáanlegt.,2026-09-23T20:59:58.131309,198412
IS,Iceland,Lyfjastofnun,Amdex,lisdexamfetaminum INN dimesylate,60 mg,30 stk.,Hart hylki,446722,N06BA12,Williams & Halls ehf..,,2026-08-01,2026-09-10,2026-08-04,resolved,Samheitalyf er á markaði / fáanlegt.,2026-09-23T20:59:58.131840,213519
IS,Iceland,Lyfjastofnun,Amdex,lisdexamfetaminum INN dimesylate,30 mg,30 stk.,Hart hylki,528888,N06BA12,Williams & Halls ehf..,,2026-08-01,2026-09-10,2026-08-04,resolved,Samheitalyf er á markaði / fáanlegt.,2026-09-23T20:59:58.132364,198390
IS,Iceland,Lyfjastofnun,Edoxaban WH,Edoxaban tosilate monohydrate,60 mg,100 stk.,Filmuhúðuð tafla,097609,B01AF03,Williams & Halls ehf,,2026-08-01,2026-08-13,2026-08-04,resolved,Samheitalyf er á markaði / fáanlegt.,2026-09-23T20:59:58.132886,128201
IS,Iceland,Lyfjastofnun,Edoxaban WH,Edoxaban tosilate monohydrate,30 mg,100 stk.,Filmuhúðuð tafla,585459,B01AF03,Williams & Halls ehf,,2026-08-01,2026-08-13,2026-08-04,resolved,Samheitalyf er á markaði / fáanlegt.,2026-09-23T20:59:58.133414,128198
IS,Iceland,Lyfjastofnun,Amdex,lisdexamfetaminum INN dimesylate,40 mg,30 stk.,Hart hylki,033421,N06BA12,Williams & Halls ehf..,,2026-08-01,2026-09-10,2026-08-04,resolved,Samheitalyf er á markaði / fáanlegt.,2026-09-23T20:59:58.133937,213535
IS,Iceland,Lyfjastofnun,Amdex,lisdexamfetaminum INN dimesylate,50 mg,30 stk.,Hart hylki,443061,N06BA12,Williams & Halls ehf..,,2026-08-01,2026-09-10,2026-08-04,resolved,Samheitalyf er á markaði / fáanlegt.,2026-09-23T20:59:58.134462,198404
IS,Iceland,Lyfjastofnun,Amdex,lisdexamfetaminum INN dimesylate,20 mg,30 stk.,Hart hylki,060158,N06BA12,Williams & Halls ehf..,,2026-08-01,2026-09-10,2026-08-04,resolved,Samheitalyf er á markaði / fáanlegt.,2026-09-23T20:59:58.135003,198382
IS,Iceland,Lyfjastofnun,Inegy,"Simvastatinum INN, Ezetimibe",10/40 mg,28 stk.,Tafla,385238,C10BA02,N.V. Organon*,Vistor hf,2026-08-01,2027-01-01,2026-07-03,shortage,Samheitalyf er á markaði / fáanlegt. Lyfið verður tekið af markaði 01.10.2026 en er til á knappfyrningalager með fyrningu 30.10.2026. Ezetimib/Simvastatin Krka 10 mg/40 mg og 10 mg/20 mg er fáanlegt.,2026-09-23T20:59:58.135548,77046
IS,Iceland,Lyfjastofnun,Risperdal,Risperidonum INN,1 mg/ml,100 ml,"Mixtúra, lausn",070797,N05AX08,Janssen-Cilag AB,Vistor hf,2026-08-01,2026-08-31,2026-07-29,resolved,Önnur lyfjaform eru á markaði / fáanleg.,2026-09-23T20:59:58.136091,44016
IS,Iceland,Lyfjastofnun,Repaglinide Krka,Repaglinidum INN,1 mg,120 stk.,Tafla,550803,A10BX02,Krka d.d. Novo mesto*,"Krka,d.d.,Novo mesto",2026-08-01,2026-10-30,2026-07-10,shortage,Aðrir styrkleikar eru á markaði / fáanlegir. Lyfið er einnig til á knappfyrningalager með fyrningu 30.09.2026,2026-09-23T20:59:58.136638,50938
IS,Iceland,Lyfjastofnun,Inegy,"Simvastatinum INN, Ezetimibe",10/80 mg,28 stk.,Tafla,427186,C10BA02,N.V. Organon*,Vistor hf,2026-08-01,2027-01-01,2026-07-03,shortage,Samheitalyf er á markaði / fáanlegt. Lyfið verður tekið af markaði 01.10.2026 en Ezetimib/Simvastatin Krka 10 mg/40 mg og 10 mg/20 mg er fáanlegt.,2026-09-23T20:59:58.137212,77054
IS,Iceland,Lyfjastofnun,Paratabs,Paracetamolum INN,500 mg,100 stk.,Filmuhúðuð tafla,102173,N02BE01,Teva B.V.*,Teva Pharma Iceland ehf.*,2026-07-31,2026-11-30,2026-06-25,shortage,Samheitalyf er á markaði / fáanlegt.,2026-09-23T20:59:58.137764,67903
IS,Iceland,Lyfjastofnun,Advagraf (Heilsa),Takrólímus,1 mg,50 stk.,Hart forðahylki,434697,L04AD02,Heilsa ehf,,2026-07-31,2026-08-11,2026-07-28,resolved,"Stuttur skortur á heildsölustigi, ólíklegt að skortur hafi áhrif á lyfjanotendur.",2026-09-23T20:59:58.138294,96156
IS,Iceland,Lyfjastofnun,Míron Smelt,Mirtazapinum INN,30 mg,30 stk.,Munndreifitafla,101742,N06AX11,Teva B.V.*,Teva Pharma Iceland ehf.*,2026-07-31,2026-08-28,2026-08-19,resolved,Aðrar pakkningastærðir eru á markaði / fáanlegar.,2026-09-23T20:59:58.138828,61484
IS,Iceland,Lyfjastofnun,Míron Smelt,Mirtazapinum INN,30 mg,30 stk.,Munndreifitafla,101742,N06AX11,Teva B.V.*,Teva Pharma Iceland ehf.*,2026-07-31,2026-08-28,2026-08-11,resolved,Aðrar pakkningastærðir eru á markaði / fáanlegar.,2026-09-23T20:59:58.139365,61484
IS,Iceland,Lyfjastofnun,Zyvoxid,Linezolidum INN,2 mg/ml,300 ml,"Innrennslislyf, lausn",007378,J01XX08,Pfizer ApS,Icepharma hf.*,2026-07-31,2026-08-20,2026-07-31,resolved,Önnur lyfjaform eru á markaði / fáanleg.,2026-09-23T20:59:58.139904,60151
IS,Iceland,Lyfjastofnun,Sandostatin,Octreotidum INN,100 míkróg/ml,1 ml,"Stungulyf, lausn",057349,H01CB02,Novartis Healthcare A/S,Vistor hf,2026-07-30,2026-11-18,2026-07-22,shortage,Aðrir styrkleikar eru á markaði / fáanlegir. Lyfið er fáanlegt í 50 mcg styrkleika,2026-09-23T20:59:58.140451,27510
IS,Iceland,Lyfjastofnun,Nezeril,Oxymetazolinum INN hýdróklóríð,"0,25 mg/ml",7.5 ml,"Nefúði, lausn",191403,R01AA05,Perrigo Sverige AB,Vistor hf,2026-07-30,2026-08-03,2026-07-13,resolved,"Stuttur skortur á heildsölustigi, ólíklegt að skortur hafi áhrif á lyfjanotendur.",2026-09-23T20:59:58.140996,
IS,Iceland,Lyfjastofnun,Kisqali,Ribociclibum INN,200 mg,21 stk.,Filmuhúðuð tafla,501263,L01EF02,Novartis Europharm Limited*,Vistor hf,2026-07-29,2026-08-17,2026-07-31,resolved,Aðrar pakkningastærðir eru á markaði / fáanlegar.,2026-09-23T20:59:58.141536,147516
IS,Iceland,Lyfjastofnun,Lacosamide STADA,Lacosamidum INN,150 mg,56 stk.,Filmuhúðuð tafla,177662,N03AX18,STADA Arzneimittel AG,,2026-07-29,2026-07-29,2026-06-22,resolved,Skortur raungerðist ekki.,2026-09-23T20:59:58.142061,
IS,Iceland,Lyfjastofnun,Ceftriaxon Fresenius Kabi,Ceftriaxonum INN dínatríum,1 g,15 ml,"Stungulyfs-/innrennslisstofn, lausn",456693,J01DD04,Fresenius Kabi AB,,2026-07-28,2026-08-31,2026-07-16,resolved,Samheitalyf er á markaði / fáanlegt.,2026-09-23T20:59:58.142590,1252
IS,Iceland,Lyfjastofnun,Betmiga,Mirabegronum INN,25 mg,90 stk.,Forðatafla,595198,G04BD12,Astellas Pharma Europe B.V.,Vistor hf,2026-07-28,2026-08-04,2026-07-16,resolved,"Stuttur skortur á heildsölustigi, ólíklegt að skortur hafi áhrif á lyfjanotendur.",2026-09-23T20:59:58.143129,
IS,Iceland,Lyfjastofnun,Kapruvia,Difelikefalinum INN acetate,50 míkróg/ml,1 ml,"Stungulyf, lausn",046076,V03AX04,Vifor Fresenius Medical Care Renal Pharma France*,,2026-07-27,2026-08-11,2026-07-07,resolved,"Stuttur skortur á heildsölustigi, ólíklegt að skortur hafi áhrif á lyfjanotendur.",2026-09-23T20:59:58.143655,215643
IS,Iceland,Lyfjastofnun,Olanzapin Actavis,Olanzapinum INN,"7,5 mg",56 stk.,Filmuhúðuð tafla,118484,N05AH03,Actavis Group PTC ehf.,Teva Pharma Iceland ehf.*,2026-07-27,2100-12-31,2026-08-19,shortage,"Lyfið er ekki til á lager þar sem pakkningin með þessu vörunúmeri er hætt, lyfið er fáanlegt í annarri pakkningu. Þetta vörunúmer hættir vnr. 377863 (Olanzapine Teva) tók við í byrjun júlí.",2026-09-23T20:59:58.144189,
IS,Iceland,Lyfjastofnun,Arixtra,Fondaparinux natríum,"7,5 mg/0,6 ml","0,6 ml","Stungulyf, lausn í áfylltri sprautu",403966,B01AX05,Viatris Healthcare Limited,Icepharma hf.*,2026-07-27,2026-08-10,2026-06-25,resolved,Aðrir styrkleikar eru á markaði / fáanlegir.,2026-09-23T20:59:58.144730,228044
IS,Iceland,Lyfjastofnun,Benlysta,Belimumabum INN,200 mg,1 ml,"Stungulyf, lausn í áfylltum lyfjapenna",053961,L04AG04,GlaxoSmithKline (Ireland) Limited,Vistor hf,2026-07-27,2026-07-29,2026-07-03,resolved,"Stuttur skortur á heildsölustigi, ólíklegt að skortur hafi áhrif á lyfjanotendur.",2026-09-23T20:59:58.145264,149462
IS,Iceland,Lyfjastofnun,Sertralin Bluefish,Sertralinum INN hýdróklóríð,100 mg,100 stk.,Filmuhúðuð tafla,034796,N06AB06,Bluefish Pharmaceuticals AB,Artasan ehf,2026-07-26,2026-08-04,2026-07-07,resolved,"Stuttur skortur á heildsölustigi, ólíklegt að skortur hafi áhrif á lyfjanotendur.",2026-09-23T20:59:58.145802,39411
IS,Iceland,Lyfjastofnun,Sondelbay,Teriparatidum INN,20 míkróg /80 míkról,28 skammtar,"Stungulyf, lausn í áfylltum lyfjapenna",490780,H05AA02,Accord Healthcare S.L.U.,,2026-07-26,2026-09-15,2026-07-14,resolved,Samheitalyf er á markaði / fáanlegt.,2026-09-23T20:59:58.146333,131601
IS,Iceland,Lyfjastofnun,Octaplex,Blanda,1000 a.e.,1 stk.,"Innrennslisstofn og leysir, lausn",399482,B02BD01,Octapharma AB,Vistor hf,2026-07-25,2026-07-25,2026-05-04,resolved,"Stuttur skortur á heildsölustigi, ólíklegt að skortur hafi áhrif á lyfjanotendur.",2026-09-23T20:59:58.146907,130524
IS,Iceland,Lyfjastofnun,Zubsolv,"Buprenorphinum INN hýdróklóríð, Naloxonum INN hýdróklóríð","5,7 mg/1,4 mg",28 stk.,Tungurótartafla,138133,N07BC51,Accord Healthcare S.L.U.,,2026-07-25,2026-09-17,2026-07-21,resolved,"Undanþágulyf hefur verið útvegað. Lyfið er til á knappfyrningalager með fyrningu 31.07.2026. 
Heildsalan Distica hefur útvegað undanþágulyfið Buprenorphin/Naloxon G.L. Pharma 8 mg/2 mg vnr 997766",2026-09-23T20:59:58.147432,215082
IS,Iceland,Lyfjastofnun,Capvaxive,Blanda,,"0,5 ml","Stungulyf, lausn í áfylltri sprautu",170385,J07AL02,Merck Sharp & Dohme B.V.,Vistor hf,2026-07-24,2026-08-05,2026-07-28,resolved,"Stuttur skortur á heildsölustigi, ólíklegt að skortur hafi áhrif á lyfjanotendur.",2026-09-23T20:59:58.147976,
IS,Iceland,Lyfjastofnun,Betmiga,Mirabegronum INN,50 mg,30 stk.,Forðatafla,093284,G04BD12,Astellas Pharma Europe B.V.,Vistor hf,2026-07-24,2026-08-04,2026-07-17,resolved,"Stuttur skortur á heildsölustigi, ólíklegt að skortur hafi áhrif á lyfjanotendur.",2026-09-23T20:59:58.148531,112305
IS,Iceland,Lyfjastofnun,Prednisolon Actavis,Prednisolone,10 mg,100 stk.,Tafla,530565,H02AB06,Actavis Group PTC ehf.,Teva Pharma Iceland ehf.*,2026-07-24,2026-08-28,2026-07-10,resolved,Aðrir styrkleikar og pakkningastærðir eru á markaði / fáanlegir.,2026-09-23T20:59:58.149076,
IS,Iceland,Lyfjastofnun,Pinex,Paracetamolum INN,500 mg,10 stk.,Endaþarmsstíll,488114,N02BE01,Teva B.V.*,Teva Pharma Iceland ehf.*,2026-07-24,2026-10-30,2026-06-25,shortage,Aðrir styrkleikar eru á markaði / fáanlegir. Nægar birgðir eru til af 250 mg stílum,2026-09-23T20:59:58.149622,19720
IS,Iceland,Lyfjastofnun,Visipaque,Iodixanolum INN,320 mg J/ml,200 ml,"Stungulyf, lausn",583609,V08AB09,GE Healthcare AS,Icepharma hf,2026-07-24,2026-07-30,2026-06-24,resolved,"Stuttur skortur á heildsölustigi, ólíklegt að skortur hafi áhrif á lyfjanotendur.",2026-09-23T20:59:58.150208,131334
IS,Iceland,Lyfjastofnun,Zyprexa Velotab,Olanzapinum INN,20 mg,28 stk.,Munndreifitafla,000193,N05AH03,"CHEPLAPHARM Registration GmbH,",,2026-07-22,2026-11-10,2026-06-27,shortage,Samheitalyf er á markaði / fáanlegt.,2026-09-23T20:59:58.150737,69612
IS,Iceland,Lyfjastofnun,Tasigna,Nilotinibum INN hýdróklóríð,200 mg,112 stk.,Hart hylki,113818,L01EA03,Novartis Europharm Limited*,Vistor hf,2026-07-22,2026-07-22,2026-06-04,resolved,"Stuttur skortur á heildsölustigi, ólíklegt að skortur hafi áhrif á lyfjanotendur.",2026-09-23T20:59:58.151290,230723
IS,Iceland,Lyfjastofnun,Venlafaxine Bluefish,Venlafaxinum INN hýdróklóríð,150 mg,100 stk.,Hart forðahylki,073792,N06AX16,Bluefish Pharmaceuticals AB,Artasan ehf,2026-07-22,2026-08-13,2026-07-03,resolved,Aðrir styrkleikar eru á markaði / fáanlegir. Hægt er að taka 2*75 mg hylki,2026-09-23T20:59:58.151834,47538
IS,Iceland,Lyfjastofnun,Xembify,Human normal immunoglobulin,200 mg/ml,50 ml,"Stungulyf, lausn",084561,J06BA01,Instituto Grifols S.A.*,,2026-07-22,2026-07-24,2026-07-22,resolved,"Stuttur skortur á heildsölustigi, ólíklegt að skortur hafi áhrif á lyfjanotendur.",2026-09-23T20:59:58.152358,201510
IS,Iceland,Lyfjastofnun,Valtrex,Valaciclovirum INN hýdróklóríð,500 mg,42 stk.,Filmuhúðuð tafla,377333,J05AB11,GlaxoSmithKline Pharma A/S,Vistor hf,2026-07-21,2026-07-29,2026-07-02,resolved,"Stuttur skortur á heildsölustigi, ólíklegt að skortur hafi áhrif á lyfjanotendur.",2026-09-23T20:59:58.152909,42080
IS,Iceland,Lyfjastofnun,Losatrix,Losartanum INN kalíum,25 mg,100 stk.,Filmuhúðuð tafla,176835,C09CA01,Alvogen ehf.,,2026-07-21,2100-12-31,2026-04-27,shortage,Aðrir styrkleikar eru á markaði / fáanlegir. Þessi styrkleiki hættir.  Lyfið er til í 50 mg - Töflunni má skipta í jafna skammta.,2026-09-23T20:59:58.153441,92185
IS,Iceland,Lyfjastofnun,Carvedilol STADA,Carvedilolum INN,"12,5 mg",100 stk.,Tafla,018431,C07AG02,STADA Arzneimittel AG,,2026-07-21,2026-08-21,2026-07-03,resolved,Aðrir styrkleikar eru á markaði / fáanlegir. Hægt að er skipta Carvedilol STADA 25 mg tölfunni í tvo jafna hluta.,2026-09-23T20:59:58.153962,74241
IS,Iceland,Lyfjastofnun,Metalyse,Tenekteplasum INN,10.000 ein.,1 stk.,"Stungulyfsstofn og leysir, lausn",590919,B01AD11,Boehringer Ingelheim International GmbH*,Vistor hf,2026-07-20,2026-07-29,2026-07-03,resolved,"Stuttur skortur á heildsölustigi, ólíklegt að skortur hafi áhrif á lyfjanotendur.",2026-09-23T20:59:58.154507,58912
IS,Iceland,Lyfjastofnun,Epiduo,"Adapalenum INN, Benzoyl peroxide","0,1 % / 2,5 %",60 g,Hlaup,408675,D10AD53,Galderma Nordic AB*,Icepharma hf,2026-07-20,2026-08-07,2026-06-24,resolved,"Undanþágulyf hefur verið útvegað. Lyfjastofnun hefur heimilað lyfjafræðingum í apóteki að breyta ávísun á lyfið í skorti í undanþágulyfið Epiduo 0,1/2.5% 60 g túpu vnr. 985075. Undanþágulyfið er í finnsk/sænskum umbúðum.",2026-09-23T20:59:58.155047,148695
IS,Iceland,Lyfjastofnun,Duraphat,Sodium fluoride,5 mg/g,51 g,Tannpasta,066422,A01AA01,Colgate-Palmolive A/S,Icepharma hf,2026-07-20,2026-08-18,2026-06-29,resolved,Aðrar pakkningastærðir eru á markaði / fáanlegar.,2026-09-23T20:59:58.155612,150266
IS,Iceland,Lyfjastofnun,Qutenza,Capsaicinum INN,179 mg,1 stk.,Húðplástur,094812,N01BX04,Grünenthal GmbH*,Vistor hf,2026-07-20,2026-07-20,2026-06-25,resolved,"Stuttur skortur á heildsölustigi, ólíklegt að skortur hafi áhrif á lyfjanotendur.",2026-09-23T20:59:58.156159,7919
IS,Iceland,Lyfjastofnun,Tasigna,Nilotinibum INN hýdróklóríð,150 mg,112 stk.,Hart hylki,523758,L01EA03,Novartis Europharm Limited*,Vistor hf,2026-07-20,2026-08-18,2026-05-30,resolved,"Stuttur skortur á heildsölustigi, ólíklegt að skortur hafi áhrif á lyfjanotendur.",2026-09-23T20:59:58.156696,230715
IS,Iceland,Lyfjastofnun,Praluent,Alirocumabum INN,150 mg,1 ml,"Stungulyf, lausn í áfylltum lyfjapenna",460720,C10AX14,Sanofi Winthrop Industrie,Vistor hf,2026-07-20,2026-08-03,2026-06-08,resolved,Aðrir styrkleikar eru á markaði / fáanlegir.,2026-09-23T20:59:58.157265,131334
IS,Iceland,Lyfjastofnun,DOVATO,"Dolutegravirum INN, Lamivudinum INN",50 mg/300 mg,30 stk.,Filmuhúðuð tafla,578537,J05AR25,ViiV Healthcare BV,Vistor hf,2026-07-19,2026-07-29,2026-07-02,resolved,"Stuttur skortur á heildsölustigi, ólíklegt að skortur hafi áhrif á lyfjanotendur.",2026-09-23T20:59:58.157806,24856
IS,Iceland,Lyfjastofnun,Buvidal,Buprenorphinum INN,16 mg,"0,32 ml","Stungulyf, forðalausn",459423,N07BC01,Camurus AB,,2026-07-18,2026-07-21,2026-07-08,resolved,"Stuttur skortur á heildsölustigi, ólíklegt að skortur hafi áhrif á lyfjanotendur.",2026-09-23T20:59:58.158349,
IS,Iceland,Lyfjastofnun,Paratabs,Paracetamolum INN,500 mg,20 stk.,Filmuhúðuð tafla,413988,N02BE01,Teva B.V.*,Teva Pharma Iceland ehf.*,2026-07-17,2026-11-30,2026-06-25,shortage,Samheitalyf er á markaði / fáanlegt.,2026-09-23T20:59:58.158913,27251
IS,Iceland,Lyfjastofnun,Valaciclovir Actavis,Valaciclovirum INN hýdróklóríð,500 mg,10 stk.,Filmuhúðuð tafla,459926,J05AB11,Actavis Group PTC ehf.,Teva Pharma Iceland ehf.*,2026-07-17,2100-12-31,2026-06-25,shortage,"Aðrar pakkningastærðir eru á markaði / fáanlegar.  Þessi pakkning verður tekin af markaði. 8 stk pakkning, vnr. 076710 er komin í dreifingu hjá heildsölu lyfsins.",2026-09-23T20:59:58.159459,77119
IS,Iceland,Lyfjastofnun,Dermovat,Clobetasolum INN própíónat,"0,5 mg/g",30 g,Smyrsli,380621,D07AD01,GlaxoSmithKline Pharma A/S,Vistor hf,2026-07-16,2026-08-31,2026-05-12,resolved,Önnur lyfjaform eru á markaði / fáanleg.,2026-09-23T20:59:58.160008,4855
IS,Iceland,Lyfjastofnun,Shingrix,Recombinant varicella zoster virus surface glycoprotein E,,1 stk.,"Stungulyfsstofn og dreifa, dreifa",176947,J07BK03,GlaxoSmithKline Biologicals S.A.*,Vistor hf,2026-07-16,2026-08-04,2026-07-13,resolved,Ekkert sambærilegt lyf er á markaði / fáanlegt. Lyfið er væntanlegt aftur í lok júlí,2026-09-23T20:59:58.160550,202843
IS,Iceland,Lyfjastofnun,Escitalopram Bluefish,Escitalopramum INN oxalat,10 mg,98 stk.,Filmuhúðuð tafla,463262,N06AB10,Bluefish Pharmaceuticals AB,Artasan ehf,2026-07-15,2026-07-27,2026-07-13,resolved,Samheitalyf er á markaði / fáanlegt.,2026-09-23T20:59:58.161091,74969
IS,Iceland,Lyfjastofnun,Telfast (Heilsa),Fexofenadinum INN hýdróklóríð,120 mg,30 stk.,Filmuhúðuð tafla,567286,R06AX26,Heilsa ehf.,,2026-07-15,2026-07-31,2026-07-08,resolved,Samheitalyf er á markaði / fáanlegt.,2026-09-23T20:59:58.161614,48739
IS,Iceland,Lyfjastofnun,Jakavi,Ruxolitinibum INN fosfat,5 mg,56 stk.,Tafla,488468,L01EJ01,Novartis Europharm Limited*,Vistor hf,2026-07-15,2026-07-15,2026-06-17,resolved,"Stuttur skortur á heildsölustigi, ólíklegt að skortur hafi áhrif á lyfjanotendur.",2026-09-23T20:59:58.162154,108464
IS,Iceland,Lyfjastofnun,Entresto,"Valsartanum INN, Sacubitrilum INN",15 mg/16 mg,60 stk.,Kyrni í hylki sem á að opna,097280,C09DX04,Novartis Europharm Limited*,Vistor hf,2026-07-15,2026-07-15,2026-06-19,resolved,"Stuttur skortur á heildsölustigi, ólíklegt að skortur hafi áhrif á lyfjanotendur.",2026-09-23T20:59:58.162701,228346
IS,Iceland,Lyfjastofnun,Alutard SQ (Phleum pratense),Phleum pratense,,5 ml,"Stungulyf, dreifa",546051,V01AA02,ALK-Abelló A/S,Vistor hf,2026-07-15,2026-07-15,2026-06-04,resolved,"Stuttur skortur á heildsölustigi, ólíklegt að skortur hafi áhrif á lyfjanotendur.",2026-09-23T20:59:58.163257,
IS,Iceland,Lyfjastofnun,Entresto,"Sacubitrilum INN, Valsartanum INN",49 mg/51 mg,168 stk.,Filmuhúðuð tafla,585287,C09DX04,Novartis Europharm Limited*,Vistor hf,2026-07-15,2026-07-15,2026-05-28,resolved,"Stuttur skortur á heildsölustigi, ólíklegt að skortur hafi áhrif á lyfjanotendur.",2026-09-23T20:59:58.163804,132098
IS,Iceland,Lyfjastofnun,Alutard SQ (Betula verrucosa),Betula verrucosa,,5 ml,"Stungulyf, dreifa",546002,V01AA05,ALK-Abelló A/S,Vistor hf,2026-07-15,2026-07-15,2026-05-29,resolved,"Stuttur skortur á heildsölustigi, ólíklegt að skortur hafi áhrif á lyfjanotendur.",2026-09-23T20:59:58.164345,
IS,Iceland,Lyfjastofnun,Leqvio,Inclisiranum INN natríum,284 mg,"1,5 ml","Stungulyf, lausn í áfylltri sprautu",026109,C10AX16,Novartis Europharm Limited*,Vistor hf,2026-07-15,2026-07-15,2026-05-29,resolved,"Stuttur skortur á heildsölustigi, ólíklegt að skortur hafi áhrif á lyfjanotendur.",2026-09-23T20:59:58.164890,213055
IS,Iceland,Lyfjastofnun,Postafen,Meclozinum INN hýdróklóríð,25 mg,10 stk.,Tafla,029292,R06AE05,CampusPharma AB,,2026-07-15,2026-07-16,2026-06-27,resolved,"Stuttur skortur á heildsölustigi, ólíklegt að skortur hafi áhrif á lyfjanotendur.",2026-09-23T20:59:58.165410,450
IS,Iceland,Lyfjastofnun,Parkódín forte,"Paracetamolum INN, Codeine phosphate hemihydrate",500 mg/30 mg,40 stk.,Filmuhúðuð tafla,084866,N02AJ06,Teva B.V.*,Teva Pharma Iceland ehf.*,2026-07-15,2026-07-23,2026-06-25,resolved,"Stuttur skortur á heildsölustigi, ólíklegt að skortur hafi áhrif á lyfjanotendur.",2026-09-23T20:59:58.165958,131334
IS,Iceland,Lyfjastofnun,Escitalopram STADA,Escitalopram oxalate,10 mg,100 stk.,Filmuhúðuð tafla,519096,N06AB10,STADA Arzneimittel AG,,2026-07-14,2026-07-29,2026-07-14,resolved,Aðrir styrkleikar eru á markaði / fáanlegir. Hægt er að skipta Escitalopram STADA 20 mg í tvo jafna skammta,2026-09-23T20:59:58.166478,82899
IS,Iceland,Lyfjastofnun,NOCDURNA,Desmopressinum INN acetat,25 míkróg,30 stk.,Frostþurrkuð tafla,580699,H01BA02,Ferring Lægemidler A/S,,2026-07-14,2026-07-14,2026-06-23,resolved,"Stuttur skortur á heildsölustigi, ólíklegt að skortur hafi áhrif á lyfjanotendur.",2026-09-23T20:59:58.167036,167398
IS,Iceland,Lyfjastofnun,Cinacalcet STADA,Cinacalcetum INN hýdróklóríð,60 mg,28 stk.,Filmuhúðuð tafla,457185,H05BX01,STADA Arzneimittel AG,,2026-07-14,2026-09-25,2026-07-03,shortage,Aðrir styrkleikar eru á markaði / fáanlegir.,2026-09-23T20:59:58.167566,17884
IS,Iceland,Lyfjastofnun,Glucos Fresenius Kabi,Glucosum,200 mg/ml,500 ml,"Innrennslislyf, lausn",530828,B05BA03,Fresenius Kabi AB,Vistor hf,2026-07-14,2026-07-29,2026-05-21,resolved,"Stuttur skortur á heildsölustigi, ólíklegt að skortur hafi áhrif á lyfjanotendur.",2026-09-23T20:59:58.168110,23892
IS,Iceland,Lyfjastofnun,Shingrix,Recombinant varicella zoster virus surface glycoprotein E,,1 stk.,"Stungulyfsstofn og dreifa, dreifa",176947,J07BK03,GlaxoSmithKline Biologicals S.A.*,Vistor hf,2026-07-14,2026-08-01,2026-07-09,resolved,"Stuttur skortur á heildsölustigi, ólíklegt að skortur hafi áhrif á lyfjanotendur.",2026-09-23T20:59:58.168649,202843
IS,Iceland,Lyfjastofnun,Neurontin,Gabapentinum INN,800 mg,100 stk.,Filmuhúðuð tafla,101115,N02BF01,Viatris ApS,Icepharma hf.*,2026-07-13,2026-11-23,2026-06-22,shortage,Aðrir styrkleikar og/eða samheitalyf eru á markaði / fáanlegir.,2026-09-23T20:59:58.169190,56596
IS,Iceland,Lyfjastofnun,Nicotinell,Nicotinum INN,14 mg/24 klst.,7 stk.,Forðaplástur,049964,N07BA01,Dr. Reddy's Netherlands B.V.,,2026-07-13,2026-09-04,2026-07-03,resolved,Aðrar pakkningastærðir eru á markaði / fáanlegar.,2026-09-23T20:59:58.169718,
IS,Iceland,Lyfjastofnun,Desmopressin Teva B.V.,Desmopressinum INN acetat,60 míkróg,30 stk.,Tungurótartafla,170485,H01BA02,Teva B.V.*,Teva Pharma Iceland ehf.*,2026-07-13,2026-09-10,2026-07-10,resolved,Aðrar pakkningastærðir eru á markaði / fáanlegar.,2026-09-23T20:59:58.170261,
IS,Iceland,Lyfjastofnun,Esomeprazol Actavis,Esomeprazolum INN magnesíum díhýdrat,20 mg,28 stk.,Magasýruþolin tafla,568745,A02BC05,Actavis Group PTC ehf.,Teva Pharma Iceland ehf.*,2026-07-13,2026-08-07,2026-06-25,resolved,Aðrir styrkleikar og/eða samheitalyf eru á markaði / fáanlegir.,2026-09-23T20:59:58.170806,57851
IS,Iceland,Lyfjastofnun,Vildagliptin/Metformin Krka,"Metforminum INN hýdróklóríð, Vildagliptinum INN",50 mg/1000 mg,60 stk.,Filmuhúðuð tafla,594425,A10BD08,Krka d.d. Novo mesto*,,2026-07-13,2026-10-30,2026-05-29,shortage,Aðrar pakkningastærðir eru á markaði / fáanlegar.,2026-09-23T20:59:58.171353,85952
IS,Iceland,Lyfjastofnun,Imdur,Isosorbidi mononitras INN,60 mg,98 stk.,Forðatafla,102871,C01DA14,TopRidge Pharma (Ireland) Limited,Navamedic AB,2026-07-12,2026-08-07,2026-07-31,resolved,Samheitalyf er á markaði / fáanlegt.,2026-09-23T20:59:58.171901,27030
IS,Iceland,Lyfjastofnun,Imdur,Isosorbidi mononitras INN,60 mg,98 stk.,Forðatafla,102871,C01DA14,TopRidge Pharma (Ireland) Limited,Navamedic AB,2026-07-12,2026-09-17,2026-06-20,resolved,Samheitalyf er á markaði / fáanlegt.,2026-09-23T20:59:58.172447,27030
IS,Iceland,Lyfjastofnun,Lacosamide Medical Valley,Lacosamidum INN,200 mg,56 stk.,Filmuhúðuð tafla,116892,N03AX18,Medical Valley Invest AB,,2026-07-11,2026-09-15,2026-08-18,resolved,Samheitalyf er á markaði og aðrir styrkleikar.,2026-09-23T20:59:58.172967,217808
IS,Iceland,Lyfjastofnun,Lacosamide Medical Valley,Lacosamidum INN,100 mg,56 stk.,Filmuhúðuð tafla,441101,N03AX18,Medical Valley Invest AB,,2026-07-11,2026-09-15,2026-08-18,resolved,Samheitalyf er á markaði og aðrir styrkleikar.,2026-09-23T20:59:58.173492,217875
IS,Iceland,Lyfjastofnun,Praluent,Alirocumabum INN,150 mg,1 ml,"Stungulyf, lausn í áfylltum lyfjapenna",460720,C10AX14,Sanofi Winthrop Industrie,Vistor hf,2026-07-11,2026-09-01,2026-06-26,resolved,"Stuttur skortur á heildsölustigi, ólíklegt að skortur hafi áhrif á lyfjanotendur.",2026-09-23T20:59:58.174053,131334
IS,Iceland,Lyfjastofnun,Rybrevant,Amivantamabum INN,350 mg,7 ml,"Innrennslisþykkni, lausn",156701,L01FX18,Janssen-Cilag International NV*,Vistor hf,2026-07-10,2026-07-10,2026-04-30,resolved,"Stuttur skortur á heildsölustigi, ólíklegt að skortur hafi áhrif á lyfjanotendur.",2026-09-23T20:59:58.174596,217921
IS,Iceland,Lyfjastofnun,Olanzapine Teva,Olanzapinum INN,"2,5 mg",30 stk.,Filmuhúðuð tafla,398804,N05AH03,Teva B.V.*,,2026-07-10,2026-09-18,2026-06-25,resolved,Samheitalyf er á markaði / fáanlegt.,2026-09-23T20:59:58.175131,61271
IS,Iceland,Lyfjastofnun,Metformin Sandoz,Metforminum INN hýdróklóríð,500 mg,100 stk.,Filmuhúðuð tafla,569275,A10BA02,Sandoz A/S*,,2026-07-10,2026-11-01,2026-06-23,shortage,"Lyfið er ekki til á lager þar sem pakkningin með þessu vörunúmeri er hætt, lyfið er fáanlegt í annarri pakkningu. Nýtt vörunúmer er tekið við 510159",2026-09-23T20:59:58.175659,
IS,Iceland,Lyfjastofnun,Olanzapine Teva,Olanzapinum INN,5 mg,100 stk.,Filmuhúðuð tafla,533104,N05AH03,Teva B.V.*,,2026-07-10,2026-08-21,2026-06-25,resolved,Samheitalyf er á markaði og aðrir styrkleikar.,2026-09-23T20:59:58.176197,45543
IS,Iceland,Lyfjastofnun,Tamoxifen Viatris,Tamoxifenum INN cítrat,20 mg,100 stk.,Tafla,455693,L02BA01,Viatris Limited,Icepharma hf,2026-07-09,2026-08-10,2026-06-22,resolved,"Stuttur skortur á heildsölustigi, ólíklegt að skortur hafi áhrif á lyfjanotendur. Undanþágulyfið Tamoxifen 20 mg 100 stk með vörunúmerið 969115 hefur verið útvegað.",2026-09-23T20:59:58.176747,17884
IS,Iceland,Lyfjastofnun,Darunavir Medical Valley,Darunavir propylene glycolate,600 mg,60 stk.,Filmuhúðuð tafla,148170,J05AE10,Medical Valley Invest AB,,2026-07-09,2026-12-31,2026-07-09,shortage,Undanþágulyf hefur verið útvegað. Heildsalan Parlogis hefur útvegað undanþágulyfið Darunavir með vörunúmerið 986308,2026-09-23T20:59:58.177314,167371
IS,Iceland,Lyfjastofnun,Telfast,Fexofenadinum INN hýdróklóríð,120 mg,30 stk.,Filmuhúðuð tafla,064544,R06AX26,Opella Healthcare France S.A.S.,STADA Nordic ApS.,2026-07-09,2026-07-27,2026-07-03,resolved,Samheitalyf er á markaði / fáanlegt.,2026-09-23T20:59:58.177864,48739
IS,Iceland,Lyfjastofnun,Imdur,Isosorbidi mononitras INN,30 mg,98 stk.,Forðatafla,524223,C01DA14,TopRidge Pharma (Ireland) Limited,Navamedic AB,2026-07-09,2026-08-07,2026-07-31,resolved,Samheitalyf er á markaði / fáanlegt. Hægt er að skipta Fem-mono 60 mg í tvo jafna skammta,2026-09-23T20:59:58.178422,101745
IS,Iceland,Lyfjastofnun,Darunavir Medical Valley,Darunavir propylene glycolate,800 mg,30 stk.,Filmuhúðuð tafla,402141,J05AE10,Medical Valley Invest AB,,2026-07-09,2026-12-31,2026-07-09,shortage,Undanþágulyf hefur verið útvegað. Heildsalan Parlogis hefur útvegað undanþágulyfið Darunavir með vörunúmerið 986374,2026-09-23T20:59:58.178960,167398
IS,Iceland,Lyfjastofnun,Paclitaxel Actavis,Paclitaxelum INN,6 mg/ml,50 ml,"Innrennslisþykkni, lausn",066897,L01CD01,Actavis Group PTC ehf.,Teva Pharma Iceland ehf.*,2026-07-08,2026-10-23,2026-05-19,shortage,Undanþágulyf hefur verið útvegað. Parlogis útvegar Paclitaxel TV  í sama styrkleika vnr. 968990,2026-09-23T20:59:58.179505,56596
IS,Iceland,Lyfjastofnun,Grazax,Phleum pratense,75.000 SQ-T,100 stk.,Frostþurrkuð tungurótartafla,025736,V01AA02,ALK-Abelló A/S,Vistor hf,2026-07-08,2026-07-08,2026-05-27,resolved,"Stuttur skortur á heildsölustigi, ólíklegt að skortur hafi áhrif á lyfjanotendur.",2026-09-23T20:59:58.180047,
IS,Iceland,Lyfjastofnun,Metadon Abcur,Methadonum INN hýdróklóríð,20 mg,100 stk.,Tafla,033644,N07BC02,Abcur AB*,,2026-07-08,2026-07-26,2026-07-07,resolved,Aðrar pakkningastærðir eru á markaði / fáanlegar.,2026-09-23T20:59:58.180575,86185
IS,Iceland,Lyfjastofnun,Simulect,Basiliximabum INN,20 mg,20 mg,"Stungulyfs-/innrennslisstofn, lausn",453823,L04AC02,Novartis Europharm Limited*,Vistor hf,2026-07-07,2026-07-07,2026-06-26,resolved,"Stuttur skortur á heildsölustigi, ólíklegt að skortur hafi áhrif á lyfjanotendur.",2026-09-23T20:59:58.181114,51330
IS,Iceland,Lyfjastofnun,Rizatriptan Alvogen,Rizatriptanum INN benzóat,10 mg,18 stk.,Munndreifitafla,171717,N02CC04,Alvogen ehf.,,2026-07-07,2026-07-15,2026-07-02,resolved,"Stuttur skortur á heildsölustigi, ólíklegt að skortur hafi áhrif á lyfjanotendur.",2026-09-23T20:59:58.181635,50520
IS,Iceland,Lyfjastofnun,Mirtazapin Sandoz,Mirtazapinum INN,15 mg,105 stk.,Filmuhúðuð tafla,459367,N06AX11,Sandoz A/S,,2026-07-07,2026-11-10,2026-07-01,shortage,Samheitalyf er á markaði og aðrir styrkleikar.,2026-09-23T20:59:58.182167,80934
IS,Iceland,Lyfjastofnun,Midazolam Accord,Midazolamum INN hýdróklóríð,5 mg/ml,1 ml,"Stungulyf/innrennslislyf, lausn",574395,N05CD08,Accord Healthcare B.V.,,2026-07-07,2026-07-07,2026-06-19,resolved,"Stuttur skortur á heildsölustigi, ólíklegt að skortur hafi áhrif á lyfjanotendur.",2026-09-23T20:59:58.182690,93637
IS,Iceland,Lyfjastofnun,Zaditen,Ketotifen hydrogen fumarate,"0,25 mg/ml","0,4 ml","Augndropar, lausn í stakskammtaíláti",551328,S01GX08,Laboratoires THEA S.A.S.,,2026-07-07,2027-02-10,2026-06-24,shortage,Aðrar pakkningastærðir eru á markaði / fáanlegar.,2026-09-23T20:59:58.183237,30929
IS,Iceland,Lyfjastofnun,Desmopressin Zentiva,Desmopressinum INN acetat,240 míkróg,30 stk.,Tungurótartafla,453074,H01BA02,Zentiva k.s.*,,2026-07-06,2026-07-22,2026-06-30,resolved,Aðrar pakkningastærðir eru á markaði / fáanlegar.,2026-09-23T20:59:58.183766,225428
IS,Iceland,Lyfjastofnun,Metformin Sandoz,Metforminum INN hýdróklóríð,500 mg,100 stk.,Filmuhúðuð tafla,569275,A10BA02,Sandoz A/S*,,2026-07-06,2026-10-16,2026-06-23,shortage,"Stuttur skortur á heildsölustigi, ólíklegt að skortur hafi áhrif á lyfjanotendur. Þetta vörunúmer hættir - nýtt vörunúmer tekur við 01.08.2026",2026-09-23T20:59:58.184288,
IS,Iceland,Lyfjastofnun,Hydromed,Hydrochlorothiazide,"12,5 mg",100 stk.,Tafla,483968,C03AA03,EQL Pharma AB,Vistor hf,2026-07-06,2026-07-10,2026-07-03,resolved,"Stuttur skortur á heildsölustigi, ólíklegt að skortur hafi áhrif á lyfjanotendur.",2026-09-23T20:59:58.184829,131334
IS,Iceland,Lyfjastofnun,Sitagliptin/Metformin Zentiva ApS,"Sitagliptinum INN fosfat mónóhýdrat, Metforminum INN hýdróklóríð",50 mg/850 mg,196 stk.,Filmuhúðuð tafla,408999,A10BD07,Zentiva k.s.,Alvogen ehf.,2026-07-06,2026-07-09,2026-06-30,resolved,"Stuttur skortur á heildsölustigi, ólíklegt að skortur hafi áhrif á lyfjanotendur.",2026-09-23T20:59:58.185367,218162
IS,Iceland,Lyfjastofnun,Mirtazapin Sandoz,Mirtazapinum INN,30 mg,105 stk.,Filmuhúðuð tafla,376680,N06AX11,Sandoz A/S,,2026-07-06,2026-09-23,2026-05-29,resolved,Samheitalyf er á markaði og aðrir styrkleikar.,2026-09-23T20:59:58.185889,39721
IS,Iceland,Lyfjastofnun,Donepezil Actavis,Donepezil hydrochloride,10 mg,250 stk.,Filmuhúðuð tafla,087354,N06DA02,Actavis Group PTC ehf.,Teva Pharma Iceland ehf.*,2026-07-06,2026-07-27,2026-07-10,resolved,Aðrar pakkningastærðir eru á markaði / fáanlegar.,2026-09-23T20:59:58.186421,106550
IS,Iceland,Lyfjastofnun,Hydromed,Hydrochlorothiazide,25 mg,100 stk.,Tafla,404818,C03AA03,EQL Pharma AB,Vistor hf,2026-07-06,2026-07-09,2026-07-03,resolved,"Stuttur skortur á heildsölustigi, ólíklegt að skortur hafi áhrif á lyfjanotendur.",2026-09-23T20:59:58.186986,211125
IS,Iceland,Lyfjastofnun,Kisqali,Ribociclibum INN,200 mg,42 stk.,Filmuhúðuð tafla,408719,L01EF02,Novartis Europharm Limited*,Vistor hf,2026-07-03,2026-07-08,2026-06-19,resolved,"Stuttur skortur á heildsölustigi, ólíklegt að skortur hafi áhrif á lyfjanotendur.",2026-09-23T20:59:58.187539,147516
IS,Iceland,Lyfjastofnun,Dalacin,Clindamycinum INN fosfat,10 mg/ml,60 ml,Húðfleyti,494559,D10AF01,Pfizer ApS,Icepharma hf.*,2026-07-03,2026-09-15,2026-06-30,resolved,Undanþágulyf hefur verið útvegað. Heildsalan Distica hefur útvegað undanþágulyfið Dalacin með vörunúmerið 972612,2026-09-23T20:59:58.188084,19666
IS,Iceland,Lyfjastofnun,Tysabri,Natalizumabum INN,300 mg,15 ml,"Innrennslisþykkni, lausn",056915,L04AG03,Biogen Netherlands B.V.,Icepharma hf.*,2026-07-03,2026-08-12,2026-07-03,resolved,Aðrir styrkleikar eru á markaði / fáanlegir.,2026-09-23T20:59:58.188626,80934
IS,Iceland,Lyfjastofnun,Desmopressin Zentiva,"Lactose monohydrate, Desmopressinum INN acetat",60 míkróg,100 stk.,Tungurótartafla,110095,H01BA02,Zentiva k.s.*,,2026-07-03,2026-07-15,2026-06-30,resolved,Samheitalyf er á markaði / fáanlegt.,2026-09-23T20:59:58.189147,225479
IS,Iceland,Lyfjastofnun,Betmiga,Mirabegronum INN,50 mg,90 stk.,Forðatafla,409927,G04BD12,Astellas Pharma Europe B.V.,Vistor hf,2026-07-03,2026-08-04,2026-06-16,resolved,"Stuttur skortur á heildsölustigi, ólíklegt að skortur hafi áhrif á lyfjanotendur.",2026-09-23T20:59:58.189693,112305
IS,Iceland,Lyfjastofnun,Ofev,Nintedanibum INN,100 mg,60 x 1 stk.,Mjúkt hylki,197927,L01EX09,Boehringer Ingelheim International GmbH*,Vistor hf,2026-07-03,2026-07-07,2026-07-02,resolved,"Stuttur skortur á heildsölustigi, ólíklegt að skortur hafi áhrif á lyfjanotendur.",2026-09-23T20:59:58.190235,127310
IS,Iceland,Lyfjastofnun,Sildenafil Actavis,Sildenafilum INN cítrat,100 mg,4 stk.,Filmuhúðuð tafla,523355,G04BE03,Actavis Group PTC ehf.,,2026-07-03,2026-08-28,2026-07-06,resolved,Aðrar pakkningastærðir eru á markaði / fáanlegar.,2026-09-23T20:59:58.190759,218138
IS,Iceland,Lyfjastofnun,Gamunex,HUMAN NORMAL IMMUNOGLOBULIN (IV),100 mg/ml,200 ml,"Innrennslislyf, lausn",176559,J06BA02,Grifols Deutschland GmbH*,Alvogen ehf.,2026-07-02,2026-07-15,2026-06-29,resolved,Aðrar pakkningastærðir eru á markaði / fáanlegar.,2026-09-23T20:59:58.191297,
IS,Iceland,Lyfjastofnun,Ceftriaxon Fresenius Kabi,Ceftriaxonum INN dínatríum,2 g,50 ml,"Innrennslisstofn, lausn",132384,J01DD04,Fresenius Kabi AB,,2026-07-02,2026-08-15,2026-06-24,resolved,Samheitalyf er á markaði / fáanlegt.,2026-09-23T20:59:58.191824,218650
IS,Iceland,Lyfjastofnun,ABILIFY,Aripiprazolum INN,5 mg,56 stk.,Tafla,016635,N05AX12,Otsuka Pharmaceutical Netherlands B.V.*,Vistor hf,2026-07-02,2026-07-02,2026-06-23,resolved,"Stuttur skortur á heildsölustigi, ólíklegt að skortur hafi áhrif á lyfjanotendur.",2026-09-23T20:59:58.192370,117633
IS,Iceland,Lyfjastofnun,Praluent,Alirocumabum INN,150 mg,1 ml,"Stungulyf, lausn í áfylltum lyfjapenna",043056,C10AX14,Sanofi Winthrop Industrie,Vistor hf,2026-07-02,2026-09-22,2026-06-30,resolved,"Stuttur skortur á heildsölustigi, ólíklegt að skortur hafi áhrif á lyfjanotendur.",2026-09-23T20:59:58.192911,131334
IS,Iceland,Lyfjastofnun,Fabrazyme,Recombinant human alpa galactosidase A,35 mg,35 mg,"Stofn fyrir innrennslisþykkni, lausn",006732,A16AB04,Genzyme Europe B.V.,Vistor hf,2026-07-02,2026-07-20,2026-06-15,resolved,Aðrir styrkleikar eru á markaði / fáanlegir.,2026-09-23T20:59:58.193455,60518
IS,Iceland,Lyfjastofnun,Lacosamide STADA,Lacosamidum INN,200 mg,56 stk.,Filmuhúðuð tafla,155958,N03AX18,STADA Arzneimittel AG,,2026-07-01,2026-09-08,2026-07-03,resolved,Samheitalyf er á markaði / fáanlegt. lyfið er til á knappfyrningalager með fyrningu 30.09.2026.,2026-09-23T20:59:58.193984,217808
IS,Iceland,Lyfjastofnun,Livostin (Heilsa),Levocabastinum INN hýdróklóríð,50 míkróg/skammt,150 skammtar,"Nefúði, dreifa",135613,R01AC02,Heilsa ehf,,2026-07-01,2026-12-01,2026-05-26,shortage,Samheitalyf er á markaði / fáanlegt. Þetta vörunúmer er að hætta,2026-09-23T20:59:58.194508,34096
IS,Iceland,Lyfjastofnun,Inegy,"Simvastatinum INN, Ezetimibe",10/40 mg,98 stk.,Tafla,439594,C10BA02,N.V. Organon*,Vistor hf,2026-07-01,2027-01-01,2026-07-02,shortage,Samheitalyf er á markaði / fáanlegt. Lyfið verður tekið af markaði 01.10.2026 en er til á knappfyrningalager með fyrningu 30.10.2026. Ezetimib/Simvastatin Krka 10 mg/40 mg og 10 mg/20 mg er fáanlegt.,2026-09-23T20:59:58.195050,77046
IS,Iceland,Lyfjastofnun,Sitagliptin STADA,Sitagliptinum INN hýdróklóríð,100 mg,30 stk.,Filmuhúðuð tafla,139541,A10BH01,STADA Arzneimittel AG,,2026-07-01,2026-07-01,2026-07-03,resolved,Skortur raungerðist ekki. Lyfið er til á knappfyrningalager með fyrningu 31.08.2026.,2026-09-23T20:59:58.195571,218138
IS,Iceland,Lyfjastofnun,Koselugo,Selumetinibum INN,10 mg,60 stk.,Hart hylki,493341,L01EE04,AstraZeneca AB*,Vistor hf,2026-07-01,2026-07-13,2026-07-01,resolved,"Stuttur skortur á heildsölustigi, ólíklegt að skortur hafi áhrif á lyfjanotendur.",2026-09-23T20:59:58.196116,222704
IS,Iceland,Lyfjastofnun,Koselugo,Selumetinibum INN,25 mg,60 stk.,Hart hylki,097934,L01EE04,AstraZeneca AB*,Vistor hf,2026-07-01,2026-07-13,2026-07-01,resolved,"Stuttur skortur á heildsölustigi, ólíklegt að skortur hafi áhrif á lyfjanotendur.",2026-09-23T20:59:58.196655,222690
IS,Iceland,Lyfjastofnun,Esopram,Escitalopram oxalate,10 mg,100 stk.,Filmuhúðuð tafla,048122,N06AB10,Teva B.V.*,Teva Pharma Iceland ehf.*,2026-07-01,2026-08-28,2026-06-09,resolved,Samheitalyf er á markaði / fáanlegt.,2026-09-23T20:59:58.197228,74969
IS,Iceland,Lyfjastofnun,Topiramate Alvogen,Topiramatum INN,50 mg,60 stk.,Filmuhúðuð tafla,155230,N03AX11,Alvogen ehf.,,2026-07-01,2027-01-01,2026-03-23,shortage,"Samheitalyf er á markaði / fáanlegt. Þetta vörunúmer hættir, einhverjar birgðir eru til á stuttfyrningalager með fyrningu 31.10.2026",2026-09-23T20:59:58.197763,43982
IS,Iceland,Lyfjastofnun,Aripiprazol W&H,Aripiprazolum INN,15 mg,56 stk.,Tafla,102518,N05AX12,Williams & Halls ehf.,,2026-07-01,2026-09-09,2026-04-01,resolved,Samheitalyf er á markaði / fáanlegt.,2026-09-23T20:59:58.198289,75256
IS,Iceland,Lyfjastofnun,Desmopressin Teva B.V.,Desmopressinum INN acetat,120 míkróg,30 stk.,Tungurótartafla,599892,H01BA02,Teva B.V.*,Teva Pharma Iceland ehf.*,2026-07-01,2026-07-28,2026-07-10,resolved,Samheitalyf er á markaði / fáanlegt.,2026-09-23T20:59:58.198840,225436
IS,Iceland,Lyfjastofnun,Zessly,Infliximabum INN,100 mg,100 mg,"Stofn fyrir innrennslisþykkni, lausn",055089,L04AB02,Sandoz GmbH*,,2026-07-01,2100-12-31,2026-06-22,shortage,Sérpöntun / útboðslyf.,2026-09-23T20:59:58.199363,54542
IS,Iceland,Lyfjastofnun,Eylea,Afliberceptum INN,"114,3 mg/ml","0,263 ml","Stungulyf, lausn",049854,S01LA05,Bayer AG*,Icepharma hf.*,2026-06-30,2100-01-01,2026-06-30,shortage,Aðrir styrkleikar og lyfjaform eru á markaði / fáanlegir.,2026-09-23T20:59:58.199929,226386
IS,Iceland,Lyfjastofnun,Procoralan,Ivabradinum INN hýdróklóríð,"7,5 mg",56 stk.,Filmuhúðuð tafla,041105,C01EB17,Les Laboratoires Servier*,Icepharma hf,2026-06-30,2026-07-10,2026-06-30,resolved,"Stuttur skortur á heildsölustigi, ólíklegt að skortur hafi áhrif á lyfjanotendur.",2026-09-23T20:59:58.200472,59056
IS,Iceland,Lyfjastofnun,Tresiba,Insulinum degludecum INN,100 ein./ml,3 ml,"Stungulyf, lausn í rörlykju",518534,A10AE06,Novo Nordisk A/S*,Vistor hf,2026-06-30,2026-06-30,2026-06-02,resolved,"Stuttur skortur á heildsölustigi, ólíklegt að skortur hafi áhrif á lyfjanotendur.",2026-09-23T20:59:58.201019,115215
IS,Iceland,Lyfjastofnun,Dutaprostam,"Dutasteridum INN, Tamsulosinum INN hýdróklóríð","0,5/0,4 mg",90 stk.,Hart hylki,542694,G04CA52,Zentiva k.s.*,Alvogen ehf.,2026-06-30,2100-12-31,2026-03-16,shortage,Samheitalyf er á markaði / fáanlegt. Þetta vörunúmer er hætt,2026-09-23T20:59:58.201555,93661
IS,Iceland,Lyfjastofnun,OxyContin Depot,Oxycodonum INN hýdróklóríð,80 mg,98 stk.,Forðatafla,088961,N02AA05,Mundipharma A/S,Icepharma hf,2026-06-30,2026-08-21,2026-06-24,resolved,Aðrir styrkleikar eru á markaði / fáanlegir.,2026-09-23T20:59:58.202097,57649
IS,Iceland,Lyfjastofnun,Atenolol Viatris,Atenololum INN,50 mg,98 stk.,Filmuhúðuð tafla,029497,C07AB03,Viatris Limited,Icepharma hf,2026-06-29,2026-08-04,2026-06-22,resolved,Aðrir styrkleikar og pakkningastærðir eru á markaði / fáanlegir.,2026-09-23T20:59:58.202650,15822
IS,Iceland,Lyfjastofnun,Desmopressin Zentiva,"Lactose monohydrate, Desmopressinum INN acetat",60 míkróg,30 stk.,Tungurótartafla,379908,H01BA02,Zentiva k.s.*,,2026-06-29,2026-07-15,2026-06-30,resolved,Samheitalyf er á markaði / fáanlegt.,2026-09-23T20:59:58.203181,225479
IS,Iceland,Lyfjastofnun,Seretide,"Fluticasonum INN própíónat, Salmeterolum INN xínafóat",50/250 míkróg/skammt,60 skammtar,"Innöndunarduft, afmældir skammtar",373340,R03AK06,GlaxoSmithKline Pharma A/S,Vistor hf,2026-06-26,2026-07-01,2026-05-07,resolved,Aðrir styrkleikar og/eða samheitalyf eru á markaði / fáanlegir.,2026-09-23T20:59:58.203722,64963
IS,Iceland,Lyfjastofnun,Nicotinell Mint,Nicotinum INN,1 mg,150 úðaskammtar,"Munnholsúði, lausn",145887,N07BA01,Dr. Reddy's Netherlands B.V.,,2026-06-26,2026-08-05,2026-06-10,resolved,Aðrar pakkningastærðir og lyfjaform eru á markaði / fáanlegar.,2026-09-23T20:59:58.204244,
IS,Iceland,Lyfjastofnun,Seretide,"Fluticasonum INN própíónat, Salmeterolum INN xínafóat",50/250 míkróg/skammt,60 skammtar,"Innöndunarduft, afmældir skammtar",373340,R03AK06,GlaxoSmithKline Pharma A/S,Vistor hf,2026-06-25,2026-06-30,2026-05-21,resolved,"Stuttur skortur á heildsölustigi, ólíklegt að skortur hafi áhrif á lyfjanotendur.",2026-09-23T20:59:58.204782,64963
IS,Iceland,Lyfjastofnun,Midodrin Evolan,Midodrinum INN hýdróklóríð,"2,5 mg",100 stk.,Tafla,144172,C01CA17,Evolan Pharma AB,,2026-06-25,2026-12-18,2026-04-13,shortage,"Til skoðunar. Umboðsaðili, lyfsins í skorti, ásamt Lyfjastofnun og öðrum heilbrigðisstarfsmönnum vinna að útfærslu mótvægisaðgerða sem hafa þann tilgang að tryggja meðferð lyfjanotenda og draga úr neikvæðum áhrifum lyfjaskortsins á heilbrigðiskerfið. Von er á frekari upplýsingum",2026-09-23T20:59:58.205315,
IS,Iceland,Lyfjastofnun,Nicotinell Mint,Nicotine resinate,4 mg,24 stk.,Lyfjatyggigúmmí,082334,N07BA01,Dr. Reddy's Netherlands B.V.,Artasan ehf,2026-06-25,2026-06-25,2026-05-20,resolved,"Stuttur skortur á heildsölustigi, ólíklegt að skortur hafi áhrif á lyfjanotendur.",2026-09-23T20:59:58.205855,
IS,Iceland,Lyfjastofnun,Escitalopram Bluefish,Escitalopramum INN oxalat,10 mg,98 stk.,Filmuhúðuð tafla,463262,N06AB10,Bluefish Pharmaceuticals AB,Artasan ehf,2026-06-25,2026-06-25,2026-06-02,resolved,"Stuttur skortur á heildsölustigi, ólíklegt að skortur hafi áhrif á lyfjanotendur.",2026-09-23T20:59:58.206403,74969
IS,Iceland,Lyfjastofnun,Visipaque,Iodixanolum INN,320 mg J/ml,100 ml,"Stungulyf, lausn",583518,V08AB09,GE Healthcare AS,Icepharma hf,2026-06-25,2026-07-07,2026-06-18,resolved,Aðrir styrkleikar og lyfjaform eru á markaði / fáanlegir.,2026-09-23T20:59:58.206959,41645
IS,Iceland,Lyfjastofnun,Aclasta,Zoledronic acid,5 mg/100 ml,100 ml,"Innrennslislyf, lausn",150149,M05BA08,Sandoz Pharmaceuticals d.d.,Sandoz A/S*,2026-06-25,2026-08-12,2026-06-24,resolved,"Stuttur skortur á heildsölustigi, ólíklegt að skortur hafi áhrif á lyfjanotendur.",2026-09-23T20:59:58.207514,79790
IS,Iceland,Lyfjastofnun,Pentasa,Mesalazinum INN,1 g,60 stk.,Forðatafla,528584,A07EC02,Ferring Lægemidler A/S,Vistor hf,2026-06-24,2026-06-24,2026-05-07,resolved,"Stuttur skortur á heildsölustigi, ólíklegt að skortur hafi áhrif á lyfjanotendur.",2026-09-23T20:59:58.208063,92673
IS,Iceland,Lyfjastofnun,Nicotinell,Nicotinum INN,14 mg/24 klst.,21 stk.,Forðaplástur,168778,N07BA01,Dr. Reddy's Netherlands B.V.,,2026-06-24,2026-06-24,2026-06-05,resolved,"Stuttur skortur á heildsölustigi, ólíklegt að skortur hafi áhrif á lyfjanotendur.",2026-09-23T20:59:58.208588,
IS,Iceland,Lyfjastofnun,Xolair,Omalizumabum INN,150 mg,150 mg,"Stungulyf, lausn í áfylltri sprautu",385816,R03DX05,Novartis Europharm Limited*,Vistor hf,2026-06-24,2026-07-09,2026-05-06,resolved,Aðrir styrkleikar eru á markaði / fáanlegir.,2026-09-23T20:59:58.209126,229466
IS,Iceland,Lyfjastofnun,Lederspan,Triamcinolonum INN hexacetóníð,20 mg/ml,1 ml,"Stungulyf, dreifa",551572,H02AB08,Viatris ApS,Icepharma hf.*,2026-06-24,2026-06-29,2026-04-28,resolved,"Stuttur skortur á heildsölustigi, ólíklegt að skortur hafi áhrif á lyfjanotendur.",2026-09-23T20:59:58.209675,
IS,Iceland,Lyfjastofnun,Avonex,Interferonum beta-1a INN,30 míkróg/ 0.5 ml,"0,5 ml","Stungulyf, lausn",412547,L03AB07,Biogen Netherlands B.V.,Icepharma hf.*,2026-06-24,2026-07-15,2026-06-24,resolved,Aðrar pakkningastærðir eru á markaði / fáanlegar.,2026-09-23T20:59:58.210217,24856
IS,Iceland,Lyfjastofnun,Tecfidera,Dimethylis fumaras INN,120 mg,14 stk.,Magasýruþolið hart hylki,392438,L04AX07,Biogen Netherlands B.V.,Icepharma hf.*,2026-06-24,2026-07-15,2026-06-24,resolved,Aðrir styrkleikar eru á markaði / fáanlegir.,2026-09-23T20:59:58.210751,117870
IS,Iceland,Lyfjastofnun,Sumatriptan Bluefish,Sumatriptanum INN súkkínat,100 mg,6 stk.,Tafla,151873,N02CC01,Bluefish Pharmaceuticals AB,Artasan ehf,2026-06-24,2026-09-15,2026-06-23,resolved,Samheitalyf er á markaði / fáanlegt.,2026-09-23T20:59:58.211291,32476
IS,Iceland,Lyfjastofnun,Arava,Leflunomidum INN,10 mg,100 stk.,Filmuhúðuð tafla,053371,L04AK01,Sanofi-Aventis Deutschland GmbH,Vistor hf,2026-06-23,2026-06-23,2026-06-05,resolved,"Stuttur skortur á heildsölustigi, ólíklegt að skortur hafi áhrif á lyfjanotendur.",2026-09-23T20:59:58.211834,53600
IS,Iceland,Lyfjastofnun,Cystagon,Mercaptaminum INN bítartrat,150 mg,100 stk.,Hart hylki,419838,A16AA04,Recordati Rare Diseases*,Recordati AB*,2026-06-23,2026-06-23,2026-04-22,resolved,"Stuttur skortur á heildsölustigi, ólíklegt að skortur hafi áhrif á lyfjanotendur.",2026-09-23T20:59:58.212375,56049
IS,Iceland,Lyfjastofnun,Qutenza,Capsaicinum INN,179 mg,1 stk.,Húðplástur,094812,N01BX04,Grünenthal GmbH*,Vistor hf,2026-06-23,2026-06-23,2026-05-28,resolved,"Stuttur skortur á heildsölustigi, ólíklegt að skortur hafi áhrif á lyfjanotendur. Capsina krem 0,075 % er fáanlegt með sama virka innihaldsefninu",2026-09-23T20:59:58.212917,7919
IS,Iceland,Lyfjastofnun,Travatan,Travoprostinum INN,40 míkróg/ml,"2,5 ml","Augndropar, lausn",517180,S01EE04,Novartis Europharm Limited*,Vistor hf,2026-06-23,2026-06-23,2026-06-17,resolved,"Stuttur skortur á heildsölustigi, ólíklegt að skortur hafi áhrif á lyfjanotendur.",2026-09-23T20:59:58.213460,206431
IS,Iceland,Lyfjastofnun,Mydriacyl,Tropicamidum INN,10 mg/ml,15 ml,"Augndropar, lausn",143586,S01FA06,Alcon Nordic A/S,,2026-06-22,2026-06-24,2026-06-02,resolved,"Stuttur skortur á heildsölustigi, ólíklegt að skortur hafi áhrif á lyfjanotendur.",2026-09-23T20:59:58.213986,
IS,Iceland,Lyfjastofnun,Niapelf,Paliperidonum INN,75 mg,1 stk.,"Stungulyf, forðadreifa",451383,N05AX13,Neuraxpharm Pharmaceuticals S.L.,Neuraxpharm Sweden AB,2026-06-22,2026-08-20,2026-06-10,resolved,Samheitalyf er á markaði / fáanlegt.,2026-09-23T20:59:58.214522,96970
IS,Iceland,Lyfjastofnun,REZOLSTA,"Darunavirum INN ethanólat, Cobicistatum INN",800 mg/150 mg,30 stk.,Filmuhúðuð tafla,141015,J05AR14,Janssen-Cilag International NV*,Vistor hf,2026-06-22,2026-06-22,2026-05-29,resolved,"Stuttur skortur á heildsölustigi, ólíklegt að skortur hafi áhrif á lyfjanotendur.",2026-09-23T20:59:58.215059,201677
IS,Iceland,Lyfjastofnun,Bufomix Easyhaler,"Budesonidum INN, Formoterolum INN fúmarat",320 míkróg/9 míkróg/skammt,60 skammtar,Innöndunarduft,485549,R03AK07,Orion Corporation,Vistor hf,2026-06-22,2026-07-07,2026-06-23,resolved,Aðrar pakkningastærðir eru á markaði / fáanlegar.,2026-09-23T20:59:58.215606,131172
IS,Iceland,Lyfjastofnun,Panodil Brus,Paracetamolum INN,500 mg,20 stk.,Freyðitafla,433126,N02BE01,Haleon Denmark ApS,Artasan ehf,2026-06-22,2026-06-22,2026-05-22,resolved,"Stuttur skortur á heildsölustigi, ólíklegt að skortur hafi áhrif á lyfjanotendur.",2026-09-23T20:59:58.216149,
IS,Iceland,Lyfjastofnun,Varilrix,Varicella-Zoster Virus,2.000 PFU bóluefni,"0,5 ml","Stungulyfsstofn og leysir, lausn",442258,J07BK01,GlaxoSmithKline Pharma A/S,Vistor hf,2026-06-21,2026-06-30,2026-06-16,resolved,"Stuttur skortur á heildsölustigi, ólíklegt að skortur hafi áhrif á lyfjanotendur.",2026-09-23T20:59:58.216695,
IS,Iceland,Lyfjastofnun,Varilrix,Varicella-Zoster Virus,2.000 PFU bóluefni,"0,5 ml","Stungulyfsstofn og leysir, lausn",442258,J07BK01,GlaxoSmithKline Pharma A/S,Vistor hf,2026-06-21,2026-06-30,2026-06-16,resolved,"Stuttur skortur á heildsölustigi, ólíklegt að skortur hafi áhrif á lyfjanotendur.",2026-09-23T20:59:58.217273,
IS,Iceland,Lyfjastofnun,Sertralin Bluefish,Sertralinum INN hýdróklóríð,50 mg,100 stk.,Filmuhúðuð tafla,379945,N06AB06,Bluefish Pharmaceuticals AB,Artasan ehf,2026-06-19,2026-06-19,2026-03-26,resolved,"Stuttur skortur á heildsölustigi, ólíklegt að skortur hafi áhrif á lyfjanotendur.",2026-09-23T20:59:58.217822,90018
IS,Iceland,Lyfjastofnun,Flúoróúracil Accord,Fluorouracilum INN,50 mg/ml,100 ml,"Stungulyf/innrennslislyf, lausn",586959,L01BC02,Accord Healthcare B.V.,,2026-06-19,2026-06-19,2026-05-13,resolved,"Stuttur skortur á heildsölustigi, ólíklegt að skortur hafi áhrif á lyfjanotendur.",2026-09-23T20:59:58.218354,129704
IS,Iceland,Lyfjastofnun,Venlafaxin Krka,Venlafaxinum INN hýdróklóríð,150 mg,100 stk.,Hart forðahylki,057376,N06AX16,"KRKA, d.d., Novo mesto",LYFIS ehf.*,2026-06-19,2026-07-03,2026-06-18,resolved,Samheitalyf er á markaði og aðrir styrkleikar.,2026-09-23T20:59:58.218906,47538
IS,Iceland,Lyfjastofnun,Betmiga,Mirabegronum INN,50 mg,30 stk.,Forðatafla,093284,G04BD12,Astellas Pharma Europe B.V.,Vistor hf,2026-06-19,2026-06-30,2026-05-12,resolved,"Stuttur skortur á heildsölustigi, ólíklegt að skortur hafi áhrif á lyfjanotendur.",2026-09-23T20:59:58.219451,112305
IS,Iceland,Lyfjastofnun,Tegretol,Carbamazepinum INN,20 mg/ml,300 ml,"Mixtúra, dreifa",414789,N03AF01,Novartis Healthcare A/S,Vistor hf,2026-06-19,2026-06-19,2026-05-27,resolved,"Stuttur skortur á heildsölustigi, ólíklegt að skortur hafi áhrif á lyfjanotendur.",2026-09-23T20:59:58.219997,515
IS,Iceland,Lyfjastofnun,Penthrox,Methoxyflurane,3 ml,3 ml,"Innöndunargufa, vökvi",513993,N02BG09,Medical Developments NED B.V.,POA Pharma Scandinavia AB,2026-06-19,2026-08-11,2026-06-03,resolved,"Stuttur skortur á heildsölustigi, ólíklegt að skortur hafi áhrif á lyfjanotendur.",2026-09-23T20:59:58.220540,
IS,Iceland,Lyfjastofnun,Herceptin,Trastuzumabum INN,600 mg/5 ml,5 ml,"Stungulyf, lausn",460339,L01FD01,Roche Registration GmbH*,Icepharma hf.*,2026-06-19,2026-06-25,2026-06-19,resolved,"Stuttur skortur á heildsölustigi, ólíklegt að skortur hafi áhrif á lyfjanotendur.",2026-09-23T20:59:58.221092,107069
IS,Iceland,Lyfjastofnun,Alendronat Bluefish,Acidum alendronicum INN natríum,70 mg,12 stk.,Tafla,414991,M05BA04,Bluefish Pharmaceuticals AB,Artasan ehf,2026-06-18,2026-06-19,2026-06-03,resolved,"Stuttur skortur á heildsölustigi, ólíklegt að skortur hafi áhrif á lyfjanotendur.",2026-09-23T20:59:58.221638,218103
IS,Iceland,Lyfjastofnun,Ceftriaxona Normon,Ceftriaxonum INN dínatríum,1000 mg,1 stk.,"Stungulyfs-/innrennslisstofn og leysir, lausn",592068,J01DD04,"Laboratorios Normon, S.A.",,2026-06-18,2026-07-13,2026-06-18,resolved,Aðrar pakkningastærðir eru á markaði / fáanlegar.,2026-09-23T20:59:58.222187,69884
IS,Iceland,Lyfjastofnun,Ceftriaxona Normon,Ceftriaxonum INN dínatríum,2000 mg,50 stk.,"Innrennslisstofn, lausn",148087,J01DD04,"Laboratorios Normon, S.A.",,2026-06-18,2026-07-11,2026-06-11,resolved,Aðrir styrkleikar eru á markaði / fáanlegir.,2026-09-23T20:59:58.222736,20753
IS,Iceland,Lyfjastofnun,Exelon,Rivastigminum INN,"9,5 mg/24 klst.",30 stk.,Forðaplástur,444511,N06DA03,Novartis Europharm Limited*,Vistor hf,2026-06-18,2026-06-18,2026-05-07,resolved,"Stuttur skortur á heildsölustigi, ólíklegt að skortur hafi áhrif á lyfjanotendur.",2026-09-23T20:59:58.223296,
IS,Iceland,Lyfjastofnun,Tafil,Alprazolamum INN,"0,5 mg",100 stk.,Tafla,073874,N05BA12,Upjohn EESV,Icepharma hf.*,2026-06-18,2026-10-03,2026-06-18,shortage,Ekkert sambærilegt lyf er á markaði / fáanlegt. Alprazolam Krka og Tafil retard forðatöflur eru fáanlegar.,2026-09-23T20:59:58.223862,201677
IS,Iceland,Lyfjastofnun,Strefen Honung & Citron,Flurbiprofenum INN,"16,2 mg/ml",15 ml,"Munnholsúði, lausn",160201,R02AX01,Reckitt Benckiser Healthcare (Scandinavia) A/S,Artasan ehf,2026-06-18,2026-06-20,2026-06-02,resolved,"Stuttur skortur á heildsölustigi, ólíklegt að skortur hafi áhrif á lyfjanotendur.",2026-09-23T20:59:58.224418,
IS,Iceland,Lyfjastofnun,Letromal,Letrozolum INN,"2,5 mg",100 stk.,Filmuhúðuð tafla,033777,L02BG04,Williams & Halls ehf,,2026-06-18,2026-07-02,2026-04-16,resolved,Samheitalyf er á markaði / fáanlegt.,2026-09-23T20:59:58.224959,47724
IS,Iceland,Lyfjastofnun,Hyrimoz,Adalimumabum INN,40 mg,"0,4 ml","Stungulyf, lausn í áfylltri sprautu",458291,L04AB04,Sandoz GmbH*,,2026-06-17,2026-06-18,2026-04-08,resolved,"Stuttur skortur á heildsölustigi, ólíklegt að skortur hafi áhrif á lyfjanotendur.",2026-09-23T20:59:58.225490,48933
IS,Iceland,Lyfjastofnun,Ondansetron STADA,Ondansetronum INN hýdróklóríð,8 mg,50 stk.,Filmuhúðuð tafla,395781,A04AA01,STADA Arzneimittel AG,,2026-06-16,2026-07-14,2026-06-10,resolved,Samheitalyf er á markaði / fáanlegt.,2026-09-23T20:59:58.226015,31518
IS,Iceland,Lyfjastofnun,Medikinet CR,Methylphenidatum INN hýdróklóríð,50 mg,30 stk.,Hart hylki með breyttan losunarhraða,129936,N06BA04,Medice Arzneimittel Pütter GmbH & Co. KG*,Alvogen ehf.,2026-06-16,2026-07-03,2026-06-15,resolved,Aðrir styrkleikar og/eða samheitalyf eru á markaði / fáanlegir.,2026-09-23T20:59:58.226559,
IS,Iceland,Lyfjastofnun,Enalapril Krka,Enalaprilum INN maleat,5 mg,100 stk.,Tafla,023738,C09AA02,KRKA d.d. Novo mesto,LYFIS ehf.*,2026-06-16,2026-10-02,2026-05-29,shortage,Samheitalyf er á markaði / fáanlegt.,2026-09-23T20:59:58.227135,23698
IS,Iceland,Lyfjastofnun,Metoprololsuccinat Hexal,Metoprololum INN súkkínat,100 mg,100 stk.,Forðatafla,518952,C07AB02,Hexal A/S,,2026-06-15,2026-06-15,2026-06-02,resolved,"Stuttur skortur á heildsölustigi, ólíklegt að skortur hafi áhrif á lyfjanotendur.",2026-09-23T20:59:58.227675,26190
IS,Iceland,Lyfjastofnun,Glucos Fresenius Kabi,Glucosum,50 mg/ml,500 ml,"Innrennslislyf, lausn",164256,B05BA03,Fresenius Kabi AB,Vistor hf,2026-06-15,2026-06-29,2026-05-21,resolved,Aðrar pakkningastærðir eru á markaði / fáanlegar.,2026-09-23T20:59:58.228210,23361
IS,Iceland,Lyfjastofnun,Modigraf,Tacrolimusum INN,"0,2 mg",50 stk.,"Mixtúrukyrni, dreifa",059882,L04AD02,Astellas Pharma Europe B.V.,Vistor hf,2026-06-15,2026-06-30,2026-06-17,resolved,Aðrir styrkleikar eru á markaði / fáanlegir.,2026-09-23T20:59:58.228751,104698
IS,Iceland,Lyfjastofnun,Zonnic (Heilsa),Nicotinum INN,1 mg/úða,200 skammtar,"Munnholsúði, lausn",105406,N07BA01,Heilsa ehf.,,2026-06-15,2100-12-31,2026-05-29,shortage,Önnur lyfjaform eru á markaði / fáanleg.,2026-09-23T20:59:58.229276,
IS,Iceland,Lyfjastofnun,Sitagliptin Teva,Sitagliptinum INN malat,25 mg,98 stk.,Filmuhúðuð tafla,178551,A10BH01,Teva B.V.*,Teva Pharma Iceland ehf.*,2026-06-15,2100-12-31,2026-04-01,shortage,Samheitalyf er á markaði / fáanlegt. Þetta vörunúmer hættir,2026-09-23T20:59:58.229819,218103
IS,Iceland,Lyfjastofnun,SmofKabiven,Blanda,,2463 ml,"Innrennslislyf, fleyti",154651,B05BA10,Fresenius Kabi AB,Vistor hf,2026-06-15,2026-09-28,2026-07-10,shortage,Aðrar pakkningastærðir eru á markaði / fáanlegar.,2026-09-23T20:59:58.230361,89591
IS,Iceland,Lyfjastofnun,SmofKabiven,Blanda,,2463 ml,"Innrennslislyf, fleyti",154651,B05BA10,Fresenius Kabi AB,Vistor hf,2026-06-15,2026-07-29,2026-06-04,resolved,Aðrar pakkningastærðir eru á markaði / fáanlegar.,2026-09-23T20:59:58.230918,89591
IS,Iceland,Lyfjastofnun,RoActemra,Tocilizumabum INN,20 mg/ml,20 ml,"Innrennslisþykkni, lausn",170107,L04AC07,Roche Registration GmbH*,Icepharma hf,2026-06-15,2026-06-15,2026-04-29,resolved,"Stuttur skortur á heildsölustigi, ólíklegt að skortur hafi áhrif á lyfjanotendur.",2026-09-23T20:59:58.231459,89028
IS,Iceland,Lyfjastofnun,Dailiport,Tacrolimusum INN mónohýdrat,5 mg,50x1 stk.,Hart forðahylki,040982,L04AD02,Sandoz A/S,,2026-06-15,2026-06-15,2026-05-26,resolved,"Stuttur skortur á heildsölustigi, ólíklegt að skortur hafi áhrif á lyfjanotendur.",2026-09-23T20:59:58.231984,96172
IS,Iceland,Lyfjastofnun,Scemblix,Asciminibum INN,40 mg,60 stk.,Filmuhúðuð tafla,573040,L01EA06,Novartis Europharm Limited*,Vistor hf,2026-06-13,2026-06-13,2026-06-05,resolved,"Stuttur skortur á heildsölustigi, ólíklegt að skortur hafi áhrif á lyfjanotendur.",2026-09-23T20:59:58.232542,141011
IS,Iceland,Lyfjastofnun,TREVICTA,Paliperidonum INN palmítat,263 mg,"1,32 ml","Stungulyf, forðadreifa",415635,N05AX13,Janssen-Cilag International NV*,Vistor hf,2026-06-13,2026-06-13,2026-05-28,resolved,"Stuttur skortur á heildsölustigi, ólíklegt að skortur hafi áhrif á lyfjanotendur.",2026-09-23T20:59:58.233080,70084
IS,Iceland,Lyfjastofnun,Pevaryl (Heilsa),Econazolum INN nítrat,(1% + 150 mg),15 g,Krem + leggangastíll,047034,G01AF05,Heilsa ehf.,,2026-06-12,2026-08-28,2026-05-28,resolved,Samheitalyf er á markaði / fáanlegt.,2026-09-23T20:59:58.233610,
IS,Iceland,Lyfjastofnun,Azyter,Azithromycinum INN díhýdrat,15 mg/g,"0,25 g","Augndropar, lausn í stakskammtaíláti",151737,S01AA26,Laboratoires THEA S.A.S.,,2026-06-12,2026-06-30,2026-05-09,resolved,"Stuttur skortur á heildsölustigi, ólíklegt að skortur hafi áhrif á lyfjanotendur.",2026-09-23T20:59:58.234137,89451
IS,Iceland,Lyfjastofnun,Lixiana,Edoxabanum INN tósilat,30 mg,100 stk.,Filmuhúðuð tafla,080621,B01AF03,DAIICHI SANKYO EUROPE GmbH*,Vistor hf,2026-06-12,2026-06-19,2026-04-29,resolved,"Stuttur skortur á heildsölustigi, ólíklegt að skortur hafi áhrif á lyfjanotendur.",2026-09-23T20:59:58.234676,128198
IS,Iceland,Lyfjastofnun,Celecoxib Actavis,Celecoxibum INN,200 mg,20 stk.,Hart hylki,469847,M01AH01,Actavis Group PTC ehf.,Teva Pharma Iceland ehf.*,2026-06-12,2100-12-31,2026-06-09,shortage,Samheitalyf er á markaði / fáanlegt.,2026-09-23T20:59:58.235216,59005
IS,Iceland,Lyfjastofnun,Lixiana,Edoxabanum INN tósilat,30 mg,100 stk.,Filmuhúðuð tafla,080621,B01AF03,DAIICHI SANKYO EUROPE GmbH*,Vistor hf,2026-06-12,2026-06-19,2026-04-29,resolved,"Stuttur skortur á heildsölustigi, ólíklegt að skortur hafi áhrif á lyfjanotendur.",2026-09-23T20:59:58.235760,128198
IS,Iceland,Lyfjastofnun,Procoralan,Ivabradinum INN hýdróklóríð,5 mg,56 stk.,Filmuhúðuð tafla,041086,C01EB17,Les Laboratoires Servier*,Icepharma hf,2026-06-12,2026-07-01,2026-05-22,resolved,Aðrir styrkleikar eru á markaði / fáanlegir.,2026-09-23T20:59:58.236300,198161
IS,Iceland,Lyfjastofnun,Temozolomide Accord,Temozolomidum INN,250 mg,5 stk.,Hart hylki,572062,L01AX03,Accord Healthcare S.L.U.,,2026-06-12,2026-06-16,2026-06-02,resolved,"Stuttur skortur á heildsölustigi, ólíklegt að skortur hafi áhrif á lyfjanotendur.",2026-09-23T20:59:58.236827,52337
IS,Iceland,Lyfjastofnun,Trazimera,Trastuzumabum INN,420 mg,420 mg,"Stofn fyrir innrennslisþykkni, lausn",039145,L01FD01,Pfizer Europe MA EEIG*,Icepharma hf.*,2026-06-12,2026-06-26,2026-05-06,resolved,Aðrir styrkleikar eru á markaði / fáanlegir.,2026-09-23T20:59:58.237410,150975
IS,Iceland,Lyfjastofnun,Nevanac,Nepafenacum INN,3 mg/ml,3 ml,"Augndropar, dreifa",195092,S01BC10,Novartis Europharm Limited*,Vistor hf,2026-06-12,2026-06-12,2026-06-05,resolved,"Stuttur skortur á heildsölustigi, ólíklegt að skortur hafi áhrif á lyfjanotendur.",2026-09-23T20:59:58.237953,220620
IS,Iceland,Lyfjastofnun,Betmiga,Mirabegronum INN,25 mg,90 stk.,Forðatafla,595198,G04BD12,Astellas Pharma Europe B.V.,Vistor hf,2026-06-11,2026-06-30,2026-05-12,resolved,Aðrar pakkningastærðir eru á markaði / fáanlegar.,2026-09-23T20:59:58.238489,
IS,Iceland,Lyfjastofnun,Lacosamide STADA,Lacosamidum INN,50 mg,56 stk.,Filmuhúðuð tafla,543209,N03AX18,STADA Arzneimittel AG,,2026-06-10,2026-07-08,2026-06-10,resolved,Samheitalyf er á markaði / fáanlegt.,2026-09-23T20:59:58.239014,89036
IS,Iceland,Lyfjastofnun,Jakavi,Ruxolitinibum INN fosfat,10 mg,56 stk.,Tafla,106390,L01EJ01,Novartis Europharm Limited*,Vistor hf,2026-06-10,2026-06-10,2026-05-06,resolved,"Stuttur skortur á heildsölustigi, ólíklegt að skortur hafi áhrif á lyfjanotendur.",2026-09-23T20:59:58.239563,79952
IS,Iceland,Lyfjastofnun,Ferinject,Ferricum carboxymaltosum INN,50 mg/ml,20 ml,"Stungulyf/innrennslislyf, ördreifa",400244,B03AC,Vifor France,Vistor hf,2026-06-10,2026-08-07,2026-06-17,resolved,Aðrar pakkningastærðir eru á markaði / fáanlegar.,2026-09-23T20:59:58.240106,
IS,Iceland,Lyfjastofnun,Tobradex,"Dexamethasonum INN fosfat, Tobramycinum INN",3 mg/ml + 1 mg/ml,5 ml,"Augndropar, dreifa",033251,S01CA01,Novartis Healthcare A/S,Vistor hf,2026-06-10,2026-06-13,2026-05-25,resolved,"Stuttur skortur á heildsölustigi, ólíklegt að skortur hafi áhrif á lyfjanotendur.",2026-09-23T20:59:58.240640,214957
IS,Iceland,Lyfjastofnun,Klyx,"Docusatum natricum INN, Sorbitolum",,120 ml,Endaþarmslausn,371609,A06AG10,Ferring Lægemidler A/S (F),Ferring Lægemidler A/S,2026-06-10,2026-06-24,2026-05-30,resolved,"Stuttur skortur á heildsölustigi, ólíklegt að skortur hafi áhrif á lyfjanotendur.",2026-09-23T20:59:58.241183,1619
IS,Iceland,Lyfjastofnun,Ferinject,Ferricum carboxymaltosum INN,50 mg/ml,20 ml,"Stungulyf/innrennslislyf, ördreifa",400244,B03AC,Vifor France,Vistor hf,2026-06-10,2026-06-10,2026-06-11,resolved,Skortur raungerðist ekki.,2026-09-23T20:59:58.241719,
IS,Iceland,Lyfjastofnun,Nicotinell Lakrids,Nicotine resinate,4 mg,204 stk.,Lyfjatyggigúmmí,069423,N07BA01,Dr. Reddy's Netherlands B.V.,Artasan ehf,2026-06-10,2026-06-25,2026-05-19,resolved,Aðrir styrkleikar og pakkningastærðir eru á markaði / fáanlegir.,2026-09-23T20:59:58.242258,
IS,Iceland,Lyfjastofnun,Symtuza,Blanda,800 mg/150 mg/200 mg/10 mg,30 stk.,Filmuhúðuð tafla,400134,J05AR22,Janssen-Cilag International NV*,Vistor hf,2026-06-10,2026-06-21,2026-05-21,resolved,"Stuttur skortur á heildsölustigi, ólíklegt að skortur hafi áhrif á lyfjanotendur.",2026-09-23T20:59:58.242795,167428
IS,Iceland,Lyfjastofnun,Detrusitol Retard,TOLTERODINE L-TARTRATE,4 mg,30 stk.,Hart forðahylki,007760,G04BD07,Viatris ApS,Icepharma hf.*,2026-06-09,2026-06-11,2026-06-09,resolved,"Stuttur skortur á heildsölustigi, ólíklegt að skortur hafi áhrif á lyfjanotendur.",2026-09-23T20:59:58.243333,60534
IS,Iceland,Lyfjastofnun,Mirtazapin Sandoz,Mirtazapinum INN,45 mg,105 stk.,Filmuhúðuð tafla,179043,N06AX11,Sandoz A/S,,2026-06-09,2026-09-15,2026-06-10,resolved,Samheitalyf er á markaði / fáanlegt.,2026-09-23T20:59:58.243854,43370
IS,Iceland,Lyfjastofnun,Jakavi,Ruxolitinibum INN fosfat,15 mg,56 stk.,Tafla,553720,L01EJ01,Novartis Europharm Limited*,Vistor hf,2026-06-09,2026-06-09,2026-05-20,resolved,"Stuttur skortur á heildsölustigi, ólíklegt að skortur hafi áhrif á lyfjanotendur.",2026-09-23T20:59:58.244398,108472
IS,Iceland,Lyfjastofnun,Accofil,Filgrastimum INN,"30 milljón ein./0,5 ml","0,5 ml","Stungulyf, lausn í áfylltri sprautu",555232,L03AA02,Accord Healthcare S.L.U.,,2026-06-09,2026-06-16,2026-06-04,resolved,"Stuttur skortur á heildsölustigi, ólíklegt að skortur hafi áhrif á lyfjanotendur.",2026-09-23T20:59:58.244919,
IS,Iceland,Lyfjastofnun,Medikinet CR,Methylphenidatum INN hýdróklóríð,5 mg,30 stk.,Hart hylki með breyttan losunarhraða,419828,N06BA04,Medice Arzneimittel Pütter GmbH & Co. KG*,Alvogen ehf.,2026-06-09,2026-07-03,2026-06-15,resolved,Aðrir styrkleikar og/eða samheitalyf eru á markaði / fáanlegir.,2026-09-23T20:59:58.245459,88374
IS,Iceland,Lyfjastofnun,WEZENLA,Ustekinumabum INN,130 mg,26 ml,"Innrennslisþykkni, lausn",504846,L04AC05,Amgen Technology (Ireland) UC*,Vistor hf,2026-06-09,2026-06-18,2026-06-03,resolved,"Stuttur skortur á heildsölustigi, ólíklegt að skortur hafi áhrif á lyfjanotendur.",2026-09-23T20:59:58.246015,218103
IS,Iceland,Lyfjastofnun,Seloken,Metoprololum INN tartrat,1 mg/ml,5 ml,"Stungulyf, lausn",379195,C07AB02,Recordati Ireland Limited*,Recordati AB,2026-06-08,2026-06-08,2026-05-05,resolved,"Stuttur skortur á heildsölustigi, ólíklegt að skortur hafi áhrif á lyfjanotendur.",2026-09-23T20:59:58.246560,15490
IS,Iceland,Lyfjastofnun,Mavenclad,Cladribinum INN,10 mg,1 stk.,Tafla,130242,L04AA40,Merck Europe B.V.*,,2026-06-08,2026-06-29,2026-06-08,resolved,Aðrar pakkningastærðir eru á markaði / fáanlegar.,2026-09-23T20:59:58.247129,149330
IS,Iceland,Lyfjastofnun,Zaditen (Heilsa) Svíþjóð,Ketotifen hydrogen fumarate,"0,25 mg/ml","0,4 ml","Augndropar, lausn í stakskammtaíláti",141719,S01GX08,Heilsa ehf.,,2026-06-08,2100-12-31,2026-05-18,shortage,Samheitalyf er á markaði / fáanlegt.,2026-09-23T20:59:58.247661,221341
IS,Iceland,Lyfjastofnun,Ondansetron Bluefish,Ondansetronum INN hýdróklóríð,4 mg,100 stk.,Filmuhúðuð tafla,156195,A04AA01,Bluefish Pharmaceuticals AB,Artasan ehf,2026-06-08,2026-07-31,2026-04-14,resolved,Aðrar pakkningastærðir eru á markaði / fáanlegar.,2026-09-23T20:59:58.248214,31496
IS,Iceland,Lyfjastofnun,Ritalin Uno,Methylphenidatum INN hýdróklóríð,10 mg,30 stk.,Hart hylki með breyttan losunarhraða,091345,N06BA04,InfectoPharm Arzneimittel und Consilium GmbH*,Vistor hf,2026-06-08,2026-06-16,2026-05-23,resolved,"Stuttur skortur á heildsölustigi, ólíklegt að skortur hafi áhrif á lyfjanotendur.",2026-09-23T20:59:58.248758,
IS,Iceland,Lyfjastofnun,Zaditen (Heilsa) Svíþjóð,Ketotifen hydrogen fumarate,"0,25 mg/ml","0,4 ml","Augndropar, lausn í stakskammtaíláti",475264,S01GX08,Heilsa ehf.,,2026-06-08,2100-12-31,2026-05-18,shortage,Samheitalyf er á markaði / fáanlegt.,2026-09-23T20:59:58.249287,221341
IS,Iceland,Lyfjastofnun,Heminevrin,Clomethiazolum INN edisýlat,300 mg,25 stk.,Mjúkt hylki,458067,N05CM02,CHEPLAPHARM Arzneimittel GmbH,Vistor hf,2026-06-08,2026-06-22,2026-06-02,resolved,Ekkert sambærilegt lyf er á markaði / fáanlegt.,2026-09-23T20:59:58.249827,
IS,Iceland,Lyfjastofnun,Tafil,Alprazolamum INN,"0,5 mg",20 stk.,Tafla,073858,N05BA12,Upjohn EESV,Icepharma hf.*,2026-06-05,2026-06-09,2026-06-04,resolved,"Stuttur skortur á heildsölustigi, ólíklegt að skortur hafi áhrif á lyfjanotendur.",2026-09-23T20:59:58.250374,76910
IS,Iceland,Lyfjastofnun,Galafold,Migalastatum hýdróklóríð,123 mg,14 stk.,Hart hylki,434967,A16AX14,Amicus Therapeutics Europe Limited*,,2026-06-05,2026-06-05,2026-05-26,resolved,"Stuttur skortur á heildsölustigi, ólíklegt að skortur hafi áhrif á lyfjanotendur.",2026-09-23T20:59:58.250910,
IS,Iceland,Lyfjastofnun,Novofem,"Estradiol, Norethisteronum INN acetat",,84 stk.,Filmuhúðuð tafla,008545,G03FB05,Novo Nordisk A/S*,Vistor hf,2026-06-05,2026-07-10,2026-05-22,resolved,Samheitalyf er á markaði / fáanlegt.,2026-09-23T20:59:58.251451,
IS,Iceland,Lyfjastofnun,Nyxoid,Naloxonum INN hýdróklóríð,"1,8 mg","0,1 ml","Nefúði, lausn í stakskammtaíláti",461563,V03AB15,Mundipharma Corporation (Ireland) Limited,Icepharma hf.*,2026-06-04,2026-06-05,2026-06-04,resolved,"Stuttur skortur á heildsölustigi, ólíklegt að skortur hafi áhrif á lyfjanotendur.",2026-09-23T20:59:58.251996,
IS,Iceland,Lyfjastofnun,Procoralan,Ivabradinum INN hýdróklóríð,"7,5 mg",56 stk.,Filmuhúðuð tafla,041105,C01EB17,Les Laboratoires Servier*,Icepharma hf,2026-06-04,2026-06-18,2026-06-04,resolved,"Stuttur skortur á heildsölustigi, ólíklegt að skortur hafi áhrif á lyfjanotendur. Heildsalan Parlogis hefur útvegað undanþágulyfið Procoralan 7,5 mg filmuhúðuð tafla, 112 stk, vnr. 989689.",2026-09-23T20:59:58.252547,59056
IS,Iceland,Lyfjastofnun,Sitagliptin Teva,Sitagliptinum INN malat,25 mg,98 stk.,Filmuhúðuð tafla,178551,A10BH01,Teva B.V.*,Teva Pharma Iceland ehf.*,2026-06-04,2100-12-31,2026-06-10,shortage,.,2026-09-23T20:59:58.253089,218103
IS,Iceland,Lyfjastofnun,Esopram,Escitalopram oxalate,20 mg,100 stk.,Filmuhúðuð tafla,048166,N06AB10,Teva B.V.*,Teva Pharma Iceland ehf.*,2026-06-04,2026-10-16,2026-05-08,shortage,Samheitalyf er á markaði / fáanlegt.,2026-09-23T20:59:58.253631,74977
IS,Iceland,Lyfjastofnun,Ceftazidima Normon,Ceftazidimum INN,1 g,1 g,"Stungulyfsstofn og leysir, lausn",572119,J01DD02,Laboratorios Normon S.A.,,2026-06-04,2026-06-22,2026-06-04,resolved,Samheitalyf er á markaði / fáanlegt.,2026-09-23T20:59:58.254159,22195
IS,Iceland,Lyfjastofnun,Zarator,Atorvastatin calcium,10 mg,100 stk.,Filmuhúðuð tafla,490805,C10AA05,Viatris ApS,Icepharma hf.*,2026-06-03,2026-07-17,2026-06-03,resolved,Samheitalyf er á markaði og aðrir styrkleikar. Lyfið er til á stuttfyrningarlager með fyrningu 30.09.2026.,2026-09-23T20:59:58.254716,98604
IS,Iceland,Lyfjastofnun,Inlyta,Axitinibum INN,1 mg,56 stk.,Filmuhúðuð tafla,103854,L01EK01,Pfizer Europe MA EEIG*,Icepharma hf.*,2026-06-02,2026-08-07,2026-05-20,resolved,Aðrir styrkleikar eru á markaði / fáanlegir.,2026-09-23T20:59:58.255271,104442
IS,Iceland,Lyfjastofnun,Pemetrexed Accord,Pemetrexedum INN dínatríum,25 mg/ml,20 ml,"Innrennslisþykkni, lausn",056300,L01BA04,Accord Healthcare S.L.U.,,2026-06-02,2026-06-03,2026-05-11,resolved,"Stuttur skortur á heildsölustigi, ólíklegt að skortur hafi áhrif á lyfjanotendur.",2026-09-23T20:59:58.255792,89451
IS,Iceland,Lyfjastofnun,Marbodin,Memantinum INN hýdróklóríð,20 mg,98 stk.,Filmuhúðuð tafla,151037,N06DX01,STADA Arzneimittel AG,,2026-06-02,2026-06-08,2026-03-31,resolved,"Stuttur skortur á heildsölustigi, ólíklegt að skortur hafi áhrif á lyfjanotendur. Aðrar pakkningastærðir eru fáanlegar.",2026-09-23T20:59:58.256316,87912
IS,Iceland,Lyfjastofnun,Esomeprazol Krka (Heilsa),Esomeprazolum INN,20 mg,98 stk.,Magasýruþolið hart hylki,493562,A02BC05,Heilsa ehf.,,2026-06-01,2026-06-25,2026-05-26,resolved,Samheitalyf er á markaði / fáanlegt.,2026-09-23T20:59:58.256842,24163
IS,Iceland,Lyfjastofnun,Valsartan/Hydrochlorothiazide Krka (Heilsa),"Valsartanum INN, Hydrochlorothiazide","160 mg/12,5 mg",98 stk.,Filmuhúðuð tafla,179608,C09DA03,Heilsa ehf.,,2026-06-01,2026-07-01,2026-05-18,resolved,Samheitalyf er á markaði / fáanlegt.,2026-09-23T20:59:58.257399,71390
IS,Iceland,Lyfjastofnun,Methylphenidate Teva,Methylphenidatum INN hýdróklóríð,20 mg,30 stk.,Hart hylki með breyttan losunarhraða,095682,N06BA04,Teva B.V.*,Teva Pharma Iceland ehf.*,2026-06-01,2026-07-24,2026-06-09,resolved,Samheitalyf er á markaði / fáanlegt.,2026-09-23T20:59:58.257946,82236
IS,Iceland,Lyfjastofnun,Hemlibra,Emicizumabum INN,150 mg/ ml,"0,7 ml","Stungulyf, lausn",199333,B02BX06,Roche Registration GmbH*,Icepharma hf.*,2026-06-01,2026-12-31,2026-06-04,shortage,Sérpöntun / útboðslyf.,2026-09-23T20:59:58.258482,150355
IS,Iceland,Lyfjastofnun,Zubsolv,"Buprenorphinum INN hýdróklóríð, Naloxonum INN hýdróklóríð","8,6 mg /2,1 mg",28 stk.,Tungurótartafla,534097,N07BC51,Accord Healthcare S.L.U.,,2026-06-01,2026-06-05,2026-05-26,resolved,"Stuttur skortur á heildsölustigi, ólíklegt að skortur hafi áhrif á lyfjanotendur.",2026-09-23T20:59:58.259009,215139
IS,Iceland,Lyfjastofnun,Shingrix,Recombinant varicella zoster virus surface glycoprotein E,,1 stk.,"Stungulyfsstofn og dreifa, dreifa",176947,J07BK03,GlaxoSmithKline Biologicals S.A.*,Vistor hf,2026-06-01,2026-06-12,2026-06-10,resolved,"Stuttur skortur á heildsölustigi, ólíklegt að skortur hafi áhrif á lyfjanotendur.",2026-09-23T20:59:58.259545,202843
IS,Iceland,Lyfjastofnun,Arixtra,Fondaparinux natríum,"7,5 mg/0,6 ml","0,6 ml","Stungulyf, lausn í áfylltri sprautu",403966,B01AX05,Viatris Healthcare Limited,Icepharma hf.*,2026-06-01,2026-06-08,2026-05-19,resolved,"Stuttur skortur á heildsölustigi, ólíklegt að skortur hafi áhrif á lyfjanotendur.",2026-09-23T20:59:58.260087,228044
IS,Iceland,Lyfjastofnun,Aripiprazol W&H,Aripiprazolum INN,5 mg,56 stk.,Tafla,542434,N05AX12,Williams & Halls ehf.,,2026-06-01,2026-09-09,2026-04-01,resolved,Samheitalyf er á markaði / fáanlegt.,2026-09-23T20:59:58.260605,117633
IS,Iceland,Lyfjastofnun,Fasturtec,Rasburicasum INN,"1,5 mg/ml","1,5 mg","Stofn og leysir fyrir innrennslisþykkni, lausn",003775,V03AF07,Sanofi Winthrop Industrie,Vistor hf,2026-06-01,2026-06-01,2026-04-23,resolved,"Stuttur skortur á heildsölustigi, ólíklegt að skortur hafi áhrif á lyfjanotendur.",2026-09-23T20:59:58.261148,59056
IS,Iceland,Lyfjastofnun,Esomeprazol Krka (Heilsa),Esomeprazolum INN,40 mg,98 stk.,Magasýruþolið hart hylki,560865,A02BC05,Heilsa ehf.,,2026-06-01,2026-06-25,2026-05-26,resolved,Samheitalyf er á markaði / fáanlegt.,2026-09-23T20:59:58.261670,17892
IS,Iceland,Lyfjastofnun,Hemlibra,Emicizumabum INN,150 mg/ ml,1 ml,"Stungulyf, lausn",135881,B02BX06,Roche Registration GmbH*,Icepharma hf.*,2026-06-01,2026-12-31,2026-06-04,shortage,Ekki til lyf með sama ATC númer en sambærilegt lyf í sama flokki er á markaði / fáanlegt.,2026-09-23T20:59:58.262213,150363
IS,Iceland,Lyfjastofnun,Hemlibra,Emicizumabum INN,150 mg/ ml,"0,4 ml","Stungulyf, lausn",104612,B02BX06,Roche Registration GmbH*,Icepharma hf.*,2026-06-01,2026-12-31,2026-06-04,shortage,Sérpöntun / útboðslyf.,2026-09-23T20:59:58.262751,150371
IS,Iceland,Lyfjastofnun,Ceftazidima Normon,Ceftazidimum INN,2 g,2 g,"Innrennslisstofn, lausn",597167,J01DD02,Laboratorios Normon S.A.,,2026-06-01,2026-06-22,2026-06-02,resolved,Aðrir styrkleikar og/eða samheitalyf eru á markaði / fáanlegir.,2026-09-23T20:59:58.263274,22209
IS,Iceland,Lyfjastofnun,Hemlibra,Emicizumabum INN,30mg / ml,1 ml,"Stungulyf, lausn",142962,B02BX06,Roche Registration GmbH*,Icepharma hf.*,2026-06-01,2026-12-31,2026-06-04,shortage,Ekki til lyf með sama ATC númer en sambærilegt lyf í sama flokki er á markaði / fáanlegt.,2026-09-23T20:59:58.263809,150398
IS,Iceland,Lyfjastofnun,Metoprolol Alvogen,Metoprololum INN súkkínat,190 mg,100 stk.,Forðatafla,114505,C07AB02,Alvogen ehf.,,2026-05-31,2026-11-01,2026-02-17,shortage,Samheitalyf er á markaði / fáanlegt. Þetta vörunúmer hættir á markaði,2026-09-23T20:59:58.264328,26204
IS,Iceland,Lyfjastofnun,Oxycodone Alvogen,Oxycodonum INN hýdróklóríð,20 mg,28 stk.,Forðatafla,196218,N02AA05,Alvogen ehf.,,2026-05-31,2026-09-01,2026-02-17,resolved,Aðrir styrkleikar og pakkningastærðir eru á markaði / fáanlegir.,2026-09-23T20:59:58.264846,57622
IS,Iceland,Lyfjastofnun,Furix,Furosemidum INN,40 mg,100 stk.,Tafla,510553,C03CA01,Orifarm Healthcare A/S,Artasan ehf,2026-05-31,2026-10-10,2026-04-28,shortage,"Lyfið er ekki til á lager þar sem pakkningin með þessu vörunúmeri er hætt, lyfið er fáanlegt í annarri pakkningu. Nýtt vörunúmer er 510553",2026-09-23T20:59:58.265388,5967
IS,Iceland,Lyfjastofnun,Mometason Apofri,Mometasonum INN fúróat,50 míkróg/skammt,140 skammtar,"Nefúði, dreifa",390439,R01AD09,Evolan Pharma AB,,2026-05-29,2026-06-26,2026-04-07,resolved,Samheitalyf er á markaði / fáanlegt.,2026-09-23T20:59:58.265907,201650
IS,Iceland,Lyfjastofnun,Methylphenidate Teva,Methylphenidatum INN hýdróklóríð,30 mg,30 stk.,Hart hylki með breyttan losunarhraða,469152,N06BA04,Teva B.V.*,Teva Pharma Iceland ehf.*,2026-05-29,2026-09-11,2026-06-09,resolved,Samheitalyf er á markaði / fáanlegt.,2026-09-23T20:59:58.266448,81671
IS,Iceland,Lyfjastofnun,Finasteride Medical Valley,Finasteridum INN,5 mg,100 stk.,Filmuhúðuð tafla,385343,G04CB01,Medical Valley Invest AB,,2026-05-29,2026-06-22,2026-06-03,resolved,Samheitalyf er á markaði / fáanlegt.,2026-09-23T20:59:58.266986,34975
IS,Iceland,Lyfjastofnun,Zoledronic Acid Teva,Zoledronic acid,4 mg/5 ml,5 ml,"Innrennslisþykkni, lausn",114178,M05BA08,Teva B.V.*,,2026-05-29,2026-12-31,2026-05-05,shortage,"Undanþágulyf hefur verið útvegað. Heildsalan Distica hefur útvegað undanþágulyf með sama nafni vnr. 961396 auk þess hefur Lyfjastofnun heimilað lyfjafræðingum að breyta ávísun á lyfið í skorti í undanþágulyfið, lyfið er í sænskum umbúðum.",2026-09-23T20:59:58.267503,74888
IS,Iceland,Lyfjastofnun,Paratabs,Paracetamolum INN,500 mg,300 stk.,Filmuhúðuð tafla,177454,N02BE01,Teva B.V.*,Teva Pharma Iceland ehf.*,2026-05-28,2026-10-09,2026-06-09,shortage,Aðrar pakkningastærðir eru á markaði / fáanlegar.,2026-09-23T20:59:58.268046,67903
IS,Iceland,Lyfjastofnun,Corsodyl,Chlorhexidinum INN glúkónat,10 mg/g,50 g,Munnholshlaup,081490,A01AB03,Haleon Denmark ApS,Artasan ehf,2026-05-28,2026-08-27,2026-05-20,resolved,Ekkert sambærilegt lyf er á markaði / fáanlegt.,2026-09-23T20:59:58.268590,
IS,Iceland,Lyfjastofnun,Firazyr,Icatibantum INN,30 mg,3 ml,"Stungulyf, lausn",146529,B06AC02,Takeda Pharmaceuticals International AG Ireland Branch,,2026-05-28,2026-05-28,2026-04-28,resolved,"Stuttur skortur á heildsölustigi, ólíklegt að skortur hafi áhrif á lyfjanotendur.",2026-09-23T20:59:58.269117,128635
IS,Iceland,Lyfjastofnun,Hyrimoz,Adalimumabum INN,40 mg,"0,4 ml","Stungulyf, lausn í áfylltum lyfjapenna",575499,L04AB04,Sandoz GmbH*,,2026-05-28,2026-06-18,2026-05-28,resolved,"Stuttur skortur á heildsölustigi, ólíklegt að skortur hafi áhrif á lyfjanotendur.",2026-09-23T20:59:58.269638,
IS,Iceland,Lyfjastofnun,Rivastigmine Teva,Rivastigminum INN,"9,5 mg/24 klst.",30 stk.,Forðaplástur,195465,N06DA03,Teva B.V.*,Teva Pharma Iceland ehf.*,2026-05-28,2026-11-27,2026-04-01,shortage,Samheitalyf er á markaði / fáanlegt.,2026-09-23T20:59:58.270202,
IS,Iceland,Lyfjastofnun,Candpress,Candesartanum INN cílexetíl,8 mg,100 stk.,Tafla,116697,C09CA06,Teva B.V.*,Teva Pharma Iceland ehf.*,2026-05-28,2026-06-05,2026-04-07,resolved,Samheitalyf er á markaði / fáanlegt.,2026-09-23T20:59:58.270749,48402
IS,Iceland,Lyfjastofnun,RoActemra,Tocilizumabum INN,20 mg/ml,4 ml,"Innrennslisþykkni, lausn",170062,L04AC07,Roche Registration GmbH*,Icepharma hf,2026-05-28,2026-05-28,2026-04-29,resolved,Skortur raungerðist ekki.,2026-09-23T20:59:58.271285,88994
IS,Iceland,Lyfjastofnun,Advagraf (Heilsa),Takrólímus,1 mg,50 stk.,Hart forðahylki,434697,L04AD02,Heilsa ehf,,2026-05-28,2026-07-01,2026-05-18,resolved,Samheitalyf er á markaði og aðrir styrkleikar.,2026-09-23T20:59:58.271805,96156
IS,Iceland,Lyfjastofnun,Janumet,"Sitagliptinum INN fosfat mónóhýdrat, Metforminum INN hýdróklóríð",50 mg/1000 mg,196 stk.,Filmuhúðuð tafla,028121,A10BD07,Merck Sharp & Dohme B.V.*,Vistor hf,2026-05-27,2026-05-29,2026-05-27,resolved,"Stuttur skortur á heildsölustigi, ólíklegt að skortur hafi áhrif á lyfjanotendur.",2026-09-23T20:59:58.272345,218154
IS,Iceland,Lyfjastofnun,Enalapril/Hydrochlorothiazide Medical Valley,Enalaprilum INN maleat,"20/12,5 mg",100 stk.,Tafla,532351,C09BA02,Medical Valley Invest AB,,2026-05-27,2026-06-04,2026-05-27,resolved,Ekki til lyf með sama ATC númer en sambærilegt lyf í sama flokki er á markaði / fáanlegt. Mögulega er hægt í einhverjum tilvikum að nota Enalapríl + þvagræsilyf,2026-09-23T20:59:58.272884,26387
IS,Iceland,Lyfjastofnun,Sumatriptan Bluefish,Sumatriptanum INN súkkínat,100 mg,6 stk.,Tafla,151873,N02CC01,Bluefish Pharmaceuticals AB,Artasan ehf,2026-05-27,2026-06-03,2026-04-14,resolved,"Stuttur skortur á heildsölustigi, ólíklegt að skortur hafi áhrif á lyfjanotendur.",2026-09-23T20:59:58.273448,32476
IS,Iceland,Lyfjastofnun,Nicotinell Lakrids,Nicotine resinate,4 mg,24 stk.,Lyfjatyggigúmmí,125038,N07BA01,Dr. Reddy's Netherlands B.V.,Artasan ehf,2026-05-27,2026-06-25,2026-05-15,resolved,Aðrir styrkleikar og/eða samheitalyf eru á markaði / fáanlegir.,2026-09-23T20:59:58.273988,
IS,Iceland,Lyfjastofnun,Rosazol,Metronidazolum INN,10 mg/g,25 g,Krem,136953,D06BX01,Avia Pharma AB,,2026-05-27,2026-12-19,2026-05-07,shortage,"Lyfið er ekki til á lager þar sem pakkningin með þessu vörunúmeri er hætt, lyfið er fáanlegt í annarri pakkningu. Þetta vörunúmer er hætt, lyfið er fáanlegt á nýju vörunúmeri 456839",2026-09-23T20:59:58.274516,31984
IS,Iceland,Lyfjastofnun,Icatibant STADA,Icatibantum INN acetate,30 mg,3 ml,"Stungulyf, lausn í áfylltri sprautu",458813,B06AC02,STADA Arzneimittel AG,,2026-05-26,2026-05-26,2026-03-23,resolved,Skortur raungerðist ekki.,2026-09-23T20:59:58.275038,128635
IS,Iceland,Lyfjastofnun,Xeplion,Paliperidonum INN palmítat,50 mg,50 mg,"Stungulyf, forðadreifa",058609,N05AX13,Janssen-Cilag International NV*,Vistor hf,2026-05-26,2026-08-15,2026-05-28,resolved,Aðrir styrkleikar og/eða samheitalyf eru á markaði / fáanlegir.,2026-09-23T20:59:58.275587,96962
IS,Iceland,Lyfjastofnun,Lacosamide Accord,Lacosamidum INN,50 mg,56 stk.,Filmuhúðuð tafla,548864,N03AX18,Accord Healthcare S.L.U.,,2026-05-26,2026-05-26,2026-05-12,resolved,"Stuttur skortur á heildsölustigi, ólíklegt að skortur hafi áhrif á lyfjanotendur.",2026-09-23T20:59:58.276121,89036
IS,Iceland,Lyfjastofnun,Janumet,"Sitagliptinum INN fosfat mónóhýdrat, Metforminum INN hýdróklóríð",50 mg/1000 mg,196 stk.,Filmuhúðuð tafla,028121,A10BD07,Merck Sharp & Dohme B.V.*,Vistor hf,2026-05-26,2026-05-29,2026-05-29,resolved,.,2026-09-23T20:59:58.276659,218154
IS,Iceland,Lyfjastofnun,Gaviscon (Heilsa),"ALGINIC ACID, Sodium hydrogen carbonate, Aluminium hydroxide",,120 stk.,Tuggutafla,467065,A02BX13,Heilsa ehf.,,2026-05-26,2026-12-01,2026-05-05,shortage,Samheitalyf er á markaði / fáanlegt. Þetta vörunúmer hættir,2026-09-23T20:59:58.277218,
IS,Iceland,Lyfjastofnun,Sumatriptan Bluefish,Sumatriptanum INN súkkínat,100 mg,18 stk.,Tafla,498656,N02CC01,Bluefish Pharmaceuticals AB,Artasan ehf,2026-05-25,2026-05-25,2026-05-15,resolved,Skortur raungerðist ekki.,2026-09-23T20:59:58.277774,32476
IS,Iceland,Lyfjastofnun,Arcoxia,Etoricoxibum INN,30 mg,28 stk.,Filmuhúðuð tafla,114440,M01AH05,N.V. Organon*,Vistor hf,2026-05-25,2026-07-05,2026-05-08,resolved,Samheitalyf er á markaði / fáanlegt.,2026-09-23T20:59:58.278321,85766
IS,Iceland,Lyfjastofnun,Reagila,Cariprazinum INN hýdróklóríð,"4,5 mg",28 stk.,Hart hylki,132370,N05AX15,Gedeon Richter Plc.*,Recordati AB,2026-05-25,2026-05-25,2026-05-12,resolved,"Stuttur skortur á heildsölustigi, ólíklegt að skortur hafi áhrif á lyfjanotendur. Reagila 1,5 mg og 3 mg hörð hylki eru fáanleg.",2026-09-23T20:59:58.278881,159158
IS,Iceland,Lyfjastofnun,Hyrimoz,Adalimumabum INN,40 mg,"0,4 ml","Stungulyf, lausn í áfylltum lyfjapenna",575499,L04AB04,Sandoz GmbH*,,2026-05-25,2026-05-25,2026-03-12,resolved,"Stuttur skortur á heildsölustigi, ólíklegt að skortur hafi áhrif á lyfjanotendur.",2026-09-23T20:59:58.279432,
IS,Iceland,Lyfjastofnun,Osvyrti,Denosumabum INN,60 mg,1 ml,"Stungulyf, lausn í áfylltri sprautu",522790,M05BX04,Accord Healthcare S.L.U.,,2026-05-25,2026-06-30,2026-05-05,resolved,Samheitalyf er á markaði / fáanlegt.,2026-09-23T20:59:58.279980,96261
IS,Iceland,Lyfjastofnun,Erelzi,Etanerceptum INN,50 mg,1 ml,"Stungulyf, lausn í áfylltum lyfjapenna",558812,L04AB01,Sandoz GmbH*,,2026-05-23,2026-05-23,2026-03-26,resolved,"Stuttur skortur á heildsölustigi, ólíklegt að skortur hafi áhrif á lyfjanotendur.",2026-09-23T20:59:58.280512,106321
IS,Iceland,Lyfjastofnun,Metylfenidat Actavis,Methylphenidatum INN hýdróklóríð,27 mg,30 stk.,Forðatafla,481506,N06BA04,Actavis Group PTC ehf.,Teva Pharma Iceland ehf.*,2026-05-22,2026-07-24,2026-05-08,resolved,Samheitalyf er á markaði / fáanlegt.,2026-09-23T20:59:58.281062,87076
IS,Iceland,Lyfjastofnun,Parkódín forte,"Paracetamolum INN, Codeine phosphate hemihydrate",500 mg/30 mg,20 stk.,Filmuhúðuð tafla,035495,N02AJ06,Teva B.V.*,Teva Pharma Iceland ehf.*,2026-05-22,2026-07-23,2026-06-09,resolved,Aðrar pakkningastærðir eru á markaði / fáanlegar.,2026-09-23T20:59:58.281613,219592
IS,Iceland,Lyfjastofnun,Temozolomide Accord,Temozolomidum INN,140 mg,5 stk.,Hart hylki,162872,L01AX03,Accord Healthcare S.L.U.,,2026-05-21,2026-05-21,2026-05-06,resolved,"Stuttur skortur á heildsölustigi, ólíklegt að skortur hafi áhrif á lyfjanotendur.",2026-09-23T20:59:58.282147,84336
IS,Iceland,Lyfjastofnun,Gabapenstad,Gabapentinum INN,300 mg,120 stk.,Hart hylki,584738,N02BF01,STADA Arzneimittel AG,,2026-05-21,2026-05-21,2026-04-20,resolved,"Stuttur skortur á heildsölustigi, ólíklegt að skortur hafi áhrif á lyfjanotendur.",2026-09-23T20:59:58.282679,52825
IS,Iceland,Lyfjastofnun,Imdur,Isosorbidi mononitras INN,60 mg,98 stk.,Forðatafla,102871,C01DA14,TopRidge Pharma (Ireland) Limited,Navamedic AB,2026-05-21,2026-05-21,2026-05-12,resolved,"Stuttur skortur á heildsölustigi, ólíklegt að skortur hafi áhrif á lyfjanotendur.",2026-09-23T20:59:58.283230,27030
IS,Iceland,Lyfjastofnun,Gamunex,HUMAN NORMAL IMMUNOGLOBULIN (IV),100 mg/ml,400 ml,"Innrennslislyf, lausn",452480,J06BA02,Grifols Deutschland GmbH*,Alvogen ehf.,2026-05-21,2026-05-27,2026-04-28,resolved,"Stuttur skortur á heildsölustigi, ólíklegt að skortur hafi áhrif á lyfjanotendur.",2026-09-23T20:59:58.283777,
IS,Iceland,Lyfjastofnun,NovoRapid Penfill,Insulinum aspartum INN,100 ein./ml,3 ml,"Stungulyf, lausn í rörlykju",031849,A10AB05,Novo Nordisk A/S*,Vistor hf,2026-05-21,2026-05-21,2026-03-31,resolved,"Stuttur skortur á heildsölustigi, ólíklegt að skortur hafi áhrif á lyfjanotendur.",2026-09-23T20:59:58.284319,53902
IS,Iceland,Lyfjastofnun,Jakavi,Ruxolitinibum INN fosfat,5 mg,56 stk.,Tafla,488468,L01EJ01,Novartis Europharm Limited*,Vistor hf,2026-05-20,2026-05-20,2026-04-21,resolved,"Stuttur skortur á heildsölustigi, ólíklegt að skortur hafi áhrif á lyfjanotendur.",2026-09-23T20:59:58.284861,108464
IS,Iceland,Lyfjastofnun,Cefuroxim Fresenius Kabi,Cefuroximum INN natríum,750 mg,15 ml,"Stungulyfs-/innrennslisstofn, lausn",079017,J01DC02,Fresenius Kabi AB,,2026-05-20,2026-09-11,2026-05-21,resolved,Samheitalyf er á markaði / fáanlegt.,2026-09-23T20:59:58.285393,8192
IS,Iceland,Lyfjastofnun,Jakavi,Ruxolitinibum INN fosfat,20 mg,56 stk.,Tafla,461113,L01EJ01,Novartis Europharm Limited*,Vistor hf,2026-05-20,2026-05-20,2026-04-09,resolved,"Stuttur skortur á heildsölustigi, ólíklegt að skortur hafi áhrif á lyfjanotendur.",2026-09-23T20:59:58.285942,44466
IS,Iceland,Lyfjastofnun,Sitagliptin/Metformin Zentiva ApS,"Sitagliptinum INN fosfat mónóhýdrat, Metforminum INN hýdróklóríð",50 mg/850 mg,196 stk.,Filmuhúðuð tafla,408999,A10BD07,Zentiva k.s.,Alvogen ehf.,2026-05-20,2026-05-29,2026-05-12,resolved,"Stuttur skortur á heildsölustigi, ólíklegt að skortur hafi áhrif á lyfjanotendur.",2026-09-23T20:59:58.286494,218162
IS,Iceland,Lyfjastofnun,Tafil,Alprazolamum INN,"0,25 mg",100 stk.,Tafla,073841,N05BA12,Viatris ApS,Icepharma hf.*,2026-05-19,2026-05-28,2026-04-30,resolved,"Stuttur skortur á heildsölustigi, ólíklegt að skortur hafi áhrif á lyfjanotendur.",2026-09-23T20:59:58.287067,31917
IS,Iceland,Lyfjastofnun,Parkódín forte,"Paracetamolum INN, Codeine phosphate hemihydrate",500 mg/30 mg,30 stk.,Filmuhúðuð tafla,511263,N02AJ06,Teva B.V.*,Teva Pharma Iceland ehf.*,2026-05-19,2026-07-23,2026-05-08,resolved,Aðrar pakkningastærðir eru á markaði / fáanlegar.,2026-09-23T20:59:58.287617,
IS,Iceland,Lyfjastofnun,Takhzyro,Lanadelumabum INN,300 mg,2 ml,"Stungulyf, lausn",122129,B06AC05,Takeda Pharmaceuticals International AG Ireland Branch,Vistor hf,2026-05-19,2026-05-19,2026-04-28,resolved,"Stuttur skortur á heildsölustigi, ólíklegt að skortur hafi áhrif á lyfjanotendur.",2026-09-23T20:59:58.288160,219592
IS,Iceland,Lyfjastofnun,Valaciclovir Bluefish,Valaciclovirum INN hýdróklóríð,500 mg,42 stk.,Filmuhúðuð tafla,152675,J05AB11,Bluefish Pharmaceuticals AB,Artasan ehf,2026-05-19,2026-06-05,2026-05-09,resolved,"Stuttur skortur á heildsölustigi, ólíklegt að skortur hafi áhrif á lyfjanotendur.",2026-09-23T20:59:58.288702,42080
IS,Iceland,Lyfjastofnun,Cystadane,Betainum anhydricum,1 g,180 g,Duft til inntöku,108697,A16AA06,Recordati Rare Diseases*,Recordati AB*,2026-05-19,2026-05-19,2026-04-15,resolved,"Stuttur skortur á heildsölustigi, ólíklegt að skortur hafi áhrif á lyfjanotendur.",2026-09-23T20:59:58.289252,130583
IS,Iceland,Lyfjastofnun,Levosertone,Levonorgestrelum INN,20 míkróg/24 klst.,1 stk.,Leginnlegg,173537,G02BA03,Gedeon Richter Plc.*,,2026-05-18,2026-07-01,2026-05-18,resolved,Önnur lyfjaform eru á markaði / fáanleg. Í einhverjum tilvikum er hægt að nota Mirena en það er munur í uppsetningarbúnaði og þar kemur inn val læknis,2026-09-23T20:59:58.289771,223999
IS,Iceland,Lyfjastofnun,Sumatriptan Bluefish,Sumatriptanum INN súkkínat,100 mg,18 stk.,Tafla,498656,N02CC01,Bluefish Pharmaceuticals AB,Artasan ehf,2026-05-18,2026-07-14,2026-06-16,resolved,Aðrir styrkleikar og lyfjaform eru á markaði / fáanlegir.,2026-09-23T20:59:58.290312,32476
IS,Iceland,Lyfjastofnun,Sumatriptan Bluefish,Sumatriptanum INN súkkínat,100 mg,18 stk.,Tafla,498656,N02CC01,Bluefish Pharmaceuticals AB,Artasan ehf,2026-05-18,2026-06-03,2026-05-16,resolved,Aðrir styrkleikar og pakkningastærðir eru á markaði / fáanlegir.,2026-09-23T20:59:58.290850,32476
IS,Iceland,Lyfjastofnun,Carbocain,Mepivacainum INN hýdróklóríð,10 mg/ml,20 ml,"Stungulyf, lausn",105785,N01BB03,Sandoz A/S,,2026-05-18,2027-01-01,2026-05-19,shortage,"Lyfið er ekki til á lager þar sem pakkningin með þessu vörunúmeri er hætt, lyfið er fáanlegt í annarri pakkningu. Nýtt vörunúmer (126759) hefur tekið við.",2026-09-23T20:59:58.291367,29955
IS,Iceland,Lyfjastofnun,ABILIFY,Aripiprazolum INN,10 mg,28 stk.,Tafla,010951,N05AX12,Otsuka Pharmaceutical Netherlands B.V.*,Vistor hf,2026-05-18,2026-05-18,2026-05-06,resolved,"Stuttur skortur á heildsölustigi, ólíklegt að skortur hafi áhrif á lyfjanotendur.",2026-09-23T20:59:58.291908,75248
IS,Iceland,Lyfjastofnun,Lerkanidipin Actavis,Lercanidipinum INN hýdróklóríð,20 mg,98 stk.,Filmuhúðuð tafla,065956,C08CA13,Actavis Group PTC ehf.,Teva Pharma Iceland ehf.*,2026-05-18,2026-06-05,2026-05-21,resolved,Aðrir styrkleikar eru á markaði / fáanlegir. Lyfið er fáanlegt í 10 mg styrkleika,2026-09-23T20:59:58.292454,79510
IS,Iceland,Lyfjastofnun,Rizatriptan Alvogen,Rizatriptanum INN benzóat,5 mg,6 stk.,Munndreifitafla,581661,N02CC04,Alvogen ehf.,,2026-05-18,2026-07-15,2026-05-05,resolved,Aðrir styrkleikar eru á markaði / fáanlegir.,2026-09-23T20:59:58.292990,50512
IS,Iceland,Lyfjastofnun,Celebra,Celecoxibum INN,100 mg,100 stk.,Hart hylki,390971,M01AH01,Viatris ApS,Icepharma hf.*,2026-05-18,2026-06-04,2026-05-19,resolved,Samheitalyf er á markaði / fáanlegt.,2026-09-23T20:59:58.293526,58998
IS,Iceland,Lyfjastofnun,Galantamin STADA,Galantaminum INN brómíð,8 mg,30 stk.,Hart forðahylki,564124,N06DA04,STADA Arzneimittel AG,,2026-05-18,2026-05-18,2026-05-04,resolved,Skortur raungerðist ekki.,2026-09-23T20:59:58.294060,76767
IS,Iceland,Lyfjastofnun,Havrix,HEPATITIS A VIRUS ANTIGEN (INACTIVATED),1440 ELISA ein./ml,1 ml,"Stungulyf, dreifa",585869,J07BC02,GlaxoSmithKline Pharma A/S,Vistor hf,2026-05-18,2026-08-05,2026-05-20,resolved,Aðrir styrkleikar eru á markaði / fáanlegir. Lyfið er til á stuttfyrningalager með fyrningurn 31.07.2026 fyrir þá sem geta nýtt sér það,2026-09-23T20:59:58.294607,82236
IS,Iceland,Lyfjastofnun,Klyx,"Docusatum natricum INN, Sorbitolum",,240 ml,Endaþarmslausn,371583,A06AG10,Ferring Lægemidler A/S (F),Ferring Lægemidler A/S,2026-05-17,2026-06-23,2026-05-09,resolved,Aðrar pakkningastærðir eru á markaði / fáanlegar.,2026-09-23T20:59:58.295156,27030
IS,Iceland,Lyfjastofnun,Mifegyne,Mifepristonum INN,200 mg,3 stk.,Tafla,110191,G03XB01,EXELGYN,,2026-05-17,2026-05-17,2026-04-17,resolved,"Stuttur skortur á heildsölustigi, ólíklegt að skortur hafi áhrif á lyfjanotendur.",2026-09-23T20:59:58.295680,59293
IS,Iceland,Lyfjastofnun,Gabapentin Teva,Gabapentinum INN,100 mg,100 stk.,Hart hylki,390513,N02BF01,Teva B.V.*,Teva Pharma Iceland ehf.*,2026-05-17,2026-11-13,2026-05-21,shortage,Undanþágulyf hefur verið útvegað. Heildsalan Distica hefur útvegað undanþágulyfið Neurontin 100 mg hylki með vörunúmerið 148460 lyfið er væntanlegt í viku 37.,2026-09-23T20:59:58.296230,52817
IS,Iceland,Lyfjastofnun,Valaciclovir Actavis,Valaciclovirum INN hýdróklóríð,500 mg,42 stk.,Filmuhúðuð tafla,039957,J05AB11,Actavis Group PTC ehf.,Teva Pharma Iceland ehf.*,2026-05-17,2026-07-03,2026-05-21,resolved,Samheitalyf er á markaði og aðrir styrkleikar.,2026-09-23T20:59:58.296775,42080
IS,Iceland,Lyfjastofnun,Nitroglycerin DAK,Glyceryl trinitrate,"0,5 mg",25 stk.,Tungurótartafla,428089,C01DA02,Orifarm Healthcare A/S,Artasan ehf,2026-05-16,2026-05-21,2026-03-30,resolved,"Stuttur skortur á heildsölustigi, ólíklegt að skortur hafi áhrif á lyfjanotendur.",2026-09-23T20:59:58.297355,
IS,Iceland,Lyfjastofnun,Trileptal,Oxcarbazepinum INN,300 mg,100 stk.,Filmuhúðuð tafla,556936,N03AF02,Novartis Healthcare A/S,Vistor hf,2026-05-15,2026-05-15,2026-05-07,resolved,"Stuttur skortur á heildsölustigi, ólíklegt að skortur hafi áhrif á lyfjanotendur.",2026-09-23T20:59:58.297903,87165
IS,Iceland,Lyfjastofnun,Finasteride Alvogen,Finasteridum INN,5 mg,98 stk.,Filmuhúðuð tafla,075451,G04CB01,Alvogen ehf.,,2026-05-15,2026-11-01,2026-03-16,shortage,Samheitalyf er á markaði / fáanlegt. Lyfið verður tekið af markaði 01.10.2026 Samheitalyf eru fáanleg.,2026-09-23T20:59:58.298425,34975
IS,Iceland,Lyfjastofnun,Lenvima,Lenvatinibum INN mesýlat,4 mg,30 stk.,Hart hylki,582004,L01EX08,Eisai GmbH,Eisai AB*,2026-05-15,2026-05-15,2026-04-30,resolved,"Stuttur skortur á heildsölustigi, ólíklegt að skortur hafi áhrif á lyfjanotendur. Lyfið er til í 10 mg styrkleika vnre.147902",2026-09-23T20:59:58.298965,133299
IS,Iceland,Lyfjastofnun,Ceftriaxon Fresenius Kabi,Ceftriaxonum INN dínatríum,1 g,15 ml,"Stungulyfs-/innrennslisstofn, lausn",456693,J01DD04,Fresenius Kabi AB,,2026-05-15,2026-06-30,2026-05-19,resolved,Samheitalyf er á markaði og aðrir styrkleikar.,2026-09-23T20:59:58.299492,1252
IS,Iceland,Lyfjastofnun,Oxikodon Depot Actavis,Oxycodonum INN hýdróklóríð,40 mg,98 stk.,Forðatafla,144498,N02AA05,Actavis Group PTC ehf.,Teva Pharma Iceland ehf.*,2026-05-15,2026-06-05,2026-05-08,resolved,Samheitalyf er á markaði / fáanlegt.,2026-09-23T20:59:58.300029,57630
IS,Iceland,Lyfjastofnun,Cloxabix,Celecoxibum INN,200 mg,100 stk.,Hart hylki,409975,M01AH01,Williams & Halls ehf,,2026-05-15,2026-05-26,2026-03-09,resolved,Aðrar pakkningastærðir eru á markaði / fáanlegar.,2026-09-23T20:59:58.300556,59005
IS,Iceland,Lyfjastofnun,Zypadhera,Olanzapinum INN,405 mg,405 mg,"Stungulyfsstofn og leysir, forðadreifa",027999,N05AH03,"CHEPLAPHARM Registration GmbH,",,2026-05-15,2026-06-09,2026-04-29,resolved,Aðrir styrkleikar eru á markaði / fáanlegir.,2026-09-23T20:59:58.301083,90212
IS,Iceland,Lyfjastofnun,Humira,Adalimumabum INN,40 mg,"0,4 ml","Stungulyf, lausn í áfylltum lyfjapenna",166628,L04AB04,AbbVie Deutschland GmbH & Co. KG,Vistor hf,2026-05-14,2026-05-14,2026-03-26,resolved,"Stuttur skortur á heildsölustigi, ólíklegt að skortur hafi áhrif á lyfjanotendur.",2026-09-23T20:59:58.301640,129771
IS,Iceland,Lyfjastofnun,Ziprasidon Actavis,Ziprasidonum INN hýdróklóríð,80 mg,56 stk.,Hart hylki,528948,N05AE04,Actavis Group PTC ehf.,Teva Pharma Iceland ehf.*,2026-05-14,2100-12-31,2026-04-29,shortage,"Aðrir styrkleikar eru á markaði / fáanlegir. Þessi styrkleiki hættir. Lyfið verður áfram fáanlegt í 20, 40 og 60 mg styrkleikum",2026-09-23T20:59:58.302175,
IS,Iceland,Lyfjastofnun,Certican,Everolimusum INN,"0,25 mg",60 stk.,Tafla,014847,L04AH02,Novartis Healthcare A/S,Vistor hf,2026-05-14,2026-05-20,2026-04-19,resolved,"Stuttur skortur á heildsölustigi, ólíklegt að skortur hafi áhrif á lyfjanotendur.",2026-09-23T20:59:58.302715,75086
IS,Iceland,Lyfjastofnun,Ryeqo,"Relugolixum INN, Estradiol hemihydrate, Norethisteronum INN acetat","40 mg/1 mg/0,5 mg",28 stk.,Filmuhúðuð tafla,198638,H01CC54,Gedeon Richter Plc.*,Vistor hf,2026-05-14,2026-05-14,2026-04-24,resolved,"Stuttur skortur á heildsölustigi, ólíklegt að skortur hafi áhrif á lyfjanotendur.",2026-09-23T20:59:58.303264,218340
IS,Iceland,Lyfjastofnun,Enalapril-Hydrochlorthiazid Krka,"Enalaprilum INN maleat, Hydrochlorothiazide","20 mg /12,5 mg",110 stk.,Tafla,056339,C09BA02,Krka d.d. Novo mesto*,LYFIS ehf.*,2026-05-13,2026-06-05,2026-05-13,resolved,Ekki til lyf með sama ATC númer en sambærilegt lyf í sama flokki er á markaði / fáanlegt.,2026-09-23T20:59:58.303813,26387
IS,Iceland,Lyfjastofnun,Enerzair Breezhaler,"Mometasonum INN fúróat, Indacaterolum INN acetat, Glycopyrronii bromidum INN",114 míkróg/46 míkróg/136 míkróg,30x1 stk.,"Innöndunarduft, hart hylki",580713,R03AL12,Novartis Europharm Limited*,Vistor hf,2026-05-13,2026-05-13,2026-04-21,resolved,"Stuttur skortur á heildsölustigi, ólíklegt að skortur hafi áhrif á lyfjanotendur.",2026-09-23T20:59:58.304362,205117
IS,Iceland,Lyfjastofnun,Estrogel,Estradiol,"0,6 mg/g",80 g,Hlaup,542474,G03CA03,Besins Healthcare Ireland Limited*,,2026-05-13,2026-05-15,2026-04-24,resolved,"Stuttur skortur á heildsölustigi, ólíklegt að skortur hafi áhrif á lyfjanotendur.",2026-09-23T20:59:58.304889,200441
IS,Iceland,Lyfjastofnun,REKOVELLE,Follitropinum delta INN,"72 míkróg/ 2,16 ml","2,16 ml","Stungulyf, lausn í áfylltum lyfjapenna",575715,G03GA10,Ferring Pharmaceuticals A/S*,,2026-05-13,2026-05-13,2026-04-24,resolved,"Stuttur skortur á heildsölustigi, ólíklegt að skortur hafi áhrif á lyfjanotendur.",2026-09-23T20:59:58.305420,148601
IS,Iceland,Lyfjastofnun,Enerzair Breezhaler,"Mometasonum INN fúróat, Indacaterolum INN acetat, Glycopyrronii bromidum INN",114 míkróg/46 míkróg/136 míkróg,90x1 stk.,"Innöndunarduft, hart hylki",398265,R03AL12,Novartis Europharm Limited*,Vistor hf,2026-05-13,2026-05-13,2026-04-09,resolved,"Stuttur skortur á heildsölustigi, ólíklegt að skortur hafi áhrif á lyfjanotendur.",2026-09-23T20:59:58.305972,205117
IS,Iceland,Lyfjastofnun,Nitroglycerin DAK,Glyceryl trinitrate,"0,25 mg",100 stk.,Tungurótartafla,191045,C01DA02,Orifarm Healthcare A/S,Artasan ehf,2026-05-13,2026-05-21,2026-05-01,resolved,Aðrir styrkleikar eru á markaði / fáanlegir.,2026-09-23T20:59:58.306511,
IS,Iceland,Lyfjastofnun,Daivobet,"Calcipotriolum INN, Betamethasonum INN díprópíónat","50 míkróg/g /0,5 mg/ g",30 g,Hlaup,088696,D05AX52,LEO Pharma A/S*,Vistor hf,2026-05-13,2026-05-29,2026-05-03,resolved,"Stuttur skortur á heildsölustigi, ólíklegt að skortur hafi áhrif á lyfjanotendur.",2026-09-23T20:59:58.307085,89761
IS,Iceland,Lyfjastofnun,Capsina,Capsaicinum,"0,075 %",45 g,Krem,001962,N01BX04,Bioglan AB,Icepharma hf,2026-05-13,2026-05-21,2026-04-30,resolved,"Stuttur skortur á heildsölustigi, ólíklegt að skortur hafi áhrif á lyfjanotendur.",2026-09-23T20:59:58.307646,73903
IS,Iceland,Lyfjastofnun,Scemblix,Asciminibum INN,40 mg,60 stk.,Filmuhúðuð tafla,573040,L01EA06,Novartis Europharm Limited*,Vistor hf,2026-05-13,2026-05-13,2026-04-25,resolved,"Stuttur skortur á heildsölustigi, ólíklegt að skortur hafi áhrif á lyfjanotendur.",2026-09-23T20:59:58.308194,141011
IS,Iceland,Lyfjastofnun,Paratabs,Paracetamolum INN,500 mg,30 stk.,Filmuhúðuð tafla,039837,N02BE01,Teva B.V.*,Teva Pharma Iceland ehf.*,2026-05-12,2026-05-29,2026-04-17,resolved,Samheitalyf er á markaði / fáanlegt.,2026-09-23T20:59:58.308740,
IS,Iceland,Lyfjastofnun,Vectavir,Penciclovirum INN,10 mg/ml,2 g,Krem,452215,D06BB06,Perrigo Sverige AB,Vistor hf,2026-05-12,2026-05-13,2026-05-12,resolved,"Stuttur skortur á heildsölustigi, ólíklegt að skortur hafi áhrif á lyfjanotendur.",2026-09-23T20:59:58.309284,
IS,Iceland,Lyfjastofnun,Docetaxel Accord,Docetaxelum INN,160 mg/8 ml,8 ml,"Innrennslisþykkni, lausn",579184,L01CD02,Accord Healthcare S.L.U.,,2026-05-12,2026-05-12,2026-05-08,resolved,Skortur raungerðist ekki.,2026-09-23T20:59:58.309807,94234
IS,Iceland,Lyfjastofnun,Fosrenol,Lanthanum karbónat,500 mg,90 stk.,Tuggutafla,023066,V03AE03,Takeda Pharmaceuticals International AG Ireland Branch,Vistor hf,2026-05-12,2026-05-12,2026-04-28,resolved,"Stuttur skortur á heildsölustigi, ólíklegt að skortur hafi áhrif á lyfjanotendur.",2026-09-23T20:59:58.310354,80136
IS,Iceland,Lyfjastofnun,Gabapentin Sandoz,Gabapentinum INN,300 mg,100 stk.,Hart hylki,397458,N02BF01,Sandoz A/S*,,2026-05-11,2026-05-22,2026-05-05,resolved,Samheitalyf er á markaði / fáanlegt.,2026-09-23T20:59:58.310872,52825
IS,Iceland,Lyfjastofnun,Xeplion,Paliperidonum INN palmítat,100 mg,100 mg,"Stungulyf, forðadreifa",409745,N05AX13,Janssen-Cilag International NV*,Vistor hf,2026-05-11,2026-05-21,2026-03-31,resolved,"Stuttur skortur á heildsölustigi, ólíklegt að skortur hafi áhrif á lyfjanotendur.",2026-09-23T20:59:58.311406,96989
IS,Iceland,Lyfjastofnun,Gabapentin Sandoz,Gabapentinum INN,300 mg,100 stk.,Hart hylki,397458,N02BF01,Sandoz A/S*,,2026-05-11,2026-05-18,2026-05-08,resolved,Samheitalyf er á markaði / fáanlegt.,2026-09-23T20:59:58.311928,52825
IS,Iceland,Lyfjastofnun,Menopur,Menotropinum INN,1200 a.e.,1 stk.,"Stungulyf, lausn í áfylltum lyfjapenna",169281,G03GA02,Ferring Lægemidler A/S,,2026-05-11,2026-05-20,2026-04-29,resolved,"Stuttur skortur á heildsölustigi, ólíklegt að skortur hafi áhrif á lyfjanotendur.",2026-09-23T20:59:58.312454,
IS,Iceland,Lyfjastofnun,Escitalopram Bluefish,Escitalopramum INN oxalat,10 mg,98 stk.,Filmuhúðuð tafla,463262,N06AB10,Bluefish Pharmaceuticals AB,Artasan ehf,2026-05-11,2026-05-25,2026-04-22,resolved,Samheitalyf er á markaði / fáanlegt.,2026-09-23T20:59:58.312999,74969
IS,Iceland,Lyfjastofnun,Methotrexat Ebewe,Methotrexatum INN,100 mg/ml,50 ml,"Innrennslisþykkni, lausn",493639,L01BA01,EBEWE Pharma Ges.m.b.H.Nfg. KG,Sandoz A/S*,2026-05-10,2026-06-18,2026-04-30,resolved,Aðrar pakkningastærðir eru á markaði / fáanlegar.,2026-09-23T20:59:58.313539,120081
IS,Iceland,Lyfjastofnun,Cubicin,Daptomycinum INN,350 mg,350 mg,"Stungulyfs-/innrennslisstofn, lausn",061961,J01XX09,Merck Sharp & Dohme B.V.*,Vistor hf,2026-05-10,2026-08-01,2026-03-04,resolved,Samheitalyf er á markaði og aðrir styrkleikar.,2026-09-23T20:59:58.314081,90891
IS,Iceland,Lyfjastofnun,Procysbi,Mercaptaminum INN bítartrat,75 mg,250 stk.,Magasýruþolið hart hylki,494885,A16AA04,Chiesi Farmaceutici S.p.A.*,Chiesi Pharma AB,2026-05-09,2026-06-07,2026-03-19,resolved,Aðrir styrkleikar eru á markaði / fáanlegir.,2026-09-23T20:59:58.314635,82899
IS,Iceland,Lyfjastofnun,Enalapril/Hydrochlorothiazide Medical Valley,Enalaprilum INN maleat,"20/12,5 mg",105 stk.,Tafla,084826,C09BA02,Medical Valley Invest AB,,2026-05-09,2026-05-25,2026-05-15,resolved,Ekki til lyf með sama ATC númer en sambærilegt lyf í sama flokki er á markaði / fáanlegt.,2026-09-23T20:59:58.315159,26387
IS,Iceland,Lyfjastofnun,Ceftriaxon Fresenius Kabi,Ceftriaxonum INN dínatríum,2 g,50 ml,"Innrennslisstofn, lausn",132384,J01DD04,Fresenius Kabi AB,,2026-05-08,2026-06-30,2026-05-12,resolved,Sérpöntun / útboðslyf.,2026-09-23T20:59:58.315684,218650
IS,Iceland,Lyfjastofnun,CYSTADROPS,Mercaptaminum INN bítartrat,"3,8 mg/ml",5 ml,"Augndropar, lausn",161981,S01XA21,Recordati Rare Diseases*,Recordati AB*,2026-05-08,2026-05-08,2026-04-22,resolved,"Stuttur skortur á heildsölustigi, ólíklegt að skortur hafi áhrif á lyfjanotendur.",2026-09-23T20:59:58.316229,220965
IS,Iceland,Lyfjastofnun,Reseligo,Goserelinum INN acetat,"3,6 mg",1 stk.,Vefjalyf í áfylltri sprautu,154048,L02AE03,Alvogen ehf.,,2026-05-08,2026-07-10,2026-05-12,resolved,Samheitalyf er á markaði / fáanlegt.,2026-09-23T20:59:58.316755,
IS,Iceland,Lyfjastofnun,Doxycyklin EQL Pharma,Doxycyclinum INN,100 mg,100 stk.,Tafla,060930,J01AA02,EQL Pharma AB,,2026-05-08,2026-09-30,2026-03-09,shortage,Samheitalyf er á markaði / fáanlegt.,2026-09-23T20:59:58.317313,59021
IS,Iceland,Lyfjastofnun,Atomoxetin Actavis,Atomoxetinum INN hýdróklóríð,60 mg,30 stk.,Hart hylki,390152,N06BA09,Actavis Group PTC ehf.,Teva Pharma Iceland ehf.*,2026-05-07,2026-06-05,2026-04-17,resolved,Aðrir styrkleikar og/eða samheitalyf eru á markaði / fáanlegir.,2026-09-23T20:59:58.317879,76740
IS,Iceland,Lyfjastofnun,Pentasa Sachet,Mesalazinum INN,4 g,30 stk.,Forðakyrni,547054,A07EC02,Ferring Lægemidler A/S,Vistor hf,2026-05-07,2026-06-23,2026-04-09,resolved,Aðrir styrkleikar eru á markaði / fáanlegir.,2026-09-23T20:59:58.318429,116882
IS,Iceland,Lyfjastofnun,Dabigatran Etexilate Accord,Dabigatranum etexilatum INN mesílat,110 mg,60x1 stk.,Hart hylki,475110,B01AE07,Accord Healthcare S.L.U.,,2026-05-06,2026-06-30,2026-05-05,resolved,Samheitalyf er á markaði / fáanlegt.,2026-09-23T20:59:58.318974,86991
IS,Iceland,Lyfjastofnun,Alutard SQ (Phleum pratense),Phleum pratense,,5 ml,"Stungulyf, dreifa",546044,V01AA02,ALK-Abelló A/S,Vistor hf,2026-05-06,2026-05-06,2026-04-03,resolved,"Stuttur skortur á heildsölustigi, ólíklegt að skortur hafi áhrif á lyfjanotendur.",2026-09-23T20:59:58.319534,
IS,Iceland,Lyfjastofnun,Bufomix Easyhaler,"Budesonidum INN, Formoterolum INN fúmarat",320 míkróg/9 míkróg/skammt,60 skammtar,Innöndunarduft,485549,R03AK07,Orion Corporation,Vistor hf,2026-05-06,2026-05-06,2026-04-11,resolved,"Stuttur skortur á heildsölustigi, ólíklegt að skortur hafi áhrif á lyfjanotendur. Lyfið er til í eins stykkja pakkningu",2026-09-23T20:59:58.320101,131172
IS,Iceland,Lyfjastofnun,Flúoróúracil Accord,Fluorouracilum INN,50 mg/ml,100 ml,"Stungulyf/innrennslislyf, lausn",586959,L01BC02,Accord Healthcare B.V.,,2026-05-06,2026-05-07,2026-05-06,resolved,"Stuttur skortur á heildsölustigi, ólíklegt að skortur hafi áhrif á lyfjanotendur.",2026-09-23T20:59:58.320640,129704
IS,Iceland,Lyfjastofnun,Visipaque,Iodixanolum INN,320 mg J/ml,200 ml,"Stungulyf, lausn",583609,V08AB09,GE Healthcare AS,Icepharma hf,2026-05-06,2026-05-13,2026-05-04,resolved,"Stuttur skortur á heildsölustigi, ólíklegt að skortur hafi áhrif á lyfjanotendur.",2026-09-23T20:59:58.321189,131334
IS,Iceland,Lyfjastofnun,Solaraze,Diclofenacum INN natríum,3% w/w,100 g,Hlaup,126842,D11AX18,Almirall S.A.*,Vistor hf,2026-05-06,2026-05-06,2026-04-21,resolved,"Stuttur skortur á heildsölustigi, ólíklegt að skortur hafi áhrif á lyfjanotendur.",2026-09-23T20:59:58.321736,
IS,Iceland,Lyfjastofnun,Wellbutrin Retard,Bupropionum INN hýdróklóríð,300 mg,30 stk.,Tafla með breyttan losunarhraða,080524,N06AX12,GlaxoSmithKline Pharma A/S,Vistor hf,2026-05-06,2026-06-01,2026-04-29,resolved,Samheitalyf er á markaði / fáanlegt.,2026-09-23T20:59:58.322279,82899
IS,Iceland,Lyfjastofnun,Magnesia DAK,"Magnesii hydroxidum, Magnesium oxide",500 mg,250 stk.,Filmuhúðuð tafla,535535,A02AA04,Orifarm Healthcare A/S,Artasan ehf,2026-05-05,2026-05-12,2026-04-30,resolved,"Stuttur skortur á heildsölustigi, ólíklegt að skortur hafi áhrif á lyfjanotendur.",2026-09-23T20:59:58.322819,42234
IS,Iceland,Lyfjastofnun,Hydromed,Hydrochlorothiazide,25 mg,100 stk.,Tafla,404818,C03AA03,EQL Pharma AB,Vistor hf,2026-05-05,2026-06-10,2026-04-21,resolved,Aðrir styrkleikar eru á markaði / fáanlegir.,2026-09-23T20:59:58.323365,211125
IS,Iceland,Lyfjastofnun,Celecoxib Medical,Celecoxibum INN,100 mg,100 stk.,Hart hylki,046188,M01AH01,Medical ehf.,,2026-05-05,2026-06-05,2026-04-30,resolved,Samheitalyf er á markaði og aðrir styrkleikar.,2026-09-23T20:59:58.323893,58998
IS,Iceland,Lyfjastofnun,Doktacillin,Ampicillinum INN natríum,,1 g,"Stungulyfs-/innrennslisstofn, lausn",011397,J01CA01,Viatris ApS,Icepharma hf.*,2026-05-05,2026-10-13,2026-03-19,shortage,Samheitalyf er á markaði / fáanlegt.,2026-09-23T20:59:58.324437,
IS,Iceland,Lyfjastofnun,Zadenvi,Denosumabum INN,60 mg,1 ml,"Stungulyf, lausn í áfylltri sprautu",035346,M05BX04,Zentiva k.s.*,,2026-05-05,2026-05-08,2026-05-05,resolved,"Stuttur skortur á heildsölustigi, ólíklegt að skortur hafi áhrif á lyfjanotendur.",2026-09-23T20:59:58.324962,96261
IS,Iceland,Lyfjastofnun,Tafinlar,Dabrafenibum INN,50 mg,120 stk.,Hart hylki,589153,L01EC02,Novartis Europharm Limited*,Vistor hf,2026-05-04,2026-05-15,2026-04-08,resolved,Aðrir styrkleikar eru á markaði / fáanlegir.,2026-09-23T20:59:58.325501,219592
IS,Iceland,Lyfjastofnun,ULTOMIRIS,Ravulizumabum INN,1.100 mg/11 ml,11 ml,"Innrennslisþykkni, lausn",121294,L04AJ02,Alexion Europe SAS,Alexion Pharma Nordics AB,2026-05-04,2026-05-04,2026-02-05,resolved,"Stuttur skortur á heildsölustigi, ólíklegt að skortur hafi áhrif á lyfjanotendur.",2026-09-23T20:59:58.326046,211125
IS,Iceland,Lyfjastofnun,Carbocain adrenalin,"Mepivacainum INN hýdróklóríð, Adrenalinum bítartrat (Epinephrinum INN bítartrat)",10 mg + 5 µg/ ml,20 ml,"Stungulyf, lausn",170555,N01BB53,Sandoz A/S,,2026-05-04,2026-05-22,2026-04-15,resolved,Ekkert sambærilegt lyf er á markaði / fáanlegt.,2026-09-23T20:59:58.326574,
IS,Iceland,Lyfjastofnun,Esomeprazol Actavis,Esomeprazolum INN magnesíum díhýdrat,20 mg,14 stk.,Magasýruþolin tafla,494578,A02BC05,Actavis Group PTC ehf.,Teva Pharma Iceland ehf.*,2026-05-04,2026-06-05,2026-04-22,resolved,Samheitalyf er á markaði / fáanlegt.,2026-09-23T20:59:58.327157,57851
IS,Iceland,Lyfjastofnun,Esomeprazol Actavis,Esomeprazolum INN magnesíum díhýdrat,20 mg,28 stk.,Magasýruþolin tafla,568745,A02BC05,Actavis Group PTC ehf.,Teva Pharma Iceland ehf.*,2026-05-04,2026-06-05,2026-04-22,resolved,Samheitalyf er á markaði og aðrir styrkleikar.,2026-09-23T20:59:58.327709,57851
IS,Iceland,Lyfjastofnun,Esomeprazol Krka (Heilsa),Esomeprazolum INN,20 mg,28 stk.,Magasýruþolið hart hylki,188176,A02BC05,Heilsa ehf.,,2026-05-04,2100-12-31,2026-03-30,shortage,Samheitalyf er á markaði / fáanlegt.,2026-09-23T20:59:58.328241,94862
IS,Iceland,Lyfjastofnun,Esomeprazol Actavis,Esomeprazolum INN magnesíum díhýdrat,20 mg,100 stk.,Magasýruþolin tafla,127362,A02BC05,Actavis Group PTC ehf.,Teva Pharma Iceland ehf.*,2026-05-04,2026-08-21,2026-04-17,resolved,Samheitalyf er á markaði og aðrir styrkleikar.,2026-09-23T20:59:58.328783,57851
IS,Iceland,Lyfjastofnun,Pramipexole Alvogen,Pramipexolum INN díhýdróklóríð,"0,18 mg",100 stk.,Tafla,028610,N04BC05,Alvogen ehf.,,2026-05-04,2026-05-08,2026-03-16,resolved,"Stuttur skortur á heildsölustigi, ólíklegt að skortur hafi áhrif á lyfjanotendur.",2026-09-23T20:59:58.329309,49441
IS,Iceland,Lyfjastofnun,Hydromed,Hydrochlorothiazide,"12,5 mg",100 stk.,Tafla,483968,C03AA03,EQL Pharma AB,Vistor hf,2026-05-03,2026-07-29,2026-04-14,resolved,"Aðrir styrkleikar eru á markaði / fáanlegir. Lyfjastofnun hefur heimilað lyfjafræðingum að breyta ávísun á lyfið í skorti í undanþágulyf, frá heildsölunnni Parlogis. Lyfið heitir HCT Parlogis, er 12,5 mg í 100 stk. pakkningu, vnr 975014, lyfið er í þýskum umbúðum.",2026-09-23T20:59:58.329858,131334
IS,Iceland,Lyfjastofnun,Nitroglycerin DAK,Glyceryl trinitrate,"0,25 mg",25 stk.,Tungurótartafla,537866,C01DA02,Orifarm Healthcare A/S,Artasan ehf,2026-05-02,2026-05-21,2026-05-05,resolved,Aðrir styrkleikar eru á markaði / fáanlegir.,2026-09-23T20:59:58.330403,
IS,Iceland,Lyfjastofnun,Pradaxa,Dabigatranum etexilatum INN mesílat,40 mg,60 skammtapokar,Húðað kyrni,550805,B01AE07,Boehringer Ingelheim International GmbH*,Vistor hf,2026-05-01,2026-05-01,2026-02-05,resolved,Önnur lyfjaform eru á markaði / fáanleg.,2026-09-23T20:59:58.330950,219215
IS,Iceland,Lyfjastofnun,Pradaxa,Dabigatranum etexilatum INN mesílat,20 mg,60 skammtapokar,Húðað kyrni,397230,B01AE07,Boehringer Ingelheim International GmbH*,Vistor hf,2026-05-01,2026-05-01,2026-02-05,resolved,Önnur lyfjaform eru á markaði / fáanleg.,2026-09-23T20:59:58.331505,219274
IS,Iceland,Lyfjastofnun,Betolvex,Cyanocobalaminum INN,1 mg,100 stk.,Filmuhúðuð tafla,407043,B03BA01,Teva B.V.*,Teva Pharma Iceland ehf.*,2026-05-01,2026-05-07,2026-04-17,resolved,Samheitalyf er á markaði / fáanlegt.,2026-09-23T20:59:58.332081,92177
IS,Iceland,Lyfjastofnun,Pradaxa,Dabigatranum etexilatum INN mesílat,150 mg,60 skammtapokar,Húðað kyrni,472629,B01AE07,Boehringer Ingelheim International GmbH*,Vistor hf,2026-05-01,2026-05-01,2026-02-05,resolved,Önnur lyfjaform eru á markaði / fáanleg.,2026-09-23T20:59:58.332677,219193
IS,Iceland,Lyfjastofnun,Phesgo,"Trastuzumabum INN, Pertuzumabum INN",1200 mg/600 mg,15 ml,"Stungulyf, lausn",097612,L01FY01,Roche Registration GmbH*,Icepharma hf.*,2026-05-01,2026-05-30,2026-04-27,resolved,Aðrir styrkleikar eru á markaði / fáanlegir.,2026-09-23T20:59:58.333235,207322
IS,Iceland,Lyfjastofnun,Pradaxa,Dabigatranum etexilatum INN mesílat,110 mg,60 skammtapokar,Húðað kyrni,530260,B01AE07,Boehringer Ingelheim International GmbH*,Vistor hf,2026-05-01,2026-05-01,2026-02-05,resolved,Önnur lyfjaform eru á markaði / fáanleg.,2026-09-23T20:59:58.333811,219207
IS,Iceland,Lyfjastofnun,Pradaxa,Dabigatranum etexilatum INN mesílat,30 mg,60 skammtapokar,Húðað kyrni,395647,B01AE07,Boehringer Ingelheim International GmbH*,Vistor hf,2026-05-01,2026-05-01,2026-02-05,resolved,Önnur lyfjaform eru á markaði / fáanleg.,2026-09-23T20:59:58.334390,219223
IS,Iceland,Lyfjastofnun,Vistabel,Botulinum Toxin Type A,"4 Allergan-einingar/0,1 ml",50 ein.,"Stungulyfsstofn, lausn",022250,M03AX01,AbbVie A/S,Vistor hf,2026-05-01,2026-05-01,2026-04-01,resolved,"Stuttur skortur á heildsölustigi, ólíklegt að skortur hafi áhrif á lyfjanotendur.",2026-09-23T20:59:58.334978,95818
IS,Iceland,Lyfjastofnun,Pradaxa,Dabigatranum etexilatum INN mesílat,50 mg,60 skammtapokar,Húðað kyrni,128083,B01AE07,Boehringer Ingelheim International GmbH*,Vistor hf,2026-05-01,2026-05-01,2026-02-05,resolved,Önnur lyfjaform eru á markaði / fáanleg.,2026-09-23T20:59:58.335550,219231
IS,Iceland,Lyfjastofnun,Postafen,Meclozinum INN hýdróklóríð,25 mg,100 stk.,Tafla,192558,R06AE05,CampusPharma AB,,2026-05-01,2026-05-08,2026-04-18,resolved,"Stuttur skortur á heildsölustigi, ólíklegt að skortur hafi áhrif á lyfjanotendur.",2026-09-23T20:59:58.336091,201677
IS,Iceland,Lyfjastofnun,Amitriptylin Abcur,Amitriptylinum INN hýdróklóríð,25 mg,100 stk.,Filmuhúðuð tafla,411034,N06AA09,Abcur AB*,,2026-05-01,2026-07-30,2026-05-05,resolved,Undanþágulyf hefur verið útvegað. Lyfjastofnun hefur heimilað lyfjafræðingum að breyta ávísun á lyfið í skorti í undanþágulyfið Amitriptyline 25 mg 100 stk filmuhúðaðar töflur vnr. 956353. Undanþágulyfið er í breskum umbúðum.,2026-09-23T20:59:58.336645,7145
IS,Iceland,Lyfjastofnun,Nilotinib Viatris,Nilotinibum INN hýdróklóríð,200 mg,112x1 stk.,Hart hylki,185768,L01EA03,Viatris Limited,,2026-05-01,2026-06-03,2026-06-03,resolved,Sérpöntun / útboðslyf.,2026-09-23T20:59:58.337236,230723
IS,Iceland,Lyfjastofnun,Axitinib WH,Axitinibum INN,5 mg,56 stk.,Filmuhúðuð tafla,152159,L01EK01,Williams & Halls ehf.,,2026-05-01,2026-05-07,2026-04-30,resolved,"Stuttur skortur á heildsölustigi, ólíklegt að skortur hafi áhrif á lyfjanotendur.",2026-09-23T20:59:58.337807,104450
IS,Iceland,Lyfjastofnun,Lenalidomid WH,Lenalidomidum INN,5 mg,21 stk.,Hart hylki,417157,L04AX04,Williams & Halls ehf.*,,2026-05-01,2026-06-22,2026-04-30,resolved,Undanþágulyf hefur verið útvegað. Undanþágulyf hefur verið útvegað. Undanþágulyf hefur verið útvegað í sama styrkleika. Lyfjastofnun hefur heimilað lyfjafræðingum að breyta ávísun á lyfið í skorti í undanþágulyfið Lenalidomide Accord.,2026-09-23T20:59:58.338390,83909
IS,Iceland,Lyfjastofnun,Lenalidomid WH,Lenalidomidum INN,10 mg,21 stk.,Hart hylki,560282,L04AX04,Williams & Halls ehf.*,,2026-05-01,2026-06-09,2026-04-30,resolved,Undanþágulyf hefur verið útvegað. Undanþágulyf hefur verið útvegað. Undanþágulyf hefur verið útvegað í sama styrkleika. Lyfjastofnun hefur heimilað lyfjafræðingum að breyta ávísun á lyfið í skorti í undanþágulyfið Lenalidomide Accord.,2026-09-23T20:59:58.338990,83917
IS,Iceland,Lyfjastofnun,Nilotinib Viatris,Nilotinibum INN hýdróklóríð,150 mg,112x1 stk.,Hart hylki,484638,L01EA03,Viatris Limited,,2026-05-01,2026-06-10,2026-06-03,resolved,Sérpöntun / útboðslyf.,2026-09-23T20:59:58.339587,230715
IS,Iceland,Lyfjastofnun,Lenalidomid WH,Lenalidomidum INN,15 mg,21 stk.,Hart hylki,191573,L04AX04,Williams & Halls ehf.*,,2026-05-01,2026-06-09,2026-04-30,resolved,Undanþágulyf hefur verið útvegað. Undanþágulyf hefur verið útvegað. Undanþágulyf hefur verið útvegað í sama styrkleika. Lyfjastofnun hefur heimilað lyfjafræðingum að breyta ávísun á lyfið í skorti í undanþágulyfið Lenalidomide Accord.,2026-09-23T20:59:58.340132,83925
IS,Iceland,Lyfjastofnun,Montelukast Alvogen,Montelukastum INN natríum,4 mg,98 stk.,Tuggutafla,175910,R03DC03,Alvogen ehf.,,2026-05-01,2026-05-14,2026-04-30,resolved,Aðrir styrkleikar og lyfjaform eru á markaði / fáanlegir. Lyfið er til í 10 mg,2026-09-23T20:59:58.340660,67857
IS,Iceland,Lyfjastofnun,Lenalidomid WH,Lenalidomidum INN,25 mg,21 stk.,Hart hylki,122761,L04AX04,Williams & Halls ehf.*,,2026-05-01,2026-06-09,2026-04-30,resolved,Undanþágulyf hefur verið útvegað. Undanþágulyf hefur verið útvegað. Undanþágulyf hefur verið útvegað í sama styrkleika. Lyfjastofnun hefur heimilað lyfjafræðingum að breyta ávísun á lyfið í skorti í undanþágulyfið Lenalidomide Accord.,2026-09-23T20:59:58.341182,83933
IS,Iceland,Lyfjastofnun,Sertralin WH,Sertralinum INN hýdróklóríð,100 mg,100 stk.,Filmuhúðuð tafla,130001,N06AB06,Williams & Halls ehf,,2026-04-30,2026-10-13,2026-03-31,shortage,Aðrir styrkleikar og/eða samheitalyf eru á markaði / fáanlegir.,2026-09-23T20:59:58.341705,39411
IS,Iceland,Lyfjastofnun,Repatha,Evolocumabum INN,140 mg,1 ml,"Stungulyf, lausn í áfylltum lyfjapenna",586312,C10AX13,Amgen Europe B.V.*,Vistor hf,2026-04-30,2026-04-30,2026-03-23,resolved,"Stuttur skortur á heildsölustigi, ólíklegt að skortur hafi áhrif á lyfjanotendur.",2026-09-23T20:59:58.342252,129682
IS,Iceland,Lyfjastofnun,Celecoxib Teva,Celecoxibum INN,100 mg,100 stk.,Hart hylki,109784,M01AH01,Teva B.V.*,Teva Pharma Iceland ehf.*,2026-04-30,2100-12-31,2026-05-08,shortage,Samheitalyf er á markaði / fáanlegt.,2026-09-23T20:59:58.342795,58998
IS,Iceland,Lyfjastofnun,Voriconazol Normon,Voriconazolum INN,200 mg,20 ml,"Innrennslisstofn, lausn",475153,J02AC03,"Laboratorios Normon, S.A.",,2026-04-30,2100-12-31,2025-11-03,shortage,Sérpöntun / útboðslyf. Samheitalyfið Vfend er á markaði.,2026-09-23T20:59:58.343321,231932
IS,Iceland,Lyfjastofnun,Mozobil,Plerixaforum INN,20 mg/ml,1.2 ml,"Stungulyf, lausn",048505,L03AX16,Genzyme Europe B.V.,Vistor hf,2026-04-30,2026-06-23,2026-04-30,resolved,Ekkert sambærilegt lyf er á markaði / fáanlegt.,2026-09-23T20:59:58.343871,131156
IS,Iceland,Lyfjastofnun,Dutasteride/Tamsulosin Teva,"Dutasteridum INN, Tamsulosinum INN hýdróklóríð","0,5 mg/0,4 mg",30 stk.,Hart hylki,084454,G04CA52,Teva B.V.*,Teva Pharma Iceland ehf.*,2026-04-30,2026-06-06,2026-05-08,resolved,Samheitalyf er á markaði / fáanlegt.,2026-09-23T20:59:58.344421,93661
IS,Iceland,Lyfjastofnun,Zonnic Pepparmint,Nicotinum INN,1 mg/úða,200 skammtar,"Munnholsúði, lausn",102249,N07BA01,Niconovum AB,,2026-04-30,2026-09-30,2026-02-19,shortage,Önnur lyfjaform eru á markaði / fáanleg.,2026-09-23T20:59:58.345004,105511
IS,Iceland,Lyfjastofnun,Rizatriptan Alvogen,Rizatriptanum INN benzóat,5 mg,6 stk.,Munndreifitafla,581661,N02CC04,Alvogen ehf.,,2026-04-29,2026-05-06,2026-03-16,resolved,"Stuttur skortur á heildsölustigi, ólíklegt að skortur hafi áhrif á lyfjanotendur. Lyfið er fáanlegt í 10 mg styrkleika",2026-09-23T20:59:58.345552,50512
IS,Iceland,Lyfjastofnun,NovoSeven,Eptacogum alfa (activatum) INN,2 mg (100 k a.e.),2 mg,"Stungulyfsstofn og leysir, lausn",523350,B02BD08,Novo Nordisk A/S*,Vistor hf,2026-04-29,2026-05-12,2026-04-30,resolved,Aðrir styrkleikar eru á markaði / fáanlegir.,2026-09-23T20:59:58.346089,113298
IS,Iceland,Lyfjastofnun,Certican,Everolimusum INN,"0,75 mg",60 stk.,Tafla,014853,L04AH02,Novartis Healthcare A/S,Vistor hf,2026-04-29,2026-04-29,2026-03-20,resolved,"Stuttur skortur á heildsölustigi, ólíklegt að skortur hafi áhrif á lyfjanotendur.",2026-09-23T20:59:58.346632,90220
IS,Iceland,Lyfjastofnun,Omnipaque,Iohexolum INN,140 mg J/ml,200 ml,"Stungulyf, lausn",582221,V08AB02,GE Healthcare AS,Icepharma hf,2026-04-29,2026-05-13,2026-04-29,resolved,Aðrir styrkleikar eru á markaði / fáanlegir.,2026-09-23T20:59:58.347212,58408
IS,Iceland,Lyfjastofnun,LYRICA,Pregabalinum INN,300 mg,56 stk.,Hart hylki,016323,N02BF02,Upjohn EESV,Icepharma hf.*,2026-04-29,2026-07-23,2026-04-07,resolved,Aðrir styrkleikar og/eða samheitalyf eru á markaði / fáanlegir. Lyrica 300 mg hart hylki 56 stk. er til á knappfyrningalager með fyrningu 30.06.2026,2026-09-23T20:59:58.347762,75736
IS,Iceland,Lyfjastofnun,Parkódín forte,"Paracetamolum INN, Codeine phosphate hemihydrate",500 mg/30 mg,40 stk.,Filmuhúðuð tafla,084866,N02AJ06,Teva B.V.*,Teva Pharma Iceland ehf.*,2026-04-29,2026-06-03,2026-05-08,resolved,Aðrar pakkningastærðir eru á markaði / fáanlegar.,2026-09-23T20:59:58.348312,131334
IS,Iceland,Lyfjastofnun,Sertralin Bluefish,Sertralinum INN hýdróklóríð,100 mg,100 stk.,Filmuhúðuð tafla,034796,N06AB06,Bluefish Pharmaceuticals AB,Artasan ehf,2026-04-28,2026-04-28,2026-04-01,resolved,"Stuttur skortur á heildsölustigi, ólíklegt að skortur hafi áhrif á lyfjanotendur.",2026-09-23T20:59:58.348868,39411
IS,Iceland,Lyfjastofnun,Tafil,Alprazolamum INN,"0,5 mg",100 stk.,Tafla,073874,N05BA12,Upjohn EESV,Icepharma hf.*,2026-04-28,2026-06-08,2026-04-28,resolved,Samheitalyf er á markaði / fáanlegt.,2026-09-23T20:59:58.349413,201677
IS,Iceland,Lyfjastofnun,OLUMIANT,Baricitinibum INN,2 mg,28 stk.,Filmuhúðuð tafla,407393,L04AF02,Eli Lilly Nederland B.V.,Icepharma hf.*,2026-04-28,2026-05-06,2026-04-28,resolved,Aðrir styrkleikar eru á markaði / fáanlegir.,2026-09-23T20:59:58.349961,140848
IS,Iceland,Lyfjastofnun,Vedrop,Tocofersolanum INN,50 mg/ml,60 ml,"Mixtúra, lausn",124141,A11HA08,Recordati Rare Diseases*,Recordati AB*,2026-04-28,2026-04-28,2026-03-26,resolved,"Stuttur skortur á heildsölustigi, ólíklegt að skortur hafi áhrif á lyfjanotendur.",2026-09-23T20:59:58.350509,93270
IS,Iceland,Lyfjastofnun,Nyxoid,Naloxonum INN hýdróklóríð,"1,8 mg","0,1 ml","Nefúði, lausn í stakskammtaíláti",461563,V03AB15,Mundipharma Corporation (Ireland) Limited,Icepharma hf.*,2026-04-28,2026-05-13,2026-04-28,resolved,Ekkert sambærilegt lyf er á markaði / fáanlegt.,2026-09-23T20:59:58.351069,
IS,Iceland,Lyfjastofnun,Omnitrope,Somatropinum INN,"10 mg/1,5 ml","1,5 ml","Stungulyf, lausn í rörlykju",377640,H01AC01,Sandoz GmbH*,Sandoz A/S*,2026-04-28,2026-04-28,2026-03-27,resolved,"Stuttur skortur á heildsölustigi, ólíklegt að skortur hafi áhrif á lyfjanotendur.",2026-09-23T20:59:58.351622,53104
IS,Iceland,Lyfjastofnun,Adempas,Riociguatum INN,"0,5 mg",42 stk.,Filmuhúðuð tafla,541846,C02KX05,Bayer AG*,Vistor hf,2026-04-27,2026-12-31,2026-04-27,shortage,Aðrir styrkleikar eru á markaði / fáanlegir.,2026-09-23T20:59:58.352169,124656
IS,Iceland,Lyfjastofnun,Levetiracetam Actavis,Levetiracetamum INN,1.000 mg,100 stk.,Filmuhúðuð tafla,527453,N03AX14,Actavis Group PTC ehf.,Teva Pharma Iceland ehf.*,2026-04-27,2026-06-05,2026-04-01,resolved,Samheitalyf er á markaði / fáanlegt.,2026-09-23T20:59:58.352710,58408
IS,Iceland,Lyfjastofnun,Sitagliptin Zentiva ApS,Sitagliptinum INN fosfat mónóhýdrat,50 mg,98 stk.,Filmuhúðuð tafla,465925,A10BH01,Zentiva k.s.*,Alvogen ehf.,2026-04-27,2026-05-04,2026-04-27,resolved,"Stuttur skortur á heildsölustigi, ólíklegt að skortur hafi áhrif á lyfjanotendur.",2026-09-23T20:59:58.353274,218111
IS,Iceland,Lyfjastofnun,Erelzi,Etanerceptum INN,25 mg,"0,5 ml","Stungulyf, lausn í áfylltri sprautu",075145,L04AB01,Sandoz GmbH*,,2026-04-26,2026-05-26,2025-02-11,resolved,Samheitalyf er á markaði / fáanlegt.,2026-09-23T20:59:58.353805,223824
IS,Iceland,Lyfjastofnun,Entresto,"Valsartanum INN, Sacubitrilum INN",15 mg/16 mg,60 stk.,Kyrni í hylki sem á að opna,097280,C09DX04,Novartis Europharm Limited*,Vistor hf,2026-04-26,2026-04-26,2026-03-26,resolved,"Stuttur skortur á heildsölustigi, ólíklegt að skortur hafi áhrif á lyfjanotendur.",2026-09-23T20:59:58.354348,228346
IS,Iceland,Lyfjastofnun,Sumatriptan Bluefish,Sumatriptanum INN súkkínat,100 mg,18 stk.,Tafla,498656,N02CC01,Bluefish Pharmaceuticals AB,Artasan ehf,2026-04-25,2026-04-25,2026-03-21,resolved,"Stuttur skortur á heildsölustigi, ólíklegt að skortur hafi áhrif á lyfjanotendur.",2026-09-23T20:59:58.354891,32476
IS,Iceland,Lyfjastofnun,Prograf (Lyfjaver),Tacrolimusum INN mónohýdrat,1 mg,50 stk.,Hart hylki,432261,L04AD02,Lyfjaver ehf.,,2026-04-24,2026-05-11,2026-04-20,resolved,Aðrir styrkleikar eru á markaði / fáanlegir.,2026-09-23T20:59:58.355418,92371
IS,Iceland,Lyfjastofnun,Azithromycin STADA,Azithromycinum INN mónóhýdrat,500 mg,2 stk.,Filmuhúðuð tafla,184248,J01FA10,STADA Arzneimittel AG,,2026-04-24,2026-06-05,2026-04-20,resolved,Aðrar pakkningastærðir eru á markaði / fáanlegar. Lyfið er til í 3 stk pakkningu,2026-09-23T20:59:58.355940,141011
IS,Iceland,Lyfjastofnun,Lacosamide STADA,Lacosamidum INN,50 mg,56 stk.,Filmuhúðuð tafla,543209,N03AX18,STADA Arzneimittel AG,,2026-04-24,2026-06-05,2026-03-31,resolved,Samheitalyf er á markaði / fáanlegt.,2026-09-23T20:59:58.356463,89036
IS,Iceland,Lyfjastofnun,Esomeprazol Krka (Heilsa),Esomeprazolum INN,20 mg,98 stk.,Magasýruþolið hart hylki,493562,A02BC05,Heilsa ehf.,,2026-04-24,2026-05-15,2026-04-09,resolved,Samheitalyf er á markaði / fáanlegt.,2026-09-23T20:59:58.356986,24163
IS,Iceland,Lyfjastofnun,Vastaloma,Fulvestrantum INN,250 mg/5 ml,5 ml,"Stungulyf, lausn í áfylltri sprautu",528806,L02BA03,Zentiva k.s.*,,2026-04-24,2026-05-04,2026-04-28,resolved,Ekkert sambærilegt lyf er á markaði / fáanlegt.,2026-09-23T20:59:58.357571,74934
IS,Iceland,Lyfjastofnun,Gamunex,HUMAN NORMAL IMMUNOGLOBULIN (IV),100 mg/ml,100 ml,"Innrennslislyf, lausn",396162,J06BA02,Grifols Deutschland GmbH*,Alvogen ehf.,2026-04-24,2026-04-21,2026-04-22,resolved,"Stuttur skortur á heildsölustigi, ólíklegt að skortur hafi áhrif á lyfjanotendur.",2026-09-23T20:59:58.358136,141011
IS,Iceland,Lyfjastofnun,Xeplion,Paliperidonum INN palmítat,50 mg,50 mg,"Stungulyf, forðadreifa",058609,N05AX13,Janssen-Cilag International NV*,Vistor hf,2026-04-24,2026-05-21,2026-04-22,resolved,Aðrir styrkleikar eru á markaði / fáanlegir.,2026-09-23T20:59:58.358691,96962
IS,Iceland,Lyfjastofnun,Pevisone,"Econazolum INN nítrat, Triamcinolonum INN acetóníð",1 mg/g + 10 mg/g,30 g,Krem,441279,D01AC20,Karo Pharma AB*,Alvogen ehf.,2026-04-23,2026-05-29,2026-04-20,resolved,Ekkert sambærilegt lyf er á markaði / fáanlegt. Mögulega eru birgðir í apótekum,2026-09-23T20:59:58.359237,
IS,Iceland,Lyfjastofnun,Tecvayli,Teclistamabum INN,90 mg/ml,"1,7 ml","Stungulyf, lausn",436579,L01FX24,Janssen-Cilag International NV*,Vistor hf,2026-04-23,2026-04-23,2026-03-17,resolved,"Stuttur skortur á heildsölustigi, ólíklegt að skortur hafi áhrif á lyfjanotendur.",2026-09-23T20:59:58.359805,70254
IS,Iceland,Lyfjastofnun,Vibeden,Hydroxocobalaminum INN hýdróklóríð,1 mg/ml,1 ml,"Stungulyf, lausn",483663,B03BA03,Sandoz A/S*,,2026-04-23,2026-08-25,2026-04-08,resolved,Samheitalyf er á markaði / fáanlegt.,2026-09-23T20:59:58.360331,5665
IS,Iceland,Lyfjastofnun,Fasturtec,Rasburicasum INN,"1,5 mg/ml","1,5 mg","Stofn og leysir fyrir innrennslisþykkni, lausn",003775,V03AF07,Sanofi Winthrop Industrie,Vistor hf,2026-04-22,2026-04-22,2026-03-04,resolved,"Stuttur skortur á heildsölustigi, ólíklegt að skortur hafi áhrif á lyfjanotendur.",2026-09-23T20:59:58.360887,59056
IS,Iceland,Lyfjastofnun,Venclyxto,Venetoclaxum INN,50 mg,7 stk.,Filmuhúðuð tafla,537354,L01XX52,AbbVie Deutschland GmbH & Co. KG,Vistor hf,2026-04-22,2026-04-22,2026-03-05,resolved,"Stuttur skortur á heildsölustigi, ólíklegt að skortur hafi áhrif á lyfjanotendur.",2026-09-23T20:59:58.361434,138258
IS,Iceland,Lyfjastofnun,Norgesic,"Orphenadrinum INN cítrat, Paracetamolum INN",35+450 mg,100 stk.,Tafla,525014,M03BC51,Viatris ApS,Icepharma hf.*,2026-04-22,2026-04-28,2026-04-22,resolved,"Stuttur skortur á heildsölustigi, ólíklegt að skortur hafi áhrif á lyfjanotendur.",2026-09-23T20:59:58.361993,
IS,Iceland,Lyfjastofnun,Lacosamide Medical Valley,Lacosamidum INN,50 mg,56 stk.,Filmuhúðuð tafla,047749,N03AX18,Medical Valley Invest AB,,2026-04-22,2026-09-15,2026-08-18,resolved,Samheitalyf er á markaði / fáanlegt.,2026-09-23T20:59:58.362519,89036
IS,Iceland,Lyfjastofnun,Esopram,Escitalopram oxalate,10 mg,100 stk.,Filmuhúðuð tafla,048122,N06AB10,Teva B.V.*,Teva Pharma Iceland ehf.*,2026-04-22,2026-05-15,2026-04-17,resolved,Samheitalyf er á markaði / fáanlegt.,2026-09-23T20:59:58.363063,74969
IS,Iceland,Lyfjastofnun,Nicotinell Mint,Nicotinum INN,1 mg,150 úðaskammtar,"Munnholsúði, lausn",145887,N07BA01,Dr. Reddy's Netherlands B.V.,,2026-04-22,2026-04-22,2026-04-01,resolved,"Stuttur skortur á heildsölustigi, ólíklegt að skortur hafi áhrif á lyfjanotendur.",2026-09-23T20:59:58.363591,
IS,Iceland,Lyfjastofnun,Methotrexat Ebewe,Methotrexatum INN,100 mg/ml,50 ml,"Innrennslisþykkni, lausn",493639,L01BA01,EBEWE Pharma Ges.m.b.H.Nfg. KG,Sandoz A/S*,2026-04-21,2026-04-21,2026-03-25,resolved,Aðrar pakkningastærðir eru á markaði / fáanlegar. Lyfið er fáanlegt í 10 ml hettuglasi,2026-09-23T20:59:58.364138,120081
IS,Iceland,Lyfjastofnun,Fabrazyme,Recombinant human alpa galactosidase A,5 mg,5 mg,"Stofn fyrir innrennslisþykkni, lausn",016930,A16AB04,Genzyme Europe B.V.,Vistor hf,2026-04-21,2026-04-21,2026-03-12,resolved,"Stuttur skortur á heildsölustigi, ólíklegt að skortur hafi áhrif á lyfjanotendur.",2026-09-23T20:59:58.364691,212946
IS,Iceland,Lyfjastofnun,Zypadhera,Olanzapinum INN,210 mg,210 mg,"Stungulyfsstofn og leysir, forðadreifa",027976,N05AH03,"CHEPLAPHARM Registration GmbH,",,2026-04-21,2026-04-21,2026-04-01,resolved,"Stuttur skortur á heildsölustigi, ólíklegt að skortur hafi áhrif á lyfjanotendur.",2026-09-23T20:59:58.365213,90190
IS,Iceland,Lyfjastofnun,Tasigna,Nilotinibum INN hýdróklóríð,150 mg,112 stk.,Hart hylki,523758,L01EA03,Novartis Europharm Limited*,Vistor hf,2026-04-21,2026-04-21,2026-03-29,resolved,"Stuttur skortur á heildsölustigi, ólíklegt að skortur hafi áhrif á lyfjanotendur.",2026-09-23T20:59:58.365763,230715
IS,Iceland,Lyfjastofnun,Penomax,Pivmecillinamum INN hýdróklóríð,200 mg,100 stk.,Filmuhúðuð tafla,148285,J01CA08,Orion Corporation,Vistor hf,2026-04-21,2026-04-21,2026-04-01,resolved,"Stuttur skortur á heildsölustigi, ólíklegt að skortur hafi áhrif á lyfjanotendur.",2026-09-23T20:59:58.366324,218677
IS,Iceland,Lyfjastofnun,Aranesp,Darbepoetinum alfa INN,130 míkróg,"0,65 ml","Stungulyf, lausn í áfylltri sprautu",438806,B03XA02,Amgen Europe B.V.*,Vistor hf,2026-04-21,2026-04-21,2026-03-18,resolved,Aðrir styrkleikar eru á markaði / fáanlegir.,2026-09-23T20:59:58.366889,83798
IS,Iceland,Lyfjastofnun,Tafil,Alprazolamum INN,"0,5 mg",20 stk.,Tafla,073858,N05BA12,Upjohn EESV,Icepharma hf.*,2026-04-21,2026-05-07,2026-04-28,resolved,Samheitalyf er á markaði / fáanlegt.,2026-09-23T20:59:58.367491,76910
IS,Iceland,Lyfjastofnun,Múkósín,Acetylcysteinum INN,200 mg,24 stk.,Freyðitafla,585882,R05CB01,Alvogen ehf.,,2026-04-21,2026-05-05,2026-04-10,resolved,"Stuttur skortur á heildsölustigi, ólíklegt að skortur hafi áhrif á lyfjanotendur.",2026-09-23T20:59:58.368047,40010
IS,Iceland,Lyfjastofnun,Rivotril,Clonazepamum INN,"0,5 mg",150 stk.,Tafla,593392,N03AE01,CHEPLAPHARM Arzneimittel GmbH,,2026-04-21,2026-04-21,2026-04-01,resolved,Aðrir styrkleikar eru á markaði / fáanlegir.,2026-09-23T20:59:58.368594,7110
IS,Iceland,Lyfjastofnun,Trileptal,Oxcarbazepinum INN,60 mg/ml,250 ml,"Mixtúra, dreifa",004014,N03AF02,Novartis Healthcare A/S,Vistor hf,2026-04-20,2026-04-20,2026-03-04,resolved,"Stuttur skortur á heildsölustigi, ólíklegt að skortur hafi áhrif á lyfjanotendur.",2026-09-23T20:59:58.369148,70483
IS,Iceland,Lyfjastofnun,Enalapril-Hydrochlorthiazid Krka,"Enalaprilum INN maleat, Hydrochlorothiazide","20 mg /12,5 mg",110 stk.,Tafla,056339,C09BA02,Krka d.d. Novo mesto*,LYFIS ehf.*,2026-04-20,2026-04-30,2026-04-20,resolved,"Stuttur skortur á heildsölustigi, ólíklegt að skortur hafi áhrif á lyfjanotendur.",2026-09-23T20:59:58.369687,26387
IS,Iceland,Lyfjastofnun,TicoVac,TBE Antigen Virus,"0,5 ml","0,5 ml","Stungulyf, dreifa",564048,J07BA01,Pfizer ApS,Icepharma hf,2026-04-20,2026-05-05,2026-04-27,resolved,Aðrir styrkleikar eru á markaði / fáanlegir.,2026-09-23T20:59:58.370232,82082
IS,Iceland,Lyfjastofnun,Venlafaxine Alvogen,Venlafaxinum INN hýdróklóríð,150 mg,100 stk.,Hart forðahylki,052467,N06AX16,Alvogen ehf.,,2026-04-20,2026-10-31,2026-02-17,shortage,Samheitalyf er á markaði / fáanlegt.,2026-09-23T20:59:58.370770,47538
IS,Iceland,Lyfjastofnun,XELJANZ,Tofacitinibum INN sítrat,1 mg/ml,240 ml,"Mixtúra, lausn",478177,L04AF01,Pfizer Europe MA EEIG*,Icepharma hf.*,2026-04-20,2026-05-25,2026-02-20,resolved,Önnur lyfjaform eru á markaði / fáanleg.,2026-09-23T20:59:58.371318,212946
IS,Iceland,Lyfjastofnun,Nevanac,Nepafenacum INN,3 mg/ml,3 ml,"Augndropar, dreifa",195092,S01BC10,Novartis Europharm Limited*,Vistor hf,2026-04-20,2026-04-20,2026-02-27,resolved,"Stuttur skortur á heildsölustigi, ólíklegt að skortur hafi áhrif á lyfjanotendur.",2026-09-23T20:59:58.371859,220620
IS,Iceland,Lyfjastofnun,Midazolam Accord,Midazolamum INN hýdróklóríð,5 mg/ml,1 ml,"Stungulyf/innrennslislyf, lausn",574395,N05CD08,Accord Healthcare B.V.,,2026-04-20,2026-04-20,2026-03-22,resolved,Aðrar pakkningastærðir eru á markaði / fáanlegar.,2026-09-23T20:59:58.372388,93637
IS,Iceland,Lyfjastofnun,Tobradex,"Dexamethasonum INN fosfat, Tobramycinum INN",3 mg/ml + 1 mg/ml,5 ml,"Augndropar, dreifa",033251,S01CA01,Novartis Healthcare A/S,Vistor hf,2026-04-19,2026-04-19,2026-03-31,resolved,Ekki til lyf með sama ATC númer en sambærilegt lyf í sama flokki er á markaði / fáanlegt.,2026-09-23T20:59:58.372929,214957
IS,Iceland,Lyfjastofnun,Nevanac,Nepafenacum INN,1 mg/ml,5 ml,"Augndropar, dreifa",141063,S01BC10,Novartis Europharm Limited*,Vistor hf,2026-04-19,2026-06-18,2026-03-19,resolved,Aðrir styrkleikar eru á markaði / fáanlegir. Lyfið er fáanlegt í hærri styrkleika - einnig hefur Distica útvegað undanþágulyfið Nevanac  1 mg/ml vnr 953589,2026-09-23T20:59:58.373480,70254
IS,Iceland,Lyfjastofnun,Nicotinell Lakrids,Nicotine resinate,2 mg,24 stk.,Lyfjatyggigúmmí,583126,N07BA01,Dr. Reddy's Netherlands B.V.,Artasan ehf,2026-04-19,2026-04-19,2026-04-01,resolved,"Stuttur skortur á heildsölustigi, ólíklegt að skortur hafi áhrif á lyfjanotendur.",2026-09-23T20:59:58.374023,
IS,Iceland,Lyfjastofnun,Singulair,Montelukastum INN natríum,4 mg,98 stk.,Tuggutafla,002328,R03DC03,N.V. Organon*,Vistor hf,2026-04-18,2026-05-06,2026-03-04,resolved,Sérpöntun / útboðslyf. Samheitalyf er á markaði.,2026-09-23T20:59:58.374571,67857
IS,Iceland,Lyfjastofnun,Exelon,Rivastigminum INN,"4,6 mg/24 klst.",30 stk.,Forðaplástur,125713,N06DA03,Novartis Europharm Limited*,Vistor hf,2026-04-18,2026-04-18,2026-03-21,resolved,"Stuttur skortur á heildsölustigi, ólíklegt að skortur hafi áhrif á lyfjanotendur.",2026-09-23T20:59:58.375131,
IS,Iceland,Lyfjastofnun,Singulair,Montelukastum INN natríum,4 mg,98 stk.,Tuggutafla,002328,R03DC03,N.V. Organon*,Vistor hf,2026-04-18,2026-07-05,2026-05-08,resolved,Aðrir styrkleikar eru á markaði / fáanlegir. lyfið er fáanlegt í 10 mg styrkleika,2026-09-23T20:59:58.375705,67857
IS,Iceland,Lyfjastofnun,Utrogestan,Progesteronum INN,200 mg,45 stk.,Mjúkt hylki,586866,G03DA04,Besins Healthcare Ireland Limited*,Laboratoires Besins International,2026-04-17,2026-04-22,2026-04-01,resolved,"Stuttur skortur á heildsölustigi, ólíklegt að skortur hafi áhrif á lyfjanotendur.",2026-09-23T20:59:58.376260,
IS,Iceland,Lyfjastofnun,Zubsolv,"Buprenorphinum INN hýdróklóríð, Naloxonum INN hýdróklóríð","8,6 mg /2,1 mg",28 stk.,Tungurótartafla,534097,N07BC51,Accord Healthcare S.L.U.,,2026-04-17,2026-04-20,2026-04-21,resolved,"Stuttur skortur á heildsölustigi, ólíklegt að skortur hafi áhrif á lyfjanotendur.",2026-09-23T20:59:58.376792,215139
IS,Iceland,Lyfjastofnun,Lenzetto,Estradiol,"1,53 mg/úðaskammt","6,5 ml",Úði til notkunar um húð,173277,G03CA03,Gedeon Richter Plc.*,,2026-04-17,2026-05-13,2026-02-10,resolved,Önnur lyfjaform eru á markaði / fáanleg.,2026-09-23T20:59:58.377364,167266
IS,Iceland,Lyfjastofnun,Desmopressin Zentiva,"Lactose monohydrate, Desmopressinum INN acetat",60 míkróg,100 stk.,Tungurótartafla,110095,H01BA02,Zentiva k.s.*,,2026-04-17,2026-04-30,2026-04-20,resolved,Aðrar pakkningastærðir eru á markaði / fáanlegar.,2026-09-23T20:59:58.377908,225479
IS,Iceland,Lyfjastofnun,Lenvima,Lenvatinibum INN mesýlat,4 mg,30 stk.,Hart hylki,582004,L01EX08,Eisai GmbH,Eisai AB*,2026-04-17,2026-04-17,2026-03-28,resolved,Aðrir styrkleikar eru á markaði / fáanlegir. Lyfið er fáanlegt í 10 mg styrkleika,2026-09-23T20:59:58.378459,133299
IS,Iceland,Lyfjastofnun,Thiotepa Riemser,Thiotepum INN,100 mg,100 mg,"Stofn fyrir innrennslisþykkni, lausn",433256,L01AC01,Esteve Pharmaceuticals GmbH,Abacus Medicine A/S,2026-04-16,2026-05-31,2026-04-16,resolved,Ekkert sambærilegt lyf er á markaði / fáanlegt.,2026-09-23T20:59:58.379028,56596
IS,Iceland,Lyfjastofnun,ABILIFY,Aripiprazolum INN,10 mg,28 stk.,Tafla,010951,N05AX12,Otsuka Pharmaceutical Netherlands B.V.*,Vistor hf,2026-04-16,2026-04-16,2026-03-24,resolved,Aðrir styrkleikar og/eða samheitalyf eru á markaði / fáanlegir.,2026-09-23T20:59:58.379576,75248
IS,Iceland,Lyfjastofnun,Zubsolv,"Buprenorphinum INN hýdróklóríð, Naloxonum INN hýdróklóríð","8,6 mg /2,1 mg",28 stk.,Tungurótartafla,534097,N07BC51,Accord Healthcare S.L.U.,,2026-04-16,2026-04-23,2026-03-31,resolved,Aðrar pakkningastærðir og lyfjaform eru á markaði / fáanlegar.,2026-09-23T20:59:58.380107,215139
IS,Iceland,Lyfjastofnun,ABILIFY,Aripiprazolum INN,10 mg,56 stk.,Tafla,011008,N05AX12,Otsuka Pharmaceutical Netherlands B.V.*,Vistor hf,2026-04-16,2026-04-16,2026-03-31,resolved,Samheitalyf er á markaði / fáanlegt.,2026-09-23T20:59:58.380657,75248
IS,Iceland,Lyfjastofnun,Pegasys,Peginterferonum alfa-2a INN,"135 míkrógrömm/0,5 ml","0,5 ml","Stungulyf, lausn í áfylltri sprautu",008767,L03AB11,Pharmaand GmbH,,2026-04-15,2026-04-29,2026-04-27,resolved,Til skoðunar.,2026-09-23T20:59:58.381188,63533
IS,Iceland,Lyfjastofnun,Toujeo,Insulinum glarginum INN,300 ein./ml,"1,5 ml","Stungulyf, lausn í áfylltum lyfjapenna",135216,A10AE04,Sanofi-Aventis Deutschland GmbH,Vistor hf,2026-04-15,2026-04-15,2026-04-01,resolved,"Stuttur skortur á heildsölustigi, ólíklegt að skortur hafi áhrif á lyfjanotendur.",2026-09-23T20:59:58.381753,125652
IS,Iceland,Lyfjastofnun,Thyrogen,Thyrotropinum alfa INN,"0,9 mg","0,9 mg","Stungulyfsstofn, lausn",008370,H01AB01,Sanofi Winthrop Industrie,Vistor hf,2026-04-15,2026-05-27,2026-04-01,resolved,Ekkert sambærilegt lyf er á markaði / fáanlegt.,2026-09-23T20:59:58.382309,
IS,Iceland,Lyfjastofnun,Venlafaxin Teva,Venlafaxinum INN hýdróklóríð,75 mg,100 stk.,Hart forðahylki,404043,N06AX16,Actavis Group PTC ehf.,,2026-04-15,2026-03-12,2026-01-20,resolved,Samheitalyf er á markaði / fáanlegt.,2026-09-23T20:59:58.382844,
IS,Iceland,Lyfjastofnun,Jakavi,Ruxolitinibum INN fosfat,15 mg,56 stk.,Tafla,553720,L01EJ01,Novartis Europharm Limited*,Vistor hf,2026-04-15,2026-04-15,2026-03-17,resolved,Aðrir styrkleikar eru á markaði / fáanlegir.,2026-09-23T20:59:58.383398,108472
IS,Iceland,Lyfjastofnun,Klyx,"Docusatum natricum INN, Sorbitolum",,120 ml,Endaþarmslausn,371617,A06AG10,Ferring Lægemidler A/S (F),Ferring Lægemidler A/S,2026-04-15,2026-06-23,2026-03-19,resolved,Aðrar pakkningastærðir eru á markaði / fáanlegar.,2026-09-23T20:59:58.383960,1619
IS,Iceland,Lyfjastofnun,Gamunex,HUMAN NORMAL IMMUNOGLOBULIN (IV),100 mg/ml,400 ml,"Innrennslislyf, lausn",452480,J06BA02,Grifols Deutschland GmbH*,Alvogen ehf.,2026-04-15,2026-05-06,2026-04-08,resolved,Aðrar pakkningastærðir eru á markaði / fáanlegar.,2026-09-23T20:59:58.384524,
IS,Iceland,Lyfjastofnun,Paclitaxel Actavis,Paclitaxelum INN,6 mg/ml,50 ml,"Innrennslisþykkni, lausn",066897,L01CD01,Actavis Group PTC ehf.,Teva Pharma Iceland ehf.*,2026-04-14,2026-04-23,2026-04-17,resolved,"Stuttur skortur á heildsölustigi, ólíklegt að skortur hafi áhrif á lyfjanotendur.",2026-09-23T20:59:58.385083,56596
IS,Iceland,Lyfjastofnun,Glucos Fresenius Kabi,Glucosum,200 mg/ml,500 ml,"Innrennslislyf, lausn",530828,B05BA03,Fresenius Kabi AB,Vistor hf,2026-04-13,2026-05-26,2026-03-24,resolved,Aðrir styrkleikar eru á markaði / fáanlegir.,2026-09-23T20:59:58.385625,23892
IS,Iceland,Lyfjastofnun,Oftaquix,Levofloxacinum INN hemihýdrat,5 mg/ml,"0,3 ml","Augndropar, lausn í stakskammtaíláti",085205,S01AE05,Santen Oy*,Icepharma hf,2026-04-13,2026-04-17,2026-04-09,resolved,"Stuttur skortur á heildsölustigi, ólíklegt að skortur hafi áhrif á lyfjanotendur.",2026-09-23T20:59:58.386169,
IS,Iceland,Lyfjastofnun,Zypadhera,Olanzapinum INN,300 mg,300 mg,"Stungulyfsstofn og leysir, forðadreifa",027988,N05AH03,"CHEPLAPHARM Registration GmbH,",,2026-04-13,2026-06-04,2026-05-19,resolved,Samheitalyf er á markaði / fáanlegt.,2026-09-23T20:59:58.386693,90204
IS,Iceland,Lyfjastofnun,Zypadhera,Olanzapinum INN,300 mg,300 mg,"Stungulyfsstofn og leysir, forðadreifa",027988,N05AH03,"CHEPLAPHARM Registration GmbH,",,2026-04-13,2026-05-12,2026-03-23,resolved,Undanþágulyf hefur verið útvegað.,2026-09-23T20:59:58.387277,90204
IS,Iceland,Lyfjastofnun,Zofran,Ondansetronum INN hýdróklóríð,4 mg,10 stk.,Filmuhúðuð tafla,059080,A04AA01,Sandoz A/S,,2026-04-12,2026-05-19,2026-03-24,resolved,Samheitalyf er á markaði / fáanlegt.,2026-09-23T20:59:58.387807,31496
IS,Iceland,Lyfjastofnun,ABILIFY,Aripiprazolum INN,5 mg,28 stk.,Tafla,016596,N05AX12,Otsuka Pharmaceutical Netherlands B.V.*,Vistor hf,2026-04-11,2026-04-11,2026-03-29,resolved,Samheitalyf er á markaði / fáanlegt.,2026-09-23T20:59:58.388358,117633
IS,Iceland,Lyfjastofnun,Sugammadex hameln,Sugammadex sodium,100 mg/ml,5 ml,"Stungulyf, lausn",533367,V03AB35,hameln pharma gmbh,,2026-04-10,2026-05-11,2026-04-13,resolved,Aðrar pakkningastærðir eru á markaði / fáanlegar.,2026-09-23T20:59:58.388884,87297
IS,Iceland,Lyfjastofnun,Ríson,Risperidonum INN,"0,5 mg",60 stk.,Filmuhúðuð tafla,007778,N05AX08,Teva B.V.*,Teva Pharma Iceland ehf.*,2026-04-10,2026-08-28,2026-04-01,resolved,Samheitalyf er á markaði / fáanlegt.,2026-09-23T20:59:58.389436,56197
IS,Iceland,Lyfjastofnun,Propolipid,Propofolum INN,10 mg/ml,50 ml,"Stungulyf/innrennslislyf, fleyti",021676,N01AX10,Fresenius Kabi AB,Vistor hf,2026-04-10,2026-04-10,2026-03-20,resolved,Aðrar pakkningastærðir eru á markaði / fáanlegar.,2026-09-23T20:59:58.389994,80322
IS,Iceland,Lyfjastofnun,Detrusitol Retard,TOLTERODINE L-TARTRATE,2 mg,30 stk.,Hart forðahylki,007505,G04BD07,Viatris ApS,Icepharma hf.*,2026-04-10,2026-07-06,2026-03-30,resolved,Undanþágulyf hefur verið útvegað. Heildsalan Parlogis hefur útvegað undanþágulyfið Tolterodine 2 mg 30 stk. forðahylki,2026-09-23T20:59:58.390542,66842
IS,Iceland,Lyfjastofnun,Betmiga (Heilsa),Mirabegronum INN,50 mg,90 stk.,Forðatafla,099279,G04BD12,Heilsa ehf.,,2026-04-10,2100-12-31,2026-03-24,shortage,Samheitalyf er á markaði / fáanlegt.,2026-09-23T20:59:58.391085,112305
IS,Iceland,Lyfjastofnun,Doxylin,Doxycyclinum INN,100 mg,10 stk.,Tafla,455949,J01AA02,Actavis Group PTC ehf.,Teva Pharma Iceland ehf.*,2026-04-10,2026-06-12,2026-04-01,resolved,Aðrar pakkningastærðir eru á markaði / fáanlegar.,2026-09-23T20:59:58.391642,68438
IS,Iceland,Lyfjastofnun,Risperidon Krka,Risperidonum INN,3 mg,60 stk.,Filmuhúðuð tafla,110324,N05AX08,"Krka, d.d., Novo mesto",LYFIS ehf.*,2026-04-10,2026-08-10,2026-03-09,resolved,Aðrir styrkleikar eru á markaði / fáanlegir.,2026-09-23T20:59:58.392190,37737
IS,Iceland,Lyfjastofnun,Fluoxetin Viatris,Fluoxetinum INN hýdróklóríð,20 mg,100 stk.,Hart hylki,443903,N06AB03,Viatris Limited,Icepharma hf.*,2026-04-10,2026-06-08,2026-01-30,resolved,Samheitalyf er á markaði / fáanlegt.,2026-09-23T20:59:58.392739,28444
IS,Iceland,Lyfjastofnun,Rybrevant,Amivantamabum INN,350 mg,7 ml,"Innrennslisþykkni, lausn",156701,L01FX18,Janssen-Cilag International NV*,Vistor hf,2026-04-09,2026-04-24,2026-04-11,resolved,Ekkert sambærilegt lyf er á markaði / fáanlegt.,2026-09-23T20:59:58.393282,217921
IS,Iceland,Lyfjastofnun,Celecoxib Actavis,Celecoxibum INN,200 mg,100 stk.,Hart hylki,587112,M01AH01,Actavis Group PTC ehf.,Teva Pharma Iceland ehf.*,2026-04-09,2100-12-31,2026-06-09,shortage,Samheitalyf er á markaði / fáanlegt.,2026-09-23T20:59:58.393827,75159
IS,Iceland,Lyfjastofnun,Esomeprazol Krka (Heilsa),Esomeprazolum INN,40 mg,98 stk.,Magasýruþolið hart hylki,560865,A02BC05,Heilsa ehf.,,2026-04-09,2026-05-15,2026-04-09,resolved,Samheitalyf er á markaði / fáanlegt.,2026-09-23T20:59:58.394353,17892
IS,Iceland,Lyfjastofnun,Lacosamide STADA,Lacosamidum INN,100 mg,56 stk.,Filmuhúðuð tafla,476652,N03AX18,STADA Arzneimittel AG,,2026-04-09,2026-06-05,2026-04-09,resolved,Aðrir styrkleikar eru á markaði / fáanlegir.,2026-09-23T20:59:58.394893,217875
IS,Iceland,Lyfjastofnun,Cinveron,Ondansetronum INN hýdróklóríð,2 mg/ml,4 ml,"Stungulyf, lausn",389095,A04AA01,Williams & Halls ehf,,2026-04-09,2100-12-31,2026-04-09,shortage,"Um er að ræða lyf sem er að jafnaði ekki til á lager, en heildsala mun panta það ef þörf er á. Samheitalyf er á markaði",2026-09-23T20:59:58.395418,31534
IS,Iceland,Lyfjastofnun,Panodil Zapp,Paracetamolum INN,500 mg,20 stk.,Filmuhúðuð tafla,082830,N02BE01,Haleon Denmark ApS,Artasan ehf,2026-04-09,2026-09-02,2026-03-22,resolved,Samheitalyf er á markaði / fáanlegt.,2026-09-23T20:59:58.395963,
IS,Iceland,Lyfjastofnun,Erelzi,Etanerceptum INN,50 mg,1 ml,"Stungulyf, lausn í áfylltri sprautu",196232,L04AB01,Sandoz GmbH*,,2026-04-09,2026-05-26,2025-03-20,resolved,Sérpöntun / útboðslyf. Samheitalyf eru á markaði,2026-09-23T20:59:58.396482,81647
IS,Iceland,Lyfjastofnun,Fixopost,"Latanoprostum INN, Timololum INN maleat",50 míkróg/ml + 5 mg/ml,"0,2 ml","Augndropar, lausn í stakskammtaíláti",585283,S01ED51,Laboratoires THEA*,,2026-04-09,2027-02-10,2026-03-12,shortage,". Xalcom augndropar eru fáanlegir, með sömu virku efni í sömu styrkleikum en önnur hjálparefni",2026-09-23T20:59:58.397005,212156
IS,Iceland,Lyfjastofnun,Xagrid,Anagrelidum INN hýdróklóríð,"0,5 mg",100 stk.,Hart hylki,021999,L01XX35,Takeda Pharmaceuticals International AG Ireland Branch,Shire Sweden AB,2026-04-08,2026-04-08,2026-03-20,resolved,Ekkert sambærilegt lyf er á markaði / fáanlegt.,2026-09-23T20:59:58.397597,77526
IS,Iceland,Lyfjastofnun,Levemir Penfill,Insulinum detemirum INN,100 ein./ml,3 ml,"Stungulyf, lausn í rörlykju",015448,A10AE05,Novo Nordisk A/S*,Vistor hf,2026-04-08,2026-04-14,2026-03-24,resolved,Önnur lyfjaform eru á markaði / fáanleg. Lyfið er fáanlegt í áfylltum lyfjapenna,2026-09-23T20:59:58.398156,35726
IS,Iceland,Lyfjastofnun,Fluconazol Krka,Fluconazole,150 mg,1 stk.,Hart hylki,531175,J02AC01,"KRKA, d.d., Novo mesto",LYFIS ehf.*,2026-04-08,2026-04-21,2026-03-27,resolved,Samheitalyf er á markaði / fáanlegt.,2026-09-23T20:59:58.398707,30384
IS,Iceland,Lyfjastofnun,Cosentyx,Secukinumabum INN,300 mg,2 ml,"Stungulyf, lausn í áfylltum lyfjapenna",445576,L04AC10,Novartis Europharm Limited*,Vistor hf,2026-04-08,2026-04-17,2026-01-09,resolved,Aðrir styrkleikar eru á markaði / fáanlegir.,2026-09-23T20:59:58.399279,197505
IS,Iceland,Lyfjastofnun,Vabysmo,Faricimabum INN,120 mg/ml,"0,24 ml","Stungulyf, lausn",188048,S01LA09,Roche Registration GmbH*,Icepharma hf.*,2026-04-08,2030-01-01,2026-04-08,shortage,Önnur lyfjaform eru á markaði / fáanleg.,2026-09-23T20:59:58.399827,218413
IS,Iceland,Lyfjastofnun,Rimactan,Rifampicinum INN,150 mg,100 stk.,Hart hylki,460293,J04AB02,Sandoz GmbH*,,2026-04-08,2026-05-15,2026-04-10,resolved,"Undanþágulyf hefur verið útvegað. Heildsalan Distica hefur útvegað undanþágulyfið Eremfat filmtabletten 150 mg, vnr. 987993 er til hjá Distica.  Þetta er sama lyf og Rimactan 150 mg.",2026-09-23T20:59:58.400362,264
IS,Iceland,Lyfjastofnun,Zubsolv,"Naloxonum INN hýdróklóríð, Buprenorphinum INN hýdróklóríð","1,4 mg /0,36 mg",28 stk.,Tungurótartafla,599107,N07BC51,Accord Healthcare S.L.U.,,2026-04-08,2026-09-01,2026-03-31,resolved,Aðrir styrkleikar eru á markaði / fáanlegir.,2026-09-23T20:59:58.400891,217786
IS,Iceland,Lyfjastofnun,Antepsin,Sucralfatum INN,1 g,60 stk.,Tafla,547612,A02BX02,Orion Corporation,Vistor hf,2026-04-07,2026-04-10,2026-03-14,resolved,Ekkert sambærilegt lyf er á markaði / fáanlegt.,2026-09-23T20:59:58.401454,17892
IS,Iceland,Lyfjastofnun,Pevisone,"Econazolum INN nítrat, Triamcinolonum INN acetóníð",1 mg/g + 10 mg/g,15 g,Krem,195669,D01AC20,Karo Pharma AB*,Alvogen ehf.,2026-04-07,2026-07-09,2026-03-02,resolved,Aðrar pakkningastærðir eru á markaði / fáanlegar.,2026-09-23T20:59:58.401995,
IS,Iceland,Lyfjastofnun,Ziextenzo,Pegfilgrastimum INN,6 mg,"0,6 ml","Stungulyf, lausn í áfylltri sprautu",394719,L03AA13,Sandoz GmbH*,,2026-04-07,2026-05-26,2026-04-08,resolved,Samheitalyf er á markaði / fáanlegt.,2026-09-23T20:59:58.402526,68756
IS,Iceland,Lyfjastofnun,Varivax,"VARICELLA VIRUS OKA/MERCK STRAIN, (LIVE, ATTENUATED) PRODUCED IN HUMAN DIPLOID (MRC-5) CELLS",,3 ml,"Stungulyfsstofn og leysir, dreifa",576856,J07BK01,Merck Sharp & Dohme B.V.*,,2026-04-07,2026-05-18,2026-03-24,resolved,Samheitalyf er á markaði / fáanlegt.,2026-09-23T20:59:58.403055,
IS,Iceland,Lyfjastofnun,Kaleorid,Potassium chloride,750 mg,250 stk.,Forðatafla,054877,A12BA01,Karo Pharma AB*,Alvogen ehf.,2026-04-07,2026-04-16,2026-04-07,resolved,"Stuttur skortur á heildsölustigi, ólíklegt að skortur hafi áhrif á lyfjanotendur.",2026-09-23T20:59:58.403617,
IS,Iceland,Lyfjastofnun,Xonvea,"Pyridoxinum INN hýdróklóríð, Doxylaminii INN hýdrógen súkkínat",10 mg/10 mg,40 stk.,Magasýruþolin tafla,180004,R06AA59,CampusPharma AB,,2026-04-07,2026-04-28,2026-03-22,resolved,Aðrar pakkningastærðir eru á markaði / fáanlegar.,2026-09-23T20:59:58.404142,204358
IS,Iceland,Lyfjastofnun,Cloxabix,Celecoxibum INN,100 mg,20 stk.,Hart hylki,557980,M01AH01,Williams & Halls ehf,,2026-04-06,2026-05-26,2026-03-09,resolved,Samheitalyf er á markaði / fáanlegt.,2026-09-23T20:59:58.404671,58998
IS,Iceland,Lyfjastofnun,Soluprick Positiv kontrol,Histaminum INN díhýdróklóríð,10 mg/ml,2 ml,"Húðstungupróf, lausn",024681,V04CL,ALK-Abelló A/S,Vistor hf,2026-04-06,2026-04-06,2026-03-04,resolved,"Stuttur skortur á heildsölustigi, ólíklegt að skortur hafi áhrif á lyfjanotendur.",2026-09-23T20:59:58.405227,
IS,Iceland,Lyfjastofnun,Bortezomib Accord,Bortezomibum INN,"2,5 mg/ml","1,4 ml","Stungulyf, lausn",398691,L01XG01,Accord Healthcare S.L.U.,,2026-04-05,2026-05-20,2026-03-21,resolved,Ekkert sambærilegt lyf er á markaði / fáanlegt.,2026-09-23T20:59:58.405760,197505
IS,Iceland,Lyfjastofnun,Lamictal,Lamotriginum INN,200 mg,98 stk.,Tuggu-/dreifitafla,028598,N03AX09,GlaxoSmithKline Pharma A/S,Vistor hf,2026-04-04,2026-04-06,2026-03-17,resolved,Aðrir styrkleikar og/eða samheitalyf eru á markaði / fáanlegir.,2026-09-23T20:59:58.406320,125156
IS,Iceland,Lyfjastofnun,Alendronat Teva,Acidum alendronicum INN natríum,70 mg,12 stk.,Tafla,447563,M05BA04,Teva B.V.*,Teva Pharma Iceland ehf.*,2026-04-03,2026-08-07,2026-03-12,resolved,Samheitalyf er á markaði / fáanlegt.,2026-09-23T20:59:58.406870,122416
IS,Iceland,Lyfjastofnun,Nitroglycerin DAK,Glyceryl trinitrate,"0,5 mg",100 stk.,Tungurótartafla,050292,C01DA02,Orifarm Healthcare A/S,Artasan ehf,2026-04-03,2026-04-03,2026-02-20,resolved,Aðrar pakkningastærðir eru á markaði / fáanlegar.,2026-09-23T20:59:58.407453,
IS,Iceland,Lyfjastofnun,Daptomycin hameln,Daptomycinum INN,500 mg,1 stk.,"Stungulyfs-/innrennslisstofn, lausn",446578,J01XX09,hameln pharma GmbH,,2026-04-01,2026-04-15,2026-04-01,resolved,Samheitalyf er á markaði / fáanlegt.,2026-09-23T20:59:58.407984,90883
IS,Iceland,Lyfjastofnun,Daptomycin hameln,Daptomycinum INN,350 mg,1 stk.,"Stungulyfs-/innrennslisstofn, lausn",441036,J01XX09,hameln pharma GmbH,,2026-04-01,2026-04-15,2026-04-01,resolved,Samheitalyf er á markaði / fáanlegt.,2026-09-23T20:59:58.408511,90891
IS,Iceland,Lyfjastofnun,Geepenil Vet.,Benzylpenicillinum INN natríum,24 g,24 g,"Stungulyfsstofn og leysir, lausn",011718,QJ01CE01,Orion Corporation,,2026-04-01,2027-02-15,2026-06-29,shortage,Ekki til lyf með sama ATC númer en sambærilegt lyf í sama flokki er á markaði / fáanlegt. Svipað lyf á markaði er Mamyzin vet. stl 10.000 a.e.,2026-09-23T20:59:58.409040,
IS,Iceland,Lyfjastofnun,Crinone,Progesteronum INN,8 %,6 stk.,Leggangahlaup,000546,G03DA04,Merck AB,Vistor ehf,2026-04-01,2026-05-26,2025-12-30,resolved,Aðrar pakkningastærðir og lyfjaform eru á markaði / fáanlegar.,2026-09-23T20:59:58.409594,101826
IS,Iceland,Lyfjastofnun,Felodipine Alvogen,Felodipinum INN,10 mg,100 stk.,Forðatafla,411061,C08CA02,Alvogen ehf.,,2026-04-01,2026-11-01,2026-08-20,shortage,Undanþágulyf hefur verið útvegað. Lyfið verður tekið af markaði 01.10.2026 .Undanþágulyfið Felodipin er fáanlegt í 2.5 og 5 mg,2026-09-23T20:59:58.410129,30937
IS,Iceland,Lyfjastofnun,Accofil,Filgrastimum INN,"48 milljón ein./0,5 ml","0,5 ml","Stungulyf, lausn í áfylltri sprautu",068532,L03AA02,Accord Healthcare S.L.U.,,2026-04-01,2026-05-29,2026-03-27,resolved,Samheitalyf er á markaði / fáanlegt.,2026-09-23T20:59:58.410656,
IS,Iceland,Lyfjastofnun,Advagraf (Heilsa),Takrólímus,3 mg,50 stk.,Hart forðahylki,517162,L04AD02,Heilsa ehf,,2026-04-01,2026-05-18,2026-03-25,resolved,Samheitalyf er á markaði / fáanlegt.,2026-09-23T20:59:58.411187,96164
IS,Iceland,Lyfjastofnun,Darazíð,"Enalaprilum INN maleat, Hydrochlorothiazide","20+12,5 mg",100 stk.,Tafla,060591,C09BA02,Teva B.V.*,,2026-04-01,2026-06-18,2026-05-19,resolved,Samheitalyf er á markaði / fáanlegt.,2026-09-23T20:59:58.411714,26387
IS,Iceland,Lyfjastofnun,Progesterone Alvogen,Progesteronum INN,100 mg,90 stk.,Mjúkt hylki,519188,G03DA04,Alvogen ehf.,,2026-04-01,2026-07-15,2026-03-10,resolved,Samheitalyf er á markaði / fáanlegt.,2026-09-23T20:59:58.412240,29181
IS,Iceland,Lyfjastofnun,Polivy,Polatuzumabum vedotinum INN,30 mg,30 mg,"Stofn fyrir innrennslisþykkni, lausn",458140,L01FX14,Roche Registration GmbH*,Icepharma hf.*,2026-04-01,2026-04-13,2026-04-01,resolved,"Stuttur skortur á heildsölustigi, ólíklegt að skortur hafi áhrif á lyfjanotendur.",2026-09-23T20:59:58.412783,207195
IS,Iceland,Lyfjastofnun,Addex-Magnesium,Magnesii sulfas,1 mmól/ml,10 ml,"Innrennslisþykkni, lausn",035113,B05XA05,Fresenius Kabi AB,Vistor hf,2026-03-31,2026-04-24,2026-03-17,resolved,Til skoðunar.,2026-09-23T20:59:58.413326,
IS,Iceland,Lyfjastofnun,Zarzio,Filgrastimum INN,"48 milljón ein./0,5 ml","0,5 ml","Stungulyf/innrennslislyf, lausn í áfylltri sprautu",157756,L03AA02,Sandoz GmbH*,Sandoz A/S*,2026-03-31,2026-05-20,2026-04-01,resolved,Samheitalyf er á markaði / fáanlegt.,2026-09-23T20:59:58.413892,146560
IS,Iceland,Lyfjastofnun,Mildison Lipid,Hydrocortisonum INN,10 mg/g,30 g,Krem,489264,D07AA02,Karo Pharma AB*,Alvogen ehf.,2026-03-31,2026-04-10,2026-04-07,resolved,"Stuttur skortur á heildsölustigi, ólíklegt að skortur hafi áhrif á lyfjanotendur.",2026-09-23T20:59:58.414452,10146
IS,Iceland,Lyfjastofnun,Betmiga,Mirabegronum INN,25 mg,30 stk.,Forðatafla,501278,G04BD12,Astellas Pharma Europe B.V.,Vistor hf,2026-03-30,2026-04-14,2026-03-28,resolved,"Stuttur skortur á heildsölustigi, ólíklegt að skortur hafi áhrif á lyfjanotendur.",2026-09-23T20:59:58.415020,112305
IS,Iceland,Lyfjastofnun,Amlodipin Zentiva,Amlodipinum INN besýlat,10 mg,100 stk.,Tafla,380959,C08CA01,Zentiva k.s.*,,2026-03-30,2026-04-01,2026-03-26,resolved,"Stuttur skortur á heildsölustigi, ólíklegt að skortur hafi áhrif á lyfjanotendur.",2026-09-23T20:59:58.415560,123323
IS,Iceland,Lyfjastofnun,Desmopressin Zentiva,"Lactose monohydrate, Desmopressinum INN acetat",60 míkróg,100 stk.,Tungurótartafla,110095,H01BA02,Zentiva k.s.*,,2026-03-30,2026-04-11,2026-03-26,resolved,Aðrar pakkningastærðir eru á markaði / fáanlegar.,2026-09-23T20:59:58.416101,225479
IS,Iceland,Lyfjastofnun,Zyprexa Velotab,Olanzapinum INN,20 mg,28 stk.,Munndreifitafla,000193,N05AH03,"CHEPLAPHARM Registration GmbH,",,2026-03-30,2026-04-21,2026-02-11,resolved,Samheitalyf er á markaði / fáanlegt.,2026-09-23T20:59:58.416642,69612
IS,Iceland,Lyfjastofnun,Tegretol Retard,Carbamazepinum INN,400 mg,100 stk.,Forðatafla,527946,N03AF01,Novartis Healthcare A/S,Vistor hf,2026-03-30,2026-04-20,2026-03-03,resolved,Aðrir styrkleikar eru á markaði / fáanlegir.,2026-09-23T20:59:58.417229,25984
IS,Iceland,Lyfjastofnun,Simvastatin Bluefish,Simvastatinum INN,20 mg,100 stk.,Filmuhúðuð tafla,513195,C10AA01,Bluefish Pharmaceuticals AB,Artasan ehf,2026-03-29,2026-04-07,2026-04-01,resolved,"Stuttur skortur á heildsölustigi, ólíklegt að skortur hafi áhrif á lyfjanotendur.",2026-09-23T20:59:58.417792,67814
IS,Iceland,Lyfjastofnun,Sumatriptan Bluefish,Sumatriptanum INN súkkínat,100 mg,6 stk.,Tafla,151873,N02CC01,Bluefish Pharmaceuticals AB,Artasan ehf,2026-03-28,2026-03-31,2026-02-10,resolved,Samheitalyf er á markaði / fáanlegt.,2026-09-23T20:59:58.418352,32476
IS,Iceland,Lyfjastofnun,Simvastatin Bluefish,Simvastatinum INN,20 mg,100 stk.,Filmuhúðuð tafla,513195,C10AA01,Bluefish Pharmaceuticals AB,Artasan ehf,2026-03-28,2026-03-31,2026-02-14,resolved,"Stuttur skortur á heildsölustigi, ólíklegt að skortur hafi áhrif á lyfjanotendur.",2026-09-23T20:59:58.418908,67814
IS,Iceland,Lyfjastofnun,Dailiport,Tacrolimusum INN mónohýdrat,3 mg,50x1 stk.,Hart forðahylki,571353,L04AD02,Sandoz A/S,,2026-03-27,2026-05-06,2026-03-13,resolved,"Stuttur skortur á heildsölustigi, ólíklegt að skortur hafi áhrif á lyfjanotendur.",2026-09-23T20:59:58.419440,
IS,Iceland,Lyfjastofnun,Emtricitabine/Tenofovir disoproxil Zentiva,"Tenofovirum INN disoproxil fosfat, Emtricitabinum INN",200 mg/245 mg,30 stk.,Filmuhúðuð tafla,585354,J05AR03,Zentiva k.s.*,,2026-03-27,2100-12-31,2026-02-10,shortage,Sérpöntun / útboðslyf.,2026-09-23T20:59:58.419971,146560
IS,Iceland,Lyfjastofnun,Amlodipin Zentiva,Amlodipinum INN besýlat,5 mg,100 stk.,Tafla,495800,C08CA01,Zentiva k.s.*,,2026-03-27,2026-04-11,2026-03-26,resolved,"Stuttur skortur á heildsölustigi, ólíklegt að skortur hafi áhrif á lyfjanotendur.",2026-09-23T20:59:58.420518,123315
IS,Iceland,Lyfjastofnun,Vastaloma,Fulvestrantum INN,250 mg/5 ml,5 ml,"Stungulyf, lausn í áfylltri sprautu",528806,L02BA03,Zentiva k.s.*,,2026-03-27,2026-04-16,2026-03-29,resolved,Til skoðunar.,2026-09-23T20:59:58.421098,74934
IS,Iceland,Lyfjastofnun,Vaniqa,Eflornithinum INN,"11,5 % w/w",30 g,Krem,157869,D11AX16,Almirall S.A.*,Vistor hf,2026-03-27,2026-03-27,2026-03-04,resolved,"Stuttur skortur á heildsölustigi, ólíklegt að skortur hafi áhrif á lyfjanotendur.",2026-09-23T20:59:58.421670,137200
IS,Iceland,Lyfjastofnun,Ondansetron STADA,Ondansetronum INN hýdróklóríð,8 mg,50 stk.,Filmuhúðuð tafla,395781,A04AA01,STADA Arzneimittel AG,,2026-03-27,2026-06-05,2026-03-12,resolved,Aðrar pakkningastærðir eru á markaði / fáanlegar. Auk þess er samheitalyf fáanlegt.,2026-09-23T20:59:58.422215,31518
IS,Iceland,Lyfjastofnun,Advagraf (Lyfjaver),Tacrolimusum INN mónohýdrat,1 mg,50x1 stk.,Hart forðahylki,132554,L04AD02,Lyfjaver ehf.,,2026-03-27,2026-04-28,2026-03-26,resolved,Aðrir styrkleikar eru á markaði / fáanlegir.,2026-09-23T20:59:58.422747,96156
IS,Iceland,Lyfjastofnun,Otezla,Apremilastum INN,10 mg + 20 mg + 30 mg,27 stk.,Filmuhúðuð tafla,477099,L04AA32,Amgen Europe B.V.*,Vistor hf,2026-03-26,2026-04-24,2026-03-27,resolved,Aðrar pakkningastærðir eru á markaði / fáanlegar.,2026-09-23T20:59:58.423299,125709
IS,Iceland,Lyfjastofnun,Niapelf,Paliperidonum INN,50 mg,1 stk.,"Stungulyf, forðadreifa",550499,N05AX13,Neuraxpharm Pharmaceuticals S.L.,Neuraxpharm Sweden AB,2026-03-26,2026-06-15,2026-02-18,resolved,Samheitalyf er á markaði / fáanlegt.,2026-09-23T20:59:58.423851,96962
IS,Iceland,Lyfjastofnun,Niapelf,Paliperidonum INN,100 mg,1 stk.,"Stungulyf, forðadreifa",579754,N05AX13,Neuraxpharm Pharmaceuticals S.L.,Neuraxpharm Sweden AB,2026-03-26,2026-05-15,2026-02-18,resolved,Samheitalyf er á markaði / fáanlegt.,2026-09-23T20:59:58.424396,96989
IS,Iceland,Lyfjastofnun,Deferasirox Accord,Deferasiroxum INN,360 mg,90 x 1 stk.,Filmuhúðuð tafla,089208,V03AC03,Accord Healthcare S.L.U.,,2026-03-26,2026-03-26,2026-03-11,resolved,"Stuttur skortur á heildsölustigi, ólíklegt að skortur hafi áhrif á lyfjanotendur.",2026-09-23T20:59:58.424921,137200
IS,Iceland,Lyfjastofnun,Erleada,Apalutamidum INN,240 mg,28 stk.,Filmuhúðuð tafla,053501,L02BB05,Janssen-Cilag International NV*,Vistor hf,2026-03-26,2026-03-26,2026-02-18,resolved,"Stuttur skortur á heildsölustigi, ólíklegt að skortur hafi áhrif á lyfjanotendur.",2026-09-23T20:59:58.425467,49468
IS,Iceland,Lyfjastofnun,Parkódín,"Paracetamolum INN, Codeine phosphate hemihydrate",500 mg/10 mg,10 stk.,Filmuhúðuð tafla,436044,N02AJ06,Teva B.V.*,Teva Pharma Iceland ehf.*,2026-03-26,2026-04-29,2026-04-01,resolved,"Undanþágulyf hefur verið útvegað. Lyfjastofnun hefur heimilað lyfjafræðingum að breyta ávísun á lyfið í skorti í undanþágulyf, frá heildsölunnni Parlogis, lyfið heitir Co-Codamol vnr 973947 og kemur í 100 stk pakkningum, lyfið er í breskum umbúðum.",2026-09-23T20:59:58.426005,
IS,Iceland,Lyfjastofnun,Marbodin,Memantinum INN hýdróklóríð,10 mg,98 stk.,Filmuhúðuð tafla,193285,N06DX01,STADA Arzneimittel AG,,2026-03-26,2026-06-08,2026-03-17,resolved,Aðrir styrkleikar og/eða samheitalyf eru á markaði / fáanlegir.,2026-09-23T20:59:58.426534,88838
IS,Iceland,Lyfjastofnun,Virofob,Tenofovir disoproxil succinate,245 mg,30 stk.,Filmuhúðuð tafla,470315,J05AF07,Zentiva k.s.*,,2026-03-25,2026-04-16,2026-03-26,resolved,Samheitalyf er á markaði / fáanlegt. Lyfið Viread töflur 245 mg filmuhúðaðar töflur er fáanlegt.,2026-09-23T20:59:58.427054,146633
IS,Iceland,Lyfjastofnun,Nicotinell Mint,Nicotinum INN,1 mg,150 úðaskammtar,"Munnholsúði, lausn",155932,N07BA01,Dr. Reddy's Netherlands B.V.,,2026-03-25,2026-03-25,2026-03-06,resolved,"Stuttur skortur á heildsölustigi, ólíklegt að skortur hafi áhrif á lyfjanotendur.",2026-09-23T20:59:58.427624,
IS,Iceland,Lyfjastofnun,Voltaren Forte,Diclofenacum INN tvíetýlamín,"23,2 mg/g",30 g,Hlaup,523195,M02AA15,Haleon Denmark ApS,Artasan ehf,2026-03-25,2026-03-25,2026-02-20,resolved,Aðrar pakkningastærðir eru á markaði / fáanlegar.,2026-09-23T20:59:58.428175,198668
IS,Iceland,Lyfjastofnun,Toviaz,Fesoterodinum INN fúmarat,4 mg,28 stk.,Forðatafla,116705,G04BD11,Pfizer Europe MA EEIG*,Icepharma hf.*,2026-03-25,2026-05-25,2026-02-20,resolved,Aðrar pakkningastærðir eru á markaði / fáanlegar.,2026-09-23T20:59:58.428724,86258
IS,Iceland,Lyfjastofnun,Xeplion,Paliperidonum INN palmítat,75 mg,75 mg,"Stungulyf, forðadreifa",412581,N05AX13,Janssen-Cilag International NV*,Vistor hf,2026-03-25,2026-03-30,2026-03-09,resolved,Til skoðunar.,2026-09-23T20:59:58.429258,96970
IS,Iceland,Lyfjastofnun,Modifenac,Diclofenacum INN natríum,75 mg,20 stk.,Hart hylki með breyttan losunarhraða,518241,M01AB05,Teva B.V.*,Teva Pharma Iceland ehf.*,2026-03-25,2026-09-18,2026-04-01,resolved,Aðrir styrkleikar og/eða samheitalyf eru á markaði / fáanlegir.,2026-09-23T20:59:58.429803,34142
IS,Iceland,Lyfjastofnun,Doloproct,"Lidocainum INN hýdróklóríð, Fluocortolonum INN pívalat",1 mg/g + 20 mg/g,30 g,Endaþarmskrem,448233,C05AA08,Karo Pharma AB*,,2026-03-25,2026-04-14,2026-03-17,resolved,Ekki til lyf með sama ATC númer en sambærilegt lyf í sama flokki er á markaði / fáanlegt.,2026-09-23T20:59:58.430337,
IS,Iceland,Lyfjastofnun,Nicotinell IceMint,NICOTINE POLACRILEX,4 mg,204 stk.,Lyfjatyggigúmmí,501735,N07BA01,Dr. Reddy's Netherlands B.V.,,2026-03-25,2026-03-25,2026-03-05,resolved,Aðrir styrkleikar eru á markaði / fáanlegir.,2026-09-23T20:59:58.430869,41939
IS,Iceland,Lyfjastofnun,Vaxigrip,"A/Missouri/11/2025 (H1N1)pdm09-like strain (A/Switzerland/6849/2025, IVR-278)), A/Darwin/1454/2025 (H3N2)-like strain (A/Michigan/105/2025, SAN-049A), B/Tokyo/EIS13-175/2025-like strain (B/Tokyo/EIS13-175/2025, wild type)",15 míkróg,"0,5 ml","Stungulyf, dreifa í áfylltri sprautu",135328,J07BB02,Sanofi Winthrop Industrie,,2026-03-24,2100-12-31,2025-11-01,shortage,Sérpöntun / útboðslyf.,2026-09-23T20:59:58.431394,229253
IS,Iceland,Lyfjastofnun,Cleye,Naphazolinum INN hýdróklóríð,"0,12 mg/ml",10 ml,"Augndropar, lausn",169998,S01GA01,Elara Pharmaservices Europe Limited,,2026-03-24,2026-05-29,2026-02-06,resolved,"Stuttur skortur á heildsölustigi, ólíklegt að skortur hafi áhrif á lyfjanotendur.",2026-09-23T20:59:58.431925,
IS,Iceland,Lyfjastofnun,Doxylin,Doxycyclinum INN,100 mg,30 stk.,Tafla,455972,J01AA02,Actavis Group PTC ehf.,Teva Pharma Iceland ehf.*,2026-03-24,2026-05-15,2026-04-01,resolved,"Aðrar pakkningastærðir eru á markaði / fáanlegar. 10 stk pakkning fer líka í skort á næstu dögum, eitthvað er til af Doxycyklin EQL Pharma 100 stk, einnig stefnir í skort á þeirri pakkningu.",2026-09-23T20:59:58.432472,68438
IS,Iceland,Lyfjastofnun,Valpress Comp,"Valsartanum INN, Hydrochlorothiazide","80/12,5 mg",98 stk.,Filmuhúðuð tafla,132372,C09DA03,Teva B.V.*,Teva Pharma Iceland ehf.*,2026-03-24,2026-04-09,2026-04-01,resolved,"Stuttur skortur á heildsölustigi, ólíklegt að skortur hafi áhrif á lyfjanotendur.",2026-09-23T20:59:58.433014,50156
IS,Iceland,Lyfjastofnun,Betmiga,Mirabegronum INN,25 mg,90 stk.,Forðatafla,595198,G04BD12,Astellas Pharma Europe B.V.,Vistor hf,2026-03-24,2026-04-14,2026-03-19,resolved,Samheitalyf er á markaði / fáanlegt.,2026-09-23T20:59:58.433556,
IS,Iceland,Lyfjastofnun,Vildagliptin/Metformin Krka,"Metforminum INN hýdróklóríð, Vildagliptinum INN",50 mg/1000 mg,60 stk.,Filmuhúðuð tafla,594425,A10BD08,Krka d.d. Novo mesto*,,2026-03-24,2026-04-30,2026-01-07,resolved,Aðrir styrkleikar eru á markaði / fáanlegir.,2026-09-23T20:59:58.434097,85952
IS,Iceland,Lyfjastofnun,Nicotinell Mint,Nicotinum INN,1 mg,150 úðaskammtar,"Munnholsúði, lausn",155932,N07BA01,Dr. Reddy's Netherlands B.V.,,2026-03-24,2026-04-20,2026-04-01,resolved,Aðrir styrkleikar og/eða samheitalyf eru á markaði / fáanlegir.,2026-09-23T20:59:58.434640,
IS,Iceland,Lyfjastofnun,Rimactan,Rifampicinum INN,300 mg,100 stk.,Hart hylki,170505,J04AB02,Sandoz GmbH*,,2026-03-23,2027-01-12,2026-02-18,shortage,Undanþágulyf hefur verið útvegað. Heildsalan Distica hefur úvegað undanþágulyf vrn 996216  Rimactan hart hylki 300 mg,2026-09-23T20:59:58.435161,7064
IS,Iceland,Lyfjastofnun,Varivax,"VARICELLA VIRUS OKA/MERCK STRAIN, (LIVE, ATTENUATED) PRODUCED IN HUMAN DIPLOID (MRC-5) CELLS",,3 ml,"Stungulyfsstofn og leysir, dreifa",576856,J07BK01,Merck Sharp & Dohme B.V.*,,2026-03-21,2026-03-21,2026-02-28,resolved,Samheitalyf er á markaði / fáanlegt.,2026-09-23T20:59:58.435678,
IS,Iceland,Lyfjastofnun,Braftovi,Encorafenibum INN,75 mg,42 x 1 stk.,Hart hylki,421014,L01EC03,Pierre Fabre Medicament,,2026-03-19,2026-03-19,2025-12-20,resolved,.,2026-09-23T20:59:58.436200,167258
IS,Iceland,Lyfjastofnun,Advagraf (Lyfjaver),Tacrolimusum INN mónohýdrat,"0,5 mg",50x1 stk.,Hart forðahylki,047611,L04AD02,Lyfjaver ehf.,,2026-03-19,2026-04-14,2026-03-18,resolved,Samheitalyf er á markaði / fáanlegt.,2026-09-23T20:59:58.436730,96148
IS,Iceland,Lyfjastofnun,Opsumit,Macitentanum INN,10 mg,30 stk.,Filmuhúðuð tafla,073276,C02KX04,Janssen-Cilag International NV*,Vistor hf,2026-03-19,2026-04-24,2026-03-20,resolved,Samhliða innflutt lyf er á markaði / fáanlegt.,2026-09-23T20:59:58.437312,115452
IS,Iceland,Lyfjastofnun,Toujeo,Insulinum glarginum INN,300 ein./ml,"1,5 ml","Stungulyf, lausn í áfylltum lyfjapenna",135216,A10AE04,Sanofi-Aventis Deutschland GmbH,Vistor hf,2026-03-19,2026-03-19,2026-03-12,resolved,"Stuttur skortur á heildsölustigi, ólíklegt að skortur hafi áhrif á lyfjanotendur.",2026-09-23T20:59:58.437876,125652
IS,Iceland,Lyfjastofnun,Lonsurf,"Tipiracilum INN hýdróklóríð, Trifluridinum INN","20 mg/8,19 mg",60 stk.,Filmuhúðuð tafla,389330,L01BC59,Les Laboratoires Servier*,Icepharma hf.*,2026-03-19,2026-03-20,2026-03-19,resolved,"Stuttur skortur á heildsölustigi, ólíklegt að skortur hafi áhrif á lyfjanotendur.",2026-09-23T20:59:58.438430,137510
IS,Iceland,Lyfjastofnun,Lonsurf,"Trifluridinum INN, Tipiracilum INN hýdróklóríð","15 mg/6,14 mg",60 stk.,Filmuhúðuð tafla,158698,L01BC59,Les Laboratoires Servier*,Icepharma hf.*,2026-03-19,2026-04-14,2026-04-01,resolved,"Stuttur skortur á heildsölustigi, ólíklegt að skortur hafi áhrif á lyfjanotendur.",2026-09-23T20:59:58.438996,137529
IS,Iceland,Lyfjastofnun,Lonsurf,"Trifluridinum INN, Tipiracilum INN hýdróklóríð","15 mg/6,14 mg",60 stk.,Filmuhúðuð tafla,158698,L01BC59,Les Laboratoires Servier*,Icepharma hf.*,2026-03-19,2026-04-10,2026-04-01,resolved,Aðrar pakkningastærðir eru á markaði / fáanlegar.,2026-09-23T20:59:58.439559,137529
IS,Iceland,Lyfjastofnun,Parkódín forte,"Paracetamolum INN, Codeine phosphate hemihydrate",500 mg/30 mg,100 stk.,Filmuhúðuð tafla,579796,N02AJ06,Teva B.V.*,Teva Pharma Iceland ehf.*,2026-03-19,2026-06-03,2026-02-27,resolved,Aðrar pakkningastærðir eru á markaði / fáanlegar.,2026-09-23T20:59:58.440117,
IS,Iceland,Lyfjastofnun,Octaplex,Blanda,500 a.e.,1 stk.,"Innrennslisstofn og leysir, lausn",064742,B02BD01,Octapharma AB,Vistor hf,2026-03-18,2026-07-19,2026-03-13,resolved,Aðrir styrkleikar eru á markaði / fáanlegir.,2026-09-23T20:59:58.440660,
IS,Iceland,Lyfjastofnun,Pevisone,"Econazolum INN nítrat, Triamcinolonum INN acetóníð",1 mg/g + 10 mg/g,30 g,Krem,441279,D01AC20,Karo Pharma AB*,Alvogen ehf.,2026-03-18,2026-04-14,2026-01-29,resolved,Aðrar pakkningastærðir eru á markaði / fáanlegar.,2026-09-23T20:59:58.441211,
IS,Iceland,Lyfjastofnun,Klexane,Enoxaparinum natricum INN,áfyllt sprauta 100 mg/ml,1 ml,"Stungulyf, lausn",374603,B01AB05,Sanofi-aventis Norge AS,Vistor hf,2026-03-18,2026-03-18,2026-02-26,resolved,"Stuttur skortur á heildsölustigi, ólíklegt að skortur hafi áhrif á lyfjanotendur.",2026-09-23T20:59:58.441756,146668
IS,Iceland,Lyfjastofnun,Mayzent,Siponimodum INN fúmarsýra,2 mg,28 stk.,Filmuhúðuð tafla,414921,L04AE03,Novartis Europharm Limited*,Vistor hf,2026-03-18,2026-03-18,2026-02-16,resolved,"Stuttur skortur á heildsölustigi, ólíklegt að skortur hafi áhrif á lyfjanotendur.",2026-09-23T20:59:58.442296,202029
IS,Iceland,Lyfjastofnun,Thyrogen,Thyrotropinum alfa INN,"0,9 mg","0,9 mg","Stungulyfsstofn, lausn",008370,H01AB01,Sanofi Winthrop Industrie,Vistor hf,2026-03-17,2026-03-17,2026-02-18,resolved,Ekkert sambærilegt lyf er á markaði / fáanlegt.,2026-09-23T20:59:58.442839,
IS,Iceland,Lyfjastofnun,Toujeo,Insulinum glarginum INN,300 ein./ml,3 ml,"Stungulyf, lausn í áfylltum lyfjapenna",447357,A10AE04,Sanofi-Aventis Deutschland GmbH,Vistor hf,2026-03-17,2026-03-17,2026-03-12,resolved,"Stuttur skortur á heildsölustigi, ólíklegt að skortur hafi áhrif á lyfjanotendur.",2026-09-23T20:59:58.443424,197521
IS,Iceland,Lyfjastofnun,CYSTADROPS,Mercaptaminum INN bítartrat,"3,8 mg/ml",5 ml,"Augndropar, lausn",161981,S01XA21,Recordati Rare Diseases*,Recordati AB*,2026-03-17,2026-03-17,2026-03-04,resolved,"Stuttur skortur á heildsölustigi, ólíklegt að skortur hafi áhrif á lyfjanotendur.",2026-09-23T20:59:58.444006,220965
IS,Iceland,Lyfjastofnun,Dupixent,Dupilumabum INN,300 mg,2 ml,"Stungulyf, lausn í áfylltri sprautu",132633,D11AH05,Sanofi Winthrop Industrie,Vistor hf,2026-03-17,2026-03-17,2026-03-12,resolved,"Stuttur skortur á heildsölustigi, ólíklegt að skortur hafi áhrif á lyfjanotendur.",2026-09-23T20:59:58.444582,59056
IS,Iceland,Lyfjastofnun,Azithromycin STADA,Azithromycinum INN mónóhýdrat,500 mg,2 stk.,Filmuhúðuð tafla,184248,J01FA10,STADA Arzneimittel AG,,2026-03-17,2026-04-15,2026-03-12,resolved,Aðrar pakkningastærðir eru á markaði / fáanlegar. Auk þess er samheitalyf fáanlegt líka,2026-09-23T20:59:58.445128,141011
IS,Iceland,Lyfjastofnun,Ríson,Risperidonum INN,2 mg,60 stk.,Filmuhúðuð tafla,001965,N05AX08,Teva B.V.*,Teva Pharma Iceland ehf.*,2026-03-16,2026-04-10,2026-02-27,resolved,Samheitalyf er á markaði / fáanlegt.,2026-09-23T20:59:58.445680,37729
IS,Iceland,Lyfjastofnun,Junod,Denosumabum INN,60 mg,1 ml,"Stungulyf, lausn í áfylltri sprautu",098322,M05BX04,Gedeon Richter Plc.*,,2026-03-16,2026-03-26,2026-02-28,resolved,"Stuttur skortur á heildsölustigi, ólíklegt að skortur hafi áhrif á lyfjanotendur.",2026-09-23T20:59:58.446211,96261
IS,Iceland,Lyfjastofnun,Betmiga,Mirabegronum INN,50 mg,30 stk.,Forðatafla,093284,G04BD12,Astellas Pharma Europe B.V.,Vistor hf,2026-03-16,2026-04-14,2026-03-13,resolved,Aðrar pakkningastærðir eru á markaði / fáanlegar.,2026-09-23T20:59:58.446767,112305
IS,Iceland,Lyfjastofnun,Parkódín,"Paracetamolum INN, Codeine phosphate hemihydrate",500 mg/10 mg,30 stk.,Filmuhúðuð tafla,577021,N02AJ06,Teva B.V.*,Teva Pharma Iceland ehf.*,2026-03-16,2026-04-29,2026-02-27,resolved,Undanþágulyf hefur verið útvegað. Undanþágulyfið Co-codamol 500/8 mg hefur verið útvegað,2026-09-23T20:59:58.447348,
IS,Iceland,Lyfjastofnun,Duraphat,Sodium fluoride,5 mg/g,51 g,Tannpasta,066422,A01AA01,Colgate-Palmolive A/S,Icepharma hf,2026-03-16,2026-03-20,2026-02-18,resolved,"Stuttur skortur á heildsölustigi, ólíklegt að skortur hafi áhrif á lyfjanotendur.",2026-09-23T20:59:58.447906,150266
IS,Iceland,Lyfjastofnun,Amgevita,Adalimumabum INN,40 mg,"0,4 ml","Stungulyf, lausn í áfylltum lyfjapenna",405616,L04AB04,Amgen Europe B.V.*,Vistor hf,2026-03-16,2026-03-23,2026-03-17,resolved,Líftæknilyfjahliðstæða er á markaði / fáanleg.,2026-09-23T20:59:58.448453,129771
IS,Iceland,Lyfjastofnun,Ziextenzo,Pegfilgrastimum INN,6 mg,"0,6 ml","Stungulyf, lausn í áfylltri sprautu",394719,L03AA13,Sandoz GmbH*,,2026-03-16,2026-05-06,2026-03-17,resolved,Líftæknilyfjahliðstæða er á markaði / fáanleg.,2026-09-23T20:59:58.448985,68756
IS,Iceland,Lyfjastofnun,Halaven,Eribulinum INN mesýlat,"0,44 mg/ml",2 ml,"Stungulyf, lausn",029429,L01XX41,Eisai GmbH,Eisai AB,2026-03-16,2026-03-16,2026-03-06,resolved,Ekkert sambærilegt lyf er á markaði / fáanlegt.,2026-09-23T20:59:58.449534,143545
IS,Iceland,Lyfjastofnun,Xylocain Dental adrenalin,"Adrenalinum bítartrat (Epinephrinum INN bítartrat), Lidocainum INN hýdróklóríð","20 mg/ml+12,5 míkróg/ ml",1.8 ml,"Stungulyf, lausn",009911,N01BB52,DENTSPLY DeTrey GmbH*,Vistor hf,2026-03-16,2026-04-24,2026-03-10,resolved,Önnur lyfjaform eru á markaði / fáanleg.,2026-09-23T20:59:58.450086,82899
IS,Iceland,Lyfjastofnun,Sugammadex hameln,Sugammadex sodium,100 mg/ml,5 ml,"Stungulyf, lausn",533367,V03AB35,hameln pharma gmbh,,2026-03-16,2026-04-07,2026-03-16,resolved,Samheitalyf er á markaði / fáanlegt. Lyfið Bridion 100 mg/ml stungulyf 5 ml er fáanlegt,2026-09-23T20:59:58.450633,87297
IS,Iceland,Lyfjastofnun,Docetaxel Accord,Docetaxelum INN,160 mg/8 ml,8 ml,"Innrennslisþykkni, lausn",579184,L01CD02,Accord Healthcare S.L.U.,,2026-03-15,2026-03-22,2026-01-23,resolved,Ekkert sambærilegt lyf er á markaði / fáanlegt.,2026-09-23T20:59:58.451165,94234
IS,Iceland,Lyfjastofnun,Nystatin Orifarm,Nystatinum INN,100.000 a.e./ml,100 ml,"Mixtúra, dreifa",424761,A07AA02,Orifarm Generics A/S,,2026-03-15,2026-07-07,2026-02-24,resolved,Ekkert sambærilegt lyf er á markaði / fáanlegt.,2026-09-23T20:59:58.451699,6629
IS,Iceland,Lyfjastofnun,Votrient,Pazopanibum INN hýdróklóríð,400 mg,60 stk.,Filmuhúðuð tafla,093083,L01EX03,Novartis Europharm Limited*,Vistor hf,2026-03-14,2026-03-14,2026-03-06,resolved,Ekkert sambærilegt lyf er á markaði / fáanlegt.,2026-09-23T20:59:58.452247,95273
IS,Iceland,Lyfjastofnun,Vedrop,Tocofersolanum INN,50 mg/ml,60 ml,"Mixtúra, lausn",124141,A11HA08,Recordati Rare Diseases*,Recordati AB*,2026-03-13,2026-03-13,2026-02-16,resolved,"Stuttur skortur á heildsölustigi, ólíklegt að skortur hafi áhrif á lyfjanotendur.",2026-09-23T20:59:58.452799,93270
IS,Iceland,Lyfjastofnun,Flutiform,"Fluticasonum INN própíónat, Formoterolum INN fúmarat",50 míkróg/5 míkróg,120 skammtar,"Innúðalyf, dreifa",104856,R03AK11,Mundipharma A/S,Icepharma hf.*,2026-03-12,2026-03-20,2026-02-09,resolved,Aðrir styrkleikar eru á markaði / fáanlegir.,2026-09-23T20:59:58.453347,102547
IS,Iceland,Lyfjastofnun,Oxis Turbuhaler,Formoterolum INN fúmarat,"4,5 míkróg/skammt",60 skammtar,Innöndunarduft,055968,R03AC13,AstraZeneca A/S,Vistor hf,2026-03-12,2026-03-12,2026-01-27,resolved,Aðrir styrkleikar eru á markaði / fáanlegir.,2026-09-23T20:59:58.453886,
IS,Iceland,Lyfjastofnun,Hydroxyurea medac,Hydroxycarbamidum INN,500 mg,100 stk.,Hart hylki,464545,L01XX05,medac Gesellschaft für klinische Spezialpräparate GmbH,,2026-03-12,2026-03-12,2026-02-21,resolved,"Stuttur skortur á heildsölustigi, ólíklegt að skortur hafi áhrif á lyfjanotendur.",2026-09-23T20:59:58.454418,24856
IS,Iceland,Lyfjastofnun,Nicorette Invisi,Nicotinum INN,15 mg/16 klst.,14 stk.,Forðaplástur,065729,N07BA01,McNeil Denmark ApS,Vistor hf,2026-03-12,2026-03-12,2026-01-26,resolved,Aðrar pakkningastærðir eru á markaði / fáanlegar.,2026-09-23T20:59:58.454964,
IS,Iceland,Lyfjastofnun,Ceftriaxona Normon,Ceftriaxonum INN dínatríum,1000 mg,1 stk.,"Stungulyfs-/innrennslisstofn og leysir, lausn",592068,J01DD04,"Laboratorios Normon, S.A.",,2026-03-11,2026-04-30,2026-03-11,resolved,Aðrar pakkningastærðir eru á markaði / fáanlegar.,2026-09-23T20:59:58.455507,69884
IS,Iceland,Lyfjastofnun,Zonnic Pepparmint,Nicotinum INN,1 mg/úða,200 skammtar,"Munnholsúði, lausn",151207,N07BA01,Niconovum AB,,2026-03-11,2026-09-30,2026-01-30,shortage,Samheitalyf er á markaði / fáanlegt.,2026-09-23T20:59:58.456056,105511
IS,Iceland,Lyfjastofnun,Signifor,Pasireotidum INN pamoat,40 mg,40 mg,"Stungulyfsstofn og leysir, dreifa",376100,H01CB05,Recordati Rare Diseases*,Recordati AB*,2026-03-11,2026-03-11,2026-03-04,resolved,"Stuttur skortur á heildsölustigi, ólíklegt að skortur hafi áhrif á lyfjanotendur.",2026-09-23T20:59:58.456603,126055
IS,Iceland,Lyfjastofnun,Twinrix Paediatric,"Hepatitis B veira, Hepatitis A veira (dauð)",,"0,5 ml","Stungulyf, dreifa í áfylltri sprautu",143511,J07BC20,GlaxoSmithKline Biologicals S.A.*,Vistor hf,2026-03-11,2026-06-05,2025-12-10,resolved,Undanþágulyf hefur verið útvegað. Heildsalan Parlogis er búin að útvega undanþágulyf sem er á leið til landsins.,2026-09-23T20:59:58.457163,
IS,Iceland,Lyfjastofnun,Terbinafin Actavis,Terbinafinum INN hýdróklóríð,250 mg,98 stk.,Tafla,189567,D01BA02,Actavis Group PTC ehf.,Teva Pharma Iceland ehf.*,2026-03-11,2026-03-31,2026-02-06,resolved,Aðrar pakkningastærðir eru á markaði / fáanlegar.,2026-09-23T20:59:58.457731,34010
IS,Iceland,Lyfjastofnun,Duodopa,"Levodopum INN, Carbidopum INN",20 mg/ml + 5 mg/ml,100 ml,Hlaup,095314,N04BA02,AbbVie A/S,Vistor hf,2026-03-11,2026-03-11,2026-02-18,resolved,"Stuttur skortur á heildsölustigi, ólíklegt að skortur hafi áhrif á lyfjanotendur.",2026-09-23T20:59:58.458283,87165
IS,Iceland,Lyfjastofnun,Esopram,Escitalopram oxalate,10 mg,100 stk.,Filmuhúðuð tafla,048122,N06AB10,Teva B.V.*,Teva Pharma Iceland ehf.*,2026-03-11,2026-03-19,2026-02-27,resolved,"Stuttur skortur á heildsölustigi, ólíklegt að skortur hafi áhrif á lyfjanotendur.",2026-09-23T20:59:58.458828,74969
IS,Iceland,Lyfjastofnun,Epirubicin Actavis,Epirubicinum INN hýdróklóríð,2 mg/ml,25 ml,"Stungulyf, lausn",096703,L01DB03,Actavis Group PTC ehf.,Teva Pharma Iceland ehf.*,2026-03-11,2026-03-19,2026-03-12,resolved,"Stuttur skortur á heildsölustigi, ólíklegt að skortur hafi áhrif á lyfjanotendur.",2026-09-23T20:59:58.459386,82260
IS,Iceland,Lyfjastofnun,Parkódín,"Paracetamolum INN, Codeine phosphate hemihydrate",500 mg/10 mg,100 stk.,Filmuhúðuð tafla,532984,N02AJ06,Teva B.V.*,Teva Pharma Iceland ehf.*,2026-03-11,2026-04-30,2026-02-27,resolved,Aðrar pakkningastærðir eru á markaði / fáanlegar. Undanþágulyfið Co-codamol 500/8 mg hefur verið útvegað,2026-09-23T20:59:58.459928,
IS,Iceland,Lyfjastofnun,Bufomix Easyhaler,"Budesonidum INN, Formoterolum INN fúmarat",320 míkróg/9 míkróg/skammt,60 skammtar,Innöndunarduft,485549,R03AK07,Orion Corporation,Vistor hf,2026-03-11,2026-03-11,2026-02-24,resolved,Aðrar pakkningastærðir eru á markaði / fáanlegar.,2026-09-23T20:59:58.460471,131172
IS,Iceland,Lyfjastofnun,Jakavi,Ruxolitinibum INN fosfat,15 mg,56 stk.,Tafla,553720,L01EJ01,Novartis Europharm Limited*,Vistor hf,2026-03-11,2026-03-11,2026-02-25,resolved,Aðrir styrkleikar eru á markaði / fáanlegir.,2026-09-23T20:59:58.461024,108472
IS,Iceland,Lyfjastofnun,Jakavi,Ruxolitinibum INN fosfat,20 mg,56 stk.,Tafla,461113,L01EJ01,Novartis Europharm Limited*,Vistor hf,2026-03-11,2026-03-11,2026-02-07,resolved,"Stuttur skortur á heildsölustigi, ólíklegt að skortur hafi áhrif á lyfjanotendur.",2026-09-23T20:59:58.461591,44466
IS,Iceland,Lyfjastofnun,Ofev,Nintedanibum INN,100 mg,60 x 1 stk.,Mjúkt hylki,197927,L01EX09,Boehringer Ingelheim International GmbH*,Vistor hf,2026-03-11,2026-03-11,2026-02-21,resolved,"Stuttur skortur á heildsölustigi, ólíklegt að skortur hafi áhrif á lyfjanotendur.",2026-09-23T20:59:58.462153,127310
IS,Iceland,Lyfjastofnun,Fosrenol,Lanthanum karbónat,500 mg,90 stk.,Tuggutafla,023066,V03AE03,Takeda Pharmaceuticals International AG Ireland Branch,Vistor hf,2026-03-11,2026-03-11,2026-02-05,resolved,Aðrir styrkleikar eru á markaði / fáanlegir.,2026-09-23T20:59:58.462704,80136
IS,Iceland,Lyfjastofnun,Enalapril Krka,Enalaprilum INN maleat,5 mg,250 stk.,Tafla,514090,C09AA02,KRKA d.d. Novo mesto,LYFIS ehf.*,2026-03-11,2026-10-02,2026-01-07,shortage,Aðrir styrkleikar og pakkningastærðir eru á markaði / fáanlegir.,2026-09-23T20:59:58.463271,23698
IS,Iceland,Lyfjastofnun,Atenolol Viatris,Atenololum INN,50 mg,250 stk.,Filmuhúðuð tafla,196022,C07AB03,Viatris Limited,Icepharma hf,2026-03-11,2026-05-18,2026-02-19,resolved,Aðrar pakkningastærðir eru á markaði / fáanlegar.,2026-09-23T20:59:58.463829,15822
IS,Iceland,Lyfjastofnun,Dupixent,Dupilumabum INN,300 mg,2 ml,"Stungulyf, lausn í áfylltum lyfjapenna",582151,D11AH05,Sanofi Winthrop Industrie,Vistor hf,2026-03-10,2026-03-10,2026-02-26,resolved,"Stuttur skortur á heildsölustigi, ólíklegt að skortur hafi áhrif á lyfjanotendur.",2026-09-23T20:59:58.464381,201529
IS,Iceland,Lyfjastofnun,Stilnoct,Zolpidemum INN tartrat,10 mg,28 stk.,Filmuhúðuð tafla,061147,N05CF02,Sanofi-aventis Norge AS,Vistor hf,2026-03-10,2026-03-10,2026-02-25,resolved,Ekki til lyf með sama ATC númer en sambærilegt lyf í sama flokki er á markaði / fáanlegt.,2026-09-23T20:59:58.464932,195995
IS,Iceland,Lyfjastofnun,Azithromycin STADA,Azithromycinum INN mónóhýdrat,500 mg,3 stk.,Filmuhúðuð tafla,088545,J01FA10,STADA Arzneimittel AG,,2026-03-10,2026-03-16,2026-03-09,resolved,"Stuttur skortur á heildsölustigi, ólíklegt að skortur hafi áhrif á lyfjanotendur.",2026-09-23T20:59:58.465464,115002
IS,Iceland,Lyfjastofnun,Aimovig,Erenumabum INN,140 mg,1 ml,"Stungulyf, lausn í áfylltum lyfjapenna",189312,N02CD01,Novartis Europharm Limited*,Vistor hf,2026-03-10,2026-03-20,2026-01-16,resolved,"Aðrir styrkleikar og/eða samheitalyf eru á markaði / fáanlegir. Aimovig 70 mg stungulyf, lausn í áfylltum lyfjapenna er fáanlegt hjá heildsölu.",2026-09-23T20:59:58.466010,209333
IS,Iceland,Lyfjastofnun,Zyprexa,Olanzapinum INN,5 mg,28 stk.,Húðuð tafla,128058,N05AH03,"CHEPLAPHARM Registration GmbH,",,2026-03-10,2026-04-21,2026-03-12,resolved,Samheitalyf er á markaði / fáanlegt.,2026-09-23T20:59:58.466538,45543
IS,Iceland,Lyfjastofnun,Beyfortus,Nirsevimabum INN,50 mg,"0,5 ml","Stungulyf, lausn í áfylltri sprautu",384991,J06BD08,Sanofi Winthrop Industrie,Vistor hf,2026-03-10,2026-10-20,2026-02-23,shortage,"Um er að ræða lyf sem er að jafnaði ekki til á lager, en heildsala mun panta það ef þörf er á.",2026-09-23T20:59:58.467086,233005
IS,Iceland,Lyfjastofnun,Pentasa Sachet,Mesalazinum INN,2 g,60 stk.,Forðakyrni,021625,A07EC02,Ferring Lægemidler A/S,Vistor hf,2026-03-09,2026-05-15,2026-03-04,resolved,Aðrir styrkleikar og lyfjaform eru á markaði / fáanlegir.,2026-09-23T20:59:58.467666,24856
IS,Iceland,Lyfjastofnun,Modifenac,Diclofenacum INN natríum,75 mg,100 stk.,Hart hylki með breyttan losunarhraða,518258,M01AB05,Teva B.V.*,Teva Pharma Iceland ehf.*,2026-03-09,2026-09-18,2026-02-27,resolved,Aðrar pakkningastærðir og lyfjaform eru á markaði / fáanlegar.,2026-09-23T20:59:58.468223,
IS,Iceland,Lyfjastofnun,Avonex,Interferonum beta-1a INN,30 míkróg/ 0.5 ml,"0,5 ml","Stungulyf, lausn",412547,L03AB07,Biogen Netherlands B.V.,Icepharma hf.*,2026-03-09,2026-04-15,2026-03-09,resolved,Til skoðunar.,2026-09-23T20:59:58.468767,24856
IS,Iceland,Lyfjastofnun,Buvidal,Buprenorphinum INN,32 mg,"0,64 ml","Stungulyf, forðalausn",384837,N07BC01,Camurus AB,,2026-03-07,2026-03-07,2026-02-21,resolved,"Stuttur skortur á heildsölustigi, ólíklegt að skortur hafi áhrif á lyfjanotendur.",2026-09-23T20:59:58.469292,
IS,Iceland,Lyfjastofnun,Cystadane,Betainum anhydricum,1 g,180 g,Duft til inntöku,108697,A16AA06,Recordati Rare Diseases*,Recordati AB*,2026-03-07,2026-03-07,2026-02-28,resolved,"Stuttur skortur á heildsölustigi, ólíklegt að skortur hafi áhrif á lyfjanotendur.",2026-09-23T20:59:58.469831,130583
IS,Iceland,Lyfjastofnun,Tezspire,Tezepelumabum INN,210 mg,"1,91 ml","Stungulyf, lausn í áfylltum lyfjapenna",377751,R03DX11,AstraZeneca AB*,Vistor hf,2026-03-07,2026-03-23,2026-02-19,resolved,Önnur lyfjaform eru á markaði / fáanleg.,2026-09-23T20:59:58.470376,221775
IS,Iceland,Lyfjastofnun,Soluprick Negativ kontrol,Water for injection,,2 ml,"Húðstungupróf, lausn",024603,V04CL,ALK-Abelló A/S,Vistor hf,2026-03-06,2026-03-06,2026-02-06,resolved,"Stuttur skortur á heildsölustigi, ólíklegt að skortur hafi áhrif á lyfjanotendur.",2026-09-23T20:59:58.470933,
IS,Iceland,Lyfjastofnun,Vistabel,Botulinum Toxin Type A,"4 Allergan-einingar/0,1 ml",50 ein.,"Stungulyfsstofn, lausn",022250,M03AX01,AbbVie A/S,Vistor hf,2026-03-06,2026-03-06,2026-02-02,resolved,Aðrir styrkleikar eru á markaði / fáanlegir.,2026-09-23T20:59:58.471479,95818
IS,Iceland,Lyfjastofnun,Natriumklorid Fresenius Kabi,Sodium chloride,9 mg/ml,100 ml,"Innrennslislyf, lausn",048028,B05BB01,Fresenius Kabi AB,Vistor hf,2026-03-06,2026-04-01,2026-03-07,resolved,Aðrar pakkningastærðir eru á markaði / fáanlegar.,2026-09-23T20:59:58.472023,24856
IS,Iceland,Lyfjastofnun,Galafold,Migalastatum hýdróklóríð,123 mg,14 stk.,Hart hylki,434967,A16AX14,Amicus Therapeutics Europe Limited*,,2026-03-06,2026-03-06,2026-02-17,resolved,"Stuttur skortur á heildsölustigi, ólíklegt að skortur hafi áhrif á lyfjanotendur.",2026-09-23T20:59:58.472551,
IS,Iceland,Lyfjastofnun,Tagrisso,Osimertinibum INN mesylat,80 mg,30x1 stk.,Filmuhúðuð tafla,456795,L01EB04,AstraZeneca AB*,Vistor hf,2026-03-06,2026-03-06,2026-02-27,resolved,Aðrir styrkleikar eru á markaði / fáanlegir.,2026-09-23T20:59:58.473093,130583
IS,Iceland,Lyfjastofnun,Tafil,Alprazolamum INN,"0,5 mg",100 stk.,Tafla,073874,N05BA12,Upjohn EESV,Icepharma hf.*,2026-03-06,2026-04-08,2026-01-09,resolved,Samheitalyf er á markaði / fáanlegt.,2026-09-23T20:59:58.473634,201677
IS,Iceland,Lyfjastofnun,Imdur,Isosorbidi mononitras INN,60 mg,98 stk.,Forðatafla,102871,C01DA14,TopRidge Pharma (Ireland) Limited,Navamedic AB,2026-03-06,2026-04-06,2026-02-08,resolved,Aðrir styrkleikar eru á markaði / fáanlegir.,2026-09-23T20:59:58.474171,27030
IS,Iceland,Lyfjastofnun,Natriumklorid Fresenius Kabi,Sodium chloride,9 mg/ml,100 ml,"Innrennslislyf, lausn",048028,B05BB01,Fresenius Kabi AB,Vistor hf,2026-03-06,2026-06-27,2026-04-09,resolved,Aðrar pakkningastærðir eru á markaði / fáanlegar.,2026-09-23T20:59:58.474711,24856
IS,Iceland,Lyfjastofnun,Exelon (Heilsa),Rivastigminum INN,"4,6 mg/24 klst.",30 stk.,Forðaplástur,503757,N06DA03,Heilsa ehf,,2026-03-06,2026-03-20,2026-02-27,resolved,Samheitalyf er á markaði / fáanlegt.,2026-09-23T20:59:58.475241,
IS,Iceland,Lyfjastofnun,Dermovat,Clobetasolum INN própíónat,"0,5 mg/g",30 g,Smyrsli,380621,D07AD01,GlaxoSmithKline Pharma A/S,Vistor hf,2026-03-05,2026-04-06,2026-02-17,resolved,Önnur lyfjaform eru á markaði / fáanleg.,2026-09-23T20:59:58.475779,4855
IS,Iceland,Lyfjastofnun,Methylphenidate Teva,Methylphenidatum INN hýdróklóríð,20 mg,30 stk.,Hart hylki með breyttan losunarhraða,095682,N06BA04,Teva B.V.*,Teva Pharma Iceland ehf.*,2026-03-05,2026-04-16,2026-01-09,resolved,Samheitalyf er á markaði / fáanlegt.,2026-09-23T20:59:58.476321,82236
IS,Iceland,Lyfjastofnun,Quetiapin Krka,Quetiapinum INN fúmarat,150 mg,100 stk.,Forðatafla,514105,N05AH04,KRKA d.d. Novo mesto,,2026-03-05,2026-03-05,2026-02-19,resolved,Sérpöntun / útboðslyf.,2026-09-23T20:59:58.476847,
IS,Iceland,Lyfjastofnun,Lacosamide Krka,Lacosamidum INN,50 mg,56 stk.,Filmuhúðuð tafla,591497,N03AX18,"Krka, d.d., Novo mesto",,2026-03-05,2026-03-05,2026-02-19,resolved,Samheitalyf er á markaði / fáanlegt.,2026-09-23T20:59:58.477430,89036
IS,Iceland,Lyfjastofnun,Enalapril Krka,Enalaprilum INN maleat,10 mg,250 stk.,Tafla,373234,C09AA02,KRKA d.d. Novo mesto,LYFIS ehf.*,2026-03-05,2026-10-02,2026-02-16,shortage,Samheitalyf er á markaði / fáanlegt.,2026-09-23T20:59:58.477983,21083
IS,Iceland,Lyfjastofnun,Buvidal,Buprenorphinum INN,16 mg,"0,32 ml","Stungulyf, forðalausn",459423,N07BC01,Camurus AB,,2026-03-04,2026-03-04,2026-02-16,resolved,"Stuttur skortur á heildsölustigi, ólíklegt að skortur hafi áhrif á lyfjanotendur.",2026-09-23T20:59:58.478502,
IS,Iceland,Lyfjastofnun,Nicotinell Mint,Nicotinum bítartrat,2 mg,144 stk.,Munnsogstafla,128129,N07BA01,Dr. Reddy's Netherlands B.V.,Artasan ehf,2026-03-04,2026-03-25,2026-02-25,resolved,Aðrar pakkningastærðir og lyfjaform eru á markaði / fáanlegar.,2026-09-23T20:59:58.479046,125490
IS,Iceland,Lyfjastofnun,Contalgin,Morphini sulfas,30 mg,100 stk.,Forðatafla,466219,N02AA01,Mundipharma A/S,Icepharma hf.*,2026-03-04,2026-08-11,2026-03-04,resolved,"Undanþágulyf hefur verið útvegað. Heildsalan Parlogis hefur útvegað undanþágulyfið Contalgin 30 mg 100 stk., vrn. 992128",2026-09-23T20:59:58.479584,23426
IS,Iceland,Lyfjastofnun,Calquence,Acalabrutinibum INN,100 mg,60 stk.,Filmuhúðuð tafla,099916,L01EL02,AstraZeneca AB*,Vistor hf,2026-03-04,2026-03-04,2026-02-05,resolved,"Stuttur skortur á heildsölustigi, ólíklegt að skortur hafi áhrif á lyfjanotendur.",2026-09-23T20:59:58.480124,222267
IS,Iceland,Lyfjastofnun,Sertralin Bluefish,Sertralinum INN hýdróklóríð,100 mg,100 stk.,Filmuhúðuð tafla,034796,N06AB06,Bluefish Pharmaceuticals AB,Artasan ehf,2026-03-04,2026-03-31,2026-02-21,resolved,Aðrir styrkleikar og/eða samheitalyf eru á markaði / fáanlegir.,2026-09-23T20:59:58.480669,39411
IS,Iceland,Lyfjastofnun,Ondansetron Bluefish,Ondansetronum INN hýdróklóríð,8 mg,15 stk.,Filmuhúðuð tafla,571158,A04AA01,Bluefish Pharmaceuticals AB,Artasan ehf,2026-03-03,2026-04-29,2026-02-25,resolved,Aðrar pakkningastærðir eru á markaði / fáanlegar.,2026-09-23T20:59:58.481209,31518
IS,Iceland,Lyfjastofnun,Octaplex,Blanda,1000 a.e.,1 stk.,"Innrennslisstofn og leysir, lausn",399482,B02BD01,Octapharma AB,Vistor hf,2026-03-03,2026-03-02,2026-02-25,resolved,"Stuttur skortur á heildsölustigi, ólíklegt að skortur hafi áhrif á lyfjanotendur.",2026-09-23T20:59:58.481756,130524
IS,Iceland,Lyfjastofnun,Xeplion,Paliperidonum INN palmítat,150 mg,150 mg,"Stungulyf, forðadreifa",536460,N05AX13,Janssen-Cilag International NV*,Vistor hf,2026-03-03,2026-03-03,2026-02-13,resolved,"Stuttur skortur á heildsölustigi, ólíklegt að skortur hafi áhrif á lyfjanotendur.",2026-09-23T20:59:58.482304,96997
IS,Iceland,Lyfjastofnun,Caverject Dual,Alprostadilum INN,10 míkróg,"0,5 ml","Stungulyfsstofn og leysir, lausn",000784,G04BE01,Pfizer ApS,Icepharma hf.*,2026-03-03,2026-03-25,2026-03-03,resolved,Undanþágulyf hefur verið útvegað. Heildsalan Distica hefur útvegað undanþágulyfið Viridal sts 10 mcg/lykja 6 lykjur í pakka vnr 969724,2026-09-23T20:59:58.482843,
IS,Iceland,Lyfjastofnun,Dymista,"Azelastinum INN hýdróklóríð, Fluticasonum INN própíónat",137 míkróg / 50 míkróg/skammt,25 ml,"Nefúði, dreifa",534942,R01AD58,Viatris ApS,Icepharma hf.*,2026-03-03,2026-03-19,2026-03-03,resolved,"Til skoðunar. Lyfið er til á knappfyrningalager, fyrning í lok maí 2026",2026-09-23T20:59:58.483389,87173
IS,Iceland,Lyfjastofnun,Methylphenidate Sandoz,Methylphenidatum INN hýdróklóríð,36 mg,30 stk.,Forðatafla,043965,N06BA04,Sandoz A/S*,,2026-03-03,2026-03-17,2026-02-07,resolved,"Stuttur skortur á heildsölustigi, ólíklegt að skortur hafi áhrif á lyfjanotendur.",2026-09-23T20:59:58.483922,68012
IS,Iceland,Lyfjastofnun,Zadenvi,Denosumabum INN,60 mg,1 ml,"Stungulyf, lausn í áfylltri sprautu",035346,M05BX04,Zentiva k.s.*,,2026-03-02,2026-03-18,2026-03-02,resolved,Samheitalyf er á markaði / fáanlegt.,2026-09-23T20:59:58.484446,96261
IS,Iceland,Lyfjastofnun,Polivy,Polatuzumabum vedotinum INN,30 mg,30 mg,"Stofn fyrir innrennslisþykkni, lausn",458140,L01FX14,Roche Registration GmbH*,Icepharma hf.*,2026-03-02,2026-03-02,2026-03-02,resolved,Aðrir styrkleikar eru á markaði / fáanlegir.,2026-09-23T20:59:58.484984,207195
IS,Iceland,Lyfjastofnun,Metoprolol Alvogen,Metoprololum INN tartrat,100 mg,100 stk.,Tafla,156925,C07AB02,Alvogen ehf.,,2026-03-02,2026-11-01,2026-01-02,shortage,Aðrir styrkleikar eru á markaði / fáanlegir. Lyfið kemur ekki aftur í þessum styrkleika - lyfið er fáanlegt sem 50 mg töflur,2026-09-23T20:59:58.485512,7226
IS,Iceland,Lyfjastofnun,Eplerenone Alvogen,Eplerenonum INN,25 mg,30 stk.,Filmuhúðuð tafla,579932,C03DA04,Alvogen ehf.,,2026-03-02,2026-03-13,2026-01-29,resolved,"Stuttur skortur á heildsölustigi, ólíklegt að skortur hafi áhrif á lyfjanotendur.",2026-09-23T20:59:58.486053,73431
IS,Iceland,Lyfjastofnun,Voriconazole Accord,Voriconazolum INN,200 mg,30 stk.,Filmuhúðuð tafla,495637,J02AC03,Accord Healthcare S.L.U.,,2026-03-02,2026-03-03,2026-02-17,resolved,Aðrar pakkningastærðir eru á markaði / fáanlegar.,2026-09-23T20:59:58.486586,63614
IS,Iceland,Lyfjastofnun,Niapelf,Paliperidonum INN,75 mg,1 stk.,"Stungulyf, forðadreifa",451383,N05AX13,Neuraxpharm Pharmaceuticals S.L.,Neuraxpharm Sweden AB,2026-03-02,2026-06-15,2026-02-18,resolved,Samheitalyf er á markaði / fáanlegt.,2026-09-23T20:59:58.487143,96970
IS,Iceland,Lyfjastofnun,Ventoline,Salbutamolum INN súlfat,1 mg/ml,2.5 ml,Lausn í eimgjafa,085407,R03AC02,GlaxoSmithKline Pharma A/S,Vistor hf,2026-03-02,2026-03-02,2026-02-19,resolved,"Stuttur skortur á heildsölustigi, ólíklegt að skortur hafi áhrif á lyfjanotendur.",2026-09-23T20:59:58.487716,27847
IS,Iceland,Lyfjastofnun,Efavirenz/Emtricitabine/Tenofovir disoproxil Zentiva,"Efavirenzum INN, Emtricitabinum INN, Tenofovirum INN disoproxil fosfat",600 mg/200 mg/245 mg,30 stk.,Filmuhúðuð tafla,524532,J05AR06,Zentiva k.s.*,,2026-03-02,2100-12-31,2026-02-10,shortage,"Sérpöntun / útboðslyf. Alvogen hefur útvegað undanþágulyfið Efavir 600/200/245 mg 30 stk. töflur,  vnr. 962253.",2026-09-23T20:59:58.488250,146544
IS,Iceland,Lyfjastofnun,Ibuprofen Zentiva,Ibuprofenum INN,600 mg,30 stk.,Filmuhúðuð tafla,146064,M01AE01,Zentiva k.s.*,,2026-03-02,2027-01-01,2026-03-02,shortage,Aðrar pakkningastærðir eru á markaði / fáanlegar. Þessi pakkningastærð er hætt. Lyfið er fáanlegt í 100 stk pakkningu,2026-09-23T20:59:58.488778,17469
IS,Iceland,Lyfjastofnun,Ofev,Nintedanibum INN,100 mg,60 x 1 stk.,Mjúkt hylki,197927,L01EX09,Boehringer Ingelheim International GmbH*,Vistor hf,2026-03-01,2026-03-09,2026-02-20,resolved,Aðrir styrkleikar eru á markaði / fáanlegir.,2026-09-23T20:59:58.489342,127310
IS,Iceland,Lyfjastofnun,Nezeril,Oxymetazolinum INN hýdróklóríð,"0,25 mg/ml",7.5 ml,"Nefúði, lausn",191403,R01AA05,Perrigo Sverige AB,Vistor hf,2026-03-01,2026-03-04,2026-02-19,resolved,"Aðrir styrkleikar og lyfjaform eru á markaði / fáanlegir. Nezeril 0,25 mg/ml nefdropar eru fáanlegir",2026-09-23T20:59:58.489878,
IS,Iceland,Lyfjastofnun,"Engemycin, vet.",Oxytetracyclinum INN hýdróklóríð,100 mg/ml,100 ml,"Stungulyf, lausn",064402,QJ01AA06,Intervet International B.V.*,Vistor hf,2026-03-01,2026-03-22,2026-02-16,resolved,Undanþágulyf hefur verið útvegað.,2026-09-23T20:59:58.490422,
IS,Iceland,Lyfjastofnun,Betmiga,Mirabegronum INN,50 mg,90 stk.,Forðatafla,409927,G04BD12,Astellas Pharma Europe B.V.,Vistor hf,2026-03-01,2026-04-14,2026-02-13,resolved,Aðrar pakkningastærðir eru á markaði / fáanlegar.,2026-09-23T20:59:58.490971,112305
IS,Iceland,Lyfjastofnun,Tramadol Krka,Tramadol hydrochloride,150 mg,100 stk.,Forðatafla,589302,N02AX02,"Krka, d.d., Novo mesto",,2026-03-01,2026-06-18,2026-01-07,resolved,Samhliða innflutt lyf er á markaði / fáanlegt.,2026-09-23T20:59:58.491495,50458
IS,Iceland,Lyfjastofnun,Zubsolv,"Buprenorphinum INN hýdróklóríð, Naloxonum INN hýdróklóríð","5,7 mg/1,4 mg",28 stk.,Tungurótartafla,138133,N07BC51,Accord Healthcare S.L.U.,,2026-03-01,2026-03-22,2026-03-02,resolved,"Undanþágulyf hefur verið útvegað. Heildsalan Distica hefur útvegað undanþágulyf: 
961427 Buprenorfina Naloxona tungurótartöflur
965086 Buprenorfina Naloxona tungurótartöflur",2026-09-23T20:59:58.492020,215082
IS,Iceland,Lyfjastofnun,Zubsolv,"Buprenorphinum INN hýdróklóríð, Naloxonum INN hýdróklóríð","8,6 mg /2,1 mg",28 stk.,Tungurótartafla,534097,N07BC51,Accord Healthcare S.L.U.,,2026-03-01,2026-03-22,2026-03-02,resolved,"Undanþágulyf hefur verið útvegað. Heildsalan Distica hefur útvegað undanþágulyf: 
961427 Buprenorfina Naloxona tungurótartöflur
965086 Buprenorfina Naloxona tungurótartöflur",2026-09-23T20:59:58.492542,215139
IS,Iceland,Lyfjastofnun,Zubsolv,"Naloxonum INN hýdróklóríð, Buprenorphinum INN hýdróklóríð","1,4 mg /0,36 mg",28 stk.,Tungurótartafla,599107,N07BC51,Accord Healthcare S.L.U.,,2026-03-01,2026-03-22,2026-03-02,resolved,"Undanþágulyf hefur verið útvegað. Heildsalan Distica hefur útvegað undanþágulyf, 961427 - Buprenorfina Naloxona tungurótartöflur.",2026-09-23T20:59:58.493073,217786
IS,Iceland,Lyfjastofnun,Glypressin,Terlipressinum INN  acetat,1 mg/hgl.,1 mg,"Stungulyfsstofn og leysir, lausn",031942,H01BA04,Ferring Lægemidler A/S,,2026-03-01,2026-03-01,2026-01-30,resolved,"Stuttur skortur á heildsölustigi, ólíklegt að skortur hafi áhrif á lyfjanotendur.",2026-09-23T20:59:58.493598,44423
IS,Iceland,Lyfjastofnun,Zubsolv,"Buprenorphinum INN hýdróklóríð, Naloxonum INN hýdróklóríð","5,7 mg/1,4 mg",28 stk.,Tungurótartafla,138133,N07BC51,Accord Healthcare S.L.U.,,2026-03-01,2026-03-22,2026-03-02,resolved,"Undanþágulyf hefur verið útvegað. Heildsalan Distica hefur útvegað undanþágulyf: 
961427 Buprenorfina Naloxona tungurótartöflur
965086 Buprenorfina Naloxona tungurótartöflur",2026-09-23T20:59:58.494123,215082
IS,Iceland,Lyfjastofnun,Rabeprazol Actavis,Rabeprazolum INN natríum,10 mg,100 stk.,Magasýruþolin tafla,468996,A02BC04,Actavis Group PTC ehf.,Teva Pharma Iceland ehf.*,2026-02-28,2026-04-09,2026-01-26,resolved,Samheitalyf er á markaði / fáanlegt.,2026-09-23T20:59:58.494659,54860
IS,Iceland,Lyfjastofnun,Flúoróúracil Accord,Fluorouracilum INN,50 mg/ml,100 ml,"Stungulyf/innrennslislyf, lausn",586959,L01BC02,Accord Healthcare B.V.,,2026-02-27,2026-03-22,2026-01-23,resolved,Ekkert sambærilegt lyf er á markaði / fáanlegt.,2026-09-23T20:59:58.495210,129704
IS,Iceland,Lyfjastofnun,Vivelle dot,Estradiol,"37,5 míkróg",8 stk.,Forðaplástur,404014,G03CA03,Sandoz A/S,,2026-02-27,2026-11-01,2026-02-24,shortage,Samheitalyf er á markaði / fáanlegt. Lyfið fer af markaði 01.10.2026. Markaðssetta lyfið Estradiol Hexal er fáanlegt.,2026-09-23T20:59:58.495740,
IS,Iceland,Lyfjastofnun,Vectibix,Panitumumabum INN,20 mg/ml,5 ml,"Innrennslisþykkni, lausn",483104,L01FE02,Amgen Europe B.V.*,Vistor hf,2026-02-27,2026-02-27,2026-02-17,resolved,Ekkert sambærilegt lyf er á markaði / fáanlegt.,2026-09-23T20:59:58.496276,85812
IS,Iceland,Lyfjastofnun,Glimeryl,Glimepiride,1 mg,90 stk.,Tafla,046405,A10BB12,Teva B.V.*,Teva Pharma Iceland ehf.*,2026-02-27,2026-04-16,2026-01-09,resolved,"Undanþágulyf hefur verið útvegað. Lyfjastofnun hefur heimilað lyfjafræðingum að breyta ávísun á lyfið í skorti í undanþágulyfið Glimepirid 1 mg 120 stk. töflur, vnr. 991366. Undanþágulyfið er í þýskum pakkningum og það er heildsalan Parlogis sem flytur inn lyfið.",2026-09-23T20:59:58.496819,44423
IS,Iceland,Lyfjastofnun,Hydromed,Hydrochlorothiazide,"12,5 mg",100 stk.,Tafla,483968,C03AA03,EQL Pharma AB,Vistor hf,2026-02-27,2026-04-09,2026-02-12,resolved,Aðrir styrkleikar og pakkningastærðir eru á markaði / fáanlegir. Hydromed er fáanlegt sem 25 mg töflur með deiliskoru á annari hliðinni. Töflunni má skipta í jafna skammta.,2026-09-23T20:59:58.497400,131334
IS,Iceland,Lyfjastofnun,Furosemide Kalceks,Furosemidum INN,10 mg/ml,2 ml,"Stungulyf/innrennslislyf, lausn",083846,C03CA01,Kalceks AS,,2026-02-27,2026-03-31,2026-02-25,resolved,Aðrar pakkningastærðir eru á markaði / fáanlegar.,2026-09-23T20:59:58.497935,1651
IS,Iceland,Lyfjastofnun,Celebra,Celecoxibum INN,100 mg,100 stk.,Hart hylki,390971,M01AH01,Viatris ApS,Icepharma hf.*,2026-02-27,2026-03-30,2026-02-27,resolved,Samheitalyf er á markaði / fáanlegt.,2026-09-23T20:59:58.498482,58998
IS,Iceland,Lyfjastofnun,Jext,Adrenalinum bítartrat (Epinephrinum INN bítartrat),300 míkróg,"0,3 ml","Stungulyf, lausn í áfylltum lyfjapenna",183660,C01CA24,ALK-Abelló A/S,Vistor hf,2026-02-27,2026-03-04,2026-02-13,resolved,"Stuttur skortur á heildsölustigi, ólíklegt að skortur hafi áhrif á lyfjanotendur.",2026-09-23T20:59:58.499022,218111
IS,Iceland,Lyfjastofnun,Nicotinell Mint,Nicotinum bítartrat,1 mg,36 stk.,Munnsogstafla,124356,N07BA01,Dr. Reddy's Netherlands B.V.,Artasan ehf,2026-02-27,2026-02-27,2026-02-10,resolved,Aðrir styrkleikar og pakkningastærðir eru á markaði / fáanlegir.,2026-09-23T20:59:58.499569,125482
IS,Iceland,Lyfjastofnun,Xeplion,Paliperidonum INN palmítat,100 mg,100 mg,"Stungulyf, forðadreifa",409745,N05AX13,Janssen-Cilag International NV*,Vistor hf,2026-02-26,2026-02-26,2026-01-17,resolved,"Stuttur skortur á heildsölustigi, ólíklegt að skortur hafi áhrif á lyfjanotendur.",2026-09-23T20:59:58.500110,96989
IS,Iceland,Lyfjastofnun,Dupixent,Dupilumabum INN,200 mg,"1,14 ml","Stungulyf, lausn í áfylltri sprautu",183645,D11AH05,Sanofi Winthrop Industrie,Vistor hf,2026-02-26,2026-03-10,2026-01-14,resolved,Önnur lyfjaform eru á markaði / fáanleg.,2026-09-23T20:59:58.500653,197874
IS,Iceland,Lyfjastofnun,EDURANT,Rilpivirinum INN hýdróklóríð,25 mg,30 stk.,Filmuhúðuð tafla,189148,J05AG05,Janssen-Cilag International NV*,Vistor hf,2026-02-26,2026-02-26,2026-02-07,resolved,"Stuttur skortur á heildsölustigi, ólíklegt að skortur hafi áhrif á lyfjanotendur.",2026-09-23T20:59:58.501196,101559
IS,Iceland,Lyfjastofnun,Tecvayli,Teclistamabum INN,90 mg/ml,"1,7 ml","Stungulyf, lausn",436579,L01FX24,Janssen-Cilag International NV*,Vistor hf,2026-02-26,2026-02-26,2026-02-13,resolved,"Stuttur skortur á heildsölustigi, ólíklegt að skortur hafi áhrif á lyfjanotendur.",2026-09-23T20:59:58.501759,70254
IS,Iceland,Lyfjastofnun,Atenolol Viatris,Atenololum INN,25 mg,250 stk.,Filmuhúðuð tafla,195040,C07AB03,Viatris Limited,Icepharma hf,2026-02-26,2026-06-16,2026-02-19,resolved,Undanþágulyf hefur verið útvegað. Undanþágulyf vnr 990053 Atenolol Parlogis 25 mg 100 stk á að vera fáanlegt hjá Parlogis,2026-09-23T20:59:58.502303,33103
IS,Iceland,Lyfjastofnun,Buccolam,Midazolamum INN hýdróklóríð,10 mg,2 ml,Munnholslausn,450537,N05CD08,Neuraxpharm Pharmaceuticals S.L.,,2026-02-26,2026-03-19,2026-02-26,resolved,"Stuttur skortur á heildsölustigi, ólíklegt að skortur hafi áhrif á lyfjanotendur.",2026-09-23T20:59:58.502820,210161
IS,Iceland,Lyfjastofnun,Cubicin,Daptomycinum INN,350 mg,350 mg,"Stungulyfs-/innrennslisstofn, lausn",061961,J01XX09,Merck Sharp & Dohme B.V.*,Vistor hf,2026-02-26,2026-02-26,2026-01-22,resolved,Aðrir styrkleikar eru á markaði / fáanlegir.,2026-09-23T20:59:58.503360,90891
IS,Iceland,Lyfjastofnun,Spiolto Respimat,"Tiotropii bromidum INN, Olodaterolum INN hýdróklóríð","2,5/2,5 míkróg",30 skammtar,Innöndunarlausn,561745,R03AL06,Boehringer Ingelheim International GmbH*,Vistor hf,2026-02-26,2026-02-26,2026-02-06,resolved,"Stuttur skortur á heildsölustigi, ólíklegt að skortur hafi áhrif á lyfjanotendur.",2026-09-23T20:59:58.503908,48933
IS,Iceland,Lyfjastofnun,Blincyto,Blinatumomabum INN,"38,5 míkróg",1 stk.,"Stofn fyrir innrennslisþykkni, lausn og lausn fyrir innrennslislyf, lausn",177099,L01FX07,Amgen Europe B.V.*,Vistor hf,2026-02-26,2026-02-25,2026-02-27,resolved,Ekkert sambærilegt lyf er á markaði / fáanlegt.,2026-09-23T20:59:58.504450,129704
IS,Iceland,Lyfjastofnun,Gabapentin Sandoz,Gabapentinum INN,300 mg,100 stk.,Hart hylki,397458,N02BF01,Sandoz A/S*,,2026-02-26,2026-03-13,2026-01-16,resolved,Samheitalyf er á markaði / fáanlegt.,2026-09-23T20:59:58.504965,52825
IS,Iceland,Lyfjastofnun,Rivaroxaban Zentiva,Rivaroxabanum INN,10 mg,100 stk.,Filmuhúðuð tafla,554571,B01AF01,Zentiva k.s.*,,2026-02-25,2026-03-09,2026-02-25,resolved,Samheitalyf er á markaði / fáanlegt.,2026-09-23T20:59:58.505488,88862
IS,Iceland,Lyfjastofnun,Nicotinell,Nicotinum INN,14 mg/24 klst.,21 stk.,Forðaplástur,168778,N07BA01,Dr. Reddy's Netherlands B.V.,,2026-02-25,2026-02-25,2026-02-06,resolved,Aðrir styrkleikar og pakkningastærðir eru á markaði / fáanlegir.,2026-09-23T20:59:58.506031,
IS,Iceland,Lyfjastofnun,Bactroban,Mupirocinum INN,20 mg/g,15 g,Smyrsli,545681,D06AX09,GlaxoSmithKline Pharma A/S,Vistor hf,2026-02-25,2026-04-06,2026-02-11,resolved,Ekki til lyf með sama ATC númer en sambærilegt lyf í sama flokki er á markaði / fáanlegt. Ekki eru til smyrsli með sama virka innihaldsefni en önnur markaðsett lyf eins og t.d. Fucindin krem/smyrsli er fáanlegt.,2026-09-23T20:59:58.506578,25739
IS,Iceland,Lyfjastofnun,Lonsurf,"Tipiracilum INN hýdróklóríð, Trifluridinum INN","20 mg/8,19 mg",60 stk.,Filmuhúðuð tafla,389330,L01BC59,Les Laboratoires Servier*,Icepharma hf.*,2026-02-25,2026-03-11,2026-02-25,resolved,Aðrir styrkleikar eru á markaði / fáanlegir.,2026-09-23T20:59:58.507126,137510
IS,Iceland,Lyfjastofnun,Noromectin,Ivermectin,1 % w/v,250 ml,"Stungulyf, lausn",377134,QP54AA01,Norbrook Laboratories (Ireland) Limited,Icepharma hf.*,2026-02-25,2026-08-29,2026-07-23,resolved,Önnur lyfjaform eru á markaði / fáanleg.,2026-09-23T20:59:58.507711,
IS,Iceland,Lyfjastofnun,Soluprick SQ (House Dust Mites),"Dermatophagoides pteronyssinus, Dermatophagoides farinae",10 HEP,2 ml,"Húðstungupróf, lausn",024670,V04CL,ALK-Abelló A/S,Vistor hf,2026-02-25,2026-02-25,2026-01-13,resolved,Ekkert sambærilegt lyf er á markaði / fáanlegt.,2026-09-23T20:59:58.508261,
IS,Iceland,Lyfjastofnun,Pentasa Sachet,Mesalazinum INN,1 g,150 stk.,Forðakyrni,118612,A07EC02,Ferring Lægemidler A/S,Vistor hf,2026-02-24,2026-03-31,2025-11-25,resolved,Aðrir styrkleikar og lyfjaform eru á markaði / fáanlegir.,2026-09-23T20:59:58.508805,82899
IS,Iceland,Lyfjastofnun,Locoid,Hydrocortisonum INN bútýrat,1 mg/g,30 g,Krem,400422,D07AB02,CHEPLAPHARM Arzneimittel GmbH,,2026-02-24,2026-02-24,2026-02-06,resolved,"Stuttur skortur á heildsölustigi, ólíklegt að skortur hafi áhrif á lyfjanotendur.",2026-09-23T20:59:58.509333,63053
IS,Iceland,Lyfjastofnun,Klyx,"Docusatum natricum INN, Sorbitolum",,240 ml,Endaþarmslausn,371583,A06AG10,Ferring Lægemidler A/S (F),Ferring Lægemidler A/S,2026-02-24,2026-04-01,2026-02-19,resolved,Aðrir styrkleikar eru á markaði / fáanlegir. Klyx 120 ml *10 er fáanlegt hjá heildsölunni Distica.,2026-09-23T20:59:58.509900,27030
IS,Iceland,Lyfjastofnun,Ondansetron Bluefish,Ondansetronum INN hýdróklóríð,8 mg,10 stk.,Filmuhúðuð tafla,142266,A04AA01,Bluefish Pharmaceuticals AB,Artasan ehf,2026-02-24,2026-02-24,2026-01-30,resolved,"Stuttur skortur á heildsölustigi, ólíklegt að skortur hafi áhrif á lyfjanotendur.",2026-09-23T20:59:58.510448,31518
IS,Iceland,Lyfjastofnun,Buvidal,Buprenorphinum INN,96 mg,"0,27 ml","Stungulyf, forðalausn",118046,N07BC01,Camurus AB,,2026-02-24,2026-02-24,2026-02-06,resolved,"Stuttur skortur á heildsölustigi, ólíklegt að skortur hafi áhrif á lyfjanotendur.",2026-09-23T20:59:58.510988,
IS,Iceland,Lyfjastofnun,Gamunex,HUMAN NORMAL IMMUNOGLOBULIN (IV),100 mg/ml,200 ml,"Innrennslislyf, lausn",176559,J06BA02,Grifols Deutschland GmbH*,Alvogen ehf.,2026-02-24,2026-03-19,2026-02-10,resolved,Aðrar pakkningastærðir eru á markaði / fáanlegar.,2026-09-23T20:59:58.511531,
IS,Iceland,Lyfjastofnun,Ondansetron Bluefish,Ondansetronum INN hýdróklóríð,8 mg,15 stk.,Filmuhúðuð tafla,571158,A04AA01,Bluefish Pharmaceuticals AB,Artasan ehf,2026-02-24,2026-02-24,2026-02-02,resolved,Aðrir styrkleikar og pakkningastærðir eru á markaði / fáanlegir.,2026-09-23T20:59:58.512082,31518
IS,Iceland,Lyfjastofnun,Trajenta,Linagliptinum INN,5 mg,30 x 1 stk.,Filmuhúðuð tafla,091493,A10BH05,Boehringer Ingelheim International GmbH*,Vistor hf,2026-02-24,2026-02-24,2026-01-06,resolved,Aðrir styrkleikar eru á markaði / fáanlegir.,2026-09-23T20:59:58.512635,101125
IS,Iceland,Lyfjastofnun,Panodil,Paracetamolum INN,500 mg,30 stk.,Filmuhúðuð tafla,464164,N02BE01,Haleon Denmark ApS,Artasan ehf,2026-02-24,2026-02-24,2025-12-13,resolved,Samheitalyf er á markaði / fáanlegt.,2026-09-23T20:59:58.513184,67903
IS,Iceland,Lyfjastofnun,Ursochol,Acidum ursodeoxycholicum INN,250 mg,100 stk.,Hart hylki,444765,A05AA02,Orifarm Generics A/S,Artasan ehf,2026-02-24,2026-03-10,2026-02-13,resolved,Ekkert sambærilegt lyf er á markaði / fáanlegt.,2026-09-23T20:59:58.513726,15830
IS,Iceland,Lyfjastofnun,Dexamethasone Teva,Dexamethasonum INN natríumfosfat,4 mg/ml,1 ml,"Stungulyf, lausn",117742,H02AB02,Teva B.V.*,Teva Pharma Iceland ehf.*,2026-02-23,2026-03-06,2026-02-10,resolved,Samheitalyf er á markaði / fáanlegt. Dexamethasone hamelen 4 mg/ml 1 ml *10 stk. er fáanlegt,2026-09-23T20:59:58.514273,21385
IS,Iceland,Lyfjastofnun,Grazax,Phleum pratense,75.000 SQ-T,100 stk.,Frostþurrkuð tungurótartafla,025736,V01AA02,ALK-Abelló A/S,Vistor hf,2026-02-23,2026-03-04,2026-02-03,resolved,Aðrar pakkningastærðir eru á markaði / fáanlegar.,2026-09-23T20:59:58.514813,
IS,Iceland,Lyfjastofnun,Glucos Fresenius Kabi,Glucosum,500 mg/ml,500 ml,"Innrennslislyf, lausn",469480,B05BA03,Fresenius Kabi AB,Vistor hf,2026-02-23,2026-07-22,2026-02-23,resolved,Aðrir styrkleikar eru á markaði / fáanlegir.,2026-09-23T20:59:58.515360,
IS,Iceland,Lyfjastofnun,Gamunex,HUMAN NORMAL IMMUNOGLOBULIN (IV),100 mg/ml,400 ml,"Innrennslislyf, lausn",452480,J06BA02,Grifols Deutschland GmbH*,Alvogen ehf.,2026-02-23,2026-03-31,2026-02-23,resolved,Aðrar pakkningastærðir eru á markaði / fáanlegar.,2026-09-23T20:59:58.515902,
IS,Iceland,Lyfjastofnun,Methylphenidate Sandoz,Methylphenidatum INN hýdróklóríð,18 mg,30 stk.,Forðatafla,589893,N06BA04,Sandoz A/S*,,2026-02-22,2026-03-17,2026-02-04,resolved,Samheitalyf er á markaði / fáanlegt.,2026-09-23T20:59:58.516428,
IS,Iceland,Lyfjastofnun,Buvidal,Buprenorphinum INN,24 mg,"0,48 ml","Stungulyf, forðalausn",088677,N07BC01,Camurus AB,,2026-02-21,2026-02-21,2026-01-17,resolved,"Stuttur skortur á heildsölustigi, ólíklegt að skortur hafi áhrif á lyfjanotendur.",2026-09-23T20:59:58.517020,
IS,Iceland,Lyfjastofnun,GlucaGen,Glucagonum INN hýdróklóríð,1 mg,1 stk.,"Stungulyfsstofn og leysir, lausn",443325,H04AA01,Novo Nordisk A/S*,Vistor hf,2026-02-21,2026-02-21,2026-02-03,resolved,Aðrar pakkningastærðir eru á markaði / fáanlegar.,2026-09-23T20:59:58.517600,35327
IS,Iceland,Lyfjastofnun,DuoResp Spiromax,"Budesonidum INN, Formoterolum INN fúmarat","160 míkróg/4,5 míkróg",120 skammtar,Innöndunarduft,186615,R03AK07,Teva Pharma B.V.,Alvogen ehf.,2026-02-20,2026-05-29,2026-02-23,resolved,Aðrar pakkningastærðir eru á markaði / fáanlegar.,2026-09-23T20:59:58.518148,79944
IS,Iceland,Lyfjastofnun,Tecfidera,Dimethylis fumaras INN,120 mg,14 stk.,Magasýruþolið hart hylki,392438,L04AX07,Biogen Netherlands B.V.,Icepharma hf.*,2026-02-20,2026-03-11,2026-02-20,resolved,Aðrir styrkleikar eru á markaði / fáanlegir.,2026-09-23T20:59:58.518697,117870
IS,Iceland,Lyfjastofnun,Entresto,"Valsartanum INN, Sacubitrilum INN",15 mg/16 mg,60 stk.,Kyrni í hylki sem á að opna,097280,C09DX04,Novartis Europharm Limited*,Vistor hf,2026-02-20,2026-02-20,2026-01-20,resolved,Aðrir styrkleikar og lyfjaform eru á markaði / fáanlegir.,2026-09-23T20:59:58.519252,228346
IS,Iceland,Lyfjastofnun,Zonegran,Zonisamidum INN,25 mg,56 stk.,Hart hylki,027586,N03AX15,Amdipharm Limited*,Amdipharm Ltd,2026-02-19,2026-02-26,2026-02-20,resolved,"Stuttur skortur á heildsölustigi, ólíklegt að skortur hafi áhrif á lyfjanotendur.",2026-09-23T20:59:58.519814,95281
IS,Iceland,Lyfjastofnun,Esomeprazol Actavis,Esomeprazolum INN magnesíum díhýdrat,40 mg,100 stk.,Magasýruþolin tafla,194672,A02BC05,Actavis Group PTC ehf.,Teva Pharma Iceland ehf.*,2026-02-19,2026-08-07,2026-01-08,resolved,Samheitalyf er á markaði / fáanlegt.,2026-09-23T20:59:58.520370,88838
IS,Iceland,Lyfjastofnun,Lacosamide Accord,Lacosamidum INN,100 mg,56 stk.,Filmuhúðuð tafla,082976,N03AX18,Accord Healthcare S.L.U.,,2026-02-19,2026-06-10,2026-01-10,resolved,Samheitalyf er á markaði / fáanlegt.,2026-09-23T20:59:58.520900,217875
IS,Iceland,Lyfjastofnun,Sumatriptan Bluefish,Sumatriptanum INN súkkínat,50 mg,18 stk.,Tafla,035722,N02CC01,Bluefish Pharmaceuticals AB,Artasan ehf,2026-02-18,2026-02-18,2026-02-07,resolved,Aðrar pakkningastærðir eru á markaði / fáanlegar.,2026-09-23T20:59:58.521444,41378
IS,Iceland,Lyfjastofnun,Wilzin,Zinci acetas,25 mg,250 stk.,Hart hylki,021465,A16AX05,Recordati Rare Diseases*,Recordati AB*,2026-02-18,2026-02-18,2026-01-21,resolved,Aðrir styrkleikar eru á markaði / fáanlegir. Wilzin 50 mg hart hylki er fáanlegt.,2026-09-23T20:59:58.521996,79944
IS,Iceland,Lyfjastofnun,Xylocain Dental adrenalin,"Adrenalinum bítartrat (Epinephrinum INN bítartrat), Lidocainum INN hýdróklóríð","20 mg/ml+12,5 míkróg/ ml",1.8 ml,"Stungulyf, lausn",009945,N01BB52,DENTSPLY DeTrey GmbH*,Vistor hf,2026-02-18,2026-02-18,2026-02-16,resolved,"Önnur lyfjaform eru á markaði / fáanleg. Xylocain Dental adr. stl 20mg+12,5mcg/ml fáanlegt",2026-09-23T20:59:58.522543,82899
IS,Iceland,Lyfjastofnun,Ziextenzo,Pegfilgrastimum INN,6 mg,"0,6 ml","Stungulyf, lausn í áfylltri sprautu",394719,L03AA13,Sandoz GmbH*,,2026-02-18,2100-12-31,2026-01-30,shortage,Sérpöntun / útboðslyf.,2026-09-23T20:59:58.523072,68756
IS,Iceland,Lyfjastofnun,Kesimpta,Ofatumumabum INN,20 mg,"0,4 ml","Stungulyf, lausn í áfylltum lyfjapenna",031172,L04AG12,Novartis Europharm Limited*,Vistor hf,2026-02-18,2026-02-18,2026-02-03,resolved,"Stuttur skortur á heildsölustigi, ólíklegt að skortur hafi áhrif á lyfjanotendur.",2026-09-23T20:59:58.523618,213101
IS,Iceland,Lyfjastofnun,Cotrim,"Trimethoprimum INN, Sulfamethoxazolum INN",80/400 mg,30 stk.,Tafla,584306,J01EE01,Teva B.V.*,Teva Pharma Iceland ehf.*,2026-02-18,2026-04-30,2026-01-20,resolved,Undanþágulyf hefur verið útvegað. Lyfjastofnun hefur heimilað lyfjafræðingum í apóteki að breyta ávísun á lyfið í skorti í undanþágulyfið  Co-Trimoxazole 80/400 mg 28 stk vnr.976201,2026-09-23T20:59:58.524168,7463
IS,Iceland,Lyfjastofnun,Adartrel (Lyfjaver),Ropinirolum INN hýdróklóríð,"0,5 mg",84 stk.,Filmuhúðuð tafla,451135,N04BC04,Lyfjaver ehf.,,2026-02-17,2026-04-14,2026-02-17,resolved,Ekkert sambærilegt lyf er á markaði / fáanlegt.,2026-09-23T20:59:58.524696,51217
IS,Iceland,Lyfjastofnun,OxyContin Depot,Oxycodonum INN hýdróklóríð,80 mg,98 stk.,Forðatafla,088961,N02AA05,Mundipharma A/S,Icepharma hf,2026-02-17,2026-03-31,2026-02-17,resolved,Aðrir styrkleikar eru á markaði / fáanlegir.,2026-09-23T20:59:58.525238,57649
IS,Iceland,Lyfjastofnun,Doxylin,Doxycyclinum INN,100 mg,10 stk.,Tafla,455949,J01AA02,Actavis Group PTC ehf.,Teva Pharma Iceland ehf.*,2026-02-17,2026-03-16,2026-02-24,resolved,Samheitalyf er á markaði / fáanlegt. Doxycyklin EQL 100 mg töflur 100 stk er fáanlegt vnr 060930,2026-09-23T20:59:58.525782,68438
IS,Iceland,Lyfjastofnun,Movicol,Blanda,"13,8 g",20 skammtar,"Mixtúruduft, lausn",014852,A06AD65,Norgine Healthcare B.V.,Vistor ehf,2026-02-17,2026-02-17,2025-12-30,resolved,"Stuttur skortur á heildsölustigi, ólíklegt að skortur hafi áhrif á lyfjanotendur.",2026-09-23T20:59:58.526328,46949
IS,Iceland,Lyfjastofnun,Sugammadex hameln,Sugammadex sodium,100 mg/ml,2 ml,"Stungulyf, lausn",034384,V03AB35,hameln pharma gmbh,,2026-02-17,2026-04-16,2026-02-17,resolved,Aðrar pakkningastærðir eru á markaði / fáanlegar. Sugammadex hamlen 5 ml*10 pakkning er fáanleg,2026-09-23T20:59:58.526854,87300
IS,Iceland,Lyfjastofnun,Toilax,Bisacodylum INN,5 mg + 2 mg/ml,4 +1 stk.,Magasýruþolin tafla + endaþarmsdreifa,103952,A06AG02,Orion Corporation,Vistor hf,2026-02-17,2026-02-17,2026-01-27,resolved,Aðrar pakkningastærðir og lyfjaform eru á markaði / fáanlegar.,2026-09-23T20:59:58.527424,
IS,Iceland,Lyfjastofnun,Stalevo,"Entacaponum INN, Levodopum INN, Carbidopum INN","50/12,5/200 mg",100 stk.,Filmuhúðuð tafla,015652,N04BA03,Orion Corporation,Vistor hf,2026-02-17,2026-02-17,2026-01-17,resolved,Aðrir styrkleikar eru á markaði / fáanlegir.,2026-09-23T20:59:58.527968,72702
IS,Iceland,Lyfjastofnun,Tanonalla,"Naloxonum INN hýdróklóríð, Oxycodonum INN hýdróklóríð",10 mg/5 mg,28 stk.,Forðatafla,073471,N02AA55,Sandoz A/S,,2026-02-17,2026-03-03,2026-02-05,resolved,"Stuttur skortur á heildsölustigi, ólíklegt að skortur hafi áhrif á lyfjanotendur.",2026-09-23T20:59:58.528497,90220
IS,Iceland,Lyfjastofnun,Myfenax (Heilsa),Mycophenolatum INN mofetil,500 mg,50 stk.,Filmuhúðuð tafla,194707,L04AA06,Heilsa ehf,,2026-02-16,2026-09-22,2026-02-04,resolved,Samheitalyf er á markaði / fáanlegt.,2026-09-23T20:59:58.529016,44369
IS,Iceland,Lyfjastofnun,Relvar Ellipta,"Fluticasonum INN fúróat, Vilanterolum INN trífenatat",92 míkróg/22 míkróg,30 skammtar,"Innöndunarduft, afmældir skammtar",445149,R03AK10,GlaxoSmithKline Trading Services Limited,Vistor hf,2026-02-16,2026-03-02,2026-01-30,resolved,Aðrir styrkleikar eru á markaði / fáanlegir.,2026-09-23T20:59:58.529559,125334
IS,Iceland,Lyfjastofnun,Seloken,Metoprololum INN tartrat,1 mg/ml,5 ml,"Stungulyf, lausn",379195,C07AB02,Recordati Ireland Limited*,Recordati AB,2026-02-16,2026-02-16,2026-01-28,resolved,Önnur lyfjaform eru á markaði / fáanleg.,2026-09-23T20:59:58.530101,15490
IS,Iceland,Lyfjastofnun,Nicotinell Mint,Nicotinum bítartrat,2 mg,144 stk.,Munnsogstafla,128129,N07BA01,Dr. Reddy's Netherlands B.V.,Artasan ehf,2026-02-16,2026-03-30,2026-01-30,resolved,Aðrar pakkningastærðir eru á markaði / fáanlegar.,2026-09-23T20:59:58.530643,125490
IS,Iceland,Lyfjastofnun,Bosulif,Bosutinibum INN,400 mg,28 stk.,Filmuhúðuð tafla,558417,L01EA04,Pfizer Europe MA EEIG*,Icepharma hf.*,2026-02-16,2026-03-16,2026-01-13,resolved,Til skoðunar. Bosulif er ekki lengur á samning við Landspítala en er ennþá notað. Við búumst við að samheitalyf verði sett á markað eftir útboð frá og með 1. maí 2026.,2026-09-23T20:59:58.531184,151041
IS,Iceland,Lyfjastofnun,Desferal,Deferoxaminum INN mesýlat,500 mg,500 mg,"Stungulyfs-/innrennslisstofn, lausn",189175,V03AC01,Mitem Pharma,,2026-02-15,2026-03-15,2026-01-02,resolved,Undanþágulyf hefur verið útvegað. Undanþágulyf með sama nafni hefur verið útvegað,2026-09-23T20:59:58.531707,795
IS,Iceland,Lyfjastofnun,ABILIFY,Aripiprazolum INN,10 mg,56 stk.,Tafla,011008,N05AX12,Otsuka Pharmaceutical Netherlands B.V.*,Vistor hf,2026-02-14,2026-02-14,2026-02-07,resolved,"Stuttur skortur á heildsölustigi, ólíklegt að skortur hafi áhrif á lyfjanotendur.",2026-09-23T20:59:58.532255,75248
IS,Iceland,Lyfjastofnun,Doktacillin,Ampicillinum INN natríum,,1 g,"Stungulyfs-/innrennslisstofn, lausn",011397,J01CA01,Viatris ApS,Icepharma hf.*,2026-02-14,2026-03-18,2025-07-07,resolved,Samheitalyf er á markaði / fáanlegt.,2026-09-23T20:59:58.532787,
IS,Iceland,Lyfjastofnun,Zypadhera,Olanzapinum INN,405 mg,405 mg,"Stungulyfsstofn og leysir, forðadreifa",027999,N05AH03,"CHEPLAPHARM Registration GmbH,",,2026-02-14,2026-02-14,2026-02-06,resolved,"Stuttur skortur á heildsölustigi, ólíklegt að skortur hafi áhrif á lyfjanotendur.",2026-09-23T20:59:58.533317,90212
IS,Iceland,Lyfjastofnun,CYSTADROPS,Mercaptaminum INN bítartrat,"3,8 mg/ml",5 ml,"Augndropar, lausn",161981,S01XA21,Recordati Rare Diseases*,Recordati AB*,2026-02-13,2026-02-13,2026-01-21,resolved,Sérpöntun / útboðslyf.,2026-09-23T20:59:58.533871,220965
IS,Iceland,Lyfjastofnun,Tezspire,Tezepelumabum INN,210 mg,"1,91 ml","Stungulyf, lausn í áfylltri sprautu",041811,R03DX11,AstraZeneca AB*,Vistor hf,2026-02-13,2026-02-13,2025-11-04,resolved,"Stuttur skortur á heildsölustigi, ólíklegt að skortur hafi áhrif á lyfjanotendur.",2026-09-23T20:59:58.534423,
IS,Iceland,Lyfjastofnun,Constella,Linaclotidum INN,290 míkróg,28 stk.,Hart hylki,132546,A06AX04,AbbVie Deutschland GmbH & Co. KG,Vistor hf,2026-02-13,2026-02-13,2026-01-03,resolved,"Stuttur skortur á heildsölustigi, ólíklegt að skortur hafi áhrif á lyfjanotendur.",2026-09-23T20:59:58.534976,127043
IS,Iceland,Lyfjastofnun,Tramadol Krka,Tramadol hydrochloride,100 mg,20 stk.,Forðatafla,170335,N02AX02,"Krka, d.d., Novo mesto",,2026-02-12,2026-06-18,2025-12-19,resolved,Aðrar pakkningastærðir eru á markaði / fáanlegar.,2026-09-23T20:59:58.535502,201677
IS,Iceland,Lyfjastofnun,Locoid Crelo,Hydrocortisonum INN bútýrat,1 mg/g,30 g,Húðfleyti,196889,D07AB02,CHEPLAPHARM Arzneimittel GmbH,,2026-02-12,2026-06-30,2026-01-16,resolved,Önnur lyfjaform eru á markaði / fáanleg.,2026-09-23T20:59:58.536036,39187
IS,Iceland,Lyfjastofnun,NovoRapid Penfill,Insulinum aspartum INN,100 ein./ml,3 ml,"Stungulyf, lausn í rörlykju",031849,A10AB05,Novo Nordisk A/S*,Vistor hf,2026-02-12,2026-02-12,2026-01-14,resolved,"Stuttur skortur á heildsölustigi, ólíklegt að skortur hafi áhrif á lyfjanotendur.",2026-09-23T20:59:58.536575,53902
IS,Iceland,Lyfjastofnun,Tegretol,Carbamazepinum INN,20 mg/ml,300 ml,"Mixtúra, dreifa",414789,N03AF01,Novartis Healthcare A/S,Vistor hf,2026-02-12,2026-02-12,2026-01-23,resolved,Önnur lyfjaform eru á markaði / fáanleg.,2026-09-23T20:59:58.537115,515
IS,Iceland,Lyfjastofnun,Alcaine,Proxymetacainum INN hýdróklóríð,5 mg/ml,15 ml,"Augndropar, lausn",132845,S01HA04,Alcon Nordic A/S,,2026-02-12,2026-04-28,2026-02-02,resolved,"Undanþágulyf hefur verið útvegað. Heildsalan Parlogis hefur útvegað undanþágulyfið MINIMS PROXYMETACAINE HYDROCHL. 0,5% AUGNDR 0,5ML X 20, einnota ampúllur. Unganþágulyfið kemur frá Bretlandi.",2026-09-23T20:59:58.537692,
IS,Iceland,Lyfjastofnun,Fiasp,Insulinum aspartum INN,100 ein./ml,3 ml,"Stungulyf, lausn í rörlykju",539310,A10AB05,Novo Nordisk A/S*,Vistor hf,2026-02-12,2026-02-12,2025-12-27,resolved,.,2026-09-23T20:59:58.538235,53902
IS,Iceland,Lyfjastofnun,Pentasa,Mesalazinum INN,500 mg,300 stk.,Forðatafla,035212,A07EC02,Ferring Lægemidler A/S,Vistor hf,2026-02-12,2026-02-13,2026-01-29,resolved,"Stuttur skortur á heildsölustigi, ólíklegt að skortur hafi áhrif á lyfjanotendur.",2026-09-23T20:59:58.538774,31860
IS,Iceland,Lyfjastofnun,Actrapid,Insulinum humanum INN,100 a.e./ml,10 ml,"Stungulyf, lausn",013950,A10AB01,Novo Nordisk A/S*,Vistor hf,2026-02-12,2026-02-12,2026-01-24,resolved,Ekki til lyf með sama ATC númer en sambærilegt lyf í sama flokki er á markaði / fáanlegt.,2026-09-23T20:59:58.539313,97314
IS,Iceland,Lyfjastofnun,Ceftriaxon Fresenius Kabi,Ceftriaxonum INN dínatríum,1 g,15 ml,"Stungulyfs-/innrennslisstofn, lausn",456693,J01DD04,Fresenius Kabi AB,,2026-02-12,2026-05-09,2025-11-01,resolved,Sérpöntun / útboðslyf.,2026-09-23T20:59:58.539838,1252
IS,Iceland,Lyfjastofnun,Escitalopram Bluefish,Escitalopramum INN oxalat,5 mg,98 stk.,Filmuhúðuð tafla,094495,N06AB10,Bluefish Pharmaceuticals AB,Artasan ehf,2026-02-12,2026-02-12,2026-02-07,resolved,Samheitalyf er á markaði / fáanlegt.,2026-09-23T20:59:58.540377,97802
IS,Iceland,Lyfjastofnun,Xarelto,Rivaroxabanum INN,20 mg,28 stk.,Filmuhúðuð tafla,499273,B01AF01,Bayer AG*,Icepharma hf,2026-02-11,2026-02-25,2026-02-11,resolved,Aðrar pakkningastærðir eru á markaði / fáanlegar.,2026-09-23T20:59:58.540920,100153
IS,Iceland,Lyfjastofnun,Ostacid,Acidum alendronicum INN natríum,70 mg,12 stk.,Filmuhúðuð tafla,092958,M05BA04,Williams & Halls ehf.*,,2026-02-11,2026-02-24,2026-02-11,resolved,"Stuttur skortur á heildsölustigi, ólíklegt að skortur hafi áhrif á lyfjanotendur.",2026-09-23T20:59:58.541443,140848
IS,Iceland,Lyfjastofnun,Dificlir,Fidaxomicinum INN,200 mg,20 x 1 stk.,Filmuhúðuð tafla,497012,A07AA12,Tillotts Pharma GmbH,Icepharma hf.*,2026-02-11,2026-02-18,2026-02-11,resolved,"Stuttur skortur á heildsölustigi, ólíklegt að skortur hafi áhrif á lyfjanotendur.",2026-09-23T20:59:58.541989,73458
IS,Iceland,Lyfjastofnun,Xonvea,"Pyridoxinum INN hýdróklóríð, Doxylaminii INN hýdrógen súkkínat",10 mg/10 mg,20 stk.,Magasýruþolin tafla,436006,R06AA59,CampusPharma AB,,2026-02-11,2026-02-11,2026-01-25,resolved,Ekki til lyf með sama ATC númer en sambærilegt lyf í sama flokki er á markaði / fáanlegt.,2026-09-23T20:59:58.542515,204358
IS,Iceland,Lyfjastofnun,Fungyn,Fluconazole,150 mg,1 stk.,Hart hylki,563905,J02AC01,Alvogen ehf.,,2026-02-11,2026-04-20,2026-01-16,resolved,Samheitalyf er á markaði / fáanlegt.,2026-09-23T20:59:58.543049,30384
IS,Iceland,Lyfjastofnun,Xeplion,Paliperidonum INN palmítat,75 mg,75 mg,"Stungulyf, forðadreifa",412581,N05AX13,Janssen-Cilag International NV*,Vistor hf,2026-02-10,2026-03-03,2026-02-11,resolved,Samheitalyf er á markaði / fáanlegt.,2026-09-23T20:59:58.543596,96970
IS,Iceland,Lyfjastofnun,OLUMIANT,Baricitinibum INN,2 mg,28 stk.,Filmuhúðuð tafla,407393,L04AF02,Eli Lilly Nederland B.V.,Icepharma hf.*,2026-02-10,2026-02-11,2026-02-10,resolved,Aðrir styrkleikar eru á markaði / fáanlegir.,2026-09-23T20:59:58.544140,140848
IS,Iceland,Lyfjastofnun,Klyx,"Docusatum natricum INN, Sorbitolum",,120 ml,Endaþarmslausn,371609,A06AG10,Ferring Lægemidler A/S (F),Ferring Lægemidler A/S,2026-02-10,2026-03-25,2026-01-30,resolved,Aðrar pakkningastærðir eru á markaði / fáanlegar. Klyx 120 ml *10 er fáanlegt hjá heildsölunni Distica.,2026-09-23T20:59:58.544680,1619
IS,Iceland,Lyfjastofnun,Ezetrol,Ezetimibum INN,10 mg,98 stk.,Tafla,477017,C10AX09,N.V. Organon*,Vistor hf,2026-02-10,2026-02-10,2026-01-18,resolved,"Stuttur skortur á heildsölustigi, ólíklegt að skortur hafi áhrif á lyfjanotendur.",2026-09-23T20:59:58.545226,70645
IS,Iceland,Lyfjastofnun,Cloxabix,Celecoxibum INN,100 mg,100 stk.,Hart hylki,176520,M01AH01,Williams & Halls ehf,,2026-02-10,2026-05-26,2026-01-02,resolved,Samheitalyf er á markaði / fáanlegt.,2026-09-23T20:59:58.545753,58998
IS,Iceland,Lyfjastofnun,Klyx,"Docusatum natricum INN, Sorbitolum",,120 ml,Endaþarmslausn,371609,A06AG10,Ferring Lægemidler A/S (F),Ferring Lægemidler A/S,2026-02-10,2026-04-06,2026-01-29,resolved,Aðrar pakkningastærðir eru á markaði / fáanlegar.,2026-09-23T20:59:58.546294,1619
IS,Iceland,Lyfjastofnun,Visipaque,Iodixanolum INN,270 mg J/ml,50 ml,"Stungulyf, lausn",019121,V08AB09,GE Healthcare AS,Icepharma hf,2026-02-10,2026-02-10,2026-02-09,resolved,"Stuttur skortur á heildsölustigi, ólíklegt að skortur hafi áhrif á lyfjanotendur.",2026-09-23T20:59:58.546838,41599
IS,Iceland,Lyfjastofnun,Eplerenon Bluefish,Eplerenonum INN,25 mg,30 stk.,Filmuhúðuð tafla,440739,C03DA04,Bluefish Pharmaceuticals AB,Artasan ehf,2026-02-10,2026-02-10,2025-12-20,resolved,"Stuttur skortur á heildsölustigi, ólíklegt að skortur hafi áhrif á lyfjanotendur.",2026-09-23T20:59:58.547403,73431
IS,Iceland,Lyfjastofnun,Vivelle dot,Estradiol,50 míkróg,8 stk.,Forðaplástur,127850,G03CA03,Sandoz A/S,,2026-02-10,2026-11-01,2026-02-02,shortage,Samheitalyf er á markaði / fáanlegt. Lyfið fer af markaði 01.10.2026. Markaðssetta lyfið Estradiol Hexal er fáanlegt.,2026-09-23T20:59:58.547927,
IS,Iceland,Lyfjastofnun,Cleye (Heilsa),Naphazolinum INN hýdróklóríð,"0,12 mg/ml",10 ml,"Augndropar, lausn",533009,S01GA01,Heilsa ehf.,,2026-02-09,2026-06-05,2026-02-04,resolved,Samheitalyf er á markaði / fáanlegt.,2026-09-23T20:59:58.548461,
IS,Iceland,Lyfjastofnun,Eusaprim,"Sulfamethoxazolum INN, Trimethoprimum INN",8 mg/ml + 40 mg/ml,100 ml,"Mixtúra, dreifa",519463,J01EE01,Aspen Pharma Trading Limited,Icepharma hf.*,2026-02-09,2026-04-13,2026-01-23,resolved,Önnur lyfjaform eru á markaði / fáanleg.,2026-09-23T20:59:58.548999,69493
IS,Iceland,Lyfjastofnun,Bosulif,Bosutinibum INN,100 mg,28 stk.,Filmuhúðuð tafla,479904,L01EA04,Pfizer Europe MA EEIG*,Icepharma hf.*,2026-02-09,2026-03-16,2026-01-13,resolved,Sérpöntun / útboðslyf.,2026-09-23T20:59:58.549543,82899
IS,Iceland,Lyfjastofnun,Hyrimoz,Adalimumabum INN,40 mg,"0,4 ml","Stungulyf, lausn í áfylltri sprautu",458291,L04AB04,Sandoz GmbH*,,2026-02-09,2026-02-09,2026-01-09,resolved,Aðrar pakkningastærðir eru á markaði / fáanlegar.,2026-09-23T20:59:58.550064,48933
IS,Iceland,Lyfjastofnun,Pinex,Paracetamolum INN,24 mg/ml,100 ml,"Mixtúra, lausn",196551,N02BE01,Teva B.V.*,Teva Pharma Iceland ehf.*,2026-02-09,2026-04-02,2026-01-12,resolved,Samheitalyf er á markaði / fáanlegt.,2026-09-23T20:59:58.550605,99775
IS,Iceland,Lyfjastofnun,Movicol,Blanda,"13,8 g",50 skammtar,"Mixtúruduft, lausn",530188,A06AD65,Norgine Healthcare B.V.,Vistor ehf,2026-02-09,2026-02-09,2025-12-19,resolved,Aðrar pakkningastærðir eru á markaði / fáanlegar.,2026-09-23T20:59:58.551156,69507
IS,Iceland,Lyfjastofnun,Lerkanidipin Actavis,Lercanidipinum INN hýdróklóríð,20 mg,98 stk.,Filmuhúðuð tafla,065956,C08CA13,Actavis Group PTC ehf.,Teva Pharma Iceland ehf.*,2026-02-09,2026-02-20,2026-01-09,resolved,"Stuttur skortur á heildsölustigi, ólíklegt að skortur hafi áhrif á lyfjanotendur. Lyfjastofnun hefur heimilað lyfjafræðingum að breyta ávísun á lyfið í skorti í  undanþágulyfið  Corifeo 20 mg filmuhúðuð tafla 100 stk, vnr. 993921. Undanþágulyfið er í þýskum pakkningum.",2026-09-23T20:59:58.551700,79510
IS,Iceland,Lyfjastofnun,Nyxoid,Naloxonum INN hýdróklóríð,"1,8 mg","0,1 ml","Nefúði, lausn í stakskammtaíláti",461563,V03AB15,Mundipharma Corporation (Ireland) Limited,Icepharma hf.*,2026-02-09,2026-02-13,2026-02-06,resolved,"Stuttur skortur á heildsölustigi, ólíklegt að skortur hafi áhrif á lyfjanotendur.",2026-09-23T20:59:58.552248,
IS,Iceland,Lyfjastofnun,Simulect,Basiliximabum INN,20 mg,20 mg,"Stungulyfs-/innrennslisstofn, lausn",453823,L04AC02,Novartis Europharm Limited*,Vistor hf,2026-02-08,2026-02-08,2025-12-31,resolved,"Stuttur skortur á heildsölustigi, ólíklegt að skortur hafi áhrif á lyfjanotendur.",2026-09-23T20:59:58.552793,51330
IS,Iceland,Lyfjastofnun,Wellbutrin XR (Lyfjaver),Bupropionum INN hýdróklóríð,300 mg,90 stk.,Tafla með breyttan losunarhraða,401840,N06AX12,Lyfjaver ehf,,2026-02-06,2026-03-16,2026-01-30,resolved,Aðrir styrkleikar og/eða samheitalyf eru á markaði / fáanlegir.,2026-09-23T20:59:58.553320,82899
IS,Iceland,Lyfjastofnun,Hypotron,Midodrinum INN hýdróklóríð,10 mg,100 stk.,Tafla,431009,C01CA17,Brancaster Pharma Ireland Ltd.,,2026-02-06,2026-02-10,2026-01-13,resolved,Aðrir styrkleikar eru á markaði / fáanlegir.,2026-09-23T20:59:58.553848,
IS,Iceland,Lyfjastofnun,Ondansetron Bluefish,Ondansetronum INN hýdróklóríð,4 mg,10 stk.,Filmuhúðuð tafla,098469,A04AA01,Bluefish Pharmaceuticals AB,Artasan ehf,2026-02-06,2026-02-10,2026-01-29,resolved,Aðrar pakkningastærðir eru á markaði / fáanlegar.,2026-09-23T20:59:58.554389,31496
IS,Iceland,Lyfjastofnun,Decutan,Isotretinoinum INN,10 mg,30 stk.,Mjúkt hylki,022904,D10BA01,Teva B.V.*,Teva Pharma Iceland ehf.*,2026-02-05,2026-04-05,2026-01-08,resolved,"Undanþágulyf hefur verið útvegað. Lyfjastofnun hefur heimilað lyfjafræðingum að breyta ávísun á lyfið í skorti í  undanþágulyfið  Isogalen 10 mg 30 stk, vnr. 957936. Undanþágulyfið er í þýskum pakkningum. Lyfjafræðingur skal fylgja gátlista lyfjafræðinga fyrir afgreiðslu á Decutan þegar heimild þessi er nýtt.  Með undanþágulyfinu skal afhenda lyfjanotendum afrit af fylgiseðli fyrir Decutan 10 mg.",2026-09-23T20:59:58.554931,101788
IS,Iceland,Lyfjastofnun,Arcoxia,Etoricoxibum INN,120 mg,7 stk.,Filmuhúðuð tafla,011326,M01AH05,N.V. Organon*,Vistor hf,2026-02-05,2026-02-05,2026-01-20,resolved,"Stuttur skortur á heildsölustigi, ólíklegt að skortur hafi áhrif á lyfjanotendur.",2026-09-23T20:59:58.555493,66761
IS,Iceland,Lyfjastofnun,Decutan,Isotretinoinum INN,20 mg,60 stk.,Mjúkt hylki,470324,D10BA01,Teva B.V.*,Teva Pharma Iceland ehf.*,2026-02-05,2026-04-05,2026-01-08,resolved,Aðrar pakkningastærðir eru á markaði / fáanlegar.,2026-09-23T20:59:58.556037,69507
IS,Iceland,Lyfjastofnun,Ondansetron Bluefish,Ondansetronum INN hýdróklóríð,4 mg,10 stk.,Filmuhúðuð tafla,098469,A04AA01,Bluefish Pharmaceuticals AB,Artasan ehf,2026-02-05,2026-02-08,2026-01-30,resolved,"Stuttur skortur á heildsölustigi, ólíklegt að skortur hafi áhrif á lyfjanotendur.",2026-09-23T20:59:58.556580,31496
IS,Iceland,Lyfjastofnun,Ondansetron Bluefish,Ondansetronum INN hýdróklóríð,4 mg,10 stk.,Filmuhúðuð tafla,098469,A04AA01,Bluefish Pharmaceuticals AB,Artasan ehf,2026-02-05,2026-02-10,2026-01-29,resolved,Samheitalyf er á markaði / fáanlegt.,2026-09-23T20:59:58.557122,31496
IS,Iceland,Lyfjastofnun,Nitroglycerin DAK,Glyceryl trinitrate,"0,25 mg",100 stk.,Tungurótartafla,191045,C01DA02,Orifarm Healthcare A/S,Artasan ehf,2026-02-04,2026-03-19,2026-01-27,resolved,"Aðrar pakkningastærðir eru á markaði / fáanlegar. Nitroglycerin 0,25 er fáanlegt í 25 stk pakkningu",2026-09-23T20:59:58.557710,
IS,Iceland,Lyfjastofnun,Esomeprazol Krka (Heilsa),Esomeprazolum INN,20 mg,98 stk.,Magasýruþolið hart hylki,493562,A02BC05,Heilsa ehf.,,2026-02-04,2026-03-20,2026-02-04,resolved,Samheitalyf er á markaði / fáanlegt.,2026-09-23T20:59:58.558266,24163
IS,Iceland,Lyfjastofnun,Nicotinell Mint,Nicotinum bítartrat,1 mg,144 stk.,Munnsogstafla,399439,N07BA01,Dr. Reddy's Netherlands B.V.,Artasan ehf,2026-02-04,2026-03-13,2026-01-30,resolved,Aðrar pakkningastærðir eru á markaði / fáanlegar.,2026-09-23T20:59:58.558820,125482
IS,Iceland,Lyfjastofnun,Advagraf (Lyfjaver),Tacrolimusum INN mónohýdrat,"0,5 mg",50x1 stk.,Hart forðahylki,047611,L04AD02,Lyfjaver ehf.,,2026-02-03,2026-02-16,2026-02-04,resolved,Samheitalyf er á markaði / fáanlegt.,2026-09-23T20:59:58.559347,96148
IS,Iceland,Lyfjastofnun,Ondansetron Bluefish,Ondansetronum INN hýdróklóríð,4 mg,50 stk.,Filmuhúðuð tafla,374672,A04AA01,Bluefish Pharmaceuticals AB,Artasan ehf,2026-02-03,2026-02-24,2026-01-23,resolved,Aðrar pakkningastærðir eru á markaði / fáanlegar.,2026-09-23T20:59:58.559899,31496
IS,Iceland,Lyfjastofnun,Dailiport,Tacrolimusum INN mónohýdrat,2 mg,50x1 stk.,Hart forðahylki,170231,L04AD02,Sandoz A/S,,2026-02-03,2026-03-10,2026-01-13,resolved,Aðrir styrkleikar eru á markaði / fáanlegir. Nægar birgðir eru til ag Dailiport 0.5mg og 1 mg sem gætu brúað bilið þar til 2 mg koma aftur.,2026-09-23T20:59:58.560424,200719
IS,Iceland,Lyfjastofnun,Doxylin,Doxycyclinum INN,100 mg,15 stk.,Tafla,455956,J01AA02,Actavis Group PTC ehf.,Teva Pharma Iceland ehf.*,2026-02-02,2026-04-15,2026-02-06,resolved,Aðrar pakkningastærðir eru á markaði / fáanlegar. Doxylin 10 stk og 30 stk er fáanlegt ásamt Doxycyklin EQL 100 mg töflur 100 stk vnr 060930,2026-09-23T20:59:58.560964,68438
IS,Iceland,Lyfjastofnun,Rivaroxaban Zentiva,Rivaroxabanum INN,20 mg,98 stk.,Filmuhúðuð tafla,538442,B01AF01,Zentiva k.s.*,,2026-02-02,2026-02-12,2026-02-02,resolved,"Stuttur skortur á heildsölustigi, ólíklegt að skortur hafi áhrif á lyfjanotendur.",2026-09-23T20:59:58.561491,100153
IS,Iceland,Lyfjastofnun,Febuxostat Krka,Febuxostatum INN,80 mg,28 stk.,Filmuhúðuð tafla,560982,M04AA03,"Krka, d.d., Novo mesto",,2026-02-02,2026-07-06,2026-01-07,resolved,Undanþágulyf hefur verið útvegað. Undanþágulyf hefur verið útvegað. Lyfjastofnun hefur heimilað lyfjafræðingum að breyta ávísun á lyfið í skorti í undanþágulyfið Febuxostat 80 mg filmuhúðuð tafla 28 stk. Vnr 976274.,2026-09-23T20:59:58.562025,101788
IS,Iceland,Lyfjastofnun,Parkódín,"Paracetamolum INN, Codeine phosphate hemihydrate",500 mg/10 mg,200 stk.,Filmuhúðuð tafla,065827,N02AJ06,Teva B.V.*,Teva Pharma Iceland ehf.*,2026-02-02,2026-03-16,2025-12-18,resolved,Aðrar pakkningastærðir eru á markaði / fáanlegar.,2026-09-23T20:59:58.562572,
IS,Iceland,Lyfjastofnun,Rivaroxaban Zentiva,Rivaroxabanum INN,15 mg,98 stk.,Filmuhúðuð tafla,460143,B01AF01,Zentiva k.s.*,,2026-02-02,2026-02-12,2026-02-02,resolved,"Stuttur skortur á heildsölustigi, ólíklegt að skortur hafi áhrif á lyfjanotendur.",2026-09-23T20:59:58.563096,100145
IS,Iceland,Lyfjastofnun,Rivaroxaban Zentiva,Rivaroxabanum INN,10 mg,100 stk.,Filmuhúðuð tafla,554571,B01AF01,Zentiva k.s.*,,2026-02-02,2026-02-12,2026-02-02,resolved,"Stuttur skortur á heildsölustigi, ólíklegt að skortur hafi áhrif á lyfjanotendur.",2026-09-23T20:59:58.563637,88862
IS,Iceland,Lyfjastofnun,Venlafaxin Teva,Venlafaxinum INN hýdróklóríð,150 mg,100 stk.,Hart forðahylki,476482,N06AX16,Actavis Group PTC ehf.,,2026-02-02,2026-11-27,2026-01-20,shortage,Samheitalyf er á markaði / fáanlegt.,2026-09-23T20:59:58.564170,
IS,Iceland,Lyfjastofnun,Azithromycin STADA,Azithromycinum INN mónóhýdrat,500 mg,3 stk.,Filmuhúðuð tafla,088545,J01FA10,STADA Arzneimittel AG,,2026-02-02,2026-02-06,2025-12-23,resolved,Samheitalyf er á markaði / fáanlegt.,2026-09-23T20:59:58.564718,115002
IS,Iceland,Lyfjastofnun,Erelzi,Etanerceptum INN,50 mg,1 ml,"Stungulyf, lausn í áfylltum lyfjapenna",558812,L04AB01,Sandoz GmbH*,,2026-02-02,2026-03-23,2026-02-03,resolved,Sérpöntun / útboðslyf.,2026-09-23T20:59:58.565246,106321
IS,Iceland,Lyfjastofnun,Esopram,Escitalopram oxalate,15 mg,100 stk.,Filmuhúðuð tafla,064799,N06AB10,Teva B.V.*,Teva Pharma Iceland ehf.*,2026-02-02,2026-02-20,2026-01-09,resolved,Samheitalyf er á markaði / fáanlegt.,2026-09-23T20:59:58.565789,58394
IS,Iceland,Lyfjastofnun,Epiduo,"Adapalenum INN, Benzoyl peroxide","0,1 % / 2,5 %",60 g,Hlaup,408675,D10AD53,Galderma Nordic AB*,Icepharma hf,2026-02-02,2026-06-14,2026-02-09,resolved,"Undanþágulyf hefur verið útvegað. Lyfjastofnun hefur heimilað lyfjafræðingum í apóteki að breyta ávísun á lyfið í skorti í undanþágulyfið Epiduo 0,1/2.5% 60 g túpu vnr. 985075. Undanþágulyfið er í finnsk/sænskum umbúðum.",2026-09-23T20:59:58.566334,148695
IS,Iceland,Lyfjastofnun,Panodil Junior,Paracetamolum INN,24 mg/ml,100 ml,"Mixtúra, dreifa",495731,N02BE01,Haleon Denmark ApS,Artasan ehf,2026-02-01,2026-02-10,2025-11-18,resolved,Samhliða innflutt lyf er á markaði / fáanlegt.,2026-09-23T20:59:58.566913,33308
IS,Iceland,Lyfjastofnun,Brieka,Pregabalinum INN,75 mg,100 stk.,Hart hylki,083275,N02BF02,Teva B.V.*,Teva Pharma Iceland ehf.*,2026-02-01,2026-05-25,2025-12-18,resolved,Samheitalyf er á markaði / fáanlegt.,2026-09-23T20:59:58.567487,82899
IS,Iceland,Lyfjastofnun,Tegretol,Carbamazepinum INN,200 mg,100 stk.,Tafla,157863,N03AF01,Novartis Healthcare A/S,Vistor hf,2026-01-31,2026-02-18,2026-01-14,resolved,Undanþágulyf hefur verið útvegað. Heildsalan Distica hefur útvegað undanþágulyfið Tegretol 200 mg 50 stk (Vnr 965926),2026-09-23T20:59:58.568042,7579
IS,Iceland,Lyfjastofnun,Levetiracetam Actavis,Levetiracetamum INN,500 mg,100 stk.,Filmuhúðuð tafla,155415,N03AX14,Actavis Group PTC ehf.,Teva Pharma Iceland ehf.*,2026-01-31,2026-02-27,2026-01-26,resolved,Aðrir styrkleikar eru á markaði / fáanlegir.,2026-09-23T20:59:58.568596,58394
IS,Iceland,Lyfjastofnun,Jext,Adrenalinum bítartrat (Epinephrinum INN bítartrat),150 míkróg,"0,15 ml","Stungulyf, lausn í áfylltum lyfjapenna",567460,C01CA24,ALK-Abelló A/S,Vistor hf,2026-01-31,2026-01-31,2026-01-09,resolved,"Stuttur skortur á heildsölustigi, ólíklegt að skortur hafi áhrif á lyfjanotendur.",2026-09-23T20:59:58.569148,145440
IS,Iceland,Lyfjastofnun,Procoralan,Ivabradinum INN hýdróklóríð,"7,5 mg",56 stk.,Filmuhúðuð tafla,041105,C01EB17,Les Laboratoires Servier*,Icepharma hf,2026-01-30,2026-02-05,2026-01-30,resolved,"Undanþágulyf hefur verið útvegað. Heildsalan Parlogis hefur útvegað undanþágulyfið Procoralan 7,5 mg filmuhúðuð tafla, 112 stk, vnr. 989698.",2026-09-23T20:59:58.569697,59056
IS,Iceland,Lyfjastofnun,Advagraf (Lyfjaver),Tacrolimusum INN mónohýdrat,3 mg,50x1 stk.,Hart forðahylki,140792,L04AD02,Lyfjaver ehf.,,2026-01-30,2026-02-16,2026-01-23,resolved,Aðrir styrkleikar og/eða samheitalyf eru á markaði / fáanlegir.,2026-09-23T20:59:58.570228,96164
IS,Iceland,Lyfjastofnun,Carbaglu,Acidum carglumicum INN,200 mg,60 stk.,Dreifitafla,014889,A16AA05,Recordati Rare Diseases*,Recordati AB*,2026-01-30,2026-01-30,2026-01-27,resolved,"Stuttur skortur á heildsölustigi, ólíklegt að skortur hafi áhrif á lyfjanotendur.",2026-09-23T20:59:58.570774,81205
IS,Iceland,Lyfjastofnun,Sertral,Sertralinum INN hýdróklóríð,100 mg,98 stk.,Filmuhúðuð tafla,011880,N06AB06,Teva B.V.*,Teva Pharma Iceland ehf.*,2026-01-30,2026-04-02,2025-12-18,resolved,Samheitalyf er á markaði / fáanlegt.,2026-09-23T20:59:58.571325,39411
IS,Iceland,Lyfjastofnun,Wellbutrin Retard (Lyfjaver),Bupropionum INN hýdróklóríð,300 mg,90 stk.,Tafla með breyttan losunarhraða,584402,N06AX12,Lyfjaver ehf.,,2026-01-29,2026-02-23,2026-01-30,resolved,Aðrir styrkleikar og/eða samheitalyf eru á markaði / fáanlegir.,2026-09-23T20:59:58.571848,82899
IS,Iceland,Lyfjastofnun,Kaleorid,Potassium chloride,750 mg,250 stk.,Forðatafla,054877,A12BA01,Karo Pharma AB*,Alvogen ehf.,2026-01-29,2026-02-12,2026-01-29,resolved,Aðrar pakkningastærðir eru á markaði / fáanlegar.,2026-09-23T20:59:58.572391,
IS,Iceland,Lyfjastofnun,Ramíl,Ramiprilum INN,"2,5 mg",100 stk.,Tafla,046269,C09AA05,Teva B.V.*,Teva Pharma Iceland ehf.*,2026-01-29,2026-04-13,2025-12-18,resolved,Undanþágulyf hefur verið útvegað. Heildsalan Parlogis hefur útvegað undanþágulyfið Ramipril 2.5 mg 100 töflur vnr 969717. Lyfið er í þýskum umbúðum.,2026-09-23T20:59:58.572942,50555
IS,Iceland,Lyfjastofnun,Bemfola,Follitropinum alfa INN,"300 a.e./0,50 ml","0,5 ml","Stungulyf, lausn í áfylltum lyfjapenna",515399,G03GA05,Gedeon Richter Plc.*,,2026-01-28,2026-04-20,2026-04-15,resolved,Aðrar pakkningastærðir eru á markaði / fáanlegar.,2026-09-23T20:59:58.573474,117587
IS,Iceland,Lyfjastofnun,Bemfola,Follitropinum alfa INN,"300 a.e./0,50 ml","0,5 ml","Stungulyf, lausn í áfylltum lyfjapenna",515399,G03GA05,Gedeon Richter Plc.*,,2026-01-28,2026-04-20,2026-01-24,resolved,Aðrir styrkleikar og pakkningastærðir eru á markaði / fáanlegir.,2026-09-23T20:59:58.573996,117587
IS,Iceland,Lyfjastofnun,Alutard SQ (Dog hair),Hundahár,,5 ml,"Stungulyf, dreifa",025155,V01AA11,ALK-Abelló A/S,Vistor hf,2026-01-28,2026-01-28,2025-09-18,resolved,Ekkert sambærilegt lyf er á markaði / fáanlegt.,2026-09-23T20:59:58.574532,
IS,Iceland,Lyfjastofnun,Eplerenone Alvogen,Eplerenonum INN,50 mg,100 stk.,Filmuhúðuð tafla,386959,C03DA04,Alvogen ehf.,,2026-01-28,2026-03-17,2026-01-05,resolved,Samheitalyf er á markaði / fáanlegt.,2026-09-23T20:59:58.575051,73458
IS,Iceland,Lyfjastofnun,Alutard SQ (Cat hair),Kattahár,,5 ml,"Stungulyf, dreifa",026096,V01AA11,ALK-Abelló A/S,Vistor hf,2026-01-28,2026-01-28,2025-10-31,resolved,"Stuttur skortur á heildsölustigi, ólíklegt að skortur hafi áhrif á lyfjanotendur.",2026-09-23T20:59:58.575601,
IS,Iceland,Lyfjastofnun,Dailiport,Tacrolimusum INN mónohýdrat,5 mg,50x1 stk.,Hart forðahylki,040982,L04AD02,Sandoz A/S,,2026-01-27,2026-01-27,2025-12-25,resolved,Samheitalyf er á markaði / fáanlegt.,2026-09-23T20:59:58.576124,96172
IS,Iceland,Lyfjastofnun,Voriconazole Accord,Voriconazolum INN,50 mg,30 stk.,Filmuhúðuð tafla,375275,J02AC03,Accord Healthcare S.L.U.,,2026-01-27,2026-01-27,2025-12-22,resolved,Aðrir styrkleikar eru á markaði / fáanlegir.,2026-09-23T20:59:58.576639,63592
IS,Iceland,Lyfjastofnun,Sumatriptan Bluefish,Sumatriptanum INN súkkínat,50 mg,18 stk.,Tafla,035722,N02CC01,Bluefish Pharmaceuticals AB,Artasan ehf,2026-01-27,2026-02-10,2025-12-24,resolved,Aðrar pakkningastærðir eru á markaði / fáanlegar.,2026-09-23T20:59:58.577183,41378
IS,Iceland,Lyfjastofnun,DuoResp Spiromax,"Budesonidum INN, Formoterolum INN fúmarat","160 míkróg/4,5 míkróg",120 skammtar,Innöndunarduft,048196,R03AK07,Teva Pharma B.V.,Alvogen ehf.,2026-01-27,2026-02-12,2026-01-28,resolved,Aðrar pakkningastærðir eru á markaði / fáanlegar.,2026-09-23T20:59:58.577769,79944
IS,Iceland,Lyfjastofnun,Lenvima,Lenvatinibum INN mesýlat,10 mg,30 stk.,Hart hylki,147902,L01EX08,Eisai GmbH,Eisai AB*,2026-01-27,2026-01-27,2025-12-24,resolved,Aðrir styrkleikar eru á markaði / fáanlegir.,2026-09-23T20:59:58.578315,133256
IS,Iceland,Lyfjastofnun,Risolid,Chlordiazepoxidum INN,10 mg,24 stk.,Filmuhúðuð tafla,144964,N05BA02,Teva B.V.*,Teva Pharma Iceland ehf.*,2026-01-27,2026-02-28,2026-01-26,resolved,Aðrir styrkleikar eru á markaði / fáanlegir. Lyfið er fáanlegt í 25 mg.,2026-09-23T20:59:58.578861,
IS,Iceland,Lyfjastofnun,Risperdal Consta,Risperidonum INN,"37,5 mg","37,5 mg","Stungulyfsstofn og leysir, forðadreifa",520186,N05AX08,Janssen-Cilag AB,Vistor hf,2026-01-27,2026-01-27,2025-11-27,resolved,"Stuttur skortur á heildsölustigi, ólíklegt að skortur hafi áhrif á lyfjanotendur.",2026-09-23T20:59:58.579419,68276
IS,Iceland,Lyfjastofnun,Oropram,Citalopram hydrobromide,10 mg,100 stk.,Filmuhúðuð tafla,134959,N06AB04,Teva B.V.*,,2026-01-26,2026-03-10,2026-01-09,resolved,Samheitalyf er á markaði / fáanlegt. Bæði Oropram 20 mg og Citalopram 20 mg má skipta í jafna skammta.,2026-09-23T20:59:58.579958,61077
IS,Iceland,Lyfjastofnun,Leptanal,Fentanylum INN cítrat,50 míkróg/ml,10 ml,"Stungulyf, lausn",516532,N01AH01,Piramal Critical Care B.V.,Williams & Halls ehf.,2026-01-26,2100-12-31,2025-10-16,shortage,Aðrar pakkningastærðir eru á markaði / fáanlegar.,2026-09-23T20:59:58.580511,5169
IS,Iceland,Lyfjastofnun,Ramíl,Ramiprilum INN,5 mg,100 stk.,Tafla,049678,C09AA05,Teva B.V.*,Teva Pharma Iceland ehf.*,2026-01-26,2026-02-27,2025-12-18,resolved,Undanþágulyf hefur verið útvegað. Heildsalan Parlogis hefur útvegað undanþágulyfið Ramipril 5 mg (990582). Lyfið er í þýskum umbúðum.,2026-09-23T20:59:58.581054,50563
IS,Iceland,Lyfjastofnun,Mucolysin,Acetylcysteinum INN,600 mg,10 stk.,Freyðitafla,488820,R05CB01,Sandoz A/S*,,2026-01-24,2026-01-27,2026-01-02,resolved,Samheitalyf er á markaði / fáanlegt.,2026-09-23T20:59:58.581577,25038
IS,Iceland,Lyfjastofnun,Spiriva Respimat,Tiotropii bromidum INN,"2,5 míkróg/skammt",1 stk.,Innöndunarlausn,408166,R03BB04,Boehringer Ingelheim International GmbH*,Vistor hf,2026-01-24,2026-03-06,2026-01-15,resolved,Aðrar pakkningastærðir eru á markaði / fáanlegar.,2026-09-23T20:59:58.582132,84808
IS,Iceland,Lyfjastofnun,Flagyl,Metronidazolum INN,500 mg,10 stk.,Leggangastíll,151217,G01AF01,FIDIA Farmaceutici S.p.A.*,,2026-01-24,2026-01-27,2026-01-06,resolved,"Stuttur skortur á heildsölustigi, ólíklegt að skortur hafi áhrif á lyfjanotendur.",2026-09-23T20:59:58.582675,5207
IS,Iceland,Lyfjastofnun,Imovane,Zopiclonum INN,"7,5 mg",28 stk.,Filmuhúðuð tafla,516291,N05CF01,Sanofi-aventis Norge AS,Vistor hf,2026-01-23,2026-01-27,2026-01-09,resolved,Samheitalyf er á markaði / fáanlegt.,2026-09-23T20:59:58.583228,24732
IS,Iceland,Lyfjastofnun,Advagraf (Lyfjaver),Tacrolimusum INN mónohýdrat,5 mg,50x1 stk.,Hart forðahylki,146428,L04AD02,Lyfjaver ehf.,,2026-01-23,2026-02-16,2026-01-23,resolved,Aðrir styrkleikar og/eða samheitalyf eru á markaði / fáanlegir.,2026-09-23T20:59:58.583756,96172
IS,Iceland,Lyfjastofnun,Voltaren,Diclofenacum INN tvíetýlamín,"11,6 mg/g",100 g,Hlaup,020048,M02AA15,Haleon Denmark ApS,Artasan ehf,2026-01-23,2026-01-23,2026-01-09,resolved,Aðrir styrkleikar eru á markaði / fáanlegir.,2026-09-23T20:59:58.584304,84344
IS,Iceland,Lyfjastofnun,Gabapentin Sandoz,Gabapentinum INN,300 mg,100 stk.,Hart hylki,397458,N02BF01,Sandoz A/S*,,2026-01-23,2026-01-29,2026-01-03,resolved,.,2026-09-23T20:59:58.584845,52825
IS,Iceland,Lyfjastofnun,Malastad,"Atovaquonum INN, Proguanilum INN hýdróklóríð",250/100mg mg,12 stk.,Filmuhúðuð tafla,373184,P01BB51,STADA Arzneimittel AG,,2026-01-23,2026-01-23,2026-01-14,resolved,"Stuttur skortur á heildsölustigi, ólíklegt að skortur hafi áhrif á lyfjanotendur.",2026-09-23T20:59:58.585369,54771
IS,Iceland,Lyfjastofnun,Marbodin,Memantinum INN hýdróklóríð,10 mg,30 stk.,Filmuhúðuð tafla,079272,N06DX01,STADA Arzneimittel AG,,2026-01-23,2026-01-26,2026-01-23,resolved,"Stuttur skortur á heildsölustigi, ólíklegt að skortur hafi áhrif á lyfjanotendur.",2026-09-23T20:59:58.585897,
IS,Iceland,Lyfjastofnun,Actilyse,Alteplasum INN,,50 mg,"Stungulyfs-/innrennslisstofn og leysir, lausn",404533,B01AD02,Boehringer Ingelheim International GmbH*,,2026-01-22,2026-01-22,2026-01-06,resolved,Aðrar pakkningastærðir eru á markaði / fáanlegar.,2026-09-23T20:59:58.586424,25747
IS,Iceland,Lyfjastofnun,Hizentra,Human normal immunoglobulin,200 mg/ml,50 ml,"Stungulyf, lausn",139631,J06BA01,CSL Behring GmbH*,CSL Behring AB,2026-01-22,2026-02-05,2026-01-22,resolved,Aðrar pakkningastærðir eru á markaði / fáanlegar.,2026-09-23T20:59:58.586967,108146
IS,Iceland,Lyfjastofnun,Xeplion,Paliperidonum INN palmítat,150 mg,150 mg,"Stungulyf, forðadreifa",536460,N05AX13,Janssen-Cilag International NV*,Vistor hf,2026-01-22,2026-01-30,2025-12-18,resolved,Aðrir styrkleikar eru á markaði / fáanlegir.,2026-09-23T20:59:58.587533,96997
IS,Iceland,Lyfjastofnun,Pyzchiva,Ustekinumabum INN,45 mg,"0,5 ml","Stungulyf, lausn í áfylltri sprautu",430898,L04AC05,Samsung Bioepis NL B.V.,,2026-01-22,2026-02-24,2026-01-02,resolved,Samheitalyf er á markaði / fáanlegt.,2026-09-23T20:59:58.588063,102989
IS,Iceland,Lyfjastofnun,Ropinirole Alvogen,Ropinirolum INN hýdróklóríð,2 mg,84 stk.,Forðatafla,379796,N04BC04,Alvogen ehf.,,2026-01-22,2027-01-15,2026-01-09,shortage,"Undanþágulyf hefur verið útvegað. Heildsalan Parlogis hefur útvegað undanþágulyf, Lyfjastofnun hefur heimilað lyfjafræðingum að breyta ávísun á lyfið í skorti í undanþágulyfin Ropinostad 2 mg forðatöflur 84 stk vnr. 972967 í dönskum pakkningum og Ropinirol 2 mg forðatöflur 84 stk. vnr. 966515 í þýskum pakkningum.",2026-09-23T20:59:58.588584,198390
IS,Iceland,Lyfjastofnun,Qutenza,Capsaicinum INN,179 mg,1 stk.,Húðplástur,094812,N01BX04,Grünenthal GmbH*,Vistor hf,2026-01-22,2026-01-22,2025-12-11,resolved,Önnur lyfjaform eru á markaði / fáanleg.,2026-09-23T20:59:58.589123,7919
IS,Iceland,Lyfjastofnun,Mekinist,Trametinibum INN,"0,5 mg",30 stk.,Filmuhúðuð tafla,374194,L01EE01,Novartis Europharm Limited*,Vistor hf,2026-01-21,2026-01-21,2025-12-13,resolved,"Stuttur skortur á heildsölustigi, ólíklegt að skortur hafi áhrif á lyfjanotendur.",2026-09-23T20:59:58.589663,127892
IS,Iceland,Lyfjastofnun,Nicotinell Mint,Nicotinum INN,1 mg,150 úðaskammtar,"Munnholsúði, lausn",145887,N07BA01,Dr. Reddy's Netherlands B.V.,,2026-01-21,2026-01-21,2026-01-02,resolved,Aðrar pakkningastærðir og lyfjaform eru á markaði / fáanlegar.,2026-09-23T20:59:58.590186,
IS,Iceland,Lyfjastofnun,Hyrimoz,Adalimumabum INN,40 mg,"0,4 ml","Stungulyf, lausn í áfylltum lyfjapenna",575499,L04AB04,Sandoz GmbH*,,2026-01-21,2026-01-21,2025-12-16,resolved,"Önnur lyfjaform eru á markaði / fáanleg. Hyrimoz stungulyf, lausn í áfylltri sprautu 0,4 ml *2 er fáanlegt",2026-09-23T20:59:58.590714,
IS,Iceland,Lyfjastofnun,Calquence,Acalabrutinibum INN,100 mg,60 stk.,Filmuhúðuð tafla,099916,L01EL02,AstraZeneca AB*,Vistor hf,2026-01-21,2026-01-21,2026-01-08,resolved,"Stuttur skortur á heildsölustigi, ólíklegt að skortur hafi áhrif á lyfjanotendur.",2026-09-23T20:59:58.591277,222267
IS,Iceland,Lyfjastofnun,Maxidex,Dexamethasonum INN fosfat,1 mg/ml,5 ml,"Augndropar, dreifa",486860,S01BA01,Novartis Healthcare A/S,Vistor hf,2026-01-21,2026-01-21,2025-10-31,resolved,"Stuttur skortur á heildsölustigi, ólíklegt að skortur hafi áhrif á lyfjanotendur.",2026-09-23T20:59:58.591815,
IS,Iceland,Lyfjastofnun,Pomalidomide Zentiva,Pomalidomidum INN,1 mg,21 x 1 stk.,Hart hylki,555521,L04AX06,Zentiva k.s.*,,2026-01-21,2026-01-28,2026-01-22,resolved,"Stuttur skortur á heildsölustigi, ólíklegt að skortur hafi áhrif á lyfjanotendur. Ýmis samheitalyf eru fáanleg.",2026-09-23T20:59:58.592336,107514
IS,Iceland,Lyfjastofnun,Quetiapin Actavis,Quetiapinum INN fúmarat,25 mg,100 stk.,Filmuhúðuð tafla,172723,N05AH04,Actavis Group PTC ehf.,Teva Pharma Iceland ehf.*,2026-01-21,2026-02-20,2026-01-12,resolved,Samheitalyf er á markaði / fáanlegt.,2026-09-23T20:59:58.592875,50741
IS,Iceland,Lyfjastofnun,Tafinlar,Dabrafenibum INN,75 mg,120 stk.,Hart hylki,459037,L01EC02,Novartis Europharm Limited*,Vistor hf,2026-01-21,2026-01-21,2025-12-24,resolved,Aðrir styrkleikar eru á markaði / fáanlegir.,2026-09-23T20:59:58.593416,69310
IS,Iceland,Lyfjastofnun,Nicotinell,Nicotinum INN,21 mg/24 klst.,7 stk.,Forðaplástur,488813,N07BA01,Dr. Reddy's Netherlands B.V.,,2026-01-21,2026-01-21,2026-01-10,resolved,Aðrir styrkleikar og/eða samheitalyf eru á markaði / fáanlegir.,2026-09-23T20:59:58.593941,
IS,Iceland,Lyfjastofnun,Votrient,Pazopanibum INN hýdróklóríð,200 mg,90 stk.,Filmuhúðuð tafla,093072,L01EX03,Novartis Europharm Limited*,Vistor hf,2026-01-21,2026-01-21,2025-12-17,resolved,Aðrir styrkleikar og pakkningastærðir eru á markaði / fáanlegir. Ekki má brjóta eða mylja töflurnar þar sem það getur haft áhrif á nýtingu lyfsins frá meltingarvegi og aukið líkur á aukaverkunum.,2026-09-23T20:59:58.594479,100129
IS,Iceland,Lyfjastofnun,Xarelto,Rivaroxabanum INN,10 mg,98 stk.,Filmuhúðuð tafla,480750,B01AF01,Bayer AG*,Icepharma hf,2026-01-21,2026-02-10,2026-01-21,resolved,Aðrar pakkningastærðir eru á markaði / fáanlegar.,2026-09-23T20:59:58.595019,88862
IS,Iceland,Lyfjastofnun,Synjardy,"Empagliflozinum INN, Metforminum INN hýdróklóríð","12,5 mg/1000 mg",180 stk.,Filmuhúðuð tafla,060581,A10BD20,Boehringer Ingelheim International GmbH*,Vistor hf,2026-01-21,2026-01-22,2026-01-09,resolved,"Stuttur skortur á heildsölustigi, ólíklegt að skortur hafi áhrif á lyfjanotendur.",2026-09-23T20:59:58.595561,
IS,Iceland,Lyfjastofnun,Elvanse Adult,lisdexamfetaminum INN dimesylate,30 mg,30 stk.,Hart hylki,424477,N06BA12,Takeda Pharmaceuticals International AG Ireland Branch,Vistor hf,2026-01-21,2026-01-21,2026-01-17,resolved,Aðrir styrkleikar og/eða samheitalyf eru á markaði / fáanlegir.,2026-09-23T20:59:58.596105,198390
IS,Iceland,Lyfjastofnun,Nicotinell Mint,Nicotine resinate,4 mg,24 stk.,Lyfjatyggigúmmí,082334,N07BA01,Dr. Reddy's Netherlands B.V.,Artasan ehf,2026-01-21,2026-01-21,2026-01-03,resolved,Aðrir styrkleikar og/eða samheitalyf eru á markaði / fáanlegir.,2026-09-23T20:59:58.596646,
IS,Iceland,Lyfjastofnun,Esomeprazol Krka (Heilsa),Esomeprazolum INN,40 mg,98 stk.,Magasýruþolið hart hylki,560865,A02BC05,Heilsa ehf.,,2026-01-21,2026-03-20,2026-01-21,resolved,Samheitalyf er á markaði / fáanlegt.,2026-09-23T20:59:58.597171,17892
IS,Iceland,Lyfjastofnun,Synjardy,"Empagliflozinum INN, Metforminum INN hýdróklóríð","12,5 mg/1000 mg",180 stk.,Filmuhúðuð tafla,060581,A10BD20,Boehringer Ingelheim International GmbH*,Vistor hf,2026-01-20,2026-01-23,2026-01-09,resolved,"Stuttur skortur á heildsölustigi, ólíklegt að skortur hafi áhrif á lyfjanotendur.",2026-09-23T20:59:58.597756,
IS,Iceland,Lyfjastofnun,Adrenalin Mylan,Adrenalinum bítartrat (Epinephrinum INN bítartrat),1 mg/ml,1 ml,"Stungulyf, lausn",130286,C01CA24,Viatris Limited,Icepharma hf,2026-01-20,2026-03-16,2025-11-13,resolved,"Undanþágulyf hefur verið útvegað. Heildsalan Parlogis hefur útvegað undanþágulyfið Adrenalin 1 mg/ml stl 1 ml x 10, vnr. 984296",2026-09-23T20:59:58.598300,145416
IS,Iceland,Lyfjastofnun,Pneumovax,"Pneumococcal Polysaccharide Danish types 1,2,3,4,5,6B,7F,8,9N,9V,10A,11A,12F,14,15B,17F,18,C,19A, 19F,20,22F,23F,33F",25 míkróg,"0,5 ml","Stungulyf, lausn í áfylltri sprautu",373611,J07AL01,Merck Sharp & Dohme B.V.*,Vistor hf,2026-01-20,2026-01-20,2026-01-06,resolved,"Stuttur skortur á heildsölustigi, ólíklegt að skortur hafi áhrif á lyfjanotendur.",2026-09-23T20:59:58.598843,
IS,Iceland,Lyfjastofnun,Sandostatin,Octreotidum INN,100 míkróg/ml,1 ml,"Stungulyf, lausn",057349,H01CB02,Novartis Healthcare A/S,Vistor hf,2026-01-20,2026-01-20,2025-12-18,resolved,Aðrir styrkleikar eru á markaði / fáanlegir.,2026-09-23T20:59:58.599381,27510
IS,Iceland,Lyfjastofnun,Evrysdi,Risdiplamum INN,5 mg,28 x 1 stk.,Filmuhúðuð tafla,497855,M09AX10,Roche Registration GmbH*,Icepharma hf.*,2026-01-20,2026-01-29,2026-01-20,resolved,Önnur lyfjaform eru á markaði / fáanleg.,2026-09-23T20:59:58.599927,218723
IS,Iceland,Lyfjastofnun,ALBUTEIN,Human albumin solution,200 g/l,100 ml,"Innrennslislyf, lausn",126121,B05AA01,Instituto Grifols S.A.*,Grifols Nordic AB,2026-01-20,2026-01-27,2026-01-22,resolved,Samheitalyf er á markaði / fáanlegt.,2026-09-23T20:59:58.600466,24082
IS,Iceland,Lyfjastofnun,Certican,Everolimusum INN,"0,75 mg",60 stk.,Tafla,014853,L04AH02,Novartis Healthcare A/S,Vistor hf,2026-01-20,2026-01-20,2025-12-26,resolved,Aðrir styrkleikar eru á markaði / fáanlegir.,2026-09-23T20:59:58.601004,90220
IS,Iceland,Lyfjastofnun,Nicotinell IceMint,NICOTINE POLACRILEX,2 mg,204 stk.,Lyfjatyggigúmmí,035926,N07BA01,Dr. Reddy's Netherlands B.V.,,2026-01-19,2026-02-10,2025-12-31,resolved,Aðrir styrkleikar og pakkningastærðir eru á markaði / fáanlegir.,2026-09-23T20:59:58.601528,
IS,Iceland,Lyfjastofnun,Sondelbay,Teriparatidum INN,20 míkróg /80 míkról,28 skammtar,"Stungulyf, lausn í áfylltum lyfjapenna",490780,H05AA02,Accord Healthcare S.L.U.,,2026-01-19,2026-02-04,2026-01-07,resolved,Samheitalyf er á markaði / fáanlegt.,2026-09-23T20:59:58.602057,131601
IS,Iceland,Lyfjastofnun,Parkódín,"Paracetamolum INN, Codeine phosphate hemihydrate",500 mg/10 mg,30 stk.,Filmuhúðuð tafla,577021,N02AJ06,Teva B.V.*,Teva Pharma Iceland ehf.*,2026-01-19,2026-01-30,2026-01-09,resolved,Aðrar pakkningastærðir eru á markaði / fáanlegar.,2026-09-23T20:59:58.602600,
IS,Iceland,Lyfjastofnun,Nicorette Invisi,Nicotinum INN,10 mg/16 klst.,14 stk.,Forðaplástur,065752,N07BA01,McNeil Denmark ApS,Vistor hf,2026-01-18,2026-01-21,2025-12-23,resolved,Aðrir styrkleikar og lyfjaform eru á markaði / fáanlegir.,2026-09-23T20:59:58.603136,
IS,Iceland,Lyfjastofnun,Beyfortus,Nirsevimabum INN,100 mg,1 ml,"Stungulyf, lausn í áfylltri sprautu",104811,J06BD08,Sanofi Winthrop Industrie,Vistor hf,2026-01-17,2026-01-17,2025-10-07,resolved,Sérpöntun / útboðslyf. Allur lager lyfsins sem til er í landinu tilheyrir landlækni sem úthlutar lyfinu skv. bólusetningar áætlun,2026-09-23T20:59:58.603675,232971
IS,Iceland,Lyfjastofnun,Oviderm,Propylene Glycol,250 mg/g,100 g,Krem,094843,D02AX,Galenica AB,,2026-01-17,2026-01-17,2025-12-24,resolved,Aðrar pakkningastærðir eru á markaði / fáanlegar.,2026-09-23T20:59:58.604195,
IS,Iceland,Lyfjastofnun,Sevorane,Sevoflurane,100 %,250 ml,"Innöndunargufa, vökvi",007462,N01AB08,AbbVie A/S,Vistor hf,2026-01-17,2026-01-17,2025-12-20,resolved,"Stuttur skortur á heildsölustigi, ólíklegt að skortur hafi áhrif á lyfjanotendur.",2026-09-23T20:59:58.604735,
IS,Iceland,Lyfjastofnun,ALBUTEIN,Human albumin solution,50 g/l,500 ml,"Innrennslislyf, lausn",372708,B05AA01,Instituto Grifols S.A.*,Grifols Nordic AB,2026-01-17,2026-03-24,2026-01-22,resolved,Samheitalyf er á markaði / fáanlegt.,2026-09-23T20:59:58.605276,99279
IS,Iceland,Lyfjastofnun,Tanonalla,"Oxycodonum INN hýdróklóríð, Naloxonum INN hýdróklóríð","5 mg/2,5 mg",28 stk.,Forðatafla,070713,N02AA55,Sandoz A/S,,2026-01-17,2026-03-03,2026-01-10,resolved,"Stuttur skortur á heildsölustigi, ólíklegt að skortur hafi áhrif á lyfjanotendur.",2026-09-23T20:59:58.605810,90220
IS,Iceland,Lyfjastofnun,Zyprexa,Olanzapinum INN,10 mg,10 mg,"Stungulyfsstofn, lausn",005885,N05AH03,"CHEPLAPHARM Registration GmbH,",,2026-01-17,2026-01-17,2025-10-22,resolved,"Stuttur skortur á heildsölustigi, ólíklegt að skortur hafi áhrif á lyfjanotendur.",2026-09-23T20:59:58.606339,71013
IS,Iceland,Lyfjastofnun,Nicotinell Mint,Nicotine resinate,2 mg,24 stk.,Lyfjatyggigúmmí,104503,N07BA01,Dr. Reddy's Netherlands B.V.,Artasan ehf,2026-01-17,2026-02-10,2025-12-31,resolved,Aðrir styrkleikar og pakkningastærðir eru á markaði / fáanlegir.,2026-09-23T20:59:58.606892,
IS,Iceland,Lyfjastofnun,Otezla,Apremilastum INN,30 mg,56 stk.,Filmuhúðuð tafla,139604,L04AA32,Amgen Europe B.V.*,Vistor hf,2026-01-16,2026-01-16,2026-01-06,resolved,Aðrar pakkningastærðir eru á markaði / fáanlegar.,2026-09-23T20:59:58.607466,125709
IS,Iceland,Lyfjastofnun,Nicorette Invisi,Nicotinum INN,15 mg/16 klst.,7 stk.,Forðaplástur,065740,N07BA01,McNeil Denmark ApS,Vistor hf,2026-01-16,2026-01-21,2026-01-06,resolved,"Stuttur skortur á heildsölustigi, ólíklegt að skortur hafi áhrif á lyfjanotendur.",2026-09-23T20:59:58.608039,
IS,Iceland,Lyfjastofnun,Soolantra,Ivermectinum INN,10 mg/g,30 g,Krem,119528,D11AX22,Galderma Nordic AB*,Icepharma hf.*,2026-01-16,2026-01-27,2026-01-19,resolved,"Stuttur skortur á heildsölustigi, ólíklegt að skortur hafi áhrif á lyfjanotendur.",2026-09-23T20:59:58.608586,129674
IS,Iceland,Lyfjastofnun,Amlodipine Vitabalans,Amlodipinum INN besýlat,5 mg,100 stk.,Tafla,140132,C08CA01,Vitabalans Oy,,2026-01-16,2026-02-11,2025-12-10,resolved,Samheitalyf er á markaði / fáanlegt.,2026-09-23T20:59:58.609121,123315
IS,Iceland,Lyfjastofnun,Imigran,Sumatriptan,20 mg/skammt,"0,1 ml","Nefúði, lausn",441451,N02CC01,GlaxoSmithKline Pharma A/S,Vistor hf,2026-01-16,2026-02-04,2025-12-24,resolved,Önnur lyfjaform eru á markaði / fáanleg.,2026-09-23T20:59:58.609663,45845
IS,Iceland,Lyfjastofnun,Procoralan,Ivabradinum INN hýdróklóríð,"7,5 mg",56 stk.,Filmuhúðuð tafla,041105,C01EB17,Les Laboratoires Servier*,Icepharma hf,2026-01-16,2026-01-27,2026-01-20,resolved,Aðrar pakkningastærðir eru á markaði / fáanlegar.,2026-09-23T20:59:58.610208,59056
IS,Iceland,Lyfjastofnun,Cystadane,Betainum anhydricum,1 g,180 g,Duft til inntöku,108697,A16AA06,Recordati Rare Diseases*,Recordati AB*,2026-01-16,2026-01-16,2025-12-18,resolved,Til skoðunar.,2026-09-23T20:59:58.610769,130583
IS,Iceland,Lyfjastofnun,REZOLSTA,"Darunavirum INN ethanólat, Cobicistatum INN",800 mg/150 mg,30 stk.,Filmuhúðuð tafla,141015,J05AR14,Janssen-Cilag International NV*,Vistor hf,2026-01-16,2026-01-30,2026-01-17,resolved,Ekkert sambærilegt lyf er á markaði / fáanlegt.,2026-09-23T20:59:58.611319,201677
IS,Iceland,Lyfjastofnun,Nicotinell,Nicotinum INN,7 mg/24 klst.,7 stk.,Forðaplástur,464751,N07BA01,Dr. Reddy's Netherlands B.V.,,2026-01-15,2026-03-30,2026-01-30,resolved,Aðrar pakkningastærðir eru á markaði / fáanlegar.,2026-09-23T20:59:58.611844,197998
IS,Iceland,Lyfjastofnun,Pentasa,Mesalazinum INN,1 g,28 stk.,Endaþarmsstíll,104760,A07EC02,Ferring Lægemidler A/S,Vistor hf,2026-01-15,2026-01-15,2025-11-27,resolved,Aðrir styrkleikar og lyfjaform eru á markaði / fáanlegir.,2026-09-23T20:59:58.612387,34215
IS,Iceland,Lyfjastofnun,Nicotinell,Nicotinum INN,7 mg/24 klst.,7 stk.,Forðaplástur,464751,N07BA01,Dr. Reddy's Netherlands B.V.,,2026-01-15,2026-01-27,2025-12-26,resolved,Aðrir styrkleikar eru á markaði / fáanlegir.,2026-09-23T20:59:58.612914,197998
IS,Iceland,Lyfjastofnun,Detrusitol Retard,TOLTERODINE L-TARTRATE,4 mg,30 stk.,Hart forðahylki,007760,G04BD07,Viatris ApS,Icepharma hf.*,2026-01-15,2026-05-06,2026-01-16,resolved,Undanþágulyf hefur verið útvegað. Heildsala Parlogis hefur útvegað undanþágulyfið Mariosea XL 2 mg forðahylki (VNR: 999485),2026-09-23T20:59:58.613458,60534
IS,Iceland,Lyfjastofnun,Bendamustine medac,Bendamustinum INN hýdróklóríð,"2,5 mg/ml",100 mg,"Stofn fyrir innrennslisþykkni, lausn",575484,L01AA09,medac Gesellschaft für klinische Spezialpräparate GmbH,,2026-01-14,2026-01-27,2026-01-08,resolved,"Stuttur skortur á heildsölustigi, ólíklegt að skortur hafi áhrif á lyfjanotendur.",2026-09-23T20:59:58.613982,
IS,Iceland,Lyfjastofnun,Gaviscon,Blanda,,400 ml,"Mixtúra, dreifa",149240,A02BX13,Nordic Drugs AB,Vistor hf,2026-01-14,2026-01-14,2026-01-09,resolved,"Stuttur skortur á heildsölustigi, ólíklegt að skortur hafi áhrif á lyfjanotendur.",2026-09-23T20:59:58.614523,
IS,Iceland,Lyfjastofnun,Hizentra,Human normal immunoglobulin,200 mg/ml,10 ml,"Stungulyf, lausn",160701,J06BA01,CSL Behring GmbH*,CSL Behring AB,2026-01-14,2026-01-16,2026-01-09,resolved,"Stuttur skortur á heildsölustigi, ólíklegt að skortur hafi áhrif á lyfjanotendur.",2026-09-23T20:59:58.615081,97403
IS,Iceland,Lyfjastofnun,Tecvayli,Teclistamabum INN,10 mg/ml,3 ml,"Stungulyf, lausn",179618,L01FX24,Janssen-Cilag International NV*,Vistor hf,2026-01-14,2026-03-03,2026-01-14,resolved,Aðrir styrkleikar eru á markaði / fáanlegir.,2026-09-23T20:59:58.615634,229504
IS,Iceland,Lyfjastofnun,Entresto,"Sacubitrilum INN, Valsartanum INN",49 mg/51 mg,56 stk.,Filmuhúðuð tafla,577135,C09DX04,Novartis Europharm Limited*,Vistor hf,2026-01-13,2026-01-13,2025-12-30,resolved,"Stuttur skortur á heildsölustigi, ólíklegt að skortur hafi áhrif á lyfjanotendur.",2026-09-23T20:59:58.616195,197998
IS,Iceland,Lyfjastofnun,Myfortic,Mycophenolatum INN natríum,360 mg,120 stk.,Magasýruþolin tafla,015755,L04AA06,Novartis Healthcare A/S,Vistor hf,2026-01-13,2026-01-13,2025-10-18,resolved,"Stuttur skortur á heildsölustigi, ólíklegt að skortur hafi áhrif á lyfjanotendur.",2026-09-23T20:59:58.616739,74950
IS,Iceland,Lyfjastofnun,Nurofen Junior Jarðarber,Ibuprofenum INN,40 mg/ml,100 ml,"Mixtúra, dreifa",375168,M01AE01,Reckitt Benckiser Healthcare (Scandinavia) A/S,,2026-01-13,2026-01-13,2025-12-06,resolved,Samheitalyf er á markaði / fáanlegt.,2026-09-23T20:59:58.617262,197998
IS,Iceland,Lyfjastofnun,Cefotaxim Navamedic,Cefotaximum INN natríum,1 g,10 ml,"Stungulyfs-/innrennslisstofn, lausn",090756,J01DD01,Navamedic ASA,Icepharma hf.*,2026-01-13,2026-01-19,2026-01-13,resolved,"Stuttur skortur á heildsölustigi, ólíklegt að skortur hafi áhrif á lyfjanotendur.",2026-09-23T20:59:58.617824,
IS,Iceland,Lyfjastofnun,Revolade,Eltrombopagum olaminum INN,50 mg,28 stk.,Filmuhúðuð tafla,391354,B02BX05,Novartis Europharm Limited*,Vistor hf,2026-01-13,2026-01-13,2025-10-23,resolved,"Stuttur skortur á heildsölustigi, ólíklegt að skortur hafi áhrif á lyfjanotendur.",2026-09-23T20:59:58.618362,93971
IS,Iceland,Lyfjastofnun,Nitroglycerin DAK,Glyceryl trinitrate,"0,25 mg",25 stk.,Tungurótartafla,537866,C01DA02,Orifarm Healthcare A/S,Artasan ehf,2026-01-13,2026-02-12,2026-01-09,resolved,Aðrar pakkningastærðir eru á markaði / fáanlegar.,2026-09-23T20:59:58.618903,
IS,Iceland,Lyfjastofnun,Lacosamide Accord,Lacosamidum INN,50 mg,56 stk.,Filmuhúðuð tafla,548864,N03AX18,Accord Healthcare S.L.U.,,2026-01-13,2026-02-25,2025-11-28,resolved,Samheitalyf er á markaði / fáanlegt.,2026-09-23T20:59:58.619427,89036
IS,Iceland,Lyfjastofnun,Nurofen Junior Appelsín,Ibuprofenum INN,40 mg/ml,100 ml,"Mixtúra, dreifa",598925,M01AE01,Reckitt Benckiser Healthcare (Scandinavia) A/S,,2026-01-13,2026-01-13,2025-12-11,resolved,Samheitalyf er á markaði / fáanlegt.,2026-09-23T20:59:58.619959,197998
IS,Iceland,Lyfjastofnun,Octaplex,Blanda,1000 a.e.,1 stk.,"Innrennslisstofn og leysir, lausn",399482,B02BD01,Octapharma AB,Vistor hf,2026-01-13,2026-01-13,2025-12-16,resolved,Aðrir styrkleikar eru á markaði / fáanlegir.,2026-09-23T20:59:58.620503,130524
IS,Iceland,Lyfjastofnun,Hizentra,Human normal immunoglobulin,200 mg/ml,20 ml,"Stungulyf, lausn",167315,J06BA01,CSL Behring GmbH*,CSL Behring AB,2026-01-12,2026-01-16,2026-01-08,resolved,"Stuttur skortur á heildsölustigi, ólíklegt að skortur hafi áhrif á lyfjanotendur.",2026-09-23T20:59:58.621041,97411
IS,Iceland,Lyfjastofnun,Keflex (Heilsa),Cefalexinum INN mónóhýdrat,500 mg,21 stk.,Filmuhúðuð tafla,156987,J01DB01,Heilsa ehf.,,2026-01-12,2026-01-15,2026-01-12,resolved,"Stuttur skortur á heildsölustigi, ólíklegt að skortur hafi áhrif á lyfjanotendur.",2026-09-23T20:59:58.621565,5835
IS,Iceland,Lyfjastofnun,Actrapid,Insulinum humanum INN,100 a.e./ml,10 ml,"Stungulyf, lausn",013950,A10AB01,Novo Nordisk A/S*,Vistor hf,2026-01-12,2026-01-29,2025-12-20,resolved,Ekki til lyf með sama ATC númer en sambærilegt lyf í sama flokki er á markaði / fáanlegt.,2026-09-23T20:59:58.622104,97314
IS,Iceland,Lyfjastofnun,Parkódín,"Paracetamolum INN, Codeine phosphate hemihydrate",500 mg/10 mg,100 stk.,Filmuhúðuð tafla,532984,N02AJ06,Teva B.V.*,Teva Pharma Iceland ehf.*,2026-01-12,2026-01-30,2026-01-09,resolved,Aðrar pakkningastærðir eru á markaði / fáanlegar.,2026-09-23T20:59:58.622650,
IS,Iceland,Lyfjastofnun,Klyx,"Docusatum natricum INN, Sorbitolum",,240 ml,Endaþarmslausn,371583,A06AG10,Ferring Lægemidler A/S (F),Ferring Lægemidler A/S,2026-01-12,2026-01-12,2025-12-23,resolved,Aðrir styrkleikar eru á markaði / fáanlegir.,2026-09-23T20:59:58.623190,27030
IS,Iceland,Lyfjastofnun,Advagraf (Heilsa),Takrólímus,1 mg,50 stk.,Hart forðahylki,434697,L04AD02,Heilsa ehf,,2026-01-12,2026-05-18,2026-01-12,resolved,Aðrir styrkleikar eru á markaði / fáanlegir.,2026-09-23T20:59:58.623709,96156
IS,Iceland,Lyfjastofnun,Nicotinell Spearmint,Nicotine resinate,2 mg,204 stk.,Lyfjatyggigúmmí,511688,N07BA01,Dr. Reddy's Netherlands B.V.,,2026-01-11,2026-01-27,2025-12-16,resolved,Aðrar pakkningastærðir eru á markaði / fáanlegar.,2026-09-23T20:59:58.624232,
IS,Iceland,Lyfjastofnun,Nicotinell Spearmint,Nicotine resinate,2 mg,204 stk.,Lyfjatyggigúmmí,511688,N07BA01,Dr. Reddy's Netherlands B.V.,,2026-01-11,2026-03-30,2026-01-30,resolved,Aðrar pakkningastærðir eru á markaði / fáanlegar.,2026-09-23T20:59:58.624760,
IS,Iceland,Lyfjastofnun,Valaciclovir Bluefish,Valaciclovirum INN hýdróklóríð,500 mg,90 stk.,Filmuhúðuð tafla,152687,J05AB11,Bluefish Pharmaceuticals AB,Artasan ehf,2026-01-10,2026-01-10,2025-12-27,resolved,Aðrar pakkningastærðir eru á markaði / fáanlegar.,2026-09-23T20:59:58.625307,42080
IS,Iceland,Lyfjastofnun,Sertralin WH,Sertralinum INN hýdróklóríð,100 mg,100 stk.,Filmuhúðuð tafla,130001,N06AB06,Williams & Halls ehf,,2026-01-09,2026-04-06,2025-11-27,resolved,Samheitalyf er á markaði / fáanlegt.,2026-09-23T20:59:58.625837,39411
IS,Iceland,Lyfjastofnun,Polivy,Polatuzumabum vedotinum INN,140 mg,140 mg,"Stofn fyrir innrennslisþykkni, lausn",382647,L01FX14,Roche Registration GmbH*,Icepharma hf.*,2026-01-09,2026-01-21,2026-01-12,resolved,Aðrir styrkleikar eru á markaði / fáanlegir.,2026-09-23T20:59:58.626379,204374
IS,Iceland,Lyfjastofnun,Fem-Mono Retard,Isosorbidi mononitras INN,60 mg,100 stk.,Forðatafla,162808,C01DA14,Viatris Limited,Icepharma hf.*,2026-01-09,2026-06-25,2025-11-24,resolved,Samheitalyf er á markaði / fáanlegt.,2026-09-23T20:59:58.626920,27030
IS,Iceland,Lyfjastofnun,Hizentra,Human normal immunoglobulin,200 mg/ml,50 ml,"Stungulyf, lausn",139631,J06BA01,CSL Behring GmbH*,CSL Behring AB,2026-01-09,2026-01-19,2026-01-09,resolved,"Stuttur skortur á heildsölustigi, ólíklegt að skortur hafi áhrif á lyfjanotendur.",2026-09-23T20:59:58.627495,108146
IS,Iceland,Lyfjastofnun,Zaditen (Heilsa) Noregur,Ketotifen hydrogen fumarate,"0,25 mg/ml",5 ml,"Augndropar, lausn",122126,S01GX08,Heilsa ehf.,,2026-01-09,2026-01-23,2026-01-08,resolved,Aðrar pakkningastærðir eru á markaði / fáanlegar.,2026-09-23T20:59:58.628039,101850
IS,Iceland,Lyfjastofnun,Vivelle dot,Estradiol,75 míkróg,8 stk.,Forðaplástur,112542,G03CA03,Sandoz A/S,,2026-01-09,2026-11-01,2025-12-21,shortage,Samheitalyf er á markaði / fáanlegt. Lyfið fer af markaði 01.10.2026. Markaðssetta lyfið Estradiol Hexal er fáanlegt.,2026-09-23T20:59:58.628569,
IS,Iceland,Lyfjastofnun,Tavneos,Avacopanum INN,10 mg,180 stk.,Hart hylki,166568,L04AJ05,Vifor Fresenius Medical Care Renal Pharma France*,,2026-01-08,2026-02-12,2025-12-19,resolved,Til skoðunar.,2026-09-23T20:59:58.629104,215384
IS,Iceland,Lyfjastofnun,Finól,Finasteridum INN,5 mg,98 stk.,Filmuhúðuð tafla,510974,G04CB01,Actavis Group PTC ehf.,Teva Pharma Iceland ehf.*,2026-01-08,2026-06-04,2025-12-18,resolved,Samheitalyf er á markaði / fáanlegt.,2026-09-23T20:59:58.629646,218138
IS,Iceland,Lyfjastofnun,Enalapril Krka,Enalaprilum INN maleat,20 mg,250 stk.,Tafla,440652,C09AA02,KRKA d.d. Novo mesto,LYFIS ehf.*,2026-01-08,2026-10-02,2025-12-09,shortage,Samheitalyf er á markaði / fáanlegt.,2026-09-23T20:59:58.630208,21075
IS,Iceland,Lyfjastofnun,Nicotinell,Nicotinum INN,21 mg/24 klst.,21 stk.,Forðaplástur,461917,N07BA01,Dr. Reddy's Netherlands B.V.,,2026-01-08,2026-02-10,2025-12-30,resolved,Aðrir styrkleikar og pakkningastærðir eru á markaði / fáanlegir.,2026-09-23T20:59:58.630731,
IS,Iceland,Lyfjastofnun,Movicol Junior (Heilsa),Blanda,"6,9 g",30 stk.,"Mixtúruduft, lausn",174913,A06AD65,Heilsa ehf,,2026-01-08,2026-01-26,2026-01-05,resolved,Samheitalyf er á markaði / fáanlegt.,2026-09-23T20:59:58.631261,80950
IS,Iceland,Lyfjastofnun,Monoprost,Latanoprostum INN,50 míkróg/ml,"0,2 ml","Augndropar, lausn í stakskammtaíláti",046248,S01EE01,Laboratoires THEA*,,2026-01-07,2026-02-10,2025-12-18,resolved,Aðrar pakkningastærðir eru á markaði / fáanlegar.,2026-09-23T20:59:58.631794,140848
IS,Iceland,Lyfjastofnun,Ursochol,Acidum ursodeoxycholicum INN,250 mg,100 stk.,Hart hylki,444765,A05AA02,Orifarm Generics A/S,Artasan ehf,2026-01-07,2026-02-03,2025-12-19,resolved,"Undanþágulyf hefur verið útvegað. Lyfjastofnun hefur heimilað lyfjafræðingum að breyta ávísun á lyfið í skorti í  undanþágulyfið UDC AL 250 mg, vnr. 998974. Undanþágulyfið er í þýskum pakkningum.",2026-09-23T20:59:58.632340,15830
IS,Iceland,Lyfjastofnun,MYDRANE,"Lidocainum INN hýdróklóríð, Phenylephrinum INN hýdróklóríð, Tropicamidum INN","0,2 mg/ml + 3,1 mg/ml + 10 mg/ml",20 stk.,"Stungulyf, lausn",380973,S01FA56,Laboratoires THEA*,,2026-01-07,2026-01-07,2025-12-09,resolved,"Stuttur skortur á heildsölustigi, ólíklegt að skortur hafi áhrif á lyfjanotendur.",2026-09-23T20:59:58.632865,217050
IS,Iceland,Lyfjastofnun,Carbaglu,Acidum carglumicum INN,200 mg,60 stk.,Dreifitafla,014889,A16AA05,Recordati Rare Diseases*,Recordati AB*,2026-01-07,2026-01-15,2025-12-13,resolved,Aðrar pakkningastærðir eru á markaði / fáanlegar.,2026-09-23T20:59:58.633410,81205
IS,Iceland,Lyfjastofnun,Erelzi,Etanerceptum INN,25 mg,"0,5 ml","Stungulyf, lausn í áfylltri sprautu",075145,L04AB01,Sandoz GmbH*,,2026-01-06,2026-01-06,2025-12-03,resolved,"Stuttur skortur á heildsölustigi, ólíklegt að skortur hafi áhrif á lyfjanotendur.",2026-09-23T20:59:58.633934,223824
IS,Iceland,Lyfjastofnun,Pentasa Sachet,Mesalazinum INN,2 g,60 stk.,Forðakyrni,021625,A07EC02,Ferring Lægemidler A/S,Vistor hf,2026-01-06,2026-03-11,2025-12-12,resolved,Aðrir styrkleikar eru á markaði / fáanlegir.,2026-09-23T20:59:58.634476,24856
IS,Iceland,Lyfjastofnun,Doxylin,Doxycyclinum INN,100 mg,30 stk.,Tafla,455972,J01AA02,Actavis Group PTC ehf.,Teva Pharma Iceland ehf.*,2026-01-06,2026-03-16,2026-01-08,resolved,Samheitalyf er á markaði / fáanlegt. Doxycyklin EQL 100 mg töflur 100 stk er fáanlegt vnr 060930,2026-09-23T20:59:58.635052,68438
IS,Iceland,Lyfjastofnun,Zovirax,Aciclovirum INN,80 mg/ml,100 ml,"Mixtúra, dreifa",044560,J05AB01,GlaxoSmithKline Pharma A/S,Vistor hf,2026-01-06,2026-03-02,2025-12-21,resolved,Önnur lyfjaform eru á markaði / fáanleg.,2026-09-23T20:59:58.635614,
IS,Iceland,Lyfjastofnun,Stelara,Ustekinumabum INN,45 mg,"0,5 ml","Stungulyf, lausn í áfylltum lyfjapenna",155921,L04AC05,Janssen-Cilag International NV*,Vistor hf,2026-01-06,2026-01-06,2025-12-26,resolved,Samheitalyf er á markaði / fáanlegt.,2026-09-23T20:59:58.636180,223964
IS,Iceland,Lyfjastofnun,Alutard SQ (Phleum pratense),Phleum pratense,,5 ml,"Stungulyf, dreifa",546051,V01AA02,ALK-Abelló A/S,Vistor hf,2026-01-06,2026-01-06,2025-10-07,resolved,Aðrar pakkningastærðir eru á markaði / fáanlegar.,2026-09-23T20:59:58.636729,
IS,Iceland,Lyfjastofnun,Aklief,Trifarotenum,50 míkróg/g,75 g,Krem,515832,D10AD06,Galderma Nordic AB*,,2026-01-06,2026-01-27,2026-01-06,resolved,Ekkert sambærilegt lyf er á markaði / fáanlegt.,2026-09-23T20:59:58.637258,203785
IS,Iceland,Lyfjastofnun,Zypadhera,Olanzapinum INN,210 mg,210 mg,"Stungulyfsstofn og leysir, forðadreifa",027976,N05AH03,"CHEPLAPHARM Registration GmbH,",,2026-01-06,2026-01-06,2025-12-18,resolved,"Stuttur skortur á heildsölustigi, ólíklegt að skortur hafi áhrif á lyfjanotendur.",2026-09-23T20:59:58.637820,90190
IS,Iceland,Lyfjastofnun,Treo,"Acidum acetylsalicylicum, Coffeinum",500 mg/50 mg,20 stk.,Freyðitafla,121302,N02BA51,Cooper Consumer Health B.V.,,2026-01-05,2026-01-15,2025-12-22,resolved,"Stuttur skortur á heildsölustigi, ólíklegt að skortur hafi áhrif á lyfjanotendur.",2026-09-23T20:59:58.638348,
IS,Iceland,Lyfjastofnun,Lacosamide Accord,Lacosamidum INN,50 mg,56 stk.,Filmuhúðuð tafla,548864,N03AX18,Accord Healthcare S.L.U.,,2026-01-05,2026-01-27,2026-01-06,resolved,Aðrir styrkleikar og/eða samheitalyf eru á markaði / fáanlegir.,2026-09-23T20:59:58.638898,89036
IS,Iceland,Lyfjastofnun,Azyter,Azithromycinum INN díhýdrat,15 mg/g,"0,25 g","Augndropar, lausn í stakskammtaíláti",151737,S01AA26,Laboratoires THEA S.A.S.,,2026-01-05,2026-03-03,2025-12-16,resolved,"Stuttur skortur á heildsölustigi, ólíklegt að skortur hafi áhrif á lyfjanotendur.",2026-09-23T20:59:58.639439,89451
IS,Iceland,Lyfjastofnun,Metvix,Methyl aminolevulinate hydrochloride,160 mg/g,2 g,Krem,085184,L01XD03,Galderma Nordic AB*,Icepharma hf,2026-01-05,2026-01-22,2026-01-05,resolved,Ekkert sambærilegt lyf er á markaði / fáanlegt.,2026-09-23T20:59:58.639999,83305
IS,Iceland,Lyfjastofnun,Creon,Pancreatinum,35.000,100 stk.,Magasýruþolið hart hylki,044708,A09AA02,Viatris ApS,Icepharma hf.*,2026-01-05,2026-02-25,2025-12-15,resolved,Aðrir styrkleikar eru á markaði / fáanlegir. Aðrir styrkleikar eru fáanlegir í lausasölu - Undanþágulyfið Kreon 35.000 ein. hefur verið útvegað hjá Parlogis.,2026-09-23T20:59:58.640561,204056
IS,Iceland,Lyfjastofnun,Adartrel (Lyfjaver),Ropinirolum INN hýdróklóríð,2 mg,28 stk.,Filmuhúðuð tafla,409673,N04BC04,Lyfjaver ehf.,,2026-01-05,2026-06-20,2026-01-05,resolved,"Aðrir styrkleikar eru á markaði / fáanlegir. Lyfið er fáanlegt í 0,25 og 0,5 mg styrkleikum",2026-09-23T20:59:58.641109,48151
IS,Iceland,Lyfjastofnun,Adartrel (Lyfjaver),Ropinirolum INN hýdróklóríð,"0,25 mg",12 stk.,Filmuhúðuð tafla,538272,N04BC04,Lyfjaver ehf.,,2026-01-05,2026-05-07,2026-01-05,resolved,Ekkert sambærilegt lyf er á markaði / fáanlegt.,2026-09-23T20:59:58.641645,48186
IS,Iceland,Lyfjastofnun,Imatinib Accord,Imatinibum INN mesýlat,400 mg,30 x 1 stk.,Filmuhúðuð tafla,104423,L01EA01,Accord Healthcare S.L.U.,,2026-01-05,2026-01-05,2025-12-18,resolved,"Stuttur skortur á heildsölustigi, ólíklegt að skortur hafi áhrif á lyfjanotendur.",2026-09-23T20:59:58.642172,71307
IS,Iceland,Lyfjastofnun,Tadalafil Krka,Tadalafil,5 mg,84 stk.,Filmuhúðuð tafla,447939,G04BE08,"Krka, d.d., Novo mesto",,2026-01-05,2026-02-09,2025-10-30,resolved,Aðrar pakkningastærðir eru á markaði / fáanlegar.,2026-09-23T20:59:58.642710,86274
IS,Iceland,Lyfjastofnun,Desmopressin Zentiva,Desmopressinum INN acetat,240 míkróg,100 stk.,Tungurótartafla,373321,H01BA02,Zentiva k.s.*,,2026-01-05,2025-01-08,2026-01-05,resolved,Samheitalyf er á markaði / fáanlegt.,2026-09-23T20:59:58.643246,225428
IS,Iceland,Lyfjastofnun,Ocrevus,Ocrelizumabum INN,300 mg,10 ml,"Innrennslisþykkni, lausn",533363,L04AG08,Roche Registration GmbH*,Icepharma hf.*,2026-01-05,2026-01-21,2026-01-05,resolved,Sérpöntun / útboðslyf.,2026-09-23T20:59:58.643798,149322
IS,Iceland,Lyfjastofnun,Reagila,Cariprazinum INN hýdróklóríð,"1,5 mg",28 stk.,Hart hylki,168071,N05AX15,Gedeon Richter Plc.*,Recordati AB,2026-01-04,2026-01-08,2025-12-13,resolved,"Stuttur skortur á heildsölustigi, ólíklegt að skortur hafi áhrif á lyfjanotendur.",2026-09-23T20:59:58.644355,159123
IS,Iceland,Lyfjastofnun,Flúoróúracil Accord,Fluorouracilum INN,50 mg/ml,100 ml,"Stungulyf/innrennslislyf, lausn",586959,L01BC02,Accord Healthcare B.V.,,2026-01-04,2026-01-05,2025-12-18,resolved,"Stuttur skortur á heildsölustigi, ólíklegt að skortur hafi áhrif á lyfjanotendur.",2026-09-23T20:59:58.644894,129704
IS,Iceland,Lyfjastofnun,Stalevo,"Entacaponum INN, Levodopum INN, Carbidopum INN","50/12,5/200 mg",100 stk.,Filmuhúðuð tafla,015652,N04BA03,Orion Corporation,Vistor hf,2026-01-03,2026-01-26,2025-12-13,resolved,Aðrir styrkleikar eru á markaði / fáanlegir. Ekki er ætlast til að skipta töflunum í tvennt eða brjóta þær í minni hluta.,2026-09-23T20:59:58.645446,72702
IS,Iceland,Lyfjastofnun,INTELENCE,Etravirinum INN,200 mg,60 stk.,Tafla,073027,J05AG04,Janssen-Cilag International NV*,Vistor hf,2026-01-03,2026-01-03,2025-12-03,resolved,Til skoðunar.,2026-09-23T20:59:58.645998,100145
IS,Iceland,Lyfjastofnun,Ciflox,"Ciprofloxacin hydrochloride, Hydrocortisonum INN",2 mg/ml + 10 mg/ml,10 ml,"Eyrnadropar, dreifa",500188,S02CA03,Novartis Healthcare A/S,Vistor hf,2026-01-02,2026-01-21,2025-12-16,resolved,"Stuttur skortur á heildsölustigi, ólíklegt að skortur hafi áhrif á lyfjanotendur.",2026-09-23T20:59:58.646550,
IS,Iceland,Lyfjastofnun,Nicotinell Mint,Nicotinum bítartrat,1 mg,204 stk.,Munnsogstafla,090607,N07BA01,Dr. Reddy's Netherlands B.V.,Artasan ehf,2026-01-02,2026-05-04,2026-02-27,resolved,Aðrir styrkleikar og pakkningastærðir eru á markaði / fáanlegir.,2026-09-23T20:59:58.647110,125482
IS,Iceland,Lyfjastofnun,Zyban,Bupropionum INN hýdróklóríð,150 mg,100 stk.,Forðatafla,481176,N06AX12,GlaxoSmithKline Pharma A/S,Vistor hf,2026-01-02,2026-03-16,2026-01-03,resolved,Önnur lyfjaform eru á markaði / fáanleg.,2026-09-23T20:59:58.647707,88862
IS,Iceland,Lyfjastofnun,Nicotinell Mint,Nicotinum bítartrat,1 mg,204 stk.,Munnsogstafla,090607,N07BA01,Dr. Reddy's Netherlands B.V.,Artasan ehf,2026-01-02,2026-03-13,2025-12-08,resolved,Aðrar pakkningastærðir eru á markaði / fáanlegar.,2026-09-23T20:59:58.648275,125482
IS,Iceland,Lyfjastofnun,Capsina,Capsaicinum,"0,075 %",45 g,Krem,001962,N01BX04,Bioglan AB,Icepharma hf,2026-01-02,2026-02-03,2026-01-20,resolved,Önnur lyfjaform eru á markaði / fáanleg. Lyfið er fáanlegt sem 179 mg húðplástur.,2026-09-23T20:59:58.648829,73903
IS,Iceland,Lyfjastofnun,Tuzulby,Methylphenidatum INN hýdróklóríð,20 mg,30 stk.,Forðatuggutafla,584301,N06BA04,Neuraxpharm Pharmaceuticals S.L.,,2026-01-01,2026-02-20,2026-01-13,resolved,Samheitalyf er á markaði / fáanlegt.,2026-09-23T20:59:58.649378,
IS,Iceland,Lyfjastofnun,Tuzulby,Methylphenidatum INN hýdróklóríð,30 mg,30 stk.,Forðatuggutafla,547102,N06BA04,Neuraxpharm Pharmaceuticals S.L.,,2026-01-01,2026-02-20,2026-01-13,resolved,Samheitalyf er á markaði / fáanlegt.,2026-09-23T20:59:58.649914,110302
IS,Iceland,Lyfjastofnun,Rivaroxaban WH,Rivaroxabanum INN,20 mg,98 stk.,Filmuhúðuð tafla,129860,B01AF01,Williams & Halls ehf.*,,2026-01-01,2026-01-19,2026-01-02,resolved,Samheitalyf er á markaði / fáanlegt.,2026-09-23T20:59:58.650450,60674
IS,Iceland,Lyfjastofnun,Glucophage,Metforminum INN hýdróklóríð,1000 mg,30 stk.,Filmuhúðuð tafla,008023,A10BA02,Merck Santé s.a.s.*,Vistor ehf,2026-01-01,2026-01-12,2025-11-07,resolved,Samheitalyf er á markaði / fáanlegt.,2026-09-23T20:59:58.651008,60674
IS,Iceland,Lyfjastofnun,Melatonin Teva,Melatoninum INN,2 mg,30 stk.,Forðatafla,123874,N05CH01,Teva B.V.*,Teva Pharma Iceland ehf.*,2026-01-01,2026-01-22,2026-01-09,resolved,Samheitalyf er á markaði / fáanlegt.,2026-09-23T20:59:58.651575,86819
IS,Iceland,Lyfjastofnun,Rivaroxaban WH,Rivaroxabanum INN,10 mg,98 stk.,Filmuhúðuð tafla,035982,B01AF01,Williams & Halls ehf.*,,2026-01-01,2026-01-19,2026-01-02,resolved,Samheitalyf er á markaði / fáanlegt.,2026-09-23T20:59:58.652116,88862
IS,Iceland,Lyfjastofnun,Rivaroxaban WH,Rivaroxabanum INN,15 mg,28 stk.,Filmuhúðuð tafla,124225,B01AF01,Williams & Halls ehf.*,,2026-01-01,2026-12-01,2026-01-02,shortage,Samheitalyf er á markaði / fáanlegt. Þetta vörunúmer er ekki lengur fáanlegt,2026-09-23T20:59:58.652651,100145
IS,Iceland,Lyfjastofnun,Celecoxib Teva,Celecoxibum INN,100 mg,100 stk.,Hart hylki,109784,M01AH01,Teva B.V.*,Teva Pharma Iceland ehf.*,2026-01-01,2026-02-27,2026-01-08,resolved,Samheitalyf er á markaði / fáanlegt.,2026-09-23T20:59:58.653211,58998
IS,Iceland,Lyfjastofnun,Rivaroxaban WH,Rivaroxabanum INN,15 mg,98 stk.,Filmuhúðuð tafla,045202,B01AF01,Williams & Halls ehf.*,,2026-01-01,2026-01-19,2026-01-02,resolved,Samheitalyf er á markaði / fáanlegt.,2026-09-23T20:59:58.653754,110329
IS,Iceland,Lyfjastofnun,Tenutex,"Disulfiramum INN, Benzylis benzoas",20 mg/g + 225 mg/g,100 g,Húðfleyti,535773,P03AA54,Bioglan AB,Icepharma hf,2026-01-01,2026-01-01,2024-12-20,resolved,Ekkert sambærilegt lyf er á markaði / fáanlegt.,2026-09-23T20:59:58.654308,
IS,Iceland,Lyfjastofnun,Tuzulby,Methylphenidatum INN hýdróklóríð,40 mg,30 stk.,Forðatuggutafla,549796,N06BA04,Neuraxpharm Pharmaceuticals S.L.,,2026-01-01,2026-02-20,2026-01-13,resolved,Samheitalyf er á markaði / fáanlegt.,2026-09-23T20:59:58.654846,
IS,Iceland,Lyfjastofnun,Euthyrox,Levothyroxinum INN natríum,25 míkróg,100 stk.,Tafla,562468,H03AA01,Merck AB,Vistor ehf,2026-01-01,2026-01-31,2025-10-06,resolved,Aðrir styrkleikar eru á markaði / fáanlegir. Töflunni má skipta í jafna skammta,2026-09-23T20:59:58.655398,24783
IS,Iceland,Lyfjastofnun,Rivaroxaban WH,Rivaroxabanum INN,20 mg,28 stk.,Filmuhúðuð tafla,427754,B01AF01,Williams & Halls ehf.*,,2026-01-01,2026-12-01,2026-01-02,shortage,Samheitalyf er á markaði / fáanlegt. Þetta vörunúmer hættir,2026-09-23T20:59:58.655931,100153
IS,Iceland,Lyfjastofnun,Fesoterodine Teva,Fesoterodinum INN fúmarat,4 mg,84 stk.,Forðatafla,064219,G04BD11,Teva B.V.*,,2025-12-31,2026-02-13,2026-01-16,resolved,Samheitalyf er á markaði / fáanlegt.,2026-09-23T20:59:58.656457,86258
IS,Iceland,Lyfjastofnun,Zovirax,Aciclovirum INN,80 mg/ml,100 ml,"Mixtúra, dreifa",044560,J05AB01,GlaxoSmithKline Pharma A/S,Vistor hf,2025-12-31,2026-01-30,2025-11-05,resolved,Önnur lyfjaform eru á markaði / fáanleg.,2026-09-23T20:59:58.657005,
IS,Iceland,Lyfjastofnun,Hjartamagnýl,Acidum acetylsalicylicum,75 mg,100 stk.,Magasýruþolin tafla,427289,B01AC06,Teva B.V.*,Teva Pharma Iceland ehf.*,2025-12-31,2026-02-05,2025-12-09,resolved,"Undanþágulyf hefur verið útvegað. Lyfjastofnun hefur heimilað lyfjafræðingum að breyta ávísun á lyfið í skorti í  undanþágulyfið Acetylsalicylsyra Teva 75 mg 105 stk. töflur, vnr. 983867. Undanþágulyfið er í sænskum pakkningum.",2026-09-23T20:59:58.657578,
IS,Iceland,Lyfjastofnun,Zofran,Ondansetronum INN hýdróklóríð,8 mg,15 stk.,Filmuhúðuð tafla,168266,A04AA01,Sandoz A/S,,2025-12-30,2026-04-01,2025-12-23,resolved,Aðrir styrkleikar og/eða samheitalyf eru á markaði / fáanlegir.,2026-09-23T20:59:58.658118,31518
IS,Iceland,Lyfjastofnun,Sitagliptin/Metformin Krka,"Sitagliptinum INN, Metforminum INN hýdróklóríð",50 mg/850 mg,196 stk.,Filmuhúðuð tafla,153199,A10BD07,"Krka, d.d., Novo mesto",,2025-12-30,2026-01-27,2026-01-05,resolved,Samheitalyf er á markaði / fáanlegt.,2026-09-23T20:59:58.658642,218162
IS,Iceland,Lyfjastofnun,Múkósín,Acetylcysteinum INN,200 mg,24 stk.,Freyðitafla,585882,R05CB01,Alvogen ehf.,,2025-12-30,2026-01-28,2025-12-22,resolved,Aðrir styrkleikar eru á markaði / fáanlegir.,2026-09-23T20:59:58.659160,40010
IS,Iceland,Lyfjastofnun,Esomeprazol Krka (Heilsa),Esomeprazolum INN,20 mg,98 stk.,Magasýruþolið hart hylki,493562,A02BC05,Heilsa ehf.,,2025-12-29,2026-01-23,2025-12-18,resolved,Aðrir styrkleikar og/eða samheitalyf eru á markaði / fáanlegir.,2026-09-23T20:59:58.659685,24163
IS,Iceland,Lyfjastofnun,Soluprick SQ (Animal Hair & Dander),"Hestaværur, Hundahár, Kattahár",10 HEP,2 ml,"Húðstungupróf, lausn",024482,V04CL,ALK-Abelló A/S,Vistor hf,2025-12-29,2025-12-29,2025-12-17,resolved,Ekkert sambærilegt lyf er á markaði / fáanlegt.,2026-09-23T20:59:58.660249,
IS,Iceland,Lyfjastofnun,Soluprick SQ (Animal Hair & Dander),"Hestaværur, Hundahár, Kattahár",10 HEP,2 ml,"Húðstungupróf, lausn",024478,V04CL,ALK-Abelló A/S,Vistor hf,2025-12-29,2026-01-28,2025-12-17,resolved,Ekkert sambærilegt lyf er á markaði / fáanlegt.,2026-09-23T20:59:58.660792,
IS,Iceland,Lyfjastofnun,Sertralin Bluefish,Sertralinum INN hýdróklóríð,50 mg,100 stk.,Filmuhúðuð tafla,379945,N06AB06,Bluefish Pharmaceuticals AB,Artasan ehf,2025-12-29,2026-03-26,2025-11-08,resolved,Samheitalyf er á markaði / fáanlegt.,2026-09-23T20:59:58.661331,90018
IS,Iceland,Lyfjastofnun,Galafold,Migalastatum hýdróklóríð,123 mg,14 stk.,Hart hylki,434967,A16AX14,Amicus Therapeutics Europe Limited*,,2025-12-29,2026-01-12,2025-08-22,resolved,"Stuttur skortur á heildsölustigi, ólíklegt að skortur hafi áhrif á lyfjanotendur. Stuttur skortur",2026-09-23T20:59:58.661853,
IS,Iceland,Lyfjastofnun,Glucos Fresenius Kabi,Glucosum,200 mg/ml,500 ml,"Innrennslislyf, lausn",530828,B05BA03,Fresenius Kabi AB,Vistor hf,2025-12-29,2025-12-29,2025-11-18,resolved,Aðrir styrkleikar eru á markaði / fáanlegir.,2026-09-23T20:59:58.662395,23892
IS,Iceland,Lyfjastofnun,Soluprick SQ (House Dust Mites),"Dermatophagoides pteronyssinus, Dermatophagoides farinae",10 HEP,2 ml,"Húðstungupróf, lausn",024670,V04CL,ALK-Abelló A/S,Vistor hf,2025-12-29,2026-01-02,2025-12-02,resolved,Ekkert sambærilegt lyf er á markaði / fáanlegt.,2026-09-23T20:59:58.662948,
IS,Iceland,Lyfjastofnun,Furix,Furosemidum INN,20 mg,100 stk.,Tafla,151532,C03CA01,Orifarm Healthcare A/S,Artasan ehf,2025-12-29,2026-02-06,2025-12-17,resolved,Aðrir styrkleikar eru á markaði / fáanlegir. Furix 40 mg er með deiliskoru og hægt að skipta í tvo jafna hluta.,2026-09-23T20:59:58.663494,3387
IS,Iceland,Lyfjastofnun,Natriumklorid Fresenius Kabi,Sodium chloride,9 mg/ml,10 ml,Leysir fyrir stungulyf,141856,V07AB,Fresenius Kabi AB,Vistor hf,2025-12-29,2025-12-29,2025-12-04,resolved,Aðrar pakkningastærðir eru á markaði / fáanlegar.,2026-09-23T20:59:58.664033,
IS,Iceland,Lyfjastofnun,DuoTrav,"Travoprostinum INN, Timololum INN maleat",40 míkróg/ml + 5 mg/ ml,"2,5 ml","Augndropar, lausn",480619,S01ED51,Novartis Europharm Limited*,Vistor hf,2025-12-28,2026-01-21,2025-12-05,resolved,"Stuttur skortur á heildsölustigi, ólíklegt að skortur hafi áhrif á lyfjanotendur.",2026-09-23T20:59:58.664578,212245
IS,Iceland,Lyfjastofnun,Vivelle dot,Estradiol,100 míkróg,8 stk.,Forðaplástur,465808,G03CA03,Sandoz A/S,,2025-12-28,2026-11-01,2025-12-16,shortage,Samheitalyf er á markaði / fáanlegt. Lyfið fer af markaði 01.10.2026. Markaðssetta lyfið Estradiol Hexal er fáanlegt.,2026-09-23T20:59:58.665101,
IS,Iceland,Lyfjastofnun,Tyverb,Lapatinibum INN tósýlat,250 mg,84 stk.,Filmuhúðuð tafla,567028,L01EH01,Novartis Europharm Limited*,Vistor hf,2025-12-28,2025-12-28,2025-11-28,resolved,Ekki til lyf með sama ATC númer en sambærilegt lyf í sama flokki er á markaði / fáanlegt.,2026-09-23T20:59:58.665655,90018
IS,Iceland,Lyfjastofnun,Repatha,Evolocumabum INN,140 mg,1 ml,"Stungulyf, lausn í áfylltum lyfjapenna",586312,C10AX13,Amgen Europe B.V.*,Vistor hf,2025-12-27,2026-01-16,2025-12-20,resolved,Aðrar pakkningastærðir eru á markaði / fáanlegar.,2026-09-23T20:59:58.666190,129682
IS,Iceland,Lyfjastofnun,Imatinib Accord,Imatinibum INN mesýlat,100 mg,60 x 1 stk.,Filmuhúðuð tafla,463049,L01EA01,Accord Healthcare S.L.U.,,2025-12-25,2025-12-25,2025-12-06,resolved,Til skoðunar.,2026-09-23T20:59:58.666713,71293
IS,Iceland,Lyfjastofnun,Alutard SQ (Betula verrucosa),Betula verrucosa,,5 ml,"Stungulyf, dreifa",545996,V01AA05,ALK-Abelló A/S,Vistor hf,2025-12-24,2025-12-24,2025-11-20,resolved,Ekkert sambærilegt lyf er á markaði / fáanlegt.,2026-09-23T20:59:58.667254,
IS,Iceland,Lyfjastofnun,Stesolid,Diazepamum INN,2 mg,100 stk.,Tafla,539577,N05BA01,Actavis Group PTC ehf.,Teva Pharma Iceland ehf.*,2025-12-24,2026-03-19,2025-12-10,resolved,"Undanþágulyf hefur verið útvegað. Lyfjastofnun hefur heimilað lyfjafræðingum að breyta ávísun á lyfið í skorti í  undanþágulyfið Diazepam 2 mg 28 stk. töflur, vnr. 980343. Undanþágulyfið er í breskum pakkningum. Mikilvægt er að lyfjafræðingar upplýsi lyfjanotendur um að undanþágulyf er með enskum áletrunum á fylgiseðli og ekki rauður þríhyrningur sem alla jafna á að vera á slíkri pakkningu.",2026-09-23T20:59:58.667817,7439
IS,Iceland,Lyfjastofnun,Melatonin Bluefish,Melatoninum INN,2 mg,30 stk.,Forðatafla,079042,N05CH01,Bluefish Pharmaceuticals AB,,2025-12-24,2026-01-02,2025-12-19,resolved,Aðrir styrkleikar og/eða samheitalyf eru á markaði / fáanlegir.,2026-09-23T20:59:58.668344,86819
IS,Iceland,Lyfjastofnun,Dermovat,Clobetasolum INN própíónat,"0,5 mg/g",30 g,Smyrsli,380621,D07AD01,GlaxoSmithKline Pharma A/S,Vistor hf,2025-12-23,2026-01-02,2025-12-09,resolved,"Stuttur skortur á heildsölustigi, ólíklegt að skortur hafi áhrif á lyfjanotendur.",2026-09-23T20:59:58.668884,4855
IS,Iceland,Lyfjastofnun,Oracea,Doxycyclinum INN,40 mg,56 stk.,Hart hylki með breyttan losunarhraða,029800,J01AA02,Galderma Nordic AB*,Icepharma hf,2025-12-23,2026-01-27,2025-12-23,resolved,Önnur lyfjaform eru á markaði / fáanleg.,2026-09-23T20:59:58.669434,91049
IS,Iceland,Lyfjastofnun,Rivastigmine Teva,Rivastigminum INN,"4,6 mg/24 klst.",30 stk.,Forðaplástur,385904,N06DA03,Teva B.V.*,Teva Pharma Iceland ehf.*,2025-12-23,2026-11-27,2025-12-17,shortage,Samheitalyf er á markaði / fáanlegt.,2026-09-23T20:59:58.669972,
IS,Iceland,Lyfjastofnun,Gamunex,HUMAN NORMAL IMMUNOGLOBULIN (IV),100 mg/ml,200 ml,"Innrennslislyf, lausn",176559,J06BA02,Grifols Deutschland GmbH*,Alvogen ehf.,2025-12-23,2026-01-15,2025-11-26,resolved,Sérpöntun / útboðslyf. Lyfið er til í öðrum pakkningastærðum,2026-09-23T20:59:58.670518,
IS,Iceland,Lyfjastofnun,Testogel (Heilsa),Testosterone,50 mg,30 skammtapokar,Hlaup til notkunar um húð,476265,G03BA03,Heilsa ehf,,2025-12-22,2026-01-23,2025-12-22,resolved,Samheitalyf er á markaði / fáanlegt.,2026-09-23T20:59:58.671041,74225
IS,Iceland,Lyfjastofnun,Paracet,Paracetamolum INN,250 mg,12 stk.,Munndreifitafla,013976,N02BE01,Karo Pharma AS,,2025-12-22,2026-01-06,2025-12-22,resolved,Önnur lyfjaform eru á markaði / fáanleg.,2026-09-23T20:59:58.671562,79014
IS,Iceland,Lyfjastofnun,Enstilar,"Calcipotriolum INN, Betamethasonum INN díprópíónat","50 míkróg/0,5 mg/g",60 g,Húðfroða,454650,D05AX52,LEO Pharma A/S*,Vistor hf,2025-12-22,2025-12-22,2025-11-25,resolved,Önnur lyfjaform eru á markaði / fáanleg.,2026-09-23T20:59:58.672102,133329
IS,Iceland,Lyfjastofnun,Produodopa,"Foslevodopa, Foscarbidopa",240 mg/ml +12 mg/ml,7 stk.,"Innrennslislyf, lausn",061313,N04BA07,AbbVie A/S,,2025-12-22,2025-12-22,2025-11-21,resolved,Ekkert sambærilegt lyf er á markaði / fáanlegt.,2026-09-23T20:59:58.672624,219622
IS,Iceland,Lyfjastofnun,Xolair,Omalizumabum INN,300 mg,2 ml,"Stungulyf, lausn í áfylltum lyfjapenna",521313,R03DX05,Novartis Europharm Limited*,Vistor hf,2025-12-21,2025-12-21,2025-12-18,resolved,Aðrir styrkleikar eru á markaði / fáanlegir.,2026-09-23T20:59:58.673162,229458
IS,Iceland,Lyfjastofnun,Atomoxetin Medical Valley,Atomoxetinum INN hýdróklóríð,18 mg,30 stk.,Hart hylki,539128,N06BA09,Medical Valley Invest AB,,2025-12-21,2026-04-01,2025-11-03,resolved,Samheitalyf er á markaði / fáanlegt.,2026-09-23T20:59:58.673683,76716
IS,Iceland,Lyfjastofnun,Atomoxetin Medical Valley,Atomoxetinum INN hýdróklóríð,60 mg,30 stk.,Hart hylki,429917,N06BA09,Medical Valley Invest AB,,2025-12-21,2026-04-01,2025-11-03,resolved,Samheitalyf er á markaði / fáanlegt.,2026-09-23T20:59:58.674207,76740
IS,Iceland,Lyfjastofnun,IMBRUVICA,Ibrutinibum INN,560 mg,28 stk.,Filmuhúðuð tafla,459405,L01EL01,Janssen-Cilag International NV*,Vistor hf,2025-12-21,2025-12-21,2025-11-23,resolved,"Stuttur skortur á heildsölustigi, ólíklegt að skortur hafi áhrif á lyfjanotendur.",2026-09-23T20:59:58.674752,87165
IS,Iceland,Lyfjastofnun,Targin,"Oxycodonum INN hýdróklóríð, Naloxonum INN hýdróklóríð","5 mg/2,5 mg",28 stk.,Forðatafla,053211,N02AA55,Mundipharma A/S,Icepharma hf,2025-12-20,2026-02-04,2025-11-26,resolved,Aðrar pakkningastærðir eru á markaði / fáanlegar.,2026-09-23T20:59:58.675299,90220
IS,Iceland,Lyfjastofnun,Voltaren (Heilsa),Diclofenacum INN tvíetýlamín,"23,2 mg/g",100 g,Hlaup,434099,M02AA15,Heilsa ehf.,,2025-12-19,2026-12-01,2025-11-03,shortage,Samheitalyf er á markaði / fáanlegt. þetta vörunúmer hættir,2026-09-23T20:59:58.675825,198668
IS,Iceland,Lyfjastofnun,Atenolol Viatris,Atenololum INN,25 mg,98 stk.,Filmuhúðuð tafla,555448,C07AB03,Viatris Limited,Icepharma hf,2025-12-19,2026-04-14,2025-11-24,resolved,"Undanþágulyf hefur verið útvegað. Lyfjastofnun hefur heimilað lyfjafræðingum að breyta ávísun á lyfið í skorti í  undanþágulyfið Atenolol Parlogis 25 mg 100stk. töflur, vnr. 990053. Undanþágulyfið er í bandarískum pakkningum.",2026-09-23T20:59:58.676374,33103
IS,Iceland,Lyfjastofnun,Oxycodone/Naloxone Alvogen,"Oxycodonum INN hýdróklóríð, Naloxonum INN hýdróklóríð","5 mg/2,5 mg",100 stk.,Forðatafla,529142,N02AA55,Alvogen ehf.,,2025-12-19,2026-01-07,2025-10-20,resolved,Aðrar pakkningastærðir eru á markaði / fáanlegar.,2026-09-23T20:59:58.676903,90220
IS,Iceland,Lyfjastofnun,GUDAIR,"Mycobacterium avium, subsp. paratuberculosis, strain 316F, Inactivated",≥ 2 mm ITT avian PPD,30 ml,"Stungulyf, fleyti",070921,QI04AB09,"CZ Vaccines, S.A.U.",,2025-12-19,2026-12-22,2025-11-27,shortage,Undanþágulyf hefur verið útvegað.,2026-09-23T20:59:58.677433,
IS,Iceland,Lyfjastofnun,Tamiflu,Oseltamivirum INN fosfat,30 mg,10 stk.,Hart hylki,106006,J05AH02,Roche Registration GmbH*,Icepharma hf,2025-12-19,2025-12-23,2025-12-19,resolved,"Stuttur skortur á heildsölustigi, ólíklegt að skortur hafi áhrif á lyfjanotendur.",2026-09-23T20:59:58.678028,69493
IS,Iceland,Lyfjastofnun,Alendronat Bluefish,Acidum alendronicum INN natríum,70 mg,12 stk.,Tafla,414991,M05BA04,Bluefish Pharmaceuticals AB,Artasan ehf,2025-12-18,2026-02-24,2025-12-05,resolved,Samhliða innflutt lyf er á markaði / fáanlegt.,2026-09-23T20:59:58.678588,218103
IS,Iceland,Lyfjastofnun,Amlodipin Zentiva,Amlodipinum INN besýlat,5 mg,100 stk.,Tafla,495800,C08CA01,Zentiva k.s.*,,2025-12-18,2026-01-23,2025-12-18,resolved,Samheitalyf er á markaði / fáanlegt.,2026-09-23T20:59:58.679136,123315
IS,Iceland,Lyfjastofnun,Imdur,Isosorbidi mononitras INN,30 mg,98 stk.,Forðatafla,524223,C01DA14,TopRidge Pharma (Ireland) Limited,Navamedic AB,2025-12-18,2025-12-18,2025-12-13,resolved,Aðrir styrkleikar eru á markaði / fáanlegir. Deiliskora er á forðatöflunum og má skipta þeim,2026-09-23T20:59:58.679713,101745
IS,Iceland,Lyfjastofnun,Nicotinell Spearmint,Nicotine resinate,2 mg,24 stk.,Lyfjatyggigúmmí,574597,N07BA01,Dr. Reddy's Netherlands B.V.,,2025-12-18,2025-12-18,2025-12-13,resolved,Aðrar pakkningastærðir eru á markaði / fáanlegar.,2026-09-23T20:59:58.680245,
IS,Iceland,Lyfjastofnun,Sitagliptin STADA,Sitagliptinum INN hýdróklóríð,25 mg,100 stk.,Filmuhúðuð tafla,154854,A10BH01,STADA Arzneimittel AG,,2025-12-18,2026-01-06,2025-12-18,resolved,Aðrir styrkleikar og/eða samheitalyf eru á markaði / fáanlegir.,2026-09-23T20:59:58.680773,218103
IS,Iceland,Lyfjastofnun,Aprepitant STADA,Aprepitantum INN,125 mg/80 mg,1+2 stk.,Hart hylki,034156,A04AD12,STADA Arzneimittel AG,,2025-12-17,2025-12-22,2025-12-18,resolved,"Stuttur skortur á heildsölustigi, ólíklegt að skortur hafi áhrif á lyfjanotendur.",2026-09-23T20:59:58.681291,87173
IS,Iceland,Lyfjastofnun,Maxitrol,"Neomycinum INN súlfat, Polymyxinum B INN súlfat, Dexamethasonum INN fosfat",1 mg/ml + 3.500 a.e./ml + 6000 a.e./ ml,5 ml,"Augndropar, dreifa",486886,S01CA01,Novartis Healthcare A/S,Vistor hf,2025-12-17,2025-12-17,2025-10-25,resolved,"Stuttur skortur á heildsölustigi, ólíklegt að skortur hafi áhrif á lyfjanotendur.",2026-09-23T20:59:58.681858,
IS,Iceland,Lyfjastofnun,Jakavi,Ruxolitinibum INN fosfat,10 mg,56 stk.,Tafla,106390,L01EJ01,Novartis Europharm Limited*,Vistor hf,2025-12-17,2025-12-17,2025-11-26,resolved,"Stuttur skortur á heildsölustigi, ólíklegt að skortur hafi áhrif á lyfjanotendur.",2026-09-23T20:59:58.682396,79952
IS,Iceland,Lyfjastofnun,Sandostatin LAR,Octreotidum INN,30 mg,30 mg,"Stungulyfsstofn og leysir, dreifa",379685,H01CB02,Novartis Healthcare A/S,Vistor hf,2025-12-17,2025-12-17,2025-10-23,resolved,"Stuttur skortur á heildsölustigi, ólíklegt að skortur hafi áhrif á lyfjanotendur.",2026-09-23T20:59:58.682940,70467
IS,Iceland,Lyfjastofnun,Trileptal,Oxcarbazepinum INN,300 mg,100 stk.,Filmuhúðuð tafla,556936,N03AF02,Novartis Healthcare A/S,Vistor hf,2025-12-17,2025-12-17,2025-10-25,resolved,"Stuttur skortur á heildsölustigi, ólíklegt að skortur hafi áhrif á lyfjanotendur.",2026-09-23T20:59:58.683483,87165
IS,Iceland,Lyfjastofnun,Entresto,"Sacubitrilum INN, Valsartanum INN",49 mg/51 mg,168 stk.,Filmuhúðuð tafla,585287,C09DX04,Novartis Europharm Limited*,Vistor hf,2025-12-17,2025-12-17,2025-10-28,resolved,"Stuttur skortur á heildsölustigi, ólíklegt að skortur hafi áhrif á lyfjanotendur.",2026-09-23T20:59:58.684018,132098
IS,Iceland,Lyfjastofnun,Havrix,HEPATITIS A VIRUS ANTIGEN (INACTIVATED),1440 ELISA ein./ml,"0,5 ml","Stungulyf, dreifa",472332,J07BC02,GlaxoSmithKline Pharma A/S,Vistor hf,2025-12-17,2026-04-21,2026-02-10,resolved,Aðrir styrkleikar eru á markaði / fáanlegir.,2026-09-23T20:59:58.684560,62022
IS,Iceland,Lyfjastofnun,Wilzin,Zinci acetas,50 mg,250 stk.,Hart hylki,021589,A16AX05,Recordati Rare Diseases*,Recordati AB*,2025-12-17,2025-12-17,2025-11-20,resolved,Aðrir styrkleikar eru á markaði / fáanlegir.,2026-09-23T20:59:58.685098,79952
IS,Iceland,Lyfjastofnun,Havrix,HEPATITIS A VIRUS ANTIGEN (INACTIVATED),1440 ELISA ein./ml,"0,5 ml","Stungulyf, dreifa",472332,J07BC02,GlaxoSmithKline Pharma A/S,Vistor hf,2025-12-17,2026-01-30,2025-12-05,resolved,Aðrir styrkleikar eru á markaði / fáanlegir.,2026-09-23T20:59:58.685642,62022
IS,Iceland,Lyfjastofnun,Betnovat,Betamethasonum INN valerat,1 mg/ml,100 ml,Húðlausn,008326,D07AC01,GlaxoSmithKline Pharma A/S,Vistor hf,2025-12-17,2025-12-17,2025-10-04,resolved,"Stuttur skortur á heildsölustigi, ólíklegt að skortur hafi áhrif á lyfjanotendur. Líklega til í einhverjum lyfjabúðum.",2026-09-23T20:59:58.686189,1465
IS,Iceland,Lyfjastofnun,Cosentyx,Secukinumabum INN,300 mg,2 ml,"Stungulyf, lausn í áfylltum lyfjapenna",445576,L04AC10,Novartis Europharm Limited*,Vistor hf,2025-12-17,2025-12-17,2025-11-07,resolved,"Stuttur skortur á heildsölustigi, ólíklegt að skortur hafi áhrif á lyfjanotendur.",2026-09-23T20:59:58.686725,197505
IS,Iceland,Lyfjastofnun,Revolade,Eltrombopagum olaminum INN,25 mg,28 stk.,Filmuhúðuð tafla,089089,B02BX05,Novartis Europharm Limited*,Vistor hf,2025-12-16,2026-01-16,2025-11-21,resolved,"Stuttur skortur á heildsölustigi, ólíklegt að skortur hafi áhrif á lyfjanotendur.",2026-09-23T20:59:58.687271,93963
IS,Iceland,Lyfjastofnun,Norspan,Buprenorphinum INN,10 míkróg/klst.,4 stk.,Forðaplástur,017266,N02AE01,Mundipharma A/S,Icepharma hf,2025-12-16,2026-02-04,2025-12-16,resolved,Samheitalyf er á markaði / fáanlegt.,2026-09-23T20:59:58.687849,89419
IS,Iceland,Lyfjastofnun,Nicotinell Mint,Nicotinum bítartrat,1 mg,144 stk.,Munnsogstafla,399439,N07BA01,Dr. Reddy's Netherlands B.V.,Artasan ehf,2025-12-16,2025-12-22,2025-12-17,resolved,Samheitalyf er á markaði / fáanlegt.,2026-09-23T20:59:58.688446,125482
IS,Iceland,Lyfjastofnun,Nicotinell Mint,Nicotinum bítartrat,1 mg,144 stk.,Munnsogstafla,399439,N07BA01,Dr. Reddy's Netherlands B.V.,Artasan ehf,2025-12-16,2026-02-10,2025-12-30,resolved,Aðrar pakkningastærðir eru á markaði / fáanlegar.,2026-09-23T20:59:58.689016,125482
IS,Iceland,Lyfjastofnun,Tamiflu,Oseltamivirum INN fosfat,45 mg,10 stk.,Hart hylki,106017,J05AH02,Roche Registration GmbH*,Icepharma hf,2025-12-16,2025-12-17,2025-12-16,resolved,"Stuttur skortur á heildsölustigi, ólíklegt að skortur hafi áhrif á lyfjanotendur.",2026-09-23T20:59:58.689591,87173
IS,Iceland,Lyfjastofnun,Norgesic,"Orphenadrinum INN cítrat, Paracetamolum INN",35+450 mg,30 stk.,Tafla,520759,M03BC51,Viatris ApS,Icepharma hf.*,2025-12-15,2026-01-19,2025-12-10,resolved,"Stuttur skortur á heildsölustigi, ólíklegt að skortur hafi áhrif á lyfjanotendur.",2026-09-23T20:59:58.690138,
IS,Iceland,Lyfjastofnun,Tamiflu,Oseltamivirum INN fosfat,30 mg,10 stk.,Hart hylki,106006,J05AH02,Roche Registration GmbH*,Icepharma hf,2025-12-15,2025-12-17,2025-12-16,resolved,"Stuttur skortur á heildsölustigi, ólíklegt að skortur hafi áhrif á lyfjanotendur.",2026-09-23T20:59:58.690689,69493
IS,Iceland,Lyfjastofnun,Cytotec,Misoprostolum INN,"0,2 mg",60 stk.,Tafla,003455,A02BB01,Pfizer ApS,Icepharma hf.*,2025-12-15,2026-03-02,2025-10-14,resolved,"Undanþágulyf hefur verið útvegað. Lyfjastofnun hefur heimilað lyfjafræðingum að breyta ávísun á lyfið í skorti í  undanþágulyfið Cytotec 200 mcg 60 töflur, vnr. 989732. Undanþágulyfið er í breskum pakkningum.",2026-09-23T20:59:58.691237,30732
IS,Iceland,Lyfjastofnun,Esopram,Escitalopram oxalate,10 mg,28 stk.,Filmuhúðuð tafla,048111,N06AB10,Teva B.V.*,Teva Pharma Iceland ehf.*,2025-12-14,2025-12-30,2025-12-18,resolved,Aðrar pakkningastærðir eru á markaði / fáanlegar.,2026-09-23T20:59:58.691787,74969
IS,Iceland,Lyfjastofnun,Evra,"Norelgestrominum INN, Ethinylestradiolum INN","203 míkróg/24 klst +33,9 míkróg/24 klst.",9 stk.,Forðaplástur,012921,G03AA13,Gedeon Richter Plc.*,Vistor hf,2025-12-14,2025-12-21,2025-11-04,resolved,Önnur lyfjaform eru á markaði / fáanleg.,2026-09-23T20:59:58.692333,75027
IS,Iceland,Lyfjastofnun,APROKAM,Cefuroximum INN natríum,50 mg,50 mg,"Stungulyfsstofn, lausn",472338,S01AA27,Laboratoires THEA*,,2025-12-14,2025-12-14,2025-12-03,resolved,Ekkert sambærilegt lyf er á markaði / fáanlegt.,2026-09-23T20:59:58.692871,217069
IS,Iceland,Lyfjastofnun,Lerkanidipin Actavis,Lercanidipinum INN hýdróklóríð,10 mg,98 stk.,Filmuhúðuð tafla,065945,C08CA13,Actavis Group PTC ehf.,Teva Pharma Iceland ehf.*,2025-12-14,2026-02-20,2025-11-07,resolved,"Undanþágulyf hefur verið útvegað. Lyfjastofnun hefur heimilað lyfjafræðingum að breyta ávísun á lyfið í skorti í  undanþágulyfið  Corifeo 10 mg filmuhúðuð tafla 100 stk, vnr. 989824. Undanþágulyfið er í þýskum pakkningum.",2026-09-23T20:59:58.693413,48100
IS,Iceland,Lyfjastofnun,Sandimmun Neoral,Ciclosporinum INN,25 mg,50 stk.,Mjúkt hylki,466482,L04AD01,Novartis Healthcare A/S,Vistor hf,2025-12-13,2025-12-13,2025-09-26,resolved,"Stuttur skortur á heildsölustigi, ólíklegt að skortur hafi áhrif á lyfjanotendur.",2026-09-23T20:59:58.693969,96245
IS,Iceland,Lyfjastofnun,Livostin,Levocabastinum INN hýdróklóríð,"0,5 mg/ml",4 ml,"Augndropar, dreifa",431154,S01GX02,McNeil Sweden AB,Vistor hf,2025-12-12,2025-12-12,2025-08-28,resolved,Samheitalyf er á markaði / fáanlegt.,2026-09-23T20:59:58.694543,220957
IS,Iceland,Lyfjastofnun,Advagraf (Lyfjaver),Tacrolimusum INN mónohýdrat,"0,5 mg",50x1 stk.,Hart forðahylki,047611,L04AD02,Lyfjaver ehf.,,2025-12-12,2025-12-18,2025-12-10,resolved,"Stuttur skortur á heildsölustigi, ólíklegt að skortur hafi áhrif á lyfjanotendur.",2026-09-23T20:59:58.695068,96148
IS,Iceland,Lyfjastofnun,Amlodipin Zentiva,Amlodipinum INN besýlat,"2,5 mg",84 stk.,Tafla,517200,C08CA01,Zentiva k.s.,,2025-12-12,2026-01-08,2025-11-12,resolved,Aðrar pakkningastærðir eru á markaði / fáanlegar. Lyfið er fáanlegt í 28 stk pakkningu,2026-09-23T20:59:58.695598,
IS,Iceland,Lyfjastofnun,Prevenar 20,Blanda,,"0,5 ml","Stungulyf, dreifa í áfylltri sprautu",509649,J07AL02,Pfizer Europe MA EEIG*,Icepharma hf.*,2025-12-12,2026-01-09,2025-09-29,resolved,Samheitalyf er á markaði / fáanlegt.,2026-09-23T20:59:58.696155,
IS,Iceland,Lyfjastofnun,Stesolid,Diazepamum INN,2 mg,25 stk.,Tafla,539551,N05BA01,Actavis Group PTC ehf.,Teva Pharma Iceland ehf.*,2025-12-12,2026-03-19,2025-12-10,resolved,"Undanþágulyf hefur verið útvegað. Lyfjastofnun hefur heimilað lyfjafræðingum að breyta ávísun á lyfið í skorti í  undanþágulyfið Diazepam 2 mg 28 stk. töflur, vnr. 980343. Undanþágulyfið er í breskum pakkningum. Mikilvægt er að lyfjafræðingar upplýsi lyfjanotendur um að undanþágulyf er með enskum áletrunum á fylgiseðli og ekki rauður þríhyrningur sem alla jafna á að vera á slíkri pakkningu.",2026-09-23T20:59:58.696703,7439
IS,Iceland,Lyfjastofnun,Ypozane,Osateronum INN acetat,"7,5 mg",7 stk.,Tafla,145616,QG04CX90,Virbac S.A.*,Virbac S.A.,2025-12-11,2025-12-22,2025-11-12,resolved,"Stuttur skortur á heildsölustigi, ólíklegt að skortur hafi áhrif á lyfjanotendur.",2026-09-23T20:59:58.697248,
IS,Iceland,Lyfjastofnun,Exelon,Rivastigminum INN,"13,3 mg/24 klst.",30 stk.,Forðaplástur,153145,N06DA03,Novartis Europharm Limited*,Vistor hf,2025-12-11,2026-03-16,2025-11-27,resolved,Aðrir styrkleikar eru á markaði / fáanlegir.,2026-09-23T20:59:58.697827,
IS,Iceland,Lyfjastofnun,Rewellfem,Estradiol,10 míkróg,18 stk.,Leggangatafla,085813,G03CA03,Gedeon Richter Plc.*,,2025-12-11,2025-12-11,2025-11-26,resolved,"Stuttur skortur á heildsölustigi, ólíklegt að skortur hafi áhrif á lyfjanotendur.",2026-09-23T20:59:58.698359,
IS,Iceland,Lyfjastofnun,Synjardy,"Empagliflozinum INN, Metforminum INN hýdróklóríð","12,5 mg/1000 mg",180 stk.,Filmuhúðuð tafla,060581,A10BD20,Boehringer Ingelheim International GmbH*,Vistor hf,2025-12-11,2025-12-11,2025-11-23,resolved,Aðrar pakkningastærðir eru á markaði / fáanlegar.,2026-09-23T20:59:58.698900,
IS,Iceland,Lyfjastofnun,Fentanyl Alvogen,Fentanylum INN,12 míkróg/klst.,5 stk.,Forðaplástur,052677,N02AB03,Alvogen ehf.,,2025-12-11,2026-01-28,2025-10-17,resolved,"Aðrir styrkleikar eru á markaði / fáanlegir. Hærri styrkleikar á markaði. Ekki á að nota plástur sem hefur verið klipptur í sundur, skipt í hluta eða hefur orðið fyrir hnjaski.",2026-09-23T20:59:58.699431,
IS,Iceland,Lyfjastofnun,Adartrel (Lyfjaver),Ropinirolum INN hýdróklóríð,"0,5 mg",84 stk.,Filmuhúðuð tafla,451135,N04BC04,Lyfjaver ehf.,,2025-12-10,2026-02-01,2025-12-10,resolved,Ekkert sambærilegt lyf er á markaði / fáanlegt.,2026-09-23T20:59:58.699965,51217
IS,Iceland,Lyfjastofnun,Advagraf (Lyfjaver),Tacrolimusum INN mónohýdrat,5 mg,50x1 stk.,Hart forðahylki,146428,L04AD02,Lyfjaver ehf.,,2025-12-10,2025-12-18,2025-12-10,resolved,"Stuttur skortur á heildsölustigi, ólíklegt að skortur hafi áhrif á lyfjanotendur.",2026-09-23T20:59:58.700502,96172
IS,Iceland,Lyfjastofnun,Celecoxib Medical,Celecoxibum INN,100 mg,100 stk.,Hart hylki,046188,M01AH01,Medical ehf.,,2025-12-10,2026-03-03,2025-12-10,resolved,Samheitalyf er á markaði / fáanlegt.,2026-09-23T20:59:58.701042,58998
IS,Iceland,Lyfjastofnun,Gamunex,HUMAN NORMAL IMMUNOGLOBULIN (IV),100 mg/ml,400 ml,"Innrennslislyf, lausn",452480,J06BA02,Grifols Deutschland GmbH*,Alvogen ehf.,2025-12-10,2026-02-20,2025-11-26,resolved,Sérpöntun / útboðslyf. Lyfið er til í öðrum pakkningastærðum,2026-09-23T20:59:58.701589,
IS,Iceland,Lyfjastofnun,Rybelsus,Semaglutidum INN,"1,5 mg",30 stk.,Tafla,505853,A10BJ06,Novo Nordisk A/S*,Vistor hf,2025-12-10,2025-12-10,2025-11-20,resolved,Aðrir styrkleikar eru á markaði / fáanlegir.,2026-09-23T20:59:58.702141,
IS,Iceland,Lyfjastofnun,Tribovax vet.,Blanda,,100 ml,"Stungulyf, dreifa",475686,QI02AB01,Intervet International B.V.*,,2025-12-10,2025-12-10,2025-10-30,resolved,Aðrar pakkningastærðir eru á markaði / fáanlegar.,2026-09-23T20:59:58.702662,
IS,Iceland,Lyfjastofnun,Nezeril,Oxymetazolinum INN hýdróklóríð,"0,25 mg/ml",0.1 ml,"Nefdropar, lausn",054247,R01AA05,Perrigo Sverige AB,Vistor hf,2025-12-10,2025-12-19,2025-11-16,resolved,"Stuttur skortur á heildsölustigi, ólíklegt að skortur hafi áhrif á lyfjanotendur.",2026-09-23T20:59:58.703210,6416
IS,Iceland,Lyfjastofnun,Myfortic,Mycophenolatum INN natríum,180 mg,120 stk.,Magasýruþolin tafla,015733,L04AA06,Novartis Healthcare A/S,Vistor hf,2025-12-10,2025-12-10,2025-10-28,resolved,Samheitalyf er á markaði / fáanlegt.,2026-09-23T20:59:58.703764,74942
IS,Iceland,Lyfjastofnun,Detrusitol Retard,TOLTERODINE L-TARTRATE,4 mg,100 stk.,Hart forðahylki,007769,G04BD07,Viatris ApS,Icepharma hf.*,2025-12-09,2026-05-06,2025-12-15,resolved,Undanþágulyf hefur verið útvegað. Heildsala Parlogis hefur útvegað undanþágulyfið Mariosea XL 2 mg forðahylki (VNR: 999485),2026-09-23T20:59:58.704322,100129
IS,Iceland,Lyfjastofnun,Cosentyx,Secukinumabum INN,75 mg,"0,5 ml","Stungulyf, lausn í áfylltri sprautu",478929,L04AC10,Novartis Europharm Limited*,Vistor hf,2025-12-09,2025-12-09,2025-11-25,resolved,Aðrir styrkleikar eru á markaði / fáanlegir.,2026-09-23T20:59:58.704858,
IS,Iceland,Lyfjastofnun,Aimovig,Erenumabum INN,140 mg,1 ml,"Stungulyf, lausn í áfylltum lyfjapenna",189312,N02CD01,Novartis Europharm Limited*,Vistor hf,2025-12-09,2025-12-09,2025-09-23,resolved,Aðrir styrkleikar og/eða samheitalyf eru á markaði / fáanlegir.,2026-09-23T20:59:58.705397,209333
IS,Iceland,Lyfjastofnun,Mucomyst,Acetylcysteinum INN,200 mg,25 stk.,Freyðitafla,410957,R05CB01,Viatris ApS,,2025-12-09,2026-06-25,2025-12-09,resolved,Samheitalyf er á markaði / fáanlegt.,2026-09-23T20:59:58.705923,40010
IS,Iceland,Lyfjastofnun,Risperdal Consta,Risperidonum INN,50 mg,50 mg,"Stungulyfsstofn og leysir, forðadreifa",599462,N05AX08,Janssen-Cilag AB,Vistor hf,2025-12-09,2025-12-17,2025-11-16,resolved,"Stuttur skortur á heildsölustigi, ólíklegt að skortur hafi áhrif á lyfjanotendur.",2026-09-23T20:59:58.706460,68284
IS,Iceland,Lyfjastofnun,Omnitrope,Somatropinum INN,"5 mg/1,5 ml","1,5 ml","Stungulyf, lausn í rörlykju",173656,H01AC01,Sandoz GmbH*,Sandoz A/S*,2025-12-09,2025-12-09,2025-11-09,resolved,Aðrir styrkleikar eru á markaði / fáanlegir.,2026-09-23T20:59:58.706995,141011
IS,Iceland,Lyfjastofnun,Tasigna,Nilotinibum INN hýdróklóríð,150 mg,112 stk.,Hart hylki,523758,L01EA03,Novartis Europharm Limited*,Vistor hf,2025-12-09,2025-12-09,2025-10-28,resolved,"Stuttur skortur á heildsölustigi, ólíklegt að skortur hafi áhrif á lyfjanotendur.",2026-09-23T20:59:58.707566,230715
IS,Iceland,Lyfjastofnun,Nicorette Whitemint,Nicotine resinate,2 mg,30 stk.,Lyfjatyggigúmmí,092553,N07BA01,McNeil Denmark ApS,Vistor hf,2025-12-08,2025-12-08,2025-11-14,resolved,Aðrar pakkningastærðir eru á markaði / fáanlegar.,2026-09-23T20:59:58.708122,
IS,Iceland,Lyfjastofnun,Procoralan,Ivabradinum INN hýdróklóríð,"7,5 mg",56 stk.,Filmuhúðuð tafla,041105,C01EB17,Les Laboratoires Servier*,Icepharma hf,2025-12-08,2025-12-29,2025-12-10,resolved,"Stuttur skortur á heildsölustigi, ólíklegt að skortur hafi áhrif á lyfjanotendur.",2026-09-23T20:59:58.708685,59056
IS,Iceland,Lyfjastofnun,Votrient,Pazopanibum INN hýdróklóríð,200 mg,90 stk.,Filmuhúðuð tafla,093072,L01EX03,Novartis Europharm Limited*,Vistor hf,2025-12-08,2025-12-17,2025-11-07,resolved,"Stuttur skortur á heildsölustigi, ólíklegt að skortur hafi áhrif á lyfjanotendur.",2026-09-23T20:59:58.709234,100129
IS,Iceland,Lyfjastofnun,Lenvima,Lenvatinibum INN mesýlat,10 mg,30 stk.,Hart hylki,147902,L01EX08,Eisai GmbH,Eisai AB*,2025-12-08,2025-12-11,2025-11-24,resolved,"Stuttur skortur á heildsölustigi, ólíklegt að skortur hafi áhrif á lyfjanotendur.",2026-09-23T20:59:58.709786,133256
IS,Iceland,Lyfjastofnun,Natriumklorid Fresenius Kabi,Sodium chloride,9 mg/ml,20 ml,Leysir fyrir stungulyf,477752,V07AB,Fresenius Kabi AB,Vistor hf,2025-12-07,2025-12-07,2025-11-17,resolved,Aðrar pakkningastærðir eru á markaði / fáanlegar.,2026-09-23T20:59:58.710335,
IS,Iceland,Lyfjastofnun,Cortiment,Budesonidum INN,9 mg,30 stk.,Forðatafla,065339,A07EA06,Ferring Lægemidler A/S,,2025-12-07,2025-12-07,2025-11-25,resolved,Aðrir styrkleikar og pakkningastærðir eru á markaði / fáanlegir.,2026-09-23T20:59:58.710884,107379
IS,Iceland,Lyfjastofnun,Alizin vet.,Aglepristonum INN,30 mg/ml,10 ml,"Stungulyf, lausn",019308,QG03XB90,Virbac S.A.*,,2025-12-07,2025-12-11,2025-11-27,resolved,"Stuttur skortur á heildsölustigi, ólíklegt að skortur hafi áhrif á lyfjanotendur.",2026-09-23T20:59:58.711413,
IS,Iceland,Lyfjastofnun,Cyclogest,Progesteronum INN,400 mg,15 stk.,Leggangastíll,377577,G03DA04,Gedeon Richter Plc.*,Gedeon Richter Nordics AB,2025-12-07,2025-12-22,2025-11-27,resolved,"Stuttur skortur á heildsölustigi, ólíklegt að skortur hafi áhrif á lyfjanotendur.",2026-09-23T20:59:58.711990,201375
IS,Iceland,Lyfjastofnun,Synjardy,"Empagliflozinum INN, Metforminum INN hýdróklóríð","12,5 mg/1000 mg",60 x 1 stk.,Filmuhúðuð tafla,455266,A10BD20,Boehringer Ingelheim International GmbH*,Vistor hf,2025-12-06,2025-12-11,2025-11-28,resolved,"Stuttur skortur á heildsölustigi, ólíklegt að skortur hafi áhrif á lyfjanotendur.",2026-09-23T20:59:58.712538,
IS,Iceland,Lyfjastofnun,Gilenya,Fingolimodum INN hýdróklóríð,"0,5 mg",28 stk.,Hart hylki,558770,L04AE01,Novartis Europharm Limited*,Vistor hf,2025-12-06,2025-12-17,2025-11-12,resolved,Aðrir styrkleikar eru á markaði / fáanlegir.,2026-09-23T20:59:58.713091,100129
IS,Iceland,Lyfjastofnun,Amlodipin Medical Valley,Amlodipinum INN besýlat,5 mg,112 stk.,Tafla,515699,C08CA01,Medical Valley Invest AB,,2025-12-05,2025-12-22,2025-12-05,resolved,Samheitalyf er á markaði / fáanlegt.,2026-09-23T20:59:58.713633,123315
IS,Iceland,Lyfjastofnun,Prograf (Lyfjaver),Tacrolimusum INN mónohýdrat,"0,5 mg",50 stk.,Hart hylki,526413,L04AD02,Lyfjaver ehf.,,2025-12-05,2025-12-18,2025-12-04,resolved,Aðrir styrkleikar eru á markaði / fáanlegir.,2026-09-23T20:59:58.714168,92363
IS,Iceland,Lyfjastofnun,Varilrix,Varicella-Zoster Virus,2.000 PFU bóluefni,"0,5 ml","Stungulyfsstofn og leysir, lausn",442258,J07BK01,GlaxoSmithKline Pharma A/S,Vistor hf,2025-12-05,2025-12-05,2025-11-06,resolved,"Stuttur skortur á heildsölustigi, ólíklegt að skortur hafi áhrif á lyfjanotendur.",2026-09-23T20:59:58.714720,
IS,Iceland,Lyfjastofnun,ZESUVA,Sunitinibum INN,25 mg,28 stk.,Hart hylki,119497,L01EX01,Zentiva k.s.*,Alvogen ehf.,2025-12-05,2100-12-31,2025-11-17,shortage,"Undanþágulyf hefur verið útvegað. Lyfjastofnun hefur heimilað lyfjafræðingum að breyta ávísun á lyfið í skorti í undanþágulyfið Sunitinib frá Bluefish, frá heildsölunnni Parlogis, vnr 992682, lyfið er í sænskum umbúðum.",2026-09-23T20:59:58.715265,
IS,Iceland,Lyfjastofnun,Duac,"Benzoyl peroxide, Clindamycinum INN fosfat",50 mg/g + 10 mg/g,30 g,Hlaup,115770,D10AF51,Stiefel Laboratories Legacy (Ireland) Ltd,Vistor hf,2025-12-05,2025-12-05,2025-11-19,resolved,"Stuttur skortur á heildsölustigi, ólíklegt að skortur hafi áhrif á lyfjanotendur.",2026-09-23T20:59:58.715814,82767
IS,Iceland,Lyfjastofnun,Sondelbay,Teriparatidum INN,20 míkróg /80 míkról,28 skammtar,"Stungulyf, lausn í áfylltum lyfjapenna",490780,H05AA02,Accord Healthcare S.L.U.,,2025-12-05,2025-12-05,2025-11-22,resolved,"Stuttur skortur á heildsölustigi, ólíklegt að skortur hafi áhrif á lyfjanotendur.",2026-09-23T20:59:58.716349,131601
IS,Iceland,Lyfjastofnun,Escitalopram Bluefish,Escitalopramum INN oxalat,5 mg,98 stk.,Filmuhúðuð tafla,094495,N06AB10,Bluefish Pharmaceuticals AB,Artasan ehf,2025-12-05,2026-02-10,2025-11-28,resolved,Samheitalyf er á markaði / fáanlegt.,2026-09-23T20:59:58.716893,97802
IS,Iceland,Lyfjastofnun,SmofKabiven,Blanda,,2463 ml,"Innrennslislyf, fleyti",154651,B05BA10,Fresenius Kabi AB,Vistor hf,2025-12-05,2026-02-02,2025-11-21,resolved,Aðrar pakkningastærðir eru á markaði / fáanlegar.,2026-09-23T20:59:58.717443,89591
IS,Iceland,Lyfjastofnun,Rivotril,Clonazepamum INN,2 mg,100 stk.,Tafla,593434,N03AE01,CHEPLAPHARM Arzneimittel GmbH,,2025-12-04,2025-12-22,2025-11-08,resolved,Undanþágulyf hefur verið útvegað.,2026-09-23T20:59:58.718004,7129
IS,Iceland,Lyfjastofnun,Pevisone,"Econazolum INN nítrat, Triamcinolonum INN acetóníð",1 mg/g + 10 mg/g,15 g,Krem,195669,D01AC20,Karo Pharma AB*,Alvogen ehf.,2025-12-04,2026-01-07,2025-12-08,resolved,Aðrar pakkningastærðir eru á markaði / fáanlegar.,2026-09-23T20:59:58.718553,
IS,Iceland,Lyfjastofnun,Lerkanidipin Actavis,Lercanidipinum INN hýdróklóríð,20 mg,98 stk.,Filmuhúðuð tafla,065956,C08CA13,Actavis Group PTC ehf.,Teva Pharma Iceland ehf.*,2025-12-04,2025-12-30,2025-12-16,resolved,Undanþágulyf hefur verið útvegað. Undanþágulyfið Corifeo 20 mg filmuhúðuð tafla 100 stk hefur verið útvegað.,2026-09-23T20:59:58.719105,79510
IS,Iceland,Lyfjastofnun,Leqvio,Inclisiranum INN natríum,284 mg,"1,5 ml","Stungulyf, lausn í áfylltri sprautu",026109,C10AX16,Novartis Europharm Limited*,Vistor hf,2025-12-04,2025-12-11,2025-10-26,resolved,"Stuttur skortur á heildsölustigi, ólíklegt að skortur hafi áhrif á lyfjanotendur.",2026-09-23T20:59:58.719654,213055
IS,Iceland,Lyfjastofnun,Valtrex,Valaciclovirum INN hýdróklóríð,250 mg,60 stk.,Filmuhúðuð tafla,374397,J05AB11,GlaxoSmithKline Pharma A/S,Vistor hf,2025-12-04,2025-12-05,2025-11-13,resolved,"Stuttur skortur á heildsölustigi, ólíklegt að skortur hafi áhrif á lyfjanotendur.",2026-09-23T20:59:58.720201,51306
IS,Iceland,Lyfjastofnun,Trajenta,Linagliptinum INN,5 mg,30 x 1 stk.,Filmuhúðuð tafla,091493,A10BH05,Boehringer Ingelheim International GmbH*,Vistor hf,2025-12-04,2025-12-04,2025-11-11,resolved,Aðrar pakkningastærðir eru á markaði / fáanlegar.,2026-09-23T20:59:58.720739,101125
IS,Iceland,Lyfjastofnun,Imogaze,Simeticonum INN,240 mg,30 stk.,Mjúkt hylki,087215,A03AX13,McNeil Sweden AB,Vistor hf,2025-12-04,2025-12-18,2025-11-15,resolved,Ekki til lyf með sama ATC númer en sambærilegt lyf í sama flokki er á markaði / fáanlegt.,2026-09-23T20:59:58.721286,26263
IS,Iceland,Lyfjastofnun,Dupixent,Dupilumabum INN,200 mg,"1,14 ml","Stungulyf, lausn í áfylltri sprautu",183645,D11AH05,Sanofi Winthrop Industrie,Vistor hf,2025-12-04,2025-12-22,2025-12-05,resolved,Aðrir styrkleikar og lyfjaform eru á markaði / fáanlegir.,2026-09-23T20:59:58.721850,197874
IS,Iceland,Lyfjastofnun,Anatera,Fluoresceinum natríum,100 mg/ml,5 ml,"Stungulyf, lausn",090979,S01JA01,Alcon Nordic A/S,,2025-12-04,2025-12-04,2025-11-05,resolved,Til skoðunar.,2026-09-23T20:59:58.722374,26263
IS,Iceland,Lyfjastofnun,Oncaspar,Pegaspargasum INN,750 ein./ml,3.750 ein.,"Stungulyfs-/innrennslisstofn, lausn",449842,L01XX24,Les Laboratoires Servier*,Icepharma hf.*,2025-12-03,2025-12-22,2025-12-10,resolved,"Stuttur skortur á heildsölustigi, ólíklegt að skortur hafi áhrif á lyfjanotendur.",2026-09-23T20:59:58.722915,148644
IS,Iceland,Lyfjastofnun,Rewellfem,Estradiol,10 míkróg,18 stk.,Leggangatafla,085813,G03CA03,Gedeon Richter Plc.*,,2025-12-03,2025-12-08,2025-11-18,resolved,"Stuttur skortur á heildsölustigi, ólíklegt að skortur hafi áhrif á lyfjanotendur.",2026-09-23T20:59:58.723449,
IS,Iceland,Lyfjastofnun,Procysbi,Mercaptaminum INN bítartrat,75 mg,250 stk.,Magasýruþolið hart hylki,494885,A16AA04,Chiesi Farmaceutici S.p.A.*,Chiesi Pharma AB,2025-12-02,2025-12-02,2025-10-25,resolved,Sérpöntun / útboðslyf.,2026-09-23T20:59:58.723991,82899
IS,Iceland,Lyfjastofnun,Posaconazole Accord,Posaconazolum INN,100 mg,96 x 1 stk.,Magasýruþolin tafla,118490,J02AC04,Accord Healthcare S.L.U.,,2025-12-02,2025-12-02,2025-11-06,resolved,"Stuttur skortur á heildsölustigi, ólíklegt að skortur hafi áhrif á lyfjanotendur.",2026-09-23T20:59:58.724514,117498
IS,Iceland,Lyfjastofnun,Maxalt Smelt,Rizatriptanum INN benzóat,10 mg,18 stk.,Frostþurrkuð tafla,527132,N02CC04,N.V. Organon*,Vistor hf,2025-12-02,2025-12-09,2025-11-28,resolved,"Stuttur skortur á heildsölustigi, ólíklegt að skortur hafi áhrif á lyfjanotendur.",2026-09-23T20:59:58.725054,50520
IS,Iceland,Lyfjastofnun,Imatinib Accord,Imatinibum INN mesýlat,400 mg,30 x 1 stk.,Filmuhúðuð tafla,104423,L01EA01,Accord Healthcare S.L.U.,,2025-12-02,2025-12-02,2025-11-06,resolved,"Stuttur skortur á heildsölustigi, ólíklegt að skortur hafi áhrif á lyfjanotendur.",2026-09-23T20:59:58.725583,71307
IS,Iceland,Lyfjastofnun,Nevanac,Nepafenacum INN,3 mg/ml,3 ml,"Augndropar, dreifa",195092,S01BC10,Novartis Europharm Limited*,Vistor hf,2025-12-01,2026-02-16,2025-12-02,resolved,"Undanþágulyf hefur verið útvegað. Heildsalan Distica hefur útvegað undanþágulyfið Nevanac 1 mg/ml 5 ml, vnr. 953589, í þýskum umbúðum.",2026-09-23T20:59:58.726141,220620
IS,Iceland,Lyfjastofnun,Sitagliptin/Metformin Zentiva ApS,"Sitagliptinum INN fosfat mónóhýdrat, Metforminum INN hýdróklóríð",50 mg/850 mg,196 stk.,Filmuhúðuð tafla,408999,A10BD07,Zentiva k.s.,Alvogen ehf.,2025-12-01,2025-12-18,2025-12-01,resolved,Samheitalyf er á markaði / fáanlegt.,2026-09-23T20:59:58.726690,218162
IS,Iceland,Lyfjastofnun,Sitagliptin/Metformin Zentiva ApS,"Sitagliptinum INN fosfat mónóhýdrat, Metforminum INN hýdróklóríð",50 mg/1000 mg,196 stk.,Filmuhúðuð tafla,478574,A10BD07,Zentiva k.s.,Alvogen ehf.,2025-12-01,2025-12-05,2025-12-01,resolved,Samheitalyf er á markaði / fáanlegt.,2026-09-23T20:59:58.727321,218154
IS,Iceland,Lyfjastofnun,ALBUTEIN,Human albumin solution,50 g/l,250 ml,"Innrennslislyf, lausn",444961,B05AA01,Instituto Grifols S.A.*,Grifols Nordic AB,2025-12-01,2025-12-04,2025-12-01,resolved,"Stuttur skortur á heildsölustigi, ólíklegt að skortur hafi áhrif á lyfjanotendur.",2026-09-23T20:59:58.727954,69663
IS,Iceland,Lyfjastofnun,ALBUTEIN,Human albumin solution,200 g/l,100 ml,"Innrennslislyf, lausn",126121,B05AA01,Instituto Grifols S.A.*,Grifols Nordic AB,2025-12-01,2025-12-04,2025-12-01,resolved,"Stuttur skortur á heildsölustigi, ólíklegt að skortur hafi áhrif á lyfjanotendur.",2026-09-23T20:59:58.728522,24082
IS,Iceland,Lyfjastofnun,Fungoral (Heilsa),Ketoconazolum INN,20 mg/ml,120 ml,Hársápa,567393,D01AC08,Heilsa ehf.,,2025-12-01,2025-12-05,2025-12-01,resolved,"Stuttur skortur á heildsölustigi, ólíklegt að skortur hafi áhrif á lyfjanotendur.",2026-09-23T20:59:58.729056,80349
IS,Iceland,Lyfjastofnun,Azyter,Azithromycinum INN díhýdrat,15 mg/g,"0,25 g","Augndropar, lausn í stakskammtaíláti",151737,S01AA26,Laboratoires THEA S.A.S.,,2025-12-01,2025-12-08,2025-11-11,resolved,"Stuttur skortur á heildsölustigi, ólíklegt að skortur hafi áhrif á lyfjanotendur.",2026-09-23T20:59:58.729588,89451
IS,Iceland,Lyfjastofnun,Fluconazol Krka,Fluconazole,150 mg,6 stk.,Hart hylki,017701,J02AC01,"KRKA, d.d., Novo mesto",LYFIS ehf.*,2025-12-01,2026-01-08,2025-10-30,resolved,Aðrir styrkleikar og/eða samheitalyf eru á markaði / fáanlegir.,2026-09-23T20:59:58.730133,30384
IS,Iceland,Lyfjastofnun,Pneumovax,"Pneumococcal Polysaccharide Danish types 1,2,3,4,5,6B,7F,8,9N,9V,10A,11A,12F,14,15B,17F,18,C,19A, 19F,20,22F,23F,33F",25 míkróg,"0,5 ml","Stungulyf, lausn í áfylltri sprautu",373611,J07AL01,Merck Sharp & Dohme B.V.*,Vistor hf,2025-12-01,2025-12-08,2025-10-30,resolved,"Stuttur skortur á heildsölustigi, ólíklegt að skortur hafi áhrif á lyfjanotendur.",2026-09-23T20:59:58.730674,
IS,Iceland,Lyfjastofnun,Desmopressin Zentiva,Desmopressinum INN acetat,240 míkróg,30 stk.,Tungurótartafla,453074,H01BA02,Zentiva k.s.*,,2025-12-01,2026-01-08,2025-11-24,resolved,Samheitalyf er á markaði / fáanlegt.,2026-09-23T20:59:58.731202,225428
IS,Iceland,Lyfjastofnun,Etalpha,Alfacalcidolum INN,1 míkróg,100 stk.,Mjúkt hylki,419309,A11CC03,CHEPLAPHARM Arzneimittel GmbH,,2025-12-01,2025-12-22,2025-09-16,resolved,"Stuttur skortur á heildsölustigi, ólíklegt að skortur hafi áhrif á lyfjanotendur.",2026-09-23T20:59:58.731735,3549
IS,Iceland,Lyfjastofnun,Desmopressin Zentiva,"Lactose monohydrate, Desmopressinum INN acetat",60 míkróg,100 stk.,Tungurótartafla,110095,H01BA02,Zentiva k.s.*,,2025-12-01,2025-12-04,2025-11-24,resolved,Aðrar pakkningastærðir eru á markaði / fáanlegar.,2026-09-23T20:59:58.732267,225479
IS,Iceland,Lyfjastofnun,Advagraf (Heilsa),Takrólímus,1 mg,50 stk.,Hart forðahylki,434697,L04AD02,Heilsa ehf,,2025-12-01,2025-12-29,2025-11-19,resolved,Samhliða innflutt lyf er á markaði / fáanlegt.,2026-09-23T20:59:58.732799,96156
IS,Iceland,Lyfjastofnun,ALBUTEIN,Human albumin solution,50 g/l,500 ml,"Innrennslislyf, lausn",372708,B05AA01,Instituto Grifols S.A.*,Grifols Nordic AB,2025-12-01,2025-12-04,2025-12-01,resolved,"Stuttur skortur á heildsölustigi, ólíklegt að skortur hafi áhrif á lyfjanotendur.",2026-09-23T20:59:58.733351,99279
IS,Iceland,Lyfjastofnun,Sumatriptan Bluefish,Sumatriptanum INN súkkínat,100 mg,18 stk.,Tafla,498656,N02CC01,Bluefish Pharmaceuticals AB,Artasan ehf,2025-11-30,2026-02-24,2025-11-15,resolved,Samheitalyf er á markaði / fáanlegt.,2026-09-23T20:59:58.733896,32476
IS,Iceland,Lyfjastofnun,Risolid,Chlordiazepoxidum INN,10 mg,100 stk.,Filmuhúðuð tafla,165175,N05BA02,Teva B.V.*,Teva Pharma Iceland ehf.*,2025-11-30,2026-01-31,2025-12-18,resolved,Aðrar pakkningastærðir eru á markaði / fáanlegar.,2026-09-23T20:59:58.734448,
IS,Iceland,Lyfjastofnun,Jext,Adrenalinum bítartrat (Epinephrinum INN bítartrat),300 míkróg,"0,3 ml","Stungulyf, lausn í áfylltum lyfjapenna",183660,C01CA24,ALK-Abelló A/S,Vistor hf,2025-11-30,2025-12-09,2025-10-31,resolved,"Stuttur skortur á heildsölustigi, ólíklegt að skortur hafi áhrif á lyfjanotendur.",2026-09-23T20:59:58.735013,218111
IS,Iceland,Lyfjastofnun,Erelzi,Etanerceptum INN,50 mg,1 ml,"Stungulyf, lausn í áfylltum lyfjapenna",558812,L04AB01,Sandoz GmbH*,,2025-11-29,2025-11-29,2025-10-31,resolved,Aðrir styrkleikar eru á markaði / fáanlegir.,2026-09-23T20:59:58.735533,106321
IS,Iceland,Lyfjastofnun,Simulect,Basiliximabum INN,20 mg,20 mg,"Stungulyfs-/innrennslisstofn, lausn",453823,L04AC02,Novartis Europharm Limited*,Vistor hf,2025-11-29,2025-11-29,2025-10-29,resolved,Samheitalyf er á markaði / fáanlegt.,2026-09-23T20:59:58.736073,51330
IS,Iceland,Lyfjastofnun,CYSTADROPS,Mercaptaminum INN bítartrat,"3,8 mg/ml",5 ml,"Augndropar, lausn",161981,S01XA21,Recordati Rare Diseases*,Recordati AB*,2025-11-29,2025-11-29,2025-11-21,resolved,Ekkert sambærilegt lyf er á markaði / fáanlegt.,2026-09-23T20:59:58.736614,220965
IS,Iceland,Lyfjastofnun,Reagila,Cariprazinum INN hýdróklóríð,"1,5 mg",28 stk.,Hart hylki,168071,N05AX15,Gedeon Richter Plc.*,Recordati AB,2025-11-28,2025-12-11,2025-11-11,resolved,"Stuttur skortur á heildsölustigi, ólíklegt að skortur hafi áhrif á lyfjanotendur.",2026-09-23T20:59:58.737160,159123
IS,Iceland,Lyfjastofnun,Sitagliptin Krka,Sitagliptinum INN,50 mg,98 stk.,Filmuhúðuð tafla,086441,A10BH01,Krka d.d. Novo mesto*,,2025-11-28,2025-12-10,2025-11-06,resolved,Aðrir styrkleikar og/eða samheitalyf eru á markaði / fáanlegir.,2026-09-23T20:59:58.737715,218111
IS,Iceland,Lyfjastofnun,Finquel vet.,Tricaine mesilate,1000 mg/g,1000 g,Duft fyrir baðlausn,140729,QN01AX93,Intervet International B.V.*,,2025-11-28,2025-12-04,2025-11-11,resolved,"Stuttur skortur á heildsölustigi, ólíklegt að skortur hafi áhrif á lyfjanotendur.",2026-09-23T20:59:58.738242,
IS,Iceland,Lyfjastofnun,Mycamine,Micafunginum INN natríum,50 mg,50 mg,"Stofn fyrir innrennslisþykkni, lausn",158608,J02AX05,Sandoz Pharmaceuticals d.d.,,2025-11-28,2025-11-28,2025-10-15,resolved,"Stuttur skortur á heildsölustigi, ólíklegt að skortur hafi áhrif á lyfjanotendur.",2026-09-23T20:59:58.738769,47724
IS,Iceland,Lyfjastofnun,Aritavi,Duloxetinum INN hýdróklóríð,30 mg,30 stk.,Magasýruþolið hart hylki,081626,N06AX21,Teva B.V.*,Teva Pharma Iceland ehf.*,2025-11-28,2100-12-31,2026-04-17,shortage,Samheitalyf er á markaði / fáanlegt.,2026-09-23T20:59:58.739321,79057
IS,Iceland,Lyfjastofnun,Contalgin Uno,Morphini sulfas,90 mg,28 stk.,Hart forðahylki,433318,N02AA01,Mundipharma A/S,Icepharma hf.*,2025-11-27,2026-04-20,2025-11-27,resolved,Aðrir styrkleikar eru á markaði / fáanlegir.,2026-09-23T20:59:58.739866,
IS,Iceland,Lyfjastofnun,Paracetamol Sandoz,Paracetamolum INN,500 mg,30 stk.,Filmuhúðuð tafla,466610,N02BE01,Sandoz A/S*,,2025-11-27,2026-07-28,2025-11-18,resolved,Samheitalyf er á markaði / fáanlegt.,2026-09-23T20:59:58.740400,67903
IS,Iceland,Lyfjastofnun,Glimeryl,Glimepiride,2 mg,90 stk.,Tafla,046414,A10BB12,Teva B.V.*,Teva Pharma Iceland ehf.*,2025-11-26,2025-12-15,2025-10-22,resolved,Aðrir styrkleikar eru á markaði / fáanlegir.,2026-09-23T20:59:58.740948,44431
IS,Iceland,Lyfjastofnun,Rybelsus,Semaglutidum INN,4 mg,30 stk.,Tafla,579663,A10BJ06,Novo Nordisk A/S*,Vistor hf,2025-11-26,2025-12-15,2025-11-27,resolved,Aðrir styrkleikar eru á markaði / fáanlegir.,2026-09-23T20:59:58.741504,
IS,Iceland,Lyfjastofnun,"Engemycin, vet.",Oxytetracyclinum INN hýdróklóríð,100 mg/ml,100 ml,"Stungulyf, lausn",064402,QJ01AA06,Intervet International B.V.*,Vistor hf,2025-11-26,2025-12-31,2025-11-05,resolved,Ekkert sambærilegt lyf er á markaði / fáanlegt.,2026-09-23T20:59:58.742047,
IS,Iceland,Lyfjastofnun,Aklief,Trifarotenum,50 míkróg/g,75 g,Krem,515832,D10AD06,Galderma Nordic AB*,,2025-11-26,2025-12-08,2025-11-26,resolved,Ekki til lyf með sama ATC númer en sambærilegt lyf í sama flokki er á markaði / fáanlegt.,2026-09-23T20:59:58.742575,203785
IS,Iceland,Lyfjastofnun,Vitalipid Adult,Blanda,,10 ml,"Innrennslisþykkni, fleyti",191247,B05XC,Fresenius Kabi AB,Vistor hf,2025-11-26,2025-11-26,2025-10-04,resolved,Til skoðunar.,2026-09-23T20:59:58.743121,
IS,Iceland,Lyfjastofnun,Vermox,Mebendazolum INN,20 mg/ml,30 ml,"Mixtúra, dreifa",595134,P02CA01,McNeil Sweden AB,Vistor hf,2025-11-26,2025-11-26,2025-10-21,resolved,"Stuttur skortur á heildsölustigi, ólíklegt að skortur hafi áhrif á lyfjanotendur.",2026-09-23T20:59:58.743668,
IS,Iceland,Lyfjastofnun,Nitroglycerin DAK,Glyceryl trinitrate,"0,5 mg",25 stk.,Tungurótartafla,428089,C01DA02,Orifarm Healthcare A/S,Artasan ehf,2025-11-25,2026-02-12,2025-11-03,resolved,Aðrar pakkningastærðir eru á markaði / fáanlegar.,2026-09-23T20:59:58.744209,
IS,Iceland,Lyfjastofnun,Hyrimoz,Adalimumabum INN,40 mg,"0,4 ml","Stungulyf, lausn í áfylltri sprautu",458291,L04AB04,Sandoz GmbH*,,2025-11-25,2025-12-02,2025-10-25,resolved,Aðrar pakkningastærðir eru á markaði / fáanlegar.,2026-09-23T20:59:58.744739,48933
IS,Iceland,Lyfjastofnun,Rimactan,Rifampicinum INN,300 mg,100 stk.,Hart hylki,170505,J04AB02,Sandoz GmbH*,,2025-11-25,2025-11-27,2025-10-10,resolved,"Stuttur skortur á heildsölustigi, ólíklegt að skortur hafi áhrif á lyfjanotendur.",2026-09-23T20:59:58.745268,7064
IS,Iceland,Lyfjastofnun,Opsumit,Macitentanum INN,10 mg,30 stk.,Filmuhúðuð tafla,073276,C02KX04,Janssen-Cilag International NV*,Vistor hf,2025-11-24,2026-01-21,2025-11-25,resolved,Samheitalyf er á markaði / fáanlegt.,2026-09-23T20:59:58.745819,115452
IS,Iceland,Lyfjastofnun,Amlodipin Zentiva,Amlodipinum INN besýlat,5 mg,100 stk.,Tafla,495800,C08CA01,Zentiva k.s.*,,2025-11-24,2025-12-04,2025-11-24,resolved,Samheitalyf er á markaði / fáanlegt.,2026-09-23T20:59:58.746349,123315
IS,Iceland,Lyfjastofnun,Detrusitol Retard,TOLTERODINE L-TARTRATE,2 mg,30 stk.,Hart forðahylki,007505,G04BD07,Viatris ApS,Icepharma hf.*,2025-11-24,2026-01-20,2025-10-22,resolved,Undanþágulyf hefur verið útvegað. Heildsala Parlogis hefur útvegað undanþágulyfið Mariosea XL 2 mg forðahylki (VNR: 999485),2026-09-23T20:59:58.746888,66842
IS,Iceland,Lyfjastofnun,Advagraf (Lyfjaver),Tacrolimusum INN mónohýdrat,3 mg,50x1 stk.,Hart forðahylki,140792,L04AD02,Lyfjaver ehf.,,2025-11-24,2025-12-15,2025-11-24,resolved,Samhliða innflutt lyf er á markaði / fáanlegt.,2026-09-23T20:59:58.747412,96164
IS,Iceland,Lyfjastofnun,Hizentra,Human normal immunoglobulin,200 mg/ml,20 ml,"Stungulyf, lausn",167315,J06BA01,CSL Behring GmbH*,CSL Behring AB,2025-11-24,2025-12-01,2025-11-25,resolved,"Stuttur skortur á heildsölustigi, ólíklegt að skortur hafi áhrif á lyfjanotendur.",2026-09-23T20:59:58.748000,97411
IS,Iceland,Lyfjastofnun,Twinrix Adult,"Hepatitis A veira (dauð), Hepatitis B veira",,1 ml,"Stungulyf, dreifa í áfylltri sprautu",170092,J07BC20,GlaxoSmithKline Biologicals S.A.*,Vistor hf,2025-11-24,2025-12-05,2025-10-31,resolved,Aðrir styrkleikar eru á markaði / fáanlegir.,2026-09-23T20:59:58.748552,48933
IS,Iceland,Lyfjastofnun,Firazyr,Icatibantum INN,30 mg,3 ml,"Stungulyf, lausn",146529,B06AC02,Takeda Pharmaceuticals International AG Ireland Branch,,2025-11-22,2025-11-22,2025-10-22,resolved,Samheitalyf er á markaði / fáanlegt.,2026-09-23T20:59:58.749082,128635
IS,Iceland,Lyfjastofnun,Vesicare,Solifenacinum INN súkkínat,1 mg/ml,150 ml,"Mixtúra, dreifa",087572,G04BD08,Astellas Pharma A/S*,,2025-11-21,2025-11-25,2025-10-30,resolved,Önnur lyfjaform eru á markaði / fáanleg.,2026-09-23T20:59:58.749606,167215
IS,Iceland,Lyfjastofnun,CYSTADROPS,Mercaptaminum INN bítartrat,"3,8 mg/ml",5 ml,"Augndropar, lausn",161981,S01XA21,Recordati Rare Diseases*,Recordati AB*,2025-11-21,2025-11-20,2025-10-25,resolved,Ekkert sambærilegt lyf er á markaði / fáanlegt.,2026-09-23T20:59:58.750172,220965
IS,Iceland,Lyfjastofnun,Bemfola,Follitropinum alfa INN,"150 a.e./0,25 ml","0,25 ml","Stungulyf, lausn í áfylltum lyfjapenna",489149,G03GA05,Gedeon Richter Plc.*,,2025-11-21,2025-12-12,2025-11-19,resolved,"Stuttur skortur á heildsölustigi, ólíklegt að skortur hafi áhrif á lyfjanotendur.",2026-09-23T20:59:58.750700,117560
IS,Iceland,Lyfjastofnun,Lacosamide STADA,Lacosamidum INN,50 mg,56 stk.,Filmuhúðuð tafla,543209,N03AX18,STADA Arzneimittel AG,,2025-11-20,2026-01-21,2025-09-30,resolved,Samheitalyf er á markaði / fáanlegt.,2026-09-23T20:59:58.751227,89036
IS,Iceland,Lyfjastofnun,Sandimmun Neoral,Ciclosporinum INN,50 mg,50 stk.,Mjúkt hylki,467563,L04AD01,Novartis Healthcare A/S,Vistor hf,2025-11-20,2025-11-20,2025-09-12,resolved,Aðrir styrkleikar eru á markaði / fáanlegir.,2026-09-23T20:59:58.751772,
IS,Iceland,Lyfjastofnun,Trileptal,Oxcarbazepinum INN,60 mg/ml,250 ml,"Mixtúra, dreifa",004014,N03AF02,Novartis Healthcare A/S,Vistor hf,2025-11-20,2025-12-11,2025-11-13,resolved,Önnur lyfjaform eru á markaði / fáanleg.,2026-09-23T20:59:58.752320,70483
IS,Iceland,Lyfjastofnun,Dermovat,Clobetasolum INN própíónat,"0,5 mg/g",30 g,Smyrsli,380621,D07AD01,GlaxoSmithKline Pharma A/S,Vistor hf,2025-11-20,2025-12-03,2025-10-18,resolved,"Stuttur skortur á heildsölustigi, ólíklegt að skortur hafi áhrif á lyfjanotendur.",2026-09-23T20:59:58.752862,4855
IS,Iceland,Lyfjastofnun,Fungyn,Fluconazole,150 mg,1 stk.,Hart hylki,563905,J02AC01,Alvogen ehf.,,2025-11-20,2025-11-20,2025-11-17,resolved,"Stuttur skortur á heildsölustigi, ólíklegt að skortur hafi áhrif á lyfjanotendur.",2026-09-23T20:59:58.753386,30384
IS,Iceland,Lyfjastofnun,Rybelsus,Semaglutidum INN,9 mg,30 stk.,Tafla,396130,A10BJ06,Novo Nordisk A/S*,Vistor hf,2025-11-20,2025-12-15,2025-11-21,resolved,Aðrir styrkleikar eru á markaði / fáanlegir.,2026-09-23T20:59:58.753929,
IS,Iceland,Lyfjastofnun,Polivy,Polatuzumabum vedotinum INN,140 mg,140 mg,"Stofn fyrir innrennslisþykkni, lausn",382647,L01FX14,Roche Registration GmbH*,Icepharma hf.*,2025-11-19,2025-11-28,2025-11-20,resolved,"Stuttur skortur á heildsölustigi, ólíklegt að skortur hafi áhrif á lyfjanotendur.",2026-09-23T20:59:58.754473,204374
IS,Iceland,Lyfjastofnun,Polivy,Polatuzumabum vedotinum INN,140 mg,140 mg,"Stofn fyrir innrennslisþykkni, lausn",382647,L01FX14,Roche Registration GmbH*,Icepharma hf.*,2025-11-19,2025-11-28,2025-11-20,resolved,"Stuttur skortur á heildsölustigi, ólíklegt að skortur hafi áhrif á lyfjanotendur.",2026-09-23T20:59:58.755014,204374
IS,Iceland,Lyfjastofnun,Kesimpta,Ofatumumabum INN,20 mg,"0,4 ml","Stungulyf, lausn í áfylltum lyfjapenna",031172,L04AG12,Novartis Europharm Limited*,Vistor hf,2025-11-19,2025-11-19,2025-10-07,resolved,"Stuttur skortur á heildsölustigi, ólíklegt að skortur hafi áhrif á lyfjanotendur.",2026-09-23T20:59:58.755558,213101
IS,Iceland,Lyfjastofnun,Polivy,Polatuzumabum vedotinum INN,30 mg,30 mg,"Stofn fyrir innrennslisþykkni, lausn",458140,L01FX14,Roche Registration GmbH*,Icepharma hf.*,2025-11-19,2025-11-28,2025-11-20,resolved,"Stuttur skortur á heildsölustigi, ólíklegt að skortur hafi áhrif á lyfjanotendur.",2026-09-23T20:59:58.756099,207195
IS,Iceland,Lyfjastofnun,Xolair,Omalizumabum INN,300 mg,2 ml,"Stungulyf, lausn í áfylltum lyfjapenna",521313,R03DX05,Novartis Europharm Limited*,Vistor hf,2025-11-19,2025-11-19,2025-09-05,resolved,"Stuttur skortur á heildsölustigi, ólíklegt að skortur hafi áhrif á lyfjanotendur.",2026-09-23T20:59:58.756649,229458
IS,Iceland,Lyfjastofnun,Scemblix,Asciminibum INN,40 mg,60 stk.,Filmuhúðuð tafla,573040,L01EA06,Novartis Europharm Limited*,Vistor hf,2025-11-19,2025-11-19,2025-10-25,resolved,Aðrir styrkleikar eru á markaði / fáanlegir.,2026-09-23T20:59:58.757194,141011
IS,Iceland,Lyfjastofnun,Enerzair Breezhaler,"Mometasonum INN fúróat, Indacaterolum INN acetat, Glycopyrronii bromidum INN",114 míkróg/46 míkróg/136 míkróg,30x1 stk.,"Innöndunarduft, hart hylki",580713,R03AL12,Novartis Europharm Limited*,Vistor hf,2025-11-19,2025-11-19,2025-10-15,resolved,Aðrar pakkningastærðir eru á markaði / fáanlegar.,2026-09-23T20:59:58.757771,205117
IS,Iceland,Lyfjastofnun,Ilaris,Canakinumabum INN,150 mg,1 ml,"Stungulyf, lausn",444260,L04AC08,Novartis Europharm Limited*,Vistor hf,2025-11-19,2025-11-19,2025-10-29,resolved,"Stuttur skortur á heildsölustigi, ólíklegt að skortur hafi áhrif á lyfjanotendur.",2026-09-23T20:59:58.758322,142794
IS,Iceland,Lyfjastofnun,Ypozane,Osateronum INN acetat,"3,75 mg",7 stk.,Tafla,145451,QG04CX90,Virbac S.A.*,Virbac S.A.,2025-11-19,2025-12-22,2025-11-20,resolved,Aðrir styrkleikar eru á markaði / fáanlegir.,2026-09-23T20:59:58.758891,
IS,Iceland,Lyfjastofnun,Rivotril,Clonazepamum INN,"0,5 mg",150 stk.,Tafla,593392,N03AE01,CHEPLAPHARM Arzneimittel GmbH,,2025-11-19,2026-02-10,2025-10-18,resolved,"Undanþágulyf hefur verið útvegað. Heildsalan Distica hefur útvegað undanþágulyfið Clonazepamum TZF, 0,5 mg 30 stk. vnr. 993403",2026-09-23T20:59:58.759425,7110
IS,Iceland,Lyfjastofnun,Tafinlar,Dabrafenibum INN,50 mg,120 stk.,Hart hylki,589153,L01EC02,Novartis Europharm Limited*,Vistor hf,2025-11-18,2025-11-19,2025-10-24,resolved,"Stuttur skortur á heildsölustigi, ólíklegt að skortur hafi áhrif á lyfjanotendur.",2026-09-23T20:59:58.759967,219592
IS,Iceland,Lyfjastofnun,Opatanol,Olopatadinum INN hýdróklóríð,1 mg/ml,5 ml,"Augndropar, lausn",007921,S01GX09,Novartis Europharm Limited*,Vistor hf,2025-11-18,2025-11-18,2025-08-25,resolved,Til skoðunar.,2026-09-23T20:59:58.760518,220566
IS,Iceland,Lyfjastofnun,Lacosamide STADA,Lacosamidum INN,150 mg,56 stk.,Filmuhúðuð tafla,177662,N03AX18,STADA Arzneimittel AG,,2025-11-18,2025-12-12,2025-11-27,resolved,Samheitalyf er á markaði / fáanlegt.,2026-09-23T20:59:58.761052,
IS,Iceland,Lyfjastofnun,Takhzyro,Lanadelumabum INN,300 mg,2 ml,"Stungulyf, lausn",122129,B06AC05,Takeda Pharmaceuticals International AG Ireland Branch,Vistor hf,2025-11-18,2025-11-18,2025-10-31,resolved,Til skoðunar.,2026-09-23T20:59:58.761594,219592
IS,Iceland,Lyfjastofnun,ABILIFY,Aripiprazolum INN,15 mg,28 stk.,Tafla,010953,N05AX12,Otsuka Pharmaceutical Netherlands B.V.*,Vistor hf,2025-11-18,2025-11-18,2025-10-18,resolved,Aðrir styrkleikar og lyfjaform eru á markaði / fáanlegir.,2026-09-23T20:59:58.762159,118397
IS,Iceland,Lyfjastofnun,Tagrisso,Osimertinibum INN mesylat,40 mg,30x1 stk.,Filmuhúðuð tafla,070512,L01EB04,AstraZeneca AB*,Vistor hf,2025-11-18,2025-11-18,2025-10-31,resolved,"Stuttur skortur á heildsölustigi, ólíklegt að skortur hafi áhrif á lyfjanotendur.",2026-09-23T20:59:58.762715,130575
IS,Iceland,Lyfjastofnun,Suprelorin,Deslorelin acetate,"9,4 mg",2 stk.,Vefjalyf,370173,QH01CA93,Virbac S.A.*,,2025-11-18,2025-11-18,2025-11-06,resolved,Aðrir styrkleikar eru á markaði / fáanlegir.,2026-09-23T20:59:58.763242,
IS,Iceland,Lyfjastofnun,Teriflunomide Sandoz,Teriflunomidum INN,14 mg,28 stk.,Filmuhúðuð tafla,493029,L04AK02,Sandoz A/S,,2025-11-18,2026-03-08,2025-11-01,resolved,Samheitalyf er á markaði / fáanlegt.,2026-09-23T20:59:58.763766,117838
IS,Iceland,Lyfjastofnun,Amló,Amlodipinum INN besýlat,5 mg,100 stk.,Tafla,520502,C08CA01,Teva B.V.*,Teva Pharma Iceland ehf.*,2025-11-18,2025-12-18,2025-11-18,resolved,Aðrir styrkleikar og/eða samheitalyf eru á markaði / fáanlegir.,2026-09-23T20:59:58.764339,123315
IS,Iceland,Lyfjastofnun,Benylan,Diphenhydraminum INN hýdróklóríð,"1,4 mg/ml",125 ml,"Mixtúra, lausn",000815,R06AA02,McNeil Denmark ApS,Vistor hf,2025-11-18,2025-12-08,2025-11-08,resolved,Aðrir styrkleikar eru á markaði / fáanlegir.,2026-09-23T20:59:58.764908,
IS,Iceland,Lyfjastofnun,Norgesic,"Orphenadrinum INN cítrat, Paracetamolum INN",35+450 mg,100 stk.,Tafla,525014,M03BC51,Viatris ApS,Icepharma hf.*,2025-11-18,2025-11-26,2025-11-18,resolved,Aðrar pakkningastærðir eru á markaði / fáanlegar.,2026-09-23T20:59:58.765477,
IS,Iceland,Lyfjastofnun,ZESUVA,Sunitinibum INN,50 mg,28 stk.,Hart hylki,585193,L01EX01,Zentiva k.s.*,Alvogen ehf.,2025-11-17,2100-12-31,2025-11-17,shortage,"Undanþágulyf hefur verið útvegað. Lyfjastofnun hefur heimilað lyfjafræðingum að breyta ávísun á lyfið í skorti í undanþágulyfið Sunitinib frá Bluefish, frá heildsölunnni Parlogis, vnr 993871, lyfið er í sænskum umbúðum.",2026-09-23T20:59:58.766027,
IS,Iceland,Lyfjastofnun,Ritalin Uno,Methylphenidatum INN hýdróklóríð,60 mg,30 stk.,Hart hylki með breyttan losunarhraða,501364,N06BA04,InfectoPharm Arzneimittel und Consilium GmbH*,Vistor hf,2025-11-17,2025-12-02,2025-10-13,resolved,Samheitalyf er á markaði / fáanlegt.,2026-09-23T20:59:58.766569,118397
IS,Iceland,Lyfjastofnun,Jakavi,Ruxolitinibum INN fosfat,10 mg,56 stk.,Tafla,106390,L01EJ01,Novartis Europharm Limited*,Vistor hf,2025-11-17,2025-11-19,2025-10-28,resolved,"Stuttur skortur á heildsölustigi, ólíklegt að skortur hafi áhrif á lyfjanotendur.",2026-09-23T20:59:58.767129,79952
IS,Iceland,Lyfjastofnun,Tavneos,Avacopanum INN,10 mg,180 stk.,Hart hylki,166568,L04AJ05,Vifor Fresenius Medical Care Renal Pharma France*,,2025-11-17,2025-12-03,2025-10-20,resolved,Til skoðunar.,2026-09-23T20:59:58.767685,215384
IS,Iceland,Lyfjastofnun,Mekinist,Trametinibum INN,2 mg,30 stk.,Filmuhúðuð tafla,178273,L01EE01,Novartis Europharm Limited*,Vistor hf,2025-11-16,2025-11-16,2025-11-01,resolved,"Stuttur skortur á heildsölustigi, ólíklegt að skortur hafi áhrif á lyfjanotendur.",2026-09-23T20:59:58.768230,127884
IS,Iceland,Lyfjastofnun,Mayzent,Siponimodum INN fúmarsýra,2 mg,28 stk.,Filmuhúðuð tafla,414921,L04AE03,Novartis Europharm Limited*,Vistor hf,2025-11-16,2025-11-16,2025-10-16,resolved,"Stuttur skortur á heildsölustigi, ólíklegt að skortur hafi áhrif á lyfjanotendur.",2026-09-23T20:59:58.768774,202029
IS,Iceland,Lyfjastofnun,Sandimmun Neoral,Ciclosporinum INN,100 mg,50 stk.,Mjúkt hylki,467720,L04AD01,Novartis Healthcare A/S,Vistor hf,2025-11-15,2025-11-15,2025-10-14,resolved,Aðrir styrkleikar eru á markaði / fáanlegir.,2026-09-23T20:59:58.769318,96253
IS,Iceland,Lyfjastofnun,Dymista,"Azelastinum INN hýdróklóríð, Fluticasonum INN própíónat",137 míkróg / 50 míkróg/skammt,25 ml,"Nefúði, dreifa",536225,R01AD58,Viatris ApS,Icepharma hf.*,2025-11-15,2025-11-26,2025-11-18,resolved,"Stuttur skortur á heildsölustigi, ólíklegt að skortur hafi áhrif á lyfjanotendur.",2026-09-23T20:59:58.769865,87173
IS,Iceland,Lyfjastofnun,Vistabel,Botulinum Toxin Type A,"4 Allergan-einingar/0,1 ml",50 ein.,"Stungulyfsstofn, lausn",022250,M03AX01,AbbVie A/S,Vistor hf,2025-11-14,2025-11-14,2025-09-30,resolved,Ekki til lyf með sama ATC númer en sambærilegt lyf í sama flokki er á markaði / fáanlegt.,2026-09-23T20:59:58.770410,95818
IS,Iceland,Lyfjastofnun,Pelgraz,Pegfilgrastimum INN,"6 mg /0,6 ml","0,6 ml","Stungulyf, lausn í áfylltri sprautu",145691,L03AA13,Accord Healthcare S.L.U.,,2025-11-14,2026-02-01,2025-11-14,resolved,Sérpöntun / útboðslyf. Lyfið verður fáanlegt 01.02.2026 skv. samningi,2026-09-23T20:59:58.770940,68756
IS,Iceland,Lyfjastofnun,Duodopa,"Levodopum INN, Carbidopum INN",20 mg/ml + 5 mg/ml,100 ml,Hlaup,095314,N04BA02,AbbVie A/S,Vistor hf,2025-11-14,2025-11-14,2025-10-21,resolved,Önnur lyfjaform eru á markaði / fáanleg.,2026-09-23T20:59:58.771487,87165
IS,Iceland,Lyfjastofnun,Soluprick Negativ kontrol,Water for injection,,2 ml,"Húðstungupróf, lausn",024603,V04CL,ALK-Abelló A/S,Vistor hf,2025-11-14,2025-11-14,2025-10-25,resolved,Ekkert sambærilegt lyf er á markaði / fáanlegt.,2026-09-23T20:59:58.772031,
IS,Iceland,Lyfjastofnun,Dulcolax,Bisacodylum INN,10 mg,6 stk.,Endaþarmsstíll,021428,A06AB02,Opella Healthcare France S.A.S.,STADA Nordic ApS.,2025-11-14,2026-01-20,2025-10-31,resolved,Samheitalyf er á markaði / fáanlegt.,2026-09-23T20:59:58.772575,4960
IS,Iceland,Lyfjastofnun,Tamiflu,Oseltamivirum INN fosfat,30 mg,10 stk.,Hart hylki,106006,J05AH02,Roche Registration GmbH*,Icepharma hf,2025-11-14,2025-11-21,2025-11-14,resolved,"Stuttur skortur á heildsölustigi, ólíklegt að skortur hafi áhrif á lyfjanotendur.",2026-09-23T20:59:58.773122,69493
IS,Iceland,Lyfjastofnun,Tamiflu,Oseltamivirum INN fosfat,45 mg,10 stk.,Hart hylki,106017,J05AH02,Roche Registration GmbH*,Icepharma hf,2025-11-14,2025-11-21,2025-11-14,resolved,"Stuttur skortur á heildsölustigi, ólíklegt að skortur hafi áhrif á lyfjanotendur.",2026-09-23T20:59:58.773659,87173
IS,Iceland,Lyfjastofnun,Pemetrexed Accord,Pemetrexedum INN dínatríum,25 mg/ml,20 ml,"Innrennslisþykkni, lausn",471092,L01BA04,Accord Healthcare S.L.U.,,2025-11-14,2100-12-31,2025-11-14,shortage,Samheitalyf er á markaði / fáanlegt. Lyfið er fáanlegt sem vnr.056300,2026-09-23T20:59:58.774199,89451
IS,Iceland,Lyfjastofnun,Irinotecan Accord,Irinotecanum INN hýdróklóríð,20 mg/ml,25 ml,"Innrennslisþykkni, lausn",445169,L01CE02,Accord Healthcare B.V.,,2025-11-14,2100-12-31,2025-11-14,shortage,Samheitalyf er á markaði / fáanlegt. Lyfið er til á öðru vnr 190997,2026-09-23T20:59:58.774740,89451
IS,Iceland,Lyfjastofnun,Azacitidine Accord,,25 mg/ml,100 mg,"Stungulyfsstofn, dreifa",114950,L01BC07,Accord Healthcare S.L.U.,,2025-11-14,2100-12-31,2025-11-14,shortage,Sérpöntun / útboðslyf. Undanþágulyfið Azacitidine Sandoz 25 mg/ml sts hefur verið útvegað.,2026-09-23T20:59:58.775259,
IS,Iceland,Lyfjastofnun,Zercepac,Trastuzumabum INN,420 mg,420 mg,"Stofn fyrir innrennslisþykkni, lausn",383032,L01FD01,Accord Healthcare S.L.U.,,2025-11-14,2100-12-31,2025-11-14,shortage,Sérpöntun / útboðslyf.,2026-09-23T20:59:58.775790,150975
IS,Iceland,Lyfjastofnun,Bendamustine Accord,Bendamustinum INN hýdróklóríð,"2,5 mg/ml",100 mg,"Stofn fyrir innrennslisþykkni, lausn",460062,L01AA09,Accord Healthcare B.V.,,2025-11-14,2100-12-31,2025-11-14,shortage,Sérpöntun / útboðslyf.,2026-09-23T20:59:58.776326,
IS,Iceland,Lyfjastofnun,Amorolfin Apofri,Amorolfinum INN hýdróklóríð,5 %,3 ml,Lyfjalakk á neglur,522985,D01AE16,Evolan Pharma AB,,2025-11-13,2026-01-06,2025-10-01,resolved,Samheitalyf er á markaði / fáanlegt.,2026-09-23T20:59:58.776856,
IS,Iceland,Lyfjastofnun,Natriumklorid Fresenius Kabi,Sodium chloride,9 mg/ml,10 ml,Leysir fyrir stungulyf,141856,V07AB,Fresenius Kabi AB,Vistor hf,2025-11-13,2025-11-25,2025-11-08,resolved,"Stuttur skortur á heildsölustigi, ólíklegt að skortur hafi áhrif á lyfjanotendur.",2026-09-23T20:59:58.777402,
IS,Iceland,Lyfjastofnun,Oracea,Doxycyclinum INN,40 mg,56 stk.,Hart hylki með breyttan losunarhraða,029800,J01AA02,Galderma Nordic AB*,Icepharma hf,2025-11-13,2025-12-05,2025-11-13,resolved,Önnur lyfjaform eru á markaði / fáanleg.,2026-09-23T20:59:58.777986,91049
IS,Iceland,Lyfjastofnun,"Sterile Water Fresenius Kabi, leysir fyrir stungulyf",Water for injection,,10 ml,Leysir fyrir stungulyf,378030,V07AB,Fresenius Kabi AB,Vistor hf,2025-11-13,2025-11-25,2025-10-15,resolved,Aðrar pakkningastærðir eru á markaði / fáanlegar.,2026-09-23T20:59:58.778537,
IS,Iceland,Lyfjastofnun,Sporanox,Itraconazolum INN,100 mg,15 stk.,Hart hylki,153536,J02AC02,Janssen-Cilag AB,Vistor hf,2025-11-13,2025-11-13,2025-10-18,resolved,"Stuttur skortur á heildsölustigi, ólíklegt að skortur hafi áhrif á lyfjanotendur.",2026-09-23T20:59:58.779074,32336
IS,Iceland,Lyfjastofnun,Bendamustine medac,Bendamustinum INN hýdróklóríð,"2,5 mg/ml",25 mg,"Stofn fyrir innrennslisþykkni, lausn",372180,L01AA09,medac Gesellschaft für klinische Spezialpräparate GmbH,,2025-11-13,2026-01-06,2025-10-29,resolved,Aðrir styrkleikar eru á markaði / fáanlegir.,2026-09-23T20:59:58.779608,
IS,Iceland,Lyfjastofnun,Bemfola,Follitropinum alfa INN,"300 a.e./0,50 ml","0,5 ml","Stungulyf, lausn í áfylltum lyfjapenna",083422,G03GA05,Gedeon Richter Plc.*,,2025-11-12,2025-11-18,2025-11-12,resolved,"Stuttur skortur á heildsölustigi, ólíklegt að skortur hafi áhrif á lyfjanotendur.",2026-09-23T20:59:58.780132,117587
IS,Iceland,Lyfjastofnun,Klyx,"Docusatum natricum INN, Sorbitolum",,240 ml,Endaþarmslausn,371583,A06AG10,Ferring Lægemidler A/S (F),Ferring Lægemidler A/S,2025-11-12,2025-12-11,2025-11-08,resolved,Aðrir styrkleikar eru á markaði / fáanlegir.,2026-09-23T20:59:58.780669,27030
IS,Iceland,Lyfjastofnun,Metvix,Methyl aminolevulinate hydrochloride,160 mg/g,2 g,Krem,085184,L01XD03,Galderma Nordic AB*,Icepharma hf,2025-11-12,2025-11-21,2025-11-12,resolved,"Stuttur skortur á heildsölustigi, ólíklegt að skortur hafi áhrif á lyfjanotendur.",2026-09-23T20:59:58.781214,83305
IS,Iceland,Lyfjastofnun,Bemfola,Follitropinum alfa INN,"225 a.e./0,375 ml","0,375 ml","Stungulyf, lausn í áfylltum lyfjapenna",429875,G03GA05,Gedeon Richter Plc.*,,2025-11-12,2025-11-18,2025-11-12,resolved,"Stuttur skortur á heildsölustigi, ólíklegt að skortur hafi áhrif á lyfjanotendur.",2026-09-23T20:59:58.781766,117579
IS,Iceland,Lyfjastofnun,Xeomin,"CLOSTRIDIUM BOTULINUM NEUROTOXIN TYPE A (150KD), FREE OF COMPLEXING PROTEINS",100 ein.,1 stk.,"Stungulyfsstofn, lausn",093306,M03AX01,Merz Pharmaceuticals GmbH,,2025-11-12,2025-12-16,2025-11-10,resolved,Ekki til lyf með sama ATC númer en sambærilegt lyf í sama flokki er á markaði / fáanlegt. Önnur stungulyf með sama virka innihaldsefni eru fáanleg.,2026-09-23T20:59:58.782292,115975
IS,Iceland,Lyfjastofnun,Atomoxetine STADA,Atomoxetinum INN hýdróklóríð,40 mg,30 stk.,Hart hylki,183924,N06BA09,STADA Arzneimittel AG,,2025-11-12,2025-11-13,2025-10-13,resolved,"Stuttur skortur á heildsölustigi, ólíklegt að skortur hafi áhrif á lyfjanotendur.",2026-09-23T20:59:58.782830,
IS,Iceland,Lyfjastofnun,Atomoxetine STADA,Atomoxetinum INN hýdróklóríð,40 mg,30 stk.,Hart hylki,183924,N06BA09,STADA Arzneimittel AG,,2025-11-12,2025-11-21,2025-11-10,resolved,"Stuttur skortur á heildsölustigi, ólíklegt að skortur hafi áhrif á lyfjanotendur.",2026-09-23T20:59:58.783367,
IS,Iceland,Lyfjastofnun,Pneumovax,"Pneumococcal Polysaccharide Danish types 1,2,3,4,5,6B,7F,8,9N,9V,10A,11A,12F,14,15B,17F,18,C,19A, 19F,20,22F,23F,33F",25 míkróg,"0,5 ml","Stungulyf, lausn í áfylltri sprautu",373611,J07AL01,Merck Sharp & Dohme B.V.*,Vistor hf,2025-11-12,2025-12-09,2025-10-30,resolved,"Stuttur skortur á heildsölustigi, ólíklegt að skortur hafi áhrif á lyfjanotendur.",2026-09-23T20:59:58.783948,
IS,Iceland,Lyfjastofnun,Nicotinell Lakrids,Nicotine resinate,2 mg,24 stk.,Lyfjatyggigúmmí,583126,N07BA01,Dr. Reddy's Netherlands B.V.,Artasan ehf,2025-11-12,2025-11-12,2025-10-30,resolved,"Stuttur skortur á heildsölustigi, ólíklegt að skortur hafi áhrif á lyfjanotendur.",2026-09-23T20:59:58.784492,
IS,Iceland,Lyfjastofnun,Bemfola,Follitropinum alfa INN,"150 a.e./0,25 ml","0,25 ml","Stungulyf, lausn í áfylltum lyfjapenna",374183,G03GA05,Gedeon Richter Plc.*,,2025-11-12,2025-11-18,2025-11-12,resolved,"Stuttur skortur á heildsölustigi, ólíklegt að skortur hafi áhrif á lyfjanotendur.",2026-09-23T20:59:58.785022,117560
IS,Iceland,Lyfjastofnun,Bemfola,Follitropinum alfa INN,"300 a.e./0,50 ml","0,5 ml","Stungulyf, lausn í áfylltum lyfjapenna",515399,G03GA05,Gedeon Richter Plc.*,,2025-11-12,2025-11-18,2025-11-12,resolved,"Stuttur skortur á heildsölustigi, ólíklegt að skortur hafi áhrif á lyfjanotendur.",2026-09-23T20:59:58.785548,117587
IS,Iceland,Lyfjastofnun,Xylocain Dental adrenalin,"Adrenalinum bítartrat (Epinephrinum INN bítartrat), Lidocainum INN hýdróklóríð","20 mg/ml+12,5 míkróg/ ml",1.8 ml,"Stungulyf, lausn",009911,N01BB52,DENTSPLY DeTrey GmbH*,Vistor hf,2025-11-11,2025-11-19,2025-11-14,resolved,"Stuttur skortur á heildsölustigi, ólíklegt að skortur hafi áhrif á lyfjanotendur.",2026-09-23T20:59:58.786095,82899
IS,Iceland,Lyfjastofnun,Fentanyl Actavis,Fentanylum INN,100 míkróg/klst.,5 stk.,Forðaplástur,159141,N02AB03,Actavis Group PTC ehf.,Teva Pharma Iceland ehf.*,2025-11-11,2026-01-30,2025-10-22,resolved,Aðrir styrkleikar og/eða samheitalyf eru á markaði / fáanlegir.,2026-09-23T20:59:58.786635,
IS,Iceland,Lyfjastofnun,Nicotinell Mint,Nicotinum bítartrat,2 mg,36 stk.,Munnsogstafla,097152,N07BA01,Dr. Reddy's Netherlands B.V.,Artasan ehf,2025-11-11,2025-11-27,2025-10-21,resolved,Aðrir styrkleikar og pakkningastærðir eru á markaði / fáanlegir.,2026-09-23T20:59:58.787175,125490
IS,Iceland,Lyfjastofnun,Midazolam Accord,Midazolamum INN hýdróklóríð,5 mg/ml,1 ml,"Stungulyf/innrennslislyf, lausn",574395,N05CD08,Accord Healthcare B.V.,,2025-11-11,2025-11-11,2025-10-25,resolved,"Stuttur skortur á heildsölustigi, ólíklegt að skortur hafi áhrif á lyfjanotendur.",2026-09-23T20:59:58.787736,93637
IS,Iceland,Lyfjastofnun,Jakavi,Ruxolitinibum INN fosfat,15 mg,56 stk.,Tafla,553720,L01EJ01,Novartis Europharm Limited*,Vistor hf,2025-11-11,2025-11-11,2025-10-18,resolved,Aðrir styrkleikar eru á markaði / fáanlegir.,2026-09-23T20:59:58.788286,108472
IS,Iceland,Lyfjastofnun,Esomeprazol Krka (Heilsa),Esomeprazolum INN,40 mg,98 stk.,Magasýruþolið hart hylki,560865,A02BC05,Heilsa ehf.,,2025-11-10,2026-01-16,2025-11-03,resolved,Samheitalyf er á markaði / fáanlegt.,2026-09-23T20:59:58.788812,17892
IS,Iceland,Lyfjastofnun,Alcaine,Proxymetacainum INN hýdróklóríð,5 mg/ml,15 ml,"Augndropar, lausn",132845,S01HA04,Alcon Nordic A/S,,2025-11-09,2025-11-09,2025-10-09,resolved,"Stuttur skortur á heildsölustigi, ólíklegt að skortur hafi áhrif á lyfjanotendur.",2026-09-23T20:59:58.789333,
IS,Iceland,Lyfjastofnun,Nicorette,Nicotinum INN,"0,5 mg/skammt",10 ml,"Nefúði, lausn",194029,N07BA01,McNeil Denmark ApS,Vistor hf,2025-11-08,2025-11-27,2025-11-11,resolved,Önnur lyfjaform eru á markaði / fáanleg.,2026-09-23T20:59:58.789877,
IS,Iceland,Lyfjastofnun,Semintra,Telmisartan,4 mg/ml,30 ml,"Mixtúra, lausn",592498,QC09CA07,Boehringer Ingelheim Vetmedica GmbH*,Vistor hf,2025-11-07,2025-11-07,2025-10-03,resolved,"Stuttur skortur á heildsölustigi, ólíklegt að skortur hafi áhrif á lyfjanotendur.",2026-09-23T20:59:58.790425,
IS,Iceland,Lyfjastofnun,Buvidal,Buprenorphinum INN,8 mg,"0,16 ml","Stungulyf, forðalausn",077555,N07BC01,Camurus AB,,2025-11-07,2025-11-18,2025-10-15,resolved,Aðrir styrkleikar eru á markaði / fáanlegir.,2026-09-23T20:59:58.790952,
IS,Iceland,Lyfjastofnun,TREVICTA,Paliperidonum INN palmítat,525 mg,"2,63 ml","Stungulyf, forðadreifa",527714,N05AX13,Janssen-Cilag International NV*,Vistor hf,2025-11-07,2025-11-07,2025-10-16,resolved,Aðrir styrkleikar eru á markaði / fáanlegir.,2026-09-23T20:59:58.791503,132551
IS,Iceland,Lyfjastofnun,Diclofenac Teva,Diclofenacum INN tvíetýlamín,"23,2 mg/g",100 g,Hlaup,381578,M02AA15,Teva B.V.*,Teva Pharma Iceland ehf.*,2025-11-07,2026-02-27,2025-10-22,resolved,Aðrir styrkleikar og/eða samheitalyf eru á markaði / fáanlegir.,2026-09-23T20:59:58.792042,198668
IS,Iceland,Lyfjastofnun,Lokelma,sodium zirconium cyclosilicate,5 g,30 stk.,"Mixtúruduft, dreifa",503455,V03AE10,AstraZeneca AB*,Vistor hf,2025-11-07,2025-12-13,2025-10-21,resolved,Aðrir styrkleikar eru á markaði / fáanlegir.,2026-09-23T20:59:58.792593,198501
IS,Iceland,Lyfjastofnun,Mozobil,Plerixaforum INN,20 mg/ml,1.2 ml,"Stungulyf, lausn",048505,L03AX16,Genzyme Europe B.V.,Vistor hf,2025-11-07,2025-11-07,2025-10-02,resolved,Ekkert sambærilegt lyf er á markaði / fáanlegt.,2026-09-23T20:59:58.793134,131156
IS,Iceland,Lyfjastofnun,Movicol,Blanda,"13,8 g",50 skammtar,"Mixtúruduft, lausn",530188,A06AD65,Norgine Healthcare B.V.,Vistor ehf,2025-11-07,2025-12-13,2025-10-23,resolved,Aðrar pakkningastærðir eru á markaði / fáanlegar.,2026-09-23T20:59:58.793684,69507
IS,Iceland,Lyfjastofnun,Voltaren Forte,Diclofenacum INN tvíetýlamín,"23,2 mg/g",30 g,Hlaup,523195,M02AA15,Haleon Denmark ApS,Artasan ehf,2025-11-06,2025-11-06,2025-08-22,resolved,Aðrar pakkningastærðir eru á markaði / fáanlegar.,2026-09-23T20:59:58.794220,198668
IS,Iceland,Lyfjastofnun,Keppra (Lyfjaver),Levetiracetamum INN,500 mg,100 stk.,Filmuhúðuð tafla,437581,N03AX14,Lyfjaver ehf.,,2025-11-06,2025-11-27,2025-11-06,resolved,Samheitalyf er á markaði / fáanlegt.,2026-09-23T20:59:58.794742,58394
IS,Iceland,Lyfjastofnun,Glucos Fresenius Kabi,Glucosum,500 mg/ml,500 ml,"Innrennslislyf, lausn",469480,B05BA03,Fresenius Kabi AB,Vistor hf,2025-11-06,2025-12-05,2025-09-15,resolved,Aðrir styrkleikar eru á markaði / fáanlegir.,2026-09-23T20:59:58.795277,
IS,Iceland,Lyfjastofnun,Fluconazol Krka,Fluconazole,50 mg,28 stk.,Hart hylki,017745,J02AC01,"KRKA, d.d., Novo mesto",LYFIS ehf.*,2025-11-05,2025-12-22,2025-09-12,resolved,Aðrar pakkningastærðir eru á markaði / fáanlegar.,2026-09-23T20:59:58.795814,30376
IS,Iceland,Lyfjastofnun,Azithromycin STADA,Azithromycinum INN mónóhýdrat,500 mg,3 stk.,Filmuhúðuð tafla,088545,J01FA10,STADA Arzneimittel AG,,2025-11-05,2025-11-10,2025-11-03,resolved,"Stuttur skortur á heildsölustigi, ólíklegt að skortur hafi áhrif á lyfjanotendur.",2026-09-23T20:59:58.796350,115002
IS,Iceland,Lyfjastofnun,Xylocain Dental adrenalin,"Adrenalinum bítartrat (Epinephrinum INN bítartrat), Lidocainum INN hýdróklóríð","20 mg/ml+12,5 míkróg/ ml",1.8 ml,"Stungulyf, lausn",009911,N01BB52,DENTSPLY DeTrey GmbH*,Vistor hf,2025-11-05,2025-11-05,2025-10-21,resolved,Ekki til lyf með sama ATC númer en sambærilegt lyf í sama flokki er á markaði / fáanlegt. Markaðssetta lyfið Lident er fáanlegt og er ætlað til staðdeyfingar í tannlækningum þegar lengja þarf svæðisdeyfingu eða þörf er á staðbundinni blóðþurrð.,2026-09-23T20:59:58.796906,82899
IS,Iceland,Lyfjastofnun,Sugammadex hameln,Sugammadex sodium,100 mg/ml,5 ml,"Stungulyf, lausn",533367,V03AB35,hameln pharma gmbh,,2025-11-05,2026-01-20,2025-10-23,resolved,Aðrar pakkningastærðir eru á markaði / fáanlegar.,2026-09-23T20:59:58.797438,87297
IS,Iceland,Lyfjastofnun,Nevanac,Nepafenacum INN,1 mg/ml,5 ml,"Augndropar, dreifa",141063,S01BC10,Novartis Europharm Limited*,Vistor hf,2025-11-05,2026-03-16,2025-10-21,resolved,"Undanþágulyf hefur verið útvegað. Lyfjastofnun hefur heimilað lyfjafræðingum að breyta ávísun á lyfið í skorti í undanþágulyf, frá heildsölunnni Distica, með sama heiti Nevanac, augndropar, 1 mg/ml, 5 ml, vnr 953589, lyfið er í þýskum umbúðum.",2026-09-23T20:59:58.798013,70254
IS,Iceland,Lyfjastofnun,Tegretol,Carbamazepinum INN,200 mg,100 stk.,Tafla,157863,N03AF01,Novartis Healthcare A/S,Vistor hf,2025-11-05,2025-11-17,2025-10-14,resolved,"Stuttur skortur á heildsölustigi, ólíklegt að skortur hafi áhrif á lyfjanotendur.",2026-09-23T20:59:58.798564,7579
IS,Iceland,Lyfjastofnun,Havrix,HEPATITIS A VIRUS ANTIGEN (INACTIVATED),1440 ELISA ein./ml,1 ml,"Stungulyf, dreifa",585869,J07BC02,GlaxoSmithKline Pharma A/S,Vistor hf,2025-11-04,2025-12-03,2025-10-22,resolved,Aðrir styrkleikar eru á markaði / fáanlegir.,2026-09-23T20:59:58.799114,82236
IS,Iceland,Lyfjastofnun,Zypadhera,Olanzapinum INN,405 mg,405 mg,"Stungulyfsstofn og leysir, forðadreifa",027999,N05AH03,"CHEPLAPHARM Registration GmbH,",,2025-11-04,2025-12-22,2025-10-30,resolved,"Undanþágulyf hefur verið útvegað. Lyfjastofnun hefur heimilað útskipti á tveimur undanþágulyfjum, Zypadhera (vnr. 999807) frá Slóvakíu og  Zyprexa (vnr. 958357) frá Ástralíu. Mikilvægt er að lyfjafræðingar veiti ráðgjöf við afgreiðslu undanþágulyfsins. Lyfið er H-merkt og er eingöngu ætlað til notkunar á heilbrigðsstofnunum.",2026-09-23T20:59:58.799646,90212
IS,Iceland,Lyfjastofnun,Fabrazyme,Recombinant human alpa galactosidase A,5 mg,5 mg,"Stofn fyrir innrennslisþykkni, lausn",016930,A16AB04,Genzyme Europe B.V.,Vistor hf,2025-11-04,2025-11-04,2025-09-04,resolved,Aðrir styrkleikar eru á markaði / fáanlegir.,2026-09-23T20:59:58.800199,212946
IS,Iceland,Lyfjastofnun,Ibandronic acid WH,Acidum ibandronicum INN mónónatríum,3 mg,3 ml,"Stungulyf, lausn",587658,M05BA06,Williams & Halls ehf,,2025-11-04,2025-12-02,2025-09-12,resolved,Önnur lyfjaform eru á markaði / fáanleg.,2026-09-23T20:59:58.800723,125326
IS,Iceland,Lyfjastofnun,Cordarone,Amiodaronum INN hýdróklóríð,200 mg,30 stk.,Tafla,142307,C01BD01,Sanofi-aventis Norge AS,Vistor hf,2025-11-04,2025-11-04,2025-10-24,resolved,"Stuttur skortur á heildsölustigi, ólíklegt að skortur hafi áhrif á lyfjanotendur.",2026-09-23T20:59:58.801265,1554
IS,Iceland,Lyfjastofnun,Methylphenidate STADA,"Methylphenidatum INN hýdróklóríð, Methylphenidatum INN hýdróklóríð",20 mg,30 stk.,Hart hylki með breyttan losunarhraða,595364,N06BA04,STADA Arzneimittel AG,,2025-11-03,2026-01-01,2025-09-30,resolved,Samheitalyf er á markaði / fáanlegt.,2026-09-23T20:59:58.801798,82236
IS,Iceland,Lyfjastofnun,Anoro Ellipta,"Vilanterolum INN trífenatat, Umeclidinii bromidum INN",55 míkróg/22 míkróg,30 skammtar,"Innöndunarduft, afmældir skammtar",504120,R03AL03,GlaxoSmithKline Trading Services Limited,Vistor hf,2025-11-03,2025-11-03,2025-09-02,resolved,Ekki til lyf með sama ATC númer en sambærilegt lyf í sama flokki er á markaði / fáanlegt.,2026-09-23T20:59:58.802341,125326
IS,Iceland,Lyfjastofnun,Klomipramin Viatris,Clomipraminum INN hýdróklóríð,25 mg,100 stk.,Filmuhúðuð tafla,118261,N06AA04,Viatris Limited,Icepharma hf,2025-11-03,2025-11-20,2025-08-26,resolved,Undanþágulyf hefur verið útvegað. Heildsalan Parlogis hefur flutt inn undanþágulyfið Anafranil 25 mg 200 stk húðaðar töflur.,2026-09-23T20:59:58.802894,38873
IS,Iceland,Lyfjastofnun,Ofev,Nintedanibum INN,100 mg,60 x 1 stk.,Mjúkt hylki,197927,L01EX09,Boehringer Ingelheim International GmbH*,Vistor hf,2025-11-03,2025-11-03,2025-10-16,resolved,"Stuttur skortur á heildsölustigi, ólíklegt að skortur hafi áhrif á lyfjanotendur.",2026-09-23T20:59:58.803446,127310
IS,Iceland,Lyfjastofnun,Centyl með kaliumklorid,"Bendroflumethiazidum INN, Potassium chloride","2,5 mg+573 mg",100 stk.,Filmuhúðuð tafla,192617,C03AB01,Karo Pharma AB*,Alvogen ehf.,2025-11-03,2025-11-06,2025-11-03,resolved,"Stuttur skortur á heildsölustigi, ólíklegt að skortur hafi áhrif á lyfjanotendur.",2026-09-23T20:59:58.804004,
IS,Iceland,Lyfjastofnun,Atomoxetin Medical Valley,Atomoxetinum INN hýdróklóríð,10 mg,30 stk.,Hart hylki,163424,N06BA09,Medical Valley Invest AB,,2025-11-03,2026-04-01,2025-11-03,resolved,Samheitalyf er á markaði / fáanlegt.,2026-09-23T20:59:58.804531,76708
IS,Iceland,Lyfjastofnun,Panodil,Paracetamolum INN,1 g,100 stk.,Filmuhúðuð tafla,111955,N02BE01,Haleon Denmark ApS,Artasan ehf,2025-11-03,2025-11-17,2025-09-22,resolved,"Stuttur skortur á heildsölustigi, ólíklegt að skortur hafi áhrif á lyfjanotendur.",2026-09-23T20:59:58.805071,81442
IS,Iceland,Lyfjastofnun,Polivy,Polatuzumabum vedotinum INN,30 mg,30 mg,"Stofn fyrir innrennslisþykkni, lausn",458140,L01FX14,Roche Registration GmbH*,Icepharma hf.*,2025-11-03,2025-11-18,2025-11-03,resolved,Aðrir styrkleikar eru á markaði / fáanlegir.,2026-09-23T20:59:58.805629,207195
IS,Iceland,Lyfjastofnun,Zyprexa,Olanzapinum INN,10 mg,56 stk.,Húðuð tafla,129106,N05AH03,"CHEPLAPHARM Registration GmbH,",,2025-11-03,2025-11-11,2025-11-05,resolved,"Stuttur skortur á heildsölustigi, ólíklegt að skortur hafi áhrif á lyfjanotendur.",2026-09-23T20:59:58.806170,45578
IS,Iceland,Lyfjastofnun,Heminevrin,Clomethiazolum INN edisýlat,300 mg,25 stk.,Mjúkt hylki,458067,N05CM02,CHEPLAPHARM Arzneimittel GmbH,Vistor hf,2025-11-03,2025-11-11,2025-11-04,resolved,"Stuttur skortur á heildsölustigi, ólíklegt að skortur hafi áhrif á lyfjanotendur.",2026-09-23T20:59:58.806712,
IS,Iceland,Lyfjastofnun,Differin,Adapalenum INN,1 mg/g,60 g,Hlaup,021053,D10AD03,Galderma Nordic AB*,Icepharma hf,2025-11-03,2025-12-05,2025-11-17,resolved,Ekki til lyf með sama ATC númer en sambærilegt lyf í sama flokki er á markaði / fáanlegt.,2026-09-23T20:59:58.807275,118397
IS,Iceland,Lyfjastofnun,Dupixent,Dupilumabum INN,300 mg,2 ml,"Stungulyf, lausn í áfylltri sprautu",132633,D11AH05,Sanofi Winthrop Industrie,Vistor hf,2025-11-02,2025-11-02,2025-10-15,resolved,"Stuttur skortur á heildsölustigi, ólíklegt að skortur hafi áhrif á lyfjanotendur.",2026-09-23T20:59:58.807857,59056
IS,Iceland,Lyfjastofnun,Ventoline,Salbutamolum INN súlfat,200 míkróg/skammt,60 skammtar,Innöndunarduft,124347,R03AC02,GlaxoSmithKline Pharma A/S,Vistor hf,2025-11-01,2025-11-03,2025-10-11,resolved,"Stuttur skortur á heildsölustigi, ólíklegt að skortur hafi áhrif á lyfjanotendur.",2026-09-23T20:59:58.808411,45659
IS,Iceland,Lyfjastofnun,Pramipexole Alvogen,Pramipexolum INN díhýdróklóríð,"0,18 mg",100 stk.,Tafla,028610,N04BC05,Alvogen ehf.,,2025-11-01,2025-11-14,2025-11-03,resolved,Samheitalyf er á markaði / fáanlegt.,2026-09-23T20:59:58.808940,49441
IS,Iceland,Lyfjastofnun,Epiduo,"Adapalenum INN, Benzoyl peroxide","0,1 % / 2,5 %",60 g,Hlaup,408675,D10AD53,Galderma Nordic AB*,Icepharma hf,2025-10-31,2026-01-30,2025-10-13,resolved,"Undanþágulyf hefur verið útvegað. Lyfjastofnun hefur heimilað lyfjafræðingum að breyta ávísun á lyfið í skorti í  undanþágulyfið Epiduo  0,1/2,5%, vnr. 985075. Undanþágulyfið er í sænsk/finnskum pakkningum.",2026-09-23T20:59:58.809483,148695
IS,Iceland,Lyfjastofnun,Dorzolamide Alvogen,Dorzolamidum INN hýdróklóríð,20 mg/ml,5 ml,"Augndropar, lausn",497995,S01EC03,Alvogen ehf.,,2025-10-31,2025-11-07,2025-10-20,resolved,"Stuttur skortur á heildsölustigi, ólíklegt að skortur hafi áhrif á lyfjanotendur.",2026-09-23T20:59:58.810012,
IS,Iceland,Lyfjastofnun,Virofob,Tenofovir disoproxil succinate,245 mg,30 stk.,Filmuhúðuð tafla,470315,J05AF07,Zentiva k.s.*,,2025-10-31,2025-11-20,2025-11-03,resolved,Samheitalyf er á markaði / fáanlegt.,2026-09-23T20:59:58.810539,146633
IS,Iceland,Lyfjastofnun,Pergoveris,"Follitropinum alfa INN, Lutropinum alfa INN","(450 a.e. + 225 a.e.)/0,72 ml","0,72 ml","Stungulyf, lausn í áfylltum lyfjapenna",522465,G03GA30,Merck Europe B.V.*,Icepharma hf.*,2025-10-30,2026-03-31,2025-10-30,resolved,Aðrir styrkleikar eru á markaði / fáanlegir.,2026-09-23T20:59:58.811087,148660
IS,Iceland,Lyfjastofnun,Paliperidon Krka,Paliperidonum INN,3 mg,28x1 stk.,Forðatafla,529352,N05AX13,"Krka, d.d., Novo mesto",,2025-10-30,2025-12-10,2025-09-29,resolved,Samheitalyf er á markaði / fáanlegt.,2026-09-23T20:59:58.811610,84638
IS,Iceland,Lyfjastofnun,Detrusitol Retard,TOLTERODINE L-TARTRATE,4 mg,30 stk.,Hart forðahylki,007760,G04BD07,Viatris ApS,Icepharma hf.*,2025-10-30,2025-12-15,2025-11-13,resolved,Aðrar pakkningastærðir eru á markaði / fáanlegar.,2026-09-23T20:59:58.812151,60534
IS,Iceland,Lyfjastofnun,Pentasa,Mesalazinum INN,1 g,28 stk.,Endaþarmsstíll,104760,A07EC02,Ferring Lægemidler A/S,Vistor hf,2025-10-29,2025-10-29,2025-08-22,resolved,Samheitalyf er á markaði / fáanlegt.,2026-09-23T20:59:58.812690,34215
IS,Iceland,Lyfjastofnun,Nicotinell,Nicotinum INN,7 mg/24 klst.,7 stk.,Forðaplástur,464751,N07BA01,Dr. Reddy's Netherlands B.V.,,2025-10-29,2025-10-29,2025-08-25,resolved,Aðrar pakkningastærðir eru á markaði / fáanlegar.,2026-09-23T20:59:58.813237,197998
IS,Iceland,Lyfjastofnun,Typhim Vi,Salmonella Typhi VI antigen,"25 míkróg/0,5 ml",0.5 ml,"Stungulyf, lausn",028314,J07AP03,Sanofi Winthrop Industrie,Vistor hf,2025-10-29,2025-10-29,2025-10-25,resolved,"Stuttur skortur á heildsölustigi, ólíklegt að skortur hafi áhrif á lyfjanotendur.",2026-09-23T20:59:58.813777,38318
IS,Iceland,Lyfjastofnun,Nicotinell IceMint,NICOTINE POLACRILEX,2 mg,24 stk.,Lyfjatyggigúmmí,561022,N07BA01,Dr. Reddy's Netherlands B.V.,,2025-10-29,2025-10-29,2025-10-10,resolved,"Stuttur skortur á heildsölustigi, ólíklegt að skortur hafi áhrif á lyfjanotendur.",2026-09-23T20:59:58.814302,18880
IS,Iceland,Lyfjastofnun,Lamictal,Lamotriginum INN,25 mg,56 stk.,Tuggu-/dreifitafla,196808,N03AX09,GlaxoSmithKline Pharma A/S,Vistor hf,2025-10-29,2025-11-03,2025-10-07,resolved,"Stuttur skortur á heildsölustigi, ólíklegt að skortur hafi áhrif á lyfjanotendur.",2026-09-23T20:59:58.814842,125113
IS,Iceland,Lyfjastofnun,Piperacillin/Tazobactam WH,"Piperacillinum INN natríum, Tazobactamum INN natríum","4 g/0,5 g",10 stk.,"Innrennslisstofn, lausn",562828,J01CR05,Williams & Halls ehf.,,2025-10-29,2025-11-13,2025-10-13,resolved,Ekkert sambærilegt lyf er á markaði / fáanlegt.,2026-09-23T20:59:58.815367,37133
IS,Iceland,Lyfjastofnun,Inegy,"Simvastatinum INN, Ezetimibe",10/40 mg,98 stk.,Tafla,439594,C10BA02,N.V. Organon*,Vistor hf,2025-10-29,2025-10-29,2025-10-07,resolved,Samheitalyf er á markaði / fáanlegt.,2026-09-23T20:59:58.815905,77046
IS,Iceland,Lyfjastofnun,Glucophage,Metforminum INN hýdróklóríð,500 mg,100 stk.,Filmuhúðuð tafla,374231,A10BA02,Merck Santé s.a.s.*,Vistor ehf,2025-10-29,2026-01-18,2025-10-28,resolved,Samheitalyf er á markaði / fáanlegt.,2026-09-23T20:59:58.816445,38318
IS,Iceland,Lyfjastofnun,Centyl mite með kaliumklorid,"Kalii chloridum, Bendroflumethiazidum INN","1,25 mg/573 mg",100 stk.,Filmuhúðuð tafla,128348,C03AB01,Karo Pharma AB*,Alvogen ehf.,2025-10-29,2025-11-06,2025-11-03,resolved,"Stuttur skortur á heildsölustigi, ólíklegt að skortur hafi áhrif á lyfjanotendur.",2026-09-23T20:59:58.816996,
IS,Iceland,Lyfjastofnun,Purevax RCP,"Feline rhinotracheitis virus, strain F2, Live, Feline calicivirus, strains 431 and G1, Inactivated, Feline panleucopenia virus, strain PLI IV, Live",,50 stk.,"Frostþurrkað stungulyf og leysir, dreifa",122534,QI06AH09,Boehringer Ingelheim Vetmedica GmbH*,Vistor hf,2025-10-29,2025-10-29,2025-10-25,resolved,Aðrar pakkningastærðir eru á markaði / fáanlegar.,2026-09-23T20:59:58.817544,
IS,Iceland,Lyfjastofnun,Nicotinell Mint,Nicotinum bítartrat,2 mg,144 stk.,Munnsogstafla,128129,N07BA01,Dr. Reddy's Netherlands B.V.,Artasan ehf,2025-10-29,2025-10-29,2025-10-09,resolved,Aðrar pakkningastærðir eru á markaði / fáanlegar.,2026-09-23T20:59:58.818112,125490
IS,Iceland,Lyfjastofnun,Paracet,Paracetamolum INN,125 mg,10 stk.,Endaþarmsstíll,503078,N02BE01,Karo Pharma AS,Alvogen ehf.,2025-10-28,2025-11-06,2025-10-24,resolved,"Stuttur skortur á heildsölustigi, ólíklegt að skortur hafi áhrif á lyfjanotendur.",2026-09-23T20:59:58.818662,54216
IS,Iceland,Lyfjastofnun,Pyzchiva,Ustekinumabum INN,45 mg,"0,5 ml","Stungulyf, lausn í áfylltri sprautu",430898,L04AC05,Samsung Bioepis NL B.V.,,2025-10-28,2025-10-28,2025-10-16,resolved,"Stuttur skortur á heildsölustigi, ólíklegt að skortur hafi áhrif á lyfjanotendur.",2026-09-23T20:59:58.819184,102989
IS,Iceland,Lyfjastofnun,Betmiga,Mirabegronum INN,50 mg,90 stk.,Forðatafla,409927,G04BD12,Astellas Pharma Europe B.V.,Vistor hf,2025-10-28,2025-10-28,2025-10-05,resolved,. Aðrar pakkningastærðir og samhliða innflutt lyf eru fáanleg.,2026-09-23T20:59:58.819728,112305
IS,Iceland,Lyfjastofnun,Exelon,Rivastigminum INN,"13,3 mg/24 klst.",30 stk.,Forðaplástur,153145,N06DA03,Novartis Europharm Limited*,Vistor hf,2025-10-28,2025-11-14,2025-09-17,resolved,Aðrir styrkleikar eru á markaði / fáanlegir.,2026-09-23T20:59:58.820272,
IS,Iceland,Lyfjastofnun,Klyx,"Docusatum natricum INN, Sorbitolum",,120 ml,Endaþarmslausn,371609,A06AG10,Ferring Lægemidler A/S (F),Ferring Lægemidler A/S,2025-10-27,2025-11-24,2025-10-18,resolved,"Aðrar pakkningastærðir eru á markaði / fáanlegar. Klyx 120 ml er fáanlegt í 10 stk. pakkningu, önnur Klyx er einnig fáanlegt í 240 ml",2026-09-23T20:59:58.820809,1619
IS,Iceland,Lyfjastofnun,Escitalopram STADA,Escitalopram oxalate,10 mg,100 stk.,Filmuhúðuð tafla,519096,N06AB10,STADA Arzneimittel AG,,2025-10-27,2025-10-31,2025-10-23,resolved,Samheitalyf er á markaði / fáanlegt.,2026-09-23T20:59:58.821331,82899
IS,Iceland,Lyfjastofnun,Procoralan,Ivabradinum INN hýdróklóríð,5 mg,56 stk.,Filmuhúðuð tafla,041086,C01EB17,Les Laboratoires Servier*,Icepharma hf,2025-10-27,2025-11-03,2025-10-27,resolved,"Stuttur skortur á heildsölustigi, ólíklegt að skortur hafi áhrif á lyfjanotendur.",2026-09-23T20:59:58.821882,198161
IS,Iceland,Lyfjastofnun,Mydriacyl,Tropicamidum INN,10 mg/ml,15 ml,"Augndropar, lausn",143586,S01FA06,Alcon Nordic A/S,,2025-10-27,2025-10-27,2025-10-07,resolved,Ekkert sambærilegt lyf er á markaði / fáanlegt.,2026-09-23T20:59:58.822406,
IS,Iceland,Lyfjastofnun,Ondansetron Bluefish,Ondansetronum INN hýdróklóríð,8 mg,30 stk.,Filmuhúðuð tafla,516972,A04AA01,Bluefish Pharmaceuticals AB,Artasan ehf,2025-10-27,2026-02-04,2025-10-17,resolved,Aðrar pakkningastærðir eru á markaði / fáanlegar.,2026-09-23T20:59:58.822955,31518
IS,Iceland,Lyfjastofnun,Nicotinell,Nicotinum INN,14 mg/24 klst.,21 stk.,Forðaplástur,168778,N07BA01,Dr. Reddy's Netherlands B.V.,,2025-10-26,2025-11-27,2025-10-12,resolved,Aðrar pakkningastærðir eru á markaði / fáanlegar.,2026-09-23T20:59:58.823478,
IS,Iceland,Lyfjastofnun,Jakavi,Ruxolitinibum INN fosfat,20 mg,56 stk.,Tafla,461113,L01EJ01,Novartis Europharm Limited*,Vistor hf,2025-10-26,2025-11-10,2025-10-14,resolved,Aðrir styrkleikar eru á markaði / fáanlegir.,2026-09-23T20:59:58.824029,44466
IS,Iceland,Lyfjastofnun,Lenvima,Lenvatinibum INN mesýlat,10 mg,30 stk.,Hart hylki,147902,L01EX08,Eisai GmbH,Eisai AB*,2025-10-25,2025-10-25,2025-09-16,resolved,Aðrir styrkleikar eru á markaði / fáanlegir.,2026-09-23T20:59:58.824571,133256
IS,Iceland,Lyfjastofnun,Sondelbay,Teriparatidum INN,20 míkróg /80 míkról,28 skammtar,"Stungulyf, lausn í áfylltum lyfjapenna",490780,H05AA02,Accord Healthcare S.L.U.,,2025-10-25,2025-12-12,2025-10-03,resolved,Samheitalyf er á markaði / fáanlegt.,2026-09-23T20:59:58.825094,131601
IS,Iceland,Lyfjastofnun,Alutard SQ (Cat hair),Kattahár,,5 ml,"Stungulyf, dreifa",026096,V01AA11,ALK-Abelló A/S,Vistor hf,2025-10-25,2025-10-25,2025-09-25,resolved,Aðrar pakkningastærðir eru á markaði / fáanlegar.,2026-09-23T20:59:58.825628,
IS,Iceland,Lyfjastofnun,SOTYKTU,Deucravacitinibum INN,6 mg,28 stk.,Filmuhúðuð tafla,488286,L04AF07,Bristol-Myers Squibb Pharma EEIG*,,2025-10-25,2025-11-06,2025-10-28,resolved,Sérpöntun / útboðslyf.,2026-09-23T20:59:58.826157,224839
IS,Iceland,Lyfjastofnun,Tobradex,"Dexamethasonum INN fosfat, Tobramycinum INN",3 mg/ml + 1 mg/ml,5 ml,"Augndropar, dreifa",033251,S01CA01,Novartis Healthcare A/S,Vistor hf,2025-10-24,2025-11-19,2025-10-23,resolved,Ekki til lyf með sama ATC númer en sambærilegt lyf í sama flokki er á markaði / fáanlegt. Lyf í sama ATC flokki fáanlegt en ekki sama samsetning.,2026-09-23T20:59:58.826691,214957
IS,Iceland,Lyfjastofnun,Wellbutrin XR (Heilsa),Bupropionum INN hýdróklóríð,150 mg,30 stk.,Tafla með breyttan losunarhraða,107689,N06AX12,Heilsa ehf.,,2025-10-24,2025-11-28,2025-10-03,resolved,Samheitalyf er á markaði / fáanlegt.,2026-09-23T20:59:58.827216,82880
IS,Iceland,Lyfjastofnun,Xtandi,Enzalutamidum INN,40 mg,112 stk.,Filmuhúðuð tafla,118153,L02BB04,Astellas Pharma Europe B.V.,Vistor hf,2025-10-24,2025-10-24,2025-10-09,resolved,"Stuttur skortur á heildsölustigi, ólíklegt að skortur hafi áhrif á lyfjanotendur.",2026-09-23T20:59:58.827788,148903
IS,Iceland,Lyfjastofnun,Ibuprofen Zentiva,Ibuprofenum INN,600 mg,100 stk.,Filmuhúðuð tafla,542402,M01AE01,Zentiva k.s.*,,2025-10-23,2026-01-08,2025-10-24,resolved,Aðrar pakkningastærðir eru á markaði / fáanlegar.,2026-09-23T20:59:58.828316,17469
IS,Iceland,Lyfjastofnun,Panodil,Paracetamolum INN,500 mg,20 stk.,Filmuhúðuð tafla,409193,N02BE01,Haleon Denmark ApS,Artasan ehf,2025-10-23,2025-11-17,2025-10-10,resolved,Samheitalyf er á markaði / fáanlegt.,2026-09-23T20:59:58.828861,
IS,Iceland,Lyfjastofnun,Lantus,Insulinum glarginum INN,100 ein./ml,3 ml,"Stungulyf, lausn í rörlykju",004746,A10AE04,Sanofi-Aventis Deutschland GmbH,Vistor hf,2025-10-23,2025-11-04,2025-10-01,resolved,Önnur lyfjaform eru á markaði / fáanleg.,2026-09-23T20:59:58.829405,85375
IS,Iceland,Lyfjastofnun,Produodopa,"Foslevodopa, Foscarbidopa",240 mg/ml +12 mg/ml,7 stk.,"Innrennslislyf, lausn",061313,N04BA07,AbbVie A/S,,2025-10-23,2025-10-23,2025-10-18,resolved,"Stuttur skortur á heildsölustigi, ólíklegt að skortur hafi áhrif á lyfjanotendur.",2026-09-23T20:59:58.829931,219622
IS,Iceland,Lyfjastofnun,Madopar,"Benserazidum INN hýdróklóríð, Levodopum INN","50 mg/12,5 mg",100 stk.,Hart hylki,117564,N04BA02,Roche Pharmaceuticals A/S,Icepharma hf,2025-10-23,2025-11-04,2025-10-16,resolved,Aðrir styrkleikar og lyfjaform eru á markaði / fáanlegir.,2026-09-23T20:59:58.830473,15741
IS,Iceland,Lyfjastofnun,Nicotinell Mint,Nicotine resinate,4 mg,24 stk.,Lyfjatyggigúmmí,082334,N07BA01,Dr. Reddy's Netherlands B.V.,Artasan ehf,2025-10-23,2025-10-23,2025-10-14,resolved,"Stuttur skortur á heildsölustigi, ólíklegt að skortur hafi áhrif á lyfjanotendur.",2026-09-23T20:59:58.831041,
IS,Iceland,Lyfjastofnun,Xerodent,"Natrii fluoridum, Acidum malicum","28,6/0,25 mg",90 stk.,Munnsogstafla,013593,A01AA30,Karo Pharma AB*,Alvogen ehf.,2025-10-22,2026-03-31,2025-09-15,resolved,Ekkert sambærilegt lyf er á markaði / fáanlegt.,2026-09-23T20:59:58.831587,
IS,Iceland,Lyfjastofnun,Klomipramin Viatris,Clomipraminum INN hýdróklóríð,25 mg,100 stk.,Filmuhúðuð tafla,118261,N06AA04,Viatris Limited,Icepharma hf,2025-10-22,2025-10-30,2025-10-09,resolved,"Stuttur skortur á heildsölustigi, ólíklegt að skortur hafi áhrif á lyfjanotendur.",2026-09-23T20:59:58.832133,38873
IS,Iceland,Lyfjastofnun,Metojectpen,Methotrexatum INN,"12,5 mg","12,5 mg","Stungulyf, lausn í áfylltum lyfjapenna",571379,L04AX03,medac Gesellschaft für klinische Spezialpräparate GmbH,,2025-10-22,2025-10-22,2025-09-19,resolved,"Stuttur skortur á heildsölustigi, ólíklegt að skortur hafi áhrif á lyfjanotendur.",2026-09-23T20:59:58.832658,141445
IS,Iceland,Lyfjastofnun,Alutard SQ (Phleum pratense),Phleum pratense,,5 ml,"Stungulyf, dreifa",546044,V01AA02,ALK-Abelló A/S,Vistor hf,2025-10-22,2025-10-22,2025-08-22,resolved,Aðrar pakkningastærðir eru á markaði / fáanlegar.,2026-09-23T20:59:58.833204,
IS,Iceland,Lyfjastofnun,Nicotinell,Nicotinum INN,21 mg/24 klst.,21 stk.,Forðaplástur,461917,N07BA01,Dr. Reddy's Netherlands B.V.,,2025-10-22,2025-10-29,2025-10-09,resolved,Aðrar pakkningastærðir eru á markaði / fáanlegar.,2026-09-23T20:59:58.833734,
IS,Iceland,Lyfjastofnun,Desmopressin Zentiva,"Lactose monohydrate, Desmopressinum INN acetat",60 míkróg,100 stk.,Tungurótartafla,110095,H01BA02,Zentiva k.s.*,,2025-10-22,2025-10-24,2025-10-20,resolved,"Stuttur skortur á heildsölustigi, ólíklegt að skortur hafi áhrif á lyfjanotendur.",2026-09-23T20:59:58.834261,225479
IS,Iceland,Lyfjastofnun,Ceftriaxon Fresenius Kabi,Ceftriaxonum INN dínatríum,2 g,50 ml,"Innrennslisstofn, lausn",132384,J01DD04,Fresenius Kabi AB,,2025-10-21,2026-02-01,2025-08-22,resolved,Aðrir styrkleikar eru á markaði / fáanlegir.,2026-09-23T20:59:58.834786,218650
IS,Iceland,Lyfjastofnun,Lacosamide Accord,Lacosamidum INN,100 mg,56 stk.,Filmuhúðuð tafla,082976,N03AX18,Accord Healthcare S.L.U.,,2025-10-21,2025-10-21,2025-10-08,resolved,Samheitalyf er á markaði / fáanlegt.,2026-09-23T20:59:58.835320,217875
IS,Iceland,Lyfjastofnun,Pregabalin Krka,Pregabalinum INN,75 mg,100 stk.,Hart hylki,397353,N02BF02,"Krka, d.d., Novo mesto",,2025-10-21,2025-12-10,2025-09-24,resolved,Samheitalyf er á markaði / fáanlegt.,2026-09-23T20:59:58.835840,75701
IS,Iceland,Lyfjastofnun,Venlafaxin Krka,Venlafaxinum INN hýdróklóríð,75 mg,100 stk.,Hart forðahylki,057365,N06AX16,"KRKA, d.d., Novo mesto",LYFIS ehf.*,2025-10-21,2026-01-09,2025-09-24,resolved,Samheitalyf er á markaði / fáanlegt.,2026-09-23T20:59:58.836387,201677
IS,Iceland,Lyfjastofnun,Desmopressin Zentiva,Desmopressinum INN acetat,120 míkróg,30 stk.,Tungurótartafla,193522,H01BA02,Zentiva k.s.*,,2025-10-21,2025-10-24,2025-10-20,resolved,"Stuttur skortur á heildsölustigi, ólíklegt að skortur hafi áhrif á lyfjanotendur.",2026-09-23T20:59:58.836913,225436
IS,Iceland,Lyfjastofnun,Locoid,Hydrocortisonum INN bútýrat,1 mg/g,30 g,Smyrsli,140013,D07AB02,CHEPLAPHARM Arzneimittel GmbH,,2025-10-21,2025-10-21,2025-09-30,resolved,". Annað lyfjaform er á markaði/fáanlegt, t.d. krem.",2026-09-23T20:59:58.837445,63053
IS,Iceland,Lyfjastofnun,Betmiga,Mirabegronum INN,25 mg,90 stk.,Forðatafla,595198,G04BD12,Astellas Pharma Europe B.V.,Vistor hf,2025-10-21,2025-10-28,2025-10-02,resolved,Aðrar pakkningastærðir eru á markaði / fáanlegar.,2026-09-23T20:59:58.838027,
IS,Iceland,Lyfjastofnun,Norgesic,"Orphenadrinum INN cítrat, Paracetamolum INN",35+450 mg,30 stk.,Tafla,520759,M03BC51,Viatris ApS,Icepharma hf.*,2025-10-20,2025-10-30,2025-10-13,resolved,"Stuttur skortur á heildsölustigi, ólíklegt að skortur hafi áhrif á lyfjanotendur.",2026-09-23T20:59:58.838575,
IS,Iceland,Lyfjastofnun,Hypotron,Midodrinum INN hýdróklóríð,5 mg,100 stk.,Tafla,417898,C01CA17,Brancaster Pharma Ireland Ltd.,,2025-10-20,2025-11-04,2025-10-07,resolved,Aðrir styrkleikar eru á markaði / fáanlegir.,2026-09-23T20:59:58.839102,50717
IS,Iceland,Lyfjastofnun,Oftagel (Heilsa),Carbomer,"2,5 mg/g","0,5 mg",Augnhlaup í stakskammtaíláti,547134,S01XA20,Heilsa ehf.,,2025-10-20,2025-10-24,2025-10-13,resolved,"Stuttur skortur á heildsölustigi, ólíklegt að skortur hafi áhrif á lyfjanotendur.",2026-09-23T20:59:58.839629,
IS,Iceland,Lyfjastofnun,Solifenacin Krka,Solifenacinum INN súkkínat,5 mg,30 stk.,Filmuhúðuð tafla,545639,G04BD08,"Krka, d.d., Novo mesto",,2025-10-20,2025-12-10,2025-10-17,resolved,Samheitalyf er á markaði / fáanlegt.,2026-09-23T20:59:58.840168,75337
IS,Iceland,Lyfjastofnun,Differin,Adapalenum INN,1 mg/g,60 g,Hlaup,021053,D10AD03,Galderma Nordic AB*,Icepharma hf,2025-10-20,2025-11-03,2025-09-25,resolved,Ekki til lyf með sama ATC númer en sambærilegt lyf í sama flokki er á markaði / fáanlegt.,2026-09-23T20:59:58.840708,118397
IS,Iceland,Lyfjastofnun,Tadalafil Mylan,Tadalafilum INN,20 mg,8 stk.,Filmuhúðuð tafla,494533,G04BE08,Mylan Pharmaceuticals Limited,Icepharma hf.*,2025-10-20,2025-11-17,2025-09-29,resolved,Samheitalyf er á markaði / fáanlegt.,2026-09-23T20:59:58.841250,68241
IS,Iceland,Lyfjastofnun,Esomeprazol Actavis,Esomeprazolum INN magnesíum díhýdrat,40 mg,100 stk.,Magasýruþolin tafla,194672,A02BC05,Actavis Group PTC ehf.,Teva Pharma Iceland ehf.*,2025-10-20,2025-11-17,2025-10-22,resolved,Aðrir styrkleikar og/eða samheitalyf eru á markaði / fáanlegir.,2026-09-23T20:59:58.841790,88838
IS,Iceland,Lyfjastofnun,Paratabs,Paracetamolum INN,500 mg,100 stk.,Filmuhúðuð tafla,102173,N02BE01,Teva B.V.*,Teva Pharma Iceland ehf.*,2025-10-19,2025-12-19,2025-09-19,resolved,Samheitalyf er á markaði / fáanlegt.,2026-09-23T20:59:58.842331,67903
IS,Iceland,Lyfjastofnun,Nicotinell Mint,Nicotine resinate,2 mg,204 stk.,Lyfjatyggigúmmí,374077,N07BA01,Dr. Reddy's Netherlands B.V.,Artasan ehf,2025-10-18,2025-10-29,2025-10-09,resolved,Aðrir styrkleikar og lyfjaform eru á markaði / fáanlegir.,2026-09-23T20:59:58.842888,
IS,Iceland,Lyfjastofnun,Synjardy,"Empagliflozinum INN, Metforminum INN hýdróklóríð","12,5 mg/1000 mg",60 x 1 stk.,Filmuhúðuð tafla,455266,A10BD20,Boehringer Ingelheim International GmbH*,Vistor hf,2025-10-18,2025-10-18,2025-09-19,resolved,Aðrar pakkningastærðir eru á markaði / fáanlegar.,2026-09-23T20:59:58.843430,
IS,Iceland,Lyfjastofnun,Symtuza,Blanda,800 mg/150 mg/200 mg/10 mg,30 stk.,Filmuhúðuð tafla,400134,J05AR22,Janssen-Cilag International NV*,Vistor hf,2025-10-17,2025-10-17,2025-09-18,resolved,Ekkert sambærilegt lyf er á markaði / fáanlegt.,2026-09-23T20:59:58.843977,167428
IS,Iceland,Lyfjastofnun,Tasigna,Nilotinibum INN hýdróklóríð,150 mg,112 stk.,Hart hylki,523758,L01EA03,Novartis Europharm Limited*,Vistor hf,2025-10-17,2025-10-17,2025-09-18,resolved,"Stuttur skortur á heildsölustigi, ólíklegt að skortur hafi áhrif á lyfjanotendur.",2026-09-23T20:59:58.844534,230715
IS,Iceland,Lyfjastofnun,Nicotinell Mint,Nicotinum bítartrat,1 mg,36 stk.,Munnsogstafla,124356,N07BA01,Dr. Reddy's Netherlands B.V.,Artasan ehf,2025-10-17,2025-10-29,2025-10-09,resolved,Aðrar pakkningastærðir eru á markaði / fáanlegar.,2026-09-23T20:59:58.845075,125482
IS,Iceland,Lyfjastofnun,Tresiba,Insulinum degludecum INN,100 ein./ml,3 ml,"Stungulyf, lausn í áfylltum lyfjapenna",484846,A10AE06,Novo Nordisk A/S*,Vistor hf,2025-10-17,2025-10-17,2025-09-02,resolved,Samheitalyf er á markaði / fáanlegt.,2026-09-23T20:59:58.845612,115207
IS,Iceland,Lyfjastofnun,Olanzapin Actavis,Olanzapinum INN,5 mg,28 stk.,Filmuhúðuð tafla,118043,N05AH03,Actavis Group PTC ehf.,Teva Pharma Iceland ehf.*,2025-10-16,2025-12-31,2025-08-29,resolved,Aðrar pakkningastærðir eru á markaði / fáanlegar.,2026-09-23T20:59:58.846168,45543
IS,Iceland,Lyfjastofnun,Esomeprazol Actavis,Esomeprazolum INN magnesíum díhýdrat,40 mg,28 stk.,Magasýruþolin tafla,167905,A02BC05,Actavis Group PTC ehf.,Teva Pharma Iceland ehf.*,2025-10-16,2026-01-15,2025-08-29,resolved,Aðrir styrkleikar og/eða samheitalyf eru á markaði / fáanlegir.,2026-09-23T20:59:58.846726,57878
IS,Iceland,Lyfjastofnun,Tegretol Retard,Carbamazepinum INN,200 mg,100 stk.,Forðatafla,599599,N03AF01,Novartis Healthcare A/S,Vistor hf,2025-10-15,2025-10-15,2025-08-26,resolved,Til skoðunar.,2026-09-23T20:59:58.847280,25976
IS,Iceland,Lyfjastofnun,Flagyl,Metronidazolum INN,500 mg,10 stk.,Leggangastíll,151217,G01AF01,FIDIA Farmaceutici S.p.A.*,,2025-10-15,2025-10-15,2025-06-03,resolved,Ekki til lyf með sama ATC númer en sambærilegt lyf í sama flokki er á markaði / fáanlegt.,2026-09-23T20:59:58.847846,5207
IS,Iceland,Lyfjastofnun,Travatan,Travoprostinum INN,40 míkróg/ml,"2,5 ml","Augndropar, lausn",517180,S01EE04,Novartis Europharm Limited*,Vistor hf,2025-10-15,2025-10-15,2025-09-14,resolved,Aðrar pakkningastærðir eru á markaði / fáanlegar.,2026-09-23T20:59:58.848398,206431
IS,Iceland,Lyfjastofnun,Lipistad,Atorvastatin INN kalsíum tríhýdrat,80 mg,100 stk.,Filmuhúðuð tafla,053304,C10AA05,STADA Arzneimittel AG,,2025-10-15,2025-11-06,2025-10-13,resolved,Aðrir styrkleikar og/eða samheitalyf eru á markaði / fáanlegir.,2026-09-23T20:59:58.848929,98639
IS,Iceland,Lyfjastofnun,Erelzi,Etanerceptum INN,25 mg,"0,5 ml","Stungulyf, lausn í áfylltri sprautu",075145,L04AB01,Sandoz GmbH*,,2025-10-15,2025-11-04,2025-10-17,resolved,Aðrir styrkleikar eru á markaði / fáanlegir.,2026-09-23T20:59:58.849458,223824
IS,Iceland,Lyfjastofnun,Presmin,Losartanum INN kalíum,50 mg,98 stk.,Filmuhúðuð tafla,103651,C09CA01,Alvogen ehf.,,2025-10-15,2026-01-02,2025-09-29,resolved,Samheitalyf er á markaði / fáanlegt.,2026-09-23T20:59:58.849995,41890
IS,Iceland,Lyfjastofnun,Oracea,Doxycyclinum INN,40 mg,56 stk.,Hart hylki með breyttan losunarhraða,029800,J01AA02,Galderma Nordic AB*,Icepharma hf,2025-10-15,2025-10-20,2025-10-14,resolved,"Stuttur skortur á heildsölustigi, ólíklegt að skortur hafi áhrif á lyfjanotendur.",2026-09-23T20:59:58.850540,91049
IS,Iceland,Lyfjastofnun,Mekinist,Trametinibum INN,"0,5 mg",30 stk.,Filmuhúðuð tafla,374194,L01EE01,Novartis Europharm Limited*,Vistor hf,2025-10-15,2025-10-15,2025-08-25,resolved,Til skoðunar.,2026-09-23T20:59:58.851086,127892
IS,Iceland,Lyfjastofnun,Flagyl,Metronidazolum INN,400 mg,30 stk.,Filmuhúðuð tafla,163246,P01AB01,FIDIA Farmaceutici S.p.A.*,,2025-10-15,2025-10-15,2025-06-03,resolved,Samheitalyf er á markaði / fáanlegt.,2026-09-23T20:59:58.851617,
IS,Iceland,Lyfjastofnun,Dailiport,Tacrolimusum INN mónohýdrat,5 mg,50x1 stk.,Hart forðahylki,040982,L04AD02,Sandoz A/S,,2025-10-15,2025-10-15,2025-09-27,resolved,"Stuttur skortur á heildsölustigi, ólíklegt að skortur hafi áhrif á lyfjanotendur.",2026-09-23T20:59:58.852140,96172
IS,Iceland,Lyfjastofnun,Dexdor,Dexmedetomidinum INN hýdróklóríð,100 míkróg/ml,2 ml,"Innrennslisþykkni, lausn",390699,N05CM18,Orion Corporation,Vistor hf,2025-10-15,2025-10-15,2025-09-13,resolved,Til skoðunar.,2026-09-23T20:59:58.852687,99791
IS,Iceland,Lyfjastofnun,SmofKabiven Perifer,Blanda,,1206 ml,"Innrennslislyf, fleyti",154706,B05BA10,Fresenius Kabi AB,Vistor hf,2025-10-15,2025-10-15,2025-09-26,resolved,Aðrar pakkningastærðir eru á markaði / fáanlegar.,2026-09-23T20:59:58.853232,91642
IS,Iceland,Lyfjastofnun,Certican,Everolimusum INN,"0,25 mg",60 stk.,Tafla,014847,L04AH02,Novartis Healthcare A/S,Vistor hf,2025-10-15,2025-10-15,2025-08-22,resolved,"Stuttur skortur á heildsölustigi, ólíklegt að skortur hafi áhrif á lyfjanotendur.",2026-09-23T20:59:58.853779,75086
IS,Iceland,Lyfjastofnun,Maxalt Smelt,Rizatriptanum INN benzóat,10 mg,18 stk.,Frostþurrkuð tafla,527132,N02CC04,N.V. Organon*,Vistor hf,2025-10-15,2025-10-29,2025-09-23,resolved,Samheitalyf er á markaði / fáanlegt.,2026-09-23T20:59:58.854321,50520
IS,Iceland,Lyfjastofnun,Stesolid,Diazepamum INN,2 mg,100 stk.,Tafla,539577,N05BA01,Actavis Group PTC ehf.,Teva Pharma Iceland ehf.*,2025-10-14,2025-10-30,2025-10-22,resolved,"Stuttur skortur á heildsölustigi, ólíklegt að skortur hafi áhrif á lyfjanotendur.",2026-09-23T20:59:58.854878,7439
IS,Iceland,Lyfjastofnun,Humira,Adalimumabum INN,40 mg,"0,4 ml","Stungulyf, lausn í áfylltum lyfjapenna",166628,L04AB04,AbbVie Deutschland GmbH & Co. KG,Vistor hf,2025-10-14,2025-10-14,2025-09-18,resolved,Samheitalyf er á markaði / fáanlegt.,2026-09-23T20:59:58.855453,129771
IS,Iceland,Lyfjastofnun,SmofKabiven Perifer,Blanda,,1904 ml,"Innrennslislyf, fleyti",154717,B05BA10,Fresenius Kabi AB,Vistor hf,2025-10-14,2025-10-14,2025-09-10,resolved,Aðrar pakkningastærðir eru á markaði / fáanlegar.,2026-09-23T20:59:58.856000,58408
IS,Iceland,Lyfjastofnun,Wegovy,Semaglutidum INN,"2,4 mg FlexTouch",3 ml,"Stungulyf, lausn í áfylltum lyfjapenna",386270,A10BJ06,Novo Nordisk A/S*,,2025-10-14,2025-10-14,2025-10-07,resolved,"Stuttur skortur á heildsölustigi, ólíklegt að skortur hafi áhrif á lyfjanotendur.",2026-09-23T20:59:58.856527,223824
IS,Iceland,Lyfjastofnun,Pentasa,Mesalazinum INN,500 mg,100 stk.,Forðatafla,104851,A07EC02,Ferring Lægemidler A/S,Vistor hf,2025-10-13,2026-03-02,2025-09-03,resolved,Aðrir styrkleikar eru á markaði / fáanlegir. Forðatöflurnar má ekki tyggja. Til að auðvelda töku taflnanna má skipta þeim eða hræra þær út í vatni eða ávaxtasafa rétt fyrir inntöku,2026-09-23T20:59:58.857066,31860
IS,Iceland,Lyfjastofnun,Escitalopram Bluefish,Escitalopramum INN oxalat,10 mg,98 stk.,Filmuhúðuð tafla,463262,N06AB10,Bluefish Pharmaceuticals AB,Artasan ehf,2025-10-13,2025-11-25,2025-10-09,resolved,"Stuttur skortur á heildsölustigi, ólíklegt að skortur hafi áhrif á lyfjanotendur.",2026-09-23T20:59:58.857606,74969
IS,Iceland,Lyfjastofnun,Stelara,Ustekinumabum INN,130 mg,26 ml,"Innrennslisþykkni, lausn",184205,L04AC05,Janssen-Cilag International NV*,Vistor hf,2025-10-13,2025-10-13,2025-09-16,resolved,Önnur lyfjaform eru á markaði / fáanleg.,2026-09-23T20:59:58.858190,138274
IS,Iceland,Lyfjastofnun,Keflex (Heilsa),Cefalexinum INN mónóhýdrat,500 mg,21 stk.,Filmuhúðuð tafla,156987,J01DB01,Heilsa ehf.,,2025-10-13,2025-10-15,2025-10-08,resolved,"Stuttur skortur á heildsölustigi, ólíklegt að skortur hafi áhrif á lyfjanotendur.",2026-09-23T20:59:58.858723,5835
IS,Iceland,Lyfjastofnun,Lonsurf,"Tipiracilum INN hýdróklóríð, Trifluridinum INN","20 mg/8,19 mg",20 stk.,Filmuhúðuð tafla,516182,L01BC59,Les Laboratoires Servier*,Icepharma hf.*,2025-10-13,2100-12-31,2025-10-13,shortage,Sérpöntun / útboðslyf. Lyfið er til í 60 stk pakkningu,2026-09-23T20:59:58.859275,137510
IS,Iceland,Lyfjastofnun,Levetiracetam Actavis,Levetiracetamum INN,1.000 mg,100 stk.,Filmuhúðuð tafla,527453,N03AX14,Actavis Group PTC ehf.,Teva Pharma Iceland ehf.*,2025-10-13,2025-12-15,2025-10-22,resolved,Aðrir styrkleikar eru á markaði / fáanlegir.,2026-09-23T20:59:58.859821,58408
IS,Iceland,Lyfjastofnun,Esomeprazol Krka (Heilsa),Esomeprazolum INN,20 mg,98 stk.,Magasýruþolið hart hylki,493562,A02BC05,Heilsa ehf.,,2025-10-13,2025-10-24,2025-10-03,resolved,Samheitalyf er á markaði / fáanlegt.,2026-09-23T20:59:58.860346,24163
IS,Iceland,Lyfjastofnun,Lonsurf,"Trifluridinum INN, Tipiracilum INN hýdróklóríð","15 mg/6,14 mg",20 stk.,Filmuhúðuð tafla,057979,L01BC59,Les Laboratoires Servier*,Icepharma hf.*,2025-10-13,2100-12-31,2025-10-13,shortage,Sérpöntun / útboðslyf.,2026-09-23T20:59:58.860887,137529
IS,Iceland,Lyfjastofnun,Natriumklorid Fresenius Kabi,Sodium chloride,9 mg/ml,250 ml,"Innrennslislyf, lausn",537465,B05BB01,Fresenius Kabi AB,Vistor hf,2025-10-12,2025-12-14,2025-09-22,resolved,Aðrar pakkningastærðir eru á markaði / fáanlegar.,2026-09-23T20:59:58.861445,27170
IS,Iceland,Lyfjastofnun,Pentasa Sachet,Mesalazinum INN,2 g,60 stk.,Forðakyrni,021625,A07EC02,Ferring Lægemidler A/S,Vistor hf,2025-10-11,2025-12-11,2025-10-09,resolved,Aðrir styrkleikar eru á markaði / fáanlegir.,2026-09-23T20:59:58.861990,24856
IS,Iceland,Lyfjastofnun,Desferal,Deferoxaminum INN mesýlat,500 mg,500 mg,"Stungulyfs-/innrennslisstofn, lausn",189175,V03AC01,Mitem Pharma,,2025-10-11,2025-12-03,2025-09-19,resolved,Til skoðunar.,2026-09-23T20:59:58.862513,795
IS,Iceland,Lyfjastofnun,Soluprick SQ (Animal Hair & Dander),"Hestaværur, Hundahár, Kattahár",10 HEP,2 ml,"Húðstungupróf, lausn",024482,V04CL,ALK-Abelló A/S,Vistor hf,2025-10-10,2025-11-17,2025-10-11,resolved,Ekkert sambærilegt lyf er á markaði / fáanlegt.,2026-09-23T20:59:58.863056,
IS,Iceland,Lyfjastofnun,Pergoveris,"Follitropinum alfa INN, Lutropinum alfa INN","(300 a.e. + 150 a.e.)/0,48 ml","0,48 ml","Stungulyf, lausn í áfylltum lyfjapenna",102283,G03GA30,Merck Europe B.V.*,Icepharma hf.*,2025-10-10,2025-10-31,2025-10-08,resolved,Aðrir styrkleikar eru á markaði / fáanlegir.,2026-09-23T20:59:58.863596,148652
IS,Iceland,Lyfjastofnun,Esomeprazol Krka (Heilsa),Esomeprazolum INN,40 mg,98 stk.,Magasýruþolið hart hylki,560865,A02BC05,Heilsa ehf.,,2025-10-10,2025-10-29,2025-10-03,resolved,Samheitalyf er á markaði / fáanlegt.,2026-09-23T20:59:58.864146,17892
IS,Iceland,Lyfjastofnun,Detrusitol Retard,TOLTERODINE L-TARTRATE,4 mg,100 stk.,Hart forðahylki,007769,G04BD07,Viatris ApS,Icepharma hf.*,2025-10-10,2025-11-20,2025-11-13,resolved,Undanþágulyf hefur verið útvegað. Heildsala Parlogis hefur útvegað undanþágulyfið Mariosea XL 2 mg forðahylki (VNR: 999485),2026-09-23T20:59:58.864686,100129
IS,Iceland,Lyfjastofnun,Advagraf (Heilsa),Takrólímus,1 mg,50 stk.,Hart forðahylki,434697,L04AD02,Heilsa ehf,,2025-10-10,2025-10-24,2025-10-03,resolved,Samheitalyf er á markaði / fáanlegt.,2026-09-23T20:59:58.865215,96156
IS,Iceland,Lyfjastofnun,Pergoveris,"Lutropinum alfa INN, Follitropinum alfa INN","(900 a.e. + 450 a.e.)/1,44 ml","1,44 ml","Stungulyf, lausn í áfylltum lyfjapenna",467646,G03GA30,Merck Europe B.V.*,Icepharma hf.*,2025-10-10,2025-10-31,2025-10-08,resolved,Aðrir styrkleikar eru á markaði / fáanlegir.,2026-09-23T20:59:58.865754,148679
IS,Iceland,Lyfjastofnun,Reagila,Cariprazinum INN hýdróklóríð,3 mg,28 stk.,Hart hylki,517228,N05AX15,Gedeon Richter Plc.*,Recordati AB,2025-10-10,2025-10-10,2025-09-15,resolved,Aðrir styrkleikar eru á markaði / fáanlegir.,2026-09-23T20:59:58.866299,159131
IS,Iceland,Lyfjastofnun,Zoledronic Acid Teva,Zoledronic acid,4 mg/5 ml,5 ml,"Innrennslisþykkni, lausn",114178,M05BA08,Teva B.V.*,,2025-10-10,2025-10-20,2025-10-10,resolved,"Stuttur skortur á heildsölustigi, ólíklegt að skortur hafi áhrif á lyfjanotendur.",2026-09-23T20:59:58.866822,74888
IS,Iceland,Lyfjastofnun,Certican,Everolimusum INN,"0,5 mg",60 stk.,Tafla,014859,L04AH02,Novartis Healthcare A/S,Vistor hf,2025-10-10,2025-10-10,2025-08-27,resolved,Aðrir styrkleikar eru á markaði / fáanlegir.,2026-09-23T20:59:58.867376,69507
IS,Iceland,Lyfjastofnun,Gilenya,Fingolimodum INN hýdróklóríð,"0,5 mg",28 stk.,Hart hylki,558770,L04AE01,Novartis Europharm Limited*,Vistor hf,2025-10-09,2025-10-09,2025-09-26,resolved,"Stuttur skortur á heildsölustigi, ólíklegt að skortur hafi áhrif á lyfjanotendur.",2026-09-23T20:59:58.867953,100129
IS,Iceland,Lyfjastofnun,Escitalopram STADA,Escitalopram oxalate,10 mg,100 stk.,Filmuhúðuð tafla,519096,N06AB10,STADA Arzneimittel AG,,2025-10-09,2025-10-17,2025-10-09,resolved,Samheitalyf er á markaði / fáanlegt.,2026-09-23T20:59:58.868475,82899
IS,Iceland,Lyfjastofnun,Jakavi,Ruxolitinibum INN fosfat,5 mg,56 stk.,Tafla,488468,L01EJ01,Novartis Europharm Limited*,Vistor hf,2025-10-09,2025-10-09,2025-09-13,resolved,Aðrir styrkleikar eru á markaði / fáanlegir.,2026-09-23T20:59:58.869016,108464
IS,Iceland,Lyfjastofnun,Entresto,"Sacubitrilum INN, Valsartanum INN",97 mg/103 mg,56 stk.,Filmuhúðuð tafla,466739,C09DX04,Novartis Europharm Limited*,Vistor hf,2025-10-09,2025-10-09,2025-09-12,resolved,Aðrar pakkningastærðir eru á markaði / fáanlegar.,2026-09-23T20:59:58.869562,141011
IS,Iceland,Lyfjastofnun,Solifenacin Krka,Solifenacinum INN súkkínat,5 mg,100 stk.,Filmuhúðuð tafla,585905,G04BD08,"Krka, d.d., Novo mesto",,2025-10-09,2025-11-12,2025-09-24,resolved,Aðrar pakkningastærðir eru á markaði / fáanlegar.,2026-09-23T20:59:58.870101,75337
IS,Iceland,Lyfjastofnun,Vedrop,Tocofersolanum INN,50 mg/ml,60 ml,"Mixtúra, lausn",124141,A11HA08,Recordati Rare Diseases*,Recordati AB*,2025-10-08,2025-10-08,2025-09-19,resolved,Aðrar pakkningastærðir eru á markaði / fáanlegar.,2026-09-23T20:59:58.870641,93270
IS,Iceland,Lyfjastofnun,Calcium Sandoz,"Calcium carbonate, Calcium lactate gluconate",500 mg,20 stk.,Freyðitafla,193813,A12AA06,Sandoz A/S,,2025-10-08,2025-10-15,2025-09-26,resolved,Aðrar pakkningastærðir eru á markaði / fáanlegar.,2026-09-23T20:59:58.871178,
IS,Iceland,Lyfjastofnun,Duloxetin Krka,Duloxetinum INN hýdróklóríð,60 mg,100 stk.,Magasýruþolið hart hylki,447040,N06AX21,"Krka, d.d., Novo mesto",,2025-10-08,2025-10-09,2025-09-24,resolved,"Stuttur skortur á heildsölustigi, ólíklegt að skortur hafi áhrif á lyfjanotendur.",2026-09-23T20:59:58.871708,79065
IS,Iceland,Lyfjastofnun,Xembify,Human normal immunoglobulin,200 mg/ml,50 ml,"Stungulyf, lausn",084561,J06BA01,Instituto Grifols S.A.*,,2025-10-08,2025-10-13,2025-10-09,resolved,Sérpöntun / útboðslyf.,2026-09-23T20:59:58.872235,201510
IS,Iceland,Lyfjastofnun,Keppra (Lyfjaver),Levetiracetamum INN,500 mg,100 stk.,Filmuhúðuð tafla,437581,N03AX14,Lyfjaver ehf.,,2025-10-08,2025-10-27,2025-10-08,resolved,Samheitalyf er á markaði / fáanlegt.,2026-09-23T20:59:58.872762,58394
IS,Iceland,Lyfjastofnun,Diacomit (Lyfjaver),Stiripentolum INN,250 mg,60 stk.,Hart hylki,413629,N03AX17,Lyfjaver ehf.,,2025-10-08,2025-10-22,2025-10-08,resolved,Ekki til lyf með sama ATC númer en sambærilegt lyf í sama flokki er á markaði / fáanlegt.,2026-09-23T20:59:58.873288,77100
IS,Iceland,Lyfjastofnun,Xembify,Human normal immunoglobulin,200 mg/ml,5 ml,"Stungulyf, lausn",189759,J06BA01,Instituto Grifols S.A.*,,2025-10-08,2025-10-13,2025-10-09,resolved,Aðrar pakkningastærðir eru á markaði / fáanlegar.,2026-09-23T20:59:58.873815,
IS,Iceland,Lyfjastofnun,Soluprick Positiv kontrol,Histaminum INN díhýdróklóríð,10 mg/ml,2 ml,"Húðstungupróf, lausn",024681,V04CL,ALK-Abelló A/S,Vistor hf,2025-10-07,2025-10-07,2025-09-19,resolved,"Stuttur skortur á heildsölustigi, ólíklegt að skortur hafi áhrif á lyfjanotendur.",2026-09-23T20:59:58.874355,
IS,Iceland,Lyfjastofnun,Scemblix,Asciminibum INN,40 mg,60 stk.,Filmuhúðuð tafla,573040,L01EA06,Novartis Europharm Limited*,Vistor hf,2025-10-07,2025-10-13,2025-09-20,resolved,"Stuttur skortur á heildsölustigi, ólíklegt að skortur hafi áhrif á lyfjanotendur.",2026-09-23T20:59:58.874889,141011
IS,Iceland,Lyfjastofnun,Jakavi,Ruxolitinibum INN fosfat,15 mg,56 stk.,Tafla,553720,L01EJ01,Novartis Europharm Limited*,Vistor hf,2025-10-07,2025-10-07,2025-09-27,resolved,"Stuttur skortur á heildsölustigi, ólíklegt að skortur hafi áhrif á lyfjanotendur.",2026-09-23T20:59:58.875436,108472
IS,Iceland,Lyfjastofnun,Natriumklorid Fresenius Kabi,Sodium chloride,9 mg/ml,10 ml,Leysir fyrir stungulyf,141856,V07AB,Fresenius Kabi AB,Vistor hf,2025-10-07,2025-10-07,2025-09-26,resolved,"Stuttur skortur á heildsölustigi, ólíklegt að skortur hafi áhrif á lyfjanotendur.",2026-09-23T20:59:58.875973,
IS,Iceland,Lyfjastofnun,Stalevo,"Entacaponum INN, Levodopum INN, Carbidopum INN","50/12,5/200 mg",100 stk.,Filmuhúðuð tafla,015652,N04BA03,Orion Corporation,Vistor hf,2025-10-07,2025-10-07,2025-09-13,resolved,Aðrir styrkleikar eru á markaði / fáanlegir.,2026-09-23T20:59:58.876515,72702
IS,Iceland,Lyfjastofnun,Cinacalcet WH,Cinacalcetum INN hýdróklóríð,30 mg,28 stk.,Filmuhúðuð tafla,563527,H05BX01,Williams & Halls ehf.,,2025-10-07,2025-11-26,2025-09-10,resolved,Samheitalyf er á markaði / fáanlegt.,2026-09-23T20:59:58.877034,77100
IS,Iceland,Lyfjastofnun,Bleomycin Baxter,Bleomycinum INN súlfat,15.000 a.e.,10 stk.,"Stungulyfs-/innrennslisstofn, lausn",010924,L01DC01,Baxter Medical AB*,Icepharma hf,2025-10-07,2025-10-27,2025-10-07,resolved,Ekkert sambærilegt lyf er á markaði / fáanlegt.,2026-09-23T20:59:58.877577,69310
IS,Iceland,Lyfjastofnun,Tegretol,Carbamazepinum INN,20 mg/ml,300 ml,"Mixtúra, dreifa",414789,N03AF01,Novartis Healthcare A/S,Vistor hf,2025-10-07,2025-10-07,2025-08-22,resolved,Önnur lyfjaform eru á markaði / fáanleg.,2026-09-23T20:59:58.878163,515
IS,Iceland,Lyfjastofnun,Eligard,Leuprorelinum INN acetat,"22,5 mg",2 spr (A+B) stk.,"Stungulyfsstofn og leysir, lausn",464650,L02AE02,Recordati Industria Chimica e Farmaceutica S.p.A.*,Recordati AB,2025-10-07,2025-10-07,2025-09-09,resolved,Aðrir styrkleikar eru á markaði / fáanlegir.,2026-09-23T20:59:58.878711,78344
IS,Iceland,Lyfjastofnun,Coversyl Novum,Perindoprilum INN arginín,5 mg,90 stk.,Filmuhúðuð tafla,021033,C09AA04,Les Laboratoires Servier*,Icepharma hf,2025-10-07,2025-10-24,2025-10-21,resolved,"Stuttur skortur á heildsölustigi, ólíklegt að skortur hafi áhrif á lyfjanotendur.",2026-09-23T20:59:58.879274,85162
IS,Iceland,Lyfjastofnun,Utrogestan,Progesteronum INN,200 mg,45 stk.,Mjúkt hylki,586866,G03DA04,Besins Healthcare Ireland Limited*,Laboratoires Besins International,2025-10-07,2025-10-07,2025-09-21,resolved,Aðrir styrkleikar eru á markaði / fáanlegir.,2026-09-23T20:59:58.879830,
IS,Iceland,Lyfjastofnun,Tafinlar,Dabrafenibum INN,75 mg,120 stk.,Hart hylki,459037,L01EC02,Novartis Europharm Limited*,Vistor hf,2025-10-07,2025-10-07,2025-09-20,resolved,"Stuttur skortur á heildsölustigi, ólíklegt að skortur hafi áhrif á lyfjanotendur.",2026-09-23T20:59:58.880374,69310
IS,Iceland,Lyfjastofnun,Dermovat,Clobetasolum INN própíónat,"0,5 mg/ml",100 ml,Húðlausn,419952,D07AD01,GlaxoSmithKline Pharma A/S,Vistor hf,2025-10-06,2026-01-31,2025-10-03,resolved,"Önnur lyfjaform eru á markaði / fáanleg. Engin sterahúðlausn með mjög sterka verkun (barksteri í flokki 4) er fáanleg, en Betnovat og Elocon húðlausn (barksterar flokki 3) eru fáanlegar. Auk þess er en Dermovat smyrsli einnig fáanlegt",2026-09-23T20:59:58.880917,4863
IS,Iceland,Lyfjastofnun,Certican,Everolimusum INN,"0,75 mg",60 stk.,Tafla,014853,L04AH02,Novartis Healthcare A/S,Vistor hf,2025-10-06,2025-10-15,2025-09-23,resolved,Aðrir styrkleikar og pakkningastærðir eru á markaði / fáanlegir.,2026-09-23T20:59:58.881462,90220
IS,Iceland,Lyfjastofnun,Zyprexa Velotab,Olanzapinum INN,5 mg,28 stk.,Munndreifitafla,000159,N05AH03,"CHEPLAPHARM Registration GmbH,",,2025-10-06,2025-10-21,2025-10-02,resolved,Samheitalyf er á markaði / fáanlegt.,2026-09-23T20:59:58.882017,60941
IS,Iceland,Lyfjastofnun,Azacitidine Zentiva,Azacitidinum INN,25 mg/ml,100 mg,"Stungulyfsstofn, dreifa",411601,L01BC07,Zentiva k.s.*,Alvogen ehf.,2025-10-06,2025-11-06,2025-10-07,resolved,Sérpöntun / útboðslyf.,2026-09-23T20:59:58.882558,
IS,Iceland,Lyfjastofnun,Carduran Retard,Doxazosin mesilate,4 mg,100 stk.,Forðatafla,050660,C02CA04,Viatris ApS,Icepharma hf.*,2025-10-06,2025-10-29,2025-10-13,resolved,Samheitalyf er á markaði / fáanlegt.,2026-09-23T20:59:58.883102,60941
IS,Iceland,Lyfjastofnun,Neurontin,Gabapentinum INN,800 mg,100 stk.,Filmuhúðuð tafla,101115,N02BF01,Viatris ApS,Icepharma hf.*,2025-10-06,2025-12-15,2025-08-26,resolved,Aðrir styrkleikar og lyfjaform eru á markaði / fáanlegir.,2026-09-23T20:59:58.883641,56596
IS,Iceland,Lyfjastofnun,DuoTrav,"Travoprostinum INN, Timololum INN maleat",40 míkróg/ml + 5 mg/ ml,"2,5 ml","Augndropar, lausn",480619,S01ED51,Novartis Europharm Limited*,Vistor hf,2025-10-06,2025-11-14,2025-10-01,resolved,Til skoðunar.,2026-09-23T20:59:58.884189,212245
IS,Iceland,Lyfjastofnun,Stilnoct,Zolpidemum INN tartrat,10 mg,28 stk.,Filmuhúðuð tafla,061147,N05CF02,Sanofi-aventis Norge AS,Vistor hf,2025-10-05,2025-11-04,2025-09-16,resolved,Ekki til lyf með sama ATC númer en sambærilegt lyf í sama flokki er á markaði / fáanlegt.,2026-09-23T20:59:58.884735,195995
IS,Iceland,Lyfjastofnun,Nicorette Quickmist Cool Berry,Nicotinum INN,1 mg/skammt,150 úðaskammtar,"Munnholsúði, lausn",512532,N07BA01,McNeil Denmark ApS,,2025-10-04,2025-10-09,2025-09-26,resolved,Aðrar pakkningastærðir eru á markaði / fáanlegar.,2026-09-23T20:59:58.885258,
IS,Iceland,Lyfjastofnun,GONAL-f,Follitropinum alfa INN,"300 a.e./0,48 ml (22 míkróg/0,48 ml)","0,48 ml","Stungulyf, lausn í áfylltum lyfjapenna",141438,G03GA05,Merck Europe B.V.*,Icepharma hf,2025-10-03,2025-11-08,2025-10-03,resolved,Aðrir styrkleikar eru á markaði / fáanlegir.,2026-09-23T20:59:58.885861,228370
IS,Iceland,Lyfjastofnun,Etoricoxib Krka,Etoricoxibum INN,90 mg,100 stk.,Filmuhúðuð tafla,506756,M01AH05,Krka d.d. Novo mesto*,,2025-10-03,2025-10-16,2025-10-06,resolved,Aðrir styrkleikar og pakkningastærðir eru á markaði / fáanlegir.,2026-09-23T20:59:58.886408,66753
IS,Iceland,Lyfjastofnun,ABILIFY,Aripiprazolum INN,15 mg,56 stk.,Tafla,011019,N05AX12,Otsuka Pharmaceutical Netherlands B.V.*,Vistor hf,2025-10-03,2025-10-03,2025-09-14,resolved,Aðrar pakkningastærðir eru á markaði / fáanlegar.,2026-09-23T20:59:58.886986,75256
IS,Iceland,Lyfjastofnun,Lonsurf,"Tipiracilum INN hýdróklóríð, Trifluridinum INN","20 mg/8,19 mg",60 stk.,Filmuhúðuð tafla,389330,L01BC59,Les Laboratoires Servier*,Icepharma hf.*,2025-10-03,2025-10-13,2025-10-03,resolved,Aðrir styrkleikar eru á markaði / fáanlegir.,2026-09-23T20:59:58.887529,137510
IS,Iceland,Lyfjastofnun,Fentanyl Alvogen,Fentanylum INN,50 míkróg/klst.,5 stk.,Forðaplástur,034613,N02AB03,Alvogen ehf.,,2025-10-03,2025-10-13,2025-08-05,resolved,Samheitalyf er á markaði / fáanlegt. 05.08.Læt Teva vita HBB//,2026-09-23T20:59:58.888083,
IS,Iceland,Lyfjastofnun,Senvelgo,Velagliflozin,15 mg/ml,30 ml,"Mixtúra, lausn",156324,QA10BK90,Boehringer Ingelheim Vetmedica GmbH*,Vistor hf,2025-10-02,2025-10-10,2025-10-03,resolved,Ekkert sambærilegt lyf er á markaði / fáanlegt.,2026-09-23T20:59:58.888633,
IS,Iceland,Lyfjastofnun,Panodil Extra,"Paracetamolum INN, Coffeinum",500/65 mg,20 stk.,Filmuhúðuð tafla,556578,N02BE51,Haleon Denmark ApS,Artasan ehf,2025-10-02,2025-11-17,2025-09-14,resolved,Ekki til lyf með sama ATC númer en sambærilegt lyf í sama flokki er á markaði / fáanlegt. Panodil 500 mg (án koffíns) er fáanlegt,2026-09-23T20:59:58.889184,53775
IS,Iceland,Lyfjastofnun,Locoid Lipid,Hydrocortisonum INN bútýrat,1 mg/g,30 g,Krem,504502,D07AB02,CHEPLAPHARM Arzneimittel GmbH,,2025-10-02,2025-10-21,2025-09-24,resolved,"Stuttur skortur á heildsölustigi, ólíklegt að skortur hafi áhrif á lyfjanotendur.",2026-09-23T20:59:58.889709,
IS,Iceland,Lyfjastofnun,Amoxicillin Viatris,Amoxicillinum INN tríhýdrat,750 mg,20 stk.,Tafla,034778,J01CA04,Viatris Limited,Icepharma hf,2025-10-01,2025-11-17,2025-10-17,resolved,Aðrir styrkleikar og lyfjaform eru á markaði / fáanlegir.,2026-09-23T20:59:58.890255,68535
IS,Iceland,Lyfjastofnun,Spiolto Respimat,"Tiotropii bromidum INN, Olodaterolum INN hýdróklóríð","2,5/2,5 míkróg",30 skammtar,Innöndunarlausn,437221,R03AL06,Boehringer Ingelheim International GmbH*,Vistor hf,2025-10-01,2025-10-01,2025-09-19,resolved,Aðrar pakkningastærðir eru á markaði / fáanlegar.,2026-09-23T20:59:58.890823,48933
IS,Iceland,Lyfjastofnun,Modigraf,Tacrolimusum INN,1 mg,50 stk.,"Mixtúrukyrni, dreifa",059938,L04AD02,Astellas Pharma Europe B.V.,Vistor hf,2025-10-01,2025-10-01,2025-03-10,resolved,Til skoðunar.,2026-09-23T20:59:58.891382,
IS,Iceland,Lyfjastofnun,Soluprick Negativ kontrol,Water for injection,,2 ml,"Húðstungupróf, lausn",024603,V04CL,ALK-Abelló A/S,Vistor hf,2025-10-01,2025-10-01,2025-08-30,resolved,Ekki til lyf með sama ATC númer en sambærilegt lyf í sama flokki er á markaði / fáanlegt.,2026-09-23T20:59:58.891939,
IS,Iceland,Lyfjastofnun,Voltaren Forte,Diclofenacum INN tvíetýlamín,"23,2 mg/g",100 g,Hlaup,559165,M02AA15,Haleon Denmark ApS,Artasan ehf,2025-10-01,2025-10-01,2025-08-23,resolved,Samheitalyf er á markaði / fáanlegt.,2026-09-23T20:59:58.892495,198668
IS,Iceland,Lyfjastofnun,Niapelf,Paliperidonum INN,150 mg,1 stk.,"Stungulyf, forðadreifa",046126,N05AX13,Neuraxpharm Pharmaceuticals S.L.,Neuraxpharm Sweden AB,2025-10-01,2026-05-15,2025-10-01,resolved,Aðrir styrkleikar og/eða samheitalyf eru á markaði / fáanlegir.,2026-09-23T20:59:58.893042,96997
IS,Iceland,Lyfjastofnun,Locoid,Hydrocortisonum INN bútýrat,1 mg/g,100 g,Krem,438591,D07AB02,CHEPLAPHARM Arzneimittel GmbH,,2025-10-01,2025-10-21,2025-09-15,resolved,"Stuttur skortur á heildsölustigi, ólíklegt að skortur hafi áhrif á lyfjanotendur.",2026-09-23T20:59:58.893568,63053
IS,Iceland,Lyfjastofnun,Soluprick SQ (Grass Pollen),Blanda,10 HEP,2 ml,"Húðstungupróf, lausn",024583,V04CL,ALK-Abelló A/S,Vistor hf,2025-10-01,2025-10-01,2025-09-03,resolved,Ekkert sambærilegt lyf er á markaði / fáanlegt.,2026-09-23T20:59:58.894134,
IS,Iceland,Lyfjastofnun,Locoid,Hydrocortisonum INN bútýrat,1 mg/g,30 g,Krem,400422,D07AB02,CHEPLAPHARM Arzneimittel GmbH,,2025-10-01,2025-10-21,2025-09-16,resolved,"Stuttur skortur á heildsölustigi, ólíklegt að skortur hafi áhrif á lyfjanotendur.",2026-09-23T20:59:58.894670,63053
IS,Iceland,Lyfjastofnun,Modigraf,Tacrolimusum INN,"0,2 mg",50 stk.,"Mixtúrukyrni, dreifa",059882,L04AD02,Astellas Pharma Europe B.V.,Vistor hf,2025-10-01,2025-10-01,2025-03-10,resolved,Til skoðunar.,2026-09-23T20:59:58.895226,104698
IS,Iceland,Lyfjastofnun,Nicorette Classic,Nicotinum INN,4 mg,210 stk.,Lyfjatyggigúmmí,016528,N07BA01,McNeil Denmark ApS,Vistor hf,2025-09-30,2025-10-02,2025-09-23,resolved,Aðrir styrkleikar eru á markaði / fáanlegir.,2026-09-23T20:59:58.895792,41939
IS,Iceland,Lyfjastofnun,Sinemet Depot Mite,"Levodopum INN, Carbidopum INN",25 mg/100 mg,100 stk.,Forðatafla,570649,N04BA02,N.V. Organon*,Vistor hf,2025-09-30,2025-10-29,2025-10-02,resolved,. Lyfið er fáanlegt hjá heildsölu með fyrningu 31.1.25,2026-09-23T20:59:58.896338,
IS,Iceland,Lyfjastofnun,Sandimmun Neoral,Ciclosporinum INN,100 mg/ml,50 ml,"Mixtúra, lausn",586107,L04AD01,Novartis Healthcare A/S,Vistor hf,2025-09-30,2025-10-15,2025-09-12,resolved,Önnur lyfjaform eru á markaði / fáanleg.,2026-09-23T20:59:58.896880,40843
IS,Iceland,Lyfjastofnun,Remurel,Glatiramer acetat,20 mg/ml,1 ml,"Stungulyf, lausn í áfylltri sprautu",025978,L03AX13,Zentiva k.s.*,,2025-09-30,2100-12-31,2025-08-05,shortage,"Lyfið er ekki til á lager þar sem pakkningin með þessu vörunúmeri er hætt, lyfið er fáanlegt í annarri pakkningu. Þetta vörunúmer hættir.",2026-09-23T20:59:58.897413,74284
IS,Iceland,Lyfjastofnun,Risperdal Consta,Risperidonum INN,"37,5 mg","37,5 mg","Stungulyfsstofn og leysir, forðadreifa",520186,N05AX08,Janssen-Cilag AB,Vistor hf,2025-09-30,2025-10-09,2025-09-19,resolved,Samheitalyf er á markaði / fáanlegt.,2026-09-23T20:59:58.898000,68276
IS,Iceland,Lyfjastofnun,Escitalopram STADA,Escitalopram oxalate,10 mg,100 stk.,Filmuhúðuð tafla,519096,N06AB10,STADA Arzneimittel AG,,2025-09-30,2025-09-30,2025-09-30,resolved,"Stuttur skortur á heildsölustigi, ólíklegt að skortur hafi áhrif á lyfjanotendur.",2026-09-23T20:59:58.898531,82899
IS,Iceland,Lyfjastofnun,Tegretol Retard,Carbamazepinum INN,400 mg,100 stk.,Forðatafla,527946,N03AF01,Novartis Healthcare A/S,Vistor hf,2025-09-30,2025-10-15,2025-08-28,resolved,Aðrir styrkleikar eru á markaði / fáanlegir.,2026-09-23T20:59:58.899076,25984
IS,Iceland,Lyfjastofnun,Sitagliptin Teva,Sitagliptinum INN malat,100 mg,98 stk.,Filmuhúðuð tafla,548954,A10BH01,Teva B.V.*,Teva Pharma Iceland ehf.*,2025-09-30,2026-02-27,2025-08-15,resolved,Samheitalyf er á markaði / fáanlegt.,2026-09-23T20:59:58.899623,218138
IS,Iceland,Lyfjastofnun,Heminevrin,Clomethiazolum INN edisýlat,300 mg,25 stk.,Mjúkt hylki,458067,N05CM02,CHEPLAPHARM Arzneimittel GmbH,Vistor hf,2025-09-30,2025-10-21,2025-08-22,resolved,Önnur lyfjaform eru á markaði / fáanleg.,2026-09-23T20:59:58.900175,
IS,Iceland,Lyfjastofnun,Wellbutrin Retard,Bupropionum INN hýdróklóríð,300 mg,30 stk.,Tafla með breyttan losunarhraða,080524,N06AX12,GlaxoSmithKline Pharma A/S,Vistor hf,2025-09-29,2025-09-29,2025-09-04,resolved,Samheitalyf er á markaði / fáanlegt.,2026-09-23T20:59:58.900715,82899
IS,Iceland,Lyfjastofnun,LYRICA,Pregabalinum INN,225 mg,56 stk.,Hart hylki,050614,N02BF02,Upjohn EESV,Icepharma hf.*,2025-09-29,2026-06-20,2025-08-26,resolved,Samheitalyf er á markaði / fáanlegt.,2026-09-23T20:59:58.901257,
IS,Iceland,Lyfjastofnun,Cleye (Heilsa),Naphazolinum INN hýdróklóríð,"0,12 mg/ml",10 ml,"Augndropar, lausn",533009,S01GA01,Heilsa ehf.,,2025-09-29,2025-10-03,2025-09-23,resolved,"Stuttur skortur á heildsölustigi, ólíklegt að skortur hafi áhrif á lyfjanotendur.",2026-09-23T20:59:58.901784,
IS,Iceland,Lyfjastofnun,Pentasa,Mesalazinum INN,1 g/100 ml,100 ml,Endaþarmsdreifa,104836,A07EC02,Ferring Lægemidler A/S,Vistor hf,2025-09-29,2025-10-29,2025-09-17,resolved,Samheitalyf er á markaði / fáanlegt.,2026-09-23T20:59:58.902329,139327
IS,Iceland,Lyfjastofnun,Jext,Adrenalinum bítartrat (Epinephrinum INN bítartrat),150 míkróg,"0,15 ml","Stungulyf, lausn í áfylltum lyfjapenna",567460,C01CA24,ALK-Abelló A/S,Vistor hf,2025-09-29,2025-10-24,2025-09-30,resolved,. EpiPen Jr er fáanlegt,2026-09-23T20:59:58.902892,145440
IS,Iceland,Lyfjastofnun,Mycamine,Micafunginum INN natríum,50 mg,50 mg,"Stofn fyrir innrennslisþykkni, lausn",158608,J02AX05,Sandoz Pharmaceuticals d.d.,,2025-09-29,2025-09-29,2025-08-29,resolved,Aðrir styrkleikar eru á markaði / fáanlegir.,2026-09-23T20:59:58.903420,47724
IS,Iceland,Lyfjastofnun,Midodrin Evolan,Midodrinum INN hýdróklóríð,"2,5 mg",100 stk.,Tafla,144172,C01CA17,Evolan Pharma AB,,2025-09-28,2025-09-29,2025-08-29,resolved,Samheitalyf er á markaði / fáanlegt.,2026-09-23T20:59:58.903952,
IS,Iceland,Lyfjastofnun,Erleada,Apalutamidum INN,240 mg,28 stk.,Filmuhúðuð tafla,053501,L02BB05,Janssen-Cilag International NV*,Vistor hf,2025-09-28,2025-10-01,2025-09-18,resolved,Aðrir styrkleikar eru á markaði / fáanlegir.,2026-09-23T20:59:58.904494,49468
IS,Iceland,Lyfjastofnun,Klyx,"Docusatum natricum INN, Sorbitolum",,120 ml,Endaþarmslausn,371617,A06AG10,Ferring Lægemidler A/S (F),Ferring Lægemidler A/S,2025-09-28,2025-10-07,2025-09-04,resolved,"Stuttur skortur á heildsölustigi, ólíklegt að skortur hafi áhrif á lyfjanotendur.",2026-09-23T20:59:58.905034,1619
IS,Iceland,Lyfjastofnun,Carboplatin Actavis,Carboplatinum INN,10 mg/ml,60 ml,"Innrennslisþykkni, lausn",085830,L01XA02,Actavis Group PTC ehf.,Teva Pharma Iceland ehf.*,2025-09-28,2026-10-31,2025-07-28,shortage,Undanþágulyf hefur verið útvegað. Heildsalan Parlogis hefur útvegað undanþágulyfið Carboplatin Fresenius 10 mg/ml 60ml,2026-09-23T20:59:58.905578,68705
IS,Iceland,Lyfjastofnun,Etalpha,Alfacalcidolum INN,"0,25 míkróg",100 stk.,Mjúkt hylki,419242,A11CC03,CHEPLAPHARM Arzneimittel GmbH,,2025-09-26,2025-10-21,2025-09-05,resolved,"Stuttur skortur á heildsölustigi, ólíklegt að skortur hafi áhrif á lyfjanotendur.",2026-09-23T20:59:58.906107,14737
IS,Iceland,Lyfjastofnun,Madopar,"Benserazidum INN hýdróklóríð, Levodopum INN","50 mg/12,5 mg",100 stk.,Hart hylki,117564,N04BA02,Roche Pharmaceuticals A/S,Icepharma hf,2025-09-26,2025-10-10,2025-09-26,resolved,Aðrir styrkleikar og lyfjaform eru á markaði / fáanlegir.,2026-09-23T20:59:58.906657,15741
IS,Iceland,Lyfjastofnun,Fluconazol Krka,Fluconazole,150 mg,1 stk.,Hart hylki,531175,J02AC01,"KRKA, d.d., Novo mesto",LYFIS ehf.*,2025-09-26,2026-01-20,2025-08-06,resolved,Samheitalyf er á markaði / fáanlegt.,2026-09-23T20:59:58.907203,30384
IS,Iceland,Lyfjastofnun,Pramipexole Alvogen,Pramipexolum INN díhýdróklóríð,"0,088 mg",30 stk.,Tafla,028599,N04BC05,Alvogen ehf.,,2025-09-26,2025-10-08,2025-09-29,resolved,Samheitalyf er á markaði / fáanlegt.,2026-09-23T20:59:58.907729,49468
IS,Iceland,Lyfjastofnun,Opsumit,Macitentanum INN,10 mg,30 stk.,Filmuhúðuð tafla,073276,C02KX04,Janssen-Cilag International NV*,Vistor hf,2025-09-26,2025-11-23,2025-09-27,resolved,Sérpöntun / útboðslyf.,2026-09-23T20:59:58.908316,115452
IS,Iceland,Lyfjastofnun,Doxycyklin EQL Pharma,Doxycyclinum INN,100 mg,100 stk.,Tafla,060930,J01AA02,EQL Pharma AB,,2025-09-26,2026-02-24,2025-09-02,resolved,Aðrar pakkningastærðir eru á markaði / fáanlegar.,2026-09-23T20:59:58.908852,59021
IS,Iceland,Lyfjastofnun,Entresto,"Sacubitrilum INN, Valsartanum INN",49 mg/51 mg,56 stk.,Filmuhúðuð tafla,577135,C09DX04,Novartis Europharm Limited*,Vistor hf,2025-09-25,2025-10-10,2025-09-04,resolved,Aðrar pakkningastærðir eru á markaði / fáanlegar.,2026-09-23T20:59:58.909400,197998
IS,Iceland,Lyfjastofnun,Suprelorin,Deslorelin acetate,"4,7 mg",2 stk.,Vefjalyf,130397,QH01CA93,Virbac S.A.*,,2025-09-25,2025-09-25,2025-09-05,resolved,"Stuttur skortur á heildsölustigi, ólíklegt að skortur hafi áhrif á lyfjanotendur.",2026-09-23T20:59:58.909924,
IS,Iceland,Lyfjastofnun,Tafinlar,Dabrafenibum INN,50 mg,120 stk.,Hart hylki,589153,L01EC02,Novartis Europharm Limited*,Vistor hf,2025-09-25,2025-10-10,2025-08-26,resolved,Aðrir styrkleikar eru á markaði / fáanlegir.,2026-09-23T20:59:58.910465,219592
IS,Iceland,Lyfjastofnun,Zyprexa Velotab,Olanzapinum INN,15 mg,28 stk.,Munndreifitafla,000184,N05AH03,"CHEPLAPHARM Registration GmbH,",,2025-09-25,2025-11-11,2025-09-26,resolved,Aðrir styrkleikar eru á markaði / fáanlegir.,2026-09-23T20:59:58.910989,61158
IS,Iceland,Lyfjastofnun,Simulect,Basiliximabum INN,20 mg,20 mg,"Stungulyfs-/innrennslisstofn og leysir, lausn",522706,L04AC02,Novartis Europharm Limited*,Vistor hf,2025-09-25,2025-09-25,2025-08-22,resolved,". Nýtt vörunúmer er að koma á markað og er til hjá dreifingaraðila, nýja vnr. 453823",2026-09-23T20:59:58.911538,51330
IS,Iceland,Lyfjastofnun,Picoprep,"Natrii picosulfas INN, Magnesii oxidum, Citric acid",,2 stk.,"Mixtúruduft, lausn",397796,A06AB58,Ferring Lægemidler A/S,,2025-09-24,2025-09-24,2025-09-06,resolved,"Stuttur skortur á heildsölustigi, ólíklegt að skortur hafi áhrif á lyfjanotendur.",2026-09-23T20:59:58.912061,68284
IS,Iceland,Lyfjastofnun,Relvar Ellipta,"Fluticasonum INN fúróat, Vilanterolum INN trífenatat",184 míkróg/22 míkróg,30 skammtar,"Innöndunarduft, afmældir skammtar",376387,R03AK10,GlaxoSmithKline Trading Services Limited,Vistor hf,2025-09-24,2025-09-24,2025-09-03,resolved,Aðrir styrkleikar eru á markaði / fáanlegir.,2026-09-23T20:59:58.912602,125342
IS,Iceland,Lyfjastofnun,Erleada,Apalutamidum INN,60 mg,112 stk.,Filmuhúðuð tafla,428489,L02BB05,Janssen-Cilag International NV*,Vistor hf,2025-09-24,2025-09-24,2025-09-11,resolved,"Stuttur skortur á heildsölustigi, ólíklegt að skortur hafi áhrif á lyfjanotendur.",2026-09-23T20:59:58.913142,196908
IS,Iceland,Lyfjastofnun,Xembify,Human normal immunoglobulin,200 mg/ml,5 ml,"Stungulyf, lausn",189759,J06BA01,Instituto Grifols S.A.*,,2025-09-24,2025-09-30,2025-09-23,resolved,"Stuttur skortur á heildsölustigi, ólíklegt að skortur hafi áhrif á lyfjanotendur.",2026-09-23T20:59:58.913664,
IS,Iceland,Lyfjastofnun,Lamictal,Lamotriginum INN,100 mg,98 stk.,Tuggu-/dreifitafla,028586,N03AX09,GlaxoSmithKline Pharma A/S,Vistor hf,2025-09-24,2025-09-24,2025-09-02,resolved,"Aðrir styrkleikar eru á markaði / fáanlegir. Lamictal tuggu-/dreifitöflur má tyggja, leysa í örlitlu vatni (a.m.k. nægilega miklu til að það fljóti yfir þær) eða gleypa í heilu lagi með örlitlu vatni. Ekki á að gefa hluta af tuggu-/dreifitöflunni.",2026-09-23T20:59:58.914202,125148
IS,Iceland,Lyfjastofnun,Duodopa,"Levodopum INN, Carbidopum INN",20 mg/ml + 5 mg/ml,100 ml,Hlaup,095314,N04BA02,AbbVie A/S,Vistor hf,2025-09-22,2025-09-22,2025-09-18,resolved,.,2026-09-23T20:59:58.914761,87165
IS,Iceland,Lyfjastofnun,Panodil Brus,Paracetamolum INN,500 mg,20 stk.,Freyðitafla,433126,N02BE01,Haleon Denmark ApS,Artasan ehf,2025-09-22,2025-10-08,2025-09-10,resolved,Önnur lyfjaform eru á markaði / fáanleg.,2026-09-23T20:59:58.915316,
IS,Iceland,Lyfjastofnun,REKOVELLE,Follitropinum delta INN,"12 míkróg/ 0,36 ml","0,36 ml","Stungulyf, lausn í áfylltum lyfjapenna",434366,G03GA10,Ferring Pharmaceuticals A/S*,,2025-09-22,2025-09-30,2025-08-26,resolved,Aðrir styrkleikar eru á markaði / fáanlegir.,2026-09-23T20:59:58.915848,148571
IS,Iceland,Lyfjastofnun,EDURANT,Rilpivirinum INN hýdróklóríð,25 mg,30 stk.,Filmuhúðuð tafla,189148,J05AG05,Janssen-Cilag International NV*,Vistor hf,2025-09-21,2025-09-23,2025-08-27,resolved,Ekkert sambærilegt lyf er á markaði / fáanlegt.,2026-09-23T20:59:58.916388,101559
IS,Iceland,Lyfjastofnun,Travatan,Travoprostinum INN,40 míkróg/ml,"2,5 ml","Augndropar, lausn",581969,S01EE04,Novartis Europharm Limited*,Vistor hf,2025-09-21,2025-09-21,2025-08-23,resolved,Aðrar pakkningastærðir eru á markaði / fáanlegar.,2026-09-23T20:59:58.916925,206431
IS,Iceland,Lyfjastofnun,Pentasa,Mesalazinum INN,500 mg,300 stk.,Forðatafla,035212,A07EC02,Ferring Lægemidler A/S,Vistor hf,2025-09-21,2025-09-21,2025-09-04,resolved,"Stuttur skortur á heildsölustigi, ólíklegt að skortur hafi áhrif á lyfjanotendur.",2026-09-23T20:59:58.917464,31860
IS,Iceland,Lyfjastofnun,Lamictal,Lamotriginum INN,25 mg,56 stk.,Tuggu-/dreifitafla,196808,N03AX09,GlaxoSmithKline Pharma A/S,Vistor hf,2025-09-20,2025-10-07,2025-09-04,resolved,"Aðrir styrkleikar eru á markaði / fáanlegir. Lamictal tuggu-/dreifitöflur má tyggja, leysa í örlitlu vatni (a.m.k. nægilega miklu til að það fljóti yfir þær) eða gleypa í heilu lagi með örlitlu vatni. Ekki á að gefa hluta af tuggu-/dreifitöflunni.",2026-09-23T20:59:58.918055,125113
IS,Iceland,Lyfjastofnun,Aranesp,Darbepoetinum alfa INN,60 míkróg,"0,3 ml","Stungulyf, lausn í áfylltri sprautu",476434,B03XA02,Amgen Europe B.V.*,Vistor hf,2025-09-20,2025-09-23,2025-09-04,resolved,Aðrir styrkleikar eru á markaði / fáanlegir.,2026-09-23T20:59:58.918620,59749
IS,Iceland,Lyfjastofnun,Mitomycin medac,Mitomycinum INN,40 mg,40 mg,Duft og leysir fyrir þvagblöðrulausn,595768,L01DC03,medac Gesellschaft für klinische Spezialpräparate GmbH,,2025-09-19,2025-10-03,2025-08-29,resolved,Til skoðunar.,2026-09-23T20:59:58.919156,212733
IS,Iceland,Lyfjastofnun,Seroxat,Paroxetinum INN hýdróklóríð,20 mg,100 stk.,Filmuhúðuð tafla,038448,N06AB05,GlaxoSmithKline Pharma A/S,Vistor hf,2025-09-19,2025-10-07,2025-09-04,resolved,Samheitalyf er á markaði / fáanlegt.,2026-09-23T20:59:58.919694,125032
IS,Iceland,Lyfjastofnun,Esopram,Escitalopram oxalate,10 mg,100 stk.,Filmuhúðuð tafla,048122,N06AB10,Teva B.V.*,Teva Pharma Iceland ehf.*,2025-09-19,2025-10-31,2025-09-19,resolved,Aðrir styrkleikar og/eða samheitalyf eru á markaði / fáanlegir.,2026-09-23T20:59:58.920234,74969
IS,Iceland,Lyfjastofnun,Ondansetron Bluefish,Ondansetronum INN hýdróklóríð,4 mg,100 stk.,Filmuhúðuð tafla,156195,A04AA01,Bluefish Pharmaceuticals AB,Artasan ehf,2025-09-19,2025-09-19,2025-09-08,resolved,Aðrar pakkningastærðir eru á markaði / fáanlegar.,2026-09-23T20:59:58.920769,31496
IS,Iceland,Lyfjastofnun,Imodium,Loperamidum INN hýdróklóríð,2 mg,16 stk.,Filmuhúðuð tafla,114072,A07DA03,McNeil Sweden AB,Vistor hf,2025-09-18,2025-10-02,2025-09-02,resolved,Samheitalyf er á markaði / fáanlegt.,2026-09-23T20:59:58.921312,
IS,Iceland,Lyfjastofnun,Enterisol Ileitis vet.,"Lawsonia intracellularis, strain MS B3903, Live",,50 skammtar,"Frostþurrkað mixtúruduft og leysir, dreifa",064727,QI09AE04,Boehringer Ingelheim Vetmedica GmbH,Vistor hf,2025-09-18,2025-09-18,2025-09-06,resolved,"Stuttur skortur á heildsölustigi, ólíklegt að skortur hafi áhrif á lyfjanotendur.",2026-09-23T20:59:58.921853,
IS,Iceland,Lyfjastofnun,ZESUVA,Sunitinibum INN,25 mg,28 stk.,Hart hylki,119497,L01EX01,Zentiva k.s.*,Alvogen ehf.,2025-09-18,2025-09-30,2025-09-18,resolved,Aðrir styrkleikar eru á markaði / fáanlegir.,2026-09-23T20:59:58.922395,
IS,Iceland,Lyfjastofnun,Tresiba,Insulinum degludecum INN,100 ein./ml,3 ml,"Stungulyf, lausn í rörlykju",518534,A10AE06,Novo Nordisk A/S*,Vistor hf,2025-09-17,2025-09-17,2025-08-27,resolved,Aðrir styrkleikar og lyfjaform eru á markaði / fáanlegir.,2026-09-23T20:59:58.922933,115215
IS,Iceland,Lyfjastofnun,Glypressin,Terlipressinum INN  acetat,1 mg/hgl.,1 mg,"Stungulyfsstofn og leysir, lausn",031942,H01BA04,Ferring Lægemidler A/S,,2025-09-17,2025-09-17,2025-09-04,resolved,Ekkert sambærilegt lyf er á markaði / fáanlegt.,2026-09-23T20:59:58.923460,44423
IS,Iceland,Lyfjastofnun,Remsima,Infliximabum INN,120 mg/ml,1 ml,"Stungulyf, lausn í áfylltum lyfjapenna",107269,L04AB02,Celltrion Healthcare Hungary Kft.,Vistor hf,2025-09-17,2025-09-17,2025-09-11,resolved,"Stuttur skortur á heildsölustigi, ólíklegt að skortur hafi áhrif á lyfjanotendur.",2026-09-23T20:59:58.924008,201707
IS,Iceland,Lyfjastofnun,Cosentyx,Secukinumabum INN,150 mg,1 ml,"Stungulyf, lausn í áfylltum lyfjapenna",555196,L04AC10,Novartis Europharm Limited*,Vistor hf,2025-09-17,2025-09-17,2025-08-23,resolved,Aðrir styrkleikar eru á markaði / fáanlegir.,2026-09-23T20:59:58.924551,25534
IS,Iceland,Lyfjastofnun,Wegovy,Semaglutidum INN,"1,7 mg FlexTouch",3 ml,"Stungulyf, lausn í áfylltum lyfjapenna",409687,A10BJ06,Novo Nordisk A/S*,,2025-09-17,2025-09-17,2025-09-10,resolved,"Stuttur skortur á heildsölustigi, ólíklegt að skortur hafi áhrif á lyfjanotendur.",2026-09-23T20:59:58.925094,223816
IS,Iceland,Lyfjastofnun,Trixeo Aerosphere,"Budesonidum INN, Formoterolum INN fúmarat, Glycopyrronii bromidum INN","5 míkróg/7,2 míkróg/160 míkróg",120 úðaskammtar,"Innúðalyf, dreifa",478497,R03AL11,AstraZeneca AB*,Vistor hf,2025-09-17,2025-09-17,2025-08-26,resolved,Aðrar pakkningastærðir eru á markaði / fáanlegar.,2026-09-23T20:59:58.925633,207772
IS,Iceland,Lyfjastofnun,Letromal,Letrozolum INN,"2,5 mg",100 stk.,Filmuhúðuð tafla,033777,L02BG04,Williams & Halls ehf,,2025-09-17,2025-09-28,2025-09-10,resolved,Samheitalyf er á markaði / fáanlegt.,2026-09-23T20:59:58.926159,47724
IS,Iceland,Lyfjastofnun,Ventoline,Salbutamolum INN súlfat,200 míkróg/skammt,60 skammtar,Innöndunarduft,124347,R03AC02,GlaxoSmithKline Pharma A/S,Vistor hf,2025-09-17,2025-10-27,2025-09-02,resolved,"Önnur lyfjaform eru á markaði / fáanleg. Ventolin innúðalyf, dreifa (púst) er til.",2026-09-23T20:59:58.926705,45659
IS,Iceland,Lyfjastofnun,Solaraze,Diclofenacum INN natríum,3% w/w,100 g,Hlaup,126842,D11AX18,Almirall S.A.*,Vistor hf,2025-09-17,2025-09-17,2025-08-25,resolved,Til skoðunar.,2026-09-23T20:59:58.927250,
IS,Iceland,Lyfjastofnun,Bisoprolol Medical Valley,Bisoprololum INN fúmarat,5 mg,105 stk.,Filmuhúðuð tafla,144940,C07AB07,Medical Valley Invest AB,,2025-09-16,2025-12-21,2025-09-16,resolved,Samheitalyf er á markaði / fáanlegt.,2026-09-23T20:59:58.927772,25534
IS,Iceland,Lyfjastofnun,Zyprexa,Olanzapinum INN,10 mg,56 stk.,Húðuð tafla,129106,N05AH03,"CHEPLAPHARM Registration GmbH,",,2025-09-16,2025-10-07,2025-08-13,resolved,Samheitalyf er á markaði / fáanlegt.,2026-09-23T20:59:58.928323,45578
IS,Iceland,Lyfjastofnun,Zaditen,Ketotifen hydrogen fumarate,"0,25 mg/ml","0,4 ml","Augndropar, lausn í stakskammtaíláti",551328,S01GX08,Laboratoires THEA S.A.S.,,2025-09-16,2025-09-16,2025-08-22,resolved,Aðrar pakkningastærðir eru á markaði / fáanlegar.,2026-09-23T20:59:58.928858,30929
IS,Iceland,Lyfjastofnun,Xagrid,Anagrelidum INN hýdróklóríð,"0,5 mg",100 stk.,Hart hylki,021999,L01XX35,Takeda Pharmaceuticals International AG Ireland Branch,Shire Sweden AB,2025-09-16,2025-09-16,2025-08-26,resolved,Ekki til lyf með sama ATC númer en sambærilegt lyf í sama flokki er á markaði / fáanlegt.,2026-09-23T20:59:58.929404,77526
IS,Iceland,Lyfjastofnun,Bufomix Easyhaler,"Budesonidum INN, Formoterolum INN fúmarat",320 míkróg/9 míkróg/skammt,60 skammtar,Innöndunarduft,396120,R03AK07,Orion Corporation,Vistor hf,2025-09-16,2025-09-16,2025-08-28,resolved,Aðrar pakkningastærðir eru á markaði / fáanlegar.,2026-09-23T20:59:58.929944,131172
IS,Iceland,Lyfjastofnun,Navelbine,Vinorelbinum INN tvítartrat,20 mg,1 stk.,Mjúkt hylki,003164,L01CA04,Pierre Fabre Medicament,Vistor hf,2025-09-16,2025-09-16,2025-08-22,resolved,Aðrir styrkleikar eru á markaði / fáanlegir.,2026-09-23T20:59:58.930481,118397
IS,Iceland,Lyfjastofnun,Nicotinell Mint,Nicotinum bítartrat,2 mg,144 stk.,Munnsogstafla,128129,N07BA01,Dr. Reddy's Netherlands B.V.,Artasan ehf,2025-09-16,2025-09-21,2025-09-12,resolved,Aðrar pakkningastærðir eru á markaði / fáanlegar.,2026-09-23T20:59:58.931019,125490
IS,Iceland,Lyfjastofnun,WEZENLA,Ustekinumabum INN,130 mg,26 ml,"Innrennslisþykkni, lausn",504846,L04AC05,Amgen Technology (Ireland) UC*,Vistor hf,2025-09-16,2025-09-16,2025-09-09,resolved,Aðrir styrkleikar eru á markaði / fáanlegir.,2026-09-23T20:59:58.931559,218103
IS,Iceland,Lyfjastofnun,Midodrin Evolan,Midodrinum INN hýdróklóríð,5 mg,100 stk.,Tafla,501382,C01CA17,Evolan Pharma AB,,2025-09-15,2025-12-12,2025-08-08,resolved,Samheitalyf er á markaði / fáanlegt.,2026-09-23T20:59:58.932078,50717
IS,Iceland,Lyfjastofnun,Detrusitol Retard,TOLTERODINE L-TARTRATE,4 mg,30 stk.,Hart forðahylki,007760,G04BD07,Viatris ApS,Icepharma hf.*,2025-09-15,2025-11-20,2025-08-26,resolved,. Heildsala Parlogis hefur útvegað undanþágulyfið Mariosea XL 2 mg forðahylki (VNR: 999485),2026-09-23T20:59:58.932614,60534
IS,Iceland,Lyfjastofnun,Logimax forte,"Metoprololum INN súkkínat, Felodipinum INN",10 mg + 100 mg,98 stk.,Forðatafla,172627,C07FB02,Recordati Ireland Limited*,Recordati AB,2025-09-15,2025-11-09,2025-09-10,resolved,Aðrir styrkleikar og pakkningastærðir eru á markaði / fáanlegir.,2026-09-23T20:59:58.933151,
IS,Iceland,Lyfjastofnun,Pemetrexed Accord,Pemetrexedum INN dínatríum,25 mg/ml,20 ml,"Innrennslisþykkni, lausn",056300,L01BA04,Accord Healthcare S.L.U.,,2025-09-15,2025-09-23,2025-09-16,resolved,Undanþágulyf hefur verið útvegað. Undanþágulyfið Pemetrexed Accord 25 mg/ml vnr. 952679 er fáanlegt,2026-09-23T20:59:58.933674,89451
IS,Iceland,Lyfjastofnun,Xalatan,Latanoprostum INN,50 míkróg/ml,"2,5 ml","Augndropar, lausn",583105,S01EE01,Viatris ApS,Icepharma hf.*,2025-09-15,2025-10-20,2025-08-26,resolved,Aðrar pakkningastærðir og lyfjaform eru á markaði / fáanlegar.,2026-09-23T20:59:58.934206,198730
IS,Iceland,Lyfjastofnun,Votrient,Pazopanibum INN hýdróklóríð,200 mg,90 stk.,Filmuhúðuð tafla,093072,L01EX03,Novartis Europharm Limited*,Vistor hf,2025-09-15,2025-09-15,2025-08-22,resolved,Aðrir styrkleikar eru á markaði / fáanlegir.,2026-09-23T20:59:58.934743,100129
IS,Iceland,Lyfjastofnun,Metalyse,Tenekteplasum INN,5.000 ein.,1 stk.,"Stungulyfsstofn, lausn",038258,B01AD11,Boehringer Ingelheim International GmbH*,Vistor hf,2025-09-15,2025-09-15,2025-08-27,resolved,Aðrir styrkleikar eru á markaði / fáanlegir.,2026-09-23T20:59:58.935282,227285
IS,Iceland,Lyfjastofnun,TREVICTA,Paliperidonum INN palmítat,263 mg,"1,32 ml","Stungulyf, forðadreifa",415635,N05AX13,Janssen-Cilag International NV*,Vistor hf,2025-09-13,2025-09-13,2025-08-27,resolved,Aðrir styrkleikar og lyfjaform eru á markaði / fáanlegir.,2026-09-23T20:59:58.935827,70084
IS,Iceland,Lyfjastofnun,Nezeril,Oxymetazolinum INN hýdróklóríð,"0,25 mg/ml",7.5 ml,"Nefúði, lausn",191403,R01AA05,Perrigo Sverige AB,Vistor hf,2025-09-13,2026-01-01,2025-08-25,resolved,Aðrir styrkleikar eru á markaði / fáanlegir.,2026-09-23T20:59:58.936362,
IS,Iceland,Lyfjastofnun,Logimax forte,"Metoprololum INN súkkínat, Felodipinum INN",10 mg + 100 mg,98 stk.,Forðatafla,172627,C07FB02,Recordati Ireland Limited*,Recordati AB,2025-09-13,2025-09-16,2025-08-25,resolved,Aðrir styrkleikar eru á markaði / fáanlegir.,2026-09-23T20:59:58.936903,
IS,Iceland,Lyfjastofnun,Docetaxel Accord,Docetaxelum INN,160 mg/8 ml,8 ml,"Innrennslisþykkni, lausn",579184,L01CD02,Accord Healthcare S.L.U.,,2025-09-13,2025-09-16,2025-08-22,resolved,Ekkert sambærilegt lyf er á markaði / fáanlegt.,2026-09-23T20:59:58.937423,94234
IS,Iceland,Lyfjastofnun,Advagraf (Heilsa),Takrólímus,3 mg,50 stk.,Hart forðahylki,517162,L04AD02,Heilsa ehf,,2025-09-12,2025-10-24,2025-08-27,resolved,Samheitalyf er á markaði / fáanlegt.,2026-09-23T20:59:58.937983,96164
IS,Iceland,Lyfjastofnun,Decapeptyl-CR (Lyfjaver),Triptorelinum INN,"3,75 mg",(1 + 1) x 1 stk.,"Stungulyfsstofn og leysir, dreifa",124210,L02AE04,Lyfjaver ehf.,,2025-09-12,2026-12-31,2025-09-12,shortage,"Undanþágulyf hefur verið útvegað. Heildsalan Lyfjaver er að útvega undanþágulyfið Decapeptyl 3.75 mg, vnr. 999865. Undanþágulyfið er í ítölskum pakkningum.",2026-09-23T20:59:58.938514,70084
IS,Iceland,Lyfjastofnun,Jext,Adrenalinum bítartrat (Epinephrinum INN bítartrat),300 míkróg,"0,3 ml","Stungulyf, lausn í áfylltum lyfjapenna",183660,C01CA24,ALK-Abelló A/S,Vistor hf,2025-09-12,2025-09-18,2025-08-22,resolved,Aðrir styrkleikar eru á markaði / fáanlegir.,2026-09-23T20:59:58.939063,218111
IS,Iceland,Lyfjastofnun,Pyzchiva,Ustekinumabum INN,45 mg,"0,5 ml","Stungulyf, lausn í áfylltri sprautu",430898,L04AC05,Samsung Bioepis NL B.V.,,2025-09-12,2025-09-15,2025-08-26,resolved,Aðrir styrkleikar eru á markaði / fáanlegir.,2026-09-23T20:59:58.939600,102989
IS,Iceland,Lyfjastofnun,Zyprexa,Olanzapinum INN,10 mg,10 mg,"Stungulyfsstofn, lausn",005885,N05AH03,"CHEPLAPHARM Registration GmbH,",,2025-09-12,2025-10-21,2025-08-22,resolved,Önnur lyfjaform eru á markaði / fáanleg.,2026-09-23T20:59:58.940134,71013
IS,Iceland,Lyfjastofnun,Tramól-L,Tramadol hydrochloride,100 mg,20 stk.,Forðatafla,008301,N02AX02,Teva B.V.*,Teva Pharma Iceland ehf.*,2025-09-12,2026-01-12,2025-08-29,resolved,Aðrar pakkningastærðir eru á markaði / fáanlegar.,2026-09-23T20:59:58.940677,50431
IS,Iceland,Lyfjastofnun,OxyNorm,Oxycodonum INN hýdróklóríð,10 mg/ml,2 ml,"Stungulyfs-/innrennslisþykkni, lausn",013628,N02AA05,Mundipharma A/S,Icepharma hf,2025-09-11,2025-09-25,2025-09-12,resolved,Önnur lyfjaform eru á markaði / fáanleg.,2026-09-23T20:59:58.941222,72761
IS,Iceland,Lyfjastofnun,OxyNorm,Oxycodonum INN hýdróklóríð,10 mg/ml,1 ml,"Stungulyfs-/innrennslisþykkni, lausn",013551,N02AA05,Mundipharma A/S,Icepharma hf,2025-09-11,2025-09-25,2025-09-12,resolved,Önnur lyfjaform eru á markaði / fáanleg.,2026-09-23T20:59:58.941777,
IS,Iceland,Lyfjastofnun,Topiramat Actavis,Topiramatum INN,100 mg,60 stk.,Filmuhúðuð tafla,099858,N03AX11,Actavis Group PTC ehf.,Teva Pharma Iceland ehf.*,2025-09-10,2025-10-03,2025-09-19,resolved,Aðrir styrkleikar eru á markaði / fáanlegir.,2026-09-23T20:59:58.942334,15784
IS,Iceland,Lyfjastofnun,Coxerit,Etoricoxibum INN,90 mg,98 stk.,Filmuhúðuð tafla,430458,M01AH05,Williams & Halls ehf,,2025-09-10,2025-09-23,2025-09-10,resolved,Aðrir styrkleikar og/eða samheitalyf eru á markaði / fáanlegir.,2026-09-23T20:59:58.942862,66753
IS,Iceland,Lyfjastofnun,Glimeryl,Glimepiride,4 mg,90 stk.,Tafla,504119,A10BB12,Teva B.V.*,Teva Pharma Iceland ehf.*,2025-09-10,2025-12-15,2025-08-29,resolved,Aðrir styrkleikar eru á markaði / fáanlegir.,2026-09-23T20:59:58.943419,15792
IS,Iceland,Lyfjastofnun,Lynparza,Olaparibum INN,150 mg,56 stk.,Filmuhúðuð tafla,155485,L01XK01,AstraZeneca AB,Vistor hf,2025-09-10,2025-09-10,2025-08-28,resolved,Aðrir styrkleikar eru á markaði / fáanlegir.,2026-09-23T20:59:58.943978,150967
IS,Iceland,Lyfjastofnun,Jakavi,Ruxolitinibum INN fosfat,20 mg,56 stk.,Tafla,461113,L01EJ01,Novartis Europharm Limited*,Vistor hf,2025-09-10,2025-09-10,2025-08-26,resolved,Aðrir styrkleikar eru á markaði / fáanlegir.,2026-09-23T20:59:58.944527,44466
IS,Iceland,Lyfjastofnun,Esomeprazol Actavis,Esomeprazolum INN magnesíum díhýdrat,20 mg,100 stk.,Magasýruþolin tafla,127362,A02BC05,Actavis Group PTC ehf.,Teva Pharma Iceland ehf.*,2025-09-10,2025-11-18,2025-09-19,resolved,Samheitalyf er á markaði / fáanlegt.,2026-09-23T20:59:58.945087,57851
IS,Iceland,Lyfjastofnun,Levaxin,Levothyroxinum INN natríum,"0,1 mg",100 stk.,Tafla,027656,H03AA01,Orifarm Healthcare A/S,Artasan ehf,2025-09-10,2025-09-10,2025-08-22,resolved,Samheitalyf er á markaði / fáanlegt.,2026-09-23T20:59:58.945631,206210
IS,Iceland,Lyfjastofnun,Telfast (Heilsa),Fexofenadinum INN hýdróklóríð,180 mg,100 stk.,Filmuhúðuð tafla,488651,R06AX26,Heilsa ehf.,,2025-09-10,2026-08-20,2025-08-27,resolved,Samheitalyf er á markaði / fáanlegt.,2026-09-23T20:59:58.946151,48747
IS,Iceland,Lyfjastofnun,Angusta,Misoprostolum INN,25 míkróg,8 stk.,Tafla,044492,G02AD06,Norgine B.V.,,2025-09-09,2025-09-09,2025-08-23,resolved,.,2026-09-23T20:59:58.946684,58394
IS,Iceland,Lyfjastofnun,Locoid,Hydrocortisonum INN bútýrat,1 mg/ml,30 ml,Húðlausn,380922,D07AB02,CHEPLAPHARM Arzneimittel GmbH,,2025-09-09,2025-10-21,2025-08-22,resolved,Önnur lyfjaform eru á markaði / fáanleg.,2026-09-23T20:59:58.947207,6076
IS,Iceland,Lyfjastofnun,CYSTADROPS,Mercaptaminum INN bítartrat,"3,8 mg/ml",5 ml,"Augndropar, lausn",161981,S01XA21,Recordati Rare Diseases*,Recordati AB*,2025-09-09,2025-09-09,2025-08-22,resolved,Sérpöntun / útboðslyf.,2026-09-23T20:59:58.947750,220965
IS,Iceland,Lyfjastofnun,Levaxin,Levothyroxinum INN natríum,"0,05 mg",100 stk.,Tafla,027649,H03AA01,Orifarm Healthcare A/S,Artasan ehf,2025-09-08,2025-09-08,2025-08-22,resolved,Samheitalyf er á markaði / fáanlegt.,2026-09-23T20:59:58.948332,15784
IS,Iceland,Lyfjastofnun,Pentasa Sachet,Mesalazinum INN,2 g,60 stk.,Forðakyrni,021625,A07EC02,Ferring Lægemidler A/S,Vistor hf,2025-09-08,2025-10-07,2025-08-22,resolved,Aðrir styrkleikar eru á markaði / fáanlegir.,2026-09-23T20:59:58.948884,24856
IS,Iceland,Lyfjastofnun,Seretide,"Fluticasonum INN própíónat, Salmeterolum INN xínafóat",50/500 míkróg/skammt,60 skammtar,"Innöndunarduft, afmældir skammtar",373365,R03AK06,GlaxoSmithKline Pharma A/S,Vistor hf,2025-09-07,2025-09-07,2025-09-02,resolved,Samheitalyf er á markaði / fáanlegt.,2026-09-23T20:59:58.949430,88838
IS,Iceland,Lyfjastofnun,Bemfola,Follitropinum alfa INN,"300 a.e./0,50 ml","0,5 ml","Stungulyf, lausn í áfylltum lyfjapenna",515399,G03GA05,Gedeon Richter Plc.*,,2025-09-05,2025-11-18,2025-09-05,resolved,Aðrir styrkleikar eru á markaði / fáanlegir.,2026-09-23T20:59:58.949955,117587
IS,Iceland,Lyfjastofnun,Metformin Sandoz,Metforminum INN hýdróklóríð,500 mg,100 stk.,Filmuhúðuð tafla,569275,A10BA02,Sandoz A/S*,,2025-09-05,2025-10-03,2025-09-26,resolved,Samheitalyf er á markaði / fáanlegt.,2026-09-23T20:59:58.950480,
IS,Iceland,Lyfjastofnun,Qutenza,Capsaicinum INN,179 mg,1 stk.,Húðplástur,094812,N01BX04,Grünenthal GmbH*,Vistor hf,2025-09-05,2025-09-17,2025-08-22,resolved,"Önnur lyfjaform eru á markaði / fáanleg. Capsina 0,075% krem er fáanlegt.",2026-09-23T20:59:58.951048,7919
IS,Iceland,Lyfjastofnun,Alendronat Teva,Acidum alendronicum INN natríum,70 mg,12 stk.,Tafla,447563,M05BA04,Teva B.V.*,Teva Pharma Iceland ehf.*,2025-09-05,2026-02-16,2025-08-15,resolved,Ekki til lyf með sama ATC númer en sambærilegt lyf í sama flokki er á markaði / fáanlegt.,2026-09-23T20:59:58.951606,122416
IS,Iceland,Lyfjastofnun,Metformin Sandoz,Metforminum INN hýdróklóríð,500 mg,100 stk.,Filmuhúðuð tafla,569275,A10BA02,Sandoz A/S*,,2025-09-05,2025-09-24,2025-08-22,resolved,Samheitalyf er á markaði / fáanlegt.,2026-09-23T20:59:58.952147,
IS,Iceland,Lyfjastofnun,Fentanyl Alvogen,Fentanylum INN,12 míkróg/klst.,5 stk.,Forðaplástur,052677,N02AB03,Alvogen ehf.,,2025-09-05,2025-09-12,2025-09-02,resolved,"Stuttur skortur á heildsölustigi, ólíklegt að skortur hafi áhrif á lyfjanotendur.",2026-09-23T20:59:58.952672,
IS,Iceland,Lyfjastofnun,Levetiracetam Actavis,Levetiracetamum INN,500 mg,100 stk.,Filmuhúðuð tafla,155415,N03AX14,Actavis Group PTC ehf.,Teva Pharma Iceland ehf.*,2025-09-05,2025-09-26,2025-09-19,resolved,Samheitalyf er á markaði / fáanlegt.,2026-09-23T20:59:58.953220,58394
IS,Iceland,Lyfjastofnun,Bemfola,Follitropinum alfa INN,"300 a.e./0,50 ml","0,5 ml","Stungulyf, lausn í áfylltum lyfjapenna",083422,G03GA05,Gedeon Richter Plc.*,,2025-09-05,2025-12-31,2025-09-05,resolved,Aðrir styrkleikar eru á markaði / fáanlegir.,2026-09-23T20:59:58.953768,117587
IS,Iceland,Lyfjastofnun,Tanonalla,"Naloxonum INN hýdróklóríð, Oxycodonum INN hýdróklóríð",10 mg/5 mg,28 stk.,Forðatafla,073471,N02AA55,Sandoz A/S,,2025-09-05,2025-09-09,2025-08-28,resolved,Samheitalyf er á markaði / fáanlegt.,2026-09-23T20:59:58.954295,90220
IS,Iceland,Lyfjastofnun,Quetiapin Medical Valley,Quetiapinum INN fúmarat,150 mg,100 stk.,Forðatafla,571902,N05AH04,Medical Valley Invest AB,,2025-09-05,2026-06-30,2026-03-03,resolved,Samheitalyf er á markaði / fáanlegt.,2026-09-23T20:59:58.954819,94757
IS,Iceland,Lyfjastofnun,Parkódín,"Paracetamolum INN, Codeine phosphate hemihydrate",500 mg/10 mg,100 stk.,Filmuhúðuð tafla,532984,N02AJ06,Teva B.V.*,Teva Pharma Iceland ehf.*,2025-09-05,2025-09-25,2025-08-29,resolved,Aðrar pakkningastærðir eru á markaði / fáanlegar.,2026-09-23T20:59:58.955355,
IS,Iceland,Lyfjastofnun,REKOVELLE,Follitropinum delta INN,"36 míkróg/ 1,08 ml","0,36 ml","Stungulyf, lausn í áfylltum lyfjapenna",511560,G03GA10,Ferring Pharmaceuticals A/S*,,2025-09-04,2025-09-30,2025-08-27,resolved,Aðrir styrkleikar eru á markaði / fáanlegir.,2026-09-23T20:59:58.955884,148598
IS,Iceland,Lyfjastofnun,Nicorette Invisi,Nicotinum INN,15 mg/16 klst.,14 stk.,Forðaplástur,065729,N07BA01,McNeil Denmark ApS,Vistor hf,2025-09-04,2025-09-17,2025-08-22,resolved,Aðrar pakkningastærðir eru á markaði / fáanlegar.,2026-09-23T20:59:58.956423,
IS,Iceland,Lyfjastofnun,Treo,"Acidum acetylsalicylicum, Coffeinum",500 mg/50 mg,20 stk.,Freyðitafla,121302,N02BA51,Cooper Consumer Health B.V.,,2025-09-02,2025-09-22,2025-08-13,resolved,Aðrar pakkningastærðir eru á markaði / fáanlegar. Nægar birgðir eru til að lyfinu með hindiberjabragði og sítrónubragði.,2026-09-23T20:59:58.956947,
IS,Iceland,Lyfjastofnun,Simdax,Levosimendanum INN,"2,5 mg/ml",5 ml,"Innrennslisþykkni, lausn",560490,C01CX08,Orion Corporation,Vistor hf,2025-09-02,2025-09-02,2025-08-22,resolved,Til skoðunar.,2026-09-23T20:59:58.957494,210307
IS,Iceland,Lyfjastofnun,Dailiport,Tacrolimusum INN mónohýdrat,"0,5 mg",50x1 stk.,Hart forðahylki,397330,L04AD02,Sandoz A/S,,2025-09-02,2025-09-02,2025-08-23,resolved,.,2026-09-23T20:59:58.958047,
IS,Iceland,Lyfjastofnun,Metoprolol Alvogen,Metoprololum INN súkkínat,95 mg,100 stk.,Forðatafla,065012,C07AB02,Alvogen ehf.,,2025-09-02,2025-10-08,2025-09-03,resolved,Samheitalyf er á markaði / fáanlegt.,2026-09-23T20:59:58.958590,26190
IS,Iceland,Lyfjastofnun,Twinrix Paediatric,"Hepatitis B veira, Hepatitis A veira (dauð)",,"0,5 ml","Stungulyf, dreifa í áfylltri sprautu",143511,J07BC20,GlaxoSmithKline Biologicals S.A.*,Vistor hf,2025-09-02,2025-09-03,2025-08-22,resolved,Ekkert sambærilegt lyf er á markaði / fáanlegt.,2026-09-23T20:59:58.959138,
IS,Iceland,Lyfjastofnun,Vistabel,Botulinum Toxin Type A,"4 Allergan-einingar/0,1 ml",50 ein.,"Stungulyfsstofn, lausn",022250,M03AX01,AbbVie A/S,Vistor hf,2025-09-02,2025-09-19,2025-08-23,resolved,". Frekar stuttur skortur, aðrir meðferðarmöguleikar eru til dæmis Botox",2026-09-23T20:59:58.959686,95818
IS,Iceland,Lyfjastofnun,Logimax forte,"Metoprololum INN súkkínat, Felodipinum INN",10 mg + 100 mg,98 stk.,Forðatafla,172627,C07FB02,Recordati Ireland Limited*,Recordati AB,2025-09-02,2025-09-16,2025-08-20,resolved,Aðrir styrkleikar eru á markaði / fáanlegir.,2026-09-23T20:59:58.960233,
IS,Iceland,Lyfjastofnun,ABILIFY,Aripiprazolum INN,10 mg,28 stk.,Tafla,010951,N05AX12,Otsuka Pharmaceutical Netherlands B.V.*,Vistor hf,2025-09-02,2025-09-04,2025-08-22,resolved,Aðrar pakkningastærðir eru á markaði / fáanlegar.,2026-09-23T20:59:58.960771,75248
IS,Iceland,Lyfjastofnun,Flúoróúracil Accord,Fluorouracilum INN,50 mg/ml,100 ml,"Stungulyf/innrennslislyf, lausn",586959,L01BC02,Accord Healthcare B.V.,,2025-09-01,2025-09-23,2025-08-22,resolved,Til skoðunar.,2026-09-23T20:59:58.961299,129704
IS,Iceland,Lyfjastofnun,Paratabs,Paracetamolum INN,500 mg,30 stk.,Filmuhúðuð tafla,039837,N02BE01,Teva B.V.*,Teva Pharma Iceland ehf.*,2025-09-01,2025-12-19,2025-08-01,resolved,Samheitalyf er á markaði / fáanlegt.,2026-09-23T20:59:58.961840,
IS,Iceland,Lyfjastofnun,Xeomin,"CLOSTRIDIUM BOTULINUM NEUROTOXIN TYPE A (150KD), FREE OF COMPLEXING PROTEINS",100 ein.,1 stk.,"Stungulyfsstofn, lausn",093306,M03AX01,Merz Pharmaceuticals GmbH,,2025-09-01,2025-10-28,2025-09-09,resolved,Samheitalyf er á markaði / fáanlegt.,2026-09-23T20:59:58.962370,115975
IS,Iceland,Lyfjastofnun,Fixopost,"Latanoprostum INN, Timololum INN maleat",50 míkróg/ml + 5 mg/ml,"0,2 ml","Augndropar, lausn í stakskammtaíláti",505003,S01ED51,Laboratoires THEA*,,2025-09-01,2025-09-23,2025-07-17,resolved,Aðrar pakkningastærðir eru á markaði / fáanlegar.,2026-09-23T20:59:58.962911,212156
IS,Iceland,Lyfjastofnun,INTELENCE,Etravirinum INN,200 mg,60 stk.,Tafla,073027,J05AG04,Janssen-Cilag International NV*,Vistor hf,2025-09-01,2025-09-05,2025-08-22,resolved,Ekki til lyf með sama ATC númer en sambærilegt lyf í sama flokki er á markaði / fáanlegt.,2026-09-23T20:59:58.963481,100145
IS,Iceland,Lyfjastofnun,Sitagliptin Teva,Sitagliptinum INN malat,50 mg,98 stk.,Filmuhúðuð tafla,573720,A10BH01,Teva B.V.*,Teva Pharma Iceland ehf.*,2025-09-01,2025-09-26,2025-08-15,resolved,Samheitalyf er á markaði / fáanlegt.,2026-09-23T20:59:58.964029,218111
IS,Iceland,Lyfjastofnun,Zofran,Ondansetronum INN hýdróklóríð,4 mg,10 stk.,Filmuhúðuð tafla,059080,A04AA01,Sandoz A/S,,2025-09-01,2025-09-02,2025-08-22,resolved,Aðrir styrkleikar og pakkningastærðir eru á markaði / fáanlegir.,2026-09-23T20:59:58.964562,31496
IS,Iceland,Lyfjastofnun,Lident,"Lidocainum INN hýdróklóríð, Adrenalinum bítartrat (Epinephrinum INN bítartrat)","20+0,0125 mg/ml","1,7 ml","Stungulyf, lausn",585517,N01BB52,"Laboratorios Normon, S.A.",,2025-09-01,2025-10-07,2025-09-18,resolved,Samheitalyf er á markaði / fáanlegt.,2026-09-23T20:59:58.965106,145793
IS,Iceland,Lyfjastofnun,Penomax,Pivmecillinamum INN hýdróklóríð,200 mg,30 stk.,Filmuhúðuð tafla,148274,J01CA08,Orion Corporation,Vistor hf,2025-09-01,2025-09-04,2025-08-22,resolved,Aðrar pakkningastærðir eru á markaði / fáanlegar.,2026-09-23T20:59:58.965648,
IS,Iceland,Lyfjastofnun,Alizin vet.,Aglepristonum INN,30 mg/ml,10 ml,"Stungulyf, lausn",019308,QG03XB90,Virbac S.A.*,,2025-08-31,2025-09-25,2025-08-22,resolved,Til skoðunar.,2026-09-23T20:59:58.966186,
IS,Iceland,Lyfjastofnun,Mavenclad,Cladribinum INN,10 mg,4 stk.,Tafla,155121,L04AA40,Merck Europe B.V.*,,2025-08-31,2026-07-14,2025-08-18,resolved,Aðrar pakkningastærðir eru á markaði / fáanlegar.,2026-09-23T20:59:58.966709,149330
IS,Iceland,Lyfjastofnun,Flúoróúracil Accord,Fluorouracilum INN,50 mg/ml,100 ml,"Stungulyf/innrennslislyf, lausn",586959,L01BC02,Accord Healthcare B.V.,,2025-08-31,2024-10-31,2025-07-31,resolved,Til skoðunar. 31.07 set sem krítiskt þar sem ekki er til annað lyf í sama ATC flokki - bíð eftir að sjá hvort það komi undanþágulyf HBB//,2026-09-23T20:59:58.967249,129704
IS,Iceland,Lyfjastofnun,Metojectpen,Methotrexatum INN,"17,5 mg","17,5 mg","Stungulyf, lausn í áfylltum lyfjapenna",121892,L04AX03,medac Gesellschaft für klinische Spezialpräparate GmbH,,2025-08-30,2025-09-03,2025-08-22,resolved,Aðrir styrkleikar eru á markaði / fáanlegir.,2026-09-23T20:59:58.967772,141461
IS,Iceland,Lyfjastofnun,Calcium Sandoz,"Calcium carbonate, Calcium lactate gluconate",500 mg,20 stk.,Freyðitafla,193813,A12AA06,Sandoz A/S,,2025-08-29,2025-09-02,2025-08-22,resolved,Aðrar pakkningastærðir eru á markaði / fáanlegar.,2026-09-23T20:59:58.968330,
IS,Iceland,Lyfjastofnun,Oropram,Citalopram hydrobromide,10 mg,100 stk.,Filmuhúðuð tafla,134959,N06AB04,Teva B.V.*,,2025-08-29,2025-09-19,2025-08-15,resolved,Samheitalyf er á markaði / fáanlegt.,2026-09-23T20:59:58.968869,61077
IS,Iceland,Lyfjastofnun,Cloxacillin Navamedic,Cloxacillinum INN natríum,1 g,1 g,"Stungulyfs-/innrennslisstofn, lausn",420952,J01CF02,Navamedic ASA,,2025-08-29,2025-09-04,2025-08-29,resolved,Til skoðunar.,2026-09-23T20:59:58.969403,
IS,Iceland,Lyfjastofnun,Easotic,"Hydrocortisonum INN aceponat, Miconazolum INN nítrat, Gentamicinum INN súlfat",,10 ml,"Eyrnadropar, dreifa",026000,QS02CA03,Virbac S.A.*,,2025-08-28,2025-10-10,2025-08-22,resolved,Ekkert sambærilegt lyf er á markaði / fáanlegt.,2026-09-23T20:59:58.969932,
IS,Iceland,Lyfjastofnun,Cystadane,Betainum anhydricum,1 g,180 g,Duft til inntöku,108697,A16AA06,Recordati Rare Diseases*,Recordati AB*,2025-08-28,2025-09-16,2025-09-02,resolved,Ekkert sambærilegt lyf er á markaði / fáanlegt.,2026-09-23T20:59:58.970474,130583
IS,Iceland,Lyfjastofnun,Vedrop,Tocofersolanum INN,50 mg/ml,60 ml,"Mixtúra, lausn",124141,A11HA08,Recordati Rare Diseases*,Recordati AB*,2025-08-28,2025-09-16,2025-08-22,resolved,Aðrar pakkningastærðir eru á markaði / fáanlegar.,2026-09-23T20:59:58.971016,93270
IS,Iceland,Lyfjastofnun,Fentanyl Alvogen,Fentanylum INN,25 míkróg/klst.,5 stk.,Forðaplástur,504231,N02AB03,Alvogen ehf.,,2025-08-28,2025-10-13,2025-06-26,resolved,Aðrir styrkleikar eru á markaði / fáanlegir.,2026-09-23T20:59:58.971573,
IS,Iceland,Lyfjastofnun,Xyloproct,"Hydrocortisonum INN acetat, Lidocainum INN","50 mg/g +2,5 mg/g",20 g,Endaþarmssmyrsli,059493,C05AA01,Aspen Pharma Trading Limited,,2025-08-27,2025-09-02,2025-08-27,resolved,Önnur lyfjaform eru á markaði / fáanleg.,2026-09-23T20:59:58.972105,208426
IS,Iceland,Lyfjastofnun,Xylocain Dental adrenalin,"Adrenalinum bítartrat (Epinephrinum INN bítartrat), Lidocainum INN hýdróklóríð","20 mg/ml+12,5 míkróg/ ml",1.8 ml,"Stungulyf, lausn",009945,N01BB52,DENTSPLY DeTrey GmbH*,Vistor hf,2025-08-26,2026-01-02,2025-08-22,resolved,"Samheitalyf er á markaði / fáanlegt. vnr.009911 er fáanlegt Xylocain Dental adr.stl 20 mg+12,5 mcg/ml sjálfsog.",2026-09-23T20:59:58.972652,82899
IS,Iceland,Lyfjastofnun,Rewellfem,Estradiol,10 míkróg,18 stk.,Leggangatafla,085813,G03CA03,Gedeon Richter Plc.*,,2025-08-26,2025-09-24,2025-08-22,resolved,Samheitalyf er á markaði / fáanlegt.,2026-09-23T20:59:58.973182,
IS,Iceland,Lyfjastofnun,Diprosalic,"Betamethasonum INN díprópíónat, Acidum salicylicum",,100 ml,Húðlausn,431985,D07XC01,N.V. Organon*,Vistor hf,2025-08-26,2025-09-09,2025-08-22,resolved,Ekki til lyf með sama ATC númer en sambærilegt lyf í sama flokki er á markaði / fáanlegt.,2026-09-23T20:59:58.973735,
IS,Iceland,Lyfjastofnun,Detrusitol Retard,TOLTERODINE L-TARTRATE,4 mg,100 stk.,Hart forðahylki,007769,G04BD07,Viatris ApS,Icepharma hf.*,2025-08-26,2025-10-28,2025-07-14,resolved,Aðrar pakkningastærðir eru á markaði / fáanlegar.,2026-09-23T20:59:58.974280,100129
IS,Iceland,Lyfjastofnun,Rewellfem,Estradiol,10 míkróg,18 stk.,Leggangatafla,085813,G03CA03,Gedeon Richter Plc.*,,2025-08-26,2025-09-24,2025-09-23,resolved,.,2026-09-23T20:59:58.974810,
IS,Iceland,Lyfjastofnun,Wellbutrin Retard (Lyfjaver),Bupropionum INN hýdróklóríð,300 mg,90 stk.,Tafla með breyttan losunarhraða,584402,N06AX12,Lyfjaver ehf.,,2025-08-25,2025-09-25,2025-08-25,resolved,. Samheitalyf og frumlyf eru fáanleg,2026-09-23T20:59:58.975337,82899
IS,Iceland,Lyfjastofnun,Produodopa,"Foslevodopa, Foscarbidopa",240 mg/ml +12 mg/ml,7 stk.,"Innrennslislyf, lausn",061313,N04BA07,AbbVie A/S,,2025-08-25,2025-08-28,2025-08-20,resolved,"Stuttur skortur á heildsölustigi, ólíklegt að skortur hafi áhrif á lyfjanotendur.",2026-09-23T20:59:58.975863,219622
IS,Iceland,Lyfjastofnun,Mayzent,Siponimodum INN fúmarsýra,2 mg,28 stk.,Filmuhúðuð tafla,414921,L04AE03,Novartis Europharm Limited*,Vistor hf,2025-08-25,2025-10-10,2025-08-26,resolved,Aðrir styrkleikar eru á markaði / fáanlegir.,2026-09-23T20:59:58.976401,202029
IS,Iceland,Lyfjastofnun,OxyContin Depot,Oxycodonum INN hýdróklóríð,10 mg,28 stk.,Forðatafla,179733,N02AA05,Mundipharma A/S,Icepharma hf,2025-08-22,2025-09-10,2025-08-21,resolved,Aðrar pakkningastærðir eru á markaði / fáanlegar. Lyfið er fáanlegt í 98 stk þynnupakkningu.,2026-09-23T20:59:58.976942,57614
IS,Iceland,Lyfjastofnun,Fixopost,"Latanoprostum INN, Timololum INN maleat",50 míkróg/ml + 5 mg/ml,"0,2 ml","Augndropar, lausn í stakskammtaíláti",505003,S01ED51,Laboratoires THEA*,,2025-08-22,2026-10-20,2026-07-04,shortage,". Xalcom augndropar eru fáanlegir, með sömu virku efni í sömu styrkleikum en önnur hjálparefni",2026-09-23T20:59:58.977465,212156
IS,Iceland,Lyfjastofnun,Lynparza,Olaparibum INN,150 mg,56 stk.,Filmuhúðuð tafla,155485,L01XK01,AstraZeneca AB,Vistor hf,2025-08-22,2025-08-26,2025-08-19,resolved,Aðrir styrkleikar eru á markaði / fáanlegir.,2026-09-23T20:59:58.978037,150967
IS,Iceland,Lyfjastofnun,Xorox,Aciclovirum INN,30 mg/g,"4,5 g",Augnsmyrsli,419969,S01AD03,Agepha Pharma s.r.o.,,2025-08-22,2025-09-30,2025-08-21,resolved,Undanþágulyf hefur verið útvegað. Heildsalan Parlogis hefur útvegað lyfið undanþágulyfið AciVison 30 mg/ml augnsmyrsli.,2026-09-23T20:59:58.978567,17191
IS,Iceland,Lyfjastofnun,Procoralan,Ivabradinum INN hýdróklóríð,"7,5 mg",56 stk.,Filmuhúðuð tafla,041105,C01EB17,Les Laboratoires Servier*,Icepharma hf,2025-08-22,2025-10-17,2025-07-02,resolved,"Undanþágulyf hefur verið útvegað. Undanþágulyfið Procoralan 7,5 mg filmuhúðuð tafla, 112 stk hefur verið útvegað hjá Parlogis.",2026-09-23T20:59:58.979107,59056
IS,Iceland,Lyfjastofnun,Clopidogrel Krka,Clopidogrelum INN hýdróklóríð,75 mg,28 stk.,Filmuhúðuð tafla,064270,B01AC04,Krka d.d. Novo mesto*,"Krka,d.d.,Novo mesto",2025-08-22,2025-08-22,2025-06-26,resolved,Aðrar pakkningastærðir eru á markaði / fáanlegar.,2026-09-23T20:59:58.979651,124559
IS,Iceland,Lyfjastofnun,Enalapril Krka,Enalaprilum INN maleat,20 mg,100 stk.,Tafla,023649,C09AA02,KRKA d.d. Novo mesto,LYFIS ehf.*,2025-08-22,2026-10-02,2025-06-12,shortage,Aðrir styrkleikar og/eða samheitalyf eru á markaði / fáanlegir.,2026-09-23T20:59:58.980200,21075
IS,Iceland,Lyfjastofnun,Fixopost,"Latanoprostum INN, Timololum INN maleat",50 míkróg/ml + 5 mg/ml,"0,2 ml","Augndropar, lausn í stakskammtaíláti",505003,S01ED51,Laboratoires THEA*,,2025-08-22,2026-06-30,2025-08-22,resolved,Aðrar pakkningastærðir eru á markaði / fáanlegar.,2026-09-23T20:59:58.980729,212156
IS,Iceland,Lyfjastofnun,Aprepitant Medical Valley,Aprepitantum INN,125 mg + 80 mg,1+2 stk.,Hart hylki,584577,A04AD12,Medical Valley Invest AB,,2025-08-21,2025-12-19,2025-08-21,resolved,Samheitalyf er á markaði / fáanlegt.,2026-09-23T20:59:58.981257,
IS,Iceland,Lyfjastofnun,Imigran,Sumatriptan,20 mg/skammt,"0,1 ml","Nefúði, lausn",441451,N02CC01,GlaxoSmithKline Pharma A/S,Vistor hf,2025-08-21,2025-09-30,2025-08-22,resolved,Önnur lyfjaform eru á markaði / fáanleg.,2026-09-23T20:59:58.981797,45845
IS,Iceland,Lyfjastofnun,Nicotinell Mint,Nicotinum bítartrat,1 mg,204 stk.,Munnsogstafla,090607,N07BA01,Dr. Reddy's Netherlands B.V.,Artasan ehf,2025-08-21,2025-09-30,2025-09-04,resolved,Aðrar pakkningastærðir eru á markaði / fáanlegar.,2026-09-23T20:59:58.982341,125482
IS,Iceland,Lyfjastofnun,Ursochol,Acidum ursodeoxycholicum INN,250 mg,100 stk.,Hart hylki,444765,A05AA02,Orifarm Generics A/S,Artasan ehf,2025-08-21,2025-08-27,2025-07-21,resolved,". Heildsalan Distica er með undanþágulyfið UDC AL 250 mg hylki, 100 stk.",2026-09-23T20:59:58.982883,15830
IS,Iceland,Lyfjastofnun,"Sterile Water Fresenius Kabi, leysir fyrir stungulyf",Water for injection,,10 ml,Leysir fyrir stungulyf,378030,V07AB,Fresenius Kabi AB,Vistor hf,2025-08-21,2025-08-26,2025-08-15,resolved,Aðrar pakkningastærðir eru á markaði / fáanlegar.,2026-09-23T20:59:58.983426,
IS,Iceland,Lyfjastofnun,Nicotinell Mint,Nicotinum bítartrat,1 mg,204 stk.,Munnsogstafla,090607,N07BA01,Dr. Reddy's Netherlands B.V.,Artasan ehf,2025-08-21,2025-09-19,2025-08-22,resolved,Aðrir styrkleikar og lyfjaform eru á markaði / fáanlegir.,2026-09-23T20:59:58.983964,125482
IS,Iceland,Lyfjastofnun,OxyContin Depot,Oxycodonum INN hýdróklóríð,20 mg,98 stk.,Forðatafla,407101,N02AA05,Mundipharma A/S,Icepharma hf,2025-08-21,2025-09-10,2025-08-21,resolved,Aðrar pakkningastærðir eru á markaði / fáanlegar.,2026-09-23T20:59:58.984510,57622
IS,Iceland,Lyfjastofnun,Buccolam,Midazolamum INN hýdróklóríð,10 mg,2 ml,Munnholslausn,450537,N05CD08,Neuraxpharm Pharmaceuticals S.L.,,2025-08-21,2025-08-27,2025-08-21,resolved,Aðrir styrkleikar eru á markaði / fáanlegir.,2026-09-23T20:59:58.985040,210161
IS,Iceland,Lyfjastofnun,Dynastat,Parecoxibum INN natríum,40 mg,40 mg,"Stungulyfsstofn, lausn",009214,M01AH04,Pfizer Europe MA EEIG*,Icepharma hf.*,2025-08-20,2026-05-01,2025-04-16,resolved,"Undanþágulyf hefur verið útvegað. Heildsalan Parlogis hefur útvegað undanþágulyfið
Dynastat 40 mg sts 2 ml hgl x 10 stk",2026-09-23T20:59:58.985579,65676
IS,Iceland,Lyfjastofnun,SmofKabiven Perifer,Blanda,,1904 ml,"Innrennslislyf, fleyti",154717,B05BA10,Fresenius Kabi AB,Vistor hf,2025-08-20,2025-09-23,2025-08-07,resolved,Aðrar pakkningastærðir eru á markaði / fáanlegar.,2026-09-23T20:59:58.986128,58408
IS,Iceland,Lyfjastofnun,Duspatalin Retard,Mebeverinum INN hýdróklóríð,200 mg,30 stk.,Hart forðahylki,171762,A03AA04,Viatris ApS,Icepharma hf.*,2025-08-20,2026-08-31,2025-06-11,resolved,Undanþágulyf hefur verið útvegað. Lyfjastofnun hefur heimilað lyfjafræðingum að breyta ávísun á lyfið í skorti í undanþágulyfið Duspatal Retard 200 mg hart forðahylki 100 stk vnr 975117. Undanþágulyfið er í þýskum umbúðum.,2026-09-23T20:59:58.986677,25100
IS,Iceland,Lyfjastofnun,Buccolam,Midazolamum INN hýdróklóríð,5 mg,1 ml,Munnholslausn,435882,N05CD08,Neuraxpharm Pharmaceuticals S.L.,,2025-08-19,2025-08-27,2025-08-15,resolved,Aðrir styrkleikar og/eða samheitalyf eru á markaði / fáanlegir.,2026-09-23T20:59:58.987212,210927
IS,Iceland,Lyfjastofnun,Hyprosan,Hypromellosum INN,"3,2 mg/ml",10 ml,"Augndropar, lausn",188338,S01XA20,Santen Oy,,2025-08-19,2025-08-21,2025-08-18,resolved,Samheitalyf er á markaði / fáanlegt.,2026-09-23T20:59:58.987747,221295
IS,Iceland,Lyfjastofnun,Qutenza,Capsaicinum INN,179 mg,1 stk.,Húðplástur,094812,N01BX04,Grünenthal GmbH*,Vistor hf,2025-08-19,2025-08-26,2025-08-13,resolved,"Önnur lyfjaform eru á markaði / fáanleg. Capsina 0,075% krem er fáanlegt.",2026-09-23T20:59:58.988335,7919
IS,Iceland,Lyfjastofnun,Vastaloma,Fulvestrantum INN,250 mg/5 ml,5 ml,"Stungulyf, lausn í áfylltri sprautu",528806,L02BA03,Zentiva k.s.*,,2025-08-18,2025-09-04,2025-08-14,resolved,Ekkert sambærilegt lyf er á markaði / fáanlegt.,2026-09-23T20:59:58.988877,74934
IS,Iceland,Lyfjastofnun,Hyprosan,Hypromellosum INN,"3,2 mg/ml",10 ml,"Augndropar, lausn",182086,S01XA20,Santen Oy,,2025-08-18,2025-08-21,2025-08-18,resolved,Samheitalyf er á markaði / fáanlegt.,2026-09-23T20:59:58.989403,221295
IS,Iceland,Lyfjastofnun,REKOVELLE,Follitropinum delta INN,"72 míkróg/ 2,16 ml","2,16 ml","Stungulyf, lausn í áfylltum lyfjapenna",575715,G03GA10,Ferring Pharmaceuticals A/S*,,2025-08-18,2025-09-16,2025-08-22,resolved,Aðrir styrkleikar eru á markaði / fáanlegir.,2026-09-23T20:59:58.989941,148601
IS,Iceland,Lyfjastofnun,Revolade,Eltrombopagum olaminum INN,50 mg,28 stk.,Filmuhúðuð tafla,391354,B02BX05,Novartis Europharm Limited*,Vistor hf,2025-08-16,2025-08-18,2025-08-08,resolved,Aðrir styrkleikar eru á markaði / fáanlegir.,2026-09-23T20:59:58.990485,93971
IS,Iceland,Lyfjastofnun,Vermox (Heilsa),Mebendazolum INN,100 mg,6 stk.,Tafla,396378,P02CA01,Heilsa ehf.,,2025-08-15,2025-10-03,2025-08-01,resolved,Samheitalyf er á markaði / fáanlegt.,2026-09-23T20:59:58.991014,2798
IS,Iceland,Lyfjastofnun,Keppra (Lyfjaver),Levetiracetamum INN,1000 mg,100 stk.,Filmuhúðuð tafla,472741,N03AX14,Lyfjaver ehf.,,2025-08-14,2025-11-15,2025-08-07,resolved,Aðrir styrkleikar og/eða samheitalyf eru á markaði / fáanlegir.,2026-09-23T20:59:58.991545,58408
IS,Iceland,Lyfjastofnun,Bactroban,Mupirocinum INN,20 mg/g,15 g,Smyrsli,545681,D06AX09,GlaxoSmithKline Pharma A/S,Vistor hf,2025-08-13,2025-09-11,2025-08-22,resolved,Ekki til lyf með sama ATC númer en sambærilegt lyf í sama flokki er á markaði / fáanlegt.,2026-09-23T20:59:58.992100,25739
IS,Iceland,Lyfjastofnun,Ypozane,Osateronum INN acetat,"7,5 mg",7 stk.,Tafla,145616,QG04CX90,Virbac S.A.*,Virbac S.A.,2025-08-13,2025-10-10,2025-08-22,resolved,Aðrir styrkleikar eru á markaði / fáanlegir.,2026-09-23T20:59:58.992642,
IS,Iceland,Lyfjastofnun,Sandostatin,Octreotidum INN,50 míkróg/ml,1 ml,"Stungulyf, lausn",057455,H01CB02,Novartis Healthcare A/S,Vistor hf,2025-08-13,2025-08-25,2025-07-31,resolved,Aðrir styrkleikar eru á markaði / fáanlegir.,2026-09-23T20:59:58.993180,27502
IS,Iceland,Lyfjastofnun,Ypozane,Osateronum INN acetat,"7,5 mg",7 stk.,Tafla,145616,QG04CX90,Virbac S.A.*,Virbac S.A.,2025-08-13,2025-10-16,2025-10-11,resolved,Aðrir styrkleikar eru á markaði / fáanlegir.,2026-09-23T20:59:58.993718,
IS,Iceland,Lyfjastofnun,Methylphenidate Teva,Methylphenidatum INN hýdróklóríð,40 mg,30 stk.,Hart hylki með breyttan losunarhraða,372531,N06BA04,Teva B.V.*,Teva Pharma Iceland ehf.*,2025-08-12,2025-10-31,2025-08-15,resolved,Samheitalyf er á markaði / fáanlegt.,2026-09-23T20:59:58.994262,83062
IS,Iceland,Lyfjastofnun,Lacosamide STADA,Lacosamidum INN,100 mg,56 stk.,Filmuhúðuð tafla,476652,N03AX18,STADA Arzneimittel AG,,2025-08-12,2025-09-04,2025-08-12,resolved,Samheitalyf er á markaði / fáanlegt.,2026-09-23T20:59:58.994782,217875
IS,Iceland,Lyfjastofnun,Trileptal,Oxcarbazepinum INN,600 mg,100 stk.,Filmuhúðuð tafla,556951,N03AF02,Novartis Healthcare A/S,Vistor hf,2025-08-11,2025-08-18,2025-07-31,resolved,Aðrir styrkleikar og/eða samheitalyf eru á markaði / fáanlegir.,2026-09-23T20:59:58.995317,56871
IS,Iceland,Lyfjastofnun,Quetiapin Krka,Quetiapinum INN fúmarat,100 mg,100 stk.,Filmuhúðuð tafla,112713,N05AH04,KRKA d.d. Novo mesto,,2025-08-11,2025-10-17,2025-06-26,resolved,Samheitalyf er á markaði / fáanlegt.,2026-09-23T20:59:58.995841,50768
IS,Iceland,Lyfjastofnun,Tegretol,Carbamazepinum INN,200 mg,100 stk.,Tafla,157863,N03AF01,Novartis Healthcare A/S,Vistor hf,2025-08-11,2025-08-12,2025-07-24,resolved,. Stuttur skortur líklega til í einhverjum apótekum,2026-09-23T20:59:58.996379,7579
IS,Iceland,Lyfjastofnun,Risolid,Chlordiazepoxidum INN,10 mg,100 stk.,Filmuhúðuð tafla,165175,N05BA02,Teva B.V.*,Teva Pharma Iceland ehf.*,2025-08-11,2025-08-29,2025-08-15,resolved,Aðrar pakkningastærðir eru á markaði / fáanlegar.,2026-09-23T20:59:58.996924,
IS,Iceland,Lyfjastofnun,Ypozane,Osateronum INN acetat,"1,875 mg",7 stk.,Tafla,145440,QG04CX90,Virbac S.A.*,Virbac S.A.,2025-08-11,2025-10-10,2025-08-22,resolved,Aðrir styrkleikar eru á markaði / fáanlegir.,2026-09-23T20:59:58.997463,
IS,Iceland,Lyfjastofnun,Opatanol,Olopatadinum INN hýdróklóríð,1 mg/ml,5 ml,"Augndropar, lausn",007921,S01GX09,Novartis Europharm Limited*,Vistor hf,2025-08-11,2025-08-18,2025-07-31,resolved,Ekki til lyf með sama ATC númer en sambærilegt lyf í sama flokki er á markaði / fáanlegt.,2026-09-23T20:59:58.998031,220566
IS,Iceland,Lyfjastofnun,NovoMix 30 FlexPen,"Insulinum aspartum prótamínsúlfat, Insulinum aspartum INN",100 ein./ml,3 ml,"Stungulyf, dreifa í áfylltum lyfjapenna",006024,A10AD05,Novo Nordisk A/S*,Vistor hf,2025-08-11,2025-09-17,2025-08-22,resolved,Til skoðunar. Lyfið er til með stuttfyrningu (31.08.2025) hjá Distica,2026-09-23T20:59:58.998584,121320
IS,Iceland,Lyfjastofnun,Valcyte,Valganciclovir hydrochloride,50 mg/ml,100 ml,"Mixtúruduft, lausn",086969,J05AB14,CHEPLAPHARM Arzneimittel GmbH,Vistor hf,2025-08-10,2025-10-14,2025-08-22,resolved,Önnur lyfjaform eru á markaði / fáanleg. Umboðsaðili Vistor er að útvega mixtúru undanþágulyf.,2026-09-23T20:59:58.999140,134708
IS,Iceland,Lyfjastofnun,Ventoline,Salbutamolum INN súlfat,200 míkróg/skammt,60 skammtar,Innöndunarduft,124347,R03AC02,GlaxoSmithKline Pharma A/S,Vistor hf,2025-08-08,2025-08-11,2025-07-25,resolved,". Stuttur skortur, Ventolin innúðalyf, dreifa (púst) er til.",2026-09-23T20:59:58.999686,45659
IS,Iceland,Lyfjastofnun,Metadon Abcur,Methadonum INN hýdróklóríð,40 mg,25 stk.,Tafla,189430,N07BC02,Abcur AB*,,2025-08-07,2025-08-13,2025-08-07,resolved,Aðrir styrkleikar eru á markaði / fáanlegir.,2026-09-23T20:59:59.000207,120928
IS,Iceland,Lyfjastofnun,SmofKabiven Perifer,Blanda,,1904 ml,"Innrennslislyf, fleyti",154717,B05BA10,Fresenius Kabi AB,Vistor hf,2025-08-07,2025-09-25,2025-08-22,resolved,Aðrir styrkleikar eru á markaði / fáanlegir.,2026-09-23T20:59:59.000750,58408
IS,Iceland,Lyfjastofnun,Cystadane,Betainum anhydricum,1 g,180 g,Duft til inntöku,108697,A16AA06,Recordati Rare Diseases*,Recordati AB*,2025-08-07,2025-08-13,2025-08-07,resolved,Til skoðunar.,2026-09-23T20:59:59.001301,130583
IS,Iceland,Lyfjastofnun,Imigran,Sumatriptanum INN súkkínat,12 mg/ml,"0,5 ml","Stungulyf, lausn",093260,N02CC01,GlaxoSmithKline Pharma A/S,Vistor hf,2025-08-07,2025-08-12,2025-08-01,resolved,Önnur lyfjaform eru á markaði / fáanleg.,2026-09-23T20:59:59.001848,38210
IS,Iceland,Lyfjastofnun,Treo,"Acidum acetylsalicylicum, Coffeinum",500 mg/50 mg,20 stk.,Freyðitafla,482457,N02BA51,Cooper Consumer Health B.V.,,2025-08-07,2025-09-01,2025-08-13,resolved,Aðrar pakkningastærðir eru á markaði / fáanlegar. Nægar birgðir eru til að lyfinu með hindiberjabragði og sítrónubragði.,2026-09-23T20:59:59.002375,
IS,Iceland,Lyfjastofnun,Enerzair Breezhaler,"Mometasonum INN fúróat, Indacaterolum INN acetat, Glycopyrronii bromidum INN",114 míkróg/46 míkróg/136 míkróg,30x1 stk.,"Innöndunarduft, hart hylki",580713,R03AL12,Novartis Europharm Limited*,Vistor hf,2025-08-06,2025-08-18,2025-08-06,resolved,Aðrar pakkningastærðir eru á markaði / fáanlegar.,2026-09-23T20:59:59.002919,205117
IS,Iceland,Lyfjastofnun,Creon,Pancreatinum,35.000,100 stk.,Magasýruþolið hart hylki,044708,A09AA02,Viatris ApS,Icepharma hf.*,2025-08-06,2025-10-17,2025-07-14,resolved,"Aðrir styrkleikar eru á markaði / fáanlegir. Heildsalan Parlogis hefur útvegað undanþágulyfið Kreon hörð hylki 35.000 ein, 100stk, vnr 972957.",2026-09-23T20:59:59.003462,204056
IS,Iceland,Lyfjastofnun,Travatan,Travoprostinum INN,40 míkróg/ml,"2,5 ml","Augndropar, lausn",517180,S01EE04,Novartis Europharm Limited*,Vistor hf,2025-08-06,2025-08-18,2025-07-28,resolved,Aðrar pakkningastærðir eru á markaði / fáanlegar.,2026-09-23T20:59:59.004005,206431
IS,Iceland,Lyfjastofnun,Clariscan,Acidum gadotericum INN,"0,5 mmól/ml",20 ml,"Stungulyf, lausn í áfylltri sprautu",157745,V08CA02,GE Healthcare AS,Icepharma hf.*,2025-08-06,2025-08-20,2025-08-06,resolved,Aðrar pakkningastærðir eru á markaði / fáanlegar.,2026-09-23T20:59:59.004545,218111
IS,Iceland,Lyfjastofnun,Wellbutrin Retard (Lyfjaver),Bupropionum INN hýdróklóríð,300 mg,90 stk.,Tafla með breyttan losunarhraða,584402,N06AX12,Lyfjaver ehf.,,2025-08-05,2025-08-25,2025-08-14,resolved,Samheitalyf er á markaði / fáanlegt.,2026-09-23T20:59:59.005076,82899
IS,Iceland,Lyfjastofnun,Esomeprazol Krka (Heilsa),Esomeprazolum INN,20 mg,98 stk.,Magasýruþolið hart hylki,493562,A02BC05,Heilsa ehf.,,2025-08-05,2025-08-22,2025-07-28,resolved,Samheitalyf er á markaði / fáanlegt.,2026-09-23T20:59:59.005601,24163
IS,Iceland,Lyfjastofnun,Elocon,Mometasonum INN fúróat,1 mg/g,30 g,Krem,082548,D07AC13,N.V. Organon*,Vistor hf,2025-08-05,2025-09-16,2025-08-22,resolved,Aðrar pakkningastærðir eru á markaði / fáanlegar.,2026-09-23T20:59:59.006144,
IS,Iceland,Lyfjastofnun,Xolair,Omalizumabum INN,300 mg,2 ml,"Stungulyf, lausn í áfylltum lyfjapenna",521313,R03DX05,Novartis Europharm Limited*,Vistor hf,2025-08-05,2025-08-25,2025-07-28,resolved,Aðrir styrkleikar eru á markaði / fáanlegir.,2026-09-23T20:59:59.006685,229458
IS,Iceland,Lyfjastofnun,Diamicron Uno,Gliclazidum INN,30 mg,180 stk.,Tafla með breyttan losunarhraða,005672,A10BB09,Les Laboratoires Servier*,Icepharma hf,2025-08-05,2025-08-27,2025-08-05,resolved,Samheitalyf er á markaði / fáanlegt.,2026-09-23T20:59:59.007228,61530
IS,Iceland,Lyfjastofnun,ZESUVA,Sunitinibum INN,25 mg,28 stk.,Hart hylki,119497,L01EX01,Zentiva k.s.*,Alvogen ehf.,2025-08-05,2025-09-17,2025-08-05,resolved,Aðrir styrkleikar eru á markaði / fáanlegir.,2026-09-23T20:59:59.007766,
IS,Iceland,Lyfjastofnun,Aquipta,Atogepantum INN mónóhýdrat,60 mg,28 stk.,Tafla,421802,N02CD07,AbbVie Deutschland GmbH & Co. KG,,2025-08-05,2025-08-14,2025-07-23,resolved,. Stuttur skortur 2-3 dagar.,2026-09-23T20:59:59.008317,82899
IS,Iceland,Lyfjastofnun,Ezetrol,Ezetimibum INN,10 mg,28 stk.,Tafla,400573,C10AX09,N.V. Organon*,Vistor hf,2025-08-04,2025-09-01,2025-07-17,resolved,Samheitalyf er á markaði / fáanlegt.,2026-09-23T20:59:59.008861,70645
IS,Iceland,Lyfjastofnun,Paratabs,Paracetamolum INN,500 mg,20 stk.,Filmuhúðuð tafla,413988,N02BE01,Teva B.V.*,Teva Pharma Iceland ehf.*,2025-08-04,2025-12-19,2025-08-01,resolved,Samheitalyf er á markaði / fáanlegt.,2026-09-23T20:59:59.009403,27251
IS,Iceland,Lyfjastofnun,Íbúfen,Ibuprofenum INN,200 mg,20 stk.,Filmuhúðuð tafla,116551,M01AE01,Teva B.V.*,Teva Pharma Iceland ehf.*,2025-08-04,2025-11-20,2025-07-30,resolved,Aðrir styrkleikar eru á markaði / fáanlegir. lbufen 400 mg töflur er hægt er að brjóta í tvennt,2026-09-23T20:59:59.009957,27251
IS,Iceland,Lyfjastofnun,Imatinib Krka d.d.,Imatinibum INN mesýlat,400 mg,30 stk.,Filmuhúðuð tafla,174141,L01EA01,Krka d.d. Novo mesto*,,2025-08-01,2100-12-31,2025-08-05,shortage,"Um er að ræða lyf sem er að jafnaði ekki til á lager, en heildsala mun panta það ef þörf er á. Samheitalyf er á markaði",2026-09-23T20:59:59.010481,71307
IS,Iceland,Lyfjastofnun,Cisordinol,Zuclopenthixolum INN díhýdróklóríð,10 mg,100 stk.,Filmuhúðuð tafla,545848,N05AF05,H. Lundbeck A/S*,Vistor hf,2025-08-01,2026-01-30,2025-06-19,resolved,Aðrir styrkleikar eru á markaði / fáanlegir.,2026-09-23T20:59:59.011020,17655
IS,Iceland,Lyfjastofnun,Tanonalla,"Naloxonum INN hýdróklóríð, Oxycodonum INN hýdróklóríð",10 mg/5 mg,98 stk.,Forðatafla,379353,N02AA55,Sandoz A/S,,2025-08-01,2025-08-20,2025-08-07,resolved,Samheitalyf er á markaði / fáanlegt.,2026-09-23T20:59:59.011540,88838
IS,Iceland,Lyfjastofnun,Tanonalla,"Oxycodonum INN hýdróklóríð, Naloxonum INN hýdróklóríð","5 mg/2,5 mg",98 stk.,Forðatafla,055220,N02AA55,Sandoz A/S,,2025-08-01,2025-08-20,2025-08-07,resolved,Samheitalyf er á markaði / fáanlegt.,2026-09-23T20:59:59.012062,90220
IS,Iceland,Lyfjastofnun,Contalgin,Morphini sulfas,10 mg,100 stk.,Forðatafla,466094,N02AA01,Mundipharma A/S,Icepharma hf.*,2025-08-01,2025-08-14,2025-07-31,resolved,Aðrir styrkleikar eru á markaði / fáanlegir.,2026-09-23T20:59:59.012605,23418
IS,Iceland,Lyfjastofnun,Quetiapin Medical Valley,Quetiapinum INN fúmarat,200 mg,100 stk.,Forðatafla,076657,N05AH04,Medical Valley Invest AB,,2025-08-01,2025-12-07,2025-08-18,resolved,Samheitalyf er á markaði / fáanlegt.,2026-09-23T20:59:59.013130,50776
IS,Iceland,Lyfjastofnun,Quetiapin Medical Valley,Quetiapinum INN fúmarat,300 mg,100 stk.,Forðatafla,152410,N05AH04,Medical Valley Invest AB,,2025-08-01,2025-12-07,2025-08-18,resolved,Samheitalyf er á markaði / fáanlegt.,2026-09-23T20:59:59.013654,88838
IS,Iceland,Lyfjastofnun,Nasogen Normal,Xylometazolinum INN hýdróklóríð,1 mg/ml,10 ml,"Nefúði, lausn",394182,R01AA07,Alvogen ehf.,,2025-08-01,2025-08-28,2025-08-05,resolved,Samheitalyf er á markaði / fáanlegt.,2026-09-23T20:59:59.014204,148741
IS,Iceland,Lyfjastofnun,Nasogen Menthol,Xylometazolinum INN hýdróklóríð,1 mg/ml,10 ml,"Nefúði, lausn",172279,R01AA07,Alvogen ehf.,,2025-08-01,2025-08-28,2025-08-05,resolved,Samheitalyf er á markaði / fáanlegt.,2026-09-23T20:59:59.014734,43311
IS,Iceland,Lyfjastofnun,Glypressin,Terlipressinum INN  acetat,1 mg/hgl.,1 mg,"Stungulyfsstofn og leysir, lausn",031942,H01BA04,Ferring Lægemidler A/S,,2025-08-01,2025-08-11,2025-08-01,resolved,Ekkert sambærilegt lyf er á markaði / fáanlegt.,2026-09-23T20:59:59.015266,44423
IS,Iceland,Lyfjastofnun,Noradrenalin Abcur,Noradrenalinum tartrat (norepinephrinum INN tartrat),1 mg/ml,5 ml,"Innrennslisþykkni, lausn",476792,C01CA03,Abcur AB*,,2025-08-01,2027-11-01,2025-06-24,shortage,Undanþágulyf hefur verið útvegað. Dreifingaraðili hefur útvegað undanþágulyf Noradrenalin Abcur 1 mg/ml vnr 999719,2026-09-23T20:59:59.015801,48259
IS,Iceland,Lyfjastofnun,Volibris,Ambrisentanum INN,5 mg,30 stk.,Filmuhúðuð tafla,119984,C02KX02,GlaxoSmithKline Trading Services Limited,Vistor hf,2025-08-01,2025-09-05,2025-08-01,resolved,Aðrir styrkleikar eru á markaði / fáanlegir.,2026-09-23T20:59:59.016354,86797
IS,Iceland,Lyfjastofnun,Coxerit,Etoricoxibum INN,60 mg,98 stk.,Filmuhúðuð tafla,065468,M01AH05,Williams & Halls ehf,,2025-08-01,2025-08-20,2025-06-26,resolved,Aðrir styrkleikar og/eða samheitalyf eru á markaði / fáanlegir.,2026-09-23T20:59:59.016896,66745
IS,Iceland,Lyfjastofnun,Lacosamide Medical Valley,Lacosamidum INN,100 mg,56 stk.,Filmuhúðuð tafla,441101,N03AX18,Medical Valley Invest AB,,2025-08-01,2025-09-22,2025-08-18,resolved,Samheitalyf er á markaði / fáanlegt.,2026-09-23T20:59:59.017442,217875
IS,Iceland,Lyfjastofnun,DOVATO,"Dolutegravirum INN, Lamivudinum INN",50 mg/300 mg,30 stk.,Filmuhúðuð tafla,578537,J05AR25,ViiV Healthcare BV,Vistor hf,2025-08-01,2025-08-04,2025-07-23,resolved,Ekki til lyf með sama ATC númer en sambærilegt lyf í sama flokki er á markaði / fáanlegt. Stuttur skortur,2026-09-23T20:59:59.018018,24856
IS,Iceland,Lyfjastofnun,Mometason Apofri,Mometasonum INN fúróat,50 míkróg/skammt,140 skammtar,"Nefúði, dreifa",390439,R01AD09,Evolan Pharma AB,,2025-08-01,2025-01-05,2025-06-12,resolved,Samheitalyf er á markaði / fáanlegt.,2026-09-23T20:59:59.018568,201650
IS,Iceland,Lyfjastofnun,Quetiapin Medical Valley,Quetiapinum INN fúmarat,50 mg,100 stk.,Forðatafla,178991,N05AH04,Medical Valley Invest AB,,2025-08-01,2026-01-04,2025-08-18,resolved,Samheitalyf er á markaði / fáanlegt.,2026-09-23T20:59:59.019095,84182
IS,Iceland,Lyfjastofnun,Relvar Ellipta,"Fluticasonum INN fúróat, Vilanterolum INN trífenatat",92 míkróg/22 míkróg,30 skammtar,"Innöndunarduft, afmældir skammtar",445149,R03AK10,GlaxoSmithKline Trading Services Limited,Vistor hf,2025-07-31,2025-08-11,2025-07-28,resolved,Aðrir styrkleikar eru á markaði / fáanlegir. Relvar Ellipta 184 míkróg/22 míkróg er fáanlegt.,2026-09-23T20:59:59.019672,125334
IS,Iceland,Lyfjastofnun,Jakavi,Ruxolitinibum INN fosfat,15 mg,56 stk.,Tafla,553720,L01EJ01,Novartis Europharm Limited*,Vistor hf,2025-07-31,2025-08-18,2025-07-31,resolved,Aðrir styrkleikar eru á markaði / fáanlegir.,2026-09-23T20:59:59.020213,108472
IS,Iceland,Lyfjastofnun,Rivotril,Clonazepamum INN,2 mg,100 stk.,Tafla,593434,N03AE01,CHEPLAPHARM Arzneimittel GmbH,,2025-07-31,2025-11-11,2025-08-22,resolved,". Heildsalan Distica hefur útvegað undanþágulyfið Clonazepamum TZF, 2 mg 30 stk. vnr. 993411",2026-09-23T20:59:59.020738,7129
IS,Iceland,Lyfjastofnun,Triumeq,"Dolutegravirum INN, Abacavirum INN súlfat, Lamivudinum INN",50 mg/600 mg/300 mg,30 stk.,Filmuhúðuð tafla,569257,J05AR13,ViiV Healthcare BV,Vistor hf,2025-07-31,2025-08-06,2025-07-28,resolved,Ekki til lyf með sama ATC númer en sambærilegt lyf í sama flokki er á markaði / fáanlegt.,2026-09-23T20:59:59.021280,136034
IS,Iceland,Lyfjastofnun,NOCDURNA,Desmopressinum INN acetat,50 míkróg,30 stk.,Frostþurrkuð tafla,198665,H01BA02,Ferring Lægemidler A/S,,2025-07-31,2025-08-18,2025-08-08,resolved,Aðrir styrkleikar eru á markaði / fáanlegir.,2026-09-23T20:59:59.021802,134678
IS,Iceland,Lyfjastofnun,Simponi,Golimumabum INN,50 mg,"0,5 ml","Stungulyf, lausn í áfylltum lyfjapenna",179304,L04AB06,Janssen-Cilag International NV*,Vistor hf,2025-07-31,2025-08-04,2025-08-01,resolved,.,2026-09-23T20:59:59.022342,105406
IS,Iceland,Lyfjastofnun,SOTYKTU,Deucravacitinibum INN,6 mg,28 stk.,Filmuhúðuð tafla,488286,L04AF07,Bristol-Myers Squibb Pharma EEIG*,,2025-07-31,2025-08-28,2025-08-22,resolved,Sérpöntun / útboðslyf.,2026-09-23T20:59:59.022875,224839
IS,Iceland,Lyfjastofnun,Terrosa,Teriparatidum INN,20 míkróg/80 míkról,28 skammtar,"Stungulyf, lausn",126559,H05AA02,Gedeon Richter Plc.*,,2025-07-30,2025-10-22,2025-10-01,resolved,Aðrar pakkningastærðir eru á markaði / fáanlegar.,2026-09-23T20:59:59.023406,
IS,Iceland,Lyfjastofnun,Mitomycin medac,Mitomycinum INN,40 mg,40 mg,Duft og leysir fyrir þvagblöðrulausn,595768,L01DC03,medac Gesellschaft für klinische Spezialpräparate GmbH,,2025-07-30,2025-08-27,2025-08-22,resolved,Til skoðunar.,2026-09-23T20:59:59.023933,212733
IS,Iceland,Lyfjastofnun,Rivotril,Clonazepamum INN,"0,5 mg",150 stk.,Tafla,593392,N03AE01,CHEPLAPHARM Arzneimittel GmbH,,2025-07-30,2025-10-14,2025-08-22,resolved,". Heildsalan Distica hefur útvegað undanþágulyfið Clonazepamum TZF, 0,5 mg 30 stk. vnr. 993403",2026-09-23T20:59:59.024457,7110
IS,Iceland,Lyfjastofnun,Matever,Levetiracetamum INN,500 mg,100 stk.,Filmuhúðuð tafla,415946,N03AX14,Pharmathen S.A.*,,2025-07-30,2025-11-06,2025-04-10,resolved,Samheitalyf er á markaði / fáanlegt.,2026-09-23T20:59:59.024982,58394
IS,Iceland,Lyfjastofnun,Entresto,"Sacubitrilum INN, Valsartanum INN",49 mg/51 mg,56 stk.,Filmuhúðuð tafla,577135,C09DX04,Novartis Europharm Limited*,Vistor hf,2025-07-29,2025-08-18,2025-07-28,resolved,Aðrar pakkningastærðir eru á markaði / fáanlegar.,2026-09-23T20:59:59.025532,197998
IS,Iceland,Lyfjastofnun,Pentasa,Mesalazinum INN,1 g,28 stk.,Endaþarmsstíll,104760,A07EC02,Ferring Lægemidler A/S,Vistor hf,2025-07-29,2025-08-15,2025-07-28,resolved,Samheitalyf er á markaði / fáanlegt. Samheitalyfið Asacol er fáanlegt.,2026-09-23T20:59:59.026076,34215
IS,Iceland,Lyfjastofnun,Nicotinell Mint (Heilsa),Nicotinum bítartrat,1 mg,204 stk.,Munnsogstafla,580186,N07BA01,Heilsa ehf,,2025-07-28,2025-08-28,2025-07-28,resolved,Samheitalyf er á markaði / fáanlegt.,2026-09-23T20:59:59.026606,125482
IS,Iceland,Lyfjastofnun,Livostin (Heilsa),Levocabastinum INN hýdróklóríð,"0,5 mg/ml",4 ml,"Augndropar, dreifa",123855,S01GX02,Heilsa ehf,,2025-07-28,2025-08-13,2025-07-28,resolved,Samheitalyf er á markaði / fáanlegt.,2026-09-23T20:59:59.027134,220957
IS,Iceland,Lyfjastofnun,Terrosa,Teriparatidum INN,20 míkróg/80 míkról,28 skammtar,"Stungulyf, lausn",516335,H05AA02,Gedeon Richter Plc.*,,2025-07-28,2025-08-25,2025-07-07,resolved,Aðrar pakkningastærðir eru á markaði / fáanlegar.,2026-09-23T20:59:59.027664,
IS,Iceland,Lyfjastofnun,Capecitabine medac,Capecitabinum INN,500 mg,120 stk.,Filmuhúðuð tafla,016918,L01BC06,medac Gesellschaft für klinische Spezialpräparate GmbH,,2025-07-28,2025-07-29,2025-07-28,resolved,Samheitalyf er á markaði / fáanlegt.,2026-09-23T20:59:59.028227,59366
IS,Iceland,Lyfjastofnun,Metojectpen,Methotrexatum INN,"17,5 mg","17,5 mg","Stungulyf, lausn í áfylltum lyfjapenna",121892,L04AX03,medac Gesellschaft für klinische Spezialpräparate GmbH,,2025-07-28,2025-07-29,2025-07-21,resolved,. Mjög stuttur skortur,2026-09-23T20:59:59.028771,141461
IS,Iceland,Lyfjastofnun,Jakavi,Ruxolitinibum INN fosfat,5 mg,56 stk.,Tafla,488468,L01EJ01,Novartis Europharm Limited*,Vistor hf,2025-07-28,2025-08-18,2025-07-28,resolved,"Aðrir styrkleikar eru á markaði / fáanlegir. Lyfið er fáanlegt sem 10,15 og 20 mg tafla",2026-09-23T20:59:59.029325,108464
IS,Iceland,Lyfjastofnun,Stesolid,Diazepamum INN,"5 mg/2,5 ml",2.5 ml,Endaþarmslausn,379875,N05BA01,Actavis Group PTC ehf.,Teva Pharma Iceland ehf.*,2025-07-28,2025-09-05,2025-08-20,resolved,Önnur lyfjaform eru á markaði / fáanleg.,2026-09-23T20:59:59.029882,7390
IS,Iceland,Lyfjastofnun,Centyl mite með kaliumklorid,"Kalii chloridum, Bendroflumethiazidum INN","1,25 mg/573 mg",100 stk.,Filmuhúðuð tafla,128348,C03AB01,Karo Pharma AB*,Alvogen ehf.,2025-07-28,2025-08-01,2025-07-16,resolved,". Stuttur skortur, líklega til í einhverjum apótekum",2026-09-23T20:59:59.030428,
IS,Iceland,Lyfjastofnun,Zyban,Bupropionum INN hýdróklóríð,150 mg,100 stk.,Forðatafla,481176,N06AX12,GlaxoSmithKline Pharma A/S,Vistor hf,2025-07-28,2025-08-06,2025-07-02,resolved,"Ekki til lyf með sama ATC númer en sambærilegt lyf í sama flokki er á markaði / fáanlegt. Champix filmuhúðaðar töflur, sem er einnig ætlað sem stuðnings meðferð við að hætta reykingum, er fáanlegt.",2026-09-23T20:59:59.030976,88862
IS,Iceland,Lyfjastofnun,Ventoline,Salbutamolum INN súlfat,1 mg/ml,2.5 ml,Lausn í eimgjafa,085407,R03AC02,GlaxoSmithKline Pharma A/S,Vistor hf,2025-07-28,2025-08-13,2025-07-23,resolved,". Heildsalan Parlogis er með undanþágulyfið Salbutamol 1 mg/ml 60 *2,5 ml lykjur",2026-09-23T20:59:59.031525,27847
IS,Iceland,Lyfjastofnun,EpiPen Jr.,Adrenalinum (Epinephrinum INN),150 míkróg,1 stk.,"Stungulyf, lausn",434837,C01CA24,Viatris ApS,Icepharma hf.*,2025-07-28,2025-08-14,2025-06-26,resolved,Aðrir styrkleikar eru á markaði / fáanlegir.,2026-09-23T20:59:59.032076,145289
IS,Iceland,Lyfjastofnun,Natriumklorid Fresenius Kabi,Sodium chloride,9 mg/ml,500 ml,"Innrennslislyf, lausn",141388,B05BB01,Fresenius Kabi AB,Vistor hf,2025-07-25,2025-07-29,2025-07-23,resolved,Aðrar pakkningastærðir eru á markaði / fáanlegar. Stuttur skortur,2026-09-23T20:59:59.032622,26182
IS,Iceland,Lyfjastofnun,Risperdal Consta,Risperidonum INN,50 mg,50 mg,"Stungulyfsstofn og leysir, forðadreifa",599462,N05AX08,Janssen-Cilag AB,Vistor hf,2025-07-23,2025-08-11,2025-07-28,resolved,Aðrir styrkleikar eru á markaði / fáanlegir.,2026-09-23T20:59:59.033182,68284
IS,Iceland,Lyfjastofnun,Tegretol Retard,Carbamazepinum INN,400 mg,100 stk.,Forðatafla,527946,N03AF01,Novartis Healthcare A/S,Vistor hf,2025-07-22,2025-08-18,2025-07-18,resolved,"Önnur lyfjaform eru á markaði / fáanleg. Skortur er á lyfinu hjá báðum innflytjendum, bæði 200 mg og 400 mg, verið er að kanna möguleikann á því að flytja til landsins undanþágulyf.  Ef Tegretol Retard 400 mg eru til í einhverju apóteki eru þær eru með deiliskoru, skipta má forðatöflunum.",2026-09-23T20:59:59.033731,25984
IS,Iceland,Lyfjastofnun,Diamicron Uno,Gliclazidum INN,30 mg,90 stk.,Tafla með breyttan losunarhraða,005674,A10BB09,Les Laboratoires Servier*,Icepharma hf,2025-07-22,2025-08-27,2025-07-23,resolved,Aðrar pakkningastærðir eru á markaði / fáanlegar.,2026-09-23T20:59:59.034284,61530
IS,Iceland,Lyfjastofnun,Galafold,Migalastatum hýdróklóríð,123 mg,14 stk.,Hart hylki,434967,A16AX14,Amicus Therapeutics Europe Limited*,,2025-07-21,2025-07-30,2025-07-23,resolved,Ekkert sambærilegt lyf er á markaði / fáanlegt. Umboðsaðili Vistor er að flytja lyfið með hraði til landsins.,2026-09-23T20:59:59.034809,
IS,Iceland,Lyfjastofnun,Caverject Dual,Alprostadilum INN,10 míkróg,"0,5 ml","Stungulyfsstofn og leysir, lausn",000784,G04BE01,Pfizer ApS,Icepharma hf.*,2025-07-21,2026-02-01,2025-04-25,resolved,"Undanþágulyf hefur verið útvegað. Heildsalan Distica er að útvega undanþágulyfið Viridal sts 10 mcg/lykja, 6 lykjur í pakka, vnr 969724.",2026-09-23T20:59:59.035355,
IS,Iceland,Lyfjastofnun,Ciprofloxacin Alvogen,Ciprofloxacin hydrochloride,500 mg,10 stk.,Filmuhúðuð tafla,169762,J01MA02,Alvogen ehf.,,2025-07-21,2025-10-25,2025-06-26,resolved,Samheitalyf er á markaði / fáanlegt.,2026-09-23T20:59:59.035885,138932
IS,Iceland,Lyfjastofnun,Tegretol Retard (Lyfjaver),Carbamazepinum INN,400 mg,200 stk.,Forðatafla,016772,N03AF01,Lyfjaver ehf.,Lyfjaver ehf,2025-07-18,2025-12-31,2025-07-18,resolved,Samheitalyf er á markaði / fáanlegt.,2026-09-23T20:59:59.036447,25984
IS,Iceland,Lyfjastofnun,Spiron,Spironolactonum INN,50 mg,100 stk.,Tafla,507915,C03DA01,Orion Corporation,Vistor hf,2025-07-18,2025-07-21,2025-07-17,resolved,Samheitalyf er á markaði / fáanlegt.,2026-09-23T20:59:59.036998,15733
IS,Iceland,Lyfjastofnun,Zaditen (Heilsa) Noregur,Ketotifen hydrogen fumarate,"0,25 mg/ml",5 ml,"Augndropar, lausn",122126,S01GX08,Heilsa ehf.,,2025-07-18,2025-12-04,2025-07-08,resolved,Önnur lyfjaform eru á markaði / fáanleg. Zaditen stakskammtaílát eru á markaði  og fáanleg.,2026-09-23T20:59:59.037529,101850
IS,Iceland,Lyfjastofnun,Tegretol Retard (Lyfjaver),Carbamazepinum INN,200 mg,200 stk.,Forðatafla,016736,N03AF01,Lyfjaver ehf.,Lyfjaver ehf,2025-07-18,2025-12-31,2025-07-18,resolved,Samheitalyf er á markaði / fáanlegt.,2026-09-23T20:59:59.038116,25976
IS,Iceland,Lyfjastofnun,Lacosamide STADA,Lacosamidum INN,50 mg,56 stk.,Filmuhúðuð tafla,543209,N03AX18,STADA Arzneimittel AG,,2025-07-17,2025-08-20,2025-06-30,resolved,Samheitalyf er á markaði / fáanlegt.,2026-09-23T20:59:59.038655,89036
IS,Iceland,Lyfjastofnun,Telfast,Fexofenadinum INN hýdróklóríð,120 mg,30 stk.,Filmuhúðuð tafla,064544,R06AX26,Opella Healthcare France S.A.S.,STADA Nordic ApS.,2025-07-16,2025-07-18,2025-07-16,resolved,". Mjög stuttur skortur, samheitalyf er fáanlegt.",2026-09-23T20:59:59.039209,48739
IS,Iceland,Lyfjastofnun,Solifenacin Alvogen,Solifenacinum INN súkkínat,5 mg,90 stk.,Filmuhúðuð tafla,075865,G04BD08,Alvogen ehf.,,2025-07-16,2025-10-08,2025-07-14,resolved,Samheitalyf er á markaði / fáanlegt.,2026-09-23T20:59:59.039746,75337
IS,Iceland,Lyfjastofnun,Xtandi,Enzalutamidum INN,40 mg,112 stk.,Filmuhúðuð tafla,118153,L02BB04,Astellas Pharma Europe B.V.,Vistor hf,2025-07-16,2025-07-30,2025-07-16,resolved,Ekki til lyf með sama ATC númer en sambærilegt lyf í sama flokki er á markaði / fáanlegt.,2026-09-23T20:59:59.040303,148903
IS,Iceland,Lyfjastofnun,Esomeprazol Krka (Heilsa),Esomeprazolum INN,40 mg,98 stk.,Magasýruþolið hart hylki,560865,A02BC05,Heilsa ehf.,,2025-07-16,2025-08-28,2025-07-08,resolved,Samheitalyf er á markaði / fáanlegt.,2026-09-23T20:59:59.040835,17892
IS,Iceland,Lyfjastofnun,Metalyse,Tenekteplasum INN,5.000 ein.,1 stk.,"Stungulyfsstofn, lausn",038258,B01AD11,Boehringer Ingelheim International GmbH*,Vistor hf,2025-07-15,2025-07-15,2025-07-03,resolved,Aðrir styrkleikar eru á markaði / fáanlegir.,2026-09-23T20:59:59.041396,227285
IS,Iceland,Lyfjastofnun,Livostin (Heilsa),Levocabastinum INN hýdróklóríð,50 míkróg/skammt,150 skammtar,"Nefúði, dreifa",135613,R01AC02,Heilsa ehf,,2025-07-15,2025-07-25,2025-07-08,resolved,Samheitalyf er á markaði / fáanlegt.,2026-09-23T20:59:59.041924,34096
IS,Iceland,Lyfjastofnun,Ramíl,Ramiprilum INN,"2,5 mg",100 stk.,Tafla,046269,C09AA05,Teva B.V.*,Teva Pharma Iceland ehf.*,2025-07-15,2025-08-29,2025-07-18,resolved,. Til eru birgðir af 5 mg töflum og eru þær með deiliskort og skipta má töflunum í jafna helminga.,2026-09-23T20:59:59.042469,50555
IS,Iceland,Lyfjastofnun,Amlodipin Zentiva,Amlodipinum INN besýlat,"2,5 mg",84 stk.,Tafla,517200,C08CA01,Zentiva k.s.,,2025-07-15,2025-07-23,2025-07-14,resolved,Aðrar pakkningastærðir eru á markaði / fáanlegar.,2026-09-23T20:59:59.042996,
IS,Iceland,Lyfjastofnun,Metformin Bluefish,Metforminum INN hýdróklóríð,1000 mg,60 stk.,Filmuhúðuð tafla,162863,A10BA02,Bluefish Pharmaceuticals AB,Artasan ehf,2025-07-15,2025-07-31,2025-07-09,resolved,Samheitalyf er á markaði / fáanlegt.,2026-09-23T20:59:59.043543,60674
IS,Iceland,Lyfjastofnun,Dailiport,Tacrolimusum INN mónohýdrat,"0,5 mg",50x1 stk.,Hart forðahylki,397330,L04AD02,Sandoz A/S,,2025-07-15,2025-07-21,2025-06-30,resolved,Samheitalyf er á markaði / fáanlegt.,2026-09-23T20:59:59.044066,
IS,Iceland,Lyfjastofnun,Cubicin,Daptomycinum INN,350 mg,350 mg,"Stungulyfs-/innrennslisstofn, lausn",061961,J01XX09,Merck Sharp & Dohme B.V.*,Vistor hf,2025-07-15,2025-07-21,2025-07-16,resolved,Aðrir styrkleikar eru á markaði / fáanlegir.,2026-09-23T20:59:59.044616,90891
IS,Iceland,Lyfjastofnun,Hyprosan,Hypromellosum INN,"3,2 mg/ml",10 ml,"Augndropar, lausn",188338,S01XA20,Santen Oy,,2025-07-15,2025-07-18,2025-07-15,resolved,Aðrar pakkningastærðir eru á markaði / fáanlegar.,2026-09-23T20:59:59.045146,221295
IS,Iceland,Lyfjastofnun,Pirfenidone axunio,Pirfenidonum INN,267 mg,252 stk.,Filmuhúðuð tafla,499572,L04AX05,Axunio Pharma GmbH,,2025-07-14,2100-12-31,2025-07-10,shortage,Aðrar pakkningastærðir eru á markaði / fáanlegar. Ekki í notkun - sérpöntun,2026-09-23T20:59:59.045682,146765
IS,Iceland,Lyfjastofnun,Zyprexa,Olanzapinum INN,10 mg,10 mg,"Stungulyfsstofn, lausn",005885,N05AH03,"CHEPLAPHARM Registration GmbH,",,2025-07-14,2025-08-14,2025-07-07,resolved,Önnur lyfjaform eru á markaði / fáanleg.,2026-09-23T20:59:59.046223,71013
IS,Iceland,Lyfjastofnun,Synjardy,"Empagliflozinum INN, Metforminum INN hýdróklóríð",5 mg/1000 mg,60 x 1 stk.,Filmuhúðuð tafla,469086,A10BD20,Boehringer Ingelheim International GmbH*,Vistor hf,2025-07-14,2025-07-15,2025-07-03,resolved,Aðrir styrkleikar eru á markaði / fáanlegir.,2026-09-23T20:59:59.046787,128325
IS,Iceland,Lyfjastofnun,Synjardy,"Empagliflozinum INN, Metforminum INN hýdróklóríð",5 mg/1000 mg,180 stk.,Filmuhúðuð tafla,437763,A10BD20,Boehringer Ingelheim International GmbH*,Vistor hf,2025-07-14,2025-07-15,2025-07-03,resolved,Aðrir styrkleikar eru á markaði / fáanlegir.,2026-09-23T20:59:59.047351,128325
IS,Iceland,Lyfjastofnun,Presmin Combo,"Losartanum INN kalíum, Hydrochlorothiazide","50/12,5 mg",98 stk.,Filmuhúðuð tafla,103633,C09DA01,Alvogen ehf.,,2025-07-14,2025-08-19,2025-06-27,resolved,Samheitalyf er á markaði / fáanlegt.,2026-09-23T20:59:59.047893,69299
IS,Iceland,Lyfjastofnun,ABILIFY,Aripiprazolum INN,10 mg,28 stk.,Tafla,010951,N05AX12,Otsuka Pharmaceutical Netherlands B.V.*,Vistor hf,2025-07-13,2025-07-24,2025-07-16,resolved,. Stuttur skortur önnur sambærileg lyf til á markaði,2026-09-23T20:59:59.048466,75248
IS,Iceland,Lyfjastofnun,Picoprep,"Natrii picosulfas INN, Magnesii oxidum, Citric acid",,2 stk.,"Mixtúruduft, lausn",397796,A06AB58,Ferring Lægemidler A/S,,2025-07-12,2025-07-15,2025-07-02,resolved,. CitraFleet mixtúruduft lausn er fáanlegt,2026-09-23T20:59:59.048987,68284
IS,Iceland,Lyfjastofnun,Xarelto,Rivaroxabanum INN,15 mg,42 stk.,Filmuhúðuð tafla,039141,B01AF01,Bayer AG*,Icepharma hf,2025-07-11,2025-08-29,2025-07-11,resolved,Aðrar pakkningastærðir eru á markaði / fáanlegar.,2026-09-23T20:59:59.049528,100145
IS,Iceland,Lyfjastofnun,Timosan Depot,Timololum INN maleat,1 mg/g,30 stk.,Augnhlaup í stakskammtaíláti,023590,S01ED01,Santen Oy*,Icepharma hf,2025-07-11,2025-10-28,2025-07-11,resolved,Ekki til lyf með sama ATC númer en sambærilegt lyf í sama flokki er á markaði / fáanlegt. Ekkert annað timolol á markaði en timolol í blöndum er til á markaði,2026-09-23T20:59:59.050074,
IS,Iceland,Lyfjastofnun,Risperidone Teva GmbH,Risperidonum INN,50 mg,50 mg,"Stungulyfsstofn og leysir, forðadreifa",422087,N05AX08,TEVA GmbH,,2025-07-11,2100-12-31,2025-05-30,shortage,Samheitalyf er á markaði / fáanlegt.,2026-09-23T20:59:59.050610,68284
IS,Iceland,Lyfjastofnun,Adartrel (Lyfjaver),Ropinirolum INN hýdróklóríð,"0,25 mg",12 stk.,Filmuhúðuð tafla,538272,N04BC04,Lyfjaver ehf.,,2025-07-11,2025-11-01,2025-08-14,resolved,Aðrir styrkleikar og/eða samheitalyf eru á markaði / fáanlegir.,2026-09-23T20:59:59.051138,48186
IS,Iceland,Lyfjastofnun,Oncaspar,Pegaspargasum INN,750 ein./ml,3.750 ein.,"Stungulyfs-/innrennslisstofn, lausn",449842,L01XX24,Les Laboratoires Servier*,Icepharma hf.*,2025-07-11,2025-07-18,2025-07-15,resolved,". Lyfið er til hjá LSH en ekki hjá heildsala, kemur aftur í næstu viku.",2026-09-23T20:59:59.051674,148644
IS,Iceland,Lyfjastofnun,Nicorette Invisi,Nicotinum INN,10 mg/16 klst.,14 stk.,Forðaplástur,065752,N07BA01,McNeil Denmark ApS,Vistor hf,2025-07-11,2025-08-07,2025-06-27,resolved,Aðrir styrkleikar og lyfjaform eru á markaði / fáanlegir.,2026-09-23T20:59:59.052228,
IS,Iceland,Lyfjastofnun,Tafinlar,Dabrafenibum INN,50 mg,120 stk.,Hart hylki,589153,L01EC02,Novartis Europharm Limited*,Vistor hf,2025-07-11,2025-08-18,2025-07-11,resolved,Aðrir styrkleikar eru á markaði / fáanlegir.,2026-09-23T20:59:59.052768,219592
IS,Iceland,Lyfjastofnun,SOTYKTU,Deucravacitinibum INN,6 mg,28 stk.,Filmuhúðuð tafla,488286,L04AF07,Bristol-Myers Squibb Pharma EEIG*,,2025-07-10,2025-07-31,2025-07-09,resolved,Til skoðunar.,2026-09-23T20:59:59.053298,224839
IS,Iceland,Lyfjastofnun,Keppra (Abacus Medicine),Levetiracetamum INN,500 mg,100 stk.,Filmuhúðuð tafla,453169,N03AX14,Abacus Medicine A/S,,2025-07-10,2025-07-24,2025-07-07,resolved,". Samhliða innflutt Keppra frá Lyfjaver, 500 mg filmuhúðaðar töflur eru á markaði, vnr 437581.",2026-09-23T20:59:59.053828,58394
IS,Iceland,Lyfjastofnun,Vancomycin hameln,Vancomycin hydrochloride,500 mg,500 mg,"Stofn fyrir innrennslisþykkni, lausn",039904,J01XA01,hameln pharma gmbh,,2025-07-10,2025-08-20,2025-07-10,resolved,Til skoðunar.,2026-09-23T20:59:59.054352,23043
IS,Iceland,Lyfjastofnun,OxyContin Depot,Oxycodonum INN hýdróklóríð,10 mg,28 stk.,Forðatafla,179733,N02AA05,Mundipharma A/S,Icepharma hf,2025-07-10,2025-07-28,2025-06-25,resolved,Samheitalyf er á markaði / fáanlegt.,2026-09-23T20:59:59.054894,57614
IS,Iceland,Lyfjastofnun,Jakavi,Ruxolitinibum INN fosfat,20 mg,56 stk.,Tafla,461113,L01EJ01,Novartis Europharm Limited*,Vistor hf,2025-07-10,2025-07-14,2025-07-10,resolved,Aðrir styrkleikar eru á markaði / fáanlegir.,2026-09-23T20:59:59.055438,44466
IS,Iceland,Lyfjastofnun,Alcaine,Proxymetacainum INN hýdróklóríð,5 mg/ml,15 ml,"Augndropar, lausn",132845,S01HA04,Alcon Nordic A/S,,2025-07-09,2025-09-30,2025-08-22,resolved,Undanþágulyf hefur verið útvegað.,2026-09-23T20:59:59.055955,
IS,Iceland,Lyfjastofnun,Exemestan Actavis,Exemestanum INN,25 mg,100 stk.,Filmuhúðuð tafla,153507,L02BG06,Actavis Group PTC ehf.,Teva Pharma Iceland ehf.*,2025-07-09,2025-09-26,2025-07-18,resolved,Samheitalyf er á markaði / fáanlegt.,2026-09-23T20:59:59.056495,54917
IS,Iceland,Lyfjastofnun,Venclyxto,Venetoclaxum INN,50 mg,7 stk.,Filmuhúðuð tafla,537354,L01XX52,AbbVie Deutschland GmbH & Co. KG,Vistor hf,2025-07-09,2025-07-14,2025-07-09,resolved,Aðrir styrkleikar eru á markaði / fáanlegir. Venclyxto 50 mg töflur eru fáanlegar hjá heildsölu með fyrningu 31.12.25,2026-09-23T20:59:59.057041,138258
IS,Iceland,Lyfjastofnun,Xolair,Omalizumabum INN,300 mg,2 ml,"Stungulyf, lausn í áfylltum lyfjapenna",521313,R03DX05,Novartis Europharm Limited*,Vistor hf,2025-07-09,2025-07-14,2025-07-09,resolved,Aðrir styrkleikar eru á markaði / fáanlegir.,2026-09-23T20:59:59.057586,229458
IS,Iceland,Lyfjastofnun,Tegretol Retard,Carbamazepinum INN,200 mg,100 stk.,Forðatafla,599599,N03AF01,Novartis Healthcare A/S,Vistor hf,2025-07-07,2025-08-18,2025-07-07,resolved,Undanþágulyf hefur verið útvegað. Heildsalan Parlogis hefur útvegað undanþágulyfið Tegretol Retard 200 mg í dönsk/íslenskum pakkningum.,2026-09-23T20:59:59.058154,25976
IS,Iceland,Lyfjastofnun,Prasugrel Viatris,Prasugrelum INN hýdróklóríð,5 mg,30 stk.,Filmuhúðuð tafla,390587,B01AC22,Viatris Limited,Icepharma hf.*,2025-07-07,2026-11-03,2025-07-07,shortage,"Undanþágulyf hefur verið útvegað. Heildsalan Parlogis er að útvega undanþágulyf Prasugrel 5 mg 28 stk, vnr 990273, Lyfjastofnun hefur heimilað útskipti. Auk þess er annar styrkleiki til á markaði.",2026-09-23T20:59:59.058699,196886
IS,Iceland,Lyfjastofnun,Procoralan,Ivabradinum INN hýdróklóríð,5 mg,56 stk.,Filmuhúðuð tafla,041086,C01EB17,Les Laboratoires Servier*,Icepharma hf,2025-07-07,2025-07-14,2025-07-04,resolved,Samheitalyf er á markaði / fáanlegt.,2026-09-23T20:59:59.059241,198161
IS,Iceland,Lyfjastofnun,ZESUVA,Sunitinibum INN,50 mg,28 stk.,Hart hylki,585193,L01EX01,Zentiva k.s.*,Alvogen ehf.,2025-07-07,2025-09-26,2025-07-14,resolved,"Aðrir styrkleikar eru á markaði / fáanlegir. Útboðslyf, til á lager LSH",2026-09-23T20:59:59.059776,
IS,Iceland,Lyfjastofnun,Curosurf,Fosfólípíð og prótein úr svínalungum,80 mg/ml,"1,5 ml",Dreifa til íkomu í barka og lungu,571181,R07AA02,Chiesi Farmaceutici S.p.A.*,,2025-07-07,2025-07-21,2025-07-01,resolved,Aðrar pakkningastærðir eru á markaði / fáanlegar.,2026-09-23T20:59:59.060293,72117
IS,Iceland,Lyfjastofnun,Zaditen,Ketotifen hydrogen fumarate,"0,25 mg/ml",5 ml,"Augndropar, lausn",076403,S01GX08,Laboratoires THEA S.A.S.,,2025-07-07,2027-03-01,2025-08-22,shortage,Aðrar pakkningastærðir og lyfjaform eru á markaði / fáanlegar.,2026-09-23T20:59:59.060814,196886
IS,Iceland,Lyfjastofnun,Oxycodone/Naloxone Alvogen,"Oxycodonum INN hýdróklóríð, Naloxonum INN hýdróklóríð",10 mg/5 mg,30 stk.,Forðatafla,427556,N02AA55,Alvogen ehf.,,2025-07-07,2025-07-29,2025-04-10,resolved,Aðrar pakkningastærðir eru á markaði / fáanlegar.,2026-09-23T20:59:59.061345,88838
IS,Iceland,Lyfjastofnun,Bimectin Horse Oral Paste,Ivermectin,"18,7 mg/g","6,42 g",Pasta til inntöku,448590,QP54AA01,Bimeda Animal Health Limited,Icepharma hf,2025-07-07,2025-11-01,2025-08-26,resolved,Samheitalyf er á markaði / fáanlegt.,2026-09-23T20:59:59.061905,
IS,Iceland,Lyfjastofnun,Telfast (Heilsa),Fexofenadinum INN hýdróklóríð,120 mg,30 stk.,Filmuhúðuð tafla,567286,R06AX26,Heilsa ehf.,,2025-07-07,2025-07-25,2025-07-07,resolved,"Samheitalyf er á markaði / fáanlegt. 7.7.25 VB: varaði Icepharma/Hlíf við fyrirsjáanlegum skorti.
9.7.25 svar frá Hlíf: Við búumst við að geta dekkað aukna sölu næstu vikurnar.  //MLH",2026-09-23T20:59:59.062447,48739
IS,Iceland,Lyfjastofnun,Betnovat,Betamethasonum INN valerat,1 mg/ml,100 ml,Húðlausn,008326,D07AC01,GlaxoSmithKline Pharma A/S,Vistor hf,2025-07-04,2025-09-11,2025-08-22,resolved,Ekki til lyf með sama ATC númer en sambærilegt lyf í sama flokki er á markaði / fáanlegt.,2026-09-23T20:59:59.063006,1465
IS,Iceland,Lyfjastofnun,Klyx,"Docusatum natricum INN, Sorbitolum",,120 ml,Endaþarmslausn,371617,A06AG10,Ferring Lægemidler A/S (F),Ferring Lægemidler A/S,2025-07-04,2025-07-09,2025-06-19,resolved,Aðrar pakkningastærðir eru á markaði / fáanlegar.,2026-09-23T20:59:59.063553,1619
IS,Iceland,Lyfjastofnun,Sitagliptin STADA,Sitagliptinum INN hýdróklóríð,50 mg,100 stk.,Filmuhúðuð tafla,558158,A10BH01,STADA Arzneimittel AG,,2025-07-04,2025-07-18,2025-06-30,resolved,Samheitalyf er á markaði / fáanlegt.,2026-09-23T20:59:59.064083,218111
IS,Iceland,Lyfjastofnun,Entresto,"Sacubitrilum INN, Valsartanum INN",49 mg/51 mg,56 stk.,Filmuhúðuð tafla,577135,C09DX04,Novartis Europharm Limited*,Vistor hf,2025-07-03,2025-07-14,2025-07-03,resolved,Aðrar pakkningastærðir eru á markaði / fáanlegar.,2026-09-23T20:59:59.064619,197998
IS,Iceland,Lyfjastofnun,Natriumklorid Fresenius Kabi,Sodium chloride,9 mg/ml,500 ml,"Innrennslislyf, lausn",141388,B05BB01,Fresenius Kabi AB,Vistor hf,2025-07-02,2025-07-02,2025-06-19,resolved,Aðrar pakkningastærðir eru á markaði / fáanlegar.,2026-09-23T20:59:59.065160,26182
IS,Iceland,Lyfjastofnun,Pentasa Sachet,Mesalazinum INN,2 g,60 stk.,Forðakyrni,021625,A07EC02,Ferring Lægemidler A/S,Vistor hf,2025-07-02,2025-07-10,2025-06-19,resolved,Aðrir styrkleikar og lyfjaform eru á markaði / fáanlegir.,2026-09-23T20:59:59.065706,24856
IS,Iceland,Lyfjastofnun,Trajenta,Linagliptinum INN,5 mg,30 x 1 stk.,Filmuhúðuð tafla,091493,A10BH05,Boehringer Ingelheim International GmbH*,Vistor hf,2025-07-01,2025-07-14,2025-06-23,resolved,Aðrar pakkningastærðir eru á markaði / fáanlegar.,2026-09-23T20:59:59.066252,101125
IS,Iceland,Lyfjastofnun,Buvidal,Buprenorphinum INN,8 mg,"0,16 ml","Stungulyf, forðalausn",077555,N07BC01,Camurus AB,,2025-07-01,2025-07-22,2025-07-01,resolved,Aðrir styrkleikar eru á markaði / fáanlegir.,2026-09-23T20:59:59.066771,
IS,Iceland,Lyfjastofnun,Pemetrexed Accord,Pemetrexedum INN dínatríum,25 mg/ml,20 ml,"Innrennslisþykkni, lausn",056300,L01BA04,Accord Healthcare S.L.U.,,2025-07-01,2025-09-16,2025-08-22,resolved,Sérpöntun / útboðslyf. Pemetrexed Accord í frönskum pakkningum er mögulega til hjá heildsala,2026-09-23T20:59:59.067296,89451
IS,Iceland,Lyfjastofnun,Thiamazole Uni-Pharma,Thiamazolum INN,5 mg,100 stk.,Tafla,497730,H03BB02,Uni-Pharma Kleon Tsetis Pharmaceutical Laboratories S.A.,,2025-07-01,2025-07-15,2025-06-23,resolved,". Skortur gæti varað í viku til tíu daga, mögulega eru til birgðir í apótekum",2026-09-23T20:59:59.067821,108596
IS,Iceland,Lyfjastofnun,Telfast,Fexofenadinum INN hýdróklóríð,120 mg,30 stk.,Filmuhúðuð tafla,064544,R06AX26,Opella Healthcare France S.A.S.,STADA Nordic ApS.,2025-07-01,2025-07-03,2025-06-30,resolved,". Mjög stuttur skortur, 3 dagar, líklega til í einhverjum apótekum.",2026-09-23T20:59:59.068406,48739
IS,Iceland,Lyfjastofnun,Natriumhydrogenkarbonat B. Braun,Natrii hydrogenocarbonas,500 mmól/l,250 ml,"Innrennslislyf, lausn",449470,B05BB01,B.Braun Melsungen AG*,Teva Pharma Iceland ehf.*,2025-06-30,2025-07-14,2025-06-30,resolved,". Heildsalan Parlogis hefur útvegað undanþágulyfið Natriumhydrogenkarbonat, 50 mmol/l, 0,25 L, vnr 973783",2026-09-23T20:59:59.068957,17698
IS,Iceland,Lyfjastofnun,Opsumit,Macitentanum INN,10 mg,30 stk.,Filmuhúðuð tafla,073276,C02KX04,Janssen-Cilag International NV*,Vistor hf,2025-06-30,2025-10-27,2025-08-22,resolved,Sérpöntun / útboðslyf.,2026-09-23T20:59:59.069505,115452
IS,Iceland,Lyfjastofnun,Olanzapin Actavis,Olanzapinum INN,5 mg,100 stk.,Filmuhúðuð tafla,392402,N05AH03,Actavis Group PTC ehf.,Teva Pharma Iceland ehf.*,2025-06-30,2025-08-31,2025-05-16,resolved,Samheitalyf er á markaði / fáanlegt.,2026-09-23T20:59:59.070052,45543
IS,Iceland,Lyfjastofnun,Allopurinol Alvogen,,100 mg,100 stk.,Tafla,514949,M04AA01,Alvogen ehf.,,2025-06-30,2025-10-01,2025-04-10,afskráning,Samheitalyf er á markaði / fáanlegt.,2026-09-23T20:59:59.070581,671
IS,Iceland,Lyfjastofnun,Atomoxetin Actavis,Atomoxetinum INN hýdróklóríð,10 mg,30 stk.,Hart hylki,426475,N06BA09,Actavis Group PTC ehf.,Teva Pharma Iceland ehf.*,2025-06-30,2025-07-21,2025-05-16,resolved,Samheitalyf er á markaði / fáanlegt.,2026-09-23T20:59:59.071133,17698
IS,Iceland,Lyfjastofnun,Imigran,Sumatriptanum INN súkkínat,12 mg/ml,"0,5 ml","Stungulyf, lausn",093260,N02CC01,GlaxoSmithKline Pharma A/S,Vistor hf,2025-06-30,2025-07-04,2025-06-19,resolved,Önnur lyfjaform eru á markaði / fáanleg.,2026-09-23T20:59:59.071679,38210
IS,Iceland,Lyfjastofnun,Cloxacillin XGX Pharma,Cloxacillinum INN natríum,2 g,2 g,"Stungulyfs-/innrennslisstofn, lausn",384138,J01CF02,XGX Pharma ApS,,2025-06-26,2025-11-18,2025-08-22,resolved,Aðrir styrkleikar eru á markaði / fáanlegir.,2026-09-23T20:59:59.072207,
IS,Iceland,Lyfjastofnun,Lamictal,Lamotriginum INN,2 mg,30 stk.,Tuggu-/dreifitafla,001905,N03AX09,GlaxoSmithKline Pharma A/S,Vistor hf,2025-06-26,2025-11-08,2025-08-22,resolved,Aðrir styrkleikar eru á markaði / fáanlegir.,2026-09-23T20:59:59.072757,125091
IS,Iceland,Lyfjastofnun,Mekinist,Trametinibum INN,"0,5 mg",30 stk.,Filmuhúðuð tafla,374194,L01EE01,Novartis Europharm Limited*,Vistor hf,2025-06-26,2025-07-14,2025-06-26,resolved,Aðrir styrkleikar eru á markaði / fáanlegir.,2026-09-23T20:59:59.073301,127892
IS,Iceland,Lyfjastofnun,Ritalin Uno,Methylphenidatum INN hýdróklóríð,40 mg,30 stk.,Hart hylki með breyttan losunarhraða,013079,N06BA04,InfectoPharm Arzneimittel und Consilium GmbH*,Vistor hf,2025-06-26,2025-07-08,2025-06-12,resolved,Aðrir styrkleikar og/eða samheitalyf eru á markaði / fáanlegir.,2026-09-23T20:59:59.073858,83062
IS,Iceland,Lyfjastofnun,Fucidin (Heilsa),Acidum fusidicum INN,2 %,15 g,Smyrsli,118060,D06AX01,Heilsa ehf.,,2025-06-25,2025-07-28,2025-06-25,resolved,Samheitalyf er á markaði / fáanlegt.,2026-09-23T20:59:59.074381,141003
IS,Iceland,Lyfjastofnun,Brintellix (Abacus Medicine),Vortioxetinum INN brómíð,20 mg,98 stk.,Filmuhúðuð tafla,426417,N06AX26,Abacus Medicine A/S,,2025-06-25,2025-07-02,2025-06-25,resolved,Samheitalyf er á markaði / fáanlegt.,2026-09-23T20:59:59.074912,120758
IS,Iceland,Lyfjastofnun,Esomeprazol Krka (Heilsa),Esomeprazolum INN,40 mg,98 stk.,Magasýruþolið hart hylki,560865,A02BC05,Heilsa ehf.,,2025-06-25,2025-07-04,2025-06-25,resolved,Samheitalyf er á markaði / fáanlegt.,2026-09-23T20:59:59.075441,17892
IS,Iceland,Lyfjastofnun,Piperacillin/Tazobactam WH,"Piperacillinum INN natríum, Tazobactamum INN natríum","4 g/0,5 g",10 stk.,"Innrennslisstofn, lausn",562828,J01CR05,Williams & Halls ehf.,,2025-06-25,2025-07-13,2025-06-02,resolved,Ekkert sambærilegt lyf er á markaði / fáanlegt.,2026-09-23T20:59:59.075971,37133
IS,Iceland,Lyfjastofnun,Methotrexat Ebewe,Methotrexatum INN,100 mg/ml,10 ml,"Innrennslisþykkni, lausn",124773,L01BA01,EBEWE Pharma Ges.m.b.H.Nfg. KG,Sandoz A/S*,2025-06-24,2025-07-15,2025-06-24,resolved,Aðrar pakkningastærðir eru á markaði / fáanlegar.,2026-09-23T20:59:59.076517,141003
IS,Iceland,Lyfjastofnun,Hizentra,Human normal immunoglobulin,200 mg/ml,20 ml,"Stungulyf, lausn",167315,J06BA01,CSL Behring GmbH*,CSL Behring AB,2025-06-23,2025-06-27,2025-06-24,resolved,Aðrar pakkningastærðir eru á markaði / fáanlegar.,2026-09-23T20:59:59.077059,97411
IS,Iceland,Lyfjastofnun,Vivelle dot,Estradiol,50 míkróg,8 stk.,Forðaplástur,127850,G03CA03,Sandoz A/S,,2025-06-23,2025-06-27,2025-06-18,resolved,Aðrir styrkleikar eru á markaði / fáanlegir.,2026-09-23T20:59:59.077585,
IS,Iceland,Lyfjastofnun,Daivobet,"Calcipotriolum INN, Betamethasonum INN díprópíónat","50 míkróg/g /0,5 mg/ g",30 g,Hlaup,088696,D05AX52,LEO Pharma A/S*,Vistor hf,2025-06-23,2025-07-01,2025-06-23,resolved,Aðrar pakkningastærðir eru á markaði / fáanlegar.,2026-09-23T20:59:59.078149,89761
IS,Iceland,Lyfjastofnun,Testogel (Heilsa),Testosterone,50 mg,30 skammtapokar,Hlaup til notkunar um húð,476265,G03BA03,Heilsa ehf,,2025-06-22,2025-07-11,2025-06-12,resolved,Samheitalyf er á markaði / fáanlegt.,2026-09-23T20:59:59.078675,74225
IS,Iceland,Lyfjastofnun,Norgesic,"Orphenadrinum INN cítrat, Paracetamolum INN",35+450 mg,30 stk.,Tafla,520759,M03BC51,Viatris ApS,Icepharma hf.*,2025-06-20,2025-07-02,2025-06-27,resolved,Undanþágulyf hefur verið útvegað.,2026-09-23T20:59:59.079219,
IS,Iceland,Lyfjastofnun,Haiprex,Methenaminum INN hippúrat,1 g,100 stk.,Tafla,142323,J01XX05,Viatris ApS,Icepharma hf.*,2025-06-20,2025-06-20,2025-05-21,resolved,Til skoðunar.,2026-09-23T20:59:59.079761,
IS,Iceland,Lyfjastofnun,Telfast (Heilsa),Fexofenadinum INN hýdróklóríð,120 mg,100 stk.,Filmuhúðuð tafla,527980,R06AX26,Heilsa ehf.,,2025-06-20,2026-01-01,2025-06-12,resolved,Samheitalyf er á markaði / fáanlegt.,2026-09-23T20:59:59.080286,73458
IS,Iceland,Lyfjastofnun,Inspra,Eplerenonum INN,50 mg,100 stk.,Filmuhúðuð tafla,018714,C03DA04,Viatris ApS,Icepharma hf.*,2025-06-20,2025-07-21,2025-05-21,resolved,Samheitalyf er á markaði / fáanlegt.,2026-09-23T20:59:59.080827,73458
IS,Iceland,Lyfjastofnun,Allopurinol Alvogen,,300 mg,100 stk.,Tafla,190715,M04AA01,Alvogen ehf.,,2025-06-20,2025-10-01,2025-04-10,afskráning,Samheitalyf er á markaði / fáanlegt.,2026-09-23T20:59:59.081353,3913
IS,Iceland,Lyfjastofnun,Besremi,Ropeginterferonum alfa-2b INN,"250 míkrógrömm/0,5 ml","0,5 ml","Stungulyf, lausn í áfylltum lyfjapenna",495597,L03AB15,AOP Orphan Pharmaceuticals GmbH,Icepharma hf.*,2025-06-20,2025-06-26,2025-06-20,resolved,Til skoðunar.,2026-09-23T20:59:59.081888,209716
IS,Iceland,Lyfjastofnun,Ritalin Uno,Methylphenidatum INN hýdróklóríð,40 mg,30 stk.,Hart hylki með breyttan losunarhraða,013079,N06BA04,InfectoPharm Arzneimittel und Consilium GmbH*,Vistor hf,2025-06-20,2025-07-10,2025-05-05,resolved,Aðrir styrkleikar eru á markaði / fáanlegir.,2026-09-23T20:59:59.082423,83062
IS,Iceland,Lyfjastofnun,Desmopressin Zentiva,"Lactose monohydrate, Desmopressinum INN acetat",60 míkróg,30 stk.,Tungurótartafla,379908,H01BA02,Zentiva k.s.*,,2025-06-20,2025-06-23,2025-06-19,resolved,Samheitalyf er á markaði / fáanlegt.,2026-09-23T20:59:59.082945,225479
IS,Iceland,Lyfjastofnun,Ibetin,Ibuprofenum INN,400 mg,50 stk.,Filmuhúðuð tafla,540825,M01AE01,Zentiva k.s.*,,2025-06-19,2025-06-23,2025-06-19,resolved,Samheitalyf er á markaði / fáanlegt.,2026-09-23T20:59:59.083467,
IS,Iceland,Lyfjastofnun,Pentasa,Mesalazinum INN,1 g,60 stk.,Forðatafla,528584,A07EC02,Ferring Lægemidler A/S,Vistor hf,2025-06-19,2025-07-04,2025-06-19,resolved,Aðrir styrkleikar eru á markaði / fáanlegir.,2026-09-23T20:59:59.084041,92673
IS,Iceland,Lyfjastofnun,Gamunex,HUMAN NORMAL IMMUNOGLOBULIN (IV),100 mg/ml,50 ml,"Innrennslislyf, lausn",577162,J06BA02,Grifols Deutschland GmbH*,Alvogen ehf.,2025-06-19,2025-06-25,2025-06-19,resolved,Aðrar pakkningastærðir eru á markaði / fáanlegar.,2026-09-23T20:59:59.084592,
IS,Iceland,Lyfjastofnun,Ondansetron Fresenius Kabi,Ondansetronum INN hýdróklóríð,2 mg/ml,2 ml,"Stungulyf, lausn",060523,A04AA01,Fresenius Kabi AB,,2025-06-19,2025-06-30,2025-06-19,resolved,Aðrar pakkningastærðir eru á markaði / fáanlegar.,2026-09-23T20:59:59.085112,
IS,Iceland,Lyfjastofnun,Xembify,Human normal immunoglobulin,200 mg/ml,5 ml,"Stungulyf, lausn",189759,J06BA01,Instituto Grifols S.A.*,,2025-06-19,2025-06-24,2025-05-27,resolved,Aðrar pakkningastærðir eru á markaði / fáanlegar.,2026-09-23T20:59:59.085632,
IS,Iceland,Lyfjastofnun,Oncaspar,Pegaspargasum INN,750 ein./ml,3.750 ein.,"Stungulyfs-/innrennslisstofn, lausn",449842,L01XX24,Les Laboratoires Servier*,Icepharma hf.*,2025-06-18,2025-06-27,2025-06-24,resolved,.,2026-09-23T20:59:59.086212,148644
IS,Iceland,Lyfjastofnun,Esomeprazol Krka (Heilsa),Esomeprazolum INN,20 mg,28 stk.,Magasýruþolið hart hylki,188176,A02BC05,Heilsa ehf.,,2025-06-18,2025-11-30,2025-06-12,resolved,Samheitalyf er á markaði / fáanlegt.,2026-09-23T20:59:59.086756,94862
IS,Iceland,Lyfjastofnun,Glucos Fresenius Kabi,Glucosum,200 mg/ml,500 ml,"Innrennslislyf, lausn",530828,B05BA03,Fresenius Kabi AB,Vistor hf,2025-06-18,2025-06-29,2025-06-12,resolved,Aðrir styrkleikar og/eða samheitalyf eru á markaði / fáanlegir.,2026-09-23T20:59:59.087306,23892
IS,Iceland,Lyfjastofnun,Valaciclovir Bluefish,Valaciclovirum INN hýdróklóríð,500 mg,42 stk.,Filmuhúðuð tafla,152675,J05AB11,Bluefish Pharmaceuticals AB,Artasan ehf,2025-06-16,2025-07-07,2025-06-10,resolved,Aðrar pakkningastærðir eru á markaði / fáanlegar.,2026-09-23T20:59:59.087863,42080
IS,Iceland,Lyfjastofnun,Vivelle dot,Estradiol,100 míkróg,8 stk.,Forðaplástur,465808,G03CA03,Sandoz A/S,,2025-06-16,2025-06-27,2025-06-06,resolved,Aðrir styrkleikar eru á markaði / fáanlegir.,2026-09-23T20:59:59.088438,
IS,Iceland,Lyfjastofnun,Naproxen Viatris,Naproxenum INN,500 mg,100 stk.,Tafla,148248,M01AE02,Viatris Limited,Icepharma hf,2025-06-16,2027-01-11,2025-05-02,shortage,"Undanþágulyf hefur verið útvegað. Lausasölupakkning með 20 stk er fáanleg , auk þess hefur Lyfjastofnun heimilað lyfjafræðingum að breyta ávísun á lyfið í skorti í undanþágulyfið Bonyl 500 mg 100 stk., vnr 965579, lyfið er í dönskum umbúðum.",2026-09-23T20:59:59.088992,20850
IS,Iceland,Lyfjastofnun,Sandimmun Neoral,Ciclosporinum INN,25 mg,50 stk.,Mjúkt hylki,466482,L04AD01,Novartis Healthcare A/S,Vistor hf,2025-06-16,2025-06-18,2025-06-03,resolved,Aðrir styrkleikar eru á markaði / fáanlegir.,2026-09-23T20:59:59.089536,96245
IS,Iceland,Lyfjastofnun,Imodium,Loperamidum INN hýdróklóríð,2 mg,16 stk.,Filmuhúðuð tafla,114072,A07DA03,McNeil Sweden AB,Vistor hf,2025-06-16,2025-06-17,2025-06-03,resolved,Samheitalyf er á markaði / fáanlegt.,2026-09-23T20:59:59.090129,
IS,Iceland,Lyfjastofnun,Olanzapin Actavis,Olanzapinum INN,10 mg,100 stk.,Filmuhúðuð tafla,588911,N05AH03,Actavis Group PTC ehf.,Teva Pharma Iceland ehf.*,2025-06-16,2025-08-31,2025-05-16,resolved,Samheitalyf er á markaði / fáanlegt.,2026-09-23T20:59:59.090677,45578
IS,Iceland,Lyfjastofnun,Valtrex,Valaciclovirum INN hýdróklóríð,500 mg,42 stk.,Filmuhúðuð tafla,377333,J05AB11,GlaxoSmithKline Pharma A/S,Vistor hf,2025-06-16,2025-11-30,2025-05-30,resolved,Samheitalyf er á markaði / fáanlegt.,2026-09-23T20:59:59.091226,42080
IS,Iceland,Lyfjastofnun,Caverject Dual,Alprostadilum INN,20 míkróg,"0,5 ml","Stungulyfsstofn og leysir, lausn",000552,G04BE01,Pfizer ApS,Icepharma hf.*,2025-06-15,2026-08-16,2026-03-03,resolved,Undanþágulyf hefur verið útvegað. Heildsalan Distica hefur útvegað undanþágulyfið Viridal sts 10 mcg/lykja 6 lykjur í pakka vnr 969724,2026-09-23T20:59:59.091805,
IS,Iceland,Lyfjastofnun,Caverject Dual,Alprostadilum INN,20 míkróg,"0,5 ml","Stungulyfsstofn og leysir, lausn",000552,G04BE01,Pfizer ApS,Icepharma hf.*,2025-06-15,2026-02-01,2025-04-25,resolved,Undanþágulyf hefur verið útvegað. Heildsalan Distica hefur útvegað undanþágulyfið Viridal sts 10 mcg/lykja 6 lykjur í pakka vnr 969724,2026-09-23T20:59:59.092349,
IS,Iceland,Lyfjastofnun,Revolade,Eltrombopagum olaminum INN,50 mg,28 stk.,Filmuhúðuð tafla,391354,B02BX05,Novartis Europharm Limited*,Vistor hf,2025-06-15,2025-06-18,2025-06-03,resolved,Aðrir styrkleikar eru á markaði / fáanlegir.,2026-09-23T20:59:59.092894,93971
IS,Iceland,Lyfjastofnun,Mekinist,Trametinibum INN,2 mg,30 stk.,Filmuhúðuð tafla,178273,L01EE01,Novartis Europharm Limited*,Vistor hf,2025-06-15,2025-06-18,2025-06-03,resolved,Aðrir styrkleikar eru á markaði / fáanlegir.,2026-09-23T20:59:59.093438,127884
IS,Iceland,Lyfjastofnun,Risperdal Consta,Risperidonum INN,25 mg,25 mg,"Stungulyfsstofn og leysir, forðadreifa",543274,N05AX08,Janssen-Cilag AB,Vistor hf,2025-06-13,2025-06-16,2025-05-30,resolved,Samheitalyf er á markaði / fáanlegt.,2026-09-23T20:59:59.093983,68268
IS,Iceland,Lyfjastofnun,Travatan,Travoprostinum INN,40 míkróg/ml,"2,5 ml","Augndropar, lausn",581969,S01EE04,Novartis Europharm Limited*,Vistor hf,2025-06-13,2025-06-18,2025-06-13,resolved,Aðrar pakkningastærðir eru á markaði / fáanlegar.,2026-09-23T20:59:59.094526,206431
IS,Iceland,Lyfjastofnun,Constella,Linaclotidum INN,290 míkróg,28 stk.,Hart hylki,132546,A06AX04,AbbVie Deutschland GmbH & Co. KG,Vistor hf,2025-06-13,2025-06-19,2025-06-13,resolved,Aðrar pakkningastærðir eru á markaði / fáanlegar.,2026-09-23T20:59:59.095095,127043
IS,Iceland,Lyfjastofnun,Sandostatin,Octreotidum INN,100 míkróg/ml,1 ml,"Stungulyf, lausn",057349,H01CB02,Novartis Healthcare A/S,Vistor hf,2025-06-13,2025-06-17,2025-05-23,resolved,Aðrir styrkleikar eru á markaði / fáanlegir.,2026-09-23T20:59:59.095649,27510
IS,Iceland,Lyfjastofnun,Eklira Genuair,Aclidinii bromidum INN,322 míkróg,60 skammtar,Innöndunarduft,503406,R03BB05,Covis Pharma Europe B.V.,,2025-06-12,2025-07-23,2025-07-21,resolved,Til skoðunar.,2026-09-23T20:59:59.096174,104787
IS,Iceland,Lyfjastofnun,CYSTADROPS,Mercaptaminum INN bítartrat,"3,8 mg/ml",5 ml,"Augndropar, lausn",161981,S01XA21,Recordati Rare Diseases*,Recordati AB*,2025-06-12,2025-08-06,2025-06-12,resolved,Til skoðunar.,2026-09-23T20:59:59.096726,220965
IS,Iceland,Lyfjastofnun,Amlodipin Zentiva,Amlodipinum INN besýlat,"2,5 mg",84 stk.,Tafla,517200,C08CA01,Zentiva k.s.,,2025-06-11,2025-06-24,2025-06-06,resolved,Aðrar pakkningastærðir eru á markaði / fáanlegar.,2026-09-23T20:59:59.097265,
IS,Iceland,Lyfjastofnun,Spiriva Respimat,Tiotropii bromidum INN,"2,5 míkróg/skammt",1 stk.,Innöndunarlausn,457755,R03BB04,Boehringer Ingelheim International GmbH*,Vistor hf,2025-06-11,2025-06-13,2025-06-11,resolved,Aðrir styrkleikar eru á markaði / fáanlegir.,2026-09-23T20:59:59.097817,84808
IS,Iceland,Lyfjastofnun,Asacol,Mesalazinum INN,1600 mg,60 stk.,Tafla með breyttan losunarhraða,438571,A07EC02,Tillotts Pharma AB,,2025-06-10,2025-06-10,2025-05-26,resolved,Aðrir styrkleikar eru á markaði / fáanlegir.,2026-09-23T20:59:59.098369,101745
IS,Iceland,Lyfjastofnun,Doloproct,"Fluocortolonum INN pívalat, Lidocainum INN hýdróklóríð",1 mg + 40 mg,10 stk.,Endaþarmsstíll,448217,C05AA08,Karo Pharma AB*,,2025-06-10,2025-06-10,2025-04-10,resolved,Aðrar pakkningastærðir eru á markaði / fáanlegar.,2026-09-23T20:59:59.098900,
IS,Iceland,Lyfjastofnun,Nitroglycerin DAK,Glyceryl trinitrate,"0,5 mg",100 stk.,Tungurótartafla,050292,C01DA02,Orifarm Healthcare A/S,Artasan ehf,2025-06-10,2025-10-01,2025-05-14,resolved,Aðrar pakkningastærðir eru á markaði / fáanlegar.,2026-09-23T20:59:59.099439,
IS,Iceland,Lyfjastofnun,Xolair,Omalizumabum INN,300 mg,2 ml,"Stungulyf, lausn í áfylltum lyfjapenna",521313,R03DX05,Novartis Europharm Limited*,Vistor hf,2025-06-10,2025-06-11,2025-06-03,resolved,Aðrir styrkleikar eru á markaði / fáanlegir.,2026-09-23T20:59:59.099984,229458
IS,Iceland,Lyfjastofnun,Asacol,Mesalazinum INN,800 mg,60 stk.,Magasýruþolin tafla,093496,A07EC02,Tillotts Pharma AB,Icepharma hf,2025-06-10,2025-08-21,2025-05-26,resolved,Aðrir styrkleikar eru á markaði / fáanlegir.,2026-09-23T20:59:59.100523,44954
IS,Iceland,Lyfjastofnun,Vagidonna,Estradiol,10 míkróg,18 stk.,Leggangatafla,564927,G03CA03,Sandoz A/S*,,2025-06-09,2025-06-20,2025-06-05,resolved,Samheitalyf er á markaði / fáanlegt.,2026-09-23T20:59:59.101046,
IS,Iceland,Lyfjastofnun,Carduran Retard,Doxazosin mesilate,4 mg,100 stk.,Forðatafla,050660,C02CA04,Viatris ApS,Icepharma hf.*,2025-06-09,2025-06-20,2025-05-28,resolved,". Stuttur skortur, líklega til birgðir í einhverjum apótekum.",2026-09-23T20:59:59.101585,60941
IS,Iceland,Lyfjastofnun,Spiolto Respimat,"Tiotropii bromidum INN, Olodaterolum INN hýdróklóríð","2,5/2,5 míkróg",30 skammtar,Innöndunarlausn,490823,R03AL06,Boehringer Ingelheim International GmbH*,Vistor hf,2025-06-09,2025-06-13,2025-06-02,resolved,Aðrar pakkningastærðir eru á markaði / fáanlegar.,2026-09-23T20:59:59.102136,48933
IS,Iceland,Lyfjastofnun,Ganirelix Gedeon Richter,Ganirelixum INN acetat,"0,25 mg","0,5 ml","Stungulyf, lausn í áfylltri sprautu",462712,H01CC01,Gedeon Richter Plc.*,,2025-06-06,2025-07-10,2025-06-02,resolved,Aðrar pakkningastærðir eru á markaði / fáanlegar.,2026-09-23T20:59:59.102659,59048
IS,Iceland,Lyfjastofnun,Hizentra,Human normal immunoglobulin,200 mg/ml,50 ml,"Stungulyf, lausn",139631,J06BA01,CSL Behring GmbH*,CSL Behring AB,2025-06-06,2025-06-30,2025-06-06,resolved,Aðrar pakkningastærðir og lyfjaform eru á markaði / fáanlegar.,2026-09-23T20:59:59.103198,108146
IS,Iceland,Lyfjastofnun,Atomoxetine STADA,Atomoxetinum INN hýdróklóríð,40 mg,30 stk.,Hart hylki,183924,N06BA09,STADA Arzneimittel AG,,2025-06-06,2025-06-11,2025-06-03,resolved,Samheitalyf er á markaði / fáanlegt.,2026-09-23T20:59:59.103718,
IS,Iceland,Lyfjastofnun,Singulair,Montelukastum INN natríum,10 mg,98 stk.,Filmuhúðuð tafla,021345,R03DC03,N.V. Organon*,Vistor hf,2025-06-06,2025-07-07,2025-06-06,resolved,Aðrir styrkleikar eru á markaði / fáanlegir.,2026-09-23T20:59:59.104261,52051
IS,Iceland,Lyfjastofnun,Enalapril Krka,Enalaprilum INN maleat,"2,5 mg",100 stk.,Tafla,073933,C09AA02,"Krka, d.d., Novo mesto",,2025-06-06,2025-08-15,2025-05-08,resolved,Aðrir styrkleikar eru á markaði / fáanlegir. Enalapril Krka 5 mg töflum má skipta í tvo jafna skammta,2026-09-23T20:59:59.104783,108146
IS,Iceland,Lyfjastofnun,Actrapid,Insulinum humanum INN,100 a.e./ml,10 ml,"Stungulyf, lausn",013950,A10AB01,Novo Nordisk A/S*,Vistor hf,2025-06-05,2025-06-19,2025-06-12,resolved,Ekki til lyf með sama ATC númer en sambærilegt lyf í sama flokki er á markaði / fáanlegt.,2026-09-23T20:59:59.105326,97314
IS,Iceland,Lyfjastofnun,Timosan Depot,Timololum INN maleat,1 mg/g,30 stk.,Augnhlaup í stakskammtaíláti,023590,S01ED01,Santen Oy*,Icepharma hf,2025-06-05,2025-06-10,2025-06-04,resolved,Ekki til lyf með sama ATC númer en sambærilegt lyf í sama flokki er á markaði / fáanlegt.,2026-09-23T20:59:59.105867,
IS,Iceland,Lyfjastofnun,Escitalopram Bluefish,Escitalopramum INN oxalat,5 mg,98 stk.,Filmuhúðuð tafla,094495,N06AB10,Bluefish Pharmaceuticals AB,Artasan ehf,2025-06-04,2025-07-03,2025-06-05,resolved,Til skoðunar.,2026-09-23T20:59:59.106416,97802
IS,Iceland,Lyfjastofnun,Buvidal,Buprenorphinum INN,16 mg,"0,32 ml","Stungulyf, forðalausn",459423,N07BC01,Camurus AB,,2025-06-03,2025-06-12,2025-06-02,resolved,Aðrir styrkleikar eru á markaði / fáanlegir.,2026-09-23T20:59:59.106935,
IS,Iceland,Lyfjastofnun,Travatan,Travoprostinum INN,40 míkróg/ml,"2,5 ml","Augndropar, lausn",517180,S01EE04,Novartis Europharm Limited*,Vistor hf,2025-06-03,2025-06-18,2025-06-03,resolved,Aðrar pakkningastærðir eru á markaði / fáanlegar.,2026-09-23T20:59:59.107474,206431
IS,Iceland,Lyfjastofnun,Scemblix,Asciminibum INN,40 mg,60 stk.,Filmuhúðuð tafla,573040,L01EA06,Novartis Europharm Limited*,Vistor hf,2025-06-03,2025-07-14,2025-06-03,resolved,Aðrir styrkleikar eru á markaði / fáanlegir.,2026-09-23T20:59:59.108011,141011
IS,Iceland,Lyfjastofnun,Ziextenzo,Pegfilgrastimum INN,6 mg,"0,6 ml","Stungulyf, lausn í áfylltri sprautu",394719,L03AA13,Sandoz GmbH*,,2025-06-02,2025-06-06,2025-05-15,resolved,Til skoðunar.,2026-09-23T20:59:59.108571,68756
IS,Iceland,Lyfjastofnun,Aspendos,Modafinilum INN,100 mg,90 stk.,Tafla,411723,N06BA07,Medochemie Limited,,2025-06-02,2025-06-25,2025-05-08,resolved,Aðrar pakkningastærðir eru á markaði / fáanlegar.,2026-09-23T20:59:59.109103,56146
IS,Iceland,Lyfjastofnun,Valtrex,Valaciclovirum INN hýdróklóríð,250 mg,60 stk.,Filmuhúðuð tafla,374397,J05AB11,GlaxoSmithKline Pharma A/S,Vistor hf,2025-06-02,2025-10-31,2025-05-30,resolved,Samheitalyf er á markaði / fáanlegt.,2026-09-23T20:59:59.109646,51306
IS,Iceland,Lyfjastofnun,Picoprep,"Natrii picosulfas INN, Magnesii oxidum, Citric acid",,2 stk.,"Mixtúruduft, lausn",397796,A06AB58,Ferring Lægemidler A/S,,2025-06-02,2025-06-13,2025-05-30,resolved,Samheitalyf er á markaði / fáanlegt.,2026-09-23T20:59:59.110184,68284
IS,Iceland,Lyfjastofnun,Klyx,"Docusatum natricum INN, Sorbitolum",,240 ml,Endaþarmslausn,371583,A06AG10,Ferring Lægemidler A/S (F),Ferring Lægemidler A/S,2025-06-02,2025-07-10,2025-05-30,resolved,Aðrar pakkningastærðir eru á markaði / fáanlegar.,2026-09-23T20:59:59.110736,27030
IS,Iceland,Lyfjastofnun,Klyx,"Docusatum natricum INN, Sorbitolum",,120 ml,Endaþarmslausn,371609,A06AG10,Ferring Lægemidler A/S (F),Ferring Lægemidler A/S,2025-06-02,2025-06-30,2025-05-30,resolved,Aðrar pakkningastærðir eru á markaði / fáanlegar.,2026-09-23T20:59:59.111278,1619
IS,Iceland,Lyfjastofnun,Pentasa,Mesalazinum INN,1 g,28 stk.,Endaþarmsstíll,104760,A07EC02,Ferring Lægemidler A/S,Vistor hf,2025-06-02,2025-06-06,2025-05-30,resolved,Samheitalyf er á markaði / fáanlegt.,2026-09-23T20:59:59.111825,34215
IS,Iceland,Lyfjastofnun,Dalacin,Clindamycinum INN fosfat,20 mg/g,40 g,Leggangakrem,539973,G01AA10,Pfizer ApS,Icepharma hf.*,2025-06-01,2025-07-15,2025-04-25,resolved,. Ekkert sambærilegt lyf og lyfjaform til á markaði. Dalacin hylki eru á markaði og í undanþágukerfinu er Dalacin mixtúrukyrni 15 mg/ml vnr 596031 fáanlegt.,2026-09-23T20:59:59.112359,73539
IS,Iceland,Lyfjastofnun,Sitagliptin Zentiva ApS,Sitagliptinum INN fosfat mónóhýdrat,25 mg,98 stk.,Filmuhúðuð tafla,129743,A10BH01,Zentiva k.s.*,Alvogen ehf.,2025-06-01,2025-07-18,2025-06-26,resolved,Samheitalyf er á markaði / fáanlegt.,2026-09-23T20:59:59.112903,218103
IS,Iceland,Lyfjastofnun,Keflex (Heilsa),Cefalexinum INN mónóhýdrat,250 mg/5 ml,100 ml,"Mixtúruduft, dreifa",085764,J01DB01,Heilsa ehf.,,2025-06-01,2025-06-26,2025-06-02,resolved,". Heimild lyfjafræðinga til útskipta yfir í undanþágulyfið Ospexin
mixtúruduft 50 mg/ml, vnr 997257, er gild til 4. júlí.",2026-09-23T20:59:59.113423,5835
IS,Iceland,Lyfjastofnun,Sitagliptin Zentiva ApS,Sitagliptinum INN fosfat mónóhýdrat,100 mg,98 stk.,Filmuhúðuð tafla,372005,A10BH01,Zentiva k.s.*,Alvogen ehf.,2025-06-01,2025-06-18,2025-06-26,resolved,Samheitalyf er á markaði / fáanlegt.,2026-09-23T20:59:59.113960,218138
IS,Iceland,Lyfjastofnun,Oftagel,Carbomer,"2,5 mg/g",10 ml,Augnhlaup,404426,S01XA20,Santen Oy*,Icepharma hf,2025-06-01,2027-02-01,2025-04-22,shortage,Önnur lyfjaform eru á markaði / fáanleg.,2026-09-23T20:59:59.114496,
IS,Iceland,Lyfjastofnun,Sitagliptin Zentiva ApS,Sitagliptinum INN fosfat mónóhýdrat,50 mg,98 stk.,Filmuhúðuð tafla,465925,A10BH01,Zentiva k.s.*,Alvogen ehf.,2025-06-01,2025-06-18,2025-06-26,resolved,Samheitalyf er á markaði / fáanlegt.,2026-09-23T20:59:59.115040,218111
IS,Iceland,Lyfjastofnun,Allorin,Allopurinolum INN,100 mg,100 stk.,Tafla,517735,M04AA01,Alvogen ehf.,,2025-06-01,2025-06-30,2025-06-06,resolved,. Allopurinol Alvogen 100 mg er fáanlegt,2026-09-23T20:59:59.115558,671
IS,Iceland,Lyfjastofnun,Orfiril Retard,Natrii valproas,300 mg,100 stk.,Forðatafla,526376,N03AG01,Desitin Arzneimittel GmbH,Vistor hf,2025-05-31,2025-08-01,2025-05-05,resolved,". Heildsala hefur útvegað undanþágulyfið Orfiril Chrono, vnr 988751",2026-09-23T20:59:59.116093,29882
IS,Iceland,Lyfjastofnun,Relpax,Eletriptanum INN brómíð,40 mg,18 stk.,Filmuhúðuð tafla,553206,N02CC06,Viatris ApS,Icepharma hf.*,2025-05-30,2025-06-19,2025-05-21,resolved,Aðrar pakkningastærðir eru á markaði / fáanlegar.,2026-09-23T20:59:59.116643,60232
IS,Iceland,Lyfjastofnun,Risperdal Consta,Risperidonum INN,"37,5 mg","37,5 mg","Stungulyfsstofn og leysir, forðadreifa",520186,N05AX08,Janssen-Cilag AB,Vistor hf,2025-05-30,2025-06-18,2025-05-30,resolved,Aðrir styrkleikar eru á markaði / fáanlegir.,2026-09-23T20:59:59.117182,68276
IS,Iceland,Lyfjastofnun,Gamunex,HUMAN NORMAL IMMUNOGLOBULIN (IV),100 mg/ml,100 ml,"Innrennslislyf, lausn",396162,J06BA02,Grifols Deutschland GmbH*,Alvogen ehf.,2025-05-30,2025-06-26,2025-05-27,resolved,Aðrar pakkningastærðir eru á markaði / fáanlegar.,2026-09-23T20:59:59.117723,141011
IS,Iceland,Lyfjastofnun,Betnovat,Betamethasonum INN valerat,1 mg/ml,100 ml,Húðlausn,008326,D07AC01,GlaxoSmithKline Pharma A/S,Vistor hf,2025-05-30,2025-06-03,2025-05-30,resolved,Ekki til lyf með sama ATC númer en sambærilegt lyf í sama flokki er á markaði / fáanlegt.,2026-09-23T20:59:59.118298,1465
IS,Iceland,Lyfjastofnun,Methotrexat Ebewe,Methotrexatum INN,100 mg/ml,50 ml,"Innrennslisþykkni, lausn",493639,L01BA01,EBEWE Pharma Ges.m.b.H.Nfg. KG,Sandoz A/S*,2025-05-30,2025-06-02,2025-05-14,resolved,Aðrar pakkningastærðir eru á markaði / fáanlegar.,2026-09-23T20:59:59.118876,120081
IS,Iceland,Lyfjastofnun,Valtrex,Valaciclovirum INN hýdróklóríð,250 mg,60 stk.,Filmuhúðuð tafla,374397,J05AB11,GlaxoSmithKline Pharma A/S,Vistor hf,2025-05-30,2025-06-01,2025-04-01,resolved,Samheitalyf er á markaði / fáanlegt.,2026-09-23T20:59:59.119431,51306
IS,Iceland,Lyfjastofnun,Sertralin Krka,Sertralinum INN hýdróklóríð,50 mg,250 stk.,Filmuhúðuð tafla,104401,N06AB06,"Krka, d.d., Novo mesto",LYFIS ehf.*,2025-05-29,2026-11-27,2025-05-08,shortage,Samheitalyf er á markaði / fáanlegt.,2026-09-23T20:59:59.119979,39403
IS,Iceland,Lyfjastofnun,Escitalopram STADA,Escitalopram oxalate,20 mg,100 stk.,Filmuhúðuð tafla,532726,N06AB10,STADA Arzneimittel AG,,2025-05-29,2025-06-09,2025-06-03,resolved,Samheitalyf er á markaði / fáanlegt.,2026-09-23T20:59:59.120514,74977
IS,Iceland,Lyfjastofnun,Metoprolol Alvogen,Metoprololum INN súkkínat,"47,5 mg",100 stk.,Forðatafla,113566,C07AB02,Alvogen ehf.,,2025-05-28,2025-06-06,2025-04-10,resolved,Aðrir styrkleikar og pakkningastærðir eru á markaði / fáanlegir.,2026-09-23T20:59:59.121036,26182
IS,Iceland,Lyfjastofnun,Voriconazole Accord,Voriconazolum INN,50 mg,30 stk.,Filmuhúðuð tafla,375275,J02AC03,Accord Healthcare S.L.U.,,2025-05-28,2025-09-24,2025-08-22,resolved,Aðrir styrkleikar og pakkningastærðir eru á markaði / fáanlegir.,2026-09-23T20:59:59.121567,63592
IS,Iceland,Lyfjastofnun,Zerofen vet,Fenbendazolum INN,100 mg/ml,1000 ml,"Mixtúra, dreifa",008484,QP52AC13,Chanelle Pharmaceuticals Manufacturing Ltd*,Icepharma hf,2025-05-28,2025-09-28,2025-06-04,resolved,"Til skoðunar. Til er á lager oral ormalyfið Noromectin drench mixtúra bæði í 1 l og 2,5 l pakkningum í miklu magni skráð fyrir sauðfé.  Til er undanþágulyfið Moxodex mixtúra fyrir sauðfé 2,5 l og 1 l.   Fyrir nautgripi sem ekki eru nýttir til mjólkurfarmleiðslu er til skráða lyfið Noromectin áhella lausn.  Fyrir nautgripi er mögulegt ennfremur að nota undanþágulyfið Dectomax en stl haf reyndar langan biðtíma fyrir afurðanýtingu.",2026-09-23T20:59:59.122104,
IS,Iceland,Lyfjastofnun,Nitroglycerin DAK,Glyceryl trinitrate,"0,5 mg",100 stk.,Tungurótartafla,050292,C01DA02,Orifarm Healthcare A/S,Artasan ehf,2025-05-27,2025-10-17,2025-08-22,resolved,Aðrar pakkningastærðir eru á markaði / fáanlegar.,2026-09-23T20:59:59.122656,
IS,Iceland,Lyfjastofnun,Oxycodone Alvogen,,40 mg,98 stk.,Forðatafla,497848,N02AA05,Alvogen ehf.,,2025-05-24,2025-08-24,2025-01-23,afskráning,Samheitalyf er á markaði / fáanlegt.,2026-09-23T20:59:59.123189,57630
IS,Iceland,Lyfjastofnun,Drovelis,"Estetrolum INN mónóhýdrat, Drospirenonum INN","3 mg/14,2 mg",84 stk.,Filmuhúðuð tafla,533684,G03AA18,Gedeon Richter Plc.*,,2025-05-22,2025-05-29,2025-05-19,resolved,Ekki til lyf með sama ATC númer en sambærilegt lyf í sama flokki er á markaði / fáanlegt. Aðrar getnaðarvarnartöflur fáanlegar en ekki með sömu virku innihaldsefnum,2026-09-23T20:59:59.123721,212989
IS,Iceland,Lyfjastofnun,Ganirelix Gedeon Richter,Ganirelixum INN acetat,"0,25 mg","0,5 ml","Stungulyf, lausn í áfylltri sprautu",556202,H01CC01,Gedeon Richter Plc.*,,2025-05-22,2025-05-27,2025-05-16,resolved,Ekkert sambærilegt lyf er á markaði / fáanlegt.,2026-09-23T20:59:59.124251,59048
IS,Iceland,Lyfjastofnun,Nicotinell Mint (Heilsa),Nicotinum bítartrat,1 mg,204 stk.,Munnsogstafla,580186,N07BA01,Heilsa ehf,,2025-05-22,2025-07-11,2025-05-13,resolved,Samheitalyf er á markaði / fáanlegt.,2026-09-23T20:59:59.124787,125482
IS,Iceland,Lyfjastofnun,Bupropion Teva,Bupropionum INN hýdróklóríð,300 mg,30 stk.,Tafla með breyttan losunarhraða,531262,N06AX12,Teva B.V.*,Teva Pharma Iceland ehf.*,2025-05-21,2027-10-31,2026-04-01,shortage,Samheitalyf er á markaði / fáanlegt.,2026-09-23T20:59:59.125343,82899
IS,Iceland,Lyfjastofnun,Glucos Fresenius Kabi,Glucosum,500 mg/ml,500 ml,"Innrennslislyf, lausn",469480,B05BA03,Fresenius Kabi AB,Vistor hf,2025-05-21,2025-05-30,2025-05-13,resolved,Aðrir styrkleikar eru á markaði / fáanlegir.,2026-09-23T20:59:59.125888,
IS,Iceland,Lyfjastofnun,Kerendia,Finerenonum INN,20 mg,98 stk.,Filmuhúðuð tafla,041092,C03DA05,Bayer AG*,Icepharma hf.*,2025-05-21,2025-05-28,2025-05-21,resolved,Aðrar pakkningastærðir eru á markaði / fáanlegar.,2026-09-23T20:59:59.126437,214809
IS,Iceland,Lyfjastofnun,Natriumklorid Fresenius Kabi,Sodium chloride,9 mg/ml,20 ml,Leysir fyrir stungulyf,477752,V07AB,Fresenius Kabi AB,Vistor hf,2025-05-20,2025-06-12,2025-05-28,resolved,Aðrar pakkningastærðir eru á markaði / fáanlegar.,2026-09-23T20:59:59.126998,
IS,Iceland,Lyfjastofnun,Furadantin,Nitrofurantoinum INN,50 mg,100 stk.,Tafla,026682,J01XE01,Viatris ApS,Icepharma hf.*,2025-05-20,2025-08-27,2025-03-12,resolved,Aðrar pakkningastærðir eru á markaði / fáanlegar.,2026-09-23T20:59:59.127541,
IS,Iceland,Lyfjastofnun,Pregabalin Krka,Pregabalinum INN,100 mg,84 stk.,Hart hylki,119710,N02BF02,"Krka, d.d., Novo mesto",,2025-05-20,2025-12-05,2025-04-13,resolved,Aðrir styrkleikar eru á markaði / fáanlegir.,2026-09-23T20:59:59.128068,
IS,Iceland,Lyfjastofnun,Pomalidomide Zentiva,Pomalidomidum INN,4 mg,21 x 1 stk.,Hart hylki,127486,L04AX06,Zentiva k.s.*,,2025-05-19,2025-05-22,2025-05-14,resolved,Samheitalyf er á markaði / fáanlegt.,2026-09-23T20:59:59.128633,107549
IS,Iceland,Lyfjastofnun,Fixopost,"Latanoprostum INN, Timololum INN maleat",50 míkróg/ml + 5 mg/ml,"0,2 ml","Augndropar, lausn í stakskammtaíláti",505003,S01ED51,Laboratoires THEA*,,2025-05-19,2025-06-02,2025-05-21,resolved,Aðrar pakkningastærðir eru á markaði / fáanlegar.,2026-09-23T20:59:59.129159,212156
IS,Iceland,Lyfjastofnun,Haldol Depot,Haloperidolum INN  dekanóat,100 mg/ml,1 ml,"Stungulyf, lausn",549139,N05AD01,Essential Pharma Limited,,2025-05-19,2025-06-30,2025-05-27,resolved,Aðrir styrkleikar eru á markaði / fáanlegir.,2026-09-23T20:59:59.129686,17965
IS,Iceland,Lyfjastofnun,Pomalidomide Zentiva,Pomalidomidum INN,2 mg,21 x 1 stk.,Hart hylki,091094,L04AX06,Zentiva k.s.*,,2025-05-19,2025-05-22,2025-05-14,resolved,Samheitalyf er á markaði / fáanlegt.,2026-09-23T20:59:59.130209,107522
IS,Iceland,Lyfjastofnun,Valaciclovir Bluefish,Valaciclovirum INN hýdróklóríð,500 mg,42 stk.,Filmuhúðuð tafla,152675,J05AB11,Bluefish Pharmaceuticals AB,Artasan ehf,2025-05-19,2025-06-02,2025-05-08,resolved,Aðrar pakkningastærðir eru á markaði / fáanlegar.,2026-09-23T20:59:59.130756,42080
IS,Iceland,Lyfjastofnun,Metojectpen,Methotrexatum INN,"17,5 mg","17,5 mg","Stungulyf, lausn í áfylltum lyfjapenna",121892,L04AX03,medac Gesellschaft für klinische Spezialpräparate GmbH,,2025-05-19,2025-06-10,2025-05-13,resolved,Aðrir styrkleikar eru á markaði / fáanlegir.,2026-09-23T20:59:59.131277,141461
IS,Iceland,Lyfjastofnun,Nicotinell Mint (Heilsa),Nicotinum bítartrat,2 mg,204 stk.,Munnsogstafla,505216,N07BA01,Heilsa ehf,,2025-05-16,2025-07-03,2025-05-13,resolved,Samheitalyf er á markaði / fáanlegt.,2026-09-23T20:59:59.131804,125490
IS,Iceland,Lyfjastofnun,Ciprofloxacin Alvogen,Ciprofloxacin hydrochloride,500 mg,20 stk.,Filmuhúðuð tafla,169751,J01MA02,Alvogen ehf.,,2025-05-15,2025-10-25,2025-04-01,resolved,Samheitalyf er á markaði / fáanlegt.,2026-09-23T20:59:59.132338,138932
IS,Iceland,Lyfjastofnun,Cetrotide,Cetrorelixum INN acetat,"0,25 mg","0,25 mg","Stungulyfsstofn, lausn",005766,H01CC02,Merck Europe B.V.*,Icepharma hf,2025-05-14,2025-09-22,2025-05-14,resolved,Ekki til lyf með sama ATC númer en sambærilegt lyf í sama flokki er á markaði / fáanlegt. Lyfið Ganirelix Gedeon Richter er fáanlegt og er með sömu bendingu og Cetrotide.,2026-09-23T20:59:59.132888,52795
IS,Iceland,Lyfjastofnun,Cotrim,"Trimethoprimum INN, Sulfamethoxazolum INN",80/400 mg,30 stk.,Tafla,584306,J01EE01,Teva B.V.*,Teva Pharma Iceland ehf.*,2025-05-14,2025-06-10,2025-05-16,resolved,Undanþágulyf hefur verið útvegað.,2026-09-23T20:59:59.133433,7463
IS,Iceland,Lyfjastofnun,SOTYKTU,Deucravacitinibum INN,6 mg,28 stk.,Filmuhúðuð tafla,488286,L04AF07,Bristol-Myers Squibb Pharma EEIG*,,2025-05-14,2025-06-04,2025-05-14,resolved,Ekkert sambærilegt lyf er á markaði / fáanlegt.,2026-09-23T20:59:59.133983,224839
IS,Iceland,Lyfjastofnun,Jakavi,Ruxolitinibum INN fosfat,20 mg,56 stk.,Tafla,461113,L01EJ01,Novartis Europharm Limited*,Vistor hf,2025-05-14,2025-05-19,2025-05-14,resolved,Aðrir styrkleikar eru á markaði / fáanlegir.,2026-09-23T20:59:59.134537,44466
IS,Iceland,Lyfjastofnun,Locoid Crelo,Hydrocortisonum INN bútýrat,1 mg/g,30 g,Húðfleyti,196889,D07AB02,CHEPLAPHARM Arzneimittel GmbH,,2025-05-14,2025-12-22,2025-04-30,resolved,Önnur lyfjaform eru á markaði / fáanleg.,2026-09-23T20:59:59.135079,39187
IS,Iceland,Lyfjastofnun,Venlafaxine Alvogen,Venlafaxinum INN hýdróklóríð,75 mg,100 stk.,Hart forðahylki,103678,N06AX16,Alvogen ehf.,,2025-05-14,2025-09-30,2025-03-17,resolved,Samheitalyf er á markaði / fáanlegt.,2026-09-23T20:59:59.135608,52795
IS,Iceland,Lyfjastofnun,Yuflyma,Adalimumabum INN,40 mg,"0,4 ml","Stungulyf, lausn í áfylltum lyfjapenna",551884,L04AB04,Celltrion Healthcare Hungary Kft.,,2025-05-13,2025-05-15,2025-05-13,resolved,Samheitalyf er á markaði / fáanlegt.,2026-09-23T20:59:59.136155,129771
IS,Iceland,Lyfjastofnun,Pirfenidone axunio,Pirfenidonum INN,801 mg,84 stk.,Filmuhúðuð tafla,423926,L04AX05,Axunio Pharma GmbH,,2025-05-13,2100-12-31,2025-02-20,shortage,"Um er að ræða lyf sem er að jafnaði ekki til á lager, en heildsala mun panta það ef þörf er á.",2026-09-23T20:59:59.136691,141003
IS,Iceland,Lyfjastofnun,Ganirelix Gedeon Richter,Ganirelixum INN acetat,"0,25 mg","0,5 ml","Stungulyf, lausn í áfylltri sprautu",462712,H01CC01,Gedeon Richter Plc.*,,2025-05-13,2025-05-26,2025-05-13,resolved,Aðrar pakkningastærðir eru á markaði / fáanlegar.,2026-09-23T20:59:59.137226,59048
IS,Iceland,Lyfjastofnun,Ibuprofen Zentiva,Ibuprofenum INN,400 mg,100 stk.,Filmuhúðuð tafla,526744,M01AE01,Zentiva k.s.*,,2025-05-13,2025-06-19,2025-05-13,resolved,Samheitalyf er á markaði / fáanlegt.,2026-09-23T20:59:59.137748,
IS,Iceland,Lyfjastofnun,Methotrexat Ebewe,Methotrexatum INN,100 mg/ml,10 ml,"Innrennslisþykkni, lausn",124773,L01BA01,EBEWE Pharma Ges.m.b.H.Nfg. KG,Sandoz A/S*,2025-05-13,2025-05-15,2025-05-13,resolved,Aðrar pakkningastærðir eru á markaði / fáanlegar.,2026-09-23T20:59:59.138321,141003
IS,Iceland,Lyfjastofnun,Orfiril,Natrii valproas,600 mg,100 stk.,Magasýruþolin tafla,526798,N03AG01,Desitin Arzneimittel GmbH,Vistor hf,2025-05-12,2025-08-01,2025-04-28,resolved,". Lyfjastofnun hefur heimilað lyfjafræðingum að breyta ávísun á lyfið í skorti í undanþágulyf með sama heiti vnr 997117, lyfið er í þýskum umbúðum",2026-09-23T20:59:59.138876,25593
IS,Iceland,Lyfjastofnun,Sandostatin,Octreotidum INN,100 míkróg/ml,1 ml,"Stungulyf, lausn",057349,H01CB02,Novartis Healthcare A/S,Vistor hf,2025-05-12,2025-05-19,2025-05-12,resolved,Önnur lyfjaform eru á markaði / fáanleg.,2026-09-23T20:59:59.139422,27510
IS,Iceland,Lyfjastofnun,Imatinib Accord,Imatinibum INN mesýlat,400 mg,30 x 1 stk.,Filmuhúðuð tafla,104423,L01EA01,Accord Healthcare S.L.U.,,2025-05-12,2025-08-11,2025-04-16,resolved,Samheitalyf er á markaði / fáanlegt.,2026-09-23T20:59:59.139955,71307
IS,Iceland,Lyfjastofnun,Sandostatin,Octreotidum INN,50 míkróg/ml,1 ml,"Stungulyf, lausn",057455,H01CB02,Novartis Healthcare A/S,Vistor hf,2025-05-12,2025-05-19,2025-05-12,resolved,Önnur lyfjaform eru á markaði / fáanleg.,2026-09-23T20:59:59.140495,27502
IS,Iceland,Lyfjastofnun,Travatan,Travoprostinum INN,40 míkróg/ml,"2,5 ml","Augndropar, lausn",517180,S01EE04,Novartis Europharm Limited*,Vistor hf,2025-05-12,2025-05-19,2025-05-12,resolved,Aðrar pakkningastærðir eru á markaði / fáanlegar.,2026-09-23T20:59:59.141041,206431
IS,Iceland,Lyfjastofnun,Tegretol Retard,Carbamazepinum INN,400 mg,100 stk.,Forðatafla,527946,N03AF01,Novartis Healthcare A/S,Vistor hf,2025-05-12,2025-05-19,2025-05-12,resolved,Aðrir styrkleikar og pakkningastærðir eru á markaði / fáanlegir.,2026-09-23T20:59:59.141586,25984
IS,Iceland,Lyfjastofnun,Glucos Fresenius Kabi,Glucosum,50 mg/ml,100 ml,"Innrennslislyf, lausn",067001,B05BA03,Fresenius Kabi AB,Vistor hf,2025-05-11,2025-06-22,2025-05-02,resolved,Aðrar pakkningastærðir eru á markaði / fáanlegar.,2026-09-23T20:59:59.142143,11029
IS,Iceland,Lyfjastofnun,Puri-nethol,Mercaptopurinum INN,50 mg,25 stk.,Tafla,576714,L01BB02,Aspen Pharma Trading Limited,Icepharma hf.*,2025-05-10,2025-06-10,2025-05-15,resolved,Önnur lyfjaform eru á markaði / fáanleg.,2026-09-23T20:59:59.142692,183
IS,Iceland,Lyfjastofnun,ABILIFY,Aripiprazolum INN,15 mg,28 stk.,Tafla,010953,N05AX12,Otsuka Pharmaceutical Netherlands B.V.*,Vistor hf,2025-05-10,2025-06-27,2025-05-09,resolved,Aðrar pakkningastærðir eru á markaði / fáanlegar.,2026-09-23T20:59:59.143241,118397
IS,Iceland,Lyfjastofnun,Sitagliptin Teva,Sitagliptinum INN malat,100 mg,98 stk.,Filmuhúðuð tafla,548954,A10BH01,Teva B.V.*,Teva Pharma Iceland ehf.*,2025-05-09,2025-05-29,2025-05-16,resolved,Samheitalyf er á markaði / fáanlegt.,2026-09-23T20:59:59.143782,218138
IS,Iceland,Lyfjastofnun,TicoVac,TBE Antigen Virus,"0,5 ml","0,5 ml","Stungulyf, dreifa",564048,J07BA01,Pfizer ApS,Icepharma hf,2025-05-09,2025-05-23,2025-05-07,resolved,Aðrir styrkleikar eru á markaði / fáanlegir.,2026-09-23T20:59:59.144329,82082
IS,Iceland,Lyfjastofnun,Nitroglycerin DAK,Glyceryl trinitrate,"0,5 mg",25 stk.,Tungurótartafla,428089,C01DA02,Orifarm Healthcare A/S,Artasan ehf,2025-05-09,2025-05-14,2025-05-07,resolved,Aðrar pakkningastærðir eru á markaði / fáanlegar.,2026-09-23T20:59:59.144875,
IS,Iceland,Lyfjastofnun,Finól,Finasteridum INN,5 mg,98 stk.,Filmuhúðuð tafla,510974,G04CB01,Actavis Group PTC ehf.,Teva Pharma Iceland ehf.*,2025-05-09,2025-09-30,2025-03-21,resolved,Samheitalyf er á markaði / fáanlegt.,2026-09-23T20:59:59.145424,218138
IS,Iceland,Lyfjastofnun,Oculac,,5 %,10 ml,"Augndropar, lausn",548563,S01XA20,Alcon Nordic A/S,,2025-05-09,2025-08-09,2025-03-11,afskráning,". Oculac án rotvarnar skammtaílát er ennþá til hjá Distica, Vnr 599460. Í sama ATC flokki eru sambærileg lyf til á markaði.",2026-09-23T20:59:59.145953,
IS,Iceland,Lyfjastofnun,Nitroglycerin DAK,Glyceryl trinitrate,"0,5 mg",25 stk.,Tungurótartafla,428089,C01DA02,Orifarm Healthcare A/S,Artasan ehf,2025-05-08,2025-06-04,2025-05-14,resolved,Aðrar pakkningastærðir eru á markaði / fáanlegar.,2026-09-23T20:59:59.146507,
IS,Iceland,Lyfjastofnun,Inegy,"Simvastatinum INN, Ezetimibe",10/40 mg,98 stk.,Tafla,439594,C10BA02,N.V. Organon*,Vistor hf,2025-05-08,2025-05-20,2025-03-27,resolved,"Aðrir styrkleikar og pakkningastærðir eru á markaði / fáanlegir. Aðrir styrkleikar eru til af Inegy, samheitalyf er einnig á markaði",2026-09-23T20:59:59.147051,77046
IS,Iceland,Lyfjastofnun,Singulair,Montelukastum INN natríum,10 mg,98 stk.,Filmuhúðuð tafla,021345,R03DC03,N.V. Organon*,Vistor hf,2025-05-07,2025-06-06,2025-05-07,resolved,Samheitalyf er á markaði / fáanlegt.,2026-09-23T20:59:59.147597,52051
IS,Iceland,Lyfjastofnun,Flixotide,Fluticasonum INN própíónat,250 míkróg/skammt,60 skammtar,Innöndunarduft,161596,R03BA05,GlaxoSmithKline Pharma A/S,Vistor hf,2025-05-07,2025-05-09,2025-05-07,resolved,Aðrir styrkleikar eru á markaði / fáanlegir.,2026-09-23T20:59:59.148166,45632
IS,Iceland,Lyfjastofnun,Differin,Adapalenum INN,1 mg/g,60 g,Hlaup,021053,D10AD03,Galderma Nordic AB*,Icepharma hf,2025-05-06,2025-05-09,2025-05-06,resolved,Ekki til lyf með sama ATC númer en sambærilegt lyf í sama flokki er á markaði / fáanlegt.,2026-09-23T20:59:59.148740,118397
IS,Iceland,Lyfjastofnun,Yuflyma,Adalimumabum INN,40 mg,"0,4 ml","Stungulyf, lausn í áfylltum lyfjapenna",551884,L04AB04,Celltrion Healthcare Hungary Kft.,,2025-05-06,2025-05-09,2025-05-06,resolved,Samheitalyf er á markaði / fáanlegt.,2026-09-23T20:59:59.149268,129771
IS,Iceland,Lyfjastofnun,Zypadhera,Olanzapinum INN,300 mg,300 mg,"Stungulyfsstofn og leysir, forðadreifa",027988,N05AH03,"CHEPLAPHARM Registration GmbH,",,2025-05-06,2025-11-10,2025-04-08,resolved,". Lyfjastofnun hefur heimilað útskipti á tveimur undanþágulyfjum, Zypadhera (vnr. 999807) frá Slóvakíu og  Zyprexa (vnr. 958357) frá Ástralíu. Mikilvægt er að lyfjafræðingar veiti ráðgjöf við afgreiðslu undanþágulyfsins. Lyfið er H-merkt og er eingöngu ætlað til notkunar á heilbrigðsstofnunum.",2026-09-23T20:59:59.149797,90204
IS,Iceland,Lyfjastofnun,Nicorette Microtab Classic,Nicotinum cyclodextrin-komplex,2 mg,90 stk.,Tungurótartafla,075078,N07BA01,McNeil Denmark ApS,Vistor hf,2025-05-06,2025-05-13,2025-04-29,resolved,Önnur lyfjaform eru á markaði / fáanleg.,2026-09-23T20:59:59.150342,125490
IS,Iceland,Lyfjastofnun,Betnovat,Betamethasonum INN valerat,1 mg/ml,100 ml,Húðlausn,008326,D07AC01,GlaxoSmithKline Pharma A/S,Vistor hf,2025-05-06,2025-05-08,2025-05-02,resolved,Undanþágulyf hefur verið útvegað.,2026-09-23T20:59:59.150886,1465
IS,Iceland,Lyfjastofnun,Remsima,Infliximabum INN,120 mg/ml,1 ml,"Stungulyf, lausn í áfylltum lyfjapenna",107269,L04AB02,Celltrion Healthcare Hungary Kft.,Vistor hf,2025-05-05,2025-05-09,2025-05-05,resolved,Til skoðunar.,2026-09-23T20:59:59.151431,201707
IS,Iceland,Lyfjastofnun,Xarelto,Rivaroxabanum INN,10 mg,100 x 1 stk.,Filmuhúðuð tafla,178223,B01AF01,Bayer AG*,Icepharma hf,2025-05-05,2025-05-30,2025-05-05,resolved,Aðrar pakkningastærðir eru á markaði / fáanlegar.,2026-09-23T20:59:59.151973,88862
IS,Iceland,Lyfjastofnun,Reagila,Cariprazinum INN hýdróklóríð,6 mg,28 stk.,Hart hylki,482466,N05AX15,Gedeon Richter Plc.*,Recordati AB,2025-05-05,2025-06-06,2025-05-05,resolved,Aðrir styrkleikar eru á markaði / fáanlegir.,2026-09-23T20:59:59.152513,159166
IS,Iceland,Lyfjastofnun,Orfiril,Natrii valproas,600 mg,100 stk.,Magasýruþolin tafla,526798,N03AG01,Desitin Arzneimittel GmbH,Vistor hf,2025-05-05,2025-06-02,2025-03-24,resolved,Aðrir styrkleikar eru á markaði / fáanlegir.,2026-09-23T20:59:59.153059,25593
IS,Iceland,Lyfjastofnun,Ursochol,Acidum ursodeoxycholicum INN,250 mg,100 stk.,Hart hylki,444765,A05AA02,Orifarm Generics A/S,Artasan ehf,2025-05-05,2025-06-06,2025-04-29,resolved,Undanþágulyf hefur verið útvegað.,2026-09-23T20:59:59.153603,15830
IS,Iceland,Lyfjastofnun,Esomeprazol Actavis,Esomeprazolum INN magnesíum díhýdrat,20 mg,14 stk.,Magasýruþolin tafla,494578,A02BC05,Actavis Group PTC ehf.,Teva Pharma Iceland ehf.*,2025-05-05,2025-07-31,2025-02-20,resolved,Aðrar pakkningastærðir eru á markaði / fáanlegar.,2026-09-23T20:59:59.154143,57851
IS,Iceland,Lyfjastofnun,Zypadhera,Olanzapinum INN,210 mg,210 mg,"Stungulyfsstofn og leysir, forðadreifa",027976,N05AH03,"CHEPLAPHARM Registration GmbH,",,2025-05-02,2025-10-14,2025-08-22,resolved,Aðrir styrkleikar eru á markaði / fáanlegir.,2026-09-23T20:59:59.154667,90190
IS,Iceland,Lyfjastofnun,Montelukast Alvogen,Montelukastum INN natríum,10 mg,98 stk.,Filmuhúðuð tafla,476831,R03DC03,Alvogen ehf.,,2025-05-02,2025-07-08,2025-05-08,resolved,Aðrir styrkleikar eru á markaði / fáanlegir.,2026-09-23T20:59:59.155200,52051
IS,Iceland,Lyfjastofnun,Isovorin,,10 mg/ml,"17,5 ml","Stungulyf, lausn",091289,V03AF04,Pfizer ApS (P),Icepharma hf.*,2025-05-01,2026-04-01,2024-09-23,afskráning,Undanþágulyf hefur verið útvegað. Lyfið var afskráð 01.04.2026,2026-09-23T20:59:59.155743,
IS,Iceland,Lyfjastofnun,Xalatan,Latanoprostum INN,50 míkróg/ml,"2,5 ml","Augndropar, lausn",583105,S01EE01,Viatris ApS,Icepharma hf.*,2025-04-30,2025-06-16,2025-03-25,resolved,Samheitalyf er á markaði / fáanlegt.,2026-09-23T20:59:59.156308,198730
IS,Iceland,Lyfjastofnun,Nystatin Orifarm,Nystatinum INN,100.000 a.e./ml,100 ml,"Mixtúra, dreifa",424761,A07AA02,Orifarm Generics A/S,,2025-04-30,2025-08-05,2025-03-11,resolved,". Lyfjastofnun hefur heimilað lyfjafræðingum að breyta ávísun á lyfið í skorti í undanþágulyfið Mykundes suspension, vnr 989949, lyfið er í þýskum umbúðum.",2026-09-23T20:59:59.156836,6629
IS,Iceland,Lyfjastofnun,FOMEPIZOLE SERB,Fomepizolum INN súlfat,5 mg/ml,20 ml,"Innrennslisþykkni, lausn",007449,V03AB34,SERB S.A.,,2025-04-30,2025-04-30,2024-12-17,resolved,Ekkert sambærilegt lyf er á markaði / fáanlegt.,2026-09-23T20:59:59.157364,92428
IS,Iceland,Lyfjastofnun,Vedrop,Tocofersolanum INN,50 mg/ml,60 ml,"Mixtúra, lausn",124141,A11HA08,Recordati Rare Diseases*,Recordati AB*,2025-04-29,2025-05-28,2025-04-29,resolved,Aðrar pakkningastærðir eru á markaði / fáanlegar.,2026-09-23T20:59:59.157924,93270
IS,Iceland,Lyfjastofnun,Azyter,Azithromycinum INN díhýdrat,15 mg/g,"0,25 g","Augndropar, lausn í stakskammtaíláti",151737,S01AA26,Laboratoires THEA S.A.S.,,2025-04-29,2025-05-06,2025-04-29,resolved,Ekki til lyf með sama ATC númer en sambærilegt lyf í sama flokki er á markaði / fáanlegt.,2026-09-23T20:59:59.158488,89451
IS,Iceland,Lyfjastofnun,Irinotecan Accord,Irinotecanum INN hýdróklóríð,20 mg/ml,25 ml,"Innrennslisþykkni, lausn",190997,L01CE02,Accord Healthcare B.V.,,2025-04-28,2025-09-08,2025-03-31,resolved,. Undaþágulyfið Irinotecan vnr. 954227 hefur verið útvegað.,2026-09-23T20:59:59.159027,89451
IS,Iceland,Lyfjastofnun,Doxazosin Krka,Doxazosinum INN mesýlat,4 mg,120 stk.,Forðatafla,047840,C02CA04,"Krka, d.d., Novo mesto",,2025-04-28,2025-06-05,2025-02-26,resolved,Samheitalyf er á markaði / fáanlegt.,2026-09-23T20:59:59.159552,2194
IS,Iceland,Lyfjastofnun,Omnitrope,Somatropinum INN,"5 mg/1,5 ml","1,5 ml","Stungulyf, lausn í rörlykju",435072,H01AC01,Sandoz GmbH*,Sandoz A/S*,2025-04-28,2025-04-28,2025-04-09,resolved,Samheitalyf er á markaði / fáanlegt.,2026-09-23T20:59:59.160117,141011
IS,Iceland,Lyfjastofnun,Ritalin,Methylphenidatum INN hýdróklóríð,10 mg,30 stk.,Tafla,163089,N06BA04,InfectoPharm Arzneimittel und Consilium GmbH*,Vistor hf,2025-04-28,2025-04-30,2024-11-21,resolved,Samheitalyf er á markaði / fáanlegt.,2026-09-23T20:59:59.160667,2194
IS,Iceland,Lyfjastofnun,Haiprex,Methenaminum INN hippúrat,1 g,100 stk.,Tafla,142323,J01XX05,Viatris ApS,Icepharma hf.*,2025-04-25,2025-04-29,2025-03-27,resolved,Til skoðunar.,2026-09-23T20:59:59.161207,
IS,Iceland,Lyfjastofnun,Visipaque,Iodixanolum INN,320 mg J/ml,500 ml,"Stungulyf, lausn",583708,V08AB09,GE Healthcare AS,Icepharma hf,2025-04-25,2025-05-15,2025-04-23,resolved,Aðrir styrkleikar eru á markaði / fáanlegir.,2026-09-23T20:59:59.161745,97470
IS,Iceland,Lyfjastofnun,Methotrexat Ebewe,Methotrexatum INN,100 mg/ml,50 ml,"Innrennslisþykkni, lausn",493639,L01BA01,EBEWE Pharma Ges.m.b.H.Nfg. KG,Sandoz A/S*,2025-04-25,2025-04-28,2025-04-09,resolved,Aðrar pakkningastærðir eru á markaði / fáanlegar.,2026-09-23T20:59:59.162287,120081
IS,Iceland,Lyfjastofnun,Visipaque,Iodixanolum INN,320 mg J/ml,200 ml,"Stungulyf, lausn",583609,V08AB09,GE Healthcare AS,Icepharma hf,2025-04-23,2025-04-30,2025-04-23,resolved,Aðrir styrkleikar eru á markaði / fáanlegir.,2026-09-23T20:59:59.162831,131334
IS,Iceland,Lyfjastofnun,Carbocain,Mepivacainum INN hýdróklóríð,20 mg/ml,20 ml,"Stungulyf, lausn",105796,N01BB03,Sandoz A/S,,2025-04-23,2025-04-28,2025-04-01,resolved,Ekki til lyf með sama ATC númer en sambærilegt lyf í sama flokki er á markaði / fáanlegt.,2026-09-23T20:59:59.163356,
IS,Iceland,Lyfjastofnun,Metojectpen,Methotrexatum INN,"12,5 mg","12,5 mg","Stungulyf, lausn í áfylltum lyfjapenna",571379,L04AX03,medac Gesellschaft für klinische Spezialpräparate GmbH,,2025-04-22,2025-05-07,2025-04-14,resolved,Aðrir styrkleikar og lyfjaform eru á markaði / fáanlegir.,2026-09-23T20:59:59.163887,141445
IS,Iceland,Lyfjastofnun,Clindamycin EQL Pharma,Clindamycinum INN hýdróklóríð,150 mg,32 stk.,Hart hylki,112345,J01FF01,EQL Pharma AB,,2025-04-22,2025-04-30,2025-04-13,resolved,Samheitalyf er á markaði / fáanlegt.,2026-09-23T20:59:59.164414,701
IS,Iceland,Lyfjastofnun,Norgesic,"Orphenadrinum INN cítrat, Paracetamolum INN",35+450 mg,100 stk.,Tafla,525014,M03BC51,Viatris ApS,Icepharma hf.*,2025-04-22,2025-05-27,2025-04-23,resolved,Undanþágulyf hefur verið útvegað.,2026-09-23T20:59:59.164962,
IS,Iceland,Lyfjastofnun,Fentanyl Alvogen,Fentanylum INN,12 míkróg/klst.,5 stk.,Forðaplástur,052677,N02AB03,Alvogen ehf.,,2025-04-22,2025-05-23,2025-04-10,resolved,Aðrir styrkleikar eru á markaði / fáanlegir.,2026-09-23T20:59:59.165495,
IS,Iceland,Lyfjastofnun,Aritavi,Duloxetinum INN hýdróklóríð,60 mg,100 stk.,Magasýruþolið hart hylki,424829,N06AX21,Teva B.V.*,Teva Pharma Iceland ehf.*,2025-04-21,2025-05-15,2025-02-19,resolved,Aðrir styrkleikar og/eða samheitalyf eru á markaði / fáanlegir.,2026-09-23T20:59:59.166042,79065
IS,Iceland,Lyfjastofnun,Buvidal,Buprenorphinum INN,128 mg,"0,36 ml","Stungulyf, forðalausn",434601,N07BC01,Camurus AB,,2025-04-21,2025-04-27,2025-04-30,resolved,Aðrir styrkleikar eru á markaði / fáanlegir.,2026-09-23T20:59:59.166574,
IS,Iceland,Lyfjastofnun,Vermox,Mebendazolum INN,20 mg/ml,30 ml,"Mixtúra, dreifa",595134,P02CA01,McNeil Sweden AB,Vistor hf,2025-04-21,2025-04-22,2025-04-11,resolved,Samheitalyf er á markaði / fáanlegt.,2026-09-23T20:59:59.167132,
IS,Iceland,Lyfjastofnun,Tasigna,Nilotinibum INN hýdróklóríð,200 mg,112 stk.,Hart hylki,113818,L01EA03,Novartis Europharm Limited*,Vistor hf,2025-04-21,2025-05-19,2025-04-11,resolved,Aðrir styrkleikar og/eða samheitalyf eru á markaði / fáanlegir.,2026-09-23T20:59:59.167674,230723
IS,Iceland,Lyfjastofnun,Risperidone Teva GmbH,Risperidonum INN,"37,5 mg",37.5 mg,"Stungulyfsstofn og leysir, forðadreifa",456298,N05AX08,TEVA GmbH,,2025-04-18,2100-12-31,2025-03-21,shortage,Samheitalyf er á markaði / fáanlegt.,2026-09-23T20:59:59.168227,68276
IS,Iceland,Lyfjastofnun,Metojectpen,Methotrexatum INN,"17,5 mg","17,5 mg","Stungulyf, lausn í áfylltum lyfjapenna",121892,L04AX03,medac Gesellschaft für klinische Spezialpräparate GmbH,,2025-04-17,2025-05-07,2025-04-10,resolved,Aðrar pakkningastærðir eru á markaði / fáanlegar.,2026-09-23T20:59:59.168759,141461
IS,Iceland,Lyfjastofnun,Norgesic,"Orphenadrinum INN cítrat, Paracetamolum INN",35+450 mg,100 stk.,Tafla,525014,M03BC51,Viatris ApS,Icepharma hf.*,2025-04-17,2025-07-02,2025-06-27,resolved,Undanþágulyf hefur verið útvegað.,2026-09-23T20:59:59.169298,
IS,Iceland,Lyfjastofnun,Medilax,,667 mg/ml,500 ml,"Mixtúra, lausn",063661,A06AD11,Viatris ApS,Icepharma hf.*,2025-04-16,2025-07-01,2025-03-26,afskráning,Undanþágulyf hefur verið útvegað. Heildsala hefur útvegað undanþágulyfið Dulphalac,2026-09-23T20:59:59.169833,892
IS,Iceland,Lyfjastofnun,Bemfola,Follitropinum alfa INN,"150 a.e./0,25 ml","0,25 ml","Stungulyf, lausn í áfylltum lyfjapenna",489149,G03GA05,Gedeon Richter Plc.*,,2025-04-16,2025-05-20,2025-04-16,resolved,Aðrar pakkningastærðir eru á markaði / fáanlegar.,2026-09-23T20:59:59.170377,117560
IS,Iceland,Lyfjastofnun,Carbocain,Mepivacainum INN hýdróklóríð,10 mg/ml,20 ml,"Stungulyf, lausn",105785,N01BB03,Sandoz A/S,,2025-04-15,2025-04-28,2025-04-01,resolved,Ekki til lyf með sama ATC númer en sambærilegt lyf í sama flokki er á markaði / fáanlegt.,2026-09-23T20:59:59.170912,29955
IS,Iceland,Lyfjastofnun,Xolair,Omalizumabum INN,300 mg,2 ml,"Stungulyf, lausn í áfylltum lyfjapenna",521313,R03DX05,Novartis Europharm Limited*,Vistor hf,2025-04-15,2025-04-22,2025-04-15,resolved,Aðrir styrkleikar eru á markaði / fáanlegir.,2026-09-23T20:59:59.171453,229458
IS,Iceland,Lyfjastofnun,Combisyn,"Amoxicillinum INN tríhýdrat, Potassium clavulanate","14,0/3,5 % w/v",100 ml,"Stungulyf, dreifa",513758,QJ01CR02,Norbrook Laboratories (Ireland) Limited,Norbrook Laboratories ltd,2025-04-15,2025-04-15,2025-04-15,resolved,Önnur lyfjaform eru á markaði / fáanleg.,2026-09-23T20:59:59.171992,
IS,Iceland,Lyfjastofnun,Paxetin,,20 mg,100 stk.,Filmuhúðuð tafla,022537,N06AB05,Teva B.V.*,Teva Pharma Iceland ehf.*,2025-04-15,2025-04-15,2025-02-19,afskráning,Samheitalyf er á markaði / fáanlegt.,2026-09-23T20:59:59.172533,125032
IS,Iceland,Lyfjastofnun,Imnovid,,2 mg,21 stk.,Hart hylki,455325,L04AX06,Bristol-Myers Squibb Pharma EEIG*,Vistor hf,2025-04-14,2025-07-14,2025-03-24,afskráning,Samheitalyf er á markaði / fáanlegt.,2026-09-23T20:59:59.173067,107522
IS,Iceland,Lyfjastofnun,Oracea,Doxycyclinum INN,40 mg,56 stk.,Hart hylki með breyttan losunarhraða,029800,J01AA02,Galderma Nordic AB*,Icepharma hf,2025-04-14,2025-05-02,2025-04-09,resolved,Önnur lyfjaform eru á markaði / fáanleg.,2026-09-23T20:59:59.173606,91049
IS,Iceland,Lyfjastofnun,Zypadhera,Olanzapinum INN,405 mg,405 mg,"Stungulyfsstofn og leysir, forðadreifa",027999,N05AH03,"CHEPLAPHARM Registration GmbH,",,2025-04-14,2025-10-14,2025-04-08,resolved,". Lyfjastofnun hefur heimilað útskipti á tveimur undanþágulyfjum, Zypadhera (vnr. 999807) frá Slóvakíu og  Zyprexa (vnr. 958357) frá Ástralíu. Mikilvægt er að lyfjafræðingar veiti ráðgjöf við afgreiðslu undanþágulyfsins. Lyfið er H-merkt og er eingöngu ætlað til notkunar á heilbrigðsstofnunum.",2026-09-23T20:59:59.174134,90212
IS,Iceland,Lyfjastofnun,Síprox,Ciprofloxacin hydrochloride,250 mg,20 stk.,Tafla,080115,J01MA02,Teva B.V.*,Teva Pharma Iceland ehf.*,2025-04-14,2025-07-31,2025-03-21,afskráning,Samheitalyf er á markaði / fáanlegt.,2026-09-23T20:59:59.174691,138924
IS,Iceland,Lyfjastofnun,Pomalidomide Zentiva,Pomalidomidum INN,4 mg,21 x 1 stk.,Hart hylki,127486,L04AX06,Zentiva k.s.*,,2025-04-14,2025-04-16,2025-04-10,resolved,Samheitalyf er á markaði / fáanlegt.,2026-09-23T20:59:59.175213,107549
IS,Iceland,Lyfjastofnun,Esomeprazol Krka (Heilsa),Esomeprazolum INN,20 mg,98 stk.,Magasýruþolið hart hylki,493562,A02BC05,Heilsa ehf.,,2025-04-14,2025-08-28,2025-04-11,resolved,Samheitalyf er á markaði / fáanlegt.,2026-09-23T20:59:59.175753,24163
IS,Iceland,Lyfjastofnun,Visipaque,Iodixanolum INN,270 mg J/ml,20 ml,"Stungulyf, lausn",104026,V08AB09,GE Healthcare AS,Icepharma hf,2025-04-14,2025-06-30,2025-03-13,resolved,Aðrar pakkningastærðir eru á markaði / fáanlegar.,2026-09-23T20:59:59.176293,41580
IS,Iceland,Lyfjastofnun,Dalacin,Clindamycinum INN fosfat,10 mg/ml,60 ml,Húðfleyti,494559,D10AF01,Pfizer ApS,Icepharma hf.*,2025-04-10,2025-04-30,2025-02-03,resolved,Önnur lyfjaform eru á markaði / fáanleg.,2026-09-23T20:59:59.176828,19666
IS,Iceland,Lyfjastofnun,Montelukast ratiopharm,,5 mg,98 stk.,Tuggutafla,439822,R03DC03,Alvogen ehf.,,2025-04-10,2025-11-01,2025-03-24,afskráning,Aðrir styrkleikar eru á markaði / fáanlegir.,2026-09-23T20:59:59.177351,52043
IS,Iceland,Lyfjastofnun,Visipaque,Iodixanolum INN,320 mg J/ml,100 ml,"Stungulyf, lausn",583518,V08AB09,GE Healthcare AS,Icepharma hf,2025-04-09,2025-04-30,2025-04-09,resolved,Aðrar pakkningastærðir eru á markaði / fáanlegar.,2026-09-23T20:59:59.177892,41645
IS,Iceland,Lyfjastofnun,Mayzent,Siponimodum INN fúmarsýra,2 mg,28 stk.,Filmuhúðuð tafla,414921,L04AE03,Novartis Europharm Limited*,Vistor hf,2025-04-09,2025-04-14,2025-03-25,resolved,Aðrir styrkleikar eru á markaði / fáanlegir.,2026-09-23T20:59:59.178470,202029
IS,Iceland,Lyfjastofnun,Singulair,Montelukastum INN natríum,10 mg,98 stk.,Filmuhúðuð tafla,021345,R03DC03,N.V. Organon*,Vistor hf,2025-04-09,2025-05-07,2025-04-10,resolved,Aðrir styrkleikar eru á markaði / fáanlegir.,2026-09-23T20:59:59.179023,52051
IS,Iceland,Lyfjastofnun,Sandimmun Neoral,Ciclosporinum INN,100 mg/ml,50 ml,"Mixtúra, lausn",586107,L04AD01,Novartis Healthcare A/S,Vistor hf,2025-04-09,2025-04-14,2025-04-01,resolved,Önnur lyfjaform eru á markaði / fáanleg.,2026-09-23T20:59:59.179566,40843
IS,Iceland,Lyfjastofnun,Produodopa,"Foslevodopa, Foscarbidopa",240 mg/ml +12 mg/ml,7 stk.,"Innrennslislyf, lausn",061313,N04BA07,AbbVie A/S,,2025-04-09,2025-04-16,2025-03-27,resolved,Ekki til lyf með sama ATC númer en sambærilegt lyf í sama flokki er á markaði / fáanlegt.,2026-09-23T20:59:59.180100,219622
IS,Iceland,Lyfjastofnun,Visipaque,Iodixanolum INN,320 mg J/ml,500 ml,"Stungulyf, lausn",583708,V08AB09,GE Healthcare AS,Icepharma hf,2025-04-08,2025-04-11,2025-03-13,resolved,Aðrar pakkningastærðir eru á markaði / fáanlegar.,2026-09-23T20:59:59.180644,97470
IS,Iceland,Lyfjastofnun,Ozurdex,Dexamethasonum INN fosfat,700 míkróg,1 stk.,Vefjalyf,192867,S01BA01,AbbVie Deutschland GmbH & Co. KG,Vistor hf,2025-04-08,2025-04-09,2025-03-20,resolved,Til skoðunar.,2026-09-23T20:59:59.181186,97470
IS,Iceland,Lyfjastofnun,Noromectin,Ivermectin,1 % w/v,250 ml,"Stungulyf, lausn",377134,QP54AA01,Norbrook Laboratories (Ireland) Limited,Icepharma hf.*,2025-04-07,2025-06-15,2025-04-11,resolved,Samheitalyf er á markaði / fáanlegt.,2026-09-23T20:59:59.181740,
IS,Iceland,Lyfjastofnun,Betadine,"POVIDONE, IODINATED",100. mg/ml,500 ml,Húðlausn,005330,D08AG02,Taw Pharma (Ireland) Limited,Icepharma hf,2025-04-07,2025-12-01,2025-03-31,resolved,Önnur lyfjaform eru á markaði / fáanleg.,2026-09-23T20:59:59.182295,1295
IS,Iceland,Lyfjastofnun,Ivermectin Medical Valley,Ivermectin,3 mg,4 stk.,Tafla,159013,P02CF01,Medical Valley Invest AB,,2025-04-07,2025-04-14,2025-04-08,resolved,Ekkert sambærilegt lyf er á markaði / fáanlegt.,2026-09-23T20:59:59.182839,69515
IS,Iceland,Lyfjastofnun,Lacosamide Krka,Lacosamidum INN,100 mg,56 stk.,Filmuhúðuð tafla,074630,N03AX18,"Krka, d.d., Novo mesto",,2025-04-07,2025-06-05,2025-03-21,resolved,Aðrir styrkleikar eru á markaði / fáanlegir.,2026-09-23T20:59:59.183366,217875
IS,Iceland,Lyfjastofnun,Atrovent,Ipratropii bromidum INN,"0,25 mg/ml",2 ml,Lausn í eimgjafa,129817,R03BB01,Boehringer Ingelheim International GmbH*,Vistor ehf,2025-04-07,2025-04-14,2025-03-26,resolved,Önnur lyfjaform eru á markaði / fáanleg.,2026-09-23T20:59:59.183918,29378
IS,Iceland,Lyfjastofnun,Opatanol,Olopatadinum INN hýdróklóríð,1 mg/ml,5 ml,"Augndropar, lausn",007921,S01GX09,Novartis Europharm Limited*,Vistor hf,2025-04-07,2025-04-14,2025-03-25,resolved,Ekki til lyf með sama ATC númer en sambærilegt lyf í sama flokki er á markaði / fáanlegt.,2026-09-23T20:59:59.184475,220566
IS,Iceland,Lyfjastofnun,Combisyn,"Amoxicillinum INN tríhýdrat, Potassium clavulanate","14,0/3,5 % w/v",100 ml,"Stungulyf, dreifa",513758,QJ01CR02,Norbrook Laboratories (Ireland) Limited,Norbrook Laboratories ltd,2025-04-07,2025-04-15,2025-04-11,resolved,Ekkert sambærilegt lyf er á markaði / fáanlegt.,2026-09-23T20:59:59.185018,
IS,Iceland,Lyfjastofnun,Xeplion,Paliperidonum INN palmítat,50 mg,50 mg,"Stungulyf, forðadreifa",058609,N05AX13,Janssen-Cilag International NV*,Vistor hf,2025-04-07,2025-04-14,2025-03-12,resolved,Aðrir styrkleikar eru á markaði / fáanlegir.,2026-09-23T20:59:59.185568,96962
IS,Iceland,Lyfjastofnun,Lantus,Insulinum glarginum INN,100 ein./ml,3 ml,"Stungulyf, lausn í rörlykju",004746,A10AE04,Sanofi-Aventis Deutschland GmbH,Vistor hf,2025-04-07,2025-04-28,2025-03-31,resolved,Ekki til lyf með sama ATC númer en sambærilegt lyf í sama flokki er á markaði / fáanlegt.,2026-09-23T20:59:59.186114,85375
IS,Iceland,Lyfjastofnun,Valaciclovir Actavis,Valaciclovirum INN hýdróklóríð,500 mg,42 stk.,Filmuhúðuð tafla,039957,J05AB11,Actavis Group PTC ehf.,Teva Pharma Iceland ehf.*,2025-04-04,2025-06-01,2025-02-19,resolved,Samheitalyf er á markaði / fáanlegt.,2026-09-23T20:59:59.186669,42080
IS,Iceland,Lyfjastofnun,Solifenacin Alvogen,Solifenacinum INN súkkínat,10 mg,90 stk.,Filmuhúðuð tafla,102952,G04BD08,Alvogen ehf.,,2025-04-03,2025-10-08,2025-04-10,resolved,Samheitalyf er á markaði / fáanlegt.,2026-09-23T20:59:59.187198,75345
IS,Iceland,Lyfjastofnun,Ibuprofen Zentiva,Ibuprofenum INN,600 mg,100 stk.,Filmuhúðuð tafla,542402,M01AE01,Zentiva k.s.*,,2025-04-03,2025-05-30,2025-04-10,resolved,Samheitalyf er á markaði / fáanlegt.,2026-09-23T20:59:59.187724,17469
IS,Iceland,Lyfjastofnun,Valganciclovir Medical Valley,Valganciclovirum INN hýdróklóríð,450 mg,60 stk.,Filmuhúðuð tafla,047709,J05AB14,Medical Valley Invest AB,,2025-04-03,2025-07-31,2025-04-03,resolved,Undanþágulyf hefur verið útvegað.,2026-09-23T20:59:59.188272,60429
IS,Iceland,Lyfjastofnun,Procysbi,Mercaptaminum INN bítartrat,75 mg,250 stk.,Magasýruþolið hart hylki,494885,A16AA04,Chiesi Farmaceutici S.p.A.*,Chiesi Pharma AB,2025-04-02,2025-04-02,2025-01-29,resolved,Aðrir styrkleikar eru á markaði / fáanlegir.,2026-09-23T20:59:59.188826,82899
IS,Iceland,Lyfjastofnun,Fycompa,Perampanelum INN,8 mg,28 stk.,Filmuhúðuð tafla,074348,N03AX22,Eisai GmbH,Eisai AB*,2025-04-01,2025-04-02,2025-03-19,resolved,Aðrir styrkleikar eru á markaði / fáanlegir.,2026-09-23T20:59:59.189371,115495
IS,Iceland,Lyfjastofnun,Hizentra,Human normal immunoglobulin,200 mg/ml,5 ml,"Stungulyf, lausn",426888,J06BA01,CSL Behring GmbH*,CSL Behring AB,2025-04-01,2025-04-10,2025-04-01,resolved,Aðrir styrkleikar eru á markaði / fáanlegir.,2026-09-23T20:59:59.189911,97381
IS,Iceland,Lyfjastofnun,Enalapril comp Alvogen,,"20 mg/12,5 mg",100 stk.,Tafla,034124,C09BA02,Alvogen ehf.,,2025-04-01,2025-08-01,2025-02-04,afskráning,Samheitalyf er á markaði / fáanlegt.,2026-09-23T20:59:59.190434,26387
IS,Iceland,Lyfjastofnun,Tanonalla,"Oxycodonum INN hýdróklóríð, Naloxonum INN hýdróklóríð","5 mg/2,5 mg",28 stk.,Forðatafla,070713,N02AA55,Sandoz A/S,,2025-04-01,2025-04-03,2025-03-31,resolved,Samheitalyf er á markaði / fáanlegt.,2026-09-23T20:59:59.190977,90220
IS,Iceland,Lyfjastofnun,Finasterid STADA,Finasteridum INN,1 mg,30 stk.,Filmuhúðuð tafla,528076,D11AX10,STADA Arzneimittel AG,,2025-04-01,2026-04-16,2025-03-14,resolved,"Undanþágulyf hefur verið útvegað. Heildsalan Parlogis hefur útvegað undanþágulyf og Lyfjastofnun hefur veitt lyfjafræðingum heimild til útskipta í apóteki. Undanþágulyfið heitir Finasterid Parlogis 1 mg 28 stk filmuhúðaðar töfllur, vnr 959730, lyfið er í þýskum umbúðum.",2026-09-23T20:59:59.191517,212202
IS,Iceland,Lyfjastofnun,Ezetrol,Ezetimibum INN,10 mg,98 stk.,Tafla,477017,C10AX09,N.V. Organon*,Vistor hf,2025-04-01,2025-06-03,2025-04-01,resolved,Aðrar pakkningastærðir eru á markaði / fáanlegar.,2026-09-23T20:59:59.192091,70645
IS,Iceland,Lyfjastofnun,Mirtazapin Sandoz,Mirtazapinum INN,15 mg,105 stk.,Filmuhúðuð tafla,459367,N06AX11,Sandoz A/S,,2025-04-01,2025-04-28,2025-03-31,resolved,Samheitalyf er á markaði / fáanlegt.,2026-09-23T20:59:59.192618,80934
IS,Iceland,Lyfjastofnun,Rydapt,Midostaurinum INN,25 mg,56 stk.,Mjúkt hylki,519755,L01EX10,Novartis Europharm Limited*,Vistor hf,2025-04-01,2025-04-14,2025-04-01,resolved,Aðrar pakkningastærðir eru á markaði / fáanlegar.,2026-09-23T20:59:59.193163,148016
IS,Iceland,Lyfjastofnun,Tanonalla,"Naloxonum INN hýdróklóríð, Oxycodonum INN hýdróklóríð",10 mg/5 mg,28 stk.,Forðatafla,073471,N02AA55,Sandoz A/S,,2025-04-01,2025-04-03,2025-03-31,resolved,Samheitalyf er á markaði / fáanlegt.,2026-09-23T20:59:59.193695,90220
IS,Iceland,Lyfjastofnun,Otezla,Apremilastum INN,30 mg,56 stk.,Filmuhúðuð tafla,139604,L04AA32,Amgen Europe B.V.*,Vistor hf,2025-04-01,2025-04-15,2025-04-01,resolved,Aðrir styrkleikar eru á markaði / fáanlegir.,2026-09-23T20:59:59.194239,125709
IS,Iceland,Lyfjastofnun,Broksil,Ambroxolum INN hýdróklóríð,6 mg/ml,100 ml,Saft,380168,R05CB06,Williams & Halls ehf.*,,2025-04-01,2025-05-13,2025-04-02,resolved,Ekki til lyf með sama ATC númer en sambærilegt lyf í sama flokki er á markaði / fáanlegt.,2026-09-23T20:59:59.194768,
IS,Iceland,Lyfjastofnun,Vivelle dot,Estradiol,25 míkróg,8 stk.,Forðaplástur,042173,G03CA03,Sandoz A/S,,2025-04-01,2025-04-03,2025-03-31,resolved,Undanþágulyf hefur verið útvegað.,2026-09-23T20:59:59.195292,
IS,Iceland,Lyfjastofnun,Mirtazapin Sandoz,Mirtazapinum INN,45 mg,105 stk.,Filmuhúðuð tafla,179043,N06AX11,Sandoz A/S,,2025-04-01,2025-04-03,2025-03-31,resolved,Samheitalyf er á markaði / fáanlegt.,2026-09-23T20:59:59.195832,43370
IS,Iceland,Lyfjastofnun,Eplerenon Bluefish,Eplerenonum INN,25 mg,30 stk.,Filmuhúðuð tafla,440739,C03DA04,Bluefish Pharmaceuticals AB,Artasan ehf,2025-04-01,2025-05-05,2025-03-31,resolved,"Samheitalyf er á markaði / fáanlegt. Samheitalyf er fáanlegt, pakkning til á stuttfyrningu",2026-09-23T20:59:59.196376,73431
IS,Iceland,Lyfjastofnun,Iasibon,Acidum ibandronicum INN mónónatríum,2 mg,2 ml,"Innrennslisþykkni, lausn",189052,M05BA06,Pharmathen S.A.*,Alvogen ehf.,2025-04-01,2027-01-01,2025-02-10,shortage,Samheitalyf er á markaði / fáanlegt. Lyfið hættir á markaði.,2026-09-23T20:59:59.196921,88838
IS,Iceland,Lyfjastofnun,Mirtazapin Sandoz,Mirtazapinum INN,30 mg,105 stk.,Filmuhúðuð tafla,376680,N06AX11,Sandoz A/S,,2025-04-01,2025-04-28,2025-03-31,resolved,Samheitalyf er á markaði / fáanlegt.,2026-09-23T20:59:59.197444,39721
IS,Iceland,Lyfjastofnun,Metformin Bluefish,Metforminum INN hýdróklóríð,500 mg,100 stk.,Filmuhúðuð tafla,162841,A10BA02,Bluefish Pharmaceuticals AB,Artasan ehf,2025-03-31,2025-09-01,2025-02-06,resolved,Samheitalyf er á markaði / fáanlegt.,2026-09-23T20:59:59.197992,
IS,Iceland,Lyfjastofnun,Olanzapin Actavis,Olanzapinum INN,"2,5 mg",28 stk.,Filmuhúðuð tafla,118020,N05AH03,Actavis Group PTC ehf.,Teva Pharma Iceland ehf.*,2025-03-31,2025-05-31,2025-02-19,resolved,Samheitalyf er á markaði / fáanlegt.,2026-09-23T20:59:59.198566,61271
IS,Iceland,Lyfjastofnun,GlucaGen,Glucagonum INN hýdróklóríð,1 mg,1 stk.,"Stungulyfsstofn og leysir, lausn",443325,H04AA01,Novo Nordisk A/S*,Vistor hf,2025-03-31,2025-04-30,2025-04-01,resolved,Aðrar pakkningastærðir eru á markaði / fáanlegar.,2026-09-23T20:59:59.199109,35327
IS,Iceland,Lyfjastofnun,Valaciclovir Actavis,Valaciclovirum INN hýdróklóríð,500 mg,10 stk.,Filmuhúðuð tafla,459926,J05AB11,Actavis Group PTC ehf.,Teva Pharma Iceland ehf.*,2025-03-31,2025-04-15,2025-02-19,resolved,Samheitalyf er á markaði / fáanlegt.,2026-09-23T20:59:59.199647,77119
IS,Iceland,Lyfjastofnun,Procoralan,Ivabradinum INN hýdróklóríð,"7,5 mg",56 stk.,Filmuhúðuð tafla,041105,C01EB17,Les Laboratoires Servier*,Icepharma hf,2025-03-31,2025-04-17,2025-03-07,resolved,Samheitalyf er á markaði / fáanlegt.,2026-09-23T20:59:59.200193,59056
IS,Iceland,Lyfjastofnun,Esomeprazol Krka (Heilsa),Esomeprazolum INN,40 mg,98 stk.,Magasýruþolið hart hylki,560865,A02BC05,Heilsa ehf.,,2025-03-31,2025-05-23,2025-03-20,resolved,Samheitalyf er á markaði / fáanlegt.,2026-09-23T20:59:59.200718,17892
IS,Iceland,Lyfjastofnun,Insulatard,Insulin human isophane,100 a.e./ml,10 ml,"Stungulyf, dreifa",014010,A10AC01,Novo Nordisk A/S*,Vistor hf,2025-03-31,2025-04-30,2025-04-01,resolved,Aðrar pakkningastærðir og lyfjaform eru á markaði / fáanlegar.,2026-09-23T20:59:59.201249,29998
IS,Iceland,Lyfjastofnun,Scopoderm,Scopolaminum,1 mg/72 klst.,2 stk.,Forðaplástur,528241,A04AD01,Baxter Medical AB,,2025-03-31,2025-04-01,2025-03-17,resolved,Ekkert sambærilegt lyf er á markaði / fáanlegt.,2026-09-23T20:59:59.201770,
IS,Iceland,Lyfjastofnun,Flixotide,Fluticasonum INN própíónat,250 míkróg/skammt,120 skammtar,"Innúðalyf, dreifa",470385,R03BA05,GlaxoSmithKline Pharma A/S,Vistor hf,2025-03-31,2025-03-31,2025-03-26,resolved,Aðrir styrkleikar eru á markaði / fáanlegir.,2026-09-23T20:59:59.202321,75159
IS,Iceland,Lyfjastofnun,Omnitrope,Somatropinum INN,"5 mg/1,5 ml","1,5 ml","Stungulyf, lausn í rörlykju",173656,H01AC01,Sandoz GmbH*,Sandoz A/S*,2025-03-31,2025-04-28,2025-03-31,resolved,Aðrar pakkningastærðir eru á markaði / fáanlegar.,2026-09-23T20:59:59.202869,141011
IS,Iceland,Lyfjastofnun,Nicorette,,10 mg,42 stk.,"Innöndunargufa, gegndreyptur stabbi",372177,N07BA01,McNeil Denmark ApS,Vistor hf,2025-03-30,2025-08-01,2025-03-19,afskráning,Aðrar pakkningastærðir eru á markaði / fáanlegar.,2026-09-23T20:59:59.203409,35327
IS,Iceland,Lyfjastofnun,Sandostatin,Octreotidum INN,50 míkróg/ml,1 ml,"Stungulyf, lausn",057455,H01CB02,Novartis Healthcare A/S,Vistor hf,2025-03-29,2025-03-31,2025-03-17,resolved,Til skoðunar.,2026-09-23T20:59:59.203952,27502
IS,Iceland,Lyfjastofnun,Venclyxto,Venetoclaxum INN,100 mg,112 (4x28) stk.,Filmuhúðuð tafla,532535,L01XX52,AbbVie Deutschland GmbH & Co. KG,Vistor hf,2025-03-29,2025-04-16,2025-03-20,resolved,Aðrir styrkleikar eru á markaði / fáanlegir.,2026-09-23T20:59:59.204498,138266
IS,Iceland,Lyfjastofnun,Phesgo,"Trastuzumabum INN, Pertuzumabum INN",1200 mg/600 mg,15 ml,"Stungulyf, lausn",097612,L01FY01,Roche Registration GmbH*,Icepharma hf.*,2025-03-28,2025-04-03,2025-03-31,resolved,"Ekkert sambærilegt lyf er á markaði / fáanlegt. Ekkert sambærilegt lyf er á markaði, mögulega til hjá apóteki LSH",2026-09-23T20:59:59.205040,207322
IS,Iceland,Lyfjastofnun,Parkódín forte,"Paracetamolum INN, Codeine phosphate hemihydrate",500 mg/30 mg,40 stk.,Filmuhúðuð tafla,084866,N02AJ06,Teva B.V.*,Teva Pharma Iceland ehf.*,2025-03-28,2025-05-01,2025-03-21,resolved,Aðrar pakkningastærðir eru á markaði / fáanlegar.,2026-09-23T20:59:59.205579,131334
IS,Iceland,Lyfjastofnun,Nevanac,Nepafenacum INN,3 mg/ml,3 ml,"Augndropar, dreifa",195092,S01BC10,Novartis Europharm Limited*,Vistor hf,2025-03-28,2025-04-14,2025-02-28,resolved,Aðrir styrkleikar eru á markaði / fáanlegir.,2026-09-23T20:59:59.206135,220620
IS,Iceland,Lyfjastofnun,Presmin,Losartanum INN kalíum,50 mg,98 stk.,Filmuhúðuð tafla,103651,C09CA01,Alvogen ehf.,,2025-03-27,2025-04-13,2025-03-10,resolved,Samheitalyf er á markaði / fáanlegt.,2026-09-23T20:59:59.206662,41890
IS,Iceland,Lyfjastofnun,Inegy,"Simvastatinum INN, Ezetimibe",10/40 mg,28 stk.,Tafla,385238,C10BA02,N.V. Organon*,Vistor hf,2025-03-27,2025-11-27,2025-03-27,resolved,"Aðrir styrkleikar og pakkningastærðir eru á markaði / fáanlegir. Stærri pakkningin af Inegy er til en áætlað er að hún fari í skort c.a. 25.apríl, einnig eru til aðrir styrkleikar af Inegy, samheitalyf er einnig á markaði",2026-09-23T20:59:59.207214,77046
IS,Iceland,Lyfjastofnun,Kolsuspension,Carbo medicinalis,150 mg/ml,100 ml,"Mixtúra, dreifa",132852,A07BA01,Circius Pharma AB,Vistor hf,2025-03-26,2025-03-28,2025-03-26,resolved,"Ekkert sambærilegt lyf er á markaði / fáanlegt. Umboðsaðili er að útvega lyfið með hraðsendingu, undanþágulyf í lyfjaverðskrá eru ekki til á lager.",2026-09-23T20:59:59.207768,
IS,Iceland,Lyfjastofnun,Kaleorid,Potassium chloride,750 mg,100 stk.,Forðatafla,596428,A12BA01,Karo Pharma AB*,Alvogen ehf.,2025-03-26,2025-03-26,2025-03-17,resolved,Aðrar pakkningastærðir eru á markaði / fáanlegar.,2026-09-23T20:59:59.208357,
IS,Iceland,Lyfjastofnun,Levonorgestrel ABECE (Heilsa),Levonorgestrelum INN,"1,5 mg",1 stk.,Tafla,521114,G03AD01,Heilsa ehf.,,2025-03-25,2026-12-01,2025-03-20,shortage,Samheitalyf er á markaði / fáanlegt. Þetta vörunúmer hættir,2026-09-23T20:59:59.208889,78921
IS,Iceland,Lyfjastofnun,Scemblix,Asciminibum INN,40 mg,60 stk.,Filmuhúðuð tafla,573040,L01EA06,Novartis Europharm Limited*,Vistor hf,2025-03-25,2025-04-14,2025-03-25,resolved,Aðrir styrkleikar eru á markaði / fáanlegir.,2026-09-23T20:59:59.209436,141011
IS,Iceland,Lyfjastofnun,Valsartan/Hydrochlorothiazide Krka (Heilsa),"Valsartanum INN, Hydrochlorothiazide","160 mg/12,5 mg",98 stk.,Filmuhúðuð tafla,179608,C09DA03,Heilsa ehf.,,2025-03-25,2025-05-23,2025-03-20,resolved,Samheitalyf er á markaði / fáanlegt.,2026-09-23T20:59:59.209957,71390
IS,Iceland,Lyfjastofnun,Bortezomib Accord,Bortezomibum INN,"2,5 mg/ml","1,4 ml","Stungulyf, lausn",398691,L01XG01,Accord Healthcare S.L.U.,,2025-03-24,2025-04-14,2025-03-03,resolved,Aðrir styrkleikar eru á markaði / fáanlegir.,2026-09-23T20:59:59.210483,197505
IS,Iceland,Lyfjastofnun,Dexavit,Dexamethasonum INN natríumfosfat,4 mg/ml,1 ml,"Stungulyf/innrennslislyf, lausn",517803,H02AB02,XGX Pharma ApS,,2025-03-24,2025-03-27,2025-03-12,resolved,Aðrar pakkningastærðir eru á markaði / fáanlegar.,2026-09-23T20:59:59.211005,218111
IS,Iceland,Lyfjastofnun,Enstilar,"Calcipotriolum INN, Betamethasonum INN díprópíónat","50 míkróg/0,5 mg/g",60 g,Húðfroða,454650,D05AX52,LEO Pharma A/S*,Vistor hf,2025-03-24,2025-03-27,2025-03-18,resolved,Önnur lyfjaform eru á markaði / fáanleg.,2026-09-23T20:59:59.211551,133329
IS,Iceland,Lyfjastofnun,Ocrevus,Ocrelizumabum INN,300 mg,10 ml,"Innrennslisþykkni, lausn",533363,L04AG08,Roche Registration GmbH*,Icepharma hf.*,2025-03-24,2025-04-03,2025-03-24,resolved,Ekkert sambærilegt lyf er á markaði / fáanlegt.,2026-09-23T20:59:59.212091,149322
IS,Iceland,Lyfjastofnun,Oftagel (Heilsa),Carbomer,"2,5 mg/g","0,5 mg",Augnhlaup í stakskammtaíláti,547134,S01XA20,Heilsa ehf.,,2025-03-24,2025-05-30,2025-02-19,resolved,Samheitalyf er á markaði / fáanlegt.,2026-09-23T20:59:59.212613,
IS,Iceland,Lyfjastofnun,Protaminsulphat LEO Pharma,Protamini sulfas INN,10 mg/ml,5 ml,"Stungulyf, lausn",035024,V03AB14,LEO Pharma A/S*,Vistor hf,2025-03-22,2025-03-31,2025-03-10,resolved,Ekkert sambærilegt lyf er á markaði / fáanlegt.,2026-09-23T20:59:59.213155,93246
IS,Iceland,Lyfjastofnun,Nicorette Cooldrops,Nicotinum INN,2 mg,160 stk.,Hörð munnsogstafla,554883,N07BA01,McNeil Denmark ApS,Vistor hf,2025-03-21,2025-04-07,2025-03-18,resolved,Aðrar pakkningastærðir eru á markaði / fáanlegar.,2026-09-23T20:59:59.213719,125490
IS,Iceland,Lyfjastofnun,Atomoxetin Medical Valley,Atomoxetinum INN hýdróklóríð,40 mg,30 stk.,Hart hylki,588259,N06BA09,Medical Valley Invest AB,,2025-03-21,2025-07-13,2025-03-21,resolved,Samheitalyf er á markaði / fáanlegt.,2026-09-23T20:59:59.214247,76732
IS,Iceland,Lyfjastofnun,Sandostatin LAR,Octreotidum INN,20 mg,20 mg,"Stungulyfsstofn og leysir, dreifa",379677,H01CB02,Novartis Healthcare A/S,Vistor hf,2025-03-21,2025-03-31,2025-03-21,resolved,Aðrir styrkleikar eru á markaði / fáanlegir.,2026-09-23T20:59:59.214799,70459
IS,Iceland,Lyfjastofnun,Dronedarone Teva,Dronedaronum INN hýdróklóríð,400 mg,100x1 stk.,Filmuhúðuð tafla,047238,C01BD07,Teva B.V.*,Teva Pharma Iceland ehf.*,2025-03-20,2025-05-31,2025-02-19,resolved,Samheitalyf er á markaði / fáanlegt.,2026-09-23T20:59:59.215345,
IS,Iceland,Lyfjastofnun,Norspan,Buprenorphinum INN,10 míkróg/klst.,4 stk.,Forðaplástur,017266,N02AE01,Mundipharma A/S,Icepharma hf,2025-03-20,2025-03-26,2025-03-19,resolved,Aðrir styrkleikar eru á markaði / fáanlegir.,2026-09-23T20:59:59.215888,89419
IS,Iceland,Lyfjastofnun,Dalacin,Clindamycinum INN fosfat,20 mg/g,40 g,Leggangakrem,539973,G01AA10,Pfizer ApS,Icepharma hf.*,2025-03-20,2025-04-04,2025-02-03,resolved,Önnur lyfjaform eru á markaði / fáanleg.,2026-09-23T20:59:59.216429,73539
IS,Iceland,Lyfjastofnun,Centyl mite með kaliumklorid,"Kalii chloridum, Bendroflumethiazidum INN","1,25 mg/573 mg",100 stk.,Filmuhúðuð tafla,128348,C03AB01,Karo Pharma AB*,Alvogen ehf.,2025-03-20,2025-03-27,2025-03-12,resolved,"Aðrir styrkleikar eru á markaði / fáanlegir. Stuttur skortur lyfið er mögulega til á lager í apótekum, á markaði er Centyl með kaliumklorid",2026-09-23T20:59:59.216968,
IS,Iceland,Lyfjastofnun,Solifenacin Alvogen,,5 mg,30 stk.,Filmuhúðuð tafla,107464,G04BD08,Alvogen ehf.,,2025-03-19,2025-06-19,2024-12-30,afskráning,"Aðrar pakkningastærðir eru á markaði / fáanlegar. Lyfið kemur ekki aftur á markað, til eru aðrar pakkningastærðir og sama lyf frá öðrum framleiðendum með sama virka innihaldsefni",2026-09-23T20:59:59.217489,75337
IS,Iceland,Lyfjastofnun,Ondansetron Fresenius Kabi,Ondansetronum INN hýdróklóríð,2 mg/ml,2 ml,"Stungulyf, lausn",060523,A04AA01,Fresenius Kabi AB,,2025-03-18,2025-03-21,2025-03-17,resolved,Aðrar pakkningastærðir eru á markaði / fáanlegar.,2026-09-23T20:59:59.218019,
IS,Iceland,Lyfjastofnun,Nucala,Mepolizumabum INN,100 mg,1 ml,"Stungulyf, lausn í áfylltum lyfjapenna",478808,R03DX09,GlaxoSmithKline Trading Services Limited,Vistor hf,2025-03-18,2025-03-19,2025-03-12,resolved,Ekkert sambærilegt lyf er á markaði / fáanlegt.,2026-09-23T20:59:59.218591,198943
IS,Iceland,Lyfjastofnun,Jakavi,Ruxolitinibum INN fosfat,20 mg,56 stk.,Tafla,461113,L01EJ01,Novartis Europharm Limited*,Vistor hf,2025-03-18,2025-04-14,2025-03-18,resolved,Aðrir styrkleikar eru á markaði / fáanlegir.,2026-09-23T20:59:59.219144,44466
IS,Iceland,Lyfjastofnun,Marbodin,Memantinum INN hýdróklóríð,10 mg,30 stk.,Filmuhúðuð tafla,079272,N06DX01,STADA Arzneimittel AG,,2025-03-18,2025-04-09,2025-04-02,resolved,Aðrar pakkningastærðir eru á markaði / fáanlegar.,2026-09-23T20:59:59.219672,
IS,Iceland,Lyfjastofnun,Abilify Maintena (Lyfjaver),Aripiprazolum INN,400 mg,400 mg,"Stungulyfsstofn og leysir, forðadreifa",159765,N05AX12,Lyfjaver ehf.,,2025-03-18,2025-04-08,2025-03-18,resolved,Samheitalyf er á markaði / fáanlegt.,2026-09-23T20:59:59.220200,112852
IS,Iceland,Lyfjastofnun,Ceftazidim Fresenius Kabi,Ceftazidime pentahydrate,1000 mg,1 g,"Stungulyfsstofn, lausn",049879,J01DD02,Fresenius Kabi AB,,2025-03-17,2025-03-31,2025-03-12,resolved,Aðrir styrkleikar eru á markaði / fáanlegir.,2026-09-23T20:59:59.220726,48933
IS,Iceland,Lyfjastofnun,Leptanal,Fentanylum INN cítrat,50 míkróg/ml,2 ml,"Stungulyf, lausn",441432,N01AH01,Piramal Critical Care B.V.,Williams & Halls ehf.,2025-03-17,2025-07-26,2025-02-27,resolved,Undanþágulyf hefur verið útvegað.,2026-09-23T20:59:59.221270,5150
IS,Iceland,Lyfjastofnun,Nicorette Freshmint,Nicotinum INN,4 mg,210 stk.,Lyfjatyggigúmmí,016611,N07BA01,McNeil Denmark ApS,Vistor hf,2025-03-16,2025-03-15,2025-03-06,resolved,Aðrir styrkleikar og lyfjaform eru á markaði / fáanlegir.,2026-09-23T20:59:59.221813,41939
IS,Iceland,Lyfjastofnun,Bendamustine medac,Bendamustinum INN hýdróklóríð,"2,5 mg/ml",100 mg,"Stofn fyrir innrennslisþykkni, lausn",575484,L01AA09,medac Gesellschaft für klinische Spezialpräparate GmbH,,2025-03-15,2025-03-17,2025-02-26,resolved,Aðrar pakkningastærðir eru á markaði / fáanlegar.,2026-09-23T20:59:59.222349,
IS,Iceland,Lyfjastofnun,Metojectpen,Methotrexatum INN,"7,5 mg","7,5 mg","Stungulyf, lausn í áfylltum lyfjapenna",100260,L04AX03,medac Gesellschaft für klinische Spezialpräparate GmbH,,2025-03-14,2025-03-17,2025-02-26,resolved,Aðrir styrkleikar eru á markaði / fáanlegir.,2026-09-23T20:59:59.222883,73431
IS,Iceland,Lyfjastofnun,Ezetimib/Simvastatin Krka,"Simvastatinum INN, Ezetimibe",10 mg/ 40 mg,100 stk.,Tafla,418714,C10BA02,Krka d.d. Novo mesto*,,2025-03-14,2025-03-25,2025-02-26,resolved,Aðrir styrkleikar og/eða samheitalyf eru á markaði / fáanlegir.,2026-09-23T20:59:59.223413,77046
IS,Iceland,Lyfjastofnun,Duac,"Benzoyl peroxide, Clindamycinum INN fosfat",50 mg/g + 10 mg/g,30 g,Hlaup,115770,D10AF51,Stiefel Laboratories Legacy (Ireland) Ltd,Vistor hf,2025-03-14,2025-03-19,2025-03-12,resolved,Undanþágulyf hefur verið útvegað.,2026-09-23T20:59:59.223960,82767
IS,Iceland,Lyfjastofnun,Cyanokit,Hydroxocobalaminum INN,5 g,5 g,"Innrennslisstofn, lausn",112073,V03AB33,SERB S.A.,,2025-03-14,2025-05-15,2025-03-14,resolved,Ekkert sambærilegt lyf er á markaði / fáanlegt.,2026-09-23T20:59:59.224482,101990
IS,Iceland,Lyfjastofnun,Differin,Adapalenum INN,1 mg/g,60 g,Hlaup,021053,D10AD03,Galderma Nordic AB*,Icepharma hf,2025-03-13,2025-03-31,2025-03-20,resolved,Ekki til lyf með sama ATC númer en sambærilegt lyf í sama flokki er á markaði / fáanlegt.,2026-09-23T20:59:59.225025,118397
IS,Iceland,Lyfjastofnun,Nicorette Freshmint,Nicotinum INN,4 mg,30 stk.,Lyfjatyggigúmmí,016589,N07BA01,McNeil Denmark ApS,Vistor hf,2025-03-13,2025-03-18,2025-03-06,resolved,Aðrar pakkningastærðir og lyfjaform eru á markaði / fáanlegar.,2026-09-23T20:59:59.225569,
IS,Iceland,Lyfjastofnun,Metojectpen,Methotrexatum INN,10 mg,10 mg,"Stungulyf, lausn í áfylltum lyfjapenna",381056,L04AX03,medac Gesellschaft für klinische Spezialpräparate GmbH,,2025-03-13,2025-03-17,2025-02-26,resolved,Aðrir styrkleikar eru á markaði / fáanlegir.,2026-09-23T20:59:59.226095,52434
IS,Iceland,Lyfjastofnun,Vermox,Mebendazolum INN,20 mg/ml,30 ml,"Mixtúra, dreifa",595134,P02CA01,McNeil Sweden AB,Vistor hf,2025-03-13,2025-03-25,2025-03-11,resolved,Önnur lyfjaform eru á markaði / fáanleg.,2026-09-23T20:59:59.226651,
IS,Iceland,Lyfjastofnun,Duroferon,Ferrous sulfate,100 mg,100 stk.,Forðatafla,020016,B03AA07,Perrigo Sverige AB,,2025-03-12,2025-03-11,2025-03-11,resolved,Samheitalyf er á markaði / fáanlegt.,2026-09-23T20:59:59.227182,
IS,Iceland,Lyfjastofnun,Marbodin,Memantinum INN hýdróklóríð,10 mg,98 stk.,Filmuhúðuð tafla,193285,N06DX01,STADA Arzneimittel AG,,2025-03-11,2025-03-20,2025-03-12,resolved,Aðrir styrkleikar eru á markaði / fáanlegir.,2026-09-23T20:59:59.227705,88838
IS,Iceland,Lyfjastofnun,Mycamine,Micafunginum INN natríum,50 mg,50 mg,"Stofn fyrir innrennslisþykkni, lausn",158608,J02AX05,Sandoz Pharmaceuticals d.d.,,2025-03-11,2025-03-14,2025-03-11,resolved,Aðrir styrkleikar eru á markaði / fáanlegir.,2026-09-23T20:59:59.228228,47724
IS,Iceland,Lyfjastofnun,Singulair,Montelukastum INN natríum,4 mg,98 stk.,Tuggutafla,002328,R03DC03,N.V. Organon*,Vistor hf,2025-03-11,2025-04-30,2025-03-11,resolved,"Aðrir styrkleikar og lyfjaform eru á markaði / fáanlegir. Samheitalyfið Montelucast, annað lyfjaform er á markaði, tuggutöflur 4 mg og 5 mg",2026-09-23T20:59:59.228800,67857
IS,Iceland,Lyfjastofnun,Tresiba,Insulinum degludecum INN,100 ein./ml,3 ml,"Stungulyf, lausn í rörlykju",518534,A10AE06,Novo Nordisk A/S*,Vistor hf,2025-03-11,2025-03-18,2025-02-28,resolved,Önnur lyfjaform eru á markaði / fáanleg.,2026-09-23T20:59:59.229350,115215
IS,Iceland,Lyfjastofnun,Venclyxto,Venetoclaxum INN,100 mg,112 (4x28) stk.,Filmuhúðuð tafla,532535,L01XX52,AbbVie Deutschland GmbH & Co. KG,Vistor hf,2025-03-11,2025-03-17,2025-03-11,resolved,Aðrir styrkleikar eru á markaði / fáanlegir. 12.3.25 VB: set alvarleikastig hátt þrátt fyrir að aðrir styrkleikar séu á markaði þar sem lyfið er ekki á skiptiskrá.,2026-09-23T20:59:59.229907,138266
IS,Iceland,Lyfjastofnun,Flixotide,Fluticasonum INN própíónat,125 míkróg/skammt,120 skammtar,"Innúðalyf, dreifa",163493,R03BA05,GlaxoSmithKline Pharma A/S,Vistor hf,2025-03-10,2025-03-31,2025-02-27,resolved,Aðrir styrkleikar eru á markaði / fáanlegir.,2026-09-23T20:59:59.230445,87165
IS,Iceland,Lyfjastofnun,Metojectpen,Methotrexatum INN,15 mg,15 mg,"Stungulyf, lausn í áfylltum lyfjapenna",068903,L04AX03,medac Gesellschaft für klinische Spezialpräparate GmbH,,2025-03-10,2025-03-17,2025-02-26,resolved,Aðrir styrkleikar eru á markaði / fáanlegir.,2026-09-23T20:59:59.230982,141453
IS,Iceland,Lyfjastofnun,Capecitabine medac,Capecitabinum INN,500 mg,120 stk.,Filmuhúðuð tafla,016918,L01BC06,medac Gesellschaft für klinische Spezialpräparate GmbH,,2025-03-10,2025-03-17,2025-02-25,resolved,Samheitalyf er á markaði / fáanlegt.,2026-09-23T20:59:59.231507,59366
IS,Iceland,Lyfjastofnun,Trileptal,Oxcarbazepinum INN,150 mg,100 stk.,Filmuhúðuð tafla,552901,N03AF02,Novartis Healthcare A/S,Vistor hf,2025-03-10,2025-03-17,2025-02-28,resolved,Aðrir styrkleikar eru á markaði / fáanlegir.,2026-09-23T20:59:59.232057,
IS,Iceland,Lyfjastofnun,Xolair,Omalizumabum INN,300 mg,2 ml,"Stungulyf, lausn í áfylltum lyfjapenna",521313,R03DX05,Novartis Europharm Limited*,Vistor hf,2025-03-10,2025-03-24,2025-02-28,resolved,Aðrir styrkleikar eru á markaði / fáanlegir.,2026-09-23T20:59:59.232596,229458
IS,Iceland,Lyfjastofnun,Dupixent,Dupilumabum INN,200 mg,"1,14 ml","Stungulyf, lausn í áfylltri sprautu",183645,D11AH05,Sanofi Winthrop Industrie,Vistor hf,2025-03-07,2025-03-24,2025-03-03,resolved,Önnur lyfjaform eru á markaði / fáanleg.,2026-09-23T20:59:59.233137,197874
IS,Iceland,Lyfjastofnun,Cefuroxim Fresenius Kabi,Cefuroximum INN natríum,750 mg,15 ml,"Stungulyfs-/innrennslisstofn, lausn",079017,J01DC02,Fresenius Kabi AB,,2025-03-07,2025-05-12,2025-03-04,resolved,Aðrir styrkleikar og/eða samheitalyf eru á markaði / fáanlegir.,2026-09-23T20:59:59.233666,8192
IS,Iceland,Lyfjastofnun,Xarelto,Rivaroxabanum INN,10 mg,98 stk.,Filmuhúðuð tafla,480750,B01AF01,Bayer AG*,Icepharma hf,2025-03-07,2025-04-02,2025-03-28,resolved,Samheitalyf er á markaði / fáanlegt.,2026-09-23T20:59:59.234206,88862
IS,Iceland,Lyfjastofnun,Xeomin,"CLOSTRIDIUM BOTULINUM NEUROTOXIN TYPE A (150KD), FREE OF COMPLEXING PROTEINS",100 ein.,1 stk.,"Stungulyfsstofn, lausn",093306,M03AX01,Merz Pharmaceuticals GmbH,,2025-03-07,2025-03-14,2024-12-05,resolved,Samheitalyf er á markaði / fáanlegt.,2026-09-23T20:59:59.234726,115975
IS,Iceland,Lyfjastofnun,Fixopost,"Latanoprostum INN, Timololum INN maleat",50 míkróg/ml + 5 mg/ml,"0,2 ml","Augndropar, lausn í stakskammtaíláti",505003,S01ED51,Laboratoires THEA*,,2025-03-06,2025-04-08,2025-03-06,resolved,Aðrar pakkningastærðir eru á markaði / fáanlegar.,2026-09-23T20:59:59.235251,212156
IS,Iceland,Lyfjastofnun,Presmin Combo,"Losartanum INN kalíum, Hydrochlorothiazide",100/25 mg,98 stk.,Filmuhúðuð tafla,103642,C09DA01,Alvogen ehf.,,2025-03-06,2025-04-30,2025-03-05,resolved,Samheitalyf er á markaði / fáanlegt.,2026-09-23T20:59:59.235777,69302
IS,Iceland,Lyfjastofnun,Marbodin,Memantinum INN hýdróklóríð,20 mg,28 stk.,Filmuhúðuð tafla,483903,N06DX01,STADA Arzneimittel AG,,2025-03-05,2025-04-03,2025-03-07,resolved,Aðrar pakkningastærðir eru á markaði / fáanlegar.,2026-09-23T20:59:59.236299,87912
IS,Iceland,Lyfjastofnun,Concerta,Methylphenidatum INN hýdróklóríð,18 mg,30 stk.,Forðatafla,011489,N06BA04,Janssen-Cilag AB,Vistor hf,2025-03-05,2025-03-13,2025-02-20,resolved,Samheitalyf er á markaði / fáanlegt.,2026-09-23T20:59:59.236834,68004
IS,Iceland,Lyfjastofnun,Fluoxetin WH,Fluoxetine hydrochloride,20 mg,98 stk.,Hart hylki,524367,N06AB03,Williams & Halls ehf,,2025-03-05,2025-03-31,2025-02-12,resolved,"Önnur lyfjaform eru á markaði / fáanleg. Fontex dreifitafla 20 mg, 30 og 100 stk., er til á markaði, Parlogis hefur útvegað undanþágulyfið Fluoxetina Farmoz 20 mg 60 hylki vnr 996788",2026-09-23T20:59:59.237358,28444
IS,Iceland,Lyfjastofnun,Panodil,Paracetamolum INN,500 mg,20 stk.,Filmuhúðuð tafla,409193,N02BE01,Haleon Denmark ApS,Artasan ehf,2025-03-05,2025-04-14,2025-03-05,resolved,Aðrar pakkningastærðir eru á markaði / fáanlegar.,2026-09-23T20:59:59.237896,
IS,Iceland,Lyfjastofnun,Aprepitant STADA,Aprepitantum INN,125 mg/80 mg,1+2 stk.,Hart hylki,034156,A04AD12,STADA Arzneimittel AG,,2025-03-05,2025-12-01,2025-02-24,resolved,Undanþágulyf hefur verið útvegað.,2026-09-23T20:59:59.238455,87173
IS,Iceland,Lyfjastofnun,Singulair,Montelukastum INN natríum,10 mg,98 stk.,Filmuhúðuð tafla,021345,R03DC03,N.V. Organon*,Vistor hf,2025-03-05,2025-04-01,2025-03-05,resolved,Samheitalyf er á markaði / fáanlegt.,2026-09-23T20:59:59.239017,52051
IS,Iceland,Lyfjastofnun,Nicorette Invisi,Nicotinum INN,25 mg/16 klst.,7 stk.,Forðaplástur,065786,N07BA01,McNeil Denmark ApS,Vistor hf,2025-03-04,2025-03-11,2025-02-26,resolved,Samheitalyf er á markaði / fáanlegt.,2026-09-23T20:59:59.239564,
IS,Iceland,Lyfjastofnun,Kesimpta,Ofatumumabum INN,20 mg,"0,4 ml","Stungulyf, lausn í áfylltum lyfjapenna",031172,L04AG12,Novartis Europharm Limited*,Vistor hf,2025-03-04,2025-03-24,2025-02-28,resolved,Ekki til lyf með sama ATC númer en sambærilegt lyf í sama flokki er á markaði / fáanlegt.,2026-09-23T20:59:59.240108,213101
IS,Iceland,Lyfjastofnun,Menopur,Menotropinum INN,1200 a.e.,1 stk.,"Stungulyf, lausn í áfylltum lyfjapenna",169281,G03GA02,Ferring Lægemidler A/S,,2025-03-04,2025-03-07,2025-02-27,resolved,Aðrir styrkleikar eru á markaði / fáanlegir.,2026-09-23T20:59:59.240641,
IS,Iceland,Lyfjastofnun,Atomoxetine STADA,Atomoxetinum INN hýdróklóríð,60 mg,30 stk.,Hart hylki,577616,N06BA09,STADA Arzneimittel AG,,2025-03-04,2025-03-28,2025-02-24,resolved,Samheitalyf er á markaði / fáanlegt.,2026-09-23T20:59:59.241162,76740
IS,Iceland,Lyfjastofnun,Anastrozole Alvogen,Anastrozolum INN,1 mg,100 stk.,Filmuhúðuð tafla,496889,L02BG03,Alvogen ehf.,,2025-03-03,2100-12-31,2025-01-06,afskráning,Undanþágulyf hefur verið útvegað. Lyfjastofnun hefur heimilað lyfjafræðingum að breyta ávísun á lyfið í skorti í undanþágulyfið Anastrozole Devatis 1 mg filmuhúðuð tafla 100 stk. Vnr. 959742. Lyfið er í þýskum umbúðum,2026-09-23T20:59:59.241717,45020
IS,Iceland,Lyfjastofnun,Nezeril,Oxymetazolinum INN hýdróklóríð,"0,25 mg/ml",7.5 ml,"Nefúði, lausn",191403,R01AA05,Perrigo Sverige AB,Vistor hf,2025-03-03,2025-03-17,2025-02-21,resolved,Aðrar pakkningastærðir og lyfjaform eru á markaði / fáanlegar.,2026-09-23T20:59:59.242271,
IS,Iceland,Lyfjastofnun,Minifom,"Dimeticone 1000, SILICA, COLLOIDAL ANHYDROUS",100 mg/ml,30 ml,"Dropar til inntöku, fleyti",036541,A03AX13,Perrigo Sverige AB,,2025-03-03,2025-03-07,2025-02-13,resolved,Ekkert sambærilegt lyf er á markaði / fáanlegt.,2026-09-23T20:59:59.242800,45020
IS,Iceland,Lyfjastofnun,Terrosa,Teriparatidum INN,20 míkróg/80 míkról,28 skammtar,"Stungulyf, lausn",126559,H05AA02,Gedeon Richter Plc.*,,2025-03-03,2025-03-05,2025-02-21,resolved,Aðrir styrkleikar og/eða samheitalyf eru á markaði / fáanlegir.,2026-09-23T20:59:59.243327,
IS,Iceland,Lyfjastofnun,Hydroxyurea medac,Hydroxycarbamidum INN,500 mg,100 stk.,Hart hylki,464545,L01XX05,medac Gesellschaft für klinische Spezialpräparate GmbH,,2025-03-03,2025-05-02,2025-02-10,resolved,Undanþágulyf hefur verið útvegað. Umboðsaðili hefur útvegað undanþágulyfið Hydrea nvr 952166,2026-09-23T20:59:59.243856,24856
IS,Iceland,Lyfjastofnun,Lioresal,,2 mg/ml,5 ml,"Stungulyf/innrennslislyf, lausn",569467,M03BX01,Novartis Healthcare A/S,Vistor hf,2025-03-03,2025-03-31,2025-03-03,afskráning,Önnur lyfjaform eru á markaði / fáanleg.,2026-09-23T20:59:59.244399,43702
IS,Iceland,Lyfjastofnun,Zaditen,Ketotifen hydrogen fumarate,"0,25 mg/ml",5 ml,"Augndropar, lausn",076403,S01GX08,Laboratoires THEA S.A.S.,,2025-03-01,2025-03-04,2025-02-26,resolved,Samheitalyf er á markaði / fáanlegt.,2026-09-23T20:59:59.244929,196886
IS,Iceland,Lyfjastofnun,Pomalidomide Zentiva,Pomalidomidum INN,1 mg,21 x 1 stk.,Hart hylki,555521,L04AX06,Zentiva k.s.*,,2025-03-01,2025-03-26,2025-03-05,resolved,Samheitalyf er á markaði / fáanlegt.,2026-09-23T20:59:59.245450,107514
IS,Iceland,Lyfjastofnun,Pomalidomide Zentiva,Pomalidomidum INN,3 mg,21 x 1 stk.,Hart hylki,142317,L04AX06,Zentiva k.s.*,,2025-03-01,2026-03-19,2025-03-05,resolved,"Samheitalyf er á markaði / fáanlegt. Samheitalyf fáanlegt, útboðslyf",2026-09-23T20:59:59.245977,107530
IS,Iceland,Lyfjastofnun,Fotil Forte,,5 mg/ml + 40 mg/ml,"0,2 ml","Augndropar, lausn í stakskammtaíláti",563593,S01ED51,Santen Oy*,Icepharma hf,2025-03-01,2025-06-05,2025-04-15,afskráning,Ekki til lyf með sama ATC númer en sambærilegt lyf í sama flokki er á markaði / fáanlegt.,2026-09-23T20:59:59.246536,
IS,Iceland,Lyfjastofnun,Oxcarbazepin Jubilant,Oxcarbazepinum INN,600 mg,100 stk.,Filmuhúðuð tafla,114605,N03AF02,Jubilant Pharmaceuticals nv,,2025-02-28,2025-03-18,2025-02-28,resolved,Samheitalyf er á markaði / fáanlegt.,2026-09-23T20:59:59.247072,56871
IS,Iceland,Lyfjastofnun,XELJANZ,Tofacitinibum INN sítrat,11 mg,28 stk.,Forðatafla,094146,L04AF01,Pfizer Europe MA EEIG*,Icepharma hf.*,2025-02-28,2025-03-07,2025-03-03,resolved,Aðrir styrkleikar eru á markaði / fáanlegir.,2026-09-23T20:59:59.247611,201502
IS,Iceland,Lyfjastofnun,Sinemet,"Levodopum INN, Carbidopum INN",25 mg/100 mg,100 stk.,Tafla,024018,N04BA02,N.V. Organon*,Vistor hf,2025-02-28,2025-05-07,2025-03-07,resolved,Aðrir styrkleikar eru á markaði / fáanlegir.,2026-09-23T20:59:59.248160,15644
IS,Iceland,Lyfjastofnun,Lerkanidipin Actavis,Lercanidipinum INN hýdróklóríð,20 mg,98 stk.,Filmuhúðuð tafla,065956,C08CA13,Actavis Group PTC ehf.,Teva Pharma Iceland ehf.*,2025-02-28,2025-04-30,2025-01-29,resolved,Aðrir styrkleikar eru á markaði / fáanlegir.,2026-09-23T20:59:59.248742,79510
IS,Iceland,Lyfjastofnun,Imdur,Isosorbidi mononitras INN,60 mg,98 stk.,Forðatafla,102871,C01DA14,TopRidge Pharma (Ireland) Limited,Navamedic AB,2025-02-28,2025-03-05,2025-02-24,resolved,Samheitalyf er á markaði / fáanlegt.,2026-09-23T20:59:59.249290,27030
IS,Iceland,Lyfjastofnun,Oxcarbazepin Jubilant,Oxcarbazepinum INN,300 mg,100 stk.,Filmuhúðuð tafla,582096,N03AF02,Jubilant Pharmaceuticals nv,,2025-02-28,2025-02-17,2025-02-28,resolved,Samheitalyf er á markaði / fáanlegt.,2026-09-23T20:59:59.249815,56863
IS,Iceland,Lyfjastofnun,Lacosamide Medical Valley,Lacosamidum INN,200 mg,56 stk.,Filmuhúðuð tafla,116892,N03AX18,Medical Valley Invest AB,,2025-02-28,2025-03-17,2025-02-28,resolved,Samheitalyf er á markaði / fáanlegt.,2026-09-23T20:59:59.250342,217808
IS,Iceland,Lyfjastofnun,Quetiapin Medical Valley,Quetiapinum INN fúmarat,300 mg,100 stk.,Forðatafla,152410,N05AH04,Medical Valley Invest AB,,2025-02-28,2025-03-17,2025-02-28,resolved,Samheitalyf er á markaði / fáanlegt.,2026-09-23T20:59:59.250879,88838
IS,Iceland,Lyfjastofnun,Metylfenidat Actavis,Methylphenidatum INN hýdróklóríð,18 mg,30 stk.,Forðatafla,138687,N06BA04,Actavis Group PTC ehf.,Teva Pharma Iceland ehf.*,2025-02-28,2025-03-17,2025-01-29,resolved,Samheitalyf er á markaði / fáanlegt.,2026-09-23T20:59:59.251424,
IS,Iceland,Lyfjastofnun,Quetiapin Medical Valley,Quetiapinum INN fúmarat,50 mg,100 stk.,Forðatafla,178991,N05AH04,Medical Valley Invest AB,,2025-02-28,2025-03-17,2025-02-28,resolved,Samheitalyf er á markaði / fáanlegt.,2026-09-23T20:59:59.251959,84182
IS,Iceland,Lyfjastofnun,TOBI Podhaler,Tobramycinum INN,28 mg,56 stk.,"Innöndunarduft, hart hylki",586241,J01GB01,Viatris Healthcare Limited,Icepharma hf.*,2025-02-28,2025-05-31,2025-01-21,resolved,Undanþágulyf hefur verið útvegað.,2026-09-23T20:59:59.252506,98248
IS,Iceland,Lyfjastofnun,Paratabs,Paracetamolum INN,500 mg,20 stk.,Filmuhúðuð tafla,413988,N02BE01,Teva B.V.*,Teva Pharma Iceland ehf.*,2025-02-28,2025-04-26,2025-03-21,resolved,Samheitalyf er á markaði / fáanlegt.,2026-09-23T20:59:59.253049,27251
IS,Iceland,Lyfjastofnun,Natriumklorid Fresenius Kabi,Sodium chloride,9 mg/ml,100 ml,"Innrennslislyf, lausn",048028,B05BB01,Fresenius Kabi AB,Vistor hf,2025-02-28,2025-03-28,2025-02-20,resolved,Aðrar pakkningastærðir eru á markaði / fáanlegar.,2026-09-23T20:59:59.253591,24856
IS,Iceland,Lyfjastofnun,Glucos Fresenius Kabi,Glucosum,500 mg/ml,500 ml,"Innrennslislyf, lausn",469480,B05BA03,Fresenius Kabi AB,Vistor hf,2025-02-28,2025-03-28,2025-02-28,resolved,Aðrir styrkleikar eru á markaði / fáanlegir.,2026-09-23T20:59:59.254157,
IS,Iceland,Lyfjastofnun,Pegasys,Peginterferonum alfa-2a INN,"135 míkrógrömm/0,5 ml","0,5 ml","Stungulyf, lausn í áfylltri sprautu",008767,L03AB11,Pharmaand GmbH,,2025-02-27,2025-07-18,2024-07-11,resolved,Ekki til lyf með sama ATC númer en sambærilegt lyf í sama flokki er á markaði / fáanlegt.,2026-09-23T20:59:59.254688,63533
IS,Iceland,Lyfjastofnun,Noromectin,Ivermectin,"1,87 %","7,49 g",Pasta til inntöku,033193,QP54AA01,Norbrook Laboratories (Ireland) Limited,Icepharma hf,2025-02-27,2025-11-01,2025-05-05,resolved,Samheitalyf er á markaði / fáanlegt.,2026-09-23T20:59:59.255249,
IS,Iceland,Lyfjastofnun,Bloxazoc,Metoprololum INN súkkínat,100 mg,100 stk.,Forðatafla,142914,C07AB02,KRKA d.d. Novo mesto,,2025-02-26,2025-04-01,2025-01-17,resolved,Aðrir styrkleikar og/eða samheitalyf eru á markaði / fáanlegir.,2026-09-23T20:59:59.255783,26190
IS,Iceland,Lyfjastofnun,Tegretol,Carbamazepinum INN,20 mg/ml,300 ml,"Mixtúra, dreifa",414789,N03AF01,Novartis Healthcare A/S,Vistor hf,2025-02-26,2025-03-17,2025-02-25,resolved,Önnur lyfjaform eru á markaði / fáanleg.,2026-09-23T20:59:59.256331,515
IS,Iceland,Lyfjastofnun,Polivy,Polatuzumabum vedotinum INN,140 mg,140 mg,"Stofn fyrir innrennslisþykkni, lausn",382647,L01FX14,Roche Registration GmbH*,Icepharma hf.*,2025-02-26,2025-03-07,2025-02-26,resolved,Aðrir styrkleikar eru á markaði / fáanlegir. Polivy er til 30 mg styrkleika í nægu magni hjá heildsölu.,2026-09-23T20:59:59.256880,204374
IS,Iceland,Lyfjastofnun,Concerta,Methylphenidatum INN hýdróklóríð,18 mg,30 stk.,Forðatafla,011489,N06BA04,Janssen-Cilag AB,Vistor hf,2025-02-26,2025-02-28,2025-02-26,resolved,Samheitalyf er á markaði / fáanlegt.,2026-09-23T20:59:59.257425,68004
IS,Iceland,Lyfjastofnun,Noromectin,Ivermectin,"1,87 %","7,49 g",Pasta til inntöku,033193,QP54AA01,Norbrook Laboratories (Ireland) Limited,Icepharma hf,2025-02-26,2025-07-01,2025-01-29,resolved,Samheitalyf er á markaði / fáanlegt.,2026-09-23T20:59:59.257968,
IS,Iceland,Lyfjastofnun,Phesgo,"Trastuzumabum INN, Pertuzumabum INN",1200 mg/600 mg,15 ml,"Stungulyf, lausn",097612,L01FY01,Roche Registration GmbH*,Icepharma hf.*,2025-02-26,2025-04-16,2025-02-26,resolved,Aðrir styrkleikar og/eða samheitalyf eru á markaði / fáanlegir.,2026-09-23T20:59:59.258545,207322
IS,Iceland,Lyfjastofnun,Nicorette Quickmist Cool Berry,Nicotinum INN,1 mg/skammt,150 úðaskammtar,"Munnholsúði, lausn",521428,N07BA01,McNeil Denmark ApS,,2025-02-25,2025-03-11,2025-02-25,resolved,Aðrar pakkningastærðir eru á markaði / fáanlegar.,2026-09-23T20:59:59.259073,
IS,Iceland,Lyfjastofnun,Nicorette Whitemint,Nicotine resinate,2 mg,30 stk.,Lyfjatyggigúmmí,092553,N07BA01,McNeil Denmark ApS,Vistor hf,2025-02-25,2025-03-11,2025-02-25,resolved,Aðrar pakkningastærðir eru á markaði / fáanlegar.,2026-09-23T20:59:59.259618,
IS,Iceland,Lyfjastofnun,Seloken ZOC,Metoprololum INN súkkínat,"23,75 mg",100 stk.,Forðatafla,001291,C07AB02,Recordati Ireland Limited*,Recordati AB,2025-02-25,2025-03-03,2025-02-26,resolved,Samheitalyf er á markaði / fáanlegt.,2026-09-23T20:59:59.260156,81043
IS,Iceland,Lyfjastofnun,Certican,Everolimusum INN,"0,5 mg",60 stk.,Tafla,014859,L04AH02,Novartis Healthcare A/S,Vistor hf,2025-02-25,2025-03-17,2025-02-11,resolved,Aðrir styrkleikar eru á markaði / fáanlegir.,2026-09-23T20:59:59.260701,69507
IS,Iceland,Lyfjastofnun,Propolipid,Propofolum INN,10 mg/ml,100 ml,"Stungulyf/innrennslislyf, fleyti",021636,N01AX10,Fresenius Kabi AB,Vistor hf,2025-02-25,2025-03-14,2025-02-28,resolved,Aðrar pakkningastærðir eru á markaði / fáanlegar.,2026-09-23T20:59:59.261245,26190
IS,Iceland,Lyfjastofnun,Esomeprazol Krka (Heilsa),Esomeprazolum INN,20 mg,28 stk.,Magasýruþolið hart hylki,188176,A02BC05,Heilsa ehf.,,2025-02-24,2025-05-23,2025-02-19,resolved,Samheitalyf er á markaði / fáanlegt.,2026-09-23T20:59:59.261767,94862
IS,Iceland,Lyfjastofnun,Rewellfem,Estradiol,10 míkróg,18 stk.,Leggangatafla,085813,G03CA03,Gedeon Richter Plc.*,,2025-02-23,2025-03-12,2025-02-21,resolved,Samheitalyf er á markaði / fáanlegt.,2026-09-23T20:59:59.262290,
IS,Iceland,Lyfjastofnun,"Sterile Water Fresenius Kabi, leysir fyrir stungulyf",Water for injection,,10 ml,Leysir fyrir stungulyf,378030,V07AB,Fresenius Kabi AB,Vistor hf,2025-02-21,2025-03-31,2025-03-04,resolved,Aðrar pakkningastærðir eru á markaði / fáanlegar.,2026-09-23T20:59:59.262840,
IS,Iceland,Lyfjastofnun,Letrozol Actavis,Letrozolum INN,"2,5 mg",100 stk.,Filmuhúðuð tafla,073708,L02BG04,Actavis Group PTC ehf.,Teva Pharma Iceland ehf.*,2025-02-21,2025-05-31,2025-02-19,resolved,Samheitalyf er á markaði / fáanlegt.,2026-09-23T20:59:59.263380,47724
IS,Iceland,Lyfjastofnun,Fucithalmic,Acidum fusidicum INN,10 mg/g,5 g,"Augndropar, dreifa",507916,S01AA13,Amdipharm Limited*,,2025-02-20,2026-05-22,2024-11-27,resolved,Undanþágulyf hefur verið útvegað. Lyfjastofnun hefur heimilað lyfjafræðingum að breyta ávísun á lyfið í skorti í undanþágulyfin Fucithalmic 10 mg/g augndropa vnr. 999021 eða Fucithalmic Parlogis 10 mg/g augndropa vnr. 971535,2026-09-23T20:59:59.263910,227196
IS,Iceland,Lyfjastofnun,Buprenorphine Alvogen,Buprenorphinum INN,10 míkróg/klst.,4 stk.,Forðaplástur,105331,N02AE01,Alvogen ehf.,,2025-02-20,2025-05-07,2024-12-02,resolved,Aðrir styrkleikar og/eða samheitalyf eru á markaði / fáanlegir.,2026-09-23T20:59:59.264434,89419
IS,Iceland,Lyfjastofnun,Trileptal,Oxcarbazepinum INN,300 mg,100 stk.,Filmuhúðuð tafla,556936,N03AF02,Novartis Healthcare A/S,Vistor hf,2025-02-20,2025-03-17,2025-02-21,resolved,Aðrir styrkleikar og/eða samheitalyf eru á markaði / fáanlegir.,2026-09-23T20:59:59.264978,87165
IS,Iceland,Lyfjastofnun,Aprepitant Medical Valley,Aprepitantum INN,125 mg + 80 mg,1+2 stk.,Hart hylki,584577,A04AD12,Medical Valley Invest AB,,2025-02-20,2025-03-13,2025-02-26,resolved,Ekkert sambærilegt lyf er á markaði / fáanlegt.,2026-09-23T20:59:59.265498,
IS,Iceland,Lyfjastofnun,Dificlir,Fidaxomicinum INN,200 mg,20 x 1 stk.,Filmuhúðuð tafla,497012,A07AA12,Tillotts Pharma GmbH,Icepharma hf.*,2025-02-20,2025-03-06,2025-02-20,resolved,Ekkert sambærilegt lyf er á markaði / fáanlegt.,2026-09-23T20:59:59.266045,73458
IS,Iceland,Lyfjastofnun,Engerix B,HEPATITIS B SURFACE ANTIGEN,,1 ml,"Stungulyf, dreifa",004613,J07BC01,GlaxoSmithKline Pharma A/S,Vistor hf,2025-02-19,2025-03-31,2025-02-19,resolved,Undanþágulyf hefur verið útvegað.,2026-09-23T20:59:59.266583,48321
IS,Iceland,Lyfjastofnun,Atomoxetin Actavis,,40 mg,28 stk.,Hart hylki,586797,N06BA09,Actavis Group PTC ehf.,Teva Pharma Iceland ehf.*,2025-02-19,2025-05-01,2025-02-24,afskráning,Samheitalyf er á markaði / fáanlegt.,2026-09-23T20:59:59.267132,76732
IS,Iceland,Lyfjastofnun,Escitalopram STADA,Escitalopram oxalate,20 mg,100 stk.,Filmuhúðuð tafla,532726,N06AB10,STADA Arzneimittel AG,,2025-02-19,2025-03-09,2025-02-07,resolved,Samheitalyf er á markaði / fáanlegt.,2026-09-23T20:59:59.267654,74977
IS,Iceland,Lyfjastofnun,Buvidal,Buprenorphinum INN,64 mg,"0,18 ml","Stungulyf, forðalausn",519722,N07BC01,Camurus AB,,2025-02-18,2025-02-18,2025-02-06,resolved,Aðrir styrkleikar eru á markaði / fáanlegir.,2026-09-23T20:59:59.268184,
IS,Iceland,Lyfjastofnun,Reagila,Cariprazinum INN hýdróklóríð,3 mg,28 stk.,Hart hylki,517228,N05AX15,Gedeon Richter Plc.*,Recordati AB,2025-02-18,2025-03-11,2025-02-11,resolved,Aðrir styrkleikar eru á markaði / fáanlegir.,2026-09-23T20:59:59.268795,159131
IS,Iceland,Lyfjastofnun,Xeomin,"CLOSTRIDIUM BOTULINUM NEUROTOXIN TYPE A (150KD), FREE OF COMPLEXING PROTEINS",100 ein.,1 stk.,"Stungulyfsstofn, lausn",093306,M03AX01,Merz Pharmaceuticals GmbH,,2025-02-17,2025-03-17,2025-02-06,resolved,.,2026-09-23T20:59:59.269322,115975
IS,Iceland,Lyfjastofnun,Femanor,"Norethisteronum INN acetat, Estradiol",2 mg + 1 mg,84 stk.,Tafla,389106,G03FA01,Exeltis Healthcare S.L.*,Acare ehf.,2025-02-17,2100-12-31,2024-12-18,shortage,Samheitalyf er á markaði / fáanlegt.,2026-09-23T20:59:59.269869,33448
IS,Iceland,Lyfjastofnun,Risperidone Teva GmbH,Risperidonum INN,25 mg,25 mg,"Stungulyfsstofn og leysir, forðadreifa",118758,N05AX08,TEVA GmbH,,2025-02-17,2100-12-31,2025-02-20,shortage,Samheitalyf er á markaði / fáanlegt.,2026-09-23T20:59:59.270404,68268
IS,Iceland,Lyfjastofnun,Xarelto,Rivaroxabanum INN,15 mg,42 stk.,Filmuhúðuð tafla,039141,B01AF01,Bayer AG*,Icepharma hf,2025-02-17,2025-04-03,2025-02-14,resolved,Aðrar pakkningastærðir eru á markaði / fáanlegar.,2026-09-23T20:59:59.270949,100145
IS,Iceland,Lyfjastofnun,Metojectpen,Methotrexatum INN,"22,5 mg","22,5 mg","Stungulyf, lausn í áfylltum lyfjapenna",401931,L04AX03,medac Gesellschaft für klinische Spezialpräparate GmbH,,2025-02-17,2025-03-17,2025-02-11,resolved,Aðrir styrkleikar eru á markaði / fáanlegir.,2026-09-23T20:59:59.271479,35327
IS,Iceland,Lyfjastofnun,Contalgin,Morphini sulfas,30 mg,100 stk.,Forðatafla,466219,N02AA01,Mundipharma A/S,Icepharma hf.*,2025-02-17,2025-05-01,2024-03-04,resolved,Aðrir styrkleikar eru á markaði / fáanlegir.,2026-09-23T20:59:59.272022,23426
IS,Iceland,Lyfjastofnun,Vesicare,Solifenacinum INN súkkínat,1 mg/ml,150 ml,"Mixtúra, dreifa",087572,G04BD08,Astellas Pharma A/S*,,2025-02-17,2025-03-27,2025-02-24,resolved,Aðrir styrkleikar og lyfjaform eru á markaði / fáanlegir.,2026-09-23T20:59:59.272555,167215
IS,Iceland,Lyfjastofnun,Spiolto Respimat,"Tiotropii bromidum INN, Olodaterolum INN hýdróklóríð","2,5/2,5 míkróg",30 skammtar,Innöndunarlausn,490823,R03AL06,Boehringer Ingelheim International GmbH*,Vistor hf,2025-02-17,2025-02-21,2025-02-18,resolved,Aðrar pakkningastærðir eru á markaði / fáanlegar.,2026-09-23T20:59:59.273094,48933
IS,Iceland,Lyfjastofnun,Trimbow,"Formoterolum INN fúmarat, Glycopyrronii bromidum INN, Beclometasonum INN díprópíónat",172míkróg/5míkróg/9 míkróg,120 skammtar,"Innúðalyf, lausn",136040,R03AL09,Chiesi Farmaceutici S.p.A.*,Chiesi Pharma AB,2025-02-16,2025-02-18,2025-02-06,resolved,Aðrir styrkleikar eru á markaði / fáanlegir.,2026-09-23T20:59:59.273639,81043
IS,Iceland,Lyfjastofnun,Carvedilol STADA,Carvedilolum INN,"6,25 mg",100 stk.,Tafla,018420,C07AG02,STADA Arzneimittel AG,,2025-02-16,2025-03-20,2024-12-27,resolved,Aðrir styrkleikar eru á markaði / fáanlegir.,2026-09-23T20:59:59.274163,47864
IS,Iceland,Lyfjastofnun,Buvidal,Buprenorphinum INN,16 mg,"0,32 ml","Stungulyf, forðalausn",459423,N07BC01,Camurus AB,,2025-02-16,2025-02-18,2025-02-06,resolved,Aðrir styrkleikar eru á markaði / fáanlegir.,2026-09-23T20:59:59.274705,
IS,Iceland,Lyfjastofnun,Trimbow,"Formoterolum INN fúmarat, Glycopyrronii bromidum INN, Beclometasonum INN díprópíónat",172míkróg/5míkróg/9 míkróg,120 skammtar,"Innúðalyf, lausn",188056,R03AL09,Chiesi Farmaceutici S.p.A.*,Chiesi Pharma AB,2025-02-15,2025-02-18,2025-02-06,resolved,Aðrir styrkleikar eru á markaði / fáanlegir.,2026-09-23T20:59:59.275248,81043
IS,Iceland,Lyfjastofnun,ABILIFY MAINTENA,Aripiprazolum INN,400 mg,400 mg,"Stungulyfsstofn og leysir, forðadreifa",451293,N05AX12,Otsuka Pharmaceutical Netherlands B.V.*,Vistor hf,2025-02-15,2025-03-05,2025-02-26,resolved,Önnur lyfjaform eru á markaði / fáanleg.,2026-09-23T20:59:59.275790,112852
IS,Iceland,Lyfjastofnun,MYDRANE,"Lidocainum INN hýdróklóríð, Phenylephrinum INN hýdróklóríð, Tropicamidum INN","0,2 mg/ml + 3,1 mg/ml + 10 mg/ml",20 stk.,"Stungulyf, lausn",380973,S01FA56,Laboratoires THEA*,,2025-02-15,2025-08-30,2024-12-06,resolved,". Lyfjastofnun hefur heimilað lyfjafræðingum að breyta ávísun á lyfið í skorti í undanþágulyfið Mydrane 0,2 mg/ml  + 3,1 mg/ml + 10 mg/ml stungulyf lausn, vnr 964823",2026-09-23T20:59:59.276322,217050
IS,Iceland,Lyfjastofnun,Norgesic,"Orphenadrinum INN cítrat, Paracetamolum INN",35+450 mg,30 stk.,Tafla,520759,M03BC51,Viatris ApS,Icepharma hf.*,2025-02-14,2025-05-06,2025-01-21,resolved,Undanþágulyf hefur verið útvegað.,2026-09-23T20:59:59.276857,
IS,Iceland,Lyfjastofnun,Cardosin Retard,Doxazosin mesilate,4 mg,100 stk.,Forðatafla,013302,C02CA04,Teva B.V.*,Teva Pharma Iceland ehf.*,2025-02-14,2025-05-31,2025-01-29,resolved,Samheitalyf er á markaði / fáanlegt.,2026-09-23T20:59:59.277406,
IS,Iceland,Lyfjastofnun,Amitriptylin Abcur,Amitriptylinum INN hýdróklóríð,50 mg,100 stk.,Filmuhúðuð tafla,414424,N06AA09,Abcur AB*,,2025-02-14,2025-06-02,2025-01-30,resolved,Aðrir styrkleikar eru á markaði / fáanlegir.,2026-09-23T20:59:59.277949,7862
IS,Iceland,Lyfjastofnun,Atrovent,Ipratropii bromidum INN,"0,25 mg/ml",2 ml,Lausn í eimgjafa,129817,R03BB01,Boehringer Ingelheim International GmbH*,Vistor ehf,2025-02-14,2025-02-28,2025-02-14,resolved,Önnur lyfjaform eru á markaði / fáanleg.,2026-09-23T20:59:59.278530,29378
IS,Iceland,Lyfjastofnun,Erelzi,Etanerceptum INN,50 mg,1 ml,"Stungulyf, lausn í áfylltum lyfjapenna",558812,L04AB01,Sandoz GmbH*,,2025-02-14,2026-08-01,2025-02-11,resolved,Samheitalyf er á markaði / fáanlegt.,2026-09-23T20:59:59.279069,106321
IS,Iceland,Lyfjastofnun,Entresto,"Valsartanum INN, Sacubitrilum INN",15 mg/16 mg,60 stk.,Kyrni í hylki sem á að opna,097280,C09DX04,Novartis Europharm Limited*,Vistor hf,2025-02-14,2025-04-01,2025-02-14,resolved,Aðrir styrkleikar eru á markaði / fáanlegir.,2026-09-23T20:59:59.279615,228346
IS,Iceland,Lyfjastofnun,Paratabs,Paracetamolum INN,500 mg,30 stk.,Filmuhúðuð tafla,039837,N02BE01,Teva B.V.*,Teva Pharma Iceland ehf.*,2025-02-14,2025-04-18,2025-01-29,resolved,Aðrar pakkningastærðir eru á markaði / fáanlegar.,2026-09-23T20:59:59.280180,
IS,Iceland,Lyfjastofnun,Ganirelix Gedeon Richter,Ganirelixum INN acetat,"0,25 mg","0,5 ml","Stungulyf, lausn í áfylltri sprautu",462712,H01CC01,Gedeon Richter Plc.*,,2025-02-14,2025-04-20,2024-12-04,resolved,Ekki til lyf með sama ATC númer en sambærilegt lyf í sama flokki er á markaði / fáanlegt.,2026-09-23T20:59:59.280715,59048
IS,Iceland,Lyfjastofnun,Xarelto,Rivaroxabanum INN,10 mg,98 stk.,Filmuhúðuð tafla,480750,B01AF01,Bayer AG*,Icepharma hf,2025-02-13,2025-03-07,2025-02-03,resolved,Aðrar pakkningastærðir eru á markaði / fáanlegar.,2026-09-23T20:59:59.281259,88862
IS,Iceland,Lyfjastofnun,Fiasp,Insulinum aspartum INN,100 ein./ml,3 ml,"Stungulyf, lausn í áfylltum lyfjapenna",527632,A10AB05,Novo Nordisk A/S*,Vistor hf,2025-02-12,2025-02-24,2025-01-20,resolved,Önnur lyfjaform eru á markaði / fáanleg.,2026-09-23T20:59:59.281834,121355
IS,Iceland,Lyfjastofnun,Evrysdi,Risdiplamum INN,"0,75 mg/ml",80 ml,"Mixtúruduft, lausn",570122,M09AX10,Roche Registration GmbH*,Icepharma hf.*,2025-02-12,2025-02-13,2025-02-12,resolved,Ekkert sambærilegt lyf er á markaði / fáanlegt.,2026-09-23T20:59:59.282380,218723
IS,Iceland,Lyfjastofnun,Gemcitabine WH,Gemcitabinum INN hýdróklóríð,1000 mg,1000 mg,"Innrennslisstofn, lausn",579322,L01BC05,Williams & Halls ehf.*,,2025-02-12,2025-03-27,2025-02-12,resolved,Undanþágulyf hefur verið útvegað.,2026-09-23T20:59:59.282909,101745
IS,Iceland,Lyfjastofnun,Galafold,Migalastatum hýdróklóríð,123 mg,14 stk.,Hart hylki,434967,A16AX14,Amicus Therapeutics Europe Limited*,,2025-02-12,2025-03-06,2025-02-20,resolved,Ekkert sambærilegt lyf er á markaði / fáanlegt.,2026-09-23T20:59:59.283438,
IS,Iceland,Lyfjastofnun,Calcipotriol/Betamethasone Teva,"Betamethasonum INN díprópíónat, Calcipotriolum INN","50 míkrog/g + 0,5 mg/g",120 g,Smyrsli,157673,D05AX52,Teva B.V.*,Teva Pharma Iceland ehf.*,2025-02-11,2025-06-30,2025-02-19,resolved,Samheitalyf er á markaði / fáanlegt.,2026-09-23T20:59:59.283978,69167
IS,Iceland,Lyfjastofnun,Twinrix Adult,"Hepatitis A veira (dauð), Hepatitis B veira",,1 ml,"Stungulyf, dreifa í áfylltri sprautu",170092,J07BC20,GlaxoSmithKline Biologicals S.A.*,Vistor hf,2025-02-11,2025-03-17,2025-02-20,resolved,Samheitalyf er á markaði / fáanlegt.,2026-09-23T20:59:59.284519,48933
IS,Iceland,Lyfjastofnun,Plasmalyte Glucos,Blanda,50 mg/ml,1000 ml,"Innrennslislyf, lausn",542744,B05BB02,Baxter Medical AB*,Icepharma hf,2025-02-10,2025-02-15,2024-11-06,resolved,Aðrar pakkningastærðir eru á markaði / fáanlegar.,2026-09-23T20:59:59.285079,
IS,Iceland,Lyfjastofnun,Logimax,"Metoprololum INN súkkínat, Felodipinum INN",5 mg + 50 mg,98 stk.,Forðatafla,439489,C07FB02,Recordati Ireland Limited*,Recordati AB,2025-02-10,2025-02-11,2025-02-03,resolved,Samheitalyf er á markaði / fáanlegt.,2026-09-23T20:59:59.285628,
IS,Iceland,Lyfjastofnun,ABILIFY,Aripiprazolum INN,15 mg,56 stk.,Tafla,011019,N05AX12,Otsuka Pharmaceutical Netherlands B.V.*,Vistor hf,2025-02-10,2025-02-20,2025-02-03,resolved,Aðrar pakkningastærðir eru á markaði / fáanlegar.,2026-09-23T20:59:59.286195,75256
IS,Iceland,Lyfjastofnun,Imodium,Loperamidum INN hýdróklóríð,2 mg,16 stk.,Filmuhúðuð tafla,114072,A07DA03,McNeil Sweden AB,Vistor hf,2025-02-10,2025-02-24,2025-01-23,resolved,Aðrar pakkningastærðir eru á markaði / fáanlegar.,2026-09-23T20:59:59.286744,
IS,Iceland,Lyfjastofnun,Elfabrio,Pegunigalsidasum alfa INN,2 mg/ml,10 ml,"Innrennslislyf, lausn",049386,A16AB20,Chiesi Farmaceutici S.p.A.*,Chiesi Pharma AB,2025-02-10,2025-02-18,2025-02-06,resolved,Aðrar pakkningastærðir eru á markaði / fáanlegar.,2026-09-23T20:59:59.287296,232246
IS,Iceland,Lyfjastofnun,Xeomin,"CLOSTRIDIUM BOTULINUM NEUROTOXIN TYPE A (150KD), FREE OF COMPLEXING PROTEINS",100 ein.,1 stk.,"Stungulyfsstofn, lausn",093306,M03AX01,Merz Pharmaceuticals GmbH,,2025-02-10,2025-04-15,2024-11-08,resolved,Samheitalyf er á markaði / fáanlegt.,2026-09-23T20:59:59.287837,115975
IS,Iceland,Lyfjastofnun,Warfarin Teva,Warfarinum INN natríum,1 mg,100 stk.,Tafla,599632,B01AA03,Teva B.V.*,Teva Pharma Iceland ehf.*,2025-02-10,2025-06-29,2025-01-10,resolved,. Heildsalan Parlogis hefur útvegað undanþágulyf frá öðrum framleiðanda Warfarin Crescent 1 mg 28 töflur Vnr 959714,2026-09-23T20:59:59.288413,48933
IS,Iceland,Lyfjastofnun,Míron,,30 mg,100 stk.,Filmuhúðuð tafla,015316,N06AX11,Teva B.V.*,Teva Pharma Iceland ehf.*,2025-02-10,2025-05-01,2024-11-26,afskráning,Samheitalyf er á markaði / fáanlegt.,2026-09-23T20:59:59.288960,39721
IS,Iceland,Lyfjastofnun,Trimbow,"Beclometasonum INN díprópíónat, Glycopyrronii bromidum INN, Formoterolum INN fúmarat",87 míkróg/5 míkróg/9 míkróg,120 skammtar,"Innúðalyf, lausn",449455,R03AL09,Chiesi Farmaceutici S.p.A.*,Chiesi Pharma AB,2025-02-09,2025-02-18,2025-02-03,resolved,Aðrar pakkningastærðir eru á markaði / fáanlegar.,2026-09-23T20:59:59.289500,146749
IS,Iceland,Lyfjastofnun,Lantus,Insulinum glarginum INN,100 ein./ml,3 ml,"Stungulyf, lausn í rörlykju",004746,A10AE04,Sanofi-Aventis Deutschland GmbH,Vistor hf,2025-02-07,2025-03-05,2025-02-07,resolved,Önnur lyfjaform eru á markaði / fáanleg.,2026-09-23T20:59:59.290040,85375
IS,Iceland,Lyfjastofnun,REKOVELLE,Follitropinum delta INN,"72 míkróg/ 2,16 ml","2,16 ml","Stungulyf, lausn í áfylltum lyfjapenna",575715,G03GA10,Ferring Pharmaceuticals A/S*,,2025-02-07,2025-03-03,2025-02-28,resolved,Aðrir styrkleikar eru á markaði / fáanlegir.,2026-09-23T20:59:59.290571,148601
IS,Iceland,Lyfjastofnun,Oracea,Doxycyclinum INN,40 mg,56 stk.,Hart hylki með breyttan losunarhraða,029800,J01AA02,Galderma Nordic AB*,Icepharma hf,2025-02-07,2025-02-14,2025-02-07,resolved,.,2026-09-23T20:59:59.291113,91049
IS,Iceland,Lyfjastofnun,Curosurf,Fosfólípíð og prótein úr svínalungum,80 mg/ml,3 ml,Dreifa til íkomu í barka og lungu,107002,R07AA02,Chiesi Farmaceutici S.p.A.*,,2025-02-07,2025-02-11,2025-02-03,resolved,Aðrar pakkningastærðir eru á markaði / fáanlegar.,2026-09-23T20:59:59.291687,72109
IS,Iceland,Lyfjastofnun,Pulmicort,Budesonidum INN,"0,25 mg/ml",2 ml,Dreifa í eimgjafa,082933,R03BA02,AstraZeneca A/S,Vistor hf,2025-02-06,2025-02-28,2025-02-10,resolved,Aðrir styrkleikar eru á markaði / fáanlegir.,2026-09-23T20:59:59.292231,34452
IS,Iceland,Lyfjastofnun,Isentress,Raltegravirum INN kalíum,400 mg,60 stk.,Filmuhúðuð tafla,110750,J05AJ01,Merck Sharp & Dohme B.V.*,Vistor hf,2025-02-05,2025-02-18,2025-01-27,resolved,Ekki til lyf með sama ATC númer en sambærilegt lyf í sama flokki er á markaði / fáanlegt.,2026-09-23T20:59:59.292766,85804
IS,Iceland,Lyfjastofnun,Sitagliptin Krka,Sitagliptinum INN,25 mg,98 stk.,Filmuhúðuð tafla,166726,A10BH01,Krka d.d. Novo mesto*,,2025-02-05,2025-05-09,2024-12-16,resolved,Aðrir styrkleikar og/eða samheitalyf eru á markaði / fáanlegir.,2026-09-23T20:59:59.293294,85804
IS,Iceland,Lyfjastofnun,Seloken ZOC,Metoprololum INN súkkínat,190 mg,98 stk.,Forðatafla,422337,C07AB02,Recordati Ireland Limited*,Recordati AB,2025-02-05,2025-02-11,2025-02-01,resolved,Aðrir styrkleikar eru á markaði / fáanlegir.,2026-09-23T20:59:59.293833,26204
IS,Iceland,Lyfjastofnun,Natriumklorid Baxter Viaflo,Sodium chloride,9 mg/ml,500 ml,"Innrennslislyf, lausn",429098,B05BB01,Baxter Medical AB*,Icepharma hf,2025-02-05,2025-02-15,2024-11-06,resolved,Aðrar pakkningastærðir og lyfjaform eru á markaði / fáanlegar.,2026-09-23T20:59:59.294398,218103
IS,Iceland,Lyfjastofnun,Hydroxyurea medac,Hydroxycarbamidum INN,500 mg,100 stk.,Hart hylki,464545,L01XX05,medac Gesellschaft für klinische Spezialpräparate GmbH,,2025-02-05,2025-02-13,2025-01-29,resolved,Ekkert sambærilegt lyf er á markaði / fáanlegt.,2026-09-23T20:59:59.294923,24856
IS,Iceland,Lyfjastofnun,Natriumklorid Baxter Viaflo,Sodium chloride,9 mg/ml,100 ml,"Innrennslislyf, lausn",540503,B05BB01,Baxter Medical AB*,Icepharma hf,2025-02-05,2025-02-15,2024-11-06,resolved,Aðrar pakkningastærðir eru á markaði / fáanlegar.,2026-09-23T20:59:59.295462,25062
IS,Iceland,Lyfjastofnun,Nicorette Invisi,Nicotinum INN,25 mg/16 klst.,14 stk.,Forðaplástur,065775,N07BA01,McNeil Denmark ApS,Vistor hf,2025-02-04,2025-03-06,2025-02-26,resolved,Samheitalyf er á markaði / fáanlegt.,2026-09-23T20:59:59.295998,23353
IS,Iceland,Lyfjastofnun,Certican,Everolimusum INN,"0,75 mg",60 stk.,Tafla,014853,L04AH02,Novartis Healthcare A/S,Vistor hf,2025-02-03,2025-02-17,2025-02-03,resolved,Aðrir styrkleikar eru á markaði / fáanlegir.,2026-09-23T20:59:59.296539,90220
IS,Iceland,Lyfjastofnun,Sandimmun Neoral,Ciclosporinum INN,100 mg/ml,50 ml,"Mixtúra, lausn",586107,L04AD01,Novartis Healthcare A/S,Vistor hf,2025-02-03,2025-02-17,2025-01-21,resolved,Önnur lyfjaform eru á markaði / fáanleg.,2026-09-23T20:59:59.297076,40843
IS,Iceland,Lyfjastofnun,Ganirelix Gedeon Richter,Ganirelixum INN acetat,"0,25 mg","0,5 ml","Stungulyf, lausn í áfylltri sprautu",556202,H01CC01,Gedeon Richter Plc.*,,2025-02-03,2025-04-20,2024-12-04,resolved,Ekki til lyf með sama ATC númer en sambærilegt lyf í sama flokki er á markaði / fáanlegt.,2026-09-23T20:59:59.297598,59048
IS,Iceland,Lyfjastofnun,Toilax,Bisacodylum INN,5 mg + 2 mg/ml,4 +1 stk.,Magasýruþolin tafla + endaþarmsdreifa,103952,A06AG02,Orion Corporation,Vistor hf,2025-02-03,2025-03-12,2025-02-03,resolved,Aðrar pakkningastærðir og lyfjaform eru á markaði / fáanlegar.,2026-09-23T20:59:59.298134,
IS,Iceland,Lyfjastofnun,Hyrimoz,Adalimumabum INN,40 mg,"0,4 ml","Stungulyf, lausn í áfylltum lyfjapenna",551633,L04AB04,Sandoz GmbH*,,2025-02-02,2100-12-31,2025-01-17,shortage,Önnur lyfjaform eru á markaði / fáanleg.,2026-09-23T20:59:59.298692,
IS,Iceland,Lyfjastofnun,Progesterone Alvogen,Progesteronum INN,100 mg,90 stk.,Mjúkt hylki,519188,G03DA04,Alvogen ehf.,,2025-02-02,2025-02-11,2025-02-11,resolved,Samheitalyf er á markaði / fáanlegt.,2026-09-23T20:59:59.299220,29181
IS,Iceland,Lyfjastofnun,Xerodent,"Natrii fluoridum, Acidum malicum","28,6/0,25 mg",90 stk.,Munnsogstafla,013593,A01AA30,Karo Pharma AB*,Alvogen ehf.,2025-02-02,2025-07-16,2025-01-10,resolved,Ekki til lyf með sama ATC númer en sambærilegt lyf í sama flokki er á markaði / fáanlegt.,2026-09-23T20:59:59.299764,
IS,Iceland,Lyfjastofnun,Alvofen Junior,Ibuprofenum INN,40 mg/ml,100 ml,"Mixtúra, dreifa",472337,M01AE01,Alvogen ehf.,,2025-02-02,2025-02-12,2025-02-11,resolved,Samheitalyf er á markaði / fáanlegt.,2026-09-23T20:59:59.300288,197998
IS,Iceland,Lyfjastofnun,Progestan,Progesteronum INN,200 mg,45 stk.,Mjúkt leggangahylki,522702,G03DA04,Besins Healthcare Ireland Limited*,,2025-02-01,2025-04-16,2025-03-03,resolved,Samheitalyf er á markaði / fáanlegt.,2026-09-23T20:59:59.300812,
IS,Iceland,Lyfjastofnun,Utrogestan,Progesteronum INN,100 mg,30 stk.,Mjúkt hylki,504320,G03DA04,Besins Healthcare Ireland Limited*,Laboratoires Besins International,2025-02-01,2025-03-10,2025-02-01,resolved,Aðrar pakkningastærðir eru á markaði / fáanlegar.,2026-09-23T20:59:59.301362,29181
IS,Iceland,Lyfjastofnun,Dermovat,Clobetasolum INN própíónat,"0,5 mg/ml",100 ml,Húðlausn,419952,D07AD01,GlaxoSmithKline Pharma A/S,Vistor hf,2025-02-01,2025-10-01,2025-09-02,resolved,Önnur lyfjaform eru á markaði / fáanleg.,2026-09-23T20:59:59.301923,4863
IS,Iceland,Lyfjastofnun,ZESUVA,Sunitinibum INN,"12,5 mg",28 stk.,Hart hylki,190030,L01EX01,Zentiva k.s.*,Alvogen ehf.,2025-01-31,2100-12-31,2025-11-17,shortage,"Undanþágulyf hefur verið útvegað. Lyfjastofnun hefur heimilað lyfjafræðingum að breyta ávísun á lyfið í skorti í undanþágulyfið Sunitinib frá Bluefish, frá heildsölunnni Parlogis, vnr 980440, lyfið er í sænskum umbúðum.",2026-09-23T20:59:59.302477,214191
IS,Iceland,Lyfjastofnun,Sinemet,"Levodopum INN, Carbidopum INN",25 mg/100 mg,100 stk.,Tafla,024018,N04BA02,N.V. Organon*,Vistor hf,2025-01-31,2025-02-04,2025-02-03,resolved,Aðrir styrkleikar eru á markaði / fáanlegir.,2026-09-23T20:59:59.303032,15644
IS,Iceland,Lyfjastofnun,Esopram,Escitalopram oxalate,20 mg,100 stk.,Filmuhúðuð tafla,048166,N06AB10,Teva B.V.*,Teva Pharma Iceland ehf.*,2025-01-31,2025-02-28,2025-01-29,resolved,Samheitalyf er á markaði / fáanlegt.,2026-09-23T20:59:59.303580,74977
IS,Iceland,Lyfjastofnun,Seloken ZOC,Metoprololum INN súkkínat,"23,75 mg",100 stk.,Forðatafla,001291,C07AB02,Recordati Ireland Limited*,Recordati AB,2025-01-31,2025-03-03,2025-02-01,resolved,Samheitalyf er á markaði / fáanlegt.,2026-09-23T20:59:59.304137,81043
IS,Iceland,Lyfjastofnun,Ibuprofen Zentiva,Ibuprofenum INN,400 mg,100 stk.,Filmuhúðuð tafla,526744,M01AE01,Zentiva k.s.*,,2025-01-31,2025-02-11,2024-12-16,resolved,Samheitalyf er á markaði / fáanlegt.,2026-09-23T20:59:59.304667,
IS,Iceland,Lyfjastofnun,Buvidal,Buprenorphinum INN,24 mg,"0,48 ml","Stungulyf, forðalausn",088677,N07BC01,Camurus AB,,2025-01-30,2025-02-16,2025-01-15,resolved,Aðrir styrkleikar eru á markaði / fáanlegir.,2026-09-23T20:59:59.305196,
IS,Iceland,Lyfjastofnun,Marbodin,Memantinum INN hýdróklóríð,20 mg,98 stk.,Filmuhúðuð tafla,151037,N06DX01,STADA Arzneimittel AG,,2025-01-30,2025-04-29,2025-01-29,resolved,Aðrar pakkningastærðir eru á markaði / fáanlegar.,2026-09-23T20:59:59.305726,87912
IS,Iceland,Lyfjastofnun,Scopoderm,Scopolaminum,1 mg/72 klst.,2 stk.,Forðaplástur,528241,A04AD01,Baxter Medical AB,,2025-01-30,2025-02-25,2025-01-30,resolved,Önnur lyfjaform eru á markaði / fáanleg.,2026-09-23T20:59:59.306256,
IS,Iceland,Lyfjastofnun,Inegy,"Simvastatinum INN, Ezetimibe",10/40 mg,98 stk.,Tafla,439594,C10BA02,N.V. Organon*,Vistor hf,2025-01-30,2025-03-04,2025-01-29,resolved,Aðrir styrkleikar og/eða samheitalyf eru á markaði / fáanlegir.,2026-09-23T20:59:59.306795,77046
IS,Iceland,Lyfjastofnun,Arixtra,Fondaparinux natríum,"5 mg/0,4 ml","0,4 ml","Stungulyf, lausn í áfylltri sprautu",585754,B01AX05,Viatris Healthcare Limited,Icepharma hf.*,2025-01-30,2025-02-27,2025-01-30,resolved,Aðrar pakkningastærðir eru á markaði / fáanlegar.,2026-09-23T20:59:59.307336,229148
IS,Iceland,Lyfjastofnun,Norgesic,"Orphenadrinum INN cítrat, Paracetamolum INN",35+450 mg,100 stk.,Tafla,525014,M03BC51,Viatris ApS,Icepharma hf.*,2025-01-30,2025-02-12,2025-01-30,resolved,Aðrar pakkningastærðir eru á markaði / fáanlegar.,2026-09-23T20:59:59.307886,
IS,Iceland,Lyfjastofnun,Nicorette Cooldrops,Nicotinum INN,2 mg,160 stk.,Hörð munnsogstafla,554883,N07BA01,McNeil Denmark ApS,Vistor hf,2025-01-30,2025-02-20,2025-02-03,resolved,Önnur lyfjaform eru á markaði / fáanleg.,2026-09-23T20:59:59.308470,125490
IS,Iceland,Lyfjastofnun,Plenadren,Hydrocortisonum INN,20 mg,50 stk.,Tafla með breyttan losunarhraða,424199,H02AB09,Takeda Pharmaceuticals International AG Ireland Branch,,2025-01-29,2025-03-01,2024-11-26,resolved,Aðrir styrkleikar og/eða samheitalyf eru á markaði / fáanlegir.,2026-09-23T20:59:59.309002,149969
IS,Iceland,Lyfjastofnun,Contalgin,Morphini sulfas,30 mg,100 stk.,Forðatafla,466219,N02AA01,Mundipharma A/S,Icepharma hf.*,2025-01-29,2025-02-07,2025-01-24,resolved,Aðrar pakkningastærðir eru á markaði / fáanlegar.,2026-09-23T20:59:59.309548,23426
IS,Iceland,Lyfjastofnun,Desferal,Deferoxaminum INN mesýlat,500 mg,500 mg,"Stungulyfs-/innrennslisstofn, lausn",189175,V03AC01,Mitem Pharma,,2025-01-29,2025-03-14,2024-12-13,resolved,Til skoðunar.,2026-09-23T20:59:59.310081,795
IS,Iceland,Lyfjastofnun,Risperidon Krka,Risperidonum INN,3 mg,60 stk.,Filmuhúðuð tafla,110324,N05AX08,"Krka, d.d., Novo mesto",LYFIS ehf.*,2025-01-29,2025-02-19,2024-11-21,resolved,Aðrir styrkleikar og/eða samheitalyf eru á markaði / fáanlegir.,2026-09-23T20:59:59.310623,37737
IS,Iceland,Lyfjastofnun,Metojectpen,Methotrexatum INN,15 mg,15 mg,"Stungulyf, lausn í áfylltum lyfjapenna",068903,L04AX03,medac Gesellschaft für klinische Spezialpräparate GmbH,,2025-01-29,2025-02-04,2025-01-02,resolved,Samheitalyf er á markaði / fáanlegt.,2026-09-23T20:59:59.311163,141453
IS,Iceland,Lyfjastofnun,Grepid,Clopidogrelum INN besýlat,75 mg,100 stk.,Filmuhúðuð tafla,072380,B01AC04,Pharmathen S.A.*,Alvogen ehf.,2025-01-28,2026-04-13,2024-12-30,resolved,Samheitalyf er á markaði / fáanlegt.,2026-09-23T20:59:59.311707,124559
IS,Iceland,Lyfjastofnun,Capsina,Capsaicinum,"0,075 %",45 g,Krem,001962,N01BX04,Bioglan AB,Icepharma hf,2025-01-28,2025-02-03,2025-01-15,resolved,Ekkert sambærilegt lyf er á markaði / fáanlegt.,2026-09-23T20:59:59.312255,73903
IS,Iceland,Lyfjastofnun,Antabus,Disulfiramum INN,400 mg,50 stk.,Freyðitafla,095588,N07BB01,Teva B.V.*,Teva Pharma Iceland ehf.*,2025-01-28,2025-02-14,2025-01-29,resolved,Undanþágulyf hefur verið útvegað. Undanþágulyfið Etiltox 200 mg 30 stk töflur er fáanlegt hjá heildsala,2026-09-23T20:59:59.312795,1252
IS,Iceland,Lyfjastofnun,Ritalin Uno,Methylphenidatum INN hýdróklóríð,60 mg,30 stk.,Hart hylki með breyttan losunarhraða,501364,N06BA04,InfectoPharm Arzneimittel und Consilium GmbH*,Vistor hf,2025-01-28,2025-01-28,2025-01-13,resolved,Aðrir styrkleikar eru á markaði / fáanlegir.,2026-09-23T20:59:59.313342,118397
IS,Iceland,Lyfjastofnun,Monoprost,Latanoprostum INN,50 míkróg/ml,"0,2 ml","Augndropar, lausn í stakskammtaíláti",562254,S01EE01,Laboratoires THEA*,,2025-01-28,2025-02-04,2025-01-29,resolved,Samheitalyf er á markaði / fáanlegt.,2026-09-23T20:59:59.313870,140848
IS,Iceland,Lyfjastofnun,Ceftriaxon Fresenius Kabi,Ceftriaxonum INN dínatríum,1 g,15 ml,"Stungulyfs-/innrennslisstofn, lausn",456693,J01DD04,Fresenius Kabi AB,,2025-01-28,2025-03-28,2025-02-20,resolved,Aðrir styrkleikar eru á markaði / fáanlegir.,2026-09-23T20:59:59.314397,1252
IS,Iceland,Lyfjastofnun,Trimbow,"Glycopyrronii bromidum INN, Formoterolum INN fúmarat, Beclometasonum INN díprópíónat",88 míkróg/5 míkróg/9 míkróg,120 skammtar,Innöndunarduft,115218,R03AL09,Chiesi Farmaceutici S.p.A.*,Chiesi Pharma AB,2025-01-27,2025-02-04,2025-01-28,resolved,Aðrar pakkningastærðir eru á markaði / fáanlegar.,2026-09-23T20:59:59.314945,210749
IS,Iceland,Lyfjastofnun,Aprepitant STADA,Aprepitantum INN,125 mg/80 mg,1+2 stk.,Hart hylki,034156,A04AD12,STADA Arzneimittel AG,,2025-01-27,2025-02-19,2025-01-22,resolved,Samheitalyf er á markaði / fáanlegt.,2026-09-23T20:59:59.315473,87173
IS,Iceland,Lyfjastofnun,Opnol,Dexamethasonum INN fosfat,1 mg/ml,30 stk.,"Augndropar, lausn",091736,S01BA01,Karo Pharma AB*,Alvogen ehf.,2025-01-27,2025-02-28,2025-01-09,resolved,Ekki til lyf með sama ATC númer en sambærilegt lyf í sama flokki er á markaði / fáanlegt.,2026-09-23T20:59:59.316013,214892
IS,Iceland,Lyfjastofnun,Stelara,Ustekinumabum INN,130 mg,26 ml,"Innrennslisþykkni, lausn",184205,L04AC05,Janssen-Cilag International NV*,Vistor hf,2025-01-26,2025-01-30,2025-01-13,resolved,Aðrir styrkleikar eru á markaði / fáanlegir.,2026-09-23T20:59:59.316556,138274
IS,Iceland,Lyfjastofnun,Bufomix Easyhaler,"Budesonidum INN, Formoterolum INN fúmarat","160 míkróg/4,5 míkróg/skammt",120 skammtar,Innöndunarduft,566924,R03AK07,Orion Corporation,Vistor hf,2025-01-25,2025-01-28,2025-01-15,resolved,Aðrar pakkningastærðir eru á markaði / fáanlegar.,2026-09-23T20:59:59.317103,131164
IS,Iceland,Lyfjastofnun,Warfarin Teva,Warfarinum INN natríum,3 mg,100 stk.,Tafla,521273,B01AA03,Teva B.V.*,Teva Pharma Iceland ehf.*,2025-01-24,2025-06-29,2025-01-10,resolved,". Lyfjastofnun hefur heimilað útskipti í apóteki yfir í undanþágulyfið Warfarin  Teva 3 mg Vnr 994063, lítið er eftir af því lyfi í apótekum. Warfarin Cresent er væntanlegt, ekki er hægt að heimila útskipti fyrir það undanþágulyf.",2026-09-23T20:59:59.317647,112860
IS,Iceland,Lyfjastofnun,Synjardy,"Empagliflozinum INN, Metforminum INN hýdróklóríð","12,5 mg/1000 mg",60 x 1 stk.,Filmuhúðuð tafla,455266,A10BD20,Boehringer Ingelheim International GmbH*,Vistor hf,2025-01-24,2025-02-02,2024-12-30,resolved,Aðrar pakkningastærðir eru á markaði / fáanlegar.,2026-09-23T20:59:59.318191,
IS,Iceland,Lyfjastofnun,Penomax,Pivmecillinamum INN hýdróklóríð,200 mg,30 stk.,Filmuhúðuð tafla,148274,J01CA08,Orion Corporation,Vistor hf,2025-01-24,2025-02-06,2025-01-13,resolved,Aðrar pakkningastærðir eru á markaði / fáanlegar.,2026-09-23T20:59:59.318777,
IS,Iceland,Lyfjastofnun,Inovelon,Rufinamidum INN,200 mg,60 stk.,Filmuhúðuð tafla,163036,N03AF03,Eisai GmbH,Eisai AB*,2025-01-23,2025-01-23,2025-01-13,resolved,Aðrir styrkleikar eru á markaði / fáanlegir.,2026-09-23T20:59:59.319324,82244
IS,Iceland,Lyfjastofnun,Valaciclovir Bluefish,Valaciclovirum INN hýdróklóríð,500 mg,90 stk.,Filmuhúðuð tafla,152687,J05AB11,Bluefish Pharmaceuticals AB,Artasan ehf,2025-01-23,2025-01-28,2025-01-10,resolved,Aðrar pakkningastærðir eru á markaði / fáanlegar.,2026-09-23T20:59:59.319869,42080
IS,Iceland,Lyfjastofnun,Fycompa,Perampanelum INN,8 mg,28 stk.,Filmuhúðuð tafla,074348,N03AX22,Eisai GmbH,Eisai AB*,2025-01-23,2025-01-23,2025-01-13,resolved,Aðrir styrkleikar eru á markaði / fáanlegir.,2026-09-23T20:59:59.320413,115495
IS,Iceland,Lyfjastofnun,Ritalin Uno,Methylphenidatum INN hýdróklóríð,30 mg,30 stk.,Hart hylki með breyttan losunarhraða,016727,N06BA04,InfectoPharm Arzneimittel und Consilium GmbH*,Vistor hf,2025-01-23,2025-01-28,2025-01-13,resolved,Aðrir styrkleikar eru á markaði / fáanlegir.,2026-09-23T20:59:59.320951,98825
IS,Iceland,Lyfjastofnun,Dexdor,Dexmedetomidinum INN hýdróklóríð,100 míkróg/ml,2 ml,"Innrennslisþykkni, lausn",390699,N05CM18,Orion Corporation,Vistor hf,2025-01-23,2025-01-27,2025-01-23,resolved,Ekkert sambærilegt lyf er á markaði / fáanlegt.,2026-09-23T20:59:59.321509,99791
IS,Iceland,Lyfjastofnun,Atomoxetine STADA,Atomoxetinum INN hýdróklóríð,10 mg,30 stk.,Hart hylki,498877,N06BA09,STADA Arzneimittel AG,,2025-01-22,2025-03-07,2025-01-15,resolved,Samheitalyf er á markaði / fáanlegt.,2026-09-23T20:59:59.322032,76708
IS,Iceland,Lyfjastofnun,Hyrimoz,Adalimumabum INN,40 mg,"0,8 ml","Stungulyf, lausn í áfylltri sprautu",592241,L04AB04,Sandoz GmbH*,,2025-01-21,2100-12-31,2025-01-20,shortage,Samheitalyf er á markaði / fáanlegt.,2026-09-23T20:59:59.322552,84492
IS,Iceland,Lyfjastofnun,Imraldi,Adalimumabum INN,40 mg,"0,4 ml","Stungulyf, lausn í áfylltum lyfjapenna",578695,L04AB04,Samsung Bioepis NL B.V.,Icepharma hf.*,2025-01-21,2025-04-11,2025-01-21,resolved,Samheitalyf er á markaði / fáanlegt.,2026-09-23T20:59:59.323090,129771
IS,Iceland,Lyfjastofnun,Utrogestan,Progesteronum INN,200 mg,45 stk.,Mjúkt hylki,586866,G03DA04,Besins Healthcare Ireland Limited*,Laboratoires Besins International,2025-01-21,2025-01-28,2025-01-23,resolved,Undanþágulyf hefur verið útvegað.,2026-09-23T20:59:59.323636,
IS,Iceland,Lyfjastofnun,Engerix B,HEPATITIS B SURFACE ANTIGEN,,1 ml,"Stungulyf, dreifa",004613,J07BC01,GlaxoSmithKline Pharma A/S,Vistor hf,2025-01-20,2025-01-30,2025-01-13,resolved,Aðrir styrkleikar eru á markaði / fáanlegir.,2026-09-23T20:59:59.324169,48321
IS,Iceland,Lyfjastofnun,Movicol,Blanda,"13,8 g",50 skammtar,"Mixtúruduft, lausn",530188,A06AD65,Norgine Healthcare B.V.,Vistor ehf,2025-01-20,2025-01-30,2025-01-13,resolved,Aðrar pakkningastærðir eru á markaði / fáanlegar.,2026-09-23T20:59:59.324708,69507
IS,Iceland,Lyfjastofnun,Metformin Bluefish,Metforminum INN hýdróklóríð,500 mg,100 stk.,Filmuhúðuð tafla,162841,A10BA02,Bluefish Pharmaceuticals AB,Artasan ehf,2025-01-20,2025-01-28,2025-01-13,resolved,Samheitalyf er á markaði / fáanlegt.,2026-09-23T20:59:59.325245,
IS,Iceland,Lyfjastofnun,Thiotepa Riemser,Thiotepum INN,100 mg,100 mg,"Stofn fyrir innrennslisþykkni, lausn",433256,L01AC01,Esteve Pharmaceuticals GmbH,Abacus Medicine A/S,2025-01-20,2025-06-30,2025-02-06,resolved,Undanþágulyf hefur verið útvegað.,2026-09-23T20:59:59.325795,56596
IS,Iceland,Lyfjastofnun,Hizentra,Human normal immunoglobulin,200 mg/ml,20 ml,"Stungulyf, lausn í áfylltri sprautu",575058,J06BA01,CSL Behring GmbH*,CSL Behring AB,2025-01-20,2025-01-21,2025-01-17,resolved,Önnur lyfjaform eru á markaði / fáanleg.,2026-09-23T20:59:59.326353,206113
IS,Iceland,Lyfjastofnun,Imovane,Zopiclonum INN,"7,5 mg",100 stk.,Filmuhúðuð tafla,087320,N05CF01,Sanofi-aventis Norge AS,Vistor hf,2025-01-17,2025-01-28,2025-01-07,resolved,Aðrar pakkningastærðir eru á markaði / fáanlegar.,2026-09-23T20:59:59.326908,24732
IS,Iceland,Lyfjastofnun,Dicloxacillin Bluefish,Dicloxacillin sodium,500 mg,50 stk.,Hart hylki,396873,J01CF01,Bluefish Pharmaceuticals AB,Artasan ehf,2025-01-17,2025-01-23,2025-01-10,resolved,Aðrar pakkningastærðir eru á markaði / fáanlegar.,2026-09-23T20:59:59.327469,
IS,Iceland,Lyfjastofnun,Kliogest,"Norethisteronum INN acetat, Estradiol",,84 stk.,Filmuhúðuð tafla,494724,G03FA01,Novo Nordisk A/S*,Vistor hf,2025-01-17,2025-01-21,2025-01-08,resolved,Samheitalyf er á markaði / fáanlegt.,2026-09-23T20:59:59.328038,33448
IS,Iceland,Lyfjastofnun,Cinacalcet STADA,Cinacalcetum INN hýdróklóríð,60 mg,28 stk.,Filmuhúðuð tafla,457185,H05BX01,STADA Arzneimittel AG,,2025-01-17,2025-05-02,2025-01-03,resolved,Aðrir styrkleikar eru á markaði / fáanlegir.,2026-09-23T20:59:59.328600,17884
IS,Iceland,Lyfjastofnun,Sertralin Bluefish,Sertralinum INN hýdróklóríð,50 mg,100 stk.,Filmuhúðuð tafla,379945,N06AB06,Bluefish Pharmaceuticals AB,Artasan ehf,2025-01-17,2025-01-28,2025-01-10,resolved,Samheitalyf er á markaði / fáanlegt.,2026-09-23T20:59:59.329158,90018
IS,Iceland,Lyfjastofnun,Pulmicort,Budesonidum INN,"0,5 mg/ml",2 ml,Dreifa í eimgjafa,083154,R03BA02,AstraZeneca A/S,Vistor hf,2025-01-17,2025-01-26,2025-01-14,resolved,Önnur lyfjaform eru á markaði / fáanleg.,2026-09-23T20:59:59.329705,35424
IS,Iceland,Lyfjastofnun,Hizentra,Human normal immunoglobulin,200 mg/ml,10 ml,"Stungulyf, lausn í áfylltri sprautu",125242,J06BA01,CSL Behring GmbH*,CSL Behring AB,2025-01-16,2025-01-21,2025-01-17,resolved,Önnur lyfjaform eru á markaði / fáanleg.,2026-09-23T20:59:59.330255,203955
IS,Iceland,Lyfjastofnun,Vastaloma,Fulvestrantum INN,250 mg/5 ml,5 ml,"Stungulyf, lausn í áfylltri sprautu",528806,L02BA03,Zentiva k.s.*,,2025-01-16,2025-01-28,2025-01-16,resolved,Ekkert sambærilegt lyf er á markaði / fáanlegt.,2026-09-23T20:59:59.330778,74934
IS,Iceland,Lyfjastofnun,Ursochol,Acidum ursodeoxycholicum INN,250 mg,100 stk.,Hart hylki,444765,A05AA02,Orifarm Generics A/S,Artasan ehf,2025-01-15,2025-03-31,2024-12-18,resolved,Undanþágulyf hefur verið útvegað.,2026-09-23T20:59:59.331319,15830
IS,Iceland,Lyfjastofnun,Navelbine,Vinorelbinum INN tvítartrat,20 mg,1 stk.,Mjúkt hylki,003164,L01CA04,Pierre Fabre Medicament,Vistor hf,2025-01-15,2025-03-11,2025-01-15,resolved,Önnur lyfjaform eru á markaði / fáanleg.,2026-09-23T20:59:59.331876,118397
IS,Iceland,Lyfjastofnun,Methylphenidate STADA,Methylphenidatum INN hýdróklóríð,60 mg,30 stk.,Hart hylki með breyttan losunarhraða,129289,N06BA04,STADA Arzneimittel AG,,2025-01-15,2025-10-01,2024-12-27,resolved,Aðrir styrkleikar og/eða samheitalyf eru á markaði / fáanlegir.,2026-09-23T20:59:59.332404,80918
IS,Iceland,Lyfjastofnun,Navelbine,Vinorelbinum INN tvítartrat,30 mg,1 stk.,Mjúkt hylki,003175,L01CA04,Pierre Fabre Medicament,Vistor hf,2025-01-15,2025-02-10,2025-01-15,resolved,Önnur lyfjaform eru á markaði / fáanleg.,2026-09-23T20:59:59.332945,118117
IS,Iceland,Lyfjastofnun,Arixtra,Fondaparinux natríum,"7,5 mg/0,6 ml","0,6 ml","Stungulyf, lausn í áfylltri sprautu",403966,B01AX05,Viatris Healthcare Limited,Icepharma hf.*,2025-01-15,2025-02-27,2025-01-15,resolved,Aðrir styrkleikar eru á markaði / fáanlegir.,2026-09-23T20:59:59.333490,228044
IS,Iceland,Lyfjastofnun,Metformin Bluefish,Metforminum INN hýdróklóríð,1000 mg,60 stk.,Filmuhúðuð tafla,162863,A10BA02,Bluefish Pharmaceuticals AB,Artasan ehf,2025-01-15,2025-01-28,2025-01-10,resolved,Aðrir styrkleikar eru á markaði / fáanlegir.,2026-09-23T20:59:59.334038,60674
IS,Iceland,Lyfjastofnun,Pulmicort,Budesonidum INN,"0,25 mg/ml",2 ml,Dreifa í eimgjafa,082933,R03BA02,AstraZeneca A/S,Vistor hf,2025-01-15,2025-01-26,2025-01-14,resolved,Önnur lyfjaform eru á markaði / fáanleg.,2026-09-23T20:59:59.334586,34452
IS,Iceland,Lyfjastofnun,Desmopressin Zentiva,Desmopressinum INN acetat,120 míkróg,100 stk.,Tungurótartafla,589808,H01BA02,Zentiva k.s.*,,2025-01-14,2025-01-16,2025-01-13,resolved,Aðrir styrkleikar og pakkningastærðir eru á markaði / fáanlegir.,2026-09-23T20:59:59.335130,225436
IS,Iceland,Lyfjastofnun,Symbicort mite Turbuhaler,"Budesonidum INN, Formoterolum INN fúmarat","80/4,5 míkróg/skammt",120 skammtar,Innöndunarduft,003325,R03AK07,AstraZeneca A/S,Vistor hf,2025-01-14,2025-01-26,2025-01-14,resolved,Aðrir styrkleikar eru á markaði / fáanlegir.,2026-09-23T20:59:59.335672,70343
IS,Iceland,Lyfjastofnun,Estrofem,Estradiol hemihydrate,1 mg,28 stk.,Filmuhúðuð tafla,154377,G03CA03,Novo Nordisk A/S*,Vistor hf,2025-01-14,2025-01-21,2025-01-08,resolved,Samheitalyf er á markaði / fáanlegt.,2026-09-23T20:59:59.336216,
IS,Iceland,Lyfjastofnun,Nimvastid,Rivastigminum INN tartrat,"1,5 mg",28 stk.,Hart hylki,081681,N06DA03,Krka d.d. Novo mesto*,Krka Sverige AB,2025-01-14,2025-01-21,2025-01-15,resolved,Aðrir styrkleikar eru á markaði / fáanlegir.,2026-09-23T20:59:59.336762,50164
IS,Iceland,Lyfjastofnun,Erleada,Apalutamidum INN,240 mg,28 stk.,Filmuhúðuð tafla,053501,L02BB05,Janssen-Cilag International NV*,Vistor hf,2025-01-13,2025-01-27,2025-01-13,resolved,Aðrir styrkleikar eru á markaði / fáanlegir.,2026-09-23T20:59:59.337310,49468
IS,Iceland,Lyfjastofnun,Atomoxetine STADA,Atomoxetinum INN hýdróklóríð,60 mg,30 stk.,Hart hylki,577616,N06BA09,STADA Arzneimittel AG,,2025-01-13,2025-01-14,2025-01-07,resolved,Samheitalyf er á markaði / fáanlegt.,2026-09-23T20:59:59.337839,76740
IS,Iceland,Lyfjastofnun,Hizentra,Human normal immunoglobulin,200 mg/ml,10 ml,"Stungulyf, lausn í áfylltri sprautu",125242,J06BA01,CSL Behring GmbH*,CSL Behring AB,2025-01-13,2025-01-20,2025-01-07,resolved,Aðrar pakkningastærðir eru á markaði / fáanlegar.,2026-09-23T20:59:59.338380,203955
IS,Iceland,Lyfjastofnun,Oracea,Doxycyclinum INN,40 mg,56 stk.,Hart hylki með breyttan losunarhraða,029800,J01AA02,Galderma Nordic AB*,Icepharma hf,2025-01-13,2025-01-31,2025-01-13,resolved,Önnur lyfjaform eru á markaði / fáanleg.,2026-09-23T20:59:59.338965,91049
IS,Iceland,Lyfjastofnun,Letrozole Bluefish,Letrozolum INN,"2,5 mg",30 stk.,Filmuhúðuð tafla,080470,L02BG04,Bluefish Pharmaceuticals AB,Artasan ehf,2025-01-13,2025-01-27,2025-01-06,resolved,Samheitalyf er á markaði / fáanlegt.,2026-09-23T20:59:59.339518,47724
IS,Iceland,Lyfjastofnun,Taptiqom,"Tafluprostum INN, Timololum INN maleat",15 míkróg/ml + 5 mg/ ml,"0,3 ml","Augndropar, lausn í stakskammtaíláti",388898,S01ED51,Santen Oy,,2025-01-10,2025-01-17,2025-01-10,resolved,Aðrar pakkningastærðir eru á markaði / fáanlegar.,2026-09-23T20:59:59.340050,212237
IS,Iceland,Lyfjastofnun,Eliquis (Abacus Medicine),Apixabanum INN,"2,5 mg",168 stk.,Filmuhúðuð tafla,476921,B01AF02,Abacus Medicine A/S,,2025-01-10,2026-02-16,2024-12-04,resolved,Samheitalyf er á markaði / fáanlegt.,2026-09-23T20:59:59.340577,99066
IS,Iceland,Lyfjastofnun,Omeprazol Actavis,Omeprazolum INN,20 mg,28 stk.,Magasýruþolið hart hylki,050510,A02BC01,Actavis Group PTC ehf.,Teva Pharma Iceland ehf.*,2025-01-10,2025-03-06,2024-12-19,resolved,Samheitalyf er á markaði / fáanlegt.,2026-09-23T20:59:59.341122,47724
IS,Iceland,Lyfjastofnun,Lipistad,Atorvastatin INN kalsíum tríhýdrat,40 mg,100 stk.,Filmuhúðuð tafla,567332,C10AA05,STADA Arzneimittel AG,,2025-01-10,2025-01-28,2024-12-23,resolved,Aðrir styrkleikar og/eða samheitalyf eru á markaði / fáanlegir.,2026-09-23T20:59:59.341649,99066
IS,Iceland,Lyfjastofnun,Marcain adrenalin,"Bupivacainum INN hýdróklóríð, Adrenalinum bítartrat (Epinephrinum INN bítartrat)",5 mg/ml + 5 míkróg ml,20 ml,"Stungulyf, lausn",171611,N01BB51,Aspen Pharma Trading Limited,Icepharma hf.*,2025-01-10,2025-02-24,2025-01-17,resolved,Aðrir styrkleikar eru á markaði / fáanlegir.,2026-09-23T20:59:59.342196,145629
IS,Iceland,Lyfjastofnun,SmofKabiven Elektrolytfri,Blanda,,1477 ml,"Innrennslislyf, fleyti",154673,B05BA10,Fresenius Kabi AB,Vistor hf,2025-01-09,2025-01-16,2025-01-06,resolved,Aðrir styrkleikar eru á markaði / fáanlegir.,2026-09-23T20:59:59.342738,89532
IS,Iceland,Lyfjastofnun,Metoprolol Alvogen,Metoprololum INN súkkínat,"23,75 mg",100 stk.,Forðatafla,552648,C07AB02,Alvogen ehf.,,2025-01-09,2025-02-13,2024-11-25,resolved,Samheitalyf er á markaði / fáanlegt.,2026-09-23T20:59:59.343269,81043
IS,Iceland,Lyfjastofnun,Tramadol Krka,Tramadol hydrochloride,100 mg,20 stk.,Forðatafla,170335,N02AX02,"Krka, d.d., Novo mesto",,2025-01-08,2025-02-10,2024-12-13,resolved,Samheitalyf er á markaði / fáanlegt.,2026-09-23T20:59:59.343814,201677
IS,Iceland,Lyfjastofnun,Femanest,Estradiol,2 mg,84 stk.,Tafla,389155,G03CA03,Exeltis Healthcare S.L.*,Acare ehf.,2025-01-08,2100-12-31,2024-11-14,shortage,Samheitalyf er á markaði / fáanlegt.,2026-09-23T20:59:59.344374,30325
IS,Iceland,Lyfjastofnun,Digoxin DAK (Lyfjaver),Digoxinum INN,"62,5 míkróg",100 stk.,Tafla,503497,C01AA05,Lyfjaver ehf.,,2025-01-07,2025-01-16,2025-01-07,resolved,Undanþágulyf hefur verið útvegað.,2026-09-23T20:59:59.344912,5924
IS,Iceland,Lyfjastofnun,Abilify Maintena (Lyfjaver),Aripiprazolum INN,400 mg,400 mg,"Stungulyfsstofn og leysir, forðadreifa",159765,N05AX12,Lyfjaver ehf.,,2025-01-07,2025-03-05,2024-12-27,resolved,Samheitalyf er á markaði / fáanlegt.,2026-09-23T20:59:59.345435,112852
IS,Iceland,Lyfjastofnun,Scopoderm,Scopolaminum,1 mg/72 klst.,2 stk.,Forðaplástur,528241,A04AD01,Baxter Medical AB,,2025-01-07,2025-02-03,2025-01-07,resolved,Önnur lyfjaform eru á markaði / fáanleg.,2026-09-23T20:59:59.345965,
IS,Iceland,Lyfjastofnun,Asacol,Mesalazinum INN,1600 mg,60 stk.,Tafla með breyttan losunarhraða,438571,A07EC02,Tillotts Pharma AB,,2025-01-06,2025-01-10,2024-12-06,resolved,Aðrir styrkleikar og lyfjaform eru á markaði / fáanlegir.,2026-09-23T20:59:59.346491,101745
IS,Iceland,Lyfjastofnun,Cubicin,Daptomycinum INN,350 mg,350 mg,"Stungulyfs-/innrennslisstofn, lausn",061961,J01XX09,Merck Sharp & Dohme B.V.*,Vistor hf,2025-01-06,2025-01-28,2025-01-06,resolved,Aðrar pakkningastærðir eru á markaði / fáanlegar.,2026-09-23T20:59:59.347038,90891
IS,Iceland,Lyfjastofnun,Doxycyklin EQL Pharma,Doxycyclinum INN,100 mg,100 stk.,Tafla,060930,J01AA02,EQL Pharma AB,,2025-01-06,2025-02-28,2024-12-04,resolved,Samheitalyf er á markaði / fáanlegt.,2026-09-23T20:59:59.347570,59021
IS,Iceland,Lyfjastofnun,Epiduo,"Adapalenum INN, Benzoyl peroxide","0,1 % / 2,5 %",60 g,Hlaup,408675,D10AD53,Galderma Nordic AB*,Icepharma hf,2025-01-06,2025-02-26,2025-01-02,resolved,Ekki til lyf með sama ATC númer en sambærilegt lyf í sama flokki er á markaði / fáanlegt.,2026-09-23T20:59:59.348129,148695
IS,Iceland,Lyfjastofnun,Pentasa Sachet,Mesalazinum INN,1 g,150 stk.,Forðakyrni,118612,A07EC02,Ferring Lægemidler A/S,Vistor hf,2025-01-06,2025-01-06,2024-12-18,resolved,Aðrir styrkleikar og lyfjaform eru á markaði / fáanlegir.,2026-09-23T20:59:59.348704,82899
IS,Iceland,Lyfjastofnun,Bloxazoc,Metoprololum INN súkkínat,50 mg,100 stk.,Forðatafla,089692,C07AB02,KRKA d.d. Novo mesto,,2025-01-06,2025-03-07,2024-11-21,resolved,Samheitalyf er á markaði / fáanlegt.,2026-09-23T20:59:59.349226,26182
IS,Iceland,Lyfjastofnun,Natriumklorid Fresenius Kabi,Sodium chloride,9 mg/ml,500 ml,"Innrennslislyf, lausn",141388,B05BB01,Fresenius Kabi AB,Vistor hf,2025-01-06,2025-01-24,2025-01-06,resolved,Aðrar pakkningastærðir eru á markaði / fáanlegar.,2026-09-23T20:59:59.349761,26182
IS,Iceland,Lyfjastofnun,Wellbutrin Retard,Bupropionum INN hýdróklóríð,300 mg,30 stk.,Tafla með breyttan losunarhraða,080524,N06AX12,GlaxoSmithKline Pharma A/S,Vistor hf,2025-01-06,2025-01-10,2025-01-06,resolved,Aðrir styrkleikar og/eða samheitalyf eru á markaði / fáanlegir.,2026-09-23T20:59:59.350301,82899
IS,Iceland,Lyfjastofnun,Dasergin,Desloratadinum INN,5 mg,100 stk.,Filmuhúðuð tafla,036353,R06AX27,"Krka, d.d., Novo mesto",,2025-01-06,2025-05-16,2024-11-21,resolved,Aðrir styrkleikar og/eða samheitalyf eru á markaði / fáanlegir.,2026-09-23T20:59:59.350826,59021
IS,Iceland,Lyfjastofnun,Gemcitabine WH,Gemcitabinum INN hýdróklóríð,1000 mg,1000 mg,"Innrennslisstofn, lausn",579322,L01BC05,Williams & Halls ehf.*,,2025-01-06,2025-01-30,2025-01-06,resolved,Undanþágulyf hefur verið útvegað.,2026-09-23T20:59:59.351346,101745
IS,Iceland,Lyfjastofnun,Celecoxib Medical,Celecoxibum INN,200 mg,20 stk.,Hart hylki,133101,M01AH01,Medical ehf.,,2025-01-06,2025-03-28,2024-11-21,resolved,Aðrir styrkleikar og/eða samheitalyf eru á markaði / fáanlegir.,2026-09-23T20:59:59.351881,59005
IS,Iceland,Lyfjastofnun,Noromectin,Ivermectin,1 % w/v,250 ml,"Stungulyf, lausn",377134,QP54AA01,Norbrook Laboratories (Ireland) Limited,Icepharma hf.*,2025-01-03,2025-04-14,2025-01-29,resolved,Undanþágulyf hefur verið útvegað.,2026-09-23T20:59:59.352415,
IS,Iceland,Lyfjastofnun,Flixotide,Fluticasonum INN própíónat,125 míkróg/skammt,120 skammtar,"Innúðalyf, dreifa",163493,R03BA05,GlaxoSmithKline Pharma A/S,Vistor hf,2025-01-03,2025-01-10,2025-01-06,resolved,Aðrir styrkleikar og lyfjaform eru á markaði / fáanlegir.,2026-09-23T20:59:59.352958,87165
IS,Iceland,Lyfjastofnun,Metojectpen,Methotrexatum INN,"17,5 mg","17,5 mg","Stungulyf, lausn í áfylltum lyfjapenna",121892,L04AX03,medac Gesellschaft für klinische Spezialpräparate GmbH,,2025-01-02,2025-04-10,2025-01-02,resolved,Samheitalyf er á markaði / fáanlegt.,2026-09-23T20:59:59.353478,141461
IS,Iceland,Lyfjastofnun,Metojectpen,Methotrexatum INN,25 mg,25 mg,"Stungulyf, lausn í áfylltum lyfjapenna",037900,L04AX03,medac Gesellschaft für klinische Spezialpräparate GmbH,,2025-01-02,2025-02-24,2025-01-02,resolved,Samheitalyf er á markaði / fáanlegt.,2026-09-23T20:59:59.354004,141518
IS,Iceland,Lyfjastofnun,Metojectpen,Methotrexatum INN,20 mg,20 mg,"Stungulyf, lausn í áfylltum lyfjapenna",148422,L04AX03,medac Gesellschaft für klinische Spezialpräparate GmbH,,2025-01-02,2025-02-03,2025-01-02,resolved,Samheitalyf er á markaði / fáanlegt.,2026-09-23T20:59:59.354526,141488
IS,Iceland,Lyfjastofnun,Telfast,Fexofenadinum INN hýdróklóríð,120 mg,30 stk.,Filmuhúðuð tafla,064544,R06AX26,Opella Healthcare France S.A.S.,STADA Nordic ApS.,2025-01-02,2025-01-09,2025-01-02,resolved,Aðrir styrkleikar og pakkningastærðir eru á markaði / fáanlegir.,2026-09-23T20:59:59.355060,48739
IS,Iceland,Lyfjastofnun,Metojectpen,Methotrexatum INN,"12,5 mg","12,5 mg","Stungulyf, lausn í áfylltum lyfjapenna",571379,L04AX03,medac Gesellschaft für klinische Spezialpräparate GmbH,,2025-01-02,2025-04-10,2025-01-02,resolved,Samheitalyf er á markaði / fáanlegt.,2026-09-23T20:59:59.355575,141445
IS,Iceland,Lyfjastofnun,Jakavi,Ruxolitinibum INN fosfat,20 mg,56 stk.,Tafla,461113,L01EJ01,Novartis Europharm Limited*,Vistor hf,2025-01-02,2025-01-13,2025-01-02,resolved,Aðrir styrkleikar eru á markaði / fáanlegir.,2026-09-23T20:59:59.356109,44466
IS,Iceland,Lyfjastofnun,Jakavi,Ruxolitinibum INN fosfat,5 mg,56 stk.,Tafla,488468,L01EJ01,Novartis Europharm Limited*,Vistor hf,2025-01-02,2025-01-13,2025-01-02,resolved,Aðrir styrkleikar eru á markaði / fáanlegir.,2026-09-23T20:59:59.356648,108464
IS,Iceland,Lyfjastofnun,Hypotron,Midodrinum INN hýdróklóríð,10 mg,100 stk.,Tafla,431009,C01CA17,Brancaster Pharma Ireland Ltd.,,2025-01-02,2025-02-03,2024-12-17,resolved,Aðrir styrkleikar eru á markaði / fáanlegir.,2026-09-23T20:59:59.357175,
IS,Iceland,Lyfjastofnun,Esomeprazol Krka,Esomeprazolum INN magnesíum díhýdrat,20 mg,28 stk.,Magasýruþolið hart hylki,116196,A02BC05,"KRKA, d.d., Novo mesto",LYFIS ehf.*,2025-01-01,2025-01-17,2024-12-13,resolved,Samheitalyf er á markaði / fáanlegt.,2026-09-23T20:59:59.357758,94862
IS,Iceland,Lyfjastofnun,Depotesto,Testosteronum INN undecanóat,1000 mg/4 ml,4 ml,"Stungulyf, lausn",196982,G03BA03,Williams & Halls ehf.*,,2025-01-01,2025-01-20,2025-01-02,resolved,Önnur lyfjaform eru á markaði / fáanleg.,2026-09-23T20:59:59.358303,114359
IS,Iceland,Lyfjastofnun,Sitagliptin Sandoz,,50 mg,98 stk.,Filmuhúðuð tafla,526651,A10BH01,Sandoz A/S*,,2025-01-01,2025-01-01,2024-11-15,afskráning,Samheitalyf er á markaði / fáanlegt.,2026-09-23T20:59:59.358878,218111
IS,Iceland,Lyfjastofnun,Ibuprofen Zentiva,Ibuprofenum INN,600 mg,30 stk.,Filmuhúðuð tafla,146064,M01AE01,Zentiva k.s.*,,2025-01-01,2025-02-16,2024-12-16,resolved,Samheitalyf er á markaði / fáanlegt.,2026-09-23T20:59:59.359416,17469
IS,Iceland,Lyfjastofnun,Dexdomitor,Dexmedetomidinum INN hýdróklóríð,"0,5 mg/ml",10 ml,"Stungulyf, lausn",028606,QN05CM18,Orion Corporation,,2025-01-01,2025-01-17,2024-12-06,resolved,Undanþágulyf hefur verið útvegað.,2026-09-23T20:59:59.359953,
IS,Iceland,Lyfjastofnun,Valtrex,Valaciclovirum INN hýdróklóríð,250 mg,60 stk.,Filmuhúðuð tafla,374397,J05AB11,GlaxoSmithKline Pharma A/S,Vistor hf,2025-01-01,2025-01-10,2024-12-10,resolved,Aðrir styrkleikar eru á markaði / fáanlegir.,2026-09-23T20:59:59.360496,51306
IS,Iceland,Lyfjastofnun,Betolvex,Cyanocobalaminum INN,1 mg,100 stk.,Filmuhúðuð tafla,407043,B03BA01,Teva B.V.*,Teva Pharma Iceland ehf.*,2024-12-31,2025-01-27,2024-12-19,resolved,Önnur lyfjaform eru á markaði / fáanleg.,2026-09-23T20:59:59.361040,92177
IS,Iceland,Lyfjastofnun,Addex-Magnesium,Magnesii sulfas,1 mmól/ml,10 ml,"Innrennslisþykkni, lausn",035113,B05XA05,Fresenius Kabi AB,Vistor hf,2024-12-31,2025-06-27,2025-01-13,resolved,". Parlogis hefur útvegað undanþágulyfið Magnesium sulfate IRL 1 mmol 10 ml *20 vnr 973661, óöruggt framboð",2026-09-23T20:59:59.361592,
IS,Iceland,Lyfjastofnun,Rewellfem,Estradiol,10 míkróg,18 stk.,Leggangatafla,085813,G03CA03,Gedeon Richter Plc.*,,2024-12-31,2025-03-04,2024-12-02,resolved,Samheitalyf er á markaði / fáanlegt.,2026-09-23T20:59:59.362120,
IS,Iceland,Lyfjastofnun,Oxaliplatin Teva,Oxaliplatinum INN,5 mg/ml,20 ml,"Innrennslisþykkni, lausn",383878,L01XA03,Teva B.V.*,Teva Pharma Iceland ehf.*,2024-12-31,2025-06-15,2024-12-13,resolved,Undanþágulyf hefur verið útvegað.,2026-09-23T20:59:59.362663,79774
IS,Iceland,Lyfjastofnun,Dexavit,Dexamethasonum INN natríumfosfat,4 mg/ml,1 ml,"Stungulyf/innrennslislyf, lausn",517803,H02AB02,XGX Pharma ApS,,2024-12-31,2025-01-08,2024-12-10,resolved,Aðrar pakkningastærðir eru á markaði / fáanlegar.,2026-09-23T20:59:59.363186,218111
IS,Iceland,Lyfjastofnun,Celecoxib Actavis,Celecoxibum INN,200 mg,100 stk.,Hart hylki,587112,M01AH01,Actavis Group PTC ehf.,Teva Pharma Iceland ehf.*,2024-12-31,2025-02-28,2024-11-26,resolved,Samheitalyf er á markaði / fáanlegt.,2026-09-23T20:59:59.363724,75159
IS,Iceland,Lyfjastofnun,Desmopressin Zentiva,"Lactose monohydrate, Desmopressinum INN acetat",60 míkróg,100 stk.,Tungurótartafla,110095,H01BA02,Zentiva k.s.*,,2024-12-30,2025-01-16,2024-12-30,resolved,Samheitalyf er á markaði / fáanlegt.,2026-09-23T20:59:59.364267,225479
IS,Iceland,Lyfjastofnun,Amoxicillin Sandoz,Amoxicillinum INN tríhýdrat,100 mg/ml,60 ml,"Mixtúruduft, dreifa",014147,J01CA04,Sandoz A/S*,,2024-12-30,2025-01-06,2024-12-20,resolved,.,2026-09-23T20:59:59.364792,
IS,Iceland,Lyfjastofnun,Lixiana,Edoxabanum INN tósilat,60 mg,30 stk.,Filmuhúðuð tafla,579911,B01AF03,DAIICHI SANKYO EUROPE GmbH*,Vistor hf,2024-12-30,2025-01-09,2024-11-14,resolved,Aðrar pakkningastærðir eru á markaði / fáanlegar.,2026-09-23T20:59:59.365342,128201
IS,Iceland,Lyfjastofnun,Fentanyl Alvogen,Fentanylum INN,25 míkróg/klst.,5 stk.,Forðaplástur,504231,N02AB03,Alvogen ehf.,,2024-12-30,2025-05-23,2024-11-06,resolved,Aðrir styrkleikar eru á markaði / fáanlegir.,2026-09-23T20:59:59.365878,
IS,Iceland,Lyfjastofnun,Oracea,Doxycyclinum INN,40 mg,56 stk.,Hart hylki með breyttan losunarhraða,029800,J01AA02,Galderma Nordic AB*,Icepharma hf,2024-12-27,2025-02-06,2024-12-27,resolved,Önnur lyfjaform eru á markaði / fáanleg.,2026-09-23T20:59:59.366423,91049
IS,Iceland,Lyfjastofnun,Toilax,Bisacodylum INN,5 mg + 2 mg/ml,4 +1 stk.,Magasýruþolin tafla + endaþarmsdreifa,103952,A06AG02,Orion Corporation,Vistor hf,2024-12-27,2025-01-28,2024-12-27,resolved,Önnur lyfjaform eru á markaði / fáanleg.,2026-09-23T20:59:59.366959,
IS,Iceland,Lyfjastofnun,Alprazolam Krka,Alprazolamum INN,"0,5 mg",60 stk.,Forðatafla,387579,N05BA12,KRKA d.d. Novo mesto,,2024-12-27,2024-12-27,2024-12-04,resolved,Aðrir styrkleikar og pakkningastærðir eru á markaði / fáanlegir.,2026-09-23T20:59:59.367478,31925
IS,Iceland,Lyfjastofnun,ABILIFY,Aripiprazolum INN,15 mg,28 stk.,Munndreifitafla,027977,N05AX12,Otsuka Pharmaceutical Netherlands B.V.*,Vistor hf,2024-12-27,2025-01-20,2024-12-27,resolved,Aðrir styrkleikar og/eða samheitalyf eru á markaði / fáanlegir.,2026-09-23T20:59:59.368016,75256
IS,Iceland,Lyfjastofnun,Viagra,Sildenafilum INN cítrat,50 mg,12 stk.,Filmuhúðuð tafla,520338,G04BE03,Upjohn EESV,Icepharma hf.*,2024-12-27,2025-01-20,2025-01-03,resolved,Aðrar pakkningastærðir eru á markaði / fáanlegar.,2026-09-23T20:59:59.368591,51071
IS,Iceland,Lyfjastofnun,Fosrenol,Lanthanum karbónat,750 mg,90 stk.,Tuggutafla,023080,V03AE03,Takeda Pharmaceuticals International AG Ireland Branch,Vistor hf,2024-12-27,2025-01-10,2024-12-02,resolved,Aðrir styrkleikar eru á markaði / fáanlegir.,2026-09-23T20:59:59.369139,80128
IS,Iceland,Lyfjastofnun,Maxalt Smelt,Rizatriptanum INN benzóat,10 mg,18 stk.,Frostþurrkuð tafla,527132,N02CC04,N.V. Organon*,Vistor hf,2024-12-26,2025-01-10,2024-12-18,resolved,Samheitalyf er á markaði / fáanlegt.,2026-09-23T20:59:59.369685,50520
IS,Iceland,Lyfjastofnun,Signifor,Pasireotidum INN pamoat,40 mg,40 mg,"Stungulyfsstofn og leysir, dreifa",376100,H01CB05,Recordati Rare Diseases*,Recordati AB*,2024-12-26,2024-12-27,2024-12-18,resolved,Aðrir styrkleikar eru á markaði / fáanlegir.,2026-09-23T20:59:59.370232,126055
IS,Iceland,Lyfjastofnun,Alprazolam Krka,Alprazolamum INN,1 mg,30 stk.,Forðatafla,119825,N05BA12,KRKA d.d. Novo mesto,,2024-12-24,2024-12-24,2024-12-05,resolved,Aðrar pakkningastærðir eru á markaði / fáanlegar.,2026-09-23T20:59:59.370773,49603
IS,Iceland,Lyfjastofnun,Fenylefrin Abcur,Phenylephrinum INN hýdróklóríð,"0,1 mg/ml",5 ml,"Stungulyf, lausn",163429,C01CA06,Abcur AB,,2024-12-23,2025-01-28,2024-12-23,resolved,Samheitalyf er á markaði / fáanlegt.,2026-09-23T20:59:59.371300,206148
IS,Iceland,Lyfjastofnun,Mirvaso,Brimonidinum INN tartrat,3 mg/g,30 g,Hlaup,524981,D11AX21,Galderma International,Galderma Nordic AB,2024-12-23,2025-01-06,2024-11-27,resolved,Ekki til lyf með sama ATC númer en sambærilegt lyf í sama flokki er á markaði / fáanlegt.,2026-09-23T20:59:59.371842,114375
IS,Iceland,Lyfjastofnun,Abraxane,Paclitaxelum INN,5 mg/ml,100 mg,"Innrennslisstofn, ördreifa",560085,L01CD01,Bristol-Myers Squibb Pharma EEIG*,Vistor hf,2024-12-23,2100-01-01,2024-12-02,shortage,Sérpöntun / útboðslyf.,2026-09-23T20:59:59.372379,98957
IS,Iceland,Lyfjastofnun,Penomax,Pivmecillinamum INN hýdróklóríð,200 mg,20 stk.,Filmuhúðuð tafla,148263,J01CA08,Orion Corporation,Vistor hf,2024-12-23,2024-12-25,2024-12-06,resolved,Aðrir styrkleikar og/eða samheitalyf eru á markaði / fáanlegir.,2026-09-23T20:59:59.372938,218677
IS,Iceland,Lyfjastofnun,Glucos Baxter Viaflo,Glucose,50 mg/ml,1000 ml,"Innrennslislyf, lausn",532983,B05BA03,Baxter Medical AB*,Icepharma hf,2024-12-23,2025-02-15,2024-11-06,resolved,Aðrar pakkningastærðir eru á markaði / fáanlegar.,2026-09-23T20:59:59.373482,27952
IS,Iceland,Lyfjastofnun,Natriumklorid Baxter Viaflo,Sodium chloride,9 mg/ml,250 ml,"Innrennslislyf, lausn",085488,B05BB01,Baxter Medical AB*,Icepharma hf,2024-12-23,2025-02-03,2024-11-06,resolved,Aðrar pakkningastærðir eru á markaði / fáanlegar.,2026-09-23T20:59:59.374038,24163
IS,Iceland,Lyfjastofnun,Hyrimoz,Adalimumabum INN,40 mg,"0,8 ml","Stungulyf, lausn í áfylltri sprautu",592241,L04AB04,Sandoz GmbH*,,2024-12-23,2024-12-23,2024-12-18,resolved,Önnur lyfjaform eru á markaði / fáanleg.,2026-09-23T20:59:59.374581,84492
IS,Iceland,Lyfjastofnun,Flixotide,Fluticasonum INN própíónat,50 míkróg/skammt,120 skammtar,"Innúðalyf, dreifa",162933,R03BA05,GlaxoSmithKline Pharma A/S,Vistor hf,2024-12-23,2025-01-10,2024-12-18,resolved,Aðrir styrkleikar eru á markaði / fáanlegir.,2026-09-23T20:59:59.375145,27170
IS,Iceland,Lyfjastofnun,Eplerenon Bluefish,Eplerenonum INN,50 mg,100 stk.,Filmuhúðuð tafla,170516,C03DA04,Bluefish Pharmaceuticals AB,Artasan ehf,2024-12-23,2025-06-02,2024-12-16,resolved,Samheitalyf er á markaði / fáanlegt.,2026-09-23T20:59:59.375691,73458
IS,Iceland,Lyfjastofnun,Ceftriaxon Fresenius Kabi,Ceftriaxonum INN dínatríum,2 g,50 ml,"Innrennslisstofn, lausn",132384,J01DD04,Fresenius Kabi AB,,2024-12-23,2025-01-28,2024-12-03,resolved,Samheitalyf er á markaði / fáanlegt.,2026-09-23T20:59:59.376228,218650
IS,Iceland,Lyfjastofnun,Visipaque,Iodixanolum INN,270 mg J/ml,50 ml,"Stungulyf, lausn",019121,V08AB09,GE Healthcare AS,Icepharma hf,2024-12-23,2024-12-25,2024-12-03,resolved,Aðrar pakkningastærðir eru á markaði / fáanlegar.,2026-09-23T20:59:59.376769,41599
IS,Iceland,Lyfjastofnun,Tasigna,Nilotinibum INN hýdróklóríð,150 mg,112 stk.,Hart hylki,523758,L01EA03,Novartis Europharm Limited*,Vistor hf,2024-12-22,2025-01-13,2024-12-17,resolved,Aðrir styrkleikar eru á markaði / fáanlegir.,2026-09-23T20:59:59.377315,230715
IS,Iceland,Lyfjastofnun,Sandimmun,Ciclosporinum INN,50 mg/ml,5 ml,"Innrennslisþykkni, lausn",004002,L04AD01,Novartis Healthcare A/S,Vistor hf,2024-12-20,2025-01-13,2024-12-20,resolved,Önnur lyfjaform eru á markaði / fáanleg.,2026-09-23T20:59:59.377855,
IS,Iceland,Lyfjastofnun,Omnitrope,Somatropinum INN,"15 mg/1,5 ml","1,5 ml","Stungulyf, lausn í rörlykju",551474,H01AC01,Sandoz GmbH*,Sandoz A/S*,2024-12-20,2025-01-06,2024-12-20,resolved,Aðrar pakkningastærðir eru á markaði / fáanlegar.,2026-09-23T20:59:59.378403,2267
IS,Iceland,Lyfjastofnun,Trileptal,Oxcarbazepinum INN,300 mg,100 stk.,Filmuhúðuð tafla,556936,N03AF02,Novartis Healthcare A/S,Vistor hf,2024-12-20,2025-02-11,2024-12-13,resolved,Aðrar pakkningastærðir eru á markaði / fáanlegar.,2026-09-23T20:59:59.378983,87165
IS,Iceland,Lyfjastofnun,Tobradex,"Dexamethasonum INN fosfat, Tobramycinum INN",3 mg/ml + 1 mg/ml,5 ml,"Augndropar, dreifa",033251,S01CA01,Novartis Healthcare A/S,Vistor hf,2024-12-20,2025-02-18,2024-12-13,resolved,. Sambærilegt lyf í sama ATC-flokki fáanlegt,2026-09-23T20:59:59.379543,214957
IS,Iceland,Lyfjastofnun,Tecfidera,Dimethylis fumaras INN,120 mg,14 stk.,Magasýruþolið hart hylki,392438,L04AX07,Biogen Netherlands B.V.,Icepharma hf.*,2024-12-20,2025-01-16,2024-12-20,resolved,Aðrir styrkleikar eru á markaði / fáanlegir.,2026-09-23T20:59:59.380088,117870
IS,Iceland,Lyfjastofnun,Buprenorphine Alvogen,Buprenorphinum INN,5 míkróg/klst.,4 stk.,Forðaplástur,460889,N02AE01,Alvogen ehf.,,2024-12-20,2024-12-19,2024-10-28,resolved,Samheitalyf er á markaði / fáanlegt.,2026-09-23T20:59:59.380610,89400
IS,Iceland,Lyfjastofnun,Spiolto Respimat,"Tiotropii bromidum INN, Olodaterolum INN hýdróklóríð","2,5/2,5 míkróg",30 skammtar,Innöndunarlausn,437221,R03AL06,Boehringer Ingelheim International GmbH*,Vistor hf,2024-12-20,2025-01-07,2024-12-13,resolved,Aðrar pakkningastærðir eru á markaði / fáanlegar.,2026-09-23T20:59:59.381147,48933
IS,Iceland,Lyfjastofnun,Nitroglycerin DAK,Glyceryl trinitrate,"0,25 mg",100 stk.,Tungurótartafla,191045,C01DA02,Orifarm Healthcare A/S,Artasan ehf,2024-12-20,2024-12-27,2024-12-20,resolved,Aðrar pakkningastærðir eru á markaði / fáanlegar.,2026-09-23T20:59:59.381689,
IS,Iceland,Lyfjastofnun,Ibuprofen Zentiva,Ibuprofenum INN,600 mg,100 stk.,Filmuhúðuð tafla,542402,M01AE01,Zentiva k.s.*,,2024-12-20,2025-02-15,2024-12-16,resolved,Samheitalyf er á markaði / fáanlegt.,2026-09-23T20:59:59.382211,17469
IS,Iceland,Lyfjastofnun,Nicorette Cooldrops,Nicotinum INN,2 mg,40 stk.,Hörð munnsogstafla,453802,N07BA01,McNeil Denmark ApS,Vistor hf,2024-12-19,2024-12-19,2024-12-12,resolved,Önnur lyfjaform eru á markaði / fáanleg.,2026-09-23T20:59:59.382779,
IS,Iceland,Lyfjastofnun,Imogaze,Simeticonum INN,240 mg,30 stk.,Mjúkt hylki,087215,A03AX13,McNeil Sweden AB,Vistor hf,2024-12-19,2025-02-06,2024-12-09,resolved,Ekki til lyf með sama ATC númer en sambærilegt lyf í sama flokki er á markaði / fáanlegt.,2026-09-23T20:59:59.383328,26263
IS,Iceland,Lyfjastofnun,Jakavi,Ruxolitinibum INN fosfat,5 mg,56 stk.,Tafla,488468,L01EJ01,Novartis Europharm Limited*,Vistor hf,2024-12-18,2024-12-19,2024-12-18,resolved,Aðrir styrkleikar eru á markaði / fáanlegir.,2026-09-23T20:59:59.383892,108464
IS,Iceland,Lyfjastofnun,Fluconazol Krka,Fluconazole,150 mg,4 stk.,Hart hylki,017668,J02AC01,"KRKA, d.d., Novo mesto",LYFIS ehf.*,2024-12-18,2025-01-03,2024-12-20,resolved,Aðrar pakkningastærðir eru á markaði / fáanlegar.,2026-09-23T20:59:59.384447,30384
IS,Iceland,Lyfjastofnun,Metojectpen,Methotrexatum INN,10 mg,10 mg,"Stungulyf, lausn í áfylltum lyfjapenna",381056,L04AX03,medac Gesellschaft für klinische Spezialpräparate GmbH,,2024-12-18,2024-12-20,2024-12-18,resolved,Aðrir styrkleikar eru á markaði / fáanlegir.,2026-09-23T20:59:59.384978,52434
IS,Iceland,Lyfjastofnun,Cosentyx,Secukinumabum INN,75 mg,"0,5 ml","Stungulyf, lausn í áfylltri sprautu",478929,L04AC10,Novartis Europharm Limited*,Vistor hf,2024-12-18,2025-01-13,2024-12-18,resolved,Aðrir styrkleikar eru á markaði / fáanlegir.,2026-09-23T20:59:59.385520,
IS,Iceland,Lyfjastofnun,Tobradex,"Dexamethasonum INN fosfat, Tobramycinum INN",3 mg/ml + 1 mg/ml,5 ml,"Augndropar, dreifa",033251,S01CA01,Novartis Healthcare A/S,Vistor hf,2024-12-17,2024-12-20,2024-12-09,resolved,Samheitalyf er á markaði / fáanlegt.,2026-09-23T20:59:59.386080,214957
IS,Iceland,Lyfjastofnun,Levetiracetam Actavis,Levetiracetamum INN,1.000 mg,100 stk.,Filmuhúðuð tafla,527453,N03AX14,Actavis Group PTC ehf.,Teva Pharma Iceland ehf.*,2024-12-17,2025-01-16,2024-12-19,resolved,Aðrir styrkleikar eru á markaði / fáanlegir.,2026-09-23T20:59:59.386635,58408
IS,Iceland,Lyfjastofnun,Selexid,Pivmecillinamum INN hýdróklóríð,200 mg,20 stk.,Filmuhúðuð tafla,458349,J01CA08,Karo Pharma AB*,Alvogen ehf.,2024-12-17,2024-12-31,2024-12-02,resolved,Samheitalyf er á markaði / fáanlegt.,2026-09-23T20:59:59.387186,58408
IS,Iceland,Lyfjastofnun,Fluconazol Krka,Fluconazole,200 mg,28 stk.,Hart hylki,046214,J02AC01,"KRKA, d.d., Novo mesto",LYFIS ehf.*,2024-12-16,2025-01-03,2024-11-01,resolved,Samheitalyf er á markaði / fáanlegt.,2026-09-23T20:59:59.387736,33510
IS,Iceland,Lyfjastofnun,Decutan,Isotretinoinum INN,20 mg,30 stk.,Mjúkt hylki,022915,D10BA01,Teva B.V.*,Teva Pharma Iceland ehf.*,2024-12-16,2025-02-02,2024-12-19,resolved,Aðrar pakkningastærðir eru á markaði / fáanlegar.,2026-09-23T20:59:59.388287,69507
IS,Iceland,Lyfjastofnun,Certican,Everolimusum INN,"0,5 mg",60 stk.,Tafla,014859,L04AH02,Novartis Healthcare A/S,Vistor hf,2024-12-14,2024-12-19,2024-12-04,resolved,Aðrir styrkleikar eru á markaði / fáanlegir.,2026-09-23T20:59:59.388864,69507
IS,Iceland,Lyfjastofnun,Brieka,Pregabalinum INN,150 mg,100 stk.,Hart hylki,143410,N02BF02,Teva B.V.*,Teva Pharma Iceland ehf.*,2024-12-13,2025-01-31,2024-11-04,resolved,Aðrir styrkleikar og/eða samheitalyf eru á markaði / fáanlegir.,2026-09-23T20:59:59.389446,77100
IS,Iceland,Lyfjastofnun,Entresto,"Sacubitrilum INN, Valsartanum INN",97 mg/103 mg,56 stk.,Filmuhúðuð tafla,466739,C09DX04,Novartis Europharm Limited*,Vistor hf,2024-12-13,2024-12-20,2024-12-04,resolved,Aðrar pakkningastærðir eru á markaði / fáanlegar.,2026-09-23T20:59:59.389995,141011
IS,Iceland,Lyfjastofnun,Cinacalcet WH,Cinacalcetum INN hýdróklóríð,30 mg,28 stk.,Filmuhúðuð tafla,563527,H05BX01,Williams & Halls ehf.,,2024-12-13,2025-02-28,2024-11-22,resolved,Samheitalyf er á markaði / fáanlegt.,2026-09-23T20:59:59.390530,77100
IS,Iceland,Lyfjastofnun,Terrosa,Teriparatidum INN,20 míkróg/80 míkról,28 skammtar,"Stungulyf, lausn",390113,H05AA02,Gedeon Richter Plc.*,,2024-12-12,2025-04-16,2024-09-24,resolved,Samheitalyf er á markaði / fáanlegt. Terrosa er nú útskiptanlegt fyrir Forsteo. Ekki er um sama lyfjaform að ræða - vinsamlega athugið það.,2026-09-23T20:59:59.391061,
IS,Iceland,Lyfjastofnun,Soluprick Negativ kontrol,Water for injection,,2 ml,"Húðstungupróf, lausn",024603,V04CL,ALK-Abelló A/S,Vistor hf,2024-12-12,2025-01-08,2024-12-10,resolved,Ekkert sambærilegt lyf er á markaði / fáanlegt.,2026-09-23T20:59:59.391607,
IS,Iceland,Lyfjastofnun,Metojectpen,Methotrexatum INN,15 mg,15 mg,"Stungulyf, lausn í áfylltum lyfjapenna",068903,L04AX03,medac Gesellschaft für klinische Spezialpräparate GmbH,,2024-12-11,2024-12-23,2024-12-10,resolved,Aðrir styrkleikar eru á markaði / fáanlegir.,2026-09-23T20:59:59.392133,141453
IS,Iceland,Lyfjastofnun,Alkindi,Hydrocortisonum INN,2 mg,50 stk.,Kyrni í hylki sem á að opna,467473,H02AB09,Immedica Pharma AB,,2024-12-11,2025-01-16,2024-12-11,resolved,Aðrir styrkleikar eru á markaði / fáanlegir.,2026-09-23T20:59:59.392671,214132
IS,Iceland,Lyfjastofnun,Darunavir Medical Valley,Darunavir propylene glycolate,800 mg,30 stk.,Filmuhúðuð tafla,402141,J05AE10,Medical Valley Invest AB,,2024-12-10,2025-08-01,2024-12-10,resolved,Undanþágulyf hefur verið útvegað.,2026-09-23T20:59:59.393213,167398
IS,Iceland,Lyfjastofnun,Pergoveris,"Lutropinum alfa INN, Follitropinum alfa INN","(900 a.e. + 450 a.e.)/1,44 ml","1,44 ml","Stungulyf, lausn í áfylltum lyfjapenna",467646,G03GA30,Merck Europe B.V.*,Icepharma hf.*,2024-12-10,2024-12-22,2024-12-10,resolved,Aðrir styrkleikar eru á markaði / fáanlegir.,2026-09-23T20:59:59.393769,148679
IS,Iceland,Lyfjastofnun,Dexavit,Dexamethasonum INN natríumfosfat,4 mg/ml,5 ml,"Stungulyf/innrennslislyf, lausn",519162,H02AB02,XGX Pharma ApS,,2024-12-10,2025-01-08,2024-12-10,resolved,Aðrar pakkningastærðir eru á markaði / fáanlegar.,2026-09-23T20:59:59.394305,167398
IS,Iceland,Lyfjastofnun,Differin,Adapalenum INN,1 mg/g,60 g,Hlaup,021053,D10AD03,Galderma Nordic AB*,Icepharma hf,2024-12-10,2025-02-13,2024-11-27,resolved,Ekki til lyf með sama ATC númer en sambærilegt lyf í sama flokki er á markaði / fáanlegt.,2026-09-23T20:59:59.394851,118397
IS,Iceland,Lyfjastofnun,Xarelto,Rivaroxabanum INN,15 mg,98 stk.,Filmuhúðuð tafla,549674,B01AF01,Bayer AG*,Icepharma hf,2024-12-10,2025-02-17,2024-11-29,resolved,Aðrar pakkningastærðir eru á markaði / fáanlegar.,2026-09-23T20:59:59.395398,100145
IS,Iceland,Lyfjastofnun,Estrofem,Estradiol hemihydrate,1 mg,28 stk.,Filmuhúðuð tafla,154377,G03CA03,Novo Nordisk A/S*,Vistor hf,2024-12-10,2024-12-16,2024-12-03,resolved,Aðrir styrkleikar og lyfjaform eru á markaði / fáanlegir.,2026-09-23T20:59:59.395951,
IS,Iceland,Lyfjastofnun,Entresto,"Sacubitrilum INN, Valsartanum INN",97 mg/103 mg,56 stk.,Filmuhúðuð tafla,466739,C09DX04,Novartis Europharm Limited*,Vistor hf,2024-12-09,2024-12-20,2024-12-09,resolved,Aðrar pakkningastærðir eru á markaði / fáanlegar.,2026-09-23T20:59:59.396509,141011
IS,Iceland,Lyfjastofnun,Omnitrope,Somatropinum INN,"15 mg/1,5 ml","1,5 ml","Stungulyf, lausn í rörlykju",524719,H01AC01,Sandoz GmbH*,Sandoz A/S*,2024-12-09,2024-12-12,2024-11-15,resolved,Aðrar pakkningastærðir eru á markaði / fáanlegar.,2026-09-23T20:59:59.397059,2267
IS,Iceland,Lyfjastofnun,Fucidin,Acidum fusidicum INN,20 mg/g,15 g,Krem,436410,D06AX01,LEO Pharma A/S*,Vistor hf,2024-12-09,2025-01-28,2024-11-12,resolved,Önnur lyfjaform eru á markaði / fáanleg.,2026-09-23T20:59:59.397611,16705
IS,Iceland,Lyfjastofnun,Fasturtec,Rasburicasum INN,"1,5 mg/ml","1,5 mg","Stofn og leysir fyrir innrennslisþykkni, lausn",003775,V03AF07,Sanofi Winthrop Industrie,Vistor hf,2024-12-09,2024-12-20,2024-12-02,resolved,Ekkert sambærilegt lyf er á markaði / fáanlegt.,2026-09-23T20:59:59.398174,59056
IS,Iceland,Lyfjastofnun,Methotrexat Ebewe,Methotrexatum INN,100 mg/ml,50 ml,"Innrennslisþykkni, lausn",493639,L01BA01,EBEWE Pharma Ges.m.b.H.Nfg. KG,Sandoz A/S*,2024-12-09,2024-12-16,2024-11-12,resolved,Aðrar pakkningastærðir eru á markaði / fáanlegar.,2026-09-23T20:59:59.398779,120081
IS,Iceland,Lyfjastofnun,Dupixent,Dupilumabum INN,300 mg,2 ml,"Stungulyf, lausn í áfylltri sprautu",132633,D11AH05,Sanofi Winthrop Industrie,Vistor hf,2024-12-09,2024-12-20,2024-12-02,resolved,Önnur lyfjaform eru á markaði / fáanleg.,2026-09-23T20:59:59.399334,59056
IS,Iceland,Lyfjastofnun,Jakavi,Ruxolitinibum INN fosfat,10 mg,56 stk.,Tafla,106390,L01EJ01,Novartis Europharm Limited*,Vistor hf,2024-12-09,2024-12-16,2024-12-09,resolved,Aðrir styrkleikar eru á markaði / fáanlegir.,2026-09-23T20:59:59.399901,79952
IS,Iceland,Lyfjastofnun,Ilaris,Canakinumabum INN,150 mg,1 ml,"Stungulyf, lausn",444260,L04AC08,Novartis Europharm Limited*,Vistor hf,2024-12-09,2024-12-16,2024-12-09,resolved,Ekki til lyf með sama ATC númer en sambærilegt lyf í sama flokki er á markaði / fáanlegt.,2026-09-23T20:59:59.400451,142794
IS,Iceland,Lyfjastofnun,Stalevo,"Entacaponum INN, Levodopum INN, Carbidopum INN","150/37,5/200 mg",100 stk.,Filmuhúðuð tafla,015663,N04BA03,Orion Corporation,Vistor hf,2024-12-08,2024-12-10,2024-12-02,resolved,Samheitalyf er á markaði / fáanlegt.,2026-09-23T20:59:59.401001,72680
IS,Iceland,Lyfjastofnun,Omnitrope,Somatropinum INN,"15 mg/1,5 ml","1,5 ml","Stungulyf, lausn í rörlykju",524719,H01AC01,Sandoz GmbH*,Sandoz A/S*,2024-12-06,2024-12-06,2024-11-28,resolved,Aðrar pakkningastærðir eru á markaði / fáanlegar.,2026-09-23T20:59:59.401544,2267
IS,Iceland,Lyfjastofnun,Reagila,Cariprazinum INN hýdróklóríð,"1,5 mg",28 stk.,Hart hylki,168071,N05AX15,Gedeon Richter Plc.*,Recordati AB,2024-12-06,2024-12-10,2024-11-21,resolved,Aðrir styrkleikar eru á markaði / fáanlegir.,2026-09-23T20:59:59.402090,159123
IS,Iceland,Lyfjastofnun,Depo-Medrol,Methylprednisolonum INN acetat,40 mg/ml,1 ml,"Stungulyf, dreifa",189522,H02AB04,Pfizer ApS,Icepharma hf.*,2024-12-06,2025-03-12,2024-11-18,resolved,Aðrir styrkleikar eru á markaði / fáanlegir.,2026-09-23T20:59:59.402643,2267
IS,Iceland,Lyfjastofnun,Nasonex,Mometasonum INN fúróat,50 míkróg/skammt,140 skammtar,"Nefúði, dreifa",379158,R01AD09,N.V. Organon*,Vistor hf,2024-12-06,2024-12-10,2024-11-14,resolved,Samheitalyf er á markaði / fáanlegt.,2026-09-23T20:59:59.403199,52434
IS,Iceland,Lyfjastofnun,Metojectpen,Methotrexatum INN,10 mg,10 mg,"Stungulyf, lausn í áfylltum lyfjapenna",381056,L04AX03,medac Gesellschaft für klinische Spezialpräparate GmbH,,2024-12-05,2024-12-10,2024-11-21,resolved,Aðrir styrkleikar og lyfjaform eru á markaði / fáanlegir.,2026-09-23T20:59:59.403719,52434
IS,Iceland,Lyfjastofnun,Reagila,Cariprazinum INN hýdróklóríð,3 mg,28 stk.,Hart hylki,517228,N05AX15,Gedeon Richter Plc.*,Recordati AB,2024-12-05,2024-12-10,2024-12-05,resolved,Aðrir styrkleikar eru á markaði / fáanlegir.,2026-09-23T20:59:59.404262,159131
IS,Iceland,Lyfjastofnun,Gabagen,Gabapentinum INN,300 mg,100 stk.,Hart hylki,408314,N02BF01,Alvogen ehf.,,2024-12-05,2025-08-15,2024-11-18,resolved,Samheitalyf er á markaði / fáanlegt.,2026-09-23T20:59:59.404786,52825
IS,Iceland,Lyfjastofnun,Valaciclovir Bluefish,Valaciclovirum INN hýdróklóríð,500 mg,90 stk.,Filmuhúðuð tafla,152687,J05AB11,Bluefish Pharmaceuticals AB,Artasan ehf,2024-12-05,2024-12-09,2024-12-03,resolved,Aðrar pakkningastærðir eru á markaði / fáanlegar.,2026-09-23T20:59:59.405331,42080
IS,Iceland,Lyfjastofnun,Engerix B,HEPATITIS B SURFACE ANTIGEN,,1 ml,"Stungulyf, dreifa",004613,J07BC01,GlaxoSmithKline Pharma A/S,Vistor hf,2024-12-04,2025-01-10,2024-12-02,resolved,Aðrir styrkleikar eru á markaði / fáanlegir.,2026-09-23T20:59:59.405872,48321
IS,Iceland,Lyfjastofnun,Votrient,Pazopanibum INN hýdróklóríð,200 mg,90 stk.,Filmuhúðuð tafla,093072,L01EX03,Novartis Europharm Limited*,Vistor hf,2024-12-03,2024-12-16,2024-12-03,resolved,Aðrir styrkleikar eru á markaði / fáanlegir.,2026-09-23T20:59:59.406418,100129
IS,Iceland,Lyfjastofnun,Paratabs,Paracetamolum INN,500 mg,100 stk.,Filmuhúðuð tafla,102173,N02BE01,Teva B.V.*,Teva Pharma Iceland ehf.*,2024-12-03,2024-12-13,2024-11-26,resolved,Samheitalyf er á markaði / fáanlegt.,2026-09-23T20:59:59.406966,67903
IS,Iceland,Lyfjastofnun,Ceftazidim Fresenius Kabi,Ceftazidime pentahydrate,1000 mg,1 g,"Stungulyfsstofn, lausn",049879,J01DD02,Fresenius Kabi AB,,2024-12-03,2025-02-28,2024-12-03,resolved,Samheitalyf er á markaði / fáanlegt.,2026-09-23T20:59:59.407501,48933
IS,Iceland,Lyfjastofnun,Twinrix Adult,"Hepatitis A veira (dauð), Hepatitis B veira",,1 ml,"Stungulyf, dreifa í áfylltri sprautu",170092,J07BC20,GlaxoSmithKline Biologicals S.A.*,Vistor hf,2024-12-03,2025-01-10,2024-12-03,resolved,Aðrir styrkleikar eru á markaði / fáanlegir.,2026-09-23T20:59:59.408045,48933
IS,Iceland,Lyfjastofnun,Atropin Viatris,,"0,5 mg/ml",1 ml,"Stungulyf, lausn",130591,A03BA01,Viatris Limited,Icepharma hf,2024-12-02,2024-12-02,2024-09-04,afskráning,Undanþágulyf hefur verið útvegað.,2026-09-23T20:59:59.408626,21342
IS,Iceland,Lyfjastofnun,Dailiport,Tacrolimusum INN mónohýdrat,5 mg,50x1 stk.,Hart forðahylki,040982,L04AD02,Sandoz A/S,,2024-12-01,2024-12-16,2024-11-15,resolved,Aðrir styrkleikar eru á markaði / fáanlegir.,2026-09-23T20:59:59.409148,96172
IS,Iceland,Lyfjastofnun,Metoprolol Alvogen,Metoprololum INN súkkínat,190 mg,100 stk.,Forðatafla,114505,C07AB02,Alvogen ehf.,,2024-12-01,2025-02-13,2024-12-03,resolved,Aðrir styrkleikar og/eða samheitalyf eru á markaði / fáanlegir.,2026-09-23T20:59:59.409670,26204
IS,Iceland,Lyfjastofnun,Cefuroxim Fresenius Kabi,Cefuroximum INN natríum,1500 mg,20 ml,"Stungulyfs-/innrennslisstofn, lausn",079142,J01DC02,Fresenius Kabi AB,,2024-12-01,2024-12-10,2024-11-27,resolved,Aðrir styrkleikar eru á markaði / fáanlegir.,2026-09-23T20:59:59.410187,214396
IS,Iceland,Lyfjastofnun,Menopur,Menotropinum INN,1200 a.e.,1 stk.,"Stungulyf, lausn í áfylltum lyfjapenna",169281,G03GA02,Ferring Lægemidler A/S,,2024-12-01,2024-12-03,2024-11-22,resolved,Aðrir styrkleikar eru á markaði / fáanlegir.,2026-09-23T20:59:59.410713,
IS,Iceland,Lyfjastofnun,Natriumklorid Baxter Viaflo,Sodium chloride,9 mg/ml,1000 ml,"Innrennslislyf, lausn",580960,B05BB01,Baxter Medical AB*,Icepharma hf,2024-12-01,2025-04-22,2024-11-06,resolved,Aðrar pakkningastærðir eru á markaði / fáanlegar.,2026-09-23T20:59:59.411249,27960
IS,Iceland,Lyfjastofnun,Addex-Magnesium,Magnesii sulfas,1 mmól/ml,10 ml,"Innrennslisþykkni, lausn",035113,B05XA05,Fresenius Kabi AB,Vistor hf,2024-12-01,2024-12-10,2024-11-27,resolved,Ekkert sambærilegt lyf er á markaði / fáanlegt.,2026-09-23T20:59:59.411790,
IS,Iceland,Lyfjastofnun,Marbodin,Memantinum INN hýdróklóríð,20 mg,28 stk.,Filmuhúðuð tafla,483903,N06DX01,STADA Arzneimittel AG,,2024-12-01,2025-01-14,2025-01-03,resolved,Aðrar pakkningastærðir eru á markaði / fáanlegar.,2026-09-23T20:59:59.412308,87912
IS,Iceland,Lyfjastofnun,Immex,Loperamidum INN hýdróklóríð,2 mg,12 stk.,Frostþurrkuð tafla,561549,A07DA03,Tenshi Kaizen B.V.*,Alvogen ehf.,2024-11-30,2025-01-31,2024-12-16,resolved,Samheitalyf er á markaði / fáanlegt.,2026-09-23T20:59:59.412842,85391
IS,Iceland,Lyfjastofnun,Ondansetron Bluefish,Ondansetronum INN hýdróklóríð,4 mg,50 stk.,Filmuhúðuð tafla,374672,A04AA01,Bluefish Pharmaceuticals AB,Artasan ehf,2024-11-29,2025-04-04,2024-11-29,resolved,Aðrar pakkningastærðir eru á markaði / fáanlegar.,2026-09-23T20:59:59.413377,31496
IS,Iceland,Lyfjastofnun,Enerzair Breezhaler,"Mometasonum INN fúróat, Indacaterolum INN acetat, Glycopyrronii bromidum INN",114 míkróg/46 míkróg/136 míkróg,30x1 stk.,"Innöndunarduft, hart hylki",580713,R03AL12,Novartis Europharm Limited*,Vistor hf,2024-11-29,2024-12-16,2024-11-29,resolved,Aðrar pakkningastærðir eru á markaði / fáanlegar.,2026-09-23T20:59:59.413914,205117
IS,Iceland,Lyfjastofnun,Arixtra,Fondaparinux natríum,"7,5 mg/0,6 ml","0,6 ml","Stungulyf, lausn í áfylltri sprautu",403966,B01AX05,Viatris Healthcare Limited,Icepharma hf.*,2024-11-29,2025-02-27,2024-12-18,resolved,Aðrir styrkleikar eru á markaði / fáanlegir.,2026-09-23T20:59:59.414457,228044
IS,Iceland,Lyfjastofnun,Trimbow,"Glycopyrronii bromidum INN, Formoterolum INN fúmarat, Beclometasonum INN díprópíónat",88 míkróg/5 míkróg/9 míkróg,120 skammtar,Innöndunarduft,406045,R03AL09,Chiesi Farmaceutici S.p.A.*,Chiesi Pharma AB,2024-11-28,2024-12-04,2024-11-21,resolved,Aðrir styrkleikar eru á markaði / fáanlegir.,2026-09-23T20:59:59.414996,210749
IS,Iceland,Lyfjastofnun,Azyter,Azithromycinum INN díhýdrat,15 mg/g,"0,25 g","Augndropar, lausn í stakskammtaíláti",151737,S01AA26,Laboratoires THEA S.A.S.,,2024-11-28,2024-12-17,2024-11-21,resolved,Ekki til lyf með sama ATC númer en sambærilegt lyf í sama flokki er á markaði / fáanlegt.,2026-09-23T20:59:59.415530,89451
IS,Iceland,Lyfjastofnun,Ceftriaxona Normon,Ceftriaxonum INN dínatríum,1000 mg,1 stk.,"Stungulyfs-/innrennslisstofn og leysir, lausn",592068,J01DD04,"Laboratorios Normon, S.A.",,2024-11-28,2025-03-14,2024-11-27,resolved,Aðrar pakkningastærðir eru á markaði / fáanlegar.,2026-09-23T20:59:59.416048,69884
IS,Iceland,Lyfjastofnun,Hypotron,Midodrinum INN hýdróklóríð,"2,5 mg",100 stk.,Tafla,469899,C01CA17,Brancaster Pharma Ireland Ltd.,,2024-11-28,2024-12-02,2024-11-20,resolved,Aðrir styrkleikar eru á markaði / fáanlegir.,2026-09-23T20:59:59.416568,50717
IS,Iceland,Lyfjastofnun,Cozaar Comp Forte,"Losartanum INN kalíum, Hydrochlorothiazide",100/25 mg,98 stk.,Filmuhúðuð tafla,003023,C09DA01,N.V. Organon*,Vistor hf,2024-11-28,2024-12-04,2024-11-21,resolved,Aðrir styrkleikar eru á markaði / fáanlegir.,2026-09-23T20:59:59.417111,69302
IS,Iceland,Lyfjastofnun,Natriumklorid Fresenius Kabi,Sodium chloride,9 mg/ml,250 ml,"Innrennslislyf, lausn",537465,B05BB01,Fresenius Kabi AB,Vistor hf,2024-11-27,2025-02-20,2024-11-27,resolved,Aðrar pakkningastærðir eru á markaði / fáanlegar.,2026-09-23T20:59:59.417658,27170
IS,Iceland,Lyfjastofnun,Ocaliva,,5 mg,30 stk.,Filmuhúðuð tafla,373887,A05AA04,ADVANZ PHARMA Limited,Abcur AB*,2024-11-27,2025-01-01,2024-12-04,afskráning,Ekkert sambærilegt lyf er á markaði / fáanlegt.,2026-09-23T20:59:59.418200,
IS,Iceland,Lyfjastofnun,Ocaliva,,10 mg,30 stk.,Filmuhúðuð tafla,405200,A05AA04,ADVANZ PHARMA Limited,Abcur AB*,2024-11-27,2025-01-01,2024-12-04,afskráning,Ekkert sambærilegt lyf er á markaði / fáanlegt.,2026-09-23T20:59:59.418785,
IS,Iceland,Lyfjastofnun,Sitagliptin Zentiva,,25 mg,98 stk.,Filmuhúðuð tafla,465618,A10BH01,Zentiva k.s.*,,2024-11-26,2025-01-01,2024-12-02,afskráning,Samheitalyf er á markaði / fáanlegt.,2026-09-23T20:59:59.419321,218103
IS,Iceland,Lyfjastofnun,Betmiga,Mirabegronum INN,25 mg,90 stk.,Forðatafla,595198,G04BD12,Astellas Pharma Europe B.V.,Vistor hf,2024-11-26,2024-11-28,2024-11-21,resolved,Samheitalyf er á markaði / fáanlegt.,2026-09-23T20:59:59.419881,
IS,Iceland,Lyfjastofnun,Metojectpen,Methotrexatum INN,15 mg,15 mg,"Stungulyf, lausn í áfylltum lyfjapenna",068903,L04AX03,medac Gesellschaft für klinische Spezialpräparate GmbH,,2024-11-26,2024-12-10,2024-11-26,resolved,Aðrir styrkleikar eru á markaði / fáanlegir.,2026-09-23T20:59:59.420430,141453
IS,Iceland,Lyfjastofnun,Relvar Ellipta,"Fluticasonum INN fúróat, Vilanterolum INN trífenatat",184 míkróg/22 míkróg,30 skammtar,"Innöndunarduft, afmældir skammtar",376387,R03AK10,GlaxoSmithKline Trading Services Limited,Vistor hf,2024-11-25,2024-12-04,2024-11-11,resolved,Aðrir styrkleikar eru á markaði / fáanlegir.,2026-09-23T20:59:59.420980,125342
IS,Iceland,Lyfjastofnun,Amoxicillin Sandoz,Amoxicillinum INN tríhýdrat,100 mg/ml,60 ml,"Mixtúruduft, dreifa",014147,J01CA04,Sandoz A/S*,,2024-11-25,2024-12-05,2024-11-12,resolved,Undanþágulyf hefur verið útvegað.,2026-09-23T20:59:59.421556,
IS,Iceland,Lyfjastofnun,Salmeterol/Fluticasone Neutec,"Salmeterolum INN xínafóat, Fluticasonum INN própíónat",50 míkróg/250 míkróg/skammt,60 skammtar,"Innöndunarduft, afmældir skammtar",557239,R03AK06,Neutec Inhaler Ireland Limited,,2024-11-25,2100-12-31,2024-11-11,shortage,Samheitalyf er á markaði / fáanlegt.,2026-09-23T20:59:59.422125,206342
IS,Iceland,Lyfjastofnun,Logimax,"Metoprololum INN súkkínat, Felodipinum INN",5 mg + 50 mg,98 stk.,Forðatafla,439489,C07FB02,Recordati Ireland Limited*,Recordati AB,2024-11-25,2024-12-03,2024-11-14,resolved,Aðrir styrkleikar eru á markaði / fáanlegir.,2026-09-23T20:59:59.422696,
IS,Iceland,Lyfjastofnun,Xarelto,Rivaroxabanum INN,10 mg,98 stk.,Filmuhúðuð tafla,480750,B01AF01,Bayer AG*,Icepharma hf,2024-11-25,2025-01-27,2024-11-06,resolved,Aðrar pakkningastærðir eru á markaði / fáanlegar.,2026-09-23T20:59:59.423255,88862
IS,Iceland,Lyfjastofnun,Klexane,Enoxaparinum natricum INN,áfyllt sprauta 100 mg/ml,1 ml,"Stungulyf, lausn",374603,B01AB05,Sanofi-aventis Norge AS,Vistor hf,2024-11-25,2024-11-26,2024-11-11,resolved,Aðrir styrkleikar eru á markaði / fáanlegir.,2026-09-23T20:59:59.423806,146668
IS,Iceland,Lyfjastofnun,Flixotide,Fluticasonum INN própíónat,50 míkróg/skammt,120 skammtar,"Innúðalyf, dreifa",162933,R03BA05,GlaxoSmithKline Pharma A/S,Vistor hf,2024-11-24,2024-12-02,2024-11-22,resolved,Aðrir styrkleikar eru á markaði / fáanlegir.,2026-09-23T20:59:59.424353,27170
IS,Iceland,Lyfjastofnun,Janumet,"Sitagliptinum INN fosfat mónóhýdrat, Metforminum INN hýdróklóríð",50 mg/1000 mg,196 stk.,Filmuhúðuð tafla,028121,A10BD07,Merck Sharp & Dohme B.V.*,Vistor hf,2024-11-24,2024-11-26,2024-11-14,resolved,Aðrar pakkningastærðir eru á markaði / fáanlegar.,2026-09-23T20:59:59.424891,218154
IS,Iceland,Lyfjastofnun,Hydroxyurea medac,Hydroxycarbamidum INN,500 mg,100 stk.,Hart hylki,464545,L01XX05,medac Gesellschaft für klinische Spezialpräparate GmbH,,2024-11-23,2024-11-25,2024-11-14,resolved,Ekkert sambærilegt lyf er á markaði / fáanlegt.,2026-09-23T20:59:59.425416,24856
IS,Iceland,Lyfjastofnun,Sitagliptin/Metformin Zentiva,,50 mg/1000 mg,56 stk.,Filmuhúðuð tafla,139399,A10BD07,Zentiva k.s.*,,2024-11-23,2026-04-01,2024-09-24,afskráning,Samheitalyf er á markaði / fáanlegt.,2026-09-23T20:59:59.425942,218154
IS,Iceland,Lyfjastofnun,Gabapenstad,Gabapentinum INN,400 mg,100 stk.,Hart hylki,586005,N02BF01,STADA Arzneimittel AG,,2024-11-22,2024-11-28,2024-11-22,resolved,Aðrar pakkningastærðir eru á markaði / fáanlegar.,2026-09-23T20:59:59.426472,52833
IS,Iceland,Lyfjastofnun,Wellbutrin Retard,Bupropionum INN hýdróklóríð,300 mg,30 stk.,Tafla með breyttan losunarhraða,080524,N06AX12,GlaxoSmithKline Pharma A/S,Vistor hf,2024-11-22,2024-12-02,2024-11-22,resolved,Samheitalyf er á markaði / fáanlegt.,2026-09-23T20:59:59.427012,82899
IS,Iceland,Lyfjastofnun,Glucos Fresenius Kabi,Glucosum,50 mg/ml,500 ml,"Innrennslislyf, lausn",164256,B05BA03,Fresenius Kabi AB,Vistor hf,2024-11-22,2024-12-10,2024-11-22,resolved,Aðrar pakkningastærðir eru á markaði / fáanlegar.,2026-09-23T20:59:59.427549,23361
IS,Iceland,Lyfjastofnun,Flixotide,Fluticasonum INN própíónat,250 míkróg/skammt,120 skammtar,"Innúðalyf, dreifa",470385,R03BA05,GlaxoSmithKline Pharma A/S,Vistor hf,2024-11-22,2024-12-02,2024-11-22,resolved,Aðrir styrkleikar eru á markaði / fáanlegir.,2026-09-23T20:59:59.428087,75159
IS,Iceland,Lyfjastofnun,Sevoflurane Baxter,Sevofluranum INN,100 %,250 ml,"Innöndunargufa, vökvi",023608,N01AB08,Baxter Medical AB*,Icepharma hf,2024-11-22,2024-12-19,2024-11-21,resolved,Samheitalyf er á markaði / fáanlegt.,2026-09-23T20:59:59.428667,
IS,Iceland,Lyfjastofnun,Levemir Penfill,Insulinum detemirum INN,100 ein./ml,3 ml,"Stungulyf, lausn í rörlykju",015448,A10AE05,Novo Nordisk A/S*,Vistor hf,2024-11-22,2024-12-16,2024-11-25,resolved,Önnur lyfjaform eru á markaði / fáanleg.,2026-09-23T20:59:59.429216,35726
IS,Iceland,Lyfjastofnun,Jext,Adrenalinum bítartrat (Epinephrinum INN bítartrat),300 míkróg,"0,3 ml","Stungulyf, lausn í áfylltum lyfjapenna",183660,C01CA24,ALK-Abelló A/S,Vistor hf,2024-11-22,2024-12-18,2024-11-19,resolved,Aðrir styrkleikar og lyfjaform eru á markaði / fáanlegir.,2026-09-23T20:59:59.429761,218111
IS,Iceland,Lyfjastofnun,Vagidonna,Estradiol,10 míkróg,18 stk.,Leggangatafla,026359,G03CA03,Sandoz A/S*,,2024-11-20,2100-12-31,2024-11-15,shortage,"Lyfið er ekki til á lager þar sem pakkningin með þessu vörunúmeri er hætt, lyfið er fáanlegt í annarri pakkningu. Lyfið er komið með nýtt vörunúmer 564927",2026-09-23T20:59:59.430284,
IS,Iceland,Lyfjastofnun,Lipistad,Atorvastatin INN kalsíum tríhýdrat,20 mg,100 stk.,Filmuhúðuð tafla,166277,C10AA05,STADA Arzneimittel AG,,2024-11-20,2025-01-06,2024-11-14,resolved,Samheitalyf er á markaði / fáanlegt.,2026-09-23T20:59:59.430812,98612
IS,Iceland,Lyfjastofnun,Omnipaque,Iohexolum INN,300 mg J/ml,50 ml,"Stungulyf, lausn",019099,V08AB02,GE Healthcare AS,Icepharma hf,2024-11-19,2025-02-03,2024-11-19,resolved,Aðrar pakkningastærðir eru á markaði / fáanlegar.,2026-09-23T20:59:59.431362,18481
IS,Iceland,Lyfjastofnun,Sandostatin,Octreotidum INN,50 míkróg/ml,1 ml,"Stungulyf, lausn",057455,H01CB02,Novartis Healthcare A/S,Vistor hf,2024-11-19,2024-12-16,2024-12-03,resolved,Aðrir styrkleikar eru á markaði / fáanlegir.,2026-09-23T20:59:59.431904,27502
IS,Iceland,Lyfjastofnun,Fortum,Ceftazidimum INN,2 g,2 g,"Stungulyfs-/innrennslisstofn, lausn",086231,J01DD02,Sandoz A/S,,2024-11-19,2024-12-15,2024-11-19,resolved,Aðrir styrkleikar og/eða samheitalyf eru á markaði / fáanlegir.,2026-09-23T20:59:59.432433,22209
IS,Iceland,Lyfjastofnun,Alvofen Express,Ibuprofenum INN,400 mg,50 stk.,Mjúkt hylki,427075,M01AE01,Alvogen ehf.,,2024-11-19,2025-03-01,2024-11-06,resolved,Önnur lyfjaform eru á markaði / fáanleg.,2026-09-23T20:59:59.432978,69248
IS,Iceland,Lyfjastofnun,Ceftazidim Fresenius Kabi,Ceftazidime pentahydrate,2000 mg,2 g,"Stungulyfs-/innrennslisstofn, lausn",049891,J01DD02,Fresenius Kabi AB,,2024-11-19,2024-12-10,2024-11-19,resolved,Aðrir styrkleikar og pakkningastærðir eru á markaði / fáanlegir.,2026-09-23T20:59:59.433505,82899
IS,Iceland,Lyfjastofnun,Dupixent,Dupilumabum INN,300 mg,2 ml,"Stungulyf, lausn í áfylltri sprautu",132633,D11AH05,Sanofi Winthrop Industrie,Vistor hf,2024-11-18,2024-11-26,2024-11-18,resolved,Aðrar pakkningastærðir eru á markaði / fáanlegar.,2026-09-23T20:59:59.434046,59056
IS,Iceland,Lyfjastofnun,Wegovy,Semaglutidum INN,"1,7 mg FlexTouch",3 ml,"Stungulyf, lausn í áfylltum lyfjapenna",409687,A10BJ06,Novo Nordisk A/S*,,2024-11-18,2024-11-25,2024-11-07,resolved,Aðrir styrkleikar eru á markaði / fáanlegir.,2026-09-23T20:59:59.434569,223816
IS,Iceland,Lyfjastofnun,Metojectpen,Methotrexatum INN,"7,5 mg","7,5 mg","Stungulyf, lausn í áfylltum lyfjapenna",100260,L04AX03,medac Gesellschaft für klinische Spezialpräparate GmbH,,2024-11-18,2024-12-10,2024-11-18,resolved,Aðrir styrkleikar eru á markaði / fáanlegir.,2026-09-23T20:59:59.435097,73431
IS,Iceland,Lyfjastofnun,Rabeprazol Krka,Rabeprazolum INN natríum,10 mg,28 stk.,Magasýruþolin tafla,372780,A02BC04,KRKA d.d. Novo mesto,,2024-11-18,2025-02-18,2024-11-01,resolved,Aðrar pakkningastærðir eru á markaði / fáanlegar.,2026-09-23T20:59:59.435627,54860
IS,Iceland,Lyfjastofnun,Vemlidy,Tenofovirum alafenamidum INN fúmarat,25 mg,30 stk.,Filmuhúðuð tafla,069912,J05AF13,Gilead Sciences Ireland UC*,,2024-11-16,2024-11-18,2024-11-12,resolved,Ekkert sambærilegt lyf er á markaði / fáanlegt.,2026-09-23T20:59:59.436176,143197
IS,Iceland,Lyfjastofnun,Sandostatin LAR,Octreotidum INN,20 mg,20 mg,"Stungulyfsstofn og leysir, dreifa",379677,H01CB02,Novartis Healthcare A/S,Vistor hf,2024-11-16,2024-11-18,2024-11-13,resolved,Aðrir styrkleikar eru á markaði / fáanlegir.,2026-09-23T20:59:59.436720,70459
IS,Iceland,Lyfjastofnun,Citanest Dental Octapressin,"Prilocainum INN hýdróklóríð, Felypressinum INN","30 mg + 0,54 míkróg/ ml","1,8 ml","Stungulyf, lausn",009905,N01BB54,DENTSPLY DeTrey GmbH*,Vistor hf,2024-11-15,2025-06-04,2024-11-14,resolved,Aðrar pakkningastærðir eru á markaði / fáanlegar.,2026-09-23T20:59:59.437263,61603
IS,Iceland,Lyfjastofnun,Cozaar,Losartanum INN kalíum,100 mg,98 stk.,Filmuhúðuð tafla,006928,C09CA01,N.V. Organon*,Vistor hf,2024-11-14,2024-12-04,2024-11-14,resolved,Samheitalyf er á markaði / fáanlegt.,2026-09-23T20:59:59.437824,60569
IS,Iceland,Lyfjastofnun,REZOLSTA,"Darunavirum INN ethanólat, Cobicistatum INN",800 mg/150 mg,30 stk.,Filmuhúðuð tafla,141015,J05AR14,Janssen-Cilag International NV*,Vistor hf,2024-11-14,2024-11-18,2024-11-14,resolved,Ekki til lyf með sama ATC númer en sambærilegt lyf í sama flokki er á markaði / fáanlegt.,2026-09-23T20:59:59.438374,201677
IS,Iceland,Lyfjastofnun,Zovirax,Aciclovirum INN,80 mg/ml,100 ml,"Mixtúra, dreifa",044560,J05AB01,GlaxoSmithKline Pharma A/S,Vistor hf,2024-11-13,2024-12-04,2024-11-11,resolved,Önnur lyfjaform eru á markaði / fáanleg.,2026-09-23T20:59:59.438954,
IS,Iceland,Lyfjastofnun,Risperdal Consta,Risperidonum INN,50 mg,50 mg,"Stungulyfsstofn og leysir, forðadreifa",599462,N05AX08,Janssen-Cilag AB,Vistor hf,2024-11-13,2024-11-13,2024-10-28,resolved,Aðrir styrkleikar og/eða samheitalyf eru á markaði / fáanlegir.,2026-09-23T20:59:59.439506,68284
IS,Iceland,Lyfjastofnun,Travatan,Travoprostinum INN,40 míkróg/ml,"2,5 ml","Augndropar, lausn",517180,S01EE04,Novartis Europharm Limited*,Vistor hf,2024-11-13,2024-11-18,2024-11-13,resolved,Aðrar pakkningastærðir eru á markaði / fáanlegar.,2026-09-23T20:59:59.440059,206431
IS,Iceland,Lyfjastofnun,Aldara,Imiquimodum INN,5 %,250 mg,Krem,452862,D06BB10,Viatris Healthcare Limited,Icepharma hf.*,2024-11-13,2024-11-26,2024-11-14,resolved,Ekkert sambærilegt lyf er á markaði / fáanlegt.,2026-09-23T20:59:59.440612,55050
IS,Iceland,Lyfjastofnun,Entresto,"Sacubitrilum INN, Valsartanum INN",97 mg/103 mg,56 stk.,Filmuhúðuð tafla,466739,C09DX04,Novartis Europharm Limited*,Vistor hf,2024-11-13,2024-11-18,2024-11-13,resolved,Aðrar pakkningastærðir eru á markaði / fáanlegar.,2026-09-23T20:59:59.441153,141011
IS,Iceland,Lyfjastofnun,Sitagliptin/Metformin Krka,"Sitagliptinum INN, Metforminum INN hýdróklóríð",50 mg/850 mg,196 stk.,Filmuhúðuð tafla,153199,A10BD07,"Krka, d.d., Novo mesto",,2024-11-13,2024-12-13,2024-11-14,resolved,Samheitalyf er á markaði / fáanlegt.,2026-09-23T20:59:59.441677,218162
IS,Iceland,Lyfjastofnun,Entresto,"Sacubitrilum INN, Valsartanum INN",49 mg/51 mg,56 stk.,Filmuhúðuð tafla,577135,C09DX04,Novartis Europharm Limited*,Vistor hf,2024-11-13,2024-11-18,2024-11-13,resolved,Aðrar pakkningastærðir eru á markaði / fáanlegar.,2026-09-23T20:59:59.442217,197998
IS,Iceland,Lyfjastofnun,Nevanac,Nepafenacum INN,1 mg/ml,5 ml,"Augndropar, dreifa",141063,S01BC10,Novartis Europharm Limited*,Vistor hf,2024-11-13,2024-11-15,2024-11-13,resolved,Aðrir styrkleikar eru á markaði / fáanlegir.,2026-09-23T20:59:59.442755,70254
IS,Iceland,Lyfjastofnun,Imdur,Isosorbidi mononitras INN,30 mg,98 stk.,Forðatafla,524223,C01DA14,TopRidge Pharma (Ireland) Limited,Navamedic AB,2024-11-13,2025-03-14,2024-11-04,resolved,Aðrir styrkleikar eru á markaði / fáanlegir.,2026-09-23T20:59:59.443295,101745
IS,Iceland,Lyfjastofnun,Losatrix,Losartanum INN kalíum,50 mg,100 stk.,Filmuhúðuð tafla,198582,C09CA01,Alvogen ehf.,,2024-11-13,2024-11-22,2024-10-31,resolved,Aðrir styrkleikar eru á markaði / fáanlegir.,2026-09-23T20:59:59.443831,41890
IS,Iceland,Lyfjastofnun,Natriumklorid Fresenius Kabi,Sodium chloride,9 mg/ml,500 ml,"Innrennslislyf, lausn",141388,B05BB01,Fresenius Kabi AB,Vistor hf,2024-11-12,2025-02-15,2024-11-11,resolved,Aðrar pakkningastærðir eru á markaði / fáanlegar.,2026-09-23T20:59:59.444372,26182
IS,Iceland,Lyfjastofnun,Oxikodon Depot Actavis,Oxycodonum INN hýdróklóríð,10 mg,28 stk.,Forðatafla,186713,N02AA05,Actavis Group PTC ehf.,Teva Pharma Iceland ehf.*,2024-11-12,2024-12-31,2024-11-26,resolved,Samheitalyf er á markaði / fáanlegt.,2026-09-23T20:59:59.444911,57614
IS,Iceland,Lyfjastofnun,Natriumklorid Fresenius Kabi,Sodium chloride,9 mg/ml,100 ml,"Innrennslislyf, lausn",048028,B05BB01,Fresenius Kabi AB,Vistor hf,2024-11-11,2024-11-18,2024-11-11,resolved,Aðrar pakkningastærðir eru á markaði / fáanlegar.,2026-09-23T20:59:59.445455,24856
IS,Iceland,Lyfjastofnun,Canesten,Clotrimazolum INN,500 mg,1 stk.,Leggangatafla,133990,G01AF02,Bayer AB,Icepharma hf,2024-11-11,2025-03-07,2024-11-11,resolved,Ekki til lyf með sama ATC númer en sambærilegt lyf í sama flokki er á markaði / fáanlegt.,2026-09-23T20:59:59.446017,
IS,Iceland,Lyfjastofnun,TREVICTA,Paliperidonum INN palmítat,525 mg,"2,63 ml","Stungulyf, forðadreifa",527714,N05AX13,Janssen-Cilag International NV*,Vistor hf,2024-11-11,2024-11-15,2024-11-11,resolved,Aðrir styrkleikar eru á markaði / fáanlegir.,2026-09-23T20:59:59.446561,132551
IS,Iceland,Lyfjastofnun,Entresto,"Sacubitrilum INN, Valsartanum INN",24 mg/26 mg,28 stk.,Filmuhúðuð tafla,104675,C09DX04,Novartis Europharm Limited*,Vistor hf,2024-11-11,2024-11-18,2024-11-01,resolved,Undanþágulyf hefur verið útvegað.,2026-09-23T20:59:59.447109,132071
IS,Iceland,Lyfjastofnun,Efient,,5 mg,28 stk.,Filmuhúðuð tafla,199454,B01AC22,Substipharm,Kurantis ApS,2024-11-11,2025-05-02,2024-10-18,afskráning,"Samheitalyf er á markaði / fáanlegt. Prasugrel Viatris 5 mg kom á markað 1. apríl,",2026-09-23T20:59:59.447667,196886
IS,Iceland,Lyfjastofnun,Nevanac,Nepafenacum INN,3 mg/ml,3 ml,"Augndropar, dreifa",195092,S01BC10,Novartis Europharm Limited*,Vistor hf,2024-11-11,2024-11-18,2024-10-29,resolved,Aðrir styrkleikar eru á markaði / fáanlegir.,2026-09-23T20:59:59.448213,220620
IS,Iceland,Lyfjastofnun,Risperdal Consta,Risperidonum INN,"37,5 mg","37,5 mg","Stungulyfsstofn og leysir, forðadreifa",520186,N05AX08,Janssen-Cilag AB,Vistor hf,2024-11-11,2024-11-14,2024-11-11,resolved,Aðrir styrkleikar eru á markaði / fáanlegir.,2026-09-23T20:59:59.448787,68276
IS,Iceland,Lyfjastofnun,Dabigatran etexilate Krka,Dabigatranum etexilatum INN mesílat,150 mg,60 x 1 stk.,Hart hylki,129941,B01AE07,Krka d.d. Novo mesto*,LYFIS ehf.*,2024-11-08,2024-11-15,2024-11-07,resolved,Samheitalyf er á markaði / fáanlegt.,2026-09-23T20:59:59.449335,98361
IS,Iceland,Lyfjastofnun,Nicorette Cooldrops,Nicotinum INN,2 mg,160 stk.,Hörð munnsogstafla,554883,N07BA01,McNeil Denmark ApS,Vistor hf,2024-11-08,2024-11-22,2024-11-20,resolved,Aðrar pakkningastærðir eru á markaði / fáanlegar.,2026-09-23T20:59:59.449880,125490
IS,Iceland,Lyfjastofnun,Ganirelix Gedeon Richter,Ganirelixum INN acetat,"0,25 mg","0,5 ml","Stungulyf, lausn í áfylltri sprautu",462712,H01CC01,Gedeon Richter Plc.*,,2024-11-08,2024-11-11,2024-11-08,resolved,Aðrar pakkningastærðir eru á markaði / fáanlegar.,2026-09-23T20:59:59.450418,59048
IS,Iceland,Lyfjastofnun,REZOLSTA,"Darunavirum INN ethanólat, Cobicistatum INN",800 mg/150 mg,30 stk.,Filmuhúðuð tafla,141015,J05AR14,Janssen-Cilag International NV*,Vistor hf,2024-11-08,2024-11-13,2024-10-28,resolved,Ekki til lyf með sama ATC númer en sambærilegt lyf í sama flokki er á markaði / fáanlegt.,2026-09-23T20:59:59.450962,201677
IS,Iceland,Lyfjastofnun,Metojectpen,Methotrexatum INN,10 mg,10 mg,"Stungulyf, lausn í áfylltum lyfjapenna",381056,L04AX03,medac Gesellschaft für klinische Spezialpräparate GmbH,,2024-11-08,2024-11-15,2024-10-29,resolved,Aðrir styrkleikar eru á markaði / fáanlegir.,2026-09-23T20:59:59.451484,52434
IS,Iceland,Lyfjastofnun,Zovirax,Aciclovirum INN,80 mg/ml,100 ml,"Mixtúra, dreifa",044560,J05AB01,GlaxoSmithKline Pharma A/S,Vistor hf,2024-11-08,2024-12-11,2024-10-28,resolved,Önnur lyfjaform eru á markaði / fáanleg.,2026-09-23T20:59:59.452036,
IS,Iceland,Lyfjastofnun,Ringer-Acetat Baxter Viaflo,Blanda,,1000 ml,"Innrennslislyf, lausn",552328,B05BB01,Baxter Medical AB*,Icepharma hf,2024-11-07,2025-03-31,2024-11-06,resolved,Undanþágulyf hefur verið útvegað.,2026-09-23T20:59:59.452586,
IS,Iceland,Lyfjastofnun,Ringer-Acetat Baxter Viaflo,Blanda,,500 ml,"Innrennslislyf, lausn",525418,B05BB01,Baxter Medical AB*,Icepharma hf,2024-11-07,2025-03-31,2024-11-06,resolved,Undanþágulyf hefur verið útvegað.,2026-09-23T20:59:59.453147,
IS,Iceland,Lyfjastofnun,TREVICTA,Paliperidonum INN palmítat,525 mg,"2,63 ml","Stungulyf, forðadreifa",527714,N05AX13,Janssen-Cilag International NV*,Vistor hf,2024-11-07,2024-10-11,2024-10-24,resolved,Aðrir styrkleikar eru á markaði / fáanlegir.,2026-09-23T20:59:59.453698,132551
IS,Iceland,Lyfjastofnun,Síprox,Ciprofloxacin hydrochloride,500 mg,20 stk.,Tafla,080133,J01MA02,Teva B.V.*,Teva Pharma Iceland ehf.*,2024-11-07,2025-05-15,2024-11-04,resolved,Aðrir styrkleikar og/eða samheitalyf eru á markaði / fáanlegir.,2026-09-23T20:59:59.454266,138932
IS,Iceland,Lyfjastofnun,Enstilar,"Calcipotriolum INN, Betamethasonum INN díprópíónat","50 míkróg/0,5 mg/g",60 g,Húðfroða,454650,D05AX52,LEO Pharma A/S*,Vistor hf,2024-11-07,2025-03-10,2024-10-29,resolved,Önnur lyfjaform eru á markaði / fáanleg.,2026-09-23T20:59:59.454818,133329
IS,Iceland,Lyfjastofnun,Amoxicillin Sandoz,Amoxicillinum INN tríhýdrat,100 mg/ml,100 ml,"Mixtúruduft, dreifa",014158,J01CA04,Sandoz A/S*,,2024-11-06,2025-04-28,2024-10-31,resolved,Aðrar pakkningastærðir eru á markaði / fáanlegar.,2026-09-23T20:59:59.455348,
IS,Iceland,Lyfjastofnun,Sitagliptin STADA,Sitagliptinum INN hýdróklóríð,50 mg,100 stk.,Filmuhúðuð tafla,558158,A10BH01,STADA Arzneimittel AG,,2024-11-06,2025-01-08,2024-11-13,resolved,Samheitalyf er á markaði / fáanlegt.,2026-09-23T20:59:59.455891,218111
IS,Iceland,Lyfjastofnun,Clariscan,Acidum gadotericum INN,"0,5 mmól/ml",20 ml,"Stungulyf, lausn í áfylltri sprautu",157745,V08CA02,GE Healthcare AS,Icepharma hf.*,2024-11-06,2024-11-08,2024-11-06,resolved,Aðrar pakkningastærðir eru á markaði / fáanlegar.,2026-09-23T20:59:59.456429,218111
IS,Iceland,Lyfjastofnun,Visipaque,Iodixanolum INN,270 mg J/ml,100 ml,"Stungulyf, lausn",582882,V08AB09,GE Healthcare AS,Icepharma hf,2024-11-06,2024-11-22,2024-11-06,resolved,Aðrir styrkleikar og pakkningastærðir eru á markaði / fáanlegir.,2026-09-23T20:59:59.456968,41602
IS,Iceland,Lyfjastofnun,Natriumklorid Fresenius Kabi,Sodium chloride,9 mg/ml,10 ml,Leysir fyrir stungulyf,141856,V07AB,Fresenius Kabi AB,Vistor hf,2024-11-05,2024-10-29,2024-10-16,resolved,Aðrar pakkningastærðir eru á markaði / fáanlegar.,2026-09-23T20:59:59.457524,
IS,Iceland,Lyfjastofnun,Rewellfem,Estradiol,10 míkróg,18 stk.,Leggangatafla,085813,G03CA03,Gedeon Richter Plc.*,,2024-11-05,2024-11-11,2024-10-25,resolved,Samheitalyf er á markaði / fáanlegt.,2026-09-23T20:59:59.458049,
IS,Iceland,Lyfjastofnun,Xylocain adrenalin,"Lidocainum INN hýdróklóríð, Adrenalinum bítartrat (Epinephrinum INN bítartrat)",10 mg/ml + 5 míkróg/ ml,20 ml,"Stungulyf, lausn",153122,N01BB52,Aspen Pharma Trading Limited,Icepharma hf.*,2024-11-05,2024-12-27,2024-12-17,resolved,Ekki til lyf með sama ATC númer en sambærilegt lyf í sama flokki er á markaði / fáanlegt.,2026-09-23T20:59:59.458616,145823
IS,Iceland,Lyfjastofnun,Atomoxetin Actavis,,10 mg,28 stk.,Hart hylki,429584,N06BA09,Actavis Group PTC ehf.,Teva Pharma Iceland ehf.*,2024-11-04,2024-12-31,2024-11-26,afskráning,Samheitalyf er á markaði / fáanlegt.,2026-09-23T20:59:59.459182,76708
IS,Iceland,Lyfjastofnun,Zyprexa,Olanzapinum INN,10 mg,10 mg,"Stungulyfsstofn, lausn",005885,N05AH03,"CHEPLAPHARM Registration GmbH,",,2024-11-04,2024-11-19,2024-11-03,resolved,Önnur lyfjaform eru á markaði / fáanleg.,2026-09-23T20:59:59.459706,71013
IS,Iceland,Lyfjastofnun,OLUMIANT,Baricitinibum INN,2 mg,28 stk.,Filmuhúðuð tafla,407393,L04AF02,Eli Lilly Nederland B.V.,Icepharma hf.*,2024-11-04,2024-11-15,2024-11-04,resolved,Ekki til lyf með sama ATC númer en sambærilegt lyf í sama flokki er á markaði / fáanlegt.,2026-09-23T20:59:59.460255,140848
IS,Iceland,Lyfjastofnun,Brimonidin Bluefish,Brimonidine tartrate,2 mg/ml,5 ml,"Augndropar, lausn",483556,S01EA05,Bluefish Pharmaceuticals AB,Artasan ehf,2024-11-04,2024-12-16,2024-11-04,resolved,Samheitalyf er á markaði / fáanlegt.,2026-09-23T20:59:59.460805,214515
IS,Iceland,Lyfjastofnun,Dexavit,Dexamethasonum INN natríumfosfat,4 mg/ml,1 ml,"Stungulyf/innrennslislyf, lausn",517803,H02AB02,XGX Pharma ApS,,2024-11-04,2024-11-11,2024-10-28,resolved,Aðrar pakkningastærðir eru á markaði / fáanlegar.,2026-09-23T20:59:59.461331,218111
IS,Iceland,Lyfjastofnun,Carbocain,Mepivacainum INN hýdróklóríð,10 mg/ml,20 ml,"Stungulyf, lausn",105785,N01BB03,Sandoz A/S,,2024-11-01,2024-12-30,2024-11-01,resolved,Aðrir styrkleikar eru á markaði / fáanlegir.,2026-09-23T20:59:59.461859,29955
IS,Iceland,Lyfjastofnun,Enerzair Breezhaler,"Mometasonum INN fúróat, Indacaterolum INN acetat, Glycopyrronii bromidum INN",114 míkróg/46 míkróg/136 míkróg,30x1 stk.,"Innöndunarduft, hart hylki",580713,R03AL12,Novartis Europharm Limited*,Vistor hf,2024-11-01,2024-11-23,2024-10-16,resolved,Aðrar pakkningastærðir eru á markaði / fáanlegar.,2026-09-23T20:59:59.462402,205117
IS,Iceland,Lyfjastofnun,Marbodin,Memantinum INN hýdróklóríð,20 mg,98 stk.,Filmuhúðuð tafla,151037,N06DX01,STADA Arzneimittel AG,,2024-11-01,2025-01-17,2024-10-07,resolved,Aðrar pakkningastærðir eru á markaði / fáanlegar.,2026-09-23T20:59:59.462928,87912
IS,Iceland,Lyfjastofnun,Oprymea (Heilsa),Pramipexolum INN díhýdróklóríð,"0,52 mg",100 stk.,Forðatafla,472246,N04BC05,Heilsa ehf,,2024-11-01,2025-05-30,2024-11-04,resolved,Samheitalyf er á markaði / fáanlegt.,2026-09-23T20:59:59.463454,
IS,Iceland,Lyfjastofnun,Testogel (Heilsa),Testosterone,50 mg,30 skammtapokar,Hlaup til notkunar um húð,476265,G03BA03,Heilsa ehf,,2024-11-01,2024-11-18,2024-11-04,resolved,Samheitalyf er á markaði / fáanlegt.,2026-09-23T20:59:59.463984,74225
IS,Iceland,Lyfjastofnun,Venlafaxin Medical Valley,Venlafaxinum INN hýdróklóríð,75 mg,110 stk.,Forðatafla,055372,N06AX16,Medical Valley Invest AB,,2024-11-01,2025-01-13,2024-11-01,resolved,Samheitalyf er á markaði / fáanlegt.,2026-09-23T20:59:59.464520,
IS,Iceland,Lyfjastofnun,Monoprost,Latanoprostum INN,50 míkróg/ml,"0,2 ml","Augndropar, lausn í stakskammtaíláti",046248,S01EE01,Laboratoires THEA*,,2024-11-01,2025-02-04,2024-11-01,resolved,Önnur lyfjaform eru á markaði / fáanleg.,2026-09-23T20:59:59.465046,140848
IS,Iceland,Lyfjastofnun,Lacosamide STADA,Lacosamidum INN,50 mg,56 stk.,Filmuhúðuð tafla,543209,N03AX18,STADA Arzneimittel AG,,2024-11-01,2025-02-07,2024-11-13,resolved,Samheitalyf er á markaði / fáanlegt.,2026-09-23T20:59:59.465576,89036
IS,Iceland,Lyfjastofnun,Flixotide,Fluticasonum INN própíónat,125 míkróg/skammt,120 skammtar,"Innúðalyf, dreifa",163493,R03BA05,GlaxoSmithKline Pharma A/S,Vistor hf,2024-10-31,2024-11-04,2024-10-03,resolved,Aðrir styrkleikar eru á markaði / fáanlegir.,2026-09-23T20:59:59.466119,87165
IS,Iceland,Lyfjastofnun,Reagila,Cariprazinum INN hýdróklóríð,3 mg,28 stk.,Hart hylki,517228,N05AX15,Gedeon Richter Plc.*,Recordati AB,2024-10-31,2024-11-18,2024-10-23,resolved,Aðrir styrkleikar eru á markaði / fáanlegir.,2026-09-23T20:59:59.466668,159131
IS,Iceland,Lyfjastofnun,Decutan,Isotretinoinum INN,10 mg,30 stk.,Mjúkt hylki,022904,D10BA01,Teva B.V.*,Teva Pharma Iceland ehf.*,2024-10-31,2025-02-02,2024-10-04,resolved,Undanþágulyf hefur verið útvegað.,2026-09-23T20:59:59.467207,101788
IS,Iceland,Lyfjastofnun,Spiolto Respimat,"Tiotropii bromidum INN, Olodaterolum INN hýdróklóríð","2,5/2,5 míkróg",30 skammtar,Innöndunarlausn,561745,R03AL06,Boehringer Ingelheim International GmbH*,Vistor hf,2024-10-31,2024-11-04,2024-10-21,resolved,Aðrar pakkningastærðir eru á markaði / fáanlegar.,2026-09-23T20:59:59.467747,48933
IS,Iceland,Lyfjastofnun,Menopur,Menotropinum INN,1200 a.e.,1 stk.,"Stungulyf, lausn í áfylltum lyfjapenna",169281,G03GA02,Ferring Lægemidler A/S,,2024-10-31,2024-11-12,2024-10-28,resolved,Aðrir styrkleikar eru á markaði / fáanlegir.,2026-09-23T20:59:59.468277,
IS,Iceland,Lyfjastofnun,Tamiflu,Oseltamivirum INN fosfat,30 mg,10 stk.,Hart hylki,106006,J05AH02,Roche Registration GmbH*,Icepharma hf,2024-10-31,2024-10-31,2024-10-16,resolved,Aðrir styrkleikar eru á markaði / fáanlegir.,2026-09-23T20:59:59.468856,69493
IS,Iceland,Lyfjastofnun,Cozaar,Losartanum INN kalíum,100 mg,98 stk.,Filmuhúðuð tafla,006928,C09CA01,N.V. Organon*,Vistor hf,2024-10-31,2024-11-05,2024-09-19,resolved,Aðrir styrkleikar eru á markaði / fáanlegir.,2026-09-23T20:59:59.469401,60569
IS,Iceland,Lyfjastofnun,Twinrix Adult,"Hepatitis A veira (dauð), Hepatitis B veira",,1 ml,"Stungulyf, dreifa í áfylltri sprautu",170092,J07BC20,GlaxoSmithKline Biologicals S.A.*,Vistor hf,2024-10-31,2024-11-04,2024-10-16,resolved,Aðrir styrkleikar eru á markaði / fáanlegir.,2026-09-23T20:59:59.469955,48933
IS,Iceland,Lyfjastofnun,Kapruvia,Difelikefalinum INN acetate,50 míkróg/ml,1 ml,"Stungulyf, lausn",046076,V03AX04,Vifor Fresenius Medical Care Renal Pharma France*,,2024-10-30,2024-11-06,2024-10-28,resolved,Ekkert sambærilegt lyf er á markaði / fáanlegt.,2026-09-23T20:59:59.470484,215643
IS,Iceland,Lyfjastofnun,Natriumklorid Fresenius Kabi,Sodium chloride,9 mg/ml,500 ml,"Innrennslislyf, lausn",141388,B05BB01,Fresenius Kabi AB,Vistor hf,2024-10-30,2024-10-29,2024-10-16,resolved,Aðrar pakkningastærðir eru á markaði / fáanlegar.,2026-09-23T20:59:59.471033,26182
IS,Iceland,Lyfjastofnun,Omeprazol Medical Valley,Omeprazolum INN,20 mg,28 stk.,Magasýruþolið hart hylki,504026,A02BC01,Medical Valley Invest AB,,2024-10-30,2024-11-14,2024-11-01,resolved,Samheitalyf er á markaði / fáanlegt.,2026-09-23T20:59:59.471556,60062
IS,Iceland,Lyfjastofnun,Constella,Linaclotidum INN,290 míkróg,90 stk.,Hart hylki,161824,A06AX04,AbbVie Deutschland GmbH & Co. KG,Vistor hf,2024-10-30,2024-11-13,2024-10-30,resolved,Aðrar pakkningastærðir eru á markaði / fáanlegar.,2026-09-23T20:59:59.472103,127043
IS,Iceland,Lyfjastofnun,Escitalopram Bluefish,Escitalopramum INN oxalat,15 mg,98 stk.,Filmuhúðuð tafla,457282,N06AB10,Bluefish Pharmaceuticals AB,Artasan ehf,2024-10-30,2024-12-09,2024-10-30,resolved,Samheitalyf er á markaði / fáanlegt.,2026-09-23T20:59:59.472642,85081
IS,Iceland,Lyfjastofnun,Capecitabine medac,Capecitabinum INN,500 mg,120 stk.,Filmuhúðuð tafla,016918,L01BC06,medac Gesellschaft für klinische Spezialpräparate GmbH,,2024-10-30,2024-11-15,2024-10-14,resolved,Samheitalyf er á markaði / fáanlegt.,2026-09-23T20:59:59.473173,59366
IS,Iceland,Lyfjastofnun,Sumatriptan Bluefish,Sumatriptanum INN súkkínat,50 mg,12 stk.,Tafla,193122,N02CC01,Bluefish Pharmaceuticals AB,Artasan ehf,2024-10-30,2024-11-11,2024-09-25,resolved,Aðrar pakkningastærðir eru á markaði / fáanlegar.,2026-09-23T20:59:59.473710,41378
IS,Iceland,Lyfjastofnun,Tecentriq,Atezolizumabum INN,840 mg,14 ml,"Innrennslisþykkni, lausn",540857,L01FF05,Roche Registration GmbH*,Icepharma hf.*,2024-10-29,2024-10-31,2024-10-29,resolved,Aðrir styrkleikar eru á markaði / fáanlegir.,2026-09-23T20:59:59.474257,199230
IS,Iceland,Lyfjastofnun,Monoprost,Latanoprostum INN,50 míkróg/ml,"0,2 ml","Augndropar, lausn í stakskammtaíláti",562254,S01EE01,Laboratoires THEA*,,2024-10-29,2024-11-26,2024-10-29,resolved,Önnur lyfjaform eru á markaði / fáanleg.,2026-09-23T20:59:59.474812,140848
IS,Iceland,Lyfjastofnun,Engerix B,HEPATITIS B SURFACE ANTIGEN,,1 ml,"Stungulyf, dreifa",004613,J07BC01,GlaxoSmithKline Pharma A/S,Vistor hf,2024-10-29,2024-11-04,2024-10-10,resolved,Aðrir styrkleikar eru á markaði / fáanlegir.,2026-09-23T20:59:59.475354,48321
IS,Iceland,Lyfjastofnun,Esomeprazol Krka,Esomeprazolum INN magnesíum díhýdrat,20 mg,14 stk.,Magasýruþolið hart hylki,086997,A02BC05,"KRKA, d.d., Novo mesto",LYFIS ehf.*,2024-10-28,2025-01-17,2024-09-03,resolved,Aðrar pakkningastærðir eru á markaði / fáanlegar.,2026-09-23T20:59:59.475891,94862
IS,Iceland,Lyfjastofnun,Metojectpen,Methotrexatum INN,"7,5 mg","7,5 mg","Stungulyf, lausn í áfylltum lyfjapenna",100260,L04AX03,medac Gesellschaft für klinische Spezialpräparate GmbH,,2024-10-28,2024-11-15,2024-10-28,resolved,Aðrir styrkleikar eru á markaði / fáanlegir.,2026-09-23T20:59:59.476412,73431
IS,Iceland,Lyfjastofnun,Zoledronic Acid Teva,Zoledronic acid,4 mg/5 ml,5 ml,"Innrennslisþykkni, lausn",114178,M05BA08,Teva B.V.*,,2024-10-28,2024-12-13,2024-10-04,resolved,Undanþágulyf hefur verið útvegað.,2026-09-23T20:59:59.476932,74888
IS,Iceland,Lyfjastofnun,Síprox,Ciprofloxacin hydrochloride,500 mg,10 stk.,Tafla,080124,J01MA02,Teva B.V.*,Teva Pharma Iceland ehf.*,2024-10-28,2025-05-15,2024-11-04,resolved,Aðrir styrkleikar og/eða samheitalyf eru á markaði / fáanlegir.,2026-09-23T20:59:59.477468,138932
IS,Iceland,Lyfjastofnun,Targin,,10 mg /5 mg,28 stk.,Forðatafla,033195,N02AA55,Mundipharma A/S,Icepharma hf,2024-10-25,2025-04-01,2024-09-04,afskráning,Samheitalyf er á markaði / fáanlegt.,2026-09-23T20:59:59.478023,88838
IS,Iceland,Lyfjastofnun,Janumet,"Sitagliptinum INN fosfat mónóhýdrat, Metforminum INN hýdróklóríð",50 mg/1000 mg,196 stk.,Filmuhúðuð tafla,028121,A10BD07,Merck Sharp & Dohme B.V.*,Vistor hf,2024-10-25,2024-10-29,2024-10-23,resolved,Aðrar pakkningastærðir eru á markaði / fáanlegar.,2026-09-23T20:59:59.478566,218154
IS,Iceland,Lyfjastofnun,OxyContin Depot,Oxycodonum INN hýdróklóríð,20 mg,28 stk.,Forðatafla,528303,N02AA05,Mundipharma A/S,Icepharma hf,2024-10-23,2025-04-01,2024-10-23,resolved,Aðrir styrkleikar og pakkningastærðir eru á markaði / fáanlegir.,2026-09-23T20:59:59.479161,57622
IS,Iceland,Lyfjastofnun,Lixiana,Edoxabanum INN tósilat,15 mg,10 stk.,Filmuhúðuð tafla,056500,B01AF03,DAIICHI SANKYO EUROPE GmbH*,Vistor hf,2024-10-22,2024-12-04,2024-10-23,resolved,Aðrir styrkleikar eru á markaði / fáanlegir.,2026-09-23T20:59:59.479706,128171
IS,Iceland,Lyfjastofnun,Tivicay,Dolutegravirum INN,50 mg,30 stk.,Filmuhúðuð tafla,485764,J05AJ03,ViiV Healthcare BV,Vistor hf,2024-10-22,2024-10-31,2024-09-24,resolved,Ekki til lyf með sama ATC númer en sambærilegt lyf í sama flokki er á markaði / fáanlegt.,2026-09-23T20:59:59.480256,116467
IS,Iceland,Lyfjastofnun,Oxycodone/Naloxone Alvogen,"Oxycodonum INN hýdróklóríð, Naloxonum INN hýdróklóríð","5 mg/2,5 mg",30 stk.,Forðatafla,137665,N02AA55,Alvogen ehf.,,2024-10-21,2024-10-21,2024-02-21,resolved,Aðrar pakkningastærðir eru á markaði / fáanlegar.,2026-09-23T20:59:59.480783,90220
IS,Iceland,Lyfjastofnun,"Sterile Water Fresenius Kabi, leysir fyrir stungulyf",Water for injection,,10 ml,Leysir fyrir stungulyf,378030,V07AB,Fresenius Kabi AB,Vistor hf,2024-10-21,2024-10-22,2024-10-16,resolved,Aðrar pakkningastærðir eru á markaði / fáanlegar.,2026-09-23T20:59:59.481321,
IS,Iceland,Lyfjastofnun,Mektovi,Binimetinibum INN,15 mg,84 stk.,Filmuhúðuð tafla,175004,L01EE03,Pierre Fabre Medicament,,2024-10-21,2024-10-31,2024-10-21,resolved,Ekkert sambærilegt lyf er á markaði / fáanlegt.,2026-09-23T20:59:59.481857,167223
IS,Iceland,Lyfjastofnun,Xylocain Dental adrenalin,"Adrenalinum bítartrat (Epinephrinum INN bítartrat), Lidocainum INN hýdróklóríð","20 mg/ml+12,5 míkróg/ ml",1.8 ml,"Stungulyf, lausn",009911,N01BB52,DENTSPLY DeTrey GmbH*,Vistor hf,2024-10-21,2024-11-26,2024-10-07,resolved,Til skoðunar.,2026-09-23T20:59:59.482398,82899
IS,Iceland,Lyfjastofnun,Midazolam Accord,Midazolamum INN hýdróklóríð,5 mg/ml,1 ml,"Stungulyf/innrennslislyf, lausn",574395,N05CD08,Accord Healthcare B.V.,,2024-10-21,2025-06-01,2024-09-25,resolved,Aðrir styrkleikar eru á markaði / fáanlegir.,2026-09-23T20:59:59.482917,93637
IS,Iceland,Lyfjastofnun,Entresto,"Sacubitrilum INN, Valsartanum INN",49 mg/51 mg,56 stk.,Filmuhúðuð tafla,577135,C09DX04,Novartis Europharm Limited*,Vistor hf,2024-10-21,2024-11-11,2024-10-21,resolved,Aðrar pakkningastærðir eru á markaði / fáanlegar.,2026-09-23T20:59:59.483485,197998
IS,Iceland,Lyfjastofnun,Methotrexat Ebewe,Methotrexatum INN,100 mg/ml,10 ml,"Innrennslisþykkni, lausn",124773,L01BA01,EBEWE Pharma Ges.m.b.H.Nfg. KG,Sandoz A/S*,2024-10-21,2024-09-26,2024-09-23,resolved,Aðrar pakkningastærðir eru á markaði / fáanlegar.,2026-09-23T20:59:59.484037,141003
IS,Iceland,Lyfjastofnun,Dexamethasone hameln,Dexamethasonum INN natríumfosfat,4 mg/ml,1 ml,"Stungulyf, lausn",471907,H02AB02,hameln pharma gmbh,,2024-10-21,2024-11-08,2024-10-21,resolved,Samheitalyf er á markaði / fáanlegt.,2026-09-23T20:59:59.484569,21385
IS,Iceland,Lyfjastofnun,Dicloxacillin Bluefish,Dicloxacillin sodium,500 mg,50 stk.,Hart hylki,396873,J01CF01,Bluefish Pharmaceuticals AB,Artasan ehf,2024-10-21,2024-11-30,2024-10-01,resolved,Aðrar pakkningastærðir eru á markaði / fáanlegar.,2026-09-23T20:59:59.485127,
IS,Iceland,Lyfjastofnun,Targin,,20 mg /10 mg,28 stk.,Forðatafla,033218,N02AA55,Mundipharma A/S,Icepharma hf,2024-10-20,2025-04-01,2024-09-05,afskráning,Samheitalyf er á markaði / fáanlegt.,2026-09-23T20:59:59.485688,88846
IS,Iceland,Lyfjastofnun,Risperdal Consta,Risperidonum INN,"37,5 mg","37,5 mg","Stungulyfsstofn og leysir, forðadreifa",520186,N05AX08,Janssen-Cilag AB,Vistor hf,2024-10-20,2024-11-07,2024-10-23,resolved,Samheitalyf er á markaði / fáanlegt.,2026-09-23T20:59:59.486230,68276
IS,Iceland,Lyfjastofnun,APROKAM,Cefuroximum INN natríum,50 mg,50 mg,"Stungulyfsstofn, lausn",472338,S01AA27,Laboratoires THEA*,,2024-10-18,2024-10-30,2024-10-10,resolved,Ekkert sambærilegt lyf er á markaði / fáanlegt.,2026-09-23T20:59:59.486759,217069
IS,Iceland,Lyfjastofnun,Imigran,Sumatriptan,20 mg/skammt,"0,1 ml","Nefúði, lausn",441451,N02CC01,GlaxoSmithKline Pharma A/S,Vistor hf,2024-10-18,2024-11-30,2024-10-02,resolved,Önnur lyfjaform eru á markaði / fáanleg.,2026-09-23T20:59:59.487335,45845
IS,Iceland,Lyfjastofnun,OLUMIANT,Baricitinibum INN,4 mg,28 stk.,Filmuhúðuð tafla,579910,L04AF02,Eli Lilly Nederland B.V.,Icepharma hf.*,2024-10-18,2024-10-23,2024-10-18,resolved,Aðrir styrkleikar eru á markaði / fáanlegir.,2026-09-23T20:59:59.487874,140856
IS,Iceland,Lyfjastofnun,Wellbutrin Retard,Bupropionum INN hýdróklóríð,300 mg,30 stk.,Tafla með breyttan losunarhraða,080524,N06AX12,GlaxoSmithKline Pharma A/S,Vistor hf,2024-10-18,2024-10-28,2024-10-02,resolved,Samheitalyf er á markaði / fáanlegt.,2026-09-23T20:59:59.488413,82899
IS,Iceland,Lyfjastofnun,Hydroxyurea medac,Hydroxycarbamidum INN,500 mg,100 stk.,Hart hylki,464545,L01XX05,medac Gesellschaft für klinische Spezialpräparate GmbH,,2024-10-18,2024-10-21,2024-09-18,resolved,Ekkert sambærilegt lyf er á markaði / fáanlegt.,2026-09-23T20:59:59.488965,24856
IS,Iceland,Lyfjastofnun,Toradol,Ketorolacum INN  trómetamól,30 mg/ml,1 ml,"Stungulyf, lausn",473213,M01AB15,Atnahs Pharma Netherlands B.V.,Atnahs Pharma Nordics A/S,2024-10-17,2025-02-15,2024-09-17,resolved,Undanþágulyf hefur verið útvegað.,2026-09-23T20:59:59.489518,
IS,Iceland,Lyfjastofnun,Visipaque,Iodixanolum INN,270 mg J/ml,20 ml,"Stungulyf, lausn",104026,V08AB09,GE Healthcare AS,Icepharma hf,2024-10-16,2024-10-21,2024-10-17,resolved,Aðrar pakkningastærðir eru á markaði / fáanlegar.,2026-09-23T20:59:59.490062,41580
IS,Iceland,Lyfjastofnun,Stilnoct,Zolpidemum INN tartrat,10 mg,28 stk.,Filmuhúðuð tafla,061147,N05CF02,Sanofi-aventis Norge AS,Vistor hf,2024-10-16,2024-10-16,2024-10-07,resolved,Ekki til lyf með sama ATC númer en sambærilegt lyf í sama flokki er á markaði / fáanlegt.,2026-09-23T20:59:59.490611,195995
IS,Iceland,Lyfjastofnun,Piqray,Alpelisibum INN,150 mg,56 stk.,Filmuhúðuð tafla,462429,L01EM03,Novartis Europharm Limited*,Vistor hf,2024-10-16,2024-11-18,2024-10-16,resolved,Aðrar pakkningastærðir eru á markaði / fáanlegar.,2026-09-23T20:59:59.491158,82899
IS,Iceland,Lyfjastofnun,Rilutek,,50 mg,56 stk.,Tafla,123992,N07XX02,Sanofi Winthrop Industrie,Vistor hf,2024-10-16,2025-01-01,2024-10-10,afskráning,Undanþágulyf hefur verið útvegað.,2026-09-23T20:59:59.491721,45225
IS,Iceland,Lyfjastofnun,Detrusitol Retard,TOLTERODINE L-TARTRATE,2 mg,30 stk.,Hart forðahylki,007505,G04BD07,Viatris ApS,Icepharma hf.*,2024-10-16,2025-04-02,2024-10-14,resolved,Undanþágulyf hefur verið útvegað.,2026-09-23T20:59:59.492262,66842
IS,Iceland,Lyfjastofnun,Arcoxia,Etoricoxibum INN,120 mg,7 stk.,Filmuhúðuð tafla,011326,M01AH05,N.V. Organon*,Vistor hf,2024-10-16,2024-10-22,2024-09-11,resolved,Aðrir styrkleikar og/eða samheitalyf eru á markaði / fáanlegir.,2026-09-23T20:59:59.492835,66761
IS,Iceland,Lyfjastofnun,Duodart,"Dutasteridum INN, Tamsulosinum INN hýdróklóríð","0,5/0,4 mg",30 stk.,Hart hylki,073559,G04CA52,GlaxoSmithKline Pharma A/S,Vistor hf,2024-10-16,2025-01-10,2024-08-21,resolved,Samheitalyf er á markaði / fáanlegt.,2026-09-23T20:59:59.493378,93661
IS,Iceland,Lyfjastofnun,Losartankalium/hydrochlorthiazid Krka,"Losartanum INN kalíum, Hydrochlorothiazide","50 mg/12,5 mg",112 stk.,Filmuhúðuð tafla,479122,C09DA01,"KRKA, d.d., Novo mesto",LYFIS ehf.*,2024-10-15,2024-11-15,2024-10-15,resolved,Samheitalyf er á markaði / fáanlegt.,2026-09-23T20:59:59.493945,69299
IS,Iceland,Lyfjastofnun,Inegy,"Simvastatinum INN, Ezetimibe",10/80 mg,28 stk.,Tafla,427186,C10BA02,N.V. Organon*,Vistor hf,2024-10-15,2024-11-05,2024-09-30,resolved,Aðrir styrkleikar eru á markaði / fáanlegir.,2026-09-23T20:59:59.494505,77054
IS,Iceland,Lyfjastofnun,Bloxazoc,Metoprololum INN súkkínat,25 mg,100 stk.,Forðatafla,500402,C07AB02,KRKA d.d. Novo mesto,,2024-10-15,2025-03-14,2024-09-03,resolved,Aðrir styrkleikar eru á markaði / fáanlegir.,2026-09-23T20:59:59.495048,81043
IS,Iceland,Lyfjastofnun,Havrix,HEPATITIS A VIRUS ANTIGEN (INACTIVATED),1440 ELISA ein./ml,"0,5 ml","Stungulyf, dreifa",472332,J07BC02,GlaxoSmithKline Pharma A/S,Vistor hf,2024-10-15,2024-10-31,2024-08-13,resolved,Ekki til lyf með sama ATC númer en sambærilegt lyf í sama flokki er á markaði / fáanlegt.,2026-09-23T20:59:59.495590,62022
IS,Iceland,Lyfjastofnun,Risperdal Consta,Risperidonum INN,"37,5 mg","37,5 mg","Stungulyfsstofn og leysir, forðadreifa",520186,N05AX08,Janssen-Cilag AB,Vistor hf,2024-10-15,2024-10-16,2024-10-07,resolved,Aðrir styrkleikar eru á markaði / fáanlegir.,2026-09-23T20:59:59.496150,68276
IS,Iceland,Lyfjastofnun,Oxycodone/Naloxone Alvogen,"Oxycodonum INN hýdróklóríð, Naloxonum INN hýdróklóríð",20 mg/10 mg,30 stk.,Forðatafla,485462,N02AA55,Alvogen ehf.,,2024-10-15,2024-10-18,2024-10-15,resolved,Aðrir styrkleikar og/eða samheitalyf eru á markaði / fáanlegir.,2026-09-23T20:59:59.496677,88846
IS,Iceland,Lyfjastofnun,Trimbow,"Formoterolum INN fúmarat, Glycopyrronii bromidum INN, Beclometasonum INN díprópíónat",172míkróg/5míkróg/9 míkróg,120 skammtar,"Innúðalyf, lausn",136040,R03AL09,Chiesi Farmaceutici S.p.A.*,Chiesi Pharma AB,2024-10-15,2024-10-26,2024-10-10,resolved,Aðrar pakkningastærðir eru á markaði / fáanlegar.,2026-09-23T20:59:59.497217,81043
IS,Iceland,Lyfjastofnun,Thyrogen,Thyrotropinum alfa INN,"0,9 mg","0,9 mg","Stungulyfsstofn, lausn",008370,H01AB01,Sanofi Winthrop Industrie,Vistor hf,2024-10-14,2024-11-07,2024-10-14,resolved,Ekkert sambærilegt lyf er á markaði / fáanlegt.,2026-09-23T20:59:59.497765,
IS,Iceland,Lyfjastofnun,Methylphenidate Teva,Methylphenidatum INN hýdróklóríð,60 mg,30 stk.,Hart hylki með breyttan losunarhraða,496076,N06BA04,Teva B.V.*,Teva Pharma Iceland ehf.*,2024-10-14,2025-03-12,2024-11-04,resolved,Aðrir styrkleikar og/eða samheitalyf eru á markaði / fáanlegir.,2026-09-23T20:59:59.498338,118397
IS,Iceland,Lyfjastofnun,Dronedarone STADA,Dronedaronum INN hýdróklóríð,400 mg,100 stk.,Filmuhúðuð tafla,522290,C01BD07,STADA Arzneimittel AG,,2024-10-14,2025-01-24,2024-10-07,resolved,Samheitalyf er á markaði / fáanlegt. 20.11.2024 breyti lokadags í 20.01.2025 skv. email frá Hlíf HBB//,2026-09-23T20:59:59.498891,
IS,Iceland,Lyfjastofnun,Benylan,Diphenhydraminum INN hýdróklóríð,"1,4 mg/ml",125 ml,"Mixtúra, lausn",000815,R06AA02,McNeil Denmark ApS,Vistor hf,2024-10-14,2025-08-01,2024-09-23,resolved,Aðrir styrkleikar eru á markaði / fáanlegir.,2026-09-23T20:59:59.499438,
IS,Iceland,Lyfjastofnun,Mayzent,Siponimodum INN fúmarsýra,2 mg,28 stk.,Filmuhúðuð tafla,414921,L04AE03,Novartis Europharm Limited*,Vistor hf,2024-10-13,2024-10-16,2024-09-23,resolved,Aðrir styrkleikar eru á markaði / fáanlegir.,2026-09-23T20:59:59.499976,202029
IS,Iceland,Lyfjastofnun,Attentin,Dexamfetaminum INN súlfat,20 mg,30 stk.,Tafla,390878,N06BA02,Medice Arzneimittel Pütter GmbH & Co. KG*,Alvogen ehf.,2024-10-12,2024-10-28,2024-10-14,resolved,Aðrir styrkleikar eru á markaði / fáanlegir.,2026-09-23T20:59:59.500523,
IS,Iceland,Lyfjastofnun,DuoResp Spiromax,"Budesonidum INN, Formoterolum INN fúmarat",320 míkróg/9 míkróg,60 skammtar,Innöndunarduft,470202,R03AK07,Teva Pharma B.V.,Alvogen ehf.,2024-10-11,2024-12-12,2024-10-14,resolved,Aðrar pakkningastærðir eru á markaði / fáanlegar.,2026-09-23T20:59:59.501065,124184
IS,Iceland,Lyfjastofnun,Nezeril,Oxymetazolinum INN hýdróklóríð,"0,5 mg/ml",0.1 ml,"Nefdropar, lausn",054403,R01AA05,Perrigo Sverige AB,Vistor hf,2024-10-11,2024-11-07,2024-10-04,resolved,Önnur lyfjaform eru á markaði / fáanleg.,2026-09-23T20:59:59.501601,6416
IS,Iceland,Lyfjastofnun,Revolade,Eltrombopagum olaminum INN,25 mg,28 stk.,Filmuhúðuð tafla,089089,B02BX05,Novartis Europharm Limited*,Vistor hf,2024-10-11,2024-10-15,2024-10-07,resolved,Aðrir styrkleikar eru á markaði / fáanlegir.,2026-09-23T20:59:59.502140,93963
IS,Iceland,Lyfjastofnun,Tafinlar,Dabrafenibum INN,75 mg,120 stk.,Hart hylki,459037,L01EC02,Novartis Europharm Limited*,Vistor hf,2024-10-11,2024-10-14,2024-09-30,resolved,Aðrir styrkleikar eru á markaði / fáanlegir.,2026-09-23T20:59:59.502683,69310
IS,Iceland,Lyfjastofnun,Flixotide,Fluticasonum INN própíónat,50 míkróg/skammt,120 skammtar,"Innúðalyf, dreifa",162933,R03BA05,GlaxoSmithKline Pharma A/S,Vistor hf,2024-10-10,2024-11-30,2024-10-03,resolved,Aðrir styrkleikar eru á markaði / fáanlegir.,2026-09-23T20:59:59.503235,27170
IS,Iceland,Lyfjastofnun,TREVICTA,Paliperidonum INN palmítat,263 mg,"1,32 ml","Stungulyf, forðadreifa",415635,N05AX13,Janssen-Cilag International NV*,Vistor hf,2024-10-10,2024-10-23,2024-09-27,resolved,Aðrir styrkleikar eru á markaði / fáanlegir.,2026-09-23T20:59:59.503774,70084
IS,Iceland,Lyfjastofnun,Carvedilol STADA,Carvedilolum INN,"3,125 mg",30 stk.,Tafla,537600,C07AG02,STADA Arzneimittel AG,,2024-10-10,2024-12-11,2024-09-26,resolved,Aðrir styrkleikar eru á markaði / fáanlegir.,2026-09-23T20:59:59.504289,73512
IS,Iceland,Lyfjastofnun,Duraphat,Sodium fluoride,5 mg/g,51 g,Tannpasta,066411,A01AA01,Colgate-Palmolive A/S,Icepharma hf,2024-10-10,2024-10-10,2024-07-01,resolved,Aðrar pakkningastærðir eru á markaði / fáanlegar.,2026-09-23T20:59:59.504828,150266
IS,Iceland,Lyfjastofnun,Constella,Linaclotidum INN,290 míkróg,90 stk.,Hart hylki,161824,A06AX04,AbbVie Deutschland GmbH & Co. KG,Vistor hf,2024-10-10,2024-10-15,2024-10-11,resolved,Aðrar pakkningastærðir eru á markaði / fáanlegar.,2026-09-23T20:59:59.505362,127043
IS,Iceland,Lyfjastofnun,Nevanac,Nepafenacum INN,3 mg/ml,3 ml,"Augndropar, dreifa",195092,S01BC10,Novartis Europharm Limited*,Vistor hf,2024-10-10,2024-10-14,2024-09-30,resolved,Aðrir styrkleikar eru á markaði / fáanlegir.,2026-09-23T20:59:59.505896,220620
IS,Iceland,Lyfjastofnun,Midodrin Evolan,Midodrinum INN hýdróklóríð,"2,5 mg",100 stk.,Tafla,144172,C01CA17,Evolan Pharma AB,,2024-10-10,2024-12-20,2024-09-18,resolved,Samheitalyf er á markaði / fáanlegt.,2026-09-23T20:59:59.506411,
IS,Iceland,Lyfjastofnun,Sandostatin,Octreotidum INN,100 míkróg/ml,1 ml,"Stungulyf, lausn",057349,H01CB02,Novartis Healthcare A/S,Vistor hf,2024-10-09,2024-10-14,2024-09-30,resolved,Aðrir styrkleikar eru á markaði / fáanlegir.,2026-09-23T20:59:59.506948,27510
IS,Iceland,Lyfjastofnun,Losartan/Hydrochlorothiazide Medical Valley,"Losartanum INN kalíum, Hydrochlorothiazide","50/12,5 mg",98 stk.,Filmuhúðuð tafla,191251,C09DA01,Medical Valley Invest AB,,2024-10-09,2024-10-21,2024-10-09,resolved,Aðrar pakkningastærðir eru á markaði / fáanlegar.,2026-09-23T20:59:59.507463,69299
IS,Iceland,Lyfjastofnun,Integrilin,,2 mg/ml,10 ml,"Stungulyf, lausn",547695,B01AC16,GlaxoSmithKline (Ireland) Limited,Vistor hf,2024-10-09,2025-07-01,2023-08-28,afskráning,Undanþágulyf hefur verið útvegað.,2026-09-23T20:59:59.508002,53716
IS,Iceland,Lyfjastofnun,Hyrimoz,Adalimumabum INN,40 mg,"0,4 ml","Stungulyf, lausn í áfylltum lyfjapenna",575499,L04AB04,Sandoz GmbH*,,2024-10-09,2025-03-20,2024-10-11,resolved,Líftæknilyfjahliðstæða er á markaði / fáanleg.,2026-09-23T20:59:59.508523,
IS,Iceland,Lyfjastofnun,Jext,Adrenalinum bítartrat (Epinephrinum INN bítartrat),150 míkróg,"0,15 ml","Stungulyf, lausn í áfylltum lyfjapenna",567460,C01CA24,ALK-Abelló A/S,Vistor hf,2024-10-09,2024-10-23,2024-09-30,resolved,. Sambærilegt lyf er fáanlegt,2026-09-23T20:59:59.509107,145440
IS,Iceland,Lyfjastofnun,Addex-Magnesium,Magnesii sulfas,1 mmól/ml,10 ml,"Innrennslisþykkni, lausn",035113,B05XA05,Fresenius Kabi AB,Vistor hf,2024-10-08,2024-10-09,2024-09-19,resolved,Ekkert sambærilegt lyf er á markaði / fáanlegt.,2026-09-23T20:59:59.509664,
IS,Iceland,Lyfjastofnun,Fentanyl Actavis,Fentanylum INN,75 míkróg/klst.,5 stk.,Forðaplástur,159130,N02AB03,Actavis Group PTC ehf.,Teva Pharma Iceland ehf.*,2024-10-08,2026-01-01,2024-12-12,resolved,Aðrir styrkleikar eru á markaði / fáanlegir.,2026-09-23T20:59:59.510207,
IS,Iceland,Lyfjastofnun,Qutenza,Capsaicinum INN,179 mg,1 stk.,Húðplástur,094812,N01BX04,Grünenthal GmbH*,Vistor hf,2024-10-08,2024-11-01,2024-10-08,resolved,Önnur lyfjaform eru á markaði / fáanleg.,2026-09-23T20:59:59.510752,7919
IS,Iceland,Lyfjastofnun,Ultracortenol,Prednisolone pivalate,5 mg/g,5 g,Augnsmyrsli,485006,S01BA04,Agepha Pharma s.r.o.,,2024-10-08,2025-01-28,2024-10-15,resolved,Undanþágulyf hefur verið útvegað.,2026-09-23T20:59:59.511300,7919
IS,Iceland,Lyfjastofnun,Femanest,Estradiol,1 mg,84 stk.,Tafla,389171,G03CA03,Exeltis Healthcare S.L.*,Acare ehf.,2024-10-08,2100-12-31,2024-09-04,shortage,Samheitalyf er á markaði / fáanlegt.,2026-09-23T20:59:59.511840,124
IS,Iceland,Lyfjastofnun,Votrient,Pazopanibum INN hýdróklóríð,200 mg,90 stk.,Filmuhúðuð tafla,093072,L01EX03,Novartis Europharm Limited*,Vistor hf,2024-10-08,2024-10-14,2024-10-09,resolved,Aðrir styrkleikar eru á markaði / fáanlegir.,2026-09-23T20:59:59.512384,100129
IS,Iceland,Lyfjastofnun,Femanest,Estradiol,2 mg,84 stk.,Tafla,389155,G03CA03,Exeltis Healthcare S.L.*,Acare ehf.,2024-10-08,2024-10-08,2024-09-26,resolved,Önnur lyfjaform eru á markaði / fáanleg.,2026-09-23T20:59:59.512926,30325
IS,Iceland,Lyfjastofnun,Desmopressin Zentiva,Desmopressinum INN acetat,240 míkróg,100 stk.,Tungurótartafla,373321,H01BA02,Zentiva k.s.*,,2024-10-07,2024-10-11,2024-10-04,resolved,Samheitalyf er á markaði / fáanlegt.,2026-09-23T20:59:59.513455,225428
IS,Iceland,Lyfjastofnun,Rydapt,Midostaurinum INN,25 mg,56 stk.,Mjúkt hylki,519755,L01EX10,Novartis Europharm Limited*,Vistor hf,2024-10-07,2024-10-14,2024-10-01,resolved,Ekki til lyf með sama ATC númer en sambærilegt lyf í sama flokki er á markaði / fáanlegt.,2026-09-23T20:59:59.513999,148016
IS,Iceland,Lyfjastofnun,Duraphat,Sodium fluoride,5 mg/g,51 g,Tannpasta,066411,A01AA01,Colgate-Palmolive A/S,Icepharma hf,2024-10-07,2024-10-30,2024-09-26,resolved,Önnur lyfjaform eru á markaði / fáanleg.,2026-09-23T20:59:59.514542,150266
IS,Iceland,Lyfjastofnun,Duraphat,Sodium fluoride,5 mg/g,51 g,Tannpasta,066422,A01AA01,Colgate-Palmolive A/S,Icepharma hf,2024-10-07,2024-10-30,2024-09-26,resolved,Önnur lyfjaform eru á markaði / fáanleg.,2026-09-23T20:59:59.515088,150266
IS,Iceland,Lyfjastofnun,Enalapril/Hydrochlorothiazide Medical Valley,Enalaprilum INN maleat,"20/12,5 mg",105 stk.,Tafla,084826,C09BA02,Medical Valley Invest AB,,2024-10-07,2024-11-27,2024-10-07,resolved,Samheitalyf er á markaði / fáanlegt.,2026-09-23T20:59:59.515611,26387
IS,Iceland,Lyfjastofnun,ABILIFY,Aripiprazolum INN,10 mg,28 stk.,Tafla,010951,N05AX12,Otsuka Pharmaceutical Netherlands B.V.*,Vistor hf,2024-10-07,2024-10-30,2024-09-10,resolved,Aðrir styrkleikar og lyfjaform eru á markaði / fáanlegir.,2026-09-23T20:59:59.516161,75248
IS,Iceland,Lyfjastofnun,IMBRUVICA,Ibrutinibum INN,420 mg,28 stk.,Filmuhúðuð tafla,561239,L01EL01,Janssen-Cilag International NV*,Vistor hf,2024-10-07,2024-10-16,2024-10-01,resolved,Aðrir styrkleikar eru á markaði / fáanlegir.,2026-09-23T20:59:59.516704,200565
IS,Iceland,Lyfjastofnun,Glucos Fresenius Kabi,Glucosum,500 mg/ml,500 ml,"Innrennslislyf, lausn",469480,B05BA03,Fresenius Kabi AB,Vistor hf,2024-10-04,2024-10-07,2024-09-18,resolved,Aðrir styrkleikar eru á markaði / fáanlegir.,2026-09-23T20:59:59.517257,
IS,Iceland,Lyfjastofnun,Repevax,Blanda,áfyllt sprauta,10 stk.,"Stungulyf, dreifa",080766,J07CA02,Sanofi Winthrop Industrie,Vistor hf,2024-10-04,2024-10-29,2024-10-04,resolved,Samheitalyf er á markaði / fáanlegt.,2026-09-23T20:59:59.517815,
IS,Iceland,Lyfjastofnun,Spiolto Respimat,"Tiotropii bromidum INN, Olodaterolum INN hýdróklóríð","2,5/2,5 míkróg",30 skammtar,Innöndunarlausn,561745,R03AL06,Boehringer Ingelheim International GmbH*,Vistor hf,2024-10-03,2024-10-03,2024-09-30,resolved,Aðrar pakkningastærðir eru á markaði / fáanlegar.,2026-09-23T20:59:59.518380,48933
IS,Iceland,Lyfjastofnun,Risperdal Consta,Risperidonum INN,50 mg,50 mg,"Stungulyfsstofn og leysir, forðadreifa",599462,N05AX08,Janssen-Cilag AB,Vistor hf,2024-10-03,2024-10-22,2024-09-27,resolved,Aðrir styrkleikar eru á markaði / fáanlegir.,2026-09-23T20:59:59.518971,68284
IS,Iceland,Lyfjastofnun,Epiduo,"Adapalenum INN, Benzoyl peroxide","0,1 % / 2,5 %",60 g,Hlaup,408675,D10AD53,Galderma Nordic AB*,Icepharma hf,2024-10-03,2024-11-29,2024-09-20,resolved,Ekki til lyf með sama ATC númer en sambærilegt lyf í sama flokki er á markaði / fáanlegt.,2026-09-23T20:59:59.519523,148695
IS,Iceland,Lyfjastofnun,Dificlir,Fidaxomicinum INN,200 mg,20 x 1 stk.,Filmuhúðuð tafla,497012,A07AA12,Tillotts Pharma GmbH,Icepharma hf.*,2024-10-03,2024-10-26,2024-10-04,resolved,Ekkert sambærilegt lyf er á markaði / fáanlegt.,2026-09-23T20:59:59.520080,73458
IS,Iceland,Lyfjastofnun,Protopic,Tacrolimusum INN,"0,1 %",30 g,Smyrsli,473968,D11AH01,LEO Pharma A/S*,Vistor hf,2024-10-02,2025-02-28,2024-10-02,resolved,Aðrir styrkleikar eru á markaði / fáanlegir.,2026-09-23T20:59:59.520642,53708
IS,Iceland,Lyfjastofnun,Metojectpen,Methotrexatum INN,15 mg,15 mg,"Stungulyf, lausn í áfylltum lyfjapenna",068903,L04AX03,medac Gesellschaft für klinische Spezialpräparate GmbH,,2024-10-02,2024-12-03,2024-09-26,resolved,Aðrir styrkleikar eru á markaði / fáanlegir.,2026-09-23T20:59:59.521176,141453
IS,Iceland,Lyfjastofnun,Sitagliptin/Metformin Krka,"Sitagliptinum INN, Metforminum INN hýdróklóríð",50 mg/1000 mg,196 stk.,Filmuhúðuð tafla,536116,A10BD07,"Krka, d.d., Novo mesto",,2024-10-02,2024-10-16,2024-10-01,resolved,Samheitalyf er á markaði / fáanlegt.,2026-09-23T20:59:59.521740,218154
IS,Iceland,Lyfjastofnun,Logimax,"Metoprololum INN súkkínat, Felodipinum INN",5 mg + 50 mg,98 stk.,Forðatafla,439489,C07FB02,Recordati Ireland Limited*,Recordati AB,2024-10-01,2024-10-03,2024-10-02,resolved,Aðrir styrkleikar eru á markaði / fáanlegir.,2026-09-23T20:59:59.522285,
IS,Iceland,Lyfjastofnun,Ondansetron Bluefish,Ondansetronum INN hýdróklóríð,8 mg,10 stk.,Filmuhúðuð tafla,142266,A04AA01,Bluefish Pharmaceuticals AB,Artasan ehf,2024-10-01,2025-01-27,2024-10-01,resolved,Aðrir styrkleikar og/eða samheitalyf eru á markaði / fáanlegir.,2026-09-23T20:59:59.522829,31518
IS,Iceland,Lyfjastofnun,Metformin Bluefish,Metforminum INN hýdróklóríð,1000 mg,60 stk.,Filmuhúðuð tafla,162863,A10BA02,Bluefish Pharmaceuticals AB,Artasan ehf,2024-10-01,2024-12-26,2024-08-29,resolved,Aðrir styrkleikar og/eða samheitalyf eru á markaði / fáanlegir.,2026-09-23T20:59:59.523392,60674
IS,Iceland,Lyfjastofnun,Advagraf (Heilsa),Takrólímus,1 mg,50 stk.,Hart forðahylki,434697,L04AD02,Heilsa ehf,,2024-10-01,2024-11-18,2024-10-01,resolved,Samheitalyf er á markaði / fáanlegt.,2026-09-23T20:59:59.523917,96156
IS,Iceland,Lyfjastofnun,Advagraf (Heilsa),Takrólímus,3 mg,50 stk.,Hart forðahylki,517162,L04AD02,Heilsa ehf,,2024-10-01,2024-11-18,2024-10-01,resolved,Samheitalyf er á markaði / fáanlegt.,2026-09-23T20:59:59.524446,96164
IS,Iceland,Lyfjastofnun,Sandimmun,Ciclosporinum INN,50 mg/ml,5 ml,"Innrennslisþykkni, lausn",004002,L04AD01,Novartis Healthcare A/S,Vistor hf,2024-10-01,2024-10-14,2024-09-24,resolved,Önnur lyfjaform eru á markaði / fáanleg.,2026-09-23T20:59:59.524998,
IS,Iceland,Lyfjastofnun,Myfenax (Heilsa),Mycophenolatum INN mofetil,500 mg,50 stk.,Filmuhúðuð tafla,194707,L04AA06,Heilsa ehf,,2024-10-01,2024-10-31,2024-10-01,resolved,Samheitalyf er á markaði / fáanlegt.,2026-09-23T20:59:59.525524,44369
IS,Iceland,Lyfjastofnun,APROKAM,Cefuroximum INN natríum,50 mg,50 mg,"Stungulyfsstofn, lausn",472338,S01AA27,Laboratoires THEA*,,2024-10-01,2024-10-02,2024-10-01,resolved,Ekkert sambærilegt lyf er á markaði / fáanlegt.,2026-09-23T20:59:59.526052,217069
IS,Iceland,Lyfjastofnun,Gabapentin Alvogen,,800 mg,100 stk.,Filmuhúðuð tafla,125246,N02BF01,Alvogen ehf.,,2024-10-01,2025-01-31,2024-07-30,afskráning,Aðrir styrkleikar og/eða samheitalyf eru á markaði / fáanlegir.,2026-09-23T20:59:59.526588,57568
IS,Iceland,Lyfjastofnun,Glucos Fresenius Kabi,Glucosum,100 mg/ml,500 ml,"Innrennslislyf, lausn",165859,B05BA03,Fresenius Kabi AB,Vistor hf,2024-10-01,2024-10-25,2024-10-01,resolved,Aðrir styrkleikar og pakkningastærðir eru á markaði / fáanlegir.,2026-09-23T20:59:59.527152,23884
IS,Iceland,Lyfjastofnun,Sporanox,Itraconazolum INN,100 mg,15 stk.,Hart hylki,153536,J02AC02,Janssen-Cilag AB,Vistor hf,2024-10-01,2024-10-23,2024-09-24,resolved,Aðrar pakkningastærðir eru á markaði / fáanlegar.,2026-09-23T20:59:59.527698,32336
IS,Iceland,Lyfjastofnun,Modigraf,Tacrolimusum INN,"0,2 mg",50 stk.,"Mixtúrukyrni, dreifa",059882,L04AD02,Astellas Pharma Europe B.V.,Vistor hf,2024-09-30,2024-10-08,2024-09-18,resolved,Aðrir styrkleikar eru á markaði / fáanlegir.,2026-09-23T20:59:59.528235,104698
IS,Iceland,Lyfjastofnun,Risperdal,Risperidonum INN,1 mg/ml,100 ml,"Mixtúra, lausn",070797,N05AX08,Janssen-Cilag AB,Vistor hf,2024-09-30,2024-10-23,2024-09-24,resolved,Önnur lyfjaform eru á markaði / fáanleg.,2026-09-23T20:59:59.528812,44016
IS,Iceland,Lyfjastofnun,Zopiclone Actavis,,"7,5 mg",500 stk.,Filmuhúðuð tafla,017193,N05CF01,Actavis Group PTC ehf.,Teva Pharma Iceland ehf.*,2024-09-30,2024-11-01,2024-08-26,afskráning,Aðrar pakkningastærðir eru á markaði / fáanlegar.,2026-09-23T20:59:59.529359,24732
IS,Iceland,Lyfjastofnun,Capecitabine medac,Capecitabinum INN,500 mg,120 stk.,Filmuhúðuð tafla,016918,L01BC06,medac Gesellschaft für klinische Spezialpräparate GmbH,,2024-09-30,2024-10-01,2024-09-18,resolved,Samheitalyf er á markaði / fáanlegt.,2026-09-23T20:59:59.529885,59366
IS,Iceland,Lyfjastofnun,Ritalin Uno,Methylphenidatum INN hýdróklóríð,60 mg,30 stk.,Hart hylki með breyttan losunarhraða,501364,N06BA04,InfectoPharm Arzneimittel und Consilium GmbH*,Vistor hf,2024-09-28,2024-10-01,2024-09-18,resolved,Aðrir styrkleikar og/eða samheitalyf eru á markaði / fáanlegir.,2026-09-23T20:59:59.530422,118397
IS,Iceland,Lyfjastofnun,Lixiana,Edoxabanum INN tósilat,15 mg,10 stk.,Filmuhúðuð tafla,056500,B01AF03,DAIICHI SANKYO EUROPE GmbH*,Vistor hf,2024-09-28,2024-10-22,2024-09-30,resolved,Aðrir styrkleikar eru á markaði / fáanlegir. Töfluna má mylja og blanda í vatn eða eplamauk rétt áður en hún er tekin inn,2026-09-23T20:59:59.530988,128171
IS,Iceland,Lyfjastofnun,IMBRUVICA,Ibrutinibum INN,560 mg,28 stk.,Filmuhúðuð tafla,459405,L01EL01,Janssen-Cilag International NV*,Vistor hf,2024-09-27,2024-10-23,2024-09-24,resolved,Aðrir styrkleikar eru á markaði / fáanlegir.,2026-09-23T20:59:59.531553,87165
IS,Iceland,Lyfjastofnun,Laxoberal,Natrii picosulfas INN,"7,5 mg/ml",30 ml,"Dropar til inntöku, lausn",427765,A06AB08,Opella Healthcare France S.A.S.,STADA Nordic ApS.,2024-09-27,2024-12-09,2024-08-15,resolved,Samheitalyf er á markaði / fáanlegt.,2026-09-23T20:59:59.532092,
IS,Iceland,Lyfjastofnun,Differin,Adapalenum INN,1 mg/g,60 g,Hlaup,021053,D10AD03,Galderma Nordic AB*,Icepharma hf,2024-09-27,2024-10-04,2024-09-20,resolved,Ekki til lyf með sama ATC númer en sambærilegt lyf í sama flokki er á markaði / fáanlegt.,2026-09-23T20:59:59.532632,118397
IS,Iceland,Lyfjastofnun,Visipaque,Iodixanolum INN,270 mg J/ml,100 ml,"Stungulyf, lausn",582882,V08AB09,GE Healthcare AS,Icepharma hf,2024-09-27,2024-10-03,2024-09-20,resolved,Aðrar pakkningastærðir eru á markaði / fáanlegar.,2026-09-23T20:59:59.533164,41602
IS,Iceland,Lyfjastofnun,Arixtra,Fondaparinux natríum,"5 mg/0,4 ml","0,4 ml","Stungulyf, lausn í áfylltri sprautu",585754,B01AX05,Viatris Healthcare Limited,Icepharma hf.*,2024-09-26,2024-10-28,2024-09-26,resolved,Aðrir styrkleikar eru á markaði / fáanlegir.,2026-09-23T20:59:59.533717,229148
IS,Iceland,Lyfjastofnun,MYDRANE,"Lidocainum INN hýdróklóríð, Phenylephrinum INN hýdróklóríð, Tropicamidum INN","0,2 mg/ml + 3,1 mg/ml + 10 mg/ml",20 stk.,"Stungulyf, lausn",380973,S01FA56,Laboratoires THEA*,,2024-09-25,2024-10-01,2024-09-18,resolved,Ekkert sambærilegt lyf er á markaði / fáanlegt.,2026-09-23T20:59:59.534239,217050
IS,Iceland,Lyfjastofnun,Atorvastatin Xiromed,Atorvastatin INN kalsíum tríhýdrat,10 mg,105 stk.,Filmuhúðuð tafla,589379,C10AA05,Medical Valley with subfirm Xiromed,,2024-09-25,2024-12-11,2024-09-26,resolved,Aðrar pakkningastærðir eru á markaði / fáanlegar.,2026-09-23T20:59:59.534760,98604
IS,Iceland,Lyfjastofnun,Spiolto Respimat,"Tiotropii bromidum INN, Olodaterolum INN hýdróklóríð","2,5/2,5 míkróg",30 skammtar,Innöndunarlausn,561745,R03AL06,Boehringer Ingelheim International GmbH*,Vistor hf,2024-09-25,2024-10-03,2024-09-18,resolved,Aðrar pakkningastærðir eru á markaði / fáanlegar.,2026-09-23T20:59:59.535298,48933
IS,Iceland,Lyfjastofnun,Wellbutrin Retard,Bupropionum INN hýdróklóríð,300 mg,30 stk.,Tafla með breyttan losunarhraða,080524,N06AX12,GlaxoSmithKline Pharma A/S,Vistor hf,2024-09-25,2024-10-01,2024-09-18,resolved,Aðrir styrkleikar og/eða samheitalyf eru á markaði / fáanlegir.,2026-09-23T20:59:59.535837,82899
IS,Iceland,Lyfjastofnun,Mekinist,Trametinibum INN,2 mg,30 stk.,Filmuhúðuð tafla,178273,L01EE01,Novartis Europharm Limited*,Vistor hf,2024-09-25,2024-10-14,2024-09-24,resolved,Aðrir styrkleikar eru á markaði / fáanlegir.,2026-09-23T20:59:59.536375,127884
IS,Iceland,Lyfjastofnun,Trimbow,"Formoterolum INN fúmarat, Glycopyrronii bromidum INN, Beclometasonum INN díprópíónat",172míkróg/5míkróg/9 míkróg,120 skammtar,"Innúðalyf, lausn",188056,R03AL09,Chiesi Farmaceutici S.p.A.*,Chiesi Pharma AB,2024-09-24,2024-09-30,2024-09-11,resolved,Aðrir styrkleikar eru á markaði / fáanlegir.,2026-09-23T20:59:59.536943,81043
IS,Iceland,Lyfjastofnun,Ceftazidim Fresenius Kabi,Ceftazidime pentahydrate,2000 mg,2 g,"Stungulyfs-/innrennslisstofn, lausn",049891,J01DD02,Fresenius Kabi AB,,2024-09-24,2024-10-30,2024-09-24,resolved,Samheitalyf er á markaði / fáanlegt.,2026-09-23T20:59:59.537477,82899
IS,Iceland,Lyfjastofnun,Taptiqom,"Tafluprostum INN, Timololum INN maleat",15 míkróg/ml + 5 mg/ ml,"0,3 ml","Augndropar, lausn í stakskammtaíláti",388898,S01ED51,Santen Oy,,2024-09-24,2024-11-28,2024-09-24,resolved,Aðrar pakkningastærðir eru á markaði / fáanlegar.,2026-09-23T20:59:59.538025,212237
IS,Iceland,Lyfjastofnun,Ceftazidim Fresenius Kabi,Ceftazidime pentahydrate,1000 mg,1 g,"Stungulyfsstofn, lausn",049879,J01DD02,Fresenius Kabi AB,,2024-09-24,2024-12-12,2024-09-24,resolved,Aðrir styrkleikar eru á markaði / fáanlegir.,2026-09-23T20:59:59.538550,48933
IS,Iceland,Lyfjastofnun,Natriumklorid Fresenius Kabi,Sodium chloride,9 mg/ml,100 ml,"Innrennslislyf, lausn",048028,B05BB01,Fresenius Kabi AB,Vistor hf,2024-09-24,2024-10-30,2024-09-24,resolved,Aðrar pakkningastærðir eru á markaði / fáanlegar.,2026-09-23T20:59:59.539136,24856
IS,Iceland,Lyfjastofnun,DOVATO,"Dolutegravirum INN, Lamivudinum INN",50 mg/300 mg,30 stk.,Filmuhúðuð tafla,578537,J05AR25,ViiV Healthcare BV,Vistor hf,2024-09-23,2024-10-28,2024-09-23,resolved,Ekki til lyf með sama ATC númer en sambærilegt lyf í sama flokki er á markaði / fáanlegt.,2026-09-23T20:59:59.539687,24856
IS,Iceland,Lyfjastofnun,Gabapenstad,Gabapentinum INN,300 mg,120 stk.,Hart hylki,584738,N02BF01,STADA Arzneimittel AG,,2024-09-23,2024-09-23,2024-07-30,resolved,Samheitalyf er á markaði / fáanlegt.,2026-09-23T20:59:59.540216,52825
IS,Iceland,Lyfjastofnun,Metformin Bluefish,Metforminum INN hýdróklóríð,500 mg,100 stk.,Filmuhúðuð tafla,162841,A10BA02,Bluefish Pharmaceuticals AB,Artasan ehf,2024-09-23,2024-09-26,2024-09-16,resolved,Samheitalyf er á markaði / fáanlegt.,2026-09-23T20:59:59.540763,
IS,Iceland,Lyfjastofnun,Fucidin (Heilsa),Acidum fusidicum INN,2 %,15 g,Krem,542865,D06AX01,Heilsa ehf.,,2024-09-23,2024-11-22,2024-08-30,resolved,Samheitalyf er á markaði / fáanlegt.,2026-09-23T20:59:59.541291,16705
IS,Iceland,Lyfjastofnun,Sitagliptin/Metformin Medical Valley,"Metforminum INN hýdróklóríð, Sitagliptinum INN hýdróklóríð",50mg/1000 mg,196 stk.,Filmuhúðuð tafla,584660,A10BD07,Medical Valley Invest AB,,2024-09-23,2024-12-19,2024-09-23,resolved,Samheitalyf er á markaði / fáanlegt.,2026-09-23T20:59:59.541841,218154
IS,Iceland,Lyfjastofnun,Galantamin STADA,Galantaminum INN brómíð,24 mg,84 stk.,Hart forðahylki,389404,N06DA04,STADA Arzneimittel AG,,2024-09-23,2100-12-31,2024-11-14,shortage,Undanþágulyf hefur verið útvegað.,2026-09-23T20:59:59.542375,76783
IS,Iceland,Lyfjastofnun,Engerix B,HEPATITIS B SURFACE ANTIGEN,,"0,5 ml","Stungulyf, dreifa",004502,J07BC01,GlaxoSmithKline Pharma A/S,Vistor hf,2024-09-23,2024-11-04,2024-06-19,resolved,Aðrir styrkleikar eru á markaði / fáanlegir.,2026-09-23T20:59:59.542932,58327
IS,Iceland,Lyfjastofnun,Inegy,"Simvastatinum INN, Ezetimibe",10/40 mg,28 stk.,Tafla,385238,C10BA02,N.V. Organon*,Vistor hf,2024-09-22,2024-11-01,2024-09-18,resolved,Aðrar pakkningastærðir eru á markaði / fáanlegar.,2026-09-23T20:59:59.543477,77046
IS,Iceland,Lyfjastofnun,Flutiform,"Fluticasonum INN própíónat, Formoterolum INN fúmarat",250 míkróg/10 míkróg,120 skammtar,"Innúðalyf, dreifa",452258,R03AK11,Mundipharma A/S,Icepharma hf.*,2024-09-20,2024-11-15,2024-09-20,resolved,Aðrir styrkleikar eru á markaði / fáanlegir.,2026-09-23T20:59:59.544019,102563
IS,Iceland,Lyfjastofnun,"Sterile Water Fresenius Kabi, leysir fyrir stungulyf",Water for injection,,10 ml,Leysir fyrir stungulyf,378030,V07AB,Fresenius Kabi AB,Vistor hf,2024-09-20,2024-10-02,2024-09-18,resolved,Aðrar pakkningastærðir eru á markaði / fáanlegar.,2026-09-23T20:59:59.544567,
IS,Iceland,Lyfjastofnun,Oncaspar,Pegaspargasum INN,750 ein./ml,3.750 ein.,"Stungulyfs-/innrennslisstofn, lausn",449842,L01XX24,Les Laboratoires Servier*,Icepharma hf.*,2024-09-20,2024-09-24,2024-09-20,resolved,Ekkert sambærilegt lyf er á markaði / fáanlegt.,2026-09-23T20:59:59.545122,148644
IS,Iceland,Lyfjastofnun,Opnol,Dexamethasonum INN fosfat,1 mg/ml,30 stk.,"Augndropar, lausn",091736,S01BA01,Karo Pharma AB*,Alvogen ehf.,2024-09-20,2024-10-30,2024-10-04,resolved,Samheitalyf er á markaði / fáanlegt.,2026-09-23T20:59:59.545670,214892
IS,Iceland,Lyfjastofnun,Natriumklorid Fresenius Kabi,Sodium chloride,9 mg/ml,250 ml,"Innrennslislyf, lausn",537465,B05BB01,Fresenius Kabi AB,Vistor hf,2024-09-20,2025-02-17,2024-09-18,resolved,Aðrar pakkningastærðir eru á markaði / fáanlegar.,2026-09-23T20:59:59.546218,27170
IS,Iceland,Lyfjastofnun,Alcaine,Proxymetacainum INN hýdróklóríð,5 mg/ml,15 ml,"Augndropar, lausn",132845,S01HA04,Alcon Nordic A/S,,2024-09-19,2024-10-18,2024-09-23,resolved,Undanþágulyf hefur verið útvegað.,2026-09-23T20:59:59.546748,
IS,Iceland,Lyfjastofnun,Wegovy,Semaglutidum INN,"1,7 mg FlexTouch",3 ml,"Stungulyf, lausn í áfylltum lyfjapenna",409687,A10BJ06,Novo Nordisk A/S*,,2024-09-19,2024-09-24,2024-09-18,resolved,Aðrir styrkleikar eru á markaði / fáanlegir.,2026-09-23T20:59:59.547286,223816
IS,Iceland,Lyfjastofnun,Visipaque,Iodixanolum INN,270 mg J/ml,50 ml,"Stungulyf, lausn",019121,V08AB09,GE Healthcare AS,Icepharma hf,2024-09-19,2024-09-30,2024-09-19,resolved,Aðrar pakkningastærðir eru á markaði / fáanlegar.,2026-09-23T20:59:59.547829,41599
IS,Iceland,Lyfjastofnun,Solifenacin Krka,Solifenacinum INN súkkínat,10 mg,30 stk.,Filmuhúðuð tafla,583888,G04BD08,"Krka, d.d., Novo mesto",,2024-09-19,2024-09-20,2024-08-16,resolved,Aðrar pakkningastærðir eru á markaði / fáanlegar.,2026-09-23T20:59:59.548354,24163
IS,Iceland,Lyfjastofnun,Flúoróúracil Accord,Fluorouracilum INN,50 mg/ml,100 ml,"Stungulyf/innrennslislyf, lausn",586959,L01BC02,Accord Healthcare B.V.,,2024-09-19,2024-10-07,2024-08-13,resolved,Undanþágulyf hefur verið útvegað.,2026-09-23T20:59:59.548918,129704
IS,Iceland,Lyfjastofnun,Xarelto,Rivaroxabanum INN,10 mg,100 x 1 stk.,Filmuhúðuð tafla,178223,B01AF01,Bayer AG*,Icepharma hf,2024-09-18,2024-11-01,2024-09-17,resolved,Aðrir styrkleikar og pakkningastærðir eru á markaði / fáanlegir.,2026-09-23T20:59:59.549479,88862
IS,Iceland,Lyfjastofnun,Maxalt Smelt,Rizatriptanum INN benzóat,10 mg,18 stk.,Frostþurrkuð tafla,527132,N02CC04,N.V. Organon*,Vistor hf,2024-09-18,2024-11-01,2024-09-11,resolved,Samheitalyf er á markaði / fáanlegt.,2026-09-23T20:59:59.550041,50520
IS,Iceland,Lyfjastofnun,Presmin Combo,"Losartanum INN kalíum, Hydrochlorothiazide",100/25 mg,98 stk.,Filmuhúðuð tafla,103642,C09DA01,Alvogen ehf.,,2024-09-18,2024-10-14,2024-09-24,resolved,Samheitalyf er á markaði / fáanlegt.,2026-09-23T20:59:59.550572,69302
IS,Iceland,Lyfjastofnun,Tasigna,Nilotinibum INN hýdróklóríð,200 mg,112 stk.,Hart hylki,113818,L01EA03,Novartis Europharm Limited*,Vistor hf,2024-09-17,2024-10-14,2024-10-01,resolved,Aðrir styrkleikar eru á markaði / fáanlegir.,2026-09-23T20:59:59.551129,230723
IS,Iceland,Lyfjastofnun,Gabapentin Alvogen,,300 mg,100 stk.,Hart hylki,410465,N02BF01,Alvogen ehf.,,2024-09-17,2024-10-29,2024-07-30,afskráning,Samheitalyf er á markaði / fáanlegt.,2026-09-23T20:59:59.551665,52825
IS,Iceland,Lyfjastofnun,Enerzair Breezhaler,"Mometasonum INN fúróat, Indacaterolum INN acetat, Glycopyrronii bromidum INN",114 míkróg/46 míkróg/136 míkróg,30x1 stk.,"Innöndunarduft, hart hylki",580713,R03AL12,Novartis Europharm Limited*,Vistor hf,2024-09-17,2024-10-31,2024-09-17,resolved,Ekki til lyf með sama ATC númer en sambærilegt lyf í sama flokki er á markaði / fáanlegt.,2026-09-23T20:59:59.552216,205117
IS,Iceland,Lyfjastofnun,TREVICTA,Paliperidonum INN palmítat,175 mg,"0,88 ml","Stungulyf, forðadreifa",493496,N05AX13,Janssen-Cilag International NV*,Vistor hf,2024-09-17,2024-10-19,2024-08-30,resolved,Aðrir styrkleikar eru á markaði / fáanlegir.,2026-09-23T20:59:59.552762,132535
IS,Iceland,Lyfjastofnun,Oxcarbazepin Jubilant,Oxcarbazepinum INN,600 mg,100 stk.,Filmuhúðuð tafla,114605,N03AF02,Jubilant Pharmaceuticals nv,,2024-09-17,2024-11-30,2024-09-17,resolved,Aðrir styrkleikar eru á markaði / fáanlegir.,2026-09-23T20:59:59.553291,56871
IS,Iceland,Lyfjastofnun,Sitagliptin/Metformin Medical Valley,"Sitagliptinum INN hýdróklóríð, Metforminum INN hýdróklóríð",50mg/850 mg,196 stk.,Filmuhúðuð tafla,165868,A10BD07,Medical Valley Invest AB,,2024-09-17,2024-12-11,2024-09-17,resolved,Samheitalyf er á markaði / fáanlegt.,2026-09-23T20:59:59.553820,218162
IS,Iceland,Lyfjastofnun,Flixotide,Fluticasonum INN própíónat,50 míkróg/skammt,120 skammtar,"Innúðalyf, dreifa",162933,R03BA05,GlaxoSmithKline Pharma A/S,Vistor hf,2024-09-17,2024-10-01,2024-09-10,resolved,Önnur lyfjaform eru á markaði / fáanleg.,2026-09-23T20:59:59.554374,27170
IS,Iceland,Lyfjastofnun,OxyNorm,Oxycodonum INN hýdróklóríð,10 mg/ml,2 ml,"Stungulyfs-/innrennslisþykkni, lausn",013628,N02AA05,Mundipharma A/S,Icepharma hf,2024-09-16,2024-11-04,2024-09-16,resolved,Aðrar pakkningastærðir eru á markaði / fáanlegar.,2026-09-23T20:59:59.554920,72761
IS,Iceland,Lyfjastofnun,Xonvea,"Pyridoxinum INN hýdróklóríð, Doxylaminii INN hýdrógen súkkínat",10 mg/10 mg,20 stk.,Magasýruþolin tafla,436006,R06AA59,CampusPharma AB,,2024-09-16,2024-09-26,2024-09-13,resolved,Ekki til lyf með sama ATC númer en sambærilegt lyf í sama flokki er á markaði / fáanlegt.,2026-09-23T20:59:59.555449,204358
IS,Iceland,Lyfjastofnun,Norgesic,"Orphenadrinum INN cítrat, Paracetamolum INN",35+450 mg,30 stk.,Tafla,520759,M03BC51,Viatris ApS,Icepharma hf.*,2024-09-16,2024-09-30,2024-09-04,resolved,Aðrar pakkningastærðir eru á markaði / fáanlegar.,2026-09-23T20:59:59.556003,
IS,Iceland,Lyfjastofnun,Ondansetron STADA,Ondansetronum INN hýdróklóríð,8 mg,30 stk.,Filmuhúðuð tafla,024040,A04AA01,STADA Arzneimittel AG,,2024-09-16,2024-11-20,2024-09-26,resolved,Aðrar pakkningastærðir eru á markaði / fáanlegar.,2026-09-23T20:59:59.556536,31518
IS,Iceland,Lyfjastofnun,Terrosa,Teriparatidum INN,20 míkróg/80 míkról,28 skammtar,"Stungulyf, lausn",126559,H05AA02,Gedeon Richter Plc.*,,2024-09-15,2024-10-01,2024-08-06,resolved,Aðrar pakkningastærðir eru á markaði / fáanlegar.,2026-09-23T20:59:59.557063,
IS,Iceland,Lyfjastofnun,Protopic,Tacrolimusum INN,"0,1 %",30 g,Smyrsli,473968,D11AH01,LEO Pharma A/S*,Vistor hf,2024-09-13,2024-09-30,2024-09-11,resolved,"Aðrir styrkleikar eru á markaði / fáanlegir. Protopic smyrsli 0,03% er fáanlegt",2026-09-23T20:59:59.557614,53708
IS,Iceland,Lyfjastofnun,Procoralan,Ivabradinum INN hýdróklóríð,5 mg,56 stk.,Filmuhúðuð tafla,041086,C01EB17,Les Laboratoires Servier*,Icepharma hf,2024-09-12,2024-09-13,2024-09-12,resolved,Undanþágulyf hefur verið útvegað.,2026-09-23T20:59:59.558167,198161
IS,Iceland,Lyfjastofnun,SmofKabiven Perifer,Blanda,,1206 ml,"Innrennslislyf, fleyti",154706,B05BA10,Fresenius Kabi AB,Vistor hf,2024-09-12,2024-10-07,2024-08-30,resolved,Aðrir styrkleikar eru á markaði / fáanlegir.,2026-09-23T20:59:59.558738,91642
IS,Iceland,Lyfjastofnun,Zalasta,Olanzapinum INN,15 mg,28 stk.,Tafla,442407,N05AH03,Krka d.d. Novo mesto*,,2024-09-11,2025-01-03,2024-09-16,resolved,Samheitalyf er á markaði / fáanlegt.,2026-09-23T20:59:59.559265,61131
IS,Iceland,Lyfjastofnun,Enerzair Breezhaler,"Mometasonum INN fúróat, Indacaterolum INN acetat, Glycopyrronii bromidum INN",114 míkróg/46 míkróg/136 míkróg,90x1 stk.,"Innöndunarduft, hart hylki",398265,R03AL12,Novartis Europharm Limited*,Vistor hf,2024-09-11,2024-10-15,2024-09-23,resolved,Ekki til lyf með sama ATC númer en sambærilegt lyf í sama flokki er á markaði / fáanlegt.,2026-09-23T20:59:59.559809,205117
IS,Iceland,Lyfjastofnun,Risperdal Consta,Risperidonum INN,50 mg,50 mg,"Stungulyfsstofn og leysir, forðadreifa",599462,N05AX08,Janssen-Cilag AB,Vistor hf,2024-09-11,2024-09-17,2024-08-30,resolved,Aðrir styrkleikar eru á markaði / fáanlegir.,2026-09-23T20:59:59.560357,68284
IS,Iceland,Lyfjastofnun,Gemcitabine WH,Gemcitabinum INN hýdróklóríð,1000 mg,1000 mg,"Innrennslisstofn, lausn",579322,L01BC05,Williams & Halls ehf.*,,2024-09-11,2024-10-03,2024-09-11,resolved,Undanþágulyf hefur verið útvegað.,2026-09-23T20:59:59.560883,101745
IS,Iceland,Lyfjastofnun,Imdur,Isosorbidi mononitras INN,30 mg,98 stk.,Forðatafla,524223,C01DA14,TopRidge Pharma (Ireland) Limited,Navamedic AB,2024-09-10,2024-09-16,2024-09-10,resolved,Aðrir styrkleikar eru á markaði / fáanlegir.,2026-09-23T20:59:59.561426,101745
IS,Iceland,Lyfjastofnun,Emend,,80+125 mg,1+2 stk.,Hart hylki,017331,A04AD12,Merck Sharp & Dohme B.V.*,Vistor hf,2024-09-10,2024-12-01,2024-09-11,afskráning,Samheitalyf er á markaði / fáanlegt.,2026-09-23T20:59:59.561968,
IS,Iceland,Lyfjastofnun,Zypadhera,Olanzapinum INN,210 mg,210 mg,"Stungulyfsstofn og leysir, forðadreifa",027976,N05AH03,"CHEPLAPHARM Registration GmbH,",,2024-09-10,2024-09-16,2024-09-05,resolved,Aðrir styrkleikar eru á markaði / fáanlegir.,2026-09-23T20:59:59.562494,90190
IS,Iceland,Lyfjastofnun,Cefuroxim Fresenius Kabi,Cefuroximum INN natríum,750 mg,15 ml,"Stungulyfs-/innrennslisstofn, lausn",079017,J01DC02,Fresenius Kabi AB,,2024-09-09,2024-10-01,2024-09-10,resolved,Aðrir styrkleikar eru á markaði / fáanlegir.,2026-09-23T20:59:59.563020,8192
IS,Iceland,Lyfjastofnun,Felodipine Alvogen,,"2,5 mg",100 stk.,Forðatafla,431298,C08CA02,Alvogen ehf.,,2024-09-09,2024-11-25,2024-08-13,afskráning,Ekki til lyf með sama ATC númer en sambærilegt lyf í sama flokki er á markaði / fáanlegt.,2026-09-23T20:59:59.563546,35726
IS,Iceland,Lyfjastofnun,Daktacort,"Miconazolum INN nítrat, Hydrocortisonum INN",20 mg/g + 10 mg/g,15 g,Krem,539783,D01AC20,McNeil Sweden AB,Vistor hf,2024-09-09,2024-09-13,2024-09-09,resolved,Aðrar pakkningastærðir eru á markaði / fáanlegar.,2026-09-23T20:59:59.564089,3573
IS,Iceland,Lyfjastofnun,Daktacort,"Miconazolum INN nítrat, Hydrocortisonum INN",20 mg/g + 10 mg/g,50 g,Krem,434670,D01AC20,McNeil Sweden AB,Vistor hf,2024-09-09,2024-09-13,2024-09-09,resolved,Ekki til lyf með sama ATC númer en sambærilegt lyf í sama flokki er á markaði / fáanlegt.,2026-09-23T20:59:59.564632,3573
IS,Iceland,Lyfjastofnun,Celecoxib Actavis,Celecoxibum INN,200 mg,20 stk.,Hart hylki,469847,M01AH01,Actavis Group PTC ehf.,Teva Pharma Iceland ehf.*,2024-09-09,2025-03-31,2024-11-26,resolved,Samheitalyf er á markaði / fáanlegt.,2026-09-23T20:59:59.565179,59005
IS,Iceland,Lyfjastofnun,NovoRapid,Insulinum aspartum INN,100 ein./ml,10 ml,"Stungulyf, lausn",002208,A10AB05,Novo Nordisk A/S*,Vistor hf,2024-09-09,2024-09-11,2024-07-01,resolved,Önnur lyfjaform eru á markaði / fáanleg.,2026-09-23T20:59:59.565730,53880
IS,Iceland,Lyfjastofnun,EpiPen Jr.,Adrenalinum (Epinephrinum INN),150 míkróg,1 stk.,"Stungulyf, lausn",434837,C01CA24,Viatris ApS,Icepharma hf.*,2024-09-09,2024-09-12,2024-09-09,resolved,Ekki til lyf með sama ATC númer en sambærilegt lyf í sama flokki er á markaði / fáanlegt.,2026-09-23T20:59:59.566281,145289
IS,Iceland,Lyfjastofnun,Simbrinza,"Brinzolamidum INN, Brimonidine tartrate",10 mg/ml + 2 mg/ml,5 ml,"Augndropar, dreifa",387012,S01EC54,Novartis Europharm Limited*,Vistor hf,2024-09-09,2025-02-14,2024-07-03,resolved,Undanþágulyf hefur verið útvegað.,2026-09-23T20:59:59.566825,212288
IS,Iceland,Lyfjastofnun,Arixtra,Fondaparinux natríum,"7,5 mg/0,6 ml","0,6 ml","Stungulyf, lausn í áfylltri sprautu",403966,B01AX05,Viatris Healthcare Limited,Icepharma hf.*,2024-09-09,2024-11-01,2024-09-09,resolved,Aðrir styrkleikar eru á markaði / fáanlegir.,2026-09-23T20:59:59.567376,228044
IS,Iceland,Lyfjastofnun,Levemir Penfill,Insulinum detemirum INN,100 ein./ml,3 ml,"Stungulyf, lausn í rörlykju",015448,A10AE05,Novo Nordisk A/S*,Vistor hf,2024-09-08,2024-09-23,2024-09-02,resolved,Önnur lyfjaform eru á markaði / fáanleg.,2026-09-23T20:59:59.567914,35726
IS,Iceland,Lyfjastofnun,Glypressin,Terlipressinum INN  acetat,1 mg/hgl.,1 mg,"Stungulyfsstofn og leysir, lausn",031942,H01BA04,Ferring Lægemidler A/S,,2024-09-06,2024-09-16,2024-09-09,resolved,Ekkert sambærilegt lyf er á markaði / fáanlegt.,2026-09-23T20:59:59.568443,44423
IS,Iceland,Lyfjastofnun,Fucidin (Heilsa),Acidum fusidicum INN,2 %,15 g,Smyrsli,118060,D06AX01,Heilsa ehf.,,2024-09-06,2024-09-20,2024-08-30,resolved,Samheitalyf er á markaði / fáanlegt.,2026-09-23T20:59:59.568998,141003
IS,Iceland,Lyfjastofnun,"Sterile Water Fresenius Kabi, leysir fyrir stungulyf",Water for injection,,10 ml,Leysir fyrir stungulyf,378030,V07AB,Fresenius Kabi AB,Vistor hf,2024-09-06,2024-09-20,2024-08-30,resolved,Aðrar pakkningastærðir eru á markaði / fáanlegar.,2026-09-23T20:59:59.569560,
IS,Iceland,Lyfjastofnun,Symbicort Turbuhaler (Heilsa),"Budesonidum INN, Formoterolum INN","160/4,5 míkróg/skammt",120 skammtar,Innöndunarduft,144418,R03AK07,Heilsa ehf.,,2024-09-06,2024-10-21,2024-08-30,resolved,Samheitalyf er á markaði / fáanlegt.,2026-09-23T20:59:59.570096,66451
IS,Iceland,Lyfjastofnun,Revolade,Eltrombopagum olaminum INN,25 mg,28 stk.,Filmuhúðuð tafla,089089,B02BX05,Novartis Europharm Limited*,Vistor hf,2024-09-05,2024-09-16,2024-09-09,resolved,Aðrir styrkleikar eru á markaði / fáanlegir.,2026-09-23T20:59:59.570647,93963
IS,Iceland,Lyfjastofnun,Citanest Dental Octapressin,"Prilocainum INN hýdróklóríð, Felypressinum INN","30 mg + 0,54 míkróg/ ml","1,8 ml","Stungulyf, lausn",009942,N01BB54,DENTSPLY DeTrey GmbH*,Vistor hf,2024-09-05,2024-09-17,2024-08-30,resolved,Ekki til lyf með sama ATC númer en sambærilegt lyf í sama flokki er á markaði / fáanlegt.,2026-09-23T20:59:59.571195,61603
IS,Iceland,Lyfjastofnun,Risperdal Consta,Risperidonum INN,25 mg,25 mg,"Stungulyfsstofn og leysir, forðadreifa",543274,N05AX08,Janssen-Cilag AB,Vistor hf,2024-09-05,2024-09-17,2024-08-30,resolved,Samheitalyf er á markaði / fáanlegt.,2026-09-23T20:59:59.571749,68268
IS,Iceland,Lyfjastofnun,Certican,Everolimusum INN,"0,5 mg",60 stk.,Tafla,014859,L04AH02,Novartis Healthcare A/S,Vistor hf,2024-09-04,2024-09-16,2024-09-04,resolved,Aðrir styrkleikar eru á markaði / fáanlegir.,2026-09-23T20:59:59.572294,69507
IS,Iceland,Lyfjastofnun,Hyprosan,Hypromellosum INN,"3,2 mg/ml",10 ml,"Augndropar, lausn",188338,S01XA20,Santen Oy,,2024-09-04,2024-10-14,2024-09-04,resolved,Aðrar pakkningastærðir eru á markaði / fáanlegar.,2026-09-23T20:59:59.572826,221295
IS,Iceland,Lyfjastofnun,Oftaquix,Levofloxacinum INN hemihýdrat,5 mg/ml,"0,3 ml","Augndropar, lausn í stakskammtaíláti",085205,S01AE05,Santen Oy*,Icepharma hf,2024-09-04,2024-11-28,2024-09-04,resolved,Aðrar pakkningastærðir og lyfjaform eru á markaði / fáanlegar.,2026-09-23T20:59:59.573383,
IS,Iceland,Lyfjastofnun,Glucos Fresenius Kabi,Glucosum,50 mg/ml,500 ml,"Innrennslislyf, lausn",164256,B05BA03,Fresenius Kabi AB,Vistor hf,2024-09-03,2024-10-25,2024-08-30,resolved,Aðrir styrkleikar og pakkningastærðir eru á markaði / fáanlegir.,2026-09-23T20:59:59.573935,23361
IS,Iceland,Lyfjastofnun,Escitalopram Bluefish,Escitalopramum INN oxalat,10 mg,98 stk.,Filmuhúðuð tafla,463262,N06AB10,Bluefish Pharmaceuticals AB,Artasan ehf,2024-09-03,2024-11-16,2024-08-01,resolved,Aðrir styrkleikar og/eða samheitalyf eru á markaði / fáanlegir.,2026-09-23T20:59:59.574482,74969
IS,Iceland,Lyfjastofnun,Norspan,Buprenorphinum INN,10 míkróg/klst.,4 stk.,Forðaplástur,017266,N02AE01,Mundipharma A/S,Icepharma hf,2024-09-03,2024-10-24,2024-05-30,resolved,Samheitalyf er á markaði / fáanlegt.,2026-09-23T20:59:59.575038,89419
IS,Iceland,Lyfjastofnun,Aritavi,Duloxetinum INN hýdróklóríð,30 mg,100 stk.,Magasýruþolið hart hylki,042628,N06AX21,Teva B.V.*,Teva Pharma Iceland ehf.*,2024-09-02,2024-11-01,2024-08-26,resolved,Aðrar pakkningastærðir eru á markaði / fáanlegar.,2026-09-23T20:59:59.575589,79057
IS,Iceland,Lyfjastofnun,Pirfenidone axunio,Pirfenidonum INN,801 mg,84 stk.,Filmuhúðuð tafla,423926,L04AX05,Axunio Pharma GmbH,,2024-09-02,2024-09-19,2024-09-03,resolved,Aðrir styrkleikar eru á markaði / fáanlegir.,2026-09-23T20:59:59.576135,141003
IS,Iceland,Lyfjastofnun,Ondansetron Bluefish,Ondansetronum INN hýdróklóríð,8 mg,50 stk.,Filmuhúðuð tafla,039395,A04AA01,Bluefish Pharmaceuticals AB,Artasan ehf,2024-09-02,2024-10-16,2024-09-10,resolved,Aðrar pakkningastærðir eru á markaði / fáanlegar.,2026-09-23T20:59:59.576684,31518
IS,Iceland,Lyfjastofnun,Gabagen,Gabapentinum INN,400 mg,100 stk.,Hart hylki,160379,N02BF01,Alvogen ehf.,,2024-09-02,2026-09-30,2024-10-04,shortage,Samheitalyf er á markaði / fáanlegt.,2026-09-23T20:59:59.577220,52833
IS,Iceland,Lyfjastofnun,Botox (Abacus Medicine),Botulinum Toxin Type A,100 Allergan ein.,1 stk.,"Stungulyfsstofn, lausn",527740,M03AX01,Abacus Medicine A/S,,2024-09-01,2100-12-31,2024-08-19,shortage,Samheitalyf er á markaði / fáanlegt.,2026-09-23T20:59:59.577754,40436
IS,Iceland,Lyfjastofnun,Oyavas,Bevacizumabum INN,25 mg/ml,4 ml,"Innrennslisþykkni, lausn",441441,L01FG01,STADA Arzneimittel AG,,2024-09-01,2100-01-31,2024-10-07,shortage,"Sérpöntun / útboðslyf. Sérpöntun, útboðslyf ekki í fyrsta sæti",2026-09-23T20:59:59.578286,76910
IS,Iceland,Lyfjastofnun,Imatinib Krka d.d.,Imatinibum INN mesýlat,100 mg,60 stk.,Filmuhúðuð tafla,108465,L01EA01,Krka d.d. Novo mesto*,,2024-09-01,2100-12-31,2024-09-09,shortage,"Um er að ræða lyf sem er að jafnaði ekki til á lager, en heildsala mun panta það ef þörf er á. Samheitalyf er fáanlegt",2026-09-23T20:59:59.578854,71293
IS,Iceland,Lyfjastofnun,Imatinib Krka d.d.,Imatinibum INN mesýlat,400 mg,30 stk.,Filmuhúðuð tafla,174141,L01EA01,Krka d.d. Novo mesto*,,2024-09-01,2025-05-12,2024-09-09,resolved,". Sérpöntun, útboðslyf ekki fyrsta val",2026-09-23T20:59:59.579380,71307
IS,Iceland,Lyfjastofnun,Tafil,Alprazolamum INN,"0,5 mg",20 stk.,Tafla,073858,N05BA12,Upjohn EESV,Icepharma hf.*,2024-09-01,2024-09-25,2024-08-19,resolved,Aðrir styrkleikar og/eða samheitalyf eru á markaði / fáanlegir.,2026-09-23T20:59:59.579921,76910
IS,Iceland,Lyfjastofnun,"Drontal, vet.","Pyrantelum INN embónat, Praziquantelum INN",230 mg/20 mg,24 stk.,Filmuhúðuð tafla,080447,QP52AA51,Vetoquinol S.A.,Equidan Vetline,2024-09-01,2025-02-01,2024-10-07,resolved,Aðrar pakkningastærðir eru á markaði / fáanlegar.,2026-09-23T20:59:59.580472,
IS,Iceland,Lyfjastofnun,Aimovig (Abacus Medicine),Erenumabum INN,140 mg,1 ml,"Stungulyf, lausn í áfylltum lyfjapenna",060522,N02CD01,Abacus Medicine A/S,Abacus Medicine Hungary Kft.,2024-09-01,2024-11-30,2024-08-19,resolved,Samheitalyf er á markaði / fáanlegt.,2026-09-23T20:59:59.581023,209333
IS,Iceland,Lyfjastofnun,Aimovig (Abacus Medicine),Erenumabum INN,70 mg,1 ml,"Stungulyf, lausn í áfylltum lyfjapenna",173917,N02CD01,Abacus Medicine A/S,Abacus Medicine Hungary Kft.,2024-09-01,2024-11-30,2024-08-19,resolved,Samheitalyf er á markaði / fáanlegt.,2026-09-23T20:59:59.581572,209341
IS,Iceland,Lyfjastofnun,Methylphenidate Teva,Methylphenidatum INN hýdróklóríð,40 mg,30 stk.,Hart hylki með breyttan losunarhraða,372531,N06BA04,Teva B.V.*,Teva Pharma Iceland ehf.*,2024-09-01,2025-03-14,2024-08-26,resolved,Samheitalyf er á markaði / fáanlegt.,2026-09-23T20:59:59.582108,83062
IS,Iceland,Lyfjastofnun,Oyavas,Bevacizumabum INN,25 mg/ml,16 ml,"Innrennslisþykkni, lausn",441579,L01FG01,STADA Arzneimittel AG,,2024-09-01,2100-01-31,2024-10-07,shortage,Sérpöntun / útboðslyf.,2026-09-23T20:59:59.582632,76929
IS,Iceland,Lyfjastofnun,Polivy,Polatuzumabum vedotinum INN,30 mg,30 mg,"Stofn fyrir innrennslisþykkni, lausn",458140,L01FX14,Roche Registration GmbH*,Icepharma hf.*,2024-08-30,2024-09-15,2024-08-30,resolved,Aðrir styrkleikar eru á markaði / fáanlegir.,2026-09-23T20:59:59.583179,207195
IS,Iceland,Lyfjastofnun,Tramadol Krka,Tramadol hydrochloride,100 mg,100 stk.,Forðatafla,040092,N02AX02,"Krka, d.d., Novo mesto",,2024-08-30,2024-09-27,2024-08-16,resolved,Samheitalyf er á markaði / fáanlegt.,2026-09-23T20:59:59.583715,50431
IS,Iceland,Lyfjastofnun,Jivi,Damoctocogum alfa pegolum INN,1000 a.e.,1000 a.e.,"Stungulyfsstofn, lausn",084599,B02BD02,Bayer AG*,Icepharma hf.*,2024-08-30,2024-11-29,2024-08-27,resolved,Aðrir styrkleikar eru á markaði / fáanlegir.,2026-09-23T20:59:59.584257,76929
IS,Iceland,Lyfjastofnun,Trileptal,Oxcarbazepinum INN,150 mg,100 stk.,Filmuhúðuð tafla,552901,N03AF02,Novartis Healthcare A/S,Vistor hf,2024-08-30,2024-10-14,2024-08-23,resolved,Aðrir styrkleikar eru á markaði / fáanlegir.,2026-09-23T20:59:59.584800,
IS,Iceland,Lyfjastofnun,Clariscan,Acidum gadotericum INN,"0,5 mmól/ml",20 ml,"Stungulyf, lausn í áfylltri sprautu",157745,V08CA02,GE Healthcare AS,Icepharma hf.*,2024-08-29,2024-08-30,2024-08-02,resolved,Aðrar pakkningastærðir eru á markaði / fáanlegar.,2026-09-23T20:59:59.585345,218111
IS,Iceland,Lyfjastofnun,Entresto,"Sacubitrilum INN, Valsartanum INN",97 mg/103 mg,56 stk.,Filmuhúðuð tafla,466739,C09DX04,Novartis Europharm Limited*,Vistor hf,2024-08-29,2024-09-20,2024-08-30,resolved,Aðrar pakkningastærðir eru á markaði / fáanlegar.,2026-09-23T20:59:59.585883,141011
IS,Iceland,Lyfjastofnun,Metformin Actavis,Metforminum INN hýdróklóríð,1000 mg,60 stk.,Filmuhúðuð tafla,405998,A10BA02,Actavis Group PTC ehf.,Teva Pharma Iceland ehf.*,2024-08-29,2025-05-01,2024-08-26,resolved,Samheitalyf er á markaði / fáanlegt.,2026-09-23T20:59:59.586438,60674
IS,Iceland,Lyfjastofnun,Benepali,Etanerceptum INN,50 mg,50 mg,"Stungulyf, lausn í áfylltum lyfjapenna",473957,L04AB01,Samsung Bioepis NL B.V.,Icepharma hf.*,2024-08-29,2024-09-02,2024-07-02,resolved,Aðrir styrkleikar og lyfjaform eru á markaði / fáanlegir.,2026-09-23T20:59:59.586975,106321
IS,Iceland,Lyfjastofnun,Tadalafil Krka,Tadalafil,10 mg,12 stk.,Filmuhúðuð tafla,062347,G04BE08,"Krka, d.d., Novo mesto",,2024-08-28,2024-10-18,2024-06-28,resolved,Aðrar pakkningastærðir eru á markaði / fáanlegar.,2026-09-23T20:59:59.587502,68233
IS,Iceland,Lyfjastofnun,Clarithromycin Alvogen,,500 mg,14 stk.,Filmuhúðuð tafla,499865,J01FA09,Alvogen ehf.,,2024-08-28,2024-10-31,2024-05-28,afskráning,Undanþágulyf hefur verið útvegað.,2026-09-23T20:59:59.588024,39977
IS,Iceland,Lyfjastofnun,Fibryga,Human Fibrinogen,1 g,1 g,"Stungulyfs-/innrennslisstofn og leysir, lausn",099327,B02BB01,Octapharma AB,,2024-08-28,2024-09-16,2024-08-28,resolved,Ekkert sambærilegt lyf er á markaði / fáanlegt.,2026-09-23T20:59:59.588545,118974
IS,Iceland,Lyfjastofnun,Visipaque,Iodixanolum INN,270 mg J/ml,50 ml,"Stungulyf, lausn",019121,V08AB09,GE Healthcare AS,Icepharma hf,2024-08-28,2024-08-30,2024-08-02,resolved,Aðrir styrkleikar og pakkningastærðir eru á markaði / fáanlegir.,2026-09-23T20:59:59.589111,41599
IS,Iceland,Lyfjastofnun,Sandimmun,Ciclosporinum INN,50 mg/ml,5 ml,"Innrennslisþykkni, lausn",004002,L04AD01,Novartis Healthcare A/S,Vistor hf,2024-08-27,2024-09-20,2024-08-28,resolved,Önnur lyfjaform eru á markaði / fáanleg.,2026-09-23T20:59:59.589661,
IS,Iceland,Lyfjastofnun,Methylphenidate Teva,Methylphenidatum INN hýdróklóríð,30 mg,30 stk.,Hart hylki með breyttan losunarhraða,469152,N06BA04,Teva B.V.*,Teva Pharma Iceland ehf.*,2024-08-26,2025-01-06,2024-08-26,resolved,Samheitalyf er á markaði / fáanlegt.,2026-09-23T20:59:59.590213,81671
IS,Iceland,Lyfjastofnun,Euthyrox,Levothyroxinum INN natríum,50 míkróg,100 stk.,Tafla,471066,H03AA01,Merck AB,Vistor ehf,2024-08-26,2024-09-26,2024-08-23,resolved,Aðrir styrkleikar eru á markaði / fáanlegir.,2026-09-23T20:59:59.590787,
IS,Iceland,Lyfjastofnun,Valaciclovir Bluefish,Valaciclovirum INN hýdróklóríð,500 mg,42 stk.,Filmuhúðuð tafla,152675,J05AB11,Bluefish Pharmaceuticals AB,Artasan ehf,2024-08-23,2024-11-11,2024-08-01,resolved,Samheitalyf er á markaði / fáanlegt.,2026-09-23T20:59:59.591346,42080
IS,Iceland,Lyfjastofnun,Letrozol Actavis,Letrozolum INN,"2,5 mg",100 stk.,Filmuhúðuð tafla,073708,L02BG04,Actavis Group PTC ehf.,Teva Pharma Iceland ehf.*,2024-08-23,2024-08-23,2024-07-05,resolved,Samheitalyf er á markaði / fáanlegt.,2026-09-23T20:59:59.591906,47724
IS,Iceland,Lyfjastofnun,Zeposia,Ozanimodum INN,"0,92 mg",28 stk.,Hart hylki,165072,L04AE02,Bristol-Myers Squibb Pharma EEIG*,Vistor hf,2024-08-23,2024-08-28,2024-08-23,resolved,Aðrir styrkleikar eru á markaði / fáanlegir.,2026-09-23T20:59:59.592461,203939
IS,Iceland,Lyfjastofnun,Betahistine Alvogen,,16 mg,100 stk.,Tafla,507834,N07CA01,Alvogen ehf.,,2024-08-22,2025-01-01,2024-05-16,afskráning,Undanþágulyf hefur verið útvegað.,2026-09-23T20:59:59.592994,27413
IS,Iceland,Lyfjastofnun,Presmin Combo,"Losartanum INN kalíum, Hydrochlorothiazide","50/12,5 mg",98 stk.,Filmuhúðuð tafla,103633,C09DA01,Alvogen ehf.,,2024-08-22,2024-10-14,2024-07-02,resolved,Samheitalyf er á markaði / fáanlegt.,2026-09-23T20:59:59.593532,69299
IS,Iceland,Lyfjastofnun,Mycamine,Micafunginum INN natríum,50 mg,50 mg,"Stofn fyrir innrennslisþykkni, lausn",158608,J02AX05,Sandoz Pharmaceuticals d.d.,,2024-08-22,2024-12-16,2024-09-18,resolved,Aðrir styrkleikar eru á markaði / fáanlegir.,2026-09-23T20:59:59.594071,47724
IS,Iceland,Lyfjastofnun,Protaminsulphat LEO Pharma,Protamini sulfas INN,10 mg/ml,5 ml,"Stungulyf, lausn",035024,V03AB14,LEO Pharma A/S*,Vistor hf,2024-08-21,2024-08-21,2024-08-16,resolved,Ekkert sambærilegt lyf er á markaði / fáanlegt.,2026-09-23T20:59:59.594631,93246
IS,Iceland,Lyfjastofnun,Orfiril Retard,Natrii valproas,300 mg,100 stk.,Forðatafla,526376,N03AG01,Desitin Arzneimittel GmbH,Vistor hf,2024-08-21,2024-09-18,2024-08-08,resolved,Undanþágulyf hefur verið útvegað.,2026-09-23T20:59:59.595186,29882
IS,Iceland,Lyfjastofnun,Methylphenidate STADA,Methylphenidatum INN hýdróklóríð,30 mg,30 stk.,Hart hylki með breyttan losunarhraða,186236,N06BA04,STADA Arzneimittel AG,,2024-08-21,2025-05-02,2024-07-17,resolved,Samheitalyf er á markaði / fáanlegt.,2026-09-23T20:59:59.595727,82244
IS,Iceland,Lyfjastofnun,Fucidin-Hydrocortison,"Acidum fusidicum INN, Hydrocortisonum INN acetat",20 mg/g + 10 mg/g,30 g,Krem,445155,D07CA01,LEO Pharma A/S*,Vistor hf,2024-08-21,2024-08-21,2024-08-16,resolved,Ekki til lyf með sama ATC númer en sambærilegt lyf í sama flokki er á markaði / fáanlegt.,2026-09-23T20:59:59.596286,58114
IS,Iceland,Lyfjastofnun,Zarator,Atorvastatin calcium,80 mg,100 stk.,Filmuhúðuð tafla,001239,C10AA05,Viatris ApS,Icepharma hf.*,2024-08-19,2024-08-27,2024-07-16,resolved,Samheitalyf er á markaði / fáanlegt.,2026-09-23T20:59:59.596854,98639
IS,Iceland,Lyfjastofnun,NovoRapid Penfill,Insulinum aspartum INN,100 ein./ml,3 ml,"Stungulyf, lausn í rörlykju",031849,A10AB05,Novo Nordisk A/S*,Vistor hf,2024-08-19,2024-09-09,2024-08-09,resolved,Samheitalyf er á markaði / fáanlegt.,2026-09-23T20:59:59.597407,53902
IS,Iceland,Lyfjastofnun,Metojectpen,Methotrexatum INN,15 mg,15 mg,"Stungulyf, lausn í áfylltum lyfjapenna",068903,L04AX03,medac Gesellschaft für klinische Spezialpräparate GmbH,,2024-08-19,2024-09-02,2024-08-07,resolved,Aðrir styrkleikar og lyfjaform eru á markaði / fáanlegir.,2026-09-23T20:59:59.597933,141453
IS,Iceland,Lyfjastofnun,Tramadol Actavis,Tramadol hydrochloride,50 mg,20 stk.,Hart hylki,483996,N02AX02,Actavis Group PTC ehf.,Teva Pharma Iceland ehf.*,2024-08-19,2024-10-11,2024-06-28,resolved,Aðrar pakkningastærðir eru á markaði / fáanlegar.,2026-09-23T20:59:59.598488,35475
IS,Iceland,Lyfjastofnun,Alcaine,Proxymetacainum INN hýdróklóríð,5 mg/ml,15 ml,"Augndropar, lausn",132845,S01HA04,Alcon Nordic A/S,,2024-08-18,2024-08-27,2024-08-19,resolved,Undanþágulyf hefur verið útvegað.,2026-09-23T20:59:59.599067,
IS,Iceland,Lyfjastofnun,Cutaquig,Immunoglobulinum humanum INN,165 mg/ml,6 ml,"Stungulyf, lausn",383105,J06BA01,Octapharma AB,,2024-08-16,2025-01-01,2024-06-27,resolved,Samheitalyf er á markaði / fáanlegt.,2026-09-23T20:59:59.599613,199044
IS,Iceland,Lyfjastofnun,Ezetrol,Ezetimibum INN,10 mg,98 stk.,Tafla,477017,C10AX09,N.V. Organon*,Vistor hf,2024-08-16,2025-06-10,2024-08-12,resolved,Samheitalyf er á markaði / fáanlegt.,2026-09-23T20:59:59.600185,70645
IS,Iceland,Lyfjastofnun,Coxient,Etoricoxibum INN,90 mg,28 stk.,Filmuhúðuð tafla,568478,M01AH05,Zentiva k.s.*,,2024-08-15,2024-10-26,2024-07-30,resolved,Samheitalyf er á markaði / fáanlegt.,2026-09-23T20:59:59.600738,66753
IS,Iceland,Lyfjastofnun,Piqray,Alpelisibum INN,150 mg,56 stk.,Filmuhúðuð tafla,462429,L01EM03,Novartis Europharm Limited*,Vistor hf,2024-08-15,2024-09-17,2024-08-19,resolved,Aðrar pakkningastærðir og lyfjaform eru á markaði / fáanlegar.,2026-09-23T20:59:59.601295,82899
IS,Iceland,Lyfjastofnun,Atomoxetine STADA,Atomoxetinum INN hýdróklóríð,10 mg,30 stk.,Hart hylki,498877,N06BA09,STADA Arzneimittel AG,,2024-08-15,2025-03-07,2024-09-30,resolved,Samheitalyf er á markaði / fáanlegt.,2026-09-23T20:59:59.601827,76708
IS,Iceland,Lyfjastofnun,Metadon Abcur,Methadonum INN hýdróklóríð,20 mg,20 stk.,Tafla,105669,N07BC02,Abcur AB*,,2024-08-14,2024-09-08,2024-09-02,resolved,Aðrir styrkleikar eru á markaði / fáanlegir.,2026-09-23T20:59:59.602347,86185
IS,Iceland,Lyfjastofnun,Votrient,Pazopanibum INN hýdróklóríð,400 mg,60 stk.,Filmuhúðuð tafla,093083,L01EX03,Novartis Europharm Limited*,Vistor hf,2024-08-14,2024-09-16,2024-08-30,resolved,Aðrir styrkleikar eru á markaði / fáanlegir.,2026-09-23T20:59:59.602888,95273
IS,Iceland,Lyfjastofnun,Detrusitol Retard,TOLTERODINE L-TARTRATE,4 mg,30 stk.,Hart forðahylki,007760,G04BD07,Viatris ApS,Icepharma hf.*,2024-08-13,2024-08-28,2024-08-13,resolved,Aðrar pakkningastærðir eru á markaði / fáanlegar.,2026-09-23T20:59:59.603426,60534
IS,Iceland,Lyfjastofnun,Inspra,Eplerenonum INN,25 mg,30 stk.,Filmuhúðuð tafla,017963,C03DA04,Viatris ApS,Icepharma hf.*,2024-08-13,2024-09-26,2024-07-15,resolved,Samheitalyf er á markaði / fáanlegt.,2026-09-23T20:59:59.603967,73431
IS,Iceland,Lyfjastofnun,Dupixent,Dupilumabum INN,200 mg,"1,14 ml","Stungulyf, lausn í áfylltri sprautu",183645,D11AH05,Sanofi Winthrop Industrie,Vistor hf,2024-08-13,2024-08-21,2024-08-13,resolved,Önnur lyfjaform eru á markaði / fáanleg.,2026-09-23T20:59:59.604502,197874
IS,Iceland,Lyfjastofnun,Ibetin,Ibuprofenum INN,400 mg,50 stk.,Filmuhúðuð tafla,540825,M01AE01,Zentiva k.s.*,,2024-08-13,2024-08-22,2024-08-13,resolved,Samheitalyf er á markaði / fáanlegt.,2026-09-23T20:59:59.605024,
IS,Iceland,Lyfjastofnun,Inspra,Eplerenonum INN,50 mg,100 stk.,Filmuhúðuð tafla,018714,C03DA04,Viatris ApS,Icepharma hf.*,2024-08-13,2024-09-27,2024-07-15,resolved,Samheitalyf er á markaði / fáanlegt.,2026-09-23T20:59:59.605567,73458
IS,Iceland,Lyfjastofnun,Viagra,Sildenafilum INN cítrat,50 mg,12 stk.,Filmuhúðuð tafla,520338,G04BE03,Upjohn EESV,Icepharma hf.*,2024-08-13,2024-08-28,2024-08-14,resolved,Aðrar pakkningastærðir eru á markaði / fáanlegar.,2026-09-23T20:59:59.606109,51071
IS,Iceland,Lyfjastofnun,Dicloxacillin Bluefish,Dicloxacillin sodium,500 mg,50 stk.,Hart hylki,396873,J01CF01,Bluefish Pharmaceuticals AB,Artasan ehf,2024-08-12,2024-09-26,2024-08-13,resolved,Aðrar pakkningastærðir eru á markaði / fáanlegar.,2026-09-23T20:59:59.606654,
IS,Iceland,Lyfjastofnun,Relpax,Eletriptanum INN brómíð,40 mg,18 stk.,Filmuhúðuð tafla,553206,N02CC06,Viatris ApS,Icepharma hf.*,2024-08-10,2024-08-28,2024-08-13,resolved,Aðrar pakkningastærðir eru á markaði / fáanlegar.,2026-09-23T20:59:59.607193,60232
IS,Iceland,Lyfjastofnun,Dificlir,Fidaxomicinum INN,200 mg,20 x 1 stk.,Filmuhúðuð tafla,497012,A07AA12,Tillotts Pharma GmbH,Icepharma hf.*,2024-08-09,2024-08-23,2024-08-09,resolved,Ekkert sambærilegt lyf er á markaði / fáanlegt.,2026-09-23T20:59:59.607764,73458
IS,Iceland,Lyfjastofnun,Galantamin STADA,Galantaminum INN brómíð,16 mg,84 stk.,Hart forðahylki,059059,N06DA04,STADA Arzneimittel AG,,2024-08-08,2100-12-31,2024-07-17,shortage,"Undanþágulyf hefur verið útvegað. Lyfjastofnun hefur heimilað lyfjafræðingum að breyta ávísun á lyfið í skorti í undanþágulyfin Galantamin Parlogis 16 mg forðahylki 30 stk og 84 stk, vnr 959725 (hollenskar pakkningar) og 990251( danskar pakkningar)",2026-09-23T20:59:59.608296,76775
IS,Iceland,Lyfjastofnun,Metojectpen,Methotrexatum INN,"7,5 mg","7,5 mg","Stungulyf, lausn í áfylltum lyfjapenna",100260,L04AX03,medac Gesellschaft für klinische Spezialpräparate GmbH,,2024-08-08,2024-09-01,2024-08-07,resolved,Aðrir styrkleikar og lyfjaform eru á markaði / fáanlegir.,2026-09-23T20:59:59.608851,73431
IS,Iceland,Lyfjastofnun,Metojectpen,Methotrexatum INN,30 mg,30 mg,"Stungulyf, lausn í áfylltum lyfjapenna",054010,L04AX03,medac Gesellschaft für klinische Spezialpräparate GmbH,,2024-08-08,2024-09-01,2024-08-07,resolved,Aðrir styrkleikar og lyfjaform eru á markaði / fáanlegir.,2026-09-23T20:59:59.609386,141526
IS,Iceland,Lyfjastofnun,Nicorette Cooldrops,,2 mg,80 (4 x 20) stk.,Hörð munnsogstafla,441191,N07BA01,McNeil Denmark ApS,Vistor hf,2024-08-07,2024-11-07,2024-08-07,afskráning,Aðrir styrkleikar eru á markaði / fáanlegir.,2026-09-23T20:59:59.609948,
IS,Iceland,Lyfjastofnun,Metojectpen,Methotrexatum INN,10 mg,10 mg,"Stungulyf, lausn í áfylltum lyfjapenna",381056,L04AX03,medac Gesellschaft für klinische Spezialpräparate GmbH,,2024-08-07,2024-09-19,2024-08-07,resolved,Aðrir styrkleikar og lyfjaform eru á markaði / fáanlegir.,2026-09-23T20:59:59.610483,52434
IS,Iceland,Lyfjastofnun,Metojectpen,Methotrexatum INN,"22,5 mg","22,5 mg","Stungulyf, lausn í áfylltum lyfjapenna",401931,L04AX03,medac Gesellschaft für klinische Spezialpräparate GmbH,,2024-08-07,2024-12-03,2024-08-07,resolved,Aðrir styrkleikar og lyfjaform eru á markaði / fáanlegir.,2026-09-23T20:59:59.611012,35327
IS,Iceland,Lyfjastofnun,Ezetrol,Ezetimibum INN,10 mg,28 stk.,Tafla,400573,C10AX09,N.V. Organon*,Vistor hf,2024-08-06,2024-09-24,2024-07-24,resolved,Samheitalyf er á markaði / fáanlegt.,2026-09-23T20:59:59.611555,70645
IS,Iceland,Lyfjastofnun,Azyter,Azithromycinum INN díhýdrat,15 mg/g,"0,25 g","Augndropar, lausn í stakskammtaíláti",151737,S01AA26,Laboratoires THEA S.A.S.,,2024-08-06,2024-08-30,2024-08-12,resolved,Ekki til lyf með sama ATC númer en sambærilegt lyf í sama flokki er á markaði / fáanlegt.,2026-09-23T20:59:59.612096,89451
IS,Iceland,Lyfjastofnun,Maxalt Smelt,Rizatriptanum INN benzóat,10 mg,18 stk.,Frostþurrkuð tafla,527132,N02CC04,N.V. Organon*,Vistor hf,2024-08-05,2024-08-30,2024-07-05,resolved,Samheitalyf er á markaði / fáanlegt.,2026-09-23T20:59:59.612651,50520
IS,Iceland,Lyfjastofnun,Zensitin,Cetirizine dihydrochloride,10 mg,10 stk.,Filmuhúðuð tafla,376510,R06AE07,Williams & Halls ehf,,2024-08-05,2025-09-15,2024-05-28,resolved,Samheitalyf er á markaði / fáanlegt.,2026-09-23T20:59:59.613199,26298
IS,Iceland,Lyfjastofnun,Metylfenidat Actavis,Methylphenidatum INN hýdróklóríð,36 mg,30 stk.,Forðatafla,083875,N06BA04,Actavis Group PTC ehf.,Teva Pharma Iceland ehf.*,2024-08-02,2024-12-27,2024-08-26,resolved,Samheitalyf er á markaði / fáanlegt.,2026-09-23T20:59:59.613755,68012
IS,Iceland,Lyfjastofnun,Tamiflu,Oseltamivirum INN fosfat,30 mg,10 stk.,Hart hylki,106006,J05AH02,Roche Registration GmbH*,Icepharma hf,2024-08-01,2024-09-01,2024-08-01,resolved,Aðrir styrkleikar eru á markaði / fáanlegir.,2026-09-23T20:59:59.614307,69493
IS,Iceland,Lyfjastofnun,Myfortic,Mycophenolatum INN natríum,360 mg,120 stk.,Magasýruþolin tafla,015755,L04AA06,Novartis Healthcare A/S,Vistor hf,2024-08-01,2024-08-23,2024-08-01,resolved,Samheitalyf er á markaði / fáanlegt.,2026-09-23T20:59:59.614874,74950
IS,Iceland,Lyfjastofnun,Medikinet CR,Methylphenidatum INN hýdróklóríð,30 mg,30 stk.,Hart hylki með breyttan losunarhraða,077652,N06BA04,Medice Arzneimittel Pütter GmbH & Co. KG*,Alvogen ehf.,2024-08-01,2024-09-09,2024-06-21,resolved,Aðrir styrkleikar eru á markaði / fáanlegir.,2026-09-23T20:59:59.615434,82244
IS,Iceland,Lyfjastofnun,Xembify,Human normal immunoglobulin,200 mg/ml,20 ml,"Stungulyf, lausn",160633,J06BA01,Instituto Grifols S.A.*,,2024-08-01,2024-08-22,2024-08-13,resolved,Aðrar pakkningastærðir eru á markaði / fáanlegar.,2026-09-23T20:59:59.615974,97411
IS,Iceland,Lyfjastofnun,Medikinet,Methylphenidatum INN hýdróklóríð,20 mg,30 stk.,Tafla,077624,N06BA04,Medice Arzneimittel Pütter GmbH & Co. KG*,Alvogen ehf.,2024-07-31,2024-10-25,2024-06-03,resolved,Aðrir styrkleikar eru á markaði / fáanlegir.,2026-09-23T20:59:59.616524,83313
IS,Iceland,Lyfjastofnun,Fungyn,Fluconazole,50 mg,30 stk.,Hart hylki,156427,J02AC01,Alvogen ehf.,,2024-07-31,2024-12-12,2024-05-28,resolved,Samheitalyf er á markaði / fáanlegt.,2026-09-23T20:59:59.617068,30376
IS,Iceland,Lyfjastofnun,Paratabs,Paracetamolum INN,500 mg,20 stk.,Filmuhúðuð tafla,413988,N02BE01,Teva B.V.*,Teva Pharma Iceland ehf.*,2024-07-31,2024-08-22,2024-06-14,resolved,Aðrar pakkningastærðir eru á markaði / fáanlegar.,2026-09-23T20:59:59.617616,27251
IS,Iceland,Lyfjastofnun,Riluzol Actavis,Riluzolum INN,50 mg,56 stk.,Filmuhúðuð tafla,085771,N07XX02,Actavis Group PTC ehf.,Teva Pharma Iceland ehf.*,2024-07-31,2025-05-29,2024-07-08,resolved,Undanþágulyf hefur verið útvegað.,2026-09-23T20:59:59.618167,45225
IS,Iceland,Lyfjastofnun,Zypadhera,Olanzapinum INN,300 mg,300 mg,"Stungulyfsstofn og leysir, forðadreifa",027988,N05AH03,"CHEPLAPHARM Registration GmbH,",,2024-07-29,2024-09-11,2024-08-01,resolved,Aðrir styrkleikar eru á markaði / fáanlegir.,2026-09-23T20:59:59.618700,90204
IS,Iceland,Lyfjastofnun,Omeprazol Medical Valley,Omeprazolum INN,20 mg,100 stk.,Magasýruþolið hart hylki,585692,A02BC01,Medical Valley Invest AB,,2024-07-29,2024-09-30,2024-07-29,resolved,Aðrar pakkningastærðir eru á markaði / fáanlegar.,2026-09-23T20:59:59.619272,87165
IS,Iceland,Lyfjastofnun,Prasugrel Krka,Prasugrelum INN,10 mg,30 stk.,Filmuhúðuð tafla,576253,B01AC22,"Krka, d.d., Novo mesto",,2024-07-27,2024-09-20,2024-06-28,resolved,Samheitalyf er á markaði / fáanlegt.,2026-09-23T20:59:59.619804,196894
IS,Iceland,Lyfjastofnun,Pregabalin Krka,Pregabalinum INN,150 mg,100 stk.,Hart hylki,147788,N02BF02,"Krka, d.d., Novo mesto",,2024-07-25,2025-08-01,2024-05-22,resolved,Samheitalyf er á markaði / fáanlegt.,2026-09-23T20:59:59.620346,75728
IS,Iceland,Lyfjastofnun,Medikinet CR,Methylphenidatum INN hýdróklóríð,30 mg,30 stk.,Hart hylki með breyttan losunarhraða,077652,N06BA04,Medice Arzneimittel Pütter GmbH & Co. KG*,Alvogen ehf.,2024-07-24,2024-09-09,2024-06-03,resolved,Aðrir styrkleikar eru á markaði / fáanlegir.,2026-09-23T20:59:59.620898,82244
IS,Iceland,Lyfjastofnun,Diprosalic,"Betamethasonum INN díprópíónat, Acidum salicylicum",,100 ml,Húðlausn,431985,D07XC01,N.V. Organon*,Vistor hf,2024-07-24,2024-09-26,2024-06-07,resolved,Ekki til lyf með sama ATC númer en sambærilegt lyf í sama flokki er á markaði / fáanlegt.,2026-09-23T20:59:59.621451,
IS,Iceland,Lyfjastofnun,Felodipine Alvogen,,5 mg,100 stk.,Forðatafla,103975,C08CA02,Alvogen ehf.,,2024-07-24,2024-09-30,2024-04-24,afskráning,Aðrir styrkleikar eru á markaði / fáanlegir.,2026-09-23T20:59:59.621989,30929
IS,Iceland,Lyfjastofnun,Amoxicillin Comp Alvogen,,875/125 mg,14 stk.,Filmuhúðuð tafla,005963,J01CR02,Alvogen ehf.,,2024-07-23,2024-10-01,2024-07-01,afskráning,Samheitalyf er á markaði / fáanlegt.,2026-09-23T20:59:59.622523,196894
IS,Iceland,Lyfjastofnun,Cloxabix,Celecoxibum INN,200 mg,20 stk.,Hart hylki,401084,M01AH01,Williams & Halls ehf,,2024-07-22,2024-10-15,2024-06-27,resolved,Samheitalyf er á markaði / fáanlegt.,2026-09-23T20:59:59.623063,75728
IS,Iceland,Lyfjastofnun,Metronidazol Actavis,Metronidazolum INN,500 mg,14 stk.,Filmuhúðuð tafla,004921,P01AB01,Actavis Group PTC ehf.,Teva Pharma Iceland ehf.*,2024-07-19,2024-08-30,2024-06-28,resolved,Aðrar pakkningastærðir eru á markaði / fáanlegar.,2026-09-23T20:59:59.623630,17027
IS,Iceland,Lyfjastofnun,Fentanyl Alvogen,Fentanylum INN,50 míkróg/klst.,5 stk.,Forðaplástur,034613,N02AB03,Alvogen ehf.,,2024-07-17,2024-11-04,2024-02-21,resolved,Samheitalyf er á markaði / fáanlegt.,2026-09-23T20:59:59.624158,
IS,Iceland,Lyfjastofnun,Zaditen,Ketotifen hydrogen fumarate,"0,25 mg/ml","0,4 ml","Augndropar, lausn í stakskammtaíláti",551328,S01GX08,Laboratoires THEA S.A.S.,,2024-07-16,2025-06-05,2024-06-14,resolved,Aðrar pakkningastærðir eru á markaði / fáanlegar.,2026-09-23T20:59:59.624683,30929
IS,Iceland,Lyfjastofnun,Zaditen,Ketotifen hydrogen fumarate,"0,25 mg/ml","0,4 ml","Augndropar, lausn í stakskammtaíláti",150162,S01GX08,Laboratoires THEA S.A.S.,,2024-07-16,2025-06-05,2024-06-14,resolved,Aðrar pakkningastærðir eru á markaði / fáanlegar.,2026-09-23T20:59:59.625222,30929
IS,Iceland,Lyfjastofnun,Pomalidomide Zentiva,Pomalidomidum INN,4 mg,21 x 1 stk.,Hart hylki,127486,L04AX06,Zentiva k.s.*,,2024-07-15,2025-07-23,2025-07-16,resolved,. Annar styrkleiki til á markaði og sambærilegt lyf í þessum styrkleika frá öðrum framleiðanda.,2026-09-23T20:59:59.625748,107549
IS,Iceland,Lyfjastofnun,Carvedilol Alvogen,,25 mg,100 stk.,Tafla,140621,C07AG02,Alvogen ehf.,,2024-07-15,2024-10-31,2024-06-06,afskráning,Samheitalyf er á markaði / fáanlegt.,2026-09-23T20:59:59.626271,41009
IS,Iceland,Lyfjastofnun,Carvedilol Alvogen,,"12,5 mg",100 stk.,Tafla,581411,C07AG02,Alvogen ehf.,,2024-07-15,2024-10-31,2024-06-06,afskráning,Samheitalyf er á markaði / fáanlegt.,2026-09-23T20:59:59.626796,74241
IS,Iceland,Lyfjastofnun,Duloxetin W&H,Duloxetinum INN hýdróklóríð,30 mg,98 stk.,Magasýruþolið hart hylki,472610,N06AX21,Williams & Halls ehf.,,2024-07-15,2024-10-21,2024-06-27,resolved,Samheitalyf er á markaði / fáanlegt.,2026-09-23T20:59:59.627322,79057
IS,Iceland,Lyfjastofnun,Euthyrox,Levothyroxinum INN natríum,100 míkróg,100 stk.,Tafla,137690,H03AA01,Merck AB,Vistor ehf,2024-07-15,2024-10-07,2024-07-05,resolved,Aðrir styrkleikar eru á markaði / fáanlegir.,2026-09-23T20:59:59.627862,
IS,Iceland,Lyfjastofnun,Carvedilol Alvogen,,"6,25 mg",100 stk.,Tafla,420504,C07AG02,Alvogen ehf.,,2024-07-15,2024-10-31,2024-06-06,afskráning,Samheitalyf er á markaði / fáanlegt.,2026-09-23T20:59:59.628400,47864
IS,Iceland,Lyfjastofnun,Duac,"Benzoyl peroxide, Clindamycinum INN fosfat",50 mg/g + 10 mg/g,30 g,Hlaup,115770,D10AF51,Stiefel Laboratories Legacy (Ireland) Ltd,Vistor hf,2024-07-12,2025-01-15,2024-05-06,resolved,Undanþágulyf hefur verið útvegað.,2026-09-23T20:59:59.628968,82767
IS,Iceland,Lyfjastofnun,Metylfenidat Actavis,Methylphenidatum INN hýdróklóríð,27 mg,30 stk.,Forðatafla,481506,N06BA04,Actavis Group PTC ehf.,Teva Pharma Iceland ehf.*,2024-07-12,2024-09-23,2024-06-14,resolved,Samheitalyf er á markaði / fáanlegt.,2026-09-23T20:59:59.629523,87076
IS,Iceland,Lyfjastofnun,ABILIFY,Aripiprazolum INN,15 mg,28 stk.,Tafla,010953,N05AX12,Otsuka Pharmaceutical Netherlands B.V.*,Vistor hf,2024-07-11,2024-08-30,2024-07-24,resolved,Aðrar pakkningastærðir eru á markaði / fáanlegar.,2026-09-23T20:59:59.630073,118397
IS,Iceland,Lyfjastofnun,OxyContin Depot,Oxycodonum INN hýdróklóríð,20 mg,28 stk.,Forðatafla,528303,N02AA05,Mundipharma A/S,Icepharma hf,2024-07-10,2024-10-14,2024-07-10,resolved,Aðrar pakkningastærðir eru á markaði / fáanlegar.,2026-09-23T20:59:59.630632,57622
IS,Iceland,Lyfjastofnun,Bemfola,Follitropinum alfa INN,"300 a.e./0,50 ml","0,5 ml","Stungulyf, lausn í áfylltum lyfjapenna",515399,G03GA05,Gedeon Richter Plc.*,,2024-07-09,2024-11-06,2024-07-09,resolved,Aðrar pakkningastærðir eru á markaði / fáanlegar.,2026-09-23T20:59:59.631163,117587
IS,Iceland,Lyfjastofnun,Fentanyl Alvogen,Fentanylum INN,12 míkróg/klst.,5 stk.,Forðaplástur,052677,N02AB03,Alvogen ehf.,,2024-07-08,2024-12-19,2024-05-16,resolved,Aðrir styrkleikar eru á markaði / fáanlegir.,2026-09-23T20:59:59.631693,
IS,Iceland,Lyfjastofnun,Citanest Dental Octapressin,"Prilocainum INN hýdróklóríð, Felypressinum INN","30 mg + 0,54 míkróg/ ml","1,8 ml","Stungulyf, lausn",009942,N01BB54,DENTSPLY DeTrey GmbH*,Vistor hf,2024-07-07,2024-12-06,2024-09-18,resolved,Aðrar pakkningastærðir eru á markaði / fáanlegar.,2026-09-23T20:59:59.632242,61603
IS,Iceland,Lyfjastofnun,Meloxoral,Meloxicamum INN,"0,5 mg/ml",5 ml,"Mixtúra, dreifa",170881,QM01AC06,Dechra Regulatory B.V.*,,2024-07-05,2024-09-05,2024-07-15,resolved,Aðrir styrkleikar eru á markaði / fáanlegir.,2026-09-23T20:59:59.632775,
IS,Iceland,Lyfjastofnun,Coxient,Etoricoxibum INN,30 mg,28 stk.,Filmuhúðuð tafla,399904,M01AH05,Zentiva k.s.*,,2024-07-01,2024-10-29,2024-07-02,resolved,Samheitalyf er á markaði / fáanlegt.,2026-09-23T20:59:59.633305,85766
IS,Iceland,Lyfjastofnun,DOVATO,"Dolutegravirum INN, Lamivudinum INN",50 mg/300 mg,30 stk.,Filmuhúðuð tafla,578537,J05AR25,ViiV Healthcare BV,Vistor hf,2024-07-01,2024-09-10,2024-07-01,resolved,Ekki til lyf með sama ATC númer en sambærilegt lyf í sama flokki er á markaði / fáanlegt.,2026-09-23T20:59:59.633853,24856
IS,Iceland,Lyfjastofnun,Ceftazidim Fresenius Kabi,Ceftazidime pentahydrate,1000 mg,1 g,"Stungulyfsstofn, lausn",049879,J01DD02,Fresenius Kabi AB,,2024-07-01,2024-09-01,2024-07-01,resolved,Aðrir styrkleikar eru á markaði / fáanlegir.,2026-09-23T20:59:59.634384,48933
IS,Iceland,Lyfjastofnun,Ezetrol,Ezetimibum INN,10 mg,28 stk.,Tafla,400573,C10AX09,N.V. Organon*,Vistor hf,2024-07-01,2024-09-26,2024-07-01,resolved,Samheitalyf er á markaði / fáanlegt.,2026-09-23T20:59:59.634934,70645
IS,Iceland,Lyfjastofnun,Baklofen Viatris,Baclofenum INN,10 mg,50 stk.,Tafla,069081,M03BX01,Viatris Limited,Icepharma hf,2024-07-01,2024-12-18,2024-10-22,resolved,Undanþágulyf hefur verið útvegað.,2026-09-23T20:59:59.635483,2607
IS,Iceland,Lyfjastofnun,GlucaGen,Glucagonum INN hýdróklóríð,1 mg,1 stk.,"Stungulyfsstofn og leysir, lausn",443135,H04AA01,Novo Nordisk A/S*,Vistor hf,2024-06-28,2024-10-03,2024-06-19,resolved,Undanþágulyf hefur verið útvegað.,2026-09-23T20:59:59.636044,35327
IS,Iceland,Lyfjastofnun,Movicol Junior (Heilsa),Blanda,"6,9 g",30 stk.,"Mixtúruduft, lausn",174913,A06AD65,Heilsa ehf,,2024-06-28,2025-04-04,2024-06-03,resolved,Samheitalyf er á markaði / fáanlegt.,2026-09-23T20:59:59.636581,80950
IS,Iceland,Lyfjastofnun,Metadon Abcur,Methadonum INN hýdróklóríð,20 mg,100 stk.,Tafla,033644,N07BC02,Abcur AB*,,2024-06-25,2024-09-19,2024-09-02,resolved,Aðrir styrkleikar eru á markaði / fáanlegir.,2026-09-23T20:59:59.637118,86185
IS,Iceland,Lyfjastofnun,Wellbutrin Retard,Bupropionum INN hýdróklóríð,300 mg,30 stk.,Tafla með breyttan losunarhraða,080524,N06AX12,GlaxoSmithKline Pharma A/S,Vistor hf,2024-06-24,2024-09-05,2024-06-24,resolved,Aðrir styrkleikar eru á markaði / fáanlegir.,2026-09-23T20:59:59.637660,82899
IS,Iceland,Lyfjastofnun,Ondansetron Bluefish,Ondansetronum INN hýdróklóríð,8 mg,30 stk.,Filmuhúðuð tafla,516972,A04AA01,Bluefish Pharmaceuticals AB,Artasan ehf,2024-06-24,2024-08-30,2024-05-27,resolved,Aðrar pakkningastærðir eru á markaði / fáanlegar.,2026-09-23T20:59:59.638227,31518
IS,Iceland,Lyfjastofnun,Singulair,Montelukastum INN natríum,10 mg,98 stk.,Filmuhúðuð tafla,021345,R03DC03,N.V. Organon*,Vistor hf,2024-06-20,2024-09-30,2024-06-07,resolved,Samheitalyf er á markaði / fáanlegt.,2026-09-23T20:59:59.638784,52051
IS,Iceland,Lyfjastofnun,Tadalafil Krka,Tadalafil,20 mg,4 stk.,Filmuhúðuð tafla,114063,G04BE08,"Krka, d.d., Novo mesto",,2024-06-19,2024-09-20,2024-06-14,resolved,Samheitalyf er á markaði / fáanlegt.,2026-09-23T20:59:59.639339,35327
IS,Iceland,Lyfjastofnun,Metformin Bluefish,Metforminum INN hýdróklóríð,850 mg,100 stk.,Filmuhúðuð tafla,162852,A10BA02,Bluefish Pharmaceuticals AB,Artasan ehf,2024-06-17,2024-09-15,2024-05-27,resolved,Aðrir styrkleikar eru á markaði / fáanlegir.,2026-09-23T20:59:59.639892,82899
IS,Iceland,Lyfjastofnun,Metronidazol Actavis,Metronidazolum INN,500 mg,30 stk.,Filmuhúðuð tafla,004976,P01AB01,Actavis Group PTC ehf.,Teva Pharma Iceland ehf.*,2024-06-17,2024-08-30,2024-05-31,resolved,Aðrar pakkningastærðir eru á markaði / fáanlegar.,2026-09-23T20:59:59.640434,17027
IS,Iceland,Lyfjastofnun,Zensitin,Cetirizine dihydrochloride,10 mg,30 stk.,Filmuhúðuð tafla,038386,R06AE07,Williams & Halls ehf,,2024-06-14,2025-09-15,2024-05-28,resolved,Samheitalyf er á markaði / fáanlegt.,2026-09-23T20:59:59.640957,26298
IS,Iceland,Lyfjastofnun,Zaditen (Heilsa) Noregur,Ketotifen hydrogen fumarate,"0,25 mg/ml",5 ml,"Augndropar, lausn",122126,S01GX08,Heilsa ehf.,,2024-06-14,2024-10-21,2024-06-03,resolved,Samheitalyf er á markaði / fáanlegt.,2026-09-23T20:59:59.641480,101850
IS,Iceland,Lyfjastofnun,Norgesic,"Orphenadrinum INN cítrat, Paracetamolum INN",35+450 mg,100 stk.,Tafla,525014,M03BC51,Viatris ApS,Icepharma hf.*,2024-06-12,2024-08-29,2024-02-12,resolved,Aðrar pakkningastærðir eru á markaði / fáanlegar.,2026-09-23T20:59:59.642025,
IS,Iceland,Lyfjastofnun,Olanzapin Actavis,Olanzapinum INN,10 mg,56 stk.,Filmuhúðuð tafla,118076,N05AH03,Actavis Group PTC ehf.,Teva Pharma Iceland ehf.*,2024-06-12,2024-09-20,2024-04-16,resolved,Aðrir styrkleikar og/eða samheitalyf eru á markaði / fáanlegir.,2026-09-23T20:59:59.642568,45578
IS,Iceland,Lyfjastofnun,Integrilin,,"0,75 mg/ml",100 ml,"Innrennslislyf, lausn",547687,B01AC16,GlaxoSmithKline (Ireland) Limited,Vistor hf,2024-06-12,2025-07-01,2023-08-28,afskráning,Undanþágulyf hefur verið útvegað.,2026-09-23T20:59:59.643110,5509
IS,Iceland,Lyfjastofnun,Singulair,Montelukastum INN natríum,10 mg,98 stk.,Filmuhúðuð tafla,021345,R03DC03,N.V. Organon*,Vistor hf,2024-06-12,2024-10-31,2024-05-08,resolved,Samheitalyf er á markaði / fáanlegt.,2026-09-23T20:59:59.643656,52051
IS,Iceland,Lyfjastofnun,OxyContin Depot,Oxycodonum INN hýdróklóríð,20 mg,28 stk.,Forðatafla,528303,N02AA05,Mundipharma A/S,Icepharma hf,2024-06-11,2024-10-14,2024-06-13,resolved,Samheitalyf er á markaði / fáanlegt.,2026-09-23T20:59:59.644197,57622
IS,Iceland,Lyfjastofnun,Finól,Finasteridum INN,5 mg,98 stk.,Filmuhúðuð tafla,510974,G04CB01,Actavis Group PTC ehf.,Teva Pharma Iceland ehf.*,2024-06-10,2024-08-21,2024-05-27,resolved,Samheitalyf er á markaði / fáanlegt.,2026-09-23T20:59:59.644734,218138
IS,Iceland,Lyfjastofnun,Octagam,Human normal immunoglobulin,100 mg/ml,200 ml,"Innrennslislyf, lausn",158040,J06BA02,Octapharma AB,Vistor hf,2024-06-10,2100-12-31,2024-05-06,shortage,"Um er að ræða lyf sem er að jafnaði ekki til á lager, en heildsala mun panta það ef þörf er á. Sambærilegt lyf í sama ATC-flokki fáanlegt",2026-09-23T20:59:59.645274,80071
IS,Iceland,Lyfjastofnun,Octagam,Human normal immunoglobulin,100 mg/ml,300 ml,"Innrennslislyf, lausn",037992,J06BA02,Octapharma AB,Vistor hf,2024-06-10,2100-12-31,2024-05-06,shortage,"Um er að ræða lyf sem er að jafnaði ekki til á lager, en heildsala mun panta það ef þörf er á. Sambærilegt lyf í sama ATC-flokki fáanlegt",2026-09-23T20:59:59.645830,
IS,Iceland,Lyfjastofnun,Protopic,Tacrolimusum INN,"0,1 %",30 g,Smyrsli,473968,D11AH01,LEO Pharma A/S*,Vistor hf,2024-06-06,2024-08-22,2024-05-16,resolved,Aðrir styrkleikar eru á markaði / fáanlegir.,2026-09-23T20:59:59.646380,53708
IS,Iceland,Lyfjastofnun,Mildison Lipid (Heilsa),Hydrocortisonum INN,10 mg/g,15 g,Krem,374174,D07AA02,Heilsa ehf,,2024-06-04,2024-08-30,2024-06-03,resolved,Samheitalyf er á markaði / fáanlegt.,2026-09-23T20:59:59.646914,10146
IS,Iceland,Lyfjastofnun,Quetiapine Alvogen,,400 mg,100 stk.,Forðatafla,137635,N05AH04,Alvogen ehf.,,2024-05-31,2025-04-01,2024-02-05,afskráning,.,2026-09-23T20:59:59.647435,
IS,Iceland,Lyfjastofnun,Octagam,Human normal immunoglobulin,100 mg/ml,100 ml,"Innrennslislyf, lausn",158018,J06BA02,Octapharma AB,Vistor hf,2024-05-31,2100-12-31,2024-05-06,shortage,"Um er að ræða lyf sem er að jafnaði ekki til á lager, en heildsala mun panta það ef þörf er á. Sambærilegt lyf í sama ATC-flokki fáanlegt",2026-09-23T20:59:59.647970,80063
IS,Iceland,Lyfjastofnun,Celecoxib Actavis,Celecoxibum INN,200 mg,20 stk.,Hart hylki,469847,M01AH01,Actavis Group PTC ehf.,Teva Pharma Iceland ehf.*,2024-05-31,2024-08-23,2024-04-16,resolved,Samheitalyf er á markaði / fáanlegt.,2026-09-23T20:59:59.648511,59005
IS,Iceland,Lyfjastofnun,Vizarsin,Sildenafilum INN cítrat,50 mg,12 x 1 stk.,Filmuhúðuð tafla,076259,G04BE03,Krka d.d. Novo mesto*,Krka Sverige AB,2024-05-24,2024-10-18,2024-04-22,resolved,Samheitalyf er á markaði / fáanlegt.,2026-09-23T20:59:59.649084,
IS,Iceland,Lyfjastofnun,Clarithromycin Krka,Clarithromycinum INN,250 mg,14 stk.,Filmuhúðuð tafla,158860,J01FA09,"Krka, d.d., Novo mesto",,2024-05-23,2024-09-20,2024-04-29,resolved,Undanþágulyf hefur verið útvegað.,2026-09-23T20:59:59.649621,32204
IS,Iceland,Lyfjastofnun,Metylfenidat Actavis,Methylphenidatum INN hýdróklóríð,54 mg,30 stk.,Forðatafla,467189,N06BA04,Actavis Group PTC ehf.,Teva Pharma Iceland ehf.*,2024-05-21,2024-12-27,2024-04-16,resolved,Aðrir styrkleikar og/eða samheitalyf eru á markaði / fáanlegir.,2026-09-23T20:59:59.650195,69272
IS,Iceland,Lyfjastofnun,Pulmicort Turbuhaler,,100 míkróg/skammt,200 skammtar stk.,Innöndunarduft,152397,R03BA02,AstraZeneca A/S,Vistor hf,2024-05-20,2024-09-01,2023-12-27,afskráning,Aðrir styrkleikar eru á markaði / fáanlegir.,2026-09-23T20:59:59.650749,66885
IS,Iceland,Lyfjastofnun,Flixotide,Fluticasonum INN própíónat,250 míkróg/skammt,120 skammtar,"Innúðalyf, dreifa",470385,R03BA05,GlaxoSmithKline Pharma A/S,Vistor hf,2024-05-17,2024-12-01,2024-05-17,resolved,Aðrir styrkleikar eru á markaði / fáanlegir.,2026-09-23T20:59:59.651302,75159
IS,Iceland,Lyfjastofnun,Seretide,"Salmeterolum INN xínafóat, Fluticasonum INN própíónat",25/250 míkróg/skammt,120 skammtar,"Innúðalyf, dreifa",004293,R03AK06,GlaxoSmithKline Pharma A/S,Vistor hf,2024-05-17,2024-12-01,2024-05-17,resolved,Önnur lyfjaform eru á markaði / fáanleg.,2026-09-23T20:59:59.651846,62537
IS,Iceland,Lyfjastofnun,Citanest Dental Octapressin,"Prilocainum INN hýdróklóríð, Felypressinum INN","30 mg + 0,54 míkróg/ ml","1,8 ml","Stungulyf, lausn",009905,N01BB54,DENTSPLY DeTrey GmbH*,Vistor hf,2024-05-14,2024-09-05,2024-06-27,resolved,Ekki til lyf með sama ATC númer en sambærilegt lyf í sama flokki er á markaði / fáanlegt.,2026-09-23T20:59:59.652406,61603
IS,Iceland,Lyfjastofnun,Cinacalcet WH,Cinacalcetum INN hýdróklóríð,60 mg,28 stk.,Filmuhúðuð tafla,540133,H05BX01,Williams & Halls ehf.,,2024-05-13,2025-02-01,2024-03-01,resolved,Samheitalyf er á markaði / fáanlegt.,2026-09-23T20:59:59.652937,77119
IS,Iceland,Lyfjastofnun,Ventoline,Salbutamolum INN súlfat,1 mg/ml,2.5 ml,Lausn í eimgjafa,085407,R03AC02,GlaxoSmithKline Pharma A/S,Vistor hf,2024-05-10,2025-01-01,2024-04-04,resolved,Undanþágulyf hefur verið útvegað.,2026-09-23T20:59:59.653492,27847
IS,Iceland,Lyfjastofnun,Caverject Dual,Alprostadilum INN,20 míkróg,"0,5 ml","Stungulyfsstofn og leysir, lausn",000552,G04BE01,Pfizer ApS,Icepharma hf.*,2024-05-07,2025-01-30,2024-03-20,resolved,Ekki til lyf með sama ATC númer en sambærilegt lyf í sama flokki er á markaði / fáanlegt.,2026-09-23T20:59:59.654045,
IS,Iceland,Lyfjastofnun,Octagam,Human normal immunoglobulin,100 mg/ml,20 ml,"Innrennslislyf, lausn",157995,J06BA02,Octapharma AB,Vistor hf,2024-05-06,2100-12-31,2024-05-06,shortage,"Um er að ræða lyf sem er að jafnaði ekki til á lager, en heildsala mun panta það ef þörf er á. Sambærilegt lyf í sama ATC-flokki fáanlegt",2026-09-23T20:59:59.654593,91308
IS,Iceland,Lyfjastofnun,Octagam,Human normal immunoglobulin,100 mg/ml,50 ml,"Innrennslislyf, lausn",158007,J06BA02,Octapharma AB,Vistor hf,2024-05-06,2100-12-31,2024-05-06,shortage,"Um er að ræða lyf sem er að jafnaði ekki til á lager, en heildsala mun panta það ef þörf er á. Sambærilegt lyf í sama ATC-flokki fáanlegt",2026-09-23T20:59:59.655143,77119
IS,Iceland,Lyfjastofnun,Diltiazem HCl Alvogen,,120 mg,100 stk.,Forðatafla,158579,C08DB01,Alvogen ehf.,,2024-05-06,2024-10-31,2024-05-06,afskráning,Samheitalyf er á markaði / fáanlegt.,2026-09-23T20:59:59.655681,32158
IS,Iceland,Lyfjastofnun,Pro-Epanutin,Fosphenytoinum INN dínatríum,50 mg FE/ml,10 ml,"Stungulyf, lausn/innrennslisþykkni, lausn",529735,N03AB05,Pfizer ApS,Icepharma hf.*,2024-05-05,2024-09-04,2024-04-30,resolved,Ekkert sambærilegt lyf er á markaði / fáanlegt.,2026-09-23T20:59:59.656230,
IS,Iceland,Lyfjastofnun,Sitagliptin/Metformin Sandoz,,50/1000 mg,196 stk.,Filmuhúðuð tafla,437316,A10BD07,Sandoz A/S*,,2024-05-04,2024-05-04,2024-06-26,afskráning,Samheitalyf er á markaði / fáanlegt.,2026-09-23T20:59:59.656757,218154
IS,Iceland,Lyfjastofnun,Cyklokapron,Tranexamic acid,500 mg,30 stk.,Filmuhúðuð tafla,162680,B02AA02,Viatris ApS,Icepharma hf.*,2024-05-03,2024-10-30,2024-04-19,resolved,Önnur lyfjaform eru á markaði / fáanleg.,2026-09-23T20:59:59.657308,4626
IS,Iceland,Lyfjastofnun,Cetirizine Alvogen,,10 mg,10 stk.,Filmuhúðuð tafla,438514,R06AE07,Alvogen ehf.,,2024-05-03,2024-09-30,2024-05-03,afskráning,Aðrar pakkningastærðir eru á markaði / fáanlegar.,2026-09-23T20:59:59.657843,26298
IS,Iceland,Lyfjastofnun,Lonsurf,"Trifluridinum INN, Tipiracilum INN hýdróklóríð","15 mg/6,14 mg",60 stk.,Filmuhúðuð tafla,158698,L01BC59,Les Laboratoires Servier*,Icepharma hf.*,2024-05-02,2025-02-25,2025-02-06,resolved,.,2026-09-23T20:59:59.658393,137529
IS,Iceland,Lyfjastofnun,Lidokain Viatris,Lidocainum INN hýdróklóríð,10 mg/ml,20 ml,"Stungulyf, lausn",042865,N01BB02,Viatris Limited,Icepharma hf.*,2024-05-01,2024-09-21,2024-04-12,resolved,Samheitalyf er á markaði / fáanlegt.,2026-09-23T20:59:59.658995,8095
IS,Iceland,Lyfjastofnun,Flixotide,Fluticasonum INN própíónat,125 míkróg/skammt,120 skammtar,"Innúðalyf, dreifa",163493,R03BA05,GlaxoSmithKline Pharma A/S,Vistor hf,2024-05-01,2024-09-30,2024-05-06,resolved,Aðrir styrkleikar eru á markaði / fáanlegir.,2026-09-23T20:59:59.659543,87165
IS,Iceland,Lyfjastofnun,Sitagliptin/Metformin Zentiva,,50 mg/850 mg,56 stk.,Filmuhúðuð tafla,512726,A10BD07,Zentiva k.s.*,,2024-04-30,2025-04-01,2024-05-16,afskráning,Samheitalyf er á markaði / fáanlegt.,2026-09-23T20:59:59.660094,26298
IS,Iceland,Lyfjastofnun,Venlafaxin Krka,Venlafaxinum INN hýdróklóríð,150 mg,100 stk.,Hart forðahylki,057376,N06AX16,"KRKA, d.d., Novo mesto",LYFIS ehf.*,2024-04-24,2026-04-01,2024-02-13,resolved,Samheitalyf er á markaði / fáanlegt.,2026-09-23T20:59:59.660643,47538
IS,Iceland,Lyfjastofnun,Methylphenidate Sandoz,Methylphenidatum INN hýdróklóríð,54 mg,30 stk.,Forðatafla,531360,N06BA04,Sandoz A/S*,,2024-04-23,2024-12-15,2024-04-11,resolved,Aðrir styrkleikar og/eða samheitalyf eru á markaði / fáanlegir.,2026-09-23T20:59:59.661174,69272
IS,Iceland,Lyfjastofnun,Clarithromycin Krka,Clarithromycinum INN,500 mg,14 stk.,Filmuhúðuð tafla,198361,J01FA09,"Krka, d.d., Novo mesto",,2024-04-19,2024-09-20,2024-03-13,resolved,Undanþágulyf hefur verið útvegað.,2026-09-23T20:59:59.661700,39977
IS,Iceland,Lyfjastofnun,Fluoxetin WH,Fluoxetine hydrochloride,20 mg,28 stk.,Hart hylki,402038,N06AB03,Williams & Halls ehf,,2024-04-17,2025-10-15,2024-04-18,resolved,"Önnur lyfjaform eru á markaði / fáanleg. Fontex dreifitafla 20 mg, 30 og 100 stk., er til á markaði, Parlogis hefur útvegað undanþágulyfið Fluoxetina Farmoz 20 mg 60 hylki vnr 996788",2026-09-23T20:59:59.662253,28444
IS,Iceland,Lyfjastofnun,Fluoxetin Viatris,Fluoxetinum INN hýdróklóríð,20 mg,100 stk.,Hart hylki,443903,N06AB03,Viatris Limited,Icepharma hf.*,2024-04-15,2025-08-07,2024-03-06,resolved,"Önnur lyfjaform eru á markaði / fáanleg. Fontex dreifitafla 20 mg, 30 og 100 stk., er til á markaði, Parlogis hefur útvegað undanþágulyfið Fluoxetina Farmoz 20 mg 60 hylki vnr 996788",2026-09-23T20:59:59.662817,28444
IS,Iceland,Lyfjastofnun,Mildison Lipid (Heilsa),Hydrocortisonum INN,10 mg/g,30 g,Krem,436334,D07AA02,Heilsa ehf,,2024-04-15,2024-08-30,2024-04-15,resolved,Samheitalyf er á markaði / fáanlegt.,2026-09-23T20:59:59.663352,10146
IS,Iceland,Lyfjastofnun,Elocon,Mometasonum INN fúróat,1 mg/ml,100 ml,Húðlausn,087727,D07AC13,N.V. Organon*,Vistor hf,2024-04-09,2024-10-31,2024-04-30,resolved,Samheitalyf er á markaði / fáanlegt.,2026-09-23T20:59:59.663910,
IS,Iceland,Lyfjastofnun,Fampyra,Fampridine,10 mg,28 stk.,Forðatafla,056308,N07XX07,Merz Therapeutics GmbH,Icepharma hf.*,2024-04-04,2100-12-31,2024-04-04,shortage,Aðrar pakkningastærðir eru á markaði / fáanlegar.,2026-09-23T20:59:59.664464,101826
IS,Iceland,Lyfjastofnun,Fentanyl Actavis,Fentanylum INN,25 míkróg/klst.,5 stk.,Forðaplástur,159107,N02AB03,Actavis Group PTC ehf.,Teva Pharma Iceland ehf.*,2024-04-02,2026-01-10,2024-03-11,resolved,Samheitalyf er á markaði / fáanlegt.,2026-09-23T20:59:59.665011,
IS,Iceland,Lyfjastofnun,Dailiport,Tacrolimusum INN mónohýdrat,"0,5 mg",50x1 stk.,Hart forðahylki,397330,L04AD02,Sandoz A/S,,2024-04-01,2024-11-01,2024-03-18,resolved,Samheitalyf er á markaði / fáanlegt.,2026-09-23T20:59:59.665539,
IS,Iceland,Lyfjastofnun,Naloxon B. Braun,Naloxonum INN hýdróklóríð,"0,4 mg/ml",1 ml,"Stungulyf/innrennslislyf, lausn",115241,V03AB15,B.Braun Melsungen AG*,Teva Pharma Iceland ehf.*,2024-03-27,2024-10-17,2024-04-03,resolved,Undanþágulyf hefur verið útvegað.,2026-09-23T20:59:59.666082,2429
IS,Iceland,Lyfjastofnun,Ozempic,Semaglutidum INN,"0,25 mg",1 stk.,"Stungulyf, lausn í áfylltum lyfjapenna",110341,A10BJ06,Novo Nordisk A/S*,Vistor hf,2024-03-25,2024-12-31,2024-03-07,resolved,"Önnur lyfjaform eru á markaði / fáanleg. Lyfið verður í skorti út árið 2024. Sendingar á lyfinu munu berast mánaðarlega til landsins en í takmörkuðu magni. 
Vinsamlega fylgist nánar með dagsetningum sendinga á biðlista dreifingaraðila, Distica.",2026-09-23T20:59:59.666634,201650
IS,Iceland,Lyfjastofnun,Crinone,Progesteronum INN,8 %,6 stk.,Leggangahlaup,000546,G03DA04,Merck AB,Vistor ehf,2024-03-22,2025-02-03,2024-03-22,resolved,Aðrar pakkningastærðir eru á markaði / fáanlegar.,2026-09-23T20:59:59.667180,101826
IS,Iceland,Lyfjastofnun,Clarithromycin Krka,Clarithromycinum INN,500 mg,21 stk.,Filmuhúðuð tafla,485593,J01FA09,"Krka, d.d., Novo mesto",,2024-03-18,2024-10-01,2024-02-13,resolved,Undanþágulyf hefur verið útvegað.,2026-09-23T20:59:59.667705,39977
IS,Iceland,Lyfjastofnun,Pentocur,Thiopentalum natricum INN,"0,5 g","0,5 g","Stungulyfsstofn, lausn",431844,N01AF03,Abcur AB,,2024-03-18,2024-09-19,2024-03-22,resolved,Aðrir styrkleikar eru á markaði / fáanlegir.,2026-09-23T20:59:59.668232,6467
IS,Iceland,Lyfjastofnun,Bisoprolol Medical Valley,Bisoprololum INN fúmarat,10 mg,105 stk.,Filmuhúðuð tafla,525913,C07AB07,Medical Valley Invest AB,,2024-03-12,2025-01-27,2024-03-05,resolved,Aðrir styrkleikar eru á markaði / fáanlegir.,2026-09-23T20:59:59.668768,25542
IS,Iceland,Lyfjastofnun,Mometason Apofri,Mometasonum INN fúróat,50 míkróg/skammt,140 skammtar,"Nefúði, dreifa",390439,R01AD09,Evolan Pharma AB,,2024-03-11,2024-09-01,2024-02-21,resolved,Samheitalyf er á markaði / fáanlegt.,2026-09-23T20:59:59.669331,201650
IS,Iceland,Lyfjastofnun,Seretide,"Salmeterolum INN xínafóat, Fluticasonum INN própíónat",25/125 míkróg/skammt,120 skammtar,"Innúðalyf, dreifa",004282,R03AK06,GlaxoSmithKline Pharma A/S,Vistor hf,2024-03-08,2025-01-10,2024-05-17,resolved,Önnur lyfjaform eru á markaði / fáanleg.,2026-09-23T20:59:59.669879,62529
IS,Iceland,Lyfjastofnun,Oxikodon Depot Actavis,Oxycodonum INN hýdróklóríð,40 mg,98 stk.,Forðatafla,144498,N02AA05,Actavis Group PTC ehf.,Teva Pharma Iceland ehf.*,2024-03-01,2024-10-08,2024-03-11,resolved,Samheitalyf er á markaði / fáanlegt.,2026-09-23T20:59:59.670423,57630
IS,Iceland,Lyfjastofnun,Atomoxetine STADA,Atomoxetinum INN hýdróklóríð,80 mg,30 stk.,Hart hylki,407586,N06BA09,STADA Arzneimittel AG,,2024-03-01,2024-09-01,2024-05-03,resolved,Samheitalyf er á markaði / fáanlegt.,2026-09-23T20:59:59.670960,89494
IS,Iceland,Lyfjastofnun,Methylphenidate STADA,Methylphenidatum INN hýdróklóríð,40 mg,30 stk.,Hart hylki með breyttan losunarhraða,160487,N06BA04,STADA Arzneimittel AG,,2024-02-27,2024-09-19,2024-02-22,resolved,Samheitalyf er á markaði / fáanlegt.,2026-09-23T20:59:59.671486,25542
IS,Iceland,Lyfjastofnun,Keflex,Cefalexinum INN mónóhýdrat,500 mg,40 stk.,Tafla,090240,J01DB01,STADA Nordic ApS.,Icepharma hf,2024-02-26,2100-12-31,2023-08-11,shortage,Samheitalyf er á markaði / fáanlegt.,2026-09-23T20:59:59.672045,5835
IS,Iceland,Lyfjastofnun,Imigran Radis,Sumatriptanum INN súkkínat,50 mg,12 stk.,Filmuhúðuð tafla,015443,N02CC01,GlaxoSmithKline Pharma A/S,Vistor hf,2024-02-23,2024-10-14,2023-12-22,resolved,Samheitalyf er á markaði / fáanlegt.,2026-09-23T20:59:59.672606,41378
IS,Iceland,Lyfjastofnun,Contalgin,Morphini sulfas,5 mg,100 stk.,Forðatafla,563502,N02AA01,Mundipharma A/S,Icepharma hf.*,2024-02-16,2025-07-10,2024-02-15,resolved,Undanþágulyf hefur verið útvegað.,2026-09-23T20:59:59.673154,
IS,Iceland,Lyfjastofnun,Caverject Dual,Alprostadilum INN,10 míkróg,"0,5 ml","Stungulyfsstofn og leysir, lausn",000784,G04BE01,Pfizer ApS,Icepharma hf.*,2024-02-16,2024-12-15,2023-09-18,resolved,Aðrir styrkleikar eru á markaði / fáanlegir.,2026-09-23T20:59:59.673740,
IS,Iceland,Lyfjastofnun,Sevelamercarbonat Stada,Sevelamerum INN karbónat,800 mg,180 stk.,Filmuhúðuð tafla,576797,V03AE02,STADA Arzneimittel AG,,2024-02-09,2025-02-01,2024-01-10,resolved,Samheitalyf er á markaði / fáanlegt.,2026-09-23T20:59:59.674261,83062
IS,Iceland,Lyfjastofnun,Paracetamol Sandoz,Paracetamolum INN,500 mg,30 stk.,Filmuhúðuð tafla,466610,N02BE01,Sandoz A/S*,,2024-02-06,2024-12-12,2024-02-14,resolved,Samheitalyf er á markaði / fáanlegt.,2026-09-23T20:59:59.674794,67903
IS,Iceland,Lyfjastofnun,Baklofen Viatris,Baclofenum INN,25 mg,50 stk.,Tafla,028387,M03BX01,Viatris Limited,Icepharma hf,2024-02-02,2024-12-16,2023-11-21,resolved,Aðrar pakkningastærðir eru á markaði / fáanlegar.,2026-09-23T20:59:59.675361,6033
IS,Iceland,Lyfjastofnun,Omeprazol Alvogen,,20 mg,100 stk.,Magasýruþolið hart hylki,096435,A02BC01,Alvogen ehf.,,2024-01-31,2024-11-01,2024-01-16,afskráning,Samheitalyf er á markaði / fáanlegt.,2026-09-23T20:59:59.675901,60062
IS,Iceland,Lyfjastofnun,Contalgin,Morphini sulfas,10 mg,100 stk.,Forðatafla,466094,N02AA01,Mundipharma A/S,Icepharma hf.*,2024-01-30,2025-05-01,2024-01-19,resolved,Undanþágulyf hefur verið útvegað.,2026-09-23T20:59:59.676439,23418
IS,Iceland,Lyfjastofnun,Menopur,,600 a.e.,600 a.e.,"Stungulyfsstofn og leysir, lausn",086368,G03GA02,Ferring Lægemidler A/S,Vistor hf,2024-01-30,2025-01-01,2023-11-13,afskráning,Önnur lyfjaform eru á markaði / fáanleg.,2026-09-23T20:59:59.676984,
IS,Iceland,Lyfjastofnun,Bupropion Teva,Bupropionum INN hýdróklóríð,300 mg,90 stk.,Tafla með breyttan losunarhraða,428446,N06AX12,Teva B.V.*,Teva Pharma Iceland ehf.*,2024-01-21,2027-10-31,2026-04-01,shortage,Samheitalyf er á markaði / fáanlegt.,2026-09-23T20:59:59.677525,82899
IS,Iceland,Lyfjastofnun,Tribovax vet.,Blanda,,50 ml,"Stungulyf, dreifa",372436,QI02AB01,Intervet International B.V.*,,2024-01-17,2025-01-27,2023-12-05,resolved,Aðrar pakkningastærðir eru á markaði / fáanlegar.,2026-09-23T20:59:59.678094,
IS,Iceland,Lyfjastofnun,Sumatriptan Bluefish,Sumatriptanum INN súkkínat,100 mg,6 stk.,Tafla,151873,N02CC01,Bluefish Pharmaceuticals AB,Artasan ehf,2024-01-08,2026-02-09,2023-12-01,resolved,Samheitalyf er á markaði / fáanlegt.,2026-09-23T20:59:59.678659,32476
IS,Iceland,Lyfjastofnun,Sumatriptan Bluefish,Sumatriptanum INN súkkínat,100 mg,6 stk.,Tafla,151873,N02CC01,Bluefish Pharmaceuticals AB,Artasan ehf,2024-01-08,2026-02-04,2026-01-10,resolved,Aðrir styrkleikar eru á markaði / fáanlegir.,2026-09-23T20:59:59.679230,32476
IS,Iceland,Lyfjastofnun,Bupropion Teva,Bupropionum INN hýdróklóríð,300 mg,30 stk.,Tafla með breyttan losunarhraða,531262,N06AX12,Teva B.V.*,Teva Pharma Iceland ehf.*,2024-01-05,2026-01-01,2023-12-19,resolved,Aðrar pakkningastærðir eru á markaði / fáanlegar.,2026-09-23T20:59:59.679799,82899
IS,Iceland,Lyfjastofnun,Dutasteride/Tamsulosin Teva,"Dutasteridum INN, Tamsulosinum INN hýdróklóríð","0,5 mg/0,4 mg",30 stk.,Hart hylki,084454,G04CA52,Teva B.V.*,Teva Pharma Iceland ehf.*,2023-12-22,2024-10-14,2023-12-19,resolved,Samheitalyf er á markaði / fáanlegt.,2026-09-23T20:59:59.680368,93661
IS,Iceland,Lyfjastofnun,Midazolam Accord,Midazolamum INN hýdróklóríð,1 mg/ml,5 ml,"Stungulyf/innrennslislyf, lausn",398181,N05CD08,Accord Healthcare B.V.,,2023-12-15,2025-11-11,2023-12-01,resolved,Aðrir styrkleikar eru á markaði / fáanlegir.,2026-09-23T20:59:59.680921,93629
IS,Iceland,Lyfjastofnun,Animed vet,CHLORTETRACYCLINE HYDROCHLORIDE,"2,45 % w/w",211 ml,"Húðúði, dreifa",523773,QD06AA02,aniMedica GmbH*,,2023-12-06,2100-12-31,2023-12-06,shortage,Samheitalyf er á markaði / fáanlegt.,2026-09-23T20:59:59.681476,
IS,Iceland,Lyfjastofnun,Tribovax vet.,Blanda,,100 ml,"Stungulyf, dreifa",475686,QI02AB01,Intervet International B.V.*,,2023-12-05,2024-12-02,2023-12-05,resolved,. Óskráð lyf með sama virka innihaldsefni er væntanlegt,2026-09-23T20:59:59.682023,
IS,Iceland,Lyfjastofnun,Cosopt sine,"Dorzolamidum INN hýdróklóríð, Timololum INN maleat",20 mg/ml+5 mg/ml,10 ml,"Augndropar, lausn",191724,S01ED51,Santen Oy*,,2023-12-01,2024-12-05,2023-12-01,resolved,Samheitalyf er á markaði / fáanlegt.,2026-09-23T20:59:59.682574,213950
IS,Iceland,Lyfjastofnun,Dutaprostam,"Dutasteridum INN, Tamsulosinum INN hýdróklóríð","0,5/0,4 mg",90 stk.,Hart hylki,542694,G04CA52,Zentiva k.s.*,Alvogen ehf.,2023-11-29,2024-08-22,2023-10-30,resolved,Samheitalyf er á markaði / fáanlegt.,2026-09-23T20:59:59.683134,93661
IS,Iceland,Lyfjastofnun,Sertralin Krka,Sertralinum INN hýdróklóríð,100 mg,250 stk.,Filmuhúðuð tafla,520633,N06AB06,"Krka, d.d., Novo mesto",LYFIS ehf.*,2023-11-29,2026-11-27,2023-10-24,shortage,Samheitalyf er á markaði / fáanlegt.,2026-09-23T20:59:59.683690,39411
IS,Iceland,Lyfjastofnun,Ropinirole Alvogen,,8 mg,84 stk.,Forðatafla,094757,N04BC04,Alvogen ehf.,,2023-11-25,2024-01-01,2023-12-29,afskráning,Samheitalyf er á markaði / fáanlegt.,2026-09-23T20:59:59.684213,85642
IS,Iceland,Lyfjastofnun,Bupropion Teva,Bupropionum INN hýdróklóríð,300 mg,90 stk.,Tafla með breyttan losunarhraða,428446,N06AX12,Teva B.V.*,Teva Pharma Iceland ehf.*,2023-11-13,2024-10-17,2023-11-02,resolved,Aðrar pakkningastærðir eru á markaði / fáanlegar.,2026-09-23T20:59:59.684772,82899
IS,Iceland,Lyfjastofnun,Menopur,,1200 a.e.,1200 a.e.,"Stungulyfsstofn og leysir, lausn",086380,G03GA02,Ferring Lægemidler A/S,Vistor hf,2023-11-13,2025-01-01,2023-11-13,afskráning,Önnur lyfjaform eru á markaði / fáanleg.,2026-09-23T20:59:59.685315,
IS,Iceland,Lyfjastofnun,Betadine,Povidonum iodinatum INN,75 mg/ml,500 ml,Baðlyf,099721,D08AG02,Taw Pharma (Ireland) Limited,Icepharma hf,2023-11-06,2100-12-31,2023-11-07,shortage,Undanþágulyf hefur verið útvegað.,2026-09-23T20:59:59.685903,152080
IS,Iceland,Lyfjastofnun,Zensitin,Cetirizine dihydrochloride,10 mg,100 stk.,Filmuhúðuð tafla,572697,R06AE07,Williams & Halls ehf,,2023-10-26,2025-04-01,2023-07-25,resolved,Samheitalyf er á markaði / fáanlegt.,2026-09-23T20:59:59.686459,26298
IS,Iceland,Lyfjastofnun,Lutinus,Progesteronum INN,100 mg,21 stk.,Leggangatafla,081669,G03DA04,Ferring Lægemidler A/S,,2023-10-20,2025-03-20,2023-10-04,resolved,Önnur lyfjaform eru á markaði / fáanleg.,2026-09-23T20:59:59.687025,29181
IS,Iceland,Lyfjastofnun,Marcain adrenalin,"Bupivacainum INN hýdróklóríð, Adrenalinum bítartrat (Epinephrinum INN bítartrat)","2,5 mg/ml + 5 míkróg/ ml",20 ml,"Stungulyf, lausn",171603,N01BB51,Aspen Pharma Trading Limited,Icepharma hf.*,2023-10-10,2025-01-07,2023-09-19,resolved,Ekki til lyf með sama ATC númer en sambærilegt lyf í sama flokki er á markaði / fáanlegt.,2026-09-23T20:59:59.687591,145610
IS,Iceland,Lyfjastofnun,Pazenir,,5 mg/ml,100 mg,"Innrennslisstofn, ördreifa",596184,L01CD01,ratiopharm GmbH*,Teva Pharma Iceland ehf.*,2023-10-05,2023-11-06,2023-08-30,afskráning,Samheitalyf er á markaði / fáanlegt.,2026-09-23T20:59:59.688147,
IS,Iceland,Lyfjastofnun,Rizatriptan Alvogen,Rizatriptanum INN benzóat,5 mg,6 stk.,Munndreifitafla,581661,N02CC04,Alvogen ehf.,,2023-10-01,2024-10-14,2023-06-05,resolved,Aðrir styrkleikar eru á markaði / fáanlegir.,2026-09-23T20:59:59.688697,50512
IS,Iceland,Lyfjastofnun,Toviaz,Fesoterodinum INN fúmarat,4 mg,28 stk.,Forðatafla,116705,G04BD11,Pfizer Europe MA EEIG*,Icepharma hf.*,2023-10-01,2024-09-03,2023-09-18,resolved,Samheitalyf er á markaði / fáanlegt.,2026-09-23T20:59:59.689310,86258
IS,Iceland,Lyfjastofnun,Procapen vet,Benzylpenicillinprocainum,3 g,10 ml,"Spenalyf, dreifa",409115,QJ51CE09,aniMedica GmbH*,Dýraheilsa ehf.,2023-09-18,2024-09-30,2023-09-21,resolved,Undanþágulyf hefur verið útvegað.,2026-09-23T20:59:59.689930,
IS,Iceland,Lyfjastofnun,Arcoxia,Etoricoxibum INN,120 mg,7 stk.,Filmuhúðuð tafla,011326,M01AH05,N.V. Organon*,Vistor hf,2023-09-18,2024-09-01,2023-08-15,resolved,Samheitalyf er á markaði / fáanlegt.,2026-09-23T20:59:59.690529,66761
IS,Iceland,Lyfjastofnun,Marcain adrenalin,"Bupivacainum INN hýdróklóríð, Adrenalinum bítartrat (Epinephrinum INN bítartrat)",5 mg/ml + 5 míkróg ml,20 ml,"Stungulyf, lausn",171611,N01BB51,Aspen Pharma Trading Limited,Icepharma hf.*,2023-09-10,2024-09-23,2023-07-13,resolved,Undanþágulyf hefur verið útvegað.,2026-09-23T20:59:59.691107,145629
IS,Iceland,Lyfjastofnun,Finilac,Cabergolinum INN,50 míkróg/ml,15 ml,"Mixtúra, lausn",509127,QG02CB03,Le Vet Beheer B.V.,,2023-08-26,2025-02-03,2023-11-22,resolved,Undanþágulyf hefur verið útvegað.,2026-09-23T20:59:59.691657,
IS,Iceland,Lyfjastofnun,Ketabel vet.,Ketaminum INN hýdróklóríð,100 mg/ml,10 ml,"Stungulyf, lausn",568413,QN01AX03,Bela-Pharma GmbH & Co KG,,2023-08-21,2100-12-31,2023-08-21,shortage,Sérpöntun / útboðslyf. Önnur pakkningastærð er fáanleg,2026-09-23T20:59:59.692214,
IS,Iceland,Lyfjastofnun,Noradrenalin Abcur,Noradrenalinum tartrat (norepinephrinum INN tartrat),1 mg/ml,10 ml,"Innrennslisþykkni, lausn",517824,C01CA03,Abcur AB*,,2023-08-15,2024-12-31,2023-08-16,resolved,Aðrar pakkningastærðir eru á markaði / fáanlegar.,2026-09-23T20:59:59.692765,35653
IS,Iceland,Lyfjastofnun,Apidra,,100 ein./ml,3 ml,"Stungulyf, lausn í rörlykju",022165,A10AB06,Sanofi-Aventis Deutschland GmbH,Vistor hf,2023-08-14,2024-09-01,2023-08-11,afskráning,Önnur lyfjaform eru á markaði / fáanleg.,2026-09-23T20:59:59.693311,77712
IS,Iceland,Lyfjastofnun,Flunixin,Flunixinum INN meglúmínsalt,50 mg/ml,50 ml,"Stungulyf, lausn",159973,QM01AG90,Norbrook Laboratories (Ireland) Limited,Icepharma hf,2023-08-10,2027-01-01,2023-08-21,afskráning,Samheitalyf er á markaði / fáanlegt.,2026-09-23T20:59:59.693878,
IS,Iceland,Lyfjastofnun,Baklofen Viatris,Baclofenum INN,10 mg,50 stk.,Tafla,411033,M03BX01,Viatris Limited,Icepharma hf,2023-08-07,2024-12-16,2023-06-06,resolved,Undanþágulyf hefur verið útvegað.,2026-09-23T20:59:59.694444,2607
IS,Iceland,Lyfjastofnun,Levetiracetam STADA,Levetiracetamum INN,100 mg/ml,300 ml,"Mixtúra, lausn",419311,N03AX14,STADA Arzneimittel AG,,2023-08-04,2026-06-01,2023-08-03,resolved,Samheitalyf er á markaði / fáanlegt.,2026-09-23T20:59:59.695016,80918
IS,Iceland,Lyfjastofnun,Ketabel vet.,Ketaminum INN hýdróklóríð,100 mg/ml,25 ml,"Stungulyf, lausn",117103,QN01AX03,Bela-Pharma GmbH & Co KG,,2023-08-01,2025-02-02,2023-08-21,resolved,Samheitalyf er á markaði / fáanlegt.,2026-09-23T20:59:59.695595,
IS,Iceland,Lyfjastofnun,Keflex,Cefalexinum INN mónóhýdrat,500 mg,20 stk.,Tafla,090229,J01DB01,STADA Nordic ApS.,Icepharma hf,2023-08-01,2100-12-31,2023-07-28,shortage,Samheitalyf er á markaði / fáanlegt.,2026-09-23T20:59:59.696176,5835
IS,Iceland,Lyfjastofnun,Toviaz,Fesoterodinum INN fúmarat,8 mg,28 stk.,Forðatafla,116716,G04BD11,Pfizer Europe MA EEIG*,Icepharma hf.*,2023-06-12,2024-09-03,2023-06-12,resolved,Samheitalyf er á markaði / fáanlegt.,2026-09-23T20:59:59.696762,86266
IS,Iceland,Lyfjastofnun,Toviaz,Fesoterodinum INN fúmarat,4 mg,84 stk.,Forðatafla,116694,G04BD11,Pfizer Europe MA EEIG*,Icepharma hf.*,2023-06-12,2024-09-03,2023-06-12,resolved,Samheitalyf er á markaði / fáanlegt.,2026-09-23T20:59:59.697333,77712
IS,Iceland,Lyfjastofnun,Neotigason,Acitretinum INN,25 mg,50 stk.,Hart hylki,488791,D05BB02,Teva B.V.*,Teva Pharma Iceland ehf.*,2023-06-08,2024-09-04,2023-06-29,resolved,Undanþágulyf hefur verið útvegað.,2026-09-23T20:59:59.697895,29874
IS,Iceland,Lyfjastofnun,Methylphenidate STADA,Methylphenidatum INN hýdróklóríð,60 mg,30 stk.,Hart hylki með breyttan losunarhraða,129289,N06BA04,STADA Arzneimittel AG,,2023-06-07,2024-09-19,2023-08-02,resolved,Samheitalyf er á markaði / fáanlegt.,2026-09-23T20:59:59.698445,80918
IS,Iceland,Lyfjastofnun,Spectrabactin Vet,"Amoxicillinum INN tríhýdrat, Potassium clavulanate",40 mg/10 mg,24 stk.,Tafla,418403,QJ01CR02,Dechra Regulatory B.V.*,,2023-05-17,2100-12-31,2024-04-11,shortage,Samheitalyf er á markaði / fáanlegt.,2026-09-23T20:59:59.699013,
IS,Iceland,Lyfjastofnun,Cyclogyl,Cyclopentolatum INN hýdróklóríð,10 mg/ml,10 ml,"Augndropar, lausn",120022,S01FA04,Alcon Nordic A/S,,2023-05-02,2024-10-02,2023-05-03,resolved,Ekki til lyf með sama ATC númer en sambærilegt lyf í sama flokki er á markaði / fáanlegt.,2026-09-23T20:59:59.699575,220485
IS,Iceland,Lyfjastofnun,Zoloft,Sertralinum INN hýdróklóríð,50 mg,98 stk.,Filmuhúðuð tafla,575340,N06AB06,Viatris ApS,Icepharma hf.*,2023-03-23,2025-03-01,2023-03-16,resolved,Samheitalyf er á markaði / fáanlegt.,2026-09-23T20:59:59.700145,39403
IS,Iceland,Lyfjastofnun,Arsenic Trioxide Accord,Arsenii trioxidum,1 mg/ml,10 ml,"Innrennslisþykkni, lausn",169293,L01XX27,Accord Healthcare S.L.U.,,2023-03-14,2100-12-31,2025-10-22,shortage,"Sérpöntun / útboðslyf. Heildsalan Distica er að útvega undanþágulyfið Arsenic trioxide Accord, konc. til inf. 1 mg/ml, vnr. 986846. Undanþágulyfið kemur frá Portúgal..",2026-09-23T20:59:59.700676,216380
IS,Iceland,Lyfjastofnun,Carbocain Dental,Mepivacainum INN hýdróklóríð,30 mg/ml,"1,8 ml","Stungulyf, lausn",009900,N01BB03,DENTSPLY DeTrey GmbH*,Vistor hf,2023-03-10,2025-03-03,2023-02-17,resolved,Ekki til lyf með sama ATC númer en sambærilegt lyf í sama flokki er á markaði / fáanlegt.,2026-09-23T20:59:59.701240,
IS,Iceland,Lyfjastofnun,Combisyn,"Amoxicillinum INN tríhýdrat, Potassium clavulanate",50 mg,100 stk.,Tafla,432972,QJ01CR02,Norbrook Laboratories (Ireland) Limited,Icepharma hf,2023-02-28,2024-11-03,2023-02-27,resolved,Samheitalyf er á markaði / fáanlegt.,2026-09-23T20:59:59.701804,
IS,Iceland,Lyfjastofnun,Keflex,Cefalexinum INN mónóhýdrat,50 mg/ml,100 ml,"Mixtúrukyrni, dreifa",090320,J01DB01,STADA Nordic ApS.,Icepharma hf,2023-02-20,2100-12-31,2023-02-14,shortage,"Samhliða innflutt lyf er á markaði / fáanlegt. Samhliða innflutt lyf, Keflex (Heilsa) er komið á markað.",2026-09-23T20:59:59.702408,5835
IS,Iceland,Lyfjastofnun,Toviaz,Fesoterodinum INN fúmarat,8 mg,84 stk.,Forðatafla,116727,G04BD11,Pfizer Europe MA EEIG*,Icepharma hf.*,2023-02-17,2024-09-03,2023-02-17,resolved,Aðrar pakkningastærðir eru á markaði / fáanlegar.,2026-09-23T20:59:59.702975,86266
IS,Iceland,Lyfjastofnun,Cinacalcet WH,Cinacalcetum INN hýdróklóríð,90 mg,28 stk.,Filmuhúðuð tafla,388836,H05BX01,Williams & Halls ehf.,,2023-02-01,2024-09-19,2023-01-03,resolved,Aðrir styrkleikar og/eða samheitalyf eru á markaði / fáanlegir.,2026-09-23T20:59:59.703528,77127
IS,Iceland,Lyfjastofnun,Nerfasin vet.,Xylazinum INN hýdróklóríð,20 mg/ml,25 ml,"Stungulyf, lausn",530701,QN05CM92,Le Vet B.V.*,,2022-12-12,2026-11-01,2023-04-21,shortage,Aðrir styrkleikar eru á markaði / fáanlegir. Þessi styrkleiki er ekki lengur fáanlegur. Lyfið er til sem Nerfasin vet. 100 mg/ml,2026-09-23T20:59:59.704085,
IS,Iceland,Lyfjastofnun,Zoloft,Sertralinum INN hýdróklóríð,100 mg,98 stk.,Filmuhúðuð tafla,575365,N06AB06,Viatris ApS,Icepharma hf.*,2022-09-16,2025-03-07,2022-08-16,resolved,Samheitalyf er á markaði / fáanlegt.,2026-09-23T20:59:59.704651,39411
IS,Iceland,Lyfjastofnun,Betadine,"POVIDONE, IODINATED",100 mg/ml,500 ml,Húðlausn,099705,D08AG02,Taw Pharma (Ireland) Limited,Icepharma hf,2022-07-01,2100-12-31,2022-06-09,shortage,Undanþágulyf hefur verið útvegað.,2026-09-23T20:59:59.705214,1295
IS,Iceland,Lyfjastofnun,Canesten,Clotrimazolum INN,100 mg,6 stk.,Leggangatafla,065314,G01AF02,Bayer AB,Icepharma hf,2022-03-29,2024-12-12,2022-09-21,resolved,Ekki til lyf með sama ATC númer en sambærilegt lyf í sama flokki er á markaði / fáanlegt.,2026-09-23T20:59:59.705780,
IS,Iceland,Lyfjastofnun,Champix,Vareniclinum INN tartrat,"0,5 mg + 1 mg","11x0,5 mg+42x1 mg stk.",Filmuhúðuð tafla,130596,N07BA03,Pfizer Europe MA EEIG*,Icepharma hf.*,2021-06-15,2025-05-20,2021-06-15,resolved,". Ekki er til skráð lyf með sömu ábendingu í sama ATC flokki en ýmis önnur lyf, til að draga úr eða hætta reykingum, eru á markaði.",2026-09-23T20:59:59.706348,
IS,Iceland,Lyfjastofnun,Champix,Vareniclinum INN tartrat,1 mg,112 stk.,Filmuhúðuð tafla,551683,N07BA03,Pfizer Europe MA EEIG*,Icepharma hf.*,2021-06-15,2025-05-20,2025-01-28,resolved,Undanþágulyf hefur verið útvegað.,2026-09-23T20:59:59.706909,230073
IS,Iceland,Lyfjastofnun,Champix,Vareniclinum INN tartrat,1 mg,112 stk.,Filmuhúðuð tafla,058014,N07BA03,Pfizer Europe MA EEIG*,Icepharma hf.*,2021-06-15,2025-05-20,2021-06-15,resolved,". Ekki er til skráð lyf með sömu ábendingu í sama ATC flokki en ýmis önnur lyf, til að draga úr eða hætta reykingum, eru á markaði.",2026-09-23T20:59:59.707473,230073
IS,Iceland,Lyfjastofnun,Champix,Vareniclinum INN tartrat,"0,5 mg + 1 mg","11x0,5 mg+42x1 mg stk.",Filmuhúðuð tafla,161488,N07BA03,Pfizer Europe MA EEIG*,Icepharma hf.*,2021-06-15,2025-05-20,2025-01-01,resolved,Undanþágulyf hefur verið útvegað.,2026-09-23T20:59:59.708026,
IS,Iceland,Lyfjastofnun,Singulair,Montelukastum INN natríum,4 mg,98 stk.,Tuggutafla,002328,R03DC03,N.V. Organon*,Vistor hf,2020-10-14,2020-11-30,2020-10-14,resolved,Samheitalyf er á markaði / fáanlegt.,2026-09-23T20:59:59.708611,67857
IS,Iceland,Lyfjastofnun,Influvactetra,Blanda,15/15/15/15 míkróg/skammt,"0,5 ml","Stungulyf, dreifa í áfylltri sprautu",514280,J07BB02,Viatris ApS,Icepharma hf.*,2020-10-01,2100-09-01,2026-09-11,shortage,Sérpöntun / útboðslyf.,2026-09-23T20:59:59.709187,229520
IS,Iceland,Lyfjastofnun,Yondelis,Trabectedinum INN,1 mg/hgl.,1 mg,"Stofn fyrir innrennslisþykkni, lausn",015532,L01CX01,Pharma Mar S.A.,Medical Need Europe AB,2020-07-01,2100-12-31,2020-08-04,shortage,"Undanþágulyf hefur verið útvegað. Undanþágulyf með sama heiti er fáanlegt og hefur verið birt í undanþágulyfjaverðaskrá, vnr. 978033 Yondelis irþ 1mg/hgl",2026-09-23T20:59:59.709769,107662
IS,Iceland,Lyfjastofnun,Sufenta,Sufentanilum INN cítrat,5 míkróg/ml,2 ml,"Stungulyf, lausn",072751,N01AH03,Piramal Critical Care B.V.,Williams & Halls ehf.,2000-01-01,2100-12-31,2026-08-19,shortage,Undanþágulyf hefur verið útvegað. Heildsalan Parlogis hefur útvegað undanþágulyfið Sufentanil Hameln með vörunúmerið 989577,2026-09-23T20:59:59.710316,18007
