country_code,country_name,source,medicine_name,active_substance,strength,package_size,product_no,atc_code,shortage_start,estimated_end,status,reason,notes,scraped_at,prk
IT,Italy,AIFA,ABACAVIR E LAMIVUDINA SUN,ABACAVIR + LAMIVUDINE,"""600 MG/300 MG COMPRESSE RIVESTITE CON FILM"" 30 COMPRESSE IN BLISTER PVC/PA/AL",,45348036,J05AR02,2025-07-28,,shortage - end date unknown,Problemi produttivi,"Si rilascia autorizzazione allimportazione alle strutture sanitarie per analogo autorizzato allestero, nel caso in cui le strutture interessate riscontrino discontinuità nella fornitura, a livello delle reti distributive cui hanno accesso",2026-10-01T10:44:52.164158,
IT,Italy,AIFA,ABIOCLAV,ACIDO CLAVULANICO + AMOXICILLINA,""" 875 MG + 125 MG COMPRESSE RIVESTITE CON FILM "" 12 COMPRESSE IN BLISTER AL/PE",,37350016,J01CR02,2025-06-01,,shortage - end date unknown,Problemi produttivi,Per trattamento alternativo si consiglia di rivolgersi allo specialista o al M.M.G,2026-10-01T10:44:52.164223,
IT,Italy,AIFA,ABIRATERONE SUN,ABIRATERONE ACETATO,"""500 mg COMPRESSE RIVESTITE CON FILM"" 56 COMPRESSE IN BLISTER PVDC/PE/PVC/AL",,50293012,L02BX03,2025-03-20,,shortage - end date unknown,Elevata richiesta,Per trattamento alternativo si consiglia di rivolgersi allo specialista o al M.M.G,2026-10-01T10:44:52.164259,136913
IT,Italy,AIFA,ACARBOSIO AUROBINDO,ACARBOSIO,"""50 MG COMPRESSE"" 40 COMPRESSE IN BLISTER PVC/PE/PVDC/AL",,47612027,A10BF01,2026-08-17,,shortage - end date unknown,Problemi produttivi,Per trattamento alternativo si consiglia di rivolgersi allo specialista o al M.M.G,2026-10-01T10:44:52.164288,31453
IT,Italy,AIFA,ACCOFIL,FILGRASTIM,"30 MU/0,5 ML SOLUZIONE PER INIEZIONE/INFUSIONE - USO SOTTOCUTANEO O ENDOVENOSO - SIRINGA PRERIEMPITA (VETRO) CON AGO DI SICUREZZA 0,5ML -1 SIRINGA PRERIEMPITA",,43615057,L03AA02,2026-08-27,,shortage - end date unknown,Problemi produttivi: ridotta disponibilità,"Si rilascia autorizzazione allimportazione alle strutture sanitarie per analogo autorizzato allestero, nel caso in cui le strutture interessate riscontrino discontinuità nella fornitura, a livello delle reti distributive cui hanno accesso",2026-10-01T10:44:52.164314,41831
IT,Italy,AIFA,ACECLOFENAC ACCORD,ACECLOFENAC,"""100 MG COMPRESSE RIVESTITE CON FILM"" 40 COMPRESSE IN BLISTER AL-AL",,42403042,M01AB16,2026-03-31,,shortage - end date unknown,Elevata richiesta,Per trattamento alternativo si consiglia di rivolgersi allo specialista o al M.M.G,2026-10-01T10:44:52.164340,49522
IT,Italy,AIFA,ACETILCISTEINA EG,ACETILCISTEINA,"""300 MG/3 ML SOLUZIONE INIETTABILE E DA NEBULIZZARE"" 5 FIALE",,34821037,R05CB01,2026-03-31,,shortage - end date unknown,Cessata commercializzazione definitiva,Per trattamento alternativo si consiglia di rivolgersi allo specialista o al M.M.G,2026-10-01T10:44:52.164362,
IT,Italy,AIFA,ACICLOVIR PENSA PHARMA,ACICLOVIR,"""800 mg COMPRESSE"" 35 COMPRESSE IN BLISTER AL/PVC",,50312038,J05AB01,2026-08-01,2026-12-31,shortage,Problemi produttivi,Per trattamento alternativo si consiglia di rivolgersi allo specialista o al M.M.G,2026-10-01T10:44:52.164393,
IT,Italy,AIFA,ACICLOVIR PENSA PHARMA,ACICLOVIR,"""400 mg COMPRESSE"" 25 COMPRESSE IN BLISTER AL/PVC",,50312026,J05AB01,2026-08-01,2026-12-31,shortage,Problemi produttivi,Per trattamento alternativo si consiglia di rivolgersi allo specialista o al M.M.G,2026-10-01T10:44:52.164427,
IT,Italy,AIFA,ACICLOVIR ZENTIVA,ACICLOVIR,"""800 MG COMPRESSE"" 35 COMPRESSE IN BLISTER PVC/AL",,46277063,J05AB01,2026-09-21,,shortage - end date unknown,Elevata richiesta/problemi produttivi,Per trattamento alternativo si consiglia di rivolgersi allo specialista o al M.M.G,2026-10-01T10:44:52.164448,
IT,Italy,AIFA,ACICLOVIR ZENTIVA,ACICLOVIR,"""400 MG COMPRESSE"" 25 COMPRESSE IN BLISTER PVC/AL",,46277036,J05AB01,2026-06-30,,shortage - end date unknown,Elevata richiesta/problemi produttivi,Per trattamento alternativo si consiglia di rivolgersi allo specialista o al M.M.G,2026-10-01T10:44:52.164474,
IT,Italy,AIFA,ACIDO ACETILSALICILICO PANPHARMA,LISINA ACETILSALICILATO,"""1  g/5  ml  polvere  e  solvente  per  soluzione iniettabile» 6 flaconcini in vetro di polvere da 1 g  +  6  fiale  in vetro di solvente da 5 ml.",,22620191,N02BA01,2022-09-07,,shortage - end date unknown,Problemi produttivi,Si rilascia autorizzazione allimportazione alle strutture sanitarie per analogo autorizzato allestero,2026-10-01T10:44:52.164495,
IT,Italy,AIFA,ACIDO ACETILSALICILICO ZENTIVA ITALIA,ACIDO ACETILSALICILICO,"""100 MG COMPRESSE GASTRORESISTENTI"" 30 COMPRESSE IN BLISTER PVC/AL",,49648013,B01AC06,2024-01-31,,shortage - end date unknown,Problemi produttivi: forniture discontinue,Per trattamento alternativo si consiglia di rivolgersi allo specialista o al M.M.G,2026-10-01T10:44:52.164516,3956
IT,Italy,AIFA,ACIDO ALENDRONICO E COLECALCIFEROLO AUROBINDO,ALENDRONIC ACID,"""70 MG /2800 U. I. COMPRESSE"" 4 COMPRESSE IN BLISTER PA/AL/PVC/AL",,44670014,M05BB03,2023-01-31,,shortage - end date unknown,Problemi produttivi,Per trattamento alternativo si consiglia di rivolgersi allo specialista o al M.M.G,2026-10-01T10:44:52.164536,
IT,Italy,AIFA,ACIDO ALENDRONICO E COLECALCIFEROLO AUROBINDO,ALENDRONIC ACID,"""70 MG /5600 U. I. COMPRESSE"" 4 COMPRESSE IN BLISTER PA/AL/PVC/AL",,44670026,M05BB03,2023-01-31,,shortage - end date unknown,Problemi produttivi,Per trattamento alternativo si consiglia di rivolgersi allo specialista o al M.M.G,2026-10-01T10:44:52.164556,
IT,Italy,AIFA,ACIDO IBANDRONICO ACCORD,ACIDO IBANDRONICO,3 MG - SOLUZIONE INIETTABILE - USO ENDOVENOSO -SIRINGA PRERIEMPITA  (VETRO) 3ML-  1 SIRINGA PRERIEMPITA + 1 AGO PER INIEZIONE,,42505053,M05BA06,2026-07-28,,shortage - end date unknown,Problemi produttivi,"Si rilascia autorizzazione allimportazione alle strutture sanitarie per analogo autorizzato allestero, nel caso in cui le strutture interessate riscontrino discontinuità nella fornitura, a livello delle reti distributive cui hanno accesso",2026-10-01T10:44:52.164576,
IT,Italy,AIFA,ACIDO IBANDRONICO ALTER,ACIDO IBANDRONICO,"""150 MG COMPRESSE RIVESTITE CON FILM"" 1 COMPRESSA IN BLISTER PA/AL/PVC-AL",,40658015,M05BA06,2025-11-23,,shortage - end date unknown,Elevata richiesta/problemi produttivi,Per trattamento alternativo si consiglia di rivolgersi allo specialista o al M.M.G,2026-10-01T10:44:52.164605,
IT,Italy,AIFA,ACIDO IBANDRONICO MYLAN,IBANDRONATO SODICO MONOIDRATO,"""150 MG COMPRESSE RIVESTITE CON FILM"" 1 COMPRESSA IN BLISTER OPA-AL-PVC/AL",,40655019,M05BA06,2024-12-09,,shortage - end date unknown,Problemi produttivi,Per trattamento alternativo si consiglia di rivolgersi allo specialista o al M.M.G,2026-10-01T10:44:52.164625,
IT,Italy,AIFA,ACIDO IBANDRONICO SANDOZ,ACIDO IBANDRONICO,"""150 MG COMPRESSE RIVESTITE CON FILM"" 1 COMPRESSA IN BLISTER PA/AL/PVC-AL/AL",,40191013,M05BA06,2025-07-24,,shortage - end date unknown,Problemi produttivi,Per trattamento alternativo si consiglia di rivolgersi allo specialista o al M.M.G,2026-10-01T10:44:52.164645,
IT,Italy,AIFA,ACIDO IBANDRONICO ZENTIVA,ACIDO IBANDRONICO,"""150 MG COMPRESSE RIVESTITE CON FILM"" 1 COMPRESSA IN BLISTER PVC/PVDC/AL",,40007041,M05BA06,2022-11-30,,shortage - end date unknown,Problemi produttivi,Per trattamento alternativo si consiglia di rivolgersi allo specialista o al M.M.G,2026-10-01T10:44:52.164664,
IT,Italy,AIFA,ACIDO MICOFENOLICO ACCORD,ACIDO MICOFENOLICO,"""360 MG COMPRESSE GASTRORESISTENTI"" 50 COMPRESSE IN BLISTER AL/AL",,43305061,L04AA06,2026-04-24,,shortage - end date unknown,Problemi produttivi,Per trattamento alternativo si consiglia di rivolgersi allo specialista o al M.M.G,2026-10-01T10:44:52.164683,
IT,Italy,AIFA,ACIDO MICOFENOLICO ACCORD,ACIDO MICOFENOLICO,"""180 MG COMPRESSE GASTRORESISTENTI"" 100 COMPRESSE IN BLISTER AL/AL",,43305034,L04AA06,2026-07-21,,shortage - end date unknown,Problemi regolatori,"Si rilascia autorizzazione allimportazione alle strutture sanitarie per analogo autorizzato allestero, nel caso in cui le strutture interessate riscontrino discontinuità nella fornitura, a livello delle reti distributive cui hanno accesso",2026-10-01T10:44:52.164702,
IT,Italy,AIFA,ACIDO SALICILICO NA,ACIDO SALICILICO,"""5% UNGUENTO"" TUBO 30 G",,30578025,M02AA03,2026-04-20,,shortage - end date unknown,Cessata commercializzazione definitiva,Per trattamento alternativo si consiglia di rivolgersi allo specialista o al M.M.G,2026-10-01T10:44:52.164721,
IT,Italy,AIFA,ACIDO VALPROICO E SODIO VALPROATO RATIOPHARM,ACIDO VALPROICO + SODIO VALPROATO,"""500 MG COMPRESSE A RILASCIO PROLUNGATO"" 30 COMPRESSE IN BLISTER AL/AL",,37839115,N03AG01,2026-08-10,2026-10-31,shortage,Problemi produttivi,Per trattamento alternativo si consiglia di rivolgersi allo specialista o al M.M.G,2026-10-01T10:44:52.164746,26905
IT,Italy,AIFA,ACIDO VALPROICO E SODIO VALPROATO RATIOPHARM,ACIDO VALPROICO + SODIO VALPROATO,"""300 MG COMPRESSE A RILASCIO PROLUNGATO"" 30 COMPRESSE IN BLISTER AL/AL",,37839026,N03AG01,2026-09-21,2026-12-15,shortage,Problemi produttivi,Per trattamento alternativo si consiglia di rivolgersi allo specialista o al M.M.G,2026-10-01T10:44:52.164770,29882
IT,Italy,AIFA,ACLASTA,ACIDO ZOLEDRONICO MONOIDRATO,5 MG SOLUZIONE PER INFUSIONE FLACONE 100 ML /5 MG 1 FLACONE,,37105018,M05BA08,2026-07-31,,shortage - end date unknown,Problemi produttivi,"Si rilascia autorizzazione allimportazione alle strutture sanitarie per analogo autorizzato allestero, nel caso in cui le strutture interessate riscontrino discontinuità nella fornitura, a livello delle reti distributive cui hanno accesso",2026-10-01T10:44:52.164789,
IT,Italy,AIFA,ACQUA PER PREPARAZIONI INIETTABILI B. BRAUN,ACQUA PER PREPARAZIONI INIETTABILI,""" SOLVENTE PER USO PARENTERALE "" 10 FLACONCINI 500 ML",,30898124,,2024-03-08,2026-12-31,shortage,Elevata richiesta: forniture discontinue,"Si rilascia autorizzazione allimportazione alle strutture sanitarie per analogo autorizzato allestero, nel caso in cui le strutture interessate riscontrino discontinuità nella fornitura, a livello delle reti distributive cui hanno accesso",2026-10-01T10:44:52.164814,
IT,Italy,AIFA,ACQUA PER PREPARAZIONI INIETTABILI FKI,ACQUA PER PREPARAZIONI INIETTABILI,""" SOLVENTE PER USO PARENTERALE "" 20 FLACONI  IN POLIETILENE DA 500 ML",,31917685,,2026-03-17,,shortage - end date unknown,Problemi produttivi: distribuzione contingentata,Per trattamento alternativo si consiglia di rivolgersi allo specialista o al M.M.G,2026-10-01T10:44:52.164834,
IT,Italy,AIFA,ACQUA PER PREPARAZIONI INIETTABILI FKI,ACQUA PER PREPARAZIONI INIETTABILI,""" SOLVENTE PER USO PARENTERALE "" 20 FLACONI  IN POLIETILENE DA 250 ML",,31917659,,2026-04-01,,shortage - end date unknown,Problemi produttivi: distribuzione contingentata,Per trattamento alternativo si consiglia di rivolgersi allo specialista o al M.M.G,2026-10-01T10:44:52.164858,
IT,Italy,AIFA,ACQUA PER PREPARAZIONI INIETTABILI MONICO,ACQUA PER PREPARAZIONI INIETTABILI,SACCA 3000 ML,,30779159,,2024-08-01,2026-12-31,shortage,Problemi produttivi: forniture discontinue,Per trattamento alternativo si consiglia di rivolgersi allo specialista o al M.M.G,2026-10-01T10:44:52.164882,
IT,Italy,AIFA,ACQUA PER PREPARAZIONI INIETTABILI MONICO,ACQUA PER PREPARAZIONI INIETTABILI,FLACONE 500 ML,,30779122,,2026-03-23,2026-05-04,resolved,Problemi produttivi,Per trattamento alternativo si consiglia di rivolgersi allo specialista o al M.M.G,2026-10-01T10:44:52.164906,
IT,Italy,AIFA,ACTIGRIP TOSSE MUCOLITICO,GUAIFENESINA,"""20 MG/ML SOLUZIONE ORALE, GUSTO MENTOLO"" FLACONE VETRO DA 150 ML",,41772017,R05CA03,2026-12-31,,shortage - end date unknown,Cessata commercializzazione temporanea,Per trattamento alternativo si consiglia di rivolgersi allo specialista o al M.M.G,2026-10-01T10:44:52.164929,
IT,Italy,AIFA,ACTIQ,FENTANIL,"""800 MICROGRAMMI PASTIGLIA PER MUCOSA ORALE CON APPLICATORE INCORPORATO"" 15 PASTIGLIE IN BLISTER PVC/ACLAR-CARTA/PET",,35399157,N02AB03,2026-05-31,,shortage - end date unknown,Cessata commercializzazione definitiva,Per trattamento alternativo si consiglia di rivolgersi allo specialista o al M.M.G,2026-10-01T10:44:52.164950,84697
IT,Italy,AIFA,ACTIQ,FENTANIL,"""200 MICROGRAMMI PASTIGLIA PER MUCOSA ORALE CON APPLICATORE INCORPORATO"" 15 PASTIGLIE IN BLISTER PVC/ACLAR-CARTA/PET",,35399272,N02AB03,2026-06-30,2026-11-01,shortage,Problemi produttivi,Per trattamento alternativo si consiglia di rivolgersi allo specialista o al M.M.G,2026-10-01T10:44:52.164977,84662
IT,Italy,AIFA,ACTOS,PIOGLITAZONE,"""45 MG - COMPRESSA - USO ORALE - BLISTER (ALL/ALL)"" 28 COMPRESSE",,34946121,A10BG03,2026-09-10,2026-12-15,shortage,Problemi produttivi,Per trattamento alternativo si consiglia di rivolgersi allo specialista o al M.M.G,2026-10-01T10:44:52.165003,84255
IT,Italy,AIFA,ACURMIL,ATRACURIO BESILATO,""" 25 MG/2,5 ML SOLUZIONE INIETTABILE "" 5 FIALE",,35348010,M03AC04,2025-10-25,,shortage - end date unknown,Problemi produttivi,"Si rilascia autorizzazione allimportazione alle strutture sanitarie per analogo autorizzato allestero, nel caso in cui le strutture interessate riscontrino discontinuità nella fornitura, a livello delle reti distributive cui hanno accesso",2026-10-01T10:44:52.165023,
IT,Italy,AIFA,ACURMIL,ATRACURIO BESILATO,""" 50 MG/5 ML SOLUZIONE INIETTABILE "" 5 FIALE",,35348022,M03AC04,2019-03-29,,shortage - end date unknown,Cessata commercializzazione temporanea,Si rilascia autorizzazione allimportazione alle strutture sanitarie per analogo autorizzato allestero,2026-10-01T10:44:52.165045,
IT,Italy,AIFA,ADENOSCAN,ADENOSINA,6 FLACONCINI 30 MG 10 ML IV,,33245010,C01EB10,2026-02-16,,shortage - end date unknown,Ridotta disponibilità: distribuzione contingentata,"Si rilascia autorizzazione allimportazione alle strutture sanitarie per analogo autorizzato allestero, nel caso in cui le strutture interessate riscontrino discontinuità nella fornitura, a livello delle reti distributive cui hanno accesso",2026-10-01T10:44:52.165064,129453
IT,Italy,AIFA,ADOPORT,TACROLIMUS,""" 1 MG CAPSULE RIGIDE "" 60 CAPSULE IN BLISTER PVC/PE/PVDC/AL",,41180187,L04AD02,2026-07-20,,shortage - end date unknown,Problemi produttivi,Per trattamento alternativo si consiglia di rivolgersi allo specialista o al M.M.G,2026-10-01T10:44:52.165087,
IT,Italy,AIFA,ADRENALINA S.A.L.F.,EPINEFRINA,"""0,5 MG/ML SOLUZIONE INIETTABILE"" 5 FIALE DA 1 ML",,30650016,C01CA24,2024-02-01,2026-12-31,shortage,Cessata commercializzazione temporanea,Per trattamento alternativo si consiglia di rivolgersi allo specialista o al M.M.G,2026-10-01T10:44:52.165111,
IT,Italy,AIFA,ADRIBLASTINA,DOXORUBICINA CLORIDRATO,"""50 MG/25 ML SOLUZIONE INIETTABILE PER USO ENDOVENOSO "" 1 FLACONE 25 ML",,22393060,L01DB01,2026-10-27,,shortage - end date unknown,Problemi produttivi,"Si rilascia autorizzazione allimportazione alle strutture sanitarie per analogo autorizzato allestero, nel caso in cui le strutture interessate riscontrino discontinuità nella fornitura, a livello delle reti distributive cui hanno accesso",2026-10-01T10:44:52.165134,33995
IT,Italy,AIFA,ADRIBLASTINA,DOXORUBICINA CLORIDRATO,"""10 MG/5 ML SOLUZIONE INIETTABILE PER USO ENDOVENOSO "" 1 FLACONE  5 ML",,22393058,L01DB01,2026-11-10,,shortage - end date unknown,Problemi produttivi,"Si rilascia autorizzazione allimportazione alle strutture sanitarie per analogo autorizzato allestero, nel caso in cui le strutture interessate riscontrino discontinuità nella fornitura, a livello delle reti distributive cui hanno accesso",2026-10-01T10:44:52.165153,30694
IT,Italy,AIFA,ADRIBLASTINA,DOXORUBICINA CLORIDRATO,"""200MG/100ML SOLUZIONE INIETTABILE PER USO ENDOVENOSO"" 1 FLACONE 100 ML",,22393084,L01DB01,2027-01-19,,shortage - end date unknown,Problemi produttivi,"Si rilascia autorizzazione allimportazione alle strutture sanitarie per analogo autorizzato allestero, nel caso in cui le strutture interessate riscontrino discontinuità nella fornitura, a livello delle reti distributive cui hanno accesso",2026-10-01T10:44:52.165176,34002
IT,Italy,AIFA,AEROMEX,SALMETEROLO + SALMETEROLO XINAFOATO,"""50 MICROGRAMMI/500 MICROGRAMMI/DOSE DI POLVERE PER INALAZIONE IN CONTENITORE MONODOSE"" 1 INALATORE DA 60 INALAZIONI IN BLISTER OPA/AL/PVC/AL/PET/CART",,47074012,R03AK06,2026-09-15,,shortage - end date unknown,Cessata commercializzazione definitiva,Per trattamento alternativo si consiglia di rivolgersi allo specialista o al M.M.G,2026-10-01T10:44:52.165196,
IT,Italy,AIFA,AFQLIR,AFLIBERCEPT,"40 mg/mL - Soluzione iniettabile - Uso intravitreale - siringa pre-riempita (vetro) 0,165 mL - 1 siringa pre-riempita",,51749012,S01LA05,2026-07-06,,shortage - end date unknown,Elevata richiesta,Rilasciata determinazione per limportazione al titolare A.I.C.,2026-10-01T10:44:52.165217,
IT,Italy,AIFA,AKNECUTAN,BENZOILE PEROSSIDO + CLINDAMICINA,"""10 MG/G + 50 MG/G GEL"" 1 TUBO IN AL DA 30 G",,51472013,D10AF51,2026-07-03,2026-09-15,resolved,Elevata richiesta (carenza relativa solo al canale retail),Per trattamento alternativo si consiglia di rivolgersi allo specialista o al M.M.G,2026-10-01T10:44:52.165241,82767
IT,Italy,AIFA,AKNECUTAN,BENZOILE PEROSSIDO + CLINDAMICINA,"""10 MG/G + 50 MG/G GEL"" 1 TUBO IN AL DA 60 G",,51472037,D10AF51,2026-07-03,2026-09-15,resolved,Elevata richiesta (carenza relativa solo al canale retail),Per trattamento alternativo si consiglia di rivolgersi allo specialista o al M.M.G,2026-10-01T10:44:52.165266,82767
IT,Italy,AIFA,ALBIOMIN,ALBUMINA UMANA,""" 20% (200G/L) SOLUZIONE PER INFUSIONE"" 1 FLACONCINO IN VETRO DA 50 ML",,39073022,B05AA01,2022-03-15,2026-12-31,shortage,"Ridotta disponibilità per forniture discontinue:
 distribuzione contingentata","Si rilascia autorizzazione allimportazione alle strutture sanitarie per analogo autorizzato allestero, nel caso in cui le strutture interessate riscontrino discontinuità nella fornitura, a livello delle reti distributive cui hanno accesso",2026-10-01T10:44:52.165289,69671
IT,Italy,AIFA,ALBIOMIN,ALBUMINA UMANA,""" 20% (200G/L) SOLUZIONE PER INFUSIONE"" 1 FLACONCINO IN VETRO DA 100 ML",,39073034,B05AA01,2022-03-15,2026-12-31,shortage,Cessata commercializzazione temporanea,Si rilascia autorizzazione allimportazione alle strutture sanitarie per analogo autorizzato allestero,2026-10-01T10:44:52.165312,24082
IT,Italy,AIFA,ALBIOMIN,ALBUMINA UMANA,"""5% (50G/L), SOLUZIONE PER INFUSIONE"" 1 FLACONCINO IN VETRO DA 250 ML",,39073010,B05AA01,2022-03-14,2026-12-31,shortage,Cessata commercializzazione temporanea,Si rilascia autorizzazione allimportazione alle strutture sanitarie per analogo autorizzato allestero,2026-10-01T10:44:52.165336,69663
IT,Italy,AIFA,ALBUMINA BAXALTA,ALBUMINA UMANA,"""200 G/L SOLUZIONE PER INFUSIONE"" 1 FLACONCINO IN VETRO DA 50 ML",,37566054,B05AA01,2021-04-01,,shortage - end date unknown,Elevata richiesta: forniture discontinue (carenza relativa solo al canale retail),Per trattamento alternativo si consiglia di rivolgersi allo specialista o al M.M.G,2026-10-01T10:44:52.165354,69671
IT,Italy,AIFA,ALBUMINA BAXALTA,ALBUMINA UMANA,"""250 G/L SOLUZIONE PER INFUSIONE"" 1 FLACONCINO IN VETRO DA 50 ML",,37566092,B05AA01,2020-06-26,,shortage - end date unknown,Cessata commercializzazione temporanea: disponibili solo confezioni prodotte da plasma in conto lavorazione,Per trattamento alternativo si consiglia di rivolgersi allo specialista o al M.M.G,2026-10-01T10:44:52.165373,
IT,Italy,AIFA,ALBUMINA BAXALTA,ALBUMINA UMANA,"""200 G/L SOLUZIONE PER INFUSIONE"" 1 FLACONCINO IN VETRO DA 100 ML",,37566078,B05AA01,2021-04-01,,shortage - end date unknown,Elevata richiesta: forniture discontinue,Per trattamento alternativo si consiglia di rivolgersi allo specialista o al M.M.G,2026-10-01T10:44:52.165391,24082
IT,Italy,AIFA,ALBUMINA BAXALTA,ALBUMINA UMANA,"""50 G/L SOLUZIONE PER INFUSIONE"" 1 FLACONCINO IN VETRO DA 250 ML",,37566015,B05AA01,2021-04-01,,shortage - end date unknown,Cessata commercializzazione definitiva: disponibili solo confezioni prodotte da plasma in conto lavorazione,Per trattamento alternativo si consiglia di rivolgersi allo specialista o al M.M.G,2026-10-01T10:44:52.165410,69663
IT,Italy,AIFA,ALBUMINA GRIFOLS,ALBUMINA UMANA,"""20 G/100 ML SOLUZIONE PER INFUSIONE"" FLACONE DA 50 ML",,34611018,B05AA01,2022-04-20,2026-12-31,shortage,Elevata richiesta: forniture discontinue (carenza relativa solo al canale ospedaliero),"Si rilascia autorizzazione allimportazione alle strutture sanitarie per analogo autorizzato allestero, nel caso in cui le strutture interessate riscontrino discontinuità nella fornitura, a livello delle reti distributive cui hanno accesso",2026-10-01T10:44:52.165434,69671
IT,Italy,AIFA,ALBUMINA GRIFOLS,ALBUMINA UMANA,"""20 G/100 ML SOLUZIONE PER INFUSIONE"" FLACONE DA 100 ML",,34611020,B05AA01,2022-04-20,2026-12-31,shortage,Elevata richiesta: forniture discontinue (carenza relativa solo al canale ospedaliero),"Si rilascia autorizzazione allimportazione alle strutture sanitarie per analogo autorizzato allestero, nel caso in cui le strutture interessate riscontrino discontinuità nella fornitura, a livello delle reti distributive cui hanno accesso",2026-10-01T10:44:52.165457,24082
IT,Italy,AIFA,ALBUMINA LFB,ALBUMINA UMANA,«200 G/L SOLUZIONE PER INFUSIONE» 1 FLACONCINO DI VETRO (TIPO II) DA 50 ML,,36176016,B05AA01,2025-10-01,2026-12-31,shortage,Problemi produttivi (carenza relativa solo al canale ospedaliero),Si rilascia autorizzazione allimportazione alle strutture sanitarie per analogo autorizzato allestero,2026-10-01T10:44:52.165481,69671
IT,Italy,AIFA,ALBUMINA UMANA GRIFOLS,ALBUMINA UMANA,"""200 G/L SOLUZIONE PER INFUSIONE"" 1 FLACONE IN VETRO DA 100 ML",,49507066,B05AA01,2026-03-09,,shortage - end date unknown,Problemi produttivi: distribuzione contingentata,"Si rilascia autorizzazione allimportazione alle strutture sanitarie per analogo autorizzato allestero, nel caso in cui le strutture interessate riscontrino discontinuità nella fornitura, a livello delle reti distributive cui hanno accesso",2026-10-01T10:44:52.165501,24082
IT,Italy,AIFA,ALBUMINA UMANA GRIFOLS,ALBUMINA UMANA,"""200 G/L SOLUZIONE PER INFUSIONE"" 1 FLACONE IN VETRO DA 50 ML",,49507054,B05AA01,2025-10-31,,shortage - end date unknown,Problemi produttivi: distribuzione contingentata,Rilasciata determinazione per limportazione al titolare A.I.C.,2026-10-01T10:44:52.165519,69671
IT,Italy,AIFA,ALBUNORM,ALBUMINA UMANA,"""25%, 250 G/L, SOLUZIONE PER INFUSIONE"" 1 FLACONE IN VETRO DA 50 ML",,39187101,B05AA01,2022-09-16,2026-12-31,shortage,Cessata commercializzazione temporanea,Per trattamento alternativo si consiglia di rivolgersi allo specialista o al M.M.G,2026-10-01T10:44:52.165542,
IT,Italy,AIFA,ALBUTEIN,ALBUMINA UMANA,"""200 G/L SOLUZIONE PER INFUSIONE"" 1 FLACONE 50 ML",,29251030,B05AA01,2022-04-20,2026-12-31,shortage,Elevata richiesta: forniture discontinue (carenza relativa solo al canale ospedaliero),"Si rilascia autorizzazione allimportazione alle strutture sanitarie per analogo autorizzato allestero, nel caso in cui le strutture interessate riscontrino discontinuità nella fornitura, a livello delle reti distributive cui hanno accesso",2026-10-01T10:44:52.165565,69671
IT,Italy,AIFA,ALENDRONATO DOC GENERICI,ACIDO ALENDRONICO,"""70 MG COMPRESSE"" 12 COMPRESSE IN BLISTER OPA/AL/PVC-AL",,37520020,M05BA04,2025-11-14,,shortage - end date unknown,Problemi produttivi,Per trattamento alternativo si consiglia di rivolgersi allo specialista o al M.M.G,2026-10-01T10:44:52.165583,122416
IT,Italy,AIFA,ALENDRONATO DOC GENERICI,ACIDO ALENDRONICO,""" 70 MG COMPRESSE "" 4 COMPRESSE",,37520018,M05BA04,2026-03-31,,shortage - end date unknown,Problemi produttivi,Per trattamento alternativo si consiglia di rivolgersi allo specialista o al M.M.G,2026-10-01T10:44:52.165605,122416
IT,Italy,AIFA,ALENDRONATO E COLECALCIFEROLO MYLAN PHARMA,ACIDO ALENDRONICO,"""70 MG/2800 U.I. COMPRESSE"" 4 COMPRESSE IN BLISTER AL/AL",,44986014,M05BB03,2025-11-10,,shortage - end date unknown,Problemi produttivi,Per trattamento alternativo si consiglia di rivolgersi allo specialista o al M.M.G,2026-10-01T10:44:52.165632,
IT,Italy,AIFA,ALENDRONATO E COLECALCIFEROLO MYLAN PHARMA,ALENDRONATO SODICO TRIIDRATO + COLECALCIFEROLO,"""70 MG/5600 U.I. COMPRESSE"" 4 COMPRESSE IN BLISTER AL/AL",,44986026,M05BB03,2026-07-14,,shortage - end date unknown,Elevata richiesta,Per trattamento alternativo si consiglia di rivolgersi allo specialista o al M.M.G,2026-10-01T10:44:52.165660,
IT,Italy,AIFA,ALENDRONATO E COLECALCIFEROLO TEVA ITALIA,ACIDO ALENDRONICO,"""70 MG/2800 I.U. COMPRESSE"" 4 COMPRESSE IN BLISTER OPA/AL/PVC/AL CON CALENDARIO",,44405037,M05BB03,2026-03-09,2026-09-04,resolved,Problemi produttivi (carenza relativa solo al canale retail),Per trattamento alternativo si consiglia di rivolgersi allo specialista o al M.M.G,2026-10-01T10:44:52.165689,
IT,Italy,AIFA,ALENDRONATO E COLECALCIFEROLO TEVA ITALIA,ACIDO ALENDRONICO,"""70 MG/5600 I.U. COMPRESSE"" 4 COMPRESSE IN BLISTER OPA/AL/PVC/AL CON CALENDARIO",,44405114,M05BB03,2026-04-06,2026-08-31,resolved,Problemi produttivi: distribuzione contingentata (carenza relativa solo al canale ospedaliero),Per trattamento alternativo si consiglia di rivolgersi allo specialista o al M.M.G,2026-10-01T10:44:52.165712,
IT,Italy,AIFA,ALENDRONATO MYLAN GENERICS,ACIDO ALENDRONICO,"""70 MG COMPRESSE"" 4 COMPRESSE IN BLISTER PVC/AL",,37198013,M05BA04,2026-11-01,,shortage - end date unknown,Problemi produttivi,Per trattamento alternativo si consiglia di rivolgersi allo specialista o al M.M.G,2026-10-01T10:44:52.165731,122416
IT,Italy,AIFA,ALFACALCIDOLO ZENTIVA,ALFACALCIDOLO,"""1.0 microgrammo CAPSULE MOLLI"" 30 CAPSULE IN CONTENITORE HDPE",,50381058,A11CC03,2026-08-07,,shortage - end date unknown,Elevata richiesta,Per trattamento alternativo si consiglia di rivolgersi allo specialista o al M.M.G,2026-10-01T10:44:52.165751,
IT,Italy,AIFA,ALFENTANIL PIRAMAL,ALFENTANIL + N.D.,"«0,5 mg/ml soluzione iniettabile» 5 fiale in  vetro da 10 ml",,28348011,N01AH02,2024-09-13,,shortage - end date unknown,Elevata richiesta,Si rilascia autorizzazione allimportazione alle strutture sanitarie per analogo autorizzato allestero-Ministero della Salute  Ufficio Centrale Stupefacenti  Fax 06 5994 3226,2026-10-01T10:44:52.165770,18562
IT,Italy,AIFA,ALFUZOSINA ZENTIVA,ALFUZOSINA CLORIDRATO,"""10 MG COMPRESSE A RILASCIO PROLUNGATO""  30 COMPRESSE",,27878038,G04CA01,2022-07-15,,shortage - end date unknown,Problemi produttivi: forniture discontinue,Per trattamento alternativo si consiglia di rivolgersi allo specialista o al M.M.G,2026-10-01T10:44:52.165789,54798
IT,Italy,AIFA,ALGIX,ETORICOXIB,"""90 MG COMPRESSE RIVESTITE CON FILM"" 20 COMPRESSE IN BLISTER AL/AL",,35821204,M01AH05,2026-10-15,2026-11-16,shortage,Problemi produttivi: ridotta disponibilità,Per trattamento alternativo si consiglia di rivolgersi allo specialista o al M.M.G,2026-10-01T10:44:52.165812,66753
IT,Italy,AIFA,ALGOLIDER,NIMESULIDE,"""100 MG GRANULATO PER SOSPENSIONE ORALE"" 30 BUSTINE",,28509026,M01AX17,2026-02-19,2027-02-19,shortage,Problemi produttivi,Per trattamento alternativo si consiglia di rivolgersi allo specialista o al M.M.G,2026-10-01T10:44:52.165836,
IT,Italy,AIFA,ALIKRES,DULOXETINA CLORIDRATO,""" 30 MG CAPSULE RIGIDE GASTRORESISTENTI "" 28 CAPSULE IN BLISTER OPA/AL(HDPE/PE+DES-CAO/HDPE)/AL/PE",,44641025,N06AX21,2027-01-31,,shortage - end date unknown,Cessata commercializzazione definitiva,Per trattamento alternativo si consiglia di rivolgersi allo specialista o al M.M.G,2026-10-01T10:44:52.165854,79057
IT,Italy,AIFA,ALIKRES,DULOXETINA CLORIDRATO,""" 60 MG CAPSULE RIGIDE GASTRORESISTENTI "" 28 CAPSULE IN BLISTER OPA/AL(HDPE/PE+DES-CAO/HDPE)/AL/PE",,44641037,N06AX21,2026-09-30,,shortage - end date unknown,Cessata commercializzazione definitiva,Per trattamento alternativo si consiglia di rivolgersi allo specialista o al M.M.G,2026-10-01T10:44:52.165872,79065
IT,Italy,AIFA,ALIMTA,PEMETREXED DISODICO,1 FLACONCINO DI POLVERE PER CONCENTRATO PER SOLUZIONE PER INFUSIONE DA 500 MG,,36587018,L01BA04,2026-09-25,,shortage - end date unknown,Elevata richiesta: distribuzione contingentata,"Si rilascia autorizzazione allimportazione alle strutture sanitarie per analogo autorizzato allestero, nel caso in cui le strutture interessate riscontrino discontinuità nella fornitura, a livello delle reti distributive cui hanno accesso",2026-10-01T10:44:52.165890,138088
IT,Italy,AIFA,ALIMTA,PEMETREXED DISODICO,"""100 MG - POLVERE PER CONCENTRATO PER SOLUZIONE PER INFUSIONE - USO ENDOVENOSO - FLACONCINO(VETRO)"" 1 FLACONCINO",,36587020,L01BA04,2026-09-25,,shortage - end date unknown,Elevata richiesta: distribuzione contingentata,"Si rilascia autorizzazione allimportazione alle strutture sanitarie per analogo autorizzato allestero, nel caso in cui le strutture interessate riscontrino discontinuità nella fornitura, a livello delle reti distributive cui hanno accesso",2026-10-01T10:44:52.165909,138061
IT,Italy,AIFA,ALLOPURINOLO ACCORD,ALLOPURINOLO,"""100 MG COMPRESSE"" 50 COMPRESSE IN BLISTER PVC-AL",,46453041,M04AA01,2026-03-10,,shortage - end date unknown,Elevata richiesta,Per trattamento alternativo si consiglia di rivolgersi allo specialista o al M.M.G,2026-10-01T10:44:52.165929,671
IT,Italy,AIFA,ALLOPURINOLO ACCORD,ALLOPURINOLO,"""300 MG COMPRESSE"" 30 COMPRESSE IN BLISTER PVC-AL",,46453104,M04AA01,2026-03-31,,shortage - end date unknown,Elevata richiesta,Per trattamento alternativo si consiglia di rivolgersi allo specialista o al M.M.G,2026-10-01T10:44:52.165947,3913
IT,Italy,AIFA,ALLOPURINOLO DOC GENERICI,ALLOPURINOLO,"""300 MG COMPRESSA"" 30 COMPRESSE IN BLISTER PVC/PVDC/AL",,43337029,M04AA01,2026-05-31,,shortage - end date unknown,Problemi produttivi,Per trattamento alternativo si consiglia di rivolgersi allo specialista o al M.M.G,2026-10-01T10:44:52.165965,3913
IT,Italy,AIFA,ALMOTRIPTAN AUROBINDO,ALMOTRIPTAN IDROGENOMALATO,"""12,5MG COMPRESSE RIVESTITE CON FILM"" 6 COMPRESSE IN BLISTER OPA/AL/PVC",,43075047,N02CC05,2026-08-10,,shortage - end date unknown,Problemi produttivi,Per trattamento alternativo si consiglia di rivolgersi allo specialista o al M.M.G,2026-10-01T10:44:52.165983,60194
IT,Italy,AIFA,ALMOTRIPTAN MYLAN,ALMOTRIPTAN IDROGENOMALATO,"""12,5 MG COMPRESSE RIVESTITE CON FILM"" 6 COMPRESSE IN BLISTER AL/OPA/PVC-AL",,41813039,N02CC05,2026-09-01,,shortage - end date unknown,Problemi produttivi,Per trattamento alternativo si consiglia di rivolgersi allo specialista o al M.M.G,2026-10-01T10:44:52.166002,60194
IT,Italy,AIFA,ALMOTRIPTAN ZENTIVA,ALMOTRIPTAN IDROGENOMALATO,"""12,5 MG COMPRESSE RIVESTITE CON FILM"" 6 COMPRESSE IN BLISTER PVC/PVDC/AL",,43662030,N02CC05,2025-06-16,,shortage - end date unknown,Problemi produttivi,Per trattamento alternativo si consiglia di rivolgersi allo specialista o al M.M.G,2026-10-01T10:44:52.166020,60194
IT,Italy,AIFA,ALPHANINE,FATTORE IX DELLA COAGULAZIONE UMANO,""" 1500 UI/10 ML POLVERE E SOLVENTE PER SOLUZIONE PER INFUSIONE "" FLACONE POLVERE + SIRINGA PRERIEMPITA DI SOLVENTE DA 10 ML + ADATTATORE",,29250089,B02BD04,2024-04-02,2026-12-31,shortage,Cessata commercializzazione temporanea,Per trattamento alternativo si consiglia di rivolgersi allo specialista o al M.M.G,2026-10-01T10:44:52.166044,
IT,Italy,AIFA,ALPHANINE,FATTORE IX DELLA COAGULAZIONE UMANO,""" 1000 UI/10 ML POLVERE E SOLVENTE PER SOLUZIONE PER INFUSIONE "" FLACONE POLVERE + SIRINGA PRERIEMPITA DI SOLVENTE DA 10 ML + ADATTATORE",,29250077,B02BD04,2020-06-01,2026-12-31,shortage,Cessata commercializzazione temporanea,Per trattamento alternativo si consiglia di rivolgersi allo specialista o al M.M.G,2026-10-01T10:44:52.166067,
IT,Italy,AIFA,ALPRAZOLAM AUROBINDO,ALPRAZOLAM,"""0,5 MG COMPRESSE"" 30 COMPRESSE IN FLACONE HDPE",,41884038,N05BA12,2026-12-01,,shortage - end date unknown,Cessata commercializzazione definitiva,Per trattamento alternativo si consiglia di rivolgersi allo specialista o al M.M.G,2026-10-01T10:44:52.166085,31925
IT,Italy,AIFA,ALPRAZOLAM AUROBINDO ITALIA,ALPRAZOLAM,"BLISTER DA 0,5 MG 20 COMPRESSE",,35612175,N05BA12,2026-06-18,,shortage - end date unknown,Problemi produttivi,Per trattamento alternativo si consiglia di rivolgersi allo specialista o al M.M.G,2026-10-01T10:44:52.166104,
IT,Italy,AIFA,ALPRAZOLAM PENSA,ALPRAZOLAM,"""1 MG COMPRESSE"" 20 COMPRESSE",,34978039,N05BA12,2026-07-01,2026-12-31,shortage,Problemi produttivi,Per trattamento alternativo si consiglia di rivolgersi allo specialista o al M.M.G,2026-10-01T10:44:52.166127,
IT,Italy,AIFA,ALPRAZOLAM ZENTIVA,ALPRAZOLAM,"""750 MICROGRAMMI/1 ML GOCCE ORALI, SOLUZIONE"" 1 FLACONE DA 20 ML",,35919048,N05BA12,2025-09-10,,shortage - end date unknown,Problemi produttivi,Per trattamento alternativo si consiglia di rivolgersi allo specialista o al M.M.G,2026-10-01T10:44:52.166145,
IT,Italy,AIFA,ALTIAZEM,DILTIAZEM CLORIDRATO,"""50 MG/5 ML POLVERE E SOLVENTE PER SOLUZIONE INIETTABILE"" 5 FLACONI + 5 FIALE DA 5 ML",,25271026,C08DB01,2021-01-01,,shortage - end date unknown,Cessata commercializzazione definitiva,Si rilascia autorizzazione allimportazione alle strutture sanitarie per analogo autorizzato allestero,2026-10-01T10:44:52.166164,
IT,Italy,AIFA,AMBRISENTAN VIATRIS,AMBRISENTAN,10 MG - COMPRESSA RIVESTITA CON FILM - USO ORALE - BLISTER (PVC/PVDC/ALU) - 30 COMPRESSE,,48081032,C02KX02,2026-09-10,,shortage - end date unknown,Problemi produttivi,Per trattamento alternativo si consiglia di rivolgersi allo specialista o al M.M.G,2026-10-01T10:44:52.166182,86800
IT,Italy,AIFA,AMBRISENTAN VIATRIS,AMBRISENTAN,5 MG - COMPRESSA RIVESTITA CON FILM - USO ORALE - BLISTER (PVC/PVDC/ALU) - 30 COMPRESSE,,48081018,C02KX02,2026-09-01,,shortage - end date unknown,Problemi produttivi,Per trattamento alternativo si consiglia di rivolgersi allo specialista o al M.M.G,2026-10-01T10:44:52.166200,86797
IT,Italy,AIFA,AMBROMUCIL,AMBROXOLO ACEFILLINATO,SCIROPPO 10 MG/ML 200 ML,,28061048,,2024-12-20,,shortage - end date unknown,Elevata richiesta/problemi produttivi,Per trattamento alternativo si consiglia di rivolgersi allo specialista o al M.M.G,2026-10-01T10:44:52.166219,
IT,Italy,AIFA,AMBROMUCIL,AMBROXOLO ACEFILLINATO,30 BUSTINE GRANULATO 100 MG,,28061024,,2025-12-08,,shortage - end date unknown,Problemi produttivi (carenza relativa solo al canale retail),Per trattamento alternativo si consiglia di rivolgersi allo specialista o al M.M.G,2026-10-01T10:44:52.166238,
IT,Italy,AIFA,AMBROXOLO EG,AMBROXOLO CLORIDRATO,"""15 MG/2 ML SOLUZIONE DA NEBULIZZARE"" 10 FIALE DA 2 ML",,34741013,R05CB06,2025-04-30,,shortage - end date unknown,Problemi produttivi,Per trattamento alternativo si consiglia di rivolgersi allo specialista o al M.M.G,2026-10-01T10:44:52.166256,125903
IT,Italy,AIFA,AMELGEN,PROGESTERONE,""" 400 MG OVULI VAGINALI "" 15 OVULI IN STRIP PVC/PE",,44825026,G03DA04,2026-05-14,2026-10-31,shortage,Elevata richiesta/problemi produttivi: distribuzione contingentata,Per trattamento alternativo si consiglia di rivolgersi allo specialista o al M.M.G,2026-10-01T10:44:52.166279,201375
IT,Italy,AIFA,AMIFAMPRIDINA ACCORD,AMIFAMPRIDINA FOSFATO,"""10 mg COMPRESSE"" 100X1 COMPRESSE IN BLISTER DIVISIBILE PER DOSE UNITARIA AL-PVC/PVDC",,51121022,N07XX05,2026-11-23,,shortage - end date unknown,Problemi produttivi,Si rilascia autorizzazione allimportazione alle strutture sanitarie per analogo autorizzato allestero,2026-10-01T10:44:52.166298,96474
IT,Italy,AIFA,AMIKACINA TEVA,AMIKACINA SOLFATO,"""0,5 G/2 ML SOLUZIONE INIETTABILE"" 5 FIALE",,33586037,J01GB06,2026-11-23,2027-02-28,shortage,Elevata richiesta,Per trattamento alternativo si consiglia di rivolgersi allo specialista o al M.M.G,2026-10-01T10:44:52.166321,51772
IT,Italy,AIFA,AMIKAN,AMIKACINA SOLFATO,«1 g/4 ml soluzione iniettabile» 1 fiala in vetro da 4 ml,,27484031,J01GB06,2025-06-04,,shortage - end date unknown,Problemi produttivi,Per trattamento alternativo si consiglia di rivolgersi allo specialista o al M.M.G,2026-10-01T10:44:52.166339,
IT,Italy,AIFA,AMINOVEN,AMINOACIDI,15% 10 FLACONI 500 ML,,34562090,B05BA01,2026-08-25,,shortage - end date unknown,Elevata richiesta: distribuzione contingentata,Rilasciata determinazione per limportazione al titolare A.I.C.,2026-10-01T10:44:52.166358,
IT,Italy,AIFA,AMINOVEN,AMINOACIDI,15% 6 FLACONI 1000 ML,,34562102,B05BA01,2026-06-30,,shortage - end date unknown,Problemi produttivi,Per trattamento alternativo si consiglia di rivolgersi allo specialista o al M.M.G,2026-10-01T10:44:52.166376,
IT,Italy,AIFA,AMIODARONE EG,AMIODARONE CLORIDRATO,"""200 MG COMPRESSE"" 20 COMPRESSE IN BLISTER PVC/AL",,47255029,C01BD01,2026-05-31,,shortage - end date unknown,Elevata richiesta,Per trattamento alternativo si consiglia di rivolgersi allo specialista o al M.M.G,2026-10-01T10:44:52.166394,1554
IT,Italy,AIFA,AMIODARONE RATIOPHARM ITALIA,AMIODARONE CLORIDRATO,"""200 MG COMPRESSE "" 20 COMPRESSE",,35729019,C01BD01,2026-06-26,2026-11-30,shortage,Problemi produttivi (carenza relativa solo al canale retail),Per trattamento alternativo si consiglia di rivolgersi allo specialista o al M.M.G,2026-10-01T10:44:52.166417,1554
IT,Italy,AIFA,AMIODARONE ZENTIVA,AMIODARONE CLORIDRATO,"""200 MG COMPRESSE"" 20 COMPRESSE",,32801019,C01BD01,2025-12-10,,shortage - end date unknown,Problemi produttivi,Per trattamento alternativo si consiglia di rivolgersi allo specialista o al M.M.G,2026-10-01T10:44:52.166436,1554
IT,Italy,AIFA,AMISULPRIDE EG,AMISULPRIDE,"""200 MG COMPRESSE""30 COMPRESSE IN BLISTER PVC/AL",,37126075,N05AL05,2026-08-31,,shortage - end date unknown,Problemi produttivi,Per trattamento alternativo si consiglia di rivolgersi allo specialista o al M.M.G,2026-10-01T10:44:52.166454,133388
IT,Italy,AIFA,AMISULPRIDE EG,AMISULPRIDE,"""50 MG COMPRESSE"" 12 COMPRESSE IN BLISTER PVC/AL",,37126137,N05AL05,2026-09-15,,shortage - end date unknown,Problemi produttivi,Per trattamento alternativo si consiglia di rivolgersi allo specialista o al M.M.G,2026-10-01T10:44:52.166472,133353
IT,Italy,AIFA,AMISULPRIDE MYLAN,AMISULPRIDE,"""400 MG COMPRESSE RIVESTITE CON FILM"" 30 COMPRESSE IN BLISTER PVC/AL",,43003211,N05AL05,2026-10-12,,shortage - end date unknown,Problemi produttivi,Per trattamento alternativo si consiglia di rivolgersi allo specialista o al M.M.G,2026-10-01T10:44:52.166491,133361
IT,Italy,AIFA,AMISULPRIDE MYLAN,AMISULPRIDE,"""50 MG COMPRESSE"" 12 COMPRESSE IN BLISTER PVC/AL",,43003019,N05AL05,2026-11-05,,shortage - end date unknown,Problemi produttivi,Per trattamento alternativo si consiglia di rivolgersi allo specialista o al M.M.G,2026-10-01T10:44:52.166509,133353
IT,Italy,AIFA,AMLODIPINA ACCORD,AMLODIPINA BESILATO,"""5 MG COMPRESSE"" 28 COMPRESSE IN BLISTER PVC/PVDC-AL",,41408030,C08CA01,2025-09-30,,shortage - end date unknown,Elevata richiesta,Per trattamento alternativo si consiglia di rivolgersi allo specialista o al M.M.G,2026-10-01T10:44:52.166530,123315
IT,Italy,AIFA,AMLODIPINA ACCORD,AMLODIPINA BESILATO,"""10 MG COMPRESSE"" 14 COMPRESSE IN BLISTER PVC/PVDC-AL",,41408194,C08CA01,2026-04-01,,shortage - end date unknown,Motivi commerciali,Per trattamento alternativo si consiglia di rivolgersi allo specialista o al M.M.G,2026-10-01T10:44:52.166549,123323
IT,Italy,AIFA,AMLODIPINA MYLAN,AMLODIPINA,""" 5 MG COMPRESSE "" 28 COMPRESSE IN BLISTER PVC/PVDC/AL",,39799034,C08CA01,2025-07-10,,shortage - end date unknown,Problemi produttivi,Per trattamento alternativo si consiglia di rivolgersi allo specialista o al M.M.G,2026-10-01T10:44:52.166568,123315
IT,Italy,AIFA,AMLODIPINA MYLAN,AMLODIPINA,""" 10 MG COMPRESSE "" 30 COMPRESSE IN BLISTER PVC/PVDC/AL",,39799198,C08CA01,2026-07-28,,shortage - end date unknown,Problemi produttivi,Per trattamento alternativo si consiglia di rivolgersi allo specialista o al M.M.G,2026-10-01T10:44:52.166586,123323
IT,Italy,AIFA,AMLODIPINA PENSA PHARMA,AMLODIPINA,"""5 mg COMPRESSE"" 28 COMPRESSE IN BLISTER PVC-PVDC/AL",,50045018,C08CA01,2026-11-01,2027-03-31,shortage,Problemi produttivi,Per trattamento alternativo si consiglia di rivolgersi allo specialista o al M.M.G,2026-10-01T10:44:52.166612,123315
IT,Italy,AIFA,AMLODIPINA TEVA ITALIA,AMLODIPINA BESILATO,"""10 MG COMPRESSE"" 14 COMPRESSE IN BLISTER PVC/PVDC/AL",,38548160,C08CA01,2026-11-15,,shortage - end date unknown,Cessata commercializzazione definitiva,Per trattamento alternativo si consiglia di rivolgersi allo specialista o al M.M.G,2026-10-01T10:44:52.166630,123323
IT,Italy,AIFA,AMLODIPINA TEVA ITALIA,AMLODIPINA BESILATO,"""10 MG COMPRESSE"" 30 COMPRESSE IN BLISTER PVC/PVDC/AL",,38548210,C08CA01,2027-01-31,,shortage - end date unknown,Cessata commercializzazione definitiva,Per trattamento alternativo si consiglia di rivolgersi allo specialista o al M.M.G,2026-10-01T10:44:52.166649,123323
IT,Italy,AIFA,AMLODIPINA TEVA ITALIA,AMLODIPINA BESILATO,"""5 MG COMPRESSE"" 28 COMPRESSE IN BLISTER PVC/PVDC/AL",,38548032,C08CA01,2027-01-31,,shortage - end date unknown,Cessata commercializzazione definitiva,Per trattamento alternativo si consiglia di rivolgersi allo specialista o al M.M.G,2026-10-01T10:44:52.166671,123315
IT,Italy,AIFA,AMLODIPINA ZENTIVA ITALIA,AMLODIPINA,"""10 MG COMPRESSE"" 30 COMPRESSE IN BLISTER PVC/PVDC/AL",,41785054,C08CA01,2023-06-16,,shortage - end date unknown,Problemi produttivi,Per trattamento alternativo si consiglia di rivolgersi allo specialista o al M.M.G,2026-10-01T10:44:52.166699,123323
IT,Italy,AIFA,AMLODIPINA ZENTIVA ITALIA,AMLODIPINA,"""10 MG COMPRESSE"" 14 COMPRESSE IN BLISTER PVC/PVDC/AL",,41785116,C08CA01,2024-02-29,,shortage - end date unknown,Problemi produttivi,Per trattamento alternativo si consiglia di rivolgersi allo specialista o al M.M.G,2026-10-01T10:44:52.166727,123323
IT,Italy,AIFA,AMLODIPINA ZENTIVA ITALIA,AMLODIPINA,"""5 MG COMPRESSE"" 28 COMPRESSE IN BLISTER PVC/AL",,41785243,C08CA01,2024-06-30,,shortage - end date unknown,Elevata richiesta,Per trattamento alternativo si consiglia di rivolgersi allo specialista o al M.M.G,2026-10-01T10:44:52.166754,123315
IT,Italy,AIFA,AMOCLA,ACIDO CLAVULANICO + AMOXICILLINA,"""875 MG + 125 MG POLVERE PER SOSPENSIONE ORALE"" 12 BUSTINE PET/AL/PE",,45173022,J01CR02,2026-03-31,,shortage - end date unknown,Cessata commercializzazione temporanea,Per trattamento alternativo si consiglia di rivolgersi allo specialista o al M.M.G,2026-10-01T10:44:52.166782,
IT,Italy,AIFA,AMOROLFINA MYLAN GENERICS,AMOROLFINA CLORIDRATO,"""5% SMALTO MEDICATO PER UNGHIE"" 1 FLACONE IN VETRO DA 2,5 ML",,42205017,D01AE16,2026-07-24,,shortage - end date unknown,Problemi produttivi,Per trattamento alternativo si consiglia di rivolgersi allo specialista o al M.M.G,2026-10-01T10:44:52.166810,
IT,Italy,AIFA,AMOSOL,AMOXICILLINA,"""1 G COMPRESSE ORODISPERSIBILI"" 12 COMPRESSE",,34338018,J01CA04,2024-01-15,,shortage - end date unknown,Elevata richiesta,Per trattamento alternativo si consiglia di rivolgersi allo specialista o al M.M.G,2026-10-01T10:44:52.166831,68470
IT,Italy,AIFA,AMOXICILLINA ACIDO CLAVULANICO TEVA,AMOXICILLINA SODICA + POTASSIO CLAVULANATO,"""1000 MG + 200 MG POLVERE PER SOLUZIONE INIETTABILE PER USO ENDOVENOSO"" 1 FLACONCINO DI VETRO DA 20 ML",,36966012,J01CR02,2026-08-14,,shortage - end date unknown,Elevata richiesta,"Per trattamento alternativo si consiglia di rivolgersi allo specialista o al MMG. Sono autorizzati e commercializzati in Italia medicinali con medesimo principio attivo, forma farmaceutica, via di somministrazione, modalità di rilascio, dosaggio, e indicazioni terapeutiche ma numero di unità posologiche e dosi unitarie differente",2026-10-01T10:44:52.166850,22535
IT,Italy,AIFA,AMOXICILLINA E ACIDO CLAVULANICO IBIGEN,AMOXICILLINA SODICA + POTASSIO CLAVULANATO,"""2000 MG/200 MG POLVERE PER SOLUZIONE PER INFUSIONE  10 FLACONI DA 20 ML",,36766032,J01CR02,2022-03-30,,shortage - end date unknown,Elevata richiesta: distribuzione contingentata,Per trattamento alternativo si consiglia di rivolgersi allo specialista o al M.M.G,2026-10-01T10:44:52.166868,
IT,Italy,AIFA,AMOXICILLINA E ACIDO CLAVULANICO P-CARE,ACIDO CLAVULANICO + AMOXICILLINA,""" 875 MG + 125 MG COMPRESSE RIVESTITE CON FILM "" 12 COMPRESSE",,37188024,J01CR02,2026-08-19,,shortage - end date unknown,Cessata commercializzazione temporanea,Per trattamento alternativo si consiglia di rivolgersi allo specialista o al M.M.G,2026-10-01T10:44:52.166889,
IT,Italy,AIFA,AMOXICILLINA E ACIDO CLAVULANICO PENSA,AMOXICILLINA TRIIDRATO + POTASSIO CLAVULANATO,"""  875 MG + 125 MG COMPRESSE RIVESTITE CON FILM "" 12 COMPRESSE",,37501020,J01CR02,2026-09-01,,shortage - end date unknown,Cessata commercializzazione definitiva,Per trattamento alternativo si consiglia di rivolgersi allo specialista o al M.M.G,2026-10-01T10:44:52.166908,
IT,Italy,AIFA,AMOXICILLINA E ACIDO CLAVULANICO PENSA PHARMA,ACIDO CLAVULANICO + AMOXICILLINA,"""875 MG/125 MG POLVERE PER SOSPENSIONE ORALE IN BUSTINA"" 12 BUSTINE IN PET/AL/PE",,46908051,J01CR02,2026-07-01,2027-03-31,shortage,Elevata richiesta,Per trattamento alternativo si consiglia di rivolgersi allo specialista o al M.M.G,2026-10-01T10:44:52.166931,
IT,Italy,AIFA,AMOXICILLINA E ACIDO CLAVULANICO RATIOPHARM ITALIA,ACIDO CLAVULANICO + AMOXICILLINA,""" 875 MG + 125 MG POLVERE PER SOSPENSIONE ORALE "" 12 BUSTINE",,36707014,J01CR02,2026-05-27,,shortage - end date unknown,Cessata commercializzazione definitiva,Per trattamento alternativo si consiglia di rivolgersi allo specialista o al M.M.G,2026-10-01T10:44:52.166949,
IT,Italy,AIFA,AMOXICILLINA E ACIDO CLAVULANICO ZENTIVA ITALIA,ACIDO CLAVULANICO + AMOXICILLINA,"""875MG/125MG COMPRESSE RIVESTITE CON FILM"" 12 COMPRESSE IN BLISTER OPA/AL/PVC/AL",,44262018,J01CR02,2022-03-11,,shortage - end date unknown,Problemi produttivi: forniture discontinue,Per trattamento alternativo si consiglia di rivolgersi allo specialista o al M.M.G,2026-10-01T10:44:52.166974,
IT,Italy,AIFA,AMOXICILLINA GIT,AMOXICILLINA,"""1 G COMPRESSE"" 12 COMPRESSE",,33290014,J01CA04,2024-03-01,2026-12-31,shortage,Cessata commercializzazione temporanea,Per trattamento alternativo si consiglia di rivolgersi allo specialista o al M.M.G,2026-10-01T10:44:52.166998,68470
IT,Italy,AIFA,AMOXICILLINA SODICA K24 PHARMACEUTICALS,AMOXICILLINA,"""500 MG POLVERE PER SOLUZIONE INIETTABILE"" 50 FLACONI",,33452057,J01CA04,2026-09-14,,shortage - end date unknown,Cessata commercializzazione temporanea,Per trattamento alternativo si consiglia di rivolgersi allo specialista o al M.M.G,2026-10-01T10:44:52.167017,4502
IT,Italy,AIFA,AMPICILLINA BIOPHARMA,AMPICILLINA SODICA,"""500 MG/2,5 ML POLVERE E SOLVENTE PER SOLUZIONE INIETTABILE"" 1 FLACONCINO POLVERE + 1 FIALA SOLVENTE DA 2,5 ML",,33121029,J01CA01,2016-02-24,,shortage - end date unknown,Cessata commercializzazione temporanea,Si rilascia autorizzazione allimportazione alle strutture sanitarie per analogo autorizzato allestero,2026-10-01T10:44:52.167035,
IT,Italy,AIFA,AMPICILLINA BIOPHARMA,AMPICILLINA SODICA,FLAC.NO 250 MG POLVERE SOLUZ INIETT+FIALA SOLV,,33121017,J01CA01,2016-02-24,,shortage - end date unknown,Cessata commercializzazione temporanea,Si rilascia autorizzazione allimportazione alle strutture sanitarie per analogo autorizzato allestero,2026-10-01T10:44:52.167054,
IT,Italy,AIFA,AMUKINE MED,SODIO IPOCLORITO,"""0,05% SOLUZIONE CUTANEA"" 1 FLACONE DA 1000 ML",,32192039,D08AX07,2025-12-31,,shortage - end date unknown,Cessata commercializzazione definitiva,Si rilascia autorizzazione allimportazione alle strutture sanitarie per analogo autorizzato allestero,2026-10-01T10:44:52.167076,
IT,Italy,AIFA,AMUKINE MED,SODIO IPOCLORITO,"""0,05% SOLUZIONE CUTANEA"" 1 FLACONE DA 500 ML",,32192027,D08AX07,2025-12-31,,shortage - end date unknown,Cessata commercializzazione definitiva,Si rilascia autorizzazione allimportazione alle strutture sanitarie per analogo autorizzato allestero,2026-10-01T10:44:52.167095,
IT,Italy,AIFA,AMUKINE MED,SODIO IPOCLORITO,""" 0,05 % SPRAY CUTANEO, SOLUZIONE "" FLACONE 200 ML",,32192041,D08AX07,2026-02-28,,shortage - end date unknown,Cessata commercializzazione definitiva,Si rilascia autorizzazione allimportazione alle strutture sanitarie per analogo autorizzato allestero,2026-10-01T10:44:52.167113,
IT,Italy,AIFA,AMUKINE MED,SODIO IPOCLORITO,"""0,05% SOLUZIONE CUTANEA"" 1 FLACONE DA 250 ML",,32192015,D08AX07,2026-02-28,,shortage - end date unknown,Cessata commercializzazione definitiva,Si rilascia autorizzazione allimportazione alle strutture sanitarie per analogo autorizzato allestero,2026-10-01T10:44:52.167132,
IT,Italy,AIFA,ANASTROZOLO EG,ANASTROZOLO,"""1 MG COMPRESSE RIVESTITE CON FILM"" 28 COMPRESSE IN BLISTER PVC/AL",,39147020,L02BG03,2026-05-05,,shortage - end date unknown,Elevata richiesta,Per trattamento alternativo si consiglia di rivolgersi allo specialista o al M.M.G,2026-10-01T10:44:52.167152,45020
IT,Italy,AIFA,ANASTROZOLO SANDOZ,ANASTROZOLO,"""1 MG COMPRESSE RIVESTITE CON FILM"" 28 COMPRESSE IN BLISTER PVC/AL",,38924039,L02BG03,2026-11-16,,shortage - end date unknown,Problemi produttivi,Per trattamento alternativo si consiglia di rivolgersi allo specialista o al M.M.G,2026-10-01T10:44:52.167171,45020
IT,Italy,AIFA,ANASTROZOLO ZENTIVA,ANASTROZOLO,"""1 MG COMPRESSE RIVESTITE CON FILM"" 28 COMPRESSE IN BLISTER PVC/PE/PVDC/AL",,37953041,L02BG03,2023-05-31,,shortage - end date unknown,Problemi produttivi,Per trattamento alternativo si consiglia di rivolgersi allo specialista o al M.M.G,2026-10-01T10:44:52.167190,45020
IT,Italy,AIFA,ANBINEX,ANTITROMBINA III UMANA,"""500 UI POLVERE E SOLVENTE PER SOLUZIONE PER INFUSIONE"" 1 FLACONE POLVERE + 1 SIRINGA PRERIEMPITA SOLVENTE DA 10 ML + SET(ADATTATORE FLAC E MICROF)",,34330035,B01AB02,2025-07-25,2026-08-31,resolved,Problemi produttivi: ridotta disponibilità,Per trattamento alternativo si consiglia di rivolgersi allo specialista o al M.M.G,2026-10-01T10:44:52.167213,52868
IT,Italy,AIFA,ANBINEX,ANTITROMBINA III UMANA,"""1000 UI POLVERE E SOLVENTE PER SOLUZIONE PER INFUSIONE"" 1 FLACONE POLVERE + 1 SIRINGA PRERIEMPITA SOLVENTE DA 20 ML+ SET (ADATT PER FLAC E MICROF)",,34330047,B01AB02,2025-07-11,2026-08-31,resolved,Problemi produttivi: ridotta disponibilità,Per trattamento alternativo si consiglia di rivolgersi allo specialista o al M.M.G,2026-10-01T10:44:52.167236,44911
IT,Italy,AIFA,ANCOTIL,FLUCITOSINA,"""2,5 G/250 ML SOLUZIONE PER INFUSIONE""  5 FLACONI 250 ML",,24753028,J02AX01,2021-04-30,,shortage - end date unknown,Cessata commercializzazione definitiva,Si rilascia autorizzazione allimportazione alle strutture sanitarie per analogo autorizzato allestero,2026-10-01T10:44:52.167255,200131
IT,Italy,AIFA,ANGELIQ,DROSPIRENONE + ESTRADIOLO EMIIDRATO,1 BLISTER PVC/AL DA 28 COMPRESSE RIVESTITE CON FILM DA 1 MG/2MG,,36170013,G03FA17,2026-09-01,2026-10-19,shortage,Elevata richiesta,Per trattamento alternativo si consiglia di rivolgersi allo specialista o al M.M.G,2026-10-01T10:44:52.167279,68748
IT,Italy,AIFA,ANSEREN,KETAZOLAM,"""30 MG CAPSULE RIGIDE"" 15 CAPSULE",,26380028,N05BA10,2026-09-15,,shortage - end date unknown,Problemi regolatori,Per trattamento alternativo si consiglia di rivolgersi allo specialista o al M.M.G,2026-10-01T10:44:52.167297,
IT,Italy,AIFA,ANSEREN,KETAZOLAM,"""15 MG CAPSULE RIGIDE"" 30 CAPSULE",,26380030,N05BA10,2026-07-15,,shortage - end date unknown,Problemi regolatori,Per trattamento alternativo si consiglia di rivolgersi allo specialista o al M.M.G,2026-10-01T10:44:52.167315,
IT,Italy,AIFA,ANTABREST,ANASTROZOLO,"""1 MG COMPRESSE RIVESTITE CON FILM"" 28 COMPRESSE IN BLISTER PVC/PVDC/AL",,40008043,L02BG03,2026-10-02,,shortage - end date unknown,Elevata richiesta,Per trattamento alternativo si consiglia di rivolgersi allo specialista o al M.M.G,2026-10-01T10:44:52.167338,45020
IT,Italy,AIFA,ANTISPASMINA COLICA,BELLADONNA + PAPAVERINA CLORIDRATO,"""FORTE 50 MG + 10 MG COMPRESSE RIVESTITE"" 30 COMPRESSE",,2918050,A03AD01,2026-08-11,,shortage - end date unknown,Cessata commercializzazione definitiva,Per trattamento alternativo si consiglia di rivolgersi allo specialista o al M.M.G,2026-10-01T10:44:52.167366,
IT,Italy,AIFA,ANTISPASMINA COLICA,BELLADONNA + PAPAVERINA CLORIDRATO,"""10 MG + 10 MG COMPRESSE RIVESTITE"" 30 COMPRESSE",,2918047,A03AD01,2026-07-27,,shortage - end date unknown,Cessata commercializzazione definitiva,Per trattamento alternativo si consiglia di rivolgersi allo specialista o al M.M.G,2026-10-01T10:44:52.167396,
IT,Italy,AIFA,ANTITROMBINA III BAXALTA,ANTITROMBINA III UMANA,"""500 UI/10 ML POLVERE E SOLVENTE PER SOLUZIONE PER INFUSIONE""1 FLACONCINO POLVERE 500 UI+1 FLACONCINO SOLVENTE 10 ML+SET DI RICOSTITUZIONE E INFUSIONE",,27113012,B01AB02,2024-11-30,,shortage - end date unknown,Cessata commercializzazione temporanea: disponibili solo confezioni prodotte da plasma in conto lavorazione,Per trattamento alternativo si consiglia di rivolgersi allo specialista o al M.M.G,2026-10-01T10:44:52.167424,52868
IT,Italy,AIFA,ANTITROMBINA III BAXALTA,ANTITROMBINA III UMANA,"""1000UI/20 ML POLVERE E SOLVENTE PER SOLUZIONE PER INFUSIONE""1 FLACONCINO POLVERE 1000UI+1 FLACONCINO SOLVENTE 20 ML+SET DI RICOSTITUZIONE E INFUSIONE",,27113024,B01AB02,2024-11-30,,shortage - end date unknown,Cessata commercializzazione temporanea: disponibili solo confezioni prodotte da plasma in conto lavorazione,Per trattamento alternativo si consiglia di rivolgersi allo specialista o al M.M.G,2026-10-01T10:44:52.167452,44911
IT,Italy,AIFA,APONIL,LACIDIPINA,"""6 MG COMPRESSE RIVESTITE CON FILM"" 14  COMPRESSE",,27832068,C08CA09,2026-08-31,,shortage - end date unknown,Elevata richiesta: distribuzione contingentata (carenza relativa solo al canale retail),Per trattamento alternativo si consiglia di rivolgersi allo specialista o al M.M.G,2026-10-01T10:44:52.167480,
IT,Italy,AIFA,APONIL,LACIDIPINA,"""4 MG COMPRESSE RIVESTITE CON FILM"" 28 COMPRESSE DIVISIBILI",,27832043,C08CA09,2026-07-31,,shortage - end date unknown,Elevata richiesta: distribuzione contingentata (carenza relativa solo al canale retail),Per trattamento alternativo si consiglia di rivolgersi allo specialista o al M.M.G,2026-10-01T10:44:52.167507,
IT,Italy,AIFA,APREMILAST ZENTIVA,APREMILAST + APREMILAST + APREMILAST,"""10 MG + 20 MG + 30 MG COMPRESSE RIVESTITE CON FILM"" 27 COMPRESSE (4 COMPRESSE DA 10 MG + 4 COMPRESSE DA 20 MG + 19 COMPRESSE DA 30 MG) IN BLISTER PVC/AL",,50724018,L04AA32,2026-07-01,,shortage - end date unknown,Problemi produttivi,Per trattamento alternativo si consiglia di rivolgersi allo specialista o al M.M.G,2026-10-01T10:44:52.167535,125709
IT,Italy,AIFA,APREMILAST ZENTIVA,APREMILAST,"""30 MG COMPRESSE RIVESTITE CON FILM"" 56 COMPRESSE IN BLISTER PVC/AL",,50724020,L04AA32,2026-06-05,,shortage - end date unknown,Problemi produttivi,Per trattamento alternativo si consiglia di rivolgersi allo specialista o al M.M.G,2026-10-01T10:44:52.167563,125709
IT,Italy,AIFA,APREPITANT ACCORD,APREPITANT + APREPITANT,"""125 MG CAPSULE RIGIDE + 80 MG CAPSULE RIGIDE"" 1 CAPSULA DA 125 MG IN BLISTER OPA/AL/PVC-AL + 2 CAPSULE DA 80 MG IN BLISTER OPA/AL/PVC-AL",,46991042,A04AD12,2024-01-15,,shortage - end date unknown,Problemi produttivi,"Si rilascia autorizzazione allimportazione alle strutture sanitarie per analogo autorizzato allestero, nel caso in cui le strutture interessate riscontrino discontinuità nella fornitura, a livello delle reti distributive cui hanno accesso",2026-10-01T10:44:52.167590,
IT,Italy,AIFA,AREXVY,"VACCINO PER IL VIRUS RESPIRATORIO SINCIZIALE (RSV) (RICOMBINANTE, ADIUVATO)","0,5 ml - Polvere e sospensione per sospensione iniettabile - Uso intramuscolare - Polvere: flacone (vetro); sospensione: flacone (vetro) , Polvere: 120 µg; sospensione: 0,5 ml - 1 flacone di polvere + 1 flacone di sospensione",,50751015,J07BX05,2026-10-01,,shortage - end date unknown,Motivi commerciali,Per trattamento alternativo si consiglia di rivolgersi allo specialista o al M.M.G,2026-10-01T10:44:52.167618,224340
IT,Italy,AIFA,ARFEN,IBUPROFENE SALE DI LISINA,"""500 MG COMPRESSE""30 COMPRESSE",,24635029,M01AE01,2025-10-25,,shortage - end date unknown,Problemi produttivi,Per trattamento alternativo si consiglia di rivolgersi allo specialista o al M.M.G,2026-10-01T10:44:52.167646,
IT,Italy,AIFA,ARIPIPRAZOLO MYLAN PHARMA,ARIPIPRAZOLO,15 MG - COMPRESSA - USO ORALE - BLISTER (PA/ALU/PVC/ALU) - 28 COMPRESSE,,44285082,N05AX12,2025-09-08,,shortage - end date unknown,Problemi produttivi,Per trattamento alternativo si consiglia di rivolgersi allo specialista o al M.M.G,2026-10-01T10:44:52.167673,75256
IT,Italy,AIFA,ARIPIPRAZOLO MYLAN PHARMA,ARIPIPRAZOLO,10 MG - COMPRESSA - USO ORALE - BLISTER (PA/ALU/PVC/ALU) - 28 COMPRESSE,,44285056,N05AX12,2026-08-25,,shortage - end date unknown,Elevata richiesta/problemi produttivi,Per trattamento alternativo si consiglia di rivolgersi allo specialista o al M.M.G,2026-10-01T10:44:52.167700,75248
IT,Italy,AIFA,ARIPIPRAZOLO MYLAN PHARMA,ARIPIPRAZOLO,5 MG - COMPRESSA - USO ORALE - BLISTER (PA/ALU/PVC/ALU) - 28 COMPRESSE,,44285029,N05AX12,2026-08-25,,shortage - end date unknown,Elevata richiesta,Per trattamento alternativo si consiglia di rivolgersi allo specialista o al M.M.G,2026-10-01T10:44:52.167727,117633
IT,Italy,AIFA,ARIPIPRAZOLO TEVA,ARIPIPRAZOLO,"""5 MG COMPRESSE"" 28 COMPRESSE IN BLISTER OPA/AL/PVC/AL",,43743069,N05AX12,2026-08-03,2027-02-26,shortage,Problemi produttivi,Per trattamento alternativo si consiglia di rivolgersi allo specialista o al M.M.G,2026-10-01T10:44:52.167762,117633
IT,Italy,AIFA,ARIPIPRAZOLO ZENTIVA,ARIPIPRAZOLO,10 MG - COMPRESSA - USO ORALE - BLISTER (OPA/ALU/PVC/ALU) - 28 COMPRESSE,,44265078,N05AX12,2022-06-15,,shortage - end date unknown,Problemi produttivi: forniture discontinue,Per trattamento alternativo si consiglia di rivolgersi allo specialista o al M.M.G,2026-10-01T10:44:52.167789,75248
IT,Italy,AIFA,ARIPIPRAZOLO ZENTIVA,ARIPIPRAZOLO,5 MG - COMPRESSA - USO ORALE - BLISTER (OPA/ALU/PVC/ALU) - 28 COMPRESSE,,44265027,N05AX12,2022-06-15,,shortage - end date unknown,Problemi produttivi,Per trattamento alternativo si consiglia di rivolgersi allo specialista o al M.M.G,2026-10-01T10:44:52.167816,117633
IT,Italy,AIFA,ARIPIPRAZOLO ZENTIVA,ARIPIPRAZOLO,15 MG - COMPRESSA - USO ORALE - BLISTER (OPA/ALU/PVC/ALU) - 28 COMPRESSE,,44265128,N05AX12,2023-06-01,,shortage - end date unknown,Problemi produttivi,Per trattamento alternativo si consiglia di rivolgersi allo specialista o al M.M.G,2026-10-01T10:44:52.167843,75256
IT,Italy,AIFA,ARMILLA,ALFA TOCOFEROLO,""" 400 U.I. CAPSULE MOLLI "" 30 CAPSULE",,35596028,A11HA03,2023-06-30,2026-12-31,shortage,Motivi commerciali,Per trattamento alternativo si consiglia di rivolgersi allo specialista o al M.M.G,2026-10-01T10:44:52.167878,
IT,Italy,AIFA,ARMISARTE,PEMETREXED,25 MG/ML - CONCENTRATO PER SOLUZIONE PER INFUSIONE - USO ENDOVENOSO - FLACONCINO (VETRO) 4 ML - 1 FLACONCINO,,44703015,L01BA04,2025-12-11,2026-10-15,shortage,Problemi produttivi,"Si rilascia autorizzazione allimportazione alle strutture sanitarie per analogo autorizzato allestero, nel caso in cui le strutture interessate riscontrino discontinuità nella fornitura, a livello delle reti distributive cui hanno accesso",2026-10-01T10:44:52.167913,142603
IT,Italy,AIFA,ARMISARTE,PEMETREXED,25 MG/ML - CONCENTRATO PER SOLUZIONE PER INFUSIONE - USO ENDOVENOSO - FLACONCINO (VETRO) 40 ML - 1 FLACONCINO,,44703039,L01BA04,2025-12-01,2026-10-15,shortage,Problemi produttivi,"Si rilascia autorizzazione allimportazione alle strutture sanitarie per analogo autorizzato allestero, nel caso in cui le strutture interessate riscontrino discontinuità nella fornitura, a livello delle reti distributive cui hanno accesso",2026-10-01T10:44:52.167947,142638
IT,Italy,AIFA,ARMISARTE,PEMETREXED,25 MG/ML - CONCENTRATO PER SOLUZIONE PER INFUSIONE - USO ENDOVENOSO - FLACONCINO (VETRO) 20 ML - 1 FLACONCINO,,44703027,L01BA04,2025-08-08,2026-10-15,shortage,Problemi produttivi,"Si rilascia autorizzazione allimportazione alle strutture sanitarie per analogo autorizzato allestero, nel caso in cui le strutture interessate riscontrino discontinuità nella fornitura, a livello delle reti distributive cui hanno accesso",2026-10-01T10:44:52.167970,142611
IT,Italy,AIFA,ARTROSILENE,KETOPROFENE SALE DI LISINA,"""320 MG CAPSULE RIGIDE A RILASCIO PROLUNGATO"" 20 CAPSULE",,24022129,M01AE03,2026-08-01,2027-01-01,shortage,Elevata richiesta (carenza relativa solo al canale retail),Per trattamento alternativo si consiglia di rivolgersi allo specialista o al M.M.G,2026-10-01T10:44:52.167993,79073
IT,Italy,AIFA,ARUPSAN,ESLICARBAZEPINA ACETATO,"""800 MG COMPRESSE"" 30 COMPRESSE IN BLISTER OPA/AL/PVC/AL",,48222020,N03AF04,2026-07-06,,shortage - end date unknown,Elevata richiesta,Per trattamento alternativo si consiglia di rivolgersi allo specialista o al M.M.G,2026-10-01T10:44:52.168012,
IT,Italy,AIFA,ASBIMA,AMLODIPINA + VALSARTAN,"""5 MG/80 MG COMPRESSE RIVESTITE CON FILM"" 28 COMPRESSE IN BLISTER PVC/ACLAR/PVC/AL",,44196032,C09DB01,2024-05-31,,shortage - end date unknown,Problemi produttivi,Per trattamento alternativo si consiglia di rivolgersi allo specialista o al M.M.G,2026-10-01T10:44:52.168030,
IT,Italy,AIFA,ASBIMA,AMLODIPINA + VALSARTAN,"""5 MG/160 MG COMPRESSE RIVESTITE CON FILM"" 28 COMPRESSE IN BLISTER PVC/ACLAR/PVC/AL",,44196107,C09DB01,2024-05-31,,shortage - end date unknown,Problemi produttivi,Per trattamento alternativo si consiglia di rivolgersi allo specialista o al M.M.G,2026-10-01T10:44:52.168048,
IT,Italy,AIFA,ASMANEX,MOMETASONE FUROATO,"""200 MICROGRAMMI POLVERE PER INALAZIONE"" 60 EROGAZIONI",,36685028,R03BA07,2026-06-30,,shortage - end date unknown,Cessata commercializzazione definitiva,Per trattamento alternativo si consiglia di rivolgersi allo specialista o al M.M.G,2026-10-01T10:44:52.168067,
IT,Italy,AIFA,ASMANEX,MOMETASONE FUROATO,"""400 MICROGRAMMI POLVERE PER INALAZIONE"" 30 EROGAZIONI",,36685042,R03BA07,2026-06-30,,shortage - end date unknown,Cessata commercializzazione definitiva,Per trattamento alternativo si consiglia di rivolgersi allo specialista o al M.M.G,2026-10-01T10:44:52.168086,
IT,Italy,AIFA,ASPIRINA DOLORE E INFIAMMAZIONE,ACIDO ACETILSALICILICO,"""500 MG COMPRESSE RIVESTITE"" 8 COMPRESSE IN BLISTER AL/PE/CARTA",,41962010,N02BA01,2026-10-15,,shortage - end date unknown,Cessata commercializzazione definitiva,Per trattamento alternativo si consiglia di rivolgersi allo specialista o al M.M.G,2026-10-01T10:44:52.168104,
IT,Italy,AIFA,ASSORAL,ROXITROMICINA,"""150 MG COMPRESSE RIVESTITE CON FILM""12 COMPRESSE",,26919011,J01FA06,2026-03-31,,shortage - end date unknown,Cessata commercializzazione temporanea,Per trattamento alternativo si consiglia di rivolgersi allo specialista o al M.M.G,2026-10-01T10:44:52.168123,
IT,Italy,AIFA,ASURAMI,RAMIPRIL + ROSUVASTATINA,"""20 MG/10 MG CAPSULE RIGIDE"" 30 CAPSULE IN BLISTER OPA/AL/PVC/AL",,48495131,C10BX17,2026-08-31,,shortage - end date unknown,Cessata commercializzazione definitiva,Per trattamento alternativo si consiglia di rivolgersi allo specialista o al M.M.G,2026-10-01T10:44:52.168141,
IT,Italy,AIFA,ATANTO,APREPITANT + APREPITANT,"""125 MG CAPSULE RIGIDE + 80 MG CAPSULE RIGIDE"" 1 CAPSULA DA 125 MG IN BLISTER OPA/AL/PVC-AL + 2 CAPSULE DA 80 MG IN BLISTER OPA/AL/PVC-AL",,47660055,A04AD12,2026-05-05,,shortage - end date unknown,Cessata commercializzazione temporanea,Si rilascia autorizzazione allimportazione alle strutture sanitarie per analogo autorizzato allestero,2026-10-01T10:44:52.168159,
IT,Italy,AIFA,ATAZANAVIR SANDOZ,ATAZANAVIR SOLFATO,"""200 MG CAPSULE RIGIDE"" 60X1 CAPSULE IN BLISTER DIVISIBILE PER DOSE UNITARIA AL-OPA/AL/PVC",,47067018,J05AE08,2026-09-30,,shortage - end date unknown,Cessata commercializzazione definitiva,Per trattamento alternativo si consiglia di rivolgersi allo specialista o al M.M.G,2026-10-01T10:44:52.168178,
IT,Italy,AIFA,ATENATIV,ANTITROMBINA III UMANA,"""1000 U.I./20 ML POLVERE E SOLVENTE PER SOLUZIONE PER INFUSIONE"" FLACONCINO POLVERE + FLACONCINO SOLVENTE DA 20 ML",,31118021,B01AB02,2025-06-01,2026-12-31,shortage,Elevata richiesta,Per trattamento alternativo si consiglia di rivolgersi allo specialista o al M.M.G,2026-10-01T10:44:52.168201,44911
IT,Italy,AIFA,ATENATIV,ANTITROMBINA III UMANA,"""500 U.I./10 ML POLVERE E SOLVENTE PER SOLUZIONE PER INFUSIONE"" FLACONCINO POLVERE + FLACONCINO SOLVENTE DA 10 ML",,31118019,B01AB02,2025-06-01,2026-12-31,shortage,Elevata richiesta,Per trattamento alternativo si consiglia di rivolgersi allo specialista o al M.M.G,2026-10-01T10:44:52.168224,44881
IT,Italy,AIFA,ATENOLOLO AHCL,ATENOLOLO,"""50 MG COMPRESSE"" 50 COMPRESSE IN BLISTER PVC/PVDC/AL",,41098221,C07AB03,2026-04-08,,shortage - end date unknown,Elevata richiesta,Per trattamento alternativo si consiglia di rivolgersi allo specialista o al M.M.G,2026-10-01T10:44:52.168242,15822
IT,Italy,AIFA,ATENOLOLO AHCL,ATENOLOLO,"""100 MG COMPRESSE"" 50 COMPRESSE IN BLISTER PVC/PVDC/AL",,41098233,C07AB03,2026-04-20,,shortage - end date unknown,Elevata richiesta,Per trattamento alternativo si consiglia di rivolgersi allo specialista o al M.M.G,2026-10-01T10:44:52.168260,3352
IT,Italy,AIFA,ATENOLOLO CLORTALIDONE RATIOPHARM,ATENOLOLO + CLORTALIDONE,"""100 MG + 25 MG COMPRESSE"" 28 COMPRESSE",,33054026,C07CB03,2026-06-15,,shortage - end date unknown,Motivi commerciali,Per trattamento alternativo si consiglia di rivolgersi allo specialista o al M.M.G,2026-10-01T10:44:52.168278,
IT,Italy,AIFA,ATENOLOLO RATIOPHARM,ATENOLOLO,"""100 MG COMPRESSE RIVESTITE CON FILM"" 50 COMPRESSE",,34052023,C07AB03,2026-09-28,2026-12-15,shortage,Problemi produttivi (carenza relativa solo al canale retail),Per trattamento alternativo si consiglia di rivolgersi allo specialista o al M.M.G,2026-10-01T10:44:52.168302,3352
IT,Italy,AIFA,ATORVASTATINA ACCORD,ATORVASTATINA,"""80 MG COMPRESSE RIVESTITE CON FILM"" 30 COMPRESSE IN BLISTER OPA/AL/PVC/AL",,44963647,C10AA05,2026-04-13,,shortage - end date unknown,Elevata richiesta,Per trattamento alternativo si consiglia di rivolgersi allo specialista o al M.M.G,2026-10-01T10:44:52.168322,98639
IT,Italy,AIFA,ATORVASTATINA ACCORD,ATORVASTATINA,"""40 MG COMPRESSE RIVESTITE CON FILM"" 30 COMPRESSE IN BLISTER OPA/AL/PVC/AL",,44963458,C10AA05,2026-04-20,,shortage - end date unknown,Elevata richiesta,Per trattamento alternativo si consiglia di rivolgersi allo specialista o al M.M.G,2026-10-01T10:44:52.168341,98620
IT,Italy,AIFA,ATORVASTATINA ACCORD,ATORVASTATINA,"""10 MG COMPRESSE RIVESTITE CON FILM"" 30 COMPRESSE IN BLISTER OPA/AL/PVC/AL",,44963078,C10AA05,2026-03-06,,shortage - end date unknown,Elevata richiesta,Per trattamento alternativo si consiglia di rivolgersi allo specialista o al M.M.G,2026-10-01T10:44:52.168362,98604
IT,Italy,AIFA,ATORVASTATINA ACCORD,ATORVASTATINA,"""20 MG COMPRESSE RIVESTITE CON FILM"" 30 COMPRESSE IN BLISTER OPA/AL/PVC/AL",,44963268,C10AA05,2026-03-20,,shortage - end date unknown,Elevata richiesta,Per trattamento alternativo si consiglia di rivolgersi allo specialista o al M.M.G,2026-10-01T10:44:52.168380,98612
IT,Italy,AIFA,ATORVASTATINA AUROBINDO,ATORVASTATINA,"""80 MG COMPRESSE RIVESTITE CON FILM"" 30 COMPRESSE IN BLISTER PVC/PE/PVDC/AL",,42978066,C10AA05,2026-05-31,,shortage - end date unknown,Problemi produttivi,Per trattamento alternativo si consiglia di rivolgersi allo specialista o al M.M.G,2026-10-01T10:44:52.168399,98639
IT,Italy,AIFA,ATORVASTATINA MYLAN GENERICS ITALIA,ATORVASTATINA CALCIO TRIIDRATO,""" 80 MG COMPRESSE RIVESTIE CON FILM "" 30 COMPRESSE IN BLISTER OPA/AL/PVC/AL",,42181356,C10AA05,2026-06-22,,shortage - end date unknown,Cessata commercializzazione temporanea,Per trattamento alternativo si consiglia di rivolgersi allo specialista o al M.M.G,2026-10-01T10:44:52.168417,98639
IT,Italy,AIFA,ATORVASTATINA MYLAN GENERICS ITALIA,ATORVASTATINA CALCIO TRIIDRATO,""" 10 MG COMPRESSE RIVESTIE CON FILM "" 30 COMPRESSE IN BLISTER OPA/AL/PVC/AL",,42181230,C10AA05,2026-06-22,,shortage - end date unknown,Cessata commercializzazione temporanea,Per trattamento alternativo si consiglia di rivolgersi allo specialista o al M.M.G,2026-10-01T10:44:52.168445,98604
IT,Italy,AIFA,ATORVASTATINA MYLAN GENERICS ITALIA,ATORVASTATINA CALCIO TRIIDRATO,""" 40 MG COMPRESSE RIVESTIE CON FILM "" 30 COMPRESSE IN BLISTER OPA/AL/PVC/AL",,42181317,C10AA05,2026-08-01,,shortage - end date unknown,Cessata commercializzazione temporanea,Per trattamento alternativo si consiglia di rivolgersi allo specialista o al M.M.G,2026-10-01T10:44:52.168472,98620
IT,Italy,AIFA,ATORVASTATINA MYLAN GENERICS ITALIA,ATORVASTATINA CALCIO TRIIDRATO,""" 20 MG COMPRESSE RIVESTIE CON FILM "" 30 COMPRESSE IN BLISTER OPA/AL/PVC/AL",,42181279,C10AA05,2026-07-05,,shortage - end date unknown,Cessata commercializzazione temporanea,Per trattamento alternativo si consiglia di rivolgersi allo specialista o al M.M.G,2026-10-01T10:44:52.168499,98612
IT,Italy,AIFA,ATORVASTATINA PENSA PHARMA,ATORVASTATINA CALCIO TRIIDRATO,"""10 MG COMPRESSE RIVESTITE CON FILM"" 30 COMPRESSE IN BLISTER AL/AL divisibili per dose unitaria",,50704030,C10AA05,2026-10-01,2026-12-31,shortage,Problemi produttivi,Per trattamento alternativo si consiglia di rivolgersi allo specialista o al M.M.G,2026-10-01T10:44:52.168534,98604
IT,Italy,AIFA,ATORVASTATINA PENSA PHARMA,ATORVASTATINA CALCIO TRIIDRATO,"""40 MG COMPRESSE RIVESTITE CON FILM"" 30 COMPRESSE IN BLISTER AL/AL divisibili per dose unitaria",,50704081,C10AA05,2026-11-01,2027-03-31,shortage,Problemi produttivi,Per trattamento alternativo si consiglia di rivolgersi allo specialista o al M.M.G,2026-10-01T10:44:52.168569,98620
IT,Italy,AIFA,ATORVASTATINA TEVA ITALIA,ATORVASTATINA,"""20MG COMPRESSE RIVESTITE CON FILM"" 30 COMPRESSE IN BLISTER AL/AL",,40234217,C10AA05,2026-05-18,,shortage - end date unknown,Cessata commercializzazione definitiva,Per trattamento alternativo si consiglia di rivolgersi allo specialista o al M.M.G,2026-10-01T10:44:52.168596,98612
IT,Italy,AIFA,ATORVASTATINA TEVA ITALIA,ATORVASTATINA,"""40MG COMPRESSE RIVESTITE CON FILM"" 30 COMPRESSE IN BLISTER AL/AL",,40234369,C10AA05,2026-06-23,,shortage - end date unknown,Cessata commercializzazione definitiva,Per trattamento alternativo si consiglia di rivolgersi allo specialista o al M.M.G,2026-10-01T10:44:52.168623,98620
IT,Italy,AIFA,ATORVASTATINA VIATRIS,ATORVASTATINA,"""80 MG COMPRESSE RIVESTITE CON FILM"" 30 COMPRESSE IN BLISTER PA/AL/PVC-AL",,41443918,C10AA05,2026-04-25,,shortage - end date unknown,Problemi produttivi,Per trattamento alternativo si consiglia di rivolgersi allo specialista o al M.M.G,2026-10-01T10:44:52.168651,98639
IT,Italy,AIFA,ATOSIBAN IBISQUS,ATOSIBAN ACETATO,"""37,5 MG/5 ML CONCENTRATO PER SOLUZIONE PER INFUSIONE"" 1 FLACONCINO IN VETRO DA 5 ML",,43131010,G02CX01,2026-11-23,2027-04-30,shortage,Problemi produttivi,Si rilascia autorizzazione allimportazione alle strutture sanitarie per analogo autorizzato allestero,2026-10-01T10:44:52.168686,52590
IT,Italy,AIFA,ATOSIBAN IBISQUS,ATOSIBAN ACETATO,"""6,75 MG/0,9 ML SOLUZIONE INIETTABILE"" 1 FIALA IN VETRO DA 0,9 ML",,43131022,G02CX01,2026-09-30,,shortage - end date unknown,Problemi produttivi,"Si rilascia autorizzazione allimportazione alle strutture sanitarie per analogo autorizzato allestero, nel caso in cui le strutture interessate riscontrino discontinuità nella fornitura, a livello delle reti distributive cui hanno accesso",2026-10-01T10:44:52.168714,52582
IT,Italy,AIFA,ATOSIBAN SUN,ATOSIBAN ACETATO,6.75MG/0.9ML - SOLUZIONE INIETTABILE (PREPARAZIONE INIETTABILE) - VIA ENDOVENOSA - FLACONCINO (VETRO) - 0.9 ML - 1 FLACONCINO,,42916015,G02CX01,2023-02-28,,shortage - end date unknown,Elevata richiesta/problemi produttivi,Rilasciata determinazione per limportazione al titolare A.I.C.,2026-10-01T10:44:52.168741,52582
IT,Italy,AIFA,ATOSIBAN SUN,ATOSIBAN ACETATO,37.5MG/5ML - CONCENTRATO PER SOLUZIONE PER INFUSIONE ENDOVENOSA (CONCENTRATO STERILE) - VIA ENDOVENOSA - FLACONCINO (VETRO) - 5ML- 1 FLACONCINO,,42916027,G02CX01,2021-07-16,,shortage - end date unknown,Problemi produttivi: forniture discontinue,Rilasciata determinazione per limportazione al titolare A.I.C.,2026-10-01T10:44:52.168769,52590
IT,Italy,AIFA,ATOVAQUONE E PROGUANILE MYLAN GENERICS,ATOVAQUONE + PROGUANIL CLORIDRATO,"""250 MG/100 MG COMPRESSE RIVESTITE CON FILM"" 12 COMPRESSE IN BLISTER PVC/PVDC-AL",,40697031,P01BB51,2026-03-17,,shortage - end date unknown,Elevata richiesta,Per trattamento alternativo si consiglia di rivolgersi allo specialista o al M.M.G,2026-10-01T10:44:52.168797,47147
IT,Italy,AIFA,AUBAGIO,TERIFLUNOMIDE,14 MG - COMPRESSA RIVESTITA CON FILM - USO ORALE - BLISTER (ALU/ALU) - 28 COMPRESSE,,42921027,L04AK02,2026-09-10,,shortage - end date unknown,Elevata richiesta: distribuzione contingentata,"Si rilascia autorizzazione allimportazione alle strutture sanitarie per analogo autorizzato allestero, nel caso in cui le strutture interessate riscontrino discontinuità nella fornitura, a livello delle reti distributive cui hanno accesso",2026-10-01T10:44:52.168824,117838
IT,Italy,AIFA,AURANTIN,FENITOINA SODICA,"""250 MG/5 ML SOLUZIONE INIETTABILE"" 5 FLACONCINI IN VETRO CONTENENTI 5 ML DI SOLUZIONE",,28823021,N03AB02,2026-09-01,,shortage - end date unknown,Cessata commercializzazione definitiva,Per trattamento alternativo si consiglia di rivolgersi allo specialista o al M.M.G,2026-10-01T10:44:52.168851,198862
IT,Italy,AIFA,AVALOX,MOXIFLOXACINA,"""400 MG/250 ML SOLUZIONE PER INFUSIONE"" 1 FLACONE IN VETRO DA 250 ML",,34436194,J01MA14,2026-07-01,2026-12-21,shortage,Elevata richiesta,Si rilascia autorizzazione allimportazione alle strutture sanitarie per analogo autorizzato allestero,2026-10-01T10:44:52.168886,67636
IT,Italy,AIFA,AVERBET,BETAISTINA CLORIDRATO,"""8 MG COMPRESSE"" 50 COMPRESSE IN BLISTER PVC/PVDC/AL",,47960012,N07CA01,2026-09-30,,shortage - end date unknown,Cessata commercializzazione temporanea,Per trattamento alternativo si consiglia di rivolgersi allo specialista o al M.M.G,2026-10-01T10:44:52.168914,1309
IT,Italy,AIFA,AXITINIB SANDOZ,AXITINIB,"""1 MG COMPRESSE RIVESTITE CON FILM"" 56 COMPRESSE IN BLISTER OPA/AL/PVC/AL",,50510039,L01EK01,2026-02-09,,shortage - end date unknown,Elevata richiesta,Per trattamento alternativo si consiglia di rivolgersi allo specialista o al M.M.G,2026-10-01T10:44:52.168941,104442
IT,Italy,AIFA,AXUMIN,FLUCICLOVINA (18F),"3200 MBQ - SOLUZIONE INIETTABILE - USO ENDOVENOSO - FLACONCINO (VETRO) 1,0 - 10ML - 1 FLACONCINO DA 15 ML",,45431044,V09IX12,2026-05-22,,shortage - end date unknown,Cessata commercializzazione temporanea,Per trattamento alternativo si consiglia di rivolgersi allo specialista o al M.M.G,2026-10-01T10:44:52.168968,
IT,Italy,AIFA,AYBINTIO,BEVACIZUMAB,25 MG / ML - CONCENTRATO PER SOLUZIONE PER INFUSIONE - USO ENDOVENOSO - FLACONCINO (VETRO) 16 ML - 1 FLACONCINO,,48985028,L01FG01,2026-02-08,,shortage - end date unknown,Elevata richiesta,Si rilascia autorizzazione allimportazione alle strutture sanitarie per analogo autorizzato allestero,2026-10-01T10:44:52.168996,76929
IT,Italy,AIFA,AYBINTIO,BEVACIZUMAB,25 MG / ML - CONCENTRATO PER SOLUZIONE PER INFUSIONE - USO ENDOVENOSO - FLACONCINO (VETRO) 4 ML - 1 FLACONCINO,,48985016,L01FG01,2026-02-21,,shortage - end date unknown,Elevata richiesta,Si rilascia autorizzazione allimportazione alle strutture sanitarie per analogo autorizzato allestero,2026-10-01T10:44:52.169020,76910
IT,Italy,AIFA,AYRINAL,BILASTINA,"""6 mg/ml COLLIRIO, SOLUZIONE"" 1 FLACONE DA 5 ML IN LDPE CON CONTAGOCCE MULTIDOSE HDPE",,40854162,S01GX13,2026-03-01,,shortage - end date unknown,Problemi produttivi,Per trattamento alternativo si consiglia di rivolgersi allo specialista o al M.M.G,2026-10-01T10:44:52.169048,
IT,Italy,AIFA,AZACITIDINA ACCORD,AZACITIDINA,25 MG/ML - POLVERE PER SOSPENSIONE INIETTABILE - USO SOTTOCUTANEO - FLACONE (VETRO) 100 MG - 1 FLACONE,,48524019,L01BC07,2026-12-31,,shortage - end date unknown,Cessata commercializzazione temporanea,Per trattamento alternativo si consiglia di rivolgersi allo specialista o al M.M.G,2026-10-01T10:44:52.169072,
IT,Italy,AIFA,AZACITIDINA AUROBINDO,AZACITIDINA,"""25 mg/ml POLVERE PER SOSPENSIONE INIETTABILE"" 1 FLACONCINO IN VETRO DA 100 MG",,50447010,L01BC07,2025-01-03,,shortage - end date unknown,Problemi regolatori,Per trattamento alternativo si consiglia di rivolgersi allo specialista o al M.M.G,2026-10-01T10:44:52.169090,
IT,Italy,AIFA,AZILECT,RASAGILINA MESILATO,"""1 MG COMPRESSA -USO ORALE"" BLISTER ALU/ALU 28 COMPRESSE",,36983029,N04BD02,2026-10-12,2026-11-30,shortage,Problemi produttivi (carenza relativa solo al canale retail),Per trattamento alternativo si consiglia di rivolgersi allo specialista o al M.M.G,2026-10-01T10:44:52.169114,129852
IT,Italy,AIFA,AZITROMICINA ACCORD,AZITROMICINA DIIDRATO,""" 500 MG COMPRESSE RIVESTITE CON FILM "" 3 COMPRESSE",,38756019,J01FA10,2026-04-30,,shortage - end date unknown,Motivi commerciali,Per trattamento alternativo si consiglia di rivolgersi allo specialista o al M.M.G,2026-10-01T10:44:52.169132,115002
IT,Italy,AIFA,AZOLMEN,BIFONAZOLO,"""1% GEL""TUBO 30 G",,26048102,D01AC10,2026-02-13,,shortage - end date unknown,Problemi produttivi,Per trattamento alternativo si consiglia di rivolgersi allo specialista o al M.M.G,2026-10-01T10:44:52.169151,
IT,Italy,AIFA,BACTIGRAM,CEFACLORO,"""250 MG/5 ML GRANULATO PER SOSPENSIONE ORALE"" FLACONE 100 ML",,34619015,J01DC04,2023-04-01,,shortage - end date unknown,Elevata richiesta,Per trattamento alternativo si consiglia di rivolgersi allo specialista o al M.M.G,2026-10-01T10:44:52.169169,47422
IT,Italy,AIFA,BALCOGA,SILDENAFIL,"""20 MG COMPRESSE RIVESTITE CON FILM"" 90 COMPRESSE IN BLISTER PVC/ACLAR/AL",,44675027,G04BE03,2026-07-01,,shortage - end date unknown,Cessata commercializzazione definitiva,Per trattamento alternativo si consiglia di rivolgersi allo specialista o al M.M.G,2026-10-01T10:44:52.169187,80365
IT,Italy,AIFA,BALZIDE,BALSALAZIDE BISODICO,"""750 MG CAPSULE RIGIDE"" 112 CAPSULE IN CONTENITORE HDPE",,33858022,A07EC04,2025-10-01,2026-12-31,shortage,Problemi regolatori,Per trattamento alternativo si consiglia di rivolgersi allo specialista o al M.M.G,2026-10-01T10:44:52.169210,
IT,Italy,AIFA,BATIXIM,CEFOTAXIMA SODICA,"""1G/4 ML POLVERE E SOLVENTE PER SOLUZIONE INIETTABILE PER USO INTRAMUSCOLARE""1 FLACONE POLVERE + 1 FIALA SOLVENTE 4 ML",,35207024,J01DD01,2025-08-24,,shortage - end date unknown,Motivi commerciali,Per trattamento alternativo si consiglia di rivolgersi allo specialista o al M.M.G,2026-10-01T10:44:52.169228,37168
IT,Italy,AIFA,BECLOMETASONE E FORMOTEROLO EG,BECLOMETASONE DIPROPIONATO + FORMOTEROLO FUMARATO DIIDRATO,"""200 MICROGRAMMI/6 MICROGRAMMI/EROGAZIONE SOLUZIONE PRESSURIZZATA PER INALAZIONE"" 1 CONTENITORE SOTTO PRESSIONE IN AL DA 120 EROGAZIONI CON VALVOLA DOSATRICE",,51859066,R03AK08,2026-04-30,,shortage - end date unknown,Elevata richiesta,Per trattamento alternativo si consiglia di rivolgersi allo specialista o al M.M.G,2026-10-01T10:44:52.169246,
IT,Italy,AIFA,BECLOMETASONE E FORMOTEROLO ZENTIVA,BECLOMETASONE + FORMOTEROLO,"""100 MICROGRAMMI/6 MICROGRAMMI SOLUZIONE PRESSURIZZATA PER INALAZIONE"" 1 CONTENITORE SOTTO PRESSIONE IN AL DA 19 ML/120 EROGAZIONI CON VALVOLA DOSATRICE",,51533014,R03AK08,2026-04-15,,shortage - end date unknown,Elevata richiesta/problemi produttivi,Per trattamento alternativo si consiglia di rivolgersi allo specialista o al M.M.G,2026-10-01T10:44:52.169265,
IT,Italy,AIFA,BECLOMETASONE E FORMOTEROLO ZENTIVA ITALIA,BECLOMETASONE + FORMOTEROLO,"""200 MICROGRAMMI/6 MICROGRAMMI/EROGAZIONE SOLUZIONE PRESSURIZZATA PER INALAZIONE"" 1 CONTENITORE SOTTO PRESSIONE IN AL DA 19 ML/120 EROGAZIONI CON VALVOLA DOSATRICE",,51532012,R03AK08,2026-05-15,,shortage - end date unknown,Elevata richiesta/problemi produttivi,Per trattamento alternativo si consiglia di rivolgersi allo specialista o al M.M.G,2026-10-01T10:44:52.169285,
IT,Italy,AIFA,BENDAMUSTINA  AUROBINDO,BENDAMUSTINA CLORIDRATO MONOIDRATO,"""2,5 MG/ML POLVERE PER CONCENTRATO PER SOLUZIONE PER INFUSIONE"" 5 FLACONCINI IN VETRO DA 25 MG",,50098021,L01AA09,2026-03-21,,shortage - end date unknown,Problemi produttivi,Rilasciata determinazione per limportazione al titolare A.I.C.,2026-10-01T10:44:52.169306,
IT,Italy,AIFA,BENDAMUSTINA ACCORD,BENDAMUSTINA CLORIDRATO,"""2,5 MG/ML POLVERE PER CONCENTRATO PER SOLUZIONE PER INFUSIONE"" 5 FLACONCINI IN VETRO DA 100 MG",,44327056,L01AA09,2022-03-21,,shortage - end date unknown,Cessata commercializzazione temporanea,"Si rilascia autorizzazione allimportazione alle strutture sanitarie per analogo autorizzato allestero, nel caso in cui le strutture interessate riscontrino discontinuità nella fornitura, a livello delle reti distributive cui hanno accesso",2026-10-01T10:44:52.169326,
IT,Italy,AIFA,BENDAMUSTINA MEDAC,BENDAMUSTINA CLORIDRATO,"""2,5 MG/ML POLVERE PER CONCENTRATO PER SOLUZIONE PER INFUSIONE"" 5 FLACONCINI IN VETRO DA 25 MG",,44333021,L01AA09,2026-03-02,,shortage - end date unknown,Elevata richiesta,"Si rilascia autorizzazione allimportazione alle strutture sanitarie per analogo autorizzato allestero, nel caso in cui le strutture interessate riscontrino discontinuità nella fornitura, a livello delle reti distributive cui hanno accesso",2026-10-01T10:44:52.169348,
IT,Italy,AIFA,BENDAMUSTINA MEDAC,BENDAMUSTINA CLORIDRATO,"""2,5 MG/ML POLVERE PER CONCENTRATO PER SOLUZIONE PER INFUSIONE"" 5 FLACONCINI IN VETRO DA 100 MG",,44333058,L01AA09,2026-02-20,,shortage - end date unknown,Elevata richiesta,"Si rilascia autorizzazione allimportazione alle strutture sanitarie per analogo autorizzato allestero, nel caso in cui le strutture interessate riscontrino discontinuità nella fornitura, a livello delle reti distributive cui hanno accesso",2026-10-01T10:44:52.169367,
IT,Italy,AIFA,BENILEXA,LEVONORGESTREL,«20 microgrammi/24 h sistema  a  rilascio intrauterino»  1  sacchetto  monouso  con  dispositivo  di   rilascio intrauterino con inseritore a due mani in blister PE,,43233016,G02BA03,2026-11-07,,shortage - end date unknown,Cessata commercializzazione definitiva,Per trattamento alternativo si consiglia di rivolgersi allo specialista o al M.M.G,2026-10-01T10:44:52.169386,
IT,Italy,AIFA,BENILEXA,LEVONORGESTREL,"""20 MICROGRAMMI/24 H SISTEMA A RILASCIO INTRAUTERINO"" 1X5 SISTEMI A RILASCIO INTRAUTERINO CON INSERITORE AD UNA MANO + 5 DISPOSITIVI DI INSERIMENTO IN VASCHETTA PETG",,43233042,G02BA03,2027-03-01,,shortage - end date unknown,Cessata commercializzazione definitiva,Per trattamento alternativo si consiglia di rivolgersi allo specialista o al M.M.G,2026-10-01T10:44:52.169405,
IT,Italy,AIFA,BENLYSTA,BELIMUMAB,200 MG - SOLUZIONE INIETTABILE - USO SOTTOCUTANEO - SIRINGA PRERIEMPITA (VETRO) IN PENNA PRERIEMPITA - 1 ML (200 MG/ML) - 4 PENNE PRERIEMPITE,,41381043,L04AG04,2026-09-04,,shortage - end date unknown,Problemi produttivi: distribuzione contingentata (carenza relativa solo al canale ospedaliero),Si rilascia autorizzazione allimportazione alle strutture sanitarie per analogo autorizzato allestero,2026-10-01T10:44:52.169424,149462
IT,Italy,AIFA,BENOXINATO CLORIDRATO INTES,OXIBUPROCAINA CLORIDRATO,"«4  mg/ml  collirio,  soluzione   in contenitore monodose» 30 contenitori monodose da 0,5 ml",,31579055,S01HA02,2026-11-16,2027-02-01,shortage,Problemi produttivi (carenza relativa solo al canale ospedaliero),Si rilascia autorizzazione allimportazione alle strutture sanitarie per analogo autorizzato allestero,2026-10-01T10:44:52.169448,
IT,Italy,AIFA,BENZILPENICILLINA POTASSICA K24 PHARMACEUTICALS,PENICILLINA G POTASSICA,""" 1.000.000 UI/4 ML POLVERE E SOLVENTE PER SOLUZIONE INIETTABILE "" 1 FLACONCINO POLVERE + 1 FIALA SOLVENTE DA 4 ML",,36981013,J01CE01,2021-05-25,,shortage - end date unknown,Cessata commercializzazione temporanea,Si rilascia autorizzazione allimportazione alle strutture sanitarie per analogo autorizzato allestero,2026-10-01T10:44:52.169467,19402
IT,Italy,AIFA,BENZILPENICILLINA POTASSICA K24 PHARMACEUTICALS,PENICILLINA G POTASSICA,«1.000.000  UI  polvere  per   soluzione iniettabile» 100 flaconcini in vetro,,36981025,J01CE01,2026-05-27,,shortage - end date unknown,Cessata commercializzazione temporanea,"Per trattamento alternativo si consiglia di rivolgersi allo specialista o al MMG. Sono autorizzati e commercializzati in Italia medicinali con medesimo principio attivo, forma farmaceutica, via di somministrazione, modalità di rilascio, dosaggio, e indicazioni terapeutiche ma numero di unità posologiche e dosi unitarie differente",2026-10-01T10:44:52.169486,19402
IT,Italy,AIFA,BETA 21,BETAMETASONE,"""0,5 MG/G UNGUENTO"" 1 TUBO 30 G",,21513027,D07AC01,2026-09-30,,shortage - end date unknown,Problemi produttivi,Per trattamento alternativo si consiglia di rivolgersi allo specialista o al M.M.G,2026-10-01T10:44:52.169505,
IT,Italy,AIFA,BETABIOPTAL,BETAMETASONE + CLORAMFENICOLO,2 MG/G + 5 MG/G UNGUENTO OFTALMICO TUBO 5 G,,20305037,S01CA05,2026-09-04,2026-11-30,shortage,Problemi produttivi,Per trattamento alternativo si consiglia di rivolgersi allo specialista o al M.M.G,2026-10-01T10:44:52.169529,
IT,Italy,AIFA,BETACLAR,DORZOLAMIDE + TIMOLOLO,"""20 MG/ML + 5 MG/ML COLLIRIO, SOLUZIONE"" 1 FLACONE LDPE DA 5 ML",,41858010,S01ED51,2026-08-25,,shortage - end date unknown,Problemi produttivi,Per trattamento alternativo si consiglia di rivolgersi allo specialista o al M.M.G,2026-10-01T10:44:52.169548,
IT,Italy,AIFA,BETAISTINA ACCORD,BETAISTINA DICLORIDRATO,"""8 MG COMPRESSE"" 60 COMPRESSE IN BLISTER PVC/PVDC-AL",,41431026,N07CA01,2024-09-08,,shortage - end date unknown,Problemi produttivi,Per trattamento alternativo si consiglia di rivolgersi allo specialista o al M.M.G,2026-10-01T10:44:52.169567,1309
IT,Italy,AIFA,BETAISTINA EG,BETAISTINA DICLORIDRATO,"""24 MG COMPRESSE"" 20 COMPRESSE IN BLISTER PA/AL/PVC/AL",,46008114,N07CA01,2026-12-01,,shortage - end date unknown,Cessata commercializzazione definitiva,Per trattamento alternativo si consiglia di rivolgersi allo specialista o al M.M.G,2026-10-01T10:44:52.169588,93378
IT,Italy,AIFA,BETAISTINA EG,BETAISTINA DICLORIDRATO,"""8 MG COMPRESSE"" 50 COMPRESSE IN BLISTER PA/AL/PVC/AL",,46008037,N07CA01,2026-08-01,,shortage - end date unknown,Cessata commercializzazione definitiva,Per trattamento alternativo si consiglia di rivolgersi allo specialista o al M.M.G,2026-10-01T10:44:52.169607,1309
IT,Italy,AIFA,BETAISTINA EG,BETAISTINA DICLORIDRATO,"""16 MG COMPRESSE"" 20 COMPRESSE IN BLISTER PA/AL/PVC/AL",,46008064,N07CA01,2026-10-01,,shortage - end date unknown,Cessata commercializzazione definitiva,Per trattamento alternativo si consiglia di rivolgersi allo specialista o al M.M.G,2026-10-01T10:44:52.169626,27413
IT,Italy,AIFA,BETAMETASONE DIPROPIONATO SANDOZ,BETAMETASONE DIPROPIONATO,"""0,05% CREMA"" TUBO 30 G",,33706019,D07AC01,2025-12-08,,shortage - end date unknown,Problemi produttivi,Per trattamento alternativo si consiglia di rivolgersi allo specialista o al M.M.G,2026-10-01T10:44:52.169645,
IT,Italy,AIFA,BETAMETASONE DOC,BETAMETASONE SODIO FOSFATO,""" 1,5 MG/2 ML SOLUZIONE INIETTABILE"" 6 FIALE DA 2 ML",,39659014,H02AB01,2025-06-30,,shortage - end date unknown,Problemi produttivi,Per trattamento alternativo si consiglia di rivolgersi allo specialista o al M.M.G,2026-10-01T10:44:52.169664,
IT,Italy,AIFA,BETAMETASONE DOC,BETAMETASONE SODIO FOSFATO,""" 4 MG/2 ML SOLUZIONE INIETTABILE"" 3 FIALE DA 2 ML",,39659026,H02AB01,2025-05-15,,shortage - end date unknown,Problemi produttivi,"Si rilascia autorizzazione allimportazione alle strutture sanitarie per analogo autorizzato allestero, nel caso in cui le strutture interessate riscontrino discontinuità nella fornitura, a livello delle reti distributive cui hanno accesso",2026-10-01T10:44:52.169684,
IT,Italy,AIFA,BETAMETASONE EG,BETAMETASONE SODIO FOSFATO,"""1,5 MG/2 ML SOLUZIONE INIETTABILE"" 6 FIALE DA 2 ML",,39731017,H02AB01,2025-02-28,,shortage - end date unknown,Problemi produttivi,Per trattamento alternativo si consiglia di rivolgersi allo specialista o al M.M.G,2026-10-01T10:44:52.169703,
IT,Italy,AIFA,BETAMETASONE EG,BETAMETASONE SODIO FOSFATO,"""4 MG/2 ML SOLUZIONE INIETTABILE"" 3 FIALE DA 2 ML",,39731029,H02AB01,2025-02-28,,shortage - end date unknown,Problemi produttivi,"Si rilascia autorizzazione allimportazione alle strutture sanitarie per analogo autorizzato allestero, nel caso in cui le strutture interessate riscontrino discontinuità nella fornitura, a livello delle reti distributive cui hanno accesso",2026-10-01T10:44:52.169723,
IT,Italy,AIFA,BETAMETASONE ZENTIVA,BETAMETASONE,"""0,5 MG COMPRESSe EFFERVESCENTi"" 10 COMPRESSE IN BLISTER PA/AL/PVC",,45799018,H02AB01,2025-05-31,,shortage - end date unknown,Motivi commerciali,Per trattamento alternativo si consiglia di rivolgersi allo specialista o al M.M.G,2026-10-01T10:44:52.169741,
IT,Italy,AIFA,BEZALIP,BEZAFIBRATO,"""400 MG COMPRESSE A RILASCIO PROLUNGATO"" 30 COMPRESSE",,24732024,C10AB02,2025-04-17,,shortage - end date unknown,Problemi produttivi,Per trattamento alternativo si consiglia di rivolgersi allo specialista o al M.M.G,2026-10-01T10:44:52.169760,
IT,Italy,AIFA,BICALUTAMIDE AHCL,BICALUTAMIDE,"""50 MG COMPRESSE RIVESTITE CON FILM"" 28 COMPRESSE IN BLISTER PVC/PVDC/AL",,39243011,L02BB03,2026-03-24,,shortage - end date unknown,Problemi produttivi,Per trattamento alternativo si consiglia di rivolgersi allo specialista o al M.M.G,2026-10-01T10:44:52.169779,42005
IT,Italy,AIFA,BICALUTAMIDE AUROBINDO,BICALUTAMIDE,"""50 MG COMPRESSE RIVESTITE CON FILM"" 28 COMPRESSE IN BLISTER PVC/PE/PVDC/AL",,37791062,L02BB03,2026-07-22,,shortage - end date unknown,Elevata richiesta,Per trattamento alternativo si consiglia di rivolgersi allo specialista o al M.M.G,2026-10-01T10:44:52.169798,42005
IT,Italy,AIFA,BICALUTAMIDE EG STADA,BICALUTAMIDE,"""50 MG COMPRESSE RIVESTITE CON FILM"" 28 COMPRESSE IN BLISTER PVC/AL",,38399010,L02BB03,2025-10-01,,shortage - end date unknown,Elevata richiesta,Per trattamento alternativo si consiglia di rivolgersi allo specialista o al M.M.G,2026-10-01T10:44:52.169817,42005
IT,Italy,AIFA,BICALUTAMIDE RATIOPHARM,BICALUTAMIDE,"""150 MG COMPRESSE RIVESTITE CON FILM"" 28 COMPRESSE IN BLISTER PVC/PE/PVDC/AL",,37812219,L02BB03,2026-07-01,2026-10-10,shortage,Elevata richiesta,Per trattamento alternativo si consiglia di rivolgersi allo specialista o al M.M.G,2026-10-01T10:44:52.169841,86614
IT,Italy,AIFA,BICALUTAMIDE TECNIGEN,BICALUTAMIDE,"""150 MG COMPRESSE RIVESTITE CON FILM"" 28 COMPRESSE IN BLISTER PVC/PVDC/AL",,38876126,L02BB03,2026-06-16,,shortage - end date unknown,Cessata commercializzazione temporanea,Per trattamento alternativo si consiglia di rivolgersi allo specialista o al M.M.G,2026-10-01T10:44:52.169860,86614
IT,Italy,AIFA,BICALUTAMIDE TECNIGEN,BICALUTAMIDE,"""50 MG COMPRESSE RIVESTITE CON FILM"" 28 COMPRESSE IN BLISTER PVC/PVDC/AL",,38876025,L02BB03,2026-08-31,,shortage - end date unknown,Cessata commercializzazione temporanea,Per trattamento alternativo si consiglia di rivolgersi allo specialista o al M.M.G,2026-10-01T10:44:52.169879,42005
IT,Italy,AIFA,BICAVERA,SOLUZIONE PER DIALISI PERITONEALE,"""2,3% GLUCOSIO, 1,75 MMOL/L CALCIO SOLUZIONE PER DIALISI PERITONEALE"" 4 SACCHE DA 2000 ML CON SISTEMA STAY SAFE",,35498068,,2026-01-01,,shortage - end date unknown,Problemi produttivi,Per trattamento alternativo si consiglia di rivolgersi allo specialista o al M.M.G,2026-10-01T10:44:52.169897,
IT,Italy,AIFA,BICAVERA,SOLUZIONE PER DIALISI PERITONEALE,"""1,5% GLUCOSIO, 1,75 MMOL/L CALCIO SOLUZIONE PER DIALISI PERITONEALE "" 4 SACCHE DA 2000 ML CON SISTEMA STAY SAFE",,35498029,,2026-01-26,,shortage - end date unknown,Problemi produttivi,Per trattamento alternativo si consiglia di rivolgersi allo specialista o al M.M.G,2026-10-01T10:44:52.169917,
IT,Italy,AIFA,BIJUVA,ESTRADIOLO EMIIDRATO + PROGESTERONE,"""1 MG/100 MG CAPSULE MOLLI"" 84 CAPSULE IN BLISTER PVC/PE/PCTFE/AL",,48335020,G03FA04,2026-02-07,,shortage - end date unknown,"Elevata richiesta/problemi produttivi (carenza
 relativa solo al canale retail)",Per trattamento alternativo si consiglia di rivolgersi allo specialista o al M.M.G,2026-10-01T10:44:52.169937,
IT,Italy,AIFA,BIJUVA,ESTRADIOLO EMIIDRATO + PROGESTERONE,"""1 MG/100 MG CAPSULE MOLLI"" 28 CAPSULE IN BLISTER PVC/PE/PCTFE/AL",,48335018,G03FA04,2026-03-25,,shortage - end date unknown,Elevata richiesta/problemi produttivi,Si rilascia autorizzazione allimportazione alle strutture sanitarie per analogo autorizzato allestero,2026-10-01T10:44:52.169956,
IT,Italy,AIFA,BILASTINA AUROBINDO,BILASTINA,"""20 mg COMPRESSE"" 20 COMPRESSE IN BLISTER PVC-AL",,50108036,R06AX29,2026-04-19,,shortage - end date unknown,Problemi produttivi,Per trattamento alternativo si consiglia di rivolgersi allo specialista o al M.M.G,2026-10-01T10:44:52.169975,
IT,Italy,AIFA,BILDYOS,DENOSUMAB,60 mg - Soluzione iniettabile - Uso sottocutaneo - Siringa preriempita (vetro) 1 mL (60 mg/mL) - 1 siringa preriempita,,52571015,M05BX04,2026-07-08,,shortage - end date unknown,Elevata richiesta,"Si rilascia autorizzazione allimportazione alle strutture sanitarie per analogo autorizzato allestero, nel caso in cui le strutture interessate riscontrino discontinuità nella fornitura, a livello delle reti distributive cui hanno accesso",2026-10-01T10:44:52.169993,96261
IT,Italy,AIFA,BIMATOPROST E TIMOLOLO TEVA,BIMATOPROST + TIMOLOLO,""" 0,3 MG/ML+5 MG/ML COLLIRIO, SOLUZIONE "" 1 FLACONE LDPE DA 3 ML CON CONTAGOCCE",,45144033,S01ED51,2026-09-28,2027-03-15,shortage,Problemi produttivi,Per trattamento alternativo si consiglia di rivolgersi allo specialista o al M.M.G,2026-10-01T10:44:52.170018,210471
IT,Italy,AIFA,BINOCRIT,EPOETINA ALFA,"""4.000 UI/0,4ML SOLUZ.INIETT.IN SIR.PRERIEMPITA(VETRO)-USO SOTTOCUT.O ENDOVENOSO-0,4ML(10.000 UI/ML)-6 SIR.PRERIEM. DA 0,4 ML CON DISP.SICUREZZA PER AGO",,38190346,B03XA01,2024-06-10,,shortage - end date unknown,Elevata richiesta: distribuzione contingentata,"Si rilascia autorizzazione allimportazione alle strutture sanitarie per analogo autorizzato allestero, nel caso in cui le strutture interessate riscontrino discontinuità nella fornitura, a livello delle reti distributive cui hanno accesso",2026-10-01T10:44:52.170040,43028
IT,Italy,AIFA,BINOCRIT,EPOETINA ALFA,"""8.000 UI/0,8ML SOLUZ.INIETT.IN SIR.PRERIEMPITA(VETRO)-USO SOTTOCUT.O ENDOVENOSO-0,8ML(10.000 UI/ML)-6 SIR.PRERIEM. DA 0,8 ML CON DISP.SICUREZZA PER AGO",,38190423,B03XA01,2024-06-10,,shortage - end date unknown,Elevata richiesta: distribuzione contingentata,"Si rilascia autorizzazione allimportazione alle strutture sanitarie per analogo autorizzato allestero, nel caso in cui le strutture interessate riscontrino discontinuità nella fornitura, a livello delle reti distributive cui hanno accesso",2026-10-01T10:44:52.170060,58424
IT,Italy,AIFA,BINOCRIT,EPOETINA ALFA,"""40.000 UI/1 ML SOLUZ.INIETT.IN SIR.PRERIEMPITA(VETRO)-USO SOTTOCUT.O ENDOVENOSO-1 ML(40.000 UI/ML)-1 SIR.PRERIEM.DA 1 ML CON DISP.SICUREZZA PER AGO",,38190512,B03XA01,2025-09-02,,shortage - end date unknown,Elevata richiesta: distribuzione contingentata,"Si rilascia autorizzazione allimportazione alle strutture sanitarie per analogo autorizzato allestero, nel caso in cui le strutture interessate riscontrino discontinuità nella fornitura, a livello delle reti distributive cui hanno accesso",2026-10-01T10:44:52.170078,
IT,Italy,AIFA,BINOCRIT,EPOETINA ALFA,"""30.000 UI/0,75ML SOLUZ.INIETT.IN SIR.PRERIEMPITA(VETRO)-USO SOTTOCUT.O ENDOVENOSO-0,75ML(40.000 UI/ML)-1SIR.PRERIEM.DA 0,75ML CON DISP.SICUREZZA PER AGO",,38190498,B03XA01,2026-01-15,,shortage - end date unknown,Elevata richiesta: distribuzione contingentata,"Si rilascia autorizzazione allimportazione alle strutture sanitarie per analogo autorizzato allestero, nel caso in cui le strutture interessate riscontrino discontinuità nella fornitura, a livello delle reti distributive cui hanno accesso",2026-10-01T10:44:52.170097,83682
IT,Italy,AIFA,BINOCRIT,EPOETINA ALFA,"""2.000 UI/1ML SOLUZ.INIETT.IN SIR.PRERIEMPITA(VETRO)-USO SOTTOCUT.O ENDOVENOSO-1ML( 2.000 UI/ML)-6 SIR.PRERIEM. DA 1 ML CON DISP.SICUREZZA PER AGO",,38190308,B03XA01,2026-05-11,,shortage - end date unknown,Problemi produttivi,"Si rilascia autorizzazione allimportazione alle strutture sanitarie per analogo autorizzato allestero, nel caso in cui le strutture interessate riscontrino discontinuità nella fornitura, a livello delle reti distributive cui hanno accesso",2026-10-01T10:44:52.170116,84840
IT,Italy,AIFA,BINOCRIT,EPOETINA ALFA,"""6.000 UI/0,6ML SOLUZ.INIETT.IN SIR.PRERIEMPITA(VETRO)-USO SOTTOCUT.O ENDOVENOSO-0,6ML(10.000 UI/ML)-6 SIR.PRERIEM. DA 0,6 ML CON DISP.SICUREZZA PER AGO",,38190385,B03XA01,2026-05-12,,shortage - end date unknown,Problemi produttivi,"Si rilascia autorizzazione allimportazione alle strutture sanitarie per analogo autorizzato allestero, nel caso in cui le strutture interessate riscontrino discontinuità nella fornitura, a livello delle reti distributive cui hanno accesso",2026-10-01T10:44:52.170138,
IT,Italy,AIFA,BINOCRIT,EPOETINA ALFA,"""5.000 UI/0,5ML SOLUZ.INIETT.IN SIR.PRERIEMPITA(VETRO)-USO SOTTOCUT.O ENDOVENOSO-0,5ML(10.000 UI/ML)-6 SIR.PRERIEM. DA 0,5ML CON DISP.SICUREZZA PER AGO",,38190361,B03XA01,2026-05-12,,shortage - end date unknown,Problemi produttivi,"Si rilascia autorizzazione allimportazione alle strutture sanitarie per analogo autorizzato allestero, nel caso in cui le strutture interessate riscontrino discontinuità nella fornitura, a livello delle reti distributive cui hanno accesso",2026-10-01T10:44:52.170158,75019
IT,Italy,AIFA,BINOCRIT,EPOETINA ALFA,"""10.000 UI/1ML SOLUZ.INIETT.IN SIR.PRERIEMPITA(VETRO)-USO SOTTOCUT.O ENDOVENOSO-1 ML(10.000 UI/ML)-6 SIR.PRERIEM. DA 1 ML CON DISP.SICUREZZA PER AGO",,38190462,B03XA01,2026-05-12,,shortage - end date unknown,Problemi produttivi,"Si rilascia autorizzazione allimportazione alle strutture sanitarie per analogo autorizzato allestero, nel caso in cui le strutture interessate riscontrino discontinuità nella fornitura, a livello delle reti distributive cui hanno accesso",2026-10-01T10:44:52.170177,
IT,Italy,AIFA,BINOCRIT,EPOETINA ALFA,"""20.000 UI/0,5ML SOLUZ.INIETT.IN SIR.PRERIEMPITA(VETRO)-USO SOTTOCUT.O ENDOVENOSO-0,5 ML(40.000 UI/ML)-1SIR.PRERIEM.DA 0,5 ML CON DISP.SICUREZZA PER AGO",,38190474,B03XA01,2026-03-24,,shortage - end date unknown,Elevata richiesta,"Si rilascia autorizzazione allimportazione alle strutture sanitarie per analogo autorizzato allestero, nel caso in cui le strutture interessate riscontrino discontinuità nella fornitura, a livello delle reti distributive cui hanno accesso",2026-10-01T10:44:52.170196,
IT,Italy,AIFA,BINOCRIT,EPOETINA ALFA,"""3.000 UI/0,3ML SOLUZ.INIETT.IN SIR.PRERIEMPITA(VETRO)-USO SOTTOCUT.O ENDOVENOSO-0,3ML(10.000 UI/ML)-6 SIR.PRERIEM. DA 0,3 ML CON DISP.SICUREZZA PER AGO",,38190322,B03XA01,2024-06-10,,shortage - end date unknown,Elevata richiesta,"Si rilascia autorizzazione allimportazione alle strutture sanitarie per analogo autorizzato allestero, nel caso in cui le strutture interessate riscontrino discontinuità nella fornitura, a livello delle reti distributive cui hanno accesso",2026-10-01T10:44:52.170215,43001
IT,Italy,AIFA,BINOCRIT,EPOETINA ALFA,"""1.000 UI/0,5ML SOLUZ.INIETT.IN SIR.PRERIEMPITA(VETRO)-USO SOTTOCUT.O ENDOVENOSO-0,5ML ( 2.000 UI/ML)-6 SIR.PRERIEM. DA 0,5ML CON DISP.SICUREZZA PER AGO",,38190284,B03XA01,2026-06-15,,shortage - end date unknown,Problemi produttivi,Per trattamento alternativo si consiglia di rivolgersi allo specialista o al M.M.G,2026-10-01T10:44:52.170234,
IT,Italy,AIFA,BISOLVON,BROMEXINA CLORIDRATO,"""4 MG/2 ML SOLUZIONE INIETTABILE"" 5 FIALE 2 ML",,21004039,R05CB02,2026-07-31,,shortage - end date unknown,Cessata commercializzazione definitiva,Per trattamento alternativo si consiglia di rivolgersi allo specialista o al M.M.G,2026-10-01T10:44:52.170253,
IT,Italy,AIFA,BISOLVON TOSSE SEDATIVO,DESTROMETORFANO BROMIDRATO,"""2 MG/ML SCIROPPO"" FLACONE DA 200 ML",,38593012,R05DA09,2026-04-16,,shortage - end date unknown,Cessata commercializzazione definitiva,Per trattamento alternativo si consiglia di rivolgersi allo specialista o al M.M.G,2026-10-01T10:44:52.170272,
IT,Italy,AIFA,BISOPROLOLO AHCL,BISOPROLOLO FUMARATO,"""2,5 MG COMPRESSE RIVESTITE CON FILM"" 28 COMPRESSE IN BLISTER PVC/PVDC-AL",,40444022,C07AB07,2026-04-01,,shortage - end date unknown,Motivi commerciali,Per trattamento alternativo si consiglia di rivolgersi allo specialista o al M.M.G,2026-10-01T10:44:52.170292,71323
IT,Italy,AIFA,BISOPROLOLO AHCL,BISOPROLOLO FUMARATO,"""10 MG COMPRESSE RIVESTITE CON FILM"" 28 COMPRESSE IN BLISTER PVC/PVDC-AL",,40444349,C07AB07,2026-04-06,,shortage - end date unknown,Elevata richiesta,Per trattamento alternativo si consiglia di rivolgersi allo specialista o al M.M.G,2026-10-01T10:44:52.170311,25542
IT,Italy,AIFA,BISOPROLOLO AHCL,BISOPROLOLO FUMARATO,"""5 MG COMPRESSE RIVESTITE CON FILM"" 28 COMPRESSE IN BLISTER PVC/PVDC-AL",,40444186,C07AB07,2026-08-01,,shortage - end date unknown,Elevata richiesta,Per trattamento alternativo si consiglia di rivolgersi allo specialista o al M.M.G,2026-10-01T10:44:52.170329,25534
IT,Italy,AIFA,BISOPROLOLO AUROBINDO PHARMA ITALIA,BISOPROLOLO FUMARATO,"""10 MG COMPRESSE RIVESTITE CON FILM"" 28 COMPRESSE IN BLISTER AL-AL",,41498421,C07AB07,2026-11-15,,shortage - end date unknown,Problemi produttivi,Per trattamento alternativo si consiglia di rivolgersi allo specialista o al M.M.G,2026-10-01T10:44:52.170348,25542
IT,Italy,AIFA,BISOPROLOLO E IDROCLOROTIAZIDE AUROBINDO,BISOPROLOL + HYDROCHLOROTHIAZIDE,"""5 MG/6,25 MG COMPRESSE RIVESTITE CON FILM"" 30 COMPRESSE IN BLISTER PVC/PE/PVDC-AL",,48000032,C07BB07,2026-11-04,,shortage - end date unknown,Elevata richiesta/problemi produttivi,Per trattamento alternativo si consiglia di rivolgersi allo specialista o al M.M.G,2026-10-01T10:44:52.170368,
IT,Italy,AIFA,BISOPROLOLO E IDROCLOROTIAZIDE MYLAN GENERICS,BISOPROLOLO FUMARATO + IDROCLOROTIAZIDE,"""2,5 MG/6,25 MG COMPRESSE RIVESTITE CON FILM"" 30 COMPRESSE IN BLISTER OPA/AL/PVC-AL",,40426013,C07BB07,2026-01-20,,shortage - end date unknown,Problemi produttivi,Per trattamento alternativo si consiglia di rivolgersi allo specialista o al M.M.G,2026-10-01T10:44:52.170386,
IT,Italy,AIFA,BISOPROLOLO E IDROCLOROTIAZIDE MYLAN GENERICS,BISOPROLOLO FUMARATO + IDROCLOROTIAZIDE,"""10 MG/6,25 MG COMPRESSE RIVESTITE CON FILM"" 30 COMPRESSE IN BLISTER OPA/AL/PVC-AL",,40426037,C07BB07,2026-03-01,,shortage - end date unknown,Problemi produttivi,Per trattamento alternativo si consiglia di rivolgersi allo specialista o al M.M.G,2026-10-01T10:44:52.170405,
IT,Italy,AIFA,BISOPROLOLO E IDROCLOROTIAZIDE MYLAN GENERICS,BISOPROLOLO FUMARATO + IDROCLOROTIAZIDE,"""5 MG/6,25 MG COMPRESSE RIVESTITE CON FILM"" 30 COMPRESSE IN BLISTER OPA/AL/PVC-AL",,40426025,C07BB07,2026-02-09,,shortage - end date unknown,Problemi produttivi,Per trattamento alternativo si consiglia di rivolgersi allo specialista o al M.M.G,2026-10-01T10:44:52.170424,
IT,Italy,AIFA,BISOPROLOLO PENSA PHARMA,BISOPROLOLO FUMARATO,""" 1,25 MG COMPRESSE "" 28 COMPRESSE IN BLISTER PVC/PVDC",,44644019,C07AB07,2026-07-01,2026-12-31,shortage,Problemi produttivi,Per trattamento alternativo si consiglia di rivolgersi allo specialista o al M.M.G,2026-10-01T10:44:52.170448,96946
IT,Italy,AIFA,BISOPROLOLO TEVA,BISOPROLOLO FUMARATO,"""2,5 MG COMPRESSE"" 28 COMPRESSE IN BLISTER OPA/AL",,40147100,C07AB07,2026-09-14,2026-12-15,shortage,"Elevata richiesta/problemi produttivi (carenza
 relativa solo al canale ospedaliero)",Per trattamento alternativo si consiglia di rivolgersi allo specialista o al M.M.G,2026-10-01T10:44:52.170472,71323
IT,Italy,AIFA,BISOPROLOLO ZENTIVA GENERICS,BISOPROLOLO FUMARATO,"""3,75 MG COMPRESSE"" 28 COMPRESSE IN BLISTER PVC/PVDC/AL",,48314304,C07AB07,2024-11-11,,shortage - end date unknown,Problemi produttivi,Per trattamento alternativo si consiglia di rivolgersi allo specialista o al M.M.G,2026-10-01T10:44:52.170491,
IT,Italy,AIFA,BISOPROLOLO ZENTIVA GENERICS,BISOPROLOLO FUMARATO,"""5 MG COMPRESSE"" 28 COMPRESSE IN BLISTER PVC/PVDC/AL",,48314429,C07AB07,2026-09-14,,shortage - end date unknown,Elevata richiesta,Per trattamento alternativo si consiglia di rivolgersi allo specialista o al M.M.G,2026-10-01T10:44:52.170510,25534
IT,Italy,AIFA,BOMYNTRA,DENOSUMAB,"120 mg - Soluzione iniettabile - Uso sottocutaneo - Flaconcino(vetro) 1,7 ml (70 mg/ml) - 1 flaconcino",,52356019,M05BX04,2026-09-21,,shortage - end date unknown,Elevata richiesta: distribuzione contingentata,"Si rilascia autorizzazione allimportazione alle strutture sanitarie per analogo autorizzato allestero, nel caso in cui le strutture interessate riscontrino discontinuità nella fornitura, a livello delle reti distributive cui hanno accesso",2026-10-01T10:44:52.170529,100420
IT,Italy,AIFA,BOOSTRIX,EMOAGGLUTININA FILAMENTOSA + PERTACTINA + TOSSOIDE DIFTERICO + TOSSOIDE PERTOSSICO (PT) + TOSSOIDE TETANICO,"«SOSPENSIONE INIETTABILE IN SIRINGA PRERIEMPITA»  1  SIRINGA PRERIEMPITA DA 0,5 ML CON AGO",,34813117,J07AJ52,2026-01-19,,shortage - end date unknown,Elevata richiesta: forniture discontinue,"Si rilascia autorizzazione allimportazione alle strutture sanitarie per analogo autorizzato allestero, nel caso in cui le strutture interessate riscontrino discontinuità nella fornitura, a livello delle reti distributive cui hanno accesso",2026-10-01T10:44:52.170549,167827
IT,Italy,AIFA,BORTEZOMIB AUROBINDO,BORTEZOMIB,"""3,5 MG POLVERE PER SOLUZIONE INIETTABILE"" 1 FLACONCINO IN VETRO",,47996018,L01XG01,2026-04-24,,shortage - end date unknown,Elevata richiesta/problemi produttivi,Per trattamento alternativo si consiglia di rivolgersi allo specialista o al M.M.G,2026-10-01T10:44:52.170568,75299
IT,Italy,AIFA,BORTEZOMIB DR. REDDY'S,BORTEZOMIB,"""3,5 MG POLVERE PER SOLUZIONE INIETTABILE"" 1 FLACONCINO IN VETRO",,46042014,L01XG01,2026-05-31,,shortage - end date unknown,Elevata richiesta: forniture discontinue,Per trattamento alternativo si consiglia di rivolgersi allo specialista o al M.M.G,2026-10-01T10:44:52.170587,75299
IT,Italy,AIFA,BORTEZOMIB MEDAC,BORTEZOMIB,"""2,5 MG POLVERE PER SOLUZIONE INIETTABILE"" 1 FLACONCINO IN VETRO DA 2,5 MG",,46001032,L01XG01,2025-07-10,,shortage - end date unknown,Motivi commerciali,Per trattamento alternativo si consiglia di rivolgersi allo specialista o al M.M.G,2026-10-01T10:44:52.170605,
IT,Italy,AIFA,BOSENTAN ACCORD,BOSENTAN,"""62,5 MG COMPRESSE RIVESTITE CON FILM"" 56 COMPRESSE IN BLISTER PVC/PE/PVDC-AL",,43079021,C02KX01,2026-09-30,,shortage - end date unknown,Problemi produttivi,Per trattamento alternativo si consiglia di rivolgersi allo specialista o al M.M.G,2026-10-01T10:44:52.170624,67369
IT,Italy,AIFA,BOSENTAN MYLAN,BOSENTAN,"""62,5 MG COMPRESSE RIVESTITE CON FILM"" 56X1 COMPRESSE IN BLISTER PVDC/PVC/AL",,42590051,C02KX01,2025-12-01,,shortage - end date unknown,Problemi produttivi,Per trattamento alternativo si consiglia di rivolgersi allo specialista o al M.M.G,2026-10-01T10:44:52.170643,67369
IT,Italy,AIFA,BOSENTAN MYLAN,BOSENTAN,"""125 MG COMPRESSE RIVESTITE CON FILM"" 56X1 COMPRESSE IN BLISTER PVDC/PVC/AL",,42590125,C02KX01,2025-11-15,,shortage - end date unknown,Problemi produttivi,Per trattamento alternativo si consiglia di rivolgersi allo specialista o al M.M.G,2026-10-01T10:44:52.170662,67377
IT,Italy,AIFA,BOSENTAN SUN,BOSENTAN,"62,5 MG COMPRESSE RIVESTITE CON FILM"" 56 COMPRESSE IN BLISTER PVC/PE/PVDC/AL",,43919024,C02KX01,2022-12-13,,shortage - end date unknown,Elevata richiesta/problemi produttivi: forniture discontinue,Per trattamento alternativo si consiglia di rivolgersi allo specialista o al M.M.G,2026-10-01T10:44:52.170681,67369
IT,Italy,AIFA,BOSENTAN SUN,BOSENTAN,"""125 MG COMPRESSE RIVESTITE CON FILM"" 56 COMPRESSE IN BLISTER PVC/PE/PVDC/AL",,43919063,C02KX01,2022-05-31,,shortage - end date unknown,Elevata richiesta/problemi produttivi: forniture discontinue,Per trattamento alternativo si consiglia di rivolgersi allo specialista o al M.M.G,2026-10-01T10:44:52.170699,67377
IT,Italy,AIFA,BOSENTAN TEVA,BOSENTAN,"""125 MG COMPRESSE RIVESTITE CON FILM"" 56 X 1 COMPRESSE IN BLISTER PVC/ACLAR/PVC/AL",,44204093,C02KX01,2026-05-25,2026-10-15,shortage,Elevata richiesta (carenza relativa solo al canale ospedaliero),Per trattamento alternativo si consiglia di rivolgersi allo specialista o al M.M.G,2026-10-01T10:44:52.170723,67377
IT,Italy,AIFA,BOSUTINIB DR. REDDYS,BOSUTINIB,100 MG COMPRESSE RIVESTITE CON FILM 28 COMPRESSE IN BLISTER AL/PVC/AL/OPA,,51018012,L01EA04,2025-07-18,,shortage - end date unknown,Elevata richiesta: forniture discontinue,Per trattamento alternativo si consiglia di rivolgersi allo specialista o al M.M.G,2026-10-01T10:44:52.170742,106070
IT,Italy,AIFA,BOSUTINIB ZENTIVA,BOSUTINIB,100 MG COMPRESSE RIVESTITE CON FILM 28 COMPRESSE IN BLISTER AL/PVC/AL/OPA,,51020016,L01EA04,2025-02-14,,shortage - end date unknown,Elevata richiesta/problemi produttivi,Per trattamento alternativo si consiglia di rivolgersi allo specialista o al M.M.G,2026-10-01T10:44:52.170761,106070
IT,Italy,AIFA,BRAMICIL,TOBRAMICINA,"""100 MG/ 2 ML SOLUZIONE INIETTABILE"" 10 FIALE DA 2 ML",,35132036,J01GB01,2023-06-30,,shortage - end date unknown,Problemi produttivi,Per trattamento alternativo si consiglia di rivolgersi allo specialista o al M.M.G,2026-10-01T10:44:52.170779,
IT,Italy,AIFA,BRAMICIL,TOBRAMICINA,""" 150 MG/ 2 ML SOLUZIONE INIETTABILE "" 10 FIALE DA 2 ML",,35132048,J01GB01,2023-04-12,,shortage - end date unknown,Problemi produttivi,Per trattamento alternativo si consiglia di rivolgersi allo specialista o al M.M.G,2026-10-01T10:44:52.170798,
IT,Italy,AIFA,BRAUNOL,IODOPOVIDONE,""" 7,5 % SOLUZIONE CUTANEA "" 20 FLACONI 500 ML",,32151223,D08AG02,2026-06-01,2026-12-31,shortage,Problemi produttivi,Si rilascia autorizzazione allimportazione alle strutture sanitarie per analogo autorizzato allestero,2026-10-01T10:44:52.170822,
IT,Italy,AIFA,BRAUNOL,IODOPOVIDONE,""" 7,5 % SOLUZIONE CUTANEA "" 20 FLACONI 250 ML",,32151211,D08AG02,2026-04-20,2026-12-31,shortage,Problemi produttivi,Si rilascia autorizzazione allimportazione alle strutture sanitarie per analogo autorizzato allestero,2026-10-01T10:44:52.170846,
IT,Italy,AIFA,BRAUNOL,IODOPOVIDONE,""" 7,5 % SOLUZIONE CUTANEA "" 10 FLACONI 1000 ML",,32151146,D08AG02,2026-05-25,2026-12-31,shortage,Problemi produttivi,Si rilascia autorizzazione allimportazione alle strutture sanitarie per analogo autorizzato allestero,2026-10-01T10:44:52.170869,
IT,Italy,AIFA,BREVIBLOC,ESMOLOLO CLORIDRATO,"""100 MG/10 ML SOLUZIONE PER INFUSIONE"" 5 FLACONCINI 10 ML",,27248020,C07AB09,2024-08-12,2027-09-30,shortage,Problemi produttivi,Rilasciata determinazione per limportazione al titolare A.I.C.,2026-10-01T10:44:52.170894,39640
IT,Italy,AIFA,BREVIBLOC,ESMOLOLO CLORIDRATO,"""10 MG/ML SOLUZIONE PER INFUSIONE"" SACCA DA 250 ML",,27248032,C07AB09,2026-08-03,,shortage - end date unknown,Problemi produttivi,Si rilascia autorizzazione allimportazione alle strutture sanitarie per analogo autorizzato allestero,2026-10-01T10:44:52.170914,
IT,Italy,AIFA,BRIDION,SUGAMMADEX,"""100 MG/ML SOLUZIONE INIETTABILE - USO ENDOVENOSO - FLACONCINO (VETRO) TAPPO DI GOMMA E CAPSULA DI CHIUSURA A STRAPPO-5 ML (100MG/ML)"" 10 X 5 ML",,38801027,V03AB35,2027-03-31,,shortage - end date unknown,Cessata commercializzazione definitiva,Per trattamento alternativo si consiglia di rivolgersi allo specialista o al M.M.G,2026-10-01T10:44:52.170934,87297
IT,Italy,AIFA,BRILLEVE,ETINILESTRADIOLO + GESTODENE,"""20 MICROGRAMMI + 75 MICROGRAMMI COMPRESSE RIVESTITE"" 21 COMPRESSE IN BLISTER PVC/AL",,39894011,G03AA10,2026-05-01,,shortage - end date unknown,Cessata commercializzazione definitiva,Per trattamento alternativo si consiglia di rivolgersi allo specialista o al M.M.G,2026-10-01T10:44:52.170954,
IT,Italy,AIFA,BRINTELLIX,VORTIOXETINA BROMIDRATO,5 MG - COMPRESSE RIVESTITE CON FILM - USO ORALE - BLISTER (PVC/PVDC/ALU) - 28 COMPRESSE,,43187020,N06AX26,2026-09-22,,shortage - end date unknown,Cessata commercializzazione definitiva,"Per trattamento alternativo si consiglia di rivolgersi allo specialista o al MMG. Sono autorizzati e commercializzati in Italia medicinali con medesimo principio attivo, via di somministrazione, modalità di rilascio e indicazioni terapeutiche",2026-10-01T10:44:52.170973,
IT,Italy,AIFA,BRINZOLAMIDE EG,BRINZOLAMIDE,"""10 MG/ML COLLIRIO, SOSPENSIONE"" 1 FLACONE CONTAGOCCE IN LDPE DA 5 ML",,42406013,S01EC04,2026-10-15,,shortage - end date unknown,Problemi produttivi,Per trattamento alternativo si consiglia di rivolgersi allo specialista o al M.M.G,2026-10-01T10:44:52.170992,212261
IT,Italy,AIFA,BROMAZEPAM AUROBINDO ITALIA,BROMAZEPAM,"""2,5 MG/ML GOCCE ORALI, SOLUZIONE"" 1 FLACONE 20 ML",,35830037,N05BA08,2026-11-19,,shortage - end date unknown,Problemi produttivi,Per trattamento alternativo si consiglia di rivolgersi allo specialista o al M.M.G,2026-10-01T10:44:52.171011,
IT,Italy,AIFA,BROMAZEPAM HEXAL,BROMAZEPAM,""" 2,5 MG / ML  GOCCE ORALI, SOLUZIONE "" FLACONE 20 ML",,35646037,N05BA08,2026-07-01,,shortage - end date unknown,Cessata commercializzazione definitiva,Per trattamento alternativo si consiglia di rivolgersi allo specialista o al M.M.G,2026-10-01T10:44:52.171029,
IT,Italy,AIFA,BROMAZEPAM SANDOZ,BROMAZEPAM,"""2,5 MG/ML GOCCE ORALI, SOLUZIONE"" FLACONE 20 ML CON CONTAGOCCE",,34422016,N05BA08,2025-12-04,,shortage - end date unknown,Elevata richiesta/problemi produttivi,Per trattamento alternativo si consiglia di rivolgersi allo specialista o al M.M.G,2026-10-01T10:44:52.171048,
IT,Italy,AIFA,BROMAZEPAM ZENTIVA,BROMAZEPAM,""" 2,5 MG/ML GOCCE ORALI, SOLUZIONE "" FLACONE DA 20 ML",,35997030,N05BA08,2022-12-12,,shortage - end date unknown,Problemi produttivi,Per trattamento alternativo si consiglia di rivolgersi allo specialista o al M.M.G,2026-10-01T10:44:52.171067,
IT,Italy,AIFA,BRONCHITOL,MANNITOLO,"40 MG - POLVERE PER INALAZIONE, CAPSULA RIGIDA - USO INALATORIO - BLISTER (ALLUMINIO/PVC) - 28 X 10 CAPSULE + 2 INALATORI",,43538026,R05CB16,2026-05-15,,shortage - end date unknown,Problemi produttivi,Si rilascia autorizzazione allimportazione alle strutture sanitarie per analogo autorizzato allestero,2026-10-01T10:44:52.171085,
IT,Italy,AIFA,BRONCHITOL,MANNITOLO,"40 MG - POLVERE PER INALAZIONE, CAPSULA RIGIDA - USO INALATORIO - BLISTER (ALLUMINIO/PVC) - 10 CAPSULE + 1 INALATORE",,43538014,R05CB16,2024-11-01,2026-11-30,shortage,Problemi produttivi,Si rilascia autorizzazione allimportazione alle strutture sanitarie per analogo autorizzato allestero,2026-10-01T10:44:52.171110,
IT,Italy,AIFA,BRUFEN ANALGESICO,IBUPROFENE,"""200 MG COMPRESSE RIVESTITE CON FILM"" 12 COMPRESSE IN BLISTER PVC/PE/PVDC/AL",,42386058,M01AE01,2026-06-10,,shortage - end date unknown,Elevata richiesta/problemi produttivi,Per trattamento alternativo si consiglia di rivolgersi allo specialista o al M.M.G,2026-10-01T10:44:52.171130,27251
IT,Italy,AIFA,BRUFEN ANALGESICO,IBUPROFENE,"""400 MG COMPRESSE RIVESTITE CON FILM"" 12 COMPRESSE IN BLISTER PVC/PE/PVDC/AL",,42386348,M01AE01,2026-10-15,,shortage - end date unknown,Problemi produttivi,Per trattamento alternativo si consiglia di rivolgersi allo specialista o al M.M.G,2026-10-01T10:44:52.171149,27278
IT,Italy,AIFA,BRUNIZINA,NAFAZOLINA CLORIDRATO,"""0,2% SPRAY NASALE, SOLUZIONE"" FLACONE DA 10 ML",,5408036,R01AA08,2022-12-02,,shortage - end date unknown,Problemi produttivi,Per trattamento alternativo si consiglia di rivolgersi allo specialista o al M.M.G,2026-10-01T10:44:52.171169,
IT,Italy,AIFA,BRUNIZINA,NAFAZOLINA CLORIDRATO,"""0,2% GOCCE NASALI, SOLUZIONE"" 1 FLACONE DA 10 ML",,5408024,R01AA08,2026-10-01,2027-06-30,shortage,Problemi produttivi: ridotta disponibilità,Per trattamento alternativo si consiglia di rivolgersi allo specialista o al M.M.G,2026-10-01T10:44:52.171193,
IT,Italy,AIFA,BUNAMOL,BUPRENORFINA CLORIDRATO + NALOXONE CLORIDRATO,"""8 MG/2 MG COMPRESSE SUBLINGUALI"" 7X1 COMPRESSE IN BLISTER OPA/AL/PVC/AL DIVISIBILE PER DOSE UNITARIA",,46529057,N07BC51,2024-11-25,,shortage - end date unknown,Cessata commercializzazione temporanea,Si rilascia autorizzazione allimportazione alle strutture sanitarie per analogo autorizzato allestero-Ministero della Salute  Ufficio Centrale Stupefacenti  Fax 06 5994 3226,2026-10-01T10:44:52.171213,
IT,Italy,AIFA,BUNAMOL,BUPRENORFINA CLORIDRATO + NALOXONE CLORIDRATO,"""2 MG/0,5 MG COMPRESSE SUBLINGUALI"" 7X1 COMPRESSE IN BLISTER OPA/AL/PVC/AL DIVISIBILE PER DOSE UNITARIA",,46529018,N07BC51,2025-12-01,,shortage - end date unknown,Cessata commercializzazione temporanea,Si rilascia autorizzazione allimportazione alle strutture sanitarie per analogo autorizzato allestero-Ministero della Salute  Ufficio Centrale Stupefacenti  Fax 06 5994 3226,2026-10-01T10:44:52.171232,
IT,Italy,AIFA,BUPIVACAINA RECORDATI,BUPIVACAINA CLORIDRATO,"""5MG/ML SOLUZIONE INIETTABILE "" 10 FIALE 10 ML",,34589147,N01BB01,2028-04-01,,shortage - end date unknown,Motivi commerciali,Per trattamento alternativo si consiglia di rivolgersi allo specialista o al M.M.G,2026-10-01T10:44:52.171252,
IT,Italy,AIFA,BUPIVACAINA RECORDATI,BUPIVACAINA CLORIDRATO,"""5MG/ML SOLUZIONE INIETTABILE IPERBARICA "" 10 FIALE 4 ML",,34589150,N01BB01,2025-01-06,,shortage - end date unknown,Motivi commerciali,Per trattamento alternativo si consiglia di rivolgersi allo specialista o al M.M.G,2026-10-01T10:44:52.171271,18732
IT,Italy,AIFA,BUPRENORFINA E NALOXONE G.L. PHARMA,BUPRENORFINA CLORIDRATO + NALOXONE CLORIDRATO DIIDRATO,"""4 MG/1 MG COMPRESSA SUBLINGUALE"" 7 COMPRESSE IN BLISTER OPA/AL/PVC/AL",,49915097,N07BC51,2026-09-01,,shortage - end date unknown,Cessata commercializzazione temporanea,Si rilascia autorizzazione allimportazione alle strutture sanitarie per analogo autorizzato allestero-Ministero della Salute  Ufficio Centrale Stupefacenti  Fax 06 5994 3226,2026-10-01T10:44:52.171290,
IT,Italy,AIFA,BUPRENORFINA E NALOXONE G.L. PHARMA,BUPRENORFINA CLORIDRATO + NALOXONE CLORIDRATO DIIDRATO,"""8 MG/2 MG COMPRESSA SUBLINGUALE"" 7 COMPRESSE IN BLISTER OPA/AL/PVC/AL",,49915174,N07BC51,2026-09-01,,shortage - end date unknown,Cessata commercializzazione temporanea,Per trattamento alternativo si consiglia di rivolgersi allo specialista o al M.M.G,2026-10-01T10:44:52.171310,
IT,Italy,AIFA,BUPRENORFINA E NALOXONE G.L. PHARMA,BUPRENORFINA CLORIDRATO + NALOXONE CLORIDRATO DIIDRATO,"""2 MG/0,5 MG COMPRESSA SUBLINGUALE"" 7 COMPRESSE IN BLISTER OPA/AL/PVC/AL",,49915010,N07BC51,2026-09-01,,shortage - end date unknown,Cessata commercializzazione temporanea,Per trattamento alternativo si consiglia di rivolgersi allo specialista o al M.M.G,2026-10-01T10:44:52.171334,
IT,Italy,AIFA,BUPRENORFINA SUN,BUPRENORFINA CLORIDRATO,""" 8 MG COMPRESSE SUBLINGUALI"" 7 COMPRESSE IN BLISTER PVC/PVDC/AL",,40643049,N07BC01,2023-08-28,,shortage - end date unknown,Elevata richiesta,Per trattamento alternativo si consiglia di rivolgersi allo specialista o al M.M.G,2026-10-01T10:44:52.171353,
IT,Italy,AIFA,BUPRENORFINA SUN,BUPRENORFINA CLORIDRATO,""" 2 MG COMPRESSE SUBLINGUALI"" 7 COMPRESSE IN BLISTER PVC/PVDC/AL",,40643013,N07BC01,2022-02-21,,shortage - end date unknown,Elevata richiesta/problemi produttivi: forniture discontinue,Per trattamento alternativo si consiglia di rivolgersi allo specialista o al M.M.G,2026-10-01T10:44:52.171371,
IT,Italy,AIFA,BUPROPIONE  ZENTIVA,BUPROPIONE CLORIDRATO,"""300 MG COMPRESSE A RILASCIO MODIFICATO"" 30 COMPRESSE IN BLISTER OPA/AL/PVC-AL",,49922026,N06AX12,2024-10-07,,shortage - end date unknown,Elevata richiesta,Per trattamento alternativo si consiglia di rivolgersi allo specialista o al M.M.G,2026-10-01T10:44:52.171390,82899
IT,Italy,AIFA,BUPROPIONE SANDOZ,BUPROPIONE,"""150 MG COMPRESSE A RILASCIO MODIFICATO"" 30 COMPRESSE IN FLACONE HDPE",,43095013,N06AX12,2024-11-10,,shortage - end date unknown,Problemi produttivi,Per trattamento alternativo si consiglia di rivolgersi allo specialista o al M.M.G,2026-10-01T10:44:52.171409,82880
IT,Italy,AIFA,BUPROPIONE TEVA,BUPROPIONE CLORIDRATO,"""150 MG COMPRESSE A RILASCIO MODIFICATO"" 30 COMPRESSE IN FLACONE HDPE",,48234013,N06AX12,2025-10-15,,shortage - end date unknown,"Elevata richiesta/problemi produttivi (carenza
 relativa solo al canale retail)",Per trattamento alternativo si consiglia di rivolgersi allo specialista o al M.M.G,2026-10-01T10:44:52.171428,82880
IT,Italy,AIFA,BUTILSCOPOLAMINA LIVSANE,BUTILBROMURO DI JOSCINA,"""10 MG COMPRESSA RIVESTITA"" 30 COMPRESSE IN BLISTER PVC/PVDC-AL",,49284033,A03BB01,2026-06-04,,shortage - end date unknown,Motivi commerciali,Per trattamento alternativo si consiglia di rivolgersi allo specialista o al M.M.G,2026-10-01T10:44:52.171446,106151
IT,Italy,AIFA,BYSABEL,BILASTINA,"""6 mg/ml COLLIRIO, SOLUZIONE"" 1 FLACONE DA 5 ML IN LDPE CON CONTAGOCCE MULTIDOSE HDPE",,41044114,S01GX13,2026-03-01,,shortage - end date unknown,Problemi produttivi,Per trattamento alternativo si consiglia di rivolgersi allo specialista o al M.M.G,2026-10-01T10:44:52.171465,
IT,Italy,AIFA,CABERGOLINA AUROBINDO,CABERGOLINA,"""0.5 MG COMPRESSE"" 8 COMPRESSE IN FLACONE HDPE CON CHIUSURA A PROVA DI BAMBINO",,50868025,G02CB03,2025-10-14,,shortage - end date unknown,Problemi produttivi,Per trattamento alternativo si consiglia di rivolgersi allo specialista o al M.M.G,2026-10-01T10:44:52.171483,
IT,Italy,AIFA,CAELYX PEGYLATED LIPOSOMAL,DOXORUBICINA CLORIDRATO,2 MG/ML CONCENTRATO PER SOLUZIONE PER INFUSIONE  1 FLACONCINO 25 ML USO EV,,33308038,L01DB01,2026-06-08,,shortage - end date unknown,Problemi produttivi: distribuzione contingentata,"Si rilascia autorizzazione allimportazione alle strutture sanitarie per analogo autorizzato allestero, nel caso in cui le strutture interessate riscontrino discontinuità nella fornitura, a livello delle reti distributive cui hanno accesso",2026-10-01T10:44:52.171502,121711
IT,Italy,AIFA,CAELYX PEGYLATED LIPOSOMAL,DOXORUBICINA CLORIDRATO,2 MG/ML CONCENTRATO PER SOLUZIONE PER INFUSIONE  1 FLACONCINO 10 ML USO EV,,33308014,L01DB01,2026-06-08,,shortage - end date unknown,Problemi produttivi: distribuzione contingentata,"Si rilascia autorizzazione allimportazione alle strutture sanitarie per analogo autorizzato allestero, nel caso in cui le strutture interessate riscontrino discontinuità nella fornitura, a livello delle reti distributive cui hanno accesso",2026-10-01T10:44:52.171522,121703
IT,Italy,AIFA,CALCIO GLUCONATO BIOINDUSTRIA L.I.M.,CALCIO GLUCONATO,"""1000 MG/10 ML SOLUZIONE PER INFUSIONE"" 10 FIALE DA 10 ML",,31177052,A12AA03,2026-07-13,2026-12-31,shortage,Elevata richiesta,"Si rilascia autorizzazione allimportazione alle strutture sanitarie per analogo autorizzato allestero, nel caso in cui le strutture interessate riscontrino discontinuità nella fornitura, a livello delle reti distributive cui hanno accesso",2026-10-01T10:44:52.171546,
IT,Italy,AIFA,CALCITRIOLO DOC GENERICI,CALCITRIOLO,"""0,25 MICROGRAMMI CAPSULE MOLLI"" 30 CAPSULE",,35237015,A11CC04,2024-04-19,,shortage - end date unknown,Problemi produttivi,"Si rilascia autorizzazione allimportazione alle strutture sanitarie per analogo autorizzato allestero, nel caso in cui le strutture interessate riscontrino discontinuità nella fornitura, a livello delle reti distributive cui hanno accesso",2026-10-01T10:44:52.171565,16608
IT,Italy,AIFA,CALCITRIOLO DOC GENERICI,CALCITRIOLO,"""0,50 MICROGRAMMI CAPSULE MOLLI"" 30 CAPSULE",,35237027,A11CC04,2024-06-21,,shortage - end date unknown,Problemi produttivi,"Si rilascia autorizzazione allimportazione alle strutture sanitarie per analogo autorizzato allestero, nel caso in cui le strutture interessate riscontrino discontinuità nella fornitura, a livello delle reti distributive cui hanno accesso",2026-10-01T10:44:52.171590,16616
IT,Italy,AIFA,CALCITRIOLO EG,CALCITRIOLO,"""0,25 MICROGRAMMI CAPSULE MOLLI"" 30 CAPSULE IN BLISTER PVC/PVDC/AL",,35238031,A11CC04,2024-06-30,,shortage - end date unknown,Problemi produttivi,"Si rilascia autorizzazione allimportazione alle strutture sanitarie per analogo autorizzato allestero, nel caso in cui le strutture interessate riscontrino discontinuità nella fornitura, a livello delle reti distributive cui hanno accesso",2026-10-01T10:44:52.171610,16608
IT,Italy,AIFA,CALCITRIOLO EG,CALCITRIOLO,"""0,50 MICROGRAMMI CAPSULE MOLLI"" 30 CAPSULE IN BLISTER PVC/PVDC/AL",,35238043,A11CC04,2024-05-31,,shortage - end date unknown,Problemi produttivi,"Si rilascia autorizzazione allimportazione alle strutture sanitarie per analogo autorizzato allestero, nel caso in cui le strutture interessate riscontrino discontinuità nella fornitura, a livello delle reti distributive cui hanno accesso",2026-10-01T10:44:52.171629,16616
IT,Italy,AIFA,CALCITRIOLO MYLAN GENERICS,CALCITRIOLO,"""0,25 MICROGRAMMI CAPSULE MOLLI"" 30 CAPSULE",,35102019,A11CC04,2026-08-15,,shortage - end date unknown,Problemi produttivi,"Si rilascia autorizzazione allimportazione alle strutture sanitarie per analogo autorizzato allestero, nel caso in cui le strutture interessate riscontrino discontinuità nella fornitura, a livello delle reti distributive cui hanno accesso",2026-10-01T10:44:52.171648,16608
IT,Italy,AIFA,CALCITRIOLO MYLAN GENERICS,CALCITRIOLO,"""0,5 MICROGRAMMI CAPSULE MOLLI"" 30 CAPSULE",,35102021,A11CC04,2026-09-07,,shortage - end date unknown,Problemi produttivi,"Si rilascia autorizzazione allimportazione alle strutture sanitarie per analogo autorizzato allestero, nel caso in cui le strutture interessate riscontrino discontinuità nella fornitura, a livello delle reti distributive cui hanno accesso",2026-10-01T10:44:52.171669,16616
IT,Italy,AIFA,CALCITRIOLO TEVA,CALCITRIOLO,"30 CAPSULE FLACONE 0,25 MCG",,35297199,A11CC04,2026-04-20,2026-09-30,resolved,Problemi regolatori,"Si rilascia autorizzazione allimportazione alle strutture sanitarie per analogo autorizzato allestero, nel caso in cui le strutture interessate riscontrino discontinuità nella fornitura, a livello delle reti distributive cui hanno accesso",2026-10-01T10:44:52.171692,16608
IT,Italy,AIFA,CALCITRIOLO TEVA,CALCITRIOLO,"30 CAPSULE FLACONE DA 0,5 MCG",,35297389,A11CC04,2026-07-20,2026-09-30,resolved,Problemi regolatori,Per trattamento alternativo si consiglia di rivolgersi allo specialista o al M.M.G,2026-10-01T10:44:52.171721,16616
IT,Italy,AIFA,CALCO,CALCITONINA DI SALMONE,""" 50 U.I. /ML SOLUZIONE INIETTABILE"" 5 FIALE 1 ML",,27488016,H05BA01,2025-10-25,,shortage - end date unknown,Problemi produttivi,"Si rilascia autorizzazione allimportazione alle strutture sanitarie per analogo autorizzato allestero, nel caso in cui le strutture interessate riscontrino discontinuità nella fornitura, a livello delle reti distributive cui hanno accesso",2026-10-01T10:44:52.171741,4278
IT,Italy,AIFA,CALCO,CALCITONINA DI SALMONE,"""100 U.I. /ML SOLUZIONE INIETTABILE"" 5 FIALE 1 ML",,27488028,H05BA01,2026-01-14,,shortage - end date unknown,Problemi produttivi,Per trattamento alternativo si consiglia di rivolgersi allo specialista o al M.M.G,2026-10-01T10:44:52.171760,4278
IT,Italy,AIFA,CALQUENCE,ACALABRUTINIB,100 MG - CAPSULA RIGIDA - USO ORALE- BLISTER (ALU/ALU) - 56 CAPSULE,,49155017,L01EL02,2026-07-01,,shortage - end date unknown,Cessata commercializzazione definitiva,Per trattamento alternativo si consiglia di rivolgersi allo specialista o al M.M.G,2026-10-01T10:44:52.171779,222267
IT,Italy,AIFA,CAMPTO,IRINOTECAN CLORIDRATO TRIIDRATO,«20 mg/ml concentrato per soluzione per  infusione» 1 flaconcino in vetro da 5 ml,,32949051,L01CE02,2027-01-29,,shortage - end date unknown,Problemi produttivi,"Si rilascia autorizzazione allimportazione alle strutture sanitarie per analogo autorizzato allestero, nel caso in cui le strutture interessate riscontrino discontinuità nella fornitura, a livello delle reti distributive cui hanno accesso",2026-10-01T10:44:52.171797,51047
IT,Italy,AIFA,CAMPTO,IRINOTECAN CLORIDRATO TRIIDRATO,«20 mg/ml concentrato per soluzione per  infusione» 1 flaconcino in vetro da 2 ml,,32949048,L01CE02,2026-12-31,,shortage - end date unknown,Problemi produttivi,Per trattamento alternativo si consiglia di rivolgersi allo specialista o al M.M.G,2026-10-01T10:44:52.171816,51039
IT,Italy,AIFA,CANDESARTAN AUROBINDO,CANDESARTAN CILEXETIL,"""16MG COMPRESSE"" 28 COMPRESSE IN BLISTER PVC/PVDC-AL",,42841027,C09CA06,2026-04-21,,shortage - end date unknown,Problemi produttivi,Per trattamento alternativo si consiglia di rivolgersi allo specialista o al M.M.G,2026-10-01T10:44:52.171835,48410
IT,Italy,AIFA,CANDESARTAN AUROBINDO,CANDESARTAN CILEXETIL,"""8MG COMPRESSE"" 28 COMPRESSE IN BLISTER PVC/PVDC-AL",,42841015,C09CA06,2026-04-19,,shortage - end date unknown,Problemi produttivi,Per trattamento alternativo si consiglia di rivolgersi allo specialista o al M.M.G,2026-10-01T10:44:52.171853,48402
IT,Italy,AIFA,CANDESARTAN E IDROCLOROTIAZIDE EG STADA,CANDESARTAN + IDROCLOROTIAZIDE,"""32 MG/12,5 MG COMPRESSE"" 28 COMPRESSE IN BLISTER OPA/AL/PVC/AL",,42264325,C09DA06,2026-08-12,,shortage - end date unknown,Problemi produttivi,Per trattamento alternativo si consiglia di rivolgersi allo specialista o al M.M.G,2026-10-01T10:44:52.171872,
IT,Italy,AIFA,CANDESARTAN E IDROCLOROTIAZIDE MYLAN,CANDESARTAN + IDROCLOROTIAZIDE,""" 32MG/25MG COMPRESSE "" 28 COMPRESSE IN BLISTER PVC/AL",,43485251,C09DA06,2026-02-09,,shortage - end date unknown,Problemi produttivi,Per trattamento alternativo si consiglia di rivolgersi allo specialista o al M.M.G,2026-10-01T10:44:52.171892,
IT,Italy,AIFA,CANDESARTAN E IDROCLOROTIAZIDE MYLAN,CANDESARTAN + IDROCLOROTIAZIDE,""" 32MG/12,5MG COMPRESSE "" 28 COMPRESSE IN BLISTER PVC/AL",,43485085,C09DA06,2026-08-17,,shortage - end date unknown,Problemi produttivi,Per trattamento alternativo si consiglia di rivolgersi allo specialista o al M.M.G,2026-10-01T10:44:52.171916,
IT,Italy,AIFA,CANDESARTAN E IDROCLOROTIAZIDE MYLAN GENERICS,CANDESARTAN CILEXETIL + IDROCLOROTIAZIDE,"""16 MG/12.5 MG COMPRESSE"" 28 COMPRESSE IN BLISTER OPA-AL-PVC/AL",,40753028,C09DA06,2026-05-15,,shortage - end date unknown,Problemi produttivi,Per trattamento alternativo si consiglia di rivolgersi allo specialista o al M.M.G,2026-10-01T10:44:52.171935,
IT,Italy,AIFA,CANDESARTAN E IDROCLOROTIAZIDE ZENTIVA ITALIA,CANDESARTAN CILEXETIL + IDROCLOROTIAZIDE,"""32/25 MG COMPRESSE"" 28 COMPRESSE IN BLISTER OPA/AL/PVC-AL",,41786070,C09DA06,2022-12-12,,shortage - end date unknown,Problemi produttivi: forniture discontinue,Per trattamento alternativo si consiglia di rivolgersi allo specialista o al M.M.G,2026-10-01T10:44:52.171953,
IT,Italy,AIFA,CANDESARTAN PENSA,CANDESARTAN,"""32 MG COMPRESSE"" 28 COMPRESSE IN BLISTER AL/PVC",,42739312,C09CA06,2026-09-01,2026-12-31,shortage,Problemi produttivi,Per trattamento alternativo si consiglia di rivolgersi allo specialista o al M.M.G,2026-10-01T10:44:52.171977,76376
IT,Italy,AIFA,CANDESARTAN PENSA,CANDESARTAN,"""16 MG COMPRESSE"" 28 COMPRESSE IN BLISTER AL/PVC",,42739185,C09CA06,2026-11-01,2026-12-31,shortage,Problemi produttivi,Per trattamento alternativo si consiglia di rivolgersi allo specialista o al M.M.G,2026-10-01T10:44:52.172000,48410
IT,Italy,AIFA,CANDESARTAN TEVA ITALIA,CANDESARTAN,"""8 MG COMPRESSE"" 28 COMPRESSE IN BLISTER OPA/AL/PVC-PVC/PVAC/AL/OPA",,40161059,C09CA06,2026-10-15,2026-11-30,shortage,Problemi produttivi,Per trattamento alternativo si consiglia di rivolgersi allo specialista o al M.M.G,2026-10-01T10:44:52.172024,48402
IT,Italy,AIFA,CANDESARTAN ZENTIVA,CANDESARTAN CILEXETIL,"""8 MG COMPRESSE"" 28 COMPRESSE IN BLISTER PVC-PVDC/AL",,41259110,C09CA06,2023-05-31,,shortage - end date unknown,Problemi produttivi,Per trattamento alternativo si consiglia di rivolgersi allo specialista o al M.M.G,2026-10-01T10:44:52.172042,48402
IT,Italy,AIFA,CAPECITABINA ACCORD,CAPECITABINA,500 MG - COMPRESSA RIVESTITA CON FILM - USO ORALE - BLISTER (PVC/PVDC/ALU) - 120X1 COMPRESSE (DOSE UNITARIA),,42640274,L01BC06,2026-02-11,,shortage - end date unknown,Problemi produttivi: distribuzione contingentata,Per trattamento alternativo si consiglia di rivolgersi allo specialista o al M.M.G,2026-10-01T10:44:52.172061,59366
IT,Italy,AIFA,CAPECITABINA ZENTIVA,CAPECITABINA,"""500 MG COMPRESSE RIVESTITE CON FILM"" 120 COMPRESSE IN BLISTER AL/PVC/PE/PVDC",,41928045,L01BC06,2023-05-26,,shortage - end date unknown,Elevata richiesta,"Si rilascia autorizzazione allimportazione alle strutture sanitarie per analogo autorizzato allestero, nel caso in cui le strutture interessate riscontrino discontinuità nella fornitura, a livello delle reti distributive cui hanno accesso",2026-10-01T10:44:52.172080,59366
IT,Italy,AIFA,CARBAMAZEPINA AUROBINDO,CARBAMAZEPINA,"""400 MG COMPRESSE A RILASCIO PROLUNGATO"" 30 COMPRESSE IN BLISTER PVC/PE/PVDC/AL",,51471062,N03AF01,2026-11-19,,shortage - end date unknown,Elevata richiesta,Per trattamento alternativo si consiglia di rivolgersi allo specialista o al M.M.G,2026-10-01T10:44:52.172098,25984
IT,Italy,AIFA,CARBAMAZEPINA AUROBINDO,CARBAMAZEPINA,"""200 MG COMPRESSE A RILASCIO PROLUNGATO"" 30 COMPRESSE IN BLISTER PVC/PE/PVDC/AL",,51471011,N03AF01,2026-11-18,,shortage - end date unknown,Problemi produttivi,Per trattamento alternativo si consiglia di rivolgersi allo specialista o al M.M.G,2026-10-01T10:44:52.172117,25976
IT,Italy,AIFA,CARBOPLATINO AHCL,CARBOPLATINO,"""10 MG/ML CONCENTRATO PER SOLUZIONE PER INFUSIONE"" 1 FLACONCINO DI VETRO DA 15 ML",,39263025,L01XA02,2024-03-20,,shortage - end date unknown,Problemi produttivi: forniture discontinue,"Si rilascia autorizzazione allimportazione alle strutture sanitarie per analogo autorizzato allestero, nel caso in cui le strutture interessate riscontrino discontinuità nella fornitura, a livello delle reti distributive cui hanno accesso",2026-10-01T10:44:52.172135,39993
IT,Italy,AIFA,CARBOPLATINO AUROBINDO ITALIA,CARBOPLATINO,"""10 MG/ML CONCENTRATO PER SOLUZIONE PER INFUSIONE"" 1 FLACONCINO IN VETRO DA 60 ML",,50777046,L01XA02,2026-05-07,,shortage - end date unknown,Problemi produttivi,"Si rilascia autorizzazione allimportazione alle strutture sanitarie per analogo autorizzato allestero, nel caso in cui le strutture interessate riscontrino discontinuità nella fornitura, a livello delle reti distributive cui hanno accesso",2026-10-01T10:44:52.172153,68705
IT,Italy,AIFA,CARBOPLATINO MEDAC,CARBOPLATINO,"""10 mg/ml CONCENTRATO PER SOLUZIONE PER INFUSIONE"" 1 FLACONCINO IN VETRO DA 15 ML",,50385020,L01XA02,2025-07-10,,shortage - end date unknown,Motivi commerciali,Per trattamento alternativo si consiglia di rivolgersi allo specialista o al M.M.G,2026-10-01T10:44:52.172172,39993
IT,Italy,AIFA,CARBOPLATINO MEDAC,CARBOPLATINO,"""10 mg/ml CONCENTRATO PER SOLUZIONE PER INFUSIONE"" 1 FLACONCINO IN VETRO DA 5 ML",,50385018,L01XA02,2025-07-10,,shortage - end date unknown,Motivi commerciali,Per trattamento alternativo si consiglia di rivolgersi allo specialista o al M.M.G,2026-10-01T10:44:52.172190,39985
IT,Italy,AIFA,CARBOPLATINO MEDAC,CARBOPLATINO,"""10 mg/ml CONCENTRATO PER SOLUZIONE PER INFUSIONE"" 1 FLACONCINO IN VETRO DA 100 ML",,50385057,L01XA02,2026-08-05,,shortage - end date unknown,Elevata richiesta,"Si rilascia autorizzazione allimportazione alle strutture sanitarie per analogo autorizzato allestero, nel caso in cui le strutture interessate riscontrino discontinuità nella fornitura, a livello delle reti distributive cui hanno accesso",2026-10-01T10:44:52.172211,
IT,Italy,AIFA,CARBOPLATINO MEDAC,CARBOPLATINO,"""10 mg/ml CONCENTRATO PER SOLUZIONE PER INFUSIONE"" 1 FLACONCINO IN VETRO DA 60 ML",,50385044,L01XA02,2026-10-19,,shortage - end date unknown,Elevata richiesta: distribuzione contingentata,Per trattamento alternativo si consiglia di rivolgersi allo specialista o al M.M.G,2026-10-01T10:44:52.172230,68705
IT,Italy,AIFA,CARBOPLATINO MEDAC,CARBOPLATINO,"""10 mg/ml CONCENTRATO PER SOLUZIONE PER INFUSIONE"" 1 FLACONCINO IN VETRO DA 45 ML",,50385032,L01XA02,2026-10-19,,shortage - end date unknown,Elevata richiesta: distribuzione contingentata,Per trattamento alternativo si consiglia di rivolgersi allo specialista o al M.M.G,2026-10-01T10:44:52.172248,40002
IT,Italy,AIFA,CARBOPLATINO PFIZER,CARBOPLATINO,"""150 MG/15 ML SOLUZIONE PER INFUSIONE "" 1 FLACONE 15 ML",,32776027,L01XA02,2025-07-31,,shortage - end date unknown,Problemi produttivi,"Si rilascia autorizzazione allimportazione alle strutture sanitarie per analogo autorizzato allestero, nel caso in cui le strutture interessate riscontrino discontinuità nella fornitura, a livello delle reti distributive cui hanno accesso",2026-10-01T10:44:52.172267,39993
IT,Italy,AIFA,CARBOPLATINO PFIZER,CARBOPLATINO,"""50 MG/5 ML SOLUZIONE PER INFUSIONE "" 1 FLACONE 5 ML",,32776015,L01XA02,2026-09-01,2027-03-31,shortage,Problemi produttivi,Per trattamento alternativo si consiglia di rivolgersi allo specialista o al M.M.G,2026-10-01T10:44:52.172290,39985
IT,Italy,AIFA,CARBOPLATINO PFIZER,CARBOPLATINO,"""450 MG/45 ML SOLUZIONE PER INFUSIONE "" FLACONE 45 ML",,32776039,L01XA02,2026-07-01,2026-12-31,shortage,Elevata richiesta,Per trattamento alternativo si consiglia di rivolgersi allo specialista o al M.M.G,2026-10-01T10:44:52.172314,40002
IT,Italy,AIFA,CARBOPLATINO TEVA,CARBOPLATINO,1 FLACONE IV 5 ML 10 MG/ML,,34347017,L01XA02,2025-07-01,,shortage - end date unknown,Problemi produttivi,Per trattamento alternativo si consiglia di rivolgersi allo specialista o al M.M.G,2026-10-01T10:44:52.172332,39985
IT,Italy,AIFA,CARBOSSIMALTOSIO FERRICO MYLAN,CARBOSSIMALTOSIO FERRICO,"""50 MG/ML DISPERSIONE INIETTABILE/PER INFUSIONE"" 5 FLACONCINI DA 2 ML/100 MG IN VETRO",,50618038,,2026-08-31,,shortage - end date unknown,Problemi produttivi,Per trattamento alternativo si consiglia di rivolgersi allo specialista o al M.M.G,2026-10-01T10:44:52.172350,
IT,Italy,AIFA,CARBOSSIMALTOSIO FERRICO SANDOZ,CARBOSSIMALTOSIO FERRICO,"""50 mg/ml SOLUZIONE INIETTABILE O PER INFUSIONE"" 1 FLACONCINO IN VETRO DA 10 ML",,50380043,,2026-04-20,,shortage - end date unknown,Problemi produttivi: distribuzione contingentata,Rilasciata determinazione per limportazione al titolare A.I.C.,2026-10-01T10:44:52.172369,
IT,Italy,AIFA,CARBOSSIMALTOSIO FERRICO TEVA,CARBOSSIMALTOSIO FERRICO,"""50 MG/ML DISPERSIONE INIETTABILE/PER INFUSIONE "" 5 FLACONCINI IN VETRO DA 2 ML",,51088033,,2026-08-10,2026-11-16,shortage,Elevata richiesta,Rilasciata determinazione per limportazione al titolare A.I.C.,2026-10-01T10:44:52.172392,
IT,Italy,AIFA,CARNITENE,LEVOCARNITINA,"""2 G/10 ML SOLUZIONE ORALE"" 10 CONTENITORI MONODOSE",,18610079,A16AA01,2026-08-04,2026-10-18,shortage,Elevata richiesta,Per trattamento alternativo si consiglia di rivolgersi allo specialista o al M.M.G,2026-10-01T10:44:52.172416,
IT,Italy,AIFA,CARREFLOR,L-CARNITINA SALE INTERNO,"""2 G/10 ML SOLUZIONE ORALE"" 10 CONTENITORI MONODOSE IN PET/AL/PE",,43857022,A16AA01,2026-04-01,,shortage - end date unknown,Problemi produttivi: forniture discontinue,Per trattamento alternativo si consiglia di rivolgersi allo specialista o al M.M.G,2026-10-01T10:44:52.172435,
IT,Italy,AIFA,CARREFLOR,L-CARNITINA SALE INTERNO,"""2 G/10 ML SOLUZIONE ORALE"" 10 CONTENITORI MONODOSE IN PET/AL/PE",,43857022,A16AA01,2026-04-01,,shortage - end date unknown,Problemi produttivi: forniture discontinue,Per trattamento alternativo si consiglia di rivolgersi allo specialista o al M.M.G,2026-10-01T10:44:52.172453,
IT,Italy,AIFA,CARTEOL,CARTEOLOLO CLORIDRATO,"""2% COLLIRIO, SOLUZIONE"" 30 CONTENITORI MONODOSE",,26057048,S01ED05,2026-07-20,,shortage - end date unknown,Cessata commercializzazione definitiva,Per trattamento alternativo si consiglia di rivolgersi allo specialista o al M.M.G,2026-10-01T10:44:52.172472,
IT,Italy,AIFA,CARTEOL,CARTEOLOLO CLORIDRATO,"""2% COLLIRIO, SOLUZIONE"" FLACONE 5 ML",,26057024,S01ED05,2026-07-27,,shortage - end date unknown,Cessata commercializzazione temporanea,Per trattamento alternativo si consiglia di rivolgersi allo specialista o al M.M.G,2026-10-01T10:44:52.172490,
IT,Italy,AIFA,CARVEDILOLO AUROBINDO,CARVEDILOLO,"""6,25 MG COMPRESSE RIVESTITE CON FILM"" 28 COMPRESSE IN BLISTER PVC/PE/PVDC/AL",,42234017,C07AG02,2026-04-02,,shortage - end date unknown,Problemi produttivi,Per trattamento alternativo si consiglia di rivolgersi allo specialista o al M.M.G,2026-10-01T10:44:52.172508,47864
IT,Italy,AIFA,CARVEDILOLO HEXAL,CARVEDILOLO,""" 25 MG COMPRESSE "" 30 COMPRESSE IN BLISTER AL/PVC",,36457556,C07AG02,2026-11-01,,shortage - end date unknown,Elevata richiesta: forniture discontinue,Per trattamento alternativo si consiglia di rivolgersi allo specialista o al M.M.G,2026-10-01T10:44:52.172529,41009
IT,Italy,AIFA,CARVEDILOLO PENSA,CARVEDILOLO,"""6,25 MG COMPRESSE"" 28 COMPRESSE DIVISIBILI",,36407017,C07AG02,2026-09-01,2026-12-31,shortage,Problemi produttivi,Per trattamento alternativo si consiglia di rivolgersi allo specialista o al M.M.G,2026-10-01T10:44:52.172552,47864
IT,Italy,AIFA,CARVEDILOLO SANDOZ,CARVEDILOLO,""" 25 MG COMPRESSE "" 30 COMPRESSE IN BLISTER OPA/AL/PVC/AL",,36454320,C07AG02,2026-12-21,,shortage - end date unknown,Cessata commercializzazione definitiva,Per trattamento alternativo si consiglia di rivolgersi allo specialista o al M.M.G,2026-10-01T10:44:52.172570,41009
IT,Italy,AIFA,CARVEDILOLO ZENTIVA,CARVEDILOLO,"""6,25 MG COMPRESSE RIVESTITE CON FILM"" 28 COMPRESSE IN BLISTER PVC/AL",,37144033,C07AG02,2026-03-31,,shortage - end date unknown,Problemi produttivi,Per trattamento alternativo si consiglia di rivolgersi allo specialista o al M.M.G,2026-10-01T10:44:52.172588,47864
IT,Italy,AIFA,CASPOFUNGIN MYLAN,CASPOFUNGIN,"""50 MG POLVERE PER CONCENTRATO PER SOLUZIONE PER INFUSIONE"" 1 FLACONCINO IN VETRO",,44784015,J02AX04,2026-05-15,,shortage - end date unknown,Elevata richiesta,"Si rilascia autorizzazione allimportazione alle strutture sanitarie per analogo autorizzato allestero, nel caso in cui le strutture interessate riscontrino discontinuità nella fornitura, a livello delle reti distributive cui hanno accesso",2026-10-01T10:44:52.172607,70300
IT,Italy,AIFA,CASPOFUNGIN SUN,CASPOFUNGIN ACETATO,"""50 MG POLVERE PER CONCENTRATO PER SOLUZIONE PER INFUSIONE"" 1 FLACONCINO IN VETRO",,44438012,J02AX04,2026-08-04,,shortage - end date unknown,Elevata richiesta,"Si rilascia autorizzazione allimportazione alle strutture sanitarie per analogo autorizzato allestero, nel caso in cui le strutture interessate riscontrino discontinuità nella fornitura, a livello delle reti distributive cui hanno accesso",2026-10-01T10:44:52.172627,70300
IT,Italy,AIFA,CASPOFUNGIN TILLOMED,CASPOFUNGIN,"""70 MG POLVERE PER CONCENTRATO PER SOLUZIONE PER INFUSIONE"" 1 FLACONCINO IN VETRO",,49634025,J02AX04,2025-09-01,,shortage - end date unknown,Problemi produttivi,Rilasciata determinazione per limportazione al titolare A.I.C.,2026-10-01T10:44:52.172646,70319
IT,Italy,AIFA,CASPOFUNGIN TILLOMED,CASPOFUNGIN,"""50 MG POLVERE PER CONCENTRATO PER SOLUZIONE PER INFUSIONE"" 1 FLACONCINO IN VETRO",,49634013,J02AX04,2025-10-10,,shortage - end date unknown,Problemi produttivi,Rilasciata determinazione per limportazione al titolare A.I.C.,2026-10-01T10:44:52.172664,70300
IT,Italy,AIFA,CEFOTAXIMA TEVA,CEFOTAXIMA SODICA,"""2 G/10 ML POLVERE E SOLVENTE PER SOLUZIONE INIETTABILE PER USO ENDOVENOSO"" 1 FLACONE + 1 FIALA SOLVENTE 10 ML",,35374014,J01DD01,2026-10-01,2026-10-30,shortage,Motivi commerciali (carenza relativa solo al canale ospedaliero),Per trattamento alternativo si consiglia di rivolgersi allo specialista o al M.M.G,2026-10-01T10:44:52.172690,
IT,Italy,AIFA,CEFOTAXIMA TEVA,CEFOTAXIMA SODICA,"""1 G/4 ML POLVERE E SOLVENTE PER SOLUZIONE INIETTABILE PER USO INTRAMUSCOLARE"" 1 FLACONE + 1 FIALA SOLVENTE 4 ML",,35374040,J01DD01,2027-02-01,,shortage - end date unknown,Motivi commerciali (carenza relativa solo al canale retail),Per trattamento alternativo si consiglia di rivolgersi allo specialista o al M.M.G,2026-10-01T10:44:52.172709,37168
IT,Italy,AIFA,CEFPODOXIMA MYLAN,CEFPODOXIMA,"""200 MG COMPRESSE RIVESTITE CON FILM"" 6 COMPRESSE IN BLISTER AL/AL",,41859048,J01DD13,2026-09-15,,shortage - end date unknown,Cessata commercializzazione definitiva,Per trattamento alternativo si consiglia di rivolgersi allo specialista o al M.M.G,2026-10-01T10:44:52.172728,
IT,Italy,AIFA,CEFPODOXIMA MYLAN,CEFPODOXIMA,"""100 MG COMPRESSE RIVESTITE CON FILM"" 12 COMPRESSE IN BLISTER AL/AL",,41859188,J01DD13,2026-12-01,,shortage - end date unknown,Cessata commercializzazione definitiva,Per trattamento alternativo si consiglia di rivolgersi allo specialista o al M.M.G,2026-10-01T10:44:52.172746,
IT,Italy,AIFA,CEFPODOXIMA SANDOZ,CEFPODOXIME PROXETIL,"""200 MG COMPRESSE RIVESTITE CON FILM"" 6 COMPRESSE IN BLISTER AL/AL",,39962079,J01DD13,2026-09-30,,shortage - end date unknown,Cessata commercializzazione definitiva,Per trattamento alternativo si consiglia di rivolgersi allo specialista o al M.M.G,2026-10-01T10:44:52.172764,
IT,Italy,AIFA,CEFTAZIDIMA EG STADA,CEFTAZIDIMA,""" 1 G/ 3 ML POLVERE E SOLVENTE PER SOLUZIONE INIETTABILE PER USO INTRAMUSCOLARE "" 1 FLACONCINO POLVERE +1  FIALA SOLVENTE 3 ML",,36566038,J01DD02,2024-03-31,,shortage - end date unknown,Elevata richiesta,Per trattamento alternativo si consiglia di rivolgersi allo specialista o al M.M.G,2026-10-01T10:44:52.172783,22195
IT,Italy,AIFA,CELEBREX,CELECOXIB,100 MG 40 CAPSULE RIGIDE IN BLISTER ALLUMINIO/PVC TRASPARENTE,,34624066,M01AH01,2026-09-07,,shortage - end date unknown,Problemi produttivi,Per trattamento alternativo si consiglia di rivolgersi allo specialista o al M.M.G,2026-10-01T10:44:52.172802,
IT,Italy,AIFA,CELECOXIB TEVA ITALIA,CELECOXIB,"""200 MG CAPSULE RIGIDE"" 20 CAPSULE IN BLISTER PVC/AL",,51693101,M01AH01,2026-09-16,,shortage - end date unknown,Elevata richiesta/problemi produttivi,Per trattamento alternativo si consiglia di rivolgersi allo specialista o al M.M.G,2026-10-01T10:44:52.172821,
IT,Italy,AIFA,CELSIOR,ACIDO L-GLUTAMMICO + ACIDO LATTOBIONICO + CALCIO CLORURO DIIDRATO + GLUTATIONE + ISTIDINA + MAGNESIO CLORURO ESAIDRATO + MANNITOLO + POTASSIO CLORURO + SODIO IDROSSIDO,"""SOLUZIONE PER CONSERVAZIONE DI ORGANI"" SCATOLA DI CARTONE CONTENENTE 4 SACCHE CONTENENTI CIASCUNA 1 LITRO DI SOLUZIONE",,40594018,,2023-06-14,,shortage - end date unknown,Elevata richiesta: distribuzione contingentata,"Si rilascia autorizzazione allimportazione alle strutture sanitarie per analogo autorizzato allestero, nel caso in cui le strutture interessate riscontrino discontinuità nella fornitura, a livello delle reti distributive cui hanno accesso",2026-10-01T10:44:52.172839,
IT,Italy,AIFA,CETIRIZINA AUROBINDO ITALIA,CETIRIZINA DICLORIDRATO,""" 10 MG/ML GOCCE ORALI, SOLUZIONE "" FLACONE DA 20 ML",,38054021,R06AE07,2026-10-07,,shortage - end date unknown,Elevata richiesta,Per trattamento alternativo si consiglia di rivolgersi allo specialista o al M.M.G,2026-10-01T10:44:52.172858,
IT,Italy,AIFA,CETIRIZINA PENSA,CETIRIZINA DICLORIDRATO,""" 10 MG COMPRESSE "" 20 COMPRESSE DIVISIBILI",,37827019,R06AE07,2026-07-01,2026-09-30,resolved,Elevata richiesta,Per trattamento alternativo si consiglia di rivolgersi allo specialista o al M.M.G,2026-10-01T10:44:52.172881,26298
IT,Italy,AIFA,CETIRIZINA ZENTIVA,CETIRIZINA DICLORIDRATO,"""10 MG COMPRESSE RIVESTITE CON FILM"" 20 COMPRESSE IN BLISTER PVC/PVDC-AL",,37300047,R06AE07,2026-08-14,,shortage - end date unknown,Elevata richiesta,Per trattamento alternativo si consiglia di rivolgersi allo specialista o al M.M.G,2026-10-01T10:44:52.172899,26298
IT,Italy,AIFA,CETRIFARM,CETRIMIDE + CLOREXIDINA GLUCONATO,""" 0,015 % + 0,15 % SOLUZIONE CUTANEA "" BUSTA DA 25 ML",,37846019,D08AC52,2025-12-22,2026-10-01,shortage,Elevata richiesta/problemi produttivi: distribuzione contingentata,"Si rilascia autorizzazione allimportazione alle strutture sanitarie per analogo autorizzato allestero, nel caso in cui le strutture interessate riscontrino discontinuità nella fornitura, a livello delle reti distributive cui hanno accesso",2026-10-01T10:44:52.172922,
IT,Italy,AIFA,CEXIDAL,CIPROFLOXACINA + FLUOCINOLONE ACETONIDE,""" 3 MG/ML + 0,25 MG/ML  GOCCE AURICOLARI, SOLUZIONE "" FLACONE DA 10 ML",,37231053,S02CA05,2027-01-15,2027-03-09,shortage,Problemi produttivi,Per trattamento alternativo si consiglia di rivolgersi allo specialista o al M.M.G,2026-10-01T10:44:52.172946,
IT,Italy,AIFA,CEZIBOE,CETRORELIX,"""0,25 MG SOLUZIONE INIETTABILE IN SIRINGA PRERIEMPITA"" 1 SIRINGA PRERIEMPITA IN VETRO DA 1 ML CON TAMPONE IMBEVUTO DI ALCOOL",,48333013,H01CC02,2025-05-20,,shortage - end date unknown,Problemi produttivi,Per trattamento alternativo si consiglia di rivolgersi allo specialista o al M.M.G,2026-10-01T10:44:52.172968,52795
IT,Italy,AIFA,CHENPEN,EPINEFRINA,"""500 MICROGRAMMI/0,3 ML SOLUZIONE INIETTABILE IN SIRINGA PRERIEMPITA"" 1 SIRINGA PRERIEMPITA IN VETRO DA 0,3 ML",,40864050,C01CA24,2023-09-27,2026-12-31,shortage,Cessata commercializzazione temporanea,Si rilascia autorizzazione allimportazione alle strutture sanitarie per analogo autorizzato allestero,2026-10-01T10:44:52.172992,
IT,Italy,AIFA,CHIARO,TICLOPIDINA CLORIDRATO,""" 250 MG COMPRESSE RIVESTITE "" 30 COMPRESSE",,35319019,B01AC05,2026-04-01,,shortage - end date unknown,Cessata commercializzazione definitiva,Per trattamento alternativo si consiglia di rivolgersi allo specialista o al M.M.G,2026-10-01T10:44:52.173013,
IT,Italy,AIFA,CHININA CLORIDRATO S.A.L.F.,CHININA CLORIDRATO,"""500 MG/2 ML CONCENTRATO PER SOLUZIONE PER INFUSIONE"" 10 FIALE DA 2 ML",,30659015,P01BC01,2026-09-15,,shortage - end date unknown,Cessata commercializzazione definitiva,Si rilascia autorizzazione allimportazione alle strutture sanitarie per analogo autorizzato allestero,2026-10-01T10:44:52.173031,
IT,Italy,AIFA,CHLORAPREP,ALCOOL ISOPROPILICO                                                                                        + CLOREXIDINA GLUCONATO,"""2% W/V / 70% V/V SOLUZIONE CUTANEA"" 60 APPLICATORI DA 1 ML",,40409144,D08AC52,2026-05-24,2026-10-30,shortage,Problemi produttivi (carenza relativa solo al canale ospedaliero),Si rilascia autorizzazione allimportazione alle strutture sanitarie per analogo autorizzato allestero,2026-10-01T10:44:52.173054,
IT,Italy,AIFA,CILODEX,DESAMETASONE,"""3 MG/ML + 1 MG/ML GOCCE AURICOLARI, SOSPENSIONE"" 1 FLACONE LDPE DA 5 ML",,41182015,S02CA06,2027-01-25,2027-03-09,shortage,Problemi produttivi,Per trattamento alternativo si consiglia di rivolgersi allo specialista o al M.M.G,2026-10-01T10:44:52.173078,
IT,Italy,AIFA,CILOSTAZOLO SANDOZ,CILOSTAZOLO,"""100 MG COMPRESSE"" 28 COMPRESSE IN BLISTER PVC/AL",,42365039,B01AC23,2026-09-14,,shortage - end date unknown,problemi produttivi: carenza sul canale retail; sul canale ospedaliero si garantiscono le forniture a seguito di gare aggiudicate,Per trattamento alternativo si consiglia di rivolgersi allo specialista o al M.M.G,2026-10-01T10:44:52.173097,
IT,Italy,AIFA,CINACALCET AUROBINDO,CINACALCET,"""30 MG COMPRESSE RIVESTITE CON FILM"" 28 COMPRESSE IN BLISTER PVC/PVDC-AL",,46947026,H05BX01,2026-10-02,,shortage - end date unknown,Elevata richiesta/problemi produttivi,Per trattamento alternativo si consiglia di rivolgersi allo specialista o al M.M.G,2026-10-01T10:44:52.173115,77100
IT,Italy,AIFA,CINACALCET DOC,CINACALCET CLORIDRATO,"""90 MG COMPRESSE RIVESTITE CON FILM"" 28 COMPRESSE IN BLISTER PVC/PE/PVDC-AL",,46894034,H05BX01,2026-08-31,,shortage - end date unknown,Cessata commercializzazione definitiva,Per trattamento alternativo si consiglia di rivolgersi allo specialista o al M.M.G,2026-10-01T10:44:52.173134,77127
IT,Italy,AIFA,CINACALCET DOC,CINACALCET CLORIDRATO,"""60 MG COMPRESSE RIVESTITE CON FILM"" 28 COMPRESSE IN BLISTER PVC/PE/PVDC-AL",,46894022,H05BX01,2026-06-30,,shortage - end date unknown,Cessata commercializzazione definitiva,Per trattamento alternativo si consiglia di rivolgersi allo specialista o al M.M.G,2026-10-01T10:44:52.173152,77119
IT,Italy,AIFA,CINACALCET VIATRIS,CINACALCET,30 MG - COMPRESSA RIVESTITA CON FILM - USO ORALE  - BLISTER (AL/PVDC//PVC) - 28  COMPRESSE,,44554018,H05BX01,2026-10-20,,shortage - end date unknown,Problemi produttivi,Per trattamento alternativo si consiglia di rivolgersi allo specialista o al M.M.G,2026-10-01T10:44:52.173171,77100
IT,Italy,AIFA,CINACALCET VIATRIS,CINACALCET,60 MG - COMPRESSA RIVESTITA CON FILM - USO ORALE  - BLISTER (AL/PVDC//PVC) - 28   COMPRESSE,,44554057,H05BX01,2026-09-05,,shortage - end date unknown,Problemi produttivi,Per trattamento alternativo si consiglia di rivolgersi allo specialista o al M.M.G,2026-10-01T10:44:52.173189,77119
IT,Italy,AIFA,CIPROFLOXACINA ACCORD,CIPROFLOXACINA,"""500 MG COMPRESSE RIVESTITE CON FILM"" 6 COMPRESSE IN BLISTER PVC/ALU",,41019237,J01MA02,2026-04-24,,shortage - end date unknown,Elevata richiesta,Per trattamento alternativo si consiglia di rivolgersi allo specialista o al M.M.G,2026-10-01T10:44:52.173207,138932
IT,Italy,AIFA,CIPROFLOXACINA BIOINDUSTRIA L.I.M.,CIPROFLOXACINA LATTATO,""" 200 MG/ 100 ML  SOLUZIONE PER INFUSIONE "" 25 FLACONI DA 100 ML",,38279030,J01MA02,2026-05-25,2026-12-31,shortage,Problemi produttivi,"Si rilascia autorizzazione allimportazione alle strutture sanitarie per analogo autorizzato allestero, nel caso in cui le strutture interessate riscontrino discontinuità nella fornitura, a livello delle reti distributive cui hanno accesso",2026-10-01T10:44:52.173230,138207
IT,Italy,AIFA,CIPROFLOXACINA GALENICA SENESE,ACIDO CLORIDRICO                                                                                           + ACIDO LATTICO + ACQUA PER PREPARAZIONI INIETTABILI + CIPROFLOXACINA + SODIO CLORURO,""" 200 MG/100 ML SOLUZIONE PER INFUSIONE"" 10 SACCHE DA 100 ML",,40034035,J01MA02,2026-07-27,,shortage - end date unknown,Cessata commercializzazione temporanea,Per trattamento alternativo si consiglia di rivolgersi allo specialista o al M.M.G,2026-10-01T10:44:52.173249,138991
IT,Italy,AIFA,CIPROFLOXACINA KABI,CIPROFLOXACINA,"""200 MG/100 ML SOLUZIONE PER INFUSIONE "" 10 FLACONI IN PE DA 100 ML",,37406257,J01MA02,2026-06-25,,shortage - end date unknown,Problemi produttivi: distribuzione contingentata,"Si rilascia autorizzazione allimportazione alle strutture sanitarie per analogo autorizzato allestero, nel caso in cui le strutture interessate riscontrino discontinuità nella fornitura, a livello delle reti distributive cui hanno accesso",2026-10-01T10:44:52.173267,138207
IT,Italy,AIFA,CIPROFLOXACINA KABI,CIPROFLOXACINA,"""400 MG/200 ML SOLUZIONE PER INFUSIONE "" 10 FLACONI IN PE DA 200 ML",,37406307,J01MA02,2026-06-12,,shortage - end date unknown,Problemi produttivi,Per trattamento alternativo si consiglia di rivolgersi allo specialista o al M.M.G,2026-10-01T10:44:52.173285,138215
IT,Italy,AIFA,CIPROFLOXACINA MYLAN GENERICS,CIPROFLOXACINA CLORIDRATO MONOIDRATO,"""500 MG COMPRESSE RIVESTITE CON FILM"" 6 COMPRESSE IN BLISTER PVDC/PVC/AL",,37219247,J01MA02,2026-09-14,,shortage - end date unknown,Problemi produttivi,Per trattamento alternativo si consiglia di rivolgersi allo specialista o al M.M.G,2026-10-01T10:44:52.173304,138932
IT,Italy,AIFA,CIPROFLOXACINA SANDOZ,CIPROFLOXACINA CLORIDRATO MONOIDRATO,"""500 MG COMPRESSE RIVESTITE CON FILM"" 6 COMPRESSE IN BLISTER PVC/AL",,37464587,J01MA02,2026-11-16,,shortage - end date unknown,Problemi produttivi (carenza relativa solo al canale retail),Per trattamento alternativo si consiglia di rivolgersi allo specialista o al M.M.G,2026-10-01T10:44:52.173324,138932
IT,Italy,AIFA,CIQORIN,CICLOSPORINA,"""100 MG CAPSULE MOLLI"" 30X1 CAPSULE IN BLISTER OPA/AL/PVC-AL",,42787299,L04AD01,2026-09-28,2027-01-30,shortage,Problemi produttivi: forniture discontinue,"Si rilascia autorizzazione allimportazione alle strutture sanitarie per analogo autorizzato allestero, nel caso in cui le strutture interessate riscontrino discontinuità nella fornitura, a livello delle reti distributive cui hanno accesso",2026-10-01T10:44:52.173347,96253
IT,Italy,AIFA,CISATRACURIO MYLAN PHARMA,CISATRACURIO BESILATO,"""2 MG/ML SOLUZIONE INIETTABILE PER INFUSIONE"" 5 FIALE IN VETRO DA 10 ML",,42697060,M03AC11,2026-11-15,,shortage - end date unknown,Problemi produttivi,Per trattamento alternativo si consiglia di rivolgersi allo specialista o al M.M.G,2026-10-01T10:44:52.173366,43729
IT,Italy,AIFA,CISPLATINO SANDOZ,CISPLATINO,"""0,5 MG/ML CONCENTRATO PER SOLUZIONE PER INFUSIONE"" 1 FLACONCINO DA 50 ML",,33346026,L01XA01,2026-02-28,,shortage - end date unknown,Cessata commercializzazione definitiva,Si rilascia autorizzazione allimportazione alle strutture sanitarie per analogo autorizzato allestero,2026-10-01T10:44:52.173384,
IT,Italy,AIFA,CISPLATINO SANDOZ,CISPLATINO,"""0,5 MG/ML CONCENTRATO PER SOLUZIONE PER INFUSIONE"" 1 FLACONCINO DA 20 ML",,33346014,L01XA01,2026-06-30,,shortage - end date unknown,Cessata commercializzazione definitiva,Per trattamento alternativo si consiglia di rivolgersi allo specialista o al M.M.G,2026-10-01T10:44:52.173403,
IT,Italy,AIFA,CITALOPRAM MYLAN GENERICS,CITALOPRAM,28 COMPRESSE RIVESTITE CON FILM IN BLISTER PVC/PVCD DA 20 MG,,36046047,N06AB04,2025-11-20,,shortage - end date unknown,Problemi produttivi,Per trattamento alternativo si consiglia di rivolgersi allo specialista o al M.M.G,2026-10-01T10:44:52.173421,44083
IT,Italy,AIFA,CITALOPRAM MYLAN GENERICS,CITALOPRAM,""" 40 MG COMPRESSE RIVESTITE CON FILM"" 14 COMPRESSE IN BLISTER PVC/PVDC/AL",,36046302,N06AB04,2026-08-25,,shortage - end date unknown,Problemi produttivi,Per trattamento alternativo si consiglia di rivolgersi allo specialista o al M.M.G,2026-10-01T10:44:52.173452,44091
IT,Italy,AIFA,CITALOPRAM SUN,CITALOPRAM,"""20 MG COMPRESSE RIVESTITE CON FILM"" 28 COMPRESSE IN BLISTER PVC/PVDC",,37111147,N06AB04,2023-10-19,,shortage - end date unknown,Elevata richiesta/problemi produttivi: forniture discontinue,Per trattamento alternativo si consiglia di rivolgersi allo specialista o al M.M.G,2026-10-01T10:44:52.173477,44083
IT,Italy,AIFA,CITALOPRAM SUN,CITALOPRAM,"""40 MG COMPRESSE RIVESTITE CON FILM"" 14 COMPRESSE IN BLISTER PVC/PVDC",,37111224,N06AB04,2025-05-20,,shortage - end date unknown,Problemi produttivi,Per trattamento alternativo si consiglia di rivolgersi allo specialista o al M.M.G,2026-10-01T10:44:52.173501,44091
IT,Italy,AIFA,CITALOPRAM ZENTIVA,CITALOPRAM CLORIDRATO,""" 40 MG/ML GOCCE ORALI, SOLUZIONE "" FLACONE 15 ML",,36254011,N06AB04,2023-06-01,,shortage - end date unknown,Elevata richiesta,Per trattamento alternativo si consiglia di rivolgersi allo specialista o al M.M.G,2026-10-01T10:44:52.173527,52485
IT,Italy,AIFA,CITALOPRAM ZENTIVA ITALIA,CITALOPRAM BROMIDRATO,""" 20 MG COMPRESSE RIVESTITE CON FILM "" 28 COMPRESSE DIVISIBILI",,36656015,N06AB04,2023-01-31,,shortage - end date unknown,Problemi produttivi,Per trattamento alternativo si consiglia di rivolgersi allo specialista o al M.M.G,2026-10-01T10:44:52.173552,44083
IT,Italy,AIFA,CITARABINA ACCORD,CITARABINA,"""100 MG/ML SOLUZIONE INIETTABILE O PER INFUSIONE"" 5 FLACONCINI IN VETRO DA 5 ML",,42356042,L01BC01,2026-10-01,,shortage - end date unknown,Motivi commerciali,Per trattamento alternativo si consiglia di rivolgersi allo specialista o al M.M.G,2026-10-01T10:44:52.173577,104477
IT,Italy,AIFA,CITARABINA ACCORD,CITARABINA,"""100 MG/ML SOLUZIONE INIETTABILE O PER INFUSIONE"" 5 FLACONCINI IN VETRO DA 1 ML",,42356028,L01BC01,2026-10-01,,shortage - end date unknown,Motivi commerciali,Per trattamento alternativo si consiglia di rivolgersi allo specialista o al M.M.G,2026-10-01T10:44:52.173602,104469
IT,Italy,AIFA,CITOFOLIN,CALCIO FOLINATO,"""15 MG COMPRESSE"" 10 COMPRESSE",,24632085,V03AF03,2026-07-15,,shortage - end date unknown,Problemi produttivi,Per trattamento alternativo si consiglia di rivolgersi allo specialista o al M.M.G,2026-10-01T10:44:52.173622,65587
IT,Italy,AIFA,CLARITROMICINA  ZENTIVA,CLARITROMICINA,""" 500 MG COMPRESSE RIVESTITE CON FILM "" 14 COMPRESSE IN BLISTER",,39820030,J01FA09,2022-03-21,,shortage - end date unknown,Problemi produttivi: forniture discontinue,Per trattamento alternativo si consiglia di rivolgersi allo specialista o al M.M.G,2026-10-01T10:44:52.173641,39977
IT,Italy,AIFA,CLARITROMICINA ALMUS,CLARITROMICINA,""" 500 MG COMPRESSE RIVESTITE CON FILM "" 14 COMPRESSE IN BLISTER",,39688039,J01FA09,2026-04-24,2027-12-31,shortage,Problemi produttivi,Per trattamento alternativo si consiglia di rivolgersi allo specialista o al M.M.G,2026-10-01T10:44:52.173663,39977
IT,Italy,AIFA,CLARITROMICINA HEXAL,CLARITROMICINA,"""500 MG COMPRESSE RIVESTITE CON FILM"" 14 COMPRESSE IN BLISTER PVC/AL",,37833151,J01FA09,2026-11-01,,shortage - end date unknown,Cessata commercializzazione definitiva,Per trattamento alternativo si consiglia di rivolgersi allo specialista o al M.M.G,2026-10-01T10:44:52.173682,39977
IT,Italy,AIFA,CLARITROMICINA MYLAN GENERICS,CLARITROMICINA,"""500 MG COMPRESSE RIVESTITE CON FILM"" 14 COMPRESSE IN BLISTER PVDC/PVC/AL",,37516438,J01FA09,2023-07-12,,shortage - end date unknown,Problemi produttivi,Per trattamento alternativo si consiglia di rivolgersi allo specialista o al M.M.G,2026-10-01T10:44:52.173700,39977
IT,Italy,AIFA,CLARITROMICINA SUN PHARMA,CLARITROMICINA,"""250 MG COMPRESSE RIVESTITE CON FILM"" 12 COMPRESSE IN BLISTER PVC/PVDC/AL",,37586043,J01FA09,2023-04-10,,shortage - end date unknown,Elevata richiesta/problemi produttivi,Per trattamento alternativo si consiglia di rivolgersi allo specialista o al M.M.G,2026-10-01T10:44:52.173719,32204
IT,Italy,AIFA,CLARITROMICINA SUN PHARMA,CLARITROMICINA,"""500 MG COMPRESSE RIVESTITE CON FILM"" 14 COMPRESSE IN BLISTER PVC/PVDC/AL",,37586144,J01FA09,2022-03-15,,shortage - end date unknown,Problemi produttivi: forniture discontinue,Per trattamento alternativo si consiglia di rivolgersi allo specialista o al M.M.G,2026-10-01T10:44:52.173737,39977
IT,Italy,AIFA,CLARITROMICINA TEVA,CLARITROMICINA,"""250 MG COMPRESSE RIVESTITE CON FILM"" 12 COMPRESSE IN BLISTER PVC/PVDC/AL",,37559085,J01FA09,2024-08-27,,shortage - end date unknown,Problemi produttivi,Per trattamento alternativo si consiglia di rivolgersi allo specialista o al M.M.G,2026-10-01T10:44:52.173755,32204
IT,Italy,AIFA,CLARITROMICINA TEVA,CLARITROMICINA,"""500 MG COMPRESSE RIVESTITE CON FILM"" 14 COMPRESSE IN BLISTER PVC/PVDC/AL",,37559212,J01FA09,2024-08-27,,shortage - end date unknown,"Elevata richiesta/problemi produttivi (carenza
 relativa solo al canale ospedaliero)",Per trattamento alternativo si consiglia di rivolgersi allo specialista o al M.M.G,2026-10-01T10:44:52.173773,39977
IT,Italy,AIFA,CLEOCIN,CLINDAMICINA FOSFATO,«100 MG OVULO VAGINALE» 3 OVULI VAGINALI,,28535033,G01AA10,2026-08-03,2026-10-29,shortage,Problemi produttivi,Per trattamento alternativo si consiglia di rivolgersi allo specialista o al M.M.G,2026-10-01T10:44:52.173796,72931
IT,Italy,AIFA,CLIDIX,ACIDO CLODRONICO SALE DISODICO TETRAIDRATO + LIDOCAINA CLORIDRATO,"""100 MG/3,3 ML SOLUZIONE INIETTABILE PER USO INTRAMUSCOLARE CON LIDOCAINA 1%"" 6 FIALE IN VETRO",,44629018,M05BA02,2026-09-30,,shortage - end date unknown,Cessata commercializzazione definitiva,Per trattamento alternativo si consiglia di rivolgersi allo specialista o al M.M.G,2026-10-01T10:44:52.173815,46000
IT,Italy,AIFA,CLISMA LAX,SODIO FOSFATO DIBASICO + SODIO FOSFATO MONOBASICO,""" SOLUZIONE RETTALE "" 20 FLACONI DA 133 ML",,24995058,A06AG01,2026-04-16,2026-09-30,resolved,Problemi produttivi,Per trattamento alternativo si consiglia di rivolgersi allo specialista o al M.M.G,2026-10-01T10:44:52.173837,227773
IT,Italy,AIFA,CLOBET,CLOBETASONE BUTIRRATO,"""0,1% COLLIRIO, SOSPENSIONE"" 1 FLACONE DA 5 ML",,28591016,S01BA09,2023-10-30,,shortage - end date unknown,Problemi produttivi,Per trattamento alternativo si consiglia di rivolgersi allo specialista o al M.M.G,2026-10-01T10:44:52.173856,
IT,Italy,AIFA,CLODRON,DISODIO CLODRONATO + LIDOCAINA CLORIDRATO MONOIDRATO,"""300 MG/10 ML CONCENTRATO PER SOLUZIONE PER INFUSIONE"" 6 FIALE",,34721035,M05BA02,2026-04-30,,shortage - end date unknown,Cessata commercializzazione temporanea,Per trattamento alternativo si consiglia di rivolgersi allo specialista o al M.M.G,2026-10-01T10:44:52.173875,46000
IT,Italy,AIFA,CLOEL,CLOPERASTINA FENDIZOATO,"""708/100 ML SOSPENSIONE ORALE""1 FLACONE 200 ML",,27764012,R05DB21,2026-10-15,,shortage - end date unknown,Cessata commercializzazione temporanea,Per trattamento alternativo si consiglia di rivolgersi allo specialista o al M.M.G,2026-10-01T10:44:52.173893,
IT,Italy,AIFA,CLOPIDOGREL E ACIDO ACETILSALICILICO VIATRIS,ACIDO ACETILSALICILICO + CLOPIDOGREL,75 MG / 100 MG - COMPRESSA RIVESTITA CON FILM - USO ORALE - BLISTER (ALU/ALU) - 28 COMPRESSE,,48430060,B01AC30,2025-04-01,,shortage - end date unknown,Problemi produttivi,Per trattamento alternativo si consiglia di rivolgersi allo specialista o al M.M.G,2026-10-01T10:44:52.173912,
IT,Italy,AIFA,CLOPIDOGREL VIATRIS,CLOPIDOGREL,75 MG - COMPRESSA RIVESTITA CON FILM - USO ORALE - BLISTER (PVC/PE/PVDC/ALU) - 28 COMPRESSE,,49579030,B01AC04,2025-02-10,,shortage - end date unknown,Problemi produttivi (carenza relativa solo al canale retail),Per trattamento alternativo si consiglia di rivolgersi allo specialista o al M.M.G,2026-10-01T10:44:52.173933,124559
IT,Italy,AIFA,CLORAMFENICOLO FISIOPHARMA,CLORAMFENICOLO SUCCINATO SODICO,"""1 G/10 ML POLVERE E SOLVENTE PER SOLUZIONE INIETTABILE PER USO ENDOVENOSO"" 1 FLACONCINO POLVERE + 1 FIALA SOLVENTE DA 10 ML",,31414016,J01BA01,2023-03-28,,shortage - end date unknown,Problemi produttivi,Si rilascia autorizzazione allimportazione alle strutture sanitarie per analogo autorizzato allestero,2026-10-01T10:44:52.173952,
IT,Italy,AIFA,CLOX,TICLOPIDINA CLORIDRATO,"""250 MG COMPRESSE"" 30 COMPRESSE",,29213016,B01AC05,2026-09-30,,shortage - end date unknown,Cessata commercializzazione definitiva,Per trattamento alternativo si consiglia di rivolgersi allo specialista o al M.M.G,2026-10-01T10:44:52.173970,
IT,Italy,AIFA,CLOZAPINA ACCORD,CLOZAPINA,"""100 MG COMPRESSE"" 28 COMPRESSE IN BLISTER AL-PVC/PVDC",,43807130,N05AH02,2022-04-20,,shortage - end date unknown,Problemi produttivi,Per trattamento alternativo si consiglia di rivolgersi allo specialista o al M.M.G,2026-10-01T10:44:52.173988,25437
IT,Italy,AIFA,CLOZAPINA ACCORD,CLOZAPINA,"""25 MG COMPRESSE"" 28 COMPRESSE IN BLISTER AL-PVC/PVDC",,43807039,N05AH02,2025-01-29,,shortage - end date unknown,Problemi produttivi,Per trattamento alternativo si consiglia di rivolgersi allo specialista o al M.M.G,2026-10-01T10:44:52.174006,25429
IT,Italy,AIFA,CLOZAPINA AUROBINDO,CLOZAPINA,"""25 MG COMPRESSE"" 28 COMPRESSE IN BLISTER PVC/AL",,46028015,N05AH02,2026-09-11,,shortage - end date unknown,Problemi produttivi,Per trattamento alternativo si consiglia di rivolgersi allo specialista o al M.M.G,2026-10-01T10:44:52.174025,25429
IT,Italy,AIFA,CLOZAPINA AUROBINDO,CLOZAPINA,"""100 MG COMPRESSE"" 28 COMPRESSE IN BLISTER PVC/AL",,46028027,N05AH02,2026-08-13,,shortage - end date unknown,Problemi produttivi,Per trattamento alternativo si consiglia di rivolgersi allo specialista o al M.M.G,2026-10-01T10:44:52.174043,25437
IT,Italy,AIFA,CLOZAPINA DOC GENERICI,CLOZAPINA,"""25 MG COMPRESSE"" 28 COMPRESSE IN BLISTER AL/PVC/PVDC",,44326015,N05AH02,2024-07-31,,shortage - end date unknown,Problemi produttivi,Per trattamento alternativo si consiglia di rivolgersi allo specialista o al M.M.G,2026-10-01T10:44:52.174061,25429
IT,Italy,AIFA,CLOZAPINA DOC GENERICI,CLOZAPINA,"""100 MG COMPRESSE"" 28 COMPRESSE IN BLISTER AL/PVC/PVDC",,44326027,N05AH02,2025-03-07,,shortage - end date unknown,Problemi produttivi,Per trattamento alternativo si consiglia di rivolgersi allo specialista o al M.M.G,2026-10-01T10:44:52.174079,25437
IT,Italy,AIFA,CLOZAPINA TEVA,CLOZAPINA,"""25 MG COMPRESSE"" 28 COMPRESSE IN BLISTER AL/PVC/PVDC",,44349037,N05AH02,2024-07-08,,shortage - end date unknown,Problemi regolatori,Per trattamento alternativo si consiglia di rivolgersi allo specialista o al M.M.G,2026-10-01T10:44:52.174097,25429
IT,Italy,AIFA,COAGADEX,FATTORE X DI COAGULAZIONE DEL SANGUE,"100 UI/ML - POLVERE E SOLVENTE PER SOLUZIONE INIETTABILE - USO ENDOVENOSO - POLVERE: FLACONCINO (VETRO) 250 UI; SOLVENTE: FLACONCINO (VETRO)  2,5 ML - 1 FLACONCINO + 1 FLACONCINO + DISPOSITIVO DI TRASFERIMENTO",,44840015,B02BD13,2025-07-22,,shortage - end date unknown,Cessata commercializzazione temporanea,Si rilascia autorizzazione allimportazione alle strutture sanitarie per analogo autorizzato allestero,2026-10-01T10:44:52.174115,
IT,Italy,AIFA,COLBIOCIN,CLORAMFENICOLO + COLISTIMETATO SODICO + TETRACICLINA,"""4 MG/ML / 180.000 U.I./ML / 4,2 MG/ML COLLIRIO, POLVERE E SOLVENTE PER SOLUZIONE"" 1 FLACONE SOLVENTE LDPE DA 5 ML + 1 FLACONE POLVERE IN VETRO",,20605073,S01AA30,2024-11-05,,shortage - end date unknown,Problemi produttivi,Per trattamento alternativo si consiglia di rivolgersi allo specialista o al M.M.G,2026-10-01T10:44:52.174139,
IT,Italy,AIFA,COLCAD,COLECALCIFEROLO,"«10.000 U.I./ML GOCCE ORALI,  SOLUZIONE»  1  FLACONE  10  ML",,46454017,A11CC05,2026-03-31,,shortage - end date unknown,Cessata commercializzazione temporanea,Per trattamento alternativo si consiglia di rivolgersi allo specialista o al M.M.G,2026-10-01T10:44:52.174157,211249
IT,Italy,AIFA,COLECALCIFEROLO EG STADA ITALIA,COLECALCIFEROLO,"""10.000 I.U. CAPSULE MOLLI"" 10 CAPSULE IN BLISTER PVC/PVDC/AL",,46178048,A11CC05,2026-09-02,,shortage - end date unknown,Motivi commerciali,Per trattamento alternativo si consiglia di rivolgersi allo specialista o al M.M.G,2026-10-01T10:44:52.174175,
IT,Italy,AIFA,COLECALCIFEROLO MYLAN ITALIA,COLECALCIFEROLO,"""25000 UI CAPSULE MOLLI"" 4 CAPSULE IN BLISTER AL/PVC/PVDC",,50181078,A11CC05,2026-04-10,,shortage - end date unknown,Elevata richiesta,Per trattamento alternativo si consiglia di rivolgersi allo specialista o al M.M.G,2026-10-01T10:44:52.174194,140244
IT,Italy,AIFA,COLECALCIFEROLO TEVA B.V.,COLECALCIFEROLO,25000 UI CAPSULE MOLLI 2 CAPSULE IN BLISTER PVC/PVDC/AL,,50843022,A11CC05,2026-09-21,2026-12-31,shortage,Problemi produttivi,Per trattamento alternativo si consiglia di rivolgersi allo specialista o al M.M.G,2026-10-01T10:44:52.174217,140244
IT,Italy,AIFA,COLECALCIFEROLO ZENTIVA,COLECALCIFEROLO,"«25.000 U.I. SOLUZIONE ORALE IN CONTENITORE MONODOSE» 2 FLACONI IN VETRO DA 2,5 ML",,46470035,A11CC05,2022-10-17,,shortage - end date unknown,Problemi produttivi: forniture discontinue,Per trattamento alternativo si consiglia di rivolgersi allo specialista o al M.M.G,2026-10-01T10:44:52.174235,211249
IT,Italy,AIFA,COLECALCIFEROLO ZENTIVA ITALIA,COLECALCIFEROLO,"""10000 UI CAPSULE MOLLI"" 10 CAPSULE IN BLISTER AL/PVC/PVDC",,50180049,A11CC05,2025-11-30,,shortage - end date unknown,Problemi produttivi,Per trattamento alternativo si consiglia di rivolgersi allo specialista o al M.M.G,2026-10-01T10:44:52.174254,
IT,Italy,AIFA,COLECALCIFEROLO ZENTIVA ITALIA,COLECALCIFEROLO,"""25000 UI CAPSULE MOLLI"" 4 CAPSULE IN BLISTER AL/PVC/PVDC",,50180076,A11CC05,2026-07-09,,shortage - end date unknown,Problemi produttivi,Per trattamento alternativo si consiglia di rivolgersi allo specialista o al M.M.G,2026-10-01T10:44:52.174272,140244
IT,Italy,AIFA,COLECALCIFEROLO ZENTIVA ITALIA,COLECALCIFEROLO,"""25000 UI CAPSULE MOLLI"" 2 CAPSULE IN BLISTER AL/PVC/PVDC",,50180064,A11CC05,2026-11-30,,shortage - end date unknown,Problemi produttivi,Per trattamento alternativo si consiglia di rivolgersi allo specialista o al M.M.G,2026-10-01T10:44:52.174290,140244
IT,Italy,AIFA,COLISTIMETATO ACCORD,COLISTIMETATO SODICO,"""1.000.000 U.I. POLVERE PER SOLUZIONE INIETTABILE/INFUSIONE"" 10 FLACONCINI IN VETRO",,45312016,J01XB01,2025-04-30,,shortage - end date unknown,Problemi produttivi,"Si rilascia autorizzazione allimportazione alle strutture sanitarie per analogo autorizzato allestero, nel caso in cui le strutture interessate riscontrino discontinuità nella fornitura, a livello delle reti distributive cui hanno accesso",2026-10-01T10:44:52.174308,102318
IT,Italy,AIFA,COLLIRIO ALFA OCCHIO SECCO,SODIO IALURONATO,"""0,4% COLLIRIO, SOLUZIONE"" 20 CONTENITORI MONODOSE DA 0,5 ML",,32040014,S01XA20,2026-09-25,,shortage - end date unknown,Cessata commercializzazione definitiva,Per trattamento alternativo si consiglia di rivolgersi allo specialista o al M.M.G,2026-10-01T10:44:52.174327,
IT,Italy,AIFA,COMBISTILL,DESAMETASONE,"""3 mg/ml + 1 mg/ml COLLIRIO, SOSPENSIONE"" FLACONE CONTAGOCCE IN LDPE 5 ML",,41033010,S01CA01,2026-10-05,2026-12-01,shortage,Elevata richiesta/problemi produttivi: forniture discontinue,Per trattamento alternativo si consiglia di rivolgersi allo specialista o al M.M.G,2026-10-01T10:44:52.174350,
IT,Italy,AIFA,CONFEROPORT,TACROLIMUS MONOIDRATO,"""3 MG CAPSULE RIGIDE A RILASCIO PROLUNGATO"" 30 CAPSULE IN BLISTER PVC/PVDC/AL DIVISIBILE PER DOSE UNITARIA",,47885090,L04AD02,2025-11-03,,shortage - end date unknown,Problemi produttivi,Per trattamento alternativo si consiglia di rivolgersi allo specialista o al M.M.G,2026-10-01T10:44:52.174369,96164
IT,Italy,AIFA,CONFEROPORT,TACROLIMUS MONOIDRATO,"""0,5 MG CAPSULE RIGIDE A RILASCIO PROLUNGATO"" 30 CAPSULE IN BLISTER PVC/PVDC/AL DIVISIBILE PER DOSE UNITARIA",,47885025,L04AD02,2026-09-10,,shortage - end date unknown,Problemi produttivi,Per trattamento alternativo si consiglia di rivolgersi allo specialista o al M.M.G,2026-10-01T10:44:52.174387,96148
IT,Italy,AIFA,CONFEROPORT,TACROLIMUS MONOIDRATO,"""2 MG CAPSULE RIGIDE A RILASCIO PROLUNGATO"" 30 CAPSULE IN BLISTER PVC/PVDC/AL DIVISIBILE PER DOSE UNITARIA",,47885076,L04AD02,2026-10-26,,shortage - end date unknown,Elevata richiesta,Per trattamento alternativo si consiglia di rivolgersi allo specialista o al M.M.G,2026-10-01T10:44:52.174405,200719
IT,Italy,AIFA,CONTRATHION,PRALIDOXIMA METILSOLFATO,"""200 MG/10 ML POLVERE E SOLVENTE PER SOLUZIONE PER INFUSIONE"" 1 FLACONCINO + 1 FIALA SOLVENTE 10 ML",,21091018,V03AB04,2024-03-14,,shortage - end date unknown,Problemi produttivi,Rilasciata determinazione per limportazione al titolare A.I.C.,2026-10-01T10:44:52.174424,
IT,Italy,AIFA,CONTRATHION,PRALIDOXIMA METILSOLFATO,""" 200 MG/ 10 ML POLVERE E SOLVENTE PER SOLUZIONE PER INFUSIONE"" 10 FLACONCINI DI POLVERE E 10 FIALE DI SOLVENTE",,21091020,V03AB04,2024-03-14,,shortage - end date unknown,Problemi produttivi,Rilasciata determinazione per limportazione al titolare A.I.C.,2026-10-01T10:44:52.174442,
IT,Italy,AIFA,CORVERT,IBUTILIDE,1 FLACONE 10 ML,,33298011,C01BD05,2026-08-31,,shortage - end date unknown,Cessata commercializzazione definitiva,Per trattamento alternativo si consiglia di rivolgersi allo specialista o al M.M.G,2026-10-01T10:44:52.174461,48054
IT,Italy,AIFA,CREON,PANCRELIPASI,"""10.000 U.PH.EUR. CAPSULE RIGIDE A RILASCIO MODIFICATO"" 100 CAPSULE",,29018064,A09AA02,2022-01-01,2026-12-31,shortage,Elevata richiesta/problemi produttivi: distribuzione contingentata,"Si rilascia autorizzazione allimportazione alle strutture sanitarie per analogo autorizzato allestero, nel caso in cui le strutture interessate riscontrino discontinuità nella fornitura, a livello delle reti distributive cui hanno accesso",2026-10-01T10:44:52.174484,100366
IT,Italy,AIFA,CREON,PANCRELIPASI,"""25.000 U.PH.EUR. CAPSULE RIGIDE A RILASCIO MODIFICATO"" 100 CAPSULE",,29018049,A09AA02,2026-09-20,,shortage - end date unknown,Elevata richiesta: distribuzione contingentata,"Si rilascia autorizzazione allimportazione alle strutture sanitarie per analogo autorizzato allestero, nel caso in cui le strutture interessate riscontrino discontinuità nella fornitura, a livello delle reti distributive cui hanno accesso",2026-10-01T10:44:52.174502,100331
IT,Italy,AIFA,CREONIPE,PANCRELIPASI,"""35000 CAPSULE RIGIDE GASTRORESISTENTI"" 100 CAPSULE IN FLACONE HDPE",,47002098,A09AA02,2023-09-15,2026-12-31,shortage,Problemi produttivi: distribuzione contingentata,"Si rilascia autorizzazione allimportazione alle strutture sanitarie per analogo autorizzato allestero, nel caso in cui le strutture interessate riscontrino discontinuità nella fornitura, a livello delle reti distributive cui hanno accesso",2026-10-01T10:44:52.174525,204056
IT,Italy,AIFA,CROTONIL,ACIDO CLODRONICO SALE DISODICO TETRAIDRATO + LIDOCAINA CLORIDRATO,"100 MG + 33 MG SOLUZIONE INIETTABILE CON LIDOCAINA 6 FIALE IN VETRO DA 3,3 ML",,45917010,M05BA02,2023-08-21,,shortage - end date unknown,Motivi commerciali,Per trattamento alternativo si consiglia di rivolgersi allo specialista o al M.M.G,2026-10-01T10:44:52.174544,46000
IT,Italy,AIFA,CUBICIN,DAPTOMICINA,350 MG POLVERE PER CONCENTRATO PER SOLUZIONE PER INFUSIONE INTRAVENOSA 10 ML (50 MG/ML) 1 FIALA,,37151014,J01XX09,2026-12-31,,shortage - end date unknown,Cessata commercializzazione definitiva,Per trattamento alternativo si consiglia di rivolgersi allo specialista o al M.M.G,2026-10-01T10:44:52.174579,90891
IT,Italy,AIFA,CUBICIN,DAPTOMICINA,500 MG POLVERE PER CONCENTRATO PER SOLUZIONE PER INFUSIONE USO INTRAVENOSO 10 ML 50 MG/ML 1 FIALA,,37151026,J01XX09,2026-12-31,,shortage - end date unknown,Cessata commercializzazione definitiva,Per trattamento alternativo si consiglia di rivolgersi allo specialista o al M.M.G,2026-10-01T10:44:52.174598,90883
IT,Italy,AIFA,CUROXIM,CEFUROXIMA SODICA,"""CUROXIM 500 MG POLVERE E SOLVENTE PER SOLUZIONE INIETTABILE 1 FLACONCINO POLVERE 500 MG + 1 FIALA SOLVENTE 2 ML",,23576022,J01DC02,2026-12-08,,shortage - end date unknown,Cessata commercializzazione temporanea,Per trattamento alternativo si consiglia di rivolgersi allo specialista o al M.M.G,2026-10-01T10:44:52.174617,
IT,Italy,AIFA,CUTAQUIG,IMMUNOGLOBULINA UMANA NORMALE,"""165 MG/ML SOLUZIONE INIETTABILE"" 1 FLACONCINO IN VETRO DA 24 ML",,45996055,J06BA01,2026-03-10,2026-12-31,shortage,Elevata richiesta: forniture discontinue,"Si rilascia autorizzazione allimportazione alle strutture sanitarie per analogo autorizzato allestero, nel caso in cui le strutture interessate riscontrino discontinuità nella fornitura, a livello delle reti distributive cui hanno accesso",2026-10-01T10:44:52.174640,199028
IT,Italy,AIFA,CUTAQUIG,IMMUNOGLOBULINA UMANA NORMALE,"""165 MG/ML SOLUZIONE INIETTABILE"" 1 FLACONCINO IN VETRO DA 12 ML",,45996030,J06BA01,2026-03-10,2026-12-31,shortage,Elevata richiesta: forniture discontinue,"Si rilascia autorizzazione allimportazione alle strutture sanitarie per analogo autorizzato allestero, nel caso in cui le strutture interessate riscontrino discontinuità nella fornitura, a livello delle reti distributive cui hanno accesso",2026-10-01T10:44:52.174663,199001
IT,Italy,AIFA,CUTAQUIG,IMMUNOGLOBULINA UMANA NORMALE,"""165 MG/ML SOLUZIONE INIETTABILE"" 1 FLACONCINO IN VETRO DA 48 ML",,45996067,J06BA01,2026-03-10,2026-12-31,shortage,Elevata richiesta: forniture discontinue,"Si rilascia autorizzazione allimportazione alle strutture sanitarie per analogo autorizzato allestero, nel caso in cui le strutture interessate riscontrino discontinuità nella fornitura, a livello delle reti distributive cui hanno accesso",2026-10-01T10:44:52.174690,199036
IT,Italy,AIFA,CUTAQUIG,IMMUNOGLOBULINA UMANA NORMALE,"""165 MG/ML SOLUZIONE INIETTABILE"" 1 FLACONCINO IN VETRO DA 6 ML",,45996016,J06BA01,2026-03-10,2026-12-31,shortage,Elevata richiesta: forniture discontinue,"Si rilascia autorizzazione allimportazione alle strutture sanitarie per analogo autorizzato allestero, nel caso in cui le strutture interessate riscontrino discontinuità nella fornitura, a livello delle reti distributive cui hanno accesso",2026-10-01T10:44:52.174721,199044
IT,Italy,AIFA,CUVITRU,IMMUNOGLOBULINA UMANA NORMALE,"""200 MG/ML SOLUZIONE PER INIEZIONE SOTTOCUTANEA"" 1 FLACONCINO IN VETRO DA 10 ML",,44244022,J06BA01,2020-04-15,,shortage - end date unknown,Cessata commercializzazione temporanea: disponibili solo confezioni prodotte da plasma in conto lavorazione,Si rilascia autorizzazione allimportazione alle strutture sanitarie per analogo autorizzato allestero,2026-10-01T10:44:52.174746,
IT,Italy,AIFA,CUVITRU,IMMUNOGLOBULINA UMANA NORMALE,"""200 MG/ML SOLUZIONE PER INIEZIONE SOTTOCUTANEA"" 1 FLACONCINO IN VETRO DA 40 ML",,44244046,J06BA01,2025-04-01,,shortage - end date unknown,"Ridotta disponibilità per forniture discontinue:
 distribuzione contingentata",Si rilascia autorizzazione allimportazione alle strutture sanitarie per analogo autorizzato allestero,2026-10-01T10:44:52.174764,139246
IT,Italy,AIFA,CUVITRU,IMMUNOGLOBULINA UMANA NORMALE,"""200 MG/ML SOLUZIONE PER INIEZIONE SOTTOCUTANEA"" 1 FLACONCINO IN VETRO DA 20 ML",,44244034,J06BA01,2025-04-01,,shortage - end date unknown,"Ridotta disponibilità per forniture discontinue:
 distribuzione contingentata",Si rilascia autorizzazione allimportazione alle strutture sanitarie per analogo autorizzato allestero,2026-10-01T10:44:52.174783,
IT,Italy,AIFA,CUVITRU,IMMUNOGLOBULINA UMANA NORMALE,"""200 MG/ML SOLUZIONE PER INIEZIONE SOTTOCUTANEA"" 1 FLACONCINO IN VETRO DA 5 ML",,44244010,J06BA01,2025-04-01,,shortage - end date unknown,"Ridotta disponibilità per forniture discontinue:
 distribuzione contingentata",Si rilascia autorizzazione allimportazione alle strutture sanitarie per analogo autorizzato allestero,2026-10-01T10:44:52.174801,
IT,Italy,AIFA,DABIGATRAN ETEXILATO ACCORD,DABIGATRAN ETEXILATO MESILATO,110 mg - Capsula rigida - Uso orale - blister (OPA/Alu/essiccante PEPET/Alu/PE) - 10 x 1 capsule (dose unitaria),,50696121,B01AE07,2026-07-22,,shortage - end date unknown,Elevata richiesta,Per trattamento alternativo si consiglia di rivolgersi allo specialista o al M.M.G,2026-10-01T10:44:52.174821,86991
IT,Italy,AIFA,DABIGATRAN ETEXILATO EG STADA,DABIGATRAN ETEXILATO MESILATO,"""110 MG CAPSULE RIGIDE"" 60 CAPSULE IN BLISTER AL/OPA/AL/PVC DIVISIBILE PER DOSE UNITARIA",,49099070,B01AE07,2026-09-24,,shortage - end date unknown,Problemi produttivi (carenza relativa solo al canale retail),Per trattamento alternativo si consiglia di rivolgersi allo specialista o al M.M.G,2026-10-01T10:44:52.174840,86991
IT,Italy,AIFA,DABIGATRAN ETEXILATO MEDICAL VALLEY,DABIGATRAN ETEXILATO,110 MG CAPSULE RIGIDE 60 CAPSULE IN BLISTER OPA/AL/PVC-AL,,51629309,B01AE07,2026-05-01,2026-10-31,shortage,"Elevata richiesta/problemi produttivi (carenza
 relativa solo al canale ospedaliero)",Rilasciata determinazione per limportazione al titolare A.I.C.,2026-10-01T10:44:52.174864,86991
IT,Italy,AIFA,DABIGATRAN ETEXILATO MEDICAL VALLEY,DABIGATRAN ETEXILATO,150 MG CAPSULE RIGIDE 60 CAPSULE IN BLISTER OPA/AL/PVC-AL,,51629451,B01AE07,2026-01-02,2026-10-31,shortage,"Elevata richiesta/problemi produttivi (carenza
 relativa solo al canale ospedaliero)",Rilasciata determinazione per limportazione al titolare A.I.C.,2026-10-01T10:44:52.174887,98361
IT,Italy,AIFA,DABIGATRAN ETEXILATO VIATRIS,DABIGATRAN ETEXILATO MESILATO,"""150 MG CAPSULE RIGIDE"" 60 CAPSULE IN BLISTER AL/OPA/AL/PVC",,50564196,B01AE07,2026-09-10,,shortage - end date unknown,Problemi produttivi,Per trattamento alternativo si consiglia di rivolgersi allo specialista o al M.M.G,2026-10-01T10:44:52.174906,98361
IT,Italy,AIFA,DABIGATRAN ETEXILATO VIATRIS,DABIGATRAN ETEXILATO MESILATO,"""110 MG CAPSULE RIGIDE"" 60 CAPSULE IN BLISTER AL/OPA/AL/PVC",,50564107,B01AE07,2026-11-20,,shortage - end date unknown,Problemi produttivi,Per trattamento alternativo si consiglia di rivolgersi allo specialista o al M.M.G,2026-10-01T10:44:52.174924,86991
IT,Italy,AIFA,DABIGATRAN ETEXILATO VIATRIS,DABIGATRAN ETEXILATO MESILATO,"""75 MG CAPSULE RIGIDE"" 30 CAPSULE IN BLISTER AL/OPA/AL/PVC",,50564020,B01AE07,2026-05-15,,shortage - end date unknown,Problemi produttivi,Per trattamento alternativo si consiglia di rivolgersi allo specialista o al M.M.G,2026-10-01T10:44:52.174942,86983
IT,Italy,AIFA,DAKTARIN,MICONAZOLO NITRATO,"""20 MG/G GEL ORALE"" TUBO 80 G",,24957060,A01AB09,2023-01-31,,shortage - end date unknown,Problemi produttivi,Per trattamento alternativo si consiglia di rivolgersi allo specialista o al M.M.G,2026-10-01T10:44:52.174963,
IT,Italy,AIFA,DAKTARIN,MICONAZOLO NITRATO,"""20 MG/G CREMA VAGINALE"" 1 TUBO DA 78 G CON 16 APPLICATORI MONOUSO",,24957247,G01AF04,2026-03-31,,shortage - end date unknown,Cessata commercializzazione temporanea,Per trattamento alternativo si consiglia di rivolgersi allo specialista o al M.M.G,2026-10-01T10:44:52.174982,
IT,Italy,AIFA,DALACIN C FOSFATO,CLINDAMICINA FOSFATO,"""600 MG/4 ML SOLUZIONE INIETTABILE"" 1 FIALA 4 ML",,23868021,J01FF01,2026-09-06,2026-11-30,shortage,Elevata richiesta,"Si rilascia autorizzazione allimportazione alle strutture sanitarie per analogo autorizzato allestero, nel caso in cui le strutture interessate riscontrino discontinuità nella fornitura, a livello delle reti distributive cui hanno accesso",2026-10-01T10:44:52.175005,72931
IT,Italy,AIFA,DALBAVANCINA ACCORD,DALBAVANCINA CLORIDRATO,"""500 MG POLVERE PER CONCENTRATO PER SOLUZIONE PER INFUSIONE"" 1 FLACONCINO IN VETRO",,50674011,J01XA04,2026-10-09,,shortage - end date unknown,Elevata richiesta,Si rilascia autorizzazione allimportazione alle strutture sanitarie per analogo autorizzato allestero,2026-10-01T10:44:52.175024,151580
IT,Italy,AIFA,DANTRIUM,DANTROLENE SODICO,"""20 MG POLVERE PER SOLUZIONE PER INFUSIONE"" 36 FLACONCINI",,24372082,M03CA01,2025-01-01,2027-12-31,shortage,Ridotta disponibilità: distribuzione contingentata,Per trattamento alternativo si consiglia di rivolgersi allo specialista o al M.M.G,2026-10-01T10:44:52.175047,29335
IT,Italy,AIFA,DAPTOMICINA DR. REDDY'S,DAPTOMICINA,"""350 MG POLVERE PER SOLUZIONE INIETTABILE O PER INFUSIONE"" 1 FLACONCINO IN VETRO",,44780017,J01XX09,2026-05-31,,shortage - end date unknown,Elevata richiesta,"Si rilascia autorizzazione allimportazione alle strutture sanitarie per analogo autorizzato allestero, nel caso in cui le strutture interessate riscontrino discontinuità nella fornitura, a livello delle reti distributive cui hanno accesso",2026-10-01T10:44:52.175066,90891
IT,Italy,AIFA,DARUNAVIR SANDOZ,DARUNAVIR,"""800 MG COMPRESSE RIVEST6ITE CON FILM"" 30 COMPRESSE IN FLACONE HDPE",,44715035,J05AE10,2026-06-30,,shortage - end date unknown,Cessata commercializzazione definitiva,Per trattamento alternativo si consiglia di rivolgersi allo specialista o al M.M.G,2026-10-01T10:44:52.175085,167398
IT,Italy,AIFA,DARZALEX,DARATUMUMAB,20 MG/ML - CONCENTRATO PER SOLUZIONE PER INFUSIONE - USO ENDOVENOSO - FLACONCINO (VETRO) - 20 ML - 1 FLACONCINO,,44885022,L01FC01,2027-06-30,,shortage - end date unknown,Cessata commercializzazione definitiva,Per trattamento alternativo si consiglia di rivolgersi allo specialista o al M.M.G,2026-10-01T10:44:52.175104,139408
IT,Italy,AIFA,DARZALEX,DARATUMUMAB,20 MG/ML - CONCENTRATO PER SOLUZIONE PER INFUSIONE - USO ENDOVENOSO - FLACONCINO (VETRO) - 5 ML - 1 FLACONCINO,,44885010,L01FC01,2027-06-30,,shortage - end date unknown,Cessata commercializzazione definitiva,Per trattamento alternativo si consiglia di rivolgersi allo specialista o al M.M.G,2026-10-01T10:44:52.175122,139416
IT,Italy,AIFA,DASATINIB ZENTIVA,DASATINIB,"""100 MG COMPRESSE RIVESTITE CON FILM"" 30 COMPRESSE IN BLISTER OPA/AL/PVC/AL",,48157073,L01EA02,2023-11-13,,shortage - end date unknown,Problemi produttivi: forniture discontinue,Per trattamento alternativo si consiglia di rivolgersi allo specialista o al M.M.G,2026-10-01T10:44:52.175141,88773
IT,Italy,AIFA,DEFERASIROX ABDI,DEFERASIROX,"""180 MG COMPRESSE RIVESTITE CON FILM"" 30 COMPRESSE IN BLISTER PVC/PE/PVDC/AL",,48730030,V03AC03,2025-10-29,2026-08-31,resolved,Elevata richiesta: distribuzione contingentata,"Si rilascia autorizzazione allimportazione alle strutture sanitarie per analogo autorizzato allestero, nel caso in cui le strutture interessate riscontrino discontinuità nella fornitura, a livello delle reti distributive cui hanno accesso",2026-10-01T10:44:52.175165,137197
IT,Italy,AIFA,DEFERASIROX ABDI,DEFERASIROX,"""90 MG COMPRESSE RIVESTITE CON FILM"" 30 COMPRESSE IN BLISTER PVC/PE/PVDC/AL",,48730016,V03AC03,2025-10-29,2026-08-31,resolved,Elevata richiesta: distribuzione contingentata,"Si rilascia autorizzazione allimportazione alle strutture sanitarie per analogo autorizzato allestero, nel caso in cui le strutture interessate riscontrino discontinuità nella fornitura, a livello delle reti distributive cui hanno accesso",2026-10-01T10:44:52.175188,137189
IT,Italy,AIFA,DEFERASIROX ABDI,DEFERASIROX,"""360 MG COMPRESSE RIVESTITE CON FILM"" 30 COMPRESSE IN BLISTER PVC/PE/PVDC/AL",,48730055,V03AC03,2025-10-29,2026-08-31,resolved,Elevata richiesta: distribuzione contingentata,"Si rilascia autorizzazione allimportazione alle strutture sanitarie per analogo autorizzato allestero, nel caso in cui le strutture interessate riscontrino discontinuità nella fornitura, a livello delle reti distributive cui hanno accesso",2026-10-01T10:44:52.175211,137200
IT,Italy,AIFA,DEFERASIROX ACCORD,DEFERASIROX,90 MG - COMPRESSA RIVESTITA CON FILM - USO ORALE - BLISTER (PVC/PE/PVDC/ALU) - 30 X 1 COMPRESSE (DOSE UNITARIA),,48432025,V03AC03,2025-08-14,,shortage - end date unknown,Problemi produttivi,Rilasciata determinazione per limportazione al titolare A.I.C.,2026-10-01T10:44:52.175230,137189
IT,Italy,AIFA,DEFERASIROX AUROBINDO,DEFERASIROX,"""180 MG COMPRESSE RIVESTITE CON FILM"" 30 COMPRESSE IN BLISTER PVC-AL",,49556107,V03AC03,2025-12-07,,shortage - end date unknown,Elevata richiesta/problemi produttivi,"Si rilascia autorizzazione allimportazione alle strutture sanitarie per analogo autorizzato allestero, nel caso in cui le strutture interessate riscontrino discontinuità nella fornitura, a livello delle reti distributive cui hanno accesso",2026-10-01T10:44:52.175249,137197
IT,Italy,AIFA,DEFERASIROX SUN,DEFERASIROX,360 MG COMPRESSE RIVESTITE CON FILM 30 COMPRESSE IN BLISTER PVC/PVDC/AL,,50861032,V03AC03,2025-07-02,,shortage - end date unknown,Problemi produttivi,"Si rilascia autorizzazione allimportazione alle strutture sanitarie per analogo autorizzato allestero, nel caso in cui le strutture interessate riscontrino discontinuità nella fornitura, a livello delle reti distributive cui hanno accesso",2026-10-01T10:44:52.175267,137200
IT,Italy,AIFA,DEFERASIROX ZENTIVA,DEFERASIROX,"""360 MG COMPRESSE RIVESTITE CON FILM"" 30 COMPRESSE IN BLISTER PVC/PVDC/AL",,47674054,V03AC03,2022-12-21,,shortage - end date unknown,Elevata richiesta: distribuzione contingentata,"Si rilascia autorizzazione allimportazione alle strutture sanitarie per analogo autorizzato allestero, nel caso in cui le strutture interessate riscontrino discontinuità nella fornitura, a livello delle reti distributive cui hanno accesso",2026-10-01T10:44:52.175286,137200
IT,Italy,AIFA,DEFERASIROX ZENTIVA,DEFERASIROX,"""180 MG COMPRESSE RIVESTITE CON FILM"" 30 COMPRESSE IN BLISTER PVC/PVDC/AL",,47674039,V03AC03,2026-06-05,,shortage - end date unknown,Problemi produttivi,"Si rilascia autorizzazione allimportazione alle strutture sanitarie per analogo autorizzato allestero, nel caso in cui le strutture interessate riscontrino discontinuità nella fornitura, a livello delle reti distributive cui hanno accesso",2026-10-01T10:44:52.175315,137197
IT,Italy,AIFA,DEFERASIROX ZENTIVA,DEFERASIROX,"""90 MG COMPRESSE RIVESTITE CON FILM"" 30 COMPRESSE IN BLISTER PVC/PVDC/AL",,47674015,V03AC03,2026-06-05,,shortage - end date unknown,Problemi produttivi,"Si rilascia autorizzazione allimportazione alle strutture sanitarie per analogo autorizzato allestero, nel caso in cui le strutture interessate riscontrino discontinuità nella fornitura, a livello delle reti distributive cui hanno accesso",2026-10-01T10:44:52.175339,137189
IT,Italy,AIFA,DEFLAZACORT EG,DEFLAZACORT,""" 6 MG COMPRESSE "" 10 COMPRESSE",,37431018,H02AB13,2026-06-30,,shortage - end date unknown,Elevata richiesta,Per trattamento alternativo si consiglia di rivolgersi allo specialista o al M.M.G,2026-10-01T10:44:52.175363,219282
IT,Italy,AIFA,DEFLAZACORT EG,DEFLAZACORT,""" 30 MG COMPRESSE "" 10 COMPRESSE",,37431020,H02AB13,2026-11-20,,shortage - end date unknown,Elevata richiesta,Per trattamento alternativo si consiglia di rivolgersi allo specialista o al M.M.G,2026-10-01T10:44:52.175387,219282
IT,Italy,AIFA,DELORAZEPAM HEXAL,DELORAZEPAM,""" 1 MG/ML GOCCE ORALI, SOLUZIONE "" FLACONE 20 ML",,36481012,N05BA06,2026-10-01,,shortage - end date unknown,Cessata commercializzazione definitiva,Per trattamento alternativo si consiglia di rivolgersi allo specialista o al M.M.G,2026-10-01T10:44:52.175412,
IT,Italy,AIFA,DELORAZEPAM PENSA,DELORAZEPAM,"""1 MG/ML GOCCE ORALI, SOLUZIONE""  FLACONE 20 ML",,36073043,N05BA06,2026-07-01,2026-12-31,shortage,Problemi produttivi,Per trattamento alternativo si consiglia di rivolgersi allo specialista o al M.M.G,2026-10-01T10:44:52.175442,
IT,Italy,AIFA,DELORAZEPAM PENSA,DELORAZEPAM,""" 2 MG COMPRESSE "" 20 COMPRESSE",,36073031,N05BA06,2026-09-15,2026-12-31,shortage,Elevata richiesta,Per trattamento alternativo si consiglia di rivolgersi allo specialista o al M.M.G,2026-10-01T10:44:52.175472,
IT,Italy,AIFA,DELORAZEPAM ZENTIVA,DELORAZEPAM,""" 1 MG/ML GOCCE ORALI, SOLUZIONE "" 1 FLACONE 20 ML",,35937046,N05BA06,2022-10-24,,shortage - end date unknown,Problemi produttivi,Per trattamento alternativo si consiglia di rivolgersi allo specialista o al M.M.G,2026-10-01T10:44:52.175497,
IT,Italy,AIFA,DELORAZEPAM ZENTIVA,DELORAZEPAM,"""2 MG COMPRESSE"" 20 COMPRESSE DIVISIBILI",,35937034,N05BA06,2023-01-23,,shortage - end date unknown,Problemi produttivi,Per trattamento alternativo si consiglia di rivolgersi allo specialista o al M.M.G,2026-10-01T10:44:52.175521,
IT,Italy,AIFA,DELORAZEPAM ZENTIVA,DELORAZEPAM,"""0,5 MG COMPRESSE"" 20 COMPRESSE DIVISIBILI",,35937010,N05BA06,2023-09-30,,shortage - end date unknown,Problemi produttivi,Per trattamento alternativo si consiglia di rivolgersi allo specialista o al M.M.G,2026-10-01T10:44:52.175545,
IT,Italy,AIFA,DELORAZEPAM ZENTIVA,DELORAZEPAM,"""1 MG COMPRESSE"" 20 COMPRESSE DIVISIBILI",,35937022,N05BA06,2025-01-15,,shortage - end date unknown,Problemi produttivi,Per trattamento alternativo si consiglia di rivolgersi allo specialista o al M.M.G,2026-10-01T10:44:52.175569,
IT,Italy,AIFA,DEPAKIN,SODIO VALPROATO,""" 100 MG GRANULATO A RILASCIO MODIFICATO "" 30 BUSTINE",,22483147,N03AG01,2025-06-26,2026-10-31,shortage,Problemi produttivi: forniture discontinue,"Si rilascia autorizzazione allimportazione alle strutture sanitarie per analogo autorizzato allestero, nel caso in cui le strutture interessate riscontrino discontinuità nella fornitura, a livello delle reti distributive cui hanno accesso",2026-10-01T10:44:52.175601,79634
IT,Italy,AIFA,DEPAKIN,SODIO VALPROATO,""" 1000 MG GRANULATO A RILASCIO MODIFICATO "" 30 BUSTINE",,22483224,N03AG01,2025-09-09,2026-10-31,shortage,Problemi produttivi: forniture discontinue,"Si rilascia autorizzazione allimportazione alle strutture sanitarie per analogo autorizzato allestero, nel caso in cui le strutture interessate riscontrino discontinuità nella fornitura, a livello delle reti distributive cui hanno accesso",2026-10-01T10:44:52.175633,79618
IT,Italy,AIFA,DEPAKIN,SODIO VALPROATO,""" 250 MG GRANULATO A RILASCIO MODIFICATO "" 30 BUSTINE",,22483162,N03AG01,2025-06-26,2026-10-31,shortage,Elevata richiesta: forniture discontinue,"Si rilascia autorizzazione allimportazione alle strutture sanitarie per analogo autorizzato allestero, nel caso in cui le strutture interessate riscontrino discontinuità nella fornitura, a livello delle reti distributive cui hanno accesso",2026-10-01T10:44:52.175664,79626
IT,Italy,AIFA,DEPAKIN,SODIO VALPROATO,""" 750 MG GRANULATO A RILASCIO MODIFICATO "" 30 BUSTINE",,22483200,N03AG01,2025-10-17,2026-10-31,shortage,Elevata richiesta: forniture discontinue,"Si rilascia autorizzazione allimportazione alle strutture sanitarie per analogo autorizzato allestero, nel caso in cui le strutture interessate riscontrino discontinuità nella fornitura, a livello delle reti distributive cui hanno accesso",2026-10-01T10:44:52.175694,79650
IT,Italy,AIFA,DEPAKIN,SODIO VALPROATO,""" 500 MG GRANULATO A RILASCIO MODIFICATO "" 30 BUSTINE",,22483186,N03AG01,2025-06-26,2026-10-31,shortage,Problemi produttivi: forniture discontinue,"Si rilascia autorizzazione allimportazione alle strutture sanitarie per analogo autorizzato allestero, nel caso in cui le strutture interessate riscontrino discontinuità nella fornitura, a livello delle reti distributive cui hanno accesso",2026-10-01T10:44:52.175725,79642
IT,Italy,AIFA,DEPO MEDROL,METILPREDNISOLONE ACETATO,"""40  MG/ML  SOSPENSIONE  INIETTABILE""  3 FLACONCINI DA 1 ML",,17932029,H02AB04,2025-09-11,,shortage - end date unknown,Elevata richiesta: forniture discontinue,"Si rilascia autorizzazione allimportazione alle strutture sanitarie per analogo autorizzato allestero, nel caso in cui le strutture interessate riscontrino discontinuità nella fornitura, a livello delle reti distributive cui hanno accesso",2026-10-01T10:44:52.175749,
IT,Italy,AIFA,DERMOMYCIN,ACIDO FUSIDICO SALE SODICO,"""2% CREMA"" TUBO IN AL DA 30 G",,21266059,D06AX01,2025-11-20,,shortage - end date unknown,Problemi produttivi,Per trattamento alternativo si consiglia di rivolgersi allo specialista o al M.M.G,2026-10-01T10:44:52.175773,16705
IT,Italy,AIFA,DESAMETASONE KALCEKS,DESAMETASONE FOSFATO,"""4 MG/ML SOLUZIONE INIETTABILE/PER INFUSIONE""  10 FIALE IN VETRO DA 2 ML",,49485079,H02AB02,2026-08-01,,shortage - end date unknown,Elevata richiesta/problemi produttivi,Si rilascia autorizzazione allimportazione alle strutture sanitarie per analogo autorizzato allestero,2026-10-01T10:44:52.175799,
IT,Italy,AIFA,DESAMETASONE KALCEKS,DESAMETASONE FOSFATO,"""4 MG/ML SOLUZIONE INIETTABILE/PER INFUSIONE""  10 FIALE IN VETRO DA 1 ML",,49485028,H02AB02,2026-08-01,,shortage - end date unknown,Elevata richiesta/problemi produttivi,Si rilascia autorizzazione allimportazione alle strutture sanitarie per analogo autorizzato allestero,2026-10-01T10:44:52.175824,
IT,Italy,AIFA,DESFERAL,DEFEROXAMINA MESILATO,"""500 MG/5 ML POLVERE E SOLVENTE PER SOLUZIONE INIETTABILE"" 10 FLACONI + 10 FIALE 5 ML",,20417022,V03AC01,2023-09-15,,shortage - end date unknown,Problemi produttivi: distribuzione contingentata,"Si rilascia autorizzazione allimportazione alle strutture sanitarie per analogo autorizzato allestero, nel caso in cui le strutture interessate riscontrino discontinuità nella fornitura, a livello delle reti distributive cui hanno accesso",2026-10-01T10:44:52.175851,795
IT,Italy,AIFA,DESFLURANO PIRAMAL,DESFLURANO,"""100% V/V LIQUIDO PER INALAZIONE"" 6 FLACONI IN VETRO DA 250 ML",,43018011,N01AB07,2025-08-25,,shortage - end date unknown,Problemi produttivi,Rilasciata determinazione per limportazione al titolare A.I.C.,2026-10-01T10:44:52.175877,
IT,Italy,AIFA,DESLORATADINA AUROBINDO ITALIA,DESLORATADINA,""" 5 MG COMPRESSE RIVESTITE CON FILM "" 20 COMPRESSE IN  BLISTER PVC/PE/PVDC/AL",,45156015,R06AX27,2026-07-22,,shortage - end date unknown,Problemi produttivi,Per trattamento alternativo si consiglia di rivolgersi allo specialista o al M.M.G,2026-10-01T10:44:52.175895,59021
IT,Italy,AIFA,DESLORATADINA EG,DESLORATADINA,"""5 MG COMPRESSE RIVESTITE CON FILM"" 20 COMPRESSE IN BLISTER PCTFE/PVC/AL",,40733040,R06AX27,2026-08-31,,shortage - end date unknown,Cessata commercializzazione definitiva,Per trattamento alternativo si consiglia di rivolgersi allo specialista o al M.M.G,2026-10-01T10:44:52.175916,59021
IT,Italy,AIFA,DESLORATADINA MYLAN GENERICS,DESLORATADINA,"""5 MG COMPRESSE RIVESTITE CON FILM"" 20 COMPRESSE IN BLISTER AL/PVC/ACLAR",,41081074,R06AX27,2026-06-22,,shortage - end date unknown,Elevata richiesta,Per trattamento alternativo si consiglia di rivolgersi allo specialista o al M.M.G,2026-10-01T10:44:52.175934,59021
IT,Italy,AIFA,DESLORATADINA MYLAN PHARMA,DESLORATADINA,"""5 MG COMPRESSE ORODISPERSIBILI"" 20 COMPRESSE IN BLISTER OPA/AL/PVC/CARTA/PET/AL",,40810071,R06AX27,2026-08-01,,shortage - end date unknown,Elevata richiesta,Per trattamento alternativo si consiglia di rivolgersi allo specialista o al M.M.G,2026-10-01T10:44:52.175952,85502
IT,Italy,AIFA,DESLORATADINA PENSA,DESLORATADINA,"""5 MG COMPRESSE RIVESTITE CON FILM"" 20 COMPRESSE IN BLISTER PCTFE/PVC/AL",,42376044,R06AX27,2026-09-01,2027-03-31,shortage,Problemi produttivi,Per trattamento alternativo si consiglia di rivolgersi allo specialista o al M.M.G,2026-10-01T10:44:52.175977,59021
IT,Italy,AIFA,DESLORATADINA ZENTIVA,DESLORATADINA,"""5 MG COMPRESSE RIVESTITE CON FILM"" 20 COMPRESSE IN BLISTER PCTFE/PVC/AL",,40872044,R06AX27,2025-01-31,,shortage - end date unknown,Motivi commerciali,Per trattamento alternativo si consiglia di rivolgersi allo specialista o al M.M.G,2026-10-01T10:44:52.175996,59021
IT,Italy,AIFA,DESMOPRESSINA ZENTIVA,DESMOPRESSINA ACETATO,"""120 MICROGRAMMI COMPRESSE SUBLINGUALI"" 30 COMPRESSE IN FLACONE HDPE",,50735315,H01BA02,2024-10-31,,shortage - end date unknown,Elevata richiesta,Per trattamento alternativo si consiglia di rivolgersi allo specialista o al M.M.G,2026-10-01T10:44:52.176014,225436
IT,Italy,AIFA,DESMOPRESSINA ZENTIVA,DESMOPRESSINA ACETATO,"""60 MICROGRAMMI COMPRESSE SUBLINGUALI"" 30 COMPRESSE IN FLACONE HDPE",,50735152,H01BA02,2024-10-31,,shortage - end date unknown,Elevata richiesta,Per trattamento alternativo si consiglia di rivolgersi allo specialista o al M.M.G,2026-10-01T10:44:52.176033,225479
IT,Italy,AIFA,DESTROMETORFANO BROMIDRATO FARMAKOPEA,DESTROMETORFANO BROMIDRATO,"""15 MG/ML GOCCE ORALI, SOLUZIONE"" 1 FLACONE DA 20 ML",,30490027,R05DA09,2025-04-07,,shortage - end date unknown,Problemi regolatori,Per trattamento alternativo si consiglia di rivolgersi allo specialista o al M.M.G,2026-10-01T10:44:52.176051,
IT,Italy,AIFA,DEXAVISION,DESAMETASONE,"""1 MG/ML COLLIRIO, SOLUZIONE"" 1 FLACONE IN LDPE DA 6 ML",,45535010,S03BA01,2025-10-20,,shortage - end date unknown,Problemi produttivi,Per trattamento alternativo si consiglia di rivolgersi allo specialista o al M.M.G,2026-10-01T10:44:52.176069,
IT,Italy,AIFA,DEXKETOPROFENE PENSAVITAL,DEXKETOPROFENE,"""25 MG COMPRESSE RIVESTITE CON FILM"" 20 COMPRESSE IN BLISTER PVC-PVDC/AL",,50555022,M01AE17,2026-07-01,2027-03-31,shortage,Problemi produttivi,Per trattamento alternativo si consiglia di rivolgersi allo specialista o al M.M.G,2026-10-01T10:44:52.176092,55794
IT,Italy,AIFA,DEXMEDETOMIDINA KALCEKS,DEXMEDETOMIDINA CLORIDRATO,"""100 MICROGRAMMI/ML CONCENTRATO PER SOLUZIONE PER INFUSIONE"" 5 FIALE IN VETRO DA 2 ML",,48047017,N05CM18,2026-09-27,2027-04-30,shortage,Problemi produttivi,Per trattamento alternativo si consiglia di rivolgersi allo specialista o al M.M.G,2026-10-01T10:44:52.176115,
IT,Italy,AIFA,DIAGLIMET,GLIBENCLAMIDE + METFORMINA CLORIDRATO,"""5 MG + 500 MG COMPRESSE RIVERSTITE CON FILM"" 36 COMPRESSE",,34693010,A10BD02,2025-06-01,2026-11-30,shortage,Motivi commerciali,Per trattamento alternativo si consiglia di rivolgersi allo specialista o al M.M.G,2026-10-01T10:44:52.176138,
IT,Italy,AIFA,DIAZEPAM AUROBINDO,DIAZEPAM,""" 5 MG/ML GOCCE ORALI, SOLUZIONE "" FLACONE 20 ML",,36152015,N05BA01,2026-06-17,,shortage - end date unknown,Elevata richiesta,Per trattamento alternativo si consiglia di rivolgersi allo specialista o al M.M.G,2026-10-01T10:44:52.176158,
IT,Italy,AIFA,DIAZEPAM ZENTIVA,DIAZEPAM,"""5 MG/ML GOCCE ORALI, SOLUZIONE"" 1 FLACONE DA 20 ML",,36306013,N05BA01,2025-08-31,,shortage - end date unknown,Problemi produttivi,Per trattamento alternativo si consiglia di rivolgersi allo specialista o al M.M.G,2026-10-01T10:44:52.176176,
IT,Italy,AIFA,DICLOFENAC ALMUS,DICLOFENAC SODICO,""" 75MG/3ML SOLUZIONE INIETTABILE"" 5 FIALE",,35242015,M01AB05,2025-10-01,2027-06-30,shortage,Problemi produttivi,Per trattamento alternativo si consiglia di rivolgersi allo specialista o al M.M.G,2026-10-01T10:44:52.176199,99945
IT,Italy,AIFA,DICLOFENAC DOC GENERICI,DICLOFENAC SODICO,"""75 MG COMPRESSE A RILASCIO PROLUNGATO"" 30 COMPRESSE",,33727013,M01AB05,2026-06-30,,shortage - end date unknown,Elevata richiesta,Per trattamento alternativo si consiglia di rivolgersi allo specialista o al M.M.G,2026-10-01T10:44:52.176217,34142
IT,Italy,AIFA,DICLOFENAC DOC GENERICI,DICLOFENAC SODICO,"""100 MG COMPRESSE A RILASCIO PROLUNGATO"" 21 COMPRESSE",,33727025,M01AB05,2026-08-31,,shortage - end date unknown,Elevata richiesta,Per trattamento alternativo si consiglia di rivolgersi allo specialista o al M.M.G,2026-10-01T10:44:52.176236,8052
IT,Italy,AIFA,DICLOFENAC EG,DICLOFENAC SODICO,"""100 MG COMPRESSE A RILASCIO PROLUNGATO"" 21 COMPRESSE",,29456050,M01AB05,2026-10-24,,shortage - end date unknown,Elevata richiesta,Per trattamento alternativo si consiglia di rivolgersi allo specialista o al M.M.G,2026-10-01T10:44:52.176254,8052
IT,Italy,AIFA,DICLOFENAC EG,DICLOFENAC SODICO,"""50 MG COMPRESSE GASTRORESISTENTI"" 30 COMPRESSE GASTRORESISTENTI",,29456011,M01AB05,2026-08-31,,shortage - end date unknown,Elevata richiesta,Per trattamento alternativo si consiglia di rivolgersi allo specialista o al M.M.G,2026-10-01T10:44:52.176272,
IT,Italy,AIFA,DICLOFENAC EG,DICLOFENAC SODICO,"""75 MG/3 ML SOLUZIONE INIETTABILE PER USO INTRAMUSCOLARE"" 5 FIALE 3 ML",,29456035,M01AB05,2026-09-15,,shortage - end date unknown,Elevata richiesta,Per trattamento alternativo si consiglia di rivolgersi allo specialista o al M.M.G,2026-10-01T10:44:52.176291,99945
IT,Italy,AIFA,DICLOFENAC MYLAN,DICLOFENAC SODICO,"""75 MG COMPRESSE A RILASCIO PROLUNGATO"" 30 COMPRESSE IN BLISTER PVC/PE/PVDC/AL",,47332022,M01AB05,2026-06-08,,shortage - end date unknown,Elevata richiesta,Per trattamento alternativo si consiglia di rivolgersi allo specialista o al M.M.G,2026-10-01T10:44:52.176309,34142
IT,Italy,AIFA,DICLOFENAC MYLAN GENERICS,DICLOFENAC SODICO,"""100 MG COMPRESSE A RILASCIO PROLUNGATO "" 21 COMPRESSE",,33062050,M01AB05,2026-05-01,,shortage - end date unknown,Elevata richiesta,Per trattamento alternativo si consiglia di rivolgersi allo specialista o al M.M.G,2026-10-01T10:44:52.176327,8052
IT,Italy,AIFA,DICLOMED,DICLOFENAC,"""0,74 MG/ML COLLUTORIO"" FLACONE DA 200 ML",,32085019,A01AD11,2026-10-31,2026-11-30,shortage,Problemi produttivi,Per trattamento alternativo si consiglia di rivolgersi allo specialista o al M.M.G,2026-10-01T10:44:52.176350,
IT,Italy,AIFA,DICLOREUM,DICLOFENAC SODICO,"""150 MG CAPSULE RIGIDE A RILASCIO PROLUNGATO"" 20 CAPSULE",,24515114,M01AB05,2026-02-15,2027-08-31,shortage,Problemi produttivi,Per trattamento alternativo si consiglia di rivolgersi allo specialista o al M.M.G,2026-10-01T10:44:52.176374,
IT,Italy,AIFA,DICOLEV,COLECALCIFEROLO,"""50.000 U.I. SOLUZIONE ORALE IN CONTENITORE MONODOSE"" 2 FLACONI IN VETRO DA 2,5 ML",,46166068,A11CC05,2026-11-16,2027-04-18,shortage,Motivi commerciali,Per trattamento alternativo si consiglia di rivolgersi allo specialista o al M.M.G,2026-10-01T10:44:52.176397,
IT,Italy,AIFA,DIFOSFOCIN,CITICOLINA,"""1000 MG/4 ML SOLUZIONE INIETTABILE""  3 FIALE DA 4 ML",,24121067,N06BX06,2026-04-13,,shortage - end date unknown,Cessata commercializzazione temporanea,Per trattamento alternativo si consiglia di rivolgersi allo specialista o al M.M.G,2026-10-01T10:44:52.176415,
IT,Italy,AIFA,DIFTETALL,ANATOSSINA DIFTERICA + ANATOSSINA TETANICA,"""SOSPENSIONE INIETTABILE IN SIRINGA PRERIEMPITA"" 1 SIRINGA DA 0,5 ML SENZA AGO",,3671106,J07AM51,2026-09-15,,shortage - end date unknown,Problemi produttivi,Si rilascia autorizzazione allimportazione alle strutture sanitarie per analogo autorizzato allestero,2026-10-01T10:44:52.176436,
IT,Italy,AIFA,DILADEL,DILTIAZEM CLORIDRATO,"""60 MG COMPRESSE A RILASCIO MODIFICATO"" 50 COMPRESSE",,25275013,C08DB01,2024-03-15,,shortage - end date unknown,Problemi produttivi,Per trattamento alternativo si consiglia di rivolgersi allo specialista o al M.M.G,2026-10-01T10:44:52.176460,
IT,Italy,AIFA,DILADEL,DILTIAZEM CLORIDRATO,"""120 MG COMPRESSE A RILASCIO PROLUNGATO"" 24 COMPRESSE",,25275025,C08DB01,2024-02-29,,shortage - end date unknown,Elevata richiesta/problemi produttivi,Per trattamento alternativo si consiglia di rivolgersi allo specialista o al M.M.G,2026-10-01T10:44:52.176485,32158
IT,Italy,AIFA,DILADEL,DILTIAZEM CLORIDRATO,"""200 MG CAPSULE RIGIDE A RILASCIO PROLUNGATO"" 36 CAPSULE",,25275049,C08DB01,2026-08-31,,shortage - end date unknown,Elevata richiesta,Per trattamento alternativo si consiglia di rivolgersi allo specialista o al M.M.G,2026-10-01T10:44:52.176509,40444
IT,Italy,AIFA,DILTIAZEM EG,DILTIAZEM CLORIDRATO,"""120 MG CAPSULE RIGIDE A RILASCIO MODIFICATO"" 24 CAPSULE IN BLISTER PVC/PVDC/AL",,32808091,C08DB01,2026-06-30,,shortage - end date unknown,Elevata richiesta,Per trattamento alternativo si consiglia di rivolgersi allo specialista o al M.M.G,2026-10-01T10:44:52.176533,
IT,Italy,AIFA,DILTIAZEM MYLAN GENERICS ITALIA,DILTIAZEM CLORIDRATO,"""60 MG COMPRESSE""50 COMPRESSE",,26675013,C08DB01,2026-11-10,,shortage - end date unknown,Problemi produttivi,Per trattamento alternativo si consiglia di rivolgersi allo specialista o al M.M.G,2026-10-01T10:44:52.176558,
IT,Italy,AIFA,DILTIAZEM SANDOZ BV,DILTIAZEM CLORIDRATO,""" 200 MG CAPSULE RIGIDE A RILASCIO PROLUNGATO "" 36 CAPSULE IN BLISTER PVC/PVDC/AL",,42274062,C08DB01,2025-11-20,,shortage - end date unknown,Problemi produttivi,Per trattamento alternativo si consiglia di rivolgersi allo specialista o al M.M.G,2026-10-01T10:44:52.176582,40444
IT,Italy,AIFA,DIMETILFUMARATO DR. REDDY'S,DIMETILFUMARATO,"""240 MG CAPSULE RIGIDE GASTRORESISTENTI"" 56 CAPSULE IN BLISTER PVC/PE/PVDC/AL",,50690142,L04AX07,2026-07-16,,shortage - end date unknown,Problemi produttivi,Rilasciata determinazione per limportazione al titolare A.I.C.,2026-10-01T10:44:52.176606,
IT,Italy,AIFA,DIMTRUZIC,DIMETILFUMARATO,"""120 MG CAPSULE RIGIDE GASTRORESISTENTI"" 14 CAPSULE IN BLISTER AL/PVC/PVDC",,50361017,L04AX07,2026-07-07,,shortage - end date unknown,Problemi produttivi,Per trattamento alternativo si consiglia di rivolgersi allo specialista o al M.M.G,2026-10-01T10:44:52.176630,
IT,Italy,AIFA,DIMTRUZIC,DIMETILFUMARATO,"""240 MG CAPSULE RIGIDE GASTRORESISTENTI"" 56 CAPSULE IN BLISTER AL/PVC/PVDC",,50361043,L04AX07,2026-03-02,,shortage - end date unknown,Elevata richiesta,Rilasciata determinazione per limportazione al titolare A.I.C.,2026-10-01T10:44:52.176655,
IT,Italy,AIFA,DINESPER,DIOSMINA,500 MG COMPRESSE RIVESTITE CON FILM 60 COMPRESSE IN BLISTER AL/PVC,,52198025,C05CA53,2026-06-26,,shortage - end date unknown,Problemi produttivi,Per trattamento alternativo si consiglia di rivolgersi allo specialista o al M.M.G,2026-10-01T10:44:52.176679,
IT,Italy,AIFA,DINESPER,DIOSMINA,500 MG COMPRESSE RIVESTITE CON FILM 30 COMPRESSE IN BLISTER AL/PVC,,52198013,C05CA53,2026-06-26,,shortage - end date unknown,Problemi produttivi,Per trattamento alternativo si consiglia di rivolgersi allo specialista o al M.M.G,2026-10-01T10:44:52.176703,
IT,Italy,AIFA,DINESPER,DIOSMINA,500 MG COMPRESSE RIVESTITE CON FILM 120 COMPRESSE IN BLISTER AL/PVC,,52198037,C05CA53,2026-06-26,,shortage - end date unknown,Problemi produttivi,Per trattamento alternativo si consiglia di rivolgersi allo specialista o al M.M.G,2026-10-01T10:44:52.176727,
IT,Italy,AIFA,DINIKET,ISOSORBIDE DINITRATO,"""1 MG/ML CONCENTRATO PER SOLUZIONE PER INFUSIONE"" 10 FIALE DA 10 ML",,26887012,C01DA08,2026-01-31,,shortage - end date unknown,Cessata commercializzazione definitiva,Si rilascia autorizzazione allimportazione alle strutture sanitarie per analogo autorizzato allestero,2026-10-01T10:44:52.176751,125830
IT,Italy,AIFA,DIPPERAM HCT,AMLODIPINA + IDROCLOROTIAZIDE + VALSARTAN,"""5 MG/160 MG/12,5 MG COMPRESSA RIVESTITA CON FILM"" 28 COMPRESSE IN BLISTER PVC/PVDC/AL",,49912025,C09DX01,2026-03-01,,shortage - end date unknown,Problemi produttivi,Per trattamento alternativo si consiglia di rivolgersi allo specialista o al M.M.G,2026-10-01T10:44:52.176778,
IT,Italy,AIFA,DIPRIVAN,PROPOFOL,"""10 MG/ML EMULSIONE PER INFUSIONE"" 1 SIRINGA PRERIEMPITA DA 50 ML",,26114052,N01AX10,2024-12-27,2026-10-30,shortage,Elevata richiesta/problemi produttivi,Rilasciata determinazione per limportazione al titolare A.I.C.,2026-10-01T10:44:52.176809,44652
IT,Italy,AIFA,DIPRIVAN,PROPOFOL,"""20 MG/ML EMULSIONE PER INFUSIONE"" 1 SIRINGA PRERIEMPITA DA 50 ML",,26114076,N01AX10,2026-11-20,2027-01-04,shortage,Problemi produttivi,Per trattamento alternativo si consiglia di rivolgersi allo specialista o al M.M.G,2026-10-01T10:44:52.176840,44660
IT,Italy,AIFA,DIPRIVAN,PROPOFOL,"""20 MG/ML EMULSIONE PER INFUSIONE"" 1 FLACONE DA 50 ML",,26114088,N01AX10,2026-06-15,2026-09-21,resolved,Elevata richiesta,Si rilascia autorizzazione allimportazione alle strutture sanitarie per analogo autorizzato allestero,2026-10-01T10:44:52.176870,81299
IT,Italy,AIFA,DIURESIX,TORASEMIDE,"""200 MG/20 ML SOLUZIONE PER INFUSIONE"" 1 FIALA DA 200 MG IN 20 ML",,28262032,C03CA04,2027-01-01,,shortage - end date unknown,Cessata commercializzazione definitiva,Per trattamento alternativo si consiglia di rivolgersi allo specialista o al M.M.G,2026-10-01T10:44:52.176892,
IT,Italy,AIFA,DOBETIN,CIANOCOBALAMINA,"""20 MICROGRAMMI/ML GOCCE ORALI, SOLUZIONE"" FLACONE DA 15 ML",,3785058,B03BA01,2024-12-31,,shortage - end date unknown,Cessata commercializzazione definitiva,"Si rilascia autorizzazione allimportazione alle strutture sanitarie per analogo autorizzato allestero, nel caso in cui le strutture interessate riscontrino discontinuità nella fornitura, a livello delle reti distributive cui hanno accesso",2026-10-01T10:44:52.176915,
IT,Italy,AIFA,DOCETAXEL ACCORD,DOCETAXEL,"""80 MG/4 ML - CONCENTRATO PER SOLUZIONE PER INFUSIONE - USO ENDOVENOSO - FLACONCINO (VETRO)  - 4 ML"" 1 FLACONCINO",,42184022,L01CD02,2026-05-06,,shortage - end date unknown,Problemi regolatori,"Si rilascia autorizzazione allimportazione alle strutture sanitarie per analogo autorizzato allestero, nel caso in cui le strutture interessate riscontrino discontinuità nella fornitura, a livello delle reti distributive cui hanno accesso",2026-10-01T10:44:52.176940,
IT,Italy,AIFA,DOCETAXEL AUROBINDO,DOCETAXEL,""" 20 MG/ML CONCENTRATO PER SOLUZIONE PER INFUSIONE "" 1 FLACONCINO MONODOSE DA  1 ML",,40113019,L01CD02,2026-08-12,,shortage - end date unknown,Problemi produttivi,Si rilascia autorizzazione allimportazione alle strutture sanitarie per analogo autorizzato allestero,2026-10-01T10:44:52.176961,92886
IT,Italy,AIFA,DOCETAXEL AUROBINDO,DOCETAXEL,""" 20 MG/ML CONCENTRATO PER SOLUZIONE PER INFUSIONE "" 1 FLACONCINO MONODOSE DA  4 ML",,40113021,L01CD02,2026-04-27,2026-07-21,resolved,Problemi produttivi: distribuzione contingentata,"Si rilascia autorizzazione allimportazione alle strutture sanitarie per analogo autorizzato allestero, nel caso in cui le strutture interessate riscontrino discontinuità nella fornitura, a livello delle reti distributive cui hanno accesso",2026-10-01T10:44:52.176989,92894
IT,Italy,AIFA,DOCETAXEL AUROBINDO,DOCETAXEL,"""20 MG/ML CONCENTRATO PER SOLUZIONE PER INFUSIONE"" 1 FLACONCINO MONODOSE DA 8 ML",,40113045,L01CD02,2025-10-03,2026-07-21,resolved,Problemi produttivi: distribuzione contingentata,"Si rilascia autorizzazione allimportazione alle strutture sanitarie per analogo autorizzato allestero, nel caso in cui le strutture interessate riscontrino discontinuità nella fornitura, a livello delle reti distributive cui hanno accesso",2026-10-01T10:44:52.177014,94234
IT,Italy,AIFA,DOCLEVO,LEVOFLOXACINA EMIIDRATO,"""5 MG/ML COLLIRIO, SOLUZIONE"" FLACONE IN LDPE DA 5 ML",,47432012,S01AE05,2026-03-31,,shortage - end date unknown,Cessata commercializzazione temporanea,Per trattamento alternativo si consiglia di rivolgersi allo specialista o al M.M.G,2026-10-01T10:44:52.177033,
IT,Italy,AIFA,DOGETIC,FENTANIL CITRATO,"""300 MICROGRAMMI COMPRESSE SUBLINGUALI"" 10X1 COMPRESSE IN BLISTER DIVISIBILE PER DOSE UNITARIA IN  PA/AL/PVC",,48270058,N02AB03,2026-06-26,2026-10-01,shortage,Elevata richiesta: distribuzione contingentata,"Si rilascia autorizzazione allimportazione alle strutture sanitarie per analogo autorizzato allestero, nel caso in cui le strutture interessate riscontrino discontinuità nella fornitura, a livello delle reti distributive cui hanno accesso",2026-10-01T10:44:52.177056,
IT,Italy,AIFA,DONEPEZIL ACCORD,DONEPEZIL CLORIDRATO,"""10 MG COMPRESSE RIVESTITE CON FILM"" 28 COMPRESSE IN BLISTER PVC/AL",,41015126,N06DA02,2026-02-11,,shortage - end date unknown,Problemi produttivi,Per trattamento alternativo si consiglia di rivolgersi allo specialista o al M.M.G,2026-10-01T10:44:52.177074,106550
IT,Italy,AIFA,DONEPEZIL ACCORD,DONEPEZIL CLORIDRATO,"""5 MG COMPRESSE RIVESTITE CON FILM"" 28 COMPRESSE IN BLISTER PVC/AL",,41015025,N06DA02,2026-03-22,,shortage - end date unknown,Motivi commerciali,Per trattamento alternativo si consiglia di rivolgersi allo specialista o al M.M.G,2026-10-01T10:44:52.177092,106550
IT,Italy,AIFA,DONEPEZIL MYLAN GENERICS,DONEPEZIL CLORIDRATO,"""10 MG COMPRESSE RIVESTITE CON FILM"" 28 COMPRESSE IN BLISTER PVC/PVDC/AL (CONFEZIONE CALENDARIO)",,38605236,N06DA02,2026-07-15,,shortage - end date unknown,Problemi produttivi,Per trattamento alternativo si consiglia di rivolgersi allo specialista o al M.M.G,2026-10-01T10:44:52.177111,106550
IT,Italy,AIFA,DONEPEZIL MYLAN GENERICS ITALIA,DONEPEZIL CLORIDRATO,"""10 MG COMPRESSE ORODISPERSIBILI"" 28 COMPRESSE IN BLISTER OPA/AL/PVC-AL",,41088170,N06DA02,2026-01-26,,shortage - end date unknown,Problemi produttivi,Per trattamento alternativo si consiglia di rivolgersi allo specialista o al M.M.G,2026-10-01T10:44:52.177129,106550
IT,Italy,AIFA,DONEPEZIL MYLAN GENERICS ITALIA,DONEPEZIL CLORIDRATO,"""5 MG COMPRESSE ORODISPERSIBILI"" 28 COMPRESSE IN BLISTER OPA/AL/PVC-AL",,41088042,N06DA02,2026-09-10,,shortage - end date unknown,Problemi produttivi,Per trattamento alternativo si consiglia di rivolgersi allo specialista o al M.M.G,2026-10-01T10:44:52.177147,106550
IT,Italy,AIFA,DONEPEZIL SUN,DONEPEZIL CLORIDRATO,"""10MG COMPRESSE RIVESTITE CON FILM"" 28 COMPRESSE IN BLISTER PVC/PVDC/AL",,40538187,N06DA02,2023-10-19,,shortage - end date unknown,Elevata richiesta/problemi produttivi,Per trattamento alternativo si consiglia di rivolgersi allo specialista o al M.M.G,2026-10-01T10:44:52.177165,106550
IT,Italy,AIFA,DONEPEZIL TEVA,DONEPEZIL CLORIDRATO,"""5 MG COMPRESSE RIVESTITE CON FILM"" 28 COMPRESSE IN BLISTER OPA/AL/PVC/AL",,41733027,N06DA02,2026-09-07,2026-11-15,shortage,Problemi produttivi,Per trattamento alternativo si consiglia di rivolgersi allo specialista o al M.M.G,2026-10-01T10:44:52.177188,106550
IT,Italy,AIFA,DOPAMINA PFIZER,DOPAMINA CLORIDRATO,"""200 MG/5 ML CONCENTRATO PER SOLUZIONE PER INFUSIONE"" 10 FIALE",,35442019,C01CA04,2026-10-31,,shortage - end date unknown,Cessata commercializzazione definitiva,Per trattamento alternativo si consiglia di rivolgersi allo specialista o al M.M.G,2026-10-01T10:44:52.177207,17744
IT,Italy,AIFA,DORMIPLANT,MELISSA ESTRATTO SECCO + VALERIANA (ESTRATTO SECCO),""" 160 MG + 80 MG COMPRESSE RIVESTITE CON FILM "" 25 CPR",,33892124,,2026-10-24,,shortage - end date unknown,Cessata commercializzazione definitiva,Per trattamento alternativo si consiglia di rivolgersi allo specialista o al M.M.G,2026-10-01T10:44:52.177225,
IT,Italy,AIFA,DORMIPLANT,MELISSA ESTRATTO SECCO + VALERIANA (ESTRATTO SECCO),"""160 MG + 80 MG COMPRESSE RIVESTITE CON FILM"" 50 COMPRESSE",,33892086,,2026-04-30,,shortage - end date unknown,Cessata commercializzazione definitiva,Per trattamento alternativo si consiglia di rivolgersi allo specialista o al M.M.G,2026-10-01T10:44:52.177243,
IT,Italy,AIFA,DORZOLAMIDE E TIMOLOLO PENSA,DORZOLAMIDE + TIMOLOLO,"""20 MG/ML + 5 MG/ML COLLIRIO, SOLUZIONE"" 1 FLACONE PE DA 5 ML",,43861018,S01ED51,2026-11-16,2027-03-31,shortage,Problemi produttivi,Per trattamento alternativo si consiglia di rivolgersi allo specialista o al M.M.G,2026-10-01T10:44:52.177266,134163
IT,Italy,AIFA,DOSTINEX,CABERGOLINA,"""0,5MG COMPRESSE"" 8 COMPRESSE",,28988032,G02CB03,2026-02-02,,shortage - end date unknown,Problemi produttivi,"Si rilascia autorizzazione allimportazione alle strutture sanitarie per analogo autorizzato allestero, nel caso in cui le strutture interessate riscontrino discontinuità nella fornitura, a livello delle reti distributive cui hanno accesso",2026-10-01T10:44:52.177284,
IT,Italy,AIFA,DOSTINEX,CABERGOLINA,"""0,5 MG COMPRESSE"" 2 COMPRESSE",,28988018,G02CB03,2026-02-02,,shortage - end date unknown,Problemi produttivi,Per trattamento alternativo si consiglia di rivolgersi allo specialista o al M.M.G,2026-10-01T10:44:52.177302,
IT,Italy,AIFA,DOTAREM,ACIDO GADOTERICO,"""0,0025 MMOL/ML SOLUZIONE INIETTABILE PER USO INTRA-ARTICOLARE"" 1 SIRINGA PRERIEMPITA 20 ML",,29724097,V08CA02,2023-05-02,,shortage - end date unknown,Cessata commercializzazione definitiva,"Si rilascia autorizzazione allimportazione alle strutture sanitarie per analogo autorizzato allestero, nel caso in cui le strutture interessate riscontrino discontinuità nella fornitura, a livello delle reti distributive cui hanno accesso",2026-10-01T10:44:52.177321,
IT,Italy,AIFA,DOTAREM,ACIDO GADOTERICO,"""0,5 MMOL/ ML SOLUZIONE INIETTABILE PER USO ENDOVENOSO"" 1 FLACONE 15 ML",,29724034,V08CA02,2023-04-10,2027-04-14,shortage,Elevata richiesta/problemi produttivi: forniture discontinue,"Si rilascia autorizzazione allimportazione alle strutture sanitarie per analogo autorizzato allestero, nel caso in cui le strutture interessate riscontrino discontinuità nella fornitura, a livello delle reti distributive cui hanno accesso",2026-10-01T10:44:52.177344,
IT,Italy,AIFA,DOTAREM,ACIDO GADOTERICO,"""0,5 MMOL/ ML SOLUZIONE INIETTABILE PER USO ENDOVENOSO"" 1 FLACONE 20 ML",,29724046,V08CA02,2023-04-04,2027-04-13,shortage,Elevata richiesta/problemi produttivi: forniture discontinue,"Si rilascia autorizzazione allimportazione alle strutture sanitarie per analogo autorizzato allestero, nel caso in cui le strutture interessate riscontrino discontinuità nella fornitura, a livello delle reti distributive cui hanno accesso",2026-10-01T10:44:52.177368,
IT,Italy,AIFA,DOTAREM,ACIDO GADOTERICO,"""0,5 MMOL/ ML SOLUZIONE INIETTABILE PER USO ENDOVENOSO"" 1 FLACONE 10 ML",,29724022,V08CA02,2023-05-02,2027-04-13,shortage,Elevata richiesta/problemi produttivi: forniture discontinue,"Si rilascia autorizzazione allimportazione alle strutture sanitarie per analogo autorizzato allestero, nel caso in cui le strutture interessate riscontrino discontinuità nella fornitura, a livello delle reti distributive cui hanno accesso",2026-10-01T10:44:52.177392,
IT,Italy,AIFA,DOTAREM,ACIDO GADOTERICO,"""0,0025 MMOL/ML SOLUZIONE INIETTABILE - USO INTRA-ARTICOLARE"" 1 FLACONCINO IN VETRO D 20 ML",,29724162,V08CA02,2026-11-23,2027-12-13,shortage,Problemi produttivi: forniture discontinue,"Si rilascia autorizzazione allimportazione alle strutture sanitarie per analogo autorizzato allestero, nel caso in cui le strutture interessate riscontrino discontinuità nella fornitura, a livello delle reti distributive cui hanno accesso",2026-10-01T10:44:52.177415,
IT,Italy,AIFA,DOTAREM,ACIDO GADOTERICO,"""0,5 MMOL/ML SOLUZIONE INIETTABILE PER USO ENDOVENOSO"" FLACONE 100 ML",,29724085,V08CA02,2023-04-10,2027-04-20,shortage,Elevata richiesta/problemi produttivi: forniture discontinue,"Si rilascia autorizzazione allimportazione alle strutture sanitarie per analogo autorizzato allestero, nel caso in cui le strutture interessate riscontrino discontinuità nella fornitura, a livello delle reti distributive cui hanno accesso",2026-10-01T10:44:52.177437,
IT,Italy,AIFA,DOTAREM,ACIDO GADOTERICO,"""0,5 MMOL/ML SOLUZIONE INIETTABILE"" 1 SIRINGA PRERIEMPITA IN PP DA 20 ML",,29724150,V08CA02,2024-12-02,2027-09-24,shortage,Elevata richiesta/problemi produttivi: forniture discontinue,"Si rilascia autorizzazione allimportazione alle strutture sanitarie per analogo autorizzato allestero, nel caso in cui le strutture interessate riscontrino discontinuità nella fornitura, a livello delle reti distributive cui hanno accesso",2026-10-01T10:44:52.177460,
IT,Italy,AIFA,DOTAREM,ACIDO GADOTERICO,"""0,5 MMOL/ML SOLUZIONE INIETTABILE PER USO ENDOVENOSO "" FLACONE 5 ML",,29724109,V08CA02,2023-07-04,2027-04-05,shortage,Elevata richiesta/problemi produttivi: forniture discontinue,"Si rilascia autorizzazione allimportazione alle strutture sanitarie per analogo autorizzato allestero, nel caso in cui le strutture interessate riscontrino discontinuità nella fornitura, a livello delle reti distributive cui hanno accesso",2026-10-01T10:44:52.177483,
IT,Italy,AIFA,DOTAREM,ACIDO GADOTERICO,"""0,5 MMOL/ML SOLUZIONE INIETTABILE"" 1 SIRINGA PRERIEMPITA IN PP DA 15 ML",,29724147,V08CA02,2024-12-01,2027-04-23,shortage,Elevata richiesta/problemi produttivi: forniture discontinue,"Si rilascia autorizzazione allimportazione alle strutture sanitarie per analogo autorizzato allestero, nel caso in cui le strutture interessate riscontrino discontinuità nella fornitura, a livello delle reti distributive cui hanno accesso",2026-10-01T10:44:52.177506,
IT,Italy,AIFA,DOXAZOSIN RATIOPHARM,DOXAZOSINA MESILATO,"""4 MG COMPRESSE"" 20 COMPRESSE IN BLISTER PVC/PVDC/AL",,37494111,C02CA04,2026-08-31,2026-09-30,resolved,Problemi produttivi,Per trattamento alternativo si consiglia di rivolgersi allo specialista o al M.M.G,2026-10-01T10:44:52.177529,53589
IT,Italy,AIFA,DOXAZOSIN RATIOPHARM,DOXAZOSINA MESILATO,"""4 MG COMPRESSE"" 30 COMPRESSE IN BLISTER PVC/PVDC/AL",,37494135,C02CA04,2026-07-31,2026-09-30,resolved,Problemi produttivi,Per trattamento alternativo si consiglia di rivolgersi allo specialista o al M.M.G,2026-10-01T10:44:52.177555,53589
IT,Italy,AIFA,DOXAZOSIN ZENTIVA,DOXAZOSINA MESILATO,"""2 MG COMPRESSE"" 10X3 COMPRESSE IN BLISTER PVC/PVDC/AL",,37618016,C02CA04,2025-08-30,,shortage - end date unknown,Problemi produttivi,Per trattamento alternativo si consiglia di rivolgersi allo specialista o al M.M.G,2026-10-01T10:44:52.177574,
IT,Italy,AIFA,DOXAZOSINA ALMUS,DOXAZOSINA MESILATO,""" 2 MG COMPRESSE "" 30 COMPRESSE DIVISIBILI",,37650013,C02CA04,2026-11-06,2027-06-30,shortage,Problemi produttivi,Per trattamento alternativo si consiglia di rivolgersi allo specialista o al M.M.G,2026-10-01T10:44:52.177598,
IT,Italy,AIFA,DOXAZOSINA ALMUS,DOXAZOSINA MESILATO,""" 4 MG COMPRESSE "" 20 COMPRESSE DIVISIBILI",,37650025,C02CA04,2026-05-27,2026-12-31,shortage,Problemi produttivi,Per trattamento alternativo si consiglia di rivolgersi allo specialista o al M.M.G,2026-10-01T10:44:52.177622,
IT,Italy,AIFA,DOXAZOSINA PENSA,DOXAZOSINA MESILATO,"""4 MG COMPRESSE"" 10X3 COMPRESSE IN BLISTER PVC/PVDC/AL",,37773064,C02CA04,2026-11-01,2026-12-31,shortage,Problemi produttivi,Per trattamento alternativo si consiglia di rivolgersi allo specialista o al M.M.G,2026-10-01T10:44:52.177645,53589
IT,Italy,AIFA,DOXORUBICINA ACCORD HEALTHCARE ITALIA,DOXORUBICINA CLORIDRATO,""" 2MG/ML CONCENTRATO PER SOLUZIONE PER INFUSIONE"" 1 FLACONCINO IN VETRO DA 100MG/50ML",,40581050,L01DB01,2023-08-31,,shortage - end date unknown,Elevata richiesta,"Si rilascia autorizzazione allimportazione alle strutture sanitarie per analogo autorizzato allestero, nel caso in cui le strutture interessate riscontrino discontinuità nella fornitura, a livello delle reti distributive cui hanno accesso",2026-10-01T10:44:52.177666,88471
IT,Italy,AIFA,DOXORUBICINA ACCORD HEALTHCARE ITALIA,DOXORUBICINA CLORIDRATO,""" 2MG/ML CONCENTRATO PER SOLUZIONE PER INFUSIONE"" 1 FLACONCINO IN VETRO DA 50MG/25ML",,40581023,L01DB01,2026-09-30,,shortage - end date unknown,Motivi commerciali,"Si rilascia autorizzazione allimportazione alle strutture sanitarie per analogo autorizzato allestero, nel caso in cui le strutture interessate riscontrino discontinuità nella fornitura, a livello delle reti distributive cui hanno accesso",2026-10-01T10:44:52.177685,33995
IT,Italy,AIFA,DOXORUBICINA ACCORD HEALTHCARE ITALIA,DOXORUBICINA CLORIDRATO,""" 2MG/ML CONCENTRATO PER SOLUZIONE PER INFUSIONE"" 1 FLACONCINO IN VETRO DA 10MG/5ML",,40581011,L01DB01,2026-10-01,,shortage - end date unknown,Motivi commerciali,"Si rilascia autorizzazione allimportazione alle strutture sanitarie per analogo autorizzato allestero, nel caso in cui le strutture interessate riscontrino discontinuità nella fornitura, a livello delle reti distributive cui hanno accesso",2026-10-01T10:44:52.177703,30694
IT,Italy,AIFA,DOXORUBICINA AUROBINDO,DOXORUBICINA CLORIDRATO,"""2 MG/ML CONCENTRATO PER SOLUZIONE PER INFUSIONE"" 1 FLACONCINO IN VETRO DA 100 ML",,40693083,L01DB01,2026-05-07,,shortage - end date unknown,Problemi produttivi,"Si rilascia autorizzazione allimportazione alle strutture sanitarie per analogo autorizzato allestero, nel caso in cui le strutture interessate riscontrino discontinuità nella fornitura, a livello delle reti distributive cui hanno accesso",2026-10-01T10:44:52.177722,
IT,Italy,AIFA,DOXORUBICINA AUROBINDO,DOXORUBICINA CLORIDRATO,"""2 MG/ML CONCENTRATO PER SOLUZIONE PER INFUSIONE"" 1 FLACONCINO IN VETRO DA 25 ML",,40693057,L01DB01,2026-10-09,,shortage - end date unknown,Elevata richiesta/problemi produttivi,"Si rilascia autorizzazione allimportazione alle strutture sanitarie per analogo autorizzato allestero, nel caso in cui le strutture interessate riscontrino discontinuità nella fornitura, a livello delle reti distributive cui hanno accesso",2026-10-01T10:44:52.177741,33995
IT,Italy,AIFA,DOXORUBICINA TEVA,DOXORUBICINA CLORIDRATO,""" 2 MG/ML CONCENTRATO PER SOLUZIONE PER INFUSIONE "" 1 FLACONCINO IN VETRO DA 50MG/25ML",,39646031,L01DB01,2026-10-31,,shortage - end date unknown,Cessata commercializzazione definitiva,Per trattamento alternativo si consiglia di rivolgersi allo specialista o al M.M.G,2026-10-01T10:44:52.177761,33995
IT,Italy,AIFA,DRAVYR,ACICLOVIR,"""200 MG COMPRESSE""25 COMPRESSE",,28242016,J05AB01,2025-10-25,,shortage - end date unknown,Problemi produttivi,Per trattamento alternativo si consiglia di rivolgersi allo specialista o al M.M.G,2026-10-01T10:44:52.177780,
IT,Italy,AIFA,DRAVYR,ACICLOVIR,"""5% CREMA"" TUBO DA 10 G",,28242055,D06BB03,2025-10-25,,shortage - end date unknown,Motivi commerciali,Per trattamento alternativo si consiglia di rivolgersi allo specialista o al M.M.G,2026-10-01T10:44:52.177799,
IT,Italy,AIFA,DRAVYR,ACICLOVIR,"""5% CREMA"" TUBO DA 3 G",,28242042,D06BB03,2026-10-01,,shortage - end date unknown,Cessata commercializzazione temporanea,Per trattamento alternativo si consiglia di rivolgersi allo specialista o al M.M.G,2026-10-01T10:44:52.177818,23094
IT,Italy,AIFA,DRONEDARONE ARISTO,DRONEDARONE,"""400 MG COMPRESSE RIVESTITE CON FILM"" 60 COMPRESSE IN BLISTER PVC/AL",,46652044,C01BD07,2026-07-02,,shortage - end date unknown,Elevata richiesta,Per trattamento alternativo si consiglia di rivolgersi allo specialista o al M.M.G,2026-10-01T10:44:52.177838,
IT,Italy,AIFA,DRONEDARONE AUROBINDO,DRONEDARONE,"""400 MG COMPRESSE RIVESTITE CON FILM"" 60 COMPRESSE IN BLISTER PVC-AL",,48278030,C01BD07,2025-09-10,,shortage - end date unknown,Elevata richiesta,Per trattamento alternativo si consiglia di rivolgersi allo specialista o al M.M.G,2026-10-01T10:44:52.177857,
IT,Italy,AIFA,DROPILTON,PILOCARPINA CLORIDRATO,"""2% COLLIRIO, SOLUZIONE"" FLACONE 10 ML",,4897017,S01EB01,2026-10-01,2027-06-30,shortage,Problemi produttivi: ridotta disponibilità,"Per trattamento alternativo si consiglia di rivolgersi allo specialista o al MMG. Sono autorizzati e commercializzati in Italia medicinali con medesimo principio attivo, forma farmaceutica, via di somministrazione, modalità di rilascio, dosaggio, e indicazioni terapeutiche ma formato e classe di rimborsabilità differenti",2026-10-01T10:44:52.177881,65064
IT,Italy,AIFA,DUAC,BENZOILPEROSSIDO + CLINDAMICINA FOSFATO,""" 1% + 5%  GEL "" 1 TUBO IN  ALLUMINIO  DA 60 G",,36925055,D10AF51,2026-11-16,,shortage - end date unknown,Problemi produttivi (carenza relativa solo al canale retail),Per trattamento alternativo si consiglia di rivolgersi allo specialista o al M.M.G,2026-10-01T10:44:52.177900,82767
IT,Italy,AIFA,DUAVIVE,BAZEDOXIFENE ACETATO + ESTROGENI CONIUGATI,0.45 MG/20 MG - COMPRESSA A RILASCIO MODIFICATO - USO ORALE - BLISTER (UPVC/MONOCLOROTRIFLUORETILENE) - 28 COMPRESSE,,43792011,G03CC07,2026-03-31,,shortage - end date unknown,Motivi commerciali: forniture discontinue,"Si rilascia autorizzazione allimportazione alle strutture sanitarie per analogo autorizzato allestero, nel caso in cui le strutture interessate riscontrino discontinuità nella fornitura, a livello delle reti distributive cui hanno accesso",2026-10-01T10:44:52.177920,90638
IT,Italy,AIFA,DUKORAL,VACCINO COLERICO,2 FLACONCINI DA 3 ML,,36561025,J07AE01,2021-02-01,,shortage - end date unknown,Cessata commercializzazione definitiva,Si rilascia autorizzazione allimportazione alle strutture sanitarie per analogo autorizzato allestero,2026-10-01T10:44:52.177939,98264
IT,Italy,AIFA,DULEX,DULOXETINA CLORIDRATO,"""60 MG CAPSULE RIGIDE GASTRORESISTENTI"" 28 CAPSULE IN BLISTER AL/AL",,44408033,N06AX21,2026-01-07,,shortage - end date unknown,Problemi produttivi,Per trattamento alternativo si consiglia di rivolgersi allo specialista o al M.M.G,2026-10-01T10:44:52.177958,79065
IT,Italy,AIFA,DULEX,DULOXETINA CLORIDRATO,"""30 MG CAPSULE RIGIDE GASTRORESISTENTI"" 28 CAPSULE IN BLISTER AL/AL",,44408021,N06AX21,2026-04-13,,shortage - end date unknown,Problemi produttivi,Per trattamento alternativo si consiglia di rivolgersi allo specialista o al M.M.G,2026-10-01T10:44:52.177976,79057
IT,Italy,AIFA,DULEX,DULOXETINA CLORIDRATO,"""30 MG CAPSULE RIGIDE GASTRORESISTENTI"" 7 CAPSULE IN BLISTER AL/AL",,44408019,N06AX21,2026-08-31,,shortage - end date unknown,Problemi produttivi,Per trattamento alternativo si consiglia di rivolgersi allo specialista o al M.M.G,2026-10-01T10:44:52.177995,79057
IT,Italy,AIFA,DULOXETINA ALMUS,DULOXETINA CLORIDRATO,"""60 mg CAPSULE RIGIDE GASTRORESISTENTI"" 28 CAPSULE IN BLISTER AL/AL",,50820063,N06AX21,2025-11-17,2026-12-31,shortage,Problemi produttivi,Per trattamento alternativo si consiglia di rivolgersi allo specialista o al M.M.G,2026-10-01T10:44:52.178019,79065
IT,Italy,AIFA,DULOXETINA ALMUS,DULOXETINA CLORIDRATO,"""30 mg CAPSULE RIGIDE GASTRORESISTENTI"" 28 CAPSULE IN BLISTER AL/AL",,50820048,N06AX21,2025-11-17,2026-12-31,shortage,Problemi produttivi,Per trattamento alternativo si consiglia di rivolgersi allo specialista o al M.M.G,2026-10-01T10:44:52.178042,79057
IT,Italy,AIFA,DULOXETINA EG,DULOXETINA CLORIDRATO,"""60 MG CAPSULE RIGIDE GASTRORESISTENTI"" 28 CAPSULE IN BLISTER PVC/PCTFE/PVC/AL",,43943048,N06AX21,2025-10-31,,shortage - end date unknown,Problemi produttivi,Per trattamento alternativo si consiglia di rivolgersi allo specialista o al M.M.G,2026-10-01T10:44:52.178061,79065
IT,Italy,AIFA,DULOXETINA SANDOZ,DULOXETINA,"""30 MG CAPSULE RIGIDE GASTRORESISTENTI"" 28 CAPSULE IN BLISTER PVC/PE/PCTFE/AL",,44699041,N06AX21,2024-12-05,,shortage - end date unknown,Problemi produttivi,Per trattamento alternativo si consiglia di rivolgersi allo specialista o al M.M.G,2026-10-01T10:44:52.178081,79057
IT,Italy,AIFA,DULOXETINA SANDOZ,DULOXETINA,"""30 MG CAPSULE RIGIDE GASTRORESISTENTI"" 7 CAPSULE IN BLISTER PVC/PE/PCTFE/AL",,44699015,N06AX21,2024-12-05,,shortage - end date unknown,Problemi produttivi,Per trattamento alternativo si consiglia di rivolgersi allo specialista o al M.M.G,2026-10-01T10:44:52.178100,79057
IT,Italy,AIFA,DULOXETINA SANDOZ,DULOXETINA,"""60 MG CAPSULE RIGIDE GASTRORESISTENTI"" 28 CAPSULE IN BLISTER PVC/PE/PCTFE/AL",,44699080,N06AX21,2024-12-05,,shortage - end date unknown,Problemi produttivi,Per trattamento alternativo si consiglia di rivolgersi allo specialista o al M.M.G,2026-10-01T10:44:52.178118,79065
IT,Italy,AIFA,DULOXETINA VIATRIS,DULOXETINA CLORIDRATO,30 MG-CAPSULA RIGIDA GASTRORESISTENTE - USO ORALE - BLISTER (PVC/PE/PVDC/ALU)  - 28X1  CAPSULE  (DOSE UNITARIA),,44267452,N06AX21,2025-01-01,,shortage - end date unknown,Elevata richiesta/problemi produttivi,Per trattamento alternativo si consiglia di rivolgersi allo specialista o al M.M.G,2026-10-01T10:44:52.178137,79057
IT,Italy,AIFA,DULOXETINA VIATRIS,DULOXETINA CLORIDRATO,60 MG-CAPSULA RIGIDA GASTRORESISTENTE - USO ORALE - BLISTER (PVC/PE/PVDC/ALU)  - 28X1 CAPSULE (DOSE UNITARIA),,44267502,N06AX21,2024-11-01,,shortage - end date unknown,Elevata richiesta/problemi produttivi,Per trattamento alternativo si consiglia di rivolgersi allo specialista o al M.M.G,2026-10-01T10:44:52.178156,79065
IT,Italy,AIFA,DULOXETINA VIATRIS,DULOXETINA CLORIDRATO,30 MG-CAPSULA RIGIDA GASTRORESISTENTE - USO ORALE - BLISTER (PVC/PE/PVDC/ALU)  - 7X1 CAPSULE (DOSE UNTIARIA),,44267425,N06AX21,2026-03-01,,shortage - end date unknown,Problemi produttivi,Per trattamento alternativo si consiglia di rivolgersi allo specialista o al M.M.G,2026-10-01T10:44:52.178175,79057
IT,Italy,AIFA,DULOXETINA ZENTIVA,DULOXETINA + DULOXETINA CLORIDRATO,60 MG - CAPSULA RIGIDA GASTRORESISTENTE - USO ORALE - BLISTER (PVC/PVDC/ALU) - 28 CAPSULE,,44472153,N06AX21,2024-09-30,,shortage - end date unknown,Problemi produttivi: forniture discontinue,Per trattamento alternativo si consiglia di rivolgersi allo specialista o al M.M.G,2026-10-01T10:44:52.178194,79065
IT,Italy,AIFA,DULOXETINA ZENTIVA,DULOXETINA CLORIDRATO,30 mg - capsula rigida gastroresistente - uso orale - blister (PVC/PVDC/alu) - 28 capsule,,44472114,N06AX21,2024-09-30,,shortage - end date unknown,Problemi produttivi: forniture discontinue,Per trattamento alternativo si consiglia di rivolgersi allo specialista o al M.M.G,2026-10-01T10:44:52.178215,79057
IT,Italy,AIFA,DUOPERI,CLORURO DI CALCIO + GLICINA + GLUCOSIO (DESTROSIO) ANIDRO + L-ALANINA + L-ARGININA + L-FENILALANINA + L-ISOLEUCINA + L-ISTIDINA + L-LEUCINA + L-LISINA + L-METIONINA + L-PROLINA + L-SERINA + L-TIROSINA + L-TREONINA + L-TRIPTOFANO + L-VALINA + MAGNESIO SOLFATO + POTASSIO CLORURO + SODIO ACETATO + SODIO GLICEROFOSFATO + TAURINA,"""SOLUZIONE PER INFUSIONE"" 4 SACCHE DA 2000 ML",,48517066,B05BA10,2026-05-26,,shortage - end date unknown,Problemi produttivi,Per trattamento alternativo si consiglia di rivolgersi allo specialista o al M.M.G,2026-10-01T10:44:52.178235,
IT,Italy,AIFA,DURLEVATEC,BUPRENORFINA,""" 35 MICROGRAMMI/ORA CEROTTI TRASDERMICI"" 3 CEROTTI IN BUSTINE PET/AL/PE",,44388015,N02AE01,2026-04-05,,shortage - end date unknown,Problemi regolatori,Per trattamento alternativo si consiglia di rivolgersi allo specialista o al M.M.G,2026-10-01T10:44:52.178255,229016
IT,Italy,AIFA,DURLEVATEC,BUPRENORFINA,""" 52,5 MICROGRAMMI/ORA CEROTTI TRASDERMICI"" 3 CEROTTI IN BUSTINE PET/AL/PE",,44388080,N02AE01,2026-05-05,,shortage - end date unknown,Problemi regolatori,Per trattamento alternativo si consiglia di rivolgersi allo specialista o al M.M.G,2026-10-01T10:44:52.178274,228982
IT,Italy,AIFA,DURONITRIN,ISOSORBIDE MONONITRATO,"""60 MG COMPRESSE A RILASCIO PROLUNGATO""30 COMPRESSE",,26760013,C01DA14,2023-12-31,,shortage - end date unknown,Motivi commerciali,Per trattamento alternativo si consiglia di rivolgersi allo specialista o al M.M.G,2026-10-01T10:44:52.178294,
IT,Italy,AIFA,DUTASTERIDE ARISTO,DUTASTERIDE,""" 0,5 MG CAPSULE MOLLI "" 30 CAPSULE IN BLISTER PVC/PVDC/AL",,45117025,G04CB02,2023-06-30,,shortage - end date unknown,Problemi produttivi,Per trattamento alternativo si consiglia di rivolgersi allo specialista o al M.M.G,2026-10-01T10:44:52.178314,68195
IT,Italy,AIFA,DUTASTERIDE EG,DUTASTERIDE,"""0,5 MG CAPSULE MOLLI"" 30 CAPSULE IN BLISTER PVC/PVDC/AL",,43941020,G04CB02,2026-09-30,,shortage - end date unknown,Elevata richiesta,Per trattamento alternativo si consiglia di rivolgersi allo specialista o al M.M.G,2026-10-01T10:44:52.178332,68195
IT,Italy,AIFA,DUTASTERIDE PENSA,DUTASTERIDE,""" 0,5 MG CAPSULE MOLLI"" 30 CAPSULE IN BLISTER PVC/PVDC/AL",,44746028,G04CB02,2026-10-01,2026-12-31,shortage,Problemi produttivi,Per trattamento alternativo si consiglia di rivolgersi allo specialista o al M.M.G,2026-10-01T10:44:52.178356,68195
IT,Italy,AIFA,DUTASTERIDE ZENTIVA,DUTASTERIDE,"""0,5 MG CAPSULE MOLLI"" 30 CAPSULE IN BLISTER PVC/PE/PVDC(TRIPLEX)/AL",,44103024,G04CB02,2023-12-31,,shortage - end date unknown,Problemi produttivi,Per trattamento alternativo si consiglia di rivolgersi allo specialista o al M.M.G,2026-10-01T10:44:52.178376,68195
IT,Italy,AIFA,EBASTINA AUROBINDO,EBASTINA,"""10 MG COMPRESSE ORODISPERSIBILI"" 30 COMPRESSE IN BLISTER PA/AL/PVC-AL",,47251032,R06AX22,2026-05-05,,shortage - end date unknown,Problemi produttivi,Per trattamento alternativo si consiglia di rivolgersi allo specialista o al M.M.G,2026-10-01T10:44:52.178395,103594
IT,Italy,AIFA,ECUBALIN,PREGABALIN,"""300 MG CAPSULE RIGIDE"" 56 CAPSULE IN BLISTER PVC/PVDC/AL",,43677069,N02BF02,2026-08-17,2026-12-31,shortage,Elevata richiesta,Per trattamento alternativo si consiglia di rivolgersi allo specialista o al M.M.G,2026-10-01T10:44:52.178419,75736
IT,Italy,AIFA,EDEVEN C.M.,DIETILAMINA SALICILATO + ESCINA,"""2% + 5% GEL"" 1 TUBO DA 40 G",,37028026,,2023-11-29,,shortage - end date unknown,Problemi produttivi,Per trattamento alternativo si consiglia di rivolgersi allo specialista o al M.M.G,2026-10-01T10:44:52.178438,
IT,Italy,AIFA,EDEVEN C.M.,DIETILAMINA SALICILATO + ESCINA,"""1% + 5 % GEL"" 1 TUBO DA 40 G",,37028014,,2023-11-29,,shortage - end date unknown,Problemi produttivi,Per trattamento alternativo si consiglia di rivolgersi allo specialista o al M.M.G,2026-10-01T10:44:52.178458,
IT,Italy,AIFA,EDEVEXIN,ESCINA,"""40 MG COMPRESSE RIVESTITE CON FILM"" 30 COMPRESSE",,31219025,,2026-04-29,,shortage - end date unknown,Problemi produttivi,Per trattamento alternativo si consiglia di rivolgersi allo specialista o al M.M.G,2026-10-01T10:44:52.178478,
IT,Italy,AIFA,EDRONAX,REBOXETINA,«4 mg compresse»  -  20  compresse  in  blister AL-PVDC/PVC-PVDC,,33632011,N06AX18,2026-07-31,,shortage - end date unknown,Cessata commercializzazione definitiva,Per trattamento alternativo si consiglia di rivolgersi allo specialista o al M.M.G,2026-10-01T10:44:52.178496,
IT,Italy,AIFA,EDRONAX,REBOXETINA,«4 mg compresse»  -  60  compresse  in  blister AL-PVDC/PVC-PVDC,,33632023,N06AX18,2026-08-31,,shortage - end date unknown,Cessata commercializzazione definitiva,Per trattamento alternativo si consiglia di rivolgersi allo specialista o al M.M.G,2026-10-01T10:44:52.178515,
IT,Italy,AIFA,EFAVIRENZ / EMTRICITABINA / TENOFOVIR DISOPROXIL MYLAN,EFAVIRENZ + EMTRICITABINA + TENOFOVIR DISOPROXIL,600 MG / 200 MG / 245 MG - COMPRESSA RIVESTITA CON FILM - USO ORALE - FLACONE (HDPE) - 30 COMPRESSE,,45670015,J05AR06,2024-12-02,,shortage - end date unknown,Problemi produttivi,"Si rilascia autorizzazione allimportazione alle strutture sanitarie per analogo autorizzato allestero, nel caso in cui le strutture interessate riscontrino discontinuità nella fornitura, a livello delle reti distributive cui hanno accesso",2026-10-01T10:44:52.178534,
IT,Italy,AIFA,EFAVIRENZ / EMTRICITABINA / TENOFOVIR DISOPROXIL ZENTIVA,EFAVIRENZ + EMTRICITABINA + TENOFOVIR DISOPROXIL FOSFATO,600 MG / 200 MG / 245 MG - COMPRESSA RIVESTITA CON FILM - USO ORALE - FLACONE (HDPE) - 30 COMPRESSE,,45495013,J05AR06,2022-08-05,,shortage - end date unknown,Elevata richiesta: forniture discontinue,"Si rilascia autorizzazione allimportazione alle strutture sanitarie per analogo autorizzato allestero, nel caso in cui le strutture interessate riscontrino discontinuità nella fornitura, a livello delle reti distributive cui hanno accesso",2026-10-01T10:44:52.178554,
IT,Italy,AIFA,EFESTAD,DESLORATADINA,"""5 MG COMPRESSE RIVESTITE CON FILM"" 20 COMPRESSE IN BLISTER PCTFE/PVC/AL",,40855037,R06AX27,2026-04-30,,shortage - end date unknown,Cessata commercializzazione definitiva,Per trattamento alternativo si consiglia di rivolgersi allo specialista o al M.M.G,2026-10-01T10:44:52.178573,59021
IT,Italy,AIFA,EFEXOR,VENLAFAXINA,""" 37,5 MG CAPSULE RIGIDE A RILASCIO PROLUNGATO "" 28 CAPSULE",,28831129,N06AX16,2026-09-14,,shortage - end date unknown,Problemi produttivi,Per trattamento alternativo si consiglia di rivolgersi allo specialista o al M.M.G,2026-10-01T10:44:52.178592,79197
IT,Italy,AIFA,EFFENTORA,FENTANIL CITRATO,"""100 MCG COMPRESSA OROSOLUBILE - USO OROMUCOSALE"" BLISTER (PVC/ALL/POLIAMMIDE/PVC)  4 COMPRESSE",,38660015,N02AB03,2026-09-18,,shortage - end date unknown,Problemi produttivi,Per trattamento alternativo si consiglia di rivolgersi allo specialista o al M.M.G,2026-10-01T10:44:52.178611,
IT,Italy,AIFA,EFFENTORA,FENTANIL CITRATO,"""100 MCG COMPRESSA OROSOLUBILE - USO OROMUCOSALE"" BLISTER (PVC/ALL/POLIAMMIDE/PVC) 28 COMPRESSE",,38660027,N02AB03,2026-02-01,,shortage - end date unknown,Problemi produttivi,Per trattamento alternativo si consiglia di rivolgersi allo specialista o al M.M.G,2026-10-01T10:44:52.178630,
IT,Italy,AIFA,EFFENTORA,FENTANIL CITRATO,"""400 MCG COMPRESSA OROSOLUBILE - USO OROMUCOSALE"" BLISTER (PVC/ALL/POLIAMMIDE/PVC) 4 COMPRESSE",,38660054,N02AB03,2026-06-29,,shortage - end date unknown,Problemi regolatori,Per trattamento alternativo si consiglia di rivolgersi allo specialista o al M.M.G,2026-10-01T10:44:52.178649,
IT,Italy,AIFA,EFFENTORA,FENTANIL CITRATO,"""600 MCG COMPRESSA OROSOLUBILE - USO OROMUCOSALE"" BLISTER (PVC/ALL/POLIAMMIDE/PVC) 4 COMPRESSE",,38660078,N02AB03,2026-06-15,,shortage - end date unknown,Problemi regolatori,Per trattamento alternativo si consiglia di rivolgersi allo specialista o al M.M.G,2026-10-01T10:44:52.178667,
IT,Italy,AIFA,EFFENTORA,FENTANIL CITRATO,"""600 MCG COMPRESSA OROSOLUBILE - USO OROMUCOSALE"" BLISTER (PVC/ALL/POLIAMMIDE/PVC) 28 COMPRESSE",,38660080,N02AB03,2026-07-10,,shortage - end date unknown,Problemi regolatori,Per trattamento alternativo si consiglia di rivolgersi allo specialista o al M.M.G,2026-10-01T10:44:52.178686,
IT,Italy,AIFA,EFFENTORA,FENTANIL CITRATO,"""200 MCG COMPRESSA OROSOLUBILE - USO OROMUCOSALE"" BLISTER (PVC/ALL/POLIAMMIDE/PVC) 4 COMPRESSE",,38660039,N02AB03,2026-07-08,,shortage - end date unknown,Problemi produttivi,Per trattamento alternativo si consiglia di rivolgersi allo specialista o al M.M.G,2026-10-01T10:44:52.178705,
IT,Italy,AIFA,EFFENTORA,FENTANIL CITRATO,"""400 MCG COMPRESSA OROSOLUBILE - USO OROMUCOSALE"" BLISTER (PVC/ALL/POLIAMMIDE/PVC) 28 COMPRESSE",,38660066,N02AB03,2026-03-17,2027-05-15,shortage,Problemi regolatori,Per trattamento alternativo si consiglia di rivolgersi allo specialista o al M.M.G,2026-10-01T10:44:52.178728,
IT,Italy,AIFA,EFFENTORA,FENTANIL CITRATO,"""200 MCG COMPRESSA OROSOLUBILE - USO OROMUCOSALE"" BLISTER (PVC/ALL/POLIAMMIDE/PVC) 28 COMPRESSE",,38660041,N02AB03,2026-02-01,2027-05-15,shortage,Problemi produttivi,Per trattamento alternativo si consiglia di rivolgersi allo specialista o al M.M.G,2026-10-01T10:44:52.178751,
IT,Italy,AIFA,EFFERALGAN,PARACETAMOLO,"""500 MG COMPRESSE"" 16 COMPRESSE",,26608125,N02BE01,2026-04-16,,shortage - end date unknown,Cessata commercializzazione definitiva,Per trattamento alternativo si consiglia di rivolgersi allo specialista o al M.M.G,2026-10-01T10:44:52.178770,
IT,Italy,AIFA,EFFERALGAN FEBBRE E CONGESTIONE NASALE,PARACETAMOLO + PSEUDOEFEDRINA,«500  mg  +  60  mg  compresse  effervescenti»   8 compresse in 1 tubo PP,,43506017,N02BE71,2025-08-08,,shortage - end date unknown,Motivi commerciali,Per trattamento alternativo si consiglia di rivolgersi allo specialista o al M.M.G,2026-10-01T10:44:52.178789,
IT,Italy,AIFA,EFFERALGAN FEBBRE E CONGESTIONE NASALE,PARACETAMOLO + PSEUDOEFEDRINA,"""500 MG + 60 MG GRANULATO PER SOLUZIONE ORALE"" 10 BUSTINE DA 1,5 G",,43506031,N02BE51,2027-12-31,,shortage - end date unknown,Motivi commerciali,Per trattamento alternativo si consiglia di rivolgersi allo specialista o al M.M.G,2026-10-01T10:44:52.178807,
IT,Italy,AIFA,ELDISINE,VINDESINA SOLFATO,"""5 MG POLVERE PER SOLUZIONE INIETTABILE PER USO ENDOVENOSO "" 1 FLACONE POLVERE",,25289024,L01CA03,2023-03-01,,shortage - end date unknown,Problemi produttivi,Si rilascia autorizzazione allimportazione alle strutture sanitarie per analogo autorizzato allestero,2026-10-01T10:44:52.178826,
IT,Italy,AIFA,ELETRIPTAN AUROBINDO,ELETRIPTAN BROMIDRATO,"""20 MG COMPRESSE RIVESTITE CON FILM"" 3 COMPRESSE IN BLISTER PVC/PVDC-AL",,46713020,N02CC06,2026-09-15,,shortage - end date unknown,Problemi produttivi,Per trattamento alternativo si consiglia di rivolgersi allo specialista o al M.M.G,2026-10-01T10:44:52.178844,60194
IT,Italy,AIFA,ELETRIPTAN AUROBINDO,ELETRIPTAN BROMIDRATO,"""40 MG COMPRESSE RIVESTITE CON FILM"" 6 COMPRESSE IN BLISTER PVC/PVDC-AL",,46713095,N02CC06,2026-09-15,,shortage - end date unknown,Problemi produttivi,Per trattamento alternativo si consiglia di rivolgersi allo specialista o al M.M.G,2026-10-01T10:44:52.178863,60194
IT,Italy,AIFA,ELETRIPTAN EG,ELETRIPTAN BROMIDRATO,"""40 MG COMPRESSE RIVESTITE CON FILM"" 6 COMPRESSE IN BLISTER PVC/PCTFE/AL",,45017124,N02CC06,2026-08-17,,shortage - end date unknown,Problemi produttivi,Per trattamento alternativo si consiglia di rivolgersi allo specialista o al M.M.G,2026-10-01T10:44:52.178881,60194
IT,Italy,AIFA,ELETRIPTAN VIATRIS,ELETRIPTAN BROMIDRATO,"""40 MG COMPRESSE RIVESTITE CON FILM"" 6 COMPRESSE IN BLISTER PVC/ACLAR/AL",,42410148,N02CC06,2026-07-16,,shortage - end date unknown,Elevata richiesta,Per trattamento alternativo si consiglia di rivolgersi allo specialista o al M.M.G,2026-10-01T10:44:52.178899,60194
IT,Italy,AIFA,ELETTROLITICA DI REINTEGRAZIONE CON SODIO GLUCONATO MONICO,MAGNESIO CLORURO + POTASSIO CLORURO + SODIO ACETATO + SODIO CLORURO + SODIO GLUCONATO,"""SOLUZIONE PER INFUSIONE"" 1 FLACONCINO 500 ML",,30862041,B05BB01,2025-06-21,2026-04-10,resolved,Problemi produttivi,Per trattamento alternativo si consiglia di rivolgersi allo specialista o al M.M.G,2026-10-01T10:44:52.178922,
IT,Italy,AIFA,ELETTROLITICA REIDR GLUCOSIO E CALCIO GLUCONATO,CALCIO GLUCONATO + GLUCOSIO (DESTROSIO) MONOIDRATO + MAGNESIO SOLFATO + POTASSIO ACETATO + POTASSIO FOSFATO BIBASICO + SODIO CLORURO,"""SOLUZIONE PER INFUSIONE ENDOVENOSA"" SACCA 1 LITRO",,33762016,B05BB02,2026-12-01,,shortage - end date unknown,Cessata commercializzazione temporanea,Per trattamento alternativo si consiglia di rivolgersi allo specialista o al M.M.G,2026-10-01T10:44:52.178941,
IT,Italy,AIFA,ELIQUIS,APIXABAN,5 MG - COMPRESSA  RIVESTITA CON FILM - USO ORALE - BLISTER (PVC/PVDC/ALU) - 60 COMPRESSE,,41225095,B01AF02,2026-02-02,2026-10-16,shortage,Elevata richiesta: forniture discontinue (carenza relativa solo al canale ospedaliero),"Per trattamento alternativo si consiglia di rivolgersi allo specialista o al MMG. Sono autorizzati e commercializzati in Italia medicinali con medesimo principio attivo, forma farmaceutica, via di somministrazione, modalità di rilascio, dosaggio, e indicazioni terapeutiche ma numero di unità posologiche differente.",2026-10-01T10:44:52.178964,105678
IT,Italy,AIFA,ELMEX,DIIDROFLUORURO DI BIS-(IDROSSIETIL)-AMMINO-PROPIL-N-IDROSSIETIL-OTTADECILAMMINA + IDROFLUORURO DI OTTADECILAMMINA + SODIO FLUORURO,"""GEL DENTALE"" TUBO 215 G",,26487025,A01AA30,2026-06-15,,shortage - end date unknown,Problemi produttivi: forniture discontinue (carenza relativa solo al canale retail),Per trattamento alternativo si consiglia di rivolgersi allo specialista o al M.M.G,2026-10-01T10:44:52.178983,
IT,Italy,AIFA,ELOCON,MOMETASONE FUROATO,"""0,1% SOLUZIONE CUTANEA"" FLACONE 30 G",,27341039,D07AC13,2026-07-13,,shortage - end date unknown,Problemi produttivi,Per trattamento alternativo si consiglia di rivolgersi allo specialista o al M.M.G,2026-10-01T10:44:52.179001,52434
IT,Italy,AIFA,ELTROMBOPAG DR. REDDYS,ELTROMBOPAG OLAMINA,"""50 MG COMPRESSE RIVESTITE CON FILM"" 28 COMPRESSE IN BLISTER AL-AL",,51970073,B02BX05,2026-08-17,,shortage - end date unknown,Problemi produttivi,Per trattamento alternativo si consiglia di rivolgersi allo specialista o al M.M.G,2026-10-01T10:44:52.179020,
IT,Italy,AIFA,ELTROMBOPAG DR. REDDYS,ELTROMBOPAG OLAMINA,"""25 MG COMPRESSE RIVESTITE CON FILM"" 28 COMPRESSE IN BLISTER AL-AL",,51970022,B02BX05,2026-07-01,,shortage - end date unknown,Problemi produttivi,Per trattamento alternativo si consiglia di rivolgersi allo specialista o al M.M.G,2026-10-01T10:44:52.179038,
IT,Italy,AIFA,ELTROMBOPAG EG,ELTROMBOPAG OLAMINA,"""25 MG COMPRESSE RIVESTITE CON FILM"" 28X1 COMPRESSE IN BLISTER DIVISIBILE PER DOSE UNITARIA OPA/AL/PVC-AL",,51763050,B02BX05,2026-08-05,,shortage - end date unknown,Elevata richiesta,Per trattamento alternativo si consiglia di rivolgersi allo specialista o al M.M.G,2026-10-01T10:44:52.179057,
IT,Italy,AIFA,ELTROMBOPAG EG,ELTROMBOPAG OLAMINA,"""50 MG COMPRESSE RIVESTITE CON FILM"" 28X1 COMPRESSE IN BLISTER DIVISIBILE PER DOSE UNITARIA OPA/AL/PVC-AL",,51763112,B02BX05,2026-08-05,,shortage - end date unknown,Elevata richiesta,Per trattamento alternativo si consiglia di rivolgersi allo specialista o al M.M.G,2026-10-01T10:44:52.179075,
IT,Italy,AIFA,ELUCIREM,GADOPICLENOL,"0,5 mmol / mL - Soluzione iniettabile - Uso endovenoso - Flaconcino (vetro) 50 mL - 1 flaconcino",,50995099,V08CA12,2026-04-27,2027-07-12,shortage,Elevata richiesta/problemi produttivi,Per trattamento alternativo si consiglia di rivolgersi allo specialista o al M.M.G,2026-10-01T10:44:52.179099,231851
IT,Italy,AIFA,ELUCIREM,GADOPICLENOL,"0,5 mmol / mL - Soluzione iniettabile - Uso endovenoso - Siringa preriempita (PP) 7,5 mL - 1 siringa preriempita",,50995113,V08CA12,2026-01-30,2027-09-09,shortage,Elevata richiesta,Rilasciata determinazione per limportazione al titolare A.I.C.,2026-10-01T10:44:52.179122,231886
IT,Italy,AIFA,EMAGEL,POLIGELINA,"""35 G/L SOLUZIONE PER INFUSIONE"" 20 FLACONI 500 ML",,20310049,B05AA06,2026-07-20,,shortage - end date unknown,Elevata richiesta,Si rilascia autorizzazione allimportazione alle strutture sanitarie per analogo autorizzato allestero,2026-10-01T10:44:52.179141,
IT,Italy,AIFA,EMBLAVEO,AVIBACTAM + AZTREONAM,"1,5 g/0,5 g - Polvere per concentrato per soluzione per infusione - Uso endovenoso - flaconcino (vetro) - 10 flaconcini",,51204016,J01DF51,2026-03-12,,shortage - end date unknown,Elevata richiesta: distribuzione contingentata,"Si rilascia autorizzazione allimportazione alle strutture sanitarie per analogo autorizzato allestero, nel caso in cui le strutture interessate riscontrino discontinuità nella fornitura, a livello delle reti distributive cui hanno accesso",2026-10-01T10:44:52.179159,229202
IT,Italy,AIFA,EMEND,APREPITANT,125 MG - POLVERE PER SOSPENSIONE ORALE - USO ORALE - BUSTINA (PET/ALL/LLDPE) - 1 BUSTINA + 2 DOSATORI + 1 DISPOSITIVO DI CHIUSURA + 1 CONTENITORE PER LA MISCELAZIONE,,36167118,A04AD12,2020-12-15,,shortage - end date unknown,Cessata commercializzazione definitiva,Si rilascia autorizzazione allimportazione alle strutture sanitarie per analogo autorizzato allestero,2026-10-01T10:44:52.179177,132888
IT,Italy,AIFA,EMEND,APREPITANT + APREPITANT,125 MG + 80 MG 1 CAPSULA RIGIDA (125 MG) + 2 CAPSULE RIGIDE (80 MG) IN BLISTER USO ORALE,,36167068,A04AD12,2026-11-30,,shortage - end date unknown,Cessata commercializzazione definitiva,Per trattamento alternativo si consiglia di rivolgersi allo specialista o al M.M.G,2026-10-01T10:44:52.179198,
IT,Italy,AIFA,EMOSINT,DESMOPRESSINA ACETATO IDRATO,"""20 MCG/1 ML SOLUZIONE INIETTABILE"" 10 FIALE DA 1 ML",,27665025,H01BA02,2024-10-16,2026-12-31,shortage,Cessata commercializzazione temporanea,Si rilascia autorizzazione allimportazione alle strutture sanitarie per analogo autorizzato allestero,2026-10-01T10:44:52.179222,
IT,Italy,AIFA,EMOSINT,DESMOPRESSINA ACETATO IDRATO,"""4 MCG/0,5 ML SOLUZIONE INIETTABILE""10 FIALE 0,5 ML",,27665013,H01BA02,2024-10-16,2026-12-31,shortage,Cessata commercializzazione temporanea,Si rilascia autorizzazione allimportazione alle strutture sanitarie per analogo autorizzato allestero,2026-10-01T10:44:52.179246,
IT,Italy,AIFA,EMTRICITABINA E TENOFOVIR DISOPROXIL AUROBINDO,TENOFOVIR DISOPROXIL,"""200 MG/245 MG COMPRESSE RIVESTITE CON FILM"" 30 COMPRESSE IN FLACONE HDPE",,46225049,J05AR03,2026-10-25,,shortage - end date unknown,Elevata richiesta,"Si rilascia autorizzazione allimportazione alle strutture sanitarie per analogo autorizzato allestero, nel caso in cui le strutture interessate riscontrino discontinuità nella fornitura, a livello delle reti distributive cui hanno accesso",2026-10-01T10:44:52.179265,
IT,Italy,AIFA,EMTRICITABINA E TENOFOVIR DISOPROXIL TEVA,EMTRICITABINA + TENOFOVIR DISOPROXIL,""" 200MG+245MG COMPRESSE RIVESTITE CON FILM "" 30 COMPRESSE IN FLACONE HDPE",,44373076,J05AR03,2026-04-15,2026-11-30,shortage,Problemi produttivi,Rilasciata determinazione per limportazione al titolare A.I.C.,2026-10-01T10:44:52.179288,
IT,Italy,AIFA,EMTRICITABINA/TENOFOVIR DISOPROXIL MYLAN,EMTRICITABINA + TENOFOVIR DISOPROXIL,200 MG  / 245 MG - COMPRESSA RIVESTITA CON FILM - USO ORALE - FLACONE (HDPE) - 30 COMPRESSE,,45229010,J05AR03,2024-10-01,,shortage - end date unknown,Problemi produttivi,"Si rilascia autorizzazione allimportazione alle strutture sanitarie per analogo autorizzato allestero, nel caso in cui le strutture interessate riscontrino discontinuità nella fornitura, a livello delle reti distributive cui hanno accesso",2026-10-01T10:44:52.179307,
IT,Italy,AIFA,ENALAPRIL  PENSA,ENALAPRIL MALEATO,"""5 MG COMPRESSE "" 28 COMPRESSE DIVISIBILI",,38651016,C09AA02,2026-09-01,2026-12-31,shortage,Problemi produttivi,Per trattamento alternativo si consiglia di rivolgersi allo specialista o al M.M.G,2026-10-01T10:44:52.179332,23698
IT,Italy,AIFA,ENALAPRIL AUROBINDO PHARMA ITALIA,ENALAPRIL MALEATO,"""5 MG COMPRESSE"" 28 COMPRESSE IN BLISTER PVC/AL",,46073084,C09AA02,2024-02-12,,shortage - end date unknown,Problemi produttivi,Per trattamento alternativo si consiglia di rivolgersi allo specialista o al M.M.G,2026-10-01T10:44:52.179351,23698
IT,Italy,AIFA,ENALAPRIL AUROBINDO PHARMA ITALIA,ENALAPRIL MALEATO,"""20 MG COMPRESSE"" 28 COMPRESSE IN BLISTER PVC/AL",,46073235,C09AA02,2024-07-05,,shortage - end date unknown,Problemi produttivi,Per trattamento alternativo si consiglia di rivolgersi allo specialista o al M.M.G,2026-10-01T10:44:52.179370,21075
IT,Italy,AIFA,ENALAPRIL AUROBINDO PHARMA ITALIA,ENALAPRIL MALEATO,"""20 MG COMPRESSE"" 14 COMPRESSE IN BLISTER PVC/AL",,46073223,C09AA02,2024-08-30,,shortage - end date unknown,Problemi produttivi (carenza relativa solo al canale retail),Per trattamento alternativo si consiglia di rivolgersi allo specialista o al M.M.G,2026-10-01T10:44:52.179388,21075
IT,Italy,AIFA,ENALAPRIL E IDROCLOROTIAZIDE MYLAN,ENALAPRIL + IDROCLOROTIAZIDE,"""20 MG/12,5 MG COMPRESSE"" 28 COMPRESSE IN BLISTER PVC/ACLAR/AL",,41917143,C09BA02,2026-08-15,,shortage - end date unknown,Problemi produttivi,Per trattamento alternativo si consiglia di rivolgersi allo specialista o al M.M.G,2026-10-01T10:44:52.179408,
IT,Italy,AIFA,ENALAPRIL E IDROCLOROTIAZIDE MYLAN,ENALAPRIL + IDROCLOROTIAZIDE,"""20 MG/12,5 MG COMPRESSE"" 14 COMPRESSE IN BLISTER PVC/ACLAR/AL",,41917129,C09BA02,2026-09-02,,shortage - end date unknown,Problemi produttivi,Per trattamento alternativo si consiglia di rivolgersi allo specialista o al M.M.G,2026-10-01T10:44:52.179428,
IT,Italy,AIFA,ENALAPRIL E IDROCLOROTIAZIDE PENSA,ENALAPRIL + IDROCLOROTIAZIDE,""" 20 MG + 12,5 MG COMPRESSE "" 14 COMPRESSE",,38866012,C09BA02,2026-08-01,,shortage - end date unknown,Cessata commercializzazione definitiva,Per trattamento alternativo si consiglia di rivolgersi allo specialista o al M.M.G,2026-10-01T10:44:52.179447,
IT,Italy,AIFA,ENALAPRIL E LERCANIDIPINA EG STADA,ENALAPRIL + LERCANIDIPINA,"""20 MG/20 MG COMPRESSE RIVESTITE CON FILM"" 28 COMPRESSE IN BLISTER PA/AL/PVC/AL",,47875024,C09BB02,2026-06-22,,shortage - end date unknown,Elevata richiesta,Per trattamento alternativo si consiglia di rivolgersi allo specialista o al M.M.G,2026-10-01T10:44:52.179466,
IT,Italy,AIFA,ENALAPRIL E LERCANIDIPINA MYLAN,ENALAPRIL + LERCANIDIPINA,"""20 MG/20 MG COMPRESSE RIVESTITE CON FILM"" 28 COMPRESSE IN BLISTER OPA/AL/PVC/AL",,50209028,C09BB02,2026-04-15,,shortage - end date unknown,Elevata richiesta,Per trattamento alternativo si consiglia di rivolgersi allo specialista o al M.M.G,2026-10-01T10:44:52.179486,
IT,Italy,AIFA,ENALAPRIL E LERCANIDIPINA ZENTIVA,ENALAPRIL MALEATO + LERCANIDIPINA CLORIDRATO,"""20 mg/10 mg COMPRESSE RIVESTITE CON FILM"" 28 COMPRESSE IN BLISTER PA/AL/PVC-AL",,50663018,C09BB02,2025-10-31,,shortage - end date unknown,Problemi produttivi,Per trattamento alternativo si consiglia di rivolgersi allo specialista o al M.M.G,2026-10-01T10:44:52.179505,
IT,Italy,AIFA,ENALAPRIL E LERCANIDIPINA ZENTIVA ITALIA,ENALAPRIL MALEATO + LERCANIDIPINA CLORIDRATO,"""20 mg/20 mg COMPRESSE RIVESTITE CON FILM"" 28 COMPRESSE IN BLISTER PA/AL/PVC-AL",,50664010,C09BB02,2025-06-30,,shortage - end date unknown,Problemi produttivi,Per trattamento alternativo si consiglia di rivolgersi allo specialista o al M.M.G,2026-10-01T10:44:52.179524,
IT,Italy,AIFA,ENALAPRIL MYLAN GENERICS,ENALAPRIL MALEATO,""" 20 MG COMPRESSE"" BLISTER AL/AL DA 14 COMPRESSE",,36488486,C09AA02,2025-11-24,,shortage - end date unknown,Problemi produttivi,Per trattamento alternativo si consiglia di rivolgersi allo specialista o al M.M.G,2026-10-01T10:44:52.179543,21075
IT,Italy,AIFA,ENALAPRIL MYLAN GENERICS,ENALAPRIL MALEATO,""" 20 MG COMPRESSE"" BLISTER AL/AL DA 28 COMPRESSE",,36488500,C09AA02,2025-10-20,,shortage - end date unknown,Problemi produttivi,Per trattamento alternativo si consiglia di rivolgersi allo specialista o al M.M.G,2026-10-01T10:44:52.179562,21075
IT,Italy,AIFA,ENALAPRIL MYLAN GENERICS,ENALAPRIL MALEATO,""" 5 MG COMPRESSE"" BLISTER AL/AL DA 28 COMPRESSE",,36488334,C09AA02,2026-06-01,,shortage - end date unknown,Problemi produttivi,Per trattamento alternativo si consiglia di rivolgersi allo specialista o al M.M.G,2026-10-01T10:44:52.179582,23698
IT,Italy,AIFA,ENALAPRIL/IDROCLOROTIAZIDE EG STADA,IDROCLOROTIAZIDE,"""20 MG/6 MG COMPRESSE"" 14 COMPRESSE IN BLISTER OPA/AL/PVC/AL",,37382025,C09BA02,2026-09-15,,shortage - end date unknown,Problemi regolatori,Per trattamento alternativo si consiglia di rivolgersi allo specialista o al M.M.G,2026-10-01T10:44:52.179601,
IT,Italy,AIFA,ENALAPRIL/IDROCLOROTIAZIDE EG STADA,IDROCLOROTIAZIDE,"""20 MG/6 MG COMPRESSE"" 28 COMPRESSE IN BLISTER OPA/AL/PVC/AL",,37382049,C09BA02,2026-10-31,,shortage - end date unknown,Problemi produttivi,"Per trattamento alternativo si consiglia di rivolgersi allo specialista o al MMG. Sono autorizzati e commercializzati in Italia medicinali con medesimo principio attivo, forma farmaceutica, via di somministrazione, modalità di rilascio, dosaggio, e indicazioni terapeutiche ma numero di unità posologiche differente.",2026-10-01T10:44:52.179620,
IT,Italy,AIFA,ENBREL,ETANERCEPT,50 MG- SOLUZIONE INIETT IN PENNA PRERIEMPITA -USO SOTTOCUTANEO-1ML(50MG/ML)-4 PENNE PRERIEMPITE + 8 TAMPONI IMBEVUTI DI ALCOL,,34675191,L04AB01,2026-09-25,2026-11-30,shortage,Elevata richiesta: forniture discontinue,Per trattamento alternativo si consiglia di rivolgersi allo specialista o al M.M.G,2026-10-01T10:44:52.179644,106321
IT,Italy,AIFA,ENDOXAN BAXTER,CICLOFOSFAMIDE,"""500 MG POLVERE PER SOLUZIONE INIETTABILE"" 1 FLACONE VETRO TIPO III 500 MG",,15628074,L01AA01,2025-12-23,2026-09-30,resolved,Elevata richiesta/problemi produttivi: distribuzione contingentata,Rilasciata determinazione per limportazione al titolare A.I.C.,2026-10-01T10:44:52.179667,5045
IT,Italy,AIFA,ENDOXAN BAXTER,CICLOFOSFAMIDE,"""1 G POLVERE PER SOLUZIONE INIETTABILE"" 1 FLACONE VETRO TIPO III 1 G",,15628086,L01AA01,2025-12-23,2026-09-30,resolved,Elevata richiesta/problemi produttivi: distribuzione contingentata,"Si rilascia autorizzazione allimportazione alle strutture sanitarie per analogo autorizzato allestero, nel caso in cui le strutture interessate riscontrino discontinuità nella fornitura, a livello delle reti distributive cui hanno accesso",2026-10-01T10:44:52.179691,
IT,Italy,AIFA,ENDOXAN BAXTER,CICLOFOSFAMIDE,"""50 MG COMPRESSE RIVESTITE"" 50 COMPRESSE",,15628011,L01AA01,2026-08-17,,shortage - end date unknown,Problemi produttivi,Rilasciata determinazione per limportazione al titolare A.I.C.,2026-10-01T10:44:52.179709,957
IT,Italy,AIFA,ENGERIX B,VACCINO EPATITICO B,25 FLAC. MONODOSE + SIRINGHE,,26653042,J07BC01,2017-07-11,,shortage - end date unknown,Cessata commercializzazione definitiva,Si rilascia autorizzazione allimportazione alle strutture sanitarie per analogo autorizzato allestero,2026-10-01T10:44:52.179728,212717
IT,Italy,AIFA,ENGERIX B,VACCINO EPATITICO B,SIRINGA PRERIEMPITA SOSP INIETT 1ML/20MCG,,26653079,J07BC01,2026-08-27,,shortage - end date unknown,Elevata richiesta/problemi produttivi,"Si rilascia autorizzazione allimportazione alle strutture sanitarie per analogo autorizzato allestero, nel caso in cui le strutture interessate riscontrino discontinuità nella fornitura, a livello delle reti distributive cui hanno accesso",2026-10-01T10:44:52.179749,48321
IT,Italy,AIFA,ENTECAVIR SUN,ENTECAVIR,"""0,5 MG COMPRESSE RIVESTITE CON FILM"" 30 COMPRESSE IN BLISTER OPA/AL-PVC",,47070014,J05AF10,2022-08-08,,shortage - end date unknown,Elevata richiesta/problemi produttivi: forniture discontinue,"Si rilascia autorizzazione allimportazione alle strutture sanitarie per analogo autorizzato allestero, nel caso in cui le strutture interessate riscontrino discontinuità nella fornitura, a livello delle reti distributive cui hanno accesso",2026-10-01T10:44:52.179768,81388
IT,Italy,AIFA,ENTECAVIR VIATRIS,ENTECAVIR,1 MG - COMPRESSA RIVESTITA CON FILM - USO ORALE - BLISTER (OPA/ALU/PVC-ALU) - 30 COMPRESSE,,45672072,J05AF10,2025-05-19,,shortage - end date unknown,Elevata richiesta,"Si rilascia autorizzazione allimportazione alle strutture sanitarie per analogo autorizzato allestero, nel caso in cui le strutture interessate riscontrino discontinuità nella fornitura, a livello delle reti distributive cui hanno accesso",2026-10-01T10:44:52.179786,81396
IT,Italy,AIFA,ENTECAVIR VIATRIS,ENTECAVIR,"0,5 MG - COMPRESSA RIVESTITA CON FILM - USO ORALE - BLISTER (OPA/ALU/PVC-ALU) - 30 COMPRESSE",,45672021,J05AF10,2026-10-10,,shortage - end date unknown,Problemi produttivi,Si rilascia autorizzazione allimportazione alle strutture sanitarie per analogo autorizzato allestero,2026-10-01T10:44:52.179805,81388
IT,Italy,AIFA,ENTEROGERMINA,BACILLUS CLAUSII,"""2 MILIARDI/5 ML  SOSPENSIONE ORALE"" 10 FLACONCINI 5 ML",,13046038,,2025-10-24,,shortage - end date unknown,Motivi commerciali: cessata commercializzazione definitiva sul canale ospedaliero,Per trattamento alternativo si consiglia di rivolgersi allo specialista o al M.M.G,2026-10-01T10:44:52.179824,
IT,Italy,AIFA,EPIRUBICINA AHCL,EPIRUBICINA CLORIDRATO,"""2 MG/ML SOLUZIONE INIETTABILE O PER INFUSIONE"" 1 FLACONCINO IN VETRO DA 5 ML",,39244013,L01DB03,2026-11-25,,shortage - end date unknown,Problemi produttivi,"Si rilascia autorizzazione allimportazione alle strutture sanitarie per analogo autorizzato allestero, nel caso in cui le strutture interessate riscontrino discontinuità nella fornitura, a livello delle reti distributive cui hanno accesso",2026-10-01T10:44:52.179849,82252
IT,Italy,AIFA,EPIRUBICINA AHCL,EPIRUBICINA CLORIDRATO,"""2 MG/ML SOLUZIONE INIETTABILE O PER INFUSIONE"" 1 FLACONCINO IN VETRO DA 25 ML",,39244037,L01DB03,2026-06-05,,shortage - end date unknown,Problemi produttivi,"Si rilascia autorizzazione allimportazione alle strutture sanitarie per analogo autorizzato allestero, nel caso in cui le strutture interessate riscontrino discontinuità nella fornitura, a livello delle reti distributive cui hanno accesso",2026-10-01T10:44:52.179868,82260
IT,Italy,AIFA,EPIRUBICINA AHCL,EPIRUBICINA CLORIDRATO,"""2 MG/ML SOLUZIONE INIETTABILE O PER INFUSIONE"" 1 FLACONCINO IN VETRO DA 100 ML",,39244049,L01DB03,2026-10-31,,shortage - end date unknown,Motivi commerciali,"Si rilascia autorizzazione allimportazione alle strutture sanitarie per analogo autorizzato allestero, nel caso in cui le strutture interessate riscontrino discontinuità nella fornitura, a livello delle reti distributive cui hanno accesso",2026-10-01T10:44:52.179887,
IT,Italy,AIFA,EPLERENONE ACCORD,EPLERENONE,"""25 MG COMPRESSE RIVESTITE CON FILM"" 30 COMPRESSE IN BLISTER AL/PVC",,43722038,C03DA04,2026-03-24,,shortage - end date unknown,Elevata richiesta,Per trattamento alternativo si consiglia di rivolgersi allo specialista o al M.M.G,2026-10-01T10:44:52.179905,73431
IT,Italy,AIFA,EPLERENONE MYLAN,EPLERENONE,"""50 MG COMPRESSE RIVESTITE CON FILM"" 30 COMPRESSE IN BLISTER PVC/AL",,43626062,C03DA04,2026-06-25,,shortage - end date unknown,Elevata richiesta,Per trattamento alternativo si consiglia di rivolgersi allo specialista o al M.M.G,2026-10-01T10:44:52.179924,73458
IT,Italy,AIFA,EPLERENONE MYLAN,EPLERENONE,"""25 MG COMPRESSE RIVESTITE CON FILM"" 30 COMPRESSE IN BLISTER PVC/AL",,43626023,C03DA04,2026-07-08,,shortage - end date unknown,Elevata richiesta,Per trattamento alternativo si consiglia di rivolgersi allo specialista o al M.M.G,2026-10-01T10:44:52.179943,73431
IT,Italy,AIFA,EPORATIO,EPOETINA TETA,"30.000 UI/1,0 ML - SOLUZIONE INIETTABILE - USO SOTTOCUTANEO O ENDOVENOSO - SIRINGA PRERIEMPITA (VETRO) CON AGO DI SICUREZZA 1,0 ML - 1 SIRINGA",,39474402,B03XA01,2026-10-05,,shortage - end date unknown,Problemi produttivi (carenza relativa solo al canale ospedaliero),"Si rilascia autorizzazione allimportazione alle strutture sanitarie per analogo autorizzato allestero, nel caso in cui le strutture interessate riscontrino discontinuità nella fornitura, a livello delle reti distributive cui hanno accesso",2026-10-01T10:44:52.179962,
IT,Italy,AIFA,EPREX,EPOETINA ALFA,1 SIRINGA PRERIEMPITA DA 5.000 UI/0.5 ML,,27015231,B03XA01,2024-06-04,,shortage - end date unknown,Elevata richiesta: distribuzione contingentata,"Si rilascia autorizzazione allimportazione alle strutture sanitarie per analogo autorizzato allestero, nel caso in cui le strutture interessate riscontrino discontinuità nella fornitura, a livello delle reti distributive cui hanno accesso",2026-10-01T10:44:52.179982,
IT,Italy,AIFA,EPREX,EPOETINA ALFA,1 SIRINGA TAMP FOSF 10.000 UI/1ML,,27015181,B03XA01,2024-06-04,,shortage - end date unknown,Elevata richiesta: distribuzione contingentata,"Si rilascia autorizzazione allimportazione alle strutture sanitarie per analogo autorizzato allestero, nel caso in cui le strutture interessate riscontrino discontinuità nella fornitura, a livello delle reti distributive cui hanno accesso",2026-10-01T10:44:52.180001,43036
IT,Italy,AIFA,EPREX,EPOETINA ALFA,"""40.000 UI SOLUZIONE INIETTABILE"" 1 SIRINGA PRERIEMPITA DA 40.000 UI/1ML",,27015282,B03XA01,2024-06-04,,shortage - end date unknown,Elevata richiesta: distribuzione contingentata,"Si rilascia autorizzazione allimportazione alle strutture sanitarie per analogo autorizzato allestero, nel caso in cui le strutture interessate riscontrino discontinuità nella fornitura, a livello delle reti distributive cui hanno accesso",2026-10-01T10:44:52.180020,80748
IT,Italy,AIFA,EPREX,EPOETINA ALFA,"1 SIR TAMP FOSF 3.000 UI/0,3 ML",,27015167,B03XA01,2024-06-04,,shortage - end date unknown,Elevata richiesta: distribuzione contingentata,"Si rilascia autorizzazione allimportazione alle strutture sanitarie per analogo autorizzato allestero, nel caso in cui le strutture interessate riscontrino discontinuità nella fornitura, a livello delle reti distributive cui hanno accesso",2026-10-01T10:44:52.180041,43001
IT,Italy,AIFA,EPREX,EPOETINA ALFA,"1 SIRINGA TAMP FOSF 1.000 UI/0,5ML",,27015142,B03XA01,2024-06-04,,shortage - end date unknown,Elevata richiesta: distribuzione contingentata,"Si rilascia autorizzazione allimportazione alle strutture sanitarie per analogo autorizzato allestero, nel caso in cui le strutture interessate riscontrino discontinuità nella fornitura, a livello delle reti distributive cui hanno accesso",2026-10-01T10:44:52.180063,42986
IT,Italy,AIFA,EPREX,EPOETINA ALFA,"1 SIRINGA TAMP FOSF 2.000 UI/0,5ML",,27015155,B03XA01,2024-06-04,,shortage - end date unknown,Elevata richiesta: distribuzione contingentata,"Si rilascia autorizzazione allimportazione alle strutture sanitarie per analogo autorizzato allestero, nel caso in cui le strutture interessate riscontrino discontinuità nella fornitura, a livello delle reti distributive cui hanno accesso",2026-10-01T10:44:52.180082,42994
IT,Italy,AIFA,EPREX,EPOETINA ALFA,1 SIRINGA PRERIEMPITA DA 6.000 UI/0.6 ML,,27015243,B03XA01,2024-06-04,,shortage - end date unknown,Elevata richiesta: distribuzione contingentata,"Si rilascia autorizzazione allimportazione alle strutture sanitarie per analogo autorizzato allestero, nel caso in cui le strutture interessate riscontrino discontinuità nella fornitura, a livello delle reti distributive cui hanno accesso",2026-10-01T10:44:52.180101,58416
IT,Italy,AIFA,EPREX,EPOETINA ALFA,"1 SIRINGA TAMP FOSF 4.000 UI/0,4ML",,27015179,B03XA01,2024-06-04,,shortage - end date unknown,Elevata richiesta: distribuzione contingentata,"Si rilascia autorizzazione allimportazione alle strutture sanitarie per analogo autorizzato allestero, nel caso in cui le strutture interessate riscontrino discontinuità nella fornitura, a livello delle reti distributive cui hanno accesso",2026-10-01T10:44:52.180119,43028
IT,Italy,AIFA,EPREX,EPOETINA ALFA,1 SIRINGA PRERIEMPITA DA 8.000 UI/0.8 ML,,27015268,B03XA01,2024-06-04,,shortage - end date unknown,Elevata richiesta: distribuzione contingentata,"Si rilascia autorizzazione allimportazione alle strutture sanitarie per analogo autorizzato allestero, nel caso in cui le strutture interessate riscontrino discontinuità nella fornitura, a livello delle reti distributive cui hanno accesso",2026-10-01T10:44:52.180138,58424
IT,Italy,AIFA,EPSOCLAR,EPARINA SODICA,"""25.000 U.I./5 ML SOLUZIONE PER INFUSIONE "" 10 FIALE 5 ML",,30705026,B01AB01,2027-07-31,,shortage - end date unknown,Cessata commercializzazione definitiva,Per trattamento alternativo si consiglia di rivolgersi allo specialista o al M.M.G,2026-10-01T10:44:52.180158,
IT,Italy,AIFA,EPSOCLAR,EPARINA SODICA,""" 25.000 UI/ 5 ML SOLUZIONE INIETTABILE "" 10 FLACONI 5 ML",,30705040,B01AB01,2027-03-30,,shortage - end date unknown,Cessata commercializzazione definitiva,Per trattamento alternativo si consiglia di rivolgersi allo specialista o al M.M.G,2026-10-01T10:44:52.180178,
IT,Italy,AIFA,EPSOCLAR,EPARINA SODICA,"""5.000 U.I./1 ML SOLUZIONE INIETTABILE"" 10 FIALE 1 ML",,30705014,B01AB01,2026-07-15,,shortage - end date unknown,Cessata commercializzazione definitiva,Per trattamento alternativo si consiglia di rivolgersi allo specialista o al M.M.G,2026-10-01T10:44:52.180196,
IT,Italy,AIFA,EPSODILAVE,EPARINA SODICA,"""250 UI/5 ML SOLUZIONE PER PERVIETA' DEI CATETERI""  10 FIALE 5 ML",,34630018,B01AB01,2024-12-03,,shortage - end date unknown,Cessata commercializzazione definitiva,Si rilascia autorizzazione allimportazione alle strutture sanitarie per analogo autorizzato allestero,2026-10-01T10:44:52.180215,
IT,Italy,AIFA,EPSODILAVE,EPARINA SODICA,"""300 UI/3 ML SOLUZIONE PER PERVIETA' DEI CATETERI"" 10 FIALE 3 ML",,34630020,B01AB01,2025-01-10,,shortage - end date unknown,Cessata commercializzazione definitiva,Si rilascia autorizzazione allimportazione alle strutture sanitarie per analogo autorizzato allestero,2026-10-01T10:44:52.180233,
IT,Italy,AIFA,EPSODILAVE,EPARINA SODICA,"""500 UI/2 ML SOLUZIONE PER PERVIETA' DEI CATETERI"" 10 FIALE 2 ML",,34630032,B01AB01,2025-02-28,,shortage - end date unknown,Cessata commercializzazione definitiva,Si rilascia autorizzazione allimportazione alle strutture sanitarie per analogo autorizzato allestero,2026-10-01T10:44:52.180252,
IT,Italy,AIFA,EQUITON,PILOCARPINA CLORIDRATO + TIMOLOLO MALEATO,"""5MG/ML + 10MG/ML COLLIRIO, SOLUZIONE"" 1 FLACONE DA 5 ML",,26064016,S01ED51,2026-03-16,2027-06-01,shortage,Elevata richiesta,Per trattamento alternativo si consiglia di rivolgersi allo specialista o al M.M.G,2026-10-01T10:44:52.180275,212296
IT,Italy,AIFA,EQUIVERA,CALCIO CLORURO DIIDRATO + GLUCOSIO + MAGNESIO CLORURO ESAIDRATO + SODIO BICARBONATO + SODIO CLORURO,"""1,5% GLUCOSIO, 1,25 MMOL/L CALCIO SOLUZIONE PER DIALISI PERITONEALE"" 4 DOPPIE SACCHE STAY SAFE IN PP/ELASTOMERO DA 2000 ML",,44225011,,2025-12-18,,shortage - end date unknown,Problemi produttivi,"Si rilascia autorizzazione allimportazione alle strutture sanitarie per analogo autorizzato allestero, nel caso in cui le strutture interessate riscontrino discontinuità nella fornitura, a livello delle reti distributive cui hanno accesso",2026-10-01T10:44:52.180295,
IT,Italy,AIFA,ERIBULINA ZENTIVA,ERIBULINA MESILATO,"0,44 MG/ML SOLUZIONE INIETTABILE 1 FLACONCINO IN VETRO DA 2ML",,51021018,L01XX41,2026-06-30,,shortage - end date unknown,Elevata richiesta/problemi produttivi,Per trattamento alternativo si consiglia di rivolgersi allo specialista o al M.M.G,2026-10-01T10:44:52.180314,98809
IT,Italy,AIFA,ERITROMICINA IDI,ERITROMICINA,""" 3 % SOLUZIONE CUTANEA "" FLACONE DA 40 ML",,29171042,D10AF02,2025-01-31,,shortage - end date unknown,Problemi produttivi,Per trattamento alternativo si consiglia di rivolgersi allo specialista o al M.M.G,2026-10-01T10:44:52.180332,
IT,Italy,AIFA,ERTAPENEM SUN,ERTAPENEM,1 g - Polvere per concentrato per soluzione per infusione - Uso endovenoso - Flaconcino (vetro) 1 g - 1 flaconcino,,50216011,J01DH03,2025-07-18,,shortage - end date unknown,Problemi produttivi: distribuzione contingentata,Per trattamento alternativo si consiglia di rivolgersi allo specialista o al M.M.G,2026-10-01T10:44:52.180351,63525
IT,Italy,AIFA,ESCITALOPRAM ACCORD,ESCITALOPRAM OSSALATO,""" 10 MG COMPRESSE RIVESTITE CON FILM "" 28 COMPRESSE IN BLISTER PVC/PE/PVDC/AL",,43592029,N06AB10,2026-04-24,,shortage - end date unknown,Elevata richiesta,Per trattamento alternativo si consiglia di rivolgersi allo specialista o al M.M.G,2026-10-01T10:44:52.180369,74969
IT,Italy,AIFA,ESCITALOPRAM ACCORD,ESCITALOPRAM OSSALATO,""" 20 MG COMPRESSE RIVESTITE CON FILM "" 28 COMPRESSE IN BLISTER PVC/PE/PVDC/AL",,43592120,N06AB10,2026-04-24,,shortage - end date unknown,Elevata richiesta,Per trattamento alternativo si consiglia di rivolgersi allo specialista o al M.M.G,2026-10-01T10:44:52.180387,74977
IT,Italy,AIFA,ESCITALOPRAM EG STADA,ESCITALOPRAM OSSALATO,"""20 MG/ML GOCCE ORALI, SOLUZIONE"" 1 FLACONE IN VETRO DA 15 ML CON CONTAGOCCE",,41646011,N06AB10,2026-06-01,,shortage - end date unknown,Problemi regolatori,Per trattamento alternativo si consiglia di rivolgersi allo specialista o al M.M.G,2026-10-01T10:44:52.180406,87998
IT,Italy,AIFA,ESCITALOPRAM MYLAN,ESCITALOPRAM OSSALATO,"""20 MG COMPRESSE RIVESTITE CON FILM"" 28 COMPRESSE IN BLISTER PVC/PVDC/AL",,44258236,N06AB10,2025-12-10,,shortage - end date unknown,Problemi produttivi,Per trattamento alternativo si consiglia di rivolgersi allo specialista o al M.M.G,2026-10-01T10:44:52.180425,74977
IT,Italy,AIFA,ESCITALOPRAM PENSA,ESCITALOPRAM OSSALATO,"""10 MG COMPRESSE RIVESTITE CON FILM"" 28 COMPRESSE IN BLISTER PVC/PE/PVDC/AL",,42975021,N06AB10,2026-04-13,2027-03-31,shortage,Problemi produttivi,Per trattamento alternativo si consiglia di rivolgersi allo specialista o al M.M.G,2026-10-01T10:44:52.180448,74969
IT,Italy,AIFA,ESCITALOPRAM PENSA,ESCITALOPRAM OSSALATO,"""20 MG COMPRESSE RIVESTITE CON FILM"" 28 COMPRESSE IN BLISTER PVC/PE/PVDC/AL",,42975072,N06AB10,2026-10-01,2027-06-30,shortage,Problemi regolatori,Per trattamento alternativo si consiglia di rivolgersi allo specialista o al M.M.G,2026-10-01T10:44:52.180472,74977
IT,Italy,AIFA,ESCITALOPRAM SUN,ESCITALOPRAM OSSALATO,""" 20 MG COMPRESSE RIVESTITE CON FILM "" 28 COMPRESSE IN BLISTER PA/AL/PVC/AL",,42458101,N06AB10,2023-12-15,,shortage - end date unknown,Problemi produttivi,Per trattamento alternativo si consiglia di rivolgersi allo specialista o al M.M.G,2026-10-01T10:44:52.180490,74977
IT,Italy,AIFA,ESCITALOPRAM ZENTIVA,ESCITALOPRAM OSSALATO,"""10 MG COMPRESSE RIVESTITE CON FILM"" 28 COMPRESSE IN BLISTER OPA/ALU/PVC-AL",,43069044,N06AB10,2022-12-30,,shortage - end date unknown,Problemi produttivi: forniture discontinue,Per trattamento alternativo si consiglia di rivolgersi allo specialista o al M.M.G,2026-10-01T10:44:52.180509,74969
IT,Italy,AIFA,ESCITALOPRAM ZENTIVA,ESCITALOPRAM OSSALATO,"""20 MG COMPRESSE RIVESTITE CON FILM"" 28 COMPRESSE IN BLISTER OPA/ALU/PVC-AL",,43069119,N06AB10,2023-12-15,,shortage - end date unknown,Problemi produttivi,Per trattamento alternativo si consiglia di rivolgersi allo specialista o al M.M.G,2026-10-01T10:44:52.180528,74977
IT,Italy,AIFA,ESILGAN,ESTAZOLAM,"""2 MG COMPRESSE"" 30 COMPRESSE Blister in PVC/PVDC/alluminio",,25053036,N05CD04,2026-10-10,2026-11-30,shortage,Problemi produttivi: distribuzione contingentata,Per trattamento alternativo si consiglia di rivolgersi allo specialista o al M.M.G,2026-10-01T10:44:52.180551,
IT,Italy,AIFA,ESMERON,ROCURONIO BROMURO,""" 10 MG/ML SOLUZIONE INIETTABILE PER USO ENDOVENOSO "" 10 FLACONCINI DA 5 ML",,29209057,M03AC09,2026-08-07,,shortage - end date unknown,Cessata commercializzazione definitiva,Per trattamento alternativo si consiglia di rivolgersi allo specialista o al M.M.G,2026-10-01T10:44:52.180570,46280
IT,Italy,AIFA,ESOMEPRAZOLO DOC,ESOMEPRAZOLO MAGNESIO TRIIDRATO,"""40 MG COMPRESSE GASTRORESISTENTI"" 28 COMPRESSE IN BLISTER OPA/AL/PVC/AL",,40837142,A02BC05,2026-05-31,,shortage - end date unknown,Problemi produttivi,Per trattamento alternativo si consiglia di rivolgersi allo specialista o al M.M.G,2026-10-01T10:44:52.180589,57878
IT,Italy,AIFA,ESOMEPRAZOLO DOC,ESOMEPRAZOLO MAGNESIO TRIIDRATO,"""40 MG COMPRESSE GASTRORESISTENTI"" 14 COMPRESSE IN BLISTER OPA/AL/PVC/AL",,40837128,A02BC05,2026-05-31,,shortage - end date unknown,Problemi produttivi,Per trattamento alternativo si consiglia di rivolgersi allo specialista o al M.M.G,2026-10-01T10:44:52.180607,57878
IT,Italy,AIFA,ESOMEPRAZOLO DOC,ESOMEPRAZOLO MAGNESIO TRIIDRATO,"""20 MG COMPRESSE GASTRORESISTENTI"" 28 COMPRESSE IN BLISTER OPA/AL/PVC/AL",,40837130,A02BC05,2026-08-31,,shortage - end date unknown,Problemi produttivi,Per trattamento alternativo si consiglia di rivolgersi allo specialista o al M.M.G,2026-10-01T10:44:52.180626,57851
IT,Italy,AIFA,ESOMEPRAZOLO DOC,ESOMEPRAZOLO MAGNESIO TRIIDRATO,"""20 MG COMPRESSE GASTRORESISTENTI"" 14 COMPRESSE IN BLISTER OPA/AL/PVC/AL",,40837116,A02BC05,2026-08-31,,shortage - end date unknown,Problemi produttivi,Per trattamento alternativo si consiglia di rivolgersi allo specialista o al M.M.G,2026-10-01T10:44:52.180644,57851
IT,Italy,AIFA,ESOMEPRAZOLO EUROGENERICI,ESOMEPRAZOLO MAGNESIO DIIDRATO,"""40 MG COMPRESSE GASTRORESISTENTI"" 14 COMPRESSE IN BLISTER OPA/AL/PVC-AL",,41803040,A02BC05,2026-10-31,,shortage - end date unknown,Problemi produttivi,Per trattamento alternativo si consiglia di rivolgersi allo specialista o al M.M.G,2026-10-01T10:44:52.180662,57878
IT,Italy,AIFA,ESOMEPRAZOLO EUROGENERICI,ESOMEPRAZOLO MAGNESIO DIIDRATO,"""40 MG COMPRESSE GASTRORESISTENTI"" 28 COMPRESSE IN BLISTER OPA/AL/PVC-AL",,41803127,A02BC05,2026-10-31,,shortage - end date unknown,Problemi produttivi,Per trattamento alternativo si consiglia di rivolgersi allo specialista o al M.M.G,2026-10-01T10:44:52.180681,57878
IT,Italy,AIFA,ESOMEPRAZOLO MYLAN GENERICS,ESOMEPRAZOLO,"""20 MG COMPRESSE GASTRORESISTENTI"" 14 COMPRESSE IN BLISTER OPA-AL-PVC/AL",,46185043,A02BC05,2026-06-01,,shortage - end date unknown,Problemi produttivi,Per trattamento alternativo si consiglia di rivolgersi allo specialista o al M.M.G,2026-10-01T10:44:52.180700,57851
IT,Italy,AIFA,ESOMEPRAZOLO MYLAN GENERICS,ESOMEPRAZOLO,"""40 MG COMPRESSE GASTRORESISTENTI"" 28 COMPRESSE IN BLISTER OPA-AL-PVC/AL",,46185144,A02BC05,2026-09-05,,shortage - end date unknown,Problemi produttivi,Per trattamento alternativo si consiglia di rivolgersi allo specialista o al M.M.G,2026-10-01T10:44:52.180720,57878
IT,Italy,AIFA,ESOMEPRAZOLO MYLAN GENERICS,ESOMEPRAZOLO,"""20 MG COMPRESSE GASTRORESISTENTI"" 28 COMPRESSE IN BLISTER OPA-AL-PVC/AL",,46185068,A02BC05,2026-09-10,,shortage - end date unknown,Problemi produttivi,Per trattamento alternativo si consiglia di rivolgersi allo specialista o al M.M.G,2026-10-01T10:44:52.180738,57851
IT,Italy,AIFA,ESOMEPRAZOLO SUN,ESOMEPRAZOLO SODICO,"""40 MG POLVERE PER SOLUZIONE INIETTABILE/PER INFUSIONE"" 1 FLACONCINO 5 ML",,40438018,A02BC05,2025-07-31,,shortage - end date unknown,Problemi produttivi: distribuzione contingentata,Si rilascia autorizzazione allimportazione alle strutture sanitarie per analogo autorizzato allestero,2026-10-01T10:44:52.180757,100137
IT,Italy,AIFA,ESOMEPRAZOLO TILLOMED,ESOMEPRAZOLO SODICO,"""40 MG POLVERE PER SOLUZIONE PER INFUSIONE"" 10 FLACONCINI IN VETRO DA 5 ML",,47977020,A02BC05,2025-09-08,,shortage - end date unknown,Problemi produttivi,Rilasciata determinazione per limportazione al titolare A.I.C.,2026-10-01T10:44:52.180775,100137
IT,Italy,AIFA,ESOMEPRAZOLO ZENTIVA,ESOMEPRAZOLO MAGNESIO TRIIDRATO,"""20 MG CAPSULE RIGIDE GASTRORESISTENTI"" 28 CAPSULE IN BLISTER PA-AL-PVC/AL",,40562062,A02BC05,2025-05-15,,shortage - end date unknown,Problemi produttivi,Per trattamento alternativo si consiglia di rivolgersi allo specialista o al M.M.G,2026-10-01T10:44:52.180793,94862
IT,Italy,AIFA,ETOPOSIDE ACCORD,ETOPOSIDE,""" 20 MG/ML CONCENTRATO PER SOLUZIONE PER INFUSIONE "" 1 FLACONCINO IN VETRO DA 100 MG/5 ML",,42673018,L01CB01,2026-10-02,,shortage - end date unknown,Elevata richiesta,Per trattamento alternativo si consiglia di rivolgersi allo specialista o al M.M.G,2026-10-01T10:44:52.180814,32700
IT,Italy,AIFA,ETOPOSIDE SANDOZ,ETOPOSIDE,"""20 MG/ML CONCENTRATO PER SOLUZIONE PER INFUSIONE"" 1 FLACOCINO IN VETRO  DA 5 ML",,36622013,L01CB01,2026-11-02,,shortage - end date unknown,Problemi produttivi,Per trattamento alternativo si consiglia di rivolgersi allo specialista o al M.M.G,2026-10-01T10:44:52.180832,32700
IT,Italy,AIFA,ETOPOSIDE TEVA,ETOPOSIDE,"""20 MG/ML CONCENTRATO PER SOLUZIONE PER INFUSIONE"" 1 FLACONCINO DA 10 ML",,34410023,L01CB01,2026-06-30,,shortage - end date unknown,Problemi produttivi,Per trattamento alternativo si consiglia di rivolgersi allo specialista o al M.M.G,2026-10-01T10:44:52.180851,39381
IT,Italy,AIFA,ETORICOXIB EG,ETORICOXIB,"""90 MG COMPRESSE RIVESTITE CON FILM"" 20 COMPRESSE IN BLISTER OPA/AL/PVC/AL",,44451185,M01AH05,2026-08-18,,shortage - end date unknown,Problemi regolatori,Per trattamento alternativo si consiglia di rivolgersi allo specialista o al M.M.G,2026-10-01T10:44:52.180869,66753
IT,Italy,AIFA,ETORICOXIB EG,ETORICOXIB,"""120 MG COMPRESSE RIVESTITE CON FILM"" 5 COMPRESSE IN BLISTER OPA/AL/PVC/AL",,44451250,M01AH05,2026-11-01,,shortage - end date unknown,Problemi regolatori,Per trattamento alternativo si consiglia di rivolgersi allo specialista o al M.M.G,2026-10-01T10:44:52.180888,66761
IT,Italy,AIFA,ETORICOXIB EG,ETORICOXIB,"""60 MG COMPRESSE RIVESTITE CON FILM"" 20 COMPRESSE IN BLISTER OPA/AL/PVC/AL",,44451084,M01AH05,2026-08-18,,shortage - end date unknown,Problemi regolatori,Per trattamento alternativo si consiglia di rivolgersi allo specialista o al M.M.G,2026-10-01T10:44:52.180909,66745
IT,Italy,AIFA,ETORICOXIB MYLAN,ETORICOXIB,"""120 MG COMPRESSE RIVESTITE CON FILM"" 5 COMPRESSE IN BLISTER PVDC/PVC/AL",,43546112,M01AH05,2026-09-10,,shortage - end date unknown,Problemi produttivi,Per trattamento alternativo si consiglia di rivolgersi allo specialista o al M.M.G,2026-10-01T10:44:52.180929,66761
IT,Italy,AIFA,ETORICOXIB MYLAN,ETORICOXIB,"""90 MG COMPRESSE RIVESTITE CON FILM"" 20 COMPRESSE IN BLISTER PVDC/PVC/AL",,43546086,M01AH05,2026-07-15,,shortage - end date unknown,Elevata richiesta/problemi produttivi,Per trattamento alternativo si consiglia di rivolgersi allo specialista o al M.M.G,2026-10-01T10:44:52.180948,66753
IT,Italy,AIFA,ETORICOXIB MYLAN,ETORICOXIB,"""60 MG COMPRESSE RIVESTITE CON FILM"" 20 COMPRESSE IN BLISTER PVDC/PVC/AL",,43546050,M01AH05,2026-08-25,,shortage - end date unknown,Elevata richiesta/problemi produttivi,Per trattamento alternativo si consiglia di rivolgersi allo specialista o al M.M.G,2026-10-01T10:44:52.180970,66745
IT,Italy,AIFA,ETORICOXIB PENSA,ETORICOXIB,"""90 MG COMPRESSE RIVESTITE CON FILM"" 20X1 COMPRESSE IN BLISTER AL-AL",,45220050,M01AH05,2024-12-01,2026-12-31,shortage,Problemi produttivi,Per trattamento alternativo si consiglia di rivolgersi allo specialista o al M.M.G,2026-10-01T10:44:52.180994,66753
IT,Italy,AIFA,ETORICOXIB ZENTIVA,ETORICOXIB,"""60 MG COMPRESSE RIVESTITE CON FILM"" 20 COMPRESSE IN BLISTER OPA/AL/PVC/AL",,43747068,M01AH05,2021-12-24,,shortage - end date unknown,Problemi produttivi,Per trattamento alternativo si consiglia di rivolgersi allo specialista o al M.M.G,2026-10-01T10:44:52.181013,66745
IT,Italy,AIFA,ETORICOXIB ZENTIVA,ETORICOXIB,"""90 MG COMPRESSE RIVESTITE CON FILM"" 20 COMPRESSE IN BLISTER OPA/AL/PVC/AL",,43747120,M01AH05,2026-10-31,,shortage - end date unknown,Elevata richiesta/problemi produttivi,Per trattamento alternativo si consiglia di rivolgersi allo specialista o al M.M.G,2026-10-01T10:44:52.181031,66753
IT,Italy,AIFA,EUROCAL D3,CALCIO + COLECALCIFEROLO,"""1000 MG/880 UI GRANULATO EFFERVESCENTE"" 30 BUSTINE",,32840023,,2026-05-29,,shortage - end date unknown,Cessata commercializzazione definitiva,Per trattamento alternativo si consiglia di rivolgersi allo specialista o al M.M.G,2026-10-01T10:44:52.181049,
IT,Italy,AIFA,EUSPIDOL GOLA,KETOPROFENE SALE DI LISINA,"""0,16% SPRAY PER MUCOSA ORALE"" FLACONE DA 15 ML",,41844022,A01AD11,2025-10-31,,shortage - end date unknown,Problemi produttivi,Per trattamento alternativo si consiglia di rivolgersi allo specialista o al M.M.G,2026-10-01T10:44:52.181068,79073
IT,Italy,AIFA,EUSPIFLU,ACIDO ACETILSALICILICO + ACIDO ASCORBICO,"""400 MG + 240 MG COMPRESSE EFFERVESCENTI"" 20 COMPRESSE",,34594022,N02BA51,2026-04-30,,shortage - end date unknown,Problemi produttivi,Per trattamento alternativo si consiglia di rivolgersi allo specialista o al M.M.G,2026-10-01T10:44:52.181087,3964
IT,Italy,AIFA,EUSPIFLU,ACIDO ACETILSALICILICO + ACIDO ASCORBICO,"""400 MG + 240 MG COMPRESSE EFFERVESCENTI"" 10 COMPRESSE",,34594010,N02BA51,2026-04-30,,shortage - end date unknown,Problemi produttivi,Per trattamento alternativo si consiglia di rivolgersi allo specialista o al M.M.G,2026-10-01T10:44:52.181105,3964
IT,Italy,AIFA,EVEROLIMUS SANDOZ GMBH,EVEROLIMUS,"""5 MG COMPRESSE"" 30 COMPRESSE IN BLISTER AL/PA/AL/PVC",,46892055,L01EG02,2026-10-01,,shortage - end date unknown,Cessata commercializzazione definitiva,Per trattamento alternativo si consiglia di rivolgersi allo specialista o al M.M.G,2026-10-01T10:44:52.181124,92568
IT,Italy,AIFA,EVEROLIMUS SANDOZ GMBH,EVEROLIMUS,"""10 MG COMPRESSE"" 30 COMPRESSE IN BLISTER AL/PA/AL/PVC",,46892081,L01EG02,2026-10-01,,shortage - end date unknown,Cessata commercializzazione definitiva,Per trattamento alternativo si consiglia di rivolgersi allo specialista o al M.M.G,2026-10-01T10:44:52.181142,92576
IT,Italy,AIFA,EVOTAZ,ATAZANAVIR (TD),300 MG/150 MG - COMPRESSA RIVESTITA CON FILM - USO ORALE - FLACONE (HDPE) - 30 COMPRESSE,,44318018,J05AR15,2026-12-31,,shortage - end date unknown,Cessata commercializzazione definitiva,Per trattamento alternativo si consiglia di rivolgersi allo specialista o al M.M.G,2026-10-01T10:44:52.181161,
IT,Italy,AIFA,EVRYSDI,RISDIPLAM,"0.75 MG / ML - POLVERE PER SOLUZIONE ORALE - USO GASTROENTERICO, USO ORALE ¿ FLACONE (VETRO) ¿ 1 FLACONE + 1 ADATTATORE A PRESSIONE PER FLACONE + 2 SIRINGHE DA 6 ML + 2 SIRINGHE DA 12 ML",,49370012,M09AX10,2026-09-23,2026-10-06,shortage,Problemi produttivi: distribuzione contingentata,"Si rilascia autorizzazione allimportazione alle strutture sanitarie per analogo autorizzato allestero, nel caso in cui le strutture interessate riscontrino discontinuità nella fornitura, a livello delle reti distributive cui hanno accesso",2026-10-01T10:44:52.181184,218723
IT,Italy,AIFA,EXBLIFEP,CEFEPIME + ENMETAZOBACTAM,2 g / 0.5 g - Polvere per concentrato per soluzione per infusione - Uso endovenoso - Flaconcino (vetro) - 10 flaconcini,,51167017,J01DE51,2026-08-07,2027-01-31,shortage,Ridotta disponibilità: distribuzione contingentata,"Si rilascia autorizzazione allimportazione alle strutture sanitarie per analogo autorizzato allestero, nel caso in cui le strutture interessate riscontrino discontinuità nella fornitura, a livello delle reti distributive cui hanno accesso",2026-10-01T10:44:52.181209,204331
IT,Italy,AIFA,EXELON,RIVASTIGMINA,"56 CAPSULE RIGIDE 4,5 MG",,34078081,N06DA03,2027-01-29,,shortage - end date unknown,Cessata commercializzazione definitiva,Per trattamento alternativo si consiglia di rivolgersi allo specialista o al M.M.G,2026-10-01T10:44:52.181228,50180
IT,Italy,AIFA,EXEMESTANE MYLAN GENERICS,EXEMESTANO,""" 25 MG COMPRESSE RIVESTITE CON FILM "" 30 COMPRESSE IN BLISTER PVC/PVDC/AL",,40886044,L02BG06,2026-08-05,,shortage - end date unknown,Problemi produttivi,Per trattamento alternativo si consiglia di rivolgersi allo specialista o al M.M.G,2026-10-01T10:44:52.181246,54917
IT,Italy,AIFA,EXEMESTANE ZENTIVA,EXEMESTANO,""" 25 MG COMPRESSE RIVESTITE CON FILM "" 30 COMPRESSE IN BLISTER PVC/PVDC/AL",,40940013,L02BG06,2026-08-15,,shortage - end date unknown,Elevata richiesta,Per trattamento alternativo si consiglia di rivolgersi allo specialista o al M.M.G,2026-10-01T10:44:52.181265,54917
IT,Italy,AIFA,EXJADE,DEFERASIROX,360 MG - COMPRESSA RIVESTITA CON FILM - USO ORALE - BLISTERS PVC/PVDC/ALLUMINIO - 30 COMPRESSE,,37421171,V03AC03,2027-01-01,,shortage - end date unknown,Cessata commercializzazione definitiva,Per trattamento alternativo si consiglia di rivolgersi allo specialista o al M.M.G,2026-10-01T10:44:52.181284,137200
IT,Italy,AIFA,EXJADE,DEFERASIROX,180 MG - COMPRESSA RIVESTITA CON FILM - USO ORALE - BLISTERS PVC/PVDC/ALLUMINIO - 30 COMPRESSE,,37421144,V03AC03,2027-01-01,,shortage - end date unknown,Cessata commercializzazione definitiva,Per trattamento alternativo si consiglia di rivolgersi allo specialista o al M.M.G,2026-10-01T10:44:52.181303,137197
IT,Italy,AIFA,EXJADE,DEFERASIROX,90 MG - COMPRESSA RIVESTITA CON FILM - USO ORALE - BLISTERS PVC/PVDC/ALLUMINIO - 30 COMPRESSE,,37421118,V03AC03,2027-01-01,,shortage - end date unknown,Cessata commercializzazione definitiva,Per trattamento alternativo si consiglia di rivolgersi allo specialista o al M.M.G,2026-10-01T10:44:52.181321,137189
IT,Italy,AIFA,EYROOBI,DORZOLAMIDE CLORIDRATO + TIMOLOLO MALEATO,"""20MG/ML+5MG/ML COLLIRIO SOLUZIONE"" 1 FLACONE LDPE DA 5 ML CON DOSATORE NOVELIA",,44738019,S01ED51,2025-07-04,,shortage - end date unknown,Problemi produttivi,Per trattamento alternativo si consiglia di rivolgersi allo specialista o al M.M.G,2026-10-01T10:44:52.181340,
IT,Italy,AIFA,EZETIMIBE ACCORD,EZETIMIBE,"""10 MG COMPRESSE"" 30 COMPRESSE IN BLISTER AL/PVC/ACLAR",,45314162,C10AX09,2025-07-01,,shortage - end date unknown,Motivi commerciali,Per trattamento alternativo si consiglia di rivolgersi allo specialista o al M.M.G,2026-10-01T10:44:52.181359,70645
IT,Italy,AIFA,EZETIMIBE E ATORVASTATINA PENSA,ATORVASTATINA + EZETIMIBE,10 MG/20 MG COMPRESSE RIVESTITE CON FILM 30 COMPRESSE IN BLISTER AL/AL,,50955020,C10BA05,2026-02-16,2026-09-30,resolved,Elevata richiesta/problemi produttivi,Per trattamento alternativo si consiglia di rivolgersi allo specialista o al M.M.G,2026-10-01T10:44:52.181382,70645
IT,Italy,AIFA,EZETIMIBE E ATORVASTATINA PENSA,ATORVASTATINA + EZETIMIBE,10 MG/40 MG COMPRESSE RIVESTITE CON FILM 30 COMPRESSE IN BLISTER AL/AL,,50955032,C10BA05,2026-11-01,2027-03-31,shortage,Problemi produttivi,Per trattamento alternativo si consiglia di rivolgersi allo specialista o al M.M.G,2026-10-01T10:44:52.181406,122815
IT,Italy,AIFA,EZETIMIBE E SIMVASTATINA ACCORD,EZETIMIBE + SIMVASTATINA,"""10 MG/20 MG COMPRESSE"" 30 COMPRESSE IN BLISTER AL/AL",,48258065,C10BA02,2026-04-01,,shortage - end date unknown,Motivi commerciali,Per trattamento alternativo si consiglia di rivolgersi allo specialista o al M.M.G,2026-10-01T10:44:52.181424,70645
IT,Italy,AIFA,EZETIMIBE E SIMVASTATINA ACCORD,EZETIMIBE + SIMVASTATINA,"""10 MG/40 MG COMPRESSE"" 30 COMPRESSE IN BLISTER AL/AL",,48258127,C10BA02,2026-04-24,,shortage - end date unknown,Elevata richiesta,Per trattamento alternativo si consiglia di rivolgersi allo specialista o al M.M.G,2026-10-01T10:44:52.181443,70645
IT,Italy,AIFA,EZETIMIBE E SIMVASTATINA ACCORD,EZETIMIBE + SIMVASTATINA,"""10 MG/10 MG COMPRESSE"" 30 COMPRESSE IN BLISTER AL/AL",,48258026,C10BA02,2026-04-24,,shortage - end date unknown,Elevata richiesta,Per trattamento alternativo si consiglia di rivolgersi allo specialista o al M.M.G,2026-10-01T10:44:52.181462,70645
IT,Italy,AIFA,EZETIMIBE E SIMVASTATINA ALMUS,EZETIMIBE + SIMVASTATINA,"""10 MG/10 MG COMPRESSE"" 30 COMPRESSE IN BLISTER OPA/AL/PVC/AL",,45909013,C10BA02,2026-03-02,2026-09-30,resolved,Problemi produttivi,Per trattamento alternativo si consiglia di rivolgersi allo specialista o al M.M.G,2026-10-01T10:44:52.181486,70645
IT,Italy,AIFA,EZETIMIBE E SIMVASTATINA ALMUS,EZETIMIBE + SIMVASTATINA,"""10 MG/40 MG COMPRESSE"" 30 COMPRESSE IN BLISTER OPA/AL/PVC/AL",,45909037,C10BA02,2026-04-01,2026-09-30,resolved,Problemi produttivi,Per trattamento alternativo si consiglia di rivolgersi allo specialista o al M.M.G,2026-10-01T10:44:52.181514,70645
IT,Italy,AIFA,EZETIMIBE E SIMVASTATINA AUROBINDO,EZETIMIBE + SIMVASTATINA,"""10 MG/10 MG COMPRESSE"" 30 COMPRESSE IN BLISTER OPA/AL/PVC/AL",,46655027,C10BA02,2026-06-14,,shortage - end date unknown,Elevata richiesta/problemi produttivi,Per trattamento alternativo si consiglia di rivolgersi allo specialista o al M.M.G,2026-10-01T10:44:52.181536,70645
IT,Italy,AIFA,EZETIMIBE E SIMVASTATINA AUROBINDO,EZETIMIBE + SIMVASTATINA,"""10 MG/20 MG COMPRESSE"" 30 COMPRESSE IN BLISTER OPA/AL/PVC/AL",,46655078,C10BA02,2026-09-25,,shortage - end date unknown,Problemi produttivi,Per trattamento alternativo si consiglia di rivolgersi allo specialista o al M.M.G,2026-10-01T10:44:52.181555,77038
IT,Italy,AIFA,EZETIMIBE E SIMVASTATINA MYLAN,EZETIMIBE + SIMVASTATINA,"""10MG/10MG COMPRESSE"" 30 COMPRESSE IN BLISTER PVC/ACLAR-AL",,43413032,C10BA02,2025-08-05,,shortage - end date unknown,Problemi produttivi,Per trattamento alternativo si consiglia di rivolgersi allo specialista o al M.M.G,2026-10-01T10:44:52.181574,70645
IT,Italy,AIFA,EZETIMIBE E SIMVASTATINA MYLAN,EZETIMIBE + SIMVASTATINA,"""10MG/20MG COMPRESSE"" 30 COMPRESSE IN BLISTER PVC/ACLAR-AL",,43413119,C10BA02,2026-01-07,,shortage - end date unknown,Problemi produttivi,Per trattamento alternativo si consiglia di rivolgersi allo specialista o al M.M.G,2026-10-01T10:44:52.181592,70645
IT,Italy,AIFA,EZETIMIBE E SIMVASTATINA MYLAN,EZETIMIBE + SIMVASTATINA,"""10MG/40MG COMPRESSE"" 30 COMPRESSE IN BLISTER PVC/ACLAR-AL",,43413246,C10BA02,2026-02-10,,shortage - end date unknown,Problemi produttivi,Per trattamento alternativo si consiglia di rivolgersi allo specialista o al M.M.G,2026-10-01T10:44:52.181615,70645
IT,Italy,AIFA,EZETIMIBE E SIMVASTATINA SUN,EZETIMIBE + SIMVASTATINA,"""10 MG/10 MG COMPRESSE"" 30 COMPRESSE IN BLISTER OPA/AL/PVC/AL",,44087017,C10BA02,2022-12-21,,shortage - end date unknown,Problemi produttivi: forniture discontinue,Per trattamento alternativo si consiglia di rivolgersi allo specialista o al M.M.G,2026-10-01T10:44:52.181634,70645
IT,Italy,AIFA,EZETIMIBE E SIMVASTATINA SUN,EZETIMIBE + SIMVASTATINA,"""10 MG/40 MG COMPRESSE"" 30 COMPRESSE IN BLISTER OPA/AL/PVC/AL",,44087031,C10BA02,2022-12-25,,shortage - end date unknown,Elevata richiesta/problemi produttivi: forniture discontinue,Per trattamento alternativo si consiglia di rivolgersi allo specialista o al M.M.G,2026-10-01T10:44:52.181653,70645
IT,Italy,AIFA,EZETIMIBE E SIMVASTATINA SUN,EZETIMIBE + SIMVASTATINA,"""10 MG/20 MG COMPRESSE"" 30 COMPRESSE IN BLISTER OPA/AL/PVC/AL",,44087029,C10BA02,2022-07-07,,shortage - end date unknown,Problemi produttivi: forniture discontinue,Per trattamento alternativo si consiglia di rivolgersi allo specialista o al M.M.G,2026-10-01T10:44:52.181671,70645
IT,Italy,AIFA,EZETIMIBE E SIMVASTATINA ZENTIVA,EZETIMIBE + SIMVASTATINA,"""10 MG/10 MG COMPRESSE"" 30 COMPRESSE IN BLISTER OPA/AL/PVC/AL",,47147018,C10BA02,2021-02-28,,shortage - end date unknown,Problemi produttivi,Per trattamento alternativo si consiglia di rivolgersi allo specialista o al M.M.G,2026-10-01T10:44:52.181690,70645
IT,Italy,AIFA,EZETIMIBE E SIMVASTATINA ZENTIVA,EZETIMIBE + SIMVASTATINA,"""10 MG/20 MG COMPRESSE"" 30 COMPRESSE IN BLISTER OPA/AL/PVC/AL",,47147044,C10BA02,2021-02-28,,shortage - end date unknown,Problemi produttivi,Per trattamento alternativo si consiglia di rivolgersi allo specialista o al M.M.G,2026-10-01T10:44:52.181709,70645
IT,Italy,AIFA,EZETIMIBE E SIMVASTATINA ZENTIVA,EZETIMIBE + SIMVASTATINA,"""10 MG/40 MG COMPRESSE"" 30 COMPRESSE IN BLISTER OPA/AL/PVC/AL",,47147071,C10BA02,2021-05-01,,shortage - end date unknown,Problemi produttivi,Per trattamento alternativo si consiglia di rivolgersi allo specialista o al M.M.G,2026-10-01T10:44:52.181728,70645
IT,Italy,AIFA,EZETIMIBE MYLAN,EZETIMIBE,"""10 MG COMPRESSE"" 30 COMPRESSE IN BLISTER PVC/PVDC/AL",,42752143,C10AX09,2025-10-01,,shortage - end date unknown,Problemi produttivi,Per trattamento alternativo si consiglia di rivolgersi allo specialista o al M.M.G,2026-10-01T10:44:52.181746,70645
IT,Italy,AIFA,EZETIMIBE ZENTIVA,EZETIMIBE,"""10 COMPRESSE"" 50 COMPRESSE IN BLISTER PVC/PVDC-AL",,45008137,C10AX09,2026-04-30,,shortage - end date unknown,Elevata richiesta/problemi produttivi,Per trattamento alternativo si consiglia di rivolgersi allo specialista o al M.M.G,2026-10-01T10:44:52.181765,70645
IT,Italy,AIFA,EZORAN,ESOMEPRAZOLO MAGNESIO TRIIDRATO,"""20 MG COMPRESSE GASTRORESISTENTI"" 28 COMPRESSE IN BLISTER OPA/AL/PVC/AL",,40838082,A02BC05,2026-05-31,,shortage - end date unknown,Problemi produttivi,Per trattamento alternativo si consiglia di rivolgersi allo specialista o al M.M.G,2026-10-01T10:44:52.181783,57851
IT,Italy,AIFA,EZORAN,ESOMEPRAZOLO MAGNESIO TRIIDRATO,"""40 MG COMPRESSE GASTRORESISTENTI"" 28 COMPRESSE IN BLISTER OPA/AL/PVC/AL",,40838118,A02BC05,2026-07-31,,shortage - end date unknown,Problemi produttivi,Per trattamento alternativo si consiglia di rivolgersi allo specialista o al M.M.G,2026-10-01T10:44:52.181802,57878
IT,Italy,AIFA,FAMCICLOVIR MYLAN GENERICS,FAMCICLOVIR,"""500 MG COMPRESSE RIVESTITE CON FILM "" 21 COMPRESSE IN BLISTER PVC/PE/PVDC/AL",,39252085,J05AB09,2026-07-01,,shortage - end date unknown,Problemi produttivi,Per trattamento alternativo si consiglia di rivolgersi allo specialista o al M.M.G,2026-10-01T10:44:52.181820,43478
IT,Italy,AIFA,FAMCICLOVIR TEVA,FAMCICLOVIR,"""250 MG COMPRESSE RIVESTITE CON FILM"" 21 COMPRESSE IN BLISTER PVC/PE/ACLAR/AL",,38106112,J05AB09,2024-10-31,,shortage - end date unknown,Problemi regolatori,Per trattamento alternativo si consiglia di rivolgersi allo specialista o al M.M.G,2026-10-01T10:44:52.181839,88153
IT,Italy,AIFA,FAMCICLOVIR TEVA,FAMCICLOVIR,"""500 MG COMPRESSE RIVESTITE CON FILM"" 21 COMPRESSE IN BLISTER PVC/PE/ACLAR/AL",,38106213,J05AB09,2024-10-31,,shortage - end date unknown,Problemi regolatori,Per trattamento alternativo si consiglia di rivolgersi allo specialista o al M.M.G,2026-10-01T10:44:52.181858,43478
IT,Italy,AIFA,FAMOTIDINA EG,FAMOTIDINA,«40 MG COMPRESSE RIVESTITE CON FILM»  10  COMPRESSE  IN BLISTER PVC/PVDC/AL,,34433096,A02BA03,2026-11-01,,shortage - end date unknown,Cessata commercializzazione definitiva,"Per trattamento alternativo si consiglia di rivolgersi allo specialista o al MMG. Sono autorizzati e commercializzati in Italia equivalenti e medicinali con medesimo principio attivo, forma farmaceutica, via di somministrazione, modalità di rilascio, dosaggio, e indicazioni terapeutiche ma numero di unità posologiche differente",2026-10-01T10:44:52.181877,24260
IT,Italy,AIFA,FANHDI,FATTORE DI VON WILLEBRAND + FATTORE VIII DI COAGULAZIONE DEL SANGUE UMANO LIOFILIZZATO,"""1000 UI + 1200 UI/10 ML POLVERE E SOLVENTE PER SOLUZIONE PER INFUSIONE"" 1 FLACONCINO POLVERE + 1 SIRINGA PRER CON 10 ML DI SOLV + ACCESSORI",,33866068,B02BD06,2026-09-23,2026-10-16,shortage,Problemi produttivi,Si rilascia autorizzazione allimportazione alle strutture sanitarie per analogo autorizzato allestero,2026-10-01T10:44:52.181901,
IT,Italy,AIFA,FARGANESSE,PROMETAZINA,"""25 MG COMPRESSE RIVESTITE"" 20 COMPRESSE",,26964015,R06AD02,2017-06-19,,shortage - end date unknown,Cessata commercializzazione temporanea,Si rilascia autorizzazione allimportazione alle strutture sanitarie per analogo autorizzato allestero,2026-10-01T10:44:52.181920,47821
IT,Italy,AIFA,FARMAIOD,IODOPOVIDONE,""" 10 % SOLUZIONE CUTANEA "" FLACONE  DA 250 ML",,37842061,D08AG02,2025-09-01,,shortage - end date unknown,Motivi commerciali (carenza relativa solo al canale retail),Per trattamento alternativo si consiglia di rivolgersi allo specialista o al M.M.G,2026-10-01T10:44:52.181939,
IT,Italy,AIFA,FARMORUBICINA,EPIRUBICINA CLORIDRATO,"""50 MG/25 ML SOLUZIONE PER INFUSIONE"" 1 FLACONE DA 25 ML",,25197070,L01DB03,2026-12-01,,shortage - end date unknown,Problemi produttivi,"Si rilascia autorizzazione allimportazione alle strutture sanitarie per analogo autorizzato allestero, nel caso in cui le strutture interessate riscontrino discontinuità nella fornitura, a livello delle reti distributive cui hanno accesso",2026-10-01T10:44:52.181957,82260
IT,Italy,AIFA,FARMORUBICINA,EPIRUBICINA CLORIDRATO,"""10 MG/5 ML SOLUZIONE PER INFUSIONE"" 1 FLACONE DA 5 ML",,25197068,L01DB03,2027-01-12,,shortage - end date unknown,Problemi produttivi,"Si rilascia autorizzazione allimportazione alle strutture sanitarie per analogo autorizzato allestero, nel caso in cui le strutture interessate riscontrino discontinuità nella fornitura, a livello delle reti distributive cui hanno accesso",2026-10-01T10:44:52.181975,82252
IT,Italy,AIFA,FARMORUBICINA,EPIRUBICINA CLORIDRATO,"""200 MG/100 ML SOLUZIONE PER INFUSIONE PER USO ENDOVENOSO"" 1 FLACONE DA 100 ML",,25197082,L01DB03,2026-11-16,,shortage - end date unknown,Problemi produttivi,"Si rilascia autorizzazione allimportazione alle strutture sanitarie per analogo autorizzato allestero, nel caso in cui le strutture interessate riscontrino discontinuità nella fornitura, a livello delle reti distributive cui hanno accesso",2026-10-01T10:44:52.181994,82287
IT,Italy,AIFA,FARVICETT,CETRIMIDE + CLOREXIDINA GLUCONATO,""" 0,015% + 0,15% SOLUZIONE CUTANEA "" 400 BUSTE 25 ML",,32644078,D08AC52,2026-02-01,2026-12-31,shortage,Elevata richiesta: distribuzione contingentata,"Si rilascia autorizzazione allimportazione alle strutture sanitarie per analogo autorizzato allestero, nel caso in cui le strutture interessate riscontrino discontinuità nella fornitura, a livello delle reti distributive cui hanno accesso",2026-10-01T10:44:52.182017,
IT,Italy,AIFA,FASTJEKT,EPINEFRINA,"""300 MICROGRAMMI SOLUZIONE INIETTABILE IN PENNA PRERIEMPITA"" 1 INIETTORE DA 2 ML",,42416038,C01CA24,2026-08-01,,shortage - end date unknown,Elevata richiesta: distribuzione contingentata,Per trattamento alternativo si consiglia di rivolgersi allo specialista o al M.M.G,2026-10-01T10:44:52.182036,145262
IT,Italy,AIFA,FEBUXOSTAT AUROBINDO,FEBUXOSTAT,"""80 MG COMPRESSE RIVESTITE CON FILM"" 28 COMPRESSE IN BLISTER PVC/AL",,46043028,M04AA03,2026-03-20,,shortage - end date unknown,Problemi produttivi,Per trattamento alternativo si consiglia di rivolgersi allo specialista o al M.M.G,2026-10-01T10:44:52.182054,101788
IT,Italy,AIFA,FEBUXOSTAT TEVA,FEBUXOSTAT,"""120 MG COMPRESSE RIVESTITE CON FILM"" 28 COMPRESSE IN BLISTER PVC/PVDC/AL",,44976088,M04AA03,2026-03-16,2026-11-30,shortage,Problemi produttivi,Per trattamento alternativo si consiglia di rivolgersi allo specialista o al M.M.G,2026-10-01T10:44:52.182078,101796
IT,Italy,AIFA,FEBUXOSTAT VIATRIS,FEBUXOSTAT,80 MG - COMPRESSA RIVESTITA CON FILM - USO ORALE - FLACONE (HDPE) - 28 COMPRESSE,,45479072,M04AA03,2025-02-17,,shortage - end date unknown,Problemi produttivi,Per trattamento alternativo si consiglia di rivolgersi allo specialista o al M.M.G,2026-10-01T10:44:52.182096,101788
IT,Italy,AIFA,FEBUXOSTAT VIATRIS,FEBUXOSTAT,120 MG - COMPRESSA RIVESTITA CON FILM - USO ORALE - FLACONE (HDPE) - 28 COMPRESSE,,45479159,M04AA03,2025-06-01,,shortage - end date unknown,Problemi produttivi,Per trattamento alternativo si consiglia di rivolgersi allo specialista o al M.M.G,2026-10-01T10:44:52.182114,101796
IT,Italy,AIFA,FELODIPINA ZENTIVA,FELODIPINA,"""10 MG COMPRESSE A RILASCIO PROLUNGATO"" 14 COMPRESSE IN BLISTER PVC/AL",,37168248,C08CA02,2022-10-01,,shortage - end date unknown,Problemi produttivi,Per trattamento alternativo si consiglia di rivolgersi allo specialista o al M.M.G,2026-10-01T10:44:52.182133,
IT,Italy,AIFA,FELODIPINA ZENTIVA,FELODIPINA,"""5 MG COMPRESSE A RILASCIO PROLUNGATO"" 28 COMPRESSE IN BLISTER PVC/AL",,37168046,C08CA02,2025-12-31,,shortage - end date unknown,Problemi produttivi,Per trattamento alternativo si consiglia di rivolgersi allo specialista o al M.M.G,2026-10-01T10:44:52.182151,
IT,Italy,AIFA,FENADOL,DICLOFENAC SODICO,"""100 MG COMPRESSE A RILASCIO PROLUNGATO"" 20 COMPRESSE",,32141018,M01AB05,2026-06-01,,shortage - end date unknown,Elevata richiesta/problemi produttivi,Per trattamento alternativo si consiglia di rivolgersi allo specialista o al M.M.G,2026-10-01T10:44:52.182170,
IT,Italy,AIFA,FENEXTRA,DEXIBUPROFENE,""" 300 MG GRANULATO PER SOSPENSIONE ORALE "" 30 BUSTINE",,35512072,M01AE14,2026-06-30,,shortage - end date unknown,Cessata commercializzazione definitiva,Per trattamento alternativo si consiglia di rivolgersi allo specialista o al M.M.G,2026-10-01T10:44:52.182189,
IT,Italy,AIFA,FENOFIBRATO ZENTIVA,FENOFIBRATO,""" 200 MG CAPSULE RIGIDE "" 20 CAPSULE",,33557036,C10AB05,2022-01-17,,shortage - end date unknown,Problemi produttivi: forniture discontinue,Per trattamento alternativo si consiglia di rivolgersi allo specialista o al M.M.G,2026-10-01T10:44:52.182207,219304
IT,Italy,AIFA,FENPATCH,FENTANIL,"""50 MCG/H CEROTTI TRANSDERMICI"" 3 CEROTTI IN BUSTINE CARTA/LDPE/AL/SURLYN",,37563057,N02AB03,2026-09-01,,shortage - end date unknown,Problemi produttivi (carenza relativa solo al canale retail),Per trattamento alternativo si consiglia di rivolgersi allo specialista o al M.M.G,2026-10-01T10:44:52.182226,
IT,Italy,AIFA,FENROO,FENTANIL CITRATO,"""100 MICROGRAMMI COMPRESSE OROSOLUBILI"" 28 COMPRESSE IN BLISTER PVC/AL/PA/PVC",,47963020,N02AB03,2026-07-31,,shortage - end date unknown,Elevata richiesta,Per trattamento alternativo si consiglia di rivolgersi allo specialista o al M.M.G,2026-10-01T10:44:52.182246,
IT,Italy,AIFA,FENROO,FENTANIL CITRATO,"""200 MICROGRAMMI COMPRESSE OROSOLUBILI"" 28 COMPRESSE IN BLISTER PVC/AL/PA/PVC",,47963044,N02AB03,2026-07-31,,shortage - end date unknown,Elevata richiesta,Per trattamento alternativo si consiglia di rivolgersi allo specialista o al M.M.G,2026-10-01T10:44:52.182264,
IT,Italy,AIFA,FENROO,FENTANIL CITRATO,"""400 MICROGRAMMI COMPRESSE OROSOLUBILI"" 28 COMPRESSE IN BLISTER PVC/AL/PA/PVC",,47963069,N02AB03,2026-07-31,,shortage - end date unknown,Elevata richiesta,Per trattamento alternativo si consiglia di rivolgersi allo specialista o al M.M.G,2026-10-01T10:44:52.182283,
IT,Italy,AIFA,FENTANEST,FENTANIL CITRATO,"«0,1 mg/2 ml  soluzione  iniettabile»  5  fiale  in vetro da 2 ml",,20473029,N01AH01,2024-02-19,2026-12-31,shortage,Problemi produttivi,Si rilascia autorizzazione allimportazione alle strutture sanitarie per analogo autorizzato allestero-Ministero della Salute  Ufficio Centrale Stupefacenti  Fax 06 5994 3226,2026-10-01T10:44:52.182306,142298
IT,Italy,AIFA,FENTANIL ZENTIVA,FENTANIL,"""25 MCG/H CEROTTI TRANSDERMICI"" 3 CEROTTI IN BUSTINA KRAFT PAPER/PE/AL/SURLYN",,37609017,N02AB03,2023-07-17,,shortage - end date unknown,Problemi produttivi,Per trattamento alternativo si consiglia di rivolgersi allo specialista o al M.M.G,2026-10-01T10:44:52.182325,
IT,Italy,AIFA,FENTANIL ZENTIVA,FENTANIL,"""75 MCG/H CEROTTI TRANSDERMICI"" 3 CEROTTI IN BUSTINA KRAFT PAPER/PE/AL/SURLYN",,37609094,N02AB03,2023-10-16,,shortage - end date unknown,Problemi produttivi,Per trattamento alternativo si consiglia di rivolgersi allo specialista o al M.M.G,2026-10-01T10:44:52.182343,
IT,Italy,AIFA,FENTANIL ZENTIVA,FENTANIL,"""100 MCG/H CEROTTI TRANSDERMICI"" 3 CEROTTI IN BUSTINA KRAFT PAPER/PE/AL/SURLYN",,37609132,N02AB03,2023-09-11,,shortage - end date unknown,Problemi produttivi,Per trattamento alternativo si consiglia di rivolgersi allo specialista o al M.M.G,2026-10-01T10:44:52.182361,
IT,Italy,AIFA,FENTANYL HAMELN,FENTANIL CITRATO,50 MCG/ML 5 FIALE DA 10 ML DI SOLUZIONE INIETTABILE,,35693023,N01AH01,2026-07-22,,shortage - end date unknown,Cessata commercializzazione definitiva,"Per trattamento alternativo si consiglia di rivolgersi allo specialista o al MMG. Sono autorizzati e commercializzati in Italia medicinali con medesimo principio attivo, forma farmaceutica, via di somministrazione, modalità di rilascio, dosaggio, e indicazioni terapeutiche ma numero di unità posologiche differente",2026-10-01T10:44:52.182385,128619
IT,Italy,AIFA,FENVEL,FENTANIL,""" 100  MCG/ORA CEROTTI TRASDERMICI "" 3 CEROTTI IN BUSTINA",,39784588,N02AB03,2026-12-31,,shortage - end date unknown,Cessata commercializzazione definitiva,Per trattamento alternativo si consiglia di rivolgersi allo specialista o al M.M.G,2026-10-01T10:44:52.182403,
IT,Italy,AIFA,FENVEL,FENTANIL,""" 75 MCG/ORA CEROTTI TRASDERMICI "" 3 CEROTTI IN BUSTINA",,39784347,N02AB03,2026-12-31,,shortage - end date unknown,Cessata commercializzazione definitiva,Per trattamento alternativo si consiglia di rivolgersi allo specialista o al M.M.G,2026-10-01T10:44:52.182422,
IT,Italy,AIFA,FENVEL,FENTANIL,""" 25 MCG/ORA CEROTTI TRASDERMICI "" 3 CEROTTI IN BUSTINE",,39784020,N02AB03,2026-06-30,,shortage - end date unknown,Cessata commercializzazione definitiva,Per trattamento alternativo si consiglia di rivolgersi allo specialista o al M.M.G,2026-10-01T10:44:52.182440,
IT,Italy,AIFA,FENVEL,FENTANIL,""" 50 MCG/ORA CEROTTI TRASDERMICI "" 3 CEROTTI IN BUSTINA",,39784261,N02AB03,2026-12-31,,shortage - end date unknown,Cessata commercializzazione definitiva,Per trattamento alternativo si consiglia di rivolgersi allo specialista o al M.M.G,2026-10-01T10:44:52.182458,
IT,Italy,AIFA,FEVARIN,FLUVOXAMINA MALEATO,"""100 MG COMPRESSE RIVESTITE CON FILM"" 30 COMPRESSE",,27045044,N06AB08,2026-08-01,,shortage - end date unknown,Problemi produttivi,Per trattamento alternativo si consiglia di rivolgersi allo specialista o al M.M.G,2026-10-01T10:44:52.182479,
IT,Italy,AIFA,FEXOFENADINA MYLAN GENERICS,FEXOFENADINA CLORIDRATO,"""120 MG COMPRESSE RIVESTITE CON FILM"" 20 COMPRESSE IN BLISTER PVC/PVDC/AL",,38223044,R06AX26,2026-07-10,,shortage - end date unknown,Elevata richiesta,Per trattamento alternativo si consiglia di rivolgersi allo specialista o al M.M.G,2026-10-01T10:44:52.182498,48739
IT,Italy,AIFA,FEXOFENADINA MYLAN GENERICS,FEXOFENADINA CLORIDRATO,"""180 MG COMPRESSE RIVESTITE CON FILM"" 20 COMPRESSE IN BLISTER PVC/PVDC/AL",,38223121,R06AX26,2026-11-23,,shortage - end date unknown,Cessata commercializzazione definitiva,Per trattamento alternativo si consiglia di rivolgersi allo specialista o al M.M.G,2026-10-01T10:44:52.182516,48747
IT,Italy,AIFA,FEXOFENADINA OPELLA HEALTHCARE,FEXOFENADINA CLORIDRATO,"""180 MG COMPRESSE RIVESTITE CON FILM"" 20 COMPRESSE IN BLISTER PVC/PVDC/ALLUMINIO",,33304080,R06AX26,2023-01-17,,shortage - end date unknown,Problemi produttivi,Per trattamento alternativo si consiglia di rivolgersi allo specialista o al M.M.G,2026-10-01T10:44:52.182535,48747
IT,Italy,AIFA,FIBRASE,PENTOSANO POLISOLFATO SODICO,IM IV 10 FIALE 1 ML 100 MG,,19646013,,2026-09-10,2026-12-30,shortage,Problemi produttivi,"Si rilascia autorizzazione allimportazione alle strutture sanitarie per analogo autorizzato allestero, nel caso in cui le strutture interessate riscontrino discontinuità nella fornitura, a livello delle reti distributive cui hanno accesso",2026-10-01T10:44:52.182557,
IT,Italy,AIFA,FIBRICLOTTE,FIBRINOGENO UMANO,""" 1,5G/100ML POLVERE E SOLVENTE PER SOLUZIONE INIETTABILE E PER INFUSIONE"" 1 FLACONCINO IN VETRO DI POLVERE + 1 FLACONCINO IN VETRO DI SOLVENTE DA 100 ML + SISTEMA DI TRASFERIMENTO + SET DI INFUSIONE",,44380020,B02BB01,2025-11-03,2027-03-01,shortage,Problemi produttivi,Si rilascia autorizzazione allimportazione alle strutture sanitarie per analogo autorizzato allestero,2026-10-01T10:44:52.182581,229229
IT,Italy,AIFA,FIBROVEIN,SODIO TETRADECILSOLFATO,«3% soluzione iniettabile» 10 flaconcini in vetro da 5 ml,,33012042,C05BB04,2026-05-29,,shortage - end date unknown,Cessata commercializzazione definitiva,"Si rilascia autorizzazione allimportazione alle strutture sanitarie per analogo autorizzato allestero, nel caso in cui le strutture interessate riscontrino discontinuità nella fornitura, a livello delle reti distributive cui hanno accesso",2026-10-01T10:44:52.182600,
IT,Italy,AIFA,FIBRYGA,FIBRINOGENO UMANO,«POLVERE   E   SOLVENTE   PER    SOLUZIONE INIETTABILE/INFUSIONE» 1 G  IN  FLACONE  IN  VETRO  DA  100  ML  +  1 FLACONCINO SOLVENTE DA 50 ML,,48798019,B02BB01,2026-04-01,2026-12-31,shortage,Elevata richiesta: distribuzione contingentata,"Si rilascia autorizzazione allimportazione alle strutture sanitarie per analogo autorizzato allestero, nel caso in cui le strutture interessate riscontrino discontinuità nella fornitura, a livello delle reti distributive cui hanno accesso",2026-10-01T10:44:52.182624,
IT,Italy,AIFA,FINASTERIDE AHCL,FINASTERIDE,"""1 MG COMPRESSE RIVESTITE CON FILM"" 28 COMPRESSE IN BLISTER AL-AL",,39595018,D11AX10,2026-04-24,,shortage - end date unknown,Elevata richiesta,Per trattamento alternativo si consiglia di rivolgersi allo specialista o al M.M.G,2026-10-01T10:44:52.182642,212202
IT,Italy,AIFA,FINASTERIDE AHCL,FINASTERIDE,"""5 MG COMPRESSE RIVESTITE CON FILM"" 15 COMPRESSE IN BLISTER PVC/PVDC/AL",,39595071,G04CB01,2026-04-24,,shortage - end date unknown,Elevata richiesta,Per trattamento alternativo si consiglia di rivolgersi allo specialista o al M.M.G,2026-10-01T10:44:52.182663,
IT,Italy,AIFA,FINASTERIDE BIORGA,FINASTERIDE,"""1 MG COMPRESSE RIVESTITE CON FILM"" 28 COMPRESSE IN BLISTER AL/PVC/PVDC",,45269026,D11AX10,2026-11-25,,shortage - end date unknown,Problemi produttivi,Per trattamento alternativo si consiglia di rivolgersi allo specialista o al M.M.G,2026-10-01T10:44:52.182681,212202
IT,Italy,AIFA,FINASTERIDE BIORGA,FINASTERIDE,"""1 MG COMPRESSE RIVESTITE CON FILM"" 84 COMPRESSE IN BLISTER AL/PVC/PVDC",,45269040,D11AX10,2026-12-01,,shortage - end date unknown,Problemi produttivi,Per trattamento alternativo si consiglia di rivolgersi allo specialista o al M.M.G,2026-10-01T10:44:52.182699,212202
IT,Italy,AIFA,FINASTERIDE MYLAN GENERICS ITALIA,FINASTERIDE,"""1 MG COMPRESSE RIVESTITE CON FILM"" 84 COMPRESSE IN BLISTER PVC/AL",,39070065,D11AX10,2025-10-15,,shortage - end date unknown,Elevata richiesta,Per trattamento alternativo si consiglia di rivolgersi allo specialista o al M.M.G,2026-10-01T10:44:52.182718,212202
IT,Italy,AIFA,FINASTERIDE MYLAN GENERICS ITALIA,FINASTERIDE,"""1 MG COMPRESSE RIVESTITE CON FILM"" 28 COMPRESSE IN BLISTER PVC/AL",,39070038,D11AX10,2026-11-01,,shortage - end date unknown,Problemi produttivi,Per trattamento alternativo si consiglia di rivolgersi allo specialista o al M.M.G,2026-10-01T10:44:52.182737,212202
IT,Italy,AIFA,FINASTERIDE MYLAN ITALIA,FINASTERIDE,"""5 MG COMPRESSE RIVESTITE CON FILM "" 30 COMPRESSE IN BLISTER PVC/AL",,39485026,G04CB01,2026-09-10,,shortage - end date unknown,Problemi produttivi,Per trattamento alternativo si consiglia di rivolgersi allo specialista o al M.M.G,2026-10-01T10:44:52.182755,
IT,Italy,AIFA,FINASTERIDE PENSA,FINASTERIDE,"""5 MG COMPRESSE RIVESTITE CON FILM"" 30 COMPRESSE IN BLISTER PVC/PE/PVDC-AL",,43495124,G04CB01,2026-01-01,2027-03-31,shortage,Problemi produttivi,Per trattamento alternativo si consiglia di rivolgersi allo specialista o al M.M.G,2026-10-01T10:44:52.182778,
IT,Italy,AIFA,FINASTERIDE PENSA,FINASTERIDE,"""1 MG COMPRESSE RIVESTITE CON FILM"" 28 COMPRESSE IN BLISTER AL/AL",,43495023,D11AX10,2026-10-01,2026-12-31,shortage,Problemi produttivi,Per trattamento alternativo si consiglia di rivolgersi allo specialista o al M.M.G,2026-10-01T10:44:52.182801,212202
IT,Italy,AIFA,FINASTERIDE PENSA,FINASTERIDE,"""5 MG COMPRESSE RIVESTITE CON FILM"" 15 COMPRESSE IN BLISTER PVC/PE/PVDC-AL",,43495098,G04CB01,2026-08-01,2026-12-31,shortage,Problemi produttivi,Per trattamento alternativo si consiglia di rivolgersi allo specialista o al M.M.G,2026-10-01T10:44:52.182825,
IT,Italy,AIFA,FINASTERIDE SANDOZ,FINASTERIDE,"""5 MG COMPRESSE RIVESTITE CON FILM"" 15 COMPRESSE IN BLISTER PVC/AL",,37717028,G04CB01,2024-03-20,,shortage - end date unknown,Problemi produttivi,Per trattamento alternativo si consiglia di rivolgersi allo specialista o al M.M.G,2026-10-01T10:44:52.182843,
IT,Italy,AIFA,FINGOLIMOD EG,FINGOLIMOD,"""0,5 MG CAPSULE RIGIDE"" 28 CAPSULE IN BLISTER PVC/PVDC/AL DIVISIBILE PER DOSE UNITARIA",,47973096,L04AE01,2026-04-30,,shortage - end date unknown,Cessata commercializzazione definitiva,Per trattamento alternativo si consiglia di rivolgersi allo specialista o al M.M.G,2026-10-01T10:44:52.182862,100129
IT,Italy,AIFA,FINGOLIMOD ZENTIVA,FINGOLIMOD,"""0,5 MG CAPSULE RIGIDE"" 28 CAPSULE IN BLISTER PVC/PVDC/AL",,49158025,L04AE01,2026-06-05,,shortage - end date unknown,Problemi produttivi,Per trattamento alternativo si consiglia di rivolgersi allo specialista o al M.M.G,2026-10-01T10:44:52.182880,100129
IT,Italy,AIFA,FIXNOVE,FATTORE IX DI COAGULAZIONE DEL SANGUE UMANO LIOFILIZZATO,"""1200 U.I. POLVERE E SOLVENTE PER SOLUZIONE INIETTABILE/PER INFUSIONE"" 1 FLACONCINO IN VETRO POLVERE + 1 FLACONCINO IN VETRO DA 10 ML SOLVENTE",,38324036,B02BD04,2024-06-14,,shortage - end date unknown,Cessata commercializzazione temporanea: disponibili solo confezioni prodotte da plasma in conto lavorazione,Per trattamento alternativo si consiglia di rivolgersi allo specialista o al M.M.G,2026-10-01T10:44:52.182899,
IT,Italy,AIFA,FLAGYL,METRONIDAZOLO,"""250 MG COMPRESSE"" 20 COMPRESSE IN BLISTER",,18505038,P01AB01,2026-09-14,2026-10-06,shortage,Problemi produttivi,Per trattamento alternativo si consiglia di rivolgersi allo specialista o al M.M.G,2026-10-01T10:44:52.182922,5193
IT,Italy,AIFA,FLEBOGAMMA  DIF,IMMUNOGLOBULINA UMANA NORMALE,"""100 MG/ML- SOLUZIONE PER INFUSIONE - USO ENDOVENOSO- FLACONE (VETRO) - 200 ML"" 1 FLACONE",,40267080,J06BA02,2020-11-26,2026-12-31,shortage,Problemi produttivi: forniture discontinue,"Si rilascia autorizzazione allimportazione alle strutture sanitarie per analogo autorizzato allestero, nel caso in cui le strutture interessate riscontrino discontinuità nella fornitura, a livello delle reti distributive cui hanno accesso",2026-10-01T10:44:52.182945,
IT,Italy,AIFA,FLEBOGAMMA  DIF,IMMUNOGLOBULINA UMANA NORMALE,"50 MG/ML-SOLUZIONE PER INFUSIONE -USO ENDOVENOSO-FLACONE(VETRO)-10ML""1FLACONE",,40267015,J06BA02,2020-11-26,2026-12-31,shortage,Problemi produttivi: forniture discontinue,"Si rilascia autorizzazione allimportazione alle strutture sanitarie per analogo autorizzato allestero, nel caso in cui le strutture interessate riscontrino discontinuità nella fornitura, a livello delle reti distributive cui hanno accesso",2026-10-01T10:44:52.182968,
IT,Italy,AIFA,FLEBOGAMMA  DIF,IMMUNOGLOBULINA UMANA NORMALE,"50 MG/ML-SOLUZIONE PER INFUSIONE -USO ENDOVENOSO-FLACONE(VETRO)-50ML""1FLACONE",,40267027,J06BA02,2020-11-26,2026-12-31,shortage,Elevata richiesta: forniture discontinue,"Si rilascia autorizzazione allimportazione alle strutture sanitarie per analogo autorizzato allestero, nel caso in cui le strutture interessate riscontrino discontinuità nella fornitura, a livello delle reti distributive cui hanno accesso",2026-10-01T10:44:52.182991,
IT,Italy,AIFA,FLEBOGAMMA  DIF,IMMUNOGLOBULINA UMANA NORMALE,"50 MG/ML-SOLUZIONE PER INFUSIONE -USO ENDOVENOSO-FLACONE(VETRO)-400ML""1FLACONE",,40267054,J06BA02,2020-11-26,2026-12-31,shortage,Elevata richiesta: forniture discontinue,"Si rilascia autorizzazione allimportazione alle strutture sanitarie per analogo autorizzato allestero, nel caso in cui le strutture interessate riscontrino discontinuità nella fornitura, a livello delle reti distributive cui hanno accesso",2026-10-01T10:44:52.183014,
IT,Italy,AIFA,FLEBOGAMMA  DIF,IMMUNOGLOBULINA UMANA NORMALE,"50 MG/ML-SOLUZIONE PER INFUSIONE -USO ENDOVENOSO-FLACONE(VETRO)-100ML""1FLACONE",,40267039,J06BA02,2020-11-26,2026-12-31,shortage,Elevata richiesta: forniture discontinue,"Si rilascia autorizzazione allimportazione alle strutture sanitarie per analogo autorizzato allestero, nel caso in cui le strutture interessate riscontrino discontinuità nella fornitura, a livello delle reti distributive cui hanno accesso",2026-10-01T10:44:52.183037,
IT,Italy,AIFA,FLEBOGAMMA  DIF,IMMUNOGLOBULINA UMANA NORMALE,"50 MG/ML-SOLUZIONE PER INFUSIONE -USO ENDOVENOSO-FLACONE(VETRO)-200ML""1FLACONE",,40267041,J06BA02,2020-11-26,2026-12-31,shortage,Elevata richiesta: forniture discontinue,"Si rilascia autorizzazione allimportazione alle strutture sanitarie per analogo autorizzato allestero, nel caso in cui le strutture interessate riscontrino discontinuità nella fornitura, a livello delle reti distributive cui hanno accesso",2026-10-01T10:44:52.183060,
IT,Italy,AIFA,FLEBOGAMMA  DIF,IMMUNOGLOBULINA UMANA NORMALE,"""100 MG/ML- SOLUZIONE PER INFUSIONE - USO ENDOVENOSO- FLACONE (VETRO) - 100 ML"" 1 FLACONE",,40267078,J06BA02,2020-11-26,2026-12-31,shortage,Elevata richiesta: forniture discontinue,"Si rilascia autorizzazione allimportazione alle strutture sanitarie per analogo autorizzato allestero, nel caso in cui le strutture interessate riscontrino discontinuità nella fornitura, a livello delle reti distributive cui hanno accesso",2026-10-01T10:44:52.183083,
IT,Italy,AIFA,FLEBOGAMMA  DIF,IMMUNOGLOBULINA UMANA NORMALE,"""100 MG/ML- SOLUZIONE PER INFUSIONE - USO ENDOVENOSO- FLACONE (VETRO) - 50 ML"" 1 FLACONE",,40267066,J06BA02,2020-11-26,2026-12-31,shortage,Elevata richiesta: forniture discontinue,"Si rilascia autorizzazione allimportazione alle strutture sanitarie per analogo autorizzato allestero, nel caso in cui le strutture interessate riscontrino discontinuità nella fornitura, a livello delle reti distributive cui hanno accesso",2026-10-01T10:44:52.183106,
IT,Italy,AIFA,FLECAINIDE EG,FLECAINIDE ACETATO,"""100 MG COMPRESSE"" 20 COMPRESSE IN BLISTER AL/PVC/PVDC",,46041063,C01BC04,2026-10-28,,shortage - end date unknown,Elevata richiesta,Per trattamento alternativo si consiglia di rivolgersi allo specialista o al M.M.G,2026-10-01T10:44:52.183125,19712
IT,Italy,AIFA,FLECAINIDE TEVA,FLECAINIDE ACETATO,"""100 MG COMPRESSE"" 20 COMPRESSE IN BLISTER PVC/PVDC/AL",,38100018,C01BC04,2026-08-12,2026-11-30,shortage,Problemi produttivi,Per trattamento alternativo si consiglia di rivolgersi allo specialista o al M.M.G,2026-10-01T10:44:52.183148,19712
IT,Italy,AIFA,FLECTOR UNIDIE,PIROXICAM,""" 14 MG CEROTTO MEDICATO "" 8 CEROTTI",,38354027,M02AA07,2026-05-01,2027-05-01,shortage,Cessata commercializzazione temporanea,Per trattamento alternativo si consiglia di rivolgersi allo specialista o al M.M.G,2026-10-01T10:44:52.183171,
IT,Italy,AIFA,FLECTOR UNIDIE,PIROXICAM,""" 14 MG CEROTTO MEDICATO "" 4 CEROTTI",,38354015,M02AA07,2026-08-01,2027-06-01,shortage,Cessata commercializzazione temporanea,Per trattamento alternativo si consiglia di rivolgersi allo specialista o al M.M.G,2026-10-01T10:44:52.183194,
IT,Italy,AIFA,FLOXISTILL,LEVOFLOXACINA EMIIDRATO,"""5 MG/ML COLLIRIO, SOLUZIONE"" 1 FLACONE IN LDPE STERILE CON CONTAGOCCE",,44071013,S01AE05,2025-12-01,,shortage - end date unknown,Motivi commerciali,Per trattamento alternativo si consiglia di rivolgersi allo specialista o al M.M.G,2026-10-01T10:44:52.183216,
IT,Italy,AIFA,FLUCONAZOLO ACCORD,FLUCONAZOLO,"""100 MG CAPSULE RIGIDE"" 10 CAPSULE IN BLISTER PVC/AL",,40916049,J02AC01,2026-04-01,,shortage - end date unknown,Motivi commerciali,Per trattamento alternativo si consiglia di rivolgersi allo specialista o al M.M.G,2026-10-01T10:44:52.183235,
IT,Italy,AIFA,FLUCONAZOLO ACCORD,FLUCONAZOLO,"""150 MG CAPSULE RIGIDE"" 2 CAPSULE IN BLISTER PVC/AL",,40916114,J02AC01,2026-04-01,,shortage - end date unknown,Motivi commerciali,Per trattamento alternativo si consiglia di rivolgersi allo specialista o al M.M.G,2026-10-01T10:44:52.183253,30384
IT,Italy,AIFA,FLUCONAZOLO ACCORD,FLUCONAZOLO,"""200 MG CAPSULE RIGIDE"" 7 CAPSULE IN BLISTER PVC/AL",,40916140,J02AC01,2026-04-25,,shortage - end date unknown,Motivi commerciali,Per trattamento alternativo si consiglia di rivolgersi allo specialista o al M.M.G,2026-10-01T10:44:52.183271,33510
IT,Italy,AIFA,FLUCONAZOLO GALENICA SENESE,FLUCONAZOLO,"""100 MG/50 ML SOLUZIONE PER INFUSIONE"" 10 SACCHE DA 50 ML",,41039037,J02AC01,2026-07-27,,shortage - end date unknown,Cessata commercializzazione temporanea,Per trattamento alternativo si consiglia di rivolgersi allo specialista o al M.M.G,2026-10-01T10:44:52.183290,33529
IT,Italy,AIFA,FLUCONAZOLO KABI,FLUCONAZOLO,""" 2MG/ML SOLUZIONE PER INFUSIONE"" 10 FLACONE LDPE DA 100 ML",,40102105,J02AC01,2024-10-31,,shortage - end date unknown,Problemi produttivi,Per trattamento alternativo si consiglia di rivolgersi allo specialista o al M.M.G,2026-10-01T10:44:52.183308,
IT,Italy,AIFA,FLUCONAZOLO KABI,FLUCONAZOLO,""" 2MG/ML SOLUZIONE PER INFUSIONE"" 10 FLACONE LDPE DA 50 ML",,40102028,J02AC01,2024-12-11,,shortage - end date unknown,Problemi produttivi,Per trattamento alternativo si consiglia di rivolgersi allo specialista o al M.M.G,2026-10-01T10:44:52.183327,33529
IT,Italy,AIFA,FLUCONAZOLO ZENTIVA,FLUCONAZOLO,"""150 MG CAPSULE RIGIDE"" 2 CAPSULE IN BLISTER PVC-PVDC/AL",,37492129,J02AC01,2025-07-21,,shortage - end date unknown,Problemi produttivi,Per trattamento alternativo si consiglia di rivolgersi allo specialista o al M.M.G,2026-10-01T10:44:52.183345,30384
IT,Italy,AIFA,FLUENZ,"VACCINO ANTINFLUENZALE (VIVO ATTENUATO, NASALE)","0.2 ml - Spray nasale, sospensione - Uso nasale - Nebulizzatore (vetro) 0.2 ml - 1 nebulizzatore",,51223016,J07BB03,2026-09-07,2027-03-31,shortage,Problemi produttivi,Rilasciata determinazione per limportazione al titolare A.I.C.,2026-10-01T10:44:52.183368,
IT,Italy,AIFA,FLUENZ,"VACCINO ANTINFLUENZALE (VIVO ATTENUATO, NASALE)","0.2 ml - Spray nasale, sospensione - Uso nasale - Nebulizzatore (vetro) 0.2 ml - 10 nebulizzatori",,51223028,J07BB03,2026-09-07,2027-03-31,shortage,Problemi produttivi,Rilasciata determinazione per limportazione al titolare A.I.C.,2026-10-01T10:44:52.183392,
IT,Italy,AIFA,FLUGERAL,FLUNARIZINA DICLORIDRATO,"""5 MG CAPSULE RIGIDE"" 50 CAPSULE",,24414031,N07CA03,2025-02-28,,shortage - end date unknown,Problemi produttivi,Per trattamento alternativo si consiglia di rivolgersi allo specialista o al M.M.G,2026-10-01T10:44:52.183410,
IT,Italy,AIFA,FLUIBRON,AMBROXOLO CLORIDRATO,"""ADULTI 30 MG GRANULATO PER SOSPENSIONE ORALE"" 30 BUSTINE",,24596090,R05CB06,2026-03-31,,shortage - end date unknown,Cessata commercializzazione definitiva,Per trattamento alternativo si consiglia di rivolgersi allo specialista o al M.M.G,2026-10-01T10:44:52.183429,125903
IT,Italy,AIFA,FLUIMUCIL,ACETILCISTEINA,"""300 MG/3 ML SOLUZIONE INIETTABILE E PER NEBULIZZATORE E PER  INSTILLAZIONE ENDOTRACHEOBRONCHIALE"" 5 FIALE 3 ML",,20582019,R05CB01,2026-07-29,2026-08-31,resolved,Elevata richiesta (carenza relativa solo al canale retail),Per trattamento alternativo si consiglia di rivolgersi allo specialista o al M.M.G,2026-10-01T10:44:52.183460,43257
IT,Italy,AIFA,FLUIMUCIL ANTIBIOTICO,TIAMFENICOLO GLICINATO ACETILCISTEINATO,"""250 MG/2 ML POLVERE E SOLVENTE PER SOLUZIONE INIETTABILE PER NEBULIZZATORE E PER INSTILLAZIONE ENDOTRACHEOBRONCHIALE"" 3 FLACONCINI + 3 FIALE SOLVENTI 2 ML",,20660080,J01BA02,2024-09-30,,shortage - end date unknown,Cessata commercializzazione definitiva,Si rilascia autorizzazione allimportazione alle strutture sanitarie per analogo autorizzato allestero,2026-10-01T10:44:52.183478,
IT,Italy,AIFA,FLUMAZENIL KABI,FLUMAZENIL,"""0,1 MG/ML SOUZIONE INIETTABILE"" 5 FIALE DI VETRO DA 5 ML",,37075013,V03AB25,2026-05-31,,shortage - end date unknown,Problemi produttivi,Rilasciata determinazione per limportazione al titolare A.I.C.,2026-10-01T10:44:52.183497,25941
IT,Italy,AIFA,FLUOROURACILE HIKMA,FLUOROURACILE,"""50 MG/ML SOLUZIONE INIETTABILE/PER INFUSIONE"" 1 FLACONCINO IN VETRO DA 100 ML",,44062040,L01BC02,2023-05-09,2026-10-01,shortage,Elevata richiesta/problemi produttivi,"Si rilascia autorizzazione allimportazione alle strutture sanitarie per analogo autorizzato allestero, nel caso in cui le strutture interessate riscontrino discontinuità nella fornitura, a livello delle reti distributive cui hanno accesso",2026-10-01T10:44:52.183521,33138
IT,Italy,AIFA,FLUOROURACILE HIKMA,FLUOROURACILE,"""50 MG/ML SOLUZIONE INIETTABILE/PER INFUSIONE"" 1 FLACONCINO IN VETRO DA 20 ML",,44062038,L01BC02,2026-08-05,2026-09-15,resolved,Problemi produttivi,"Si rilascia autorizzazione allimportazione alle strutture sanitarie per analogo autorizzato allestero, nel caso in cui le strutture interessate riscontrino discontinuità nella fornitura, a livello delle reti distributive cui hanno accesso",2026-10-01T10:44:52.183544,38741
IT,Italy,AIFA,FLUOXEREN,FLUOXETINA CLORIDRATO,"""20 MG COMPRESSE SOLUBILI""  28 COMPRESSE SOLUBILI",,25959053,N06AB03,2026-07-21,,shortage - end date unknown,Problemi produttivi,Per trattamento alternativo si consiglia di rivolgersi allo specialista o al M.M.G,2026-10-01T10:44:52.183563,68039
IT,Italy,AIFA,FLUOXETINA ACCORD,FLUOXETINA CLORIDRATO,"""20 MG CAPSULE RIGIDE"" 28 CAPSULE RIGIDE IN BLISTER PVC/AL",,41111042,N06AB03,2026-05-01,,shortage - end date unknown,Cessata commercializzazione temporanea,Per trattamento alternativo si consiglia di rivolgersi allo specialista o al M.M.G,2026-10-01T10:44:52.183581,28444
IT,Italy,AIFA,FLUOXETINA EG STADA,FLUOXETINA CLORIDRATO,"""20 MG COMPRESSE ORODISPERSIBILI"" - 12 COMPRESSE",,34667028,N06AB03,2027-05-03,,shortage - end date unknown,Problemi produttivi,Per trattamento alternativo si consiglia di rivolgersi allo specialista o al M.M.G,2026-10-01T10:44:52.183600,68039
IT,Italy,AIFA,FLUOXETINA EG STADA,FLUOXETINA CLORIDRATO,"""20 MG COMPRESSE ORODISPERSIBILI"" -  28 COMPRESSE",,34667042,N06AB03,2026-11-04,,shortage - end date unknown,Problemi produttivi,Per trattamento alternativo si consiglia di rivolgersi allo specialista o al M.M.G,2026-10-01T10:44:52.183618,68039
IT,Italy,AIFA,FLUOXETINA FIDIA,FLUOXETINA,""" 20 MG CAPSULE RIGIDE "" 28 CAPSULE",,34917056,N06AB03,2024-02-07,,shortage - end date unknown,Problemi produttivi,Per trattamento alternativo si consiglia di rivolgersi allo specialista o al M.M.G,2026-10-01T10:44:52.183649,28444
IT,Italy,AIFA,FLUOXETINA FIDIA,FLUOXETINA,""" 20 MG COMPRESSE SOLUBILI "" 28 COMPRESSE",,34917043,N06AB03,2024-02-05,,shortage - end date unknown,Problemi produttivi,Per trattamento alternativo si consiglia di rivolgersi allo specialista o al M.M.G,2026-10-01T10:44:52.183668,68039
IT,Italy,AIFA,FLUOXETINA MYLAN GENERICS,FLUOXETINA,BLISTER PVC/PVDC/AL 28 CAPSULE RIGIDE DA 20 MG,,35301136,N06AB03,2026-09-25,,shortage - end date unknown,Problemi produttivi,Per trattamento alternativo si consiglia di rivolgersi allo specialista o al M.M.G,2026-10-01T10:44:52.183687,28444
IT,Italy,AIFA,FLUOXETINA RATIOPHARM,FLUOXETINA CLORIDRATO,12 COMPRESSE SOLUBILI DA 20 MG IN BLISTER (PVC/PE/PVDC),,34850026,N06AB03,2026-08-24,2026-11-30,shortage,Elevata richiesta (carenza relativa solo al canale retail),Per trattamento alternativo si consiglia di rivolgersi allo specialista o al M.M.G,2026-10-01T10:44:52.183710,68039
IT,Italy,AIFA,FLUTAMIDE EG,FLUTAMIDE,250 MG 21 COMPRESSE IN BLISTER,,34707012,L02BB01,2022-03-01,,shortage - end date unknown,Problemi produttivi,Si rilascia autorizzazione allimportazione alle strutture sanitarie per analogo autorizzato allestero,2026-10-01T10:44:52.183729,
IT,Italy,AIFA,FLUTIFORMO,FLUTICASONE PROPIONATO + FORMOTEROLO FUMARATO DIIDRATO,"""50 MICROGRAMMI/5 MICROGRAMMI PER EROGAZIONE, SOSPENSIONE PRESSURIZZATA PER INALAZIONE""  N. 1 INALATORE DA 120 EROGAZIONI",,42294013,R03AK11,2026-10-01,2026-11-30,shortage,Ridotta disponibilità: distribuzione contingentata,Per trattamento alternativo si consiglia di rivolgersi allo specialista o al M.M.G,2026-10-01T10:44:52.183753,
IT,Italy,AIFA,FORMISTIN,CETIRIZINA DICLORIDRATO,"""10 MG COMPRESSE RIVESTITE CON FILM"" 20 COMPRESSE",,27329010,R06AE07,2026-10-05,2027-01-31,shortage,Problemi produttivi,Per trattamento alternativo si consiglia di rivolgersi allo specialista o al M.M.G,2026-10-01T10:44:52.183776,26298
IT,Italy,AIFA,FOSCARNET KABI,FOSCARNET,""" 24 MG/ML SOLUZIONE PER INFUSIONE"" 1 FLACONE IN VETRO DA 250 ML",,48217018,J05AD01,2025-03-01,,shortage - end date unknown,Problemi produttivi: ridotta disponibilità,"Si rilascia autorizzazione allimportazione alle strutture sanitarie per analogo autorizzato allestero, nel caso in cui le strutture interessate riscontrino discontinuità nella fornitura, a livello delle reti distributive cui hanno accesso",2026-10-01T10:44:52.183797,33081
IT,Italy,AIFA,FOSCAVIR,FOSCARNET SODICO,"""24 MG/ML SOLUZIONE PER INFUSIONE "" 1 FLACONE 250 ML",,28192019,J05AD01,2026-06-03,,shortage - end date unknown,Elevata richiesta,Rilasciata determinazione per limportazione al titolare A.I.C.,2026-10-01T10:44:52.183815,33081
IT,Italy,AIFA,FOSIPRES,FOSINOPRIL SODICO,"""20 MG COMPRESSE""  14 COMPRESSE",,27747029,C09AA09,2026-05-01,,shortage - end date unknown,Problemi produttivi,Per trattamento alternativo si consiglia di rivolgersi allo specialista o al M.M.G,2026-10-01T10:44:52.183834,39578
IT,Italy,AIFA,FOSTIMON,UROFOLLITROPINA,"""300 UI/1 ML POLVERE E SOLVENTE PER SOLUZIONE INIETTABILE PER USO INTRAMUSCOLARE E SOTTOCUTANEO"" 1 FLACONCINO + 1 SIRINGA PRERIEMPITA CON N.2 AGHI",,32921165,G03GA04,2026-12-31,,shortage - end date unknown,Cessata commercializzazione definitiva,Per trattamento alternativo si consiglia di rivolgersi allo specialista o al M.M.G,2026-10-01T10:44:52.183853,
IT,Italy,AIFA,FOSTIMON,UROFOLLITROPINA,"""225 UI/1 ML POLVERE E SOLVENTE PER SOLUZIONE INIETTABILE PER USO INTRAMUSCOLARE E SOTTOCUTANEO"" 1 FLACONCINO + 1 SIRINGA PRERIEMPITA CON N.2 AGHI",,32921138,G03GA04,2026-12-31,,shortage - end date unknown,Cessata commercializzazione definitiva,Per trattamento alternativo si consiglia di rivolgersi allo specialista o al M.M.G,2026-10-01T10:44:52.183871,116319
IT,Italy,AIFA,FOSTIMON,UROFOLLITROPINA,"""225 UI/1 ML POLVERE E SOLVENTE PER SOLUZIONE INIETTABILE PER USO INTRAMUSCOLARE E SOTTOCUTANEO"" 5 FLACONCINI + 5 SIRINGHE PRERIEMPITE CON N.10 AGHI",,32921140,G03GA04,2026-12-31,,shortage - end date unknown,Cessata commercializzazione definitiva,Per trattamento alternativo si consiglia di rivolgersi allo specialista o al M.M.G,2026-10-01T10:44:52.183890,116319
IT,Italy,AIFA,FOSTIMON,UROFOLLITROPINA,"""300 UI/1 ML POLVERE E SOLVENTE PER SOLUZIONE INIETTABILE PER USO INTRAMUSCOLARE E SOTTOCUTANEO"" 5 FLACONCINO + 5 SIRINGHE PRERIEMPITE CON N.10 AGHI",,32921177,G03GA04,2026-09-01,,shortage - end date unknown,Cessata commercializzazione definitiva,Per trattamento alternativo si consiglia di rivolgersi allo specialista o al M.M.G,2026-10-01T10:44:52.183908,
IT,Italy,AIFA,FOSTIMON,UROFOLLITROPINA,"""150 UI/ML POLVERE E SOLVENTE PER SOLUZIONE"" 5 FLACONCINI + 5 SIRINGHE PRERIEMPITE CON 10 AGHI",,32921114,G03GA04,2026-04-24,2026-12-31,shortage,Problemi produttivi: distribuzione contingentata,Per trattamento alternativo si consiglia di rivolgersi allo specialista o al M.M.G,2026-10-01T10:44:52.183932,104531
IT,Italy,AIFA,FOSTIMON,UROFOLLITROPINA,"""150 UI/ML POLVERE E SOLVENTE PER SOLUZIONE"" 1 FLACONCINO + 1 SIRINGA PRERIEMPITA CON 2 AGHI",,32921102,G03GA04,2026-04-24,2026-12-31,shortage,Problemi produttivi: distribuzione contingentata,Per trattamento alternativo si consiglia di rivolgersi allo specialista o al M.M.G,2026-10-01T10:44:52.183955,104531
IT,Italy,AIFA,FROVATRIPTAN MYLAN,FROVATRIPTAN,""" 2,5 MG COMPRESSE RIVESTITE CON FILM "" 6 COMPRESSE IN BLISTER AL/OPA/PVC/AL",,42611020,N02CC07,2026-10-01,,shortage - end date unknown,Problemi produttivi,Per trattamento alternativo si consiglia di rivolgersi allo specialista o al M.M.G,2026-10-01T10:44:52.183974,70688
IT,Italy,AIFA,FULVESTRANT ACCORD,FULVESTRANT,"""250 MG SOLUZIONE INIETTABILE IN SIRINGA PRERIEMPITA"" 2 SIRINGHE PRERIEMPITE IN VETRO DA 5 ML CON AGO DI SICUREZZA",,47437013,L02BA03,2026-05-31,,shortage - end date unknown,Motivi commerciali,Per trattamento alternativo si consiglia di rivolgersi allo specialista o al M.M.G,2026-10-01T10:44:52.183992,74934
IT,Italy,AIFA,FULVESTRANT DR. REDDY'S,FULVESTRANT,"""250 MG SOLUZIONE INIETTABILE IN SIRINGA PRERIEMPITA"" 2 SIRINGHE PRERIEMPITE DA 5 ML+ 2 AGHI",,45435029,L02BA03,2026-10-02,,shortage - end date unknown,Elevata richiesta: forniture discontinue,Per trattamento alternativo si consiglia di rivolgersi allo specialista o al M.M.G,2026-10-01T10:44:52.184013,74934
IT,Italy,AIFA,FULVESTRANT MYLAN,FULVESTRANT,250 MG - SOLUZIONE PER INIEZIONE - USO INTRAMUSCOLARE - SIRINGA PRE-RIEMPITA (VETRO) - 5 ML (50 MG/ML) - 2 SIRINGHE PRE-RIEMPITE + 2 AGHI DI SICUREZZA,,45924026,L02BA03,2026-05-01,,shortage - end date unknown,Cessata commercializzazione definitiva,Per trattamento alternativo si consiglia di rivolgersi allo specialista o al M.M.G,2026-10-01T10:44:52.184034,74934
IT,Italy,AIFA,FULVESTRANT ZENTIVA,FULVESTRANT,"""250 MG SOLUZIONE INIETTABILE IN SIRINGA PRERIEMPITA"" 2 SIRINGHE PRERIEMPITE IN VETRO DA 5 ML CON 2 AGHI DI SICUREZZA",,48121026,L02BA03,2025-08-30,,shortage - end date unknown,Problemi produttivi,Per trattamento alternativo si consiglia di rivolgersi allo specialista o al M.M.G,2026-10-01T10:44:52.184053,74934
IT,Italy,AIFA,FUNGILAK,AMOROLFINA,"""50MG/ML SMALTO MEDICATO PER UNGHIE""1 FLACONE IN VETRO DA 3 ML CON 10 SPATOLE RIUTILIZZABILI, 1 PORTA SPATOLA, 30 SALVIETTINE DETERGENTI E 30 LIMETTE",,49337013,D01AE16,2027-03-31,,shortage - end date unknown,Cessata commercializzazione definitiva,Per trattamento alternativo si consiglia di rivolgersi allo specialista o al M.M.G,2026-10-01T10:44:52.184071,
IT,Italy,AIFA,FUROSEMIDE AUROBINDO,FUROSEMIDE,"""25 MG COMPRESSE"" 30 COMPRESSE IN BLISTER PVC/AL",,46015018,C03CA01,2026-11-16,,shortage - end date unknown,Problemi produttivi,Per trattamento alternativo si consiglia di rivolgersi allo specialista o al M.M.G,2026-10-01T10:44:52.184091,
IT,Italy,AIFA,FUROSEMIDE FISIOPHARMA,FUROSEMIDE,"""20 MG/2 ML SOLUZIONE INIETTABILE"" 10 FIALE",,31422025,C03CA01,2025-10-10,,shortage - end date unknown,Motivi commerciali: forniture discontinue,Per trattamento alternativo si consiglia di rivolgersi allo specialista o al M.M.G,2026-10-01T10:44:52.184112,1651
IT,Italy,AIFA,FUROSEMIDE HEXAL,FUROSEMIDE,"""500 MG COMPRESSE"" 20 COMPRESSE",,32898013,C03CA01,2026-03-25,,shortage - end date unknown,Problemi produttivi,Per trattamento alternativo si consiglia di rivolgersi allo specialista o al M.M.G,2026-10-01T10:44:52.184132,33936
IT,Italy,AIFA,FUROSEMIDE L.F.M.,FUROSEMIDE,"""25 MG COMPRESSE"" 30 COMPRESSE",,30210013,C03CA01,2026-08-24,,shortage - end date unknown,Motivi commerciali (carenza relativa solo al canale ospedaliero),Per trattamento alternativo si consiglia di rivolgersi allo specialista o al M.M.G,2026-10-01T10:44:52.184151,
IT,Italy,AIFA,FUROSEMIDE TEVA,FUROSEMIDE,"""500 MG COMPRESSE "" 20 COMPRESSE IN BLISTER PVC/PVDC/AL",,40642011,C03CA01,2026-05-27,,shortage - end date unknown,Cessata commercializzazione definitiva,Per trattamento alternativo si consiglia di rivolgersi allo specialista o al M.M.G,2026-10-01T10:44:52.184169,33936
IT,Italy,AIFA,GABAPENTIN MYLAN GENERICS,GABAPENTIN,"""100 MG CAPSULE RIGIDE"" 50 CAPSULE IN BLISTER PVC/ALU",,36607048,N02BF01,2024-04-01,,shortage - end date unknown,Problemi produttivi,Per trattamento alternativo si consiglia di rivolgersi allo specialista o al M.M.G,2026-10-01T10:44:52.184188,52817
IT,Italy,AIFA,GABAPENTIN MYLAN GENERICS,GABAPENTIN,"""300 MG CAPSULE RIGIDE"" 50 CAPSULE IN BLISTER PVC/ALU",,36607125,N02BF01,2026-02-19,,shortage - end date unknown,Problemi produttivi,Per trattamento alternativo si consiglia di rivolgersi allo specialista o al M.M.G,2026-10-01T10:44:52.184207,52825
IT,Italy,AIFA,GABAPENTIN MYLAN GENERICS,GABAPENTIN,"""400 MG CAPSULE RIGIDE"" 30 CAPSULE IN BLISTER PVC/ALU",,36607190,N02BF01,2026-04-15,,shortage - end date unknown,Elevata richiesta/problemi produttivi,Per trattamento alternativo si consiglia di rivolgersi allo specialista o al M.M.G,2026-10-01T10:44:52.184225,52833
IT,Italy,AIFA,GABAPENTIN PENSA,GABAPENTINA,""" 400 MG CAPSULE RIGIDE "" 30 CAPSULE",,36190039,N02BF01,2026-07-01,2026-12-31,shortage,Problemi produttivi,Per trattamento alternativo si consiglia di rivolgersi allo specialista o al M.M.G,2026-10-01T10:44:52.184248,52833
IT,Italy,AIFA,GABAPENTIN TEVA,GABAPENTIN,100 MG CAPSULE RIGIDE 50 CAPSULE IN BLISTER PVC/PVDC/AL,,51815037,N02BF01,2026-07-27,2026-09-30,resolved,Problemi produttivi,Per trattamento alternativo si consiglia di rivolgersi allo specialista o al M.M.G,2026-10-01T10:44:52.184271,52817
IT,Italy,AIFA,GABAPENTIN ZENTIVA,GABAPENTINA,"""400 MG CAPSULE RIGIDE"" 30  CAPSULE IN BLISTER PVC/ALU",,36777365,N02BF01,2022-08-22,,shortage - end date unknown,Problemi produttivi,Per trattamento alternativo si consiglia di rivolgersi allo specialista o al M.M.G,2026-10-01T10:44:52.184290,52833
IT,Italy,AIFA,GABAPENTIN ZENTIVA,GABAPENTINA,"""100 MG CAPSULE RIGIDE"" 50 CAPSULE IN BLISTER PVC/ALU",,36777047,N02BF01,2023-03-20,,shortage - end date unknown,Problemi produttivi,Per trattamento alternativo si consiglia di rivolgersi allo specialista o al M.M.G,2026-10-01T10:44:52.184308,52817
IT,Italy,AIFA,GABAPENTIN ZENTIVA,GABAPENTINA,"""300 MG CAPSULE RIGIDE"" 50  CAPSULE IN BLISTER PVC/ALU",,36777213,N02BF01,2023-02-06,,shortage - end date unknown,Problemi produttivi,Per trattamento alternativo si consiglia di rivolgersi allo specialista o al M.M.G,2026-10-01T10:44:52.184326,52825
IT,Italy,AIFA,GABESATO MESILATO IBI,GABESATO MESILATO,""" 100 MG/ 5 ML POLVERE E SOLVENTE PER SOLUZIONE PER INFUSIONE "" 1 FLACONCINO POLVERE + 1 FIALA SOLVENTE DA 5 ML",,35969017,,2024-04-01,,shortage - end date unknown,Problemi produttivi,Si rilascia autorizzazione allimportazione alle strutture sanitarie per analogo autorizzato allestero,2026-10-01T10:44:52.184345,
IT,Italy,AIFA,GADOVIST,GADOBUTROLO,"""1,0  MMOL/ML"" SIRINGA PRERIEMPITA IN VETRO DA 10 ML",,34964167,V08CA09,2026-09-01,,shortage - end date unknown,Cessata commercializzazione definitiva,Per trattamento alternativo si consiglia di rivolgersi allo specialista o al M.M.G,2026-10-01T10:44:52.184363,82422
IT,Italy,AIFA,GADUAR,AMLODIPINA + IDROCLOROTIAZIDE + OLMESARTAN MEDOXOMIL,"""40 MG/10 MG/25 MG COMPRESSE RIVESTITE CON FILM"" 28 COMPRESSE IN BLISTER AL/AL",,49375138,C09DX03,2024-10-11,,shortage - end date unknown,Elevata richiesta,Per trattamento alternativo si consiglia di rivolgersi allo specialista o al M.M.G,2026-10-01T10:44:52.184382,
IT,Italy,AIFA,GADUAR,AMLODIPINA + IDROCLOROTIAZIDE + OLMESARTAN MEDOXOMIL,"""20 MG/5 MG/12,5 MG COMPRESSE RIVESTITE CON FILM"" 28 COMPRESSE IN BLISTER AL/AL",,49375013,C09DX03,2024-10-11,,shortage - end date unknown,Elevata richiesta,Per trattamento alternativo si consiglia di rivolgersi allo specialista o al M.M.G,2026-10-01T10:44:52.184400,
IT,Italy,AIFA,GADUAR,AMLODIPINA + IDROCLOROTIAZIDE + OLMESARTAN MEDOXOMIL,"""40 MG/5 MG/25 MG COMPRESSE RIVESTITE CON FILM"" 28 COMPRESSE IN BLISTER AL/AL",,49375076,C09DX03,2026-04-13,,shortage - end date unknown,Problemi produttivi,Per trattamento alternativo si consiglia di rivolgersi allo specialista o al M.M.G,2026-10-01T10:44:52.184418,
IT,Italy,AIFA,GADUAR,AMLODIPINA + IDROCLOROTIAZIDE + OLMESARTAN MEDOXOMIL,"""40 MG/5 MG/12,5 MG COMPRESSE RIVESTITE CON FILM"" 28 COMPRESSE IN BLISTER AL/AL",,49375049,C09DX03,2026-09-05,,shortage - end date unknown,Elevata richiesta,"Si rilascia autorizzazione allimportazione alle strutture sanitarie per analogo autorizzato allestero, nel caso in cui le strutture interessate riscontrino discontinuità nella fornitura, a livello delle reti distributive cui hanno accesso",2026-10-01T10:44:52.184436,123684
IT,Italy,AIFA,GADUAR,OLMESARTAN MEDOXOMIL,"""40 MG/10 MG/12,5 MG COMPRESSE RIVESTITE CON FILM"" 28 COMPRESSE IN BLISTER AL/AL",,49375102,C09DX03,2026-11-16,,shortage - end date unknown,Problemi produttivi,Per trattamento alternativo si consiglia di rivolgersi allo specialista o al M.M.G,2026-10-01T10:44:52.184454,
IT,Italy,AIFA,GALAXIA,LATANOPROST,""" 0,005 % COLLIRIO, SOLUZIONE "" 1 FLACONE DA 2,5 ML",,38622015,S01EE01,2026-05-15,2026-10-15,shortage,Problemi produttivi,Per trattamento alternativo si consiglia di rivolgersi allo specialista o al M.M.G,2026-10-01T10:44:52.184477,198730
IT,Italy,AIFA,GALNORA,GALANTAMINA BROMIDRATO,"""8 MG CAPSULE RIGIDE A RILASCIO PROLUNGATO"" 28 CAPSULE IN BLISTER PVC-PE-PVDC/AL",,39889136,N06DA04,2026-05-30,,shortage - end date unknown,Elevata richiesta,Si rilascia autorizzazione allimportazione alle strutture sanitarie per analogo autorizzato allestero,2026-10-01T10:44:52.184495,
IT,Italy,AIFA,GAMMAGARD,IMMUNOGLOBULINA UMANA NORMALE,"""50 MG/ML POLVERE E SOLVENTE PER SOLUZIONE PER INFUSIONE"" 1 FLACONE POLVERE + 1 FLACONE DI SOLVENTE DA 192 ML + SET INFUSIONALE",,33240045,J06BA02,2022-07-01,,shortage - end date unknown,Elevata richiesta: forniture discontinue,"Si rilascia autorizzazione allimportazione alle strutture sanitarie per analogo autorizzato allestero, nel caso in cui le strutture interessate riscontrino discontinuità nella fornitura, a livello delle reti distributive cui hanno accesso",2026-10-01T10:44:52.184514,
IT,Italy,AIFA,GAMMAGARD,IMMUNOGLOBULINA UMANA NORMALE,"""50 MG/ML POLVERE E SOLVENTE PER SOLUZIONE PER INFUSIONE"" 1 FLACONE POLVERE + 1 FLACONE DI SOLVENTE DA 96 ML + SET INFUSIONALE",,33240033,J06BA02,2022-10-31,,shortage - end date unknown,Elevata richiesta: forniture discontinue,"Si rilascia autorizzazione allimportazione alle strutture sanitarie per analogo autorizzato allestero, nel caso in cui le strutture interessate riscontrino discontinuità nella fornitura, a livello delle reti distributive cui hanno accesso",2026-10-01T10:44:52.184533,
IT,Italy,AIFA,GAMUNEX,IMMUNOGLOBULINA UMANA NORMALE,"""100 MG/ML SOLUZIONE PER INFUSIONE"" 1 FLACONCINO IN VETRO DA 50 ML",,45410026,J06BA02,2025-11-14,2026-12-31,shortage,Problemi produttivi: forniture discontinue,Rilasciata determinazione per limportazione al titolare A.I.C.,2026-10-01T10:44:52.184556,
IT,Italy,AIFA,GAMUNEX,IMMUNOGLOBULINA UMANA NORMALE,"""100 MG/ML SOLUZIONE PER INFUSIONE"" 1 FLACONCINO IN VETRO DA 100 ML",,45410040,J06BA02,2025-11-14,2026-12-31,shortage,Problemi produttivi: forniture discontinue,"Si rilascia autorizzazione allimportazione alle strutture sanitarie per analogo autorizzato allestero, nel caso in cui le strutture interessate riscontrino discontinuità nella fornitura, a livello delle reti distributive cui hanno accesso",2026-10-01T10:44:52.184580,
IT,Italy,AIFA,GANAZOLO,ECONAZOLO NITRATO,10 mg/g crema vaginale,,33340035,G01AF05,2024-09-01,,shortage - end date unknown,Problemi produttivi,Per trattamento alternativo si consiglia di rivolgersi allo specialista o al M.M.G,2026-10-01T10:44:52.184602,
IT,Italy,AIFA,GANAZOLO,ECONAZOLO NITRATO,10 mg/g emulsione cutanea,,33340023,D01AC03,2024-12-23,,shortage - end date unknown,Elevata richiesta/problemi produttivi,Per trattamento alternativo si consiglia di rivolgersi allo specialista o al M.M.G,2026-10-01T10:44:52.184624,
IT,Italy,AIFA,GANAZOLO,ECONAZOLO NITRATO,10 mg/g crema,,33340011,D01AC03,2026-05-01,,shortage - end date unknown,Problemi produttivi,Per trattamento alternativo si consiglia di rivolgersi allo specialista o al M.M.G,2026-10-01T10:44:52.184645,
IT,Italy,AIFA,GASTROGRAFIN,AMIDOTRIZOATO SODICO + MEGLUMINA AMIDOTRIZOATO,"""370 MG IODIO/ML SOLUZIONE GASTROENTERICA"" FLACONE 100 ML",,23085020,V08AA01,2026-02-18,,shortage - end date unknown,Problemi produttivi,Per trattamento alternativo si consiglia di rivolgersi allo specialista o al M.M.G,2026-10-01T10:44:52.184667,16136
IT,Italy,AIFA,GASTROMIRO,IOPAMIDOLO,"""61,2% SOLUZIONE"" FLACONE 100 ML PER USO ORALE O RETTALE",,26899031,V08AB04,2026-03-16,2026-12-31,shortage,Elevata richiesta,Si rilascia autorizzazione allimportazione alle strutture sanitarie per analogo autorizzato allestero,2026-10-01T10:44:52.184694,
IT,Italy,AIFA,GASTROMIRO,IOPAMIDOLO,"""61,2% SOLUZIONE"" FLACONE  50 ML PER USO ORALE O RETTALE",,26899029,V08AB04,2026-03-16,2026-12-31,shortage,Elevata richiesta,Si rilascia autorizzazione allimportazione alle strutture sanitarie per analogo autorizzato allestero,2026-10-01T10:44:52.184722,
IT,Italy,AIFA,GASTROMIRO,IOPAMIDOLO,"""61,2% SOLUZIONE"" FLACONE  20 ML PER USO ORALE O RETTALE",,26899017,V08AB04,2026-03-16,2026-12-31,shortage,Elevata richiesta,Si rilascia autorizzazione allimportazione alle strutture sanitarie per analogo autorizzato allestero,2026-10-01T10:44:52.184749,
IT,Italy,AIFA,GASTROSCHOUM REFLUSSO,OMEPRAZOLO,"""20 mg CAPSULE RIGIDE"" 14 CAPSULE IN BLISTER PVC/PVDC-AL",,51151025,A02BC01,2026-06-05,,shortage - end date unknown,Problemi produttivi,Per trattamento alternativo si consiglia di rivolgersi allo specialista o al M.M.G,2026-10-01T10:44:52.184771,60062
IT,Italy,AIFA,GEFITINIB MEDAC,GEFITINIB,"""250 MG COMPRESSE RIVESTITE CON FILM"" 30 COMPRESSE IN BLISTER OPA/AL/PVC/AL",,46409013,L01EB01,2026-03-20,,shortage - end date unknown,Problemi regolatori,"Si rilascia autorizzazione allimportazione alle strutture sanitarie per analogo autorizzato allestero, nel caso in cui le strutture interessate riscontrino discontinuità nella fornitura, a livello delle reti distributive cui hanno accesso",2026-10-01T10:44:52.184793,90778
IT,Italy,AIFA,GEMCITABINA SUN PHARMA,GEMCITABINA,"""10 MG/ML SOLUZIONE PER INFUSIONE"" 1 SACCA STERILE IN PLASTICA DA 200 ML",,44167056,L01BC05,2025-05-20,,shortage - end date unknown,Problemi produttivi: distribuzione contingentata,"Si rilascia autorizzazione allimportazione alle strutture sanitarie per analogo autorizzato allestero, nel caso in cui le strutture interessate riscontrino discontinuità nella fornitura, a livello delle reti distributive cui hanno accesso",2026-10-01T10:44:52.184815,
IT,Italy,AIFA,GEMCITABINA SUN PHARMA,GEMCITABINA,"""10 MG/ML SOLUZIONE PER INFUSIONE"" 1 SACCA STERILE IN PLASTICA DA 160 ML",,44167029,L01BC05,2024-05-12,,shortage - end date unknown,Problemi produttivi,"Si rilascia autorizzazione allimportazione alle strutture sanitarie per analogo autorizzato allestero, nel caso in cui le strutture interessate riscontrino discontinuità nella fornitura, a livello delle reti distributive cui hanno accesso",2026-10-01T10:44:52.184835,
IT,Italy,AIFA,GEMCITABINA SUN PHARMA,GEMCITABINA,"""10 MG/ML SOLUZIONE PER INFUSIONE"" 1 SACCA STERILE IN PLASTICA DA 120 ML",,44167017,L01BC05,2024-01-05,,shortage - end date unknown,Problemi produttivi: distribuzione contingentata,"Si rilascia autorizzazione allimportazione alle strutture sanitarie per analogo autorizzato allestero, nel caso in cui le strutture interessate riscontrino discontinuità nella fornitura, a livello delle reti distributive cui hanno accesso",2026-10-01T10:44:52.184856,
IT,Italy,AIFA,GEMCITABINA SUN PHARMA,GEMCITABINA,"""10 MG/ML SOLUZIONE PER INFUSIONE"" 1 SACCA STERILE IN PLASTICA DA 140 ML",,44167195,L01BC05,2024-06-30,,shortage - end date unknown,Problemi produttivi,"Si rilascia autorizzazione allimportazione alle strutture sanitarie per analogo autorizzato allestero, nel caso in cui le strutture interessate riscontrino discontinuità nella fornitura, a livello delle reti distributive cui hanno accesso",2026-10-01T10:44:52.184878,
IT,Italy,AIFA,GEMCITABINA SUN PHARMA,GEMCITABINA,"""10 MG/ML SOLUZIONE PER INFUSIONE"" 1 SACCA STERILE IN PLASTICA DA 180 ML",,44167043,L01BC05,2026-09-04,,shortage - end date unknown,Problemi produttivi,Per trattamento alternativo si consiglia di rivolgersi allo specialista o al M.M.G,2026-10-01T10:44:52.184898,
IT,Italy,AIFA,GEMFIBROZIL DOC GENERICI,GEMFIBROZIL,"""600 MG COMPRESSE RIVESTITE CON FILM"" 30 COMPRESSE",,34080010,C10AB04,2026-08-07,,shortage - end date unknown,Problemi produttivi,Per trattamento alternativo si consiglia di rivolgersi allo specialista o al M.M.G,2026-10-01T10:44:52.184918,31062
IT,Italy,AIFA,GEMFIBROZIL DOC GENERICI,GEMFIBROZIL,"""900 MG COMPRESSE RIVESTITE CON FILM"" 20 COMPRESSE",,34080022,C10AB04,2026-07-07,,shortage - end date unknown,Problemi produttivi,Per trattamento alternativo si consiglia di rivolgersi allo specialista o al M.M.G,2026-10-01T10:44:52.184937,31062
IT,Italy,AIFA,GENISIA,TIMOLOLO,"""1 MG/G GEL OFTALMICO IN CONTENITORE MONODOSE"" 30 CONTENITORI IN LDPE DA 0,4 G",,50611021,S01ED01,2026-03-26,2026-09-30,resolved,Elevata richiesta: forniture discontinue,Per trattamento alternativo si consiglia di rivolgersi allo specialista o al M.M.G,2026-10-01T10:44:52.184960,
IT,Italy,AIFA,GENTAMICINA ACCORD,GENTAMICINA SOLFATO,""" 0,1 %  CREMA "" TUBO 30 G",,37892015,D06AX07,2026-03-01,,shortage - end date unknown,Motivi commerciali,Per trattamento alternativo si consiglia di rivolgersi allo specialista o al M.M.G,2026-10-01T10:44:52.184978,
IT,Italy,AIFA,GENTAMICINA E BETAMETASONE ZENTIVA,BETAMETASONE + GENTAMICINA,""" 0,1% + 0,1% CREMA "" TUBO 30 G",,36255026,D07CC01,2025-07-21,,shortage - end date unknown,Problemi produttivi,Per trattamento alternativo si consiglia di rivolgersi allo specialista o al M.M.G,2026-10-01T10:44:52.184997,
IT,Italy,AIFA,GENTAMICINA ZENTIVA,GENTAMICINA SOLFATO,""" 0,1 % CREMA "" TUBO 30 G",,36262020,D06AX07,2024-11-30,,shortage - end date unknown,Problemi produttivi,Per trattamento alternativo si consiglia di rivolgersi allo specialista o al M.M.G,2026-10-01T10:44:52.185015,
IT,Italy,AIFA,GLAMIDOLO,DAPIPRAZOLO CLORIDRATO,"""0,5% COLLIRIO, POLVERE E SOLVENTE PER SOLUZIONE""  FLACONE POLVERE + FLACONE SOLVENTE DA 5 ML",,26065019,S01EX02,2026-06-11,,shortage - end date unknown,Problemi produttivi,Si rilascia autorizzazione allimportazione alle strutture sanitarie per analogo autorizzato allestero,2026-10-01T10:44:52.185033,
IT,Italy,AIFA,GLAMIN,AMINOACIDI,10 FLACONI DA 500  ML,,32105102,B05BA01,2025-12-23,,shortage - end date unknown,Problemi produttivi,Per trattamento alternativo si consiglia di rivolgersi allo specialista o al M.M.G,2026-10-01T10:44:52.185052,44636
IT,Italy,AIFA,GLAZIDIM,CEFTAZIDIMA PENTAIDRATO CON SODIO CARBONATO STERILE,"""2 G POLVERE PER SOLUZIONE PER INFUSIONE"" 1 FLACONCINO DI POLVERE",,25212059,J01DD02,2024-03-24,,shortage - end date unknown,Motivi commerciali,Per trattamento alternativo si consiglia di rivolgersi allo specialista o al M.M.G,2026-10-01T10:44:52.185070,
IT,Italy,AIFA,GLAZIDIM,CEFTAZIDIMA PENTAIDRATO CON SODIO CARBONATO STERILE,"""1G/10ML POLVERE+ SOLVENTE PER SOLUZIONE INIETTABILE PER USO ENDOVENOSO"" 1 FLACONE POLVERE 1 G+FIALA SOLVENTE 10 ML",,25212046,J01DD02,2024-03-24,,shortage - end date unknown,Motivi commerciali,Per trattamento alternativo si consiglia di rivolgersi allo specialista o al M.M.G,2026-10-01T10:44:52.185088,37168
IT,Italy,AIFA,GLICEROLO COOP,GLICEROLO,"""ADULTI 2,25 G SUPPOSTA"" 18 SUPPOSTE IN BLISTER AL/PE",,44032035,A06AX01,2026-05-11,,shortage - end date unknown,Cessata commercializzazione temporanea,Per trattamento alternativo si consiglia di rivolgersi allo specialista o al M.M.G,2026-10-01T10:44:52.185107,
IT,Italy,AIFA,GLICEROLO FARMAKOPEA,GLICEROLO,"""PRIMA INFANZIA 2,25 G SOLUZIONE RETTALE"" 6 CONTENITORI MONODOSE CON CAMOMILLA E MALVA",,31141043,A06AG04,2026-04-01,,shortage - end date unknown,Cessata commercializzazione temporanea,Per trattamento alternativo si consiglia di rivolgersi allo specialista o al M.M.G,2026-10-01T10:44:52.185125,
IT,Italy,AIFA,GLICLAZIDE AUROBINDO,GLICLAZIDE,"""30 mg COMPRESSE A RILASCIO MODIFICATO"" 60 COMPRESSE IN BLISTER PVC-AL",,50457035,A10BB09,2025-02-28,,shortage - end date unknown,Problemi produttivi (carenza relativa solo al canale retail),Per trattamento alternativo si consiglia di rivolgersi allo specialista o al M.M.G,2026-10-01T10:44:52.185143,61530
IT,Italy,AIFA,GLICLAZIDE AUROBINDO,GLICLAZIDE,"""60 mg COMPRESSE A RILASCIO MODIFICATO"" 30 COMPRESSE IN BLISTER PVC-AL",,50457062,A10BB09,2025-01-31,,shortage - end date unknown,Problemi produttivi,Per trattamento alternativo si consiglia di rivolgersi allo specialista o al M.M.G,2026-10-01T10:44:52.185170,141925
IT,Italy,AIFA,GLICLAZIDE EG STADA,GLICLAZIDE,"""30 MG COMPRESSE A RILASCIO MODIFICATO"" 60 COMPRESSE IN BLISTER PVC/AL",,42462085,A10BB09,2026-01-01,,shortage - end date unknown,Problemi produttivi,Per trattamento alternativo si consiglia di rivolgersi allo specialista o al M.M.G,2026-10-01T10:44:52.185188,61530
IT,Italy,AIFA,GLIMEPIRIDE ACCORD HEALTHCARE,GLIMEPIRIDE,"""4 MG COMPRESSE"" 30 COMPRESSE IN BLISTER PVC/PVDC/AL",,39162146,A10BB12,2026-02-01,,shortage - end date unknown,Motivi commerciali,Per trattamento alternativo si consiglia di rivolgersi allo specialista o al M.M.G,2026-10-01T10:44:52.185207,44466
IT,Italy,AIFA,GLIMEPIRIDE ACCORD HEALTHCARE,GLIMEPIRIDE,"""3 MG COMPRESSE"" 30 COMPRESSE IN BLISTER PVC/PVDC/AL",,39162108,A10BB12,2026-04-24,,shortage - end date unknown,Elevata richiesta,Per trattamento alternativo si consiglia di rivolgersi allo specialista o al M.M.G,2026-10-01T10:44:52.185226,44458
IT,Italy,AIFA,GLIMEPIRIDE ACCORD HEALTHCARE,GLIMEPIRIDE,"""2 MG COMPRESSE"" 30 COMPRESSE IN BLISTER PVC/PVDC/AL",,39162060,A10BB12,2026-04-24,,shortage - end date unknown,Elevata richiesta,Per trattamento alternativo si consiglia di rivolgersi allo specialista o al M.M.G,2026-10-01T10:44:52.185245,44431
IT,Italy,AIFA,GLUCOSAMINA SOLFATO EG,GLUCOSAMINA SOLFATO + SODIO CLORURO,""" 1500 MG POLVERE PER SOLUZIONE ORALE "" 20 BUSTINE",,36991014,M01AX05,2026-05-01,,shortage - end date unknown,Cessata commercializzazione definitiva,Per trattamento alternativo si consiglia di rivolgersi allo specialista o al M.M.G,2026-10-01T10:44:52.185263,78964
IT,Italy,AIFA,GLUCOSIO FKI,GLUCOSIO + GLUCOSIO (DESTROSIO) MONOIDRATO,""" 5 % SOLUZIONE PER INFUSIONE"" 20 FLACONCINI IN PE DA 500 ML",,31943968,B05BA03,2026-03-20,,shortage - end date unknown,Problemi produttivi: distribuzione contingentata,Per trattamento alternativo si consiglia di rivolgersi allo specialista o al M.M.G,2026-10-01T10:44:52.185282,26409
IT,Italy,AIFA,GLUCOSIO FKI,GLUCOSIO + GLUCOSIO (DESTROSIO) MONOIDRATO,""" 5 % SOLUZIONE PER INFUSIONE "" 20 FLACONCINI IN PE DA 250 ML",,31943931,B05BA03,2026-02-16,,shortage - end date unknown,Problemi produttivi,Per trattamento alternativo si consiglia di rivolgersi allo specialista o al M.M.G,2026-10-01T10:44:52.185300,29602
IT,Italy,AIFA,GLUCOSIO MONICO,GLUCOSIO (DESTROSIO) MONOIDRATO,"""10% SOLUZIONE PER INFUSIONE"" FLACONCINO DA 500 ML",,30793160,B05BA03,2026-05-04,2026-12-31,shortage,Cessata commercializzazione temporanea,Per trattamento alternativo si consiglia di rivolgersi allo specialista o al M.M.G,2026-10-01T10:44:52.185324,57223
IT,Italy,AIFA,GLUCOSIO MONICO,GLUCOSIO (DESTROSIO) MONOIDRATO,"""50% SOLUZIONE PER INFUSIONE"" 1 SACCA IN PP DA 3000 ML",,36709640,B05BA03,2024-08-05,2026-12-31,shortage,Problemi produttivi,Per trattamento alternativo si consiglia di rivolgersi allo specialista o al M.M.G,2026-10-01T10:44:52.185348,57223
IT,Italy,AIFA,GLUCOSIO MONICO,GLUCOSIO (DESTROSIO) MONOIDRATO,"""10% SOLUZIONE PER INFUSIONE"" FLACONCINO DA 250 ML",,30793158,B05BA03,2026-05-04,2026-12-31,shortage,Cessata commercializzazione temporanea,Per trattamento alternativo si consiglia di rivolgersi allo specialista o al M.M.G,2026-10-01T10:44:52.185371,57223
IT,Italy,AIFA,GLUCOSIO MONICO,GLUCOSIO (DESTROSIO) MONOIDRATO,"""5% SOLUZIONE PER INFUSIONE"" FLACONCINO DA 500 ML",,30793119,B05BA03,2026-05-04,2026-12-31,shortage,Cessata commercializzazione temporanea,Per trattamento alternativo si consiglia di rivolgersi allo specialista o al M.M.G,2026-10-01T10:44:52.185394,57223
IT,Italy,AIFA,GLUCOSIO MONICO,GLUCOSIO (DESTROSIO) MONOIDRATO,"""5% SOLUZIONE PER INFUSIONE"" FLACONCINO DA 250 ML",,30793107,B05BA03,2026-05-04,2026-12-31,shortage,Cessata commercializzazione temporanea,Per trattamento alternativo si consiglia di rivolgersi allo specialista o al M.M.G,2026-10-01T10:44:52.185418,57223
IT,Italy,AIFA,GLUCOSIO S.A.L.F.,GLUCOSIO (DESTROSIO) MONOIDRATO,"""5%  SOLUZIONE INIETTABILE"" 1 FLACONCINO 500 ML",,30672164,B05BA03,2023-07-24,2026-12-31,shortage,Elevata richiesta (carenza relativa solo al canale retail),Per trattamento alternativo si consiglia di rivolgersi allo specialista o al M.M.G,2026-10-01T10:44:52.185440,57223
IT,Italy,AIFA,GOGANZA,MACROGOL 3350 + POTASSIO CLORURO + SODIO CLORURO + SODIO IDROGENO CARBONATO,"""13,8 G POLVERE PER SOLUZIONE ORALE "" 20 BUSTINE IN CA/EMA/AL",,44007019,A06AD65,2026-05-15,,shortage - end date unknown,Cessata commercializzazione definitiva,Per trattamento alternativo si consiglia di rivolgersi allo specialista o al M.M.G,2026-10-01T10:44:52.185459,46949
IT,Italy,AIFA,GOLA ACTION,BENZIDAMINA CLORIDRATO + CETILPIRIDINIO CLORURO,"""1,5 MG/ML + 5 MG/ML SPRAY PER MUCOSA ORALE, SOLUZIONE"" 1 FLACONE 10 ML",,33501026,R02AA20,2026-03-31,,shortage - end date unknown,Cessata commercializzazione definitiva,Per trattamento alternativo si consiglia di rivolgersi allo specialista o al M.M.G,2026-10-01T10:44:52.185477,
IT,Italy,AIFA,GONAPEPTYL DEPOT,TRIPTORELINA,"1 SIRINGA PRERIEMPITA DI POLVERE  + 1 SIRINGA PRERIEMPITA DI 1 ML DI SOLVENTE DA 3,75 MG",,35562014,L02AE04,2021-02-08,2027-12-31,shortage,Problemi produttivi,Per trattamento alternativo si consiglia di rivolgersi allo specialista o al M.M.G,2026-10-01T10:44:52.185501,70084
IT,Italy,AIFA,GONASI HP,GONADOTROPINA CORIONICA,"""250 UI/1 ML POLVERE E SOLVENTE PER SOLUZIONE INIETTABILE"" 3 FLACONCINI POLVERE + 3 SIRINGHE PRERIEMPITE DI SOLVENTE CON 2 AGHI CIASCUNA",,3763240,G03GA01,2025-12-05,,shortage - end date unknown,Cessata commercializzazione definitiva,"Si rilascia autorizzazione allimportazione alle strutture sanitarie per analogo autorizzato allestero, nel caso in cui le strutture interessate riscontrino discontinuità nella fornitura, a livello delle reti distributive cui hanno accesso",2026-10-01T10:44:52.185519,6963
IT,Italy,AIFA,GONASI HP,GONADOTROPINA CORIONICA,"""1000 UI/1 ML POLVERE E SOLVENTE PER SOLUZIONE INIETTABILE"" 3 FLACONCINI POLVERE + 3 SIRINGHE PRERIEMPITE DI SOLVENTE CON 2 AGHI CIASCUNA",,3763253,G03GA01,2026-03-26,2026-12-31,shortage,Problemi produttivi: distribuzione contingentata,"Si rilascia autorizzazione allimportazione alle strutture sanitarie per analogo autorizzato allestero, nel caso in cui le strutture interessate riscontrino discontinuità nella fornitura, a livello delle reti distributive cui hanno accesso",2026-10-01T10:44:52.185542,6963
IT,Italy,AIFA,GONASI HP,GONADOTROPINA CORIONICA,"""5000 UI/1 ML POLVERE E SOLVENTE PER SOLUZIONE INIETTABILE"" 1 FLACONCINO POLVERE + 1 SIRINGA PRERIEMPITA DI SOLVENTE CON 2 AGHI",,3763277,G03GA01,2026-03-26,2026-12-31,shortage,Problemi produttivi: distribuzione contingentata,"Si rilascia autorizzazione allimportazione alle strutture sanitarie per analogo autorizzato allestero, nel caso in cui le strutture interessate riscontrino discontinuità nella fornitura, a livello delle reti distributive cui hanno accesso",2026-10-01T10:44:52.185566,6963
IT,Italy,AIFA,GRANISETRON KABI,GRANISETRON CLORIDRATO,"""1MG/ML CONCENTRATO PER SOLUZIONE INIETTABILE/INFUSIONE"" 5 FIALE IN VETRO DA 3 ML",,39053020,A04AA02,2025-12-11,,shortage - end date unknown,Problemi produttivi,Per trattamento alternativo si consiglia di rivolgersi allo specialista o al M.M.G,2026-10-01T10:44:52.185584,33413
IT,Italy,AIFA,HAEMOCTIN,FATTORE VIII DELLA COAGULAZIONE DEL PLASMA UMANO,"""1000U.I. POLVERE E SOLVENTE PER SOLUZIONE INIETTABILE"" 1FLAC.NO IN VETROPOLVERE+1FLAC.NO IN VETRO SOLV DA 5ML+1 SIR MONOUSO+SISTRASFDOPPIOFILTRO+AGOF",,38541037,B02BD02,2026-02-16,,shortage - end date unknown,Problemi produttivi,Rilasciata determinazione per limportazione al titolare A.I.C.,2026-10-01T10:44:52.185603,67059
IT,Italy,AIFA,HARVONI,LEDIPASVIR + SOFOSBUVIR,90 MG/400 MG - COMPRESSE RIVESTITE CON FILM - USO ORALE - FLACONE (HDPE) -  28 COMPRESSE RIVESTITE CON FILM,,43731013,J05AP51,2026-07-30,,shortage - end date unknown,Cessata commercializzazione definitiva,Per trattamento alternativo si consiglia di rivolgersi allo specialista o al M.M.G,2026-10-01T10:44:52.185621,127094
IT,Italy,AIFA,HAVRIX,VACCINO EPATITICO A,"""ADULTI SOSPENSIONE INIETTABILE PER USO INTRAMUSCOLARE"" 1 SIRINGA PRERIEMPITA DA 1,0 ML (1 DOSE) CON AGO SEPARATO",,28725125,J07BC02,2026-08-17,2026-11-16,shortage,Elevata richiesta,"Si rilascia autorizzazione allimportazione alle strutture sanitarie per analogo autorizzato allestero, nel caso in cui le strutture interessate riscontrino discontinuità nella fornitura, a livello delle reti distributive cui hanno accesso",2026-10-01T10:44:52.185647,
IT,Italy,AIFA,HBVAXPRO,VACCINO EPATITE B DA DNA RICOMBINANTE,10 MCG/ML SOSPENSIONE INIETTABILE 1 FLACONCINO (VETRO) 1 ML USO INTRAMUSCOLARE,,35262070,J07BC01,2017-11-22,,shortage - end date unknown,Cessata commercializzazione definitiva,Si rilascia autorizzazione allimportazione alle strutture sanitarie per analogo autorizzato allestero,2026-10-01T10:44:52.185671,82201
IT,Italy,AIFA,HEMGENIX,ETRANACOGENE DEZAPARVOVEC,1 x 10¹³ cg/ml - Concentrato per soluzione per infusione - Uso endovenoso - Flaconcino (vetro) 10 ml - Ogni confezione specifica per il paziente contiene una quantità di flaconcini sufficiente per la dose di ciascun paziente pari a 2 x 10¹³ cg/kg di peso corporeo,,50548015,B02BD16,2026-03-09,2026-09-30,resolved,Problemi produttivi: ridotta disponibilità,"Si rilascia autorizzazione allimportazione alle strutture sanitarie per analogo autorizzato allestero, nel caso in cui le strutture interessate riscontrino discontinuità nella fornitura, a livello delle reti distributive cui hanno accesso",2026-10-01T10:44:52.185698,
IT,Italy,AIFA,HIZENTRA,IMMUNOGLOBULINA UMANA NORMALE,200 MG/ML - SOLUZIONE INIETTABILE - USO SOTTOCUTANEO - FLACONCINO (VETRO) 50 ML - 1 FLACONCINO,,41157138,J06BA01,2026-07-06,2026-09-30,resolved,Elevata richiesta: distribuzione contingentata,"Si rilascia autorizzazione allimportazione alle strutture sanitarie per analogo autorizzato allestero, nel caso in cui le strutture interessate riscontrino discontinuità nella fornitura, a livello delle reti distributive cui hanno accesso",2026-10-01T10:44:52.185725,
IT,Italy,AIFA,HIZENTRA,IMMUNOGLOBULINA UMANA NORMALE,"""200 MG/ML - SOLUZIONE INIETTABILE - USO SOTTOCUTANEO - FLACONCINO (VETRO) -  10 ML"" 1 FLACONCIN0",,41157049,J06BA01,2026-07-06,2026-09-30,resolved,Elevata richiesta: distribuzione contingentata,"Si rilascia autorizzazione allimportazione alle strutture sanitarie per analogo autorizzato allestero, nel caso in cui le strutture interessate riscontrino discontinuità nella fornitura, a livello delle reti distributive cui hanno accesso",2026-10-01T10:44:52.185749,97403
IT,Italy,AIFA,HOLOXAN,IFOSFAMIDE,"""1 G POLVERE PER SOLUZIONE INIETTABILE"" 1 FLACONCINO",,23779061,L01AA06,2025-12-16,2027-03-31,shortage,Elevata richiesta/problemi produttivi: distribuzione contingentata,"Si rilascia autorizzazione allimportazione alle strutture sanitarie per analogo autorizzato allestero, nel caso in cui le strutture interessate riscontrino discontinuità nella fornitura, a livello delle reti distributive cui hanno accesso",2026-10-01T10:44:52.185774,14818
IT,Italy,AIFA,HUMATROPE,SOMATROPINA,"""24 MG POLVERE E SOLVENTE PER SOLUZIONE INIETTABILE"" 1 CARTUCCIA CONTENENTE 24 MG DI POLVERE + 1 SIRINGA PRERIEMPITA DA 3,15 ML DI SOLVENTE",,26962062,H01AC01,2026-11-30,,shortage - end date unknown,Cessata commercializzazione definitiva,Per trattamento alternativo si consiglia di rivolgersi allo specialista o al M.M.G,2026-10-01T10:44:52.185793,
IT,Italy,AIFA,HUMATROPE,SOMATROPINA,"""12 MG POLVERE E SOLVENTE PER SOLUZIONE INIETTABILE"" 1 CARTUCCIA CONTENENTE 12 MG DI POLVERE + 1 SIRINGA PRERIEMPITA DA 3,15 ML DI SOLVENTE",,26962050,H01AC01,2026-10-30,,shortage - end date unknown,Cessata commercializzazione definitiva,Per trattamento alternativo si consiglia di rivolgersi allo specialista o al M.M.G,2026-10-01T10:44:52.185812,
IT,Italy,AIFA,HUMATROPE,SOMATROPINA,"""6 MG POLVERE E SOLVENTE PER SOLUZIONE INIETTABILE"" 1 CARTUCCIA CONTENENTE 6 MG DI POLVERE + 1 SIRINGA PRERIEMPITA DA 3,17 ML DI SOLVENTE",,26962047,H01AC01,2026-06-30,,shortage - end date unknown,Cessata commercializzazione definitiva,Per trattamento alternativo si consiglia di rivolgersi allo specialista o al M.M.G,2026-10-01T10:44:52.185830,
IT,Italy,AIFA,HYALGAN,SODIO IALURONATO,"""20 MG/2 ML SOLUZIONE INIETTABILE USO INTRA-ARTICOLARE"" 5 SIRINGHE PRERIEMPITE 2 ML",,26354047,M09AX01,2027-02-28,,shortage - end date unknown,Cessata commercializzazione definitiva,"Per trattamento alternativo si consiglia di rivolgersi allo specialista o al MMG. Sono autorizzati e commercializzati in Italia medicinali con medesimo principio attivo, forma farmaceutica, via di somministrazione, modalità di rilascio, dosaggio, e indicazioni terapeutiche ma numero di unità posologiche e dosi unitarie differente",2026-10-01T10:44:52.185850,50733
IT,Italy,AIFA,HYALGAN,SODIO IALURONATO,"""20 MG/2 ML SOLUZIONE INIETTABILE USO INTRA-ARTICOLARE"" 5 FLACONCINI 2 ML",,26354023,M09AX01,2026-09-15,,shortage - end date unknown,Cessata commercializzazione definitiva,"Per trattamento alternativo si consiglia di rivolgersi allo specialista o al MMG. Sono autorizzati e commercializzati in Italia medicinali con medesimo principio attivo, forma farmaceutica, via di somministrazione, modalità di rilascio, dosaggio, e indicazioni terapeutiche ma numero di unità posologiche e dosi unitarie differente",2026-10-01T10:44:52.185869,50733
IT,Italy,AIFA,HYCAMTIN,TOPOTECAN CLORIDRATO,"""0,25 MG CAPSULA RIGIDA - USO ORALE"" BLISTER (PVC/PCT/ALU) 10 CAPSULE",,33306061,L01CE01,2023-02-24,,shortage - end date unknown,Cessata commercializzazione definitiva,Si rilascia autorizzazione allimportazione alle strutture sanitarie per analogo autorizzato allestero,2026-10-01T10:44:52.185889,87181
IT,Italy,AIFA,HYCAMTIN,TOPOTECAN CLORIDRATO,"""1  MG CAPSULA RIGIDA - USO ORALE"" BLISTER (PVC/PCTFE/ALU) 10 CAPSULE",,33306073,L01CE01,2026-10-01,,shortage - end date unknown,Cessata commercializzazione definitiva,Si rilascia autorizzazione allimportazione alle strutture sanitarie per analogo autorizzato allestero,2026-10-01T10:44:52.185907,87203
IT,Italy,AIFA,HYQVIA,IALURONIDASI UMANA RICOMBINANTE + IMMUNOGLOBULINA UMANA NORMALE,100 MG/ML - SOLUZIONE PER INFUSIONE - USO SOTTOCUTANEO - FLACONCINO (VETRO) 300 ML E FLACONCINO (VETRO) 15 ML - 1 FLACONCINO + 1 FLACONCINO,,42804056,J06BA01,2021-11-08,,shortage - end date unknown,Elevata richiesta: forniture discontinue,"Si rilascia autorizzazione allimportazione alle strutture sanitarie per analogo autorizzato allestero, nel caso in cui le strutture interessate riscontrino discontinuità nella fornitura, a livello delle reti distributive cui hanno accesso",2026-10-01T10:44:52.185926,
IT,Italy,AIFA,HYQVIA,IALURONIDASI UMANA RICOMBINANTE + IMMUNOGLOBULINA UMANA NORMALE,"100 MG/ML - SOLUZIONE PER INFUSIONE - USO SOTTOCUTANEO - FLACONCINO (VETRO) 25 ML  E 1 FLACONCINO (VETRO) 1,25 ML - 1 + 1 FLACONCINO",,42804017,J06BA01,2021-10-01,,shortage - end date unknown,Elevata richiesta: forniture discontinue,"Si rilascia autorizzazione allimportazione alle strutture sanitarie per analogo autorizzato allestero, nel caso in cui le strutture interessate riscontrino discontinuità nella fornitura, a livello delle reti distributive cui hanno accesso",2026-10-01T10:44:52.185945,
IT,Italy,AIFA,HYQVIA,IALURONIDASI UMANA RICOMBINANTE + IMMUNOGLOBULINA UMANA NORMALE,100 MG/ML - SOLUZIONE PER INFUSIONE - USO SOTTOCUTANEO - FLACONCINO (VETRO) 200 ML E FLACONCINO (VETRO) 10 ML - 1 FLACONCINO + 1 FLACONCINO,,42804043,J06BA01,2021-06-16,,shortage - end date unknown,Elevata richiesta: forniture discontinue,"Si rilascia autorizzazione allimportazione alle strutture sanitarie per analogo autorizzato allestero, nel caso in cui le strutture interessate riscontrino discontinuità nella fornitura, a livello delle reti distributive cui hanno accesso",2026-10-01T10:44:52.185964,
IT,Italy,AIFA,HYQVIA,IALURONIDASI UMANA RICOMBINANTE + IMMUNOGLOBULINA UMANA NORMALE,"100 MG/ML - SOLUZIONE PER INFUSIONE - USO SOTTOCUTANEO - FLACONCINO (VETRO) 50 ML E FLACONCINO (VETRO) 2,5 ML - 1 FLACONCINO + 1 FLACONCINO",,42804029,J06BA01,2022-10-31,,shortage - end date unknown,Elevata richiesta: forniture discontinue,"Si rilascia autorizzazione allimportazione alle strutture sanitarie per analogo autorizzato allestero, nel caso in cui le strutture interessate riscontrino discontinuità nella fornitura, a livello delle reti distributive cui hanno accesso",2026-10-01T10:44:52.185983,
IT,Italy,AIFA,HYQVIA,IALURONIDASI UMANA RICOMBINANTE + IMMUNOGLOBULINA UMANA NORMALE,100 MG/ML - SOLUZIONE PER INFUSIONE - USO SOTTOCUTANEO - FLACONCINO (VETRO) 100 ML E FLACONCINO (VETRO) 5 ML - 1 FLACONCINO + 1 FLACONCINO,,42804031,J06BA01,2021-12-15,,shortage - end date unknown,Elevata richiesta: forniture discontinue,"Si rilascia autorizzazione allimportazione alle strutture sanitarie per analogo autorizzato allestero, nel caso in cui le strutture interessate riscontrino discontinuità nella fornitura, a livello delle reti distributive cui hanno accesso",2026-10-01T10:44:52.186001,
IT,Italy,AIFA,HYRIMOZ,ADALIMUMAB,"80 mg - Soluzione iniettabile - Uso sottocutaneo - Penna preriempita (vetro) (SensoReady) 0,8 mL (80 mg/0,8 mL) - 2 penne preriempite",,46889111,L04AB04,2026-08-06,,shortage - end date unknown,Elevata richiesta/problemi produttivi,Per trattamento alternativo si consiglia di rivolgersi allo specialista o al MMG. Sono autorizzati e commercializzati in Italia medicinali biosimilari.,2026-10-01T10:44:52.186021,
IT,Italy,AIFA,IBET,BETAMETASONE SODIO FOSFATO,"""4 MG/2 ML SOLUZIONE INIETTABILE"" 3 FIALE DA 2 ML",,39604020,H02AB01,2025-03-10,,shortage - end date unknown,Problemi produttivi,"Si rilascia autorizzazione allimportazione alle strutture sanitarie per analogo autorizzato allestero, nel caso in cui le strutture interessate riscontrino discontinuità nella fornitura, a livello delle reti distributive cui hanno accesso",2026-10-01T10:44:52.186040,
IT,Italy,AIFA,IBIFEN,KETOPROFENE,"""200 MG COMPRESSE A RILASCIO PROLUNGATO "" 30 COMPRESSE",,24994168,M01AE03,2023-11-29,,shortage - end date unknown,Problemi produttivi,Per trattamento alternativo si consiglia di rivolgersi allo specialista o al M.M.G,2026-10-01T10:44:52.186059,79073
IT,Italy,AIFA,IBIFEN,KETOPROFENE,30 BUSTINE GRANULATO EFFERV 50 MG,,24994170,M01AE03,2023-11-29,,shortage - end date unknown,Problemi produttivi,Per trattamento alternativo si consiglia di rivolgersi allo specialista o al M.M.G,2026-10-01T10:44:52.186078,79073
IT,Italy,AIFA,IBIFEN,KETOPROFENE,"""50 MG/ML GEL"" 1 TUBO 50 G",,24994105,M02AA10,2023-11-29,,shortage - end date unknown,Problemi produttivi,Per trattamento alternativo si consiglia di rivolgersi allo specialista o al M.M.G,2026-10-01T10:44:52.186096,79073
IT,Italy,AIFA,IBIFEN,KETOPROFENE,"""100 MG/5 ML SOLUZIONE INIETTABILE PER USO ENDOVENOSO"" 5 FIALE",,24994244,M01AE03,2024-07-31,,shortage - end date unknown,Problemi produttivi,Per trattamento alternativo si consiglia di rivolgersi allo specialista o al M.M.G,2026-10-01T10:44:52.186115,79073
IT,Italy,AIFA,IBITRED,COLECALCIFEROLO,"""10.000 U.I./ML  GOCCE ORALI, SOLUZIONE"" 1 FLACONE IN VETRO DA 10 ML CON TAPPO APPLICATORE CONTAGOCCE",,46085015,A11CC05,2024-10-15,2026-12-31,shortage,Problemi produttivi,Per trattamento alternativo si consiglia di rivolgersi allo specialista o al M.M.G,2026-10-01T10:44:52.186139,211249
IT,Italy,AIFA,IBITRED,COLECALCIFEROLO,"""25.000 U.I./2,5 ML SOLUZIONE ORALE"" 2 FLACONI IN VETRO MONODOSE DA 5 ML",,46085039,A11CC05,2024-10-15,2026-12-31,shortage,Problemi produttivi,Per trattamento alternativo si consiglia di rivolgersi allo specialista o al M.M.G,2026-10-01T10:44:52.186162,211249
IT,Italy,AIFA,IBUPROFENE PENSA,IBUPROFENE,"""600 MG COMPRESSE RIVESTITE CON FILM"" 30 COMPRESSE IN BLISTER AL/PVC/PVDC",,49980028,M01AE01,2026-11-01,2027-03-31,shortage,Elevata richiesta,Per trattamento alternativo si consiglia di rivolgersi allo specialista o al M.M.G,2026-10-01T10:44:52.186187,17469
IT,Italy,AIFA,IBUPROFENE TEVA,IBUPROFENE,"""600 mg compresse rivestite con film» 30  compresse in blister PVC/PVDC",,43529015,M01AE01,2025-12-09,,shortage - end date unknown,Problemi produttivi,Per trattamento alternativo si consiglia di rivolgersi allo specialista o al M.M.G,2026-10-01T10:44:52.186206,17469
IT,Italy,AIFA,IBUPROFENE ZENTIVA,IBUPROFENE,""" 400 MG CAPSULE, MOLLI"" 20 CAPSULE IN BLISTER PVC/PVDC/AL",,43555059,M01AE01,2024-05-31,,shortage - end date unknown,Problemi produttivi,Per trattamento alternativo si consiglia di rivolgersi allo specialista o al M.M.G,2026-10-01T10:44:52.186225,69248
IT,Italy,AIFA,IBUPROFENE ZENTIVA,IBUPROFENE,""" 400 MG CAPSULE, MOLLI"" 10 CAPSULE IN BLISTER PVC/PVDC/AL",,43555034,M01AE01,2025-08-31,,shortage - end date unknown,Problemi produttivi,Per trattamento alternativo si consiglia di rivolgersi allo specialista o al M.M.G,2026-10-01T10:44:52.186244,69248
IT,Italy,AIFA,IBUPROFENE ZENTIVA GENERICS,IBUPROFENE,"""400 MG COMPRESSE RIVESTITE CON FILM"" 30 COMPRESSE IN BLISTER PVC/AL",,49150042,M01AE01,2026-04-17,,shortage - end date unknown,Problemi produttivi,Per trattamento alternativo si consiglia di rivolgersi allo specialista o al M.M.G,2026-10-01T10:44:52.186263,27278
IT,Italy,AIFA,IBUPROFENE ZENTIVA GENERICS,IBUPROFENE,"""600 MG COMPRESSE RIVESTITE CON FILM"" 30 COMPRESSE IN BLISTER PVC/AL",,49150117,M01AE01,2026-06-30,,shortage - end date unknown,Problemi produttivi,Per trattamento alternativo si consiglia di rivolgersi allo specialista o al M.M.G,2026-10-01T10:44:52.186281,17469
IT,Italy,AIFA,IBUPROFENE ZENTIVA ITALIA,IBUPROFENE,"""200 MG COMPRESSE RIVESTITE CON FILM"" 24 COMPRESSE IN BLISTER PVC/AL",,42324032,M01AE01,2022-05-09,,shortage - end date unknown,Problemi produttivi: forniture discontinue,Per trattamento alternativo si consiglia di rivolgersi allo specialista o al M.M.G,2026-10-01T10:44:52.186300,27251
IT,Italy,AIFA,IBUPROFENE ZENTIVA ITALIA,IBUPROFENE,"""200 MG COMPRESSE RIVESTITE CON FILM"" 12 COMPRESSE IN BLISTER PVC/AL",,42324020,M01AE01,2022-06-01,,shortage - end date unknown,Problemi produttivi: forniture discontinue,Per trattamento alternativo si consiglia di rivolgersi allo specialista o al M.M.G,2026-10-01T10:44:52.186319,27251
IT,Italy,AIFA,IBUPROFENE ZENTIVA ITALIA,IBUPROFENE,"""400 MG COMPRESSE RIVESTITE CON FILM"" 12 COMPRESSE IN BLISTER PVC/AL",,42324057,M01AE01,2024-03-01,,shortage - end date unknown,Elevata richiesta/problemi produttivi,Per trattamento alternativo si consiglia di rivolgersi allo specialista o al M.M.G,2026-10-01T10:44:52.186337,27278
IT,Italy,AIFA,ICATIBANT ACCORD,ICATIBANT,30 MG - SOLUZIONE INIETTABILE - USO SOTTOCUTANEO - SIRINGA PRERIEMPITA (VETRO) 3 ML (10 MG / ML) - 1 SIRINGA PRERIEMPITA + 1 AGO,,49609011,B06AC02,2026-03-24,,shortage - end date unknown,Elevata richiesta,Rilasciata determinazione per limportazione al titolare A.I.C.,2026-10-01T10:44:52.186356,128635
IT,Italy,AIFA,ICATIBANT PIRAMAL,ICATIBANT,"""30 MG SOLUZIONE INIETTABILE IN SIRINGA PRE-RIEMPITA"" 1 SIRINGA PRERIEMPITA IN VETRO DA 3 ML CON AGO",,49045014,B06AC02,2026-05-11,,shortage - end date unknown,Elevata richiesta,Rilasciata determinazione per limportazione al titolare A.I.C.,2026-10-01T10:44:52.186375,128635
IT,Italy,AIFA,ICATIBANT TEVA,ICATIBANT,"""30 MG SOLUZIONE INIETTABILE IN SIRINGA PRERIEMPITA"" 1 SIRINGA PRERIEMPITA IN VETRO DA 3 ML CON AGO",,49039011,B06AC02,2026-08-10,2026-10-30,shortage,"Elevata richiesta/problemi produttivi (carenza
 relativa solo al canale ospedaliero)",Si rilascia autorizzazione allimportazione alle strutture sanitarie per analogo autorizzato allestero,2026-10-01T10:44:52.186399,128635
IT,Italy,AIFA,IDACIO,ADALIMUMAB,"40 MG - SOLUZIONE INIETTABILE - USO SOTTOCUTANEO - SIRINGA PRE-RIEMPITA (VETRO) IN UNA PENNA - 0,8 ML (40 MG/0,8 ML) - 2 PENNE PRE-RIEMPITE + 2 TAMPONI IMBEVUTI DI ALCOOL",,47805039,L04AB04,2026-09-01,,shortage - end date unknown,Elevata richiesta,Per trattamento alternativo si consiglia di rivolgersi allo specialista o al MMG. Sono autorizzati e commercializzati in Italia medicinali biosimilari,2026-10-01T10:44:52.186418,106348
IT,Italy,AIFA,IDACIO,ADALIMUMAB,"40 MG - SOLUZIONE INIETTABILE - USO SOTTOCUTANEO - SIRINGA PRE-RIEMPITA (VETRO) - 0,8 ML (40 MG/0,8 ML) - 2 SIRINGHE PRE-RIEMPITE + 2 TAMPONI IMBEVUTI DI ALCOOL",,47805027,L04AB04,2026-11-07,,shortage - end date unknown,Problemi produttivi: distribuzione contingentata,Per trattamento alternativo si consiglia di rivolgersi allo specialista o al MMG. Sono autorizzati e commercializzati in Italia medicinali biosimilari,2026-10-01T10:44:52.186438,84492
IT,Italy,AIFA,IDROSSICARBAMIDE AUROBINDO,IDROXICARBAMIDE,500 MG CAPSULE RIGIDE 20 CAPSULE IN BLISTER PVC/PVDC-AL,,51117012,L01XX05,2025-11-11,,shortage - end date unknown,Elevata richiesta/problemi produttivi,Per trattamento alternativo si consiglia di rivolgersi allo specialista o al M.M.G,2026-10-01T10:44:52.186458,
IT,Italy,AIFA,IG VENA,IMMUNOGLOBULINA UMANA NORMALE,"""50 G/L SOLUZIONE  PER  INFUSIONE"" 1 FLACONCINO DA 2,5 G/50 ML + APPENDINO ESTENDIBILE",,25266154,J06BA02,2019-07-31,,shortage - end date unknown,Elevata richiesta: forniture discontinue,"Si rilascia autorizzazione allimportazione alle strutture sanitarie per analogo autorizzato allestero, nel caso in cui le strutture interessate riscontrino discontinuità nella fornitura, a livello delle reti distributive cui hanno accesso",2026-10-01T10:44:52.186479,
IT,Italy,AIFA,IGANTIBE,IMMUNOGLOBULINA UMANA ANTIEPATITE B,""" 1000 UI/5 ML SOLUZIONE INIETTABILE USO INTRAMUSCOLARE "" 1 FIALA 5 ML",,35320023,J06BB04,2026-08-01,,shortage - end date unknown,Cessata commercializzazione definitiva,Per trattamento alternativo si consiglia di rivolgersi allo specialista o al M.M.G,2026-10-01T10:44:52.186498,167185
IT,Italy,AIFA,IGANTIBE,IMMUNOGLOBULINA UMANA ANTIEPATITE B,""" 1000 UI/5 ML SOLUZIONE INIETTABILE USO INTRAMUSCOLARE "" 1 FIALA 5 ML",,35320023,J06BB04,2026-08-01,,shortage - end date unknown,Cessata commercializzazione definitiva,Per trattamento alternativo si consiglia di rivolgersi allo specialista o al M.M.G,2026-10-01T10:44:52.186516,167185
IT,Italy,AIFA,IKERVIS,CICLOSPORINA,"1 MG/ML - COLLIRIO, EMULSIONE - USO OFTALMICO -  CONTENITORI MONODOSE (LDPE) 0,3 ML  - 30 CONTENITORI MONODOSE",,44013011,S01XA18,2025-07-30,2027-03-31,shortage,Problemi produttivi (carenza relativa solo al canale retail),"Si rilascia autorizzazione allimportazione alle strutture sanitarie per analogo autorizzato allestero, nel caso in cui le strutture interessate riscontrino discontinuità nella fornitura, a livello delle reti distributive cui hanno accesso",2026-10-01T10:44:52.186539,
IT,Italy,AIFA,ILOPROST RAFARM,ILOPROST,"""10 MICROGRAMMI/ML SOLUZIONE PER NEBULIZZATORE"" 30 FIALE IN VETRO DA 1 ML",,48262012,B01AC11,2026-07-10,,shortage - end date unknown,Cessata commercializzazione temporanea,Per trattamento alternativo si consiglia di rivolgersi allo specialista o al M.M.G,2026-10-01T10:44:52.186558,132713
IT,Italy,AIFA,ILOPROST ZENTIVA,ILOPROST,"""10 MICROGRAMMI/ML SOLUZIONE PER NEBULIZZATORE"" 30 FIALE IN VETRO DA 1 ML",,46536025,B01AC11,2024-09-16,,shortage - end date unknown,Elevata richiesta,Per trattamento alternativo si consiglia di rivolgersi allo specialista o al M.M.G,2026-10-01T10:44:52.186577,132713
IT,Italy,AIFA,ILOPROST ZENTIVA,ILOPROST,"""20 MICROGRAMMI/ML SOLUZIONE PER NEBULIZZATORE"" 30 FIALE IN VETRO DA 1 ML",,46536076,B01AC11,2026-06-30,,shortage - end date unknown,Problemi produttivi,Per trattamento alternativo si consiglia di rivolgersi allo specialista o al M.M.G,2026-10-01T10:44:52.186595,132721
IT,Italy,AIFA,ILOPROST ZENTIVA ITALIA,ILOPROST,"""100 MICROGRAMMI/ML CONCENTRATO PER SOLUZIONE PER INFUSIONE"" 1 FIALA IN VETRO DA 0,5 ML",,49863020,B01AC11,2025-12-10,,shortage - end date unknown,Problemi produttivi,Per trattamento alternativo si consiglia di rivolgersi allo specialista o al M.M.G,2026-10-01T10:44:52.186614,132691
IT,Italy,AIFA,IMATINIB ACCORD,IMATINIB MESILATO,100 mg - Compressa rivestita con film - Uso orale - Blister (Alu/Alu) - 120 x 1 compresse (dose unitaria),,42867263,L01EA01,2026-08-31,,shortage - end date unknown,Problemi produttivi,Per trattamento alternativo si consiglia di rivolgersi allo specialista o al M.M.G,2026-10-01T10:44:52.186633,71293
IT,Italy,AIFA,IMATINIB DR. REDDY'S,IMATINIB MESILATO,"""100 MG CAPSULE RIGIDE"" 120 CAPSULE IN BLISTER PVC/ACLAR",,45053067,L01EA01,2026-11-16,,shortage - end date unknown,Problemi produttivi,Per trattamento alternativo si consiglia di rivolgersi allo specialista o al M.M.G,2026-10-01T10:44:52.186651,71293
IT,Italy,AIFA,IMIGRAN,SUMATRIPTAN SUCCINATO,"""6 MG/0,5 ML SOLUZIONE INIETTABILE PER USO SOTTOCUTANEO"" 2 SIRINGHE PRERIEMPITE DA 0,5 ML CON AUTOINIETTORE PENKIT",,27975061,N02CC01,2026-05-20,,shortage - end date unknown,Problemi produttivi: distribuzione contingentata,Per trattamento alternativo si consiglia di rivolgersi allo specialista o al M.M.G,2026-10-01T10:44:52.186669,38210
IT,Italy,AIFA,IMNOVID,POMALIDOMIDE,1 MG - CAPSULA RIGIDA - USO ORALE - BLISTER (PVC/PCTFE) - 14 CAPSULE,,42927057,L04AX06,2027-06-01,,shortage - end date unknown,Cessata commercializzazione definitiva,Per trattamento alternativo si consiglia di rivolgersi allo specialista o al M.M.G,2026-10-01T10:44:52.186688,107514
IT,Italy,AIFA,IMNOVID,POMALIDOMIDE,3 MG - CAPSULA RIGIDA - USO ORALE - BLISTER (PVC/PCTFE) - 14 CAPSULE,,42927071,L04AX06,2026-12-01,,shortage - end date unknown,Cessata commercializzazione definitiva,Per trattamento alternativo si consiglia di rivolgersi allo specialista o al M.M.G,2026-10-01T10:44:52.186707,107530
IT,Italy,AIFA,IMOVAX TETANO,VACCINO TETANICO ADSORBITO,"""SOSPENSIONE INIETTABILE"" SIRINGA PRERIEMPITA DA 0,5 ML",,26171013,J07AM01,2025-04-14,,shortage - end date unknown,Problemi produttivi: distribuzione contingentata (carenza relativa solo al canale retail),"Si rilascia autorizzazione allimportazione alle strutture sanitarie per analogo autorizzato allestero, nel caso in cui le strutture interessate riscontrino discontinuità nella fornitura, a livello delle reti distributive cui hanno accesso",2026-10-01T10:44:52.186725,72273
IT,Italy,AIFA,IMULDOSA,USTEKINUMAB,130 mg - Concentrato per soluzione per infusione - Uso endovenoso - Flaconcino (vetro) 26 ml (5 mg/ml) - 1 flaconcino,,51802039,L04AC05,2026-06-03,,shortage - end date unknown,Problemi produttivi,Per trattamento alternativo si consiglia di rivolgersi allo specialista o al M.M.G,2026-10-01T10:44:52.186744,138274
IT,Italy,AIFA,INDERAL,PROPRANOLOLO CLORIDRATO,"""40 MG COMPRESSE"" 30 COMPRESSE",,20854028,C07AA05,2024-10-23,,shortage - end date unknown,Problemi produttivi,"Per trattamento alternativo si consiglia di rivolgersi allo specialista o al MMG. Sono autorizzati e commercializzati in Italia medicinali con medesimo principio attivo, forma farmaceutica, via di somministrazione, modalità di rilascio, dosaggio, e indicazioni terapeutiche ma numero di unità posologiche e dosi unitarie differente.",2026-10-01T10:44:52.186762,5711
IT,Italy,AIFA,INDUSIL,COBAMAMIDE,"""30 MG POLVERE E SOLVENTE PER SOLUZIONE ORALE""1 FLACONE POLVERE + 1 CONTENITORE MONODOSE 15 ML",,21196112,B03BA04,2026-10-01,,shortage - end date unknown,Cessata commercializzazione definitiva,Per trattamento alternativo si consiglia di rivolgersi allo specialista o al M.M.G,2026-10-01T10:44:52.186781,
IT,Italy,AIFA,INFANRIX HEXA,ANTIGENE DI SUPERFICIE DELL''EPATITE B + EMOAGGLUTININA FILAMENTOSA + PERTACTINA + POLISACCARIDE DELLHAEMOPHILUS INFLUENZAE TIPO B CONIUGATO A TOSSOIDE TETANICO + TOSSOIDE DIFTERICO + TOSSOIDE PERTOSSICO (PT) + TOSSOIDE TETANICO + VIRUS DELLA POLIOMIELITE INATTIVATO DI TIPO 1 + VIRUS DELLA POLIOMIELITE INATTIVATO DI TIPO 2 + VIRUS DELLA POLIOMIELITE INATTIVATO DI TIPO 3,"POLVERE E SOSPENSIONE PER SOSPENSIONE INIETTABILE 1 FLACONCINO + 1 SIRINGA PRERIEMPITA 0,5 ML + 2 AGHI USO INTRAMUSCOLARE",,34960056,J07CA09,2026-05-20,2026-10-30,shortage,Elevata richiesta,Si rilascia autorizzazione allimportazione alle strutture sanitarie per analogo autorizzato allestero,2026-10-01T10:44:52.186804,196541
IT,Italy,AIFA,INFECTOFOS,FOSFOMICINA,"""40MG/ML POLVERE PER SOLUZIONE PER INFUSIONE"" 1 FLACONCINO IN VETRO DA 8G/200ML",,43646076,J01XX01,2026-02-01,,shortage - end date unknown,Elevata richiesta/problemi produttivi,"Si rilascia autorizzazione allimportazione alle strutture sanitarie per analogo autorizzato allestero, nel caso in cui le strutture interessate riscontrino discontinuità nella fornitura, a livello delle reti distributive cui hanno accesso",2026-10-01T10:44:52.186823,
IT,Italy,AIFA,INFUPLAS,POLIGELINA,"""3% SOLUZIONE PER INFUSIONE"" 20 SACCHE FREEFLEX (POLYOLEFINE) DA 500 ML",,37202037,B05AA06,2026-03-04,,shortage - end date unknown,Problemi produttivi,Si rilascia autorizzazione allimportazione alle strutture sanitarie per analogo autorizzato allestero,2026-10-01T10:44:52.186841,
IT,Italy,AIFA,INSULINA LISPRO SANOFI,INSULINA LISPRO,"100 U/ML - SOLUZIONE INIETTABILE - USO ENDOVENOSO, USO SOTTOCUTANEO - CARTUCCIA (VETRO) - 3 ML (3,5 MG/ML) - 5 CARTUCCE",,45481013,A10AB04,2026-09-30,,shortage - end date unknown,Cessata commercializzazione temporanea,Per trattamento alternativo si consiglia di rivolgersi allo specialista o al M.M.G,2026-10-01T10:44:52.186860,65846
IT,Italy,AIFA,INTRALIPID,FOSFOLIPIDI DA TUORLO DI UOVO + OLIO DI SOIA,"""30 G/100 ML EMULSIONE PER INFUSIONE"" 10 SACCHE IN BIOFINE DA 250 ML",,24385458,B05BA02,2026-02-28,,shortage - end date unknown,Problemi produttivi,Per trattamento alternativo si consiglia di rivolgersi allo specialista o al M.M.G,2026-10-01T10:44:52.186878,
IT,Italy,AIFA,INTRATECT,IMMUNOGLOBULINA UMANA NORMALE,"""50 G/L SOLUZIONE PER INFUSIONE"" 1 FLACONCINO IN VETRO DA 20 ML",,37240052,J06BA02,2018-10-29,2026-12-31,shortage,Cessata commercializzazione temporanea,"Si rilascia autorizzazione allimportazione alle strutture sanitarie per analogo autorizzato allestero, nel caso in cui le strutture interessate riscontrino discontinuità nella fornitura, a livello delle reti distributive cui hanno accesso",2026-10-01T10:44:52.186902,
IT,Italy,AIFA,INTRATECT,IMMUNOGLOBULINA UMANA NORMALE,"""50 G/L SOLUZIONE PER INFUSIONE"" 1 FLACONCINO IN VETRO DA 50 ML",,37240064,J06BA02,2018-10-29,2026-12-31,shortage,Cessata commercializzazione temporanea,"Si rilascia autorizzazione allimportazione alle strutture sanitarie per analogo autorizzato allestero, nel caso in cui le strutture interessate riscontrino discontinuità nella fornitura, a livello delle reti distributive cui hanno accesso",2026-10-01T10:44:52.186924,
IT,Italy,AIFA,INTRATECT,IMMUNOGLOBULINA UMANA NORMALE,"""100 G/L SOLUZIONE PER INFUSIONE"" 1 FLACONCINO IN VETRO DA 50 ML",,37240102,J06BA02,2018-10-29,2026-12-31,shortage,Cessata commercializzazione temporanea,"Si rilascia autorizzazione allimportazione alle strutture sanitarie per analogo autorizzato allestero, nel caso in cui le strutture interessate riscontrino discontinuità nella fornitura, a livello delle reti distributive cui hanno accesso",2026-10-01T10:44:52.186947,
IT,Italy,AIFA,INTRATECT,IMMUNOGLOBULINA UMANA NORMALE,"""100 G/L SOLUZIONE PER INFUSIONE"" 1 FLACONCINO IN VETRO DA 100 ML",,37240114,J06BA02,2018-10-29,2026-12-31,shortage,Cessata commercializzazione temporanea,"Si rilascia autorizzazione allimportazione alle strutture sanitarie per analogo autorizzato allestero, nel caso in cui le strutture interessate riscontrino discontinuità nella fornitura, a livello delle reti distributive cui hanno accesso",2026-10-01T10:44:52.186970,
IT,Italy,AIFA,INTRATECT,IMMUNOGLOBULINA UMANA NORMALE,"""100 G/L SOLUZIONE PER INFUSIONE"" 1 FLACONCINO IN VETRO DA 10 ML",,37240090,J06BA02,2018-10-29,2026-12-31,shortage,Cessata commercializzazione temporanea,"Si rilascia autorizzazione allimportazione alle strutture sanitarie per analogo autorizzato allestero, nel caso in cui le strutture interessate riscontrino discontinuità nella fornitura, a livello delle reti distributive cui hanno accesso",2026-10-01T10:44:52.186993,
IT,Italy,AIFA,INTRATECT,IMMUNOGLOBULINA UMANA NORMALE,"""50 G/L SOLUZIONE PER INFUSIONE"" 1 FLACONCINO IN VETRO DA 200 ML",,37240088,J06BA02,2018-10-29,2026-12-31,shortage,Cessata commercializzazione temporanea,"Si rilascia autorizzazione allimportazione alle strutture sanitarie per analogo autorizzato allestero, nel caso in cui le strutture interessate riscontrino discontinuità nella fornitura, a livello delle reti distributive cui hanno accesso",2026-10-01T10:44:52.187016,
IT,Italy,AIFA,INTRATECT,IMMUNOGLOBULINA UMANA NORMALE,"""50 G/L SOLUZIONE PER INFUSIONE"" 1 FLACONCINO IN VETRO DA 100 ML",,37240076,J06BA02,2018-10-29,2026-12-31,shortage,Cessata commercializzazione temporanea,"Si rilascia autorizzazione allimportazione alle strutture sanitarie per analogo autorizzato allestero, nel caso in cui le strutture interessate riscontrino discontinuità nella fornitura, a livello delle reti distributive cui hanno accesso",2026-10-01T10:44:52.187039,
IT,Italy,AIFA,INTRATECT,IMMUNOGLOBULINA UMANA NORMALE,"""100 G/L SOLUZIONE PER INFUSIONE"" 1 FLACONCINO IN VETRO DA 200 ML",,37240126,J06BA02,2018-10-29,2026-12-31,shortage,Cessata commercializzazione temporanea,"Si rilascia autorizzazione allimportazione alle strutture sanitarie per analogo autorizzato allestero, nel caso in cui le strutture interessate riscontrino discontinuità nella fornitura, a livello delle reti distributive cui hanno accesso",2026-10-01T10:44:52.187061,
IT,Italy,AIFA,INUVER,BECLOMETASONE DIPROPIONATO + FORMOTEROLO FUMARATO,"""100 MICROGRAMMI/6 MICROGRAMMI POLVERE PER INALAZIONE"" 1 INALATORE IN ABS/PP DA 120 DOSI",,37798030,R03AK08,2026-06-30,,shortage - end date unknown,Cessata commercializzazione definitiva,Per trattamento alternativo si consiglia di rivolgersi allo specialista o al M.M.G,2026-10-01T10:44:52.187080,
IT,Italy,AIFA,IODIO ALMUS,IODIO + POTASSIO IODURO,"""7%/5% SOLUZIONE CUTANEA ALCOOLICA"" 1 FLACONE 25 ML",,31316021,D08AG03,2026-09-21,,shortage - end date unknown,Cessata commercializzazione definitiva,Per trattamento alternativo si consiglia di rivolgersi allo specialista o al M.M.G,2026-10-01T10:44:52.187098,
IT,Italy,AIFA,IOMERON,IOMEPROLO,"""350 MG/ML SOLUZIONE INIETTABILE"" 1 FLACONE VETRO DA 200 ML",,28282364,V08AB10,2024-12-09,,shortage - end date unknown,Elevata richiesta/problemi produttivi: forniture discontinue,Per trattamento alternativo si consiglia di rivolgersi allo specialista o al M.M.G,2026-10-01T10:44:52.187117,40606
IT,Italy,AIFA,IOMERON,IOMEPROLO,"""350 MG/ML SOLUZIONE INIETTABILE"" 1 FLACONE VETRO DA 150 ML",,28282301,V08AB10,2025-01-31,,shortage - end date unknown,Elevata richiesta/problemi produttivi: forniture discontinue,Per trattamento alternativo si consiglia di rivolgersi allo specialista o al M.M.G,2026-10-01T10:44:52.187135,
IT,Italy,AIFA,IOMERON,IOMEPROLO,"""350 MG/ML SOLUZIONE INIETTABILE"" 1 FLACONE VETRO DA 100 ML",,28282248,V08AB10,2025-01-31,,shortage - end date unknown,Elevata richiesta/problemi produttivi: forniture discontinue,Per trattamento alternativo si consiglia di rivolgersi allo specialista o al M.M.G,2026-10-01T10:44:52.187154,40584
IT,Italy,AIFA,IOMERON,IOMEPROLO,"""300 MG/ML SOLUZIONE INIETTABILE"" 1 FLACONE VETRO DA 500 ML",,28282465,V08AB10,2025-01-06,,shortage - end date unknown,Elevata richiesta/problemi produttivi: forniture discontinue,Per trattamento alternativo si consiglia di rivolgersi allo specialista o al M.M.G,2026-10-01T10:44:52.187172,52124
IT,Italy,AIFA,IOMERON,IOMEPROLO,"""300 MG/ML SOLUZIONE INIETTABILE"" 1 FLACONE VETRO DA 200 ML",,28282352,V08AB10,2025-01-06,,shortage - end date unknown,Elevata richiesta/problemi produttivi: forniture discontinue,Per trattamento alternativo si consiglia di rivolgersi allo specialista o al M.M.G,2026-10-01T10:44:52.187193,40568
IT,Italy,AIFA,IOMERON,IOMEPROLO,"""300 MG/ML SOLUZIONE INIETTABILE"" 1 FLACONE VETRO DA 100 ML",,28282236,V08AB10,2024-12-11,,shortage - end date unknown,Elevata richiesta/problemi produttivi: forniture discontinue,Per trattamento alternativo si consiglia di rivolgersi allo specialista o al M.M.G,2026-10-01T10:44:52.187211,40533
IT,Italy,AIFA,IOMERON,IOMEPROLO,"""400 MG/ML SOLUZIONE INIETTABILE"" 1 FLACONE VETRO DA 500 ML",,28282871,V08AB10,2024-12-09,,shortage - end date unknown,Elevata richiesta/problemi produttivi: forniture discontinue,Per trattamento alternativo si consiglia di rivolgersi allo specialista o al M.M.G,2026-10-01T10:44:52.187230,
IT,Italy,AIFA,IOMERON,IOMEPROLO,"""400 MG/ML SOLUZIONE INIETTABILE"" 1 FLACONE VETRO DA 250 ML",,28282438,V08AB10,2024-12-16,,shortage - end date unknown,Problemi produttivi: forniture discontinue,Per trattamento alternativo si consiglia di rivolgersi allo specialista o al M.M.G,2026-10-01T10:44:52.187250,40673
IT,Italy,AIFA,IOMERON,IOMEPROLO,"""400 MG/ML SOLUZIONE INIETTABILE"" 1 FLACONE VETRO DA 200 ML",,28282376,V08AB10,2024-12-09,,shortage - end date unknown,Elevata richiesta/problemi produttivi: forniture discontinue,Per trattamento alternativo si consiglia di rivolgersi allo specialista o al M.M.G,2026-10-01T10:44:52.187271,40665
IT,Italy,AIFA,IOMERON,IOMEPROLO,"""400 MG/ML SOLUZIONE INIETTABILE"" 1 FLACONE VETRO DA 150 ML",,28282313,V08AB10,2024-12-09,,shortage - end date unknown,Elevata richiesta/problemi produttivi: forniture discontinue,Per trattamento alternativo si consiglia di rivolgersi allo specialista o al M.M.G,2026-10-01T10:44:52.187289,40657
IT,Italy,AIFA,IOMERON,IOMEPROLO,"""350 MG/ML SOLUZIONE INIETTABILE"" 1 FLACONE VETRO DA 250 ML",,28282426,V08AB10,2024-12-09,,shortage - end date unknown,Elevata richiesta/problemi produttivi: forniture discontinue,Per trattamento alternativo si consiglia di rivolgersi allo specialista o al M.M.G,2026-10-01T10:44:52.187307,
IT,Italy,AIFA,IOMERON,IOMEPROLO,"""350 MG/ML SOLUZIONE INIETTABILE"" 1 FLACONE VETRO DA 500 ML",,28282477,V08AB10,2024-10-29,,shortage - end date unknown,Problemi produttivi,Per trattamento alternativo si consiglia di rivolgersi allo specialista o al M.M.G,2026-10-01T10:44:52.187326,65595
IT,Italy,AIFA,IOMERON,IOMEPROLO,"""250 MG/ML SOLUZIONE INIETTABILE"" 1 FLACONE VETRO DA 100 ML",,28282224,V08AB10,2026-10-05,,shortage - end date unknown,Cessata commercializzazione definitiva,Per trattamento alternativo si consiglia di rivolgersi allo specialista o al M.M.G,2026-10-01T10:44:52.187344,
IT,Italy,AIFA,IONOVOL,MAGNESIO CLORURO ESAIDRATO + POTASSIO CLORURO + SODIO ACETATO TRIIDRATO + SODIO CLORURO,"""SOLUZIONE PER INFUSIONE"" 10 FLACONI IN LDPE  DA 500 ML",,44156038,B05BB01,2025-11-20,,shortage - end date unknown,Elevata richiesta: distribuzione contingentata,Per trattamento alternativo si consiglia di rivolgersi allo specialista o al M.M.G,2026-10-01T10:44:52.187363,
IT,Italy,AIFA,IOPAMIRO,IOPAMIDOLO,«370 mgI/ml soluzione  iniettabile»  1  flacone  in vetro da 500 ml,,24425326,V08AB04,2024-12-09,,shortage - end date unknown,Problemi produttivi: forniture discontinue,Per trattamento alternativo si consiglia di rivolgersi allo specialista o al M.M.G,2026-10-01T10:44:52.187382,
IT,Italy,AIFA,IOPAMIRO,IOPAMIDOLO,"""«370 mgI/ml soluzione  iniettabile»  1  flacone  in vetro da 200 ml",,24425163,V08AB04,2024-12-09,,shortage - end date unknown,Problemi produttivi: forniture discontinue,Per trattamento alternativo si consiglia di rivolgersi allo specialista o al M.M.G,2026-10-01T10:44:52.187400,
IT,Italy,AIFA,IOPAMIRO,IOPAMIDOLO,«370 mgI/ml soluzione  iniettabile»  1  flacone  in vetro da 100 ml,,24425112,V08AB04,2024-12-09,,shortage - end date unknown,Elevata richiesta/problemi produttivi: forniture discontinue,Per trattamento alternativo si consiglia di rivolgersi allo specialista o al M.M.G,2026-10-01T10:44:52.187418,
IT,Italy,AIFA,IOPAMIRO,IOPAMIDOLO,«300 mgI/ml soluzione  iniettabile»  1  flacone  in vetro da 200 ml,,24425151,V08AB04,2026-05-29,2026-12-31,shortage,Elevata richiesta (carenza relativa solo al canale ospedaliero),Per trattamento alternativo si consiglia di rivolgersi allo specialista o al M.M.G,2026-10-01T10:44:52.187441,
IT,Italy,AIFA,IOPIDINE,APRACLONIDINA CLORIDRATO,"""5 mg/ml collirio, soluzione"" 1 flacone in LDPE da 5 ml con contagocce",,29823010,S01EA03,2026-06-01,,shortage - end date unknown,Elevata richiesta: distribuzione contingentata (carenza relativa solo al canale retail),"Si rilascia autorizzazione allimportazione alle strutture sanitarie per analogo autorizzato allestero, nel caso in cui le strutture interessate riscontrino discontinuità nella fornitura, a livello delle reti distributive cui hanno accesso",2026-10-01T10:44:52.187460,
IT,Italy,AIFA,IQYMUNE,IMMUNOGLOBULINA UMANA NORMALE,"""100 MG/ML SOLUZIONE PER INFUSIONE"" 1 FLACONCINO  IN VETRO DA 50 ML",,43736026,J06BA02,2025-09-01,2027-03-01,shortage,Problemi produttivi,Si rilascia autorizzazione allimportazione alle strutture sanitarie per analogo autorizzato allestero,2026-10-01T10:44:52.187483,
IT,Italy,AIFA,IQYMUNE,IMMUNOGLOBULINA UMANA NORMALE,"""100 MG/ML SOLUZIONE PER INFUSIONE"" 1 FLACONCINO  IN VETRO DA 100 ML",,43736038,J06BA02,2025-09-01,2027-03-01,shortage,Problemi produttivi,Si rilascia autorizzazione allimportazione alle strutture sanitarie per analogo autorizzato allestero,2026-10-01T10:44:52.187507,
IT,Italy,AIFA,IRBESARTAN ACCORD,IRBESARTAN,"""150 MG COMPRESSE RIVESTITE CON FILM"" 28 COMPRESSE IN BLISTER PVC/PVDC/AL",,41870092,C09CA04,2026-04-24,,shortage - end date unknown,Elevata richiesta,Per trattamento alternativo si consiglia di rivolgersi allo specialista o al M.M.G,2026-10-01T10:44:52.187525,48798
IT,Italy,AIFA,IRBESARTAN ACCORD,IRBESARTAN,"""300 MG COMPRESSE RIVESTITE CON FILM"" 28 COMPRESSE IN BLISTER PVC/PVDC/AL",,41870155,C09CA04,2026-04-24,,shortage - end date unknown,Elevata richiesta,Per trattamento alternativo si consiglia di rivolgersi allo specialista o al M.M.G,2026-10-01T10:44:52.187544,48801
IT,Italy,AIFA,IRBESARTAN E IDROCLOROTIAZIDE AUROBINDO,IDROCLOROTIAZIDE + IRBESARTAN,"""300 MG/12,5 MG COMPRESSE RIVESTITE CON FILM"" 28 COMPRESSE IN BLISTER PA/AL/PVC/AL",,41243142,C09DA04,2026-09-02,,shortage - end date unknown,Problemi produttivi,Per trattamento alternativo si consiglia di rivolgersi allo specialista o al M.M.G,2026-10-01T10:44:52.187562,
IT,Italy,AIFA,IRBESARTAN E IDROCLOROTIAZIDE MYLAN,IDROCLOROTIAZIDE + IRBESARTAN,"""300 MG/12,5 MG COMPRESSE"" 28 COMPRESSE IN BLISTER AMBRA/ACLAR/PVC-AL",,40973125,C09DA04,2026-06-01,,shortage - end date unknown,Problemi produttivi,Per trattamento alternativo si consiglia di rivolgersi allo specialista o al M.M.G,2026-10-01T10:44:52.187581,
IT,Italy,AIFA,IRBESARTAN E IDROCLOROTIAZIDE MYLAN,IDROCLOROTIAZIDE + IRBESARTAN,"""150 MG/12,5 MG COMPRESSE"" 28 COMPRESSE IN BLISTER AMBRA/ACLAR/PVC-AL",,40973024,C09DA04,2026-05-15,,shortage - end date unknown,Problemi produttivi,Per trattamento alternativo si consiglia di rivolgersi allo specialista o al M.M.G,2026-10-01T10:44:52.187599,
IT,Italy,AIFA,IRBESARTAN E IDROCLOROTIAZIDE MYLAN,IDROCLOROTIAZIDE + IRBESARTAN,"""300 MG/25 MG COMPRESSE"" 28 COMPRESSE IN BLISTER AMBRA/ACLAR/PVC-AL",,40973226,C09DA04,2026-10-01,,shortage - end date unknown,Problemi produttivi,Per trattamento alternativo si consiglia di rivolgersi allo specialista o al M.M.G,2026-10-01T10:44:52.187618,
IT,Italy,AIFA,IRBESARTAN HYDROCLOROTHIAZIDE ZENTIVA,IDROCLOROTIAZIDE + IRBESARTAN,"150MG/12,5MG- COMPRESSA RIVESTITA CON FILM -USO ORALE- BLISTER (PVC/PVDC/ALL) - 28 COMPRESSE",,42500126,C09DA04,2022-09-26,,shortage - end date unknown,Problemi produttivi,Per trattamento alternativo si consiglia di rivolgersi allo specialista o al M.M.G,2026-10-01T10:44:52.187636,
IT,Italy,AIFA,IRBESARTAN HYDROCLOROTHIAZIDE ZENTIVA,IDROCLOROTIAZIDE + IRBESARTAN,"300MG/12,5MG- COMPRESSA RIVESTITA CON FILM -USO ORALE- BLISTER (PVC/PVDC/ALL) - 28 COMPRESSE",,42500189,C09DA04,2023-09-30,,shortage - end date unknown,Problemi produttivi,Per trattamento alternativo si consiglia di rivolgersi allo specialista o al M.M.G,2026-10-01T10:44:52.187655,
IT,Italy,AIFA,IRBESARTAN HYDROCLOROTHIAZIDE ZENTIVA,IDROCLOROTIAZIDE + IRBESARTAN,300MG/25MG- COMPRESSA RIVESTITA CON FILM -USO ORALE- BLISTER (PVC/PVDC/ALL) - 28 COMPRESSE,,42500241,C09DA04,2023-12-31,,shortage - end date unknown,Problemi produttivi,Per trattamento alternativo si consiglia di rivolgersi allo specialista o al M.M.G,2026-10-01T10:44:52.187673,
IT,Italy,AIFA,IRINOTECAN ACCORD,IRINOTECAN CLORIDRATO TRIIDRATO,"""20 MG/ML CONCENTRATO PER SOLUZIONE PER INFUSIONE"" 1 FLACONCINO IN VETRO DA 5 ML",,44241026,L01CE02,2026-11-27,,shortage - end date unknown,Problemi produttivi,"Si rilascia autorizzazione allimportazione alle strutture sanitarie per analogo autorizzato allestero, nel caso in cui le strutture interessate riscontrino discontinuità nella fornitura, a livello delle reti distributive cui hanno accesso",2026-10-01T10:44:52.187696,51047
IT,Italy,AIFA,IRINOTECAN AUROBINDO,IRINOTECAN CLORIDRATO TRIIDRATO,"""20 MG/ML CONCENTRATO PER SOLUZIONE PER INFUSIONE"" 1 FLACONCINO IN VETRO DA 5 ML",,38143020,L01CE02,2026-09-11,,shortage - end date unknown,Problemi produttivi,"Si rilascia autorizzazione allimportazione alle strutture sanitarie per analogo autorizzato allestero, nel caso in cui le strutture interessate riscontrino discontinuità nella fornitura, a livello delle reti distributive cui hanno accesso",2026-10-01T10:44:52.187715,51047
IT,Italy,AIFA,IRINOTECAN SUN **,IRINOTECAN CLORIDRATO TRIIDRATO,"""1,5 MG/ML SOLUZIONE PER INFUSIONE"" 1 SACCA DA 240 ML",,48419042,L01CE02,2025-05-20,,shortage - end date unknown,Problemi produttivi: distribuzione contingentata,Per trattamento alternativo si consiglia di rivolgersi allo specialista o al M.M.G,2026-10-01T10:44:52.187733,
IT,Italy,AIFA,IRUXOL,CLORAMFENICOLO + COLLAGENASI,"""1% + 60 U.I. UNGUENTO""TUBO 30 G",,23905021,D03BA52,2026-02-01,2027-02-28,shortage,Cessata commercializzazione definitiva,Si rilascia autorizzazione allimportazione alle strutture sanitarie per analogo autorizzato allestero,2026-10-01T10:44:52.187757,
IT,Italy,AIFA,ISDIBEN,ISOTRETINOINA,"""5 MG CAPSULE MOLLI"" 30 CAPSULE IN BLISTER PVC/PE/PVDC",,41853019,D10BA01,2026-06-15,,shortage - end date unknown,Cessata commercializzazione definitiva,Per trattamento alternativo si consiglia di rivolgersi allo specialista o al M.M.G,2026-10-01T10:44:52.187775,
IT,Italy,AIFA,ISOCEF,CEFTIBUTEN,"""36 MG/ML GRANULATO PER SOSPENSIONE ORALE"" 1 FLACONE DA 15 G",,27850104,J01DD14,2021-04-01,,shortage - end date unknown,Cessata commercializzazione temporanea,Si rilascia autorizzazione allimportazione alle strutture sanitarie per analogo autorizzato allestero,2026-10-01T10:44:52.187794,
IT,Italy,AIFA,ISOCEF,CEFTIBUTEN + CEFTIBUTEN,"""400 MG CAPSULE RIGIDE"" 6 CAPSULE",,27850142,J01DD14,2021-02-02,,shortage - end date unknown,Cessata commercializzazione temporanea,Si rilascia autorizzazione allimportazione alle strutture sanitarie per analogo autorizzato allestero,2026-10-01T10:44:52.187814,
IT,Italy,AIFA,ISOSORBIDE MONONITRATO DOC GENERICI,ISOSORBIDE MONONITRATO,"""20 MG COMPRESSE"" 50 COMPRESSE",,32025013,C01DA14,2026-08-31,,shortage - end date unknown,Elevata richiesta,Per trattamento alternativo si consiglia di rivolgersi allo specialista o al M.M.G,2026-10-01T10:44:52.187834,
IT,Italy,AIFA,ISOSORBIDE MONONITRATO EG,ISOSORBIDE MONONITRATO,"""60 MG COMPRESSE RILASCIO PROLUNGATO"" 30 COMPRESSE",,29558044,C01DA14,2026-06-30,,shortage - end date unknown,Cessata commercializzazione definitiva,Per trattamento alternativo si consiglia di rivolgersi allo specialista o al M.M.G,2026-10-01T10:44:52.187854,
IT,Italy,AIFA,ISOSORBIDE MONONITRATO SANDOZ,ISOSORBIDE MONONITRATO,"""40 MG COMPRESSE"" 30 COMPRESSE",,33684022,C01DA14,2026-09-30,,shortage - end date unknown,Cessata commercializzazione definitiva,Per trattamento alternativo si consiglia di rivolgersi allo specialista o al M.M.G,2026-10-01T10:44:52.187873,
IT,Italy,AIFA,ITRACONAZOLO MYLAN GENERICS,ITRACONAZOLO,"""100 MG CAPSULE RIGIDE"" 8 CAPSULE IN BLISTER PVC/PVDC/AL",,37122049,J02AC02,2026-09-01,,shortage - end date unknown,Problemi produttivi,Per trattamento alternativo si consiglia di rivolgersi allo specialista o al M.M.G,2026-10-01T10:44:52.187892,32336
IT,Italy,AIFA,ITRACONAZOLO TEVA,ITRACONAZOLO,"""100 MG CAPSULE RIGIDE"" 8 CAPSULE",,36377012,J02AC02,2026-10-12,2026-12-31,shortage,Problemi produttivi,Per trattamento alternativo si consiglia di rivolgersi allo specialista o al M.M.G,2026-10-01T10:44:52.187917,32336
IT,Italy,AIFA,IVABRADINA ACCORD,IVABRADINA,5 MG - COMPRESSA RIVESTITA CON FILM - USO ORALE - BLISTER (ALL/ALL) - 56 X 1 COMPRESSE (DOSE UNITARIA),,45428036,C01EB17,2025-09-10,,shortage - end date unknown,Elevata richiesta/problemi produttivi,Per trattamento alternativo si consiglia di rivolgersi allo specialista o al M.M.G,2026-10-01T10:44:52.187936,198161
IT,Italy,AIFA,IVABRADINA AUROBINDO,IVABRADINA,"""7,5 MG COMPRESSE RIVESTITE CON FILM"" 56 COMPRESSE IN BLISTER PA/AL/PVC-AL",,44775043,C01EB17,2026-10-29,,shortage - end date unknown,Cessata commercializzazione definitiva,Per trattamento alternativo si consiglia di rivolgersi allo specialista o al M.M.G,2026-10-01T10:44:52.187956,198188
IT,Italy,AIFA,IVABRADINA TEVA ITALIA,IVABRADINA,"""5 MG COMPRESSE RIVESTITE CON FILM"" 56 COMPRESSE IN BLISTER OPA-AL-PE/AL-PE",,45311040,C01EB17,2026-04-01,2026-11-13,shortage,Problemi produttivi,Per trattamento alternativo si consiglia di rivolgersi allo specialista o al M.M.G,2026-10-01T10:44:52.187980,198161
IT,Italy,AIFA,IVABRADINA ZENTIVA,IVABRADINA CLORIDRATO,"7,5 MG - COMPRESSA RIVESTITA CON FILM - USO ORALE - BLISTER (OPA/ALU/PVC-ALU) - 56 COMPRESSE",,45232105,C01EB17,2025-03-31,,shortage - end date unknown,Problemi produttivi,Per trattamento alternativo si consiglia di rivolgersi allo specialista o al M.M.G,2026-10-01T10:44:52.188000,198188
IT,Italy,AIFA,IVABRADINA ZENTIVA,IVABRADINA CLORIDRATO,5 MG - COMPRESSA RIVESTITA CON FILM - USO ORALE - BLISTER (OPA/ALU/PVC-ALU) - 56 COMPRESSE,,45232030,C01EB17,2025-10-10,,shortage - end date unknown,Elevata richiesta,Per trattamento alternativo si consiglia di rivolgersi allo specialista o al M.M.G,2026-10-01T10:44:52.188019,198161
IT,Italy,AIFA,JADIZA,ETINILESTRADIOLO + LEVONORGESTREL,"""100 MICROGRAMMI/20 MICROGRAMMI COMPRESSE RIVESTITE CON FILM"" 63+21 COMPRESSE IN BLISTER PVC/PVDC/AL",,41960028,G03AA07,2026-02-10,,shortage - end date unknown,Elevata richiesta,Per trattamento alternativo si consiglia di rivolgersi allo specialista o al M.M.G,2026-10-01T10:44:52.188039,
IT,Italy,AIFA,JADIZA,ETINILESTRADIOLO + LEVONORGESTREL,"""100 MICROGRAMMI/20 MICROGRAMMI COMPRESSE RIVESTITE CON FILM"" 21+7 COMPRESSE IN BLISTER PVC/PVDC/AL",,41960016,G03AA07,2026-02-10,,shortage - end date unknown,Elevata richiesta,Per trattamento alternativo si consiglia di rivolgersi allo specialista o al M.M.G,2026-10-01T10:44:52.188154,
IT,Italy,AIFA,JAYPIRCA,PIRTOBRUTINIB,100 mg - Compressa rivestita con film - Uso orale - Blister (PCTFE/PVC/alu) - 60 compresse,,50942073,L01EL05,2027-01-23,,shortage - end date unknown,Cessata commercializzazione temporanea,"Per trattamento alternativo si consiglia di rivolgersi allo specialista o al MMG. Sono autorizzati e commercializzati in Italia medicinali con medesimo principio attivo, forma farmaceutica, via di somministrazione, modalità di rilascio, dosaggio, e indicazioni terapeutiche ma numero di unità posologiche differente.",2026-10-01T10:44:52.188195,226254
IT,Italy,AIFA,JIVI,DAMOCTOCOG ALFA PEGOL,"2000 UI - POLVERE E SOLVENTE PER SOLUZIONE INIETTABILE - USO ENDOVENOSO - POLVERE: FLACONCINO (VETRO); SOLVENTE: SIRINGA PRERIEMPITA (VETRO) - POLVERE: 2000 UI; SOLVENTE 2,5 ML (800 UI/ML) - 1 FLACONCINO + 1 SIRINGA PRERIEMPITA + 1  ADATTATORE PER FLACONCINO CON FILTRO + 1 SET PER L'INFUSIONE IN VENA",,47418049,B02BD02,2026-08-31,,shortage - end date unknown,Elevata richiesta,Per trattamento alternativo si consiglia di rivolgersi allo specialista o al M.M.G,2026-10-01T10:44:52.188224,196118
IT,Italy,AIFA,JUBEREQ,DENOSUMAB,"120 mg - Soluzione iniettabile - Uso sottocutaneo - Flaconcino (vetro) 1,7 ml (70 mg/ml) - 1 flaconcino",,52236039,M05BX04,2026-06-26,,shortage - end date unknown,Elevata richiesta,Rilasciata determinazione per limportazione al titolare A.I.C.,2026-10-01T10:44:52.188247,100420
IT,Italy,AIFA,KANRENOL,POTASSIO CANRENOATO,"""200 MG/2 ML POLVERE E SOLVENTE PER SOLUZIONE INIETTABILE"" 6 FLACONCINI POLVERE + 6 FIALE SOLVENTE DA 2 ML",,23745019,C03DA02,2025-10-01,2027-02-26,shortage,Problemi produttivi: distribuzione contingentata (carenza relativa solo al canale ospedaliero),"Si rilascia autorizzazione allimportazione alle strutture sanitarie per analogo autorizzato allestero, nel caso in cui le strutture interessate riscontrino discontinuità nella fornitura, a livello delle reti distributive cui hanno accesso",2026-10-01T10:44:52.188275,
IT,Italy,AIFA,KAYEXALATE,SODIO POLISTIRENE SOLFONATO,"""POLVERE PER SOSPENSIONE ORALE E RETTALE"" FLACONE 454 G",,21394022,V03AE01,2025-09-22,,shortage - end date unknown,Problemi produttivi: distribuzione contingentata,"Si rilascia autorizzazione allimportazione alle strutture sanitarie per analogo autorizzato allestero, nel caso in cui le strutture interessate riscontrino discontinuità nella fornitura, a livello delle reti distributive cui hanno accesso",2026-10-01T10:44:52.188296,
IT,Italy,AIFA,KELIS,KETOPROFENE SALE DI LISINA,""" 80 MG POLVERE PER SOLUZIONE ORALE "" 30 BUSTINE BIPARTITE",,38723019,M01AE03,2026-11-30,,shortage - end date unknown,Elevata richiesta,Per trattamento alternativo si consiglia di rivolgersi allo specialista o al M.M.G,2026-10-01T10:44:52.188317,79073
IT,Italy,AIFA,KENACORT,TRIAMCINOLONE ACETONIDE,"""40 MG/ ML SOSPENSIONE INIETTABILE"" 3 FLACONCINI DA 1 ML",,13972056,H02AB08,2025-05-26,2026-11-01,shortage,Problemi produttivi: distribuzione contingentata (carenza relativa solo al canale retail),"Si rilascia autorizzazione allimportazione alle strutture sanitarie per analogo autorizzato allestero, nel caso in cui le strutture interessate riscontrino discontinuità nella fornitura, a livello delle reti distributive cui hanno accesso",2026-10-01T10:44:52.188342,
IT,Italy,AIFA,KETOPROFENE EG,KETOPROFENE,"""50 MG CAPSULE RIGIDE"" 30 CAPSULE RIGIDE",,33519036,M01AE03,2027-02-01,,shortage - end date unknown,Cessata commercializzazione definitiva,Per trattamento alternativo si consiglia di rivolgersi allo specialista o al M.M.G,2026-10-01T10:44:52.188362,79073
IT,Italy,AIFA,KETOPROFENE SALE DI LISINA EG,KETOPROFENE SALE DI LISINA,""" 80 MG POLVERE PER SOLUZIONE ORALE "" 30 BUSTINE BIPARTITE",,38760017,M01AE03,2026-03-31,,shortage - end date unknown,Cessata commercializzazione definitiva,Per trattamento alternativo si consiglia di rivolgersi allo specialista o al M.M.G,2026-10-01T10:44:52.188391,79073
IT,Italy,AIFA,KETOPROFENE SALE DI LISINA MYLAN GENERICS,KETOPROFENE SALE DI LISINA,"""80 MG POLVERE PER SOLUZIONE ORALE"" 30 BUSTINE MONOPARTITE",,38722029,M01AE03,2026-07-04,,shortage - end date unknown,Elevata richiesta,Per trattamento alternativo si consiglia di rivolgersi allo specialista o al M.M.G,2026-10-01T10:44:52.188411,79073
IT,Italy,AIFA,KETOPROFENE SALE DI LISINA PENSA,KETOPROFENE SALE DI LISINA,""" 80 MG ADULTI POLVERE PER SOLUZIONE ORALE "" 30 BUSTINE",,39411018,M01AE03,2026-08-01,2026-12-31,shortage,Elevata richiesta,Per trattamento alternativo si consiglia di rivolgersi allo specialista o al M.M.G,2026-10-01T10:44:52.188443,79073
IT,Italy,AIFA,KETOPROFENE SALE DI LISINA RATIOPHARM,KETOPROFENE SALE DI LISINA,""" 80 MG GRANULATO PER SOLUZIONE ORALE "" 30 BUSTINE BIPARTITE",,39414014,M01AE03,2026-03-31,,shortage - end date unknown,Cessata commercializzazione definitiva,Per trattamento alternativo si consiglia di rivolgersi allo specialista o al M.M.G,2026-10-01T10:44:52.188463,79073
IT,Italy,AIFA,KETOPROFENE SALE DI LISINA ZENTIVA ITALIA,KETOPROFENE SALE DI LISINA,"""40 MG GRANULATO"" 12 BUSTINE IN CARTA/AL/PE",,44362010,M01AE03,2022-02-01,,shortage - end date unknown,Problemi produttivi: ridotta disponibilità,Per trattamento alternativo si consiglia di rivolgersi allo specialista o al M.M.G,2026-10-01T10:44:52.188482,79073
IT,Italy,AIFA,KETOPROFENE SALE DI LISINA ZENTIVA ITALIA,KETOPROFENE SALE DI LISINA,"""40 MG GRANULATO"" 24 BUSTINE IN CARTA/AL/PE",,44362022,M01AE03,2024-12-31,,shortage - end date unknown,Motivi commerciali,Per trattamento alternativo si consiglia di rivolgersi allo specialista o al M.M.G,2026-10-01T10:44:52.188502,79073
IT,Italy,AIFA,KEYMET,METFORMINA CLORIDRATO,"""1000 MG COMPRESSE A RILASCIO PROLUNGATO"" 60 COMPRESSE IN BLISTER PVC/PVDC-AL",,45357062,A10BA02,2025-02-27,,shortage - end date unknown,Elevata richiesta: distribuzione contingentata,Per trattamento alternativo si consiglia di rivolgersi allo specialista o al M.M.G,2026-10-01T10:44:52.188521,
IT,Italy,AIFA,KEYMET,METFORMINA CLORIDRATO,"""750 MG COMPRESSE A RILASCIO PROLUNGATO"" 60 COMPRESSE IN BLISTER PVC/PVDC-AL",,45357047,A10BA02,2025-02-27,,shortage - end date unknown,Elevata richiesta: distribuzione contingentata,Per trattamento alternativo si consiglia di rivolgersi allo specialista o al M.M.G,2026-10-01T10:44:52.188540,150673
IT,Italy,AIFA,KEYMET,METFORMINA CLORIDRATO,"""500 MG COMPRESSE A RILASCIO PROLUNGATO"" 60 COMPRESSE IN BLISTER PVC/PVDC-AL",,45357023,A10BA02,2025-02-27,,shortage - end date unknown,Elevata richiesta: distribuzione contingentata,Per trattamento alternativo si consiglia di rivolgersi allo specialista o al M.M.G,2026-10-01T10:44:52.188559,164836
IT,Italy,AIFA,KEYTRUDA,PEMBROLIZUMAB,25 MG/ML - CONCENTRATO PER SOLUZIONE PER INFUSIONE - USO ENDOVENOSO - FLACONCINO (VETRO) - 4 ML - 1 FLACONCINO,,44386023,L01FF02,2026-06-12,,shortage - end date unknown,Cessata commercializzazione definitiva,"Per trattamento alternativo si consiglia di rivolgersi allo specialista o al MMG. Sono autorizzati e commercializzati in Italia medicinali con medesimo principio attivo, forma farmaceutica, via di somministrazione, modalità di rilascio, dosaggio, e indicazioni terapeutiche ma numero di unità posologiche e dosi unitarie differente.",2026-10-01T10:44:52.188578,136328
IT,Italy,AIFA,KIOVIG,IMMUNOGLOBULINA UMANA NORMALE,100 MG/ML SOLUZIONE PER INFUSIONE USO INTRAVENOSO FLACONE VETRO 5 G/50 ML 1 FLACONE,,37107036,J06BA02,2019-04-10,,shortage - end date unknown,Elevata richiesta: forniture discontinue,"Si rilascia autorizzazione allimportazione alle strutture sanitarie per analogo autorizzato allestero, nel caso in cui le strutture interessate riscontrino discontinuità nella fornitura, a livello delle reti distributive cui hanno accesso",2026-10-01T10:44:52.188597,
IT,Italy,AIFA,KIOVIG,IMMUNOGLOBULINA UMANA NORMALE,"""100 MG/ML - SOLUZIONE PER INFUSIONE - USO INTRAVENOSO - FLACONCINO(VETRO) - 30G/300ML"" 1 FLACONCINO",,37107063,J06BA02,2019-04-10,,shortage - end date unknown,Cessata commercializzazione temporanea: disponibili solo confezioni prodotte da plasma in conto lavorazione,"Si rilascia autorizzazione allimportazione alle strutture sanitarie per analogo autorizzato allestero, nel caso in cui le strutture interessate riscontrino discontinuità nella fornitura, a livello delle reti distributive cui hanno accesso",2026-10-01T10:44:52.188616,
IT,Italy,AIFA,KIOVIG,IMMUNOGLOBULINA UMANA NORMALE,100 MG/ML SOLUZIONE PER INFUSIONE USO INTRAVENOSO FLACONE VETRO 1 G/10 ML 1 FLACONE,,37107012,J06BA02,2019-04-10,,shortage - end date unknown,Cessata commercializzazione temporanea: disponibili solo confezioni prodotte da plasma in conto lavorazione,"Si rilascia autorizzazione allimportazione alle strutture sanitarie per analogo autorizzato allestero, nel caso in cui le strutture interessate riscontrino discontinuità nella fornitura, a livello delle reti distributive cui hanno accesso",2026-10-01T10:44:52.188635,
IT,Italy,AIFA,KIOVIG,IMMUNOGLOBULINA UMANA NORMALE,100 MG/ML SOLUZIONE PER INFUSIONE USO INTRAVENOSO FLACONE VETRO 20 G/200 ML 1 FLACONE,,37107051,J06BA02,2019-04-10,,shortage - end date unknown,Cessata commercializzazione temporanea: disponibili solo confezioni prodotte da plasma in conto lavorazione,"Si rilascia autorizzazione allimportazione alle strutture sanitarie per analogo autorizzato allestero, nel caso in cui le strutture interessate riscontrino discontinuità nella fornitura, a livello delle reti distributive cui hanno accesso",2026-10-01T10:44:52.188658,
IT,Italy,AIFA,KIOVIG,IMMUNOGLOBULINA UMANA NORMALE,100 MG/ML SOLUZIONE PER INFUSIONE USO INTRAVENOSO FLACONE VETRO 10 G/100 ML 1 FLACONE,,37107048,J06BA02,2019-04-10,,shortage - end date unknown,Motivi commerciali: forniture discontinue,"Si rilascia autorizzazione allimportazione alle strutture sanitarie per analogo autorizzato allestero, nel caso in cui le strutture interessate riscontrino discontinuità nella fornitura, a livello delle reti distributive cui hanno accesso",2026-10-01T10:44:52.188677,
IT,Italy,AIFA,KIPLING,ETINILESTRADIOLO + GESTODENE,"""0.075 + 0.030 COMPRESSE RIVESTITE"" 1X21 COMPRESSE IN BLISTER PVC/PVDC/AL",,37557016,G03AA10,2026-07-13,2026-10-19,shortage,Problemi produttivi,Per trattamento alternativo si consiglia di rivolgersi allo specialista o al M.M.G,2026-10-01T10:44:52.188702,83259
IT,Italy,AIFA,KLISYRI,TIRBANIBULINA,10 MG / G - UNGUENTO - USO CUTANEO - BUSTINA (PELBD) 250 MG - 5 BUSTINE,,49607017,D06BX03,2026-06-29,2026-09-30,resolved,Ridotta disponibilità: distribuzione contingentata (carenza relativa solo al canale retail),Per trattamento alternativo si consiglia di rivolgersi allo specialista o al M.M.G,2026-10-01T10:44:52.188729,214469
IT,Italy,AIFA,KOMBOGLYZE,METFORMINA CLORIDRATO + SAXAGLIPTIN,"""2,5 MG/1000 MG - COMPRESSA RIVESTITA CON FILM - USO ORALE - BLISTER (ALU/ALU)"" 56 COMPRESSE",,41689086,A10BD10,2026-08-01,,shortage - end date unknown,Cessata commercializzazione definitiva,Per trattamento alternativo si consiglia di rivolgersi allo specialista o al M.M.G,2026-10-01T10:44:52.188748,
IT,Italy,AIFA,KOMBOGLYZE,METFORMINA CLORIDRATO + SAXAGLIPTIN,"""2,5 MG/850 MG - COMPRESSA RIVESTITA CON FILM - USO ORALE - BLISTER (ALU/ALU)"" 56 COMPRESSE",,41689023,A10BD10,2026-08-01,,shortage - end date unknown,Cessata commercializzazione definitiva,Per trattamento alternativo si consiglia di rivolgersi allo specialista o al M.M.G,2026-10-01T10:44:52.188767,
IT,Italy,AIFA,KOVALTRY,OCTOCOG ALFA,"250 UI - POLVERE E SOLVENTE PER SOLUZIONE INIETTABILE - USO ENDOVENOSO - POLVERE: FLACONCINO (VETRO); SOLVENTE: SIRINGA PRERIEMPITA (VETRO) - POLVERE: 250 UI; SOLVENTE: 2,5 ML (100 UI/ML) - 1 FLACONCINO + 1 SIRINGA PRERIEMPITA (5 ML) + 1 ADATTATORE PER FLACONCINO + 1 SET PER L'INFUSIONE IN VENA",,44726127,B02BD02,2026-12-01,,shortage - end date unknown,Cessata commercializzazione definitiva,Per trattamento alternativo si consiglia di rivolgersi allo specialista o al M.M.G,2026-10-01T10:44:52.188786,
IT,Italy,AIFA,KOVALTRY,OCTOCOG ALFA,"1000 UI - POLVERE E SOLVENTE PER SOLUZIONE INIETTABILE - USO ENDOVENOSO - POLVERE: FLACONCINO (VETRO); SOLVENTE: SIRINGA PRERIEMPITA (VETRO) - POLVERE: 1000 UI; SOLVENTE: 2,5 ML (400 UI/ML) - 1 FLACONCINO + 1 SIRINGA PRERIEMPITA (5 ML) + 1 ADATTATORE PER FLACONCINO + 1 SET PER L'INFUSIONE IN VENA",,44726166,B02BD02,2026-09-04,,shortage - end date unknown,Elevata richiesta,Per trattamento alternativo si consiglia di rivolgersi allo specialista o al M.M.G,2026-10-01T10:44:52.188804,57703
IT,Italy,AIFA,KRENOSIN,ADENOSINA,"""6 MG/2 ML SOLUZIONE INIETTABILE PER USO ENDOVENOSO"" 6 FLACONCINI 2 ML",,28990012,C01EB10,2025-12-23,,shortage - end date unknown,Problemi produttivi: distribuzione contingentata,"Si rilascia autorizzazione allimportazione alle strutture sanitarie per analogo autorizzato allestero, nel caso in cui le strutture interessate riscontrino discontinuità nella fornitura, a livello delle reti distributive cui hanno accesso",2026-10-01T10:44:52.188824,39292
IT,Italy,AIFA,KRYPTOCUR,GONADORELINA,"""0,2 MG/DOSE SPRAY NASALE, SOLUZIONE"" 2 FLACONI  10 G + 2 EROGATORI",,26520015,H01CA01,2023-12-31,,shortage - end date unknown,Cessata commercializzazione definitiva,Si rilascia autorizzazione allimportazione alle strutture sanitarie per analogo autorizzato allestero,2026-10-01T10:44:52.188846,
IT,Italy,AIFA,LACIDIPINA MYLAN PHARMA,LACIDIPINA,"""6 MG COMPRESSE RIVESTITE CON FILM"" 14 COMPRESSE IN BLISTER OPA/AL/PVC-AL",,43734058,C08CA09,2026-07-07,,shortage - end date unknown,Problemi produttivi,Per trattamento alternativo si consiglia di rivolgersi allo specialista o al M.M.G,2026-10-01T10:44:52.188866,
IT,Italy,AIFA,LACIDIPINA MYLAN PHARMA,LACIDIPINA,"""4 MG COMPRESSE RIVESTITE CON FILM"" 28 COMPRESSE IN BLISTER OPA/AL/PVC-AL",,43734045,C08CA09,2026-08-01,,shortage - end date unknown,Elevata richiesta,Per trattamento alternativo si consiglia di rivolgersi allo specialista o al M.M.G,2026-10-01T10:44:52.188888,
IT,Italy,AIFA,LACIDIPINA TEVA,LACIDIPINA,"""4 MG COMPRESSE RIVESTITE CON FILM"" 28 COMPRESSE IN BLISTER OPA/AL/PVC/AL",,40610127,C08CA09,2026-07-30,2026-10-31,shortage,Problemi produttivi,Per trattamento alternativo si consiglia di rivolgersi allo specialista o al M.M.G,2026-10-01T10:44:52.188917,
IT,Italy,AIFA,LACIREX,LACIDIPINA,"""4 MG COMPRESSE RIVESTITE CON FILM"" 28 COMPRESSE DIVISIBILI",,27831039,C08CA09,2026-02-01,,shortage - end date unknown,Problemi produttivi,Per trattamento alternativo si consiglia di rivolgersi allo specialista o al M.M.G,2026-10-01T10:44:52.188938,
IT,Italy,AIFA,LACOSAMIDE ACCORD,LACOSAMIDE,10 mg / ml - Soluzione per infusione - Uso endovenoso - Flaconcino (vetro) 20 ml - 1 flaconcino,,45678265,N03AX18,2025-09-17,,shortage - end date unknown,Elevata richiesta,Per trattamento alternativo si consiglia di rivolgersi allo specialista o al M.M.G,2026-10-01T10:44:52.188961,89060
IT,Italy,AIFA,LACOSAMIDE ACCORD,LACOSAMIDE,100 MG - COMPRESSA RIVESTITA CON FILM - USO ORALE - BLISTER (PVC/PVCDC/ALU) - 14 COMPRESSE,,45678051,N03AX18,2026-04-24,,shortage - end date unknown,Elevata richiesta/problemi produttivi,Per trattamento alternativo si consiglia di rivolgersi allo specialista o al M.M.G,2026-10-01T10:44:52.188982,217875
IT,Italy,AIFA,LACOSAMIDE ACCORD,LACOSAMIDE,100 MG - COMPRESSA RIVESTITA CON FILM - USO ORALE - BLISTER (PVC/PVCDC/ALU) - 56 COMPRESSE,,45678063,N03AX18,2026-04-06,,shortage - end date unknown,Cessata commercializzazione temporanea,Per trattamento alternativo si consiglia di rivolgersi allo specialista o al M.M.G,2026-10-01T10:44:52.189003,217875
IT,Italy,AIFA,LACOSAMIDE ACCORD,LACOSAMIDE,50 MG - COMPRESSA RIVESTITA CON FILM - USO ORALE - BLISTER (PVC/PVCDC/ALU) - 56 COMPRESSE,,45678024,N03AX18,2026-04-24,,shortage - end date unknown,Elevata richiesta,Per trattamento alternativo si consiglia di rivolgersi allo specialista o al M.M.G,2026-10-01T10:44:52.189022,89036
IT,Italy,AIFA,LACOSAMIDE ACCORD,LACOSAMIDE,50 MG - COMPRESSA RIVESTITA CON FILM - USO ORALE - BLISTER (PVC/PVDC/ALU) - 14 COMPRESSE,,45678012,N03AX18,2026-04-24,,shortage - end date unknown,Elevata richiesta,Per trattamento alternativo si consiglia di rivolgersi allo specialista o al M.M.G,2026-10-01T10:44:52.189043,89036
IT,Italy,AIFA,LACOSAMIDE ACCORD,LACOSAMIDE,200 MG - COMPRESSA RIVESTITA CON FILM - USO ORALE - BLISTER (PVC/PVCDC/ALU) - 56 COMPRESSE,,45678149,N03AX18,2026-04-24,,shortage - end date unknown,Elevata richiesta,Per trattamento alternativo si consiglia di rivolgersi allo specialista o al M.M.G,2026-10-01T10:44:52.189063,217808
IT,Italy,AIFA,LACOSAMIDE ACCORD,LACOSAMIDE,150 MG - COMPRESSA RIVESTITA CON FILM - USO ORALE - BLISTER (PVC/PVCDC/ALU) - 56 COMPRESSE,,45678101,N03AX18,2026-02-26,,shortage - end date unknown,Elevata richiesta,Per trattamento alternativo si consiglia di rivolgersi allo specialista o al M.M.G,2026-10-01T10:44:52.189082,89044
IT,Italy,AIFA,LACOSAMIDE MYLAN,LACOSAMIDE,"""100 MG COMPRESSE RIVESTITE CON FILM"" 56 COMPRESSE IN BLISTER PVC/PVDC/AL",,49058112,N03AX18,2026-06-20,,shortage - end date unknown,Elevata richiesta/problemi produttivi,Per trattamento alternativo si consiglia di rivolgersi allo specialista o al M.M.G,2026-10-01T10:44:52.189105,
IT,Italy,AIFA,LACOSAMIDE SANDOZ,LACOSAMIDE,"""50 MG COMPRESSE RIVESTITE CON FILM"" 14 COMPRESSE IN BLISTER PVC/PVDC-AL",,45648021,N03AX18,2026-03-01,,shortage - end date unknown,Problemi produttivi,Per trattamento alternativo si consiglia di rivolgersi allo specialista o al M.M.G,2026-10-01T10:44:52.189125,
IT,Italy,AIFA,LACOSAMIDE TECNIGEN,LACOSAMIDE,"""50 MG COMPRESSE RIVESTITE CON FILM"" 56 COMPRESSE IN BLISTER PVC/PE/PVDC-AL",,50588021,N03AX18,2026-11-16,,shortage - end date unknown,Cessata commercializzazione temporanea,Per trattamento alternativo si consiglia di rivolgersi allo specialista o al M.M.G,2026-10-01T10:44:52.189147,89036
IT,Italy,AIFA,LACOSAMIDE TECNIGEN,LACOSAMIDE,"""100 MG COMPRESSE RIVESTITE CON FILM"" 56 COMPRESSE IN BLISTER PVC/PE/PVDC-AL",,50588045,N03AX18,2026-09-21,,shortage - end date unknown,Elevata richiesta,Per trattamento alternativo si consiglia di rivolgersi allo specialista o al M.M.G,2026-10-01T10:44:52.189166,217875
IT,Italy,AIFA,LACOSAMIDE TECNIGEN,LACOSAMIDE,"""150 MG COMPRESSE RIVESTITE CON FILM"" 56 COMPRESSE IN BLISTER PVC/PE/PVDC-AL",,50588060,N03AX18,2026-09-30,,shortage - end date unknown,Cessata commercializzazione temporanea,Per trattamento alternativo si consiglia di rivolgersi allo specialista o al M.M.G,2026-10-01T10:44:52.189185,89044
IT,Italy,AIFA,LACOSAMIDE TECNIGEN,LACOSAMIDE,"""200 MG COMPRESSE RIVESTITE CON FILM"" 56 COMPRESSE IN BLISTER PVC/PE/PVDC-AL",,50588072,N03AX18,2026-09-30,,shortage - end date unknown,Cessata commercializzazione temporanea,Per trattamento alternativo si consiglia di rivolgersi allo specialista o al M.M.G,2026-10-01T10:44:52.189204,217808
IT,Italy,AIFA,LACOSAMIDE ZENTIVA,LACOSAMIDE,"""200 MG COMPRESSE RIVESTITE CON FILM"" 56 COMPRESSE IN BLISTER PVC/PVDC/AL",,48959112,N03AX18,2023-08-07,,shortage - end date unknown,Problemi produttivi,Per trattamento alternativo si consiglia di rivolgersi allo specialista o al M.M.G,2026-10-01T10:44:52.189224,217808
IT,Italy,AIFA,LACOSAMIDE ZENTIVA,LACOSAMIDE,"""50 MG COMPRESSE RIVESTITE CON FILM"" 56 COMPRESSE IN BLISTER PVC/PVDC/AL",,48959023,N03AX18,2025-03-01,,shortage - end date unknown,Problemi produttivi,Per trattamento alternativo si consiglia di rivolgersi allo specialista o al M.M.G,2026-10-01T10:44:52.189242,89036
IT,Italy,AIFA,LACOSAMIDE ZENTIVA,LACOSAMIDE,"""100 MG COMPRESSE RIVESTITE CON FILM"" 56 COMPRESSE IN BLISTER PVC/PVDC/AL",,48959050,N03AX18,2026-04-30,,shortage - end date unknown,Problemi produttivi,Per trattamento alternativo si consiglia di rivolgersi allo specialista o al M.M.G,2026-10-01T10:44:52.189261,217875
IT,Italy,AIFA,LACOSAMIDE ZENTIVA,LACOSAMIDE,"""100 MG COMPRESSE RIVESTITE CON FILM"" 14 COMPRESSE IN BLISTER PVC/PVDC/AL",,48959047,N03AX18,2026-06-05,,shortage - end date unknown,Problemi produttivi,Per trattamento alternativo si consiglia di rivolgersi allo specialista o al M.M.G,2026-10-01T10:44:52.189280,217875
IT,Italy,AIFA,LACOSAMIDE ZENTIVA,LACOSAMIDE,"""150 MG COMPRESSE RIVESTITE CON FILM"" 56 COMPRESSE IN BLISTER PVC/PVDC/AL",,48959086,N03AX18,2026-06-05,,shortage - end date unknown,Elevata richiesta/problemi produttivi,Per trattamento alternativo si consiglia di rivolgersi allo specialista o al M.M.G,2026-10-01T10:44:52.189299,89044
IT,Italy,AIFA,LACOSAMIDE ZENTIVA,LACOSAMIDE,"""50 MG COMPRESSE RIVESTITE CON FILM"" 14 COMPRESSE IN BLISTER PVC/PVDC/AL",,48959011,N03AX18,2026-06-05,,shortage - end date unknown,Problemi produttivi,Per trattamento alternativo si consiglia di rivolgersi allo specialista o al M.M.G,2026-10-01T10:44:52.189318,89036
IT,Italy,AIFA,LACRISOL,BENZALCONIO CLORURO + IPROMELLOSA,"""0,0045% + 0,5% COLLIRIO, SOLUZIONE"" 1 FLACONE DA 10 ML",,32184018,S01XA20,2026-02-10,2027-05-15,shortage,Elevata richiesta/problemi produttivi: distribuzione contingentata,Per trattamento alternativo si consiglia di rivolgersi allo specialista o al M.M.G,2026-10-01T10:44:52.189342,
IT,Italy,AIFA,LAMICTAL,LAMOTRIGINA,"""5  MG  COMPRESSE  MASTICABILI/  DISPERSIBILI""  28  COMPRESSE IN BLISTER PVC/PVDC/FOGLIO DI ALLUMINIO",,27807066,N03AX09,2020-09-01,,shortage - end date unknown,Cessata commercializzazione definitiva,Si rilascia autorizzazione allimportazione alle strutture sanitarie per analogo autorizzato allestero,2026-10-01T10:44:52.189361,125105
IT,Italy,AIFA,LAMISIL,TERBINAFINA CLORIDRATO,"""1% CREMA"" TUBO IN LDPE/AL-HDPE DA 20 G",,28176129,D01BA02,2026-07-10,,shortage - end date unknown,Cessata commercializzazione definitiva,Per trattamento alternativo si consiglia di rivolgersi allo specialista o al M.M.G,2026-10-01T10:44:52.189380,
IT,Italy,AIFA,LAMIVUDINA AUROBINDO ITALIA,LAMIVUDINA,"""100 MG COMPRESSE RIVESTITE CON FILM"" 28 COMPRESSE PVC-AL",,49113018,J05AF05,2025-09-11,,shortage - end date unknown,Elevata richiesta/problemi produttivi,Per trattamento alternativo si consiglia di rivolgersi allo specialista o al M.M.G,2026-10-01T10:44:52.189399,53783
IT,Italy,AIFA,LAMIVUDINA MYLAN PHARMA,LAMIVUDINA,"""100 MG COMPRESSE RIVESTITE CON FILM"" 28 COMPRESSE IN BLISTER PVC/PVDC-AL",,43569019,J05AF05,2026-07-07,,shortage - end date unknown,Problemi produttivi,Per trattamento alternativo si consiglia di rivolgersi allo specialista o al M.M.G,2026-10-01T10:44:52.189418,53783
IT,Italy,AIFA,LAMOTRIGINA EG,LAMOTRIGINA,"""200 MG COMPRESSE DISPERSIBILI"" 56 COMPRESSE IN BLISTER ACLAR/PVC/AL",,36780993,N03AX09,2026-07-01,,shortage - end date unknown,Elevata richiesta,Per trattamento alternativo si consiglia di rivolgersi allo specialista o al M.M.G,2026-10-01T10:44:52.189437,76198
IT,Italy,AIFA,LAMZEDE,VELMANASE ALFA,10 MG - POLVERE PER SOLUZIONE PER INFUSIONE - USO ENDOVENOSO - FLACONCINO (VETRO) - 10 MG (2 MG/ML) - 1 FLACONCINO,,46349015,A16AB15,2026-10-26,2026-11-30,shortage,Problemi produttivi,Si rilascia autorizzazione allimportazione alle strutture sanitarie per analogo autorizzato allestero,2026-10-01T10:44:52.189464,
IT,Italy,AIFA,LANSOPRAZOLO EG STADA,LANSOPRAZOLO,"""15 MG COMPRESSE ORODISPERSIBILI"" 14 COMPRESSE IN BLISTER AL/AL",,44145276,A02BC03,2025-02-28,,shortage - end date unknown,Problemi produttivi,Per trattamento alternativo si consiglia di rivolgersi allo specialista o al M.M.G,2026-10-01T10:44:52.189483,
IT,Italy,AIFA,LANSOPRAZOLO EG STADA,LANSOPRAZOLO,"""15 MG COMPRESSE ORODISPERSIBILI"" 28 COMPRESSE IN BLISTER AL/AL",,44145288,A02BC03,2025-07-01,,shortage - end date unknown,Problemi produttivi,Per trattamento alternativo si consiglia di rivolgersi allo specialista o al M.M.G,2026-10-01T10:44:52.189502,
IT,Italy,AIFA,LANSOPRAZOLO EG STADA,LANSOPRAZOLO,"""30 MG COMPRESSE ORODISPERSIBILI"" 28 COMPRESSE IN BLISTER AL/AL",,44145086,A02BC03,2025-07-01,,shortage - end date unknown,Problemi produttivi: forniture discontinue,Per trattamento alternativo si consiglia di rivolgersi allo specialista o al M.M.G,2026-10-01T10:44:52.189521,
IT,Italy,AIFA,LANSOPRAZOLO MYLAN GENERICS ITALIA,LANSOPRAZOLO,"""15 MG COMPRESSE ORODISPERSIBILI"" 28 COMPRESSE IN BLISTER OPA/AL/PVC/CARTA/PET/AL/HSL",,41692031,A02BC03,2025-05-20,,shortage - end date unknown,Elevata richiesta,Per trattamento alternativo si consiglia di rivolgersi allo specialista o al M.M.G,2026-10-01T10:44:52.189540,
IT,Italy,AIFA,LANSOPRAZOLO MYLAN GENERICS ITALIA,LANSOPRAZOLO,"""30 MG COMPRESSE ORODISPERSIBILI"" 14 COMPRESSE IN BLISTER OPA/AL/PVC/CARTA/PET/AL/HSL",,41692132,A02BC03,2026-02-25,,shortage - end date unknown,Problemi produttivi,Per trattamento alternativo si consiglia di rivolgersi allo specialista o al M.M.G,2026-10-01T10:44:52.189561,
IT,Italy,AIFA,LANSOPRAZOLO MYLAN GENERICS ITALIA,LANSOPRAZOLO,"""30 MG COMPRESSE ORODISPERSIBILI"" 28 COMPRESSE IN BLISTER OPA/AL/PVC/CARTA/PET/AL/HSL",,41692144,A02BC03,2026-02-09,,shortage - end date unknown,Problemi produttivi,Per trattamento alternativo si consiglia di rivolgersi allo specialista o al M.M.G,2026-10-01T10:44:52.189580,
IT,Italy,AIFA,LANSOPRAZOLO MYLAN GENERICS ITALIA,LANSOPRAZOLO,"""15 MG COMPRESSE ORODISPERSIBILI"" 14 COMPRESSE IN BLISTER OPA/AL/PVC/CARTA/PET/AL/HSL",,41692029,A02BC03,2026-02-05,,shortage - end date unknown,Problemi produttivi,Per trattamento alternativo si consiglia di rivolgersi allo specialista o al M.M.G,2026-10-01T10:44:52.189599,
IT,Italy,AIFA,LANSOPRAZOLO ZENTIVA,LANSOPRAZOLO,"""15 MG CAPSULE RIGIDE GASTRORESISTENTI"" 28 CAPSULE",,36705022,A02BC03,2026-07-31,,shortage - end date unknown,Problemi produttivi,Per trattamento alternativo si consiglia di rivolgersi allo specialista o al M.M.G,2026-10-01T10:44:52.189620,79383
IT,Italy,AIFA,LARIAM,MEFLOCHINA CLORIDRATO,"""250 MG COMPRESSE"" 8 COMPRESSE",,27250024,P01BC02,2026-08-10,2026-12-15,shortage,Elevata richiesta/problemi produttivi,Si rilascia autorizzazione allimportazione alle strutture sanitarie per analogo autorizzato allestero,2026-10-01T10:44:52.189644,
IT,Italy,AIFA,LASIX,FUROSEMIDE,"""250 MG/25 ML SOLUZIONE PER INFUSIONE"" 5 FIALE",,23993049,C03CA01,2026-07-31,,shortage - end date unknown,Problemi produttivi,"Si rilascia autorizzazione allimportazione alle strutture sanitarie per analogo autorizzato allestero, nel caso in cui le strutture interessate riscontrino discontinuità nella fornitura, a livello delle reti distributive cui hanno accesso",2026-10-01T10:44:52.189664,5959
IT,Italy,AIFA,LATAFIX,LATANOPROST + TIMOLOLO MALEATO,"""50 MICROGRAMMI/ML + 5 MG/ML COLLIRIO, SOLUZIONE"" 1 FLACONE LDPE 2,5 ML""",,41505013,S01ED51,2026-03-31,,shortage - end date unknown,Cessata commercializzazione temporanea,Per trattamento alternativo si consiglia di rivolgersi allo specialista o al M.M.G,2026-10-01T10:44:52.189684,
IT,Italy,AIFA,LATANOPROST E TIMOLOLO AUROBINDO ITALIA,LATANOPROST + TIMOLOLO,"""50 MICROGRAMMI/ML + 5 MG/ML COLLIRIO, SOLUZIONE"" 1 FLACONE LDPE 2,5 ML",,41507017,S01ED51,2026-03-23,,shortage - end date unknown,Elevata richiesta/problemi produttivi,Per trattamento alternativo si consiglia di rivolgersi allo specialista o al M.M.G,2026-10-01T10:44:52.189702,
IT,Italy,AIFA,LATANOPROST E TIMOLOLO ZENTIVA,LATANOPROST + TIMOLOLO MALEATO,"""50 MICROGRAMMI/ML + 5 MG/ML COLLIRIO, SOLUZIONE"" 1 FLACONE IN LDPE DA 2,5 ML CON CONTAGOCCE",,40822013,S01ED51,2023-07-17,,shortage - end date unknown,Elevata richiesta,Per trattamento alternativo si consiglia di rivolgersi allo specialista o al M.M.G,2026-10-01T10:44:52.189721,
IT,Italy,AIFA,LATANOPROST RATIOPHARM ITALIA,LATANOPROST,"""50 MCG/ML COLLIRIO, SOLUZIONE"" 1 FLACONE LDPE DA 2,5 ML",,39468018,S01EE01,2026-02-17,,shortage - end date unknown,Problemi produttivi,Per trattamento alternativo si consiglia di rivolgersi allo specialista o al M.M.G,2026-10-01T10:44:52.189740,212091
IT,Italy,AIFA,LATANOPROST ZENTIVA,LATANOPROST,"""0,005% COLLIRIO, SOLUZIONE"" 1 FLACONE CONTAGOCCE DA 2,5 ML",,39974011,S01EE01,2022-11-30,,shortage - end date unknown,Problemi produttivi: forniture discontinue,Per trattamento alternativo si consiglia di rivolgersi allo specialista o al M.M.G,2026-10-01T10:44:52.189759,212091
IT,Italy,AIFA,LATTULOSIO AUROBINDO,LATTULOSIO,""" 66,7 % SOLUZIONE ORALE "" FLACONE 180 ML",,36299016,A06AD11,2026-06-14,,shortage - end date unknown,Elevata richiesta,Per trattamento alternativo si consiglia di rivolgersi allo specialista o al M.M.G,2026-10-01T10:44:52.189778,892
IT,Italy,AIFA,LATTULOSIO PENSA,LATTULOSIO,"""66,7 G/100 ML SCIROPPO "" 1 FLACONE DA 180 ML",,34026043,A06AD11,2026-09-15,2026-10-31,shortage,Elevata richiesta,Per trattamento alternativo si consiglia di rivolgersi allo specialista o al M.M.G,2026-10-01T10:44:52.189801,892
IT,Italy,AIFA,LATTULOSIO SANDOZ,LATTULOSIO,SCIROPPO FLACONE 180 ML,,27668019,A06AD11,2026-09-24,,shortage - end date unknown,Elevata richiesta,Per trattamento alternativo si consiglia di rivolgersi allo specialista o al M.M.G,2026-10-01T10:44:52.189820,892
IT,Italy,AIFA,LATTULOSIO ZENTIVA,LATTULOSIO,"""66,7G/100ML SCIROPPO"" FLACONE 200 ML",,29160025,A06AD11,2023-03-27,,shortage - end date unknown,Problemi produttivi,Per trattamento alternativo si consiglia di rivolgersi allo specialista o al M.M.G,2026-10-01T10:44:52.189844,892
IT,Italy,AIFA,LAUROMICINA,ERITROMICINA STEARATO + FLUOCINOLONE ACETONIDE,"""1,667% + 0,025% UNGUENTO"" TUBO DA 30 G",,19924024,D07CC02,2025-06-15,2026-11-01,shortage,Problemi produttivi,Per trattamento alternativo si consiglia di rivolgersi allo specialista o al M.M.G,2026-10-01T10:44:52.189867,204315
IT,Italy,AIFA,LEFLUNOMIDE MYLAN,LEFLUNOMIDE,""" 20 MG COMPRESSE RIVESTITE CON FILM"" 30 COMPRESSE IN  BLISTER PA/ALU/PVC-AL(ALU/ALU)",,41230107,L04AK01,2026-07-06,,shortage - end date unknown,Problemi produttivi,Si rilascia autorizzazione allimportazione alle strutture sanitarie per analogo autorizzato allestero,2026-10-01T10:44:52.189886,53619
IT,Italy,AIFA,LEFLUNOMIDE ZENTIVA,LEFLUNOMIDE,"""20 MG - COMPRESSA RIVESTITA CON FILM - USO ORALE - FLACONE (HDPE)"" 30 COMPRESSE",,41079056,L04AK01,2023-10-27,,shortage - end date unknown,Problemi produttivi,Si rilascia autorizzazione allimportazione alle strutture sanitarie per analogo autorizzato allestero,2026-10-01T10:44:52.189905,53619
IT,Italy,AIFA,LENALIDOMIDE ACCORD,LENALIDOMIDE,5 MG - CAPSULA RIGIDA - USO ORALE - BLISTER (OPA/ALU/PVC/ALU) - 7 X 1 CAPSULE (DOSE UNITARIA),,47188038,L04AX04,2026-04-24,,shortage - end date unknown,Elevata richiesta,"Si rilascia autorizzazione allimportazione alle strutture sanitarie per analogo autorizzato allestero, nel caso in cui le strutture interessate riscontrino discontinuità nella fornitura, a livello delle reti distributive cui hanno accesso",2026-10-01T10:44:52.189924,83909
IT,Italy,AIFA,LENALIDOMIDE ACCORD,LENALIDOMIDE,15 MG - CAPSULA RIGIDA - USO ORALE - BLISTER (OPA/ALU/PVC/ALU) - 7 X 1 CAPSULE (DOSE UNITARIA),,47188089,L04AX04,2026-10-31,,shortage - end date unknown,Motivi commerciali,"Si rilascia autorizzazione allimportazione alle strutture sanitarie per analogo autorizzato allestero, nel caso in cui le strutture interessate riscontrino discontinuità nella fornitura, a livello delle reti distributive cui hanno accesso",2026-10-01T10:44:52.189942,83925
IT,Italy,AIFA,LENALIDOMIDE AUROBINDO,LENALIDOMIDE,"""25 MG CAPSULE RIGIDE"" 21 CAPSULE IN BLISTER PVC/ACLAR-AL",,49727288,L04AX04,2026-03-23,,shortage - end date unknown,Elevata richiesta/problemi produttivi,"Si rilascia autorizzazione allimportazione alle strutture sanitarie per analogo autorizzato allestero, nel caso in cui le strutture interessate riscontrino discontinuità nella fornitura, a livello delle reti distributive cui hanno accesso",2026-10-01T10:44:52.189961,83933
IT,Italy,AIFA,LENALIDOMIDE AUROBINDO,LENALIDOMIDE,"""15 MG CAPSULE RIGIDE"" 21 CAPSULE IN BLISTER PVC/ACLAR-AL",,49727187,L04AX04,2026-03-23,,shortage - end date unknown,Problemi produttivi,"Si rilascia autorizzazione allimportazione alle strutture sanitarie per analogo autorizzato allestero, nel caso in cui le strutture interessate riscontrino discontinuità nella fornitura, a livello delle reti distributive cui hanno accesso",2026-10-01T10:44:52.189979,83925
IT,Italy,AIFA,LENALIDOMIDE AUROBINDO,LENALIDOMIDE,"""5 MG CAPSULE RIGIDE"" 21 CAPSULE IN BLISTER PVC/ACLAR-AL",,49727086,L04AX04,2025-09-11,,shortage - end date unknown,Problemi produttivi,"Si rilascia autorizzazione allimportazione alle strutture sanitarie per analogo autorizzato allestero, nel caso in cui le strutture interessate riscontrino discontinuità nella fornitura, a livello delle reti distributive cui hanno accesso",2026-10-01T10:44:52.189998,83909
IT,Italy,AIFA,LENALIDOMIDE GRINDEKS,LENALIDOMIDE,"""10 MG CAPSULE RIGIDE"" 21 CAPSULE IN BLISTER AL/PVC/ACLAR/PVC",,49360086,L04AX04,2026-05-15,,shortage - end date unknown,Elevata richiesta,"Si rilascia autorizzazione allimportazione alle strutture sanitarie per analogo autorizzato allestero, nel caso in cui le strutture interessate riscontrino discontinuità nella fornitura, a livello delle reti distributive cui hanno accesso",2026-10-01T10:44:52.190017,83917
IT,Italy,AIFA,LENALIDOMIDE KRKA,LENALIDOMIDE,5 MG - CAPSULA RIGIDA - USO ORALE - BLISTER (OPA/AL/PVC/PET/AL) - 21 X 1 CAPSULE (BLISTER DIVISIBILE PER DOSE UNITARIA),,49379047,L04AX04,2024-07-11,,shortage - end date unknown,Elevata richiesta,"Si rilascia autorizzazione allimportazione alle strutture sanitarie per analogo autorizzato allestero, nel caso in cui le strutture interessate riscontrino discontinuità nella fornitura, a livello delle reti distributive cui hanno accesso",2026-10-01T10:44:52.190036,83909
IT,Italy,AIFA,LENALIDOMIDE KRKA,LENALIDOMIDE,20 MG - CAPSULA RIGIDA - USO ORALE - BLISTER (OPA/AL/PVC/PET/AL) - 21 X 1 CAPSULE (BLISTER DIVISIBILE PER DOSE UNITARIA),,49379124,L04AX04,2024-07-11,,shortage - end date unknown,Elevata richiesta,"Si rilascia autorizzazione allimportazione alle strutture sanitarie per analogo autorizzato allestero, nel caso in cui le strutture interessate riscontrino discontinuità nella fornitura, a livello delle reti distributive cui hanno accesso",2026-10-01T10:44:52.190055,125741
IT,Italy,AIFA,LENALIDOMIDE KRKA,LENALIDOMIDE,10 MG - CAPSULA RIGIDA - USO ORALE - BLISTER (OPA/AL/PVC/PET/AL) - 21 X 1 CAPSULE (BLISTER DIVISIBILE PER DOSE UNITARIA),,49379086,L04AX04,2024-07-15,,shortage - end date unknown,Elevata richiesta,"Si rilascia autorizzazione allimportazione alle strutture sanitarie per analogo autorizzato allestero, nel caso in cui le strutture interessate riscontrino discontinuità nella fornitura, a livello delle reti distributive cui hanno accesso",2026-10-01T10:44:52.190074,83917
IT,Italy,AIFA,LENALIDOMIDE MYLAN,LENALIDOMIDE,25 MG - CAPSULA RIGIDA - USO ORALE - BLISTER (PVC/ACLAR/ALU) - 21 CAPSULE,,49282179,L04AX04,2025-10-01,,shortage - end date unknown,Problemi produttivi,"Si rilascia autorizzazione allimportazione alle strutture sanitarie per analogo autorizzato allestero, nel caso in cui le strutture interessate riscontrino discontinuità nella fornitura, a livello delle reti distributive cui hanno accesso",2026-10-01T10:44:52.190093,83933
IT,Italy,AIFA,LENALIDOMIDE MYLAN,LENALIDOMIDE,15 MG - CAPSULA RIGIDA - USO ORALE - BLISTER (PVC/ACLAR/ALU) - 21 CAPSULE,,49282116,L04AX04,2026-05-08,,shortage - end date unknown,Problemi produttivi,"Si rilascia autorizzazione allimportazione alle strutture sanitarie per analogo autorizzato allestero, nel caso in cui le strutture interessate riscontrino discontinuità nella fornitura, a livello delle reti distributive cui hanno accesso",2026-10-01T10:44:52.190111,83925
IT,Italy,AIFA,LENALIDOMIDE MYLAN,LENALIDOMIDE,20 MG - CAPSULA RIGIDA - USO ORALE - BLISTER (PVC/ACLAR/ALU) - 21 CAPSULE,,49282142,L04AX04,2026-10-05,,shortage - end date unknown,Problemi produttivi,Per trattamento alternativo si consiglia di rivolgersi allo specialista o al M.M.G,2026-10-01T10:44:52.190130,125741
IT,Italy,AIFA,LENALIDOMIDE MYLAN,LENALIDOMIDE,5 MG - CAPSULA RIGIDA - USO ORALE - BLISTER (PVC/ACLAR/ALU) - 21 CAPSULE,,49282041,L04AX04,2026-11-05,,shortage - end date unknown,Problemi produttivi,"Si rilascia autorizzazione allimportazione alle strutture sanitarie per analogo autorizzato allestero, nel caso in cui le strutture interessate riscontrino discontinuità nella fornitura, a livello delle reti distributive cui hanno accesso",2026-10-01T10:44:52.190148,83909
IT,Italy,AIFA,LENALIDOMIDE MYLAN,LENALIDOMIDE,10 MG - CAPSULA RIGIDA - USO ORALE - BLISTER (PVC/ACLAR/ALU) - 21 CAPSULE,,49282092,L04AX04,2026-07-28,,shortage - end date unknown,Problemi produttivi,"Si rilascia autorizzazione allimportazione alle strutture sanitarie per analogo autorizzato allestero, nel caso in cui le strutture interessate riscontrino discontinuità nella fornitura, a livello delle reti distributive cui hanno accesso",2026-10-01T10:44:52.190169,83917
IT,Italy,AIFA,LENALIDOMIDE SUN,LENALIDOMIDE,"""5 MG CAPSULE RIGIDE "" 21X1 capsule in blister divisibile per dose unitaria PVC/PCTFE/Al",,49623438,L04AX04,2026-09-25,,shortage - end date unknown,Elevata richiesta,"Si rilascia autorizzazione allimportazione alle strutture sanitarie per analogo autorizzato allestero, nel caso in cui le strutture interessate riscontrino discontinuità nella fornitura, a livello delle reti distributive cui hanno accesso",2026-10-01T10:44:52.190187,83909
IT,Italy,AIFA,LENALIDOMIDE SUN,LENALIDOMIDE,"""25 MG CAPSULE RIGIDE "" 21X1 CAPSULE IN BLISTER IN DOSE UNITARIA PVC/PCTFE/Al",,49623681,L04AX04,2026-08-25,,shortage - end date unknown,Elevata richiesta,"Si rilascia autorizzazione allimportazione alle strutture sanitarie per analogo autorizzato allestero, nel caso in cui le strutture interessate riscontrino discontinuità nella fornitura, a livello delle reti distributive cui hanno accesso",2026-10-01T10:44:52.190206,83933
IT,Italy,AIFA,LENALIDOMIDE SUN,LENALIDOMIDE,"""10 MG CAPSULE RIGIDE "" 21X1 CAPSULE IN BLISTER IN DOSE UNITARIA PVC/PCTFE/Al",,49623539,L04AX04,2026-11-09,,shortage - end date unknown,Elevata richiesta,"Si rilascia autorizzazione allimportazione alle strutture sanitarie per analogo autorizzato allestero, nel caso in cui le strutture interessate riscontrino discontinuità nella fornitura, a livello delle reti distributive cui hanno accesso",2026-10-01T10:44:52.190224,83917
IT,Italy,AIFA,LENALIDOMIDE SUN,LENALIDOMIDE,"""15 MG CAPSULE RIGIDE "" 21X1 CAPSULE IN BLISTER IN DOSE UNITARIA PVC/PCTFE/Al",,49623580,L04AX04,2026-07-14,,shortage - end date unknown,Elevata richiesta/problemi produttivi,"Si rilascia autorizzazione allimportazione alle strutture sanitarie per analogo autorizzato allestero, nel caso in cui le strutture interessate riscontrino discontinuità nella fornitura, a livello delle reti distributive cui hanno accesso",2026-10-01T10:44:52.190243,83925
IT,Italy,AIFA,LENALIDOMIDE ZENTIVA,LENALIDOMIDE,"""20 MG CAPSULE RIGIDE"" 21 CAPSULE IN BLISTER OPA/AL/PVC/AL",,48350122,L04AX04,2024-09-30,,shortage - end date unknown,Cessata commercializzazione temporanea,"Si rilascia autorizzazione allimportazione alle strutture sanitarie per analogo autorizzato allestero, nel caso in cui le strutture interessate riscontrino discontinuità nella fornitura, a livello delle reti distributive cui hanno accesso",2026-10-01T10:44:52.190261,125741
IT,Italy,AIFA,LENZETTO,ESTRADIOLO,"""1,53   MG/NEBULIZZAZIONE   SPRAY   TRANSDERMICO, SOLUZIONE» 1 FLACONCINO DA 6,5 ML",,43205018,G03CA03,2026-09-01,2027-03-31,shortage,Elevata richiesta/problemi produttivi,Per trattamento alternativo si consiglia di rivolgersi allo specialista o al M.M.G,2026-10-01T10:44:52.190284,167266
IT,Italy,AIFA,LEPTOPROL,LEUPRORELINA ACETATO,""" 5 MG IMPIANTO ""  1 IMPIANTO IN SIRINGA PRERIEMPITA CON AGO",,39814052,L02AE02,2026-07-09,,shortage - end date unknown,Problemi produttivi,Per trattamento alternativo si consiglia di rivolgersi allo specialista o al M.M.G,2026-10-01T10:44:52.190303,93769
IT,Italy,AIFA,LERCANIDIPINA MYLAN ITALIA,LERCANIDIPINA CLORIDRATO,"""10 MG COMPRESSE RIVESTITE CON FILM"" 28 COMPRESSE IN BLISTER PVDC",,39264116,C08CA13,2026-11-25,,shortage - end date unknown,Problemi produttivi,Per trattamento alternativo si consiglia di rivolgersi allo specialista o al M.M.G,2026-10-01T10:44:52.190321,48100
IT,Italy,AIFA,LERCANIDIPINA RATIOPHARM ITALIA,LERCANIDIPINA CLORIDRATO,"""20 MG COMPRESSE RIVESTITE CON FILM"" 28  COMPRESSE IN BLISTER PVC/PVDC/AL",,39645294,C08CA13,2026-02-23,2027-03-31,shortage,Problemi regolatori,Per trattamento alternativo si consiglia di rivolgersi allo specialista o al M.M.G,2026-10-01T10:44:52.190345,
IT,Italy,AIFA,LERCANIDIPINA TECNIGEN,LERCANIDIPINA CLORIDRATO,""" 20 MG COMPRESSE RIVESTITE CON FILM "" 28 COMPRESSE IN BLISTER PVC-PVDC-AL",,39823036,C08CA13,2026-08-03,,shortage - end date unknown,Cessata commercializzazione temporanea,Per trattamento alternativo si consiglia di rivolgersi allo specialista o al M.M.G,2026-10-01T10:44:52.190364,
IT,Italy,AIFA,LERCANIDIPINA TECNIGEN,LERCANIDIPINA CLORIDRATO,""" 10 MG COMPRESSE RIVESTITE CON FILM "" 28 COMPRESSE IN BLISTER PVC-PVDC-AL",,39823024,C08CA13,2026-07-10,,shortage - end date unknown,Cessata commercializzazione temporanea,Per trattamento alternativo si consiglia di rivolgersi allo specialista o al M.M.G,2026-10-01T10:44:52.190382,
IT,Italy,AIFA,LEVETIRACETAM  TEVA,LEVETIRACETAM,"""500 MG - COMPRESSA RIVESTITA CON FILM - USO ORALE - BLISTER (PVC/PVDC/ALU)"" 60 COMPRESSE",,41396110,N03AX14,2026-08-21,2026-11-30,shortage,Elevata richiesta (carenza relativa solo al canale retail),Per trattamento alternativo si consiglia di rivolgersi allo specialista o al M.M.G,2026-10-01T10:44:52.190405,58394
IT,Italy,AIFA,LEVETIRACETAM ACCORD,LEVETIRACETAM,"""500 MG - COMPRESSA RIVESTITA CON FILM - USO ORALE - BLISTER (PVC/ALU)"" 60 COMPRESSE",,41606120,N03AX14,2026-11-27,,shortage - end date unknown,Elevata richiesta,Per trattamento alternativo si consiglia di rivolgersi allo specialista o al M.M.G,2026-10-01T10:44:52.190424,58394
IT,Italy,AIFA,LEVETIRACETAM ACCORD,LEVETIRACETAM,"""1000MG - COMPRESSA RIVESTITA CON FILM - USO ORALE - BLISTER (PVC/ALU)"" 30 COMPRESSE",,41606245,N03AX14,2026-05-22,,shortage - end date unknown,Elevata richiesta,Per trattamento alternativo si consiglia di rivolgersi allo specialista o al M.M.G,2026-10-01T10:44:52.190443,58408
IT,Italy,AIFA,LEVETIRACETAM ACCORD HEALTHCARE,LEVETIRACETAM,"""100MG/ML SOLUZIONE ORALE"" 1 FLACONE IN VETRO DA 150 ML CON SIRINGA ORALE GRADUATA DA 1 ML ED ADATTATORE PER SIRINGA",,43273034,N03AX14,2025-12-10,,shortage - end date unknown,Elevata richiesta,Per trattamento alternativo si consiglia di rivolgersi allo specialista o al M.M.G,2026-10-01T10:44:52.190462,80918
IT,Italy,AIFA,LEVETIRACETAM ACCORD HEALTHCARE,LEVETIRACETAM,"""100MG/ML SOLUZIONE ORALE"" 1 FLACONE IN VETRO DA 150 ML CON SIRINGA ORALE GRADUATA DA 3 ML ED ADATTATORE PER SIRINGA",,43273022,N03AX14,2026-02-27,,shortage - end date unknown,Elevata richiesta,Per trattamento alternativo si consiglia di rivolgersi allo specialista o al M.M.G,2026-10-01T10:44:52.190480,80918
IT,Italy,AIFA,LEVETIRACETAM ALMUS,LEVETIRACETAM,"""1000 MG COMPRESSE RIVESTITE CON FILM"" 30 COMPRESSE IN BLISTER PVC-PVC/PVDC/AL",,40529265,N03AX14,2026-09-21,2026-12-31,shortage,Elevata richiesta/problemi produttivi,Per trattamento alternativo si consiglia di rivolgersi allo specialista o al M.M.G,2026-10-01T10:44:52.190504,58408
IT,Italy,AIFA,LEVETIRACETAM ALMUS,LEVETIRACETAM,"""500 MG COMPRESSE RIVESTITE CON FILM"" 60 COMPRESSE IN BLISTER PVC-PVC/PVDC/AL",,40529101,N03AX14,2026-11-06,2027-02-28,shortage,Problemi produttivi,Per trattamento alternativo si consiglia di rivolgersi allo specialista o al M.M.G,2026-10-01T10:44:52.190528,58394
IT,Italy,AIFA,LEVETIRACETAM AUROBINDO ITALIA,LEVETIRACETAM,"""100 MG/ML CONCENTRATO PER SOLUZIONE PER INFUSIONE"" 10 FLACONCINI IN VETRO DA 5 ML",,44464028,N03AX14,2026-06-01,,shortage - end date unknown,Problemi produttivi,"Si rilascia autorizzazione allimportazione alle strutture sanitarie per analogo autorizzato allestero, nel caso in cui le strutture interessate riscontrino discontinuità nella fornitura, a livello delle reti distributive cui hanno accesso",2026-10-01T10:44:52.190546,80926
IT,Italy,AIFA,LEVETIRACETAM EG STADA ITALIA,LEVETIRACETAM,"""100 MG/ML SOLUZIONE ORALE"" 1 FLACONE IN VETRO DA 150 ML CON SIRINGA GRADUATA DA 1 ML E ADATTATORE",,46005017,N03AX14,2026-05-29,,shortage - end date unknown,Elevata richiesta,Per trattamento alternativo si consiglia di rivolgersi allo specialista o al M.M.G,2026-10-01T10:44:52.190571,80918
IT,Italy,AIFA,LEVETIRACETAM EG STADA ITALIA,LEVETIRACETAM,"""100 MG/ML SOLUZIONE ORALE"" 1 FLACONE IN VETRO DA 300 ML CON SIRINGA GRADUATA DA 10 ML E ADATTATORE",,46005031,N03AX14,2026-07-29,,shortage - end date unknown,Elevata richiesta,Per trattamento alternativo si consiglia di rivolgersi allo specialista o al M.M.G,2026-10-01T10:44:52.190593,80918
IT,Italy,AIFA,LEVETIRACETAM MYLAN,LEVETIRACETAM,"""100 MG/ML CONCENTRATO PER SOLUZIONE PER INFUSIONE"" 10 FIALE VETRO DA 5 ML",,40850036,N03AX14,2026-08-10,,shortage - end date unknown,Problemi produttivi,"Si rilascia autorizzazione allimportazione alle strutture sanitarie per analogo autorizzato allestero, nel caso in cui le strutture interessate riscontrino discontinuità nella fornitura, a livello delle reti distributive cui hanno accesso",2026-10-01T10:44:52.190612,80926
IT,Italy,AIFA,LEVETIRACETAM MYLAN GENERICS,LEVETIRACETAM,"""500 MG COMPRESSE RIVESTITE CON FILM"" 60 COMPRESSE IN BLISTER PVC/AL",,40329258,N03AX14,2026-05-05,,shortage - end date unknown,Elevata richiesta,Per trattamento alternativo si consiglia di rivolgersi allo specialista o al M.M.G,2026-10-01T10:44:52.190633,58394
IT,Italy,AIFA,LEVETIRACETAM PENSA,LEVETIRACETAM,"""500 MG COMPRESSE RIVESTITE CON FILM"" 60 COMPRESSE IN BLISTER PVC/PVDC/AL",,40455014,N03AX14,2026-08-01,2026-12-31,shortage,Problemi produttivi,Per trattamento alternativo si consiglia di rivolgersi allo specialista o al M.M.G,2026-10-01T10:44:52.190657,58394
IT,Italy,AIFA,LEVETIRACETAM PENSA,LEVETIRACETAM,"""1000 MG COMPRESSE RIVESTITE CON FILM"" 30 COMPRESSE  IN BLISTER PVC/PVDC/AL",,40455040,N03AX14,2026-08-01,2026-12-31,shortage,Problemi produttivi,Per trattamento alternativo si consiglia di rivolgersi allo specialista o al M.M.G,2026-10-01T10:44:52.190681,58408
IT,Italy,AIFA,LEVETIRACETAM TEVA ITALIA,LEVETIRACETAM,"""100 MG/ML CONCENTRATO PER SOLUZIONE PER INFUSIONE"" 10 FLACONCINI 5 ML",,40432027,N03AX14,2026-02-16,,shortage - end date unknown,Problemi produttivi,"Si rilascia autorizzazione allimportazione alle strutture sanitarie per analogo autorizzato allestero, nel caso in cui le strutture interessate riscontrino discontinuità nella fornitura, a livello delle reti distributive cui hanno accesso",2026-10-01T10:44:52.190699,80926
IT,Italy,AIFA,LEVETIRACETAM ZENTIVA,LEVETIRACETAM,""" 500 MG COMPRESSE RIVESTITE CON FILM"" 60 COMPRESSE IN BLISTER PVC/AL",,41147036,N03AX14,2023-06-12,,shortage - end date unknown,Problemi produttivi,Per trattamento alternativo si consiglia di rivolgersi allo specialista o al M.M.G,2026-10-01T10:44:52.190718,58394
IT,Italy,AIFA,LEVETIRACETAM ZENTIVA,LEVETIRACETAM,""" 1000 MG COMPRESSE RIVESTITE CON FILM"" 30 COMPRESSE IN BLISTER PVC/AL",,41147099,N03AX14,2023-05-30,,shortage - end date unknown,Elevata richiesta,Per trattamento alternativo si consiglia di rivolgersi allo specialista o al M.M.G,2026-10-01T10:44:52.190737,58408
IT,Italy,AIFA,LEVOBUPIVACAINA BIOINDUSTRIA L.I.M.,LEVOBUPIVACAINA CLORIDRATO,"""1,25 MG/ML SOLUZIONE PER INFUSIONE PER USO EPIDURALE"" 25 FLACONI DA 100 ML",,43839051,N01BB10,2026-06-01,2026-12-31,shortage,Problemi produttivi,"Per trattamento alternativo si consiglia di rivolgersi allo specialista o al MMG. Sono autorizzati e commercializzati in Italia medicinali con medesimo principio attivo, forma farmaceutica, via di somministrazione, modalità di rilascio, dosaggio, e indicazioni terapeutiche ma formato differente",2026-10-01T10:44:52.190762,70947
IT,Italy,AIFA,LEVOBUPIVACAINA KABI,LEVOBUPIVACAINA CLORIDRATO,"""7,5 MG/ML SOLUZIONE INIETTABILE E PER INFUSIONE"" 5 FIALE STERILI IN PP DA 10ML",,43362197,N01BB10,2025-12-11,,shortage - end date unknown,Problemi produttivi,Per trattamento alternativo si consiglia di rivolgersi allo specialista o al M.M.G,2026-10-01T10:44:52.190780,55719
IT,Italy,AIFA,LEVOCETIRIZINA AUROBINDO,LEVOCETIRIZINA DICLORIDRATO,"""5 MG COMPRESSE RIVESTITE CON FILM"" 20 COMPRESSE IN BLISTER PVC/PVDC/AL",,39439056,R06AE09,2026-11-22,,shortage - end date unknown,Problemi produttivi,Per trattamento alternativo si consiglia di rivolgersi allo specialista o al M.M.G,2026-10-01T10:44:52.190799,60976
IT,Italy,AIFA,LEVOFLOXACINA AUROBINDO,LEVOFLOXACINA,"""500 MG COMPRESSE RIVESTITE CON FILM"" 5 COMPRESSE IN BLISTER PVC/ACLAR-AL",,40941155,J01MA12,2024-09-30,,shortage - end date unknown,Elevata richiesta/problemi produttivi,Per trattamento alternativo si consiglia di rivolgersi allo specialista o al M.M.G,2026-10-01T10:44:52.190818,48763
IT,Italy,AIFA,LEVOFLOXACINA GALENICA SENESE,LEVOFLOXACINA EMIIDRATO,"""5 MG/ML SOLUZIONE PER INFUSIONE"" 10 SACCHE DA 100 ML",,40911036,J01MA12,2026-07-27,,shortage - end date unknown,Cessata commercializzazione temporanea,Per trattamento alternativo si consiglia di rivolgersi allo specialista o al M.M.G,2026-10-01T10:44:52.190836,97527
IT,Italy,AIFA,LEVOFLOXACINA TEVA,LEVOFLOXACINA,"""500 MG COMPRESSE RIVESTITE CON FILM "" 5 COMPRESSE IN BLISTER PVC/PVDC/AL",,39686136,J01MA12,2026-09-17,2026-10-31,shortage,Problemi produttivi,Per trattamento alternativo si consiglia di rivolgersi allo specialista o al M.M.G,2026-10-01T10:44:52.190860,48763
IT,Italy,AIFA,LEVOFOLENE,CALCIO LEVOFOLINATO,"""25 MG POLVERE PER SOLUZIONE INIETTABILE"" 1 FLACONCINO",,27352057,V03AF04,2026-03-31,2027-02-28,shortage,Problemi produttivi,"Si rilascia autorizzazione allimportazione alle strutture sanitarie per analogo autorizzato allestero, nel caso in cui le strutture interessate riscontrino discontinuità nella fornitura, a livello delle reti distributive cui hanno accesso",2026-10-01T10:44:52.190883,
IT,Italy,AIFA,LEVOSIMENDAN ACCORD,LEVOSIMENDAN,"""2,5 Mg/Ml Concentrato Per Soluzione Per Infusione"" 1 FLACONCINO IN VETRO DA 5 ML",,49798010,C01CX08,2025-06-25,,shortage - end date unknown,Problemi produttivi,"Si rilascia autorizzazione allimportazione alle strutture sanitarie per analogo autorizzato allestero, nel caso in cui le strutture interessate riscontrino discontinuità nella fornitura, a livello delle reti distributive cui hanno accesso",2026-10-01T10:44:52.190902,210307
IT,Italy,AIFA,LEVOSIMENDAN ALTAN,LEVOSIMENDAN,"""2,5 MG/ML CONCENTRATO PER SOLUZIONE PER INFUSIONE"" 1 FLACONCINO IN VETRO DA 5 ML",,49081019,C01CX08,2026-10-01,,shortage - end date unknown,Cessata commercializzazione temporanea,Per trattamento alternativo si consiglia di rivolgersi allo specialista o al M.M.G,2026-10-01T10:44:52.190921,210307
IT,Italy,AIFA,LEVOSULPIRIDE EG,LEVOSULPIRIDE,"""25 MG/ML GOCCE ORALI, SOLUZIONE"" 1 FLACONE DA 20 ML",,42722025,N05AL07,2025-04-30,,shortage - end date unknown,Problemi produttivi,Per trattamento alternativo si consiglia di rivolgersi allo specialista o al M.M.G,2026-10-01T10:44:52.190939,
IT,Italy,AIFA,LIDOCAINA  KABI,LIDOCAINA CLORIDRATO,"""20 MG/ML SOLUZIONE INIETTABILE"" 50 FIALE DA 10 ML IN LDPE",,46867091,N01BB02,2025-08-05,,shortage - end date unknown,Problemi produttivi,"Per trattamento alternativo si consiglia di rivolgersi allo specialista o al MMG. Sono autorizzati e commercializzati in Italia medicinali con medesimo principio attivo, forma farmaceutica, via di somministrazione, modalità di rilascio, dosaggio, e indicazioni terapeutiche ma formato differente",2026-10-01T10:44:52.190958,30570
IT,Italy,AIFA,LIDOCAINA CLORIDRATO FISIOPHARMA,LIDOCAINA CLORIDRATO,"""20 MG/ML SOLUZIONE INIETTABILE"" 10 FIALE 10 ML",,31425061,N01BB02,2025-04-11,,shortage - end date unknown,Motivi commerciali: forniture discontinue,Per trattamento alternativo si consiglia di rivolgersi allo specialista o al M.M.G,2026-10-01T10:44:52.190977,30570
IT,Italy,AIFA,LIDOFAST,LIDOCAINA CLORIDRATO,"""2,5% GEL URETRALE"" TUBO 15 G",,34478026,N01BB02,2026-01-31,,shortage - end date unknown,Motivi commerciali (carenza relativa solo al canale retail),Per trattamento alternativo si consiglia di rivolgersi allo specialista o al M.M.G,2026-10-01T10:44:52.190996,
IT,Italy,AIFA,LIDOFAST,LIDOCAINA CLORIDRATO,"""1% GEL"" TUBO 100 G",,34478014,N01BB02,2025-11-03,,shortage - end date unknown,Motivi commerciali (carenza relativa solo al canale retail),Per trattamento alternativo si consiglia di rivolgersi allo specialista o al M.M.G,2026-10-01T10:44:52.191016,
IT,Italy,AIFA,LIKACIN,AMIKACINA SOLFATO,"""1000 MG/4 ML SOLUZIONE INIETTABILE"" 1 FLACONCINO 4 ML",,24475067,J01GB06,2024-01-01,,shortage - end date unknown,Problemi produttivi,Per trattamento alternativo si consiglia di rivolgersi allo specialista o al M.M.G,2026-10-01T10:44:52.191036,
IT,Italy,AIFA,LIKACIN,AMIKACINA SOLFATO,"""500 MG/2 ML SOLUZIONE INIETTABILE""1 FLACONCINO 2 ML",,24475055,J01GB06,2025-01-23,,shortage - end date unknown,Problemi produttivi,Per trattamento alternativo si consiglia di rivolgersi allo specialista o al M.M.G,2026-10-01T10:44:52.191055,51772
IT,Italy,AIFA,LILADROS,DROSPIRENONE + ETINILESTRADIOLO,""" 3MG/0,02 MG COMPRESSE RIVESTITE CON FILM "" 1X21 COMPRESSE IN BLISTER PVC/PE/PVDC/AL",,41595012,G03AA12,2026-11-07,,shortage - end date unknown,Cessata commercializzazione definitiva,Per trattamento alternativo si consiglia di rivolgersi allo specialista o al M.M.G,2026-10-01T10:44:52.191078,105694
IT,Italy,AIFA,LINEZOLID AUROBINDO ITALIA,LINEZOLID,"""600 MG COMPRESSE RIVESTITE CON FILM"" 10 COMPRESSE IN BLISTER PVC/PE/PVDC-AL",,44948065,J01XX08,2026-11-19,,shortage - end date unknown,Problemi produttivi,Si rilascia autorizzazione allimportazione alle strutture sanitarie per analogo autorizzato allestero,2026-10-01T10:44:52.191099,60186
IT,Italy,AIFA,LINEZOLID KABI,LINEZOLID,"""2 MG/ML SOLUZIONE PER INFUSIONE"" 10 SACCHE MONOUSO IN PO DA 300 ML",,43113012,J01XX08,2026-06-30,,shortage - end date unknown,Cessata commercializzazione temporanea,Per trattamento alternativo si consiglia di rivolgersi allo specialista o al M.M.G,2026-10-01T10:44:52.191120,60151
IT,Italy,AIFA,LINEZOLID KRKA D.D.,LINEZOLID,"600 MG COMPRESSE RIVESTITE CON FILM"" 10 COMPRESSE IN BLISTER PVC/PVDC/AL",,44172017,J01XX08,2026-09-18,,shortage - end date unknown,Elevata richiesta/problemi produttivi,Si rilascia autorizzazione allimportazione alle strutture sanitarie per analogo autorizzato allestero,2026-10-01T10:44:52.191139,60186
IT,Italy,AIFA,LINEZOLID TEVA,LINEZOLID,"""600 MG COMPRESSE RIVESTITE CON FILM"" 10 COMPRESSE IN BLISTER PVC/PVDC/AL",,43122098,J01XX08,2026-01-01,,shortage - end date unknown,Problemi produttivi,Si rilascia autorizzazione allimportazione alle strutture sanitarie per analogo autorizzato allestero,2026-10-01T10:44:52.191159,60186
IT,Italy,AIFA,LIOTIR,LIOTIRONINA SODICA,"""5 MCG/ML SOLUZIONE ORALE"" 30 CONTENITORI MONODOSE DA 1 ML",,36906028,H03AA02,2026-02-12,2026-10-31,shortage,Elevata richiesta: distribuzione contingentata,"Si rilascia autorizzazione allimportazione alle strutture sanitarie per analogo autorizzato allestero, nel caso in cui le strutture interessate riscontrino discontinuità nella fornitura, a livello delle reti distributive cui hanno accesso",2026-10-01T10:44:52.191183,
IT,Italy,AIFA,LIOTIR,LIOTIRONINA SODICA,""" 20 MCG / ML GOCCE ORALI, SOLUZIONE "" FLACONE 20 ML",,36906016,H03AA02,2025-09-17,2026-12-31,shortage,Problemi produttivi,Si rilascia autorizzazione allimportazione alle strutture sanitarie per analogo autorizzato allestero,2026-10-01T10:44:52.191207,
IT,Italy,AIFA,LIPONORM,SIMVASTATINA,"""20 MG COMPRESSE RIVESTITE CON FILM"" 10 COMPRESSE",,27228028,C10AA01,2026-11-02,,shortage - end date unknown,Cessata commercializzazione definitiva,Per trattamento alternativo si consiglia di rivolgersi allo specialista o al M.M.G,2026-10-01T10:44:52.191228,67814
IT,Italy,AIFA,LISAMETHYLE,METILPREDNISOLONE SODIO SUCCINATO,"""500 MG POLVERE PER SOLUZIONE INIETTABILE PER USO ENDOVENOSO"" 1 FLACONE POLVERE",,39507049,H02AB04,2025-10-25,,shortage - end date unknown,Problemi produttivi,Si rilascia autorizzazione allimportazione alle strutture sanitarie per analogo autorizzato allestero,2026-10-01T10:44:52.191248,
IT,Italy,AIFA,LISAMETHYLE,METILPREDNISOLONE SODIO SUCCINATO,"""20 MG/2 ML POLVERE E SOLVENTE PER SOLUZIONE INIETTABILE "" 1 FLACONE POLVERE + 1 FIALA SOLVENTE DA 2 ML",,39507013,H02AB04,2025-10-25,,shortage - end date unknown,Motivi commerciali,Si rilascia autorizzazione allimportazione alle strutture sanitarie per analogo autorizzato allestero,2026-10-01T10:44:52.191268,
IT,Italy,AIFA,LISINOPRIL E IDROCLOROTIAZIDE DOC GENERICI,IDROCLOROTIAZIDE + LISINOPRIL,"""20 MG/12.5 MG COMPRESSE"" 28 COMPRESSE IN BLISTER PVC/PVDC/AL",,38706103,C09BA03,2026-08-31,,shortage - end date unknown,Problemi regolatori,Per trattamento alternativo si consiglia di rivolgersi allo specialista o al M.M.G,2026-10-01T10:44:52.191287,
IT,Italy,AIFA,LISINOPRIL RATIOPHARM,LISINOPRIL DIIDRATO,"""20 MG COMPRESSE"" 14 COMPRESSE IN BLISTER PVC/AL",,37426158,C09AA03,2026-08-10,2026-10-31,shortage,Problemi produttivi (carenza relativa solo al canale retail),Per trattamento alternativo si consiglia di rivolgersi allo specialista o al M.M.G,2026-10-01T10:44:52.191313,26646
IT,Italy,AIFA,LIVAZO,PITAVASTATINA CALCICA,"""1 MG COMPRESSE RIVESTITE CON FILM"" 28 COMPRESSE IN BLISTER PVC/PVDC/AL",,40363095,C10AA08,2029-05-01,,shortage - end date unknown,Cessata commercializzazione temporanea,Per trattamento alternativo si consiglia di rivolgersi allo specialista o al M.M.G,2026-10-01T10:44:52.191333,
IT,Italy,AIFA,LOGNIF,FINGOLIMOD,"""0,5 MG CAPSULE RIGIDE"" 28 CAPSULE RIGIDE IN BLISTER OPA/AL/PVC/AL",,49210230,L04AE01,2026-09-30,,shortage - end date unknown,Problemi produttivi,Per trattamento alternativo si consiglia di rivolgersi allo specialista o al M.M.G,2026-10-01T10:44:52.191356,100129
IT,Italy,AIFA,LOPERAMIDE HEXAL,LOPERAMIDE CLORIDRATO,"""2 MG CAPSULE RIGIDE"" 30 CAPSULE",,33987013,A07DA03,2026-08-05,,shortage - end date unknown,Problemi produttivi,Per trattamento alternativo si consiglia di rivolgersi allo specialista o al M.M.G,2026-10-01T10:44:52.191376,3212
IT,Italy,AIFA,LOPINAVIR E RITONAVIR VIATRIS,LOPINAVIR + RITONAVIR,200 MG / 50 MG - COMPRESSA RIVESTITA CON FILM - USO ORALE - BLISTER  - 120 COMPRESSE,,44696045,J05AR10,2026-04-01,,shortage - end date unknown,Problemi produttivi,"Si rilascia autorizzazione allimportazione alle strutture sanitarie per analogo autorizzato allestero, nel caso in cui le strutture interessate riscontrino discontinuità nella fornitura, a livello delle reti distributive cui hanno accesso",2026-10-01T10:44:52.191395,81094
IT,Italy,AIFA,LORAZEPAM MYLAN GENERICS,LORAZEPAM,"""1 MG COMPRESSE "" 20 COMPRESSE",,35992015,N05BA06,2026-06-15,,shortage - end date unknown,Problemi produttivi,Per trattamento alternativo si consiglia di rivolgersi allo specialista o al M.M.G,2026-10-01T10:44:52.191414,2445
IT,Italy,AIFA,LORAZEPAM SANDOZ,LORAZEPAM,""" 0,2 %  GOCCE ORALI, SOLUZIONE "" FLACONE 10 ML",,35877036,N05BA06,2026-07-01,,shortage - end date unknown,Cessata commercializzazione definitiva,Per trattamento alternativo si consiglia di rivolgersi allo specialista o al M.M.G,2026-10-01T10:44:52.191432,
IT,Italy,AIFA,LORAZEPAM ZENTIVA,LORAZEPAM,"""2 MG/ML GOCCE ORALI, SOLUZIONE "" FLACONE 10 ML",,35835038,N05BA06,2025-04-30,,shortage - end date unknown,Motivi commerciali,Per trattamento alternativo si consiglia di rivolgersi allo specialista o al M.M.G,2026-10-01T10:44:52.191453,
IT,Italy,AIFA,LORAZEPAM ZENTIVA,LORAZEPAM,""" 1 MG COMPRESSE "" 20 COMPRESSE",,35835014,N05BA06,2025-07-21,,shortage - end date unknown,Problemi produttivi,Per trattamento alternativo si consiglia di rivolgersi allo specialista o al M.M.G,2026-10-01T10:44:52.191472,2445
IT,Italy,AIFA,LORAZEPAM ZENTIVA,LORAZEPAM,""" 2,5 MG COMPRESSE "" 20 COMPRESSE",,35835026,N05BA06,2025-09-19,,shortage - end date unknown,Problemi produttivi,Per trattamento alternativo si consiglia di rivolgersi allo specialista o al M.M.G,2026-10-01T10:44:52.191491,7587
IT,Italy,AIFA,LORENIL,FENTICONAZOLO NITRATO,"""2 % CREMA "" TUBO DA 15 G",,28228106,D01AC12,2026-11-01,,shortage - end date unknown,Cessata commercializzazione definitiva,Per trattamento alternativo si consiglia di rivolgersi allo specialista o al M.M.G,2026-10-01T10:44:52.191509,
IT,Italy,AIFA,LORMETAZEPAM ZENTIVA,LORMETAZEPAM,"""2,5 MG/ML GOCCE ORALI, SOLUZIONE "" FLACONE DA 20 ML",,36114015,N05CD06,2022-11-14,,shortage - end date unknown,Problemi produttivi,Per trattamento alternativo si consiglia di rivolgersi allo specialista o al M.M.G,2026-10-01T10:44:52.191528,
IT,Italy,AIFA,LOSARTAN AHCL,LOSARTAN POTASSICO,"""50 MG COMPRESSE RIVESTITE CON FILM"" 28 COMPRESSE IN BLISTER PVC/PVDC/AL",,39374020,C09CA01,2025-12-01,,shortage - end date unknown,Motivi commerciali,Per trattamento alternativo si consiglia di rivolgersi allo specialista o al M.M.G,2026-10-01T10:44:52.191547,41890
IT,Italy,AIFA,LOSARTAN AHCL,LOSARTAN POTASSICO,"""100 MG COMPRESSE RIVESTITE CON FILM"" 28 COMPRESSE IN BLISTER PVC/PVDC/AL",,39374032,C09CA01,2026-04-24,,shortage - end date unknown,Elevata richiesta,Per trattamento alternativo si consiglia di rivolgersi allo specialista o al M.M.G,2026-10-01T10:44:52.191566,60569
IT,Italy,AIFA,LOSARTAN E IDROCLOROTIAZIDE AUROBINDO,IDROCLOROTIAZIDE + LOSARTAN POTASSICO,""" 50MG/12,5 MG COMPRESSE RIVESTITE CON FILM "" 28 COMPRESSE IN BLISTER PVC/ACLAR/AL",,41392022,C09DA01,2026-08-09,,shortage - end date unknown,Problemi produttivi,Per trattamento alternativo si consiglia di rivolgersi allo specialista o al M.M.G,2026-10-01T10:44:52.191585,
IT,Italy,AIFA,LOSARTAN E IDROCLOROTIAZIDE ZENTIVA ITALIA,IDROCLOROTIAZIDE + LOSARTAN POTASSICO,"""50 MG/12,5 MG COMPRESSE RIVESTITE CON FILM"" 28 COMPRESSE IN BLISTER PVC/PE/PVDC-AL",,45045022,C09DA01,2021-09-30,,shortage - end date unknown,Problemi produttivi,Per trattamento alternativo si consiglia di rivolgersi allo specialista o al M.M.G,2026-10-01T10:44:52.191604,
IT,Italy,AIFA,LOSARTAN E IDROCLOROTIAZIDE ZENTIVA ITALIA,IDROCLOROTIAZIDE + LOSARTAN POTASSICO,"""100 MG/25 MG COMPRESSE RIVESTITE CON FILM"" 28 COMPRESSE IN BLISTER PVC/PE/PVDC-AL",,45045073,C09DA01,2021-09-01,,shortage - end date unknown,Problemi produttivi: ridotta disponibilità,Per trattamento alternativo si consiglia di rivolgersi allo specialista o al M.M.G,2026-10-01T10:44:52.191622,
IT,Italy,AIFA,LOSARTAN IDROCLOROTIAZIDE SANDOZ,IDROCLOROTIAZIDE + LOSARTAN POTASSICO,"""100 MG/25 MG COMPRESSE RIVESTITE CON FILM"" 28 COMPRESSE IN BLISTER ACLAR/AL",,39154327,C09DA01,2026-09-30,,shortage - end date unknown,Cessata commercializzazione definitiva,Per trattamento alternativo si consiglia di rivolgersi allo specialista o al M.M.G,2026-10-01T10:44:52.191641,69302
IT,Italy,AIFA,LOSARTAN IDROCLOROTIAZIDE SANDOZ,IDROCLOROTIAZIDE + LOSARTAN POTASSICO,"""50 MG/12.5 MG COMPRESSE RIVESTITE CON FILM"" 28 COMPRESSE IN BLISTER ACLAR/AL",,39154176,C09DA01,2026-06-30,,shortage - end date unknown,Cessata commercializzazione definitiva,Per trattamento alternativo si consiglia di rivolgersi allo specialista o al M.M.G,2026-10-01T10:44:52.191660,
IT,Italy,AIFA,LOSARTAN PENSA,LOSARTAN POTASSICO,""" 100 MG COMPRESSE RIVESTITE CON FILM "" 28 COMPRESSE RIVESTITE CON FILM IN BLISTER PVC/PE/PVDC/ALU",,39198039,C09CA01,2026-08-01,2026-12-31,shortage,Problemi produttivi,Per trattamento alternativo si consiglia di rivolgersi allo specialista o al M.M.G,2026-10-01T10:44:52.191683,60569
IT,Italy,AIFA,LUDIOMIL,MAPROTILINA CLORIDRATO,"""50 MG COMPRESSE RIVESTITE CON FILM"" 30 COMPRESSE",,23207057,N06AA21,2025-03-31,,shortage - end date unknown,Cessata commercializzazione definitiva,Si rilascia autorizzazione allimportazione alle strutture sanitarie per analogo autorizzato allestero,2026-10-01T10:44:52.191702,
IT,Italy,AIFA,LUDIOMIL,MAPROTILINA CLORIDRATO,"""75 MG COMPRESSE RIVESTITE CON FILM"" 20 COMPRESSE",,23207069,N06AA21,2025-03-31,,shortage - end date unknown,Cessata commercializzazione definitiva,Si rilascia autorizzazione allimportazione alle strutture sanitarie per analogo autorizzato allestero,2026-10-01T10:44:52.191723,
IT,Italy,AIFA,LURASIDONE ACCORD,LURASIDONE CLORIDRATO,"""74 MG COMPRESSE RIVESTITE CON FILM"" 28X1 COMPRESSE IN BLISTER DIVISIBILE PER DOSE UNITARIA OPA/AL/PVC/AL",,51219374,N05AE05,2026-10-30,,shortage - end date unknown,Elevata richiesta,Per trattamento alternativo si consiglia di rivolgersi allo specialista o al M.M.G,2026-10-01T10:44:52.191742,118532
IT,Italy,AIFA,LURASIDONE ACCORD,LURASIDONE CLORIDRATO,"""37 MG COMPRESSE RIVESTITE CON FILM"" 28X1 COMPRESSE IN BLISTER DIVISIBILE PER DOSE UNITARIA OPA/AL/PVC/AL",,51219234,N05AE05,2026-11-27,,shortage - end date unknown,Problemi produttivi,Per trattamento alternativo si consiglia di rivolgersi allo specialista o al M.M.G,2026-10-01T10:44:52.191761,118524
IT,Italy,AIFA,LYRICA,PREGABALIN,"""150 MG  CAPSULA RIGIDA - USO ORALE"" 56 CAPSULE IN BLISTER (PVC/ALU)",,36476188,N02BF02,2026-07-15,,shortage - end date unknown,Problemi produttivi,Per trattamento alternativo si consiglia di rivolgersi allo specialista o al M.M.G,2026-10-01T10:44:52.191780,75728
IT,Italy,AIFA,LYRICA,PREGABALIN,"""50 MG  CAPSULA RIGIDA - USO ORALE"" 21 CAPSULE IN BLISTER (PVC/ALU)",,36476075,N02BF02,2026-09-15,,shortage - end date unknown,Problemi produttivi,Per trattamento alternativo si consiglia di rivolgersi allo specialista o al M.M.G,2026-10-01T10:44:52.191799,
IT,Italy,AIFA,LYRICA,PREGABALIN,"""300 MG  CAPSULA RIGIDA - USO ORALE"" 56 CAPSULE IN BLISTER (PVC/ALU)",,36476240,N02BF02,2026-09-01,,shortage - end date unknown,Problemi produttivi,Per trattamento alternativo si consiglia di rivolgersi allo specialista o al M.M.G,2026-10-01T10:44:52.191817,75736
IT,Italy,AIFA,MACROGOL AUROBINDO,MACROGOL 4000,"""10 G POLVERE PER SOLUZIONE ORALE IN BUSTINA"" 20 BUSTINE IN PAP/PE/AL/PE",,46175081,A06AD15,2026-06-18,,shortage - end date unknown,Elevata richiesta/problemi produttivi,Per trattamento alternativo si consiglia di rivolgersi allo specialista o al M.M.G,2026-10-01T10:44:52.191836,53473
IT,Italy,AIFA,MAG 2,"1-({(5S,7S)-3-[5-(1-Hydroxy-1-methylethyl)-2-pyrazinyl]-7-methyl-2-oxo-1oxa-3-azaspiro[4.5]dec-7-yl}methyl)-1H-benzimidazole-6-carbonitrile + ACESULFAME                                                                                                 + ACIDO CITRICO ANIDRO/MAGNESIO CARBONATO BASICO LEGGERO + AROMA ARANCIO/POMPELMO                                                                                     + AROMA LIMONE-PRUGNA                                                                                        + MAGNESIO PIDOLATO + SODIO BICARBONATO + SORBITOLO",""" 2,25 g compresse effervescenti"" 20 compresse effervescenti",,25519051,A12CC08,2025-06-05,,shortage - end date unknown,Motivi commerciali: cessata commercializzazione definitiva sul canale ospedaliero,Per trattamento alternativo si consiglia di rivolgersi allo specialista o al M.M.G,2026-10-01T10:44:52.191855,
IT,Italy,AIFA,MAGALDRATO MYLAN,MAGALDRATO,"""800 MG/10 ML SOSPENSIONE ORALE""40 BUSTINE",,33231022,A02AD02,2026-03-30,,shortage - end date unknown,Elevata richiesta,Per trattamento alternativo si consiglia di rivolgersi allo specialista o al M.M.G,2026-10-01T10:44:52.191878,
IT,Italy,AIFA,MALARONE,ATOVAQUONE + PROGUANIL CLORIDRATO,12 COMPRESSE RIVESTITE,,33299013,P01BB51,2026-09-07,,shortage - end date unknown,Elevata richiesta/problemi produttivi: distribuzione contingentata,Si rilascia autorizzazione allimportazione alle strutture sanitarie per analogo autorizzato allestero,2026-10-01T10:44:52.191902,54771
IT,Italy,AIFA,MANIDIPINA ZENTIVA,MANIDIPINA CLORIDRATO,"""20 MG COMPRESSE"" 28 COMPRESSE IN BLISTER PVC/PVDC-AL/PVDC",,39863028,C08CA11,2022-03-21,,shortage - end date unknown,Problemi produttivi: forniture discontinue,Per trattamento alternativo si consiglia di rivolgersi allo specialista o al M.M.G,2026-10-01T10:44:52.191921,
IT,Italy,AIFA,MANNITOLO FKI,MANNITOLO,"""18% SOLUZIONE PER INFUSIONE"" 1 FLACONCINO 100 ML",,30770123,B05BC01,2026-11-07,,shortage - end date unknown,Cessata commercializzazione definitiva,Per trattamento alternativo si consiglia di rivolgersi allo specialista o al M.M.G,2026-10-01T10:44:52.191940,
IT,Italy,AIFA,MANNITOLO FKI,MANNITOLO,"""18% SOLUZIONE PER INFUSIONE"" 1 FLACONCINO 500 ML",,30770147,B05BC01,2026-12-15,,shortage - end date unknown,Cessata commercializzazione definitiva,Per trattamento alternativo si consiglia di rivolgersi allo specialista o al M.M.G,2026-10-01T10:44:52.191969,
IT,Italy,AIFA,MANNITOLO FKI,MANNITOLO,"""18% SOLUZIONE PER INFUSIONE"" 1 FLACONCINO 250 ML",,30770135,B05BC01,2026-12-15,,shortage - end date unknown,Cessata commercializzazione definitiva,Per trattamento alternativo si consiglia di rivolgersi allo specialista o al M.M.G,2026-10-01T10:44:52.191988,
IT,Italy,AIFA,MARIXINO,MEMANTINA CLORIDRATO,20MG - COMPRESSA RIVESTITA CON FILM - USO ORALE - BLISTER (PVC/PVDC/ALU) - 28 COMPRESSE,,42757169,N06DX01,2026-03-15,,shortage - end date unknown,Problemi produttivi,Per trattamento alternativo si consiglia di rivolgersi allo specialista o al M.M.G,2026-10-01T10:44:52.192007,87912
IT,Italy,AIFA,MARIXINO,MEMANTINA CLORIDRATO,10MG - COMPRESSA RIVESTITA CON FILM - USO ORALE - BLISTER (PVC/PVDC/ALU) - 56 COMPRESSE,,42757068,N06DX01,2026-09-30,,shortage - end date unknown,Problemi produttivi,Per trattamento alternativo si consiglia di rivolgersi allo specialista o al M.M.G,2026-10-01T10:44:52.192025,66818
IT,Italy,AIFA,MATEVER,LEVETIRACETAM,"""1000 MG - COMPRESSA RIVESTITA CON FILM - USO ORALE - BLISTER (PVC/PE/PVDC)"" 30 COMPRESSE",,41466259,N03AX14,2026-01-20,2026-12-31,shortage,Elevata richiesta/problemi produttivi: forniture discontinue,Per trattamento alternativo si consiglia di rivolgersi allo specialista o al M.M.G,2026-10-01T10:44:52.192049,58408
IT,Italy,AIFA,MEDIPO,SIMVASTATINA,"""20 MG COMPRESSE RIVESTITE CON FILM"" 10 COMPRESSE",,28370029,C10AA01,2026-10-01,,shortage - end date unknown,Cessata commercializzazione definitiva,Per trattamento alternativo si consiglia di rivolgersi allo specialista o al M.M.G,2026-10-01T10:44:52.192068,67814
IT,Italy,AIFA,MEGACE,MEGESTROLO ACETATO,"""160 MG COMPRESSE"" 30 COMPRESSE",,27597020,L02AB01,2024-12-05,,shortage - end date unknown,Elevata richiesta,Per trattamento alternativo si consiglia di rivolgersi allo specialista o al M.M.G,2026-10-01T10:44:52.192086,
IT,Italy,AIFA,MELATONINA NOXAREM,MELATONINA,"""5 MG COMPRESSE"" 30 COMPRESSE IN BLISTER PVC/AL",,49103082,N05CH01,2026-11-01,,shortage - end date unknown,Cessata commercializzazione definitiva,Per trattamento alternativo si consiglia di rivolgersi allo specialista o al M.M.G,2026-10-01T10:44:52.192105,106615
IT,Italy,AIFA,MELATONINA NOXAREM,MELATONINA,"""3 MG COMPRESSE"" 30 COMPRESSE IN BLISTER PVC/AL",,49103029,N05CH01,2026-11-01,,shortage - end date unknown,Cessata commercializzazione definitiva,Per trattamento alternativo si consiglia di rivolgersi allo specialista o al M.M.G,2026-10-01T10:44:52.192127,106607
IT,Italy,AIFA,MELATONINA ZENTIVA,MELATONINA,2 MG COMPRESSE A RILASCIO PROLUNGATO 30 COMPRESSE IN BLISTER PVC/PE/PVDC-AL,,51041010,N05CH01,2026-05-29,,shortage - end date unknown,Elevata richiesta/problemi produttivi,Per trattamento alternativo si consiglia di rivolgersi allo specialista o al M.M.G,2026-10-01T10:44:52.192146,86819
IT,Italy,AIFA,MELFALAN SUN,MELFALAN CLORIDRATO,"""50 MG POLVERE E SOLVENTE PER SOLUZIONE INIETTABILE/INFUSIONE""  1 FLACONCINO DA 50 MG DI POLVERE + 1 FLACONCINO DA 10 ML DI SOLVENTE",,46421018,L01AA03,2022-09-09,,shortage - end date unknown,Elevata richiesta,Per trattamento alternativo si consiglia di rivolgersi allo specialista o al M.M.G,2026-10-01T10:44:52.192166,35254
IT,Italy,AIFA,MELIGLIX,SITAGLIPTIN,"""25 mg COMPRESSE RIVESTITE CON FILM""  28 COMPRESSE IN BLISTER AL-PVC/PE/PVDC",,49987023,A10BH01,2026-09-21,,shortage - end date unknown,Problemi produttivi,Per trattamento alternativo si consiglia di rivolgersi allo specialista o al M.M.G,2026-10-01T10:44:52.192185,
IT,Italy,AIFA,MELIGLIX,SITAGLIPTIN,"""100 mg COMPRESSE RIVESTITE CON FILM""  28 COMPRESSE IN BLISTER AL-PVC/PE/PVDC",,49987163,A10BH01,2026-09-21,,shortage - end date unknown,Problemi produttivi,Per trattamento alternativo si consiglia di rivolgersi allo specialista o al M.M.G,2026-10-01T10:44:52.192205,
IT,Italy,AIFA,MELIGLIX,SITAGLIPTIN,"""50 mg COMPRESSE RIVESTITE CON FILM"" 28 COMPRESSE IN BLISTER AL-PVC/PE/PVDC",,49987098,A10BH01,2026-09-21,,shortage - end date unknown,Problemi produttivi,Per trattamento alternativo si consiglia di rivolgersi allo specialista o al M.M.G,2026-10-01T10:44:52.192227,218111
IT,Italy,AIFA,MELOXICAM ZENTIVA,MELOXICAM,"""15 MG COMPRESSE"" 30 COMPRESSE IN BLISTER PVC/PVDC/AL",,37322260,M01AC06,2025-01-15,,shortage - end date unknown,Motivi commerciali,Per trattamento alternativo si consiglia di rivolgersi allo specialista o al M.M.G,2026-10-01T10:44:52.192249,47481
IT,Italy,AIFA,MEMANTINA ACCORD,MEMANTINA CLORIDRATO,20 MG - COMPRESSA RIVESTITA CON FILM - USO ORALE - BLISTER (PVC/PE/PVDC/ALLUMINIO) - 28 COMPRESSE,,43171091,N06DX01,2026-04-24,,shortage - end date unknown,Elevata richiesta,Per trattamento alternativo si consiglia di rivolgersi allo specialista o al M.M.G,2026-10-01T10:44:52.192269,87912
IT,Italy,AIFA,MEMANTINA AUROBINDO,MEMANTINA CLORIDRATO,"""10 MG COMPRESSE RIVESTITE CON FILM"" 56 COMPRESSE IN BLISTER PVC/PE/PVDC/AL",,42241012,N06DX01,2026-06-09,,shortage - end date unknown,Problemi produttivi,Per trattamento alternativo si consiglia di rivolgersi allo specialista o al M.M.G,2026-10-01T10:44:52.192288,66818
IT,Italy,AIFA,MEMANTINA DOC GENERICI,MEMANTINA CLORIDRATO,"""10 MG COMPRESSE RIVESTITE CON FILM"" 56 COMPRESSE IN BLISTER PVC/PVDC/AL",,42245047,N06DX01,2025-11-30,,shortage - end date unknown,Problemi produttivi,Per trattamento alternativo si consiglia di rivolgersi allo specialista o al M.M.G,2026-10-01T10:44:52.192309,66818
IT,Italy,AIFA,MEMANTINA MYLAN,MEMANTINA CLORIDRATO,10MG - COMPRESSE RIVESTITE CON FILM - USO ORALE - BLISTER (PVDC/ALU) - 56 COMPRESSE,,42776094,N06DX01,2026-03-10,,shortage - end date unknown,Elevata richiesta,Per trattamento alternativo si consiglia di rivolgersi allo specialista o al M.M.G,2026-10-01T10:44:52.192329,66818
IT,Italy,AIFA,MENEC,TIBOLONE,"""2,5 MG COMPRESSE"" 3X30 COMPRESSE IN BLISTER PVC-AL",,50150022,G03CX01,2025-09-10,,shortage - end date unknown,Problemi produttivi: forniture discontinue,"Per trattamento alternativo si consiglia di rivolgersi allo specialista o al MMG. Sono autorizzati e commercializzati in Italia medicinali con medesimo principio attivo, forma farmaceutica, via di somministrazione, modalità di rilascio, dosaggio, e indicazioni terapeutiche ma numero di unità posologiche e dosi unitarie differente.",2026-10-01T10:44:52.192350,25690
IT,Italy,AIFA,MENQUADFI,"VACCINO CONIUGATO MENINGOCOCCICO GRUPPO A,C,W,Y","0,5 ML - SOLUZIONE PER INIEZIONE - USO INTRAMUSCOLARE - FLACONCINO (VETRO) 0.5 ML - 1 FLACONCINO",,49225016,J07AH08,2023-04-28,2027-02-09,shortage,Cessata commercializzazione temporanea,Per trattamento alternativo si consiglia di rivolgersi allo specialista o al M.M.G,2026-10-01T10:44:52.192375,207586
IT,Italy,AIFA,MENVEO,VACCINO MENINGITE CEREBROSPINALE A C,"0.5 ml - Soluzione iniettabile - Uso intramuscolare - Flaconcino (vetro) 0,5 ml - 1 flaconcino",,39766050,J07AH08,2026-09-28,,shortage - end date unknown,Elevata richiesta,"Si rilascia autorizzazione allimportazione alle strutture sanitarie per analogo autorizzato allestero, nel caso in cui le strutture interessate riscontrino discontinuità nella fornitura, a livello delle reti distributive cui hanno accesso",2026-10-01T10:44:52.192396,
IT,Italy,AIFA,MEROPENEM AUROBINDO,MEROPENEM,"""1000 MG POLVERE PER SOLUZIONE INIETTABILE/INFUSIONE"" 10 FLACONCINI IN VETRO",,43812041,J01DH02,2026-03-31,,shortage - end date unknown,Problemi produttivi,Per trattamento alternativo si consiglia di rivolgersi allo specialista o al M.M.G,2026-10-01T10:44:52.192416,94838
IT,Italy,AIFA,MEROPENEM AUROBINDO,MEROPENEM,"""500 MG POLVERE PER SOLUZIONE INIETTABILE/INFUSIONE"" 10 FLACONCINI IN VETRO",,43812027,J01DH02,2026-03-31,,shortage - end date unknown,Problemi produttivi,Per trattamento alternativo si consiglia di rivolgersi allo specialista o al M.M.G,2026-10-01T10:44:52.192436,94811
IT,Italy,AIFA,MEROPENEM QILU,MEROPENEM TRIIDRATO,"""500 MG POLVERE PER SOLUZIONE INIETTABILE/PER INFUSIONE"" 10 FLACONCINI IN VETRO",,50412028,J01DH02,2026-02-20,,shortage - end date unknown,Elevata richiesta: distribuzione contingentata,Per trattamento alternativo si consiglia di rivolgersi allo specialista o al M.M.G,2026-10-01T10:44:52.192456,94811
IT,Italy,AIFA,MEROPUR,MENOTROPINA,""" 600 UI POLVERE E SOLVENTE PER SOLUZIONE INIETTABILE "" 1 FLACONCINO POLVERE+1 SIRINGA PRERIEMPITA 1ML SOLVENTE+AGO+9SIRINGHE MONOUSO",,36749036,G03GA02,2022-10-24,2027-12-31,shortage,Cessata commercializzazione temporanea,Per trattamento alternativo si consiglia di rivolgersi allo specialista o al M.M.G,2026-10-01T10:44:52.192482,6963
IT,Italy,AIFA,MEROPUR,MENOTROPINA,"""75 UI FSH + 75 UI LHPOLVERE E SOLVENTE PER SOLUZIONE INIETTABILE"" 10 FLACONCINI POLVERE + 10 FIALE SOLVENTE",,36749024,G03GA02,2022-10-24,2027-12-31,shortage,Cessata commercializzazione temporanea,Per trattamento alternativo si consiglia di rivolgersi allo specialista o al M.M.G,2026-10-01T10:44:52.192507,6963
IT,Italy,AIFA,METADOXIL,METADOXINA,"""300 MG/5 ML SOLUZIONE INIETTABILE"" 10 FIALE 5 ML",,25316023,A05BA09,2026-08-31,,shortage - end date unknown,Cessata commercializzazione definitiva,Per trattamento alternativo si consiglia di rivolgersi allo specialista o al M.M.G,2026-10-01T10:44:52.192530,
IT,Italy,AIFA,METEOSIM,DIMETICONE,"""40 MG COMPRESSE MASTICABILI"" 50 COMPRESSE",,34289025,A03AX13,2023-11-29,,shortage - end date unknown,Problemi produttivi,Per trattamento alternativo si consiglia di rivolgersi allo specialista o al M.M.G,2026-10-01T10:44:52.192551,
IT,Italy,AIFA,METFORAL,METFORMINA CLORIDRATO,"""850 MG COMPRESSE RIVESTITE CON FILM"" 30 COMPRESSE",,19449038,A10BA02,2026-05-29,,shortage - end date unknown,Problemi produttivi,"Si rilascia autorizzazione allimportazione alle strutture sanitarie per analogo autorizzato allestero, nel caso in cui le strutture interessate riscontrino discontinuità nella fornitura, a livello delle reti distributive cui hanno accesso",2026-10-01T10:44:52.192572,5509
IT,Italy,AIFA,METFORAL,METFORMINA CLORIDRATO,"""500 MG COMPRESSE RIVESTITE CON FILM"" 50 COMPRESSE",,19449014,A10BA02,2026-05-29,,shortage - end date unknown,Problemi produttivi,"Si rilascia autorizzazione allimportazione alle strutture sanitarie per analogo autorizzato allestero, nel caso in cui le strutture interessate riscontrino discontinuità nella fornitura, a livello delle reti distributive cui hanno accesso",2026-10-01T10:44:52.192593,1090
IT,Italy,AIFA,METFORMINA DOC GENERICS,METFORMINA CLORIDRATO,"""1000 MG COMPRESSE A RILASCIO PROLUNGATO"" 60 COMPRESSE IN BLISTER PVC/PVDC/AL",,48259030,A10BA02,2025-01-31,,shortage - end date unknown,Problemi produttivi,Per trattamento alternativo si consiglia di rivolgersi allo specialista o al M.M.G,2026-10-01T10:44:52.192613,150665
IT,Italy,AIFA,METFORMINA DOC GENERICS,METFORMINA CLORIDRATO,"""750 MG COMPRESSE A RILASCIO PROLUNGATO"" 60 COMPRESSE IN BLISTER PVC/PVDC/AL",,48259028,A10BA02,2025-03-21,,shortage - end date unknown,Problemi produttivi,Per trattamento alternativo si consiglia di rivolgersi allo specialista o al M.M.G,2026-10-01T10:44:52.192633,150673
IT,Italy,AIFA,METFORMINA DOC GENERICS,METFORMINA CLORIDRATO,"""500 MG COMPRESSE A RILASCIO PROLUNGATO"" 60 COMPRESSE IN BLISTER PVC/PVDC/AL",,48259016,A10BA02,2025-03-21,,shortage - end date unknown,Problemi produttivi,Per trattamento alternativo si consiglia di rivolgersi allo specialista o al M.M.G,2026-10-01T10:44:52.192653,164836
IT,Italy,AIFA,METFORMINA EG STADA,METFORMINA CLORIDRATO,"""1000 mg COMPRESSE A RILASCIO PROLUNGATO"" 60 COMPRESSE IN BLISTER PVC/PVDC-AL",,50318082,A10BA02,2024-08-20,,shortage - end date unknown,Problemi produttivi,Per trattamento alternativo si consiglia di rivolgersi allo specialista o al M.M.G,2026-10-01T10:44:52.192674,
IT,Italy,AIFA,METFORMINA MYLAN GENERICS,METFORMINA,"""850 MG COMPRESSE RIVESTITE CON FILM"" 30 COMPRESSE IN BLISTER PVC/AL",,39846086,A10BA02,2026-06-01,,shortage - end date unknown,Problemi produttivi,Per trattamento alternativo si consiglia di rivolgersi allo specialista o al M.M.G,2026-10-01T10:44:52.192694,5509
IT,Italy,AIFA,METFORMINA MYLAN GENERICS,METFORMINA,"""500 MG COMPRESSE RIVESTITE CON FILM"" 30 COMPRESSE IN BLISTER PVC/AL",,39846023,A10BA02,2026-02-09,,shortage - end date unknown,Problemi produttivi,Per trattamento alternativo si consiglia di rivolgersi allo specialista o al M.M.G,2026-10-01T10:44:52.192714,1090
IT,Italy,AIFA,METFORMINA MYLAN GENERICS,METFORMINA,"""850 MG COMPRESSE RIVESTITE CON FILM"" 40 COMPRESSE IN BLISTER PVC/AL",,39846098,A10BA02,2026-02-26,,shortage - end date unknown,Problemi produttivi,Per trattamento alternativo si consiglia di rivolgersi allo specialista o al M.M.G,2026-10-01T10:44:52.192734,5509
IT,Italy,AIFA,METFORMINA MYLAN GENERICS,METFORMINA,"""500 MG COMPRESSE RIVESTITE CON FILM"" 50 COMPRESSE IN BLISTER PVC/AL",,39846047,A10BA02,2026-10-25,,shortage - end date unknown,Problemi produttivi,Per trattamento alternativo si consiglia di rivolgersi allo specialista o al M.M.G,2026-10-01T10:44:52.192754,1090
IT,Italy,AIFA,METFORMINA PENSA,METFORMINA CLORIDRATO,"""500 MG COMPRESSE RIVESTITE CON FILM"" 30 COMPRESSE IN BLISTER PVC/PVDC/AL",,40975029,A10BA02,2026-05-15,,shortage - end date unknown,Cessata commercializzazione temporanea,Per trattamento alternativo si consiglia di rivolgersi allo specialista o al M.M.G,2026-10-01T10:44:52.192774,1090
IT,Italy,AIFA,METFORMINA PENSA,METFORMINA CLORIDRATO,"""850 MG COMPRESSE RIVESTITE CON FILM"" 40 COMPRESSE IN BLISTER PVC/PVDC/AL",,40975068,A10BA02,2026-07-01,,shortage - end date unknown,Cessata commercializzazione definitiva,Per trattamento alternativo si consiglia di rivolgersi allo specialista o al M.M.G,2026-10-01T10:44:52.192796,5509
IT,Italy,AIFA,METFORMINA SANDOZ,METFORMINA,"""500 MG COMPRESSE A RILASCIO PROLUNGATO"" 60 COMPRESSE IN BLISTER PVC/PVDC/AL",,50624028,A10BA02,2025-09-05,,shortage - end date unknown,Elevata richiesta,Per trattamento alternativo si consiglia di rivolgersi allo specialista o al M.M.G,2026-10-01T10:44:52.192817,
IT,Italy,AIFA,METFORMINA SANDOZ,METFORMINA,"""750 MG COMPRESSE A RILASCIO PROLUNGATO"" 60 COMPRESSE IN BLISTER PVC/PVDC/AL",,50624093,A10BA02,2025-09-05,,shortage - end date unknown,Elevata richiesta,Per trattamento alternativo si consiglia di rivolgersi allo specialista o al M.M.G,2026-10-01T10:44:52.192837,150673
IT,Italy,AIFA,METFORMINA SANDOZ,METFORMINA,"""1000 MG COMPRESSE A RILASCIO PROLUNGATO"" 60 COMPRESSE IN BLISTER PVC/PVDC/AL",,50624143,A10BA02,2025-09-05,,shortage - end date unknown,Elevata richiesta/problemi produttivi,Per trattamento alternativo si consiglia di rivolgersi allo specialista o al M.M.G,2026-10-01T10:44:52.192857,60674
IT,Italy,AIFA,METHERGIN,METILERGOMETRINA MALEATO,"""0,2 MG/ML SOLUZIONE INIETTABILE"" 6 FIALE DA 1 ML",,4225025,G02AB01,2026-10-01,,shortage - end date unknown,Problemi produttivi: distribuzione contingentata,Si rilascia autorizzazione allimportazione alle strutture sanitarie per analogo autorizzato allestero,2026-10-01T10:44:52.192877,
IT,Italy,AIFA,METHERGIN,METILERGOMETRINA MALEATO,"""0,125 MG COMPRESSE RIVESTITE"" 15 COMPRESSE",,4225037,G02AB01,2026-10-01,,shortage - end date unknown,Cessata commercializzazione definitiva,Si rilascia autorizzazione allimportazione alle strutture sanitarie per analogo autorizzato allestero,2026-10-01T10:44:52.192896,
IT,Italy,AIFA,METILE SALICILATO NOVA ARGENTIA,METILE SALICILATO,"""100 MG/G UNGUENTO"" TUBO DA 30 G",,30546016,M02AA03,2026-03-31,,shortage - end date unknown,Elevata richiesta,Per trattamento alternativo si consiglia di rivolgersi allo specialista o al M.M.G,2026-10-01T10:44:52.192914,
IT,Italy,AIFA,METILTIONINIO CLORURO PROVEBLUE,METILTIONINIO CLORURO,5 MG/ML SOLUZIONE INIETTABILE - USO ENDOVENOSO - FIALA (VETRO) - 10 ML - 5 FIALE,,42761015,V03AB17,2025-08-01,2027-05-01,shortage,Motivi commerciali,"Si rilascia autorizzazione allimportazione alle strutture sanitarie per analogo autorizzato allestero, nel caso in cui le strutture interessate riscontrino discontinuità nella fornitura, a livello delle reti distributive cui hanno accesso",2026-10-01T10:44:52.192938,
IT,Italy,AIFA,METOCLOPRAMIDE ACCORD,METOCLOPRAMIDE,"""10 MG COMPRESSE"" 30 COMPRESSE IN BLISTER PVC/PVDC/AL",,42443010,A03FA01,2026-06-01,,shortage - end date unknown,Cessata commercializzazione temporanea,Per trattamento alternativo si consiglia di rivolgersi allo specialista o al M.M.G,2026-10-01T10:44:52.192957,6947
IT,Italy,AIFA,METOPROLOLO AUROBINDO,METOPROLOLO,"""100 MG COMPRESSE RIVESTITE CON FILM"" 30 COMPRESSE IN BLISTER PVC/PVDC/AL",,41704038,C07AB02,2023-06-30,,shortage - end date unknown,Problemi produttivi,Per trattamento alternativo si consiglia di rivolgersi allo specialista o al M.M.G,2026-10-01T10:44:52.192976,7226
IT,Italy,AIFA,METOPROLOLO AUROBINDO,METOPROLOLO,"""100 MG COMPRESSE RIVESTITE CON FILM"" 50 COMPRESSE IN BLISTER PVC/PVDC/AL",,41704040,C07AB02,2023-07-31,,shortage - end date unknown,Problemi produttivi,Per trattamento alternativo si consiglia di rivolgersi allo specialista o al M.M.G,2026-10-01T10:44:52.192994,7226
IT,Italy,AIFA,METOPROLOLO DOC GENERICI,METOPROLOLO TARTRATO,"«100  mg  compresse»,  100  compresse  in blister PVC/Al",,35054028,C07AB02,2026-08-31,,shortage - end date unknown,Elevata richiesta,Per trattamento alternativo si consiglia di rivolgersi allo specialista o al M.M.G,2026-10-01T10:44:52.193013,7226
IT,Italy,AIFA,METOTREXATO DOC GENERICI,METOTREXATO,"""15MG SOLUZIONE INIETTABILE IN SIRINGA PRERIEMPITA"" 4SIRINGHE PRERIEMPITE  DA 15MG/0,38ML CON TAMPONE IMBEVUTO CON ALCOL",,44257107,L04AX03,2026-08-31,,shortage - end date unknown,Problemi produttivi,Per trattamento alternativo si consiglia di rivolgersi allo specialista o al M.M.G,2026-10-01T10:44:52.193032,
IT,Italy,AIFA,METRONIDAZOLO KABI,METRONIDAZOLO,""" 500 MG/100 ML SOLUZIONE PER INFUSIONE "" 20 FLACONI DA 100 ML",,38669026,J01XD01,2026-03-19,,shortage - end date unknown,Problemi produttivi,Per trattamento alternativo si consiglia di rivolgersi allo specialista o al M.M.G,2026-10-01T10:44:52.193050,
IT,Italy,AIFA,MIASTINA,ROSUVASTATINA SALE DI CALCIO,"""5MG COMPRESSE RIVESTITE CON FILM"" 28 COMPRESSE IN BLISTER PVC/PVDC/AL",,43267222,C10AA07,2026-05-31,,shortage - end date unknown,Cessata commercializzazione definitiva,Per trattamento alternativo si consiglia di rivolgersi allo specialista o al M.M.G,2026-10-01T10:44:52.193071,
IT,Italy,AIFA,MIASTINA,ROSUVASTATINA SALE DI CALCIO,"""10MG COMPRESSE RIVESTITE CON FILM"" 28 COMPRESSE IN BLISTER PVC/PVDC/AL",,43267590,C10AA07,2026-05-15,,shortage - end date unknown,Cessata commercializzazione definitiva,Per trattamento alternativo si consiglia di rivolgersi allo specialista o al M.M.G,2026-10-01T10:44:52.193090,
IT,Italy,AIFA,MICOFENOLATO MOFETILE AHCL,MICOFENOLATO MOFETILE,"""500 MG COMPRESSE RIVESTITE CON FILM"" 50 COMPRESSE IN BLISTER PVC/PVDC/AL",,38774016,L04AA06,2026-08-31,,shortage - end date unknown,Problemi produttivi,Per trattamento alternativo si consiglia di rivolgersi allo specialista o al M.M.G,2026-10-01T10:44:52.193109,
IT,Italy,AIFA,MICROPAM,DIAZEPAM,"""5 MG/2,5 ML SOLUZIONE RETTALE"" 4 CONTENITORI MONODOSE",,29417019,N05BA01,2026-06-25,,shortage - end date unknown,"Elevata richiesta/problemi produttivi (carenza
 relativa solo al canale ospedaliero)",Rilasciata determinazione per limportazione al titolare A.I.C.,2026-10-01T10:44:52.193127,7390
IT,Italy,AIFA,MICROPAM,DIAZEPAM,"""10  MG/2,5  ML  SOLUZIONE  RETTALE""  4  CONTENITORI      MONODOSE",,29417021,N05BA01,2026-06-25,,shortage - end date unknown,"Elevata richiesta/problemi produttivi (carenza
 relativa solo al canale ospedaliero)",Rilasciata determinazione per limportazione al titolare A.I.C.,2026-10-01T10:44:52.193146,7404
IT,Italy,AIFA,MIDAZOLAM ACCORD HEALTHCARE,MIDAZOLAM CLORIDRATO,"""1 MG/ML SOLUZIONE INIETTABILE O PER INFUSIONE"" 10 FIALE DA 5 ML",,39235015,N05CD08,2017-12-01,,shortage - end date unknown,Cessata commercializzazione definitiva,Si rilascia autorizzazione allimportazione alle strutture sanitarie per analogo autorizzato allestero-Ministero della Salute  Ufficio Centrale Stupefacenti  Fax 06 5994 3226,2026-10-01T10:44:52.193165,93629
IT,Italy,AIFA,MIDAZOLAM BIOINDUSTRIA LIM,MIDAZOLAM,""" 5 MG/ ML SOLUZIONE INIETTABILE "" 10 FIALE DA 1 ML",,39120011,N05CD08,2026-02-04,2026-12-31,shortage,Elevata richiesta: distribuzione contingentata,"Si rilascia autorizzazione allimportazione alle strutture sanitarie per analogo autorizzato allestero, nel caso in cui le strutture interessate riscontrino discontinuità nella fornitura, a livello delle reti distributive cui hanno accesso",2026-10-01T10:44:52.193189,93637
IT,Italy,AIFA,MIDAZOLAM IBI,MIDAZOLAM,"""5 MG/ML SOLUZIONE INIETTABILE"" 5 FIALE DA 1 ML",,35569058,N05CD08,2024-06-30,,shortage - end date unknown,Problemi produttivi,Si rilascia autorizzazione allimportazione alle strutture sanitarie per analogo autorizzato allestero,2026-10-01T10:44:52.193208,93637
IT,Italy,AIFA,MIDIANA,DROSPIRENONE + ETINILESTRADIOLO,""" 3 MG/0,03 MG COMPRESSE RIVESTITE CON FILM "" 21 COMPRESSE IN BLISTER PVC/PVDC/AL",,41758018,G03AA12,2027-01-01,,shortage - end date unknown,Cessata commercializzazione definitiva,Per trattamento alternativo si consiglia di rivolgersi allo specialista o al M.M.G,2026-10-01T10:44:52.193226,56774
IT,Italy,AIFA,MIFEGYNE,MIFEPRISTONE,"""200 MG COMPRESSE"" 1 COMPRESSA IN BLISTER PVC/AL",,38704019,G03XB01,2017-07-03,,shortage - end date unknown,Cessata commercializzazione definitiva,Si rilascia autorizzazione allimportazione alle strutture sanitarie per analogo autorizzato allestero,2026-10-01T10:44:52.193247,59293
IT,Italy,AIFA,MIGLUSTAT ACCORD,MIGLUSTAT,"""100 MG CAPSULE RIGIDE"" 84X1 CAPSULE IN BLISTER PVC/PE/PCTFE-AL",,45685029,A16AX06,2022-02-28,,shortage - end date unknown,Problemi produttivi: forniture discontinue,Per trattamento alternativo si consiglia di rivolgersi allo specialista o al M.M.G,2026-10-01T10:44:52.193266,69620
IT,Italy,AIFA,MINITRAN,NITROGLICERINA,"""10 MG/24 ORE CEROTTI TRANSDERMICI"" 15 CEROTTI",,27028024,C01DA02,2026-07-01,,shortage - end date unknown,Elevata richiesta/problemi produttivi,Per trattamento alternativo si consiglia di rivolgersi allo specialista o al M.M.G,2026-10-01T10:44:52.193285,
IT,Italy,AIFA,MIOREXIL,TIOCOLCHICOSIDE,""" 4 MG SOLUZIONE INIETTABILE PER USO INTRAMUSCOLARE "" 6 FIALE 2 ML",,36320012,M03BX05,2026-06-01,,shortage - end date unknown,Cessata commercializzazione definitiva,Per trattamento alternativo si consiglia di rivolgersi allo specialista o al M.M.G,2026-10-01T10:44:52.193303,
IT,Italy,AIFA,MIOZAC,DOBUTAMINA CLORIDRATO,"""250 MG/20 ML SOLUZIONE PER INFUSIONE"" 1 FLACONCINO IN VETRO DA 20 ML",,33609013,C01CA07,2024-11-30,,shortage - end date unknown,Ridotta disponibilità: distribuzione contingentata,"Si rilascia autorizzazione allimportazione alle strutture sanitarie per analogo autorizzato allestero, nel caso in cui le strutture interessate riscontrino discontinuità nella fornitura, a livello delle reti distributive cui hanno accesso",2026-10-01T10:44:52.193322,45241
IT,Italy,AIFA,MIRTAZAPINA AUROBINDO,MIRTAZAPINA,"""30 MG COMPRESSE ORODISPERSIBILI"" 30 COMPRESSE IN BLISTER PA/AL/PVC/CARTA/POLIESTERE/AL",,39836010,N06AX11,2026-09-11,,shortage - end date unknown,Problemi produttivi,Per trattamento alternativo si consiglia di rivolgersi allo specialista o al M.M.G,2026-10-01T10:44:52.193341,61484
IT,Italy,AIFA,MIRTAZAPINA EG STADA,MIRTAZAPINA,"""30 MG COMPRESSE ORODISPERSIBILI"" 30 COMPRESSE IN BLISTER PERFORATO AL/AL",,38103141,N06AX11,2026-04-30,,shortage - end date unknown,Problemi produttivi,Per trattamento alternativo si consiglia di rivolgersi allo specialista o al M.M.G,2026-10-01T10:44:52.193359,61484
IT,Italy,AIFA,MIRTAZAPINA ZENTIVA,MIRTAZAPINA,"""30 MG COMPRESSE RIVESTITE CON FILM"" 30 COMPRESSE IN BLISTER PVC/PVDC/AL",,37094125,N06AX11,2022-11-30,,shortage - end date unknown,Problemi produttivi,Per trattamento alternativo si consiglia di rivolgersi allo specialista o al M.M.G,2026-10-01T10:44:52.193378,39721
IT,Italy,AIFA,MISOONE,MISOPROSTOLO,"""400 MICROGRAMMI COMPRESSE"" 16 COMPRESSE IN BLISTER PVC/PCTFE/AL MONODOSE",,41926027,G02AD06,2017-11-30,,shortage - end date unknown,Cessata commercializzazione definitiva,Si rilascia autorizzazione allimportazione alle strutture sanitarie per analogo autorizzato allestero,2026-10-01T10:44:52.193398,30732
IT,Italy,AIFA,MITOMICINA MEDAC,MITOMICINA,"""1 MG/ML, POLVERE PER SOLUZIONE INIETTABILE/PER INFUSIONE O SOLUZIONE ENDOVESCICALE"" 1 FLACONCINO IN VETRO DA 40 MG",,44530107,L01DC03,2019-11-15,,shortage - end date unknown,Cessata commercializzazione definitiva,"Si rilascia autorizzazione allimportazione alle strutture sanitarie per analogo autorizzato allestero in caso di necessità a procedere a somministrazioni per via endovenosa solo se la richiesta sarà adeguatamente giustificata dal clinico considerato che, alla luce delle limitazioni nella posologia previste per la somministrazione endovenosa, può considerarsi in generale un'alternativa terapeutica  il medicinale MITOMICINA MEDAC AIC 044530044, disponibile in commercio",2026-10-01T10:44:52.193418,
IT,Italy,AIFA,MIVACRON,MIVACURIO CLORURO,"""2 MG/ML SOLUZIONE INIETTABILE PER USO ENDOVENOSO"" 5 FIALE DA 10 ML",,28845028,M03AC10,2025-11-01,2027-01-01,shortage,Problemi produttivi,Per trattamento alternativo si consiglia di rivolgersi allo specialista o al M.M.G,2026-10-01T10:44:52.193441,
IT,Italy,AIFA,MIVACRON,MIVACURIO CLORURO,"""2 MG/ML SOLUZIONE INIETTABILE PER USO ENDOVENOSO"" 5 FIALE DA 5 ML",,28845016,M03AC10,2026-11-20,2027-05-31,shortage,Problemi produttivi,Per trattamento alternativo si consiglia di rivolgersi allo specialista o al M.M.G,2026-10-01T10:44:52.193470,
IT,Italy,AIFA,MOLAXOLE,MACROGOL 3350 + POTASSIO CLORURO + SODIO BICARBONATO + SODIO CLORURO,"""POLVERE PER SOLUZIONE ORALE"" 20 BUSTINE IN PAP/PE/AL/COPOLIMERO",,38643197,A06AD65,2025-11-17,,shortage - end date unknown,Problemi produttivi,Per trattamento alternativo si consiglia di rivolgersi allo specialista o al M.M.G,2026-10-01T10:44:52.193491,46949
IT,Italy,AIFA,MOMETASONE EG,MOMETASONE FUROATO,"""50 MICROGRAMMI/EROGAZIONE SPRAY NASALE, SOSPENSIONE"" 1 FLACONE HDPE DA 18 G (140 EROGAZIONI) CON POMPA DOSATRICE E APPLICATORE NASALE",,42006039,R01AD09,2026-10-31,,shortage - end date unknown,Problemi produttivi,Per trattamento alternativo si consiglia di rivolgersi allo specialista o al M.M.G,2026-10-01T10:44:52.193512,
IT,Italy,AIFA,MOMETASONE ZENTIVA,MOMETASONE FUROATO,"""50 MICROGRAMMI/EROGAZIONE SPRAY NASALE, SOSPENSIONE"" 1 FLACONE IN HDPE DA 18 G (140 EROGAZIONI)",,42086037,R01AD09,2024-08-15,,shortage - end date unknown,Problemi produttivi,Per trattamento alternativo si consiglia di rivolgersi allo specialista o al M.M.G,2026-10-01T10:44:52.193532,
IT,Italy,AIFA,MOMETASONE ZENTIVA,MOMETASONE FUROATO,"""50 MICROGRAMMI/EROGAZIONE SPRAY NASALE, SOSPENSIONE"" 1 FLACONE IN HDPE DA 10 G (60 EROGAZIONI)",,42086013,R01AD09,2024-10-31,,shortage - end date unknown,Problemi produttivi,Per trattamento alternativo si consiglia di rivolgersi allo specialista o al M.M.G,2026-10-01T10:44:52.193552,
IT,Italy,AIFA,MONOCINQUE,ISOSORBIDE MONONITRATO,"""40 MG COMPRESSE"" 30 COMPRESSE",,25623012,C01DA14,2026-09-25,2026-10-31,shortage,Problemi produttivi,Per trattamento alternativo si consiglia di rivolgersi allo specialista o al M.M.G,2026-10-01T10:44:52.193578,
IT,Italy,AIFA,MONOCINQUE,ISOSORBIDE MONONITRATO,""" 50 MG CAPSULE RIGIDE A RILASCIO PROLUNGATO "" 30 CAPSULE",,25623024,C01DA14,2026-09-01,,shortage - end date unknown,Cessata commercializzazione definitiva,Per trattamento alternativo si consiglia di rivolgersi allo specialista o al M.M.G,2026-10-01T10:44:52.193598,
IT,Italy,AIFA,MONOCINQUE,ISOSORBIDE MONONITRATO,"""80 MG CAPSULE RIGIDE A RILASCIO PROLUNGATO"" 30 CAPSULE",,25623048,C01DA14,2026-06-01,,shortage - end date unknown,Cessata commercializzazione definitiva,Per trattamento alternativo si consiglia di rivolgersi allo specialista o al M.M.G,2026-10-01T10:44:52.193618,
IT,Italy,AIFA,MONTELUKAST ACCORD,MONTELUKAST,"""10 MG COMPRESSE RIVESTITE CON FILM"" 28 COMPRESSE IN BLISTER OPA/AL/PVC-AL",,40550055,R03DC03,2026-02-27,,shortage - end date unknown,Elevata richiesta,Per trattamento alternativo si consiglia di rivolgersi allo specialista o al M.M.G,2026-10-01T10:44:52.193638,52051
IT,Italy,AIFA,MONTELUKAST MYLAN GENERICS,MONTELUKAST,""" 10 MG COMPRESSE RIVESTITE CON FILM "" 28 COMPRESSE IN BLISTER AL/AL",,40242048,R03DC03,2026-11-07,,shortage - end date unknown,Problemi produttivi,Per trattamento alternativo si consiglia di rivolgersi allo specialista o al M.M.G,2026-10-01T10:44:52.193658,52051
IT,Italy,AIFA,MOVICOL,MACROGOL 3350 + POTASSIO CLORURO + SODIO CLORURO + SODIO IDROGENO CARBONATO,"""BAMBINI 6,9 G POLVERE PER SOLUZIONE ORALE GUSTO CIOCCOLATO"" 20 BUSTINE",,29851084,A06AD65,2026-11-09,2027-02-28,shortage,Problemi regolatori,Per trattamento alternativo si consiglia di rivolgersi allo specialista o al M.M.G,2026-10-01T10:44:52.193683,100773
IT,Italy,AIFA,MOVICOL,MACROGOL 3350 + POTASSIO CLORURO + SODIO CLORURO + SODIO IDROGENO CARBONATO,"""13.8 G POLVERE PER SOLUZIONE ORALE"" 20 BUSTINE",,29851021,A06AD65,2026-09-01,2026-12-21,shortage,Problemi regolatori,Per trattamento alternativo si consiglia di rivolgersi allo specialista o al M.M.G,2026-10-01T10:44:52.193708,46949
IT,Italy,AIFA,MOVICOL,MACROGOL 3350 + POTASSIO CLORURO + SODIO CLORURO + SODIO IDROGENO CARBONATO,"""BAMBINI 6,9 G POLVERE PER SOLUZIONE ORALE SENZA AROMA"" 20 BUSTINE LDPE/AL/LDPE/CARTA",,29851173,A06AD65,2026-11-03,2027-02-28,shortage,Problemi regolatori,Per trattamento alternativo si consiglia di rivolgersi allo specialista o al M.M.G,2026-10-01T10:44:52.193733,80950
IT,Italy,AIFA,MOVICOL,MACROGOL 3350 + POTASSIO CLORURO + SODIO CLORURO + SODIO IDROGENO CARBONATO,"""13,7 G POLVERE PER SOLUZIONE ORALE SENZA AROMA"" 20 BUSTINE LDPE/AL/LDPE/CARTA",,29851262,A06AD65,2026-10-31,2027-02-28,shortage,Problemi regolatori,Per trattamento alternativo si consiglia di rivolgersi allo specialista o al M.M.G,2026-10-01T10:44:52.193759,46949
IT,Italy,AIFA,MOVIPREP,ACIDO ASCORBICO + MACROGOL 3350 + POTASSIO CLORURO + SODIO ASCORBATO + SODIO CLORURO + SODIO SOLFATO ANIDRO,"""POLVERE PER SOLUZIONE ORALE"" 2 SACCHE CONTENENTI 1 BUSTINA A CARTA/LDPE/AL/LDPE DA 112 G + 1 BUSTINA B CARTA/LDPE/AL/LDPE DA 11 G (1 TRATTAMENTO)",,37711013,A06AD65,2026-10-26,2027-03-30,shortage,Problemi regolatori,Per trattamento alternativo si consiglia di rivolgersi allo specialista o al M.M.G,2026-10-01T10:44:52.193784,83291
IT,Italy,AIFA,MOXIFLOXACINA AUROBINDO,MOXIFLOXACINA CLORIDRATO,""" 400 MG COMPRESSE RIVESTITE CON FILM "" 5 COMPRESSE IN BLISTER PVC/PVDC/AL",,42077026,J01MA14,2026-09-10,,shortage - end date unknown,Problemi produttivi,Per trattamento alternativo si consiglia di rivolgersi allo specialista o al M.M.G,2026-10-01T10:44:52.193804,67628
IT,Italy,AIFA,MOXIFLOXACINA KRKA,MOXIFLOXACINA CLORIDRATO,"""400 MG COMPRESSE RIVESTITE CON FILM"" 5 COMPRESSE IN BLISTER OPA/AL/PVC/AL",,43000013,J01MA14,2026-03-01,,shortage - end date unknown,Problemi produttivi,Per trattamento alternativo si consiglia di rivolgersi allo specialista o al M.M.G,2026-10-01T10:44:52.193824,67628
IT,Italy,AIFA,MOXIFLOXACINA TEVA,MOXIFLOXACINA CLORIDRATO,"""400 MG COMPRESSE RIVESTITE CON FILM"" 5 COMPRESSE IN BLISTER PVC/PVDC/AL",,40580019,J01MA14,2026-01-15,2027-04-30,shortage,Problemi produttivi,Per trattamento alternativo si consiglia di rivolgersi allo specialista o al M.M.G,2026-10-01T10:44:52.193850,67628
IT,Italy,AIFA,MUCOMUCIL,ACETILCISTEINA,"""300 MG/3 ML SOLUZIONE INIETTABILE E PER NEBULIZZAZIONE"" 10 FIALE",,35404021,R05CB01,2026-09-01,,shortage - end date unknown,Ridotta disponibilità: distribuzione contingentata (carenza relativa solo al canale ospedaliero),Per trattamento alternativo si consiglia di rivolgersi allo specialista o al M.M.G,2026-10-01T10:44:52.193870,
IT,Italy,AIFA,MUCOSOLVAN,AMBROXOLO CLORIDRATO,"""15 MG/5 ML SCIROPPO GUSTO FRUTTI DI BOSCO"" FLACONE 200 ML",,24428272,R05CB06,2023-11-09,,shortage - end date unknown,Motivi commerciali: cessata commercializzazione definitiva sul canale ospedaliero,Per trattamento alternativo si consiglia di rivolgersi allo specialista o al M.M.G,2026-10-01T10:44:52.193891,
IT,Italy,AIFA,MUCOSOLVAN,AMBROXOLO CLORIDRATO,"""75 MG CAPSULE RIGIDE A RILASCIO PROLUNGATO"" 20 CAPSULE",,24428068,R05CB06,2026-07-30,,shortage - end date unknown,Motivi commerciali: cessata commercializzazione definitiva sul canale ospedaliero,Per trattamento alternativo si consiglia di rivolgersi allo specialista o al M.M.G,2026-10-01T10:44:52.193917,
IT,Italy,AIFA,MUKES,FLUCONAZOLO,""" 200 MG CAPSULE RIGIDE "" 7 CAPSULE",,37673047,J02AC01,2026-01-31,,shortage - end date unknown,Motivi commerciali,Per trattamento alternativo si consiglia di rivolgersi allo specialista o al M.M.G,2026-10-01T10:44:52.193939,33510
IT,Italy,AIFA,MYCOBUTIN,RIFABUTINA,"""150 MG CAPSULE RIGIDE"" 30 CAPSULE",,28426017,J04AB04,2025-10-30,,shortage - end date unknown,Problemi produttivi,Si rilascia autorizzazione allimportazione alle strutture sanitarie per analogo autorizzato allestero,2026-10-01T10:44:52.193960,43060
IT,Italy,AIFA,MYFENAX,MICOFENOLATO MOFETILE,"""500 MG COMPRESSE RIVESTITE CON FILM - USO ORALE - BLISTER(PVC/PVDC/ALU)"" 50 COMPRESSE",,39696036,L04AA06,2026-05-12,2026-11-30,shortage,Elevata richiesta (carenza relativa solo al canale retail),Per trattamento alternativo si consiglia di rivolgersi allo specialista o al M.M.G,2026-10-01T10:44:52.193987,
IT,Italy,AIFA,MYOZYME,ALGLUCOSIDASI ACIDA UMANA RICOMBINANTE,50 MG FIALA (VETRO) 20 ML 1 FIALA,,37174012,A16AB07,2026-07-30,,shortage - end date unknown,Problemi produttivi: distribuzione contingentata,"Si rilascia autorizzazione allimportazione alle strutture sanitarie per analogo autorizzato allestero, nel caso in cui le strutture interessate riscontrino discontinuità nella fornitura, a livello delle reti distributive cui hanno accesso",2026-10-01T10:44:52.194007,80462
IT,Italy,AIFA,MYRELEZ®,LANREOTIDE,"""120 MG SOLUZIONE INIETTABILE IN SIRINGA PRERIEMPITA"" 1 SIRINGA PRERIEMPITA + AGO CON DISPOSITIVO DI SICUREZZA",,48001034,H01CB03,2023-09-28,2027-03-31,shortage,Problemi produttivi,Si rilascia autorizzazione allimportazione alle strutture sanitarie per analogo autorizzato allestero,2026-10-01T10:44:52.194031,68942
IT,Italy,AIFA,MYRELEZ®,LANREOTIDE,"""90 MG SOLUZIONE INIETTABILE IN SIRINGA PRERIEMPITA"" 1 SIRINGA PRERIEMPITA + AGO CON DISPOSITIVO DI SICUREZZA",,48001022,H01CB03,2023-11-29,2026-12-31,shortage,Problemi produttivi,Si rilascia autorizzazione allimportazione alle strutture sanitarie per analogo autorizzato allestero,2026-10-01T10:44:52.194058,214159
IT,Italy,AIFA,MYRELEZ®,LANREOTIDE,"""60 MG SOLUZIONE INIETTABILE IN SIRINGA PRERIEMPITA"" 1 SIRINGA PRERIEMPITA + AGO CON DISPOSITIVO DI SICUREZZA",,48001010,H01CB03,2023-11-29,2026-12-31,shortage,Problemi produttivi,Si rilascia autorizzazione allimportazione alle strutture sanitarie per analogo autorizzato allestero,2026-10-01T10:44:52.194081,214167
IT,Italy,AIFA,MYWY,DROSPIRENONE + ETINILESTRADIOLO,"""0,02 MG/3 MG COMPRESSE RIVESTITE CON FILM"" 28 COMPRESSE IN BLISTER PVC/PVDC/AL",,41346014,G03AA12,2023-08-21,,shortage - end date unknown,Problemi produttivi,Per trattamento alternativo si consiglia di rivolgersi allo specialista o al M.M.G,2026-10-01T10:44:52.194101,105694
IT,Italy,AIFA,NAAXIA,ACIDO SPAGLUMICO SALE SODICO,"49  MG/ML  COLLIRIO,  SOLUZIONE»  30      CONTENITORI MONODOSE",,27032022,S01GX03,2026-07-13,,shortage - end date unknown,Cessata commercializzazione temporanea,"Per trattamento alternativo si consiglia di rivolgersi allo specialista o al MMG. Sono autorizzati e commercializzati in Italia medicinali con medesimo principio attivo, forma farmaceutica, via di somministrazione, modalità di rilascio, dosaggio, e indicazioni terapeutiche ma in contenitori monodose",2026-10-01T10:44:52.194120,
IT,Italy,AIFA,NABUSER,NABUMETONE,"""1 G COMPRESSE RIVESTITE"" 30 COMPRESSE IN BLISTER",,26673057,M01AX01,2025-12-01,2026-06-30,resolved,Motivi commerciali,Per trattamento alternativo si consiglia di rivolgersi allo specialista o al M.M.G,2026-10-01T10:44:52.194144,42838
IT,Italy,AIFA,NABUSER,NABUMETONE,"""1 G GRANULATO PER SOSPENSIONE ORALE"" 30 BUSTINE",,26673069,M01AX01,2025-12-01,2026-06-30,resolved,Problemi produttivi,Per trattamento alternativo si consiglia di rivolgersi allo specialista o al M.M.G,2026-10-01T10:44:52.194167,
IT,Italy,AIFA,NADOLOLO CHEPLAPHARM,NADOLOLO,"""80 MG COMPRESSE"" 30 COMPRESSE",,41029012,C07AA12,2026-06-23,2027-04-30,shortage,Problemi produttivi: distribuzione contingentata (carenza relativa solo al canale retail),"Si rilascia autorizzazione allimportazione alle strutture sanitarie per analogo autorizzato allestero, nel caso in cui le strutture interessate riscontrino discontinuità nella fornitura, a livello delle reti distributive cui hanno accesso",2026-10-01T10:44:52.194190,
IT,Italy,AIFA,NALADOR,SULPROSTONE,"0,5 MG POLVERE PER SOLUZIONE PER INFUSIONE - 1 FIALA",,25998030,G02AD05,2021-10-15,,shortage - end date unknown,Cessata commercializzazione definitiva,Si rilascia autorizzazione allimportazione alle strutture sanitarie per analogo autorizzato allestero,2026-10-01T10:44:52.194209,193011
IT,Italy,AIFA,NALCROM,ACIDO CROMOGLICICO SALE DISODICO,""" 500 MG GRANULATO PER SOLUZIONE ORALE "" 24 BUSTINE",,24861078,A07EB01,2026-04-23,,shortage - end date unknown,Cessata commercializzazione definitiva,Per trattamento alternativo si consiglia di rivolgersi allo specialista o al M.M.G,2026-10-01T10:44:52.194229,
IT,Italy,AIFA,NALOXONE CLORIDRATO GALENICA SENESE,NALOXONE CLORIDRATO,"""0,4 MG/ML SOLUZIONE INIETTABILE"" 10 FIALE DA 1 ML",,29858053,V03AB15,2024-04-17,2026-06-30,resolved,Problemi produttivi,"Si rilascia autorizzazione allimportazione alle strutture sanitarie per analogo autorizzato allestero, nel caso in cui le strutture interessate riscontrino discontinuità nella fornitura, a livello delle reti distributive cui hanno accesso",2026-10-01T10:44:52.194254,
IT,Italy,AIFA,NALTREXONE ACCORD HEALTHCARE,NALTREXONE CLORIDRATO,"""50 MG COMPRESSE RIVESTITE CON FILM"" 14 COMPRESSE IN BLISTER PVC/PE/PCTFE/AL",,40955027,N07BB04,2026-05-18,,shortage - end date unknown,Elevata richiesta,Per trattamento alternativo si consiglia di rivolgersi allo specialista o al M.M.G,2026-10-01T10:44:52.194273,27863
IT,Italy,AIFA,NAOMI,ETINILESTRADIOLO + LEVONORGESTREL,"""0.1 MG/0.02 MG COMPRESSE RIVESTITE"" 3X21 COMPRESSE IN BLISTER PVC/PVDC/AL",,38308021,G03AA07,2025-11-30,,shortage - end date unknown,Problemi produttivi,Per trattamento alternativo si consiglia di rivolgersi allo specialista o al M.M.G,2026-10-01T10:44:52.194292,
IT,Italy,AIFA,NAPROSSENE AUROBINDO,NAPROXENE,"""550 mg COMPRESSE RIVESTITE CON FILM"" 30 COMPRESSE IN BLISTER PVC/ACLAR-AL",,50505027,M01AE02,2026-03-19,,shortage - end date unknown,Problemi produttivi,Per trattamento alternativo si consiglia di rivolgersi allo specialista o al M.M.G,2026-10-01T10:44:52.194311,33820
IT,Italy,AIFA,NAVERUCLIF,PACLITAXEL,5 mg/ml - Polvere per dispersione per infusione - Uso endovenoso - flaconcino (vetro) 100 mg - 1 flaconcino,,51048015,L01CD01,2026-07-01,,shortage - end date unknown,Elevata richiesta,"Si rilascia autorizzazione allimportazione alle strutture sanitarie per analogo autorizzato allestero, nel caso in cui le strutture interessate riscontrino discontinuità nella fornitura, a livello delle reti distributive cui hanno accesso",2026-10-01T10:44:52.194330,98957
IT,Italy,AIFA,NEBICINA,TOBRAMICINA SOLFATO,"""20 MG/2 ML SOLUZIONE INIETTABILE"" FLACONE DA 2 ML",,23189044,J01GB01,2024-02-12,,shortage - end date unknown,Cessata commercializzazione definitiva,Si rilascia autorizzazione allimportazione alle strutture sanitarie per analogo autorizzato allestero,2026-10-01T10:44:52.194349,
IT,Italy,AIFA,NEBICINA,TOBRAMICINA SOLFATO,"""100 MG/2 ML SOLUZIONE INIETTABILE"" FLACONE DA 2 ML",,23189018,J01GB01,2025-12-31,,shortage - end date unknown,Problemi produttivi,Si rilascia autorizzazione allimportazione alle strutture sanitarie per analogo autorizzato allestero,2026-10-01T10:44:52.194368,
IT,Italy,AIFA,NEBICINA,TOBRAMICINA SOLFATO,"""150 MG/2 ML SOLUZIONE INIETTABILE"" FLACONE DA 2 ML",,23189057,J01GB01,2025-12-31,,shortage - end date unknown,Problemi produttivi,Si rilascia autorizzazione allimportazione alle strutture sanitarie per analogo autorizzato allestero,2026-10-01T10:44:52.194387,
IT,Italy,AIFA,NEBIVOLOLO ACCORD,NEBIVOLOLO CLORIDRATO,"""5 MG COMPRESSE"" 28 COMPRESSE IN BLISTER PVC/PE/PVDC-AL",,49769021,C07AB12,2026-03-01,,shortage - end date unknown,Motivi commerciali,Per trattamento alternativo si consiglia di rivolgersi allo specialista o al M.M.G,2026-10-01T10:44:52.194406,46353
IT,Italy,AIFA,NEBIVOLOLO E IDROCLOROTIAZIDE TEVA ITALIA,IDROCLOROTIAZIDE + NEBIVOLOLO,"5MG/12,5MG COMPRESSE RIVESTITE CON FILM"" 28 COMPRESSE IN BLISTER PVC/ACLAR/PVC/AL",,46511010,C07BB12,2026-08-03,2026-10-30,shortage,Problemi produttivi,Per trattamento alternativo si consiglia di rivolgersi allo specialista o al M.M.G,2026-10-01T10:44:52.194429,
IT,Italy,AIFA,NEBIVOLOLO PENSA,NEBIVOLOLO,""" 5 MG COMPRESSE "" 28 COMPRESSE IN BLISTER PVC/PE/PVDC//AL",,39418013,C07AB12,2026-09-01,2027-03-31,shortage,Problemi produttivi,Per trattamento alternativo si consiglia di rivolgersi allo specialista o al M.M.G,2026-10-01T10:44:52.194453,46353
IT,Italy,AIFA,NEOHEPATECT,IMMUNOGLOBULINA UMANA ANTIEPATITE B,«SOLUZIONE PER INFUSIONE»  FLACONE  DA  10  ML/500 U.I.,,35561024,J06BB04,2022-12-31,2026-12-31,shortage,Cessata commercializzazione temporanea,Per trattamento alternativo si consiglia di rivolgersi allo specialista o al M.M.G,2026-10-01T10:44:52.194477,167185
IT,Italy,AIFA,NEOHEPATECT,IMMUNOGLOBULINA UMANA ANTIEPATITE B,«SOLUZIONE PER INFUSIONE» FLACONE  DA  40  ML/2000 U.I.,,35561036,J06BB04,2026-06-01,,shortage - end date unknown,Elevata richiesta,Rilasciata determinazione per limportazione al titolare A.I.C.,2026-10-01T10:44:52.194496,167185
IT,Italy,AIFA,NEOHEPATECT,IMMUNOGLOBULINA UMANA ANTIEPATITE B,«SOLUZIONE PER INFUSIONE» FLACONE DA  100  ML/5000 U.I.,,35561048,J06BB04,2026-06-01,,shortage - end date unknown,Elevata richiesta,Per trattamento alternativo si consiglia di rivolgersi allo specialista o al M.M.G,2026-10-01T10:44:52.194515,167185
IT,Italy,AIFA,NEORECORMON,EPOETINA BETA,"5.000 IU SOLUZIONE INIETTABILE- USO SOTTOCUTANEO O ENDOVENOSO-SIRINGA PRERIEMPITA (VETRO) 0,3 ML(16.667 UI/ML)-  6 SIRINGHE PRERIEMPITE",,34430342,B03XA01,2025-08-18,2027-06-30,shortage,Problemi produttivi,Si rilascia autorizzazione allimportazione alle strutture sanitarie per analogo autorizzato allestero,2026-10-01T10:44:52.194540,60356
IT,Italy,AIFA,NEORECORMON,EPOETINA BETA,"4.000 UI  SOLUZIONE INIETTABILE - USO SOTTOCUTANEO O ENDOVENOSO- SIRINGA PRERIEMPITA (VETRO) 0,3ML (13.333 UI/ML) -  6 SIRINGHE PRERIEMPITE",,34430429,B03XA01,2025-09-29,2027-06-30,shortage,Elevata richiesta/problemi produttivi,Si rilascia autorizzazione allimportazione alle strutture sanitarie per analogo autorizzato allestero,2026-10-01T10:44:52.194564,60348
IT,Italy,AIFA,NEORECORMON,EPOETINA BETA,"3.000 IU SOLUZIONE INIETTABILE-USO SOTTOCUTANEO O ENDOVENOSO-SIRINGA PREFIEMPITA (VETRO) 0,3ML (10.000 UI/ML) -  6 SIRINGHE PRERIEMPITE",,34430328,B03XA01,2025-07-21,2027-06-30,shortage,Problemi produttivi,Si rilascia autorizzazione allimportazione alle strutture sanitarie per analogo autorizzato allestero,2026-10-01T10:44:52.194587,60321
IT,Italy,AIFA,NEORECORMON,EPOETINA BETA,"2.000 IU/  SOLUZIONE INIETTABILE-USO SOTTOCUTANEO O ENDOVENOSO-SIRINGA PRERIEMPITA (VETRO) 0,3 ML (6.667 UI/ML) - 6 SIRINGHE PRERIEMPITE",,34430304,B03XA01,2025-07-07,2027-06-30,shortage,Problemi produttivi,Si rilascia autorizzazione allimportazione alle strutture sanitarie per analogo autorizzato allestero,2026-10-01T10:44:52.194611,60313
IT,Italy,AIFA,NEORECORMON,EPOETINA BETA,"6.000 UI  SOLUZIONE INIETTABILE - USO SOTTOCUTANEO O ENDOVENOSO-SIRINGA PRERIEMPITA (VETRO) 0,3ML (20.000 UI/ML - 6 SIRINGHE PRERIEMPITE",,34430443,B03XA01,2025-09-08,2027-06-30,shortage,Problemi produttivi,Si rilascia autorizzazione allimportazione alle strutture sanitarie per analogo autorizzato allestero,2026-10-01T10:44:52.194637,60364
IT,Italy,AIFA,NEOXINAL,CLOREXIDINA GLUCONATO,""" 0,05 % SOLUZIONE CUTANEA "" 400 BUSTINE 25 ML",,32812099,D08AC02,2026-01-15,2026-12-31,shortage,Elevata richiesta: distribuzione contingentata,"Si rilascia autorizzazione allimportazione alle strutture sanitarie per analogo autorizzato allestero, nel caso in cui le strutture interessate riscontrino discontinuità nella fornitura, a livello delle reti distributive cui hanno accesso",2026-10-01T10:44:52.194661,
IT,Italy,AIFA,NETTACIN VISCOSO,NETILMICINA SOLFATO,"""0,3% UNGUENTO OFTALMICO"" 1 TUBO DA 5 G",,35578018,S01AA23,2026-06-26,,shortage - end date unknown,Motivi commerciali,Per trattamento alternativo si consiglia di rivolgersi allo specialista o al M.M.G,2026-10-01T10:44:52.194680,
IT,Italy,AIFA,NEUREX,CITICOLINA SODICA,"""1000 MG/4 ML SOLUZIONE INIETTABILE"" 3 FIALE 4 ML",,27078056,N06BX06,2026-02-01,,shortage - end date unknown,Problemi produttivi: ridotta disponibilità,Per trattamento alternativo si consiglia di rivolgersi allo specialista o al M.M.G,2026-10-01T10:44:52.194699,
IT,Italy,AIFA,NEVANAC,nepafenac,"3 MG/ML - COLLIRIO,SOSPENSIONE - USO OFTALMICO - FLACONE (LDPE) OVALE 3 ML - 1 FLACONE",,38813034,S01BC10,2026-08-15,2026-09-30,resolved,Problemi produttivi,Per trattamento alternativo si consiglia di rivolgersi allo specialista o al M.M.G,2026-10-01T10:44:52.194723,220620
IT,Italy,AIFA,NEXOBRID,BROMELINA,- 2 G - POLVERE E GEL PER GEL - USO CUTANEO. - POLVERE:FLACONCINO (VETRO) GEL: FLACONE (VETRO) - POLVERE: 2 G GEL: 20 G - 1 FLACONCINO  + 1 FLACONE,,42539015,D03BA03,2024-10-01,,shortage - end date unknown,Cessata commercializzazione definitiva,Si rilascia autorizzazione allimportazione alle strutture sanitarie per analogo autorizzato allestero,2026-10-01T10:44:52.194742,218731
IT,Italy,AIFA,NEXOBRID,BROMELINA,5 G-POLVERE E GEL PER GEL -USO CUTANEO-POLVERE:FLACONCINO (VETRO) GEL: FLACONE (VETRO)-POLV: 5 G GEL: 50 G - 1 FLACONCINO+1 FLACONE,,42539027,D03BA03,2026-09-15,2027-01-31,shortage,Problemi produttivi,Si rilascia autorizzazione allimportazione alle strutture sanitarie per analogo autorizzato allestero,2026-10-01T10:44:52.194766,218758
IT,Italy,AIFA,NEXPLANON,ETONOGESTREL,«68  MG  IMPIANTO  PER  USO  SOTTOCUTANEO»  5  IMPIANTI,,34352029,G03AC08,2026-09-15,2028-09-15,shortage,Cessata commercializzazione temporanea,Per trattamento alternativo si consiglia di rivolgersi allo specialista o al M.M.G,2026-10-01T10:44:52.194803,52353
IT,Italy,AIFA,NEXVIADYME,AVALGLUCOSIDASI ALFA,100 mg - polvere per concentrato per soluzione per infusione - uso endovenoso - flaconcino (vetro) - 1 flaconcino,,50184011,A16AB22,2026-06-23,,shortage - end date unknown,Problemi produttivi,Rilasciata determinazione per limportazione al titolare A.I.C.,2026-10-01T10:44:52.194822,
IT,Italy,AIFA,NICETILE,LEVOACETILCARNITINA CLORIDRATO,"""500 MG/4 ML POLVERE  E SOLVENTE PER SOLUZIONE INIETTABILE""  5 FLACONCINI + 5 FIALE SOLVENTE 4 ML",,25369075,N06BX12,2026-09-09,2026-11-09,shortage,Problemi produttivi,Per trattamento alternativo si consiglia di rivolgersi allo specialista o al M.M.G,2026-10-01T10:44:52.194846,
IT,Italy,AIFA,NIFEDIPINA DOC,NIFEDIPINA,"""60 MG COMPRESSE RIVESTITE A RILASCIO PROLUNGATO"" 28 COMPRESSE IN BLISTER PVC/PVDC-AL",,36395046,C08CA05,2026-01-16,,shortage - end date unknown,Problemi produttivi,Per trattamento alternativo si consiglia di rivolgersi allo specialista o al M.M.G,2026-10-01T10:44:52.194865,33707
IT,Italy,AIFA,NIFEDIPINA DOC,NIFEDIPINA,"""30 MG COMPRESSE A RILASCIO PROLUNGATO""14 COMPRESSE",,36395022,C08CA05,2026-05-29,,shortage - end date unknown,Problemi produttivi,Si rilascia autorizzazione allimportazione alle strutture sanitarie per analogo autorizzato allestero,2026-10-01T10:44:52.194884,33693
IT,Italy,AIFA,NIFEDIPINA DOC,NIFEDIPINA,"""30 MG COMPRESSE RIVESTITE A RILASCIO PROLUNGATO"" 28 COMPRESSE IN BLISTER PVC/PVDC-AL",,36395034,C08CA05,2026-02-28,,shortage - end date unknown,Problemi produttivi,Si rilascia autorizzazione allimportazione alle strutture sanitarie per analogo autorizzato allestero,2026-10-01T10:44:52.194904,33693
IT,Italy,AIFA,NIFEDIPINA MYLAN GENERICS ITALIA,NIFEDIPINA,"""30 MG COMPRESSE RIVESTITE A  RILASCIO PROLUNGATO"" 28 COMPRESSE IN BLISTER PVC/PVDC/AL",,33718040,C08CA05,2026-09-10,,shortage - end date unknown,Elevata richiesta,Si rilascia autorizzazione allimportazione alle strutture sanitarie per analogo autorizzato allestero,2026-10-01T10:44:52.194922,33693
IT,Italy,AIFA,NIFEDIPINA MYLAN GENERICS ITALIA,NIFEDIPINA,"""30 MG COMPRESSE RIVESTITE A  RILASCIO PROLUNGATO"" 14 COMPRESSE",,33718026,C08CA05,2026-10-26,,shortage - end date unknown,Elevata richiesta,Per trattamento alternativo si consiglia di rivolgersi allo specialista o al M.M.G,2026-10-01T10:44:52.194941,33693
IT,Italy,AIFA,NIKLOD,DISODIO CLODRONATO + LIDOCAINA CLORIDRATO,"""200 MG+ 40 MG SOLUZIONE INIETTABILE CON LIDOCAINA"" 3 FIALE DA 4 ML",,34292084,M05BA02,2026-04-20,,shortage - end date unknown,Elevata richiesta/problemi produttivi: distribuzione contingentata,Per trattamento alternativo si consiglia di rivolgersi allo specialista o al M.M.G,2026-10-01T10:44:52.194960,46000
IT,Italy,AIFA,NILEMDO,ACIDO BEMPEDOICO,180 MG - COMPRESSA RIVESTITA CON FILM - USO ORALE - BLISTER (PVC/ALLUMINIO) - 28 COMPRESSE,,48721029,C10AX15,2026-11-27,2026-12-18,shortage,Problemi produttivi: distribuzione contingentata,"Si rilascia autorizzazione allimportazione alle strutture sanitarie per analogo autorizzato allestero, nel caso in cui le strutture interessate riscontrino discontinuità nella fornitura, a livello delle reti distributive cui hanno accesso",2026-10-01T10:44:52.194984,
IT,Italy,AIFA,NIMBEX,CISATRACURIO BESILATO,"""2"" 5 FIALE DA 2,5 ML 2 MG/ML",,31975016,M03AC11,2024-06-17,2026-09-30,resolved,Problemi produttivi,Per trattamento alternativo si consiglia di rivolgersi allo specialista o al M.M.G,2026-10-01T10:44:52.195008,43710
IT,Italy,AIFA,NIMBEX,CISATRACURIO BESILATO,"""2"" 5 FIALE DA 5 ML 2 MG/ML",,31975028,M03AC11,2025-02-01,2026-10-30,shortage,Problemi produttivi,Per trattamento alternativo si consiglia di rivolgersi allo specialista o al M.M.G,2026-10-01T10:44:52.195033,46337
IT,Italy,AIFA,NIMBEX,CISATRACURIO BESILATO,"""5"" 1 FLACONCINO DA 30 ML 5 MG/ML",,31975055,M03AC11,2024-08-20,2026-10-30,shortage,Problemi produttivi,Per trattamento alternativo si consiglia di rivolgersi allo specialista o al M.M.G,2026-10-01T10:44:52.195056,
IT,Italy,AIFA,NIMBEX,CISATRACURIO BESILATO,"""2"" 5 FIALE DA 10 ML 2 MG/ML",,31975030,M03AC11,2024-08-12,2026-10-30,shortage,Problemi produttivi,Per trattamento alternativo si consiglia di rivolgersi allo specialista o al M.M.G,2026-10-01T10:44:52.195080,43729
IT,Italy,AIFA,NIMESULIDE RATIOPHARM,NIMESULIDE,"""100 MG GRANULATO PER SOSPENSIONE ORALE"" 30 BUSTINE",,33673029,M01AX17,2026-11-30,,shortage - end date unknown,Cessata commercializzazione definitiva,Per trattamento alternativo si consiglia di rivolgersi allo specialista o al M.M.G,2026-10-01T10:44:52.195099,
IT,Italy,AIFA,NIMVASTID,RIVASTIGMINA,"""3 MG - CAPSULA RIGIDA - USO ORALE - BLISTER (PVC/PVDC/AL)"" 56 CAPSULE",,41673106,N06DA03,2024-03-21,,shortage - end date unknown,Problemi produttivi,Per trattamento alternativo si consiglia di rivolgersi allo specialista o al M.M.G,2026-10-01T10:44:52.195118,50172
IT,Italy,AIFA,NIMVASTID,RIVASTIGMINA,"""1.5 MG - CAPSULA RIGIDA - USO ORALE - BLISTER (PVC/PVDC/AL)"" 56 CAPSULE",,41673043,N06DA03,2025-11-06,,shortage - end date unknown,Problemi produttivi,Per trattamento alternativo si consiglia di rivolgersi allo specialista o al M.M.G,2026-10-01T10:44:52.195137,50164
IT,Italy,AIFA,NIMVASTID,RIVASTIGMINA,"""4.5 MG - CAPSULA RIGIDA - USO ORALE - BLISTER (PVC/PVDC/AL)"" 56 CAPSULE",,41673169,N06DA03,2026-03-03,,shortage - end date unknown,Problemi produttivi,Per trattamento alternativo si consiglia di rivolgersi allo specialista o al M.M.G,2026-10-01T10:44:52.195155,50180
IT,Italy,AIFA,NINTEDANIB DR. REDDYS,NINTEDANIB,100 MG CAPSULE MOLLI 60 CAPSULE IN BLISTER OPA/AL/PVC-AL,,52207026,L01EX09,2026-10-17,,shortage - end date unknown,Elevata richiesta (carenza relativa solo al canale ospedaliero),Rilasciata determinazione per limportazione al titolare A.I.C.,2026-10-01T10:44:52.195174,127310
IT,Italy,AIFA,NINTEDANIB DR. REDDYS,NINTEDANIB,150 MG CAPSULE MOLLI 60 CAPSULE IN BLISTER OPA/AL/PVC-AL,,52207089,L01EX09,2026-09-17,,shortage - end date unknown,Elevata richiesta (carenza relativa solo al canale ospedaliero),Rilasciata determinazione per limportazione al titolare A.I.C.,2026-10-01T10:44:52.195192,127329
IT,Italy,AIFA,NINTEDANIB SANDOZ,NINTEDANIB,"""150 MG CAPSULE MOLLI"" 60X1 CAPSULE IN BLISTER DIVISIBILE PER DOSE UNITARIA OPA/AL/PVC-AL",,51575049,L01EX09,2026-08-26,,shortage - end date unknown,Elevata richiesta,Per trattamento alternativo si consiglia di rivolgersi allo specialista o al M.M.G,2026-10-01T10:44:52.195211,127329
IT,Italy,AIFA,NINTEDANIB SANDOZ,NINTEDANIB,"""100 MG CAPSULE MOLLI"" 60X1 CAPSULE IN BLISTER DIVISIBILE PER DOSE UNITARIA OPA/AL/PVC-AL",,51575025,L01EX09,2026-08-26,,shortage - end date unknown,Elevata richiesta,Per trattamento alternativo si consiglia di rivolgersi allo specialista o al M.M.G,2026-10-01T10:44:52.195229,127310
IT,Italy,AIFA,NIPENT,PENTOSTATINA,"«10 mg polvere per soluzione iniettabile, polvere per soluzione per infusione» - 1 flaconcino",,28645012,L01XX08,2026-09-16,,shortage - end date unknown,Problemi produttivi: distribuzione contingentata,"Si rilascia autorizzazione allimportazione alle strutture sanitarie per analogo autorizzato allestero, nel caso in cui le strutture interessate riscontrino discontinuità nella fornitura, a livello delle reti distributive cui hanno accesso",2026-10-01T10:44:52.195247,
IT,Italy,AIFA,NIPIN,NIFEDIPINA,"""30 MG COMPRESSE RIVESTITE A RILASCIO MODIFICATO"" 14 COMPRESSE",,31806019,C08CA05,2025-10-25,,shortage - end date unknown,Motivi commerciali,Per trattamento alternativo si consiglia di rivolgersi allo specialista o al M.M.G,2026-10-01T10:44:52.195266,33693
IT,Italy,AIFA,NIPIN,NIFEDIPINA,"""60 MG COMPRESSE RIVESTITE A RILASCIO MODIFICATO"" 14 COMPRESSE",,31806021,C08CA05,2025-10-25,,shortage - end date unknown,Motivi commerciali,Per trattamento alternativo si consiglia di rivolgersi allo specialista o al M.M.G,2026-10-01T10:44:52.195284,33707
IT,Italy,AIFA,NITROGLICERINA EG STADA,NITROGLICERINA,"""5 MG/24 ORE CEROTTI TRANSDERMICI ""15 CEROTTI",,29029016,C01DA02,2026-07-31,2026-10-29,shortage,Problemi produttivi,Per trattamento alternativo si consiglia di rivolgersi allo specialista o al M.M.G,2026-10-01T10:44:52.195307,
IT,Italy,AIFA,NIULIVA,IMMUNOGLOBULINA UMANA ANTIEPATITE B,"""250 I.U./ML SOLUZIONE PER INFUSIONE"" 1 FLACONCINO DI VETRO DA 40 ML",,38445045,J06BB04,2024-04-02,2026-12-31,shortage,Cessata commercializzazione temporanea,Per trattamento alternativo si consiglia di rivolgersi allo specialista o al M.M.G,2026-10-01T10:44:52.195330,167185
IT,Italy,AIFA,NIULIVA,IMMUNOGLOBULINA UMANA ANTIEPATITE B,"""250 I.U./ML SOLUZIONE PER INFUSIONE"" 1 SIRINGA DI VETRO DA 4 ML",,38445021,J06BB04,2026-03-20,2026-08-31,resolved,Problemi produttivi,Per trattamento alternativo si consiglia di rivolgersi allo specialista o al M.M.G,2026-10-01T10:44:52.195353,167185
IT,Italy,AIFA,NIULIVA,IMMUNOGLOBULINA UMANA ANTIEPATITE B,"""250 I.U./ML SOLUZIONE PER INFUSIONE"" 1 FLACONCINO DI VETRO DA 20 ML",,38445033,J06BB04,2026-03-20,2026-08-31,resolved,Problemi produttivi,Per trattamento alternativo si consiglia di rivolgersi allo specialista o al M.M.G,2026-10-01T10:44:52.195377,167185
IT,Italy,AIFA,NIVESTIM,FILGRASTIM,"12 MU (120 MCG/0,2 ML) - SOLUZIONE INIETTABILE/INFUSIONE - USO SOTTOCUTANEO O ENDOVENOSO - SIRINGA(VETRO) PRERIEMPITA 1 SIRINGA PRERIEMPITA DA 0,2ML",,40158014,L03AA02,2026-09-09,2027-03-21,shortage,Elevata richiesta,Si rilascia autorizzazione allimportazione alle strutture sanitarie per analogo autorizzato allestero,2026-10-01T10:44:52.195400,223786
IT,Italy,AIFA,NIVESTIM,FILGRASTIM,"""30 MU (300 MCG/0,5 ML)-SOLUZIONE INIETTABILE/INFUSIONE-USO SOTTOCUTANEO O ENDOVENOSO-SIRINGA(VETRO) PRERIEMPITA"" 1 SIRINGA PRERIEMPITA DA 0,5ML",,40158040,L03AA02,2026-09-04,2026-10-31,shortage,Elevata richiesta,"Si rilascia autorizzazione allimportazione alle strutture sanitarie per analogo autorizzato allestero, nel caso in cui le strutture interessate riscontrino discontinuità nella fornitura, a livello delle reti distributive cui hanno accesso",2026-10-01T10:44:52.195423,41831
IT,Italy,AIFA,NIZACOL,MICONAZOLO,10 COMPRESSE 500 MG,,25999121,J02AB01,2018-11-01,2026-12-31,shortage,Cessata commercializzazione temporanea,Per trattamento alternativo si consiglia di rivolgersi allo specialista o al M.M.G,2026-10-01T10:44:52.195446,
IT,Italy,AIFA,NORCAPTO,NORTRIPTILINA,"""10 MG CAPSULE RIGIDE"" 30 CAPSULE IN BLISTER PVC/PVDC/AL",,47509017,N06AA10,2025-09-01,2027-09-01,shortage,Problemi produttivi,Per trattamento alternativo si consiglia di rivolgersi allo specialista o al M.M.G,2026-10-01T10:44:52.195469,
IT,Italy,AIFA,NORCAPTO,NORTRIPTILINA,"""25 MG CAPSULE RIGIDE"" 30 CAPSULE IN BLISTER PVC/PVDC/AL",,47509029,N06AA10,2025-09-01,2027-09-01,shortage,Problemi produttivi,Per trattamento alternativo si consiglia di rivolgersi allo specialista o al M.M.G,2026-10-01T10:44:52.195496,
IT,Italy,AIFA,NORDITROPIN,SOMATROPINA,"""NORDIFLEX 15 MG/1,5 ML SOLUZIONE INIETTABILE"" 1 PENNA PRERIEMPITA MULTIDOSE DI VETRO DA 1,5 ML",,27686118,H01AC01,2024-02-22,,shortage - end date unknown,Cessata commercializzazione definitiva,"Si rilascia autorizzazione allimportazione alle strutture sanitarie per analogo autorizzato allestero, nel caso in cui le strutture interessate riscontrino discontinuità nella fornitura, a livello delle reti distributive cui hanno accesso",2026-10-01T10:44:52.195515,
IT,Italy,AIFA,NORMIX,RIFAXIMINA,"""2 G/100 ML GRANULATO PER SOSPENSIONE ORALE"" 1 FLACONE 60 ML",,25300043,A07AA11,2018-04-15,,shortage - end date unknown,Cessata commercializzazione definitiva,Si rilascia autorizzazione allimportazione alle strutture sanitarie per analogo autorizzato allestero,2026-10-01T10:44:52.195534,
IT,Italy,AIFA,NORUXOL,COLLAGENASI,"""30 G UNGUENTO"" 1 TUBO",,28039028,D03BA52,2026-06-01,2027-02-28,shortage,Cessata commercializzazione definitiva,Si rilascia autorizzazione allimportazione alle strutture sanitarie per analogo autorizzato allestero,2026-10-01T10:44:52.195557,34797
IT,Italy,AIFA,NOVALGINA,METAMIZOLO SODICO,"""1 G/2 ML SOLUZIONE INIETTABILE""5 FIALE 2 ML",,8679021,N02BB02,2026-11-30,,shortage - end date unknown,Cessata commercializzazione definitiva,Si rilascia autorizzazione allimportazione alle strutture sanitarie per analogo autorizzato allestero,2026-10-01T10:44:52.195717,1953
IT,Italy,AIFA,NOVYNETTE,DESOGESTREL + ETINILESTRADIOLO,21 COMPRESSE RIVESTITE CON FILM IN BLISTER AL/PVC/PVDC DA 150 MCG + 20 MCG,,35984018,G03AA09,2027-05-01,,shortage - end date unknown,Cessata commercializzazione definitiva,Per trattamento alternativo si consiglia di rivolgersi allo specialista o al M.M.G,2026-10-01T10:44:52.195740,30414
IT,Italy,AIFA,NOXAFIL,POSACONAZOLO,40 MG/ML SOSPENSIONE ORALE USO ORALE FLACONE (VETRO) 105 ML 1 FLACONE,,37059019,J02AC04,2026-11-30,,shortage - end date unknown,Cessata commercializzazione definitiva,Per trattamento alternativo si consiglia di rivolgersi allo specialista o al M.M.G,2026-10-01T10:44:52.195761,79553
IT,Italy,AIFA,NOXAFIL,POSACONAZOLO,100 MG - COMPRESSA GASTRORESISTENTE - USO ORALE - BLISTER (PVC/ACLAR/ALU) - 24 COMPRESSE,,37059021,J02AC04,2027-02-28,,shortage - end date unknown,Cessata commercializzazione definitiva,Per trattamento alternativo si consiglia di rivolgersi allo specialista o al M.M.G,2026-10-01T10:44:52.195790,117498
IT,Italy,AIFA,NUCEIVA,TOSSINA BOTULINICA DI CLOSTRIDIUM BOTULINUM TIPO A,50 U - POLVERE PER SOLUZIONE INIETTABILE - USO INTRAMUSCOLARE - FLACONCINO (IN VETRO) - 1 FLACONCINO,,48254027,M03AX01,2025-12-15,,shortage - end date unknown,Motivi commerciali,Per trattamento alternativo si consiglia di rivolgersi allo specialista o al M.M.G,2026-10-01T10:44:52.195813,115967
IT,Italy,AIFA,NUPERAL,DOXILAMINA SUCCINATO + PIRIDOSSINA CLORIDRATO,"""10 MG/10 MG CAPSULE RIGIDE A RILASCIO MODIFICATO"" 24 CAPSULE IN BLISTER PVC/PVDC/AL",,45210010,,2026-07-29,,shortage - end date unknown,Cessata commercializzazione definitiva,Per trattamento alternativo si consiglia di rivolgersi allo specialista o al M.M.G,2026-10-01T10:44:52.195838,
IT,Italy,AIFA,NUSTENDI,ACIDO BEMPEDOICO + EZETIMIBE,180 MG/10 MG - COMPRESSA RIVESTITA CON FILM - USO ORALE - BLISTER (PVC/ACLAR/ALLUMINIO) - 28 COMPRESSE,,48668026,C10BA10,2026-10-28,2026-11-11,shortage,Problemi produttivi,Per trattamento alternativo si consiglia di rivolgersi allo specialista o al M.M.G,2026-10-01T10:44:52.195866,70645
IT,Italy,AIFA,NYXOID,NALOXONE (TD),"1,8 MG - SPRAY NASALE, SOLUZIONE - USO NASALE - FLACONCINO - 0,1 ML - 2 FLACONI NEBULIZZATORI",,45777012,V03AB15,2026-03-27,2026-10-31,shortage,Elevata richiesta: distribuzione contingentata,Si rilascia autorizzazione allimportazione alle strutture sanitarie per analogo autorizzato allestero,2026-10-01T10:44:52.195890,
IT,Italy,AIFA,OBODENCE,DENOSUMAB,60 mg - Soluzione iniettabile - Uso sottocutaneo - siringa preriempita (vetro) 1 mL (60 mg/mL) - 1 siringa preriempita,,51989010,M05BX04,2026-08-10,,shortage - end date unknown,Elevata richiesta,Rilasciata determinazione per limportazione al titolare A.I.C.,2026-10-01T10:44:52.195909,96261
IT,Italy,AIFA,OCTANORM,IMMUNOGLOBULINA UMANA NORMALE,"""165 MG/ML SOLUZIONE INIETTABILE"" 1 FLACONCINO IN VETRO DA 48 ML",,40652164,J06BA01,2022-04-01,,shortage - end date unknown,Cessata commercializzazione definitiva,Si rilascia autorizzazione allimportazione alle strutture sanitarie per analogo autorizzato allestero,2026-10-01T10:44:52.195928,199036
IT,Italy,AIFA,OCTANORM,IMMUNOGLOBULINA UMANA NORMALE,"""165 MG/ML SOLUZIONE INIETTABILE"" 1 FLACONCINO IN VETRO DA 24 ML",,40652137,J06BA01,2022-04-01,,shortage - end date unknown,Cessata commercializzazione definitiva,Si rilascia autorizzazione allimportazione alle strutture sanitarie per analogo autorizzato allestero,2026-10-01T10:44:52.195948,
IT,Italy,AIFA,OCTANORM,IMMUNOGLOBULINA UMANA NORMALE,"""165 MG/ML SOLUZIONE INIETTABILE"" 1 FLACONCINO IN VETRO DA 6 ML",,40652075,J06BA01,2022-04-01,,shortage - end date unknown,Cessata commercializzazione definitiva,Si rilascia autorizzazione allimportazione alle strutture sanitarie per analogo autorizzato allestero,2026-10-01T10:44:52.195967,
IT,Italy,AIFA,OCTANORM,IMMUNOGLOBULINA UMANA NORMALE,"""165 MG/ML SOLUZIONE INIETTABILE"" 1 FLACONCINO IN VETRO DA 12 ML",,40652101,J06BA01,2022-04-01,,shortage - end date unknown,Cessata commercializzazione definitiva,Si rilascia autorizzazione allimportazione alle strutture sanitarie per analogo autorizzato allestero,2026-10-01T10:44:52.195985,199001
IT,Italy,AIFA,OCTANORM,IMMUNOGLOBULINA UMANA NORMALE,"""165 MG/ML SOLUZIONE INIETTABILE"" 1 FLACONCINO IN VETRO DA 20 ML",,40652048,J06BA01,2022-04-01,,shortage - end date unknown,Cessata commercializzazione definitiva,Si rilascia autorizzazione allimportazione alle strutture sanitarie per analogo autorizzato allestero,2026-10-01T10:44:52.196004,87084
IT,Italy,AIFA,OCTANORM,IMMUNOGLOBULINA UMANA NORMALE,"""165 MG/ML SOLUZIONE INIETTABILE"" 1 FLACONCINO IN VETRO DA 10 ML",,40652012,J06BA01,2022-04-01,,shortage - end date unknown,Cessata commercializzazione definitiva,Si rilascia autorizzazione allimportazione alle strutture sanitarie per analogo autorizzato allestero,2026-10-01T10:44:52.196022,199052
IT,Italy,AIFA,OCTREOTIDE SUN,OCTREOTIDE ACETATO,"""1 MG/5 ML SOLUZIONE INIETTABILE"" 1 FLACONCINO MULTIDOSE IN VETRO DA 5 ML",,41156047,H01CB02,2025-07-14,,shortage - end date unknown,Elevata richiesta: distribuzione contingentata,"Si rilascia autorizzazione allimportazione alle strutture sanitarie per analogo autorizzato allestero, nel caso in cui le strutture interessate riscontrino discontinuità nella fornitura, a livello delle reti distributive cui hanno accesso",2026-10-01T10:44:52.196041,27529
IT,Italy,AIFA,OCTREOTIDE SUN,OCTREOTIDE ACETATO,"""0,05 MG/1 ML SOLUZIONE INIETTABILE"" 5 FIALE IN VETRO DA 1 ML",,41156011,H01CB02,2026-01-06,,shortage - end date unknown,Problemi produttivi: distribuzione contingentata,"Si rilascia autorizzazione allimportazione alle strutture sanitarie per analogo autorizzato allestero, nel caso in cui le strutture interessate riscontrino discontinuità nella fornitura, a livello delle reti distributive cui hanno accesso",2026-10-01T10:44:52.196059,27502
IT,Italy,AIFA,OCTREOTIDE SUN,OCTREOTIDE ACETATO,"""0,1 MG/1 ML SOLUZIONE INIETTABILE"" 5 FIALE IN VETRO DA 1 ML",,41156023,H01CB02,2026-01-15,,shortage - end date unknown,Elevata richiesta/problemi produttivi,"Si rilascia autorizzazione allimportazione alle strutture sanitarie per analogo autorizzato allestero, nel caso in cui le strutture interessate riscontrino discontinuità nella fornitura, a livello delle reti distributive cui hanno accesso",2026-10-01T10:44:52.196089,27510
IT,Italy,AIFA,OCTREOTIDE SUN,OCTREOTIDE ACETATO,"""0,5 MG/1 ML SOLUZIONE INIETTABILE"" 5 FIALE IN VETRO DA 1 ML",,41156035,H01CB02,2026-08-04,,shortage - end date unknown,Problemi produttivi: distribuzione contingentata,Per trattamento alternativo si consiglia di rivolgersi allo specialista o al M.M.G,2026-10-01T10:44:52.196110,32514
IT,Italy,AIFA,OCTREOTIDE TEVA,OCTREOTIDE ACETATO,"""20 MG POLVERE E SOLVENTE PER SOSPENSIONE INIETTABILE A RILASCIO PROLUNGATO"" 1 FLACONCINO IN VETRO DI POLVERE, 1 SIRINGA PRERIEMPITA DI SOLVENTE DA 2 ML CON ADATTATORE E AGO DI SICUREZZA",,47854031,H01CB02,2021-09-21,,shortage - end date unknown,Problemi produttivi,Per trattamento alternativo si consiglia di rivolgersi allo specialista o al M.M.G,2026-10-01T10:44:52.196130,70459
IT,Italy,AIFA,OCTREOTIDE TEVA,OCTREOTIDE ACETATO,"""10 MG POLVERE E SOLVENTE PER SOSPENSIONE INIETTABILE A RILASCIO PROLUNGATO"" 1 FLACONCINO IN VETRO DI POLVERE, 1 SIRINGA PRERIEMPITA DI SOLVENTE DA 2  ML, CON ADATTATORE E AGO DI SICUREZZA",,47854017,H01CB02,2021-09-21,,shortage - end date unknown,Problemi produttivi,Per trattamento alternativo si consiglia di rivolgersi allo specialista o al M.M.G,2026-10-01T10:44:52.196150,70440
IT,Italy,AIFA,OCTREOTIDE TEVA,OCTREOTIDE ACETATO,"""30 MG POLVERE E SOLVENTE PER SOSPENSIONE INIETTABILE A RILASCIO PROLUNGATO"" 1 FLACONCINO IN VETRO DI POLVERE, 1 SIRINGA PRERIEMPITA DI SOLVENTE DA 2 ML, CON ADATTATORE E AGO DI SICUREZZA",,47854056,H01CB02,2021-09-21,,shortage - end date unknown,Problemi produttivi,Per trattamento alternativo si consiglia di rivolgersi allo specialista o al M.M.G,2026-10-01T10:44:52.196176,70467
IT,Italy,AIFA,OFTACILOX,CIPROFLOXACINA CLORIDRATO,"""0,3% COLLIRIO, SOLUZIONE"" FLACONE  5 ML",,28476012,S01AE03,2026-04-01,,shortage - end date unknown,Problemi produttivi,Per trattamento alternativo si consiglia di rivolgersi allo specialista o al M.M.G,2026-10-01T10:44:52.196195,
IT,Italy,AIFA,OLANZAPINA ACCORD,OLANZAPINA,"""10 MG COMPRESSE RIVESTITE CON FILM"" 28 COMPRESSE IN BLISTER AL/AL",,41598133,N05AH03,2026-04-01,,shortage - end date unknown,Problemi produttivi,Per trattamento alternativo si consiglia di rivolgersi allo specialista o al M.M.G,2026-10-01T10:44:52.196219,45578
IT,Italy,AIFA,OLANZAPINA AUROBINDO,OLANZAPINA,"""10 MG COMPRESSE"" 28 COMPRESSE IN BLISTER PVC/PA/AL/PVC-AL",,40429250,N05AH03,2026-10-07,,shortage - end date unknown,Problemi produttivi,Per trattamento alternativo si consiglia di rivolgersi allo specialista o al M.M.G,2026-10-01T10:44:52.196250,45578
IT,Italy,AIFA,OLANZAPINA AUROBINDO,OLANZAPINA,"""2,5 MG COMPRESSE"" 28 COMPRESSE IN BLISTER PVC/PA/AL/PVC-AL",,40429033,N05AH03,2026-09-02,,shortage - end date unknown,Problemi produttivi,Per trattamento alternativo si consiglia di rivolgersi allo specialista o al M.M.G,2026-10-01T10:44:52.196270,61271
IT,Italy,AIFA,OLANZAPINA AUROBINDO PHARMA ITALIA,OLANZAPINA,"""5 MG COMPRESSE ORODISPERSIBILI"" 28 COMPRESSE IN BLISTER PA/AL-EEA/PE/AL-PE",,41954049,N05AH03,2026-05-06,,shortage - end date unknown,Problemi produttivi,Per trattamento alternativo si consiglia di rivolgersi allo specialista o al M.M.G,2026-10-01T10:44:52.196290,60941
IT,Italy,AIFA,OLANZAPINA AUROBINDO PHARMA ITALIA,OLANZAPINA,"""10 MG COMPRESSE ORODISPERSIBILI"" 28 COMPRESSE IN BLISTER PA/AL-EEA/PE/AL-PE",,41954177,N05AH03,2026-07-09,,shortage - end date unknown,Problemi produttivi: distribuzione contingentata (carenza relativa solo al canale ospedaliero),Per trattamento alternativo si consiglia di rivolgersi allo specialista o al M.M.G,2026-10-01T10:44:52.196317,60968
IT,Italy,AIFA,OLANZAPINA EG,OLANZAPINA,"""5 MG COMPRESSE RIVESTITE CON FILM"" 28 COMPRESSE IN BLISTER AL/AL",,40089056,N05AH03,2026-01-19,,shortage - end date unknown,Elevata richiesta,Per trattamento alternativo si consiglia di rivolgersi allo specialista o al M.M.G,2026-10-01T10:44:52.196336,45543
IT,Italy,AIFA,OLANZAPINA GLENMARK,OLANZAPINA,"2,5 MG -COMPRESSA - USO ORALE - BLISTER (ALU/ALU) - 28 COMPRESSE",,43547013,N05AH03,2026-09-25,,shortage - end date unknown,Problemi produttivi,Per trattamento alternativo si consiglia di rivolgersi allo specialista o al M.M.G,2026-10-01T10:44:52.196355,61271
IT,Italy,AIFA,OLANZAPINA MYLAN PHARMA,OLANZAPINA,"""10 MG COMPRESSE ORODISPERSIBILI"" 28 COMPRESSE IN BLISTER OPA/AL/PVC/AL",,42420113,N05AH03,2025-12-15,,shortage - end date unknown,Elevata richiesta/problemi produttivi,Per trattamento alternativo si consiglia di rivolgersi allo specialista o al M.M.G,2026-10-01T10:44:52.196374,60968
IT,Italy,AIFA,OLANZAPINA MYLAN PHARMA,OLANZAPINA,"""5 MG COMPRESSE ORODISPERSIBILI"" 28 COMPRESSE IN BLISTER OPA/AL/PVC/AL",,42420012,N05AH03,2026-08-01,,shortage - end date unknown,Problemi produttivi,Per trattamento alternativo si consiglia di rivolgersi allo specialista o al M.M.G,2026-10-01T10:44:52.196393,60941
IT,Italy,AIFA,OLANZAPINA PENSA PHARMA,OLANZAPINA,""" 10 MG COMPRESSE ORODISPERSIBILI "" 28 COMPRESSE IN BLISTER PA/AL/PVC/AL",,41288022,N05AH03,2026-07-01,2026-12-31,shortage,Problemi produttivi,Per trattamento alternativo si consiglia di rivolgersi allo specialista o al M.M.G,2026-10-01T10:44:52.196417,60968
IT,Italy,AIFA,OLANZAPINA PENSA PHARMA,OLANZAPINA,""" 5 MG COMPRESSE ORODISPERSIBILI "" 28 COMPRESSE IN BLISTER PA/AL/PVC/AL",,41288010,N05AH03,2026-07-01,2026-12-31,shortage,Problemi produttivi,Per trattamento alternativo si consiglia di rivolgersi allo specialista o al M.M.G,2026-10-01T10:44:52.196441,60941
IT,Italy,AIFA,OLANZAPINA SUN,OLANZAPINA,"""5 MG COMPRESSE"" 28 COMPRESSE IN BLISTER AL/AL",,40223048,N05AH03,2025-05-22,,shortage - end date unknown,Elevata richiesta,Per trattamento alternativo si consiglia di rivolgersi allo specialista o al M.M.G,2026-10-01T10:44:52.196460,45543
IT,Italy,AIFA,OLANZAPINA SUN,OLANZAPINA,"""2,5 MG COMPRESSE"" 28 COMPRESSE IN BLISTER AL/AL",,40223012,N05AH03,2026-08-25,,shortage - end date unknown,Elevata richiesta,Per trattamento alternativo si consiglia di rivolgersi allo specialista o al M.M.G,2026-10-01T10:44:52.196481,61271
IT,Italy,AIFA,OLANZAPINA VIATRIS,OLANZAPINA,"""5 MG - COMPRESSA RIVESTITA CON FILM - USO ORALE - BLISTER (ALU/ALU)"" 28 COMPRESSE",,39034071,N05AH03,2026-03-01,,shortage - end date unknown,Problemi produttivi,Per trattamento alternativo si consiglia di rivolgersi allo specialista o al M.M.G,2026-10-01T10:44:52.196500,45543
IT,Italy,AIFA,OLANZAPINA VIATRIS,OLANZAPINA,"""10 MG COMPRESSA RIVESTITA CON FILM - USO ORALE - BLISTER (ALU/ALU)"" 28 COMPRESSE",,39034196,N05AH03,2026-07-01,,shortage - end date unknown,Problemi produttivi,Per trattamento alternativo si consiglia di rivolgersi allo specialista o al M.M.G,2026-10-01T10:44:52.196519,45578
IT,Italy,AIFA,OLANZAPINA VIATRIS,OLANZAPINA,"""2,5 MG - COMPRESSA RIVESTITA CON FILM - USO ORALE - BLISTER (ALU/ALU)"" 28 COMPRESSE",,39034018,N05AH03,2026-11-10,,shortage - end date unknown,Problemi produttivi,Per trattamento alternativo si consiglia di rivolgersi allo specialista o al M.M.G,2026-10-01T10:44:52.196538,61271
IT,Italy,AIFA,OLANZAPINA ZENTIVA,OLANZAPINA,"""5 MG COMPRESSE ORODISPERSIBILI"" 28 COMPRESSE IN BLISTER OPA/AL/PVC/AL",,40830150,N05AH03,2022-07-15,,shortage - end date unknown,Elevata richiesta,Per trattamento alternativo si consiglia di rivolgersi allo specialista o al M.M.G,2026-10-01T10:44:52.196557,60941
IT,Italy,AIFA,OLANZAPINA ZENTIVA,OLANZAPINA,"""10 MG COMPRESSE ORODISPERSIBILI"" 28 COMPRESSE IN BLISTER OPA/AL/PVC/AL",,40830212,N05AH03,2022-11-30,,shortage - end date unknown,Problemi produttivi,Per trattamento alternativo si consiglia di rivolgersi allo specialista o al M.M.G,2026-10-01T10:44:52.196576,60968
IT,Italy,AIFA,OLMEGAN,IDROCLOROTIAZIDE + OLMESARTAN MEDOXOMIL,"""20 MG/25 MG COMPRESSE RIVESTITE CON FILM"" 28 COMPRESSE IN BLISTER PA/AL/PVC/AL",,37110133,C09DA08,2026-09-15,,shortage - end date unknown,Problemi produttivi: distribuzione contingentata,Per trattamento alternativo si consiglia di rivolgersi allo specialista o al M.M.G,2026-10-01T10:44:52.196595,
IT,Italy,AIFA,OLMEGAN,IDROCLOROTIAZIDE + OLMESARTAN MEDOXOMIL,""" 40MG/12,5MG COMPRESSE RIVESTITE CON FILM "" 28 COMPRESSE IN BLISTER PA/AL/PVC/AL",,37110246,C09DA08,2026-11-30,,shortage - end date unknown,Problemi produttivi,Per trattamento alternativo si consiglia di rivolgersi allo specialista o al M.M.G,2026-10-01T10:44:52.196613,
IT,Italy,AIFA,OLMEGAN,IDROCLOROTIAZIDE + OLMESARTAN MEDOXOMIL,"""20 MG/12,5 MG COMPRESSE RIVESTITE CON FILM"" 28 COMPRESSE  IN BLISTER PA/AL/PVC/AL",,37110020,C09DA08,2027-02-01,,shortage - end date unknown,Problemi produttivi: distribuzione contingentata,Per trattamento alternativo si consiglia di rivolgersi allo specialista o al M.M.G,2026-10-01T10:44:52.196635,
IT,Italy,AIFA,OLMESARTAN E  IDROCLOROTIAZIDE AUROBINDO,OLMESARTAN MEDOXOMIL,"""40 MG/12,5 MG COMPRESSE RIVESTITE CON FILM"" 28 COMPRESSE IN BLISTER PA/AL/PVC/AL",,44411027,C09DA08,2026-10-08,,shortage - end date unknown,Problemi produttivi,Per trattamento alternativo si consiglia di rivolgersi allo specialista o al M.M.G,2026-10-01T10:44:52.196653,
IT,Italy,AIFA,OLMESARTAN E IDROCLOROTIAZIDE ZENTIVA,IDROCLOROTIAZIDE + OLMESARTAN MEDOXOMIL,"""40 MG/25 MG COMPRESSE RIVESTITE CON FILM"" 28 COMPRESSE IN BLISTER OPA/AL/PVC/AL",,44375323,C09DA08,2023-08-31,,shortage - end date unknown,Problemi produttivi,Per trattamento alternativo si consiglia di rivolgersi allo specialista o al M.M.G,2026-10-01T10:44:52.196672,
IT,Italy,AIFA,OLMESARTAN E IDROCLOROTIAZIDE ZENTIVA,IDROCLOROTIAZIDE + OLMESARTAN MEDOXOMIL,"""20 MG/25 MG COMPRESSE RIVESTITE CON FILM"" 28 COMPRESSE IN BLISTER OPA/AL/PVC/AL",,44375121,C09DA08,2023-09-30,,shortage - end date unknown,Problemi produttivi,Per trattamento alternativo si consiglia di rivolgersi allo specialista o al M.M.G,2026-10-01T10:44:52.196691,
IT,Italy,AIFA,OLMESARTAN E IDROCLOROTIAZIDE ZENTIVA,IDROCLOROTIAZIDE + OLMESARTAN MEDOXOMIL,"""40 MG/12,5 MG COMPRESSE RIVESTITE CON FILM"" 28 COMPRESSE IN BLISTER OPA/AL/PVC/AL",,44375222,C09DA08,2023-11-30,,shortage - end date unknown,Problemi produttivi,Per trattamento alternativo si consiglia di rivolgersi allo specialista o al M.M.G,2026-10-01T10:44:52.196710,
IT,Italy,AIFA,OLMESARTAN MEDOXOMIL ACCORD,OLMESARTAN MEDOXOMIL,"""20 MG COMPRESSE RIVESTITE CON FILM"" 28 COMPRESSE IN BLISTER AL/AL",,44174100,C09CA08,2025-10-30,,shortage - end date unknown,Elevata richiesta,Per trattamento alternativo si consiglia di rivolgersi allo specialista o al M.M.G,2026-10-01T10:44:52.196729,70203
IT,Italy,AIFA,OLMESARTAN MEDOXOMIL ACCORD,OLMESARTAN MEDOXOMIL,"""10 MG COMPRESSE RIVESTITE CON FILM"" 28 COMPRESSE IN BLISTER AL/AL",,44174023,C09CA08,2025-12-25,,shortage - end date unknown,Problemi produttivi,Per trattamento alternativo si consiglia di rivolgersi allo specialista o al M.M.G,2026-10-01T10:44:52.196748,70181
IT,Italy,AIFA,OLMESARTAN MEDOXOMIL ACCORD,OLMESARTAN MEDOXOMIL,"""40 MG COMPRESSE RIVESTITE CON FILM"" 28 COMPRESSE IN BLISTER AL/AL",,44174187,C09CA08,2026-04-24,,shortage - end date unknown,Elevata richiesta,Per trattamento alternativo si consiglia di rivolgersi allo specialista o al M.M.G,2026-10-01T10:44:52.196767,70211
IT,Italy,AIFA,OLMESARTAN MEDOXOMIL E AMLODIPINA ACCORD,AMLODIPINA + OLMESARTAN MEDOXOMIL,"""40 MG/5 MG COMPRESSE RIVESTITE CON FILM"" 28 COMPRESSE IN BLISTER OPA/AL/PVC-AL",,45710124,C09DB02,2026-04-24,,shortage - end date unknown,Elevata richiesta,Per trattamento alternativo si consiglia di rivolgersi allo specialista o al M.M.G,2026-10-01T10:44:52.196785,
IT,Italy,AIFA,OLMESARTAN MEDOXOMIL E AMLODIPINA TEVA,AMLODIPINA + OLMESARTAN MEDOXOMIL,"""20 MG/5 MG COMPRESSE RIVESTITE CON FILM"" 28 COMPRESSE IN BLISTER OPA/AL/PE/AL",,45512100,C09DB02,2026-08-03,2026-11-30,shortage,Problemi produttivi (carenza relativa solo al canale retail),Per trattamento alternativo si consiglia di rivolgersi allo specialista o al M.M.G,2026-10-01T10:44:52.196809,123722
IT,Italy,AIFA,OLMESARTAN MEDOXOMIL E AMLODIPINA ZENTIVA,AMLODIPINA + OLMESARTAN MEDOXOMIL,""" 40MG/10MG COMPRESSE RIVESTITE CON FILM "" 28 COMPRESSE IN BLISTER OPA/AL/PVC/AL",,45162144,C09DB02,2023-08-21,,shortage - end date unknown,Problemi produttivi,Per trattamento alternativo si consiglia di rivolgersi allo specialista o al M.M.G,2026-10-01T10:44:52.196827,
IT,Italy,AIFA,OLMESARTAN MEDOXOMIL E AMLODIPINA ZENTIVA,AMLODIPINA + OLMESARTAN MEDOXOMIL,""" 20MG/5MG COMPRESSE RIVESTITE CON FILM "" 28 COMPRESSE IN BLISTER OPA/AL/PVC/AL",,45162029,C09DB02,2026-02-23,,shortage - end date unknown,Problemi produttivi,Per trattamento alternativo si consiglia di rivolgersi allo specialista o al M.M.G,2026-10-01T10:44:52.196846,
IT,Italy,AIFA,OLMESARTAN MEDOXOMIL E AMLODIPINA ZENTIVA,AMLODIPINA + OLMESARTAN MEDOXOMIL,""" 40MG/5MG COMPRESSE RIVESTITE CON FILM "" 28 COMPRESSE IN BLISTER OPA/AL/PVC/AL",,45162082,C09DB02,2026-04-17,,shortage - end date unknown,Problemi produttivi,Per trattamento alternativo si consiglia di rivolgersi allo specialista o al M.M.G,2026-10-01T10:44:52.196865,
IT,Italy,AIFA,OLMESARTAN MEDOXOMIL E IDROCLOROTIAZIDE MYLAN,IDROCLOROTIAZIDE + OLMESARTAN MEDOXOMIL,"""40 MG/25 MG COMPRESSE RIVESTITE CON FILM"" 28 COMPRESSE IN BLISTER OPA/AL/PVC/AL",,45197237,C09DA08,2024-09-16,,shortage - end date unknown,Problemi produttivi,Per trattamento alternativo si consiglia di rivolgersi allo specialista o al M.M.G,2026-10-01T10:44:52.196883,
IT,Italy,AIFA,OLMESARTAN MEDOXOMIL E IDROCLOROTIAZIDE MYLAN,IDROCLOROTIAZIDE + OLMESARTAN MEDOXOMIL,"""20 MG/25 MG COMPRESSE RIVESTITE CON FILM"" 28 COMPRESSE IN BLISTER OPA/AL/PVC/AL",,45197098,C09DA08,2024-09-30,,shortage - end date unknown,Problemi produttivi,Per trattamento alternativo si consiglia di rivolgersi allo specialista o al M.M.G,2026-10-01T10:44:52.196902,
IT,Italy,AIFA,OLMESARTAN MEDOXOMIL E IDROCLOROTIAZIDE MYLAN,IDROCLOROTIAZIDE + OLMESARTAN MEDOXOMIL,"""40 MG/12,5 MG COMPRESSE RIVESTITE CON FILM"" 28 COMPRESSE IN BLISTER OPA/AL/PVC/AL",,45197163,C09DA08,2024-12-09,,shortage - end date unknown,Problemi produttivi,Per trattamento alternativo si consiglia di rivolgersi allo specialista o al M.M.G,2026-10-01T10:44:52.196921,
IT,Italy,AIFA,OLMESARTAN MEDOXOMIL MYLAN,OLMESARTAN MEDOXOMIL,"""10 MG COMPRESSE RIVESTITE CON FILM"" 28 COMPRESSE IN BLISTER PA/AL/PVC/AL",,43112022,C09CA08,2026-07-01,,shortage - end date unknown,Problemi produttivi,Per trattamento alternativo si consiglia di rivolgersi allo specialista o al M.M.G,2026-10-01T10:44:52.196940,70181
IT,Italy,AIFA,OLMESARTAN MEDOXOMIL PENSA,OLMESARTAN MEDOXOMIL,""" 10 MG COMPRESSE RIVESTITE CON FILM "" 28 COMPRESSE IN BLISTER AL/AL",,45149010,C09CA08,2026-11-01,2027-06-30,shortage,Problemi produttivi,Per trattamento alternativo si consiglia di rivolgersi allo specialista o al M.M.G,2026-10-01T10:44:52.196966,70181
IT,Italy,AIFA,OLMESARTAN MEDOXOMIL SANDOZ,OLMESARTAN MEDOXOMIL,""" 10 MG COMPRESSE RIVESTITE CON FILM "" 28 COMPRESSE IN BLISTER AL/AL",,44399044,C09CA08,2026-09-14,,shortage - end date unknown,Elevata richiesta (carenza relativa solo al canale retail),Per trattamento alternativo si consiglia di rivolgersi allo specialista o al M.M.G,2026-10-01T10:44:52.196985,70181
IT,Italy,AIFA,OLMESARTAN MEDOXOMIL ZENTIVA,OLMESARTAN MEDOXOMIL,"""40 MG COMPRESSE RIVESTITE CON FILM"" 28 COMPRESSE IN BLISTER OPA/AL/PVC/AL",,44390223,C09CA08,2022-07-30,,shortage - end date unknown,Problemi produttivi: forniture discontinue,Per trattamento alternativo si consiglia di rivolgersi allo specialista o al M.M.G,2026-10-01T10:44:52.197004,70211
IT,Italy,AIFA,OLMESARTAN MEDOXOMIL ZENTIVA,OLMESARTAN MEDOXOMIL,"""20 MG COMPRESSE RIVESTITE CON FILM"" 28 COMPRESSE IN BLISTER OPA/AL/PVC/AL",,44390122,C09CA08,2022-07-30,,shortage - end date unknown,Problemi produttivi,Per trattamento alternativo si consiglia di rivolgersi allo specialista o al M.M.G,2026-10-01T10:44:52.197023,70203
IT,Italy,AIFA,OLMETEC,OLMESARTAN MEDOXOMIL,28 COMPRESSE RIVESTITE CON FILM IN BLISTER AL/AL DA  10 MG,,36027011,C09CA08,2026-11-20,,shortage - end date unknown,Problemi produttivi: distribuzione contingentata,Per trattamento alternativo si consiglia di rivolgersi allo specialista o al M.M.G,2026-10-01T10:44:52.197041,70181
IT,Italy,AIFA,OLMETEC,OLMESARTAN MEDOXOMIL,28 COMPRESSE RIVESTITE CON FILM IN BLISTER AL/AL DA 20 MG,,36027062,C09CA08,2026-10-23,,shortage - end date unknown,Problemi produttivi: distribuzione contingentata,Per trattamento alternativo si consiglia di rivolgersi allo specialista o al M.M.G,2026-10-01T10:44:52.197060,70203
IT,Italy,AIFA,OLMETEC,OLMESARTAN MEDOXOMIL,28 COMPRESSE RIVESTITE CON FILM IN BLISTER AL/AL DA  40 MG,,36027112,C09CA08,2027-02-01,,shortage - end date unknown,Problemi produttivi: distribuzione contingentata,Per trattamento alternativo si consiglia di rivolgersi allo specialista o al M.M.G,2026-10-01T10:44:52.197082,70211
IT,Italy,AIFA,OLMETRIVART,AMLODIPINA BESILATO + IDROCLOROTIAZIDE + OLMESARTAN MEDOXOMIL,"""40 MG/5 MG/12.5 MG COMPRESSE RIVESTITE CON FILM"" 28 COMPRESSE IN BLISTER AL-AL",,47997034,C09DX03,2026-09-14,,shortage - end date unknown,Elevata richiesta/problemi produttivi,"Si rilascia autorizzazione allimportazione alle strutture sanitarie per analogo autorizzato allestero, nel caso in cui le strutture interessate riscontrino discontinuità nella fornitura, a livello delle reti distributive cui hanno accesso",2026-10-01T10:44:52.197107,
IT,Italy,AIFA,OMASEPT,OMEPRAZOLO,"""20 MG CAPSULA RIGIDA GASTRORESISTENTE"" 28 CAPSULE IN BLISTER AL/AL",,42666089,A02BC01,2025-04-01,,shortage - end date unknown,Motivi commerciali (carenza relativa solo al canale retail),Per trattamento alternativo si consiglia di rivolgersi allo specialista o al M.M.G,2026-10-01T10:44:52.197126,60062
IT,Italy,AIFA,OMASEPT,OMEPRAZOLO,"""20 MG CAPSULA RIGIDA GASTRORESISTENTE"" 14 CAPSULE IN BLISTER",,42666038,A02BC01,2025-02-01,,shortage - end date unknown,Motivi commerciali (carenza relativa solo al canale retail),Per trattamento alternativo si consiglia di rivolgersi allo specialista o al M.M.G,2026-10-01T10:44:52.197145,60062
IT,Italy,AIFA,OMEGA 3 AUROBINDO,OMEGA 3 POLINSATURI,"""1000 MG CAPSULE MOLLI"" 30 CAPSULE IN BLISTER PVC/PVDC/AL",,50165024,C10AX06,2026-04-13,,shortage - end date unknown,Elevata richiesta,Per trattamento alternativo si consiglia di rivolgersi allo specialista o al M.M.G,2026-10-01T10:44:52.197163,70580
IT,Italy,AIFA,OMEPRAZOLO  SUN,OMEPRAZOLO,"""10 MG CAPSULE RIGIDE GASTRORESISTENTI"" 14 CAPSULE IN FLACONE HDPE",,40880357,A02BC01,2023-01-31,,shortage - end date unknown,Problemi produttivi,Per trattamento alternativo si consiglia di rivolgersi allo specialista o al M.M.G,2026-10-01T10:44:52.197182,60054
IT,Italy,AIFA,OMEPRAZOLO ALMUS PHARMA,OMEPRAZOLO,"""10 MG CAPSULE RIGIDE GASTRORESISTENTI"" 14 CAPSULE IN BLISTER AL/AL",,43498017,A02BC01,2024-08-01,,shortage - end date unknown,Motivi commerciali,Per trattamento alternativo si consiglia di rivolgersi allo specialista o al M.M.G,2026-10-01T10:44:52.197201,60054
IT,Italy,AIFA,OMEPRAZOLO AUROBINDO PHARMA ITALIA,OMEPRAZOLO,""" 20 MG CAPSULE RIGIDE GASTRORESISTENTI "" 28 CAPSULE IN CONTENITORE HDPE",,39758317,A02BC01,2026-06-01,,shortage - end date unknown,Cessata commercializzazione definitiva,Per trattamento alternativo si consiglia di rivolgersi allo specialista o al M.M.G,2026-10-01T10:44:52.197219,60062
IT,Italy,AIFA,OMEPRAZOLO AUROBINDO PHARMA ITALIA,OMEPRAZOLO,""" 20 MG CAPSULE RIGIDE GASTRORESISTENTI "" 14 CAPSULE IN BLISTER OPA/ALU/PVC/ALU",,39758356,A02BC01,2026-06-08,,shortage - end date unknown,Cessata commercializzazione temporanea,Per trattamento alternativo si consiglia di rivolgersi allo specialista o al M.M.G,2026-10-01T10:44:52.197240,60062
IT,Italy,AIFA,OMEPRAZOLO AUROBINDO PHARMA ITALIA,OMEPRAZOLO,""" 10 MG CAPSULE RIGIDE GASTRORESISTENTI "" 14 CAPSULE IN BLISTER OPA-ALU-PVC/ALU",,39758026,A02BC01,2026-06-08,,shortage - end date unknown,Cessata commercializzazione definitiva,Per trattamento alternativo si consiglia di rivolgersi allo specialista o al M.M.G,2026-10-01T10:44:52.197259,60054
IT,Italy,AIFA,OMEPRAZOLO AUROBINDO PHARMA ITALIA,OMEPRAZOLO,""" 10 MG CAPSULE RIGIDE GASTRORESISTENTI "" 28 CAPSULE IN BLISTER OPA-ALU-PVC/ALU",,39758040,A02BC01,2027-01-31,,shortage - end date unknown,Cessata commercializzazione definitiva,Per trattamento alternativo si consiglia di rivolgersi allo specialista o al M.M.G,2026-10-01T10:44:52.197277,60054
IT,Italy,AIFA,OMEPRAZOLO HEXAL A/S,OMEPRAZOLO,"""20 MG CAPSULE RIGIDE GASTRORESISTENTI"" 14 CAPSULE IN BLISTER AL/AL",,39610050,A02BC01,2026-08-16,,shortage - end date unknown,Cessata commercializzazione definitiva,Per trattamento alternativo si consiglia di rivolgersi allo specialista o al M.M.G,2026-10-01T10:44:52.197298,60062
IT,Italy,AIFA,OMEPRAZOLO HEXAL A/S,OMEPRAZOLO,"""10 MG CAPSULE RIGIDE GASTRORESISTENTI"" 14 CAPSULE IN BLISTER AL/AL",,39610023,A02BC01,2026-06-19,,shortage - end date unknown,Cessata commercializzazione definitiva,Per trattamento alternativo si consiglia di rivolgersi allo specialista o al M.M.G,2026-10-01T10:44:52.197317,60054
IT,Italy,AIFA,OMEPRAZOLO P-CARE,OMEPRAZOLO,"""20 MG CAPSULE RIGIDE GASTRORESISTENTI"" 14 CAPSULE IN BLISTER AL/AL",,43499021,A02BC01,2025-10-27,,shortage - end date unknown,Motivi commerciali,Per trattamento alternativo si consiglia di rivolgersi allo specialista o al M.M.G,2026-10-01T10:44:52.197336,60062
IT,Italy,AIFA,OMEPRAZOLO P-CARE,OMEPRAZOLO,"""20 MG CAPSULE RIGIDE GASTRORESISTENTI"" 28 CAPSULE IN BLISTER AL/AL",,43499058,A02BC01,2025-11-30,,shortage - end date unknown,Motivi commerciali,Per trattamento alternativo si consiglia di rivolgersi allo specialista o al M.M.G,2026-10-01T10:44:52.197356,60062
IT,Italy,AIFA,OMEPRAZOLO PHARMACARE,OMEPRAZOLO,"""10 MG CAPSULE RIGIDE GASTRORESISTENTI""  14 CAPSULE IN BLISTER ALU/ALU",,42276016,A02BC01,2025-07-01,,shortage - end date unknown,Motivi commerciali,Per trattamento alternativo si consiglia di rivolgersi allo specialista o al M.M.G,2026-10-01T10:44:52.197374,60054
IT,Italy,AIFA,OMEPRAZOLO PHARMACARE,OMEPRAZOLO,"""20 MG CAPSULE RIGIDE GASTRORESISTENTI"" 14 CAPSULE IN BLISTER ALU/ALU",,42276028,A02BC01,2027-07-01,,shortage - end date unknown,Motivi commerciali,Per trattamento alternativo si consiglia di rivolgersi allo specialista o al M.M.G,2026-10-01T10:44:52.197395,60062
IT,Italy,AIFA,OMEPRAZOLO SANDOZ BV,OMEPRAZOLO SODICO,"""40 MG POLVERE PER SOLUZIONE PER INFUSIONE"" 5 FLACONCINI DI VETRO DA 10 ML",,38187023,A02BC01,2026-03-30,,shortage - end date unknown,Cessata commercializzazione definitiva,Per trattamento alternativo si consiglia di rivolgersi allo specialista o al M.M.G,2026-10-01T10:44:52.197416,126578
IT,Italy,AIFA,OMEPRAZOLO ZENTIVA ITALIA,OMEPRAZOLO,"""10 MG CAPSULE RIGIDE GASTRORESISTENTI"" 28 CAPSULE IN BLISTER OPA/AL/PVC/AL",,42104669,A02BC01,2024-04-01,,shortage - end date unknown,Problemi produttivi,Per trattamento alternativo si consiglia di rivolgersi allo specialista o al M.M.G,2026-10-01T10:44:52.197435,60054
IT,Italy,AIFA,OMEPRAZOLO ZENTIVA ITALIA,OMEPRAZOLO,"""10 MG CAPSULE RIGIDE GASTRORESISTENTI"" 14 CAPSULE IN BLISTER OPA/AL/PVC/AL",,42104657,A02BC01,2026-06-30,,shortage - end date unknown,Problemi produttivi,Per trattamento alternativo si consiglia di rivolgersi allo specialista o al M.M.G,2026-10-01T10:44:52.197453,60054
IT,Italy,AIFA,OMEPRAZOLO ZENTIVA SRL,OMEPRAZOLO SODICO,"""40 MG POLVERE PER SOLUZIONE PER INFUSIONE"" 5 FLACONCINI IN VETRO",,50413020,A02BC01,2023-10-31,,shortage - end date unknown,Elevata richiesta,"Si rilascia autorizzazione allimportazione alle strutture sanitarie per analogo autorizzato allestero, nel caso in cui le strutture interessate riscontrino discontinuità nella fornitura, a livello delle reti distributive cui hanno accesso",2026-10-01T10:44:52.197474,126578
IT,Italy,AIFA,OMKASA,ACIDO SALICILICO,"""1 MG/ML COLLIRIO, SOLUZIONE"" FLACONE IN LDPE DA 10 ML CON CONTAGOCCE",,43530017,S01BC08,2026-07-01,,shortage - end date unknown,Cessata commercializzazione definitiva,Per trattamento alternativo si consiglia di rivolgersi allo specialista o al M.M.G,2026-10-01T10:44:52.197494,
IT,Italy,AIFA,OMKIPO,TIMOLOLO,"""5 mg/ml COLLIRIO, SOLUZIONE"" 1 FLACONE LDPE DA 5 ML CON CONTAGOCCE",,44133015,S01ED01,2026-11-16,,shortage - end date unknown,Problemi produttivi,Per trattamento alternativo si consiglia di rivolgersi allo specialista o al M.M.G,2026-10-01T10:44:52.197517,
IT,Italy,AIFA,OMNIPAQUE,IOEXOLO,"""300 MG I/ML SOLUZIONE INIETTABILE "" FLACONE IN POLIPROPILENE DA 200 ML",,25477151,V08AB02,2026-09-10,,shortage - end date unknown,Problemi produttivi: forniture discontinue,"Si rilascia autorizzazione allimportazione alle strutture sanitarie per analogo autorizzato allestero, nel caso in cui le strutture interessate riscontrino discontinuità nella fornitura, a livello delle reti distributive cui hanno accesso",2026-10-01T10:44:52.197539,34940
IT,Italy,AIFA,OMNIPAQUE,IOEXOLO,"""350 MG I/ML SOLUZIONE INIETTABILE "" FLACONE IN POLIPROPILENE DA 100 ML",,25477175,V08AB02,2026-03-23,,shortage - end date unknown,Problemi produttivi: forniture discontinue,"Si rilascia autorizzazione allimportazione alle strutture sanitarie per analogo autorizzato allestero, nel caso in cui le strutture interessate riscontrino discontinuità nella fornitura, a livello delle reti distributive cui hanno accesso",2026-10-01T10:44:52.197557,18538
IT,Italy,AIFA,OMNIPAQUE,IOEXOLO,"""300 MG I/ML SOLUZIONE INIETTABILE"" FLACONE IN POLIPROPILENE DA 100 ML",,25477148,V08AB02,2026-04-13,,shortage - end date unknown,Problemi produttivi: forniture discontinue,"Si rilascia autorizzazione allimportazione alle strutture sanitarie per analogo autorizzato allestero, nel caso in cui le strutture interessate riscontrino discontinuità nella fornitura, a livello delle reti distributive cui hanno accesso",2026-10-01T10:44:52.197576,18503
IT,Italy,AIFA,OMNIPAQUE,IOEXOLO,""" 350 MG I/ML SOLUZIONE INIETTABILE "" FLACONE IN POLIPROPILENE DA 50 ML",,25477249,V08AB02,2026-07-16,,shortage - end date unknown,Problemi produttivi: forniture discontinue,"Si rilascia autorizzazione allimportazione alle strutture sanitarie per analogo autorizzato allestero, nel caso in cui le strutture interessate riscontrino discontinuità nella fornitura, a livello delle reti distributive cui hanno accesso",2026-10-01T10:44:52.197595,18511
IT,Italy,AIFA,OMNIPAQUE,IOEXOLO,"""350 MG I/ML SOLUZIONE INIETTABILE"" FLACONE IN POLIPROPILENE DA 200 ML",,25477187,V08AB02,2026-07-16,,shortage - end date unknown,Problemi produttivi: forniture discontinue,"Si rilascia autorizzazione allimportazione alle strutture sanitarie per analogo autorizzato allestero, nel caso in cui le strutture interessate riscontrino discontinuità nella fornitura, a livello delle reti distributive cui hanno accesso",2026-10-01T10:44:52.197614,
IT,Italy,AIFA,OMTISA,METADONE CLORIDRATO,"""60 MG COMPRESSE"" 10 COMPRESSE IN BLISTER PVC/PVDC-AL",,49749310,N07BC02,2026-05-01,,shortage - end date unknown,Cessata commercializzazione temporanea,"Per trattamento alternativo si consiglia di rivolgersi allo specialista o al MMG. Sono autorizzati e commercializzati in Italia medicinali con medesimo principio attivo, forma farmaceutica, via di somministrazione, modalità di rilascio, dosaggio, e indicazioni terapeutiche ma numero di unità posologiche differente",2026-10-01T10:44:52.197633,
IT,Italy,AIFA,OMTISA,METADONE CLORIDRATO,"""40 MG COMPRESSE"" 10 COMPRESSE IN BLISTER PVC/PVDC-AL",,49749245,N07BC02,2026-05-01,,shortage - end date unknown,Cessata commercializzazione temporanea,"Per trattamento alternativo si consiglia di rivolgersi allo specialista o al MMG. Sono autorizzati e commercializzati in Italia medicinali con medesimo principio attivo, forma farmaceutica, via di somministrazione, modalità di rilascio, dosaggio, e indicazioni terapeutiche ma numero di unità posologiche differente",2026-10-01T10:44:52.197651,120928
IT,Italy,AIFA,OMTISA,METADONE CLORIDRATO,"""20 MG COMPRESSE"" 10 COMPRESSE IN BLISTER PVC/PVDC-AL",,49749171,N07BC02,2026-05-01,,shortage - end date unknown,Cessata commercializzazione temporanea,"Per trattamento alternativo si consiglia di rivolgersi allo specialista o al MMG. Sono autorizzati e commercializzati in Italia medicinali con medesimo principio attivo, forma farmaceutica, via di somministrazione, modalità di rilascio, dosaggio, e indicazioni terapeutiche ma numero di unità posologiche differente",2026-10-01T10:44:52.197669,86185
IT,Italy,AIFA,OMTISA,METADONE CLORIDRATO,"""10 MG COMPRESSE"" 10 COMPRESSE IN BLISTER PVC/PVDC-AL",,49749094,N07BC02,2026-05-01,,shortage - end date unknown,Cessata commercializzazione temporanea,"Per trattamento alternativo si consiglia di rivolgersi allo specialista o al MMG. Sono autorizzati e commercializzati in Italia medicinali con medesimo principio attivo, forma farmaceutica, via di somministrazione, modalità di rilascio, dosaggio, e indicazioni terapeutiche ma numero di unità posologiche differente",2026-10-01T10:44:52.197688,86177
IT,Italy,AIFA,OMTISA,METADONE CLORIDRATO,"""5 MG COMPRESSE"" 10 COMPRESSE IN BLISTER PVC/PVDC-AL",,49749017,N07BC02,2026-05-01,,shortage - end date unknown,Cessata commercializzazione temporanea,"Per trattamento alternativo si consiglia di rivolgersi allo specialista o al MMG. Sono autorizzati e commercializzati in Italia medicinali con medesimo principio attivo, forma farmaceutica, via di somministrazione, modalità di rilascio, dosaggio, e indicazioni terapeutiche ma numero di unità posologiche differente",2026-10-01T10:44:52.197707,7528
IT,Italy,AIFA,OMVOH,MIRIKIZUMAB,100 mg - Soluzione iniettabile - Uso sottocutaneo - Siringa preriempita (vetro) in penna preriempita 1 ml (100 mg / ml) - 2 penne preriempite,,50695042,L04AC24,2026-09-29,,shortage - end date unknown,Cessata commercializzazione definitiva,Per trattamento alternativo si consiglia di rivolgersi allo specialista o al M.M.G,2026-10-01T10:44:52.197725,225533
IT,Italy,AIFA,ONDANSETRON EG,ONDANSETRON CLORIDRATO DIIDRATO,"""4 MG COMPRESSE RIVESTITE CON FILM"" 6 COMPRESSE IN BLISTER PVC/AL",,37533104,A04AA01,2026-07-22,,shortage - end date unknown,Problemi produttivi: forniture discontinue,"Si rilascia autorizzazione allimportazione alle strutture sanitarie per analogo autorizzato allestero, nel caso in cui le strutture interessate riscontrino discontinuità nella fornitura, a livello delle reti distributive cui hanno accesso",2026-10-01T10:44:52.197744,31496
IT,Italy,AIFA,ONDANSETRON EG,ONDANSETRON CLORIDRATO DIIDRATO,"""8 MG COMPRESSE RIVESTITE CON FILM"" 6 COMPRESSE IN BLISTER PVC/AL",,37533167,A04AA01,2026-12-01,,shortage - end date unknown,Problemi produttivi,"Si rilascia autorizzazione allimportazione alle strutture sanitarie per analogo autorizzato allestero, nel caso in cui le strutture interessate riscontrino discontinuità nella fornitura, a livello delle reti distributive cui hanno accesso",2026-10-01T10:44:52.197763,31518
IT,Italy,AIFA,ONDANSETRONE ACCORD HEALTHCARE,ONDANSETRON CLORIDRATO DIIDRATO,"""2 MG/ML SOLUZIONE INIETTABILE O PER INFUSIONE"" 10 FIALE IN VETRO DA 4 ML",,40469049,A04AA01,2026-05-08,,shortage - end date unknown,Elevata richiesta,Per trattamento alternativo si consiglia di rivolgersi allo specialista o al M.M.G,2026-10-01T10:44:52.197781,226971
IT,Italy,AIFA,ONDANSETRONE AUROBINDO,ONDANSETRON CLORIDRATO DIIDRATO,"""2 MG/ML SOLUZIONE INIETTABILE O PER INFUSIONE"" 10 FIALE IN VETRO DA 2 ML",,44484032,A04AA01,2025-04-16,,shortage - end date unknown,Problemi produttivi,Per trattamento alternativo si consiglia di rivolgersi allo specialista o al M.M.G,2026-10-01T10:44:52.197800,31526
IT,Italy,AIFA,ONDANSETRONE AUROBINDO,ONDANSETRON CLORIDRATO DIIDRATO,"""2 MG/ML SOLUZIONE INIETTABILE O PER INFUSIONE"" 10 FIALE IN VETRO DA 4 ML",,44484069,A04AA01,2025-10-14,,shortage - end date unknown,Problemi produttivi,Per trattamento alternativo si consiglia di rivolgersi allo specialista o al M.M.G,2026-10-01T10:44:52.197819,226971
IT,Italy,AIFA,ONDANSETRONE MYLAN GENERICS,ONDANSETRONE,"""4 MG COMPRESSE RIVESTITE CON FILM"" 6 COMPRESSE IN BLISTER PVC/AL",,37548029,A04AA01,2026-04-15,,shortage - end date unknown,Elevata richiesta,Si rilascia autorizzazione allimportazione alle strutture sanitarie per analogo autorizzato allestero,2026-10-01T10:44:52.197837,31496
IT,Italy,AIFA,ONDANSETRONE MYLAN GENERICS,ONDANSETRONE,"""8 MG COMPRESSE RIVESTITE CON FILM"" 6 COMPRESSE IN BLISTER PVC/AL",,37548171,A04AA01,2026-01-22,,shortage - end date unknown,Elevata richiesta,"Si rilascia autorizzazione allimportazione alle strutture sanitarie per analogo autorizzato allestero, nel caso in cui le strutture interessate riscontrino discontinuità nella fornitura, a livello delle reti distributive cui hanno accesso",2026-10-01T10:44:52.197856,31518
IT,Italy,AIFA,ONDANSETRONE MYLAN GENERICS ITALIA,ONDANSETRON CLORIDRATO DIIDRATO,"""2 MG/ML SOLUZIONE INIETTABILE"" 10 FIALE IN VETRO DA 2 ML",,37549045,A04AA01,2025-12-01,,shortage - end date unknown,Problemi produttivi,Per trattamento alternativo si consiglia di rivolgersi allo specialista o al M.M.G,2026-10-01T10:44:52.197874,31526
IT,Italy,AIFA,OPDIVO,NIVOLUMAB,600 mg - Soluzione iniettabile - Uso sottocutaneo - Flaconcino(vetro) 5 ml (120 mg/ml) - 1 flaconcino,,44291058,L01FF01,2026-03-13,2026-10-31,shortage,Problemi produttivi,Rilasciata determinazione per limportazione al titolare A.I.C.,2026-10-01T10:44:52.197898,
IT,Italy,AIFA,OPTIRAY,IOVERSOLO,"""350 MG/ML SOLUZIONE INIETTABILE"" FLACONE 150 ML",,27674175,V08AB07,2024-12-04,2027-09-23,shortage,Elevata richiesta/problemi produttivi: forniture discontinue,"Si rilascia autorizzazione allimportazione alle strutture sanitarie per analogo autorizzato allestero, nel caso in cui le strutture interessate riscontrino discontinuità nella fornitura, a livello delle reti distributive cui hanno accesso",2026-10-01T10:44:52.197922,
IT,Italy,AIFA,OPTIRAY,IOVERSOLO,"""350 MG/ML SOLUZIONE INIETTABILE"" FLACONE 100 ML",,27674163,V08AB07,2024-12-04,2027-09-23,shortage,Elevata richiesta/problemi produttivi: forniture discontinue,"Si rilascia autorizzazione allimportazione alle strutture sanitarie per analogo autorizzato allestero, nel caso in cui le strutture interessate riscontrino discontinuità nella fornitura, a livello delle reti distributive cui hanno accesso",2026-10-01T10:44:52.197945,34657
IT,Italy,AIFA,OPTIRAY,IOVERSOLO,"""350 MG/ML SOLUZIONE INIETTABILE"" FLACONE 500 ML",,27674237,V08AB07,2023-04-28,2027-09-07,shortage,Elevata richiesta: forniture discontinue,"Si rilascia autorizzazione allimportazione alle strutture sanitarie per analogo autorizzato allestero, nel caso in cui le strutture interessate riscontrino discontinuità nella fornitura, a livello delle reti distributive cui hanno accesso",2026-10-01T10:44:52.197968,83240
IT,Italy,AIFA,OSENVELT,DENOSUMAB,"120 mg - Soluzione iniettabile - Uso sottocutaneo - Flaconcino (vetro) 1,7 mL (70 mg/mL) - 1 flaconcino",,51974018,M05BX04,2026-06-29,,shortage - end date unknown,Elevata richiesta,Rilasciata determinazione per limportazione al titolare A.I.C.,2026-10-01T10:44:52.197987,100420
IT,Italy,AIFA,OSSIBUTININA CLORIDRATO MYLAN GENERICS,OXIBUTININA CLORIDRATO,BLISTER 30 COMPRESSE 5 MG,,34261115,G04BD04,2026-07-01,,shortage - end date unknown,Problemi produttivi,Per trattamento alternativo si consiglia di rivolgersi allo specialista o al M.M.G,2026-10-01T10:44:52.198006,24279
IT,Italy,AIFA,OSSITOCINA GRINDEKS,OSSITOCINA,"""8,3 MICROGRAMMI (5 U.I.)/ML SOLUZIONE INIETTABILE/PER INFUSIONE"" 10 FIALE IN VETRO DA 1 ML",,48734026,H01BB02,2026-07-29,,shortage - end date unknown,Elevata richiesta/problemi produttivi,Si rilascia autorizzazione allimportazione alle strutture sanitarie per analogo autorizzato allestero,2026-10-01T10:44:52.198024,
IT,Italy,AIFA,OSVAREN,CALCIO ACETATO + MAGNESIO CARBONATO,"""435 MG/235 MG COMPRESSE RIVESTITE CON FILM"" 180 COMPRESSE IN CONTENITORE HDPE",,38540011,V03AE04,2025-03-24,,shortage - end date unknown,Problemi produttivi,Si rilascia autorizzazione allimportazione alle strutture sanitarie per analogo autorizzato allestero,2026-10-01T10:44:52.198043,98167
IT,Italy,AIFA,OSVYRTI,DENOSUMAB,60 mg - Soluzione iniettabile - Uso sottocutaneo - Siringa preriempita (vetro) 1 ml (60 mg/ml) - 1 siringa preriempita,,52237017,M05BX04,2026-09-28,,shortage - end date unknown,Problemi produttivi,"Si rilascia autorizzazione allimportazione alle strutture sanitarie per analogo autorizzato allestero, nel caso in cui le strutture interessate riscontrino discontinuità nella fornitura, a livello delle reti distributive cui hanno accesso",2026-10-01T10:44:52.198068,96261
IT,Italy,AIFA,OXALIPLATINO ACCORD,OXALIPLATINO,""" 5 MG/ML CONCENTRATO PER SOLUZIONE PER INFUSIONE"" 1 FLACONCINO IN VETRO DA 20 ML",,41274022,L01XA03,2025-02-24,,shortage - end date unknown,Problemi produttivi: ridotta disponibilità,"Si rilascia autorizzazione allimportazione alle strutture sanitarie per analogo autorizzato allestero, nel caso in cui le strutture interessate riscontrino discontinuità nella fornitura, a livello delle reti distributive cui hanno accesso",2026-10-01T10:44:52.198087,79774
IT,Italy,AIFA,OXALIPLATINO ACCORD,OXALIPLATINO,""" 5 MG/ML CONCENTRATO PER SOLUZIONE PER INFUSIONE"" 1 FLACONCINO IN VETRO DA 10 ML",,41274010,L01XA03,2026-09-30,,shortage - end date unknown,Motivi commerciali,Per trattamento alternativo si consiglia di rivolgersi allo specialista o al M.M.G,2026-10-01T10:44:52.198105,79766
IT,Italy,AIFA,OXALIPLATINO AUROBINDO ITALIA,OXALIPLATINO,"""5 MG/ML CONCENTRATO PER SOLUZIONE PER INFUSIONE"" 1 FLACONCINO IN VETRO DA 10 ML",,50405012,L01XA03,2026-03-08,,shortage - end date unknown,Problemi produttivi,Per trattamento alternativo si consiglia di rivolgersi allo specialista o al M.M.G,2026-10-01T10:44:52.198124,79766
IT,Italy,AIFA,OXALIPLATINO AUROBINDO ITALIA,OXALIPLATINO,"""5 MG/ML CONCENTRATO PER SOLUZIONE PER INFUSIONE"" 1 FLACONCINO IN VETRO DA 20 ML",,50405024,L01XA03,2026-10-09,,shortage - end date unknown,Elevata richiesta/problemi produttivi,Per trattamento alternativo si consiglia di rivolgersi allo specialista o al M.M.G,2026-10-01T10:44:52.198142,79774
IT,Italy,AIFA,OXALIPLATINO AUROBINDO ITALIA,OXALIPLATINO,"""5 MG/ML CONCENTRATO PER SOLUZIONE PER INFUSIONE"" 1 FLACONCINO IN VETRO DA 40 ML",,50405036,L01XA03,2026-08-30,,shortage - end date unknown,Problemi produttivi,"Si rilascia autorizzazione allimportazione alle strutture sanitarie per analogo autorizzato allestero, nel caso in cui le strutture interessate riscontrino discontinuità nella fornitura, a livello delle reti distributive cui hanno accesso",2026-10-01T10:44:52.198160,79782
IT,Italy,AIFA,OXALIPLATINO SANDOZ,OXALIPLATINO,"""5 MG/ML CONCENTRATO PER SOLUZIONE PER INFUSIONE"" 200 MG/40 ML 1 FLACONCINO",,40654055,L01XA03,2025-11-24,,shortage - end date unknown,Cessata commercializzazione definitiva,"Si rilascia autorizzazione allimportazione alle strutture sanitarie per analogo autorizzato allestero, nel caso in cui le strutture interessate riscontrino discontinuità nella fornitura, a livello delle reti distributive cui hanno accesso",2026-10-01T10:44:52.198179,79782
IT,Italy,AIFA,OXALIPLATINO SUN,OXALIPLATINO,""" 5MG/ML CONCENTRATO PER SOLUZIONE PER INFUSIONE"" 1 FLACONCINO DA 50MG/10ML  IN VETRO",,41761014,L01XA03,2026-10-01,,shortage - end date unknown,Elevata richiesta: distribuzione contingentata,Per trattamento alternativo si consiglia di rivolgersi allo specialista o al M.M.G,2026-10-01T10:44:52.198202,79766
IT,Italy,AIFA,OXBRYTA,VOXELOTOR,500 mg - Compressa rivestita con film - Uso orale - Flacone (HDPE) - 90 compresse,,49971017,B06AX03,2024-09-23,,shortage - end date unknown,Sospensione commercializzazione,Per trattamento alternativo si consiglia di rivolgersi allo specialista o al M.M.G,2026-10-01T10:44:52.198221,
IT,Italy,AIFA,OYAVAS,BEVACIZUMAB,25 MG / ML - CONCENTRATO PER SOLUZIONE PER INFUSIONE - USO ENDOVENOSO - FLACONCINO (VETRO) 16 ML - 1 FLACONCINO,,49431024,L01FG01,2026-06-30,,shortage - end date unknown,Cessata commercializzazione temporanea,Rilasciata determinazione per limportazione al titolare A.I.C.,2026-10-01T10:44:52.198240,76929
IT,Italy,AIFA,OYAVAS,BEVACIZUMAB,25 MG / ML - CONCENTRATO PER SOLUZIONE PER INFUSIONE - USO ENDOVENOSO - FLACONCINO (VETRO) 4 ML - 1 FLACONCINO,,49431012,L01FG01,2026-03-31,,shortage - end date unknown,Cessata commercializzazione definitiva,Per trattamento alternativo si consiglia di rivolgersi allo specialista o al M.M.G,2026-10-01T10:44:52.198258,76910
IT,Italy,AIFA,PACLITAXEL ACCORD HEALTHCARE ITALIA,PACLITAXEL,""" 6 MG/ML CONCENTRATO PER SOLUZIONE PER INFUSIONE"" 1 FLACONCINO  IN VETRO DA 300MG/50ML",,40573038,L01CD01,2023-01-20,,shortage - end date unknown,Problemi produttivi,Per trattamento alternativo si consiglia di rivolgersi allo specialista o al M.M.G,2026-10-01T10:44:52.198276,
IT,Italy,AIFA,PACLITAXEL ACCORD HEALTHCARE ITALIA,PACLITAXEL,""" 6 MG/ML CONCENTRATO PER SOLUZIONE PER INFUSIONE"" 1 FLACONCINO  IN VETRO DA 100MG/16,7ML",,40573026,L01CD01,2026-09-30,,shortage - end date unknown,Problemi produttivi,Per trattamento alternativo si consiglia di rivolgersi allo specialista o al M.M.G,2026-10-01T10:44:52.198295,46833
IT,Italy,AIFA,PACLITAXEL ACCORD HEALTHCARE ITALIA,PACLITAXEL,"""6 MG/ML CONCENTRATO PER SOLUZIONE PER INFUSIONE"" 1 FLACONCINO IN VETRO DA 600 MG/100ML",,40573053,L01CD01,2022-05-30,,shortage - end date unknown,Problemi produttivi,Rilasciata determinazione per limportazione al titolare A.I.C.,2026-10-01T10:44:52.198313,96504
IT,Italy,AIFA,PACLITAXEL ACCORD HEALTHCARE ITALIA,PACLITAXEL,""" 6 MG/ML CONCENTRATO PER SOLUZIONE PER INFUSIONE"" 1 FLACONCINO  IN VETRO DA 30MG/5ML",,40573014,L01CD01,2026-07-10,,shortage - end date unknown,Elevata richiesta,Per trattamento alternativo si consiglia di rivolgersi allo specialista o al M.M.G,2026-10-01T10:44:52.198332,38202
IT,Italy,AIFA,PACLITAXEL AUROBINDO,PACLITAXEL,"""6 MG/ML CONCENTRATO PER SOLUZIONE PER INFUSIONE"" 1 FLACONCINO IN VETRO DA 50 ML",,38720049,L01CD01,2026-06-01,,shortage - end date unknown,Problemi produttivi,Per trattamento alternativo si consiglia di rivolgersi allo specialista o al M.M.G,2026-10-01T10:44:52.198350,56596
IT,Italy,AIFA,PACLITAXEL SANDOZ,PACLITAXEL,"""6 MG/ML CONCENTRATO PER SOLUZIONE PER INFUSIONE"" 1 FLACONCINO DA 300 MG",,37807043,L01CD01,2026-12-21,,shortage - end date unknown,Cessata commercializzazione definitiva,Per trattamento alternativo si consiglia di rivolgersi allo specialista o al M.M.G,2026-10-01T10:44:52.198368,56596
IT,Italy,AIFA,PALIPERIDONE KRKA,PALIPERIDONE,"""9 MG COMPRESSE A RILASCIO PROLUNGATO"" 28 COMPRESSE IN BLISTER OPA/AL/PVC/AL DIVISIBILE PER DOSE UNITARIA",,45969084,N05AX13,2024-07-19,,shortage - end date unknown,Problemi produttivi,Per trattamento alternativo si consiglia di rivolgersi allo specialista o al M.M.G,2026-10-01T10:44:52.198387,84654
IT,Italy,AIFA,PALIPERIDONE KRKA,PALIPERIDONE,"""3 MG COMPRESSE A RILASCIO PROLUNGATO"" 28 COMPRESSE IN BLISTER OPA/AL/PVC/AL DIVISIBILE PER DOSE UNITARIA",,45969021,N05AX13,2025-04-17,,shortage - end date unknown,Problemi produttivi,Per trattamento alternativo si consiglia di rivolgersi allo specialista o al M.M.G,2026-10-01T10:44:52.198405,84638
IT,Italy,AIFA,PALIPERIDONE KRKA,PALIPERIDONE,"""6 MG COMPRESSE A RILASCIO PROLUNGATO"" 28 COMPRESSE IN BLISTER OPA/AL/PVC/AL DIVISIBILE PER DOSE UNITARIA",,45969058,N05AX13,2025-07-07,,shortage - end date unknown,Elevata richiesta,"Si rilascia autorizzazione allimportazione alle strutture sanitarie per analogo autorizzato allestero, nel caso in cui le strutture interessate riscontrino discontinuità nella fornitura, a livello delle reti distributive cui hanno accesso",2026-10-01T10:44:52.198423,84646
IT,Italy,AIFA,PALIPERIDONE SANDOZ,PALIPERIDONE,"""3 MG COMPRESSE A RILASCIO PROLUNGATO"" 28X1 COMPRESSE IN BLISTER DIVISIBILE PER DOSE UNITARIA OPA/AL/PVC/AL",,46616025,N05AX13,2026-02-13,,shortage - end date unknown,Elevata richiesta/problemi produttivi,Per trattamento alternativo si consiglia di rivolgersi allo specialista o al M.M.G,2026-10-01T10:44:52.198441,84638
IT,Italy,AIFA,PALIPERIDONE TEVA ITALIA,PALIPERIDONE,"""75 MG SOSPENSIONE INIETTABILE A RILASCIO PROLUNGATO"" 1 SIRINGA PRERIEMPITA E DUE AGHI",,49537020,N05AX13,2026-02-26,,shortage - end date unknown,Elevata richiesta,"Si rilascia autorizzazione allimportazione alle strutture sanitarie per analogo autorizzato allestero, nel caso in cui le strutture interessate riscontrino discontinuità nella fornitura, a livello delle reti distributive cui hanno accesso",2026-10-01T10:44:52.198460,96970
IT,Italy,AIFA,PALIPERIDONE TEVA ITALIA,PALIPERIDONE,"""150 MG SOSPENSIONE INIETTABILE A RILASCIO PROLUNGATO"" 1 SIRINGA PRERIEMPITA E DUE AGHI",,49537044,N05AX13,2026-02-02,2026-10-30,shortage,Elevata richiesta: distribuzione contingentata,"Si rilascia autorizzazione allimportazione alle strutture sanitarie per analogo autorizzato allestero, nel caso in cui le strutture interessate riscontrino discontinuità nella fornitura, a livello delle reti distributive cui hanno accesso",2026-10-01T10:44:52.198484,96997
IT,Italy,AIFA,PALIPERIDONE TEVA ITALIA,PALIPERIDONE,"""100 MG SOSPENSIONE INIETTABILE A RILASCIO PROLUNGATO"" 1 SIRINGA PRERIEMPITA E DUE AGHI",,49537032,N05AX13,2026-03-02,2026-10-30,shortage,Elevata richiesta: forniture discontinue,"Si rilascia autorizzazione allimportazione alle strutture sanitarie per analogo autorizzato allestero, nel caso in cui le strutture interessate riscontrino discontinuità nella fornitura, a livello delle reti distributive cui hanno accesso",2026-10-01T10:44:52.198507,96989
IT,Italy,AIFA,PALIPERIDONE ZENTIVA,PALIPERIDONE,"""150 MG SOSPENSIONE INIETTABILE A RILASCIO PROLUNGATO IN SIRINGA PRE-RIEMPITA"" 1 SIRINGA PRERIEMPITA IN VETRO E 2 AGHI DI SICUREZZA",,52229046,N05AX13,2026-07-31,,shortage - end date unknown,Elevata richiesta/problemi produttivi,"Si rilascia autorizzazione allimportazione alle strutture sanitarie per analogo autorizzato allestero, nel caso in cui le strutture interessate riscontrino discontinuità nella fornitura, a livello delle reti distributive cui hanno accesso",2026-10-01T10:44:52.198525,96997
IT,Italy,AIFA,PALIPERIDONE ZENTIVA,PALIPERIDONE,"""100 MG SOSPENSIONE INIETTABILE A RILASCIO PROLUNGATO IN SIRINGA PRE-RIEMPITA"" 1 SIRINGA PRERIEMPITA IN VETRO E 2 AGHI DI SICUREZZA",,52229034,N05AX13,2026-07-31,,shortage - end date unknown,Elevata richiesta/problemi produttivi,Per trattamento alternativo si consiglia di rivolgersi allo specialista o al M.M.G,2026-10-01T10:44:52.198544,96989
IT,Italy,AIFA,PALIPERIDONE ZENTIVA,PALIPERIDONE,"""75 MG SOSPENSIONE INIETTABILE A RILASCIO PROLUNGATO IN SIRINGA PRE-RIEMPITA"" 1 SIRINGA PRERIEMPITA IN VETRO E 2 AGHI DI SICUREZZA",,52229022,N05AX13,2026-08-24,,shortage - end date unknown,Elevata richiesta/problemi produttivi,Si rilascia autorizzazione allimportazione alle strutture sanitarie per analogo autorizzato allestero,2026-10-01T10:44:52.198562,96970
IT,Italy,AIFA,PALMEUX,PALIPERIDONE,75 MG SOSPENSIONE INIETTABILE A RILASCIO PROLUNGATO IN SIRINGA PRERIEMPITA 1 SIRINGA IN COC + DUE AGHI DI SICUREZZA,,49737036,N05AX13,2025-01-10,2026-12-31,shortage,Problemi produttivi,Si rilascia autorizzazione allimportazione alle strutture sanitarie per analogo autorizzato allestero,2026-10-01T10:44:52.198585,96970
IT,Italy,AIFA,PALMEUX,PALIPERIDONE,50 MG SOSPENSIONE INIETTABILE A RILASCIO PROLUNGATO IN SIRINGA PRERIEMPITA 1 SIRINGA IN COC + DUE AGHI DI SICUREZZA,,49737024,N05AX13,2025-07-17,2026-12-31,shortage,Problemi produttivi,Si rilascia autorizzazione allimportazione alle strutture sanitarie per analogo autorizzato allestero,2026-10-01T10:44:52.198609,96962
IT,Italy,AIFA,PALMEUX,PALIPERIDONE,150 MG SOSPENSIONE INIETTABILE A RILASCIO PROLUNGATO IN SIRINGA PRERIEMPITA 1 SIRINGA IN COC + DUE AGHI DI SICUREZZA,,49737051,N05AX13,2024-10-07,2026-12-31,shortage,Problemi produttivi,"Si rilascia autorizzazione allimportazione alle strutture sanitarie per analogo autorizzato allestero, nel caso in cui le strutture interessate riscontrino discontinuità nella fornitura, a livello delle reti distributive cui hanno accesso",2026-10-01T10:44:52.198632,96997
IT,Italy,AIFA,PALMEUX,PALIPERIDONE,100 MG SOSPENSIONE INIETTABILE A RILASCIO PROLUNGATO IN SIRINGA PRERIEMPITA 1 SIRINGA IN COC + DUE AGHI DI SICUREZZA,,49737048,N05AX13,2024-06-28,2026-12-31,shortage,Problemi produttivi,Si rilascia autorizzazione allimportazione alle strutture sanitarie per analogo autorizzato allestero,2026-10-01T10:44:52.198655,96989
IT,Italy,AIFA,PALONOSETRON FRESENIUS KABI,PALONOSETRON (TD),"""250 MICROGRAMMI SOLUZIONE INIETTABILE"" 10 FLACONCINI IN VETRO DA 5 ML",,44227027,A04AA05,2024-12-10,,shortage - end date unknown,Problemi produttivi,"Si rilascia autorizzazione allimportazione alle strutture sanitarie per analogo autorizzato allestero, nel caso in cui le strutture interessate riscontrino discontinuità nella fornitura, a livello delle reti distributive cui hanno accesso",2026-10-01T10:44:52.198674,
IT,Italy,AIFA,PANTOPRAZOLO ACCORD HEALTHCARE,PANTOPRAZOLO,"""40 MG COMPRESSE GASTRORESISTENTI"" 28 COMPRESSE IN BLISTER AL/AL",,43900048,A02BC02,2026-02-27,,shortage - end date unknown,Elevata richiesta,Per trattamento alternativo si consiglia di rivolgersi allo specialista o al M.M.G,2026-10-01T10:44:52.198692,43044
IT,Italy,AIFA,PANTOPRAZOLO ACCORD HEALTHCARE,PANTOPRAZOLO SODICO SESQUIDRATO,"""20 MG COMPRESSE GASTRORESISTENTI"" 28 COMPRESSE IN BLISTER AL/AL",,43900036,A02BC02,2026-02-27,,shortage - end date unknown,Elevata richiesta,Per trattamento alternativo si consiglia di rivolgersi allo specialista o al M.M.G,2026-10-01T10:44:52.198711,52272
IT,Italy,AIFA,PANTOPRAZOLO MYLAN,PANTOPRAZOLO SODICO SESQUIDRATO,"""20 MG COMPRESSE GASTRORESISTENTI"" 14 COMPRESSE IN BLISTER AL",,40700015,A02BC02,2026-06-08,,shortage - end date unknown,Cessata commercializzazione temporanea,Per trattamento alternativo si consiglia di rivolgersi allo specialista o al M.M.G,2026-10-01T10:44:52.198730,52272
IT,Italy,AIFA,PANTOPRAZOLO MYLAN,PANTOPRAZOLO SODICO SESQUIDRATO,"""40 MG COMPRESSE GASTRORESISTENTI"" 28 COMPRESSE IN BLISTER AL",,40700041,A02BC02,2026-11-20,,shortage - end date unknown,Cessata commercializzazione temporanea,Per trattamento alternativo si consiglia di rivolgersi allo specialista o al M.M.G,2026-10-01T10:44:52.198748,43044
IT,Italy,AIFA,PANTOPRAZOLO MYLAN,PANTOPRAZOLO SODICO SESQUIDRATO,"""40 MG COMPRESSE GASTRORESISTENTI"" 14 COMPRESSE IN BLISTER AL",,40700039,A02BC02,2026-07-27,,shortage - end date unknown,Cessata commercializzazione temporanea,Per trattamento alternativo si consiglia di rivolgersi allo specialista o al M.M.G,2026-10-01T10:44:52.198766,43044
IT,Italy,AIFA,PANTOPRAZOLO MYLAN,PANTOPRAZOLO SODICO SESQUIDRATO,"""20 MG COMPRESSE GASTRORESISTENTI"" 28 COMPRESSE IN BLISTER AL",,40700027,A02BC02,2026-06-08,,shortage - end date unknown,Cessata commercializzazione temporanea,Per trattamento alternativo si consiglia di rivolgersi allo specialista o al M.M.G,2026-10-01T10:44:52.198785,52272
IT,Italy,AIFA,PANTOPRAZOLO SUN PHARMA,PANTOPRAZOLO,"""40 MG POLVERE PER SOLUZIONE INIETTABILE"" 1 FLACONCINO IN VETRO DA 10 ML",,44465019,A02BC02,2025-06-02,,shortage - end date unknown,Elevata richiesta,Rilasciata determinazione per limportazione al titolare A.I.C.,2026-10-01T10:44:52.198803,50482
IT,Italy,AIFA,PANTOPRAZOLO SUN PHARMA,PANTOPRAZOLO,"""40 MG POLVERE PER SOLUZIONE INIETTABILE"" 10 FLACONCINI IN VETRO DA 10 ML",,44465021,A02BC02,2026-06-04,,shortage - end date unknown,Elevata richiesta,Per trattamento alternativo si consiglia di rivolgersi allo specialista o al M.M.G,2026-10-01T10:44:52.198822,50482
IT,Italy,AIFA,PANTOPRAZOLO SUN PHARMACEUTICAL INDUSTRIES LIMITED,PANTOPRAZOLO SODICO SESQUIDRATO,""" 40 MG COMPRESSE GASTRO-RESISTENTI "" 14 COMPRESSE IN BLISTER ALU/ALU",,39015134,A02BC02,2024-04-05,,shortage - end date unknown,Problemi produttivi,Per trattamento alternativo si consiglia di rivolgersi allo specialista o al M.M.G,2026-10-01T10:44:52.198840,43044
IT,Italy,AIFA,PANTOPRAZOLO SUN PHARMACEUTICAL INDUSTRIES LIMITED,PANTOPRAZOLO SODICO SESQUIDRATO,""" 20 MG COMPRESSE GASTRO-RESISTENTI "" 14 COMPRESSE IN BLISTER ALU/ALU",,39015021,A02BC02,2024-07-31,,shortage - end date unknown,Problemi produttivi,Per trattamento alternativo si consiglia di rivolgersi allo specialista o al M.M.G,2026-10-01T10:44:52.198859,52272
IT,Italy,AIFA,PANTOPRAZOLO TOWA,PANTOPRAZOLO,"""40 MG COMPRESSE GASTRORESISTENTI"" 28 COMPRESSE IN BLISTER AL/AL",,38842062,A02BC02,2026-04-16,,shortage - end date unknown,Cessata commercializzazione temporanea,Per trattamento alternativo si consiglia di rivolgersi allo specialista o al M.M.G,2026-10-01T10:44:52.198878,43044
IT,Italy,AIFA,PANTOPRAZOLO TOWA,PANTOPRAZOLO,"""20 MG COMPRESSE GASTRORESISTENTI"" 28 COMPRESSE IN BLISTER AL/AL",,38842050,A02BC02,2026-04-16,,shortage - end date unknown,Cessata commercializzazione temporanea,Per trattamento alternativo si consiglia di rivolgersi allo specialista o al M.M.G,2026-10-01T10:44:52.198899,52272
IT,Italy,AIFA,PANTOPRAZOLO TOWA,PANTOPRAZOLO,""" 40 MG  COMPRESSE GASTRORESISTENTI "" 14 COMPRESSE IN BLISTER AL/AL",,38842035,A02BC02,2026-04-16,,shortage - end date unknown,Cessata commercializzazione temporanea,Per trattamento alternativo si consiglia di rivolgersi allo specialista o al M.M.G,2026-10-01T10:44:52.198918,43044
IT,Italy,AIFA,PANTOPRAZOLO TOWA,PANTOPRAZOLO,""" 20 MG COMPRESSE GASTRORESISTENTI "" 14 COMPRESSE IN BLISTER AL/AL",,38842011,A02BC02,2026-04-16,,shortage - end date unknown,Cessata commercializzazione temporanea,Per trattamento alternativo si consiglia di rivolgersi allo specialista o al M.M.G,2026-10-01T10:44:52.198936,52272
IT,Italy,AIFA,PANTOPRAZOLO ZENTIVA LAB,PANTOPRAZOLO,"""40 mg POLVERE PER SOLUZIONE INIETTABILE"" 10 FLACONCINI IN VETRO",,49993025,A02BC02,2024-10-14,,shortage - end date unknown,Problemi produttivi,Per trattamento alternativo si consiglia di rivolgersi allo specialista o al M.M.G,2026-10-01T10:44:52.198955,50482
IT,Italy,AIFA,PAPAVERINA CLORIDRATO GALENICA SENESE,PAPAVERINA CLORIDRATO,"""30 MG/2 ML SOLUZIONE INIETTABILE"" 10 FIALE DA 2 ML",,29859055,A03AD01,2026-11-20,,shortage - end date unknown,Cessata commercializzazione temporanea,Per trattamento alternativo si consiglia di rivolgersi allo specialista o al M.M.G,2026-10-01T10:44:52.198976,
IT,Italy,AIFA,PARACALCITOLO TEVA ITALIA,PARACALCITOLO,"""1 MICROGRAMMO CAPSULE MOLLI"" 28 CAPSULE IN CONTENITORE HDPE",,43129093,H05BX02,2026-09-14,2027-05-31,shortage,Problemi regolatori,"Si rilascia autorizzazione allimportazione alle strutture sanitarie per analogo autorizzato allestero, nel caso in cui le strutture interessate riscontrino discontinuità nella fornitura, a livello delle reti distributive cui hanno accesso",2026-10-01T10:44:52.198999,
IT,Italy,AIFA,PARACALCITOLO TEVA ITALIA,PARACALCITOLO,"""2 MICROGRAMMI CAPSULE MOLLI"" 28 CAPSULE IN CONTENITORE HDPE",,43129105,H05BX02,2026-09-14,2027-05-31,shortage,Problemi regolatori,"Si rilascia autorizzazione allimportazione alle strutture sanitarie per analogo autorizzato allestero, nel caso in cui le strutture interessate riscontrino discontinuità nella fornitura, a livello delle reti distributive cui hanno accesso",2026-10-01T10:44:52.199022,
IT,Italy,AIFA,PARACETAMOLO AUROBINDO PHARMA ITALIA,PARACETAMOLO,"""1000 MG POLVERE PER SOLUZIONE ORALE"" 16 BUSTINE",,45591031,N02BE01,2026-07-09,,shortage - end date unknown,Elevata richiesta/problemi produttivi: distribuzione contingentata,Per trattamento alternativo si consiglia di rivolgersi allo specialista o al M.M.G,2026-10-01T10:44:52.199042,
IT,Italy,AIFA,PARACETAMOLO B. BRAUN,PARACETAMOLO,"""10 MG/ML SOLUZIONE PER INFUSIONE"" 10 FLACONI IN LDPE DA 50 ML",,40798011,N02BE01,2026-10-01,2026-11-30,shortage,Problemi produttivi,Per trattamento alternativo si consiglia di rivolgersi allo specialista o al M.M.G,2026-10-01T10:44:52.199065,95176
IT,Italy,AIFA,PARACETAMOLO GALENICA SENESE,PARACETAMOLO,"""10 MG/ML SOLUZIONE PER INFUSIONE"" 10 SACCHE IN POLIOLEFINE DA 100 ML CON UNA PORTA",,41160060,N02BE01,2025-02-28,,shortage - end date unknown,Problemi produttivi,"Si rilascia autorizzazione allimportazione alle strutture sanitarie per analogo autorizzato allestero, nel caso in cui le strutture interessate riscontrino discontinuità nella fornitura, a livello delle reti distributive cui hanno accesso",2026-10-01T10:44:52.199084,127671
IT,Italy,AIFA,PARACETAMOLO GALENICA SENESE,PARACETAMOLO,"""10 MG/ML SOLUZIONE PER INFUSIONE"" 10 SACCHE IN POLIOLEFINE DA 100 ML CON DUE PORTE",,41160045,N02BE01,2025-02-28,,shortage - end date unknown,Problemi produttivi,"Si rilascia autorizzazione allimportazione alle strutture sanitarie per analogo autorizzato allestero, nel caso in cui le strutture interessate riscontrino discontinuità nella fornitura, a livello delle reti distributive cui hanno accesso",2026-10-01T10:44:52.199103,127671
IT,Italy,AIFA,PARACETAMOLO KABI,PARACETAMOLO,""" 10 MG/ML SOLUZIONE PER INFUSIONE"" 10 FLACONCINI IN VETRO DA 100 ML",,40381067,N02BE01,2023-03-13,,shortage - end date unknown,Elevata richiesta: forniture discontinue,"Si rilascia autorizzazione allimportazione alle strutture sanitarie per analogo autorizzato allestero, nel caso in cui le strutture interessate riscontrino discontinuità nella fornitura, a livello delle reti distributive cui hanno accesso",2026-10-01T10:44:52.199121,75329
IT,Italy,AIFA,PARACETAMOLO KABI,PARACETAMOLO,""" 10 MG/ML SOLUZIONE PER INFUSIONE"" 10 FLACONCINI IN VETRO DA 50 ML",,40381028,N02BE01,2024-10-14,,shortage - end date unknown,Elevata richiesta,"Si rilascia autorizzazione allimportazione alle strutture sanitarie per analogo autorizzato allestero, nel caso in cui le strutture interessate riscontrino discontinuità nella fornitura, a livello delle reti distributive cui hanno accesso",2026-10-01T10:44:52.199140,95176
IT,Italy,AIFA,PARACETAMOLO LABORATORI ALTER,PARACETAMOLO,"""1000 MG COMPRESSE"" 18 COMPRESSE IN BLISTER AL/PVC/PVDC",,45523091,N02BE01,2026-06-25,,shortage - end date unknown,Cessata commercializzazione temporanea,Per trattamento alternativo si consiglia di rivolgersi allo specialista o al M.M.G,2026-10-01T10:44:52.199159,81442
IT,Italy,AIFA,PARACETAMOLO MYLAN,PARACETAMOLO,"""1000 MG COMPRESSE"" 16 COMPRESSE IN BLISTER PVC/AL",,47985092,N02BE01,2026-11-01,,shortage - end date unknown,Problemi produttivi,Per trattamento alternativo si consiglia di rivolgersi allo specialista o al M.M.G,2026-10-01T10:44:52.199178,81442
IT,Italy,AIFA,PARACETAMOLO S.A.L.F.,PARACETAMOLO,"""10 MG/ML SOLUZIONE PER INFUSIONE"" 30 FLACONI IN PP DA 100 ML",,41495072,N02BE01,2024-08-02,,shortage - end date unknown,Elevata richiesta: forniture discontinue,"Si rilascia autorizzazione allimportazione alle strutture sanitarie per analogo autorizzato allestero, nel caso in cui le strutture interessate riscontrino discontinuità nella fornitura, a livello delle reti distributive cui hanno accesso",2026-10-01T10:44:52.199196,75329
IT,Italy,AIFA,PARACETAMOLO ZENTIVA S.R.L.,PARACETAMOLO,"""500 MG COMPRESSA"" 20 COMPRESSE IN BLISTER PVC/AL",,49925035,N02BE01,2024-09-30,,shortage - end date unknown,Problemi produttivi,Per trattamento alternativo si consiglia di rivolgersi allo specialista o al M.M.G,2026-10-01T10:44:52.199215,67903
IT,Italy,AIFA,PARACETAMOLO ZENTIVA S.R.L.,PARACETAMOLO,"""1000 MG COMPRESSA"" 16 COMPRESSE IN BLISTER PVC/AL",,49925112,N02BE01,2025-02-10,,shortage - end date unknown,Problemi produttivi,Per trattamento alternativo si consiglia di rivolgersi allo specialista o al M.M.G,2026-10-01T10:44:52.199234,81442
IT,Italy,AIFA,PARACETAMOLO ZENTIVA S.R.L.,PARACETAMOLO,"""500 MG COMPRESSA"" 30 COMPRESSE IN BLISTER PVC/AL",,49925050,N02BE01,2025-03-31,,shortage - end date unknown,Problemi produttivi,Per trattamento alternativo si consiglia di rivolgersi allo specialista o al M.M.G,2026-10-01T10:44:52.199254,67903
IT,Italy,AIFA,PARLODEL,BROMOCRIPTINA,"""10 MG CAPSULE RIGIDE""20 CAPSULE",,23781026,N04BC01,2028-01-01,,shortage - end date unknown,Cessata commercializzazione definitiva,Per trattamento alternativo si consiglia di rivolgersi allo specialista o al M.M.G,2026-10-01T10:44:52.199273,
IT,Italy,AIFA,PARLODEL,BROMOCRIPTINA,"""5 MG CAPSULE RIGIDE""30 CAPSULE",,23781038,N04BC01,2027-01-01,,shortage - end date unknown,Cessata commercializzazione definitiva,Per trattamento alternativo si consiglia di rivolgersi allo specialista o al M.M.G,2026-10-01T10:44:52.199292,
IT,Italy,AIFA,PAROXETINA EG STADA,PAROXETINA CLORIDRATO EMIIDRATO,"""10 MG/ML GOCCE ORALI, SOLUZIONE"" 1 FLACONE IN VETRO DA 60 ML CON CONTAGOCCE",,49970015,N06AB05,2026-04-06,,shortage - end date unknown,Problemi produttivi,Per trattamento alternativo si consiglia di rivolgersi allo specialista o al M.M.G,2026-10-01T10:44:52.199311,
IT,Italy,AIFA,PAROXETINA MYLAN PHARMA,PAROXETINA,"""10 MG/ML GOCCE ORALI, SOLUZIONE"" 1 FLACONE IN VETRO DA 60 ML CON CONTAGOCCE",,46289017,N06AB05,2026-06-01,,shortage - end date unknown,Problemi produttivi,Per trattamento alternativo si consiglia di rivolgersi allo specialista o al M.M.G,2026-10-01T10:44:52.199331,
IT,Italy,AIFA,PAROXETINA PENSA PHARMA,PAROXETINA CLORIDRATO,"""20 MG COMPRESSE RIVESTITE CON FILM"" 28 COMPRESSE IN BLISTER PA/AL/PVC-AL",,50729019,N06AB05,2026-11-01,2027-03-31,shortage,Problemi produttivi,Per trattamento alternativo si consiglia di rivolgersi allo specialista o al M.M.G,2026-10-01T10:44:52.199354,125032
IT,Italy,AIFA,PAROXETINA TEVA,PAROXETINA,"""10 MG/ML GOCCE ORALI, SOLUZIONE"" 1 FLACONE IN VETRO DA 60 ML CON CONTAGOCCE",,46288015,N06AB05,2026-06-01,,shortage - end date unknown,Problemi produttivi,Per trattamento alternativo si consiglia di rivolgersi allo specialista o al M.M.G,2026-10-01T10:44:52.199373,
IT,Italy,AIFA,PAROXETINA ZENTIVA,PAROXETINA,"""20 MG COMPRESSE RIVESTITE CON FILM"" 28 COMPRESSE IN BLISTER OPA/AL/PVC-AL",,48178040,N06AB05,2022-10-24,,shortage - end date unknown,Problemi produttivi: forniture discontinue,Per trattamento alternativo si consiglia di rivolgersi allo specialista o al M.M.G,2026-10-01T10:44:52.199391,125032
IT,Italy,AIFA,PAROXETINA ZENTIVA ITALIA,PAROXETINA,"""10 MG/ML GOCCE ORALI, SOLUZIONE"" 1 FLACONE IN VETRO DA 60 ML CON CONTAGOCCE",,46286011,N06AB05,2026-03-23,2027-04-30,shortage,Problemi produttivi,Per trattamento alternativo si consiglia di rivolgersi allo specialista o al M.M.G,2026-10-01T10:44:52.199415,
IT,Italy,AIFA,PAZOPANIB ACCORD,PAZOPANIB CLORIDRATO,"""400 MG COMPRESSE RIVESTITE CON FILM"" 30x1 COMPRESSE IN BLISTER DIVISIBILE PER DOSE UNITARIA PVC/PE/PVDC/AL",,50920178,L01EX03,2026-06-01,,shortage - end date unknown,Cessata commercializzazione temporanea,Per trattamento alternativo si consiglia di rivolgersi allo specialista o al M.M.G,2026-10-01T10:44:52.199433,95273
IT,Italy,AIFA,PAZOPANIB ACCORD,PAZOPANIB CLORIDRATO,"""200 MG COMPRESSE RIVESTITE CON FILM"" 30x1 COMPRESSE IN BLISTER DIVISIBILE PER DOSE UNITARIA PVC/PE/PVDC/AL",,50920065,L01EX03,2026-06-01,,shortage - end date unknown,Cessata commercializzazione temporanea,Per trattamento alternativo si consiglia di rivolgersi allo specialista o al M.M.G,2026-10-01T10:44:52.199452,95265
IT,Italy,AIFA,PAZOPANIB SANDOZ,PAZOPANIB CLORIDRATO,"""400 MG COMPRESSE RIVESTITE CON FILM"" 30 COMPRESSE IN BLISTER PVC/PE/PVDC-AL",,51418147,L01EX03,2026-05-30,,shortage - end date unknown,Elevata richiesta,Per trattamento alternativo si consiglia di rivolgersi allo specialista o al M.M.G,2026-10-01T10:44:52.199471,95273
IT,Italy,AIFA,PAZOPANIB SANDOZ,PAZOPANIB CLORIDRATO,"""200 MG COMPRESSE RIVESTITE CON FILM"" 30 COMPRESSE IN BLISTER PVC/PE/PVDC-AL",,51418010,L01EX03,2026-05-30,,shortage - end date unknown,Elevata richiesta,Per trattamento alternativo si consiglia di rivolgersi allo specialista o al M.M.G,2026-10-01T10:44:52.199490,95265
IT,Italy,AIFA,PAZOPANIB ZENTIVA,PAZOPANIB,400 MG COMPRESSE RIVESTITE CON FILM 30 COMPRESSE IN FLACONE HDPE CON TAPPO A PROVA DI BAMBINO,,50984107,L01EX03,2026-08-31,,shortage - end date unknown,Problemi produttivi,Per trattamento alternativo si consiglia di rivolgersi allo specialista o al MMG. Sono autorizzati e commercializzati in Italia medicinali biosimilari.,2026-10-01T10:44:52.199509,95273
IT,Italy,AIFA,PEMETREXED ACCORD,PEMETREXED DISODICO EMIPENTAIDRATO,25 MG / ML - CONCENTRATO PER SOLUZIONE PER INFUSIONE - USO ENDOVENOSO - FLACONCINO (VETRO) 4 ML - 1 FLACONCINO,,44697047,L01BA04,2025-03-18,,shortage - end date unknown,Problemi produttivi,"Si rilascia autorizzazione allimportazione alle strutture sanitarie per analogo autorizzato allestero, nel caso in cui le strutture interessate riscontrino discontinuità nella fornitura, a livello delle reti distributive cui hanno accesso",2026-10-01T10:44:52.199527,142603
IT,Italy,AIFA,PEMETREXED AUROBINDO,PEMETREXED,"""500 mg POLVERE PER CONCENTRATO PER SOLUZIONE PER INFUSIONE"" 1 FLACONCINO IN VETRO",,50076025,L01BA04,2026-09-22,,shortage - end date unknown,Cessata commercializzazione temporanea,Si rilascia autorizzazione allimportazione alle strutture sanitarie per analogo autorizzato allestero,2026-10-01T10:44:52.199547,138088
IT,Italy,AIFA,PEMETREXED EG,PEMETREXED DISODICO EMIPENTAIDRATO,"""25 MG/ML CONCENTRATO PER SOLUZIONE PER INFUSIONE"" 1 FLACONCINO IN VETRO DA 20 ML",,43723028,L01BA04,2026-09-03,,shortage - end date unknown,Cessata commercializzazione definitiva,Per trattamento alternativo si consiglia di rivolgersi allo specialista o al M.M.G,2026-10-01T10:44:52.199566,142611
IT,Italy,AIFA,PEMETREXED EG,PEMETREXED DISODICO EMIPENTAIDRATO,"""25 MG/ML CONCENTRATO PER SOLUZIONE PER INFUSIONE"" 1 FLACONCINO IN VETRO DA 4 ML",,43723016,L01BA04,2026-09-03,,shortage - end date unknown,Cessata commercializzazione definitiva,Per trattamento alternativo si consiglia di rivolgersi allo specialista o al M.M.G,2026-10-01T10:44:52.199584,142603
IT,Italy,AIFA,PEMETREXED MYLAN,PEMETREXED,"""25 MG/ML CONCENTRATO PER SOLUZIONE PER INFUSIONE"" 1 FLACONCINO IN VETRO DA 20 ML",,45526023,L01BA04,2026-10-01,,shortage - end date unknown,Cessata commercializzazione definitiva,Per trattamento alternativo si consiglia di rivolgersi allo specialista o al M.M.G,2026-10-01T10:44:52.199603,142611
IT,Italy,AIFA,PEMETREXED SANDOZ BV,PEMETREXED,"""25 MG/ML CONCENTRATO PER SOLUZIONE PER INFUSIONE"" 1 FLACONCINO IN VETRO DA 4 ML",,48052017,L01BA04,2026-03-01,,shortage - end date unknown,Cessata commercializzazione definitiva,"Si rilascia autorizzazione allimportazione alle strutture sanitarie per analogo autorizzato allestero, nel caso in cui le strutture interessate riscontrino discontinuità nella fornitura, a livello delle reti distributive cui hanno accesso",2026-10-01T10:44:52.199621,142603
IT,Italy,AIFA,PEMETREXED SUN,PEMETREXED,"""500 MG POLVERE PER CONCENTRATO PER SOLUZIONE PER INFUSIONE"" 1 FLACONCINO IN VETRO",,44044028,L01BA04,2022-07-20,,shortage - end date unknown,Elevata richiesta/problemi produttivi: forniture discontinue,"Si rilascia autorizzazione allimportazione alle strutture sanitarie per analogo autorizzato allestero, nel caso in cui le strutture interessate riscontrino discontinuità nella fornitura, a livello delle reti distributive cui hanno accesso",2026-10-01T10:44:52.199640,138088
IT,Italy,AIFA,PEMETREXED SUN,PEMETREXED,"""100 MG POLVERE PER CONCENTRATO PER SOLUZIONE PER INFUSIONE"" 1 FLACONCINO IN VETRO",,44044016,L01BA04,2022-11-30,,shortage - end date unknown,Elevata richiesta/problemi produttivi: forniture discontinue,"Si rilascia autorizzazione allimportazione alle strutture sanitarie per analogo autorizzato allestero, nel caso in cui le strutture interessate riscontrino discontinuità nella fornitura, a livello delle reti distributive cui hanno accesso",2026-10-01T10:44:52.199661,138061
IT,Italy,AIFA,PENNSAID,DICLOFENAC SODICO,"""16 MG/ML SOLUZIONE CUTANEA"" FLACONE DA 30 ML",,35719020,M02AA15,2025-05-07,,shortage - end date unknown,Problemi produttivi,Per trattamento alternativo si consiglia di rivolgersi allo specialista o al M.M.G,2026-10-01T10:44:52.199679,
IT,Italy,AIFA,PERINDOPRIL E AMLODIPINA EG STADA,AMLODIPINA + PERINDOPRIL TERT-BUTILAMINA,"""4MG/10MG COMPRESSE"" 30 COMPRESSE IN BLISTER AL/AL",,45307079,C09BB04,2025-07-03,,shortage - end date unknown,Problemi regolatori,Per trattamento alternativo si consiglia di rivolgersi allo specialista o al M.M.G,2026-10-01T10:44:52.199700,
IT,Italy,AIFA,PERINDOPRIL E AMLODIPINA ZENTIVA,AMLODIPINA + PERINDOPRIL,"""8MG/5MG COMPRESSE"" 30 COMPRESSE IN BLISTER OPA/AL/PVC/AL",,43424062,C09BB04,2026-08-31,,shortage - end date unknown,Elevata richiesta,Per trattamento alternativo si consiglia di rivolgersi allo specialista o al M.M.G,2026-10-01T10:44:52.199719,
IT,Italy,AIFA,PERINDOPRIL E AMLODIPINA ZENTIVA,AMLODIPINA + PERINDOPRIL,"""8MG/10MG COMPRESSE"" 30 COMPRESSE IN BLISTER OPA/AL/PVC/AL",,43424086,C09BB04,2026-08-31,,shortage - end date unknown,Elevata richiesta,Per trattamento alternativo si consiglia di rivolgersi allo specialista o al M.M.G,2026-10-01T10:44:52.199737,
IT,Italy,AIFA,PERINDOPRIL E INDAPAMIDE DOC,INDAPAMIDE + PERINDOPRIL,"""2.5 mg/0.625 mg COMPRESSE RIVESTITE CON FILM"" 30 COMPRESSE IN CONTENITORE IN PP",,51119016,C09BA04,2026-09-15,,shortage - end date unknown,Elevata richiesta,Per trattamento alternativo si consiglia di rivolgersi allo specialista o al M.M.G,2026-10-01T10:44:52.199759,
IT,Italy,AIFA,PERINDOPRIL E INDAPAMIDE MYLAN GENERICS,PERINDOPRIL TERT-BUTILAMINA,""" 4MG/1,25 MG COMPRESSE "" 30 COMPRESSE IN BLISTER PVC/PE/PVDC/AL",,39420310,C09BA04,2026-11-15,,shortage - end date unknown,Problemi produttivi,Per trattamento alternativo si consiglia di rivolgersi allo specialista o al M.M.G,2026-10-01T10:44:52.199777,
IT,Italy,AIFA,PERINDOPRIL E INDAPAMIDE ZENTIVA,INDAPAMIDE + PERINDOPRIL TERT-BUTILAMINA,"""8 MG + 2,5 MG COMPRESSE"" 30 COMPRESSE IN BLISTER OPA/AL",,47323074,C09BA04,2026-07-31,,shortage - end date unknown,Elevata richiesta,Per trattamento alternativo si consiglia di rivolgersi allo specialista o al M.M.G,2026-10-01T10:44:52.199796,
IT,Italy,AIFA,PERINDOPRIL INDAPAMIDE RATIOPHARM,INDAPAMIDE + PERINDOPRIL TERT-BUTILAMINA,"""4 MG/1.25 MG COMPRESSE"" 30 COMPRESSE IN BLISTER PA/AL/PVC/AL",,38614145,C09BA04,2026-08-31,2026-11-15,shortage,Elevata richiesta: distribuzione contingentata (carenza relativa solo al canale retail),Per trattamento alternativo si consiglia di rivolgersi allo specialista o al M.M.G,2026-10-01T10:44:52.199819,60577
IT,Italy,AIFA,PERINDOPRIL MYLAN GENERICS,PERINDOPRIL ARGININA,""" 5MG COMPRESSE RIVESTITE CON FILM "" 30 COMPRESSE IN BLISTER AL/PE",,40739070,C09AA04,2026-06-01,,shortage - end date unknown,Problemi produttivi,Per trattamento alternativo si consiglia di rivolgersi allo specialista o al M.M.G,2026-10-01T10:44:52.199837,85162
IT,Italy,AIFA,PERINDOPRIL MYLAN GENERICS,PERINDOPRIL ARGININA,""" 10 MG COMPRESSE RIVESTITE CON FILM "" 30 COMPRESSE IN BLISTER AL/PE",,40739132,C09AA04,2026-11-02,,shortage - end date unknown,Problemi produttivi,Per trattamento alternativo si consiglia di rivolgersi allo specialista o al M.M.G,2026-10-01T10:44:52.199856,85170
IT,Italy,AIFA,PERINDOPRIL TEVA ITALIA,PERINDOPRIL TOSILATO,"""10 MG COMPRESSE RIVESTITE CON FILM"" 30 COMPRESSE IN CONTENITORE PP",,41788112,C09AA04,2026-09-17,2026-10-30,shortage,Elevata richiesta/problemi produttivi,Per trattamento alternativo si consiglia di rivolgersi allo specialista o al M.M.G,2026-10-01T10:44:52.199881,108510
IT,Italy,AIFA,PERINDOPRIL ZENTIVA,PERINDOPRIL ARGININA,"""10 mg COMPRESSE RIVESTITE CON FILM"" 30 COMPRESSE IN BLISTER PVC/PVDC-AL",,50043090,C09AA04,2026-08-31,,shortage - end date unknown,Problemi produttivi,Per trattamento alternativo si consiglia di rivolgersi allo specialista o al M.M.G,2026-10-01T10:44:52.199899,85170
IT,Italy,AIFA,PEVARYL,ECONAZOLO NITRATO,"""1% crema» tubo in Al da 30 g",,23603018,D01AC03,2026-11-01,2027-01-01,shortage,Elevata richiesta,Per trattamento alternativo si consiglia di rivolgersi allo specialista o al M.M.G,2026-10-01T10:44:52.199923,
IT,Italy,AIFA,PHALANX,MINOXIDIL,"""50 MG/ML SPRAY CUTANEO, SOLUZIONE"" 1 FLACONE IN HDPE DA 60 ML CON DUE APPLICATORI",,45584036,D11AX01,2027-06-30,,shortage - end date unknown,Cessata commercializzazione definitiva,Per trattamento alternativo si consiglia di rivolgersi allo specialista o al M.M.G,2026-10-01T10:44:52.199942,
IT,Italy,AIFA,PHALANX,MINOXIDIL,"""20 MG/ML SPRAY CUTANEO, SOLUZIONE"" 1 FLACONE IN HDPE DA 60 ML CON DUE APPLICATORI",,45584012,D11AX01,2027-01-31,,shortage - end date unknown,Cessata commercializzazione definitiva,Per trattamento alternativo si consiglia di rivolgersi allo specialista o al M.M.G,2026-10-01T10:44:52.199960,
IT,Italy,AIFA,PHALANX,MINOXIDIL,"""50 MG/ML SPRAY CUTANEO, SOLUZIONE"" 3 FLACONI IN HDPE DA 60 ML CON DUE APPLICATORI",,45584048,D11AX01,2027-06-30,,shortage - end date unknown,Cessata commercializzazione definitiva,Per trattamento alternativo si consiglia di rivolgersi allo specialista o al M.M.G,2026-10-01T10:44:52.199978,
IT,Italy,AIFA,PHAREPA,EPARINA SODICA,"""25000 UI/5 ML SOLUZIONE INIETTABILE PER USO ENDOVENOSO"" 10 FIALE DA 5 ML",,34692020,B01AB01,2025-07-31,,shortage - end date unknown,Elevata richiesta/problemi produttivi: forniture discontinue,"Si rilascia autorizzazione allimportazione alle strutture sanitarie per analogo autorizzato allestero, nel caso in cui le strutture interessate riscontrino discontinuità nella fornitura, a livello delle reti distributive cui hanno accesso",2026-10-01T10:44:52.199997,
IT,Italy,AIFA,PHAREPA,EPARINA SODICA,""" 25000 UI/ 5 ML SOLUZIONE INIETTABILE PER USO ENDOVENOSO "" 5 FLACONI DA 5 ML",,34692044,B01AB01,2025-10-31,,shortage - end date unknown,Problemi produttivi,Per trattamento alternativo si consiglia di rivolgersi allo specialista o al M.M.G,2026-10-01T10:44:52.200016,
IT,Italy,AIFA,PHARMACORT,TRIAMCINOLONE ACETONIDE,"""40 MG/ML  SOSPENSIONE INIETTABILE"" 3 FLACONCINI DA 1 ML",,34262016,H02AB08,2019-11-14,,shortage - end date unknown,Problemi produttivi,"Si rilascia autorizzazione allimportazione alle strutture sanitarie per analogo autorizzato allestero, nel caso in cui le strutture interessate riscontrino discontinuità nella fornitura, a livello delle reti distributive cui hanno accesso",2026-10-01T10:44:52.200035,
IT,Italy,AIFA,PIOGLITAZONE ACCORD,PIOGLITAZONE,30 MG - COMPRESSA - USO ORALE - BLISTER (ALL./ALL.) - 28 COMPRESSE,,42677120,A10BG03,2026-07-31,,shortage - end date unknown,Problemi produttivi,Per trattamento alternativo si consiglia di rivolgersi allo specialista o al M.M.G,2026-10-01T10:44:52.200053,84247
IT,Italy,AIFA,PIOGLITAZONE AUROBINDO,PIOGLITAZONE,"""30 MG COMPRESSE"" 28 COMPRESSE IN BLISTER PA/AL/PVC/AL",,40436141,A10BG03,2026-06-01,,shortage - end date unknown,Problemi produttivi,Per trattamento alternativo si consiglia di rivolgersi allo specialista o al M.M.G,2026-10-01T10:44:52.200072,84247
IT,Italy,AIFA,PIOGLITAZONE E METFORMINA DOCGEN,METFORMINA + PIOGLITAZONE,"""15 MG/850 MG COMPRESSE RIVESTITE CON FILM"" 56 COMPRESSE IN BLISTER AL/AL",,45965023,A10BD05,2026-03-27,,shortage - end date unknown,Problemi produttivi: distribuzione contingentata (carenza relativa solo al canale retail),Per trattamento alternativo si consiglia di rivolgersi allo specialista o al M.M.G,2026-10-01T10:44:52.200091,
IT,Italy,AIFA,PIOGLITAZONE MYLAN,PIOGLITAZONE,"""15 MG COMPRESSE"" 28 COMPRESSE IN BLISTER OPA/AL/PVC/AL",,40476032,A10BG03,2026-10-25,,shortage - end date unknown,Problemi produttivi,Per trattamento alternativo si consiglia di rivolgersi allo specialista o al M.M.G,2026-10-01T10:44:52.200109,
IT,Italy,AIFA,PIOGLITAZONE MYLAN,PIOGLITAZONE,"""30 MG COMPRESSE"" 28 COMPRESSE IN BLISTER OPA/AL/PVC/AL",,40476121,A10BG03,2026-06-16,,shortage - end date unknown,Problemi produttivi,Per trattamento alternativo si consiglia di rivolgersi allo specialista o al M.M.G,2026-10-01T10:44:52.200128,84247
IT,Italy,AIFA,PIPERACILLINA E TAZOBACTAM AUROBINDO,PIPERACILLINA SODICA + TAZOBACTAM,""" 2G/0,25G POLVERE PER SOLUZIONE INIETTABILE O INFUSIONE "" 12 FLACONCINI IN VETRO DA 30 ML",,39786025,J01CR05,2024-11-01,,shortage - end date unknown,Motivi commerciali (carenza relativa solo al canale ospedaliero),Per trattamento alternativo si consiglia di rivolgersi allo specialista o al M.M.G,2026-10-01T10:44:52.200146,37125
IT,Italy,AIFA,PIPERACILLINA E TAZOBACTAM KABI,PIPERACILLINA SODICA + TAZOBACTAM SODICO,""" 2 G + 250 MG/4 ML POLVERE E SOLVENTE PER SOLUZIONE INIETTABILE PER USO INTRAMUSCOLARE"" 1 FLACONCINO POLVERE + 1 FIALA SOLVENTE DA 4 ML",,37353012,J01CR05,2026-03-13,,shortage - end date unknown,Problemi produttivi,Per trattamento alternativo si consiglia di rivolgersi allo specialista o al M.M.G,2026-10-01T10:44:52.200165,37125
IT,Italy,AIFA,PIPERACILLINA E TAZOBACTAM SANDOZ,PIPERACILLINA + TAZOBACTAM,"""4 G/0,5 G POLVERER PER SOLUZIONE PER INFUSIONE"" 10 FLACONCINI IN VETRO",,38717132,J01CR05,2026-12-01,,shortage - end date unknown,Elevata richiesta,Per trattamento alternativo si consiglia di rivolgersi allo specialista o al M.M.G,2026-10-01T10:44:52.200184,37133
IT,Italy,AIFA,PIPERACILLINA E TAZOBACTAM TEVA,PIPERACILLINA SODICA + TAZOBACTAM SODICO,"""2 G + 250 MG/4 ML POLVERE E SOLVENTE PER SOLUZIONE INIETTABILE PER USO INTRAMUSCOLARE"" 1 FLACONCINO POLVERE + 1 FIALA SOLVENTE DA 4 ML",,37666017,J01CR05,2026-07-31,,shortage - end date unknown,Motivi commerciali,Per trattamento alternativo si consiglia di rivolgersi allo specialista o al M.M.G,2026-10-01T10:44:52.200202,37125
IT,Italy,AIFA,PIPERACILLINA E TAZOBACTAM TEVA,PIPERACILLINA SODICA + TAZOBACTAM SODICO,"""4 G + 500 MG POLVERE PER SOLUZIONE PER INFUSIONE"" 1 FLACONCINO POLVERE",,37666029,J01CR05,2026-04-20,,shortage - end date unknown,Cessata commercializzazione definitiva,Per trattamento alternativo si consiglia di rivolgersi allo specialista o al M.M.G,2026-10-01T10:44:52.200220,37133
IT,Italy,AIFA,PIPERACILLINA/TAZOBACTAM TILLOMED,PIPERACILLINA SODICA + TAZOBACTAM SODICO,"""2G/0,25G POLVERE PER SOLUZIONE PER INFUSIONE"" 10 FLACONCINI IN VETRO DA 30 ML",,50401025,J01CR05,2026-09-15,2026-10-31,shortage,Elevata richiesta,Rilasciata determinazione per limportazione al titolare A.I.C.,2026-10-01T10:44:52.200244,37125
IT,Italy,AIFA,PIRFENIDONE ACCORD,PIRFENIDONE,"""267 mg compresse rivestite con film"" 252 (3x84x1) compresse in blister divisibile per dose unitaria PVC/PE/PCTFE, confezione multipla",,50191129,L04AX05,2025-12-01,,shortage - end date unknown,Motivi commerciali,Per trattamento alternativo si consiglia di rivolgersi allo specialista o al M.M.G,2026-10-01T10:44:52.200262,146765
IT,Italy,AIFA,PIRFENIDONE AUROBINDO,PIRFENIDONE,"""267 mg COMPRESSE"" 63 COMPRESSE IN BLISTER PVC/PVDC-AL",,50764012,L04AX05,2026-10-29,,shortage - end date unknown,Problemi produttivi,Per trattamento alternativo si consiglia di rivolgersi allo specialista o al M.M.G,2026-10-01T10:44:52.200280,146765
IT,Italy,AIFA,PIRFENIDONE AXUNIO,PIRFENIDONE,267 mg - Compressa rivestita con film - Uso orale - blister (PVC/PE/PCTFE) - 252 compresse,,50221047,L04AX05,2025-08-28,,shortage - end date unknown,Elevata richiesta,Per trattamento alternativo si consiglia di rivolgersi allo specialista o al M.M.G,2026-10-01T10:44:52.200310,146765
IT,Italy,AIFA,PIRFENIDONE AXUNIO,PIRFENIDONE,267 mg - Compressa rivestita con film - Uso orale - blister (PVC/PE/PCTFE) - 63 compresse,,50221023,L04AX05,2025-12-11,,shortage - end date unknown,Elevata richiesta: distribuzione contingentata,Per trattamento alternativo si consiglia di rivolgersi allo specialista o al M.M.G,2026-10-01T10:44:52.200329,146765
IT,Italy,AIFA,PIRFENIDONE AXUNIO,PIRFENIDONE,801 mg - Compressa rivestita con film - Uso orale - blister (PVC/PE/PCTFE) - 84 compresse,,50221098,L04AX05,2025-12-11,,shortage - end date unknown,Elevata richiesta: distribuzione contingentata,Per trattamento alternativo si consiglia di rivolgersi allo specialista o al M.M.G,2026-10-01T10:44:52.200348,146773
IT,Italy,AIFA,PIRFENIDONE DR. REDDYS,PIRFENIDONE,"""267 mg COMPRESSE RIVESTITE CON FILM"" 63 COMPRESSE IN BLISTER PVC-AL",,50095013,L04AX05,2026-08-17,,shortage - end date unknown,Problemi produttivi,Per trattamento alternativo si consiglia di rivolgersi allo specialista o al M.M.G,2026-10-01T10:44:52.200367,146765
IT,Italy,AIFA,PIRFENIDONE DR. REDDYS,PIRFENIDONE,"""801 mg COMPRESSE RIVESTITE CON FILM"" 84 COMPRESSE IN BLISTER PVC-AL",,50095304,L04AX05,2026-08-17,,shortage - end date unknown,Problemi produttivi,Per trattamento alternativo si consiglia di rivolgersi allo specialista o al M.M.G,2026-10-01T10:44:52.200385,146773
IT,Italy,AIFA,PIRFENIDONE TEVA,PIRFENIDONE,"""801 MG COMPRESSA RIVESTITA CON FILM"" 84 COMPRESSE IN BLISTER PVC/PCTFE/PVC/AL",,50055096,L04AX05,2026-08-23,2026-11-06,shortage,Elevata richiesta/problemi produttivi,Per trattamento alternativo si consiglia di rivolgersi allo specialista o al M.M.G,2026-10-01T10:44:52.200410,146773
IT,Italy,AIFA,PIRFENIDONE ZENTIVA,PIRFENIDONE,"""267 mg COMPRESSE RIVESTITE CON FILM"" 252 COMPRESSE IN BLISTER PVC-AL",,50042023,L04AX05,2024-02-15,,shortage - end date unknown,Problemi produttivi,Per trattamento alternativo si consiglia di rivolgersi allo specialista o al M.M.G,2026-10-01T10:44:52.200429,146765
IT,Italy,AIFA,PIROXICAM EG,PIROXICAM,"""20MG/ML SOLUZIONE INIETTABILE PER USO INTRAMUSCOLARE"" 6 FIALE 1ML",,29534017,M01AC01,2026-11-24,,shortage - end date unknown,Elevata richiesta,Per trattamento alternativo si consiglia di rivolgersi allo specialista o al M.M.G,2026-10-01T10:44:52.200448,
IT,Italy,AIFA,PLAK OUT,CLOREXIDINA DIGLUCONATO,"""0,12% SOLUZIONE"" 1 FLACONE DA 150 ML",,32142022,A01AB03,2026-10-31,,shortage - end date unknown,Cessata commercializzazione temporanea,Per trattamento alternativo si consiglia di rivolgersi allo specialista o al M.M.G,2026-10-01T10:44:52.200467,
IT,Italy,AIFA,PLASBUMIN,ALBUMINA UMANA,"""200 G/L SOLUZIONE PER INFUSIONE"" FLACONE 50 ML",,28989046,B05AA01,2022-04-20,2026-12-31,shortage,Elevata richiesta: forniture discontinue (carenza relativa solo al canale ospedaliero),"Si rilascia autorizzazione allimportazione alle strutture sanitarie per analogo autorizzato allestero, nel caso in cui le strutture interessate riscontrino discontinuità nella fornitura, a livello delle reti distributive cui hanno accesso",2026-10-01T10:44:52.200493,69671
IT,Italy,AIFA,PLENADREN,IDROCORTISONE,20 MG - COMPRESSA A RILASCIO MODIFICATO - USO ORALE -FLACONE (HDPE) - 50 COMPRESSE,,42487025,H02AB09,2026-08-11,,shortage - end date unknown,Problemi produttivi,Si rilascia autorizzazione allimportazione alle strutture sanitarie per analogo autorizzato allestero,2026-10-01T10:44:52.200512,
IT,Italy,AIFA,PLERIXAFOR VIATRIS,PLERIXAFOR,20 MG/ML SOLUZIONE INIETTABILE 1 FLACONCINO IN VETRO,,50931017,L03AX16,2026-05-31,,shortage - end date unknown,Cessata commercializzazione definitiva,Per trattamento alternativo si consiglia di rivolgersi allo specialista o al M.M.G,2026-10-01T10:44:52.200531,131156
IT,Italy,AIFA,PLUSFLEX,AMINOACIDI/ELETTROLITI/GLUCOSIO (DESTROSIO)/CALCIO,5 SACCHE DA 1000 ML,,35694013,B05BA10,2026-07-03,,shortage - end date unknown,Cessata commercializzazione definitiva,Per trattamento alternativo si consiglia di rivolgersi allo specialista o al M.M.G,2026-10-01T10:44:52.200552,
IT,Italy,AIFA,PNEUMOVAX,VACCINO PNEUMOCOCCICO,"""SOLUZIONE INIETTABILE IN SIRINGA PRERIEMPITA"" 1 SIRINGA PRERIEMPITA DA 0,5 ML CON 2 AGHI",,34933111,J07AL01,2026-06-01,2028-01-31,shortage,Elevata richiesta,Si rilascia autorizzazione allimportazione alle strutture sanitarie per analogo autorizzato allestero,2026-10-01T10:44:52.200579,
IT,Italy,AIFA,POLIOBOOSTRIX,EMOAGGLUTININA FILAMENTOSA + PERTACTINA + TOSSOIDE DIFTERICO + TOSSOIDE PERTOSSICO (PT) + TOSSOIDE TETANICO + VIRUS DELLA POLIOMIELITE INATTIVATO DI TIPO 1 + VIRUS DELLA POLIOMIELITE INATTIVATO DI TIPO 2 + VIRUS DELLA POLIOMIELITE INATTIVATO DI TIPO 3,"""SOSPENSIONE INIETTABILE"" 1 SIRINGA PRE-RIEMPITA DA 0,5 ML (CON 2 AGHI)",,36752057,J07CA02,2025-07-10,,shortage - end date unknown,Elevata richiesta/problemi produttivi: distribuzione contingentata,"Si rilascia autorizzazione allimportazione alle strutture sanitarie per analogo autorizzato allestero, nel caso in cui le strutture interessate riscontrino discontinuità nella fornitura, a livello delle reti distributive cui hanno accesso",2026-10-01T10:44:52.200598,
IT,Italy,AIFA,POLITRATE,LEUPRORELINA ACETATO,"""3,75 MG POLVERE E SOLVENTE PER SOSPENSIONE INIETTABILE A RILASCIO PROLUNGAT"" 1 FLACONCINO POLV+1 SIRINGA PRER 2ML SOLV+1 ADATTATORE+1 AGO STERILE 20G",,41465016,L02AE02,2026-02-06,,shortage - end date unknown,Problemi produttivi,Per trattamento alternativo si consiglia di rivolgersi allo specialista o al M.M.G,2026-10-01T10:44:52.200617,33162
IT,Italy,AIFA,POMALIDOMIDE ACCORD,POMALIDOMIDE,"2 mg - Capsula rigida - Uso orale - blister (OPA/alu/PVC/alu) - 21 x 1 capsule (dose
unitaria)",,51376123,L04AX06,2026-06-01,,shortage - end date unknown,Problemi produttivi,Per trattamento alternativo si consiglia di rivolgersi allo specialista o al M.M.G,2026-10-01T10:44:52.200636,107522
IT,Italy,AIFA,POMALIDOMIDE VIATRIS,POMALIDOMIDE,1 mg - Capsule rigide - Uso orale - blister (PVC/PCTFE/alu) - 14 capsule,,51116010,L04AX06,2024-12-19,,shortage - end date unknown,Problemi produttivi,Per trattamento alternativo si consiglia di rivolgersi allo specialista o al M.M.G,2026-10-01T10:44:52.200654,107514
IT,Italy,AIFA,POMALIDOMIDE VIATRIS,POMALIDOMIDE,1 mg - Capsule rigide - Uso orale - blister (PVC/PCTFE/alu) - 21 capsule,,51116034,L04AX06,2024-12-19,,shortage - end date unknown,Problemi produttivi,Per trattamento alternativo si consiglia di rivolgersi allo specialista o al M.M.G,2026-10-01T10:44:52.200673,107514
IT,Italy,AIFA,POMALIDOMIDE VIATRIS,POMALIDOMIDE,4 mg - Capsule rigide - Uso orale - blister (PVC/PCTFE/alu) - 21 capsule,,51116150,L04AX06,2024-12-19,,shortage - end date unknown,Problemi produttivi,Per trattamento alternativo si consiglia di rivolgersi allo specialista o al M.M.G,2026-10-01T10:44:52.200691,107549
IT,Italy,AIFA,POMALIDOMIDE VIATRIS,POMALIDOMIDE,2 mg - Capsule rigide - Uso orale - blister (PVC/PCTFE/alu) - 14 capsule,,51116059,L04AX06,2024-12-19,,shortage - end date unknown,Problemi produttivi,Per trattamento alternativo si consiglia di rivolgersi allo specialista o al M.M.G,2026-10-01T10:44:52.200710,107522
IT,Italy,AIFA,POMALIDOMIDE VIATRIS,POMALIDOMIDE,3 mg - Capsule rigide - Uso orale - blister (PVC/PCTFE/alu) - 21 capsule,,51116111,L04AX06,2024-12-19,,shortage - end date unknown,Problemi produttivi,Per trattamento alternativo si consiglia di rivolgersi allo specialista o al M.M.G,2026-10-01T10:44:52.200729,107530
IT,Italy,AIFA,POMALIDOMIDE VIATRIS,POMALIDOMIDE,2 mg - Capsule rigide - Uso orale - blister (PVC/PCTFE/alu) - 21 capsule,,51116073,L04AX06,2024-12-19,,shortage - end date unknown,Problemi produttivi,Per trattamento alternativo si consiglia di rivolgersi allo specialista o al M.M.G,2026-10-01T10:44:52.200748,107522
IT,Italy,AIFA,POSACONAZOLO ZENTIVA,POSACONAZOLO,"""100 MG COMPRESSE GASTRORESISTENTI"" 24 COMPRESSE IN BLISTER PVC/PE/PVDC/AL",,49469099,J02AC04,2024-01-31,,shortage - end date unknown,Problemi produttivi,Per trattamento alternativo si consiglia di rivolgersi allo specialista o al M.M.G,2026-10-01T10:44:52.200766,117498
IT,Italy,AIFA,POSMOX,ACIDO CLAVULANICO + AMOXICILLINA,""" 875 MG + 125 MG COMPRESSE RIVESTITE CON FILM "" 12 COMPRESSE",,36808018,J01CR02,2026-06-01,,shortage - end date unknown,Motivi commerciali (carenza relativa solo al canale retail),Per trattamento alternativo si consiglia di rivolgersi allo specialista o al M.M.G,2026-10-01T10:44:52.200785,
IT,Italy,AIFA,POTACTASOL,TOPOTECAN,"""4 MG - POLVERE PER CONCENTRATO PER SOLUZIONE PER INFUSIONE - USO ENDOVENOSO - FLACONCINO(VETRO) - 4 MG(1MG/ML)"" 1 FLACONCINO",,41372020,L01CE01,2019-09-30,,shortage - end date unknown,Cessata commercializzazione definitiva,"Si rilascia autorizzazione allimportazione alle strutture sanitarie per analogo autorizzato allestero, nel caso in cui le strutture interessate riscontrino discontinuità nella fornitura, a livello delle reti distributive cui hanno accesso",2026-10-01T10:44:52.200803,46442
IT,Italy,AIFA,POTASSIO ASPARTATO MONICO,POTASSIO ASPARTATO,""" 3 MEQ/ML  CONCENTRATO PER SOLUZIONE PER INFUSIONE"" 30 FLACONCINI  DA 100 ML",,36938037,,2024-12-16,2026-12-31,shortage,Problemi produttivi,"Si rilascia autorizzazione allimportazione alle strutture sanitarie per analogo autorizzato allestero, nel caso in cui le strutture interessate riscontrino discontinuità nella fornitura, a livello delle reti distributive cui hanno accesso",2026-10-01T10:44:52.200827,
IT,Italy,AIFA,POTASSIO ASPARTATO MONICO,POTASSIO ASPARTATO,""" 3 MEQ/ML  CONCENTRATO PER SOLUZIONE PER INFUSIONE"" 20 FLACONCINI DA 250 ML",,36938049,,2024-12-16,2026-12-31,shortage,Problemi produttivi,"Si rilascia autorizzazione allimportazione alle strutture sanitarie per analogo autorizzato allestero, nel caso in cui le strutture interessate riscontrino discontinuità nella fornitura, a livello delle reti distributive cui hanno accesso",2026-10-01T10:44:52.200850,
IT,Italy,AIFA,POTASSIO ASPARTATO MONICO,POTASSIO ASPARTATO,""" 1 MEQ/ML  CONCENTRATO PER SOLUZIONE PER INFUSIONE E PER USO ORALE"" 10 FIALE DA 10 ML",,36938013,,2025-02-28,2026-12-31,shortage,Problemi produttivi,"Si rilascia autorizzazione allimportazione alle strutture sanitarie per analogo autorizzato allestero, nel caso in cui le strutture interessate riscontrino discontinuità nella fornitura, a livello delle reti distributive cui hanno accesso",2026-10-01T10:44:52.200873,
IT,Italy,AIFA,POTASSIO ASPARTATO MONICO,POTASSIO ASPARTATO,""" 3 MEQ/ML  CONCENTRATO PER SOLUZIONE PER INFUSIONE E PER USO ORALE"" 10 FIALE DA 10 ML",,36938025,,2025-03-28,2026-12-31,shortage,Problemi produttivi,"Si rilascia autorizzazione allimportazione alle strutture sanitarie per analogo autorizzato allestero, nel caso in cui le strutture interessate riscontrino discontinuità nella fornitura, a livello delle reti distributive cui hanno accesso",2026-10-01T10:44:52.200896,
IT,Italy,AIFA,POTASSIO ASPARTATO PHARMATEX,POTASSIO ASPARTATO,""" 3 MEQ/ 1 ML CONCENTRATO PER SOLUZIONE PER INFUSIONE E PER USO ORALE"" 10 FIALE DA 10 ML",,36918023,,2025-07-31,,shortage - end date unknown,Problemi produttivi,Si rilascia autorizzazione allimportazione alle strutture sanitarie per analogo autorizzato allestero,2026-10-01T10:44:52.200915,
IT,Italy,AIFA,POTASSIO ASPARTATO PHARMATEX,POTASSIO ASPARTATO,""" 1 MEQ/ 1 ML CONCENTRATO PER SOLUZIONE PER INFUSIONE E PER USO ORALE"" 10 FIALE DA 10 ML",,36918011,,2025-07-31,,shortage - end date unknown,elevata richiesta/problemi produttivi: distribuzione contingentata (carenza relativa solo al canale ospedaliero),"Si rilascia autorizzazione allimportazione alle strutture sanitarie per analogo autorizzato allestero, nel caso in cui le strutture interessate riscontrino discontinuità nella fornitura, a livello delle reti distributive cui hanno accesso",2026-10-01T10:44:52.200933,
IT,Italy,AIFA,POTASSIO CANRENOATO PENSA,POTASSIO CANRENOATO,"""100 MG COMPRESSE RIVESTITE CON FILM"" 20 COMPRESSE",,33807013,C03DA02,2025-07-01,,shortage - end date unknown,Cessata commercializzazione temporanea,"Si rilascia autorizzazione allimportazione alle strutture sanitarie per analogo autorizzato allestero, nel caso in cui le strutture interessate riscontrino discontinuità nella fornitura, a livello delle reti distributive cui hanno accesso",2026-10-01T10:44:52.200952,
IT,Italy,AIFA,PRALUENT,ALIROCUMAB,150 MG - SOLUZIONE INIETTABILE - USO SOTTOCUTANEO - PENNA PRERIEMPITA (VETRO) 1 ML -  1 PENNA PRERIEMPITA,,44500078,C10AX14,2026-11-16,,shortage - end date unknown,Cessata commercializzazione definitiva,"Per trattamento alternativo si consiglia di rivolgersi allo specialista o al MMG. Sono autorizzati e commercializzati in Italia medicinali con medesimo principio attivo, forma farmaceutica, via di somministrazione, modalità di rilascio, dosaggio, e indicazioni terapeutiche ma numero di unità posologiche e dosi unitarie differente",2026-10-01T10:44:52.200974,131334
IT,Italy,AIFA,PRALUENT,ALIROCUMAB,75 MG - SOLUZIONE INIETTABILE - USO SOTTOCUTANEO - PENNA PRERIEMPITA (VETRO) 1 ML -  2 PENNE PRERIEMPITE,,44500027,C10AX14,2026-10-04,2026-12-31,shortage,Problemi produttivi: distribuzione contingentata,"Si rilascia autorizzazione allimportazione alle strutture sanitarie per analogo autorizzato allestero, nel caso in cui le strutture interessate riscontrino discontinuità nella fornitura, a livello delle reti distributive cui hanno accesso",2026-10-01T10:44:52.200997,131326
IT,Italy,AIFA,PRALUENT,ALIROCUMAB,75 MG - SOLUZIONE INIETTABILE - USO SOTTOCUTANEO - PENNA PRERIEMPITA (VETRO) 1 ML -  1 PENNA PRERIEMPITA,,44500015,C10AX14,2026-11-16,,shortage - end date unknown,Cessata commercializzazione definitiva,"Per trattamento alternativo si consiglia di rivolgersi allo specialista o al MMG. Sono autorizzati e commercializzati in Italia medicinali con medesimo principio attivo, forma farmaceutica, via di somministrazione, modalità di rilascio, dosaggio, e indicazioni terapeutiche ma numero di unità posologiche e dosi unitarie differente",2026-10-01T10:44:52.201018,131326
IT,Italy,AIFA,PRAMIPEXOLO AUROBINDO,PRAMIPEXOLO,"""0,18 MG COMPRESSE""  30 COMPRESSE IN BLISTER PA/AL/PVC/AL",,41097039,N04BC05,2026-06-18,,shortage - end date unknown,Problemi produttivi,Per trattamento alternativo si consiglia di rivolgersi allo specialista o al M.M.G,2026-10-01T10:44:52.201036,
IT,Italy,AIFA,PRAMIPEXOLO EG,PRAMIPEXOLO DICLORIDRATO MONOIDRATO,"""0.18 MG COMPRESSE"" 30 COMPRESSE IN BLISTER OPA/AL/PVC/AL",,39188026,N04BC05,2026-09-07,,shortage - end date unknown,Elevata richiesta,Per trattamento alternativo si consiglia di rivolgersi allo specialista o al M.M.G,2026-10-01T10:44:52.201055,
IT,Italy,AIFA,PRAMIPEXOLO MYLAN,PRAMIPEXOLO,"""0,18 MG COMPRESSE"" 30 COMPRESSE IN BLISTER AL/AL",,40084143,N04BC05,2025-11-19,,shortage - end date unknown,Problemi produttivi,Per trattamento alternativo si consiglia di rivolgersi allo specialista o al M.M.G,2026-10-01T10:44:52.201073,
IT,Italy,AIFA,PRAMIPEXOLO MYLAN,PRAMIPEXOLO,"""0,7 MG COMPRESSE"" 30 COMPRESSE IN BLISTER AL /AL",,40084257,N04BC05,2026-02-19,,shortage - end date unknown,Problemi produttivi,Per trattamento alternativo si consiglia di rivolgersi allo specialista o al M.M.G,2026-10-01T10:44:52.201091,
IT,Italy,AIFA,PRAMIPEXOLO MYLAN PHARMA,PRAMIPEXOLO,"""0,26 MG COMPRESSE A RILASCIO PROLUNGATO"" 10 COMPRESSE IN BLISTER OPA/AL/PVC",,45421029,N04BC05,2026-08-01,,shortage - end date unknown,Elevata richiesta,Per trattamento alternativo si consiglia di rivolgersi allo specialista o al M.M.G,2026-10-01T10:44:52.201110,
IT,Italy,AIFA,PRAMIPEXOLO PENSA,PRAMIPEXOLO,"""0,7 MG COMPRESSE"" 30 COMPRESSE IN BLISTER OPA/AL/PVC/AL",,40056032,N04BC05,2025-10-01,2026-12-31,shortage,Problemi produttivi,Per trattamento alternativo si consiglia di rivolgersi allo specialista o al M.M.G,2026-10-01T10:44:52.201133,
IT,Italy,AIFA,PRAMIPEXOLO SANDOZ A/S,PRAMIPEXOLO,"""2,1 MG COMPRESSE A RILASCIO PROLUNGATO"" 30 COMPRESSE IN BLISTER OPA-AL-PVC/AL",,43042148,N04BC05,2026-12-01,,shortage - end date unknown,Problemi produttivi (carenza relativa solo al canale retail),Per trattamento alternativo si consiglia di rivolgersi allo specialista o al M.M.G,2026-10-01T10:44:52.201151,
IT,Italy,AIFA,PRAMIPEXOLO SANDOZ A/S,PRAMIPEXOLO,"""0,52 MG COMPRESSE A RILASCIO PROLUNGATO"" 10 COMPRESSE IN BLISTER OPA-AL-PVC/AL",,43042047,N04BC05,2026-09-14,,shortage - end date unknown,problemi produttivi: carenza sul canale retail; sul canale ospedaliero si garantiscono le forniture a seguito di gare aggiudicate,Per trattamento alternativo si consiglia di rivolgersi allo specialista o al M.M.G,2026-10-01T10:44:52.201170,
IT,Italy,AIFA,PRAMIPEXOLO TEVA ITALIA,PRAMIPEXOLO,""" 1,05 MG COMPRESSE A RILASCIO PROLUNGATO"" 30 COMPRESSE IN BLISTER AL/OPA-AL-PVC",,42309082,N04BC05,2026-09-01,2027-01-31,shortage,Elevata richiesta (carenza relativa solo al canale ospedaliero),Per trattamento alternativo si consiglia di rivolgersi allo specialista o al M.M.G,2026-10-01T10:44:52.201193,
IT,Italy,AIFA,PRAMIPEXOLO ZENTIVA,PRAMIPEXOLO DICLORIDRATO MONOIDRATO,"""0,7 MG COMPRESSE"" 30 COMPRESSE IN BLISTER OPA//AL/PVC/AL",,39849070,N04BC05,2022-06-30,,shortage - end date unknown,Problemi produttivi: forniture discontinue,Per trattamento alternativo si consiglia di rivolgersi allo specialista o al M.M.G,2026-10-01T10:44:52.201212,
IT,Italy,AIFA,PRASUGREL VIATRIS,PRASUGREL,10 MG - COMPRESSA RIVESTITA CON FILM - USO ORALE - FLACONE (HDPE) - 28 COMPRESSE,,46634022,B01AC22,2024-04-19,,shortage - end date unknown,Problemi produttivi,Per trattamento alternativo si consiglia di rivolgersi allo specialista o al M.M.G,2026-10-01T10:44:52.201230,196894
IT,Italy,AIFA,PRAVASTATINA MYLAN,PRAVASTATINA SODICA,""" 20 MG COMPRESSE "" 28 COMPRESSE IN BLISTER PA/AL/PVC/AL",,41216045,C10AA03,2026-05-08,,shortage - end date unknown,Problemi produttivi,Per trattamento alternativo si consiglia di rivolgersi allo specialista o al M.M.G,2026-10-01T10:44:52.201249,
IT,Italy,AIFA,PRAVASTATINA MYLAN,PRAVASTATINA SODICA,""" 40 MG COMPRESSE "" 14 COMPRESSE IN BLISTER PA/AL/PVC/AL",,41216134,C10AA03,2026-10-01,,shortage - end date unknown,Problemi produttivi,Per trattamento alternativo si consiglia di rivolgersi allo specialista o al M.M.G,2026-10-01T10:44:52.201267,
IT,Italy,AIFA,PRAVASTATINA MYLAN,PRAVASTATINA SODICA,""" 40 MG COMPRESSE "" 28 COMPRESSE IN BLISTER PA/AL/PVC/AL",,41216159,C10AA03,2026-04-20,,shortage - end date unknown,Problemi produttivi,Per trattamento alternativo si consiglia di rivolgersi allo specialista o al M.M.G,2026-10-01T10:44:52.201285,
IT,Italy,AIFA,PRAVASTATINA MYLAN,PRAVASTATINA SODICA,""" 20 MG COMPRESSE "" 10 COMPRESSE IN BLISTER PA/AL/PVC/AL",,41216019,C10AA03,2026-11-01,,shortage - end date unknown,Problemi produttivi,Per trattamento alternativo si consiglia di rivolgersi allo specialista o al M.M.G,2026-10-01T10:44:52.201304,
IT,Italy,AIFA,PRAVASTATINA ZENTIVA,PRAVASTATINA SODICA,"""20 MG COMPRESSE"" 10 COMPRESSE IN BLISTER PVC/PVDC/AL",,37143017,C10AA03,2026-02-28,,shortage - end date unknown,Problemi produttivi,Per trattamento alternativo si consiglia di rivolgersi allo specialista o al M.M.G,2026-10-01T10:44:52.201322,
IT,Italy,AIFA,PRAVASTATINA ZENTIVA,PRAVASTATINA SODICA,"""40 MG COMPRESSE"" 14 COMPRESSE IN BLISTER PVC/PVDC/AL",,37143118,C10AA03,2026-04-30,,shortage - end date unknown,Problemi produttivi,Per trattamento alternativo si consiglia di rivolgersi allo specialista o al M.M.G,2026-10-01T10:44:52.201343,
IT,Italy,AIFA,PRAZENE,PRAZEPAM,"""20 MG COMPRESSE"" 20 COMPRESSE",,23762038,N05BA11,2022-07-01,,shortage - end date unknown,Problemi produttivi,Per trattamento alternativo si consiglia di rivolgersi allo specialista o al M.M.G,2026-10-01T10:44:52.201362,
IT,Italy,AIFA,PREDNISONE PENSA,PREDNISONE,"""25 MG COMPRESSE"" 10 COMPRESSE IN BLISTER PVC/PVDC/AL",,49525064,H02AB07,2026-11-01,2027-03-31,shortage,Problemi produttivi,Per trattamento alternativo si consiglia di rivolgersi allo specialista o al M.M.G,2026-10-01T10:44:52.201386,
IT,Italy,AIFA,PREGABALIN ACCORD,PREGABALIN,75 MG - CAPSULA RIGIDA - USO ORALE - BLISTER (PVC/ALU) - 56 CAPSULE,,44474258,N02BF02,2024-09-05,,shortage - end date unknown,Elevata richiesta: forniture discontinue,Per trattamento alternativo si consiglia di rivolgersi allo specialista o al M.M.G,2026-10-01T10:44:52.201404,75701
IT,Italy,AIFA,PREGABALIN ACCORD,PREGABALIN,75 MG - CAPSULA RIGIDA- USO ORALE - BLISTER  (PVC/ALLUMINIO) - 14 CAPSULE,,44474233,N02BF02,2025-10-02,,shortage - end date unknown,Elevata richiesta,Per trattamento alternativo si consiglia di rivolgersi allo specialista o al M.M.G,2026-10-01T10:44:52.201423,75701
IT,Italy,AIFA,PREGABALIN ACCORD,PREGABALIN,25 MG - CAPSULA RIGIDA- USO ORALE - BLISTER (PVC/ALLUMINIO)- 14 CAPSULE,,44474017,N02BF02,2025-10-08,,shortage - end date unknown,Problemi produttivi,Per trattamento alternativo si consiglia di rivolgersi allo specialista o al M.M.G,2026-10-01T10:44:52.201441,75698
IT,Italy,AIFA,PREGABALIN ACCORD,PREGABALIN,150 MG - CAPSULA RIGIDA - USO ORALE - BLISTER (PVC/ALLUMINIO) - 56  CAPSULE,,44474474,N02BF02,2026-03-23,,shortage - end date unknown,Problemi produttivi,Per trattamento alternativo si consiglia di rivolgersi allo specialista o al M.M.G,2026-10-01T10:44:52.201460,75728
IT,Italy,AIFA,PREGABALIN ACCORD,PREGABALIN,300 MG - CAPSULA RIGIDA - USO ORALE - BLISTER (PVC/ALLUMINIO) -  56  CAPSULE,,44474791,N02BF02,2026-02-28,,shortage - end date unknown,Elevata richiesta,Per trattamento alternativo si consiglia di rivolgersi allo specialista o al M.M.G,2026-10-01T10:44:52.201478,75736
IT,Italy,AIFA,PREGABALIN AUROBINDO,PREGABALIN,"""300 MG CAPSULE RIGIDE"" 56 CAPSULE IN BLISTER PVC/AL",,43740380,N02BF02,2021-08-23,,shortage - end date unknown,Problemi produttivi,Per trattamento alternativo si consiglia di rivolgersi allo specialista o al M.M.G,2026-10-01T10:44:52.201497,75736
IT,Italy,AIFA,PREGABALIN HCS,PREGABALIN,""" 25 MG CAPSULE RIGIDE"" 14  CAPSULE IN BLISTER PVC/PVDC/AL",,43690015,N02BF02,2026-05-01,,shortage - end date unknown,Problemi produttivi,Per trattamento alternativo si consiglia di rivolgersi allo specialista o al M.M.G,2026-10-01T10:44:52.201515,75698
IT,Italy,AIFA,PREGABALIN PENSA PHARMA,PREGABALIN,"""25 MG CAPSULE RIGIDE"" 14 CAPSULE IN BLISTER PVC/PE/PVDC/AL/PVDC",,50003019,N02BF02,2026-09-01,2026-12-31,shortage,Problemi produttivi,Per trattamento alternativo si consiglia di rivolgersi allo specialista o al M.M.G,2026-10-01T10:44:52.201538,75698
IT,Italy,AIFA,PREGABALIN PENSA PHARMA,PREGABALIN,"""75 MG CAPSULE RIGIDE"" 56 CAPSULE IN BLISTER PVC/PE/PVDC/AL/PVDC",,50003045,N02BF02,2026-06-01,2026-12-31,shortage,Elevata richiesta/problemi produttivi,Per trattamento alternativo si consiglia di rivolgersi allo specialista o al M.M.G,2026-10-01T10:44:52.201562,75701
IT,Italy,AIFA,PREGABALIN PENSA PHARMA,PREGABALIN,"""150 MG CAPSULE RIGIDE"" 56 CAPSULE IN BLISTER PVC/PE/PVDC/AL/PVDC",,50003060,N02BF02,2026-09-01,2026-12-31,shortage,Elevata richiesta,Per trattamento alternativo si consiglia di rivolgersi allo specialista o al M.M.G,2026-10-01T10:44:52.201585,75728
IT,Italy,AIFA,PREGABALIN PENSA PHARMA,PREGABALIN,"""150 MG CAPSULE RIGIDE"" 14 CAPSULE IN BLISTER PVC/PE/PVDC/AL/PVDC",,50003058,N02BF02,2026-11-16,2027-03-31,shortage,Problemi produttivi,Per trattamento alternativo si consiglia di rivolgersi allo specialista o al M.M.G,2026-10-01T10:44:52.201608,75728
IT,Italy,AIFA,PREGABALIN SANDOZ,PREGABALIN,25 MG - CAPSULA RIGIDA - USO ORALE - BLISTER (PVC/PVDC/ALU) - 14 CAPSULE,,44316014,N02BF02,2025-10-01,,shortage - end date unknown,Problemi produttivi,Per trattamento alternativo si consiglia di rivolgersi allo specialista o al M.M.G,2026-10-01T10:44:52.201627,75698
IT,Italy,AIFA,PREGABALIN SANDOZ,PREGABALIN,300 MG - CAPSULA RIGIDA - USO ORALE - BLISTER (PVC/PVDC/ALU) - 56 CAPSULE,,44316723,N02BF02,2026-01-01,,shortage - end date unknown,Problemi produttivi (carenza relativa solo al canale ospedaliero),Per trattamento alternativo si consiglia di rivolgersi allo specialista o al M.M.G,2026-10-01T10:44:52.201645,75736
IT,Italy,AIFA,PREGABALIN SANDOZ,PREGABALIN,75 MG - CAPSULA RIGIDA - USO ORALE - BLISTER (PVC/PVDC/ALU) - 14 CAPSULE,,44316180,N02BF02,2026-12-01,,shortage - end date unknown,Problemi produttivi,Per trattamento alternativo si consiglia di rivolgersi allo specialista o al M.M.G,2026-10-01T10:44:52.201664,75701
IT,Italy,AIFA,PREGABALIN SANDOZ,PREGABALIN,150 MG - CAPSULA RIGIDA - USO ORALE - BLISTER (PVC/PVDC/ALU) - 56 CAPSULE,,44316457,N02BF02,2026-07-08,,shortage - end date unknown,Problemi produttivi,Per trattamento alternativo si consiglia di rivolgersi allo specialista o al M.M.G,2026-10-01T10:44:52.201682,75728
IT,Italy,AIFA,PREGABALIN SANDOZ,PREGABALIN,75 MG - CAPSULA RIGIDA - USO ORALE - BLISTER (PVC/PVDC/ALU) - 56 CAPSULE,,44316216,N02BF02,2026-09-15,,shortage - end date unknown,Elevata richiesta/problemi produttivi,Per trattamento alternativo si consiglia di rivolgersi allo specialista o al M.M.G,2026-10-01T10:44:52.201700,75701
IT,Italy,AIFA,PREGABALIN ZENTIVA,PREGABALIN,75 MG - CAPSULA RIGIDA- USO ORALE - BLISTER (PVC/ALU) - 56 CAPSULE,,44384129,N02BF02,2021-05-01,,shortage - end date unknown,Problemi produttivi,Per trattamento alternativo si consiglia di rivolgersi allo specialista o al M.M.G,2026-10-01T10:44:52.201719,75701
IT,Italy,AIFA,PREGABALIN ZENTIVA,PREGABALIN,150 MG - CAPSULA RIGIDA- USO ORALE - BLISTER (PVC/ALU) - 56 CAPSULE,,44384182,N02BF02,2022-03-31,,shortage - end date unknown,Problemi produttivi,Per trattamento alternativo si consiglia di rivolgersi allo specialista o al M.M.G,2026-10-01T10:44:52.201737,75728
IT,Italy,AIFA,PREGABALIN ZENTIVA,PREGABALIN,25 mg - Capsula rigida -  Uso orale - blister (PVC/PVDC/alu) - 14 capsule,,44384372,N02BF02,2023-08-18,,shortage - end date unknown,Elevata richiesta,Per trattamento alternativo si consiglia di rivolgersi allo specialista o al M.M.G,2026-10-01T10:44:52.201756,75698
IT,Italy,AIFA,PREGABALIN ZENTIVA,PREGABALIN,75 MG - CAPSULA RIGIDA- USO ORALE - BLISTER (PVC/ALU) - 14 CAPSULE,,44384117,N02BF02,2026-07-15,,shortage - end date unknown,Elevata richiesta,Per trattamento alternativo si consiglia di rivolgersi allo specialista o al M.M.G,2026-10-01T10:44:52.201774,75701
IT,Italy,AIFA,PREGABALIN ZENTIVA,PREGABALIN,300 MG - CAPSULA RIGIDA- USO ORALE - BLISTER (PVC/ALU) - 56 CAPSULE,,44384271,N02BF02,2026-05-29,,shortage - end date unknown,Elevata richiesta/problemi produttivi,Per trattamento alternativo si consiglia di rivolgersi allo specialista o al M.M.G,2026-10-01T10:44:52.201792,75736
IT,Italy,AIFA,PRELECTAL,INDAPAMIDE + PERINDOPRIL ARGININA,"""2,5 MG+0,625 MG COMPRESSE RIVESTITE CON FILM"" 30 COMPRESSE IN CONTENITORE PP",,34234260,C09BA04,2026-11-09,2026-12-11,shortage,Problemi produttivi,Per trattamento alternativo si consiglia di rivolgersi allo specialista o al M.M.G,2026-10-01T10:44:52.201816,
IT,Italy,AIFA,PRELYNCA,PREGABALIN,"""150 MG CAPSULE RIGIDE"" 56 CAPSULE IN BLISTER PVC/AL",,43715123,N02BF02,2026-08-08,,shortage - end date unknown,Problemi produttivi,Per trattamento alternativo si consiglia di rivolgersi allo specialista o al M.M.G,2026-10-01T10:44:52.201834,75728
IT,Italy,AIFA,PREPIDIL,DINOPROSTONE,"""0,5 MG/3 G GEL ENDOCERVICALE"" 1 SIRINGA PRERIEMPITA DA 3 G",,28439014,G02AD02,2026-04-30,2026-10-31,shortage,Problemi produttivi,Si rilascia autorizzazione allimportazione alle strutture sanitarie per analogo autorizzato allestero,2026-10-01T10:44:52.201857,71943
IT,Italy,AIFA,PREPIDIL,DINOPROSTONE,"""1 MG/3 G GEL VAGINALE"" 1 SIRINGA PRERIEMPITA DA 3 G",,28439026,G02AD02,2025-12-22,2026-10-31,shortage,Problemi produttivi,Si rilascia autorizzazione allimportazione alle strutture sanitarie per analogo autorizzato allestero,2026-10-01T10:44:52.201881,32301
IT,Italy,AIFA,PREPIDIL,DINOPROSTONE,"""2 MG/3 G GEL VAGINALE"" 1 SIRINGA PRERIEMPITA 3 G",,28439038,G02AD02,2025-10-06,2026-10-31,shortage,Problemi produttivi,Si rilascia autorizzazione allimportazione alle strutture sanitarie per analogo autorizzato allestero,2026-10-01T10:44:52.201904,32328
IT,Italy,AIFA,PRETERAX,INDAPAMIDE + PERINDOPRIL ARGININA,"""5 MG+1.25 MG COMPRESSE RIVESTITE CON FILM"" 30 COMPRESSE IN CONTENITORE PP",,34236341,C09BA04,2026-11-01,2026-11-30,shortage,Problemi produttivi,Per trattamento alternativo si consiglia di rivolgersi allo specialista o al M.M.G,2026-10-01T10:44:52.201931,85146
IT,Italy,AIFA,PRILACE,PIRETANIDE + RAMIPRIL,"""5 MG + 6 MG COMPRESSE "" 14 COMPRESSE DIVISIBILI",,29243019,C09BA05,2025-01-01,,shortage - end date unknown,Elevata richiesta,Per trattamento alternativo si consiglia di rivolgersi allo specialista o al M.M.G,2026-10-01T10:44:52.201950,
IT,Italy,AIFA,PRILIGY,DAPOXETINA,"""30 MG COMPRESSE RIVESTITE CON FILM"" 3 COMPRESSE IN BLISTER PVC-PE-PVDC/ALU",,39041013,G04BX14,2026-07-27,2026-10-15,shortage,Problemi produttivi,"Per trattamento alternativo si consiglia di rivolgersi allo specialista o al MMG. Sono autorizzati e commercializzati in Italia medicinali con medesimo principio attivo, forma farmaceutica, via di somministrazione, modalità di rilascio, dosaggio, e indicazioni terapeutiche ma numero di unità posologiche e dosi unitarie differente",2026-10-01T10:44:52.201974,
IT,Italy,AIFA,PRILIGY,DAPOXETINA,"""60 MG COMPRESSE RIVESTITE CON FILM"" 6 COMPRESSE IN BLISTER PVC-PE-PVDC/ALU",,39041049,G04BX14,2026-07-23,2026-10-15,shortage,Problemi produttivi,"Per trattamento alternativo si consiglia di rivolgersi allo specialista o al MMG. Sono autorizzati e commercializzati in Italia medicinali con medesimo principio attivo, forma farmaceutica, via di somministrazione, modalità di rilascio, dosaggio, e indicazioni terapeutiche ma numero di unità posologiche e dosi unitarie differente",2026-10-01T10:44:52.201997,
IT,Italy,AIFA,PRILIGY,DAPOXETINA,"""30 MG COMPRESSE RIVESTITE CON FILM"" 6 COMPRESSE IN BLISTER PVC-PE-PVDC/ALU",,39041025,G04BX14,2026-07-15,2026-10-15,shortage,Problemi produttivi,"Per trattamento alternativo si consiglia di rivolgersi allo specialista o al MMG. Sono autorizzati e commercializzati in Italia medicinali con medesimo principio attivo, forma farmaceutica, via di somministrazione, modalità di rilascio, dosaggio, e indicazioni terapeutiche ma numero di unità posologiche e dosi unitarie differente",2026-10-01T10:44:52.202020,
IT,Italy,AIFA,PRIMOVIST,ACIDO GADOXETICO DISODIO,"""0,25 MMOL/ML SOLUZIONE INIETTABILE"" 1 SIRINGA PRERIEMPITE IN PLASTICA CON 10 ML",,37025246,V08CA10,2026-07-28,2026-10-30,shortage,Problemi produttivi,Si rilascia autorizzazione allimportazione alle strutture sanitarie per analogo autorizzato allestero,2026-10-01T10:44:52.202045,102601
IT,Italy,AIFA,PRIORIX,VACCINO MORBILLO/PAROTITE/ROSOLIA,"""POLVERE E SOLVENTE PER SOLUZIONE INIETTABILE IN SIRINGA PRERIEMPITA"" 1 FLACONCINO POLVERE + 1 SIRINGA PRERIEMPITA SOLVENTE DA 0,5 ML CON DUE AGHI",,34199075,J07BD52,2017-10-19,,shortage - end date unknown,Cessata commercializzazione definitiva,Si rilascia autorizzazione allimportazione alle strutture sanitarie per analogo autorizzato allestero,2026-10-01T10:44:52.202064,88889
IT,Italy,AIFA,PRIORIX,VACCINO MORBILLO/PAROTITE/ROSOLIA,"""POLVERE E SOLVENTE PER SOLUZIONE INIETTABILE IN SIRINGA PRERIEMPITA"" 10 FLACONCINI POLVERE + 10 SIRINGHE PRERIEMPITE SOLVENTE DA 0,5 ML CON 20 AGHI",,34199087,J07BD52,2026-07-24,,shortage - end date unknown,Elevata richiesta/problemi produttivi: forniture discontinue,"Si rilascia autorizzazione allimportazione alle strutture sanitarie per analogo autorizzato allestero, nel caso in cui le strutture interessate riscontrino discontinuità nella fornitura, a livello delle reti distributive cui hanno accesso",2026-10-01T10:44:52.202083,88889
IT,Italy,AIFA,PRIORIX TETRA,"VIRUS DELLA PAROTITE CEPPO JERYL LYNN (LIVELLO B) (VIVO, ATTENUATO) PRODOTTO SU CELLULE EMBRIONALI DI POLLO + VIRUS DELLA ROSOLIA CEPPO WISTAR RA 27/3 (VIVO,ATTENUATO) + VIRUS DELLA VARICELLA VIVO ATTENUATO(CEPPO OKA) + VIRUS VIVO ATTENUATO DEL MORBILLO (CEPPO SCHWARZ)","""POLVERE E SOLVENTE PER SOLUZIONE INIETTABILE"" 1 FLACONCINO POLVERE + 1 SIRINGA PRERIEMPITA DI SOLVENTE DA 0.5 ML (CON 2 AGHI)",,38200059,J07BD54,2019-01-01,2026-12-31,shortage,Problemi produttivi,Si rilascia autorizzazione allimportazione alle strutture sanitarie per analogo autorizzato allestero,2026-10-01T10:44:52.202107,
IT,Italy,AIFA,PRIORIX TETRA,"VIRUS DELLA PAROTITE CEPPO JERYL LYNN (LIVELLO B) (VIVO, ATTENUATO) PRODOTTO SU CELLULE EMBRIONALI DI POLLO + VIRUS DELLA ROSOLIA CEPPO WISTAR RA 27/3 (VIVO,ATTENUATO) + VIRUS DELLA VARICELLA VIVO ATTENUATO(CEPPO OKA) + VIRUS VIVO ATTENUATO DEL MORBILLO (CEPPO SCHWARZ)","""POLVERE E SOLVENTE PER SOLUZIONE INIETTABILE"" 10 FLACONCINI POLVERE + 10 SIRINGHE PRERIEMPITE DI SOLVENTE DA 0.5 ML (CON 2 AGHI)",,38200061,J07BD54,2026-09-11,,shortage - end date unknown,Elevata richiesta: distribuzione contingentata,"Si rilascia autorizzazione allimportazione alle strutture sanitarie per analogo autorizzato allestero, nel caso in cui le strutture interessate riscontrino discontinuità nella fornitura, a livello delle reti distributive cui hanno accesso",2026-10-01T10:44:52.202126,
IT,Italy,AIFA,PRONATIV,COMPLESSO PROTROMBINICO UMANO,"""500 UI POLVERE E SOLVENTE PER SOLUZIONE PER INFUSIONE"" 1 FLACONCINO DI POLVERE+1 FLACONCINO DA 20 ML DI SOLVENTE+ TRANSFER SET",,39240015,B02BD01,2026-04-27,2026-12-31,shortage,Elevata richiesta,Per trattamento alternativo si consiglia di rivolgersi allo specialista o al M.M.G,2026-10-01T10:44:52.202149,
IT,Italy,AIFA,PRONATIV,COMPLESSO PROTROMBINICO UMANO,"""1000 UI POLVERE E SOLVENTE PER SOLUZIONE PER INFUSIONE"" 1 FLACONCINO DI POLVERE+1FLACONCINO DI SOLVENTE DA 40 ML+TRANSFER SET",,39240027,B02BD01,2026-04-27,2026-12-31,shortage,Elevata richiesta,Per trattamento alternativo si consiglia di rivolgersi allo specialista o al M.M.G,2026-10-01T10:44:52.202175,
IT,Italy,AIFA,PROPAFENONE  ACCORD,PROPAFENONE CLORIDRATO,"""300 MG COMPRESSE RIVESTITE CON FILM"" 30 COMPRESSE IN BLISTER PVC/PVDC-AL",,44771071,C01BC03,2026-04-24,,shortage - end date unknown,Elevata richiesta,Per trattamento alternativo si consiglia di rivolgersi allo specialista o al M.M.G,2026-10-01T10:44:52.202195,26034
IT,Italy,AIFA,PROPAFENONE  ACCORD,PROPAFENONE CLORIDRATO,"""150 MG COMPRESSE RIVESTITE CON FILM"" 30 COMPRESSE IN BLISTER PVC/PVDC-AL",,44771020,C01BC03,2026-04-24,,shortage - end date unknown,Elevata richiesta,Per trattamento alternativo si consiglia di rivolgersi allo specialista o al M.M.G,2026-10-01T10:44:52.202213,26026
IT,Italy,AIFA,PROPAFENONE PENSA,PROPAFENONE CLORIDRATO,"""300 MG COMPRESSE RIVESTITE CON FILM"" 30 COMPRESSE",,33737026,C01BC03,2026-08-01,,shortage - end date unknown,Cessata commercializzazione definitiva,Per trattamento alternativo si consiglia di rivolgersi allo specialista o al M.M.G,2026-10-01T10:44:52.202232,26034
IT,Italy,AIFA,PROPAFENONE RATIOPHARM,PROPAFENONE CLORIDRATO,"""150 MG COMPRESSE RIVESTITE CON FILM"" 30 COMPRESSE",,34123012,C01BC03,2026-06-30,,shortage - end date unknown,Cessata commercializzazione definitiva,Per trattamento alternativo si consiglia di rivolgersi allo specialista o al M.M.G,2026-10-01T10:44:52.202251,26026
IT,Italy,AIFA,PROPECIA,FINASTERIDE,«1 MG COMPRESSE RIVESTITE CON FILM» 28 COMPRESSE,,34237026,D11AX10,2026-09-15,,shortage - end date unknown,Problemi produttivi,Per trattamento alternativo si consiglia di rivolgersi allo specialista o al M.M.G,2026-10-01T10:44:52.202270,212202
IT,Italy,AIFA,PROPECIA,FINASTERIDE,1 MG COMPRESSE RIVESTITE CON FILM» 84 COMPRESSE,,34237040,D11AX10,2026-10-01,,shortage - end date unknown,Problemi produttivi,Per trattamento alternativo si consiglia di rivolgersi allo specialista o al M.M.G,2026-10-01T10:44:52.202288,212202
IT,Italy,AIFA,PROPLEX,COMPLESSO PROTROMBINICO UMANO,"""600 UI/20 ML POLVERE E SOLVENTE PER SOLUZIONE INIETTABILE"" 1 FLACONCINO DI POLVERE+1 FLACONCINO DI SOLVENTE+KIT PER INIEZIONE",,43304017,B02BD01,2026-08-10,,shortage - end date unknown,Cessata commercializzazione definitiva,Per trattamento alternativo si consiglia di rivolgersi allo specialista o al M.M.G,2026-10-01T10:44:52.202307,
IT,Italy,AIFA,PROPOFOL KABI,PROPOFOL,"""10MG/ML EMULSIONE INIETTABILE O PER INFUSIONE"" 10 FLACONCINI DA 50 ML",,36849065,N01AX10,2026-01-26,,shortage - end date unknown,Problemi produttivi,"Si rilascia autorizzazione allimportazione alle strutture sanitarie per analogo autorizzato allestero, nel caso in cui le strutture interessate riscontrino discontinuità nella fornitura, a livello delle reti distributive cui hanno accesso",2026-10-01T10:44:52.202325,80322
IT,Italy,AIFA,PROPOFOL KABI,PROPOFOL,"""10MG/ML EMULSIONE INIETTABILE O PER INFUSIONE"" 10 FLACONCINI DA 100 ML",,36849091,N01AX10,2026-06-22,,shortage - end date unknown,Problemi produttivi,Si rilascia autorizzazione allimportazione alle strutture sanitarie per analogo autorizzato allestero,2026-10-01T10:44:52.202344,80330
IT,Italy,AIFA,PROPOFOL KABI,PROPOFOL,"""20 MG/ML EMULSIONE INIETTABILE O PER INFUSIONE IN SIRINGA PRERIEMPITA"" 1 SIRINGA PRERIEMPITA IN COC DA 50 ML",,36849154,N01AX10,2026-09-01,,shortage - end date unknown,Cessata commercializzazione definitiva,Per trattamento alternativo si consiglia di rivolgersi allo specialista o al M.M.G,2026-10-01T10:44:52.202362,44660
IT,Italy,AIFA,PROPOFOL KABI,PROPOFOL,"""20MG/ML EMULSIONE INIETTABILE O PER INFUSIONE"" 10 FLACONCINI DA 50 ML",,36849127,N01AX10,2025-12-12,,shortage - end date unknown,Problemi produttivi: distribuzione contingentata,Per trattamento alternativo si consiglia di rivolgersi allo specialista o al M.M.G,2026-10-01T10:44:52.202383,81299
IT,Italy,AIFA,PROURSAN,ACIDO URSODESOSSICOLICO,"""500 MG COMPRESSE RIVESTITE CON FILM"" 100 COMPRESSE IN BLISTER PVC/PVDC/AL",,48943120,A05AA02,2026-06-30,,shortage - end date unknown,Cessata commercializzazione definitiva,Per trattamento alternativo si consiglia di rivolgersi allo specialista o al M.M.G,2026-10-01T10:44:52.202402,105759
IT,Italy,AIFA,PSEUDONEB,COLISTIMETATO SODICO,"""2.000.000 UI POLVERE PER SOLUZIONE INIETTABILE,  PER INFUSIONE O PER INALAZIONE"" 10 FLACONCINI DI VETRO",,37023025,J01XB01,2026-06-01,,shortage - end date unknown,Problemi produttivi,Per trattamento alternativo si consiglia di rivolgersi allo specialista o al M.M.G,2026-10-01T10:44:52.202422,100951
IT,Italy,AIFA,PSEUDONEB,COLISTIMETATO SODICO,"""1.000.000 UI POLVERE PER SOLUZIONE INIETTABILE,  PER INFUSIONE O PER INALAZIONE"" 10 FLACONCINI DI VETRO",,37023013,J01XB01,2026-10-30,,shortage - end date unknown,Problemi produttivi,Per trattamento alternativo si consiglia di rivolgersi allo specialista o al M.M.G,2026-10-01T10:44:52.202441,
IT,Italy,AIFA,PYZCHIVA,USTEKINUMAB,"90 mg - Soluzione iniettabile - Uso sottocutaneo - Siringa preriempita (vetro) 1,0 mL (90 mg/mL) - 1 siringa preriempita",,51202024,L04AC05,2025-10-01,,shortage - end date unknown,Elevata richiesta,Rilasciata determinazione per limportazione al titolare A.I.C.,2026-10-01T10:44:52.202461,122017
IT,Italy,AIFA,PYZCHIVA,USTEKINUMAB,"45 mg - Soluzione iniettabile - Uso sottocutaneo - Siringa preriempita (vetro) 0,5 mL (90 mg/mL) - 1 siringa preriempita",,51202012,L04AC05,2026-01-01,,shortage - end date unknown,Elevata richiesta,Rilasciata determinazione per limportazione al titolare A.I.C.,2026-10-01T10:44:52.202479,102989
IT,Italy,AIFA,QUALIDOFTA,BRIMONIDINA TARTRATO,"«2  mg/ml  collirio,  soluzione  in  contenitore monodose» 60 contenitori monodose in LDPE",,43832017,S01EA05,2024-11-20,,shortage - end date unknown,Problemi produttivi,"Si rilascia autorizzazione allimportazione alle strutture sanitarie per analogo autorizzato allestero, nel caso in cui le strutture interessate riscontrino discontinuità nella fornitura, a livello delle reti distributive cui hanno accesso",2026-10-01T10:44:52.202498,214523
IT,Italy,AIFA,QUENTIAX,QUETIAPINA FUMARATO,"""25 MG COMPRESSE RIVESTITE CON FILM"" 30 COMPRESSE IN BLISTER PVC/AL",,41195049,N05AH04,2025-12-18,,shortage - end date unknown,Problemi produttivi,"Si rilascia autorizzazione allimportazione alle strutture sanitarie per analogo autorizzato allestero, nel caso in cui le strutture interessate riscontrino discontinuità nella fornitura, a livello delle reti distributive cui hanno accesso",2026-10-01T10:44:52.202518,50741
IT,Italy,AIFA,QUENTIAX,QUETIAPINA FUMARATO,"""150 MG COMPRESSE A RILASCIO PROLUNGATO"" 60 COMPRESSE IN BLISTER OPA/ALU/PVC/ALU",,41195583,N05AH04,2023-07-13,,shortage - end date unknown,Elevata richiesta,"Si rilascia autorizzazione allimportazione alle strutture sanitarie per analogo autorizzato allestero, nel caso in cui le strutture interessate riscontrino discontinuità nella fornitura, a livello delle reti distributive cui hanno accesso",2026-10-01T10:44:52.202536,94757
IT,Italy,AIFA,QUENTIAX,QUETIAPINA FUMARATO,"""400 MG COMPRESSE A RILASCIO PROLUNGATO"" 60 COMPRESSE  IN BLISTER OPA/AL/PVC/AL",,41195823,N05AH04,2026-02-02,,shortage - end date unknown,Elevata richiesta,Si rilascia autorizzazione allimportazione alle strutture sanitarie per analogo autorizzato allestero,2026-10-01T10:44:52.202555,84212
IT,Italy,AIFA,QUENTIAX,QUETIAPINA FUMARATO,"""100 MG COMPRESSE RIVESTITE CON FILM"" 60 COMPRESSE IN BLISTER PVC/AL",,41195165,N05AH04,2026-07-06,,shortage - end date unknown,Problemi produttivi,"Si rilascia autorizzazione allimportazione alle strutture sanitarie per analogo autorizzato allestero, nel caso in cui le strutture interessate riscontrino discontinuità nella fornitura, a livello delle reti distributive cui hanno accesso",2026-10-01T10:44:52.202574,50768
IT,Italy,AIFA,QUENTIAX,QUETIAPINA FUMARATO,"""200 MG COMPRESSE RIVESTITE CON FILM"" 60 COMPRESSE IN BLISTER PVC/AL",,41195381,N05AH04,2026-04-25,,shortage - end date unknown,Problemi produttivi,"Si rilascia autorizzazione allimportazione alle strutture sanitarie per analogo autorizzato allestero, nel caso in cui le strutture interessate riscontrino discontinuità nella fornitura, a livello delle reti distributive cui hanno accesso",2026-10-01T10:44:52.202593,50776
IT,Italy,AIFA,QUENTIAX,QUETIAPINA,"""200 MG COMPRESSE A RILASCIO PROLUNGATO"" 60 COMPRESSE IN BLISTER OPA/ALU/PVC/ALU",,41195645,N05AH04,2026-04-25,,shortage - end date unknown,Problemi produttivi,"Si rilascia autorizzazione allimportazione alle strutture sanitarie per analogo autorizzato allestero, nel caso in cui le strutture interessate riscontrino discontinuità nella fornitura, a livello delle reti distributive cui hanno accesso",2026-10-01T10:44:52.202612,84190
IT,Italy,AIFA,QUENTIAX,QUETIAPINA FUMARATO,"""50 MG COMPRESSE A RILASCIO PROLUNGATO"" 60 COMPRESSE IN BLISTER OPA/AL/PVC/AL",,41195761,N05AH04,2026-06-20,,shortage - end date unknown,Elevata richiesta,"Si rilascia autorizzazione allimportazione alle strutture sanitarie per analogo autorizzato allestero, nel caso in cui le strutture interessate riscontrino discontinuità nella fornitura, a livello delle reti distributive cui hanno accesso",2026-10-01T10:44:52.202630,84182
IT,Italy,AIFA,QUETIAPINA ACCORD,QUETIAPINA,""" 150 MG COMPRESSE A RILASCIO PROLUNGATO "" 60 COMPRESSE IN BLISTER PVC/PVDC/AL",,41966375,N05AH04,2025-06-18,,shortage - end date unknown,Problemi regolatori,"Si rilascia autorizzazione allimportazione alle strutture sanitarie per analogo autorizzato allestero, nel caso in cui le strutture interessate riscontrino discontinuità nella fornitura, a livello delle reti distributive cui hanno accesso",2026-10-01T10:44:52.202649,94757
IT,Italy,AIFA,QUETIAPINA ACCORD,QUETIAPINA,"""200 MG COMPRESSE A RILASCIO PROLUNGATO"" 60 COMPRESSE IN BLISTER PVC/PVDC/AL",,41966045,N05AH04,2023-01-23,,shortage - end date unknown,Problemi regolatori,"Si rilascia autorizzazione allimportazione alle strutture sanitarie per analogo autorizzato allestero, nel caso in cui le strutture interessate riscontrino discontinuità nella fornitura, a livello delle reti distributive cui hanno accesso",2026-10-01T10:44:52.202668,84190
IT,Italy,AIFA,QUETIAPINA ACCORD,QUETIAPINA,"""400 MG COMPRESSE A RILASCIO PROLUNGATO"" 60 COMPRESSE IN BLISTER PVC/PVDC/AL",,41966146,N05AH04,2024-12-12,,shortage - end date unknown,Problemi regolatori,"Si rilascia autorizzazione allimportazione alle strutture sanitarie per analogo autorizzato allestero, nel caso in cui le strutture interessate riscontrino discontinuità nella fornitura, a livello delle reti distributive cui hanno accesso",2026-10-01T10:44:52.202687,84212
IT,Italy,AIFA,QUETIAPINA ACCORD,QUETIAPINA,"""300 MG COMPRESSE A RILASCIO PROLUNGATO"" 60 COMPRESSE IN BLISTER PVC/PVDC/AL",,41966096,N05AH04,2023-01-23,,shortage - end date unknown,Problemi regolatori,"Si rilascia autorizzazione allimportazione alle strutture sanitarie per analogo autorizzato allestero, nel caso in cui le strutture interessate riscontrino discontinuità nella fornitura, a livello delle reti distributive cui hanno accesso",2026-10-01T10:44:52.202706,84204
IT,Italy,AIFA,QUETIAPINA AHCL,QUETIAPINE,"""100 MG COMPRESSE RIVESTITE CON FILM"" 60 COMPRESSE IN BLISTER PVC/AL",,41503246,N05AH04,2026-10-01,,shortage - end date unknown,Problemi produttivi,"Si rilascia autorizzazione allimportazione alle strutture sanitarie per analogo autorizzato allestero, nel caso in cui le strutture interessate riscontrino discontinuità nella fornitura, a livello delle reti distributive cui hanno accesso",2026-10-01T10:44:52.202725,50768
IT,Italy,AIFA,QUETIAPINA AUROBINDO,QUETIAPINA FUMARATO,"""25 MG COMPRESSE RIVESTITE CON FILM"" 30 COMPRESSE IN BLISTER PVC/AL",,39186123,N05AH04,2026-06-23,,shortage - end date unknown,Elevata richiesta,"Si rilascia autorizzazione allimportazione alle strutture sanitarie per analogo autorizzato allestero, nel caso in cui le strutture interessate riscontrino discontinuità nella fornitura, a livello delle reti distributive cui hanno accesso",2026-10-01T10:44:52.202743,50741
IT,Italy,AIFA,QUETIAPINA DOC,QUETIAPINA FUMARATO,"""200 MG COMPRESSE A RILASCIO PROLUNGATO"" 60 COMPRESSE IN BLISTER PVC/PCTFE/AL",,43695170,N05AH04,2025-01-10,,shortage - end date unknown,Problemi produttivi,"Si rilascia autorizzazione allimportazione alle strutture sanitarie per analogo autorizzato allestero, nel caso in cui le strutture interessate riscontrino discontinuità nella fornitura, a livello delle reti distributive cui hanno accesso",2026-10-01T10:44:52.202762,84190
IT,Italy,AIFA,QUETIAPINA DOC,QUETIAPINA FUMARATO,"""300 MG COMPRESSE A RILASCIO PROLUNGATO"" 60 COMPRESSE IN BLISTER PVC/PCTFE/AL",,43695232,N05AH04,2024-12-31,,shortage - end date unknown,Problemi produttivi,"Si rilascia autorizzazione allimportazione alle strutture sanitarie per analogo autorizzato allestero, nel caso in cui le strutture interessate riscontrino discontinuità nella fornitura, a livello delle reti distributive cui hanno accesso",2026-10-01T10:44:52.202781,84204
IT,Italy,AIFA,QUETIAPINA DOC,QUETIAPINA FUMARATO,"""150 MG COMPRESSE A RILASCIO PROLUNGATO"" 60 COMPRESSE IN BLISTER PVC/PCTFE/AL",,43695117,N05AH04,2025-01-15,,shortage - end date unknown,Problemi produttivi,"Si rilascia autorizzazione allimportazione alle strutture sanitarie per analogo autorizzato allestero, nel caso in cui le strutture interessate riscontrino discontinuità nella fornitura, a livello delle reti distributive cui hanno accesso",2026-10-01T10:44:52.202799,94757
IT,Italy,AIFA,QUETIAPINA DOC,QUETIAPINA FUMARATO,"""400 MG COMPRESSE A RILASCIO PROLUNGATO"" 60 COMPRESSE IN BLISTER PVC/PCTFE/AL",,43695295,N05AH04,2025-01-31,,shortage - end date unknown,Problemi produttivi,"Si rilascia autorizzazione allimportazione alle strutture sanitarie per analogo autorizzato allestero, nel caso in cui le strutture interessate riscontrino discontinuità nella fornitura, a livello delle reti distributive cui hanno accesso",2026-10-01T10:44:52.202818,84212
IT,Italy,AIFA,QUETIAPINA DOC,QUETIAPINA FUMARATO,"""50 MG COMPRESSE A RILASCIO PROLUNGATO"" 60 COMPRESSE IN BLISTER PVC/PCTFE/AL",,43695055,N05AH04,2026-01-31,,shortage - end date unknown,Elevata richiesta/problemi produttivi,"Si rilascia autorizzazione allimportazione alle strutture sanitarie per analogo autorizzato allestero, nel caso in cui le strutture interessate riscontrino discontinuità nella fornitura, a livello delle reti distributive cui hanno accesso",2026-10-01T10:44:52.202836,84182
IT,Italy,AIFA,QUETIAPINA DOC GENERICI,QUETIAPINA FUMARATO,"""200 MG COMPRESSE RIVESTITE CON FILM"" 60 COMPRESSE IN BLISTER PVC/PVDC/AL",,40682092,N05AH04,2026-03-27,,shortage - end date unknown,Problemi produttivi,"Si rilascia autorizzazione allimportazione alle strutture sanitarie per analogo autorizzato allestero, nel caso in cui le strutture interessate riscontrino discontinuità nella fornitura, a livello delle reti distributive cui hanno accesso",2026-10-01T10:44:52.202855,50776
IT,Italy,AIFA,QUETIAPINA DOC GENERICI,QUETIAPINA FUMARATO,"""100 MG COMPRESSE RIVESTITE CON FILM"" 60 COMPRESSE IN BLISTER PVC/PVDC/AL",,40682080,N05AH04,2026-03-20,,shortage - end date unknown,Problemi produttivi,"Si rilascia autorizzazione allimportazione alle strutture sanitarie per analogo autorizzato allestero, nel caso in cui le strutture interessate riscontrino discontinuità nella fornitura, a livello delle reti distributive cui hanno accesso",2026-10-01T10:44:52.202873,50768
IT,Italy,AIFA,QUETIAPINA DOC GENERICI,QUETIAPINA FUMARATO,"""300 MG COMPRESSE RIVESTITE CON FILM"" 60 COMPRESSE IN BLISTER PVC/PVDC/AL",,40682142,N05AH04,2026-05-29,,shortage - end date unknown,Problemi produttivi,"Si rilascia autorizzazione allimportazione alle strutture sanitarie per analogo autorizzato allestero, nel caso in cui le strutture interessate riscontrino discontinuità nella fornitura, a livello delle reti distributive cui hanno accesso",2026-10-01T10:44:52.202892,60283
IT,Italy,AIFA,QUETIAPINA DOC GENERICI,QUETIAPINA FUMARATO,"""25 MG COMPRESSE RIVESTITE CON FILM"" 30 COMPRESSE IN BLISTER PVC/PVDC/AL",,40682027,N05AH04,2026-03-27,,shortage - end date unknown,Problemi produttivi,"Si rilascia autorizzazione allimportazione alle strutture sanitarie per analogo autorizzato allestero, nel caso in cui le strutture interessate riscontrino discontinuità nella fornitura, a livello delle reti distributive cui hanno accesso",2026-10-01T10:44:52.202911,50741
IT,Italy,AIFA,QUETIAPINA EG,QUETIAPINA FUMARATO,""" 25 MG COMPRESSE RIVESTITE CON FILM"" 30 COMPRESSE IN BLISTER PVC/PE/PVDC/AL",,40388047,N05AH04,2026-08-17,,shortage - end date unknown,Elevata richiesta,"Si rilascia autorizzazione allimportazione alle strutture sanitarie per analogo autorizzato allestero, nel caso in cui le strutture interessate riscontrino discontinuità nella fornitura, a livello delle reti distributive cui hanno accesso",2026-10-01T10:44:52.202932,50741
IT,Italy,AIFA,QUETIAPINA EG,QUETIAPINA FUMARATO,""" 300 MG COMPRESSE RIVESTITE CON FILM"" 60 COMPRESSE IN BLISTER PVC/PE/PVDC/AL",,40388338,N05AH04,2026-08-10,,shortage - end date unknown,Elevata richiesta,"Si rilascia autorizzazione allimportazione alle strutture sanitarie per analogo autorizzato allestero, nel caso in cui le strutture interessate riscontrino discontinuità nella fornitura, a livello delle reti distributive cui hanno accesso",2026-10-01T10:44:52.202951,60283
IT,Italy,AIFA,QUETIAPINA EG,QUETIAPINA FUMARATO,""" 200 MG COMPRESSE RIVESTITE CON FILM"" 60 COMPRESSE IN BLISTER PVC/PE/PVDC/AL",,40388252,N05AH04,2026-07-15,,shortage - end date unknown,Elevata richiesta,"Si rilascia autorizzazione allimportazione alle strutture sanitarie per analogo autorizzato allestero, nel caso in cui le strutture interessate riscontrino discontinuità nella fornitura, a livello delle reti distributive cui hanno accesso",2026-10-01T10:44:52.202969,50776
IT,Italy,AIFA,QUETIAPINA EG,QUETIAPINA FUMARATO,""" 100 MG COMPRESSE RIVESTITE CON FILM"" 60 COMPRESSE IN BLISTER PVC/PE/PVDC/AL",,40388136,N05AH04,2026-07-15,,shortage - end date unknown,Elevata richiesta,"Si rilascia autorizzazione allimportazione alle strutture sanitarie per analogo autorizzato allestero, nel caso in cui le strutture interessate riscontrino discontinuità nella fornitura, a livello delle reti distributive cui hanno accesso",2026-10-01T10:44:52.202988,50768
IT,Italy,AIFA,QUETIAPINA EG STADA,QUETIAPINA,"""300 MG COMPRESSE A RILASCIO PROLUNGATO"" 60 COMPRESSE IN BLISTER PVC/PCTFE/AL",,43696347,N05AH04,2025-11-07,,shortage - end date unknown,Problemi produttivi,"Si rilascia autorizzazione allimportazione alle strutture sanitarie per analogo autorizzato allestero, nel caso in cui le strutture interessate riscontrino discontinuità nella fornitura, a livello delle reti distributive cui hanno accesso",2026-10-01T10:44:52.203007,84204
IT,Italy,AIFA,QUETIAPINA EG STADA,QUETIAPINA,"""50 MG COMPRESSE A RILASCIO PROLUNGATO"" 60 COMPRESSE IN BLISTER PVC/PCTFE/AL",,43696083,N05AH04,2025-11-01,,shortage - end date unknown,Problemi produttivi,"Si rilascia autorizzazione allimportazione alle strutture sanitarie per analogo autorizzato allestero, nel caso in cui le strutture interessate riscontrino discontinuità nella fornitura, a livello delle reti distributive cui hanno accesso",2026-10-01T10:44:52.203026,84182
IT,Italy,AIFA,QUETIAPINA EG STADA,QUETIAPINA,"""400 MG COMPRESSE A RILASCIO PROLUNGATO"" 60 COMPRESSE IN BLISTER PVC/PCTFE/AL",,43696436,N05AH04,2024-09-24,,shortage - end date unknown,Problemi produttivi,"Si rilascia autorizzazione allimportazione alle strutture sanitarie per analogo autorizzato allestero, nel caso in cui le strutture interessate riscontrino discontinuità nella fornitura, a livello delle reti distributive cui hanno accesso",2026-10-01T10:44:52.203044,84212
IT,Italy,AIFA,QUETIAPINA EG STADA,QUETIAPINA,"""200 MG COMPRESSE A RILASCIO PROLUNGATO"" 60 COMPRESSE IN BLISTER PVC/PCTFE/AL",,43696259,N05AH04,2026-10-26,,shortage - end date unknown,Problemi produttivi,"Si rilascia autorizzazione allimportazione alle strutture sanitarie per analogo autorizzato allestero, nel caso in cui le strutture interessate riscontrino discontinuità nella fornitura, a livello delle reti distributive cui hanno accesso",2026-10-01T10:44:52.203062,84190
IT,Italy,AIFA,QUETIAPINA LABORATORI ALTER,QUETIAPINA FUMARATO,"""50 MG COMPRESSE A RILASCIO PROLUNGATO"" 60 COMPRESSE IN BLISTER PVC/PCTFE/AL",,50787023,N05AH04,2026-03-27,2027-06-01,shortage,Elevata richiesta,"Si rilascia autorizzazione allimportazione alle strutture sanitarie per analogo autorizzato allestero, nel caso in cui le strutture interessate riscontrino discontinuità nella fornitura, a livello delle reti distributive cui hanno accesso",2026-10-01T10:44:52.203087,84182
IT,Italy,AIFA,QUETIAPINA MYLAN,QUETIAPINA,"""50 MG COMPRESSE A RILASCIO PROLUNGATO"" 60 COMPRESSE IN BLISTER PVC/ACLAR-AL",,43057037,N05AH04,2025-12-05,,shortage - end date unknown,Problemi produttivi,"Si rilascia autorizzazione allimportazione alle strutture sanitarie per analogo autorizzato allestero, nel caso in cui le strutture interessate riscontrino discontinuità nella fornitura, a livello delle reti distributive cui hanno accesso",2026-10-01T10:44:52.203106,84182
IT,Italy,AIFA,QUETIAPINA MYLAN,QUETIAPINA,"""400 MG COMPRESSE A RILASCIO PROLUNGATO"" 60 COMPRESSE IN BLISTER PVC/ACLAR-AL",,43057153,N05AH04,2025-03-17,,shortage - end date unknown,Problemi produttivi,"Si rilascia autorizzazione allimportazione alle strutture sanitarie per analogo autorizzato allestero, nel caso in cui le strutture interessate riscontrino discontinuità nella fornitura, a livello delle reti distributive cui hanno accesso",2026-10-01T10:44:52.203124,84212
IT,Italy,AIFA,QUETIAPINA MYLAN,QUETIAPINA,"""200 MG COMPRESSE A RILASCIO PROLUNGATO"" 60 COMPRESSE IN BLISTER PVC/ACLAR-AL",,43057088,N05AH04,2026-03-16,,shortage - end date unknown,Elevata richiesta,"Si rilascia autorizzazione allimportazione alle strutture sanitarie per analogo autorizzato allestero, nel caso in cui le strutture interessate riscontrino discontinuità nella fornitura, a livello delle reti distributive cui hanno accesso",2026-10-01T10:44:52.203143,84190
IT,Italy,AIFA,QUETIAPINA MYLAN,QUETIAPINA,"""150 MG COMPRESSE A RILASCIO PROLUNGATO"" 60 COMPRESSE IN BLISTER PVC/ACLAR-AL",,43057052,N05AH04,2026-03-01,,shortage - end date unknown,Elevata richiesta,"Si rilascia autorizzazione allimportazione alle strutture sanitarie per analogo autorizzato allestero, nel caso in cui le strutture interessate riscontrino discontinuità nella fornitura, a livello delle reti distributive cui hanno accesso",2026-10-01T10:44:52.203162,94757
IT,Italy,AIFA,QUETIAPINA MYLAN,QUETIAPINA,"""300 MG COMPRESSE A RILASCIO PROLUNGATO"" 60 COMPRESSE IN BLISTER PVC/ACLAR-AL",,43057126,N05AH04,2026-06-10,,shortage - end date unknown,Problemi produttivi,"Si rilascia autorizzazione allimportazione alle strutture sanitarie per analogo autorizzato allestero, nel caso in cui le strutture interessate riscontrino discontinuità nella fornitura, a livello delle reti distributive cui hanno accesso",2026-10-01T10:44:52.203180,84204
IT,Italy,AIFA,QUETIAPINA MYLAN GENERICS,QUETIAPINA FUMARATO,"""100 MG COMPRESSE RIVESTITE CON FILM"" 60 COMPRESSE IN BLISTER PVC/PVDC-AL",,41024035,N05AH04,2025-03-31,,shortage - end date unknown,Problemi produttivi,"Si rilascia autorizzazione allimportazione alle strutture sanitarie per analogo autorizzato allestero, nel caso in cui le strutture interessate riscontrino discontinuità nella fornitura, a livello delle reti distributive cui hanno accesso",2026-10-01T10:44:52.203199,50768
IT,Italy,AIFA,QUETIAPINA MYLAN GENERICS,QUETIAPINA FUMARATO,"""25 MG COMPRESSE RIVESTITE CON FILM"" 30 COMPRESSE IN BLISTER PVC/PVDC-AL",,41024023,N05AH04,2025-03-03,,shortage - end date unknown,Problemi produttivi,"Si rilascia autorizzazione allimportazione alle strutture sanitarie per analogo autorizzato allestero, nel caso in cui le strutture interessate riscontrino discontinuità nella fornitura, a livello delle reti distributive cui hanno accesso",2026-10-01T10:44:52.203217,50741
IT,Italy,AIFA,QUETIAPINA MYLAN GENERICS,QUETIAPINA FUMARATO,"""300 MG COMPRESSE RIVESTITE CON FILM"" 60 COMPRESSE IN BLISTER PVC/PVDC-AL",,41024050,N05AH04,2025-05-01,,shortage - end date unknown,Problemi produttivi,"Si rilascia autorizzazione allimportazione alle strutture sanitarie per analogo autorizzato allestero, nel caso in cui le strutture interessate riscontrino discontinuità nella fornitura, a livello delle reti distributive cui hanno accesso",2026-10-01T10:44:52.203236,60283
IT,Italy,AIFA,QUETIAPINA MYLAN GENERICS,QUETIAPINA FUMARATO,"""200 MG COMPRESSE RIVESTITE CON FILM"" 60 COMPRESSE IN BLISTER PVC/PVDC-AL",,41024047,N05AH04,2026-06-08,,shortage - end date unknown,Elevata richiesta,"Si rilascia autorizzazione allimportazione alle strutture sanitarie per analogo autorizzato allestero, nel caso in cui le strutture interessate riscontrino discontinuità nella fornitura, a livello delle reti distributive cui hanno accesso",2026-10-01T10:44:52.203255,50776
IT,Italy,AIFA,QUETIAPINA PENSA,QUETIAPINA,"""25 MG COMPRESSE RIVESTITE CON FILM"" 30 COMPRESSE IN BLISTER PVC/AL",,45989023,N05AH04,2026-07-01,2026-12-31,shortage,Problemi produttivi,"Si rilascia autorizzazione allimportazione alle strutture sanitarie per analogo autorizzato allestero, nel caso in cui le strutture interessate riscontrino discontinuità nella fornitura, a livello delle reti distributive cui hanno accesso",2026-10-01T10:44:52.203278,50741
IT,Italy,AIFA,QUETIAPINA PENSA PHARMA,QUETIAPINA,"""50 MG COMPRESSE RIVESTITE CON FILM"" 60 COMPRESSE IN BLISTER PVC/AL",,50577016,N05AH04,2026-10-01,2027-06-30,shortage,Elevata richiesta,"Si rilascia autorizzazione allimportazione alle strutture sanitarie per analogo autorizzato allestero, nel caso in cui le strutture interessate riscontrino discontinuità nella fornitura, a livello delle reti distributive cui hanno accesso",2026-10-01T10:44:52.203302,
IT,Italy,AIFA,QUETIAPINA SANDOZ,QUETIAPINA,"""25 MG COMPRESSE RIVESTITE CON FILM"" 30 COMPRESSE IN BLISTER PVC/PVDC/AL",,40402051,N05AH04,2026-04-27,,shortage - end date unknown,Problemi produttivi,"Si rilascia autorizzazione allimportazione alle strutture sanitarie per analogo autorizzato allestero, nel caso in cui le strutture interessate riscontrino discontinuità nella fornitura, a livello delle reti distributive cui hanno accesso",2026-10-01T10:44:52.203321,50741
IT,Italy,AIFA,QUETIAPINA SANDOZ BV,QUETIAPINA,"""200 MG COMPRESSE A RILASCIO PROLUNGATO"" 60 COMPRESSE IN BLISTER PVC/PCTFE/AL",,43697174,N05AH04,2023-06-13,,shortage - end date unknown,Elevata richiesta,"Si rilascia autorizzazione allimportazione alle strutture sanitarie per analogo autorizzato allestero, nel caso in cui le strutture interessate riscontrino discontinuità nella fornitura, a livello delle reti distributive cui hanno accesso",2026-10-01T10:44:52.203340,84190
IT,Italy,AIFA,QUETIAPINA SANDOZ BV,QUETIAPINA,"""300 MG COMPRESSE A RILASCIO PROLUNGATO"" 60 COMPRESSE IN BLISTER PVC/PCTFE/AL",,43697236,N05AH04,2024-03-20,,shortage - end date unknown,Elevata richiesta,"Si rilascia autorizzazione allimportazione alle strutture sanitarie per analogo autorizzato allestero, nel caso in cui le strutture interessate riscontrino discontinuità nella fornitura, a livello delle reti distributive cui hanno accesso",2026-10-01T10:44:52.203359,84204
IT,Italy,AIFA,QUETIAPINA SANDOZ BV,QUETIAPINA,"""50 MG COMPRESSE A RILASCIO PROLUNGATO"" 60 COMPRESSE IN BLISTER PVC/PCTFE/AL",,43697059,N05AH04,2024-03-07,,shortage - end date unknown,Elevata richiesta,"Si rilascia autorizzazione allimportazione alle strutture sanitarie per analogo autorizzato allestero, nel caso in cui le strutture interessate riscontrino discontinuità nella fornitura, a livello delle reti distributive cui hanno accesso",2026-10-01T10:44:52.203377,84182
IT,Italy,AIFA,QUETIAPINA SANDOZ BV,QUETIAPINA,"""150 MG COMPRESSE A RILASCIO PROLUNGATO"" 60 COMPRESSE IN BLISTER PVC/PCTFE/AL",,43697111,N05AH04,2024-04-01,,shortage - end date unknown,Elevata richiesta: forniture discontinue,"Si rilascia autorizzazione allimportazione alle strutture sanitarie per analogo autorizzato allestero, nel caso in cui le strutture interessate riscontrino discontinuità nella fornitura, a livello delle reti distributive cui hanno accesso",2026-10-01T10:44:52.203396,94757
IT,Italy,AIFA,QUETIAPINA SANDOZ BV,QUETIAPINA,"""400 MG COMPRESSE A RILASCIO PROLUNGATO"" 60 COMPRESSE IN BLISTER PVC/PCTFE/AL",,43697299,N05AH04,2025-03-31,,shortage - end date unknown,Problemi produttivi,"Si rilascia autorizzazione allimportazione alle strutture sanitarie per analogo autorizzato allestero, nel caso in cui le strutture interessate riscontrino discontinuità nella fornitura, a livello delle reti distributive cui hanno accesso",2026-10-01T10:44:52.203415,84212
IT,Italy,AIFA,QUETIAPINA SANDOZ GMBH,QUETIAPINA FUMARATO,"""300 MG COMPRESSE RIVESTITE CON FILM"" 60 COMPRESSE IN BLISTER PVC/PVDC/AL",,40968327,N05AH04,2025-12-19,,shortage - end date unknown,Problemi produttivi,"Si rilascia autorizzazione allimportazione alle strutture sanitarie per analogo autorizzato allestero, nel caso in cui le strutture interessate riscontrino discontinuità nella fornitura, a livello delle reti distributive cui hanno accesso",2026-10-01T10:44:52.203433,60283
IT,Italy,AIFA,QUETIAPINA TEVA,QUETIAPINA FUMARATO,""" 25 MG COMPRESSE RIVESTITE CON FILM"" 30 COMPRESSE IN BLISTER PVC/PVDCE/AL",,40510152,N05AH04,2025-10-13,,shortage - end date unknown,Problemi produttivi: forniture discontinue,"Si rilascia autorizzazione allimportazione alle strutture sanitarie per analogo autorizzato allestero, nel caso in cui le strutture interessate riscontrino discontinuità nella fornitura, a livello delle reti distributive cui hanno accesso",2026-10-01T10:44:52.203452,50741
IT,Italy,AIFA,QUETIAPINA TEVA ITALIA,QUETIAPINA,"""200 MG COMPRESSE A RILASCIO PROLUNGATO"" 60 COMPRESSE IN BLISTER PVC/PVDC/AL",,40433144,N05AH04,2026-04-10,,shortage - end date unknown,Elevata richiesta,"Si rilascia autorizzazione allimportazione alle strutture sanitarie per analogo autorizzato allestero, nel caso in cui le strutture interessate riscontrino discontinuità nella fornitura, a livello delle reti distributive cui hanno accesso",2026-10-01T10:44:52.203471,84190
IT,Italy,AIFA,QUETIAPINA TEVA ITALIA,QUETIAPINA,"""50 MG COMPRESSE A RILASCIO PROLUNGATO"" 60 COMPRESSE IN BLISTER PVC/PVDC/AL",,40433068,N05AH04,2025-09-29,,shortage - end date unknown,Elevata richiesta/problemi produttivi: forniture discontinue,"Si rilascia autorizzazione allimportazione alle strutture sanitarie per analogo autorizzato allestero, nel caso in cui le strutture interessate riscontrino discontinuità nella fornitura, a livello delle reti distributive cui hanno accesso",2026-10-01T10:44:52.203489,84182
IT,Italy,AIFA,QUETIAPINA TEVA ITALIA,QUETIAPINA,"""300 MG COMPRESSE A RILASCIO PROLUNGATO"" 60 COMPRESSE IN BLISTER PVC/PVDC/AL",,40433221,N05AH04,2026-07-01,,shortage - end date unknown,Elevata richiesta (carenza relativa solo al canale retail),"Si rilascia autorizzazione allimportazione alle strutture sanitarie per analogo autorizzato allestero, nel caso in cui le strutture interessate riscontrino discontinuità nella fornitura, a livello delle reti distributive cui hanno accesso",2026-10-01T10:44:52.203508,84204
IT,Italy,AIFA,QUETIAPINA TEVA ITALIA,QUETIAPINA,"""400 MG COMPRESSE A RILASCIO PROLUNGATO"" 60 COMPRESSE IN BLISTER PVC/PVDC/AL",,40433308,N05AH04,2025-04-24,,shortage - end date unknown,Elevata richiesta: distribuzione contingentata,"Si rilascia autorizzazione allimportazione alle strutture sanitarie per analogo autorizzato allestero, nel caso in cui le strutture interessate riscontrino discontinuità nella fornitura, a livello delle reti distributive cui hanno accesso",2026-10-01T10:44:52.203526,84212
IT,Italy,AIFA,QUETIAPINA TEVA ITALIA,QUETIAPINA,"""150 MG COMPRESSE A RILASCIO PROLUNGATO "" 60 COMPRESSE IN BLISTER PVC/PVDC/AL",,40433474,N05AH04,2025-09-05,,shortage - end date unknown,Elevata richiesta/problemi produttivi,"Si rilascia autorizzazione allimportazione alle strutture sanitarie per analogo autorizzato allestero, nel caso in cui le strutture interessate riscontrino discontinuità nella fornitura, a livello delle reti distributive cui hanno accesso",2026-10-01T10:44:52.203544,94757
IT,Italy,AIFA,QUETIAPINA ZENTIVA,QUETIAPINA,""" 100 MG COMPRESSE RIVESTITE CON FILM ""  60 COMPRESSE IN BLISTER PVC/PE/PVDC/AL",,41279151,N05AH04,2021-07-06,,shortage - end date unknown,Problemi produttivi: forniture discontinue,"Si rilascia autorizzazione allimportazione alle strutture sanitarie per analogo autorizzato allestero, nel caso in cui le strutture interessate riscontrino discontinuità nella fornitura, a livello delle reti distributive cui hanno accesso",2026-10-01T10:44:52.203563,50768
IT,Italy,AIFA,QUETIAPINA ZENTIVA,QUETIAPINA,""" 200 MG COMPRESSE RIVESTITE CON FILM ""  60 COMPRESSE IN BLISTER PVC/PE/PVDC/AL",,41279276,N05AH04,2026-03-16,,shortage - end date unknown,Cessata commercializzazione temporanea,"Si rilascia autorizzazione allimportazione alle strutture sanitarie per analogo autorizzato allestero, nel caso in cui le strutture interessate riscontrino discontinuità nella fornitura, a livello delle reti distributive cui hanno accesso",2026-10-01T10:44:52.203583,50776
IT,Italy,AIFA,QUETIAPINA ZENTIVA,QUETIAPINA,""" 25 MG COMPRESSE RIVESTITE CON FILM ""  30 COMPRESSE IN BLISTER PVC/PE/PVDC/AL",,41279136,N05AH04,2023-01-24,,shortage - end date unknown,Problemi produttivi,"Si rilascia autorizzazione allimportazione alle strutture sanitarie per analogo autorizzato allestero, nel caso in cui le strutture interessate riscontrino discontinuità nella fornitura, a livello delle reti distributive cui hanno accesso",2026-10-01T10:44:52.203601,50741
IT,Italy,AIFA,RABEPRAZOLO KRKA,RABEPRAZOLO SODICO,""" 20 MG COMPRESSE GASTRO RESISTENTI "" 28 COMPRESSE IN BLISTER OPA/AL/PVC/AL",,41591165,A02BC04,2024-04-01,,shortage - end date unknown,Problemi produttivi,Per trattamento alternativo si consiglia di rivolgersi allo specialista o al M.M.G,2026-10-01T10:44:52.203625,54879
IT,Italy,AIFA,RABEPRAZOLO ZENTIVA,RABEPRAZOLO SODICO MONOIDRATO,"""20 MG COMPRESSE GASTRORESISTENTI"" 28 COMPRESSE IN BLISTER OPA/AL/PVC/AL",,41599186,A02BC04,2026-08-31,,shortage - end date unknown,Problemi produttivi,Per trattamento alternativo si consiglia di rivolgersi allo specialista o al M.M.G,2026-10-01T10:44:52.203657,54879
IT,Italy,AIFA,RABEPRAZOLO ZENTIVA,RABEPRAZOLO SODICO MONOIDRATO,"""20 MG COMPRESSE GASTRORESISTENTI"" 14 COMPRESSE IN BLISTER OPA/AL/PVC/AL",,41599150,A02BC04,2026-08-31,,shortage - end date unknown,Problemi produttivi,Per trattamento alternativo si consiglia di rivolgersi allo specialista o al M.M.G,2026-10-01T10:44:52.203676,54879
IT,Italy,AIFA,RAMIPRIL E AMLODIPINA ZENTIVA,AMLODIPINA + RAMIPRIL,"""5 MG/5 MG CAPSULE RIGIDE"" 30 CAPSULE IN BLISTER PA/AL/PVC/AL",,45606124,C09BB07,2023-12-31,,shortage - end date unknown,Problemi produttivi,Per trattamento alternativo si consiglia di rivolgersi allo specialista o al M.M.G,2026-10-01T10:44:52.203695,
IT,Italy,AIFA,RAMIPRIL E AMLODIPINA ZENTIVA,AMLODIPINA + RAMIPRIL,"""5 MG/5 MG CAPSULE RIGIDE"" 28 CAPSULE IN BLISTER PA/AL/PVC/AL",,45606112,C09BB07,2024-07-31,,shortage - end date unknown,Problemi produttivi,Per trattamento alternativo si consiglia di rivolgersi allo specialista o al M.M.G,2026-10-01T10:44:52.203715,
IT,Italy,AIFA,RAMIPRIL E AMLODIPINA ZENTIVA,AMLODIPINA + RAMIPRIL,"""10 MG/10 MG CAPSULE RIGIDE"" 28 CAPSULE IN BLISTER PA/AL/PVC/AL",,45606415,C09BB07,2025-09-30,,shortage - end date unknown,Problemi produttivi,Per trattamento alternativo si consiglia di rivolgersi allo specialista o al M.M.G,2026-10-01T10:44:52.203734,
IT,Italy,AIFA,RAMIPRIL E AMLODIPINA ZENTIVA,AMLODIPINA + RAMIPRIL,"""10 MG/5 MG CAPSULE RIGIDE"" 28 CAPSULE IN BLISTER PA/AL/PVC/AL",,45606314,C09BB07,2026-07-15,,shortage - end date unknown,Elevata richiesta/problemi produttivi,Per trattamento alternativo si consiglia di rivolgersi allo specialista o al M.M.G,2026-10-01T10:44:52.203752,
IT,Italy,AIFA,RAMIPRIL E AMLODIPINA ZENTIVA,AMLODIPINA + RAMIPRIL,"""10 MG/5 MG CAPSULE RIGIDE"" 30 CAPSULE IN BLISTER PA/AL/PVC/AL",,45606326,C09BB07,2026-06-15,,shortage - end date unknown,Elevata richiesta/problemi produttivi,Per trattamento alternativo si consiglia di rivolgersi allo specialista o al M.M.G,2026-10-01T10:44:52.203775,
IT,Italy,AIFA,RAMIPRIL E AMLODIPINA ZENTIVA,AMLODIPINA + RAMIPRIL,"""10 MG/10 MG CAPSULE RIGIDE"" 30 CAPSULE IN BLISTER PA/AL/PVC/AL",,45606427,C09BB07,2026-08-31,,shortage - end date unknown,Elevata richiesta/problemi produttivi,Per trattamento alternativo si consiglia di rivolgersi allo specialista o al M.M.G,2026-10-01T10:44:52.203794,
IT,Italy,AIFA,RAMIPRIL E IDROCLOROTIAZIDE AUROBINDO,IDROCLOROTIAZIDE + RAMIPRIL,"""2.5 MG/12.5 MG COMPRESSE"" 28 COMPRESSE IN BLISTER OPA-AL-PVC/AL",,38087045,C09BA05,2026-01-05,,shortage - end date unknown,Problemi produttivi,Per trattamento alternativo si consiglia di rivolgersi allo specialista o al M.M.G,2026-10-01T10:44:52.203812,
IT,Italy,AIFA,RAMIPRIL E IDROCLOROTIAZIDE AUROBINDO,IDROCLOROTIAZIDE + RAMIPRIL,"""2.5 MG/12.5 MG COMPRESSE"" 14 COMPRESSE IN BLISTER OPA-AL-PVC/AL",,38087021,C09BA05,2026-01-05,,shortage - end date unknown,Problemi produttivi,Per trattamento alternativo si consiglia di rivolgersi allo specialista o al M.M.G,2026-10-01T10:44:52.203831,
IT,Italy,AIFA,RAMIPRIL E IDROCLOROTIAZIDE AUROBINDO,IDROCLOROTIAZIDE + RAMIPRIL,"""5 MG/25 MG COMPRESSE"" 28 COMPRESSE IN BLISTER OPA-AL-PVC/AL",,38087223,C09BA05,2025-11-17,,shortage - end date unknown,Problemi produttivi,Per trattamento alternativo si consiglia di rivolgersi allo specialista o al M.M.G,2026-10-01T10:44:52.203854,
IT,Italy,AIFA,RAMIPRIL E IDROCLOROTIAZIDE AUROBINDO,IDROCLOROTIAZIDE + RAMIPRIL,"""5 MG/25 MG COMPRESSE"" 14 COMPRESSE IN BLISTER OPA-AL-PVC/AL",,38087209,C09BA05,2026-06-09,,shortage - end date unknown,Problemi produttivi,Per trattamento alternativo si consiglia di rivolgersi allo specialista o al M.M.G,2026-10-01T10:44:52.203877,
IT,Italy,AIFA,RAMIPRIL E IDROCLOROTIAZIDE KRKA,IDROCLOROTIAZIDE + RAMIPRIL,"""5 MG/25 MG COMPRESSE"" 14 COMPRESSE IN BLISTER OPA/AL/PVC/AL",,44732079,C09BA05,2026-07-15,,shortage - end date unknown,Cessata commercializzazione temporanea,Per trattamento alternativo si consiglia di rivolgersi allo specialista o al M.M.G,2026-10-01T10:44:52.203895,
IT,Italy,AIFA,RAMIPRIL E IDROCLOROTIAZIDE KRKA,IDROCLOROTIAZIDE + RAMIPRIL,"""2,5 MG/12,5 MG COMPRESSE"" 14 COMPRESSE IN BLISTER OPA/AL/PVC/AL",,44732016,C09BA05,2026-07-18,,shortage - end date unknown,Cessata commercializzazione temporanea,Per trattamento alternativo si consiglia di rivolgersi allo specialista o al M.M.G,2026-10-01T10:44:52.203914,
IT,Italy,AIFA,RAMIPRIL E IDROCLOROTIAZIDE ZENTIVA,IDROCLOROTIAZIDE + RAMIPRIL,"""5 MG+25 MG COMPRESSE"" 28 COMPRESSE IN BLISTER PVC/AL",,37742196,C09BA05,2025-05-15,,shortage - end date unknown,Elevata richiesta/problemi produttivi,Per trattamento alternativo si consiglia di rivolgersi allo specialista o al M.M.G,2026-10-01T10:44:52.203932,
IT,Italy,AIFA,RAMIPRIL PENSA,RAMIPRIL,"""5 MG COMPRESSE"" 14 COMPRESSE IN BLISTER AL/AL",,37585205,C09AA05,2026-10-01,2026-12-31,shortage,Problemi produttivi,Per trattamento alternativo si consiglia di rivolgersi allo specialista o al M.M.G,2026-10-01T10:44:52.203957,50563
IT,Italy,AIFA,RANOLAZINA KRKA,RANOLAZINA,500 MG COMPRESSE A RILASCIO PROLUNGATO 60 COMPRESSE IN BLISTER PVC/PVDC/ PVC//AL,,49871054,C01EB18,2024-04-01,,shortage - end date unknown,Elevata richiesta,Per trattamento alternativo si consiglia di rivolgersi allo specialista o al M.M.G,2026-10-01T10:44:52.203976,
IT,Italy,AIFA,RANOLAZINA KRKA,RANOLAZINA,375 MG COMPRESSE A RILASCIO PROLUNGATO 60 COMPRESSE IN BLISTER PVC/PVDC/ PVC//AL,,49871027,C01EB18,2026-07-14,,shortage - end date unknown,Problemi produttivi,Per trattamento alternativo si consiglia di rivolgersi allo specialista o al M.M.G,2026-10-01T10:44:52.203995,
IT,Italy,AIFA,RANOLAZINA TEVA,RANOLAZINA,500 MG COMPRESSE A RILASCIO PROLUNGATO 60 COMPRESSE IN PVC/ACLAR/PVC,,50945118,C01EB18,2026-06-29,2026-09-23,resolved,Elevata richiesta,Per trattamento alternativo si consiglia di rivolgersi allo specialista o al M.M.G,2026-10-01T10:44:52.204020,
IT,Italy,AIFA,RASAGILINA KRKA,RASAGILINA MESILATO,""" 1 MG COMPRESSE ""  28 COMPRESSE IN BLISTER AL/OPA/AL/PVC/AL",,44354037,N04BD02,2026-05-17,,shortage - end date unknown,Problemi produttivi,Per trattamento alternativo si consiglia di rivolgersi allo specialista o al M.M.G,2026-10-01T10:44:52.204039,129852
IT,Italy,AIFA,RASILEZ,ALISKIREN,300 MG - COMPRESSA RIVESTITA CON FILM - USO ORALE - BLISTER (PCTFE/PVC) 28 COMPRESSE,,38243325,C09XA02,2023-07-31,,shortage - end date unknown,Problemi produttivi,Si rilascia autorizzazione allimportazione alle strutture sanitarie per analogo autorizzato allestero,2026-10-01T10:44:52.204058,85073
IT,Italy,AIFA,RASILEZ,ALISKIREN,150 MG - COMPRESSA RIVESTITA CON FILM - USO ORALE - BLISTER (PCTFE/PVC) - 28 COMPRESSE,,38243224,C09XA02,2024-03-15,,shortage - end date unknown,Problemi produttivi,Si rilascia autorizzazione allimportazione alle strutture sanitarie per analogo autorizzato allestero,2026-10-01T10:44:52.204076,85065
IT,Italy,AIFA,RAXAR,DOMPERIDONE,""" 10 MG COMPRESSE ORODISPERSIBILI "" 30 COMPRESSE IN BLISTER PVC/PVDC/AL",,39200035,A03FA03,2025-11-17,,shortage - end date unknown,Problemi produttivi,Per trattamento alternativo si consiglia di rivolgersi allo specialista o al M.M.G,2026-10-01T10:44:52.204097,119652
IT,Italy,AIFA,RAYVOW,LASMIDITAN,50 mg - Compressa rivestita con film - Uso orale - blister (PVC/alu) - 2 x 1 compresse (monodose),,50295068,N02CC08,2026-06-22,,shortage - end date unknown,Cessata commercializzazione definitiva,Per trattamento alternativo si consiglia di rivolgersi allo specialista o al M.M.G,2026-10-01T10:44:52.204117,218278
IT,Italy,AIFA,RAYVOW,LASMIDITAN,100 mg - Compressa rivestita con film - Uso orale - blister (PVC/alu) - 2 x 1 compresse (monodose),,50295169,N02CC08,2026-06-30,,shortage - end date unknown,Cessata commercializzazione definitiva,Per trattamento alternativo si consiglia di rivolgersi allo specialista o al M.M.G,2026-10-01T10:44:52.204135,218286
IT,Italy,AIFA,RECOMBINATE,OCTOCOG ALFA,"""1000 U.I./10 ML POLVERE E SOLVENTE PER SOLUZIONE INIETTABILE"" 1 FLACONCINO POLVERE + 1 FLACONCINO SOLVENTE CON DISPOSITIVO DI RICOSTITUZIONE SENZA AGO",,28687034,B02BD02,2026-12-31,,shortage - end date unknown,Cessata commercializzazione definitiva,Per trattamento alternativo si consiglia di rivolgersi allo specialista o al M.M.G,2026-10-01T10:44:52.204164,
IT,Italy,AIFA,RECOMBINATE,OCTOCOG ALFA,"""500 U.I./10 ML POLVERE E SOLVENTE PER SOLUZIONE INIETTABILE"" 1 FLACONCINO POLVERE + 1 FLACONCINO SOLVENTE CON DISPOSITIVO DI RICOSTITUZIONE SENZA AGO",,28687022,B02BD02,2026-12-31,,shortage - end date unknown,Cessata commercializzazione definitiva,Per trattamento alternativo si consiglia di rivolgersi allo specialista o al M.M.G,2026-10-01T10:44:52.204183,
IT,Italy,AIFA,RECOTUSS SEDATIVO,DESTROMETORFANO BROMIDRATO,"""6,5 MG COMPRESSE MASTICABILI""30 COMPRESSE",,25273083,R05DA09,2026-06-23,,shortage - end date unknown,Cessata commercializzazione definitiva,Per trattamento alternativo si consiglia di rivolgersi allo specialista o al M.M.G,2026-10-01T10:44:52.204202,
IT,Italy,AIFA,RECOTUSS SEDATIVO,DESTROMETORFANO BROMIDRATO,"""2 MG/ML SCIROPPO"" 1 FLACONE DA 100 ML",,25273095,R05DA09,2026-11-02,,shortage - end date unknown,Cessata commercializzazione definitiva,Per trattamento alternativo si consiglia di rivolgersi allo specialista o al M.M.G,2026-10-01T10:44:52.204221,
IT,Italy,AIFA,RELISTOR,METILNALTREXONE,"""12MG/0,6ML SOLUZIONE PER INIEZIONE-USO SOTTOCUTANEO- FLACONCINO(VETRO)0,6ML"" (20MG/ML)  7 FLAC.+ 7 SIRINGHE STERILI+ 14 SALVIETTINE  ALCOL IMBEVUTE",,38600033,A06AH01,2024-08-16,,shortage - end date unknown,Problemi produttivi,Si rilascia autorizzazione allimportazione alle strutture sanitarie per analogo autorizzato allestero,2026-10-01T10:44:52.204245,
IT,Italy,AIFA,REMINYL,GALANTAMINA BROMIDRATO,""" 8 MG CAPSULE RIGIDE A RILASCIO PROLUNGATO "" 28 CAPSULE IN BLISTER PVC -PE-PVDC/ALU",,34752117,N06DA04,2026-07-22,2026-09-30,resolved,Elevata richiesta/problemi produttivi,Si rilascia autorizzazione allimportazione alle strutture sanitarie per analogo autorizzato allestero,2026-10-01T10:44:52.204269,
IT,Italy,AIFA,REMSIMA,INFLIXIMAB,100 MG - POLVERE PER CONCENTRATO PER SOLUZIONE PER INFUSIONE - USO ENDOVENOSO - FLACONCINO (VETRO) - 4 FLACONCINI,,42942045,L04AB02,2026-10-15,,shortage - end date unknown,Cessata commercializzazione definitiva,Per trattamento alternativo si consiglia di rivolgersi allo specialista o al M.M.G,2026-10-01T10:44:52.204293,
IT,Italy,AIFA,RENVELA,SEVELAMER,"""800 MG -COMPRESSA RIVESTITA CON FILM -USO ORALE-FLACONE (HDPE) "" 180 COMPRESSE (SENZA CARTONE SECONDARIO)",,39480037,V03AE02,2026-11-30,,shortage - end date unknown,Cessata commercializzazione definitiva,Per trattamento alternativo si consiglia di rivolgersi allo specialista o al M.M.G,2026-10-01T10:44:52.204312,90131
IT,Italy,AIFA,REPAGLINIDE AUROBINDO,REPAGLINIDE,"""2 MG COMPRESSE"" 90 COMPRESSE IN BLISTER PA/AL/PVC-AL",,41739246,A10BX02,2026-03-08,,shortage - end date unknown,Problemi produttivi,Per trattamento alternativo si consiglia di rivolgersi allo specialista o al M.M.G,2026-10-01T10:44:52.204330,50946
IT,Italy,AIFA,REPAGLINIDE AUROBINDO,REPAGLINIDE,"""0,5 MG COMPRESSE"" 90 COMPRESSE IN BLISTER PA/AL/PVC-AL",,41739069,A10BX02,2026-06-30,,shortage - end date unknown,Problemi produttivi,Per trattamento alternativo si consiglia di rivolgersi allo specialista o al M.M.G,2026-10-01T10:44:52.204348,50911
IT,Italy,AIFA,REPAGLINIDE PENSA,REPAGLINIDE,"""0,5 MG BLISTER IN OPA/AL/PVC/AL"" 90 COMPRESSE",,39834027,A10BX02,2026-06-01,,shortage - end date unknown,Cessata commercializzazione temporanea,Per trattamento alternativo si consiglia di rivolgersi allo specialista o al M.M.G,2026-10-01T10:44:52.204368,50911
IT,Italy,AIFA,REPAGLINIDE PENSA,REPAGLINIDE,"""2 MG BLISTER IN OPA/AL/PVC/AL"" 90 COMPRESSE",,39834104,A10BX02,2026-08-01,2026-12-31,shortage,Problemi produttivi,Per trattamento alternativo si consiglia di rivolgersi allo specialista o al M.M.G,2026-10-01T10:44:52.204398,50946
IT,Italy,AIFA,RETACRIT,EPOETINA ZETA,"6.000 IU/0,6 ML - SOLUZIONE INIETTABILE - USO SOTTOCUTANEO O ENDOVENOSO - SIRINGA PRERIEMPITA (VETRO) CON PROTEZIONE DELL''AGO NEEDLE-TRAP - 0,6 ML (10.000 IU/ML) - 1 SIRINGA PRERIEMPITA",,38381644,B03XA01,2026-08-22,2027-02-28,shortage,Elevata richiesta: forniture discontinue,"Si rilascia autorizzazione allimportazione alle strutture sanitarie per analogo autorizzato allestero, nel caso in cui le strutture interessate riscontrino discontinuità nella fornitura, a livello delle reti distributive cui hanno accesso",2026-10-01T10:44:52.204423,86363
IT,Italy,AIFA,RETACRIT,EPOETINA ZETA,"20.000 IU/0,5 ML - SOLUZIONE INIETTABILE - USO SOTTOCUTANEO O ENDOVENOSO - SIRINGA PRERIEMPITA (VETRO) CON PROTEZIONE DELL''AGO NEEDLE-TRAP - 0,5 ML (40.000 IU/ML) - 1 SIRINGA PRERIEMPITA",,38381707,B03XA01,2026-07-13,2026-12-31,shortage,Elevata richiesta: forniture discontinue,"Si rilascia autorizzazione allimportazione alle strutture sanitarie per analogo autorizzato allestero, nel caso in cui le strutture interessate riscontrino discontinuità nella fornitura, a livello delle reti distributive cui hanno accesso",2026-10-01T10:44:52.204448,
IT,Italy,AIFA,RETACRIT,EPOETINA ZETA,"10.000 IU/1,0 ML - SOLUZIONE INIETTABILE - USO SOTTOCUTANEO O ENDOVENOSO - SIRINGA PRERIEMPITA (VETRO) CON PROTEZIONE DELL''AGO NEEDLE-TRAP - 1,0 ML (10.000 IU/ML) - 1 SIRINGA PRERIEMPITA",,38381683,B03XA01,2026-08-26,2026-12-31,shortage,Elevata richiesta,"Si rilascia autorizzazione allimportazione alle strutture sanitarie per analogo autorizzato allestero, nel caso in cui le strutture interessate riscontrino discontinuità nella fornitura, a livello delle reti distributive cui hanno accesso",2026-10-01T10:44:52.204473,86398
IT,Italy,AIFA,RETACRIT,EPOETINA ZETA,"30.000 IU/0,75 ML - SOLUZIONE INIETTABILE - USO SOTTOCUTANEO O ENDOVENOSO - SIRINGA PRERIEMPITA (VETRO) CON PROTEZIONE DELL''AGO NEEDLE-TRAP - 0,75 ML (40.000 IU/ML) - 1 SIRINGA PRERIEMPITA",,38381733,B03XA01,2026-08-06,2026-12-31,shortage,Elevata richiesta: forniture discontinue,"Si rilascia autorizzazione allimportazione alle strutture sanitarie per analogo autorizzato allestero, nel caso in cui le strutture interessate riscontrino discontinuità nella fornitura, a livello delle reti distributive cui hanno accesso",2026-10-01T10:44:52.204497,86428
IT,Italy,AIFA,RETACRIT,EPOETINA ZETA,"40.000 IU/1,0 ML - SOLUZIONE INIETTABILE - USO SOTTOCUTANEO O ENDOVENOSO - SIRINGA PRERIEMPITA (VETRO) CON PROTEZIONE DELL''AGO NEEDLE-TRAP - 1,0 ML (40.000 IU/ML) - 1 SIRINGA PRERIEMPITA",,38381760,B03XA01,2026-05-22,2027-02-28,shortage,Elevata richiesta: forniture discontinue,"Si rilascia autorizzazione allimportazione alle strutture sanitarie per analogo autorizzato allestero, nel caso in cui le strutture interessate riscontrino discontinuità nella fornitura, a livello delle reti distributive cui hanno accesso",2026-10-01T10:44:52.204521,86436
IT,Italy,AIFA,RETACRIT,EPOETINA ZETA,"8.000 IU/0,8 ML - SOLUZIONE INIETTABILE - USO SOTTOCUTANEO O ENDOVENOSO - SIRINGA PRERIEMPITA (VETRO) CON PROTEZIONE DELL''AGO NEEDLE-TRAP - 0,8 ML (10.000 IU/ML) - 1 SIRINGA PRERIEMPITA",,38381669,B03XA01,2026-07-20,2026-12-31,shortage,Elevata richiesta: forniture discontinue,"Si rilascia autorizzazione allimportazione alle strutture sanitarie per analogo autorizzato allestero, nel caso in cui le strutture interessate riscontrino discontinuità nella fornitura, a livello delle reti distributive cui hanno accesso",2026-10-01T10:44:52.204544,86371
IT,Italy,AIFA,RETACRIT,EPOETINA ZETA,"2.000 IU/0,6 ML - SOLUZIONE INIETTABILE - USO SOTTOCUTANEO O ENDOVENOSO - SIRINGA PRERIEMPITA (VETRO) CON PROTEZIONE DELL''AGO NEEDLE-TRAP - 0,6 ML (3.333 IU/ML) - 1 SIRINGA PRERIEMPITA",,38381568,B03XA01,2026-07-06,2026-12-31,shortage,Elevata richiesta: forniture discontinue,"Si rilascia autorizzazione allimportazione alle strutture sanitarie per analogo autorizzato allestero, nel caso in cui le strutture interessate riscontrino discontinuità nella fornitura, a livello delle reti distributive cui hanno accesso",2026-10-01T10:44:52.204569,86320
IT,Italy,AIFA,RETACRIT,EPOETINA ZETA,"4.000 IU/0,4 ML - SOLUZIONE INIETTABILE - USO SOTTOCUTANEO O ENDOVENOSO - SIRINGA PRERIEMPITA (VETRO) CON PROTEZIONE DELL''AGO NEEDLE-TRAP - 0,4 ML (10.000 IU/ML) - 1 SIRINGA PRERIEMPITA",,38381606,B03XA01,2026-08-06,2026-12-31,shortage,Elevata richiesta,"Si rilascia autorizzazione allimportazione alle strutture sanitarie per analogo autorizzato allestero, nel caso in cui le strutture interessate riscontrino discontinuità nella fornitura, a livello delle reti distributive cui hanno accesso",2026-10-01T10:44:52.204592,86347
IT,Italy,AIFA,RETSEVMO,SELPERCATINIB,80 MG - CAPSULA RIGIDA - USO ORALE - BLISTER (PCTFE/PVC/ALU) - 112 CAPSULE,,49358118,L01EX22,2026-06-30,,shortage - end date unknown,Cessata commercializzazione definitiva,"Per trattamento alternativo si consiglia di rivolgersi allo specialista o al MMG. Sono autorizzati e commercializzati in Italia medicinali con medesimo principio attivo, forma farmaceutica, via di somministrazione, modalità di rilascio, dosaggio, e indicazioni terapeutiche ma numero di unità posologiche e dosi unitarie differente",2026-10-01T10:44:52.204615,208221
IT,Italy,AIFA,RETSEVMO,SELPERCATINIB,40 MG - CAPSULA RIGIDA - USO ORALE - BLISTER (PCTFE/PVC/ALU) - 56 CAPSULE,,49358068,L01EX22,2026-06-30,,shortage - end date unknown,Cessata commercializzazione definitiva,"Per trattamento alternativo si consiglia di rivolgersi allo specialista o al MMG. Sono autorizzati e commercializzati in Italia medicinali con medesimo principio attivo, forma farmaceutica, via di somministrazione, modalità di rilascio, dosaggio, e indicazioni terapeutiche ma numero di unità posologiche e dosi unitarie differente",2026-10-01T10:44:52.204635,208213
IT,Italy,AIFA,RETSEVMO,SELPERCATINIB,80 MG - CAPSULA RIGIDA - USO ORALE - BLISTER (PCTFE/PVC/ALU) - 56 CAPSULE,,49358106,L01EX22,2026-07-30,,shortage - end date unknown,Cessata commercializzazione definitiva,"Per trattamento alternativo si consiglia di rivolgersi allo specialista o al MMG. Sono autorizzati e commercializzati in Italia medicinali con medesimo principio attivo, forma farmaceutica, via di somministrazione, modalità di rilascio, dosaggio, e indicazioni terapeutiche ma numero di unità posologiche e dosi unitarie differente",2026-10-01T10:44:52.204652,208221
IT,Italy,AIFA,REVLIMID,LENALIDOMIDE,"""15 MG CAPSULA RIGIDA - USO ORALE"" BLISTER  (PCTFE/PVC/ALU) 21 CAPSULE",,38016034,L04AX04,2026-08-01,,shortage - end date unknown,Cessata commercializzazione definitiva,Per trattamento alternativo si consiglia di rivolgersi allo specialista o al M.M.G,2026-10-01T10:44:52.204671,83925
IT,Italy,AIFA,REVLIMID,LENALIDOMIDE,5 MG - CAPSULA RIGIDA - USO ORALE - BLISTER (PCTFE/PVC/ALLUMINIO) - 7 CAPSULE,,38016085,L04AX04,2026-05-01,,shortage - end date unknown,Cessata commercializzazione definitiva,Per trattamento alternativo si consiglia di rivolgersi allo specialista o al M.M.G,2026-10-01T10:44:52.204689,83909
IT,Italy,AIFA,REYATAZ,ATAZANAVIR SOLFATO,"""300 MG CAPSULE RIGIDE - USO ORALE-""FLACONE (POLIETILENE AD ALTA DENSITA'') 30 CAPSULE",,36196083,J05AE08,2026-08-31,,shortage - end date unknown,Cessata commercializzazione definitiva,Per trattamento alternativo si consiglia di rivolgersi allo specialista o al M.M.G,2026-10-01T10:44:52.204709,86479
IT,Italy,AIFA,REYATAZ,ATAZANAVIR SOLFATO,200 MG 60 CAPSULE IN BLISTER USO ORALE,,36196069,J05AE08,2026-08-31,,shortage - end date unknown,Cessata commercializzazione definitiva,Per trattamento alternativo si consiglia di rivolgersi allo specialista o al M.M.G,2026-10-01T10:44:52.204726,74349
IT,Italy,AIFA,RIFADIN,RIFAMPICINA,"""450  MG COMPRESSE RIVESTITE"" 8 COMPRESSE",,21110097,J04AB02,2021-08-05,,shortage - end date unknown,Problemi produttivi,Si rilascia autorizzazione allimportazione alle strutture sanitarie per analogo autorizzato allestero,2026-10-01T10:44:52.204745,
IT,Italy,AIFA,RIFINAH,ISONIAZIDE + RIFAMPICINA,"""300 MG/150 MG COMPRESSE RIVESTITE"" 24 COMPRESSE",,25377033,J04AM02,2021-08-16,2026-12-31,shortage,Problemi produttivi: distribuzione contingentata,"Si rilascia autorizzazione allimportazione alle strutture sanitarie per analogo autorizzato allestero, nel caso in cui le strutture interessate riscontrino discontinuità nella fornitura, a livello delle reti distributive cui hanno accesso",2026-10-01T10:44:52.204772,
IT,Italy,AIFA,RILUZOLO SANDOZ,RILUZOLO,"""50 MG COMPRESSE RIVESTITE CON FILM"" 56 COMPRESSE IN BLISTER PVC/AL",,41946031,N07XX02,2026-07-09,,shortage - end date unknown,Elevata richiesta,Per trattamento alternativo si consiglia di rivolgersi allo specialista o al M.M.G,2026-10-01T10:44:52.204789,45225
IT,Italy,AIFA,RILUZOLO SUN,RILUZOLO,""" 50 MG COMPRESSE RIVESTITE CON FILM "" 56 COMPRESSE IN BLISTER PVC/AL",,40801019,N07XX02,2022-12-31,,shortage - end date unknown,Problemi produttivi: forniture discontinue,Per trattamento alternativo si consiglia di rivolgersi allo specialista o al M.M.G,2026-10-01T10:44:52.204807,45225
IT,Italy,AIFA,RINALGIT,MOMETASONE,"""50 MICROGRAMMI/EROGAZIONE SPRAY NASALE, SOSPENSIONE"" 1 FLACONE IN HDPE DA 18 G/140 EROGAZIONI CON POMPA DOSATRICE E ADATTATORE NASALE",,43266016,R01AD09,2026-01-01,,shortage - end date unknown,Motivi commerciali,Per trattamento alternativo si consiglia di rivolgersi allo specialista o al M.M.G,2026-10-01T10:44:52.204825,
IT,Italy,AIFA,RINAZINA,NAFAZOLINA NITRATO,"""1 MG/ML GOCCE NASALI, SOLUZIONE"" FLACONE 10 ML",,590012,R01AA08,2026-06-30,,shortage - end date unknown,Cessata commercializzazione definitiva,Per trattamento alternativo si consiglia di rivolgersi allo specialista o al M.M.G,2026-10-01T10:44:52.204846,
IT,Italy,AIFA,RINGER LATTATO B. BRAUN,ACIDO LATTICO + CLORURO DI CALCIO + POTASSIO CLORURO + SODIO CLORURO + SODIO IDROSSIDO,""" SOLUZIONE PER INFUSIONE "" 10 FLACONI 500 ML",,34302036,B05BB01,2025-08-22,2026-12-31,shortage,Elevata richiesta/problemi produttivi: forniture discontinue,"Per trattamento alternativo si consiglia di rivolgersi allo specialista o al MMG. Sono autorizzati e commercializzati in Italia medicinali con medesimo principio attivo, forma farmaceutica, via di somministrazione, modalità di rilascio, dosaggio, e indicazioni terapeutiche ma formato differente",2026-10-01T10:44:52.204868,46426
IT,Italy,AIFA,RINGER LATTATO FKI,CALCIO CLORURO DIIDRATO + POTASSIO CLORURO + SODIO CLORURO + SODIO LATTATO 50%,"""SOLUZIONE PER INFUSIONE"" 20 FLACONCINI PE 500 ML",,30773232,B05BB01,2025-12-01,,shortage - end date unknown,Problemi produttivi,Per trattamento alternativo si consiglia di rivolgersi allo specialista o al M.M.G,2026-10-01T10:44:52.204886,46426
IT,Italy,AIFA,RIOPAN,MAGALDRATO,"""800 MG COMPRESSE MASTICABILI"" 40 COMPRESSE",,27103023,A02AD02,2022-10-21,,shortage - end date unknown,Problemi produttivi: forniture discontinue,Per trattamento alternativo si consiglia di rivolgersi allo specialista o al M.M.G,2026-10-01T10:44:52.204904,
IT,Italy,AIFA,RIOPAN,MAGALDRATO,"""80 MG/ML SOSPENSIONE ORALE"" 40 BUSTINE 10 ML",,27103035,A02AD02,2022-10-14,,shortage - end date unknown,Elevata richiesta: forniture discontinue,Per trattamento alternativo si consiglia di rivolgersi allo specialista o al M.M.G,2026-10-01T10:44:52.204921,
IT,Italy,AIFA,RISEDRONATO AUROBINDO,RISEDRONATO SODICO,"""35 MG COMPRESSE RIVESTITE CON FILM"" 12 COMPRESSE IN BLISTER PVC/PE/PVDC-AL",,40835136,M05BA07,2026-09-25,,shortage - end date unknown,Elevata richiesta: distribuzione contingentata,Per trattamento alternativo si consiglia di rivolgersi allo specialista o al M.M.G,2026-10-01T10:44:52.204939,68888
IT,Italy,AIFA,RISEDRONATO EG,RISEDRONATO SODICO,"""35 MG COMPRESSE RIVESTITE CON FILM"" 4 COMPRESSE IN BLISTER PVC/PE/PVDC/AL",,39970227,M05BA07,2024-09-24,,shortage - end date unknown,Problemi produttivi,Per trattamento alternativo si consiglia di rivolgersi allo specialista o al M.M.G,2026-10-01T10:44:52.204956,
IT,Italy,AIFA,RISEDRONATO EG STADA,RISEDRONATO SODICO,"""75 MG COMPRESSE RIVESTITE CON FILM"" 2 COMPRESSE IN BLISTER PVC/PVDC/AL",,43288012,M05BA07,2027-01-31,,shortage - end date unknown,Problemi produttivi,Per trattamento alternativo si consiglia di rivolgersi allo specialista o al M.M.G,2026-10-01T10:44:52.204973,
IT,Italy,AIFA,RISEDRONATO ZENTIVA,RISEDRONATO SODICO,"""35 MG COMPRESSE RIVESTITE CON FILM"" 4 COMPRESSE IN BLISTER PVC/PE/PVDC/AL",,46778015,M05BA07,2025-02-14,,shortage - end date unknown,Elevata richiesta/problemi produttivi,Per trattamento alternativo si consiglia di rivolgersi allo specialista o al M.M.G,2026-10-01T10:44:52.204991,
IT,Italy,AIFA,RISPERDAL,RISPERIDONE,"""1 MG/ML SOLUZIONE ORALE"" 1 FLACONE DA 100 ML",,28752095,N05AX08,2026-10-06,2026-10-19,shortage,Elevata richiesta,Per trattamento alternativo si consiglia di rivolgersi allo specialista o al M.M.G,2026-10-01T10:44:52.205013,44016
IT,Italy,AIFA,RISPERIDONE MYLAN PHARMA,RISPERIDONE,"""1 MG COMPRESSE RIVESTITE CON FILM"" 60 COMPRESSE IN BLISTER PVC/PE/PVDC-AL",,40616043,N05AX08,2026-12-01,,shortage - end date unknown,Problemi produttivi,Per trattamento alternativo si consiglia di rivolgersi allo specialista o al M.M.G,2026-10-01T10:44:52.205030,37710
IT,Italy,AIFA,RISPERIDONE MYLAN PHARMA,RISPERIDONE,"""3 MG COMPRESSE RIVESTITE CON FILM"" 60 COMPRESSE IN BLISTER PVC/PE/PVDC-AL",,40616120,N05AX08,2026-09-01,,shortage - end date unknown,Problemi produttivi,Per trattamento alternativo si consiglia di rivolgersi allo specialista o al M.M.G,2026-10-01T10:44:52.205053,37737
IT,Italy,AIFA,RISPERIDONE MYLAN PHARMA,RISPERIDONE,"""4 MG COMPRESSE RIVESTITE CON FILM"" 60 COMPRESSE IN BLISTER PVC/PE/PVDC-AL",,40616207,N05AX08,2026-10-07,,shortage - end date unknown,Problemi produttivi,Per trattamento alternativo si consiglia di rivolgersi allo specialista o al M.M.G,2026-10-01T10:44:52.205073,37745
IT,Italy,AIFA,RISPERIDONE MYLAN PHARMA,RISPERIDONE,"""2 MG COMPRESSE RIVESTITE CON FILM"" 60 COMPRESSE IN BLISTER PVC/PE/PVDC-AL",,40616082,N05AX08,2026-09-05,,shortage - end date unknown,Problemi produttivi,Per trattamento alternativo si consiglia di rivolgersi allo specialista o al M.M.G,2026-10-01T10:44:52.205090,37729
IT,Italy,AIFA,RISPERIDONE TEVA GROUP,RISPERIDONE,"""25 MG POLVERE E SOLVENTE PER SOSPENSIONE INIETTABILE A RILASCIO PROLUNGATO"" 1 X (1 FLACONCINO POLVERE + 1 ADATTATORE PER FLACONCINO + 1 SIRINGA PRERIEMPITA 2 ML SOLVENTE + 2 AGHI DI SICUREZZA)",,49100011,N05AX08,2025-07-07,,shortage - end date unknown,Problemi produttivi,"Si rilascia autorizzazione allimportazione alle strutture sanitarie per analogo autorizzato allestero, nel caso in cui le strutture interessate riscontrino discontinuità nella fornitura, a livello delle reti distributive cui hanno accesso",2026-10-01T10:44:52.205108,68268
IT,Italy,AIFA,RISPERIDONE TEVA GROUP,RISPERIDONE,"""50 MG POLVERE E SOLVENTE PER SOSPENSIONE INIETTABILE A RILASCIO PROLUNGATO"" 1 X (1 FLACONCINO POLVERE + 1 ADATTATORE PER FLACONCINO + 1 SIRINGA PRERIEMPITA 2 ML SOLVENTE + 2 AGHI DI SICUREZZA)",,49100074,N05AX08,2024-12-09,,shortage - end date unknown,Problemi produttivi,Si rilascia autorizzazione allimportazione alle strutture sanitarie per analogo autorizzato allestero,2026-10-01T10:44:52.205126,68284
IT,Italy,AIFA,RISPERIDONE TEVA GROUP,RISPERIDONE,"""37,5 MG POLVERE E SOLVENTE PER SOSPENSIONE INIETTABILE A RILASCIO PROLUNGATO"" 1 X (1 FLACONCINO POLVERE + 1 ADATTATORE PER FLACONCINO + 1 SIRINGA PRERIEMPITA 2 ML SOLVENTE + 2 AGHI DI SICUREZZA)",,49100047,N05AX08,2025-09-19,,shortage - end date unknown,Problemi produttivi,Si rilascia autorizzazione allimportazione alle strutture sanitarie per analogo autorizzato allestero,2026-10-01T10:44:52.205144,68276
IT,Italy,AIFA,RITION,GLUTATIONE SODICO,"""600 MG/4 ML POLVERE E SOLVENTE PER SOLUZIONE INIETTABILE""5 FIALE POLVERE + 5 FIALE SOLVENTE 4 ML",,27300060,V03AB32,2026-06-10,,shortage - end date unknown,Cessata commercializzazione temporanea,Per trattamento alternativo si consiglia di rivolgersi allo specialista o al M.M.G,2026-10-01T10:44:52.205161,
IT,Italy,AIFA,RITONAVIR SANDOZ,RITONAVIR,"""100 MG COMPRESSE RIVESTITE CON FILM"" 30 COMPRESSE IN FLACONE HDPE",,43359013,J05AE03,2026-02-16,2026-10-31,shortage,Elevata richiesta: distribuzione contingentata,"Si rilascia autorizzazione allimportazione alle strutture sanitarie per analogo autorizzato allestero, nel caso in cui le strutture interessate riscontrino discontinuità nella fornitura, a livello delle reti distributive cui hanno accesso",2026-10-01T10:44:52.205183,94064
IT,Italy,AIFA,RITONAVIR VIATRIS,RITONAVIR,100 MG - COMPRESSA RIVESTITA CON FILM - USO ORALE - FLACONE (HDPE) - 30 COMPRESSE,,45775018,J05AE03,2026-10-01,,shortage - end date unknown,Problemi produttivi,Per trattamento alternativo si consiglia di rivolgersi allo specialista o al M.M.G,2026-10-01T10:44:52.205201,94064
IT,Italy,AIFA,RIVAROXABAN DR. REDDY'S,RIVAROXABAN,"""20 MG COMPRESSE RIVESTITE CON FILM"" 28 COMPRESSE IN BLISTER AL/PVC/PVDC",,48423204,B01AF01,2026-07-15,,shortage - end date unknown,Elevata richiesta: forniture discontinue (carenza relativa solo al canale ospedaliero),Per trattamento alternativo si consiglia di rivolgersi allo specialista o al M.M.G,2026-10-01T10:44:52.205219,100153
IT,Italy,AIFA,RIVAROXABAN DR. REDDY'S,RIVAROXABAN,"""10 MG COMPRESSE RIVESTITE CON FILM"" 30 COMPRESSE IN BLISTER AL/PVC/PVDC",,48423103,B01AF01,2026-07-15,,shortage - end date unknown,Elevata richiesta: forniture discontinue (carenza relativa solo al canale ospedaliero),Per trattamento alternativo si consiglia di rivolgersi allo specialista o al M.M.G,2026-10-01T10:44:52.205236,88862
IT,Italy,AIFA,RIVAROXABAN OLPHA,RIVAROXABAN,"""2.5 MG COMPRESSE RIVESTITE CON FILM"" 56 COMPRESSE IN BLISTER PVC/PVDC/AL",,52289016,B01AF01,2026-07-26,2026-09-29,resolved,Problemi produttivi,Per trattamento alternativo si consiglia di rivolgersi allo specialista o al M.M.G,2026-10-01T10:44:52.205259,117250
IT,Italy,AIFA,RIVAROXABAN ZENTIVA ITALIA,RIVAROXABAN,"""2,5 MG COMPRESSE RIVESTITE CON FILM"" 56 COMPRESSE IN BLISTER PVC/AL",,48343038,B01AF01,2024-12-27,,shortage - end date unknown,Problemi produttivi,Per trattamento alternativo si consiglia di rivolgersi allo specialista o al M.M.G,2026-10-01T10:44:52.205279,117250
IT,Italy,AIFA,RIVASTIGMINA AUROBINDO,RIVASTIGMINA,"""1,5 MG CAPSULE RIGIDE"" 56 CAPSULE IN BLISTER PVC/PE/PVDC-AL",,41787019,N06DA03,2026-10-08,,shortage - end date unknown,Problemi produttivi,Per trattamento alternativo si consiglia di rivolgersi allo specialista o al M.M.G,2026-10-01T10:44:52.205299,50164
IT,Italy,AIFA,RIVASTIGMINA MYLAN PHARMA,RIVASTIGMINA,"""9,5 MG/24 ORE CEROTTO TRANSDERMICO"" 30 CEROTTI IN BUSTINA CARTA/PET/PE/AL/LASPOLD",,41260148,N06DA03,2026-05-18,,shortage - end date unknown,Problemi produttivi,Per trattamento alternativo si consiglia di rivolgersi allo specialista o al M.M.G,2026-10-01T10:44:52.205317,
IT,Italy,AIFA,RIVASTIGMINA ZENTIVA,RIVASTIGMINA,"""13,3 MG/24 H CEROTTO TRANSDERMICO"" 30 CEROTTI IN BUSTINE PAP/PET/AL/PAN",,41258132,N06DA03,2021-10-15,,shortage - end date unknown,Problemi produttivi: forniture discontinue,Per trattamento alternativo si consiglia di rivolgersi allo specialista o al M.M.G,2026-10-01T10:44:52.205336,
IT,Italy,AIFA,RIVASTIGMINA ZENTIVA,RIVASTIGMINA,"""4,6 MG/24 ORE CEROTTO TRANSDERMICO"" 30 CEROTTI IN BUSTINA CARTA/PET/AL/PAN",,41258029,N06DA03,2024-09-09,,shortage - end date unknown,Elevata richiesta,Per trattamento alternativo si consiglia di rivolgersi allo specialista o al M.M.G,2026-10-01T10:44:52.205356,
IT,Italy,AIFA,RIVASTIGMINA ZENTIVA,RIVASTIGMINA,"9,5 MG/24 ORE CEROTTO TRANSDERMICO"" 30 CEROTTI IN BUSTINA CARTA/PET/PE/AL/LasPolD",,41258233,N06DA03,2025-08-31,,shortage - end date unknown,Elevata richiesta/problemi produttivi,Per trattamento alternativo si consiglia di rivolgersi allo specialista o al M.M.G,2026-10-01T10:44:52.205376,
IT,Italy,AIFA,RIVASTIGMINA ZENTIVA,RIVASTIGMINA,"4,6 MG/24 ORE CEROTTO TRANSDERMICO"" 30 CEROTTI IN BUSTINA CARTA/PET/PE/AL/LasPolD",,41258171,N06DA03,2025-08-31,,shortage - end date unknown,Elevata richiesta/problemi produttivi,Per trattamento alternativo si consiglia di rivolgersi allo specialista o al M.M.G,2026-10-01T10:44:52.205394,
IT,Italy,AIFA,RIXATHON,RITUXIMAB,100 MG - CONCENTRATO PER SOLUZIONE PER INFUSIONE - USO ENDOVENOSO - FLACONCINO (VETRO) - 10 ML (10 MG/ML) - 2 FLACONCINI,,45450018,L01FA01,2026-08-06,,shortage - end date unknown,Elevata richiesta,Per trattamento alternativo si consiglia di rivolgersi allo specialista o al MMG. Sono autorizzati e commercializzati in Italia medicinali biosimilari.,2026-10-01T10:44:52.205411,51004
IT,Italy,AIFA,RIZATRIPTAN AUROBINDO,RIZATRIPTAN,"""10 MG COMPRESSE ORODISPERSIBILI"" 6 COMPRESSE IN BLISTER PA/AL/PVC/AL",,41562036,N02CC04,2026-11-18,,shortage - end date unknown,Problemi produttivi,Per trattamento alternativo si consiglia di rivolgersi allo specialista o al M.M.G,2026-10-01T10:44:52.205429,50520
IT,Italy,AIFA,RIZATRIPTAN MYLAN GENERICS,RIZATRIPTAN,""" 10 MG COMPRESSE ORODISPERSIBILI"" 6 COMPRESSE IN BLISTER OPA/AL/PVC",,40776080,N02CC04,2025-11-10,,shortage - end date unknown,Elevata richiesta,Per trattamento alternativo si consiglia di rivolgersi allo specialista o al M.M.G,2026-10-01T10:44:52.205446,50520
IT,Italy,AIFA,RIZATRIPTAN ZENTIVA ITALIA,RIZATRIPTAN,"""10 MG COMPRESSE ORODISPERSIBILI"" 6 COMPRESSE IN BLISTER IN PA/AL/PVC-AL",,41634039,N02CC04,2025-06-16,,shortage - end date unknown,Problemi produttivi,Per trattamento alternativo si consiglia di rivolgersi allo specialista o al M.M.G,2026-10-01T10:44:52.205463,50520
IT,Italy,AIFA,RIZATRIPTAN ZENTIVA ITALIA,RIZATRIPTAN,"""10 MG COMPRESSE ORODISPERSIBILI"" 3 COMPRESSE IN BLISTER IN PA/AL/PVC-AL",,41634027,N02CC04,2025-08-18,,shortage - end date unknown,Problemi produttivi,Per trattamento alternativo si consiglia di rivolgersi allo specialista o al M.M.G,2026-10-01T10:44:52.205481,50520
IT,Italy,AIFA,ROBILAS,BILASTINA,"""6 mg/ml COLLIRIO, SOLUZIONE"" 1 FLACONE DA 5 ML IN LDPE CON CONTAGOCCE MULTIDOSE IN HDPE",,41045168,S01GX13,2025-07-07,,shortage - end date unknown,Problemi produttivi,Per trattamento alternativo si consiglia di rivolgersi allo specialista o al M.M.G,2026-10-01T10:44:52.205501,
IT,Italy,AIFA,ROBILAS,BILASTINA,"""20 MG COMPRESSE ORODISPERSIBILI"" 20 COMPRESSE IN BLISTER OPA/AL/PVC/AL DIVISIBILE PER DOSE UNITARIA",,41045129,R06AX29,2026-08-28,2026-10-05,shortage,Problemi produttivi,Per trattamento alternativo si consiglia di rivolgersi allo specialista o al M.M.G,2026-10-01T10:44:52.205524,
IT,Italy,AIFA,ROCEFIN,CEFTRIAXONE SODICO,"""250 MG/2 ML POLVERE E SOLVENTE PER SOLUZIONE INIETTABILE PER USO INTRAMUSCOLARE"" 1 FLACONCINO POLVERE + 1 FIALA SOLVENTE DA 2 ML",,25202019,J01DD04,2026-10-26,,shortage - end date unknown,Cessata commercializzazione definitiva,Per trattamento alternativo si consiglia di rivolgersi allo specialista o al M.M.G,2026-10-01T10:44:52.205541,
IT,Italy,AIFA,ROCURONIO KABI,ROCURONIO BROMURO,"""10 MG/ML SOLUZIONE INIETTABILE O PER INFUSIONE"" 10 FLACONCINI DI VETRO DA 10 ML",,38603066,M03AC09,2026-05-08,,shortage - end date unknown,Elevata richiesta,Per trattamento alternativo si consiglia di rivolgersi allo specialista o al M.M.G,2026-10-01T10:44:52.205558,46299
IT,Italy,AIFA,ROPINIROLO DOC GENERICI,ROPINIROLO CLORIDRATO,""" 4 MG COMPRESSE A RILASCIO PROLUNGATO "" 28 COMPRESSE IN BLISTER PVC/PCTFE/AL",,40257026,N04BC04,2025-01-10,,shortage - end date unknown,Problemi produttivi,Per trattamento alternativo si consiglia di rivolgersi allo specialista o al M.M.G,2026-10-01T10:44:52.205575,85634
IT,Italy,AIFA,ROPINIROLO DOC GENERICI,ROPINIROLO CLORIDRATO,""" 8 MG COMPRESSE A RILASCIO PROLUNGATO "" 28 COMPRESSE IN BLISTER PVC/PCTFE/AL",,40257038,N04BC04,2025-02-28,,shortage - end date unknown,Problemi produttivi,"Si rilascia autorizzazione allimportazione alle strutture sanitarie per analogo autorizzato allestero, nel caso in cui le strutture interessate riscontrino discontinuità nella fornitura, a livello delle reti distributive cui hanno accesso",2026-10-01T10:44:52.205592,85642
IT,Italy,AIFA,ROPINIROLO DOC GENERICI,ROPINIROLO CLORIDRATO,""" 2 MG COMPRESSE A RILASCIO PROLUNGATO "" 28 COMPRESSE IN BLISTER PVC/PCTFE/AL",,40257014,N04BC04,2026-05-29,,shortage - end date unknown,Problemi produttivi,Per trattamento alternativo si consiglia di rivolgersi allo specialista o al M.M.G,2026-10-01T10:44:52.205610,85626
IT,Italy,AIFA,ROPINIROLO EG STADA,ROPINIROLO,""" 2 MG COMPRESSE A RILASCIO PROLUNGATO "" 28 COMPRESSE IN BLISTER PVC/PCTFE/AL",,40358020,N04BC04,2025-09-01,,shortage - end date unknown,Problemi produttivi,Per trattamento alternativo si consiglia di rivolgersi allo specialista o al M.M.G,2026-10-01T10:44:52.205627,
IT,Italy,AIFA,ROPINIROLO EG STADA,ROPINIROLO,""" 4 MG COMPRESSE A RILASCIO PROLUNGATO "" 28 COMPRESSE IN BLISTER PVC/PCTFE/AL",,40358057,N04BC04,2024-10-01,,shortage - end date unknown,Problemi produttivi,Per trattamento alternativo si consiglia di rivolgersi allo specialista o al M.M.G,2026-10-01T10:44:52.205645,85634
IT,Italy,AIFA,ROPINIROLO EG STADA,ROPINIROLO,""" 8 MG COMPRESSE A RILASCIO PROLUNGATO "" 28 COMPRESSE IN BLISTER PVC/PCTFE/AL",,40358083,N04BC04,2024-10-01,,shortage - end date unknown,Problemi produttivi,"Si rilascia autorizzazione allimportazione alle strutture sanitarie per analogo autorizzato allestero, nel caso in cui le strutture interessate riscontrino discontinuità nella fornitura, a livello delle reti distributive cui hanno accesso",2026-10-01T10:44:52.205668,85642
IT,Italy,AIFA,ROPIRAL,ROPINIROLO,""" 4 MG COMPRESSE A RILASCIO PROLUNGATO "" 28 COMPRESSE IN BLISTER PVC/PCTFE/AL",,42280077,N04BC04,2025-02-23,,shortage - end date unknown,Problemi produttivi (carenza relativa solo al canale retail),Per trattamento alternativo si consiglia di rivolgersi allo specialista o al M.M.G,2026-10-01T10:44:52.205685,85634
IT,Italy,AIFA,ROPIRAL,ROPINIROLO,""" 2 MG COMPRESSE A RILASCIO PROLUNGATO "" 28 COMPRESSE IN BLISTER PVC/PCTFE/AL",,42280026,N04BC04,2025-01-19,,shortage - end date unknown,Problemi produttivi (carenza relativa solo al canale retail),Per trattamento alternativo si consiglia di rivolgersi allo specialista o al M.M.G,2026-10-01T10:44:52.205705,85626
IT,Italy,AIFA,ROPIVACAINA CLORIDRATO BIOINDUSTRIA L.I.M.,ROPIVACAINA CLORIDRATO MONOIDRATO,""" 10 MG/ ML SOLUZIONE INIETTABILE "" 10 FIALE DA 10 ML",,39409089,N01BB09,2025-12-10,2026-11-30,shortage,Problemi produttivi: distribuzione contingentata,Per trattamento alternativo si consiglia di rivolgersi allo specialista o al M.M.G,2026-10-01T10:44:52.205727,
IT,Italy,AIFA,ROPIVACAINA CLORIDRATO BIOINDUSTRIA L.I.M.,ROPIVACAINA CLORIDRATO MONOIDRATO,""" 7,5 MG/ ML SOLUZIONE INIETTABILE "" 10 FIALE DA 10 ML",,39409077,N01BB09,2026-01-21,2026-12-31,shortage,Problemi produttivi: distribuzione contingentata,"Per trattamento alternativo si consiglia di rivolgersi allo specialista o al MMG. Sono autorizzati e commercializzati in Italia medicinali con medesimo principio attivo, forma farmaceutica, via di somministrazione, modalità di rilascio, dosaggio, e indicazioni terapeutiche ma numero di unità posologiche differente",2026-10-01T10:44:52.205752,
IT,Italy,AIFA,ROPIVACAINA KABI,ROPIVACAINA CLORIDRATO MONOIDRATO,""" 7,5 MG/ML SOLUZIONE INIETTABILE "" 5 FIALE IN PP DA 10 ML IN BLISTER",,40591238,N01BB09,2025-12-04,,shortage - end date unknown,Elevata richiesta,Per trattamento alternativo si consiglia di rivolgersi allo specialista o al M.M.G,2026-10-01T10:44:52.205769,
IT,Italy,AIFA,ROSUCETIL,ACIDO ACETILSALICILICO + ROSUVASTATINA,"""20 MG/100 MG CAPSULE RIGIDE"" 28 CAPSULE IN BLISTER PA/AL/PVC/AL",,48023030,C10BX05,2026-11-30,,shortage - end date unknown,Cessata commercializzazione temporanea,Per trattamento alternativo si consiglia di rivolgersi allo specialista o al M.M.G,2026-10-01T10:44:52.205787,
IT,Italy,AIFA,ROSUCETIL,ACIDO ACETILSALICILICO + ROSUVASTATINA,"""10 MG/100 MG CAPSULE RIGIDE"" 28 CAPSULE IN BLISTER PA/AL/PVC/AL",,48023028,C10BX05,2026-11-30,,shortage - end date unknown,Cessata commercializzazione temporanea,Per trattamento alternativo si consiglia di rivolgersi allo specialista o al M.M.G,2026-10-01T10:44:52.205804,
IT,Italy,AIFA,ROSULOD,AMLODIPINA + ROSUVASTATINA,"""10 MG + 5 MG CAPSULE RIGIDE"" 30 CAPSULE IN BLISTER PA/AL/PVC/AL",,46746020,C10BX09,2024-05-31,,shortage - end date unknown,Problemi produttivi,Per trattamento alternativo si consiglia di rivolgersi allo specialista o al M.M.G,2026-10-01T10:44:52.205821,
IT,Italy,AIFA,ROSULOD,AMLODIPINA + ROSUVASTATINA,"""20 MG + 10 MG CAPSULE RIGIDE"" 30 CAPSULE IN BLISTER PA/AL/PVC/AL",,46746083,C10BX09,2026-04-30,,shortage - end date unknown,Problemi produttivi,Per trattamento alternativo si consiglia di rivolgersi allo specialista o al M.M.G,2026-10-01T10:44:52.205838,
IT,Italy,AIFA,ROSULOD,AMLODIPINA + ROSUVASTATINA,"""10 MG + 10 MG CAPSULE RIGIDE"" 30 CAPSULE IN BLISTER PA/AL/PVC/AL",,46746044,C10BX09,2026-04-30,,shortage - end date unknown,Problemi produttivi,Per trattamento alternativo si consiglia di rivolgersi allo specialista o al M.M.G,2026-10-01T10:44:52.205855,
IT,Italy,AIFA,ROSULOD,AMLODIPINA + ROSUVASTATINA,"""20 MG + 5 MG CAPSULE RIGIDE"" 30 CAPSULE IN BLISTER PA/AL/PVC/AL",,46746069,C10BX09,2026-04-30,,shortage - end date unknown,Problemi produttivi,Per trattamento alternativo si consiglia di rivolgersi allo specialista o al M.M.G,2026-10-01T10:44:52.205884,
IT,Italy,AIFA,ROSUVASTATINA ADAMED,ROSUVASTATINA,"""5 MG COMPRESSE RIVESTITE CON FILM"" 28 COMPRESSE IN BLISTER PA/AL/PVC/AL",,48435010,C10AA07,2025-10-20,,shortage - end date unknown,Elevata richiesta,Per trattamento alternativo si consiglia di rivolgersi allo specialista o al M.M.G,2026-10-01T10:44:52.205904,201030
IT,Italy,AIFA,ROSUVASTATINA AUROBINDO,ROSUVASTATINA SALE DI CALCIO,"""5 MG COMPRESSE RIVESTITE CON FILM"" 28 COMPRESSE IN BLISTER PA/AL/PVC/AL",,44203026,C10AA07,2026-03-21,,shortage - end date unknown,Problemi produttivi,Per trattamento alternativo si consiglia di rivolgersi allo specialista o al M.M.G,2026-10-01T10:44:52.205921,201030
IT,Italy,AIFA,ROSUVASTATINA AUROBINDO,ROSUVASTATINA SALE DI CALCIO,"""10 MG COMPRESSE RIVESTITE CON FILM"" 28 COMPRESSE IN BLISTER PA/AL/PVC/AL",,44203053,C10AA07,2026-10-08,,shortage - end date unknown,Problemi produttivi,Per trattamento alternativo si consiglia di rivolgersi allo specialista o al M.M.G,2026-10-01T10:44:52.205939,201049
IT,Italy,AIFA,ROSUVASTATINA E EZETIMIBE EG,EZETIMIBE + ROSUVASTATINA SALE DI CALCIO,"""10 MG/10 MG CAPSULE RIGIDE"" 30 CAPSULE IN BLISTER OPA/PVC/AL",,48412035,C10BA06,2026-11-16,,shortage - end date unknown,Elevata richiesta,Per trattamento alternativo si consiglia di rivolgersi allo specialista o al M.M.G,2026-10-01T10:44:52.205957,201103
IT,Italy,AIFA,ROSUVASTATINA E EZETIMIBE EG,EZETIMIBE + ROSUVASTATINA SALE DI CALCIO,"""5 MG/10 MG CAPSULE RIGIDE"" 30 CAPSULE IN BLISTER OPA/PVC/AL",,48412023,C10BA06,2026-11-16,,shortage - end date unknown,Elevata richiesta,Per trattamento alternativo si consiglia di rivolgersi allo specialista o al M.M.G,2026-10-01T10:44:52.205974,
IT,Italy,AIFA,ROSUVASTATINA E EZETIMIBE EG,EZETIMIBE + ROSUVASTATINA SALE DI CALCIO,"""20 MG/10 MG CAPSULE RIGIDE"" 30 CAPSULE IN BLISTER OPA/PVC/AL",,48412047,C10BA06,2026-11-16,,shortage - end date unknown,Elevata richiesta,Per trattamento alternativo si consiglia di rivolgersi allo specialista o al M.M.G,2026-10-01T10:44:52.205992,201111
IT,Italy,AIFA,ROSUVASTATINA E OMEGA 3 SPA SOCIETÀ PRODOTTI ANTIBIOTICI,OMEGA 3 POLINSATURI + ROSUVASTATINA,"""5 MG/1000 MG CAPSULE MOLLI"" 30 CAPSULE IN BLISTER PVC/AL",,48417048,C01BA07,2026-05-31,,shortage - end date unknown,Cessata commercializzazione definitiva,Per trattamento alternativo si consiglia di rivolgersi allo specialista o al M.M.G,2026-10-01T10:44:52.206010,
IT,Italy,AIFA,ROSUVASTATINA MYLAN,ROSUVASTATINA SALE DI CALCIO,"""10 MG COMPRESSE RIVESTITE CON FILM"" 28 COMPRESSE IN BLISTER OPA/AL/PVC-AL",,42575720,C10AA07,2025-05-15,,shortage - end date unknown,Elevata richiesta,Per trattamento alternativo si consiglia di rivolgersi allo specialista o al M.M.G,2026-10-01T10:44:52.206027,201049
IT,Italy,AIFA,ROSUVASTATINA MYLAN,ROSUVASTATINA SALE DI CALCIO,"""20 MG COMPRESSE RIVESTITE CON FILM"" 28 COMPRESSE IN BLISTER OPA/AL/PVC-AL",,42575819,C10AA07,2025-11-17,,shortage - end date unknown,Problemi produttivi,Per trattamento alternativo si consiglia di rivolgersi allo specialista o al M.M.G,2026-10-01T10:44:52.206045,201057
IT,Italy,AIFA,ROSUVASTATINA MYLAN,ROSUVASTATINA SALE DI CALCIO,"""5 MG COMPRESSE RIVESTITE CON FILM"" 28 COMPRESSE IN BLISTER OPA/AL/PVC-AL",,42575631,C10AA07,2025-09-01,,shortage - end date unknown,Problemi produttivi,Per trattamento alternativo si consiglia di rivolgersi allo specialista o al M.M.G,2026-10-01T10:44:52.206062,201030
IT,Italy,AIFA,ROSUVASTATINA MYLAN,ROSUVASTATINA SALE DI CALCIO,"""40 MG COMPRESSE RIVESTITE CON FILM"" 28 COMPRESSE IN BLISTER OPA/AL/PVC-AL",,42575908,C10AA07,2026-06-15,,shortage - end date unknown,Problemi produttivi,Per trattamento alternativo si consiglia di rivolgersi allo specialista o al M.M.G,2026-10-01T10:44:52.206090,201065
IT,Italy,AIFA,ROSUVASTATINA MYLAN ITALIA,ROSUVASTATINA SALE DI CALCIO,"""5 MG COMPRESSE RIVESTITE CON FILM"" 28 COMPRESSE IN BLISTER AL/AL",,43724020,C10AA07,2026-04-01,,shortage - end date unknown,Motivi commerciali,Per trattamento alternativo si consiglia di rivolgersi allo specialista o al M.M.G,2026-10-01T10:44:52.206108,201030
IT,Italy,AIFA,ROSUVASTATINA PENSA,ROSUVASTATINA SALE DI CALCIO,"""5 MG COMPRESSE RIVESTITE CON FILM"" 28 COMPRESSE IN BLISTER OPA/AL/PVC/AL",,45301013,C10AA07,2026-10-01,2026-12-31,shortage,Problemi produttivi,Per trattamento alternativo si consiglia di rivolgersi allo specialista o al M.M.G,2026-10-01T10:44:52.206131,201030
IT,Italy,AIFA,ROSUVASTATINA PENSA,ROSUVASTATINA SALE DI CALCIO,"""10 MG COMPRESSE RIVESTITE CON FILM"" 28 COMPRESSE IN BLISTER OPA/AL/PVC/AL",,45301025,C10AA07,2026-11-01,2027-03-31,shortage,Problemi produttivi,Per trattamento alternativo si consiglia di rivolgersi allo specialista o al M.M.G,2026-10-01T10:44:52.206154,201049
IT,Italy,AIFA,ROSUVASTATINA SUN,ROSUVASTATINA,"""20 MG COMPRESSE RIVESTITE CON FILM"" 28 COMPRESSE IN BLISTER OPA/AL/PVC/AL",,44577031,C10AA07,2023-12-31,,shortage - end date unknown,Elevata richiesta/problemi produttivi,Per trattamento alternativo si consiglia di rivolgersi allo specialista o al M.M.G,2026-10-01T10:44:52.206173,201057
IT,Italy,AIFA,ROSUVASTATINA ZENTIVA,ROSUVASTATINA SALE DI CALCIO,"""40 MG COMPRESSE RIVESTITE CON FILM"" 28 COMPRESSE IN BLISTER AL/AL",,43277223,C10AA07,2023-04-30,,shortage - end date unknown,Problemi produttivi,Per trattamento alternativo si consiglia di rivolgersi allo specialista o al M.M.G,2026-10-01T10:44:52.206191,201065
IT,Italy,AIFA,ROSUVASTATINA ZENTIVA,ROSUVASTATINA SALE DI CALCIO,"""5 MG COMPRESSE RIVESTITE CON FILM"" 28 COMPRESSE IN BLISTER AL/AL",,43277033,C10AA07,2024-03-31,,shortage - end date unknown,Problemi produttivi,Per trattamento alternativo si consiglia di rivolgersi allo specialista o al M.M.G,2026-10-01T10:44:52.206208,201030
IT,Italy,AIFA,ROSUVASTATINA ZENTIVA,ROSUVASTATINA SALE DI CALCIO,"""20 MG COMPRESSE RIVESTITE CON FILM"" 28 COMPRESSE IN BLISTER AL/AL",,43277173,C10AA07,2024-09-30,,shortage - end date unknown,Problemi produttivi,Per trattamento alternativo si consiglia di rivolgersi allo specialista o al M.M.G,2026-10-01T10:44:52.206226,201057
IT,Italy,AIFA,RUCONEST,CONESTAT ALFA,"""2100 U - POLVERE PER SOLUZIONE INIETTABILE - USO ENDOVENOSO - FLACONCINO(VETRO)"" 1 FLACONCINO DA 2100 U",,41272016,B06AC04,2018-05-02,,shortage - end date unknown,Cessata commercializzazione temporanea,Si rilascia autorizzazione allimportazione alle strutture sanitarie per analogo autorizzato allestero,2026-10-01T10:44:52.206246,98590
IT,Italy,AIFA,RULID,ROXITROMICINA,"""150 MG COMPRESSE RIVESTITE CON FILM"" 12 COMPRESSE",,26727014,J01FA06,2026-08-31,2026-10-31,shortage,Problemi regolatori,Per trattamento alternativo si consiglia di rivolgersi allo specialista o al M.M.G,2026-10-01T10:44:52.206268,
IT,Italy,AIFA,RULID,ROXITROMICINA,"""300 MG COMPRESSE RIVESTITE CON FILM"" 6 COMPRESSE",,26727040,J01FA06,2026-09-30,2026-10-31,shortage,Problemi regolatori,Per trattamento alternativo si consiglia di rivolgersi allo specialista o al M.M.G,2026-10-01T10:44:52.206290,
IT,Italy,AIFA,RUPATADINA AUROBINDO,RUPATADINA FUMARATO,"""10 MG COMPRESSE"" 30 COMPRESSE IN BLISTER PVC/PVDC/AL",,45571039,R06AX28,2026-09-30,,shortage - end date unknown,Elevata richiesta,Per trattamento alternativo si consiglia di rivolgersi allo specialista o al M.M.G,2026-10-01T10:44:52.206308,
IT,Italy,AIFA,RUPATADINA DOC GENERICI,RUPATADINA FUMARATO,""" 10 MG COMPRESSE "" 30 COMPRESSE IN BLISTER PVC/PVDC/AL",,44350027,R06AX28,2026-07-31,,shortage - end date unknown,Problemi produttivi,Per trattamento alternativo si consiglia di rivolgersi allo specialista o al M.M.G,2026-10-01T10:44:52.206325,
IT,Italy,AIFA,RUPATADINA MYLAN PHARMA,RUPATADINA FUMARATO,"""10 MG COMPRESSE "" 30 COMPRESSE IN BLISTER PVC/PVDC/AL",,43938024,R06AX28,2026-09-15,,shortage - end date unknown,Problemi produttivi,Per trattamento alternativo si consiglia di rivolgersi allo specialista o al M.M.G,2026-10-01T10:44:52.206342,
IT,Italy,AIFA,RUXIENCE,RITUXIMAB,100 MG - CONCENTRATO PER SOLUZIONE PER INFUSIONE - USO ENDOVENOSO - FLACONCINO (VETRO) 10 ML (10 MG/ML) - UN FLACONCINO,,48720015,L01FA01,2026-01-08,,shortage - end date unknown,Elevata richiesta,Per trattamento alternativo si consiglia di rivolgersi allo specialista o al MMG. Sono autorizzati e commercializzati in Italia medicinali biosimilari.,2026-10-01T10:44:52.206360,51004
IT,Italy,AIFA,RUXIENCE,RITUXIMAB,500 MG - CONCENTRATO PER SOLUZIONE PER INFUSIONE - USO ENDOVENOSO - FLACONCINO (VETRO) 50 ML (10 MG/ML) - UN FLACONCINO,,48720027,L01FA01,2025-11-26,,shortage - end date unknown,Elevata richiesta,Per trattamento alternativo si consiglia di rivolgersi allo specialista o al MMG. Sono autorizzati e commercializzati in Italia medicinali biosimilari.,2026-10-01T10:44:52.206377,51012
IT,Italy,AIFA,RYTMONORM,PROPAFENONE CLORIDRATO,"""70 MG/20 ML SOLUZIONE INIETTABILE PER USO ENDOVENOSO"" 5 FIALE 20 ML",,24862031,C01BC03,2025-01-31,,shortage - end date unknown,Cessata commercializzazione definitiva,Si rilascia autorizzazione allimportazione alle strutture sanitarie per analogo autorizzato allestero,2026-10-01T10:44:52.206397,
IT,Italy,AIFA,SAFUBREF,FLUTICASONE PROPIONATO + SALMETEROLO XINAFOATO,"""50 MICROGRAMMI/500 MICROGRAMMI/DOSE POLVERE PER INALAZIONE"" 1 INALATORE IN PBT/LDPE/PC/SB/PP  DA 60 DOSI",,45961048,R03AK06,2025-05-31,2026-12-31,shortage,Motivi commerciali,Per trattamento alternativo si consiglia di rivolgersi allo specialista o al M.M.G,2026-10-01T10:44:52.206419,
IT,Italy,AIFA,SAFUBREF,FLUTICASONE PROPIONATO + SALMETEROLO XINAFOATO,"""50 MICROGRAMMI/250 MICROGRAMMI/DOSE POLVERE PER INALAZIONE"" 1 INALATORE IN PBT/LDPE/PC/SB/PP  DA 60 DOSI",,45961012,R03AK06,2025-05-31,2026-12-31,shortage,Motivi commerciali,Per trattamento alternativo si consiglia di rivolgersi allo specialista o al M.M.G,2026-10-01T10:44:52.206441,
IT,Italy,AIFA,SALMETEROLO E FLUTICASONE DOCGEN,FLUTICASONE PROPIONATO + SALMETEROLO XINAFOATO,"""50 MICROGRAMMI/500 MICROGRAMMI/DOSE POLVERE PER INALAZIONE, PRE-DOSATA"" 1 INALATORE DA 60 DOSI IN BLISTER OPA/PVC/AL-PETP/CARTA/PVC",,50876097,R03AK06,2026-07-31,,shortage - end date unknown,Problemi produttivi,Per trattamento alternativo si consiglia di rivolgersi allo specialista o al M.M.G,2026-10-01T10:44:52.206458,
IT,Italy,AIFA,SALMETEROLO E FLUTICASONE EG STADA,FLUTICASONE PROPIONATO + SALMETEROLO XINAFOATO,"""50 MICROGRAMMI/100 MICROGRAMMI/DOSE POLVERE PER INALAZIONE, PRE-DOSATA"" 1 INALATORE DA 60 DOSI IN BLISTER OPA/PVC/AL-PETP/CARTA/PVC",,49255019,R03AK06,2026-07-01,,shortage - end date unknown,Problemi produttivi,Per trattamento alternativo si consiglia di rivolgersi allo specialista o al M.M.G,2026-10-01T10:44:52.206476,
IT,Italy,AIFA,SALMETEROLO E FLUTICASONE EG STADA,FLUTICASONE PROPIONATO + SALMETEROLO XINAFOATO,"""50 MICROGRAMMI/250 MICROGRAMMI/DOSE POLVERE PER INALAZIONE, PRE-DOSATA"" 1 INALATORE DA 60 DOSI IN BLISTER OPA/PVC/AL-PETP/CARTA/PVC",,49255058,R03AK06,2026-09-01,,shortage - end date unknown,Problemi produttivi,Per trattamento alternativo si consiglia di rivolgersi allo specialista o al M.M.G,2026-10-01T10:44:52.206493,
IT,Italy,AIFA,SALMETEROLO E FLUTICASONE EG STADA,FLUTICASONE PROPIONATO + SALMETEROLO XINAFOATO,"""50 MICROGRAMMI/500 MICROGRAMMI/DOSE POLVERE PER INALAZIONE, PRE-DOSATA"" 1 INALATORE DA 60 DOSI IN BLISTER OPA/PVC/AL-PETP/CARTA/PVC",,49255096,R03AK06,2026-10-01,,shortage - end date unknown,Problemi produttivi,Per trattamento alternativo si consiglia di rivolgersi allo specialista o al M.M.G,2026-10-01T10:44:52.206515,
IT,Italy,AIFA,SALMETEROLO E FLUTICASONE TEVA ITALIA,FLUTICASONE PROPIONATO + SALMETEROLO XINAFOATO,"""50 MICROGRAMMI/500 MICROGRAMMI/DOSE POLVERE PER INALAZIONE, PRE-DOSATA"" 1 INALATORE IN PLASTICA DA 60 INALAZIONI IN BLISTER OPA/AL/PVC-CARTA/PET/AL/HSL",,50478027,R03AK06,2026-06-08,,shortage - end date unknown,Problemi produttivi,Per trattamento alternativo si consiglia di rivolgersi allo specialista o al M.M.G,2026-10-01T10:44:52.206532,
IT,Italy,AIFA,SAMYR,ADEMETIONINA  TOSILATO DISOLFATO + ADEMETIONINA BUTANDISOLFONATO,"""400 MG COMPRESSE GASTRORESISTENTI""20 COMPRESSE",,22865188,,2026-03-23,,shortage - end date unknown,Problemi produttivi,Per trattamento alternativo si consiglia di rivolgersi allo specialista o al M.M.G,2026-10-01T10:44:52.206550,
IT,Italy,AIFA,SAMYR,ADEMETIONINA BUTANDISOLFONATO,"""200 MG/5 ML POLVERE E SOLVENTE PER SOLUZIONE INIETTABILE"" 5 FLACONCINI POLVERE + 5 FIALE SOLVENTE DA 5 ML",,22865190,A16AX01,2026-02-12,,shortage - end date unknown,Problemi produttivi,Per trattamento alternativo si consiglia di rivolgersi allo specialista o al M.M.G,2026-10-01T10:44:52.206567,
IT,Italy,AIFA,SAMYR,ADEMETIONINA BUTANDISOLFONATO,"""400 MG/5 ML POLVERE E SOLVENTE PER SOLUZIONE INIETTABILE"" 5 FLACONCINI POLVERE + 5 FIALE SOLVENTE 5 ML",,22865176,A16AX01,2026-04-25,,shortage - end date unknown,Problemi produttivi,Si rilascia autorizzazione allimportazione alle strutture sanitarie per analogo autorizzato allestero,2026-10-01T10:44:52.206584,
IT,Italy,AIFA,SARIDON,CAFFEINA + PARACETAMOLO + PROPIFENAZONE,"""COMPRESSE"" 10 COMPRESSE",,4336044,N02BE51,2026-05-31,,shortage - end date unknown,Cessata commercializzazione definitiva,Per trattamento alternativo si consiglia di rivolgersi allo specialista o al M.M.G,2026-10-01T10:44:52.206601,
IT,Italy,AIFA,SAROMOX,ACIDO CLAVULANICO + AMOXICILLINA,"""875 MG/125 MG COMPRESSE RIVESTITE CON FILM"" 12 COMPRESSE IN BLISTER AL/AL",,44107023,J01CR02,2023-06-09,,shortage - end date unknown,Elevata richiesta,Per trattamento alternativo si consiglia di rivolgersi allo specialista o al M.M.G,2026-10-01T10:44:52.206619,
IT,Italy,AIFA,SASLONG,MONTELUKAST SODICO,"""5 MG COMPRESSE MASTICABILI"" 28 COMPRESSE IN BLISTER OPA/AL/PVC/AL",,40649105,R03DC03,2024-05-01,,shortage - end date unknown,Problemi produttivi,Per trattamento alternativo si consiglia di rivolgersi allo specialista o al M.M.G,2026-10-01T10:44:52.206636,52043
IT,Italy,AIFA,SCINTIMUN,BESILESOMAB,"""1MG-KIT PER PREPARAZIONE RADIOFARMACEUTICA-USO ENDOVENOSO-POLVERE:1MG FLACONC.(VETRO)-POLV. PER SOLVENTE:3MG FLACONC.(VETRO)""2FLACONCINI+2FLACONCINI",,40281026,V09HA03,2025-09-17,2028-06-26,shortage,Problemi produttivi,Si rilascia autorizzazione allimportazione alle strutture sanitarie per analogo autorizzato allestero,2026-10-01T10:44:52.206658,
IT,Italy,AIFA,SEGLUROMET,ERTUGLIFLOZIN ACIDO L-PIROGLUTAMMICO + METFORMINA CLORIDRATO,"2,5 MG / 1000 MG - COMPRESSA RIVESTITA CON FILM - USO ORALE - BLISTER (AL/PVC/PA/AL) - 56 COMPRESSE",,46343113,A10BD23,2026-12-31,,shortage - end date unknown,Cessata commercializzazione definitiva,Per trattamento alternativo si consiglia di rivolgersi allo specialista o al M.M.G,2026-10-01T10:44:52.206676,
IT,Italy,AIFA,SEGLUROMET,ERTUGLIFLOZIN ACIDO L-PIROGLUTAMMICO + METFORMINA CLORIDRATO,"7,5 MG / 1000 MG - COMPRESSA RIVESTITA CON FILM - USO ORALE - BLISTER (AL/PVC/PA/AL) - 56 COMPRESSE",,46343253,A10BD23,2026-10-30,,shortage - end date unknown,Cessata commercializzazione definitiva,Per trattamento alternativo si consiglia di rivolgersi allo specialista o al M.M.G,2026-10-01T10:44:52.206693,
IT,Italy,AIFA,SELEPARINA,NADROPARINA CALCICA,"""2.850 U.I. ANTIXA/0,3 ML SOLUZIONE INIETTABILE IN SIRINGA PRERIEMPITA"" 6 SIRINGHE DA 0,3 ML CON SISTEMA DI SICUREZZA",,26738183,B01AB06,2026-11-20,,shortage - end date unknown,Cessata commercializzazione definitiva,"Per trattamento alternativo si consiglia di rivolgersi allo specialista o al MMG. Sono autorizzati e commercializzati in Italia medicinali con medesimo principio attivo, forma farmaceutica, via di somministrazione, modalità di rilascio, dosaggio, e indicazioni terapeutiche ma presentazioni differenti",2026-10-01T10:44:52.206711,27375
IT,Italy,AIFA,SERACTIL,DEXIBUPROFENE,"""400 MG POLVERE PER SOSPENSIONE ORALE"" 1 SCATOLA DA 30 BUSTINE",,34765228,M01AE14,2026-08-01,2026-10-31,shortage,Problemi produttivi,Per trattamento alternativo si consiglia di rivolgersi allo specialista o al M.M.G,2026-10-01T10:44:52.206732,55794
IT,Italy,AIFA,SEROQUEL,QUETIAPINA FUMARATO,"""150 MG COMPRESSE A RILASCIO PROLUNGATO"" 60 COMPRESSE",,32944163,N05AH04,2026-08-17,2026-12-15,shortage,Elevata richiesta,"Si rilascia autorizzazione allimportazione alle strutture sanitarie per analogo autorizzato allestero, nel caso in cui le strutture interessate riscontrino discontinuità nella fornitura, a livello delle reti distributive cui hanno accesso",2026-10-01T10:44:52.206755,94757
IT,Italy,AIFA,SERTRALINA ACCORD,SERTRALINA,"""50 MG COMPRESSE RIVESTITE CON FILM"" 30 COMPRESSE IN BLISTER PVC-AL",,43969043,N06AB06,2025-10-22,,shortage - end date unknown,Elevata richiesta/problemi produttivi,Per trattamento alternativo si consiglia di rivolgersi allo specialista o al M.M.G,2026-10-01T10:44:52.206772,39403
IT,Italy,AIFA,SERTRALINA ACCORD,SERTRALINA,"""100 MG COMPRESSE RIVESTITE CON FILM"" 30 COMPRESSE IN BLISTER PVC-AL",,43969144,N06AB06,2026-03-09,,shortage - end date unknown,Elevata richiesta,Per trattamento alternativo si consiglia di rivolgersi allo specialista o al M.M.G,2026-10-01T10:44:52.206789,39411
IT,Italy,AIFA,SERTRALINA ALMUS,SERTRALINA CLORIDRATO,""" 50 MG COMPRESSE RIVESTITE CON FILM "" 30 COMPRESSE",,36806014,N06AB06,2025-04-01,2026-12-31,shortage,Problemi produttivi,Per trattamento alternativo si consiglia di rivolgersi allo specialista o al M.M.G,2026-10-01T10:44:52.206813,39403
IT,Italy,AIFA,SERTRALINA ALMUS,SERTRALINA CLORIDRATO,""" 100 MG COMPRESSE RIVESTITE CON FILM "" 30 COMPRESSE",,36806026,N06AB06,2024-08-31,2026-12-31,shortage,Problemi produttivi,Per trattamento alternativo si consiglia di rivolgersi allo specialista o al M.M.G,2026-10-01T10:44:52.206835,39411
IT,Italy,AIFA,SERTRALINA AUROBINDO,SERTRALINA CLORIDRATO,"""100 MG COMPRESSE RIVESTITE CON FILM"" 30 COMPRESSE IN BLISTER PVC/AL",,37983222,N06AB06,2026-09-10,,shortage - end date unknown,Problemi produttivi,Per trattamento alternativo si consiglia di rivolgersi allo specialista o al M.M.G,2026-10-01T10:44:52.206858,39411
IT,Italy,AIFA,SERTRALINA DOC GENERICI,SERTRALINA CLORIDRATO,""" 50 MG COMPRESSE RIVESTITE CON FILM "" 30 COMPRESSE",,36764025,N06AB06,2026-08-31,,shortage - end date unknown,Elevata richiesta,Per trattamento alternativo si consiglia di rivolgersi allo specialista o al M.M.G,2026-10-01T10:44:52.206875,39403
IT,Italy,AIFA,SERTRALINA MYLAN GENERICS,SERTRALINA,"""50 MG COMPRESSE RIVESTITE CON FILM"" 30 COMPRESSE IN BLISTER PVC/PVDC/AL",,36771057,N06AB06,2024-11-04,,shortage - end date unknown,Problemi produttivi,Per trattamento alternativo si consiglia di rivolgersi allo specialista o al M.M.G,2026-10-01T10:44:52.206892,39403
IT,Italy,AIFA,SERTRALINA MYLAN GENERICS,SERTRALINA,"""50 MG COMPRESSE RIVESTITE CON FILM"" 15 COMPRESSE IN BLISTER PVC/PVDC/AL",,36771020,N06AB06,2025-03-03,,shortage - end date unknown,Problemi produttivi,Per trattamento alternativo si consiglia di rivolgersi allo specialista o al M.M.G,2026-10-01T10:44:52.206910,39403
IT,Italy,AIFA,SERTRALINA MYLAN GENERICS,SERTRALINA,"""100 MG COMPRESSE RIVESTITE CON FILM"" 30 COMPRESSE IN BLISTER PVC/PVDC/AL",,36771172,N06AB06,2024-11-21,,shortage - end date unknown,Problemi produttivi,Per trattamento alternativo si consiglia di rivolgersi allo specialista o al M.M.G,2026-10-01T10:44:52.206927,39411
IT,Italy,AIFA,SERTRALINA MYLAN GENERICS,SERTRALINA,"""100 MG COMPRESSE RIVESTITE CON FILM"" 15 COMPRESSE IN BLISTER PVC/PVDC/AL",,36771145,N06AB06,2025-05-05,,shortage - end date unknown,Problemi produttivi,Per trattamento alternativo si consiglia di rivolgersi allo specialista o al M.M.G,2026-10-01T10:44:52.206944,39411
IT,Italy,AIFA,SERTRALINA PENSA,SERTRALINA,"""50 MG COMPRESSA RIVESTITA CON FILM"" 30 COMPRESSE IN BLISTER PVC/AL",,45922022,N06AB06,2026-10-15,2027-03-31,shortage,Elevata richiesta,Per trattamento alternativo si consiglia di rivolgersi allo specialista o al M.M.G,2026-10-01T10:44:52.206966,39403
IT,Italy,AIFA,SERTRALINA TEVA PHARMA B.V.,SERTRALINA,"""50 MG COMPRESSE RIVESTITE CON FILM"" 30 COMPRESSE IN BLISTER PVC/PVDC/AL",,39750068,N06AB06,2025-09-10,2026-09-30,resolved,"Elevata richiesta/problemi produttivi (carenza
 relativa solo al canale retail)",Per trattamento alternativo si consiglia di rivolgersi allo specialista o al M.M.G,2026-10-01T10:44:52.206988,39403
IT,Italy,AIFA,SERTRALINA ZENTIVA,SERTRALINA,"""50 MG COMPRESSE RIVESTITE CON FILM"" 30 COMPRESSE IN BLISTER PVC/PVDC/AL",,36861060,N06AB06,2022-08-05,,shortage - end date unknown,Elevata richiesta,Per trattamento alternativo si consiglia di rivolgersi allo specialista o al M.M.G,2026-10-01T10:44:52.207006,39403
IT,Italy,AIFA,SERTRALINA ZENTIVA,SERTRALINA,"""100 MG COMPRESSE RIVESTITE CON FILM"" 30 COMPRESSE IN BLISTER PVC/PVDC/AL",,36861247,N06AB06,2023-12-31,,shortage - end date unknown,Problemi produttivi,Per trattamento alternativo si consiglia di rivolgersi allo specialista o al M.M.G,2026-10-01T10:44:52.207023,39411
IT,Italy,AIFA,SEVELAMER AUROBINDO,SEVELAMER CARBONATO,"""800 MG COMPRESSE RIVESTITE CON FILM""  180 COMPRESSE IN FLACONE HDPE",,44844013,V03AE02,2026-11-08,,shortage - end date unknown,Problemi produttivi,Per trattamento alternativo si consiglia di rivolgersi allo specialista o al M.M.G,2026-10-01T10:44:52.207040,90131
IT,Italy,AIFA,SEVELAMER EG STADA,SEVELAMER CARBONATO,"""2,4 G POLVERE PER SOSPENSIONE ORALE"" 60 BUSTINE IN PET/AL/LDPE",,44330013,V03AE02,2026-09-01,,shortage - end date unknown,Elevata richiesta,Per trattamento alternativo si consiglia di rivolgersi allo specialista o al M.M.G,2026-10-01T10:44:52.207057,90158
IT,Italy,AIFA,SEVELAMER MYLAN PHARMA,SEVELAMER,"""800 MG COMPRESSE RIVESTITE CON FILM"" 1X180 COMPRESSE IN  FLACONE HDPE",,43522010,V03AE02,2026-07-14,,shortage - end date unknown,Problemi produttivi,Per trattamento alternativo si consiglia di rivolgersi allo specialista o al M.M.G,2026-10-01T10:44:52.207075,90131
IT,Italy,AIFA,SEVIKAR,AMLODIPINA BESILATO + OLMESARTAN MEDOXOMIL,"""40MG/5MG COMPRESSE RIVESTITE CON FILM"" 28 COMPRESSE IN BLISTER OPA/AL/PVC/AL",,38983161,C09DB02,2026-07-01,,shortage - end date unknown,Problemi produttivi: distribuzione contingentata,Per trattamento alternativo si consiglia di rivolgersi allo specialista o al M.M.G,2026-10-01T10:44:52.207092,
IT,Italy,AIFA,SEVOFLURANE PIRAMAL,SEVOFLURANO,"""100% V/V LIQUIDO PER INALAZIONE"" 6 FLACONI IN VETRO DA 250 ML CON ADATTATORE INTEGRATO",,41479041,N01AB08,2026-03-02,,shortage - end date unknown,Motivi commerciali,Per trattamento alternativo si consiglia di rivolgersi allo specialista o al M.M.G,2026-10-01T10:44:52.207109,
IT,Italy,AIFA,SHINGRIX,"VACCINO PER L¿HERPES ZOSTER (RICOMBINANTE, ADIUVATO","0,5 ML - POLVERE E SOSPENSIONE PER SOSPENSIONE INIETTABILE - USO INTRAMUSCOLARE - POLVERE: FLACONE (VETRO); SOSPENSIONE: FLACONE (VETRO) POLVERE: 50 MCG; SOSPENSIONE: 0,5 ML - 1 FLACONE (POLVERE) + 1 FLACONE (SOSPENSIONE)",,46337010,J07BK03,2026-09-15,,shortage - end date unknown,Cessata commercializzazione definitiva,Per trattamento alternativo si consiglia di rivolgersi allo specialista o al M.M.G,2026-10-01T10:44:52.207126,202843
IT,Italy,AIFA,SHINGRIX,"VACCINO PER L¿HERPES ZOSTER (RICOMBINANTE, ADIUVATO","0,5 ML - POLVERE E SOSPENSIONE PER SOSPENSIONE INIETTABILE - USO INTRAMUSCOLARE - POLVERE: FLACONE (VETRO); SOSPENSIONE: FLACONE (VETRO) - POLVERE: 50 MCG; SOSPENSIONE: 0,5 ML - 10 FLACONI (POLVERE) + 10 FLACONI (SOSPENSIONE)",,46337022,J07BK03,2026-09-15,,shortage - end date unknown,Cessata commercializzazione definitiva,Per trattamento alternativo si consiglia di rivolgersi allo specialista o al M.M.G,2026-10-01T10:44:52.207144,202843
IT,Italy,AIFA,SIALANAR,GLICOPIRRONIO BROMURO,320 MICROGRAMMI/ML - SOLUZIONE ORALE - USO ORALE - FLACONE (VETRO) - 60 ML - 1 FLACONE + 1 SIRINGA PER SOMMINISTRAZIONE ORALE + 1 ADATTATORE,,45092020,A03AB02,2026-04-01,2027-04-01,shortage,Cessata commercializzazione temporanea,"Per trattamento alternativo si consiglia di rivolgersi allo specialista o al MMG. Sono autorizzati e commercializzati in Italia medicinali con medesimo principio attivo, forma farmaceutica, via di somministrazione, modalità di rilascio, dosaggio, e indicazioni terapeutiche ma formato differente",2026-10-01T10:44:52.207166,
IT,Italy,AIFA,SICCAFLUID,CARBOMER,"""2,5 MG/G GEL OFTALMICO"" FLACONE DA 10 MG",,33816012,S01XA20,2026-09-07,2026-12-14,shortage,Problemi produttivi (carenza relativa solo al canale retail),Per trattamento alternativo si consiglia di rivolgersi allo specialista o al M.M.G,2026-10-01T10:44:52.207188,
IT,Italy,AIFA,SIGMACILLINA,BENZILPENICILLINA BENZATINICA,"""1.200.000 UI/2,5 ML SOSPENSIONE INIETTABILE PER USO INTRAMUSCOLARE ""  1 SIRINGA PRERIEMPITA DA 2,5 ML",,33120092,J01CE08,2024-04-30,,shortage - end date unknown,Problemi produttivi,Rilasciata determinazione per limportazione al titolare A.I.C.,2026-10-01T10:44:52.207205,
IT,Italy,AIFA,SILDENAFIL ACCORD,SILDENAFIL,"""100 MG COMPRESSE RIVESTITE CON FILM"" 4 COMPRESSE IN BLISTER PVC/AL",,41269109,G04BE03,2026-04-24,,shortage - end date unknown,Elevata richiesta,Per trattamento alternativo si consiglia di rivolgersi allo specialista o al M.M.G,2026-10-01T10:44:52.207223,51098
IT,Italy,AIFA,SILDENAFIL ACCORD,SILDENAFIL,"""50 MG COMPRESSE RIVESTITE CON FILM"" 8 COMPRESSE IN BLISTER PVC/AL",,41269073,G04BE03,2026-04-24,,shortage - end date unknown,Elevata richiesta,Per trattamento alternativo si consiglia di rivolgersi allo specialista o al M.M.G,2026-10-01T10:44:52.207240,51071
IT,Italy,AIFA,SILDENAFIL ACCORD,SILDENAFIL,"""50 MG COMPRESSE RIVESTITE CON FILM"" 4 COMPRESSE IN BLISTER PVC/AL",,41269061,G04BE03,2026-04-24,,shortage - end date unknown,Elevata richiesta,Per trattamento alternativo si consiglia di rivolgersi allo specialista o al M.M.G,2026-10-01T10:44:52.207257,51071
IT,Italy,AIFA,SILDENAFIL ACCORD,SILDENAFIL,"""25 MG COMPRESSE RIVESTITE CON FILM"" 8 COMPRESSE IN BLISTER PVC/AL",,41269034,G04BE03,2026-04-24,,shortage - end date unknown,Elevata richiesta,Per trattamento alternativo si consiglia di rivolgersi allo specialista o al M.M.G,2026-10-01T10:44:52.207274,51063
IT,Italy,AIFA,SILDENAFIL ACCORD,SILDENAFIL,"""100 MG COMPRESSE RIVESTITE CON FILM"" 8 COMPRESSE IN BLISTER PVC/AL",,41269111,G04BE03,2026-04-24,,shortage - end date unknown,Elevata richiesta,Per trattamento alternativo si consiglia di rivolgersi allo specialista o al M.M.G,2026-10-01T10:44:52.207292,51098
IT,Italy,AIFA,SILDENAFIL ACCORD,SILDENAFIL,"""25 MG COMPRESSE RIVESTITE CON FILM"" 4 COMPRESSE IN BLISTER PVC/AL",,41269022,G04BE03,2026-04-24,,shortage - end date unknown,Elevata richiesta,Per trattamento alternativo si consiglia di rivolgersi allo specialista o al M.M.G,2026-10-01T10:44:52.207309,51063
IT,Italy,AIFA,SILDENAFIL AUROBINDO,SILDENAFIL,"""25 MG COMPRESSE RIVESTITE CON FILM"" 8 COMPRESSE IN BLISTER PVC/PVDC/AL",,42078170,G04BE03,2026-09-03,,shortage - end date unknown,Problemi produttivi,Per trattamento alternativo si consiglia di rivolgersi allo specialista o al M.M.G,2026-10-01T10:44:52.207326,51063
IT,Italy,AIFA,SILDENAFIL AUROBINDO ITALIA,SILDENAFIL CITRATO,"""20 MG COMPRESSE RIVESTITE CON FILM"" 90 COMPRESSE IN BLISTER PVC/PVDC/AL",,44615033,G04BE03,2026-09-15,,shortage - end date unknown,Problemi produttivi,Per trattamento alternativo si consiglia di rivolgersi allo specialista o al M.M.G,2026-10-01T10:44:52.207344,80365
IT,Italy,AIFA,SILDENAFIL MYLAN,SILDENAFIL,"""50 MG COMPRESSE RIVESTITE CON FILM"" 4 COMPRESSE IN BLISTER PVC/AL",,41047085,G04BE03,2026-05-20,,shortage - end date unknown,Problemi produttivi,Per trattamento alternativo si consiglia di rivolgersi allo specialista o al M.M.G,2026-10-01T10:44:52.207361,51071
IT,Italy,AIFA,SILDENAFIL MYLAN,SILDENAFIL,"""25 MG COMPRESSE RIVESTITE CON FILM"" 8 COMPRESSE IN BLISTER PVC/AL",,41047046,G04BE03,2026-07-06,,shortage - end date unknown,Problemi produttivi,Per trattamento alternativo si consiglia di rivolgersi allo specialista o al M.M.G,2026-10-01T10:44:52.207378,51063
IT,Italy,AIFA,SILDENAFIL MYLAN,SILDENAFIL,"""25 MG COMPRESSE RIVESTITE CON FILM"" 4 COMPRESSE IN BLISTER PVC/AL",,41047034,G04BE03,2026-08-10,,shortage - end date unknown,Problemi produttivi,Per trattamento alternativo si consiglia di rivolgersi allo specialista o al M.M.G,2026-10-01T10:44:52.207395,51063
IT,Italy,AIFA,SILDENAFIL MYLAN,SILDENAFIL,"""50 MG COMPRESSE RIVESTITE CON FILM"" 8 COMPRESSE IN BLISTER PVC/AL",,41047073,G04BE03,2026-05-15,,shortage - end date unknown,Problemi produttivi,Per trattamento alternativo si consiglia di rivolgersi allo specialista o al M.M.G,2026-10-01T10:44:52.207412,51071
IT,Italy,AIFA,SILDENAFIL VIATRIS,SILDENAFIL,"""100 MG COMPRESSE RIVESTITE CON FILM"" 8 COMPRESSE IN BLISTER PVC/AL",,41914134,G04BE03,2026-09-01,,shortage - end date unknown,Elevata richiesta,Per trattamento alternativo si consiglia di rivolgersi allo specialista o al M.M.G,2026-10-01T10:44:52.207429,51098
IT,Italy,AIFA,SILDENAFIL VIATRIS,SILDENAFIL,"""50 MG COMPRESSE RIVESTITE CON FILM"" 8 COMPRESSE IN BLISTER PVC/AL",,41914084,G04BE03,2026-08-10,,shortage - end date unknown,Elevata richiesta,Per trattamento alternativo si consiglia di rivolgersi allo specialista o al M.M.G,2026-10-01T10:44:52.207446,51071
IT,Italy,AIFA,SILDENAFIL ZENTIVA,SILDENAFIL,"""25 MG COMPRESSE RIVESTITE CON FILM"" 8 COMPRESSE IN BLISTER PVC/AL",,41040041,G04BE03,2026-07-31,,shortage - end date unknown,Problemi produttivi,Per trattamento alternativo si consiglia di rivolgersi allo specialista o al M.M.G,2026-10-01T10:44:52.207463,51063
IT,Italy,AIFA,SILDENAFIL ZENTIVA,SILDENAFIL,"""25 MG COMPRESSE RIVESTITE CON FILM"" 4 COMPRESSE IN BLISTER PVC/AL",,41040039,G04BE03,2026-07-31,,shortage - end date unknown,Elevata richiesta/problemi produttivi,Per trattamento alternativo si consiglia di rivolgersi allo specialista o al M.M.G,2026-10-01T10:44:52.207480,51063
IT,Italy,AIFA,SILKIS,CALCITRIOLO,"""3 MICROGRAMMI/G UNGUENTO"" 1 TUBO AL DA 30 G",,35765027,D05AX03,2026-12-15,,shortage - end date unknown,Cessata commercializzazione definitiva,Per trattamento alternativo si consiglia di rivolgersi allo specialista o al M.M.G,2026-10-01T10:44:52.207497,
IT,Italy,AIFA,SILODOSINA AUROBINDO,SILODOSINA,"""8 MG CAPSULE RIGIDE"" 30 CAPSULE IN BLISTER PVC/AL",,47984113,G04CA04,2026-03-21,,shortage - end date unknown,Problemi produttivi,Per trattamento alternativo si consiglia di rivolgersi allo specialista o al M.M.G,2026-10-01T10:44:52.207515,97284
IT,Italy,AIFA,SILODOSINA TEVA,SILODOSINA,"""4 MG CAPSULE RIGIDE"" 30 CAPSULE IN BLISTER PVC/PE/PVDC/AL",,46269027,G04CA04,2026-06-12,2026-10-30,shortage,Problemi produttivi,Per trattamento alternativo si consiglia di rivolgersi allo specialista o al M.M.G,2026-10-01T10:44:52.207539,97276
IT,Italy,AIFA,SILODOSINA ZENTIVA,SILODOSINA,"""4 MG CAPSULE RIGIDE"" 30 CAPSULE IN BLISTER AL/PVC/PE/PVDC",,46344026,G04CA04,2024-03-29,,shortage - end date unknown,Problemi produttivi,Per trattamento alternativo si consiglia di rivolgersi allo specialista o al M.M.G,2026-10-01T10:44:52.207556,97276
IT,Italy,AIFA,SIMDAX,LEVOSIMENDAN,"2,5 MG/ML CONCENTRATO PER SOLUZIONE PER INFUSIONE» 4 FLACONCINI VETRO TIPO I DA 5 ML",,35108024,C01CX08,2026-04-04,2027-12-31,shortage,Cessata commercializzazione temporanea,"Per trattamento alternativo si consiglia di rivolgersi allo specialista o al MMG. Sono autorizzati e commercializzati in Italia medicinali con medesimo principio attivo, forma farmaceutica, via di somministrazione, modalità di rilascio, dosaggio, e indicazioni terapeutiche ma numero di unità posologiche differente.",2026-10-01T10:44:52.207583,210307
IT,Italy,AIFA,SIMULECT,BASILIXIMAB,20MG POLV+SOLV X SOLUZ.INFUS. FIALA+AMPOLLA USO IV,,34232013,L04AC02,2024-04-01,,shortage - end date unknown,Problemi produttivi: distribuzione contingentata,"Si rilascia autorizzazione allimportazione alle strutture sanitarie per analogo autorizzato allestero, nel caso in cui le strutture interessate riscontrino discontinuità nella fornitura, a livello delle reti distributive cui hanno accesso",2026-10-01T10:44:52.207600,51330
IT,Italy,AIFA,SIMVASTATINA PENSA,SIMVASTATINA,"""20 MG COMPRESSE RIVESTITE CON FILM"" 28 COMPRESSE IN BLISTER PVC/PVDC/AL",,38051064,C10AA01,2026-11-01,2027-06-30,shortage,Problemi produttivi,Per trattamento alternativo si consiglia di rivolgersi allo specialista o al M.M.G,2026-10-01T10:44:52.207623,67814
IT,Italy,AIFA,SIMVASTATINA TEVA  ITALIA,SIMVASTATINA,"""10 MG COMPRESSE RIVESTITE CON FILM"" 28 COMPRESSE IN BLISTER PVC/PE/PVDC/AL",,41581137,C10AA01,2026-05-04,2026-11-30,shortage,Problemi produttivi,Per trattamento alternativo si consiglia di rivolgersi allo specialista o al M.M.G,2026-10-01T10:44:52.207644,67806
IT,Italy,AIFA,SIMVASTATINA TEVA  ITALIA,SIMVASTATINA,"""10 MG COMPRESSE RIVESTITE CON FILM"" 20 COMPRESSE IN BLISTER PVC/PE/PVDC/AL",,41581125,C10AA01,2026-08-05,2026-11-30,shortage,Problemi produttivi,Per trattamento alternativo si consiglia di rivolgersi allo specialista o al M.M.G,2026-10-01T10:44:52.207666,67806
IT,Italy,AIFA,SIMVASTATINA ZENTIVA,SIMVASTATINA,"""10 MG COMPRESSE RIVESTITE CON FILM"" 20 C0MPRESSE IN BLISTER PVC/PE/PVDC/AL",,37593035,C10AA01,2021-11-15,,shortage - end date unknown,Problemi produttivi,Per trattamento alternativo si consiglia di rivolgersi allo specialista o al M.M.G,2026-10-01T10:44:52.207683,67806
IT,Italy,AIFA,SIMVASTATINA ZENTIVA,SIMVASTATINA,"""20 MG COMPRESSE RIVESTITE CON FILM"" 28 C0MPRESSE IN BLISTER PVC/PE/PVDC/AL",,37593175,C10AA01,2025-03-31,,shortage - end date unknown,Problemi produttivi,Per trattamento alternativo si consiglia di rivolgersi allo specialista o al M.M.G,2026-10-01T10:44:52.207700,67814
IT,Italy,AIFA,SINESTIC,BUDESONIDE + FORMOTEROLO FUMARATO DIIDRATO,"""TURBOHALER"" 1 INALATORE 60 DOSI 320/9 MCG",,35260215,R03AK07,2026-07-01,,shortage - end date unknown,Cessata commercializzazione definitiva,Per trattamento alternativo si consiglia di rivolgersi allo specialista o al M.M.G,2026-10-01T10:44:52.207717,
IT,Italy,AIFA,SINTAMIN,L-CISTEINA + L-LISINA,""" SOLUZIONE PER INFUSIONE "" 2 SACCHE 5000 ML",,29169087,B05BA01,2026-11-16,,shortage - end date unknown,Cessata commercializzazione temporanea,Si rilascia autorizzazione allimportazione alle strutture sanitarie per analogo autorizzato allestero,2026-10-01T10:44:52.207735,
IT,Italy,AIFA,SIRKAVA,TIOTROPIO BROMURO ANIDRO,"""18 MICROGRAMMI POLVERE PER INALAZIONE, CAPSULA RIGIDA"" 30 CAPSULE IN BLISTER AL/AL/PVC CON INALATORE NEUMOHALER",,45959018,R03BB04,2026-05-01,,shortage - end date unknown,Cessata commercializzazione definitiva,Per trattamento alternativo si consiglia di rivolgersi allo specialista o al M.M.G,2026-10-01T10:44:52.207752,
IT,Italy,AIFA,SITAGLIPTIN AUROBINDO,SITAGLIPTIN,"""25 MG COMPRESSE RIVESTITE CON FILM"" 28 COMPRESSE IN BLISTER PVC/PVDC/AL",,50096015,A10BH01,2026-06-09,,shortage - end date unknown,Problemi produttivi,Per trattamento alternativo si consiglia di rivolgersi allo specialista o al M.M.G,2026-10-01T10:44:52.207769,218103
IT,Italy,AIFA,SITAGLIPTIN MYLAN,SITAGLIPTIN,"""25 MG COMPRESSE RIVESTITE CON FILM"" 28 COMPRESSE IN BLISTER OPA/AL/PVC-AL",,49443029,A10BH01,2026-03-31,,shortage - end date unknown,Cessata commercializzazione temporanea,Per trattamento alternativo si consiglia di rivolgersi allo specialista o al M.M.G,2026-10-01T10:44:52.207786,218103
IT,Italy,AIFA,SITAGLIPTIN PENSA,SITAGLIPTIN,"""100 MG COMPRESSE RIVESTITE CON FILM"" 28 COMPRESSE IN BLISTER PVC/PE/PVDC-AL",,49656061,A10BH01,2026-08-01,2026-12-31,shortage,Problemi produttivi,Per trattamento alternativo si consiglia di rivolgersi allo specialista o al M.M.G,2026-10-01T10:44:52.207808,218138
IT,Italy,AIFA,SITAGLIPTIN PENSA,SITAGLIPTIN,"""50 MG COMPRESSE RIVESTITE CON FILM"" 28 COMPRESSE IN BLISTER PVC/PE/PVDC-AL",,49656046,A10BH01,2026-10-01,2026-12-31,shortage,Problemi produttivi,Per trattamento alternativo si consiglia di rivolgersi allo specialista o al M.M.G,2026-10-01T10:44:52.207830,218111
IT,Italy,AIFA,SITAGLIPTIN SUN,SITAGLIPTIN FUMARATO,100 mg - Compressa rivestita con film - Uso orale - blister (PA/Alu/PE/essicante/HDPE/Alu) - 28 compresse,,49827090,A10BH01,2024-05-12,,shortage - end date unknown,Problemi produttivi,Per trattamento alternativo si consiglia di rivolgersi allo specialista o al M.M.G,2026-10-01T10:44:52.207847,218138
IT,Italy,AIFA,SITAGLIPTIN SUN,SITAGLIPTIN FUMARATO,50 mg - Compressa rivestita con film - Uso orale - blister (PA/Alu/PE/essicante/HDPE/Alu) - 28 compresse,,49827052,A10BH01,2025-05-20,,shortage - end date unknown,Problemi produttivi,Per trattamento alternativo si consiglia di rivolgersi allo specialista o al M.M.G,2026-10-01T10:44:52.207864,218111
IT,Italy,AIFA,SITAGLIPTIN TEVA,SITAGLIPTIN MALATO,"""50 MG COMPRESSE RIVESTITE CON FILM"" 28 COMPRESSE IN BLISTER OPA/AL/PVC/AL",,44228500,A10BH01,2026-06-01,2026-12-31,shortage,Problemi regolatori,Per trattamento alternativo si consiglia di rivolgersi allo specialista o al M.M.G,2026-10-01T10:44:52.207886,218111
IT,Italy,AIFA,SITAGLIPTIN TEVA,SITAGLIPTIN MALATO,"""100 MG COMPRESSE RIVESTITE CON FILM"" 28 COMPRESSE IN BLISTER OPA/AL/PVC/AL",,44228981,A10BH01,2026-06-02,2026-09-30,resolved,Problemi produttivi,Per trattamento alternativo si consiglia di rivolgersi allo specialista o al M.M.G,2026-10-01T10:44:52.207908,218138
IT,Italy,AIFA,SITAGLIPTIN/METFORMINA GRINDEKS,METFORMINA CLORIDRATO + SITAGLIPTIN CLORIDRATO MONOIDRATO,"""50 MG/1000 MG COMPRESSE RIVESTITE CON FILM"" 56 COMPRESSE IN BLISTER PVC/PVDC/AL",,49852054,A10BD07,2026-07-14,2026-12-31,shortage,Problemi produttivi,Per trattamento alternativo si consiglia di rivolgersi allo specialista o al M.M.G,2026-10-01T10:44:52.207930,
IT,Italy,AIFA,SMOFLIPID,OLIO DI OLIVA RAFFINATO + OLIO DI PESCE ARRICHITO IN ACIDI OMEGA 3 + OLIO DI SOIA PURIFICATO                                                                                    + TRIGLICERIDI A MEDIA CATENA,"""200 MG/ML EMULSIONE PER INFUSIONE"" 6 SACCHE BIOFINE DA 1000 ML",,37135213,B05BA02,2024-12-12,,shortage - end date unknown,Elevata richiesta,Per trattamento alternativo si consiglia di rivolgersi allo specialista o al M.M.G,2026-10-01T10:44:52.207948,
IT,Italy,AIFA,SMOFLIPID,OLIO DI OLIVA RAFFINATO + OLIO DI PESCE ARRICHITO IN ACIDI OMEGA 3 + OLIO DI SOIA PURIFICATO                                                                                    + TRIGLICERIDI A MEDIA CATENA,"""200 MG/ML EMULSIONE PER INFUSIONE"" 10 FLACONI DI VETRO DA 500 ML",,37135062,B05BA02,2026-06-18,,shortage - end date unknown,Problemi produttivi,Per trattamento alternativo si consiglia di rivolgersi allo specialista o al M.M.G,2026-10-01T10:44:52.207965,88137
IT,Italy,AIFA,SODIO CLORURO B. BRAUN,SODIO CLORURO + SODIO CLORURO,""" 0,9 % SOLUZIONE PER INFUSIONE"" 20 FLACONCINI 250 ML",,30902377,,2022-05-20,2026-12-31,shortage,Elevata richiesta: forniture discontinue,"Si rilascia autorizzazione allimportazione alle strutture sanitarie per analogo autorizzato allestero, nel caso in cui le strutture interessate riscontrino discontinuità nella fornitura, a livello delle reti distributive cui hanno accesso",2026-10-01T10:44:52.207987,
IT,Italy,AIFA,SODIO CLORURO B. BRAUN,SODIO CLORURO + SODIO CLORURO,""" 0,9 % SOLUZIONE PER INFUSIONE"" 10 FLACONCINI 1000 ML",,30902389,,2024-01-16,2026-12-31,shortage,Elevata richiesta: forniture discontinue,"Si rilascia autorizzazione allimportazione alle strutture sanitarie per analogo autorizzato allestero, nel caso in cui le strutture interessate riscontrino discontinuità nella fornitura, a livello delle reti distributive cui hanno accesso",2026-10-01T10:44:52.208009,
IT,Italy,AIFA,SODIO CLORURO B. BRAUN,SODIO CLORURO + SODIO CLORURO,""" 0,9 % SOLUZIONE PER INFUSIONE"" 10 FLACONCINI 500 ML",,30902391,,2024-02-14,2026-12-31,shortage,Elevata richiesta: forniture discontinue,"Si rilascia autorizzazione allimportazione alle strutture sanitarie per analogo autorizzato allestero, nel caso in cui le strutture interessate riscontrino discontinuità nella fornitura, a livello delle reti distributive cui hanno accesso",2026-10-01T10:44:52.208031,
IT,Italy,AIFA,SODIO CLORURO B. BRAUN,SODIO CLORURO + SODIO CLORURO,""" 0,9 % SOLUZIONE PER INFUSIONE"" 20 FLACONCINI 100 ML",,30902365,,2023-05-15,2026-12-31,shortage,Elevata richiesta: forniture discontinue,"Si rilascia autorizzazione allimportazione alle strutture sanitarie per analogo autorizzato allestero, nel caso in cui le strutture interessate riscontrino discontinuità nella fornitura, a livello delle reti distributive cui hanno accesso",2026-10-01T10:44:52.208053,
IT,Italy,AIFA,SODIO CLORURO B. BRAUN,SODIO CLORURO + SODIO CLORURO,"«0,9% soluzione iniettabile» 20 fiale da 10 ml",,30902480,,2026-07-28,2026-12-31,shortage,Problemi produttivi,Per trattamento alternativo si consiglia di rivolgersi allo specialista o al M.M.G,2026-10-01T10:44:52.208170,
IT,Italy,AIFA,SODIO CLORURO BAXTER S.P.A.,SODIO CLORURO,"""0,9 % SOLUZIONE PER INFUSIONE"" 2 SACCHE CLEAR-FLEX DA 5000 ML",,30942700,B05BB01,2024-07-01,,shortage - end date unknown,Elevata richiesta,"Si rilascia autorizzazione allimportazione alle strutture sanitarie per analogo autorizzato allestero, nel caso in cui le strutture interessate riscontrino discontinuità nella fornitura, a livello delle reti distributive cui hanno accesso",2026-10-01T10:44:52.208210,
IT,Italy,AIFA,SODIO CLORURO BAXTER S.P.A.,SODIO CLORURO,"""0,9 % SOLUZIONE PER INFUSIONE"" 4 SACCHE CLEAR-FLEX DA 3000 ML",,30942698,B05BB01,2024-11-22,,shortage - end date unknown,Elevata richiesta,"Si rilascia autorizzazione allimportazione alle strutture sanitarie per analogo autorizzato allestero, nel caso in cui le strutture interessate riscontrino discontinuità nella fornitura, a livello delle reti distributive cui hanno accesso",2026-10-01T10:44:52.208237,
IT,Italy,AIFA,SODIO CLORURO E POTASSIO CLORURO MONICO,POTASSIO CLORURO + SODIO CLORURO,"""0,9% + 0,6% SOLUZIONE PER INFUSIONE"" 1 FLACONE IN VETRO DA 500 ML",,44908059,B05BB01,2024-06-05,2026-04-10,resolved,Problemi produttivi,Per trattamento alternativo si consiglia di rivolgersi allo specialista o al M.M.G,2026-10-01T10:44:52.208265,
IT,Italy,AIFA,SODIO CLORURO F K I,SODIO CLORURO,"""0,9 % SOLUZIONE PER INFUSIONE"" 20 FLACONCINI IN POLIETILENE DA 500 ML",,31938451,B05BB01,2025-11-15,,shortage - end date unknown,Elevata richiesta: distribuzione contingentata,"Si rilascia autorizzazione allimportazione alle strutture sanitarie per analogo autorizzato allestero, nel caso in cui le strutture interessate riscontrino discontinuità nella fornitura, a livello delle reti distributive cui hanno accesso",2026-10-01T10:44:52.208286,27685
IT,Italy,AIFA,SODIO CLORURO F K I,SODIO CLORURO,"""0,9 % SOLUZIONE PER INFUSIONE"" 20 FLACONCINI IN POLIETILENE DA 250 ML",,31938412,B05BB01,2025-04-18,,shortage - end date unknown,Elevata richiesta: forniture discontinue,"Si rilascia autorizzazione allimportazione alle strutture sanitarie per analogo autorizzato allestero, nel caso in cui le strutture interessate riscontrino discontinuità nella fornitura, a livello delle reti distributive cui hanno accesso",2026-10-01T10:44:52.208306,27170
IT,Italy,AIFA,SODIO CLORURO F K I,SODIO CLORURO,"""0,9 % SOLUZIONE PER INFUSIONE"" 40 FLACONCINI IN POLIETILENE DA 100 ML",,31938424,B05BB01,2025-04-18,,shortage - end date unknown,Elevata richiesta: forniture discontinue,"Si rilascia autorizzazione allimportazione alle strutture sanitarie per analogo autorizzato allestero, nel caso in cui le strutture interessate riscontrino discontinuità nella fornitura, a livello delle reti distributive cui hanno accesso",2026-10-01T10:44:52.208325,24856
IT,Italy,AIFA,SODIO CLORURO F K I,SODIO CLORURO,"""0,9 % SOLUZIONE PER INFUSIONE"" 10 FLACONCINI IN POLIETILENE DA 1000 ML",,31938463,B05BB01,2025-07-31,,shortage - end date unknown,Elevata richiesta: forniture discontinue,"Si rilascia autorizzazione allimportazione alle strutture sanitarie per analogo autorizzato allestero, nel caso in cui le strutture interessate riscontrino discontinuità nella fornitura, a livello delle reti distributive cui hanno accesso",2026-10-01T10:44:52.208344,26956
IT,Italy,AIFA,SODIO CLORURO FKI,SODIO CLORURO,"""0,9% SOLUZIONE PER INFUSIONE"" FLACONCINO IN VETRO DA 100 ML",,30775023,B05BB01,2023-10-08,,shortage - end date unknown,Problemi produttivi (carenza relativa solo al canale ospedaliero),"Si rilascia autorizzazione allimportazione alle strutture sanitarie per analogo autorizzato allestero, nel caso in cui le strutture interessate riscontrino discontinuità nella fornitura, a livello delle reti distributive cui hanno accesso",2026-10-01T10:44:52.208363,24856
IT,Italy,AIFA,SODIO CLORURO GALENICA SENESE,SODIO CLORURO,"""0,9% soluzione per irrigazioni» 1 sacca in PVC  da 5000 ml",,29874029,B05CB01,2025-02-24,,shortage - end date unknown,Elevata richiesta: forniture discontinue,"Si rilascia autorizzazione allimportazione alle strutture sanitarie per analogo autorizzato allestero, nel caso in cui le strutture interessate riscontrino discontinuità nella fornitura, a livello delle reti distributive cui hanno accesso",2026-10-01T10:44:52.208381,
IT,Italy,AIFA,SODIO CLORURO MONICO,SODIO CLORURO,"""0,9% SOLUZIONE PER INFUSIONE"" SACCA 3000 ML",,30805156,B05BB01,2024-08-01,2026-12-31,shortage,Problemi produttivi,"Si rilascia autorizzazione allimportazione alle strutture sanitarie per analogo autorizzato allestero, nel caso in cui le strutture interessate riscontrino discontinuità nella fornitura, a livello delle reti distributive cui hanno accesso",2026-10-01T10:44:52.208411,
IT,Italy,AIFA,SODIO FOSFATO ALFASIGMA,SODIO FOSFATO DIBASICO + SODIO FOSFATO MONOBASICO,"""13,91%/3,18% SOLUZIONE RETTALE"" 20 FLACONI IN PE DA 120 ML CON CANNULA",,29719061,A06AG01,2026-04-16,2026-09-30,resolved,Problemi produttivi,Per trattamento alternativo si consiglia di rivolgersi allo specialista o al M.M.G,2026-10-01T10:44:52.208435,227773
IT,Italy,AIFA,SOLDESAM,DESAMETASONE SODIO FOSFATO,"""4 MG/ML SOLUZIONE INIETTABILE"" 3 FIALE 1 ML",,19499019,H02AB02,2025-12-04,,shortage - end date unknown,Motivi commerciali (carenza relativa solo al canale ospedaliero),Per trattamento alternativo si consiglia di rivolgersi allo specialista o al M.M.G,2026-10-01T10:44:52.208454,752
IT,Italy,AIFA,SOLDESAM,DESAMETASONE SODIO FOSFATO,"""8 MG/2 ML SOLUZIONE INIETTABILE"" 3 FIALE 2 ML",,19499084,H02AB02,2025-12-04,,shortage - end date unknown,Motivi commerciali (carenza relativa solo al canale ospedaliero),Per trattamento alternativo si consiglia di rivolgersi allo specialista o al M.M.G,2026-10-01T10:44:52.208475,147621
IT,Italy,AIFA,SOLDESAM,DESAMETASONE SODIO FOSFATO,"""4 MG/ML SOLUZIONE INIETTABILE"" 6 FIALE IN VETRO DA 1 ML",,19499146,H02AB02,2025-04-01,,shortage - end date unknown,Motivi commerciali (carenza relativa solo al canale retail),Per trattamento alternativo si consiglia di rivolgersi allo specialista o al M.M.G,2026-10-01T10:44:52.208495,21385
IT,Italy,AIFA,SOLDESAM,DESAMETASONE SODIO FOSFATO,"""8 MG/2 ML SOLUZIONE INIETTABILE"" 6 FIALE IN VETRO DA 2 ML",,19499159,H02AB02,2025-10-01,,shortage - end date unknown,Motivi commerciali (carenza relativa solo al canale retail),Per trattamento alternativo si consiglia di rivolgersi allo specialista o al M.M.G,2026-10-01T10:44:52.208516,193739
IT,Italy,AIFA,SOLEMANTIS,MEMANTINA CLORIDRATO,"""10 MG/ML SOLUZIONE ORALE"" 1 FLACONE IN VETRO DA 50 ML CON SIRINGA GRADUATA E ADATTATORE",,47083023,N06DX01,2024-12-04,2026-12-29,shortage,Problemi produttivi,Per trattamento alternativo si consiglia di rivolgersi allo specialista o al M.M.G,2026-10-01T10:44:52.208539,95834
IT,Italy,AIFA,SOLGEKMA,GEMCITABINA CLORIDRATO,"""38 MG/ML CONCENTRATO PER SOLUZIONE PER INFUSIONE"" 1 FLACONCINO IN VETRO DA 100 ML",,48916035,L01BC05,2026-08-05,2026-09-15,resolved,Elevata richiesta,Per trattamento alternativo si consiglia di rivolgersi allo specialista o al M.M.G,2026-10-01T10:44:52.208564,
IT,Italy,AIFA,SOLIFENACINA E TAMSULOSIN MYLAN,SOLIFENACINA SUCCINATO + TAMSULOSINA CLORIDRATO,"""6 mg/0,40 mg COMPRESSE A RILASCIO MODIFICATO"" 30 COMPRESSE IN BLISTER OPA/AL/PVC/AL",,50653017,G04CA53,2026-10-01,,shortage - end date unknown,Problemi produttivi,Per trattamento alternativo si consiglia di rivolgersi allo specialista o al M.M.G,2026-10-01T10:44:52.208583,105724
IT,Italy,AIFA,SOLIFENACINA MYLAN,SOLIFENACINA SUCCINATO,""" 5 MG COMPRESSE RIVESTITE CON FILM "" 30 COMPRESSE IN BLISTER PVC/AL",,43858051,G04BD08,2026-09-10,,shortage - end date unknown,Problemi produttivi,Per trattamento alternativo si consiglia di rivolgersi allo specialista o al M.M.G,2026-10-01T10:44:52.208601,
IT,Italy,AIFA,SOLIFENACINA MYLAN,SOLIFENACINA SUCCINATO,""" 10 MG COMPRESSE RIVESTITE CON FILM "" 20 COMPRESSE IN BLISTER PVC/AL",,43858226,G04BD08,2026-08-27,,shortage - end date unknown,Problemi produttivi,Per trattamento alternativo si consiglia di rivolgersi allo specialista o al M.M.G,2026-10-01T10:44:52.208619,
IT,Italy,AIFA,SOLU MEDROL,METILPREDNISOLONE EMISUCCINATO SODICO,"""500 MG/7,8 ML POLVERE E SOLVENTE PER SOLUZIONE INIETTABILE"" 1 FLACONCINO DI POLVERE DA 500 MG e 1 flaconcino in vetro di SOLVENTE DA 7,8 ML",,23202056,H02AB04,2026-03-15,,shortage - end date unknown,"Ridotta disponibilità per forniture discontinue:
 distribuzione contingentata","Si rilascia autorizzazione allimportazione alle strutture sanitarie per analogo autorizzato allestero, nel caso in cui le strutture interessate riscontrino discontinuità nella fornitura, a livello delle reti distributive cui hanno accesso",2026-10-01T10:44:52.208652,
IT,Italy,AIFA,SOLU MEDROL,METILPREDNISOLONE EMISUCCINATO SODICO,"""1000 MG/15,6 ML POLVERE E SOLVENTE PER SOLUZIONE INIETTABILE"" 1 FLACONCINO DI POLVERE DA 1000 MG E 1 FLACONCINO IN VETRO DI SOLVENTE DA 15,6 ML",,23202068,H02AB04,2026-05-07,,shortage - end date unknown,Elevata richiesta,Si rilascia autorizzazione allimportazione alle strutture sanitarie per analogo autorizzato allestero,2026-10-01T10:44:52.208671,
IT,Italy,AIFA,SOLUVIT,ACIDO ASCORBICO + ACIDO FOLICO + ACIDO PANTOTENICO + BIOTINA + CIANOCOBALAMINA + NICOTINAMIDE + PIRIDOSSINA CLORIDRATO + RIBOFLAVINA FOSFATO ( SODIO ) + TIAMINA,"""POLVERE PER SOLUZIONE PER INFUSIONE "" 10 FLACONCINI  DA 10 ML",,27984018,,2021-06-04,,shortage - end date unknown,Problemi produttivi: forniture discontinue,"Si rilascia autorizzazione allimportazione alle strutture sanitarie per analogo autorizzato allestero, nel caso in cui le strutture interessate riscontrino discontinuità nella fornitura, a livello delle reti distributive cui hanno accesso",2026-10-01T10:44:52.208690,
IT,Italy,AIFA,SOLVETTA,ETINILESTRADIOLO + ETONOGESTREL,"""0,12 MG/0,015 MG OGNI 24 ORE DISPOSITIVO VAGINALE"" 3 DISPOSITIVI IN BUSTINE PET/AL/LDPE",,45048028,G02BB01,2026-06-20,,shortage - end date unknown,Cessata commercializzazione definitiva,Per trattamento alternativo si consiglia di rivolgersi allo specialista o al M.M.G,2026-10-01T10:44:52.208708,52353
IT,Italy,AIFA,SORAFENIB EG,SORAFENIB TOSILATO,"""200 MG COMPRESSE RIVESTITE CON FILM"" 112X1 COMPRESSE IN BLISTER AL-PVC/PE/PVDC DIVISIBILE PER DOSE UNITARIA",,48807046,L01EX02,2026-08-09,,shortage - end date unknown,Cessata commercializzazione definitiva,Per trattamento alternativo si consiglia di rivolgersi allo specialista o al M.M.G,2026-10-01T10:44:52.208727,81450
IT,Italy,AIFA,SORAFENIB MYLAN,SORAFENIB TOSILATO,"""200 MG COMPRESSE RIVESTITE CON FILM"" 112 COMPRESSE IN BLISTER AL-PVC/PE/PVDC",,48804013,L01EX02,2026-11-02,,shortage - end date unknown,Problemi produttivi,Per trattamento alternativo si consiglia di rivolgersi allo specialista o al M.M.G,2026-10-01T10:44:52.208745,81450
IT,Italy,AIFA,SORAFENIB ZENTIVA,SORAFENIB TOSILATO,"""200 MG COMPRESSE RIVESTITE CON FILM"" 112X1 COMPRESSE IN BLISTER DIVISIBILE PER DOSE UNITARIA AL-PVC/PE/PVDC",,48803011,L01EX02,2023-01-31,,shortage - end date unknown,Problemi produttivi,Per trattamento alternativo si consiglia di rivolgersi allo specialista o al M.M.G,2026-10-01T10:44:52.208763,81450
IT,Italy,AIFA,SORBISTERIT,CALCIO,«Polvere   per   sospensione   orale/rettale   1 contenitore multi dose PE da 500 g»,,39564012,V03AE01,2025-07-03,,shortage - end date unknown,motivi commerciali: cessata commercializzazione definitiva sul canale retail; sul canale ospedaliero si garantiscono forniture solo a seguito di gare aggiudicate,Per trattamento alternativo si consiglia di rivolgersi allo specialista o al M.M.G,2026-10-01T10:44:52.208781,
IT,Italy,AIFA,SOVALDI,SOFOSBUVIR,400 MG - COMPRESSA RIVESTITA CON FILM - FLACONE (HDPE) - 28 COMPRESSE,,43196017,J05AP08,2026-07-30,,shortage - end date unknown,Cessata commercializzazione definitiva,Per trattamento alternativo si consiglia di rivolgersi allo specialista o al M.M.G,2026-10-01T10:44:52.208798,
IT,Italy,AIFA,SPASMESORO,FLOROGLUCINOLO,"""80 MG COMPRESSE ORODISPERSIBILI"" 30 COMPRESSE IN BLISTER PVC/PVDC/AL",,46998035,A03AX12,2026-05-01,,shortage - end date unknown,Cessata commercializzazione temporanea,Per trattamento alternativo si consiglia di rivolgersi allo specialista o al M.M.G,2026-10-01T10:44:52.208816,
IT,Italy,AIFA,SPASMESORO,FLOROGLUCINOLO,"""80 MG COMPRESSE ORODISPERSIBILI"" 10 COMPRESSE IN BLISTER PVC/PVDC/AL",,46998011,A03AX12,2026-05-01,,shortage - end date unknown,Cessata commercializzazione temporanea,Per trattamento alternativo si consiglia di rivolgersi allo specialista o al M.M.G,2026-10-01T10:44:52.208834,
IT,Italy,AIFA,STAXAR,SILDENAFIL CITRATO,"""50 mg FILM ORODISPERSIBILE"" 8 film in bustina in foglio laminato",,50386022,G04BE03,2026-05-25,,shortage - end date unknown,Problemi produttivi,Per trattamento alternativo si consiglia di rivolgersi allo specialista o al M.M.G,2026-10-01T10:44:52.208852,225355
IT,Italy,AIFA,STITILAX,SODIO CITRATO + SODIO LAURIL SOLFOACETATO + SORBITOLO,"""5 ML SOLUZIONE RETTALE"" 4 CONTENITORI MONODOSE IN LDPE",,45594013,A06AG11,2026-06-30,,shortage - end date unknown,Cessata commercializzazione temporanea,Per trattamento alternativo si consiglia di rivolgersi allo specialista o al M.M.G,2026-10-01T10:44:52.208870,130486
IT,Italy,AIFA,STOBOCLO,DENOSUMAB,60 mg - Soluzione iniettabile - Uso sottocutaneo - Siringa preriempita (vetro) 1 mL (60 mg/mL) - 1 siringa preriempita,,52002019,M05BX04,2026-06-09,,shortage - end date unknown,Elevata richiesta,Rilasciata determinazione per limportazione al titolare A.I.C.,2026-10-01T10:44:52.208887,96261
IT,Italy,AIFA,STRIBILD,TENOFOVIR DISOPROXIL,150MG/150MG/200MG/245MG/ - COMPRESSA RIVESTITA CON FILM - USO ORALE - FLACONE (HDPE) - 30 COMPRESSE,,42815011,J05AR09,2026-10-30,,shortage - end date unknown,Cessata commercializzazione definitiva,Per trattamento alternativo si consiglia di rivolgersi allo specialista o al M.M.G,2026-10-01T10:44:52.208905,
IT,Italy,AIFA,STRIVERDI RESPIMAT,OLODATEROLO,"""2,5 MICROGRAMMI SOLUZIONE PER INALAZIONE"" 1 INALATORE RESPIMAT RIUTILIZZABILE + 1 CARTUCCIA PE/PP DA 60 EROGAZIONI",,42432056,R03AC19,2023-06-10,2028-01-31,shortage,Cessata commercializzazione temporanea,Per trattamento alternativo si consiglia di rivolgersi allo specialista o al M.M.G,2026-10-01T10:44:52.208928,113166
IT,Italy,AIFA,SUBOXONE,BUPRENORFINA CLORIDRATO + NALOXONE CLORIDRATO DIIDRATO,"12 MG / 3 MG - FILM SUBLINGUALE - SOMMINISTRAZIONE BUCCALE, USO SUBLINGUALE - BUSTINA (PET/LDPE/ALU/LDPE) - 28 FILM",,37604182,N07BC51,2026-05-30,,shortage - end date unknown,Cessata commercializzazione definitiva,Per trattamento alternativo si consiglia di rivolgersi allo specialista o al M.M.G,2026-10-01T10:44:52.208946,
IT,Italy,AIFA,SUBOXONE,BUPRENORFINA CLORIDRATO + NALOXONE CLORIDRATO DIIDRATO,"""8 MG/2 MG COMPRESSE SUBLINGUALI - USO SUBLINGUALE"" BLISTER (NYLON/ALU/PVC) 7 COMPRESSE",,37604030,N07BC51,2026-05-30,,shortage - end date unknown,Cessata commercializzazione definitiva,Per trattamento alternativo si consiglia di rivolgersi allo specialista o al M.M.G,2026-10-01T10:44:52.208963,
IT,Italy,AIFA,SUBOXONE,BUPRENORFINA CLORIDRATO + NALOXONE CLORIDRATO DIIDRATO,16 MG / 4 MG - COMPRESSA SUBLINGUALE - USO SUBLINGUALE - BLISTER (CARTA/ALU/NYLON/ALU/PVC) - 28 COMPRESSE,,37604067,N07BC51,2026-05-30,,shortage - end date unknown,Cessata commercializzazione definitiva,Per trattamento alternativo si consiglia di rivolgersi allo specialista o al M.M.G,2026-10-01T10:44:52.208990,
IT,Italy,AIFA,SUBOXONE,BUPRENORFINA CLORIDRATO + NALOXONE CLORIDRATO DIIDRATO,"8 MG / 2 MG - FILM SUBLINGUALE - SOMMINISTRAZIONE BUCCALE, USO SUBLINGUALE - BUSTINA (PET/LDPE/ALU/LDPE) - 28 FILM",,37604156,N07BC51,2026-05-30,,shortage - end date unknown,Cessata commercializzazione definitiva,Per trattamento alternativo si consiglia di rivolgersi allo specialista o al M.M.G,2026-10-01T10:44:52.209009,
IT,Italy,AIFA,SUBOXONE,BUPRENORFINA CLORIDRATO + NALOXONE CLORIDRATO DIIDRATO,"4 MG / 1 MG - FILM SUBLINGUALE - SOMMINISTRAZIONE BUCCALE, USO SUBLINGUALE - BUSTINA (PET/LDPE/ALU/LDPE) - 28 FILM",,37604129,N07BC51,2026-05-30,,shortage - end date unknown,Cessata commercializzazione definitiva,Per trattamento alternativo si consiglia di rivolgersi allo specialista o al M.M.G,2026-10-01T10:44:52.209027,
IT,Italy,AIFA,SUBOXONE,BUPRENORFINA CLORIDRATO + NALOXONE CLORIDRATO DIIDRATO,"2 MG / 0.5 MG - FILM SUBLINGUALE - SOMMINISTRAZIONE BUCCALE, USO SUBLINGUALE - BUSTINA (PET/LDPE/ALU/LDPE) - 28 FILM",,37604093,N07BC51,2026-05-30,,shortage - end date unknown,Cessata commercializzazione definitiva,Per trattamento alternativo si consiglia di rivolgersi allo specialista o al M.M.G,2026-10-01T10:44:52.209044,
IT,Italy,AIFA,SUBOXONE,BUPRENORFINA CLORIDRATO + NALOXONE CLORIDRATO DIIDRATO,"""2 MG/0,5MG COMPRESSE SUBLINGUALI - PER USO SUBLINGUALE"" BLISTER (NYLON/ALU/PVC - 7 COMPRESSE",,37604016,N07BC51,2026-05-30,,shortage - end date unknown,Cessata commercializzazione definitiva,Per trattamento alternativo si consiglia di rivolgersi allo specialista o al M.M.G,2026-10-01T10:44:52.209062,
IT,Italy,AIFA,SUCRATE,SUCRALFATO,"""2 G/10 ML GEL ORALE"" 30 BUSTINE 10 ML",,25652052,A02BX02,2026-10-01,2027-02-01,shortage,Problemi produttivi,Per trattamento alternativo si consiglia di rivolgersi allo specialista o al M.M.G,2026-10-01T10:44:52.209087,
IT,Italy,AIFA,SUGAMMADEX ACCORD,SUGAMMADEX,"""100 MG/ML SOLUZIONE INIETTABILE"" 10 FLACONCINI DA 5 ML",,49672025,V03AB35,2026-06-01,,shortage - end date unknown,Motivi commerciali,"Si rilascia autorizzazione allimportazione alle strutture sanitarie per analogo autorizzato allestero, nel caso in cui le strutture interessate riscontrino discontinuità nella fornitura, a livello delle reti distributive cui hanno accesso",2026-10-01T10:44:52.209105,87297
IT,Italy,AIFA,SUGAMMADEX DR. REDDY'S,SUGAMMADEX,"""100 MG/ML SOLUZIONE INIETTABILE"" 10 FLACONCINI IN VETRO DA 5 ML",,49608045,V03AB35,2024-01-01,,shortage - end date unknown,Elevata richiesta: distribuzione contingentata,"Si rilascia autorizzazione allimportazione alle strutture sanitarie per analogo autorizzato allestero, nel caso in cui le strutture interessate riscontrino discontinuità nella fornitura, a livello delle reti distributive cui hanno accesso",2026-10-01T10:44:52.209123,87297
IT,Italy,AIFA,SUGAMMADEX DR. REDDY'S,SUGAMMADEX,"""100 MG/ML SOLUZIONE INIETTABILE"" 10 FLACONCINI IN VETRO DA 2 ML",,49608021,V03AB35,2024-03-01,,shortage - end date unknown,Elevata richiesta: distribuzione contingentata,Rilasciata determinazione per limportazione al titolare A.I.C.,2026-10-01T10:44:52.209141,87300
IT,Italy,AIFA,SUGAMMADEX MEDAC,SUGAMMADEX,"""100 MG/ML SOLUZIONE INIETTABILE"" 10 FLACONCINI IN VETRO DA 5 ML",,50154020,V03AB35,2025-05-01,,shortage - end date unknown,Elevata richiesta: distribuzione contingentata,"Si rilascia autorizzazione allimportazione alle strutture sanitarie per analogo autorizzato allestero, nel caso in cui le strutture interessate riscontrino discontinuità nella fornitura, a livello delle reti distributive cui hanno accesso",2026-10-01T10:44:52.209159,87297
IT,Italy,AIFA,SUGAMMADEX MEDAC,SUGAMMADEX,"""100 MG/ML SOLUZIONE INIETTABILE"" 10 FLACONCINI IN VETRO DA 2 ML",,50154018,V03AB35,2026-10-19,,shortage - end date unknown,Elevata richiesta/problemi produttivi: distribuzione contingentata,Per trattamento alternativo si consiglia di rivolgersi allo specialista o al M.M.G,2026-10-01T10:44:52.209177,87300
IT,Italy,AIFA,SUMATRIPTAN DOC,SUMATRIPTAN,"6 MG SOLUZIONE INIETTABILE IN PENNA PRERIEMPITA 2 PENNE DA 0,5 ML CON AGO",,50913021,N02CC01,2026-04-24,,shortage - end date unknown,Cessata commercializzazione temporanea,Per trattamento alternativo si consiglia di rivolgersi allo specialista o al M.M.G,2026-10-01T10:44:52.209195,
IT,Italy,AIFA,SUMATRIPTAN DOC GENERICI,SUMATRIPTAN,"""100 MG COMPRESSE RIVESTITE"" 4 COMPRESSE IN BLISTER PVC/AL",,38111213,N02CC01,2026-07-31,,shortage - end date unknown,Problemi produttivi,Per trattamento alternativo si consiglia di rivolgersi allo specialista o al M.M.G,2026-10-01T10:44:52.209212,32476
IT,Italy,AIFA,SUMATRIPTAN DOC GENERICI,SUMATRIPTAN,"""50 MG COMPRESSE RIVESTITE"" 4 COMPRESSE IN BLISTER PVC/AL",,38111035,N02CC01,2026-07-31,,shortage - end date unknown,Problemi produttivi,Per trattamento alternativo si consiglia di rivolgersi allo specialista o al M.M.G,2026-10-01T10:44:52.209230,41378
IT,Italy,AIFA,SUMATRIPTAN MYLAN,SUMATRIPTAN SUCCINATO,""" 100 MG COMPRESSE RIVESTITE CON FILM "" 4 COMPRESSE IN BLISTER PA-AL-PVC/AL",,39384122,N02CC01,2026-02-19,,shortage - end date unknown,Problemi produttivi,Per trattamento alternativo si consiglia di rivolgersi allo specialista o al M.M.G,2026-10-01T10:44:52.209248,32476
IT,Italy,AIFA,SUMATRIPTAN MYLAN,SUMATRIPTAN SUCCINATO,""" 50 MG COMPRESSE RIVESTITE CON FILM "" 4 COMPRESSE IN BLISTER PA-AL-PVC/AL",,39384033,N02CC01,2026-03-10,,shortage - end date unknown,Problemi produttivi,Per trattamento alternativo si consiglia di rivolgersi allo specialista o al M.M.G,2026-10-01T10:44:52.209265,41378
IT,Italy,AIFA,SUMATRIPTAN ZENTIVA,SUMATRIPTAN,"""50 MG COMPRESSE RIVESTITE"" 4 COMPRESSE IN BLISTER PVC/AL",,37772047,N02CC01,2024-11-30,,shortage - end date unknown,Problemi produttivi,Per trattamento alternativo si consiglia di rivolgersi allo specialista o al M.M.G,2026-10-01T10:44:52.209285,41378
IT,Italy,AIFA,SUMATRIPTAN ZENTIVA,SUMATRIPTAN,"""100 MG COMPRESSE RIVESTITE"" 4 COMPRESSE IN BLISTER PVC/AL",,37772288,N02CC01,2025-02-28,,shortage - end date unknown,Motivi commerciali,Per trattamento alternativo si consiglia di rivolgersi allo specialista o al M.M.G,2026-10-01T10:44:52.209303,32476
IT,Italy,AIFA,SUNITINIB DR. REDDY'S,SUNITINIB MALATO,"""25 MG CAPSULE RIGIDE"" 30X1 CAPSULE IN BLISTER OPA-AL/PE/AL DIVISIBILE PER DOSE UNITARIA",,49456179,L01EX01,2025-02-28,,shortage - end date unknown,Elevata richiesta: forniture discontinue (carenza relativa solo al canale ospedaliero),Rilasciata determinazione per limportazione al titolare A.I.C.,2026-10-01T10:44:52.209321,214205
IT,Italy,AIFA,SUNITINIB DR. REDDY'S,SUNITINIB MALATO,"""50 MG CAPSULE RIGIDE"" 30X1 CAPSULE IN BLISTER OPA-AL/PE/AL DIVISIBILE PER DOSE UNITARIA",,49456282,L01EX01,2026-10-15,,shortage - end date unknown,Motivi commerciali: forniture discontinue,"Si rilascia autorizzazione allimportazione alle strutture sanitarie per analogo autorizzato allestero, nel caso in cui le strutture interessate riscontrino discontinuità nella fornitura, a livello delle reti distributive cui hanno accesso",2026-10-01T10:44:52.209338,214213
IT,Italy,AIFA,SUNITINIB MYLAN,SUNITINIB,"""50 MG CAPSULE RIGIDE"" 30 CASPULE IN FLACONE HDPE",,47602127,L01EX01,2026-09-01,,shortage - end date unknown,Problemi produttivi,"Si rilascia autorizzazione allimportazione alle strutture sanitarie per analogo autorizzato allestero, nel caso in cui le strutture interessate riscontrino discontinuità nella fornitura, a livello delle reti distributive cui hanno accesso",2026-10-01T10:44:52.209356,214213
IT,Italy,AIFA,SUNITINIB MYLAN,SUNITINIB,"""12,5 MG CAPSULE RIGIDE"" 30 CAPSULE IN FLACONE HDPE",,47602038,L01EX01,2026-06-25,,shortage - end date unknown,Elevata richiesta,"Si rilascia autorizzazione allimportazione alle strutture sanitarie per analogo autorizzato allestero, nel caso in cui le strutture interessate riscontrino discontinuità nella fornitura, a livello delle reti distributive cui hanno accesso",2026-10-01T10:44:52.209373,214191
IT,Italy,AIFA,SUNITINIB MYLAN,SUNITINIB,"""25 MG CAPSULE RIGIDE"" 30 CAPSULE IN FLACONE HDPE",,47602065,L01EX01,2026-05-25,,shortage - end date unknown,Elevata richiesta,"Si rilascia autorizzazione allimportazione alle strutture sanitarie per analogo autorizzato allestero, nel caso in cui le strutture interessate riscontrino discontinuità nella fornitura, a livello delle reti distributive cui hanno accesso",2026-10-01T10:44:52.209391,214205
IT,Italy,AIFA,SUNITINIB TEVA,SUNITINIB,"""12,5 MG CAPSULE RIGIDE"" 30 CAPSULE IN FLACONE HDPE",,45834052,L01EX01,2026-03-09,2026-10-30,shortage,Problemi produttivi,"Si rilascia autorizzazione allimportazione alle strutture sanitarie per analogo autorizzato allestero, nel caso in cui le strutture interessate riscontrino discontinuità nella fornitura, a livello delle reti distributive cui hanno accesso",2026-10-01T10:44:52.209413,214191
IT,Italy,AIFA,SUNITINIB TEVA,SUNITINIB,"""50 MG CAPSULE RIGIDE"" 30 CAPSULE IN FLACONE HDPE",,45834203,L01EX01,2026-08-04,,shortage - end date unknown,Problemi produttivi,"Si rilascia autorizzazione allimportazione alle strutture sanitarie per analogo autorizzato allestero, nel caso in cui le strutture interessate riscontrino discontinuità nella fornitura, a livello delle reti distributive cui hanno accesso",2026-10-01T10:44:52.209430,214213
IT,Italy,AIFA,SUNITINIB ZENTIVA,SUNITINIB,"""50 MG CAPSULE RIGIDE"" 30 CAPSULE IN BLISTER AL/OPA/AL/PVC DIVISIBILE PER DOSE UNITARIA",,48313151,L01EX01,2025-09-30,,shortage - end date unknown,Problemi produttivi,"Si rilascia autorizzazione allimportazione alle strutture sanitarie per analogo autorizzato allestero, nel caso in cui le strutture interessate riscontrino discontinuità nella fornitura, a livello delle reti distributive cui hanno accesso",2026-10-01T10:44:52.209448,214213
IT,Italy,AIFA,SUNITINIB ZENTIVA,SUNITINIB,"""12,5 MG CAPSULE RIGIDE"" 30 CAPSULE IN BLISTER AL/OPA/AL/PVC DIVISIBILE PER DOSE UNITARIA",,48313035,L01EX01,2023-02-01,,shortage - end date unknown,Elevata richiesta,"Si rilascia autorizzazione allimportazione alle strutture sanitarie per analogo autorizzato allestero, nel caso in cui le strutture interessate riscontrino discontinuità nella fornitura, a livello delle reti distributive cui hanno accesso",2026-10-01T10:44:52.209466,214191
IT,Italy,AIFA,SUNITINIB ZENTIVA,SUNITINIB,"""25 MG CAPSULE RIGIDE"" 30 CAPSULE IN BLISTER AL/OPA/AL/PVC DIVISIBILE PER DOSE UNITARIA",,48313074,L01EX01,2022-10-31,,shortage - end date unknown,Elevata richiesta,"Si rilascia autorizzazione allimportazione alle strutture sanitarie per analogo autorizzato allestero, nel caso in cui le strutture interessate riscontrino discontinuità nella fornitura, a livello delle reti distributive cui hanno accesso",2026-10-01T10:44:52.209483,214205
IT,Italy,AIFA,SURMONTIL,TRIMIPRAMINA,"""40 MG/ML GOCCE ORALI, SOLUZIONE"" FLACONE 20ML",,20118030,N06AA06,2026-05-14,2026-12-08,shortage,Problemi regolatori,Si rilascia autorizzazione allimportazione alle strutture sanitarie per analogo autorizzato allestero,2026-10-01T10:44:52.209506,
IT,Italy,AIFA,SUTENT,SUNITINIB MALATO,"12,5 MG- CAPSULA RIGIDA - USO ORALE - FLACONE (HDPE) - 30 CAPSULE",,37192022,L01EX01,2026-07-10,2026-11-30,shortage,Elevata richiesta,"Si rilascia autorizzazione allimportazione alle strutture sanitarie per analogo autorizzato allestero, nel caso in cui le strutture interessate riscontrino discontinuità nella fornitura, a livello delle reti distributive cui hanno accesso",2026-10-01T10:44:52.209528,214191
IT,Italy,AIFA,SYNAGIS,PALIVIZUMAB,100 MG/ML - SOLUZIONE INIETTABILE - VIA INTRAMUSCOLARE - FLACONCINO (VETRO) - 1.0 ML - 1 FLACONCINO,,34529040,J06BD01,2026-07-01,,shortage - end date unknown,Cessata commercializzazione definitiva,"Per trattamento alternativo si consiglia di rivolgersi allo specialista o al MMG. Sono autorizzati e commercializzati in Italia medicinali con medesimo principio attivo, via di somministrazione, modalità di rilascio e indicazioni terapeutiche",2026-10-01T10:44:52.209546,126020
IT,Italy,AIFA,TADALAFIL ABC,TADALAFIL,"""5 MG COMPRESSA"" 28 COMPRESSE IN BLISTER AL/AL",,45643032,G04BE08,2026-06-30,,shortage - end date unknown,Problemi produttivi,Per trattamento alternativo si consiglia di rivolgersi allo specialista o al M.M.G,2026-10-01T10:44:52.209564,86274
IT,Italy,AIFA,TADALAFIL ABDI,TADALAFIL,"""20 MG COMPRESSE RIVESTITE CON FILM"" 12 COMPRESSE IN BLISTER PVC/PVDC/AL",,49998089,G04BE08,2026-08-30,2026-10-30,shortage,Elevata richiesta,Per trattamento alternativo si consiglia di rivolgersi allo specialista o al M.M.G,2026-10-01T10:44:52.209588,68241
IT,Italy,AIFA,TADALAFIL ACCORD,TADALAFIL,"""10 MG COMPRESSE RIVESTITE CON FILM"" 4 COMPRESSE IN BLISTER AL/PVC/PE/PVDC/AL",,44205072,G04BE08,2026-04-24,,shortage - end date unknown,Elevata richiesta,Per trattamento alternativo si consiglia di rivolgersi allo specialista o al M.M.G,2026-10-01T10:44:52.209605,68233
IT,Italy,AIFA,TADALAFIL ACCORD,TADALAFIL,"""20 MG COMPRESSE RIVESTITE CON FILM"" 12 COMPRESSE IN BLISTER AL/PVC/PE/PVDC/AL",,44205110,G04BE08,2026-10-01,,shortage - end date unknown,Problemi produttivi,Per trattamento alternativo si consiglia di rivolgersi allo specialista o al M.M.G,2026-10-01T10:44:52.209623,68241
IT,Italy,AIFA,TADALAFIL ACCORD,TADALAFIL,"""5 MG COMPRESSE RIVESTITE CON FILM"" 28 COMPRESSE IN BLISTER AL/PVC/PE/PVDC/AL",,44205033,G04BE08,2026-04-24,,shortage - end date unknown,Elevata richiesta,Per trattamento alternativo si consiglia di rivolgersi allo specialista o al M.M.G,2026-10-01T10:44:52.209641,86274
IT,Italy,AIFA,TADALAFIL ACCORD,TADALAFIL,"""5 MG COMPRESSE RIVESTITE CON FILM"" 14 COMPRESSE IN BLISTER AL/PVC/PE/PVDC/AL",,44205021,G04BE08,2026-04-24,,shortage - end date unknown,Elevata richiesta,Per trattamento alternativo si consiglia di rivolgersi allo specialista o al M.M.G,2026-10-01T10:44:52.209658,86274
IT,Italy,AIFA,TADALAFIL ACCORD,TADALAFIL,"""20 MG COMPRESSE RIVESTITE CON FILM"" 8 COMPRESSE IN BLISTER AL/PVC/PE/PVDC/AL",,44205108,G04BE08,2026-04-24,,shortage - end date unknown,Elevata richiesta,Per trattamento alternativo si consiglia di rivolgersi allo specialista o al M.M.G,2026-10-01T10:44:52.209675,68241
IT,Italy,AIFA,TADALAFIL ACCORD,TADALAFIL,"""20 MG COMPRESSE RIVESTITE CON FILM"" 4 COMPRESSE IN BLISTER AL/PVC/PE/PVDC/AL",,44205096,G04BE08,2026-04-24,,shortage - end date unknown,Elevata richiesta,Per trattamento alternativo si consiglia di rivolgersi allo specialista o al M.M.G,2026-10-01T10:44:52.209693,68241
IT,Italy,AIFA,TADALAFIL ALMUS,TADALAFIL,10 MG COMPRESSE RIVESTITE CON FILM 4 COMPRESSE IN BLISTER PVC/PCTFE/PVC-AL,,50162039,G04BE08,2026-09-21,2027-01-31,shortage,Problemi produttivi,Per trattamento alternativo si consiglia di rivolgersi allo specialista o al M.M.G,2026-10-01T10:44:52.209715,68233
IT,Italy,AIFA,TADALAFIL ALMUS,TADALAFIL,5 MG COMPRESSE RIVESTITE CON FILM 28 COMPRESSE IN BLISTER PVC/PCTFE/PVC-AL,,50162015,G04BE08,2026-03-31,2026-12-31,shortage,Problemi produttivi,Per trattamento alternativo si consiglia di rivolgersi allo specialista o al M.M.G,2026-10-01T10:44:52.209737,86274
IT,Italy,AIFA,TADALAFIL AUROBINDO,TADALAFIL,"""20 MG COMPRESSE RIVESTITE CON FILM"" 12 COMPRESSE IN BLISTER PVC/PVDC/AL",,43931070,G04BE08,2025-08-17,,shortage - end date unknown,Problemi produttivi,Per trattamento alternativo si consiglia di rivolgersi allo specialista o al M.M.G,2026-10-01T10:44:52.209755,68241
IT,Italy,AIFA,TADALAFIL MYLAN,TADALAFIL,20 MG COMPRESSA RIVESTITA CON FILM - USO ORALE - BLISTER PVC/PE/PVDC/ALU - 12 COMPRESSE,,43779053,G04BE08,2024-10-10,,shortage - end date unknown,Problemi produttivi,Per trattamento alternativo si consiglia di rivolgersi allo specialista o al M.M.G,2026-10-01T10:44:52.209773,68241
IT,Italy,AIFA,TADALAFIL MYLAN,TADALAFIL,5 MG COMPRESSA RIVESTITA CON FILM - USO ORALE - BLISTER (PVC/PE/PVDC-ALU) - 28 COMPRESSE,,43779127,G04BE08,2025-01-21,,shortage - end date unknown,Problemi produttivi,Per trattamento alternativo si consiglia di rivolgersi allo specialista o al M.M.G,2026-10-01T10:44:52.209792,86274
IT,Italy,AIFA,TADALAFIL MYLAN,TADALAFIL,10 MG COMPRESSA RIVESTITA CON FILM - USO ORALE - BLISTER PVC/PE/PVDC/ALU -  4 COMPRESSE,,43779014,G04BE08,2026-04-06,,shortage - end date unknown,Problemi produttivi,Per trattamento alternativo si consiglia di rivolgersi allo specialista o al M.M.G,2026-10-01T10:44:52.209810,68233
IT,Italy,AIFA,TADALAFIL MYLAN,TADALAFIL,5 MG COMPRESSA RIVESTITA CON FILM - USO ORALE - BLISTER (PVC/PE/PVDC-ALU) - 14 COMPRESSE,,43779115,G04BE08,2026-04-08,,shortage - end date unknown,Problemi produttivi,Per trattamento alternativo si consiglia di rivolgersi allo specialista o al M.M.G,2026-10-01T10:44:52.209828,86274
IT,Italy,AIFA,TADALAFIL MYLAN,TADALAFIL,20 MG COMPRESSA RIVESTITA CON FILM - USO ORALE - BLISTER PVC/PE/PVDC/ALU - 2 COMPRESSE,,43779026,G04BE08,2025-10-01,,shortage - end date unknown,Problemi regolatori,Per trattamento alternativo si consiglia di rivolgersi allo specialista o al M.M.G,2026-10-01T10:44:52.209847,68241
IT,Italy,AIFA,TADALAFIL MYLAN,TADALAFIL,20 MG COMPRESSA RIVESTITA CON FILM - USO ORALE - BLISTER PVC/PE/PVDC/ALU - 4 COMPRESSE,,43779038,G04BE08,2026-07-01,,shortage - end date unknown,Problemi produttivi,Per trattamento alternativo si consiglia di rivolgersi allo specialista o al M.M.G,2026-10-01T10:44:52.209865,68241
IT,Italy,AIFA,TADALAFIL MYLAN,TADALAFIL,20 MG COMPRESSA RIVESTITA CON FILM - USO ORALE - BLISTER PVC/PE/PVDC/ALU - 8 COMPRESSE,,43779040,G04BE08,2026-06-15,,shortage - end date unknown,Problemi produttivi,Per trattamento alternativo si consiglia di rivolgersi allo specialista o al M.M.G,2026-10-01T10:44:52.209882,68241
IT,Italy,AIFA,TADALAFIL PENSA PHARMA,TADALAFIL,"""20 MG COMPRESSE RIVESTITE CON FILM"" 4 COMPRESSE IN BLISTER AL/PVC/PVDC",,48862080,G04BE08,2026-07-01,2026-12-31,shortage,Problemi produttivi,Per trattamento alternativo si consiglia di rivolgersi allo specialista o al M.M.G,2026-10-01T10:44:52.209904,68241
IT,Italy,AIFA,TADALAFIL PENSA PHARMA,TADALAFIL,"""20 MG COMPRESSE RIVESTITE CON FILM"" 8 COMPRESSE IN BLISTER AL/PVC/PVDC",,48862092,G04BE08,2026-07-01,2026-12-31,shortage,Problemi produttivi,Per trattamento alternativo si consiglia di rivolgersi allo specialista o al M.M.G,2026-10-01T10:44:52.209926,68241
IT,Italy,AIFA,TADALAFIL PENSA PHARMA,TADALAFIL,"""5 MG COMPRESSE RIVESTITE CON FILM"" 14 COMPRESSE IN BLISTER AL/PVC/PVDC",,48862027,G04BE08,2026-08-01,2026-12-31,shortage,Problemi produttivi,Per trattamento alternativo si consiglia di rivolgersi allo specialista o al M.M.G,2026-10-01T10:44:52.209948,86274
IT,Italy,AIFA,TADALAFIL PENSA PHARMA,TADALAFIL,"""20 MG COMPRESSE RIVESTITE CON FILM"" 12 COMPRESSE IN BLISTER AL/PVC/PVDC",,48862104,G04BE08,2026-10-01,2026-12-31,shortage,Problemi produttivi,Per trattamento alternativo si consiglia di rivolgersi allo specialista o al M.M.G,2026-10-01T10:44:52.209974,68241
IT,Italy,AIFA,TADALAFIL SANDOZ,TADALAFIL,"""20 MG  COMPRESSE RIVESTITE CON FILM"" 2 X1 COMPRESSE IN BLISTER DIVISIBILE PER DOSE UNITARIA IN  PVC/ACLAR/PVC-AL",,44630174,G04BE08,2026-12-01,,shortage - end date unknown,Cessata commercializzazione definitiva,Per trattamento alternativo si consiglia di rivolgersi allo specialista o al M.M.G,2026-10-01T10:44:52.209992,68241
IT,Italy,AIFA,TADALAFIL ZENTIVA,TADALAFIL,"""20 MG COMPRESSE RIVESTITE CON FILM"" 4 COMPRESSE IN BLISTER PVC/PCTFE/AL",,45020056,G04BE08,2021-02-28,,shortage - end date unknown,Problemi produttivi: forniture discontinue,Per trattamento alternativo si consiglia di rivolgersi allo specialista o al M.M.G,2026-10-01T10:44:52.210010,68241
IT,Italy,AIFA,TADALAFIL ZENTIVA,TADALAFIL,"""20 MG COMPRESSE RIVESTITE CON FILM"" 8 COMPRESSE IN BLISTER PVC/PCTFE/AL",,45020068,G04BE08,2021-02-01,,shortage - end date unknown,Problemi produttivi: forniture discontinue,Per trattamento alternativo si consiglia di rivolgersi allo specialista o al M.M.G,2026-10-01T10:44:52.210027,68241
IT,Italy,AIFA,TADALAFIL ZENTIVA,TADALAFIL,"""10 MG COMPRESSE RIVESTITE CON FILM"" 4 COMPRESSE IN BLISTER PVC/PCTFE/AL",,45020031,G04BE08,2021-02-01,,shortage - end date unknown,Problemi produttivi: forniture discontinue,Per trattamento alternativo si consiglia di rivolgersi allo specialista o al M.M.G,2026-10-01T10:44:52.210047,68233
IT,Italy,AIFA,TADALAFIL ZENTIVA,TADALAFIL,"""5 MG COMPRESSE RIVESTITE CON FILM"" 28 COMPRESSE IN BLISTER PVC/PCTFE/AL",,45020029,G04BE08,2020-06-30,,shortage - end date unknown,Problemi produttivi: forniture discontinue,Per trattamento alternativo si consiglia di rivolgersi allo specialista o al M.M.G,2026-10-01T10:44:52.210064,86274
IT,Italy,AIFA,TADALAFIL ZENTIVA,TADALAFIL,"""20 MG COMPRESSE RIVESTITE CON FILM"" 12 COMPRESSE IN BLISTER PVC/PCTFE/AL",,45020070,G04BE08,2024-11-11,,shortage - end date unknown,Elevata richiesta,Per trattamento alternativo si consiglia di rivolgersi allo specialista o al M.M.G,2026-10-01T10:44:52.210082,68241
IT,Italy,AIFA,TADAP,TADALAFIL,"""20 MG COMPRESSE RIVESTITE CON FILM"" 4 COMPRESSE IN BLISTER PVC/PCTFE/AL",,45013051,G04BE08,2026-05-28,,shortage - end date unknown,Cessata commercializzazione temporanea,Per trattamento alternativo si consiglia di rivolgersi allo specialista o al M.M.G,2026-10-01T10:44:52.210100,68241
IT,Italy,AIFA,TALMANCO,TADALAFIL,20 MG - COMPRESSA RIVESTITA CON FILM - USO ORALE - BLISTER (PVC/PE/PVDC-ALU) - 56 X 1 COMPRESSE (DOSE UNITARIA),,45248046,G04BE08,2026-10-25,,shortage - end date unknown,Problemi produttivi,Per trattamento alternativo si consiglia di rivolgersi allo specialista o al M.M.G,2026-10-01T10:44:52.210117,68241
IT,Italy,AIFA,TAMOXIFENE RATIOPHARM,TAMOXIFENE CITRATO,«20 mg  compresse  rivestite  con  film»  20 compresse in blister PVC/PVDC/Al,,33617022,L02BA01,2026-08-31,2026-10-30,shortage,Problemi produttivi,Per trattamento alternativo si consiglia di rivolgersi allo specialista o al M.M.G,2026-10-01T10:44:52.210139,17884
IT,Italy,AIFA,TAMSULOSIN MYLAN GENERICS,TAMSULOSINA CLORIDRATO,"""0,4 MG CAPSULE RIGIDE A RILASCIO MODIFICATO"" 30 CAPSULE IN BLISTER PVC/PE/PVDC/AL",,37004052,G04CA02,2026-08-17,,shortage - end date unknown,Cessata commercializzazione definitiva,Per trattamento alternativo si consiglia di rivolgersi allo specialista o al M.M.G,2026-10-01T10:44:52.210157,41068
IT,Italy,AIFA,TAMSULOSIN MYLAN GENERICS,TAMSULOSINA CLORIDRATO,"""0,4 MG CAPSULE RIGIDE A RILASCIO MODIFICATO"" 20 CAPSULE IN BLISTER PVC/PE/PVDC/AL",,37004037,G04CA02,2026-07-07,,shortage - end date unknown,Cessata commercializzazione definitiva,Per trattamento alternativo si consiglia di rivolgersi allo specialista o al M.M.G,2026-10-01T10:44:52.210175,41068
IT,Italy,AIFA,TAMSULOSINA  AUROBINDO,TAMSULOSINA CLORIDRATO,"""400 MICROGRAMMI CAPSULE RIGIDE A RILASCIO PROLUNGATO"" 30 CAPSULE IN BLISTER PVC/PE/PVDC/AL",,40917104,G04CA02,2026-04-11,,shortage - end date unknown,Elevata richiesta/problemi produttivi,Per trattamento alternativo si consiglia di rivolgersi allo specialista o al M.M.G,2026-10-01T10:44:52.210192,41068
IT,Italy,AIFA,TAMSULOSINA ALMUS,TAMSULOSINA CLORIDRATO,""" 0,4 MG CAPSULE A RILASCIO MODIFICATO "" 20 CAPSULE",,36954016,G04CA02,2025-07-01,2026-12-31,shortage,Problemi produttivi,Per trattamento alternativo si consiglia di rivolgersi allo specialista o al M.M.G,2026-10-01T10:44:52.210215,41068
IT,Italy,AIFA,TAMSULOSINA EG,TAMSULOSINA CLORIDRATO,"""0,4 MG CAPSULE RIGIDE A RILASCIO MODIFICATO"" 20 CAPSULE IN BLISTER PVC/PE/PVDC/AL",,37002045,G04CA02,2026-10-15,,shortage - end date unknown,Cessata commercializzazione definitiva,Per trattamento alternativo si consiglia di rivolgersi allo specialista o al M.M.G,2026-10-01T10:44:52.210233,41068
IT,Italy,AIFA,TAMSULOSINA EG,TAMSULOSINA CLORIDRATO,"""0,4 MG CAPSULE RIGIDE A RILASCIO MODIFICATO"" 30 CAPSULE IN BLISTER PVC/PE/PVDC/AL",,37002060,G04CA02,2026-10-15,,shortage - end date unknown,Cessata commercializzazione definitiva,Per trattamento alternativo si consiglia di rivolgersi allo specialista o al M.M.G,2026-10-01T10:44:52.210250,41068
IT,Italy,AIFA,TAMSULOSINA ZENTIVA ITALIA,TAMSULOSIN CLORIDRATO,""" 0,4 MG CAPSULE RIGIDE A RILASCIO MODIFICATO "" 30 CAPSULE IN BLISTER PVC/PVDC/AL",,45141037,G04CA02,2024-03-18,,shortage - end date unknown,Elevata richiesta/problemi produttivi,Per trattamento alternativo si consiglia di rivolgersi allo specialista o al M.M.G,2026-10-01T10:44:52.210268,41068
IT,Italy,AIFA,TARDYFER,FERROSO SOLFATO,"""80 mg compresse a rilascio prolungato  90 compresse in blister PVC/PVDC/AL",,41219041,B03AA07,2026-08-05,2026-11-12,shortage,Elevata richiesta,"Per trattamento alternativo si consiglia di rivolgersi allo specialista o al MMG. Sono autorizzati e commercializzati in Italia medicinali con medesimo principio attivo, forma farmaceutica, via di somministrazione, modalità di rilascio, dosaggio, e indicazioni terapeutiche ma numero di unità posologiche e dosi unitarie differente",2026-10-01T10:44:52.210292,
IT,Italy,AIFA,TARGOSID,TEICOPLANINA,"""200 MG POLVERE E SOLVENTE PER SOLUZIONE INIETTABILE/INFUSIONE O SOLUZIONE ORALE""1 FLACONCINO POLVERE +  1 FIALA SOLVENTE 3 ML",,26458012,J01XA02,2024-06-12,2027-03-31,shortage,Problemi produttivi (carenza relativa solo al canale retail),Per trattamento alternativo si consiglia di rivolgersi allo specialista o al M.M.G,2026-10-01T10:44:52.210316,31895
IT,Italy,AIFA,TARGOSID,TEICOPLANINA,"""400 MG POLVERE E SOLVENTE PER SOLUZIONE INIETTABILE/INFUSIONE O SOLUZIONE ORALE""1 FLACONCINO POLVERE +  1 FIALA SOLVENTE 3 ML",,26458024,J01XA02,2026-06-30,2027-03-31,shortage,Problemi produttivi,Per trattamento alternativo si consiglia di rivolgersi allo specialista o al M.M.G,2026-10-01T10:44:52.210339,33588
IT,Italy,AIFA,TAVLESSE,FOSTAMATINIB,150 MG - COMPRESSA RIVESTITA CON FILM - USO ORALE - FLACONE (HDPE) - 60 COMPRESSE,,48441024,B02BX09,2026-06-22,,shortage - end date unknown,Problemi produttivi,Si rilascia autorizzazione allimportazione alle strutture sanitarie per analogo autorizzato allestero,2026-10-01T10:44:52.210357,219878
IT,Italy,AIFA,TECHNEMIBI,TETRAKIS(2-METOSSI-2-METILPROPIL-1 ISOCIANIDE)RAME(I),"""1 MG KIT PER PREPARAZIONE RADIOFARMACEUTICA"" 5 FLACONCINI DA 1 MG",,39043017,V09GA01,2026-07-01,,shortage - end date unknown,Cessata commercializzazione definitiva,Per trattamento alternativo si consiglia di rivolgersi allo specialista o al M.M.G,2026-10-01T10:44:52.210374,
IT,Italy,AIFA,TEGENS,MIRTILLINA,"""160 MG CAPSULE RIGIDE"" 20 CAPSULE",,23539063,,2024-12-01,,shortage - end date unknown,Problemi produttivi,Per trattamento alternativo si consiglia di rivolgersi allo specialista o al M.M.G,2026-10-01T10:44:52.210392,
IT,Italy,AIFA,TEGRETOL,CARBAMAZEPINA,"""400 MG COMPRESSE A RILASCIO MODIFICATO"" 30 COMPRESSE",,20602052,N03AF01,2023-10-27,,shortage - end date unknown,Problemi produttivi: forniture discontinue,"Si rilascia autorizzazione allimportazione alle strutture sanitarie per analogo autorizzato allestero, nel caso in cui le strutture interessate riscontrino discontinuità nella fornitura, a livello delle reti distributive cui hanno accesso",2026-10-01T10:44:52.210410,25984
IT,Italy,AIFA,TEGRETOL,CARBAMAZEPINA,"""200 MG COMPRESSE A RILASCIO MODIFICATO"" 30 COMPRESSE",,20602049,N03AF01,2023-10-16,,shortage - end date unknown,Problemi produttivi: forniture discontinue,"Si rilascia autorizzazione allimportazione alle strutture sanitarie per analogo autorizzato allestero, nel caso in cui le strutture interessate riscontrino discontinuità nella fornitura, a livello delle reti distributive cui hanno accesso",2026-10-01T10:44:52.210428,25976
IT,Italy,AIFA,TEGRETOL,CARBAMAZEPINA,"""200 MG COMPRESSE"" 50 COMPRESSE",,20602013,N03AF01,2025-12-10,,shortage - end date unknown,Problemi produttivi: forniture discontinue,"Si rilascia autorizzazione allimportazione alle strutture sanitarie per analogo autorizzato allestero, nel caso in cui le strutture interessate riscontrino discontinuità nella fornitura, a livello delle reti distributive cui hanno accesso",2026-10-01T10:44:52.210446,7579
IT,Italy,AIFA,TEGSEDI,INOTERSEN,"284 MG - SOLUZIONE INIETTABILE - USO SOTTOCUTANEO - SIRINGA PRERIEMPITA (VETRO) - 1,5 ML (189 MG/ML) - 4 SIRINGHE PRERIEMPITE",,46924027,N07XX15,2026-12-01,,shortage - end date unknown,Cessata commercializzazione definitiva,Per trattamento alternativo si consiglia di rivolgersi allo specialista o al M.M.G,2026-10-01T10:44:52.210463,
IT,Italy,AIFA,TELFAST,FEXOFENADINA CLORIDRATO,"""180 MG COMPRESSE RIVESTITE CON FILM"" 20 COMPRESSE IN BLISTER PVC/PVDC/AL",,33303417,R06AX26,2025-03-18,,shortage - end date unknown,Motivi commerciali: cessata commercializzazione definitiva sul canale ospedaliero,Per trattamento alternativo si consiglia di rivolgersi allo specialista o al M.M.G,2026-10-01T10:44:52.210481,48747
IT,Italy,AIFA,TELMISARTAN AUROBINDO,TELMISARTAN,"""40 MG COMPRESSE"" 28 COMPRESSE IN BLISTER AL-AL",,49831023,C09CA07,2026-11-22,,shortage - end date unknown,Elevata richiesta/problemi produttivi,Per trattamento alternativo si consiglia di rivolgersi allo specialista o al M.M.G,2026-10-01T10:44:52.210499,50644
IT,Italy,AIFA,TELMISARTAN AUROBINDO,TELMISARTAN,"""20 MG COMPRESSE"" 28 COMPRESSE IN BLISTER AL-AL",,49831011,C09CA07,2026-09-03,,shortage - end date unknown,Problemi produttivi,Per trattamento alternativo si consiglia di rivolgersi allo specialista o al M.M.G,2026-10-01T10:44:52.210517,57509
IT,Italy,AIFA,TELMISARTAN E IDROCLOROTIAZIDE ZENTIVA,IDROCLOROTIAZIDE + TELMISARTAN,"""40 MG/12,5 MG COMPRESSE"" 28 COMPRESSE IN BLISTER OPA/AL/PVC/AL",,42253029,C09DA07,2023-06-26,,shortage - end date unknown,Problemi produttivi,Per trattamento alternativo si consiglia di rivolgersi allo specialista o al M.M.G,2026-10-01T10:44:52.210535,
IT,Italy,AIFA,TELMISARTAN MYLAN,TELMISARTAN,"""40 MG COMPRESSE"" 28 COMPRESSE IN BLISTER OPA/AL/PVC",,40121028,C09CA07,2025-11-05,,shortage - end date unknown,Problemi produttivi,Per trattamento alternativo si consiglia di rivolgersi allo specialista o al M.M.G,2026-10-01T10:44:52.210553,50644
IT,Italy,AIFA,TELMISARTAN MYLAN,TELMISARTAN,"""80 MG COMPRESSE"" 28 COMPRESSE IN BLISTER OPA/AL/PVC",,40121030,C09CA07,2025-07-28,,shortage - end date unknown,Elevata richiesta,Per trattamento alternativo si consiglia di rivolgersi allo specialista o al M.M.G,2026-10-01T10:44:52.210571,
IT,Italy,AIFA,TELMISARTAN MYLAN,TELMISARTAN,"""20 MG COMPRESSE"" 28 COMPRESSE IN BLISTER OPA/AL/PVC",,40121016,C09CA07,2026-09-21,,shortage - end date unknown,Problemi produttivi,Per trattamento alternativo si consiglia di rivolgersi allo specialista o al M.M.G,2026-10-01T10:44:52.210589,57509
IT,Italy,AIFA,TELMISARTAN PENSA,TELMISARTAN,"""40 MG COMPRESSE"" 28 COMPRESSE IN BLISTER AL/AL/PVC/OPA",,42866020,C09CA07,2026-11-16,,shortage - end date unknown,Cessata commercializzazione definitiva,Per trattamento alternativo si consiglia di rivolgersi allo specialista o al M.M.G,2026-10-01T10:44:52.210607,50644
IT,Italy,AIFA,TELMISARTAN ZENTIVA,TELMISARTAN,"""40 MG COMPRESSE"" 28 COMPRESSE IN BLISTER AL-OPA/AL/PVC",,40773119,C09CA07,2022-12-12,,shortage - end date unknown,Problemi produttivi,Per trattamento alternativo si consiglia di rivolgersi allo specialista o al M.M.G,2026-10-01T10:44:52.210625,50644
IT,Italy,AIFA,TEMGESIC,BUPRENORFINA CLORIDRATO,"""0,3MG/ML SOLUZIONE INIETTABILE"" 5 FIALE",,25215017,N02AE01,2023-01-31,,shortage - end date unknown,Cessata commercializzazione definitiva,Si rilascia autorizzazione allimportazione alle strutture sanitarie per analogo autorizzato allestero-Ministero della Salute  Ufficio Centrale Stupefacenti  Fax 06 5994 3226,2026-10-01T10:44:52.210643,16322
IT,Italy,AIFA,TEMOZOLOMIDE ACCORD,TEMOZOLOMIDE,250 MG - CAPSULA RIGIDA - USO ORALE - BUSTINA - 5 CAPSULE,,39761352,L01AX03,2025-11-06,,shortage - end date unknown,Problemi produttivi,"Si rilascia autorizzazione allimportazione alle strutture sanitarie per analogo autorizzato allestero, nel caso in cui le strutture interessate riscontrino discontinuità nella fornitura, a livello delle reti distributive cui hanno accesso",2026-10-01T10:44:52.210663,52337
IT,Italy,AIFA,TEMOZOLOMIDE ACCORD,TEMOZOLOMIDE,5 MG - CAPSULA RIGIDA - USO ORALE - BUSTINA - 5 CAPSULE,,39761251,L01AX03,2026-08-31,,shortage - end date unknown,Problemi produttivi,Per trattamento alternativo si consiglia di rivolgersi allo specialista o al M.M.G,2026-10-01T10:44:52.210681,52302
IT,Italy,AIFA,TEMOZOLOMIDE ACCORD,TEMOZOLOMIDE,100 MG - CAPSULA RIGIDA - USO ORALE - BUSTINA - 5 CAPSULE,,39761299,L01AX03,2026-10-01,,shortage - end date unknown,Problemi produttivi,Per trattamento alternativo si consiglia di rivolgersi allo specialista o al M.M.G,2026-10-01T10:44:52.210700,52329
IT,Italy,AIFA,TEMOZOLOMIDE ACCORD,TEMOZOLOMIDE,180 MG - CAPSULA RIGIDA - USO ORALE - BUSTINA - 5 CAPSULE,,39761337,L01AX03,2026-10-01,,shortage - end date unknown,Problemi produttivi,Per trattamento alternativo si consiglia di rivolgersi allo specialista o al M.M.G,2026-10-01T10:44:52.210721,84328
IT,Italy,AIFA,TEMOZOLOMIDE ACCORD,TEMOZOLOMIDE,20 MG - CAPSULA RIGIDA - USO ORALE - BUSTINA - 5 CAPSULE,,39761275,L01AX03,2026-02-28,,shortage - end date unknown,Problemi produttivi: forniture discontinue,Rilasciata determinazione per limportazione al titolare A.I.C.,2026-10-01T10:44:52.210739,52310
IT,Italy,AIFA,TEMOZOLOMIDE SUN,TEMOZOLOMIDE,140MG - CAPSULA RIGIDA - USO ORALE - BLISTER (ALU/ALU) 5X1 CAPSULE (DOSE UNITARIA),,41333194,L01AX03,2026-09-04,,shortage - end date unknown,Elevata richiesta: distribuzione contingentata,Per trattamento alternativo si consiglia di rivolgersi allo specialista o al M.M.G,2026-10-01T10:44:52.210757,84336
IT,Italy,AIFA,TEMOZOLOMIDE SUN,TEMOZOLOMIDE,250MG - CAPSULA RIGIDA - USO ORALE - BLISTER (ALU/ALU) 5X1 CAPSULE (DOSE UNITARIA),,41333232,L01AX03,2026-10-05,,shortage - end date unknown,Elevata richiesta: distribuzione contingentata,"Si rilascia autorizzazione allimportazione alle strutture sanitarie per analogo autorizzato allestero, nel caso in cui le strutture interessate riscontrino discontinuità nella fornitura, a livello delle reti distributive cui hanno accesso",2026-10-01T10:44:52.210776,
IT,Italy,AIFA,TEMOZOLOMIDE SUN,TEMOZOLOMIDE,180MG - CAPSULA RIGIDA - USO ORALE - BLISTER (ALU/ALU) 5X1 CAPSULE (DOSE UNITARIA),,41333218,L01AX03,2026-02-13,,shortage - end date unknown,Elevata richiesta: distribuzione contingentata,Per trattamento alternativo si consiglia di rivolgersi allo specialista o al M.M.G,2026-10-01T10:44:52.210801,84328
IT,Italy,AIFA,TEMOZOLOMIDE SUN,TEMOZOLOMIDE,20MG - CAPSULA RIGIDA - USO ORALE - BLISTER (ALU/ALU) 5X1 CAPSULE (DOSE UNITARIA),,41333156,L01AX03,2026-02-13,,shortage - end date unknown,Elevata richiesta: distribuzione contingentata,Per trattamento alternativo si consiglia di rivolgersi allo specialista o al M.M.G,2026-10-01T10:44:52.210819,52310
IT,Italy,AIFA,TEMOZOLOMIDE TEVA,TEMOZOLOMIDE,"""140 MG - CAPSULE RIGIDE - USO ORALE - FLACONE (VETRO)"" 5 CAPSULE",,39649076,L01AX03,2026-04-01,2027-02-28,shortage,Problemi produttivi (carenza relativa solo al canale ospedaliero),Per trattamento alternativo si consiglia di rivolgersi allo specialista o al M.M.G,2026-10-01T10:44:52.210842,84336
IT,Italy,AIFA,TEMOZOLOMIDE TEVA,TEMOZOLOMIDE,"""20 MG - CAPSULE RIGIDE - USO ORALE - FLACONE (VETRO)"" 5 CAPSULE",,39649037,L01AX03,2026-06-12,2026-09-30,resolved,Problemi produttivi,Per trattamento alternativo si consiglia di rivolgersi allo specialista o al M.M.G,2026-10-01T10:44:52.210864,52310
IT,Italy,AIFA,TENKASI,ORITAVANCINA,1200 mg - Polvere per concentrato per soluzione per infusione - Uso endovenoso - Fiala (vetro) 1200 mg - 1 fiala,,44015028,J01XA05,2026-08-05,,shortage - end date unknown,Elevata richiesta,"Si rilascia autorizzazione allimportazione alle strutture sanitarie per analogo autorizzato allestero, nel caso in cui le strutture interessate riscontrino discontinuità nella fornitura, a livello delle reti distributive cui hanno accesso",2026-10-01T10:44:52.210882,
IT,Italy,AIFA,TENOFOVIR DISOPROXIL AUROBINDO,TENOFOVIR DISOPROXIL,""" 245 MG COMPRESSE RIVESTITE CON FILM "" 30 COMPRESSE IN FLACONE HDPE",,45097159,J05AF07,2026-11-23,,shortage - end date unknown,Problemi produttivi,Per trattamento alternativo si consiglia di rivolgersi allo specialista o al M.M.G,2026-10-01T10:44:52.210901,146633
IT,Italy,AIFA,TENSIRAM,CELLULOSA MICROCRISTALLINA + RAMIPRIL,"""10 MG COMPRESSE"" 28 COMPRESSE DIVISIBILI",,38355032,C09AA05,2026-04-30,,shortage - end date unknown,Elevata richiesta: distribuzione contingentata,Per trattamento alternativo si consiglia di rivolgersi allo specialista o al M.M.G,2026-10-01T10:44:52.210920,
IT,Italy,AIFA,TENSIRAM,CELLULOSA MICROCRISTALLINA + RAMIPRIL,"""2,5 MG COMPRESSE"" 28 COMPRESSE DIVISIBILI",,38355018,C09AA05,2026-08-31,,shortage - end date unknown,Elevata richiesta: forniture discontinue,Per trattamento alternativo si consiglia di rivolgersi allo specialista o al M.M.G,2026-10-01T10:44:52.210939,50555
IT,Italy,AIFA,TENSOGARD,FOSINOPRIL SODICO,"""20 MG COMPRESSE"" 14 COMPRESSE",,27824022,C09AA09,2024-08-19,,shortage - end date unknown,Elevata richiesta,Per trattamento alternativo si consiglia di rivolgersi allo specialista o al M.M.G,2026-10-01T10:44:52.210961,39578
IT,Italy,AIFA,TENSOZIDE,IDROCLOROTIAZIDE,"""20 MG + 12,5 MG COMPRESSE"" 14 COMPRESSE",,29004013,C09BA09,2024-08-23,,shortage - end date unknown,Elevata richiesta,Per trattamento alternativo si consiglia di rivolgersi allo specialista o al M.M.G,2026-10-01T10:44:52.210979,
IT,Italy,AIFA,TERAZOSINA ZENTIVA,TERAZOSINA,"""5 MG COMPRESSE"" 14 COMPRESSE DIVISIBILI",,35167028,G04CA03,2024-11-30,,shortage - end date unknown,Problemi produttivi,Per trattamento alternativo si consiglia di rivolgersi allo specialista o al M.M.G,2026-10-01T10:44:52.210998,36706
IT,Italy,AIFA,TERAZOSINA ZENTIVA,TERAZOSINA,"""2 MG COMPRESSE"" 10 COMPRESSE DIVISIBILI",,35167016,G04CA03,2025-01-31,,shortage - end date unknown,Motivi commerciali,Per trattamento alternativo si consiglia di rivolgersi allo specialista o al M.M.G,2026-10-01T10:44:52.211016,37435
IT,Italy,AIFA,TERBINAFINA AUROBINDO PHARMA ITALIA,TERBINAFINA,""" 250 MG COMPRESSE "" 8 COMPRESSE IN BLISTER PVC/PVDC/AL",,41484039,D01BA02,2026-09-16,,shortage - end date unknown,Problemi regolatori,Per trattamento alternativo si consiglia di rivolgersi allo specialista o al M.M.G,2026-10-01T10:44:52.211034,34010
IT,Italy,AIFA,TERBINAFINA EG,TERBINAFINA CLORIDRATO,"""250 MG COMPRESSE"" 8 COMPRESSE IN BLISTER AL/PVC",,36799068,D01BA02,2026-08-31,,shortage - end date unknown,Elevata richiesta,Per trattamento alternativo si consiglia di rivolgersi allo specialista o al M.M.G,2026-10-01T10:44:52.211055,34010
IT,Italy,AIFA,TEREBYO,TERIFLUNOMIDE,"""14 MG COMPRESSE RIVESTITE CON FILM"" 28 COMPRESSE IN BLISTER OPA/AL/PVC-AL IN CONFEZIONE PORTAFOGLIO",,50360092,L04AK02,2026-05-31,,shortage - end date unknown,Elevata richiesta,Rilasciata determinazione per limportazione al titolare A.I.C.,2026-10-01T10:44:52.211074,117838
IT,Italy,AIFA,TERIFLUNOMIDE ABDI,TERIFLUNOMIDE,"""14 MG COMPRESSE RIVESTITE CON FILM"" 28 COMPRESSE IN BLISTER AL/OPA/AL/PVC",,50739022,L04AK02,2026-10-12,2026-11-30,shortage,Motivi commerciali,"Si rilascia autorizzazione allimportazione alle strutture sanitarie per analogo autorizzato allestero, nel caso in cui le strutture interessate riscontrino discontinuità nella fornitura, a livello delle reti distributive cui hanno accesso",2026-10-01T10:44:52.211097,117838
IT,Italy,AIFA,TERIFLUNOMIDE ACCORD,TERIFLUNOMIDE,14 mg - Compressa rivestita con film - Uso orale - Blister (alu/alu) - 28 x 1 compresse (dose unitaria),,50441029,L04AK02,2026-08-29,,shortage - end date unknown,Elevata richiesta,"Si rilascia autorizzazione allimportazione alle strutture sanitarie per analogo autorizzato allestero, nel caso in cui le strutture interessate riscontrino discontinuità nella fornitura, a livello delle reti distributive cui hanno accesso",2026-10-01T10:44:52.211116,117838
IT,Italy,AIFA,TERIFLUNOMIDE DR. REDDY'S,TERIFLUNOMIDE,"""14 MG COMPRESSE RIVESTITE CON FILM"" 28 COMPRESSE IN BLISTER OPA/AL/PVC/AL",,50654033,L04AK02,2025-06-16,,shortage - end date unknown,Elevata richiesta: forniture discontinue,"Si rilascia autorizzazione allimportazione alle strutture sanitarie per analogo autorizzato allestero, nel caso in cui le strutture interessate riscontrino discontinuità nella fornitura, a livello delle reti distributive cui hanno accesso",2026-10-01T10:44:52.211135,117838
IT,Italy,AIFA,TERIP,FINASTERIDE,""" 5 MG COMPRESSE RIVESTITE CON FILM "" 15 COMPRESSE IN BLISTER PVC/PE/PVDC/AL",,39681010,G04CB01,2026-06-01,,shortage - end date unknown,Motivi commerciali (carenza relativa solo al canale retail),Per trattamento alternativo si consiglia di rivolgersi allo specialista o al M.M.G,2026-10-01T10:44:52.211153,
IT,Italy,AIFA,TERLIPRESSINA SUN,TERLIPRESSINA,""" 0,1MG/ML SOLUZIONE INIETTABILE "" 5 FIALE IN VETRO DA 8.5ML",,42446017,H01BA04,2024-04-30,,shortage - end date unknown,Problemi produttivi: distribuzione contingentata (carenza relativa solo al canale ospedaliero),"Si rilascia autorizzazione allimportazione alle strutture sanitarie per analogo autorizzato allestero, nel caso in cui le strutture interessate riscontrino discontinuità nella fornitura, a livello delle reti distributive cui hanno accesso",2026-10-01T10:44:52.211171,105538
IT,Italy,AIFA,TETRABENAZINA SUN,TETRABENAZINA,"""25 MG COMPRESSE"" 112 COMPRESSE IN CONTENITORE HDPE",,44251027,N07XX06,2022-10-31,,shortage - end date unknown,Problemi produttivi,Per trattamento alternativo si consiglia di rivolgersi allo specialista o al M.M.G,2026-10-01T10:44:52.211189,50725
IT,Italy,AIFA,THIOTEPA MEDAC,TIOTEPA,"""15 MG POLVERE PER CONCENTRATO PER SOLUZIONE PER INFUSIONE"" 1 FLACONCINO IN VETRO DA 2 ML",,50495011,L01AC01,2024-10-01,,shortage - end date unknown,Problemi produttivi: forniture discontinue,Per trattamento alternativo si consiglia di rivolgersi allo specialista o al M.M.G,2026-10-01T10:44:52.211207,94102
IT,Italy,AIFA,THIOTEPA MEDAC,TIOTEPA,"""100 MG POLVERE PER CONCENTRATO PER SOLUZIONE PER INFUSIONE"" 1 FLACONCINO IN VETRO DA 10 ML",,50495023,L01AC01,2024-09-15,,shortage - end date unknown,Problemi produttivi: forniture discontinue,Per trattamento alternativo si consiglia di rivolgersi allo specialista o al M.M.G,2026-10-01T10:44:52.211225,94110
IT,Italy,AIFA,TICAGRELOR ZENTIVA,TICAGRELOR,"""60 mg COMPRESSE RIVESTITE CON FILM"" 56 COMPRESSE IN BLISTER PVC-PVDC/AL",,49850035,B01AC24,2026-06-05,,shortage - end date unknown,Problemi produttivi,Per trattamento alternativo si consiglia di rivolgersi allo specialista o al M.M.G,2026-10-01T10:44:52.211244,130680
IT,Italy,AIFA,TICAGRELOR ZENTIVA,TICAGRELOR,"""90 mg COMPRESSE RIVESTITE CON FILM"" 56 COMPRESSE IN BLISTER PVC-PVDC/AL",,49850098,B01AC24,2026-06-05,,shortage - end date unknown,Problemi produttivi,Per trattamento alternativo si consiglia di rivolgersi allo specialista o al M.M.G,2026-10-01T10:44:52.211261,97446
IT,Italy,AIFA,TICLOPIDINA AUROBINDO,TICLOPIDINA CLORIDRATO,"""250 MG COMPRESSE RIVESTITE"" 30 COMPRESSE",,35095013,B01AC05,2026-06-02,,shortage - end date unknown,Cessata commercializzazione definitiva,Per trattamento alternativo si consiglia di rivolgersi allo specialista o al M.M.G,2026-10-01T10:44:52.211279,
IT,Italy,AIFA,TIKLID,TICLOPIDINA CLORIDRATO,"""250MG COMPRESSE RIVESTITE"" 30 COMPRESSE",,24453021,B01AC05,2026-09-01,2026-12-07,shortage,Problemi produttivi,Per trattamento alternativo si consiglia di rivolgersi allo specialista o al M.M.G,2026-10-01T10:44:52.211301,
IT,Italy,AIFA,TIMOLABAK,TIMOLOLO MALEATO,"""5 MG/ML COLLIRIO, SOLUZIONE"" FLACONE DA 5 ML",,33951029,S01ED01,2026-05-11,,shortage - end date unknown,Cessata commercializzazione definitiva,Per trattamento alternativo si consiglia di rivolgersi allo specialista o al M.M.G,2026-10-01T10:44:52.211319,
IT,Italy,AIFA,TIMOLOLO OMNIVISION,TIMOLOLO MALEATO,"""0,50% COLLIRIO,SOLUZIONE"" FLACONE DA 5ML",,34305021,S01ED01,2026-08-25,,shortage - end date unknown,Problemi regolatori,Per trattamento alternativo si consiglia di rivolgersi allo specialista o al M.M.G,2026-10-01T10:44:52.211337,
IT,Italy,AIFA,TIOCOLCHICOSIDE EG,TIOCOLCHICOSIDE,"""4 MG/2 ML SOLUZIONE INIETTABILE PER USO INTRAMUSCOLARE "" 6 FIALE 2 ML",,35328018,M03BX05,2025-07-31,,shortage - end date unknown,Problemi produttivi,Per trattamento alternativo si consiglia di rivolgersi allo specialista o al M.M.G,2026-10-01T10:44:52.211355,
IT,Italy,AIFA,TIOSIDE,TIOCOLCHICOSIDE,"""4 MG/2 ML SOLUZIONE INIETTABILE PER USO INTRAMUSCOLARE"" 6 FIALE",,33982012,M03BX05,2026-05-31,,shortage - end date unknown,Cessata commercializzazione definitiva,Per trattamento alternativo si consiglia di rivolgersi allo specialista o al M.M.G,2026-10-01T10:44:52.211372,
IT,Italy,AIFA,TIROCULAR,ACETILCISTEINA,"""4% COLLIRIO, SOLUZIONE"" FLACONE 10 ML",,28165025,S01XA08,2026-09-07,,shortage - end date unknown,Problemi produttivi,Per trattamento alternativo si consiglia di rivolgersi allo specialista o al M.M.G,2026-10-01T10:44:52.211390,
IT,Italy,AIFA,TIROSINT,LEVOTIROXINA SODICA,"""75 MICROGRAMMI/1 ML SOLUZIONE ORALE"" 30 CONTENITORI MONODOSE 1 ML",,34368098,H03AA01,2026-08-28,,shortage - end date unknown,Problemi produttivi: ridotta disponibilità,Per trattamento alternativo si consiglia di rivolgersi allo specialista o al M.M.G,2026-10-01T10:44:52.211408,
IT,Italy,AIFA,TIROSINT,LEVOTIROXINA SODICA,"""100 MICROGRAMMI/1 ML SOLUZIONE ORALE"" 30 CONTENITORI MONODOSE 1 ML",,34368100,H03AA01,2026-08-28,,shortage - end date unknown,Problemi produttivi: ridotta disponibilità,Per trattamento alternativo si consiglia di rivolgersi allo specialista o al M.M.G,2026-10-01T10:44:52.211425,
IT,Italy,AIFA,TIROSINT,LEVOTIROXINA SODICA,"""100 MICROGRAMMI/ML GOCCE ORALI, SOLUZIONE "" FLACONE 20 ML",,34368062,H03AA01,2025-09-17,2026-12-31,shortage,Problemi produttivi,Per trattamento alternativo si consiglia di rivolgersi allo specialista o al M.M.G,2026-10-01T10:44:52.211448,
IT,Italy,AIFA,TIROSINT,LEVOTIROXINA SODICA,"""25 MICROGRAMMI/1 ML SOLUZIONE ORALE"" 30 CONTENITORI MONODOSE 1 ML",,34368074,H03AA01,2026-09-01,,shortage - end date unknown,Ridotta disponibilità: distribuzione contingentata,Per trattamento alternativo si consiglia di rivolgersi allo specialista o al M.M.G,2026-10-01T10:44:52.211466,
IT,Italy,AIFA,TIROSINT,LEVOTIROXINA SODICA,"""50 MICROGRAMMI/1 ML SOLUZIONE ORALE"" 30 CONTENITORI MONODOSE 1 ML",,34368086,H03AA01,2026-09-01,,shortage - end date unknown,Ridotta disponibilità: distribuzione contingentata,Per trattamento alternativo si consiglia di rivolgersi allo specialista o al M.M.G,2026-10-01T10:44:52.211483,
IT,Italy,AIFA,TOBRADEX,DESAMETASONE,"""0,3% + 0,1% UNGUENTO OFTALMICO"" TUBO 3,5 G",,27457023,S01CA01,2026-03-16,2026-12-31,shortage,Problemi produttivi: forniture discontinue,Per trattamento alternativo si consiglia di rivolgersi allo specialista o al M.M.G,2026-10-01T10:44:52.211510,
IT,Italy,AIFA,TOBRAMICINA SUN,TOBRAMICINA,"""300 MG/5 ML SOLUZIONE PER NEBULIZZATORE"" 56 FIALE IN LDPE DA 5 ML",,44611010,J01GB01,2024-04-30,,shortage - end date unknown,Problemi produttivi,Per trattamento alternativo si consiglia di rivolgersi allo specialista o al M.M.G,2026-10-01T10:44:52.211528,
IT,Italy,AIFA,TOLEP,OXCARBAZEPINA,"""300 MG COMPRESSE"" 50 COMPRESSE DIVISIBILI BLISTER PVC",,28304018,N03AF02,2025-07-23,,shortage - end date unknown,Problemi produttivi: forniture discontinue,"Si rilascia autorizzazione allimportazione alle strutture sanitarie per analogo autorizzato allestero, nel caso in cui le strutture interessate riscontrino discontinuità nella fornitura, a livello delle reti distributive cui hanno accesso",2026-10-01T10:44:52.211547,
IT,Italy,AIFA,TOLEP,OXCARBAZEPINA,"""600 MG COMPRESSE"" 50 COMPRESSE DIVISIBILI BLISTER PVC",,28304020,N03AF02,2025-07-23,,shortage - end date unknown,Problemi produttivi: forniture discontinue,"Si rilascia autorizzazione allimportazione alle strutture sanitarie per analogo autorizzato allestero, nel caso in cui le strutture interessate riscontrino discontinuità nella fornitura, a livello delle reti distributive cui hanno accesso",2026-10-01T10:44:52.211568,
IT,Italy,AIFA,TOLIMAN,CINNARIZINA,"""100 MG CAPSULE RIGIDE"" 30 CAPSULE",,22535037,N07CA02,2027-01-01,,shortage - end date unknown,Cessata commercializzazione definitiva,Per trattamento alternativo si consiglia di rivolgersi allo specialista o al M.M.G,2026-10-01T10:44:52.211587,
IT,Italy,AIFA,TOLVAPTAN ACCORD,TOLVAPTAN,"15 mg - Compressa - Uso orale - blister (PVC/alu) - 10 × 1 compresse (dose 
unitaria)",,50637065,C03XA01,2026-06-29,,shortage - end date unknown,Problemi produttivi,Rilasciata determinazione per limportazione al titolare A.I.C.,2026-10-01T10:44:52.211605,128228
IT,Italy,AIFA,TOLVAPTAN ACCORD,TOLVAPTAN,"30 mg - Compressa - Uso orale - blister (PVC/alu) - 10 × 1 compresse (dose 
unitaria)",,50637103,C03XA01,2026-08-31,,shortage - end date unknown,Problemi produttivi,Per trattamento alternativo si consiglia di rivolgersi allo specialista o al M.M.G,2026-10-01T10:44:52.211623,128236
IT,Italy,AIFA,TOMUDEX,RALTITREXED,"""2 MG POLVERE PER SOLUZIONE PER INFUSIONE "" 1 FLACONCINO",,31251010,L01BA03,2027-01-19,,shortage - end date unknown,Problemi produttivi,Si rilascia autorizzazione allimportazione alle strutture sanitarie per analogo autorizzato allestero,2026-10-01T10:44:52.211643,
IT,Italy,AIFA,TONOCIAN,CIANOCOBALAMINA,"""5000 MICROGRAMMI/ 2 ML SOLUZIONE INIETTABILE PER USO INTRAMUSCOLARE"" 5 FIALE DA 2 ML",,37936010,B03BA01,2025-01-17,,shortage - end date unknown,Problemi produttivi,"Si rilascia autorizzazione allimportazione alle strutture sanitarie per analogo autorizzato allestero, nel caso in cui le strutture interessate riscontrino discontinuità nella fornitura, a livello delle reti distributive cui hanno accesso",2026-10-01T10:44:52.211660,
IT,Italy,AIFA,TOOKAD,PADELIPORFINA,366 MG - POLVERE PER SOLUZIONE INIETTABILE - USO ENDOVENOSO - FLACONCINO (VETRO) - 1 FLACONCINO,,45774027,L01XD07,2021-03-01,2026-12-31,shortage,Cessata commercializzazione temporanea,Per trattamento alternativo si consiglia di rivolgersi allo specialista o al M.M.G,2026-10-01T10:44:52.211685,
IT,Italy,AIFA,TOOKAD,PADELIPORFINA,183 MG - POLVERE PER SOLUZIONE INIETTABILE - USO ENDOVENOSO - FLACONCINO (VETRO) - 1 FLACONCINO,,45774015,L01XD07,2022-09-30,2026-12-31,shortage,Cessata commercializzazione temporanea,Per trattamento alternativo si consiglia di rivolgersi allo specialista o al M.M.G,2026-10-01T10:44:52.211708,
IT,Italy,AIFA,TOPAMAX,TOPIRAMATO,"""25 MG COMPRESSE RIVESTITE CON FILM"" 60 COMPRESSE",,32023071,N03AX11,2026-08-31,2026-10-12,shortage,Problemi produttivi,Si rilascia autorizzazione allimportazione alle strutture sanitarie per analogo autorizzato allestero,2026-10-01T10:44:52.211732,45756
IT,Italy,AIFA,TOPIRAMATO AUROBINDO,TOPIRAMATO,"""50 MG COMPRESSE RIVESTITE CON FILM"" 60 COMPRESSE IN BLISTER PA/AL/PVC",,43081037,N03AX11,2026-02-16,,shortage - end date unknown,Problemi produttivi,Per trattamento alternativo si consiglia di rivolgersi allo specialista o al M.M.G,2026-10-01T10:44:52.211750,43982
IT,Italy,AIFA,TOPIRAMATO AUROBINDO,TOPIRAMATO,"""100 MG COMPRESSE RIVESTITE CON FILM"" 60 COMPRESSE IN BLISTER PA/AL/PVC",,43081052,N03AX11,2026-06-01,,shortage - end date unknown,Problemi produttivi,Per trattamento alternativo si consiglia di rivolgersi allo specialista o al M.M.G,2026-10-01T10:44:52.211770,45764
IT,Italy,AIFA,TOPIRAMATO DOC GENERICI,TOPIRAMATO,"""25 MG COMPRESSE RIVESTITE CON FILM""60 COMPRESSE IN BLISTER AL/AL",,38340028,N03AX11,2026-08-31,,shortage - end date unknown,Problemi produttivi,Si rilascia autorizzazione allimportazione alle strutture sanitarie per analogo autorizzato allestero,2026-10-01T10:44:52.211787,45756
IT,Italy,AIFA,TOPIRAMATO DOC GENERICI,TOPIRAMATO,"""100 MG COMPRESSE RIVESTITE CON FILM"" 60 COMPRESSE IN BLISTER AL/AL",,38340129,N03AX11,2026-06-30,,shortage - end date unknown,Problemi produttivi,Per trattamento alternativo si consiglia di rivolgersi allo specialista o al M.M.G,2026-10-01T10:44:52.211805,45764
IT,Italy,AIFA,TOPIRAMATO DOC GENERICI,TOPIRAMATO,"""200 MG COMPRESSE RIVESTITE CON FILM"" 60 COMPRESSE IN BLISTER AL/AL",,38340170,N03AX11,2026-08-31,,shortage - end date unknown,Problemi produttivi,Per trattamento alternativo si consiglia di rivolgersi allo specialista o al M.M.G,2026-10-01T10:44:52.211830,43990
IT,Italy,AIFA,TOPIRAMATO MYLAN GENERICS,TOPIRAMATO,"""100 MG COMPRESSE RIVESTITE CON FILM"" 60 COMPRESSE IN BLISTER AL/AL",,37755271,N03AX11,2025-12-15,,shortage - end date unknown,Problemi produttivi,Per trattamento alternativo si consiglia di rivolgersi allo specialista o al M.M.G,2026-10-01T10:44:52.211848,45764
IT,Italy,AIFA,TOPIRAMATO MYLAN GENERICS,TOPIRAMATO,"""50 MG COMPRESSE RIVESTITE CON FILM"" 60 COMPRESSE IN BLISTER AL/AL",,37755170,N03AX11,2025-07-28,,shortage - end date unknown,Problemi produttivi,Per trattamento alternativo si consiglia di rivolgersi allo specialista o al M.M.G,2026-10-01T10:44:52.211865,43982
IT,Italy,AIFA,TOPIRAMATO MYLAN GENERICS,TOPIRAMATO,"""200 MG COMPRESSE RIVESTITE CON FILM"" 60 COMPRESSE IN BLISTER AL/AL",,37755372,N03AX11,2025-11-01,,shortage - end date unknown,Elevata richiesta,Per trattamento alternativo si consiglia di rivolgersi allo specialista o al M.M.G,2026-10-01T10:44:52.211883,43990
IT,Italy,AIFA,TOPIRAMATO MYLAN GENERICS,TOPIRAMATO,"""25 MG COMPRESSE RIVESTITE CON FILM"" 60 COMPRESSE IN BLISTER AL/AL",,37755079,N03AX11,2026-05-25,,shortage - end date unknown,Problemi produttivi,Si rilascia autorizzazione allimportazione alle strutture sanitarie per analogo autorizzato allestero,2026-10-01T10:44:52.211901,45756
IT,Italy,AIFA,TOPOTECAN HOSPIRA,TOPOTECAN,""" 4MG/4ML-CONCENTRATO PER SOLUZIONE PER INFUSIONE-USO ENDOVENOSO-FLACONCINO(VETRO)-4ML"" 5 FLACONCINI",,40327025,L01CE01,2026-07-28,,shortage - end date unknown,Problemi produttivi,Si rilascia autorizzazione allimportazione alle strutture sanitarie per analogo autorizzato allestero,2026-10-01T10:44:52.211918,98728
IT,Italy,AIFA,TORASTIN,ATORVASTATINA,"""40 MG COMPRESSE RIVESTITE CON FILM"" 60 COMPRESSE IN BLISTER PA/ALL/PVC-AL",,41399306,C10AA05,2024-09-13,,shortage - end date unknown,Problemi produttivi,Per trattamento alternativo si consiglia di rivolgersi allo specialista o al M.M.G,2026-10-01T10:44:52.211936,98620
IT,Italy,AIFA,TORASTIN,ATORVASTATINA,"""10 MG COMPRESSE RIVESTITE CON FILM"" 60 COMPRESSE IN BLISTER PA/ALL/PVC-AL",,41399066,C10AA05,2024-06-15,,shortage - end date unknown,Problemi produttivi,Per trattamento alternativo si consiglia di rivolgersi allo specialista o al M.M.G,2026-10-01T10:44:52.211954,98604
IT,Italy,AIFA,TORASTIN,ATORVASTATINA,"""20 MG COMPRESSE RIVESTITE CON FILM"" 60 COMPRESSE IN BLISTER PA/ALL/PVC-AL",,41399181,C10AA05,2024-06-15,,shortage - end date unknown,Problemi produttivi: forniture discontinue,Per trattamento alternativo si consiglia di rivolgersi allo specialista o al M.M.G,2026-10-01T10:44:52.211971,98612
IT,Italy,AIFA,TOTTIZIM,CEFTAZIDIMA PENTAIDRATO,"""1 G/10 ML POLVERE E SOLVENTE PER SOLUZIONE INIETTABILE PER USO ENDOVENOSO"" 1 FLACONCINO POLVERE + 1 FIALA SOLVENTE 10 ML",,36501031,J01DD02,2023-09-18,,shortage - end date unknown,Elevata richiesta,Per trattamento alternativo si consiglia di rivolgersi allo specialista o al M.M.G,2026-10-01T10:44:52.211988,37168
IT,Italy,AIFA,TOTTIZIM,CEFTAZIDIMA PENTAIDRATO,"""2 G POLVERE PER SOLUZIONE PER INFUSIONE"" 1 FLACONCINO POLVERE",,36501043,J01DD02,2025-08-24,,shortage - end date unknown,Motivi commerciali,Per trattamento alternativo si consiglia di rivolgersi allo specialista o al M.M.G,2026-10-01T10:44:52.212006,
IT,Italy,AIFA,TRABECTEDINA TEVA,TRABECTEDIN,"""0.25 MG POLVERE PER CONCENTRATO PER SOLUZIONE PER INFUSIONE"" 1 FLACONCINO IN VETRO",,49829017,L01CX01,2026-01-01,2026-10-15,shortage,Problemi produttivi,Si rilascia autorizzazione allimportazione alle strutture sanitarie per analogo autorizzato allestero,2026-10-01T10:44:52.212027,107654
IT,Italy,AIFA,TRABECTEDINA TEVA,TRABECTEDIN,"""1 MG POLVERE PER CONCENTRATO PER SOLUZIONE PER INFUSIONE"" 1 FLACONCINO IN VETRO",,49829029,L01CX01,2026-10-13,,shortage - end date unknown,Problemi produttivi,Per trattamento alternativo si consiglia di rivolgersi allo specialista o al M.M.G,2026-10-01T10:44:52.212045,107662
IT,Italy,AIFA,TRALEUSIN,DANAPAROID SODICO,"""750 UNITA' ANTI-XA SOLUZIONE INIETTABILE"" 10 FIALE IN VETRO DA 0,6 ML",,45957014,B01AB09,2026-07-01,,shortage - end date unknown,Problemi produttivi,Si rilascia autorizzazione allimportazione alle strutture sanitarie per analogo autorizzato allestero,2026-10-01T10:44:52.212062,34339
IT,Italy,AIFA,TRAMADOLO ABC,TRAMADOLO CLORIDRATO,""" 100 MG/ML GOCCE ORALI, SOLUZIONE "" FLACONE DA 10 ML",,37941010,N02AX02,2025-12-15,,shortage - end date unknown,Problemi produttivi,Per trattamento alternativo si consiglia di rivolgersi allo specialista o al M.M.G,2026-10-01T10:44:52.212080,69183
IT,Italy,AIFA,TRAMADOLO EG,TRAMADOLO CLORIDRATO,"""100 MG/ML GOCCE ORALI SOLUZIONE"" FLACONE DA 10 ML",,35847019,N02AX02,2026-07-10,,shortage - end date unknown,Problemi produttivi,Per trattamento alternativo si consiglia di rivolgersi allo specialista o al M.M.G,2026-10-01T10:44:52.212103,69183
IT,Italy,AIFA,TRANDATE,LABETALOLO CLORIDRATO,"""100 MG COMPRESSE RIVESTITE CON FILM"" 30 COMPRESSE",,23578014,C07AG01,2026-08-28,2026-09-30,resolved,Elevata richiesta: distribuzione contingentata,"Si rilascia autorizzazione allimportazione alle strutture sanitarie per analogo autorizzato allestero, nel caso in cui le strutture interessate riscontrino discontinuità nella fornitura, a livello delle reti distributive cui hanno accesso",2026-10-01T10:44:52.212125,3476
IT,Italy,AIFA,TRANDOLAPRIL MYLAN GENERICS,TRANDOLAPRIL,"""2 MG CAPSULE RIGIDE"" 14 CAPSULE IN BLISTER PVC/PE/PVDC/AL",,38260105,C09AA10,2026-07-25,,shortage - end date unknown,Cessata commercializzazione definitiva,"Per trattamento alternativo si consiglia di rivolgersi allo specialista o al MMG. Sono autorizzati e commercializzati in Italia medicinali con medesimo principio attivo, forma farmaceutica, via di somministrazione, modalità di rilascio, dosaggio, e indicazioni terapeutiche ma classe di rimborsabilità differente",2026-10-01T10:44:52.212143,
IT,Italy,AIFA,TRANSACT LAT,FLURBIPROFENE,"""40 MG CEROTTI MEDICATI"" 10 CEROTTI",,28741015,M02AA19,2026-04-01,2026-12-31,shortage,Motivi commerciali,Per trattamento alternativo si consiglia di rivolgersi allo specialista o al M.M.G,2026-10-01T10:44:52.212167,
IT,Italy,AIFA,TRAVOPROST MYLAN,TRAVOPROST,"""40 MICROGRAMMI/ML COLLIRIO, SOLUZIONE"" 1 FLACONE IN PP DA 2, 5 ML CON CONTAGOCCE",,48106013,S01EE04,2026-09-15,,shortage - end date unknown,Problemi produttivi,Per trattamento alternativo si consiglia di rivolgersi allo specialista o al M.M.G,2026-10-01T10:44:52.212185,
IT,Italy,AIFA,TRAVOPROST TEVA,TRAVOPROST,"""40 MICROGRAMMI/ML COLLIRIO, SOLUZIONE"" 1 FLACONE IN PP DA 2,5 ML  CON CONTAGOCCE IN LDPE",,42251013,S01EE04,2026-05-12,,shortage - end date unknown,Problemi produttivi (carenza relativa solo al canale retail),Per trattamento alternativo si consiglia di rivolgersi allo specialista o al M.M.G,2026-10-01T10:44:52.212202,
IT,Italy,AIFA,TRAVOPROST ZENTIVA,TRAVOPROST,"""40 MICROGRAMMI/ML COLLIRIO, SOLUZIONE"" 1 FLACONE IN LDPE",,45143017,S01EE04,2023-12-15,,shortage - end date unknown,Problemi produttivi,Per trattamento alternativo si consiglia di rivolgersi allo specialista o al M.M.G,2026-10-01T10:44:52.212221,
IT,Italy,AIFA,TRAZYL,IBOPAMINA CLORIDRATO,"""2% COLLIRIO, POLVERE E SOLVENTE PER SOLUZIONE"" 1 FLACONCINO LIOFILIZZATO + 1 FLACONCINO SOLVENTE DA 5 ML",,32900021,S01FB03,2023-06-01,,shortage - end date unknown,Problemi produttivi,Si rilascia autorizzazione allimportazione alle strutture sanitarie per analogo autorizzato allestero,2026-10-01T10:44:52.212239,
IT,Italy,AIFA,TRENTAL,PENTOXIFILLINA,"""100 MG/5 ML SOLUZIONE PER INFUSIONE PER USO ENDOARTERIOSO E ENDOVENOSO"" 5 FIALE 5 ML",,22863031,C04AD03,2026-08-15,2027-01-01,shortage,Problemi regolatori:  ridotta disponibilità,Per trattamento alternativo si consiglia di rivolgersi allo specialista o al M.M.G,2026-10-01T10:44:52.212262,24414
IT,Italy,AIFA,TREXOTHER,METOTREXATO,"""2,5 MG COMPRESSE"" 30 COMPRESSE IN BLISTER PVC/AL DIVISIBILE PER DOSE UNITARIA",,45586183,L04AX03,2026-04-01,,shortage - end date unknown,Motivi commerciali,Per trattamento alternativo si consiglia di rivolgersi allo specialista o al M.M.G,2026-10-01T10:44:52.212282,
IT,Italy,AIFA,TRIACORT,TRIAMCINOLONE ACETONIDE,""" 40 MG /1 ML SOSPENSIONE INIETTABILE "" 3 FLACONCINI DA 1 ML",,33919010,H02AB08,2025-07-31,,shortage - end date unknown,Elevata richiesta/problemi produttivi,"Si rilascia autorizzazione allimportazione alle strutture sanitarie per analogo autorizzato allestero, nel caso in cui le strutture interessate riscontrino discontinuità nella fornitura, a livello delle reti distributive cui hanno accesso",2026-10-01T10:44:52.212299,
IT,Italy,AIFA,TRIAMLO,AMLODIPINA + RAMIPRIL,""" 10MG + 5MG CAPSULE RIGIDE "" 28 CAPSULE IN BLISTER PA/AL/PVC/AL",,43405315,C09BB07,2026-11-27,,shortage - end date unknown,Cessata commercializzazione definitiva,Per trattamento alternativo si consiglia di rivolgersi allo specialista o al M.M.G,2026-10-01T10:44:52.212319,
IT,Italy,AIFA,TRIAMLO,AMLODIPINA + RAMIPRIL,""" 5MG + 5MG CAPSULE RIGIDE "" 28 CAPSULE IN BLISTER PA/AL/PVC/AL",,43405113,C09BB07,2026-09-15,,shortage - end date unknown,Cessata commercializzazione definitiva,Per trattamento alternativo si consiglia di rivolgersi allo specialista o al M.M.G,2026-10-01T10:44:52.212343,
IT,Italy,AIFA,TRIASPORIN,ITRACONAZOLO,10 mg/ml soluzione orale» 1 flacone in vetro da 150 ml con chiusura a  prova  di  bambino  e  con  bicchiere dosatore,,27814021,J02AC02,2024-09-30,,shortage - end date unknown,Cessata commercializzazione definitiva,Si rilascia autorizzazione allimportazione alle strutture sanitarie per analogo autorizzato allestero,2026-10-01T10:44:52.212362,48925
IT,Italy,AIFA,TRIASPORIN,ITRACONAZOLO,"""100 mg capsule rigide»  8  capsule  in blister pvc/pe/pvdc/al",,27814019,J02AC02,2025-03-14,,shortage - end date unknown,Problemi produttivi,Per trattamento alternativo si consiglia di rivolgersi allo specialista o al M.M.G,2026-10-01T10:44:52.212381,32336
IT,Italy,AIFA,TRIPT-OH,OXITRIPTANO,"""200 MG CAPSULE RIGIDE"" 20 CAPSULE",,24158040,N06AX01,2026-07-08,2026-10-30,shortage,Problemi produttivi (carenza relativa solo al canale retail),Per trattamento alternativo si consiglia di rivolgersi allo specialista o al M.M.G,2026-10-01T10:44:52.212403,
IT,Italy,AIFA,TRISCUDIL,ACIDI OMEGA 3 ESTERI ETILICI 90,"""1000 MG CAPSULE MOLLI"" 20 CAPSULE IN FLACONE HDPE",,40710016,C10AX06,2026-09-14,2026-10-15,shortage,Problemi regolatori,Per trattamento alternativo si consiglia di rivolgersi allo specialista o al M.M.G,2026-10-01T10:44:52.212425,70580
IT,Italy,AIFA,TRITTICO,TRAZODONE CLORIDRATO,"""150 MG COMPRESSE RIVESTITE CON FILM A RILASCIO PROLUNGATO-COMPRESSE CONTRAMID"" 14 COMPRESSE",,22323113,N06AX05,2026-03-15,2026-12-04,shortage,Problemi produttivi,Per trattamento alternativo si consiglia di rivolgersi allo specialista o al M.M.G,2026-10-01T10:44:52.212447,
IT,Italy,AIFA,TRITTICO,TRAZODONE CLORIDRATO,"""300 MG COMPRESSE RIVESTITE CON FILM A RILASCIO PROLUNGATO-COMPRESSE CONTRAMID"" 30 COMPRESSE",,22323190,N06AX05,2026-03-15,2026-12-04,shortage,Problemi produttivi,Per trattamento alternativo si consiglia di rivolgersi allo specialista o al M.M.G,2026-10-01T10:44:52.212468,
IT,Italy,AIFA,TRUVINUT,LIDOCAINA,"""700 MG CEROTTO MEDICATO"" 30 CEROTTI IN BUSTINA",,45701051,N01BB02,2025-06-15,,shortage - end date unknown,Sospensione commercializzazione,Per trattamento alternativo si consiglia di rivolgersi allo specialista o al M.M.G,2026-10-01T10:44:52.212485,115924
IT,Italy,AIFA,TRUXIMA,RITUXIMAB,500 MG - CONCENTRATO PER SOLUZIONE PER INFUSIONE - USO ENDOVENOSO - FLACONCINO (VETRO) - 50 ML (10 MG/ML) - 1 FLACONCINO,,45266018,L01FA01,2026-07-05,,shortage - end date unknown,Elevata richiesta (carenza relativa solo al canale ospedaliero),Per trattamento alternativo si consiglia di rivolgersi allo specialista o al MMG. Sono autorizzati e commercializzati in Italia medicinali biosimilari.,2026-10-01T10:44:52.212502,51012
IT,Italy,AIFA,TUSSELIM FLUIDIFICANTE  TOSSE,CARBOCISTEINA SALE DI LISINA,""" 2,7 G GRANULATO PER SOLUZIONE ORALE "" 30 BUSTINE",,37946011,R05CB03,2026-05-31,,shortage - end date unknown,Cessata commercializzazione temporanea,Per trattamento alternativo si consiglia di rivolgersi allo specialista o al M.M.G,2026-10-01T10:44:52.212519,
IT,Italy,AIFA,TWINRIX,ANTIGENE DI SUPERFICIE DELL'EPATITE B ADSORBITO SU ALLUMINIO IDROSSIDO IDRATO PRODOTTO SU CELLULE DI LIEVITO TRAMITE TECNOLOGIA RICOMBINNTE DEL DNA + VIRUS DELLEPATITE A (INATTIVATO) ADSORBITO SU ALLUMINIO IDROSSIDO IDRATO PRODOTTO SU CELLULE UMANE DIPLOIDI (MRC5),"PEDIATRICO SOSPENSIONE INIETTABILE 1 SIRINGA PRERIEMPITA + 2 AGHI SEPARATI 0,5 ML USO INTRAMUSCOLARE",,33014147,J07BC20,2027-09-01,,shortage - end date unknown,Cessata commercializzazione definitiva,Si rilascia autorizzazione allimportazione alle strutture sanitarie per analogo autorizzato allestero,2026-10-01T10:44:52.212536,48933
IT,Italy,AIFA,TYENNE,TOCILIZUMAB,"162 mg - Soluzione iniettabile - Uso sottocutaneo - Siringa preriempita (vetro) in penna pre-riempita 0,9 ml (180 mg/ml) - 4 penne preriempite",,50880119,L04AC07,2024-08-29,,shortage - end date unknown,Elevata richiesta,Rilasciata determinazione per limportazione al titolare A.I.C.,2026-10-01T10:44:52.212553,150703
IT,Italy,AIFA,TYENNE,TOCILIZUMAB,20 mg/ml - Concentrato per soluzione per infusione - Uso endovenoso - flaconcino (vetro) 10 ml - 1 flaconcino,,50880032,L04AC07,2026-08-31,,shortage - end date unknown,Problemi produttivi,"Si rilascia autorizzazione allimportazione alle strutture sanitarie per analogo autorizzato allestero, nel caso in cui le strutture interessate riscontrino discontinuità nella fornitura, a livello delle reti distributive cui hanno accesso",2026-10-01T10:44:52.212569,89001
IT,Italy,AIFA,TYENNE,TOCILIZUMAB,"162 mg - Soluzione iniettabile - Uso sottocutaneo - Siringa preriempita (vetro) 0,9 ml (180 mg/ml) - 4 siringhe preriempite",,50880083,L04AC07,2024-08-19,,shortage - end date unknown,Elevata richiesta,Rilasciata determinazione per limportazione al titolare A.I.C.,2026-10-01T10:44:52.212586,116475
IT,Italy,AIFA,TYENNE,TOCILIZUMAB,20 mg/ml - Concentrato per soluzione per infusione - Uso endovenoso - flaconcino (vetro) 20 ml - 1 flaconcino,,50880057,L04AC07,2026-05-08,,shortage - end date unknown,Problemi produttivi: ridotta disponibilità,Rilasciata determinazione per limportazione al titolare A.I.C.,2026-10-01T10:44:52.212603,89028
IT,Italy,AIFA,TYVERB,LAPATINIB,"""250 MG COMPRESSA RIVESTITA CON FILM - USO ORALE - FLACONE (HDPE)"" 84 COMPRESSE",,38633069,L01EH01,2026-11-15,,shortage - end date unknown,Problemi produttivi: ridotta disponibilità,"Per trattamento alternativo si consiglia di rivolgersi allo specialista o al MMG. Sono autorizzati e commercializzati in Italia medicinali con medesimo principio attivo, forma farmaceutica, via di somministrazione, modalità di rilascio, dosaggio, e indicazioni terapeutiche ma numero di unità posologiche e dosi unitarie differente",2026-10-01T10:44:52.212621,90018
IT,Italy,AIFA,UGUROL,ACIDO TRANEXAMICO,""" 500 MG/ 5 ML SOLUZIONE INIETTABILE,Per Uso Endovenoso, PER USO ORALE E LOCALE "" 6 FIALE",,21458031,B02AA02,2025-01-28,,shortage - end date unknown,Elevata richiesta/problemi produttivi: distribuzione contingentata,"Si rilascia autorizzazione allimportazione alle strutture sanitarie per analogo autorizzato allestero, nel caso in cui le strutture interessate riscontrino discontinuità nella fornitura, a livello delle reti distributive cui hanno accesso",2026-10-01T10:44:52.212642,1562
IT,Italy,AIFA,UMAN ALBUMIN,ALBUMINA UMANA,"""200 G/L SOLUZIONE PER INFUSIONE"" 1 FLACONE DA 100 ML",,21111101,B05AA01,2025-11-21,,shortage - end date unknown,Motivi commerciali,"Si rilascia autorizzazione allimportazione alle strutture sanitarie per analogo autorizzato allestero, nel caso in cui le strutture interessate riscontrino discontinuità nella fornitura, a livello delle reti distributive cui hanno accesso",2026-10-01T10:44:52.212660,24082
IT,Italy,AIFA,UMAN ALBUMIN,ALBUMINA UMANA,"""200 G/L SOLUZIONE PER INFUSIONE"" 1 FLACONE DA 50 ML",,21111024,B05AA01,2022-05-13,,shortage - end date unknown,Elevata richiesta: forniture discontinue,"Si rilascia autorizzazione allimportazione alle strutture sanitarie per analogo autorizzato allestero, nel caso in cui le strutture interessate riscontrino discontinuità nella fornitura, a livello delle reti distributive cui hanno accesso",2026-10-01T10:44:52.212677,69671
IT,Italy,AIFA,UMAN BIG,IMMUNOGLOBULINA UMANA ANTIEPATITE B,"""540 UI/3 MLSOLUZIONE INIETTABILE"" FLACONCINO 3 ML",,23782016,J06BB04,2028-04-28,,shortage - end date unknown,Cessata commercializzazione temporanea,Per trattamento alternativo si consiglia di rivolgersi allo specialista o al M.M.G,2026-10-01T10:44:52.212695,167185
IT,Italy,AIFA,UNICEXAL,CIPROFLOXACINA CLORIDRATO,""" 2MG/ML GOCCE AURICOLARI SOLUZIONE"" 15 FIALE IN LDPE",,40648014,S02AA15,2026-11-30,2026-12-18,shortage,Elevata richiesta,Per trattamento alternativo si consiglia di rivolgersi allo specialista o al M.M.G,2026-10-01T10:44:52.212717,
IT,Italy,AIFA,UNOPROST,TERAZOSINA CLORIDRATO,"""5 MG COMPRESSE"" 14 COMPRESSE DIVISIBILI",,28652028,G04CA03,2026-02-23,,shortage - end date unknown,Problemi produttivi,Per trattamento alternativo si consiglia di rivolgersi allo specialista o al M.M.G,2026-10-01T10:44:52.212735,36706
IT,Italy,AIFA,URAPIDIL KALCEKS,URAPIDIL,"""50 MG SOLUZIONE INIETTABILE PER INFUSIONE"" 5 FIALE IN VETRO DA 10 ML",,49322023,C02CA06,2026-08-01,,shortage - end date unknown,Problemi produttivi,Si rilascia autorizzazione allimportazione alle strutture sanitarie per analogo autorizzato allestero,2026-10-01T10:44:52.212753,211494
IT,Italy,AIFA,URBASON SOLUBILE,METILPREDNISOLONE IDROGENO SUCCINATO SODICO,"""250 MG/5 ML POLVERE E SOLVENTE PER SOLUZIONE INIETTABILE""1 FIALA POLVERE + 1 FIALA SOLVENTE 5 ML",,18259059,H02AB04,2024-11-25,,shortage - end date unknown,Problemi produttivi,Rilasciata determinazione per limportazione al titolare A.I.C.,2026-10-01T10:44:52.212771,
IT,Italy,AIFA,URBASON SOLUBILE,METILPREDNISOLONE IDROGENO SUCCINATO SODICO,"""20 MG/ML POLVERE E SOLVENTE PER SOLUZIONE INIETTABILE"" 3 FIALE POLVERE + 3 FIALE SOLVENTE 1 ML",,18259022,H02AB04,2024-11-29,,shortage - end date unknown,Problemi produttivi (carenza relativa solo al canale ospedaliero),Rilasciata determinazione per limportazione al titolare A.I.C.,2026-10-01T10:44:52.212788,
IT,Italy,AIFA,UROCHINASI EG,UROCHINASI,"""500.000 U.I./5 ML POLVERE E SOLVENTE PER SOLUZIONE INIETTABILE"" 1 FLACONE POLVERE + 1 FIALA SOLVENTE 5 ML",,26195127,B01AD04,2020-02-20,,shortage - end date unknown,Cessata commercializzazione temporanea,Si rilascia autorizzazione allimportazione alle strutture sanitarie per analogo autorizzato allestero,2026-10-01T10:44:52.212806,29173
IT,Italy,AIFA,UROCHINASI EG,UROCHINASI,"""1.000.000 U.I./5 ML POLVERE E SOLVENTE PER SOLUZIONE INIETTABILE"" 1 FLACONE POLVERE + 1 FIALA SOLVENTE 5 ML",,26195139,B01AD04,2020-01-20,,shortage - end date unknown,Cessata commercializzazione temporanea,Si rilascia autorizzazione allimportazione alle strutture sanitarie per analogo autorizzato allestero,2026-10-01T10:44:52.212823,
IT,Italy,AIFA,UROKINASI PFIZER,UROCHINASI,"""100.000 UI/2 ML POLVERE E SOLVENTE PER SOLUZIONE INIETTABILE"" 1 FLACONE DI POLVERE + 1 FIALA SOLVENTE DA 2 ML",,33556010,B01AD04,2026-07-31,,shortage - end date unknown,Cessata commercializzazione definitiva,Per trattamento alternativo si consiglia di rivolgersi allo specialista o al M.M.G,2026-10-01T10:44:52.212840,29157
IT,Italy,AIFA,UROMITEXAN,MESNA,"""400 MG/4 ML SOLUZIONE INIETTABILE PER USO ENDOVENOSO"" 15 FIALE DA 4 ML",,25312024,V03AF01,2025-12-24,,shortage - end date unknown,Problemi produttivi: distribuzione contingentata,"Si rilascia autorizzazione allimportazione alle strutture sanitarie per analogo autorizzato allestero, nel caso in cui le strutture interessate riscontrino discontinuità nella fornitura, a livello delle reti distributive cui hanno accesso",2026-10-01T10:44:52.212857,
IT,Italy,AIFA,URSACOL,ACIDO URSODESOSSICOLICO,"""50 MG COMPRESSE"" 40 COMPRESSE",,23630027,A05AA02,2020-08-10,,shortage - end date unknown,Cessata commercializzazione definitiva,Si rilascia autorizzazione allimportazione alle strutture sanitarie per analogo autorizzato allestero,2026-10-01T10:44:52.212876,
IT,Italy,AIFA,URSAFLOG COMOD,ACIDO SALICILICO,"""1 MG/ML COLLIRIO, SOLUZIONE"" 1 FLACONE LDPE CON POMPA AIRLESS DA 10 ML",,45444015,S01BC08,2026-02-28,2027-12-31,shortage,Cessata commercializzazione temporanea,Per trattamento alternativo si consiglia di rivolgersi allo specialista o al M.M.G,2026-10-01T10:44:52.212898,
IT,Italy,AIFA,URSILON,ACIDO URSODESOSSICOLICO,"""225 MG CAPSULE RIGIDE A RILASCIO PROLUNGATO"" 20 CAPSULE",,24173066,A05AA02,2024-08-05,,shortage - end date unknown,Problemi produttivi,Per trattamento alternativo si consiglia di rivolgersi allo specialista o al M.M.G,2026-10-01T10:44:52.212915,
IT,Italy,AIFA,URSILON,ACIDO URSODESOSSICOLICO,"""450 MG CAPSULE RIGIDE A RILASCIO PROLUNGATO"" 20 CAPSULE",,24173054,A05AA02,2024-08-05,,shortage - end date unknown,Problemi produttivi,Per trattamento alternativo si consiglia di rivolgersi allo specialista o al M.M.G,2026-10-01T10:44:52.212933,
IT,Italy,AIFA,URSOBIL,ACIDO URSODESOSSICOLICO ESTERE SOLFORICO SALE SODICO,"""31,7 MG/ML SCIROPPO"" FLACONE 200 ML",,24444111,A05AA02,2019-01-31,,shortage - end date unknown,Cessata commercializzazione definitiva,Si rilascia autorizzazione allimportazione alle strutture sanitarie per analogo autorizzato allestero,2026-10-01T10:44:52.212952,
IT,Italy,AIFA,VALGANCICLOVIR ACCORD,VALGANCICLOVIR + VALGANCICLOVIR CLORIDRATO,"""450 MG COMPRESSE RIVESTITE CON FILM"" 60 COMPRESSE IN BLISTER AL/AL",,44086015,J05AB14,2026-09-18,,shortage - end date unknown,Elevata richiesta,Per trattamento alternativo si consiglia di rivolgersi allo specialista o al M.M.G,2026-10-01T10:44:52.212970,60429
IT,Italy,AIFA,VALSARTAN E IDROCLOROTIAZIDE AUROBINDO,IDROCLOROTIAZIDE + VALSARTAN,""" 80MG/12,5 MG COMPRESSE RIVESTITE CON FILM "" 28 COMPRESSE IN BLISTER PVC/ACLAR/AL",,42278010,C09DA03,2026-08-27,,shortage - end date unknown,Problemi produttivi,Per trattamento alternativo si consiglia di rivolgersi allo specialista o al M.M.G,2026-10-01T10:44:52.212989,
IT,Italy,AIFA,VALSARTAN E IDROCLOROTIAZIDE HCS,IDROCLOROTIAZIDE + VALSARTAN,"""160 MG/12.5 MG COMPRESSE RIVESTITE CON FILM"" 28 COMPRESSE IN BLISTER PVC/PE/PVDC/AL",,41012143,C09DA03,2025-07-14,,shortage - end date unknown,Motivi commerciali,Per trattamento alternativo si consiglia di rivolgersi allo specialista o al M.M.G,2026-10-01T10:44:52.213006,
IT,Italy,AIFA,VALSARTAN E IDROCLOROTIAZIDE HCS,IDROCLOROTIAZIDE + VALSARTAN,"""320 MG/25 MG COMPRESSE RIVESTITE CON FILM"" 28 COMPRESSE IN BLISTER PVC/PE/PVDC/AL",,41012535,C09DA03,2026-04-24,,shortage - end date unknown,Motivi commerciali,Per trattamento alternativo si consiglia di rivolgersi allo specialista o al M.M.G,2026-10-01T10:44:52.213025,
IT,Italy,AIFA,VALSARTAN E IDROCLOROTIAZIDE HCS,IDROCLOROTIAZIDE + VALSARTAN,"""320 MG/12.5 MG COMPRESSE RIVESTITE CON FILM"" 28 COMPRESSE IN BLISTER PVC/PE/PVDC/AL",,41012396,C09DA03,2026-03-26,,shortage - end date unknown,Motivi commerciali,Per trattamento alternativo si consiglia di rivolgersi allo specialista o al M.M.G,2026-10-01T10:44:52.213042,
IT,Italy,AIFA,VALSARTAN E IDROCLOROTIAZIDE MYLAN,IDROCLOROTIAZIDE + VALSARTAN,"""80 MG/12,5 MG COMPRESSE RIVESTITE CON FILM"" 28 COMPRESSE IN BLISTER OPA/AL/PVC/AL",,41255011,C09DA03,2025-08-04,,shortage - end date unknown,Problemi produttivi,Per trattamento alternativo si consiglia di rivolgersi allo specialista o al M.M.G,2026-10-01T10:44:52.213059,
IT,Italy,AIFA,VALSARTAN E IDROCLOROTIAZIDE MYLAN,IDROCLOROTIAZIDE + VALSARTAN,"""320 MG/12,5 MG COMPRESSE RIVESTITE CON FILM"" 28 COMPRESSE IN BLISTER OPA/AL/PVC/AL",,41255062,C09DA03,2025-07-30,,shortage - end date unknown,Problemi produttivi,Per trattamento alternativo si consiglia di rivolgersi allo specialista o al M.M.G,2026-10-01T10:44:52.213083,
IT,Italy,AIFA,VALSARTAN E IDROCLOROTIAZIDE MYLAN,IDROCLOROTIAZIDE + VALSARTAN,"""160 MG/12,5 MG COMPRESSE RIVESTITE CON FILM"" 28 COMPRESSE IN BLISTER OPA/AL/PVC/AL",,41255023,C09DA03,2026-03-22,,shortage - end date unknown,Problemi produttivi,Per trattamento alternativo si consiglia di rivolgersi allo specialista o al M.M.G,2026-10-01T10:44:52.213100,
IT,Italy,AIFA,VALSARTAN E IDROCLOROTIAZIDE MYLAN,IDROCLOROTIAZIDE + VALSARTAN,"""160 MG/25 MG COMPRESSE RIVESTITE CON FILM"" 28 COMPRESSE IN BLISTER OPA/AL/PVC/AL",,41255035,C09DA03,2026-02-06,,shortage - end date unknown,Problemi produttivi,Per trattamento alternativo si consiglia di rivolgersi allo specialista o al M.M.G,2026-10-01T10:44:52.213117,
IT,Italy,AIFA,VALSARTAN E IDROCLOROTIAZIDE SANDOZ,IDROCLOROTIAZIDE + VALSARTAN,"""320 MG/25 MG COMPRESSE RIVESTITE CON FILM"" 28 COMPRESSE IN BLISTER PVC/PVDC",,40920151,C09DA03,2026-10-01,,shortage - end date unknown,Problemi produttivi: forniture discontinue,Per trattamento alternativo si consiglia di rivolgersi allo specialista o al M.M.G,2026-10-01T10:44:52.213134,85944
IT,Italy,AIFA,VALSARTAN MYLAN GENERICS ITALIA,VALSARTAN,"""160 MG CAPSULE"" 28 CAPSULE IN BLISTER PVC/PE/PVDC/AL",,40225068,C09CA03,2025-04-20,,shortage - end date unknown,Elevata richiesta,Per trattamento alternativo si consiglia di rivolgersi allo specialista o al M.M.G,2026-10-01T10:44:52.213150,
IT,Italy,AIFA,VALSARTAN MYLAN GENERICS ITALIA,VALSARTAN,"""80 MG CAPSULE"" 28 CAPSULE IN BLISTER PVC/PE/PVDC/AL",,40225043,C09CA03,2026-06-01,,shortage - end date unknown,Problemi produttivi,Per trattamento alternativo si consiglia di rivolgersi allo specialista o al M.M.G,2026-10-01T10:44:52.213167,61220
IT,Italy,AIFA,VALSARTAN PENSA,VALSARTAN,"""160 MG COMPRESSE RIVESTITE CON FILM"" 28 COMPRESSE IN BLISTER PVC/PE/PVDC/AL",,41849151,C09CA03,2026-07-01,2027-03-31,shortage,Elevata richiesta,Per trattamento alternativo si consiglia di rivolgersi allo specialista o al M.M.G,2026-10-01T10:44:52.213188,61239
IT,Italy,AIFA,VALSARTAN PENSA,VALSARTAN,"""80 MG COMPRESSE RIVESTITE CON FILM"" 28 COMPRESSE IN BLISTER PVC/PE/PVDC/AL",,41849098,C09CA03,2026-07-01,2026-12-31,shortage,Problemi produttivi,Per trattamento alternativo si consiglia di rivolgersi allo specialista o al M.M.G,2026-10-01T10:44:52.213209,61220
IT,Italy,AIFA,VALSARTAN ZENTIVA,VALSARTAN,"""320 MG COMPRESSE RIVESTITE CON FILM "" 28 COMPRESSE IN BLISTER PVC/PE/PVDC/AL",,40723189,C09CA03,2023-01-16,,shortage - end date unknown,Problemi produttivi: forniture discontinue,Per trattamento alternativo si consiglia di rivolgersi allo specialista o al M.M.G,2026-10-01T10:44:52.213226,82821
IT,Italy,AIFA,VALSARTAN ZENTIVA,VALSARTAN,"""80 MG COMPRESSE RIVESTITE CON FILM "" 28 COMPRESSE IN BLISTER PVC/PE/PVDC/AL",,40723076,C09CA03,2023-04-30,,shortage - end date unknown,Problemi produttivi,Per trattamento alternativo si consiglia di rivolgersi allo specialista o al M.M.G,2026-10-01T10:44:52.213242,61220
IT,Italy,AIFA,VALSARTAN ZENTIVA,VALSARTAN,"""40 MG COMPRESSE RIVESTITE CON FILM "" 14 COMPRESSE IN BLISTER PVC/PE/PVDC/AL",,40723013,C09CA03,2018-07-03,,shortage - end date unknown,Problemi produttivi: forniture discontinue,Per trattamento alternativo si consiglia di rivolgersi allo specialista o al M.M.G,2026-10-01T10:44:52.213259,79022
IT,Italy,AIFA,VALSARTAN ZENTIVA,VALSARTAN,"""160 MG COMPRESSE RIVESTITE CON FILM "" 28 COMPRESSE IN BLISTER PVC/PE/PVDC/AL",,40723126,C09CA03,2024-11-30,,shortage - end date unknown,Problemi produttivi,Per trattamento alternativo si consiglia di rivolgersi allo specialista o al M.M.G,2026-10-01T10:44:52.213276,61239
IT,Italy,AIFA,VANCOTEX,VANCOMICINA CLORIDRATO,"""500 MG POLVERE PER CONCENTRATO PER SOLUZIONE PER INFUSIONE ENDOVENOSA E PER USO ORALE"" 10 FLACONCINI IN VETRO",,34632036,J01XA01,2026-07-13,,shortage - end date unknown,Problemi produttivi: forniture discontinue,Per trattamento alternativo si consiglia di rivolgersi allo specialista o al M.M.G,2026-10-01T10:44:52.213292,23043
IT,Italy,AIFA,VARILRIX,VACCINO VARICELLA VIVO,"""POLVERE E SOLVENTE PER SOLUZIONE INIETTABILE»  1 FLACONCINO DI POLVERE (1 DOSE) + 1 SIRINGA PRERIEMPITA DI SOLVENTE DA 0,5 ML CON 2 AGHI SEPARATI",,28427019,J07BK01,2025-12-09,,shortage - end date unknown,Problemi produttivi,"Si rilascia autorizzazione allimportazione alle strutture sanitarie per analogo autorizzato allestero, nel caso in cui le strutture interessate riscontrino discontinuità nella fornitura, a livello delle reti distributive cui hanno accesso",2026-10-01T10:44:52.213309,82201
IT,Italy,AIFA,VASTICOR,PRAVASTATINA SODICA,""" 40 MG COMPRESSE ""  28 COMPRESSE",,38066041,C10AA03,2026-06-30,,shortage - end date unknown,Cessata commercializzazione definitiva,Per trattamento alternativo si consiglia di rivolgersi allo specialista o al M.M.G,2026-10-01T10:44:52.213326,
IT,Italy,AIFA,VAXIGRIP,Vaccino influenzale  split inattivati,"""Sospensione iniettabile in siringa preriempita» 10 siringhe da 0,5 mL in vetro con sistema luer lock con ago",,51670026,J07BB02,2026-08-07,,shortage - end date unknown,Problemi produttivi,"Si rilascia autorizzazione allimportazione alle strutture sanitarie per analogo autorizzato allestero, nel caso in cui le strutture interessate riscontrino discontinuità nella fornitura, a livello delle reti distributive cui hanno accesso",2026-10-01T10:44:52.213343,229253
IT,Italy,AIFA,VAXIGRIP,Vaccino influenzale  split inattivati,"""Sospensione iniettabile in siringa preriempita»  1 siringa da 0,5 mL in vetro con sistema luer lock con ago",,51670014,J07BB02,2026-08-07,,shortage - end date unknown,Problemi produttivi,"Si rilascia autorizzazione allimportazione alle strutture sanitarie per analogo autorizzato allestero, nel caso in cui le strutture interessate riscontrino discontinuità nella fornitura, a livello delle reti distributive cui hanno accesso",2026-10-01T10:44:52.213359,229253
IT,Italy,AIFA,VECLAM,CLARITROMICINA,"""125 mg/5 ml granulato  per  sospensione  orale»  1 flacone in HDPE da 100 ml con cucchiaio dosatore o siringa dosatrice",,27529041,J01FA09,2026-09-02,,shortage - end date unknown,Problemi regolatori,Per trattamento alternativo si consiglia di rivolgersi allo specialista o al M.M.G,2026-10-01T10:44:52.213376,38431
IT,Italy,AIFA,VECLAM,CLARITROMICINA LATTOBIONATO,"""500 mg/10 ml polvere e  solvente  per  concentrato per soluzione per infusione» 1 flaconcino di vetro con  polvere  +  1 fiala di vetro con solvente 10 ml",,27529039,J01FA09,2026-09-21,,shortage - end date unknown,Problemi produttivi,Per trattamento alternativo si consiglia di rivolgersi allo specialista o al M.M.G,2026-10-01T10:44:52.213393,
IT,Italy,AIFA,VEGZELMA,BEVACIZUMAB,25 mg / ml - Concentrato per soluzione per infusione - Uso endovenoso - Flaconcino (vetro) 16 ml - 1 flaconcino,,50290028,L01FG01,2026-05-01,,shortage - end date unknown,Elevata richiesta,Si rilascia autorizzazione allimportazione alle strutture sanitarie per analogo autorizzato allestero,2026-10-01T10:44:52.213409,76929
IT,Italy,AIFA,VELBE,VINBLASTINA SOLFATO,"""10  MG  POLVERE  PER  SOLUZIONE  PER INFUSIONE"" 1 FLACONCINO 10 MG",,20430029,L01CA01,2026-07-03,,shortage - end date unknown,Problemi produttivi: distribuzione contingentata,Si rilascia autorizzazione allimportazione alle strutture sanitarie per analogo autorizzato allestero,2026-10-01T10:44:52.213426,
IT,Italy,AIFA,VELLOFENT,FENTANIL CITRATO,"""533 MICROGRAMMI COMPRESSE SUBLINGUALI"" 4 COMPRESSE IN BLISTER PA/AL/PVC/AL",,42415341,N02AB03,2026-10-31,,shortage - end date unknown,Cessata commercializzazione definitiva,Per trattamento alternativo si consiglia di rivolgersi allo specialista o al M.M.G,2026-10-01T10:44:52.213443,
IT,Italy,AIFA,VELLOFENT,FENTANIL CITRATO,"""400 MICROGRAMMI COMPRESSE SUBLINGUALI"" 4 COMPRESSE IN BLISTER PA/AL/PVC/AL",,42415265,N02AB03,2026-03-31,,shortage - end date unknown,Cessata commercializzazione definitiva,Per trattamento alternativo si consiglia di rivolgersi allo specialista o al M.M.G,2026-10-01T10:44:52.213459,
IT,Italy,AIFA,VELLOFENT,FENTANIL CITRATO,"""67 MICROGRAMMI COMPRESSE SUBLINGUALI"" 4 COMPRESSE IN BLISTER PA/AL/PVC/AL",,42415024,N02AB03,2026-05-30,,shortage - end date unknown,Cessata commercializzazione definitiva,Per trattamento alternativo si consiglia di rivolgersi allo specialista o al M.M.G,2026-10-01T10:44:52.213475,
IT,Italy,AIFA,VELLOFENT,FENTANIL CITRATO,"""133 MICROGRAMMI COMPRESSE SUBLINGUALI"" 4 COMPRESSE IN BLISTER PA/AL/PVC/AL",,42415101,N02AB03,2026-03-31,,shortage - end date unknown,Cessata commercializzazione definitiva,Per trattamento alternativo si consiglia di rivolgersi allo specialista o al M.M.G,2026-10-01T10:44:52.213492,
IT,Italy,AIFA,VELLOFENT,FENTANIL CITRATO,"""267 MICROGRAMMI COMPRESSE SUBLINGUALI"" 4 COMPRESSE IN BLISTER PA/AL/PVC/AL",,42415188,N02AB03,2026-10-31,,shortage - end date unknown,Cessata commercializzazione definitiva,Per trattamento alternativo si consiglia di rivolgersi allo specialista o al M.M.G,2026-10-01T10:44:52.213508,
IT,Italy,AIFA,VELOS,METOTREXATO,"""10MG  SOLUZIONE INIETTABILE IN SIRINGA PRERIEMPITA"" 4 SIRINGHE PRERIEMPITE DA 10MG/0,40 ML CON TAMPONE IMBEVUTO CON ALCOL",,44253060,L04AX03,2026-09-10,2026-10-31,shortage,Elevata richiesta/problemi produttivi,Per trattamento alternativo si consiglia di rivolgersi allo specialista o al M.M.G,2026-10-01T10:44:52.213529,
IT,Italy,AIFA,VENBIG,IMMUNOGLOBULINA UMANA ANTIEPATITE B,""" 2500 UI/50 ML POLVERE E SOLVENTE PER SOLUZIONE PER INFUSIONE "" 1 FLACONCINO POLVERE + 1 FLACONCINO SOLVENTE DA 45 ML + SET INFUSIONALE",,26415051,J06BB04,2025-07-23,,shortage - end date unknown,Cessata commercializzazione temporanea,Rilasciata determinazione per limportazione al titolare A.I.C.,2026-10-01T10:44:52.213548,167185
IT,Italy,AIFA,VENBIG,IMMUNOGLOBULINA UMANA ANTIEPATITE B,"""500 U.I./10 ML POLVERE E SOLVENTE PER SOLUZIONE PER INFUSIONE""1 FLACONCINO POLVERE + 1 FLACONCINO SOLVENTE  10  ML+SET INFUSIONALE",,26415048,J06BB04,2025-07-23,,shortage - end date unknown,Cessata commercializzazione temporanea,Rilasciata determinazione per limportazione al titolare A.I.C.,2026-10-01T10:44:52.213571,167185
IT,Italy,AIFA,VENLAFAXINA EG STADA ITALIA,VENLAFAXINA CLORIDRATO,""" 37,5 MG CAPSULE RIGIDE A RILASCIO PROLUNGATO "" 28 CAPSULE IN BLISTER PVC/PVDC/AL",,44970109,N06AX16,2026-11-24,,shortage - end date unknown,Problemi produttivi,Per trattamento alternativo si consiglia di rivolgersi allo specialista o al M.M.G,2026-10-01T10:44:52.213593,79197
IT,Italy,AIFA,VENLAFAXINA EG STADA ITALIA,VENLAFAXINA CLORIDRATO,""" 225 MG CAPSULE RIGIDE A RILASCIO PROLUNGATO "" 14 CAPSULE IN BLISTER AL/PVC/PVDC",,44970440,N06AX16,2026-09-02,,shortage - end date unknown,Elevata richiesta,Per trattamento alternativo si consiglia di rivolgersi allo specialista o al M.M.G,2026-10-01T10:44:52.213612,142719
IT,Italy,AIFA,VENLAFAXINA MYLAN GENERICS,VENLAFAXINA,"""75 MG CAPSULE RIGIDE A RILASCIO PROLUNGATO"" 28 CAPSULE IN BLISTER PVC/PE/PVDC/AL",,38615062,N06AX16,2024-10-15,,shortage - end date unknown,Problemi produttivi: forniture discontinue,Per trattamento alternativo si consiglia di rivolgersi allo specialista o al M.M.G,2026-10-01T10:44:52.213633,47511
IT,Italy,AIFA,VENLAFAXINA MYLAN GENERICS,VENLAFAXINA,"""150 MG CAPSULE RIGIDE A RILASCIO PROLUNGATO"" 30 CAPSULE IN BLISTER PVC/PE/PVDC/AL",,38615213,N06AX16,2025-07-15,,shortage - end date unknown,Problemi produttivi: forniture discontinue,Per trattamento alternativo si consiglia di rivolgersi allo specialista o al M.M.G,2026-10-01T10:44:52.213653,47538
IT,Italy,AIFA,VENLAFAXINA MYLAN GENERICS,VENLAFAXINA,"""75 MG CAPSULE RIGIDE A RILASCIO PROLUNGATO"" 14 CAPSULE IN BLISTER PVC/PE/PVDC/AL",,38615035,N06AX16,2026-09-23,,shortage - end date unknown,Problemi produttivi,Per trattamento alternativo si consiglia di rivolgersi allo specialista o al M.M.G,2026-10-01T10:44:52.213673,47511
IT,Italy,AIFA,VENLAFAXINA ZENTIVA,VENLAFAXINA CLORIDRATO,"""37,5 MG CAPSULE RIGIDE A RILASCIO PROLUNGATO""  28 CAPSULE IN BLISTER PVC/AL",,37881024,N06AX16,2023-07-31,,shortage - end date unknown,Problemi produttivi,Per trattamento alternativo si consiglia di rivolgersi allo specialista o al M.M.G,2026-10-01T10:44:52.213691,79197
IT,Italy,AIFA,VENLAFAXINA ZENTIVA,VENLAFAXINA CLORIDRATO,"""75 MG CAPSULE RIGIDE A RILASCIO PROLUNGATO"" 14 CAPSULE IN BLISTER PVC/AL",,37881289,N06AX16,2023-11-20,,shortage - end date unknown,Problemi produttivi,Per trattamento alternativo si consiglia di rivolgersi allo specialista o al M.M.G,2026-10-01T10:44:52.213712,47511
IT,Italy,AIFA,VENLAFAXINA ZENTIVA,VENLAFAXINA CLORIDRATO,"""150 MG CAPSULE RIGIDE A RILASCIO PROLUNGATO""  30 CAPSULE IN BLISTER PVC/AL",,37881190,N06AX16,2025-08-13,,shortage - end date unknown,Elevata richiesta,Per trattamento alternativo si consiglia di rivolgersi allo specialista o al M.M.G,2026-10-01T10:44:52.213729,47538
IT,Italy,AIFA,VENLAFAXINA ZENTIVA,VENLAFAXINA CLORIDRATO,"""150 CAPSULE RIGIDE A RILASCIO PROLUNGATO"" 10 CAPSULE IN BLISTER PVC/AL",,37881277,N06AX16,2026-01-31,,shortage - end date unknown,Problemi produttivi,Per trattamento alternativo si consiglia di rivolgersi allo specialista o al M.M.G,2026-10-01T10:44:52.213745,47538
IT,Italy,AIFA,VENLAFAXINA ZENTIVA,VENLAFAXINA CLORIDRATO,"""75 MG CAPSULE RIGIDE A RILASCIO PROLUNGATO""  28 CAPSULE IN BLISTER PVC/AL",,37881101,N06AX16,2025-07-31,,shortage - end date unknown,Elevata richiesta,Per trattamento alternativo si consiglia di rivolgersi allo specialista o al M.M.G,2026-10-01T10:44:52.213762,47511
IT,Italy,AIFA,VENOSMINE,DIOSMINA,"""450 MG POLVERE PER SOSPENSIONE ORALE"" 20 BUSTINE",,24062085,C05CA03,2023-05-15,2026-06-30,resolved,Problemi produttivi,Per trattamento alternativo si consiglia di rivolgersi allo specialista o al M.M.G,2026-10-01T10:44:52.213782,
IT,Italy,AIFA,VENOSMINE,DIOSMINA,"""450 MG COMPRESSE"" 20 COMPRESSE",,24062073,C05CA03,2023-02-25,2026-06-30,resolved,Problemi produttivi,Per trattamento alternativo si consiglia di rivolgersi allo specialista o al M.M.G,2026-10-01T10:44:52.213805,
IT,Italy,AIFA,VENOSMINE,DIOSMINA,"""4% CREMA"" TUBO DA 40 G",,24062046,C05CA03,2023-05-15,2026-06-30,resolved,Problemi produttivi,Per trattamento alternativo si consiglia di rivolgersi allo specialista o al M.M.G,2026-10-01T10:44:52.213826,
IT,Italy,AIFA,VERAPAMIL EG,VERAPAMIL CLORIDRATO,"""240 MG COMPRESSE A RILASCIO MODIFICATO"", 30 COMPRESSE",,32100036,C08DA01,2026-11-01,,shortage - end date unknown,Cessata commercializzazione definitiva,Per trattamento alternativo si consiglia di rivolgersi allo specialista o al M.M.G,2026-10-01T10:44:52.213843,26832
IT,Italy,AIFA,VERDYE,VERDE INDOCIANINA,"""5mg/ml polvere per soluzione iniettabile"" 5 flaconcini di vetro da 50 mg",,36930028,,2023-07-05,,shortage - end date unknown,Cessata commercializzazione temporanea,Si rilascia autorizzazione allimportazione alle strutture sanitarie per analogo autorizzato allestero,2026-10-01T10:44:52.213860,
IT,Italy,AIFA,VERKAZIA,CICLOSPORINA,"1 MG/ML - COLLIRIO, EMULSIONE - USO OFTALMICO -  CONTENITORI MONODOSE (LDPE) 0,3 ML  - 120 CONTENITORI MONODOSE",,46918049,S01XA18,2026-06-11,2027-03-31,shortage,Problemi produttivi,Si rilascia autorizzazione allimportazione alle strutture sanitarie per analogo autorizzato allestero,2026-10-01T10:44:52.213881,
IT,Italy,AIFA,VFEND,VORICONAZOLO,40 MG/ML POLVERE PER SOSPENSIONE ORALE FLACONE 45 G 1 FLACONE,,35628268,J02AC03,2026-07-01,2026-11-30,shortage,Problemi produttivi,Si rilascia autorizzazione allimportazione alle strutture sanitarie per analogo autorizzato allestero,2026-10-01T10:44:52.213901,73288
IT,Italy,AIFA,VICTOZA,LIRAGLUTIDE,"""6 MG/ML-SOLUZIONE INIETTABILE IN PENNA PRERIEMPITA - USO SOTTOCUTANEO - CARTUCCIA(VETRO) IN PENNA PRERIEMPITA - 3ML"" 2 PENNE PRERIEMPITE",,39365010,A10BJ02,2026-06-30,,shortage - end date unknown,Cessata commercializzazione definitiva,Per trattamento alternativo si consiglia di rivolgersi allo specialista o al M.M.G,2026-10-01T10:44:52.213920,151203
IT,Italy,AIFA,VILDAGLIPTIN E METFORMINA ZENTIVA,METFORMINA + VILDAGLIPTIN,"""50 mg/850mg compresse rivestite con film"" 60 compresse in blister PVC/PE/PCTFE-AL",,49764107,A10BD08,2023-12-15,,shortage - end date unknown,Problemi produttivi,Per trattamento alternativo si consiglia di rivolgersi allo specialista o al M.M.G,2026-10-01T10:44:52.213940,85936
IT,Italy,AIFA,VILDAGLIPTIN E METFORMINA ZENTIVA,METFORMINA + VILDAGLIPTIN,"""50 mg/1000mg compresse rivestite con film"" 60 compresse in blister PVC/PE/PCTFE-AL",,49764246,A10BD08,2023-12-15,,shortage - end date unknown,Problemi produttivi,Per trattamento alternativo si consiglia di rivolgersi allo specialista o al M.M.G,2026-10-01T10:44:52.213959,85936
IT,Italy,AIFA,VILDAGLIPTIN SANDOZ,VILDAGLIPTIN,"""50 MG COMPRESSE RIVESTITE CON FILM"" 56 COMPRESSE IN BLISTER PA/AL/PVC/AL",,44763050,A10BH02,2026-04-20,,shortage - end date unknown,Problemi produttivi,Per trattamento alternativo si consiglia di rivolgersi allo specialista o al M.M.G,2026-10-01T10:44:52.213977,85936
IT,Italy,AIFA,VINCRISTINA PFIZER ITALIA,VINCRISTINA SOLFATO,"""1 MG/ ML SOLUZIONE INIETTABILE PER USO ENDOVENOSO"" 1 FLACONCINO DA 1 ML",,33329018,L01CA02,2026-06-19,,shortage - end date unknown,Problemi produttivi,Per trattamento alternativo si consiglia di rivolgersi allo specialista o al M.M.G,2026-10-01T10:44:52.213994,
IT,Italy,AIFA,VINORELBINA ACCORD,VINORELBINA,""" 10MG/ML CONCENTRATO PER SOLUZIONE PER INFUSIONE "" 1 FLACONCINO IN VETRO DA 5 ML",,45113026,L01CA04,2026-05-01,,shortage - end date unknown,Motivi commerciali,Per trattamento alternativo si consiglia di rivolgersi allo specialista o al M.M.G,2026-10-01T10:44:52.214011,
IT,Italy,AIFA,VIREAD,TENOFOVIR DISOPROXIL FUMARATO,"""204 MG - COMPRESSA RIVESTITA CON FILM - USO ORALE - FLACONE (HDPE)"" 30 COMPRESSE",,35565086,J05AF07,2026-07-30,,shortage - end date unknown,Cessata commercializzazione definitiva,Per trattamento alternativo si consiglia di rivolgersi allo specialista o al M.M.G,2026-10-01T10:44:52.214028,146625
IT,Italy,AIFA,VIREAD,TENOFOVIR DISOPROXIL FUMARATO,"""163 MG - COMPRESSA RIVESTITA CON FILM - USO ORALE - FLACONE (HDPE)"" 30 COMPRESSE",,35565062,J05AF07,2026-07-30,,shortage - end date unknown,Cessata commercializzazione definitiva,Per trattamento alternativo si consiglia di rivolgersi allo specialista o al M.M.G,2026-10-01T10:44:52.214044,146617
IT,Italy,AIFA,VIREAD,TENOFOVIR DISOPROXIL FUMARATO,"""123 MG - COMPRESSA RIVESTITA CON FILM - USO ORALE - FLACONE (HDPE)"" 30 COMPRESSE",,35565047,J05AF07,2026-07-30,,shortage - end date unknown,Cessata commercializzazione definitiva,Per trattamento alternativo si consiglia di rivolgersi allo specialista o al M.M.G,2026-10-01T10:44:52.214061,146609
IT,Italy,AIFA,VISIPAQUE,IODIXANOLO,"""320 MG I/ML SOLUZIONE INIETTABILE "" 1 FLACONE PP 200 ML",,29354180,V08AB09,2026-08-25,,shortage - end date unknown,Problemi produttivi: forniture discontinue,Per trattamento alternativo si consiglia di rivolgersi allo specialista o al M.M.G,2026-10-01T10:44:52.214078,
IT,Italy,AIFA,VISIPAQUE,IODIXANOLO,"""320 MG I/ML SOLUZIONE INIETTABILE "" 1 FLACONE PP 100 ML",,29354178,V08AB09,2026-03-16,,shortage - end date unknown,Problemi produttivi: forniture discontinue,Per trattamento alternativo si consiglia di rivolgersi allo specialista o al M.M.G,2026-10-01T10:44:52.214095,41645
IT,Italy,AIFA,VISIPAQUE,IODIXANOLO,"""320 MG I/ML SOLUZIONE INIETTABILE "" FLACONE POLIPROPILENE 50 ML",,29354228,V08AB09,2026-04-13,,shortage - end date unknown,Problemi produttivi: forniture discontinue,"Si rilascia autorizzazione allimportazione alle strutture sanitarie per analogo autorizzato allestero, nel caso in cui le strutture interessate riscontrino discontinuità nella fornitura, a livello delle reti distributive cui hanno accesso",2026-10-01T10:44:52.214111,41637
IT,Italy,AIFA,VISUCLOBEN,CLOBETASONE BUTIRRATO,"""1 MG/ML COLLIRIO, SOSPENSIONE"" 1 FLACONE DA 10 ML",,26591026,S01BA09,2023-02-16,,shortage - end date unknown,Problemi produttivi,Per trattamento alternativo si consiglia di rivolgersi allo specialista o al M.M.G,2026-10-01T10:44:52.214128,
IT,Italy,AIFA,VISUDYNE,VERTEPORFINA,15 MG POLVERE PER SOLUZIONE PER INFUSIONE ENDOVENOSA 1 FLACONCINO 10 ML USO EV,,34957011,S01LA01,2020-07-31,2026-12-31,shortage,Problemi produttivi: distribuzione contingentata,"Si rilascia autorizzazione allimportazione alle strutture sanitarie per analogo autorizzato allestero, nel caso in cui le strutture interessate riscontrino discontinuità nella fornitura, a livello delle reti distributive cui hanno accesso",2026-10-01T10:44:52.214149,58963
IT,Italy,AIFA,VISUGLICAN,CLORFENAMINA MALEATO + SODIO CROMOGLICATO,"""40 MG/ML + 2 MG/ML COLLIRIO, SOLUZIONE"" FLACONE 10 ML",,24851014,S01GX51,2024-09-01,,shortage - end date unknown,Problemi produttivi,Per trattamento alternativo si consiglia di rivolgersi allo specialista o al M.M.G,2026-10-01T10:44:52.214166,
IT,Italy,AIFA,VIVIDRIN,AZELASTINA CLORIDRATO,"""1 MG/ML SPRAY NASALE, SOLUZIONE"" 1 FLACONE HDPE DA 10 ML",,47698016,R01AC03,2027-01-01,,shortage - end date unknown,Cessata commercializzazione definitiva,Per trattamento alternativo si consiglia di rivolgersi allo specialista o al M.M.G,2026-10-01T10:44:52.214183,
IT,Italy,AIFA,VOKANAMET,CANAGLIFLOZIN + METFORMINA,150 MG/1000 MG - COMPRESSA RIVESTITA CON FILM - USO ORALE - FLACONE (HDPE) - 60 COMPRESSE,,43375118,A10BD16,2026-09-21,,shortage - end date unknown,Elevata richiesta: forniture discontinue,Per trattamento alternativo si consiglia di rivolgersi allo specialista o al M.M.G,2026-10-01T10:44:52.214199,
IT,Italy,AIFA,VOLTAREN OFTABAK,DICLOFENAC SODICO,"""1 MG/ML COLLIRIO, SOLUZIONE"" 1 FLACONE PE DA 10 ML CON CONTAGOCCE",,37696010,S01BC03,2025-10-07,2027-03-31,shortage,Cessata commercializzazione temporanea,Per trattamento alternativo si consiglia di rivolgersi allo specialista o al M.M.G,2026-10-01T10:44:52.214220,
IT,Italy,AIFA,VOLTFAST,DICLOFENAC POTASSICO,"""50 MG GRANULATO PER SOLUZIONE ORALE"" 30 BUSTINE",,28945032,M01AB05,2026-09-03,2026-10-05,shortage,Problemi produttivi,Per trattamento alternativo si consiglia di rivolgersi allo specialista o al M.M.G,2026-10-01T10:44:52.214241,
IT,Italy,AIFA,VORICONAZOLO ACCORD,VORICONAZOLO,50 MG - COMPRESSA RIVESTITA CON FILM - USO ORALE - BLISTER (PVC/ALLUMINIO) - 28X1 COMPRESSE (DOSE UNITARIA),,42809210,J02AC03,2025-10-27,,shortage - end date unknown,Motivi commerciali,"Si rilascia autorizzazione allimportazione alle strutture sanitarie per analogo autorizzato allestero, nel caso in cui le strutture interessate riscontrino discontinuità nella fornitura, a livello delle reti distributive cui hanno accesso",2026-10-01T10:44:52.214258,63592
IT,Italy,AIFA,VORICONAZOLO AUROBINDO,VORICONAZOLO,"""200 MG COMPRESSE RIVESTITE CON FILM"" 28 COMPRESSE IN BLISTER PVC-AL",,43930027,J02AC03,2026-10-09,,shortage - end date unknown,Elevata richiesta (carenza relativa solo al canale ospedaliero),Per trattamento alternativo si consiglia di rivolgersi allo specialista o al M.M.G,2026-10-01T10:44:52.214275,63614
IT,Italy,AIFA,VORICONAZOLO MYLAN,VORICONAZOLO,"""50 MG COMPRESSE RIVESTITE CON FILM"" 28 COMPRESSE IN BLISTER PVC/AL",,42626022,J02AC03,2026-07-25,,shortage - end date unknown,Problemi produttivi,"Si rilascia autorizzazione allimportazione alle strutture sanitarie per analogo autorizzato allestero, nel caso in cui le strutture interessate riscontrino discontinuità nella fornitura, a livello delle reti distributive cui hanno accesso",2026-10-01T10:44:52.214292,63592
IT,Italy,AIFA,VYDURA,RIMEGEPANT,75 mg - Liofilizzato orale - Uso orale - blister (PVC/OPA/alluminio) - 16 x 1 liofilizzati (dose unitaria),,50080035,N02CD06,2026-07-19,2026-09-30,resolved,Problemi produttivi,Rilasciata determinazione per limportazione al titolare A.I.C.,2026-10-01T10:44:52.214315,216887
IT,Italy,AIFA,WEGOVY,SEMAGLUTIDE,"0,5 mg - Soluzione iniettabile - Uso sottocutaneo - Cartuccia (vetro) in penna preriempita (FlexTouch) 1,5 ml (1,34 mg / ml) - 1 penna preriempita + 4 aghi",,49883073,A10BJ06,2026-05-11,,shortage - end date unknown,Cessata commercializzazione definitiva,"Per trattamento alternativo si consiglia di rivolgersi allo specialista o al MMG. Sono autorizzati e commercializzati in Italia medicinali con medesimo principio attivo, forma farmaceutica, via di somministrazione, modalità di rilascio, dosaggio, e indicazioni terapeutiche ma formato differente",2026-10-01T10:44:52.214332,
IT,Italy,AIFA,WROM,LEVOCARNITINA,"""2 G/10 ML SOLUZIONE ORALE"" 10 CONTENITORI MONODOSE IN PET/AL/PE",,43870029,A16AA01,2023-02-01,,shortage - end date unknown,Problemi produttivi,Per trattamento alternativo si consiglia di rivolgersi allo specialista o al M.M.G,2026-10-01T10:44:52.214348,
IT,Italy,AIFA,XARELTO,RIVAROXABAN,"1 MG / ML - GRANULI PER SOSPENSIONE ORALE - USO ORALE - FLACONE (VETRO) 5,25 G - 1 FLACONE + 2 SIRINGHE ORALI DA 5 ML + 2 SIRINGHE DA 10 ML + 1 SIRINGA DA 100 ML + 1 ADATTATORE PER IL FLACONE",,38744518,B01AF01,2026-09-01,2026-10-12,shortage,Elevata richiesta/problemi produttivi,Si rilascia autorizzazione allimportazione alle strutture sanitarie per analogo autorizzato allestero,2026-10-01T10:44:52.214372,209872
IT,Italy,AIFA,XENAZINA,TETRABENAZINA,"""25 MG COMPRESSE"" 112 COMPRESSE DIVISIBILI",,36688012,N07XX06,2024-08-19,,shortage - end date unknown,Elevata richiesta,Per trattamento alternativo si consiglia di rivolgersi allo specialista o al M.M.G,2026-10-01T10:44:52.214389,50725
IT,Italy,AIFA,XENETIX,IOBITRIDOLO,"""350 MG I/ML SOLUZIONE INIETTABILE"" 1 FLACONE 200 ML",,32830200,V08AB11,2023-04-12,2027-05-11,shortage,Elevata richiesta/problemi produttivi: forniture discontinue,"Si rilascia autorizzazione allimportazione alle strutture sanitarie per analogo autorizzato allestero, nel caso in cui le strutture interessate riscontrino discontinuità nella fornitura, a livello delle reti distributive cui hanno accesso",2026-10-01T10:44:52.214410,42684
IT,Italy,AIFA,XENETIX,IOBITRIDOLO,"""350 MG I/ML SOLUZIONE INIETTABILE"" 10 SACCHE IN POLIPROPILENE  500 ML",,32830364,V08AB11,2026-10-05,2027-12-27,shortage,"Elevata richiesta/problemi produttivi (carenza
 relativa solo al canale ospedaliero)","Si rilascia autorizzazione allimportazione alle strutture sanitarie per analogo autorizzato allestero, nel caso in cui le strutture interessate riscontrino discontinuità nella fornitura, a livello delle reti distributive cui hanno accesso",2026-10-01T10:44:52.214431,87440
IT,Italy,AIFA,XENETIX,IOBITRIDOLO,"""350 MG I/ML SOLUZIONE INIETTABILE"" 1 FLACONE 100 ML",,32830186,V08AB11,2024-12-04,2027-09-16,shortage,Elevata richiesta/problemi produttivi: forniture discontinue,"Si rilascia autorizzazione allimportazione alle strutture sanitarie per analogo autorizzato allestero, nel caso in cui le strutture interessate riscontrino discontinuità nella fornitura, a livello delle reti distributive cui hanno accesso",2026-10-01T10:44:52.214452,42676
IT,Italy,AIFA,XENETIX,IOBITRIDOLO,"""300 MG I/ML SOLUZIONE INIETTABILE"" 1 FLACONE 200 ML",,32830123,V08AB11,2024-12-03,2027-09-17,shortage,Elevata richiesta/problemi produttivi: forniture discontinue,"Si rilascia autorizzazione allimportazione alle strutture sanitarie per analogo autorizzato allestero, nel caso in cui le strutture interessate riscontrino discontinuità nella fornitura, a livello delle reti distributive cui hanno accesso",2026-10-01T10:44:52.214474,42641
IT,Italy,AIFA,XENETIX,IOBITRIDOLO,"""300 MG I/ML SOLUZIONE INIETTABILE"" 1 FLACONE 100 ML",,32830109,V08AB11,2024-12-04,2027-09-24,shortage,Elevata richiesta/problemi produttivi: forniture discontinue,"Si rilascia autorizzazione allimportazione alle strutture sanitarie per analogo autorizzato allestero, nel caso in cui le strutture interessate riscontrino discontinuità nella fornitura, a livello delle reti distributive cui hanno accesso",2026-10-01T10:44:52.214497,42609
IT,Italy,AIFA,XENETIX,IOBITRIDOLO,"""300 MG I/ML SOLUZIONE INIETTABILE"" 1 FLACONE 500 ML",,32830061,V08AB11,2024-07-23,2027-09-27,shortage,Elevata richiesta/problemi produttivi: forniture discontinue,"Si rilascia autorizzazione allimportazione alle strutture sanitarie per analogo autorizzato allestero, nel caso in cui le strutture interessate riscontrino discontinuità nella fornitura, a livello delle reti distributive cui hanno accesso",2026-10-01T10:44:52.214518,42633
IT,Italy,AIFA,XENETIX,IOBITRIDOLO,"""350 MG I/ML SOLUZIONE INIETTABILE"" 1 FLACONE 500 ML",,32830212,V08AB11,2026-08-14,2027-08-13,shortage,Elevata richiesta: forniture discontinue,Per trattamento alternativo si consiglia di rivolgersi allo specialista o al M.M.G,2026-10-01T10:44:52.214539,42692
IT,Italy,AIFA,XENPOZYME,OLIPUDASE ALFA,20 mg - polvere per concentrato per soluzione per infusione - uso endovenoso - flaconcino (vetro) - 1 flaconcino,,50121019,A16AB25,2026-07-10,,shortage - end date unknown,Problemi produttivi: distribuzione contingentata,"Si rilascia autorizzazione allimportazione alle strutture sanitarie per analogo autorizzato allestero, nel caso in cui le strutture interessate riscontrino discontinuità nella fornitura, a livello delle reti distributive cui hanno accesso",2026-10-01T10:44:52.214558,
IT,Italy,AIFA,XILOMETAZOLINA EG,XILOMETAZOLINA CLORIDRATO,"""1 MG/ML  SPRAY NASALE SOLUZIONE"" FLACONE IN PE DA 10 ML",,45094012,R01AA07,2026-04-01,,shortage - end date unknown,Problemi produttivi,Per trattamento alternativo si consiglia di rivolgersi allo specialista o al M.M.G,2026-10-01T10:44:52.214575,2038
IT,Italy,AIFA,XIMARACT,CEFUROXIMA,"""50 MG POLVERE PER SOLUZIONE INIETTABILE"" 1 FLACONCINO IN VETRO CON AGO STERILE",,44417044,S01AA27,2027-01-01,,shortage - end date unknown,Cessata commercializzazione definitiva,Per trattamento alternativo si consiglia di rivolgersi allo specialista o al M.M.G,2026-10-01T10:44:52.214592,
IT,Italy,AIFA,XINAMOD,ACIDO CLAVULANICO + AMOXICILLINA,""" 875 MG + 125 MG COMPRESSE RIVESTITE CON FILM "" 12 COMPRESSE",,36829024,J01CR02,2026-04-01,,shortage - end date unknown,Motivi commerciali,Per trattamento alternativo si consiglia di rivolgersi allo specialista o al M.M.G,2026-10-01T10:44:52.214609,
IT,Italy,AIFA,XOMOLIX,DROPERIDOLO,"""2,5 MG/ML SOLUZIONE INIETTABILE"" 10 FIALE IN VETRO DA 1 ML",,38169025,N05AD08,2026-10-29,,shortage - end date unknown,Cessata commercializzazione definitiva,Per trattamento alternativo si consiglia di rivolgersi allo specialista o al M.M.G,2026-10-01T10:44:52.214625,
IT,Italy,AIFA,XSYSTO,PIVMECILLINA CLORIDRATO,"""400 MG COMPRESSE RIVESTITE CON FILM"" 10 COMPRESSE IN BLISTER AL/PVC-AL",,42983015,J01CA08,2022-09-16,2027-10-31,shortage,Cessata commercializzazione temporanea,Per trattamento alternativo si consiglia di rivolgersi allo specialista o al M.M.G,2026-10-01T10:44:52.214646,
IT,Italy,AIFA,XYREM,SODIO OXIBATO,"""500 MG/ML SOLUZIONE ORALE""  1 FLACONE DA 180 ML CON MISURATORE GRADUATO DA 10 ML",,36964017,N07XX04,2026-05-11,,shortage - end date unknown,Cessata commercializzazione definitiva,Per trattamento alternativo si consiglia di rivolgersi allo specialista o al M.M.G,2026-10-01T10:44:52.214663,
IT,Italy,AIFA,YARGESA,MIGLUSTAT,100 MG - CAPSULA RIGIDA - USO ORALE - BLISTER (PVC/PCTFE/ALU) - 84 X 1 CAPSULE (DOSE UNITARIA),,45318019,A16AX06,2026-02-02,,shortage - end date unknown,Elevata richiesta/problemi produttivi,Rilasciata determinazione per limportazione al titolare A.I.C.,2026-10-01T10:44:52.214680,69620
IT,Italy,AIFA,YASNORO,DONEPEZIL CLORIDRATO,"""10 MG COMPRESSE ORODISPERSIBILI"" 28 COMPRESSE IN BLISTER OPA/AL/PVC/PET/AL",,41796121,N06DA02,2026-05-27,,shortage - end date unknown,Elevata richiesta,Per trattamento alternativo si consiglia di rivolgersi allo specialista o al M.M.G,2026-10-01T10:44:52.214697,106550
IT,Italy,AIFA,YENTREVE,DULOXETINA CLORIDRATO,56 CAPSULE DA 20 MG,,36581015,N06AX21,2025-09-30,,shortage - end date unknown,Cessata commercializzazione definitiva,Si rilascia autorizzazione allimportazione alle strutture sanitarie per analogo autorizzato allestero,2026-10-01T10:44:52.214714,
IT,Italy,AIFA,YENTREVE,DULOXETINA CLORIDRATO,28 CAPSULE DA 40 MG,,36581027,N06AX21,2025-08-30,,shortage - end date unknown,Cessata commercializzazione definitiva,Si rilascia autorizzazione allimportazione alle strutture sanitarie per analogo autorizzato allestero,2026-10-01T10:44:52.214731,
IT,Italy,AIFA,ZARZIO,FILGRASTIM,"30MU (60MU/ML) - SOLUZIONE INIETTABILE O PER INFUSIONE - USO SOTTOCUTANEO O ENDOVENOSO-SIRINGA PRERIEMPITA (VETRO) 0,5 ML; 1 SIRINGA PRERIEMPITA",,39125012,L03AA02,2026-07-30,,shortage - end date unknown,Problemi produttivi,"Si rilascia autorizzazione allimportazione alle strutture sanitarie per analogo autorizzato allestero, nel caso in cui le strutture interessate riscontrino discontinuità nella fornitura, a livello delle reti distributive cui hanno accesso",2026-10-01T10:44:52.214748,41831
IT,Italy,AIFA,ZAVEDOS,IDARUBICINA CLORIDRATO,"""25 MG CAPSULE RIGIDE"" FLACONE DA 1 CAPSULA",,27441056,L01DB06,2018-12-31,,shortage - end date unknown,Cessata commercializzazione definitiva,Si rilascia autorizzazione allimportazione alle strutture sanitarie per analogo autorizzato allestero,2026-10-01T10:44:52.214764,
IT,Italy,AIFA,ZAVEDOS,IDARUBICINA CLORIDRATO,"""10 MG/10 ML SOLUZIONE INIETTABILE PER USO ENDOVENOSO"" 1 FLACONCINO",,27441070,L01DB06,2026-10-20,,shortage - end date unknown,Problemi produttivi,Si rilascia autorizzazione allimportazione alle strutture sanitarie per analogo autorizzato allestero,2026-10-01T10:44:52.214781,
IT,Italy,AIFA,ZEFLAVON,DIOSMINA + ESPERIDINA,"""500 MG COMPRESSE RIVESTITE CON FILM"" 30 COMPRESSE IN BLISTER PVC/AL",,48922013,C05CA53,2026-04-30,,shortage - end date unknown,Problemi produttivi,Per trattamento alternativo si consiglia di rivolgersi allo specialista o al M.M.G,2026-10-01T10:44:52.214797,
IT,Italy,AIFA,ZEFLAVON,DIOSMINA + ESPERIDINA,"""500 MG COMPRESSE RIVESTITE CON FILM"" 60 COMPRESSE IN BLISTER PVC/AL",,48922025,C05CA53,2025-12-15,,shortage - end date unknown,Problemi produttivi,Per trattamento alternativo si consiglia di rivolgersi allo specialista o al M.M.G,2026-10-01T10:44:52.214814,
IT,Italy,AIFA,ZEFLAVON,DIOSMINA + ESPERIDINA,"""1000 MG COMPRESSE RIVESTITE CON FILM"" 30 COMPRESSE IN BLISTER PVC/AL",,48922076,C05CA53,2026-08-14,,shortage - end date unknown,Elevata richiesta,Per trattamento alternativo si consiglia di rivolgersi allo specialista o al M.M.G,2026-10-01T10:44:52.214831,
IT,Italy,AIFA,ZELITREX,VALACICLOVIR,"""1 G COMPRESSE RIVESTITE CON FILM"" 21 COMPRESSE",,29503024,J05AB11,2026-07-27,,shortage - end date unknown,Elevata richiesta: forniture discontinue,Per trattamento alternativo si consiglia di rivolgersi allo specialista o al M.M.G,2026-10-01T10:44:52.214847,97047
IT,Italy,AIFA,ZENTEL,ALBENDAZOLO,"""400 MG COMPRESSE"" 1 COMPRESSA IN BLISTER AL/PVDC/PVC",,27096066,P02CA03,2026-03-19,,shortage - end date unknown,"Ridotta disponibilità per forniture discontinue:
 distribuzione contingentata","Si rilascia autorizzazione allimportazione alle strutture sanitarie per analogo autorizzato allestero, nel caso in cui le strutture interessate riscontrino discontinuità nella fornitura, a livello delle reti distributive cui hanno accesso",2026-10-01T10:44:52.214864,35300
IT,Italy,AIFA,ZEPATIER,ELBASVIR + GRAZOPREVIR,50 MG/100 MG - COMPRESSA RIVESTITA CON FILM - USO ORALE - BLISTER (ALL/ALL) - 28 COMPRESSE,,44929014,J05AP54,2026-10-31,,shortage - end date unknown,Cessata commercializzazione definitiva,Per trattamento alternativo si consiglia di rivolgersi allo specialista o al M.M.G,2026-10-01T10:44:52.214881,137545
IT,Italy,AIFA,ZERINOFEBB,PARACETAMOLO + SOBREROLO,"""300 MG + 150 MG COMPRESSE""15 COMPRESSE",,22837088,N02BE51,2023-01-24,,shortage - end date unknown,Problemi produttivi,Per trattamento alternativo si consiglia di rivolgersi allo specialista o al M.M.G,2026-10-01T10:44:52.214898,
IT,Italy,AIFA,ZETOVAR,ATORVASTATINA + EZETIMIBE,10 MG/10 MG COMPRESSE RIVESTITE CON FILM 30 COMPRESSE IN BLISTER AL/AL,,50954027,C10BA05,2024-09-30,,shortage - end date unknown,Elevata richiesta,"Si rilascia autorizzazione allimportazione alle strutture sanitarie per analogo autorizzato allestero, nel caso in cui le strutture interessate riscontrino discontinuità nella fornitura, a livello delle reti distributive cui hanno accesso",2026-10-01T10:44:52.214915,70645
IT,Italy,AIFA,ZEVALIN,IBRITUMOMAB TIUXETANO,"1,6 MG/ML KIT PER PREPARAZIONE RADIOFARMACEUTICA PER INFUSIONE 1 FLACONCINO 2 ML USO ENDOVENOSO",,36311013,V10XX02,2020-06-01,,shortage - end date unknown,Problemi produttivi,Per trattamento alternativo si consiglia di rivolgersi allo specialista o al M.M.G,2026-10-01T10:44:52.214931,
IT,Italy,AIFA,ZIBENAK,COLECALCIFEROLO,"«25.000 U.I./2,5 ml soluzione  orale  in  flacone multidose con siringa dosatrice» 1  flacone  da  10  ml  con  siringa dosatrice",,43474081,A11CC05,2026-10-31,,shortage - end date unknown,Cessata commercializzazione temporanea,Per trattamento alternativo si consiglia di rivolgersi allo specialista o al M.M.G,2026-10-01T10:44:52.214948,211249
IT,Italy,AIFA,ZINCO OSSIDO NOVA ARGENTIA,OSSIDO DI ZINCO,"""10 % UNGUENTO"" TUBO 30 G",,30594016,,2026-11-30,,shortage - end date unknown,Problemi produttivi,Per trattamento alternativo si consiglia di rivolgersi allo specialista o al M.M.G,2026-10-01T10:44:52.214965,
IT,Italy,AIFA,ZINPLAVA,BEZLOTOXUMAB,25 MG/ML - CONCENTRATO PER SOLUZIONE PER INFUSIONE - USO ENDOVENOSO - FLACONCINO (VETRO) - 40 ML - 1 FLACONCINO,,45252018,J06BC03,2026-03-31,,shortage - end date unknown,Cessata commercializzazione definitiva,Si rilascia autorizzazione allimportazione alle strutture sanitarie per analogo autorizzato allestero,2026-10-01T10:44:52.214982,
IT,Italy,AIFA,ZIPRASIDONE SANDOZ,ZIPRASIDONE,"""60 MG CAPSULE RIGIDE"" 56 CAPSULE IN BLISTER AL/AL",,41339262,N05AE04,2026-09-14,,shortage - end date unknown,Problemi produttivi (carenza relativa solo al canale retail),Per trattamento alternativo si consiglia di rivolgersi allo specialista o al M.M.G,2026-10-01T10:44:52.214999,
IT,Italy,AIFA,ZOCOR,SIMVASTATINA,"""20 MG COMPRESSE RIVESTITE CON FILM"" 10 COMPRESSE",,27216023,C10AA01,2026-07-01,,shortage - end date unknown,Cessata commercializzazione definitiva,Per trattamento alternativo si consiglia di rivolgersi allo specialista o al M.M.G,2026-10-01T10:44:52.215015,67814
IT,Italy,AIFA,ZOFENOPRIL E IDROCLOROTIAZIDE MYLAN,IDROCLOROTIAZIDE + ZOFENOPRIL CALCIO,"""30MG/12,5MG COMPRESSE RIVESTITE CON FILM"" 28 COMPRESSE IN BLISTER PVC/PVDC/AL",,43624016,C09BA15,2026-09-02,,shortage - end date unknown,Problemi produttivi,Per trattamento alternativo si consiglia di rivolgersi allo specialista o al M.M.G,2026-10-01T10:44:52.215032,
IT,Italy,AIFA,ZOLMITRIPTAN AUROBINDO,ZOLMITRIPTAN,"""2,5 MG COMPRESSE RIVESTITE CON FILM"" 6 COMPRESSE IN BLISTER AL/AL",,39387028,N02CC03,2026-06-30,,shortage - end date unknown,Cessata commercializzazione definitiva,Per trattamento alternativo si consiglia di rivolgersi allo specialista o al M.M.G,2026-10-01T10:44:52.215048,47651
IT,Italy,AIFA,ZOLODER,FLUCONAZOLO,""" 150 MG CAPSULE RIGIDE "" 2 CAPSULE",,37662020,J02AC01,2026-06-30,,shortage - end date unknown,Cessata commercializzazione definitiva,Per trattamento alternativo si consiglia di rivolgersi allo specialista o al M.M.G,2026-10-01T10:44:52.215065,30384
IT,Italy,AIFA,ZOLODER,FLUCONAZOLO,""" 200 MG CAPSULE RIGIDE "" 7 CAPSULE",,37662032,J02AC01,2026-10-31,,shortage - end date unknown,Cessata commercializzazione definitiva,Per trattamento alternativo si consiglia di rivolgersi allo specialista o al M.M.G,2026-10-01T10:44:52.215082,33510
IT,Italy,AIFA,ZOLODER,FLUCONAZOLO,""" 100 MG CAPSULE RIGIDE "" 10 CAPSULE",,37662018,J02AC01,2028-01-31,,shortage - end date unknown,Cessata commercializzazione definitiva,Per trattamento alternativo si consiglia di rivolgersi allo specialista o al M.M.G,2026-10-01T10:44:52.215098,
IT,Italy,AIFA,ZOLPEDUAR,ZOLPIDEM TARTRATO,"""5 MG COMPRESSE SUBLINGUALI"" 30 COMPRESSE IN BLISTER AL/AL",,40540054,N05CF02,2026-06-20,2027-03-01,shortage,Problemi produttivi,Per trattamento alternativo si consiglia di rivolgersi allo specialista o al M.M.G,2026-10-01T10:44:52.215119,108898
IT,Italy,AIFA,ZOLPEDUAR,ZOLPIDEM TARTRATO,"""10 MG COMPRESSE SUBLINGUALI"" 30 COMPRESSE IN BLISTER AL/AL",,40540128,N05CF02,2026-01-28,2027-03-01,shortage,Elevata richiesta/problemi produttivi,Per trattamento alternativo si consiglia di rivolgersi allo specialista o al M.M.G,2026-10-01T10:44:52.215140,
IT,Italy,AIFA,ZOLPIDEM RATIOPHARM,ZOLPIDEM TARTRATO,"""10 MG COMPRESSE RIVESTITE CON FILM"" 20 COMPRESSE IN BLISTER AL/PVC/PVDC",,37681044,N05CF02,2026-08-12,2026-09-30,resolved,Problemi produttivi (carenza relativa solo al canale retail),"Per trattamento alternativo si consiglia di rivolgersi allo specialista o al MMG. Sono autorizzati e commercializzati in Italia medicinali con medesimo principio attivo, forma farmaceutica, via di somministrazione, modalità di rilascio, dosaggio, e indicazioni terapeutiche ma numero di unità posologiche differente.",2026-10-01T10:44:52.215161,195995
IT,Italy,AIFA,ZOLPIDEM RATIOPHARM,ZOLPIDEM TARTRATO,"""10 MG COMPRESSE RIVESTITE CON FILM"" 30 COMPRESSE IN BLISTER AL/PVC/PVDC",,37681069,N05CF02,2026-08-03,2026-09-30,resolved,Problemi produttivi (carenza relativa solo al canale retail),Per trattamento alternativo si consiglia di rivolgersi allo specialista o al M.M.G,2026-10-01T10:44:52.215182,195995
IT,Italy,AIFA,ZOLSKETIL PEGYLATED LIPOSOMAL,DOXORUBICINA CLORIDRATO,2 mg / ml - Concentrato per dispersione per infusione - Uso endovenoso - Flaconcino (vetro) 10 ml - 1 flaconcino,,50034014,L01DB01,2025-02-27,,shortage - end date unknown,Problemi produttivi,"Si rilascia autorizzazione allimportazione alle strutture sanitarie per analogo autorizzato allestero, nel caso in cui le strutture interessate riscontrino discontinuità nella fornitura, a livello delle reti distributive cui hanno accesso",2026-10-01T10:44:52.215199,121703
IT,Italy,AIFA,ZONEGRAN,ZONISAMIDE,50 MG CAPSULA RIGIDA USO ORALE BLISTER (PVC/ALL) 28 CAPSULE,,36959094,N03AX15,2026-02-06,2026-11-30,shortage,Elevata richiesta: distribuzione contingentata,Per trattamento alternativo si consiglia di rivolgersi allo specialista o al M.M.G,2026-10-01T10:44:52.215220,95303
IT,Italy,AIFA,ZONEGRAN,ZONISAMIDE,25 MG CAPSULA RIGIDA USO ORALE BLISTER (PVC/ALL) 14 CAPSULE,,36959017,N03AX15,2026-02-06,2026-11-30,shortage,Elevata richiesta: distribuzione contingentata,Per trattamento alternativo si consiglia di rivolgersi allo specialista o al M.M.G,2026-10-01T10:44:52.215241,95281
IT,Italy,AIFA,ZONEGRAN,ZONISAMIDE,100 MG CAPSULA RIGIDA USO ORALE BLISTER (PVC/ALL) 56 CAPSULE,,36959043,N03AX15,2026-02-06,2026-11-30,shortage,Elevata richiesta: distribuzione contingentata,Per trattamento alternativo si consiglia di rivolgersi allo specialista o al M.M.G,2026-10-01T10:44:52.215263,95311
IT,Italy,AIFA,ZUGLIMET,METFORMINA,"""850 MG COMPRESSE RIVESTITE CON FILM"" 40 COMPRESSE IN BLISTER PVC/AL",,38257085,A10BA02,2025-03-31,,shortage - end date unknown,Problemi produttivi,Per trattamento alternativo si consiglia di rivolgersi allo specialista o al M.M.G,2026-10-01T10:44:52.215280,5509
IT,Italy,AIFA,ZYDELIG,IDELALISIB,150 MG - COMPRESSA RIVESTITA CON FILM - USO ORALE - FLACONE (HDPE) - 1 FLACONE 60 COMPRESSE,,43620020,L01EM01,2027-02-28,,shortage - end date unknown,Cessata commercializzazione definitiva,Per trattamento alternativo si consiglia di rivolgersi allo specialista o al M.M.G,2026-10-01T10:44:52.215297,120111
IT,Italy,AIFA,ZYDELIG,IDELALISIB,100 MG - COMPRESSA RIVESTITA CON FILM - USO ORALE - FLACONE (HDPE) - 1 FLACONE 60 COMPRESSE,,43620018,L01EM01,2027-02-28,,shortage - end date unknown,Cessata commercializzazione definitiva,Per trattamento alternativo si consiglia di rivolgersi allo specialista o al M.M.G,2026-10-01T10:44:52.215313,120103
IT,Italy,AIFA,ZYPREXA,OLANZAPINA,10 MG POLVERE PER SOLUZIONE INIETTABILE 1 FLACONCINO USO INTRAMUSCOLARE,,33638204,N05AH03,2026-10-22,2026-12-16,shortage,Problemi produttivi: distribuzione contingentata,"Si rilascia autorizzazione allimportazione alle strutture sanitarie per analogo autorizzato allestero, nel caso in cui le strutture interessate riscontrino discontinuità nella fornitura, a livello delle reti distributive cui hanno accesso",2026-10-01T10:44:52.215334,71013
IT,Italy,AIFA,ZYVOXID,LINEZOLID,1 BLISTER DA 10 COMPRESSE RIVESTITE CON FILM DA 600 MG,,35410226,J01XX08,2026-06-30,2026-11-30,shortage,Problemi produttivi,Si rilascia autorizzazione allimportazione alle strutture sanitarie per analogo autorizzato allestero,2026-10-01T10:44:52.215355,60186
