country_code,country_name,source,medicine_name,active_substance,strength,package_size,product_no,atc_code,marketing_auth_holder,shortage_start,estimated_end,status,dosage_form,reason,last_updated,affected_establishments,affected_regions,source_url,scraped_at
PE,Peru,DIGEMID,"VACUNA CONTRA DIFTERIA, TETANOS Y TOS FERINA (DPT, TRIPLE) 10 DOSIS INYECTABLE","VACUNA CONTRA DIFTERIA, TETANOS Y TOS FERINA (DPT, TRIPLE)",10 DOSIS,,06435,,,,,shortage,INYECTABLE,,2026-08-31,4473,33,https://www.digemid.minsa.gob.pe/webDigemid/disponibilidad-de-productos-farmaceuticos/2026/disponibilidad-de-productos-farmaceuticos-agosto-2026/,2026-09-22T14:26:34.751997
PE,Peru,DIGEMID,VACUNA CONTRA LA INFLUENZA PEDIATRICO (ANTIGENO TIPO A (H1N1 + H3N2) + ANTIGENO TIPO B 90 ug/mL 20 DOSIS INYECTABLE,VACUNA CONTRA LA INFLUENZA PEDIATRICO (ANTIGENO TIPO A (H1N1 + H3N2) + ANTIGENO TIPO B 90 ug/mL 20 DOSIS,,,27904,,,,,shortage,INYECTABLE,,2026-08-31,2347,33,https://www.digemid.minsa.gob.pe/webDigemid/disponibilidad-de-productos-farmaceuticos/2026/disponibilidad-de-productos-farmaceuticos-agosto-2026/,2026-09-22T14:26:34.751997
PE,Peru,DIGEMID,VACUNA CONTRA LA INFLUENZA ESTACIONARIA - ADULTO 1 DOSIS (0.5 mL) INYECTABLE,VACUNA CONTRA LA INFLUENZA ESTACIONARIA - ADULTO,1 DOSIS (0.5 mL),,23875,,,,,shortage,INYECTABLE,,2026-08-31,1709,32,https://www.digemid.minsa.gob.pe/webDigemid/disponibilidad-de-productos-farmaceuticos/2026/disponibilidad-de-productos-farmaceuticos-agosto-2026/,2026-09-22T14:26:34.751997
PE,Peru,DIGEMID,"VACUNA ANTIPAROTIDITIS, RUBEOLA Y SARAMPION 700 DCI/0.5 mL 5 DOSIS INYECTABLE","VACUNA ANTIPAROTIDITIS, RUBEOLA Y SARAMPION",700 DCI/0.5 mL 5 DOSIS,,06442,,,,,shortage,INYECTABLE,,2026-08-31,1633,31,https://www.digemid.minsa.gob.pe/webDigemid/disponibilidad-de-productos-farmaceuticos/2026/disponibilidad-de-productos-farmaceuticos-agosto-2026/,2026-09-22T14:26:34.751997
PE,Peru,DIGEMID,"VACUNA CONTRA DIFTERIA, TETANOS Y TOS FERINA ACELULAR ADSORBIDA (DPTa) 2,5 Lf + 5 Lf + 8 µg 1 DOSIS INYECTABLE","VACUNA CONTRA DIFTERIA, TETANOS Y TOS FERINA ACELULAR ADSORBIDA (DPTa)","2,5 Lf + 5 Lf + 8 µg 1 DOSIS",,40754,,,,,shortage,INYECTABLE,,2026-08-31,1603,32,https://www.digemid.minsa.gob.pe/webDigemid/disponibilidad-de-productos-farmaceuticos/2026/disponibilidad-de-productos-farmaceuticos-agosto-2026/,2026-09-22T14:26:34.751997
PE,Peru,DIGEMID,VACUNA ANTINEUMOCOCICA CONJUGADA 13-VALENTE 1 DOSIS INYECTABLE,VACUNA ANTINEUMOCOCICA CONJUGADA,13-VALENTE 1 DOSIS,,30978,,,,,shortage,INYECTABLE,,2026-08-31,1489,31,https://www.digemid.minsa.gob.pe/webDigemid/disponibilidad-de-productos-farmaceuticos/2026/disponibilidad-de-productos-farmaceuticos-agosto-2026/,2026-09-22T14:26:34.751997
PE,Peru,DIGEMID,"DILUYENTE PARA VACUNA ANTIPAROTIDITIS, RUBEOLA Y SARAMPION (SPR) 5 DOSIS INYECTABLE","DILUYENTE PARA VACUNA ANTIPAROTIDITIS, RUBEOLA Y SARAMPION (SPR)",5 DOSIS,,22714,,,,,shortage,INYECTABLE,,2026-08-31,1467,29,https://www.digemid.minsa.gob.pe/webDigemid/disponibilidad-de-productos-farmaceuticos/2026/disponibilidad-de-productos-farmaceuticos-agosto-2026/,2026-09-22T14:26:34.751997
PE,Peru,DIGEMID,VACUNA CONTRA LA DIFTERIA Y TETANOS (DT ADULTO) 10 DOSIS INYECTABLE,VACUNA CONTRA LA DIFTERIA Y TETANOS (DT ADULTO),10 DOSIS,,06432,,,,,shortage,INYECTABLE,,2026-08-31,1436,33,https://www.digemid.minsa.gob.pe/webDigemid/disponibilidad-de-productos-farmaceuticos/2026/disponibilidad-de-productos-farmaceuticos-agosto-2026/,2026-09-22T14:26:34.751997
PE,Peru,DIGEMID,VACUNA ANTIPOLIOMIELITICA BIVALENTE TIPO 1 Y 3 20 DOSIS SUSPENSION,VACUNA ANTIPOLIOMIELITICA BIVALENTE TIPO,1 Y 3 20 DOSIS,,33219,,,,,shortage,SUSPENSION,,2026-08-31,1420,33,https://www.digemid.minsa.gob.pe/webDigemid/disponibilidad-de-productos-farmaceuticos/2026/disponibilidad-de-productos-farmaceuticos-agosto-2026/,2026-09-22T14:26:34.751997
PE,Peru,DIGEMID,"VACUNA RECOMBINANTE TETRAVALENTE CONTRA VIRUS DEL PAPILOMA HUMANO TIPO 6, 11, 16 Y 18 (VPH) 0.5 mL INYECTABLE",VACUNA RECOMBINANTE TETRAVALENTE CONTRA VIRUS DEL PAPILOMA HUMANO TIPO,"6, 11, 16 Y 18 (VPH) 0.5 mL",,18520,,,,,shortage,INYECTABLE,,2026-08-31,1128,32,https://www.digemid.minsa.gob.pe/webDigemid/disponibilidad-de-productos-farmaceuticos/2026/disponibilidad-de-productos-farmaceuticos-agosto-2026/,2026-09-22T14:26:34.751997
PE,Peru,DIGEMID,LEVONORGESTREL 1.5 mg TABLETA,LEVONORGESTREL,1.5 mg,,29945,,,,,shortage,TABLETA,,2026-08-31,941,31,https://www.digemid.minsa.gob.pe/webDigemid/disponibilidad-de-productos-farmaceuticos/2026/disponibilidad-de-productos-farmaceuticos-agosto-2026/,2026-09-22T14:26:34.751997
PE,Peru,DIGEMID,VACUNA CONTRA LA HEPATITIS B ADULTO 20 ug/mL 1 DOSIS INYECTABLE,VACUNA CONTRA LA HEPATITIS B ADULTO,20 ug/mL 1 DOSIS,,06387,,,,,shortage,INYECTABLE,,2026-08-31,897,33,https://www.digemid.minsa.gob.pe/webDigemid/disponibilidad-de-productos-farmaceuticos/2026/disponibilidad-de-productos-farmaceuticos-agosto-2026/,2026-09-22T14:26:34.751997
PE,Peru,DIGEMID,VACUNA ANTIAMARILICA 1000 DIT/0.5 mL 10 DOSIS INYECTABLE,VACUNA ANTIAMARILICA,1000 DIT/0.5 mL 10 DOSIS,,06377,,,,,shortage,INYECTABLE,,2026-08-31,877,31,https://www.digemid.minsa.gob.pe/webDigemid/disponibilidad-de-productos-farmaceuticos/2026/disponibilidad-de-productos-farmaceuticos-agosto-2026/,2026-09-22T14:26:34.751997
PE,Peru,DIGEMID,DILUYENTE PARA VACUNA ANTIAMARILICA (AMA) 10 DOSIS INYECTABLE,DILUYENTE PARA VACUNA ANTIAMARILICA (AMA),10 DOSIS,,29020,,,,,shortage,INYECTABLE,,2026-08-31,787,30,https://www.digemid.minsa.gob.pe/webDigemid/disponibilidad-de-productos-farmaceuticos/2026/disponibilidad-de-productos-farmaceuticos-agosto-2026/,2026-09-22T14:26:34.751997
PE,Peru,DIGEMID,VACUNA CONTRA LA HEPATITIS A 720 UI/0.5 mL 1 DOSIS INYECTABLE,VACUNA CONTRA LA HEPATITIS A,720 UI/0.5 mL 1 DOSIS,,06385,,,,,shortage,INYECTABLE,,2026-08-31,722,31,https://www.digemid.minsa.gob.pe/webDigemid/disponibilidad-de-productos-farmaceuticos/2026/disponibilidad-de-productos-farmaceuticos-agosto-2026/,2026-09-22T14:26:34.751997
PE,Peru,DIGEMID,AMPICILINA SODICA 1 g INYECTABLE,AMPICILINA SODICA,1 g,,00830,,,,,shortage,INYECTABLE,,2026-08-31,701,27,https://www.digemid.minsa.gob.pe/webDigemid/disponibilidad-de-productos-farmaceuticos/2026/disponibilidad-de-productos-farmaceuticos-agosto-2026/,2026-09-22T14:26:34.751997
PE,Peru,DIGEMID,CAPTOPRIL 25 mg TABLETA,CAPTOPRIL,25 mg,,01522,,,,,shortage,TABLETA,,2026-08-31,663,26,https://www.digemid.minsa.gob.pe/webDigemid/disponibilidad-de-productos-farmaceuticos/2026/disponibilidad-de-productos-farmaceuticos-agosto-2026/,2026-09-22T14:26:34.751997
PE,Peru,DIGEMID,VACUNA ANTIRRABICA HUMANA INACTIVADA (PREPARADO DE CULTIVO CELULAR WISTAR PM/W138) + DILUYENTE 2.5 UI 1 DOSIS INYECTABLE,VACUNA ANTIRRABICA HUMANA INACTIVADA (PREPARADO DE CULTIVO CELULAR WISTAR PM/W138) + DILUYENTE,2.5 UI 1 DOSIS,,24090,,,,,shortage,INYECTABLE,,2026-08-31,652,31,https://www.digemid.minsa.gob.pe/webDigemid/disponibilidad-de-productos-farmaceuticos/2026/disponibilidad-de-productos-farmaceuticos-agosto-2026/,2026-09-22T14:26:34.751997
PE,Peru,DIGEMID,"VACUNA ANTIPAROTIDITIS, RUBEOLA Y SARAMPION 700 DCI/0.5 mL 1 DOSIS INYECTABLE","VACUNA ANTIPAROTIDITIS, RUBEOLA Y SARAMPION",700 DCI/0.5 mL 1 DOSIS,,06437,,,,,shortage,INYECTABLE,,2026-08-31,646,31,https://www.digemid.minsa.gob.pe/webDigemid/disponibilidad-de-productos-farmaceuticos/2026/disponibilidad-de-productos-farmaceuticos-agosto-2026/,2026-09-22T14:26:34.751997
PE,Peru,DIGEMID,VACUNA CONTRA EL ROTAVIRUS PLV (SUSPENSION ORAL) 1 DOSIS SUSPENSION,VACUNA CONTRA EL ROTAVIRUS PLV,1 DOSIS,,18331,,,,,shortage,SUSPENSION,,2026-08-31,642,29,https://www.digemid.minsa.gob.pe/webDigemid/disponibilidad-de-productos-farmaceuticos/2026/disponibilidad-de-productos-farmaceuticos-agosto-2026/,2026-09-22T14:26:34.751997
PE,Peru,DIGEMID,RETINOL(COMO PALMITATO) 200000 UI TABLETA,RETINOL(COMO PALMITATO),200000 UI,,08153,,,,,shortage,TABLETA,,2026-08-31,639,29,https://www.digemid.minsa.gob.pe/webDigemid/disponibilidad-de-productos-farmaceuticos/2026/disponibilidad-de-productos-farmaceuticos-agosto-2026/,2026-09-22T14:26:34.751997
PE,Peru,DIGEMID,DILUYENTE PARA VACUNA ANTITUBERCULOSA (BCG) 10 DOSIS INYECTABLE,DILUYENTE PARA VACUNA ANTITUBERCULOSA (BCG),10 DOSIS,,13024,,,,,shortage,INYECTABLE,,2026-08-31,636,27,https://www.digemid.minsa.gob.pe/webDigemid/disponibilidad-de-productos-farmaceuticos/2026/disponibilidad-de-productos-farmaceuticos-agosto-2026/,2026-09-22T14:26:34.751997
PE,Peru,DIGEMID,ATROPINA SULFATO 1 mg/mL 1 mL INYECTABLE,ATROPINA SULFATO,1 mg/mL 1 mL,,00910,,,,,shortage,INYECTABLE,,2026-08-31,613,28,https://www.digemid.minsa.gob.pe/webDigemid/disponibilidad-de-productos-farmaceuticos/2026/disponibilidad-de-productos-farmaceuticos-agosto-2026/,2026-09-22T14:26:34.751997
PE,Peru,DIGEMID,EPINEFRINA (COMO CLORHIDRATO O TARTRATO) 1 mg/mL 1 mL INYECTABLE,EPINEFRINA (COMO CLORHIDRATO O TARTRATO),1 mg/mL 1 mL,,03097,,,,,shortage,INYECTABLE,,2026-08-31,606,31,https://www.digemid.minsa.gob.pe/webDigemid/disponibilidad-de-productos-farmaceuticos/2026/disponibilidad-de-productos-farmaceuticos-agosto-2026/,2026-09-22T14:26:34.751997
PE,Peru,DIGEMID,ESCOPOLAMINA N-BUTILBROMURO 20 mg/mL 1 mL INYECTABLE,ESCOPOLAMINA N-BUTILBROMURO,20 mg/mL 1 mL,,03213,,,,,shortage,INYECTABLE,,2026-08-31,597,31,https://www.digemid.minsa.gob.pe/webDigemid/disponibilidad-de-productos-farmaceuticos/2026/disponibilidad-de-productos-farmaceuticos-agosto-2026/,2026-09-22T14:26:34.751997
PE,Peru,DIGEMID,"DILUYENTE PARA VACUNA ANTIPAROTIDITIS, RUBEOLA Y SARAMPION (SPR) 1 DOSIS INYECTABLE","DILUYENTE PARA VACUNA ANTIPAROTIDITIS, RUBEOLA Y SARAMPION (SPR)",1 DOSIS,,25983,,,,,shortage,INYECTABLE,,2026-08-31,589,28,https://www.digemid.minsa.gob.pe/webDigemid/disponibilidad-de-productos-farmaceuticos/2026/disponibilidad-de-productos-farmaceuticos-agosto-2026/,2026-09-22T14:26:34.751997
PE,Peru,DIGEMID,ALUMINIO HIDROXIDO + MAGNESIO HIDROXIDO 400 + 400 mg/5 mL 150 mL SUSPENSION,ALUMINIO HIDROXIDO + MAGNESIO HIDROXIDO,400 + 400 mg/5 mL 150 mL,,18091,,,,,shortage,SUSPENSION,,2026-08-31,582,27,https://www.digemid.minsa.gob.pe/webDigemid/disponibilidad-de-productos-farmaceuticos/2026/disponibilidad-de-productos-farmaceuticos-agosto-2026/,2026-09-22T14:26:34.751997
PE,Peru,DIGEMID,ISONIAZIDA + RIFAMPICINA 75 mg + 150 mg TABLETA,ISONIAZIDA + RIFAMPICINA,75 mg + 150 mg,,28409,,,,,shortage,TABLETA,,2026-08-31,574,32,https://www.digemid.minsa.gob.pe/webDigemid/disponibilidad-de-productos-farmaceuticos/2026/disponibilidad-de-productos-farmaceuticos-agosto-2026/,2026-09-22T14:26:34.751997
PE,Peru,DIGEMID,VACUNA ANTIPOLIOMIELITICA 80 Lf/0.5 mL 1 DOSIS INYECTABLE,VACUNA ANTIPOLIOMIELITICA,80 Lf/0.5 mL 1 DOSIS,,06396,,,,,shortage,INYECTABLE,,2026-08-31,569,32,https://www.digemid.minsa.gob.pe/webDigemid/disponibilidad-de-productos-farmaceuticos/2026/disponibilidad-de-productos-farmaceuticos-agosto-2026/,2026-09-22T14:26:34.751997
PE,Peru,DIGEMID,ETAMBUTOL + ISONIAZIDA + PIRAZINAMIDA + RIFAMPICINA 275 mg + 75 mg + 400 mg + 150 mg TABLETA,ETAMBUTOL + ISONIAZIDA + PIRAZINAMIDA + RIFAMPICINA,275 mg + 75 mg + 400 mg + 150 mg,,28408,,,,,shortage,TABLETA,,2026-08-31,568,33,https://www.digemid.minsa.gob.pe/webDigemid/disponibilidad-de-productos-farmaceuticos/2026/disponibilidad-de-productos-farmaceuticos-agosto-2026/,2026-09-22T14:26:34.751997
PE,Peru,DIGEMID,VACUNA CONTRA LA HEPATITIS B PEDIATRICO 10 ug/0.5 mL 1 DOSIS INYECTABLE,VACUNA CONTRA LA HEPATITIS B PEDIATRICO,10 ug/0.5 mL 1 DOSIS,,06386,,,,,shortage,INYECTABLE,,2026-08-31,556,31,https://www.digemid.minsa.gob.pe/webDigemid/disponibilidad-de-productos-farmaceuticos/2026/disponibilidad-de-productos-farmaceuticos-agosto-2026/,2026-09-22T14:26:34.751997
PE,Peru,DIGEMID,TETRACICLINA CLORHIDRATO (UNGÜENTO OFTALMICO) 1 g/100 g (1 %) 6 g UNGÜENTO,TETRACICLINA CLORHIDRATO,1 g/100 g (1 %) 6 g,,06111,,,,,shortage,UNGUENTO,,2026-08-31,556,30,https://www.digemid.minsa.gob.pe/webDigemid/disponibilidad-de-productos-farmaceuticos/2026/disponibilidad-de-productos-farmaceuticos-agosto-2026/,2026-09-22T14:26:34.751997
PE,Peru,DIGEMID,HIERRO POLIMALTOSA 50 mg/mL 20 mL SOLUCION,HIERRO POLIMALTOSA,50 mg/mL 20 mL,,28551,,,,,shortage,SOLUCION,,2026-08-31,550,22,https://www.digemid.minsa.gob.pe/webDigemid/disponibilidad-de-productos-farmaceuticos/2026/disponibilidad-de-productos-farmaceuticos-agosto-2026/,2026-09-22T14:26:34.751997
PE,Peru,DIGEMID,RETINOL (COMO PALMITATO) 100000 UI TABLETA,RETINOL (COMO PALMITATO),100000 UI,,18132,,,,,shortage,TABLETA,,2026-08-31,537,31,https://www.digemid.minsa.gob.pe/webDigemid/disponibilidad-de-productos-farmaceuticos/2026/disponibilidad-de-productos-farmaceuticos-agosto-2026/,2026-09-22T14:26:34.751997
PE,Peru,DIGEMID,VACUNA ANTIVARICELA 1350 UFP/0.5 mL 0.7 mL INYECTABLE,VACUNA ANTIVARICELA,1350 UFP/0.5 mL 0.7 mL,,32251,,,,,shortage,INYECTABLE,,2026-08-31,526,31,https://www.digemid.minsa.gob.pe/webDigemid/disponibilidad-de-productos-farmaceuticos/2026/disponibilidad-de-productos-farmaceuticos-agosto-2026/,2026-09-22T14:26:34.751997
PE,Peru,DIGEMID,FERROSO SULFATO 25 mg de Fe/mL 30 mL SOLUCION,FERROSO SULFATO,25 mg de Fe/mL 30 mL,,03536,,,,,shortage,SOLUCION,,2026-08-31,502,28,https://www.digemid.minsa.gob.pe/webDigemid/disponibilidad-de-productos-farmaceuticos/2026/disponibilidad-de-productos-farmaceuticos-agosto-2026/,2026-09-22T14:26:34.751997
PE,Peru,DIGEMID,DILUYENTE PARA VACUNA ANTIVARICELA 1350 UFP/0.5 mL INY 0.7 mL INYECTABLE,DILUYENTE PARA VACUNA ANTIVARICELA,1350 UFP/0.5 mL INY 0.7 mL,,38353,,,,,shortage,INYECTABLE,,2026-08-31,499,31,https://www.digemid.minsa.gob.pe/webDigemid/disponibilidad-de-productos-farmaceuticos/2026/disponibilidad-de-productos-farmaceuticos-agosto-2026/,2026-09-22T14:26:34.751997
PE,Peru,DIGEMID,"VACUNA CONTRA DIFTERIA, TETANOS Y TOS FERINA ACELULAR ADSORBIDA (DPTa) 2 Lf + 5 Lf + 2.5 ug 1 DOSIS INYECTABLE","VACUNA CONTRA DIFTERIA, TETANOS Y TOS FERINA ACELULAR ADSORBIDA (DPTa)",2 Lf + 5 Lf + 2.5 ug 1 DOSIS,,56023,,,,,shortage,INYECTABLE,,2026-08-31,489,29,https://www.digemid.minsa.gob.pe/webDigemid/disponibilidad-de-productos-farmaceuticos/2026/disponibilidad-de-productos-farmaceuticos-agosto-2026/,2026-09-22T14:26:34.751997
PE,Peru,DIGEMID,DEXTROSA 5 g/100 mL (5 %) 1 L INYECTABLE,DEXTROSA,5 g/100 mL (5 %) 1 L,,03789,,,,,shortage,INYECTABLE,,2026-08-31,474,31,https://www.digemid.minsa.gob.pe/webDigemid/disponibilidad-de-productos-farmaceuticos/2026/disponibilidad-de-productos-farmaceuticos-agosto-2026/,2026-09-22T14:26:34.751997
PE,Peru,DIGEMID,ATROPINA SULFATO 500 µg/mL (0.5 mg/mL) 1 mL INYECTABLE,ATROPINA SULFATO,500 µg/mL (0.5 mg/mL) 1 mL,,00909,,,,,shortage,INYECTABLE,,2026-08-31,469,26,https://www.digemid.minsa.gob.pe/webDigemid/disponibilidad-de-productos-farmaceuticos/2026/disponibilidad-de-productos-farmaceuticos-agosto-2026/,2026-09-22T14:26:34.751997
PE,Peru,DIGEMID,FERROSO SULFATO 300 mg (Equiv. 60 mg Fe) TABLETA,FERROSO SULFATO,300 mg (Equiv. 60 mg Fe),,03552,,,,,shortage,TABLETA,,2026-08-31,450,28,https://www.digemid.minsa.gob.pe/webDigemid/disponibilidad-de-productos-farmaceuticos/2026/disponibilidad-de-productos-farmaceuticos-agosto-2026/,2026-09-22T14:26:34.751997
PE,Peru,DIGEMID,FUROSEMIDA 10 mg/mL 2 mL INYECTABLE,FUROSEMIDA,10 mg/mL 2 mL,,03710,,,,,shortage,INYECTABLE,,2026-08-31,448,29,https://www.digemid.minsa.gob.pe/webDigemid/disponibilidad-de-productos-farmaceuticos/2026/disponibilidad-de-productos-farmaceuticos-agosto-2026/,2026-09-22T14:26:34.751997
PE,Peru,DIGEMID,GENTAMICINA (COMO SULFATO) 40 mg/mL 2 mL INYECTABLE,GENTAMICINA (COMO SULFATO),40 mg/mL 2 mL,,03751,,,,,shortage,INYECTABLE,,2026-08-31,446,29,https://www.digemid.minsa.gob.pe/webDigemid/disponibilidad-de-productos-farmaceuticos/2026/disponibilidad-de-productos-farmaceuticos-agosto-2026/,2026-09-22T14:26:34.751997
PE,Peru,DIGEMID,"VACUNA DPT, HIB Y VHB (PENTAVALENTE) 1 DOSIS INYECTABLE","VACUNA DPT, HIB Y VHB (PENTAVALENTE)",1 DOSIS,,17734,,,,,shortage,INYECTABLE,,2026-08-31,445,31,https://www.digemid.minsa.gob.pe/webDigemid/disponibilidad-de-productos-farmaceuticos/2026/disponibilidad-de-productos-farmaceuticos-agosto-2026/,2026-09-22T14:26:34.751997
PE,Peru,DIGEMID,BENZATINA BENCILPENICILINA CON DILUYENTE 1200000 UI INYECTABLE,BENZATINA BENCILPENICILINA CON DILUYENTE,1200000 UI,,18153,,,,,shortage,INYECTABLE,,2026-08-31,439,22,https://www.digemid.minsa.gob.pe/webDigemid/disponibilidad-de-productos-farmaceuticos/2026/disponibilidad-de-productos-farmaceuticos-agosto-2026/,2026-09-22T14:26:34.751997
PE,Peru,DIGEMID,CEFTRIAXONA SODICA (COMO SAL SODICA) CON DILUYENTE 1 g INYECTABLE,CEFTRIAXONA SODICA (COMO SAL SODICA) CON DILUYENTE,1 g,,18158,,,,,shortage,INYECTABLE,,2026-08-31,428,28,https://www.digemid.minsa.gob.pe/webDigemid/disponibilidad-de-productos-farmaceuticos/2026/disponibilidad-de-productos-farmaceuticos-agosto-2026/,2026-09-22T14:26:34.751997
PE,Peru,DIGEMID,ISONIAZIDA 100 mg TABLETA,ISONIAZIDA,100 mg,,04168,,,,,shortage,TABLETA,,2026-08-31,427,32,https://www.digemid.minsa.gob.pe/webDigemid/disponibilidad-de-productos-farmaceuticos/2026/disponibilidad-de-productos-farmaceuticos-agosto-2026/,2026-09-22T14:26:34.751997
PE,Peru,DIGEMID,VACUNA ANTITUBERCULOSA (BCG) 20 DOSIS INYECTABLE,VACUNA ANTITUBERCULOSA (BCG),20 DOSIS,,54003,,,,,shortage,INYECTABLE,,2026-08-31,424,31,https://www.digemid.minsa.gob.pe/webDigemid/disponibilidad-de-productos-farmaceuticos/2026/disponibilidad-de-productos-farmaceuticos-agosto-2026/,2026-09-22T14:26:34.751997
PE,Peru,DIGEMID,GENTAMICINA (COMO SULFATO) 80 mg/mL 2 mL INYECTABLE,GENTAMICINA (COMO SULFATO),80 mg/mL 2 mL,,03747,,,,,shortage,INYECTABLE,,2026-08-31,420,29,https://www.digemid.minsa.gob.pe/webDigemid/disponibilidad-de-productos-farmaceuticos/2026/disponibilidad-de-productos-farmaceuticos-agosto-2026/,2026-09-22T14:26:34.751997
PE,Peru,DIGEMID,RIFAMPICINA 300 mg TABLETA,RIFAMPICINA,300 mg,,05688,,,,,shortage,TABLETA,,2026-08-31,412,31,https://www.digemid.minsa.gob.pe/webDigemid/disponibilidad-de-productos-farmaceuticos/2026/disponibilidad-de-productos-farmaceuticos-agosto-2026/,2026-09-22T14:26:34.751997
PE,Peru,DIGEMID,DICLOXACILINA (COMO SAL SODICA) 250 mg/5 mL 60 mL SUSPENSION,DICLOXACILINA (COMO SAL SODICA),250 mg/5 mL 60 mL,,02830,,,,,shortage,SUSPENSION,,2026-08-31,406,28,https://www.digemid.minsa.gob.pe/webDigemid/disponibilidad-de-productos-farmaceuticos/2026/disponibilidad-de-productos-farmaceuticos-agosto-2026/,2026-09-22T14:26:34.751997
PE,Peru,DIGEMID,PEROXIDO DE HIDROGENO (AGUA OXIGENADA 10 V) 3 % 1 L SOLUCION,PEROXIDO DE HIDROGENO (AGUA OXIGENADA 10 V),3 % 1 L,,16862,,,,,shortage,SOLUCION,,2026-08-31,405,28,https://www.digemid.minsa.gob.pe/webDigemid/disponibilidad-de-productos-farmaceuticos/2026/disponibilidad-de-productos-farmaceuticos-agosto-2026/,2026-09-22T14:26:34.751997
PE,Peru,DIGEMID,ALUMINIO HIDROXIDO + MAGNESIO HIDROXIDO 400 + 400 mg/5 mL 120 mL SUSPENSION,ALUMINIO HIDROXIDO + MAGNESIO HIDROXIDO,400 + 400 mg/5 mL 120 mL,,31976,,,,,shortage,SUSPENSION,,2026-08-31,402,20,https://www.digemid.minsa.gob.pe/webDigemid/disponibilidad-de-productos-farmaceuticos/2026/disponibilidad-de-productos-farmaceuticos-agosto-2026/,2026-09-22T14:26:34.751997
PE,Peru,DIGEMID,MEBENDAZOL 500 mg TABLETA,MEBENDAZOL,500 mg,,04586,,,,,shortage,TABLETA,,2026-08-31,400,24,https://www.digemid.minsa.gob.pe/webDigemid/disponibilidad-de-productos-farmaceuticos/2026/disponibilidad-de-productos-farmaceuticos-agosto-2026/,2026-09-22T14:26:34.751997
PE,Peru,DIGEMID,BENZATINA BENCILPENICILINA 1200000 UI INYECTABLE,BENZATINA BENCILPENICILINA,1200000 UI,,01043,,,,,shortage,INYECTABLE,,2026-08-31,396,28,https://www.digemid.minsa.gob.pe/webDigemid/disponibilidad-de-productos-farmaceuticos/2026/disponibilidad-de-productos-farmaceuticos-agosto-2026/,2026-09-22T14:26:34.751997
PE,Peru,DIGEMID,BENCILPENICILINA SODICA 1000000 UI INYECTABLE,BENCILPENICILINA SODICA,1000000 UI,,01032,,,,,shortage,INYECTABLE,,2026-08-31,389,26,https://www.digemid.minsa.gob.pe/webDigemid/disponibilidad-de-productos-farmaceuticos/2026/disponibilidad-de-productos-farmaceuticos-agosto-2026/,2026-09-22T14:26:34.751997
PE,Peru,DIGEMID,VACUNA ANTITUBERCULOSA (BCG) 3200000 U/0.1 mL 10 DOSIS INYECTABLE,VACUNA ANTITUBERCULOSA (BCG),3200000 U/0.1 mL 10 DOSIS,,06420,,,,,shortage,INYECTABLE,,2026-08-31,376,30,https://www.digemid.minsa.gob.pe/webDigemid/disponibilidad-de-productos-farmaceuticos/2026/disponibilidad-de-productos-farmaceuticos-agosto-2026/,2026-09-22T14:26:34.751997
PE,Peru,DIGEMID,MEBENDAZOL 100 mg TABLETA,MEBENDAZOL,100 mg,,04585,,,,,shortage,TABLETA,,2026-08-31,369,27,https://www.digemid.minsa.gob.pe/webDigemid/disponibilidad-de-productos-farmaceuticos/2026/disponibilidad-de-productos-farmaceuticos-agosto-2026/,2026-09-22T14:26:34.751997
PE,Peru,DIGEMID,BENCILPENICILINA PROCAINICA 1000000 UI INYECTABLE,BENCILPENICILINA PROCAINICA,1000000 UI,,01029,,,,,shortage,INYECTABLE,,2026-08-31,350,27,https://www.digemid.minsa.gob.pe/webDigemid/disponibilidad-de-productos-farmaceuticos/2026/disponibilidad-de-productos-farmaceuticos-agosto-2026/,2026-09-22T14:26:34.751997
PE,Peru,DIGEMID,VACUNA CONTRA EL SARAMPION Y LA RUBEOLA (SR) 10 DOSIS INYECTABLE,VACUNA CONTRA EL SARAMPION Y LA RUBEOLA (SR),10 DOSIS,,08187,,,,,shortage,INYECTABLE,,2026-08-31,350,15,https://www.digemid.minsa.gob.pe/webDigemid/disponibilidad-de-productos-farmaceuticos/2026/disponibilidad-de-productos-farmaceuticos-agosto-2026/,2026-09-22T14:26:34.751997
PE,Peru,DIGEMID,ETINILESTRADIOL + LEVONORGESTREL (BLISTER) 30 µg + 150 µg 21 tab + 7 tab SIN EFEC TABLETA,ETINILESTRADIOL + LEVONORGESTREL (BLISTER),30 µg + 150 µg 21 tab + 7 tab SIN EFEC,,18102,,,,,shortage,TABLETA,,2026-08-31,339,26,https://www.digemid.minsa.gob.pe/webDigemid/disponibilidad-de-productos-farmaceuticos/2026/disponibilidad-de-productos-farmaceuticos-agosto-2026/,2026-09-22T14:26:34.751997
PE,Peru,DIGEMID,FUROSEMIDA 40 mg TABLETA,FUROSEMIDA,40 mg,,03713,,,,,shortage,TABLETA,,2026-08-31,332,30,https://www.digemid.minsa.gob.pe/webDigemid/disponibilidad-de-productos-farmaceuticos/2026/disponibilidad-de-productos-farmaceuticos-agosto-2026/,2026-09-22T14:26:34.751997
PE,Peru,DIGEMID,RIFAPENTINA 150 mg TABLETA,RIFAPENTINA,150 mg,,05689,,,,,shortage,TABLETA,,2026-08-31,332,31,https://www.digemid.minsa.gob.pe/webDigemid/disponibilidad-de-productos-farmaceuticos/2026/disponibilidad-de-productos-farmaceuticos-agosto-2026/,2026-09-22T14:26:34.751997
PE,Peru,DIGEMID,BISMUTO SUBSALICILATO 87.33 mg/5 mL 150 mL SUSPENSION,BISMUTO SUBSALICILATO,87.33 mg/5 mL 150 mL,,01256,,,,,shortage,SUSPENSION,,2026-08-31,328,21,https://www.digemid.minsa.gob.pe/webDigemid/disponibilidad-de-productos-farmaceuticos/2026/disponibilidad-de-productos-farmaceuticos-agosto-2026/,2026-09-22T14:26:34.751997
PE,Peru,DIGEMID,ESTRADIOL CIPIONATO + MEDROXIPROGESTERONA ACETATO 5 mg + 25 mg/0.5 mL 0.5 mL INYECTABLE,ESTRADIOL CIPIONATO + MEDROXIPROGESTERONA ACETATO,5 mg + 25 mg/0.5 mL 0.5 mL,,03234,,,,,shortage,INYECTABLE,,2026-08-31,313,21,https://www.digemid.minsa.gob.pe/webDigemid/disponibilidad-de-productos-farmaceuticos/2026/disponibilidad-de-productos-farmaceuticos-agosto-2026/,2026-09-22T14:26:34.751997
PE,Peru,DIGEMID,VACUNA ANTIRRABICA HUMANA INACTIVADA (ANTIGENO PITMAN MOORE CEPA 3218-VERO) 2.5 UI 1 DOSIS INYECTABLE,VACUNA ANTIRRABICA HUMANA INACTIVADA (ANTIGENO PITMAN MOORE CEPA 3218-VERO),2.5 UI 1 DOSIS,,50814,,,,,shortage,INYECTABLE,,2026-08-31,306,27,https://www.digemid.minsa.gob.pe/webDigemid/disponibilidad-de-productos-farmaceuticos/2026/disponibilidad-de-productos-farmaceuticos-agosto-2026/,2026-09-22T14:26:34.751997
PE,Peru,DIGEMID,ETAMBUTOL CLORHIDRATO 400 mg TABLETA,ETAMBUTOL CLORHIDRATO,400 mg,,03302,,,,,shortage,TABLETA,,2026-08-31,305,31,https://www.digemid.minsa.gob.pe/webDigemid/disponibilidad-de-productos-farmaceuticos/2026/disponibilidad-de-productos-farmaceuticos-agosto-2026/,2026-09-22T14:26:34.751997
PE,Peru,DIGEMID,DIAZEPAM 10 mg TABLETA,DIAZEPAM,10 mg,,02754,,,,,shortage,TABLETA,,2026-08-31,300,26,https://www.digemid.minsa.gob.pe/webDigemid/disponibilidad-de-productos-farmaceuticos/2026/disponibilidad-de-productos-farmaceuticos-agosto-2026/,2026-09-22T14:26:34.751997
PE,Peru,DIGEMID,DILUYENTE PARA VACUNA CONTRA SARAMPION Y RUBEOLA (SR) 10 DOSIS INYECTABLE,DILUYENTE PARA VACUNA CONTRA SARAMPION Y RUBEOLA (SR),10 DOSIS,,13030,,,,,shortage,INYECTABLE,,2026-08-31,300,14,https://www.digemid.minsa.gob.pe/webDigemid/disponibilidad-de-productos-farmaceuticos/2026/disponibilidad-de-productos-farmaceuticos-agosto-2026/,2026-09-22T14:26:34.751997
PE,Peru,DIGEMID,AGUA PARA INYECCION 5 mL INYECTABLE,AGUA PARA INYECCION,5 mL,,08008,,,,,shortage,INYECTABLE,,2026-08-31,298,25,https://www.digemid.minsa.gob.pe/webDigemid/disponibilidad-de-productos-farmaceuticos/2026/disponibilidad-de-productos-farmaceuticos-agosto-2026/,2026-09-22T14:26:34.751997
PE,Peru,DIGEMID,AMOXICILINA 250 mg/5 mL 60 mL SUSPENSION,AMOXICILINA,250 mg/5 mL 60 mL,,00794,,,,,shortage,SUSPENSION,,2026-08-31,298,22,https://www.digemid.minsa.gob.pe/webDigemid/disponibilidad-de-productos-farmaceuticos/2026/disponibilidad-de-productos-farmaceuticos-agosto-2026/,2026-09-22T14:26:34.751997
PE,Peru,DIGEMID,SODIO CLORURO 900 mg/100 mL (0.9 %) 100 mL INYECTABLE,SODIO CLORURO,900 mg/100 mL (0.9 %) 100 mL,,05872,,,,,shortage,INYECTABLE,,2026-08-31,296,27,https://www.digemid.minsa.gob.pe/webDigemid/disponibilidad-de-productos-farmaceuticos/2026/disponibilidad-de-productos-farmaceuticos-agosto-2026/,2026-09-22T14:26:34.751997
PE,Peru,DIGEMID,BENZOATO DE BENCILO 25 g/100 mL (25 %) 120 mL LOCION,BENZOATO DE BENCILO,25 g/100 mL (25 %) 120 mL,,01053,,,,,shortage,LOCION,,2026-08-31,293,23,https://www.digemid.minsa.gob.pe/webDigemid/disponibilidad-de-productos-farmaceuticos/2026/disponibilidad-de-productos-farmaceuticos-agosto-2026/,2026-09-22T14:26:34.751997
PE,Peru,DIGEMID,LIDOCAINA CLORHIDRATO SIN PRESERVANTES 2 g/100 mL (2 %) 20 mL INYECTABLE,LIDOCAINA CLORHIDRATO SIN PRESERVANTES,2 g/100 mL (2 %) 20 mL,,04390,,,,,shortage,INYECTABLE,,2026-08-31,291,24,https://www.digemid.minsa.gob.pe/webDigemid/disponibilidad-de-productos-farmaceuticos/2026/disponibilidad-de-productos-farmaceuticos-agosto-2026/,2026-09-22T14:26:34.751997
PE,Peru,DIGEMID,AMOXICILINA 250 mg/5 mL 120 mL SUSPENSION,AMOXICILINA,250 mg/5 mL 120 mL,,00786,,,,,shortage,SUSPENSION,,2026-08-31,291,18,https://www.digemid.minsa.gob.pe/webDigemid/disponibilidad-de-productos-farmaceuticos/2026/disponibilidad-de-productos-farmaceuticos-agosto-2026/,2026-09-22T14:26:34.751997
PE,Peru,DIGEMID,DICLOFENACO (SOLUCION OFTALMICA) 1 mg/mL 5 mL SOLUCION,DICLOFENACO,1 mg/mL 5 mL,,02794,,,,,shortage,SOLUCION,,2026-08-31,288,20,https://www.digemid.minsa.gob.pe/webDigemid/disponibilidad-de-productos-farmaceuticos/2026/disponibilidad-de-productos-farmaceuticos-agosto-2026/,2026-09-22T14:26:34.751997
PE,Peru,DIGEMID,MISOPROSTOL 200 µg TABLETA,MISOPROSTOL,200 µg,,04847,,,,,shortage,TABLETA,,2026-08-31,288,22,https://www.digemid.minsa.gob.pe/webDigemid/disponibilidad-de-productos-farmaceuticos/2026/disponibilidad-de-productos-farmaceuticos-agosto-2026/,2026-09-22T14:26:34.751997
PE,Peru,DIGEMID,PIRAZINAMIDA 500 mg TABLETA,PIRAZINAMIDA,500 mg,,05475,,,,,shortage,TABLETA,,2026-08-31,288,31,https://www.digemid.minsa.gob.pe/webDigemid/disponibilidad-de-productos-farmaceuticos/2026/disponibilidad-de-productos-farmaceuticos-agosto-2026/,2026-09-22T14:26:34.751997
PE,Peru,DIGEMID,PERMETRINA 5 g/100 g (5 %) 60 g CREMA,PERMETRINA,5 g/100 g (5 %) 60 g,,05384,,,,,shortage,CREMA,,2026-08-31,288,21,https://www.digemid.minsa.gob.pe/webDigemid/disponibilidad-de-productos-farmaceuticos/2026/disponibilidad-de-productos-farmaceuticos-agosto-2026/,2026-09-22T14:26:34.751997
PE,Peru,DIGEMID,ORFENADRINA CITRATO(TABLETA LIBERACION MODIFICADA) 100 mg TABLETA,ORFENADRINA CITRATO,100 mg,,24760,,,,,shortage,TABLETA,,2026-08-31,283,23,https://www.digemid.minsa.gob.pe/webDigemid/disponibilidad-de-productos-farmaceuticos/2026/disponibilidad-de-productos-farmaceuticos-agosto-2026/,2026-09-22T14:26:34.751997
PE,Peru,DIGEMID,CLORFENAMINA MALEATO 4 mg TABLETA,CLORFENAMINA MALEATO,4 mg,,02149,,,,,shortage,TABLETA,,2026-08-31,283,20,https://www.digemid.minsa.gob.pe/webDigemid/disponibilidad-de-productos-farmaceuticos/2026/disponibilidad-de-productos-farmaceuticos-agosto-2026/,2026-09-22T14:26:34.751997
PE,Peru,DIGEMID,LACTULOSA 3.33 g/5 mL 180 mL SOLUCION,LACTULOSA,3.33 g/5 mL 180 mL,,04291,,,,,shortage,SOLUCION,,2026-08-31,281,26,https://www.digemid.minsa.gob.pe/webDigemid/disponibilidad-de-productos-farmaceuticos/2026/disponibilidad-de-productos-farmaceuticos-agosto-2026/,2026-09-22T14:26:34.751997
PE,Peru,DIGEMID,PARACETAMOL 120 mg/5 mL 120 mL JARABE,PARACETAMOL,120 mg/5 mL 120 mL,,05297,,,,,shortage,JARABE,,2026-08-31,279,20,https://www.digemid.minsa.gob.pe/webDigemid/disponibilidad-de-productos-farmaceuticos/2026/disponibilidad-de-productos-farmaceuticos-agosto-2026/,2026-09-22T14:26:34.751997
PE,Peru,DIGEMID,OMEPRAZOL (TABLETA DE LIBERACION MODIFICADA) 20 mg TABLETA,OMEPRAZOL,20 mg,,35040,,,,,shortage,TABLETA,,2026-08-31,278,24,https://www.digemid.minsa.gob.pe/webDigemid/disponibilidad-de-productos-farmaceuticos/2026/disponibilidad-de-productos-farmaceuticos-agosto-2026/,2026-09-22T14:26:34.751997
PE,Peru,DIGEMID,MUPIROCINA (COMO SAL CALCICA) 2 g/100 g (2 %) 15 g CREMA,MUPIROCINA (COMO SAL CALCICA),2 g/100 g (2 %) 15 g,,04922,,,,,shortage,CREMA,,2026-08-31,265,24,https://www.digemid.minsa.gob.pe/webDigemid/disponibilidad-de-productos-farmaceuticos/2026/disponibilidad-de-productos-farmaceuticos-agosto-2026/,2026-09-22T14:26:34.751997
PE,Peru,DIGEMID,PREDNISONA 5 mg/5 mL 120 mL JARABE,PREDNISONA,5 mg/5 mL 120 mL,,05586,,,,,shortage,JARABE,,2026-08-31,265,22,https://www.digemid.minsa.gob.pe/webDigemid/disponibilidad-de-productos-farmaceuticos/2026/disponibilidad-de-productos-farmaceuticos-agosto-2026/,2026-09-22T14:26:34.751997
PE,Peru,DIGEMID,SIMETICONA 80 mg/mL 15 mL SUSPENSION,SIMETICONA,80 mg/mL 15 mL,,02922,,,,,shortage,SUSPENSION,,2026-08-31,264,21,https://www.digemid.minsa.gob.pe/webDigemid/disponibilidad-de-productos-farmaceuticos/2026/disponibilidad-de-productos-farmaceuticos-agosto-2026/,2026-09-22T14:26:34.751997
PE,Peru,DIGEMID,ISONIAZIDA + RIFAPENTINA 300 mg + 300 mg - TABLETA,ISONIAZIDA + RIFAPENTINA,300 mg + 300 mg -,,54223,,,,,shortage,TABLETA,,2026-08-31,262,29,https://www.digemid.minsa.gob.pe/webDigemid/disponibilidad-de-productos-farmaceuticos/2026/disponibilidad-de-productos-farmaceuticos-agosto-2026/,2026-09-22T14:26:34.751997
PE,Peru,DIGEMID,SALES DE REHIDRATACION ORAL 20.5 g/L POLVO,SALES DE REHIDRATACION ORAL,20.5 g/L,,20036,,,,,shortage,POLVO,,2026-08-31,258,25,https://www.digemid.minsa.gob.pe/webDigemid/disponibilidad-de-productos-farmaceuticos/2026/disponibilidad-de-productos-farmaceuticos-agosto-2026/,2026-09-22T14:26:34.751997
PE,Peru,DIGEMID,ATORVASTATINA (COMO SAL CALCICA) 40 mg TABLETA,ATORVASTATINA (COMO SAL CALCICA),40 mg,,00904,,,,,shortage,TABLETA,,2026-08-31,257,25,https://www.digemid.minsa.gob.pe/webDigemid/disponibilidad-de-productos-farmaceuticos/2026/disponibilidad-de-productos-farmaceuticos-agosto-2026/,2026-09-22T14:26:34.751997
PE,Peru,DIGEMID,METOCLOPRAMIDA CLORHIDRATO 5 mg/mL 2 mL INYECTABLE,METOCLOPRAMIDA CLORHIDRATO,5 mg/mL 2 mL,,04743,,,,,shortage,INYECTABLE,,2026-08-31,256,27,https://www.digemid.minsa.gob.pe/webDigemid/disponibilidad-de-productos-farmaceuticos/2026/disponibilidad-de-productos-farmaceuticos-agosto-2026/,2026-09-22T14:26:34.751997
PE,Peru,DIGEMID,ERITROMICINA 250 mg/5 mL 60 mL SUSPENSION,ERITROMICINA,250 mg/5 mL 60 mL,,03182,,,,,shortage,SUSPENSION,,2026-08-31,255,27,https://www.digemid.minsa.gob.pe/webDigemid/disponibilidad-de-productos-farmaceuticos/2026/disponibilidad-de-productos-farmaceuticos-agosto-2026/,2026-09-22T14:26:34.751997
PE,Peru,DIGEMID,HIDROCORTISONA (COMO SUCCINATO SODICO) 100 mg INYECTABLE,HIDROCORTISONA (COMO SUCCINATO SODICO),100 mg,,26362,,,,,shortage,INYECTABLE,,2026-08-31,255,30,https://www.digemid.minsa.gob.pe/webDigemid/disponibilidad-de-productos-farmaceuticos/2026/disponibilidad-de-productos-farmaceuticos-agosto-2026/,2026-09-22T14:26:34.751997
PE,Peru,DIGEMID,ATORVASTATINA (COMO SAL CALCICA) 20 mg TABLETA,ATORVASTATINA (COMO SAL CALCICA),20 mg,,00903,,,,,shortage,TABLETA,,2026-08-31,255,24,https://www.digemid.minsa.gob.pe/webDigemid/disponibilidad-de-productos-farmaceuticos/2026/disponibilidad-de-productos-farmaceuticos-agosto-2026/,2026-09-22T14:26:34.751997
PE,Peru,DIGEMID,ALCOHOL ETILICO (ETANOL) 70° 1 L SOLUCION,ALCOHOL ETILICO (ETANOL),70° 1 L,,10221,,,,,shortage,SOLUCION,,2026-08-31,255,27,https://www.digemid.minsa.gob.pe/webDigemid/disponibilidad-de-productos-farmaceuticos/2026/disponibilidad-de-productos-farmaceuticos-agosto-2026/,2026-09-22T14:26:34.751997
PE,Peru,DIGEMID,DILUYENTE PARA VACUNA ANTIRRABICA HUMANA 1 DOSIS INYECTABLE,DILUYENTE PARA VACUNA ANTIRRABICA HUMANA,1 DOSIS,,51089,,,,,shortage,INYECTABLE,,2026-08-31,252,27,https://www.digemid.minsa.gob.pe/webDigemid/disponibilidad-de-productos-farmaceuticos/2026/disponibilidad-de-productos-farmaceuticos-agosto-2026/,2026-09-22T14:26:34.751997
PE,Peru,DIGEMID,ERGOMETRINA MALEATO 200 µg/mL (0.2 mg/mL) 1 mL INYECTABLE,ERGOMETRINA MALEATO,200 µg/mL (0.2 mg/mL) 1 mL,,03139,,,,,shortage,INYECTABLE,,2026-08-31,252,26,https://www.digemid.minsa.gob.pe/webDigemid/disponibilidad-de-productos-farmaceuticos/2026/disponibilidad-de-productos-farmaceuticos-agosto-2026/,2026-09-22T14:26:34.751997
PE,Peru,DIGEMID,ORFENADRINA CITRATO 100 mg TABLETA,ORFENADRINA CITRATO,100 mg,,05167,,,,,shortage,TABLETA,,2026-08-31,247,20,https://www.digemid.minsa.gob.pe/webDigemid/disponibilidad-de-productos-farmaceuticos/2026/disponibilidad-de-productos-farmaceuticos-agosto-2026/,2026-09-22T14:26:34.751997
PE,Peru,DIGEMID,LORATADINA 10 mg TABLETA,LORATADINA,10 mg,,04514,,,,,shortage,TABLETA,,2026-08-31,245,22,https://www.digemid.minsa.gob.pe/webDigemid/disponibilidad-de-productos-farmaceuticos/2026/disponibilidad-de-productos-farmaceuticos-agosto-2026/,2026-09-22T14:26:34.751997
PE,Peru,DIGEMID,AMIKACINA (COMO SULFATO) 250 mg/mL 2 mL INYECTABLE,AMIKACINA (COMO SULFATO),250 mg/mL 2 mL,,00627,,,,,shortage,INYECTABLE,,2026-08-31,241,26,https://www.digemid.minsa.gob.pe/webDigemid/disponibilidad-de-productos-farmaceuticos/2026/disponibilidad-de-productos-farmaceuticos-agosto-2026/,2026-09-22T14:26:34.751997
PE,Peru,DIGEMID,SALBUTAMOL (COMO SULFATO) 5 mg/mL 10 mL SOLUCION,SALBUTAMOL (COMO SULFATO),5 mg/mL 10 mL,,19723,,,,,shortage,SOLUCION,,2026-08-31,233,30,https://www.digemid.minsa.gob.pe/webDigemid/disponibilidad-de-productos-farmaceuticos/2026/disponibilidad-de-productos-farmaceuticos-agosto-2026/,2026-09-22T14:26:34.751997
PE,Peru,DIGEMID,VACUNA ANTIRRABICA DE USO VETERINARIO CULTIVO CELULAR 10 DOSIS INYECTABLE,VACUNA ANTIRRABICA DE USO VETERINARIO CULTIVO CELULAR,10 DOSIS,,30602,,,,,shortage,INYECTABLE,,2026-08-31,233,5,https://www.digemid.minsa.gob.pe/webDigemid/disponibilidad-de-productos-farmaceuticos/2026/disponibilidad-de-productos-farmaceuticos-agosto-2026/,2026-09-22T14:26:34.751997
PE,Peru,DIGEMID,DEXAMETASONA 500 µg (0.5 mg) TABLETA,DEXAMETASONA,500 µg (0.5 mg),,02654,,,,,shortage,TABLETA,,2026-08-31,230,23,https://www.digemid.minsa.gob.pe/webDigemid/disponibilidad-de-productos-farmaceuticos/2026/disponibilidad-de-productos-farmaceuticos-agosto-2026/,2026-09-22T14:26:34.751997
PE,Peru,DIGEMID,AMPICILINA (COMO SAL SODICA) CON DILUYENTE 1 g INYECTABLE,AMPICILINA (COMO SAL SODICA) CON DILUYENTE,1 g,,18155,,,,,shortage,INYECTABLE,,2026-08-31,229,20,https://www.digemid.minsa.gob.pe/webDigemid/disponibilidad-de-productos-farmaceuticos/2026/disponibilidad-de-productos-farmaceuticos-agosto-2026/,2026-09-22T14:26:34.751997
PE,Peru,DIGEMID,SULFADIAZINA DE PLATA 1 g/100 g 50 g CREMA,SULFADIAZINA DE PLATA,1 g/100 g 50 g,,05964,,,,,shortage,CREMA,,2026-08-31,229,24,https://www.digemid.minsa.gob.pe/webDigemid/disponibilidad-de-productos-farmaceuticos/2026/disponibilidad-de-productos-farmaceuticos-agosto-2026/,2026-09-22T14:26:34.751997
PE,Peru,DIGEMID,AMOXICILINA 125 mg/5 mL 60 mL SUSPENSION,AMOXICILINA,125 mg/5 mL 60 mL,,00783,,,,,shortage,SUSPENSION,,2026-08-31,227,18,https://www.digemid.minsa.gob.pe/webDigemid/disponibilidad-de-productos-farmaceuticos/2026/disponibilidad-de-productos-farmaceuticos-agosto-2026/,2026-09-22T14:26:34.751997
PE,Peru,DIGEMID,CARBONATO DE CALCIO 1.25 g (Equiv. a 500 mg de Calcio) TABLETA,CARBONATO DE CALCIO,1.25 g (Equiv. a 500 mg de Calcio),,20635,,,,,shortage,TABLETA,,2026-08-31,225,24,https://www.digemid.minsa.gob.pe/webDigemid/disponibilidad-de-productos-farmaceuticos/2026/disponibilidad-de-productos-farmaceuticos-agosto-2026/,2026-09-22T14:26:34.751997
PE,Peru,DIGEMID,NAPROXENO 500 mg TABLETA,NAPROXENO,500 mg,,04982,,,,,shortage,TABLETA,,2026-08-31,225,17,https://www.digemid.minsa.gob.pe/webDigemid/disponibilidad-de-productos-farmaceuticos/2026/disponibilidad-de-productos-farmaceuticos-agosto-2026/,2026-09-22T14:26:34.751997
PE,Peru,DIGEMID,DICLOXACILINA (COMO SAL SODICA) 250 mg/5 mL 120 mL SUSPENSION,DICLOXACILINA (COMO SAL SODICA),250 mg/5 mL 120 mL,,02826,,,,,shortage,SUSPENSION,,2026-08-31,224,27,https://www.digemid.minsa.gob.pe/webDigemid/disponibilidad-de-productos-farmaceuticos/2026/disponibilidad-de-productos-farmaceuticos-agosto-2026/,2026-09-22T14:26:34.751997
PE,Peru,DIGEMID,SODIO CLORURO 900 mg/100 mL (0.9%) 1 mL INYECTABLE,SODIO CLORURO,900 mg/100 mL (0.9%) 1 mL,,54004,,,,,shortage,INYECTABLE,,2026-08-31,221,24,https://www.digemid.minsa.gob.pe/webDigemid/disponibilidad-de-productos-farmaceuticos/2026/disponibilidad-de-productos-farmaceuticos-agosto-2026/,2026-09-22T14:26:34.751997
PE,Peru,DIGEMID,CLOROQUINA (Equivalente a 250 mg de CLOROQUINA FOSFATO) 150 mg TABLETA,CLOROQUINA (Equivalente a 250 mg de CLOROQUINA FOSFATO),150 mg,,02202,,,,,shortage,TABLETA,,2026-08-31,218,17,https://www.digemid.minsa.gob.pe/webDigemid/disponibilidad-de-productos-farmaceuticos/2026/disponibilidad-de-productos-farmaceuticos-agosto-2026/,2026-09-22T14:26:34.751997
PE,Peru,DIGEMID,LIDOCAINA CLORHIDRATO + EPINEFRINA 20 mg + 10 ug/mL 1.8 mL INYECTABLE,LIDOCAINA CLORHIDRATO + EPINEFRINA,20 mg + 10 ug/mL 1.8 mL,,04394,,,,,shortage,INYECTABLE,,2026-08-31,216,22,https://www.digemid.minsa.gob.pe/webDigemid/disponibilidad-de-productos-farmaceuticos/2026/disponibilidad-de-productos-farmaceuticos-agosto-2026/,2026-09-22T14:26:34.751997
PE,Peru,DIGEMID,CLOBETASOL PROPIONATO 50 mg/100 g (0.05 %) 25 g CREMA,CLOBETASOL PROPIONATO,50 mg/100 g (0.05 %) 25 g,,01973,,,,,shortage,CREMA,,2026-08-31,215,22,https://www.digemid.minsa.gob.pe/webDigemid/disponibilidad-de-productos-farmaceuticos/2026/disponibilidad-de-productos-farmaceuticos-agosto-2026/,2026-09-22T14:26:34.751997
PE,Peru,DIGEMID,ALCOHOL ETILICO (ETANOL) 70° 120 mL SOLUCION,ALCOHOL ETILICO (ETANOL),70° 120 mL,,10222,,,,,shortage,SOLUCION,,2026-08-31,214,20,https://www.digemid.minsa.gob.pe/webDigemid/disponibilidad-de-productos-farmaceuticos/2026/disponibilidad-de-productos-farmaceuticos-agosto-2026/,2026-09-22T14:26:34.751997
PE,Peru,DIGEMID,FLUCONAZOL 150 mg TABLETA,FLUCONAZOL,150 mg,,03595,,,,,shortage,TABLETA,,2026-08-31,214,25,https://www.digemid.minsa.gob.pe/webDigemid/disponibilidad-de-productos-farmaceuticos/2026/disponibilidad-de-productos-farmaceuticos-agosto-2026/,2026-09-22T14:26:34.751997
PE,Peru,DIGEMID,ORFENADRINA CITRATO 30 mg/mL 2 mL INYECTABLE,ORFENADRINA CITRATO,30 mg/mL 2 mL,,05166,,,,,shortage,INYECTABLE,,2026-08-31,214,26,https://www.digemid.minsa.gob.pe/webDigemid/disponibilidad-de-productos-farmaceuticos/2026/disponibilidad-de-productos-farmaceuticos-agosto-2026/,2026-09-22T14:26:34.751997
PE,Peru,DIGEMID,HIERRO POLIMALTOSA 50 mg/mL 30 mL SOLUCION,HIERRO POLIMALTOSA,50 mg/mL 30 mL,,03560,,,,,shortage,SOLUCION,,2026-08-31,213,26,https://www.digemid.minsa.gob.pe/webDigemid/disponibilidad-de-productos-farmaceuticos/2026/disponibilidad-de-productos-farmaceuticos-agosto-2026/,2026-09-22T14:26:34.751997
PE,Peru,DIGEMID,DIAZEPAM 5 mg/mL 2 mL INYECTABLE,DIAZEPAM,5 mg/mL 2 mL,,02752,,,,,shortage,INYECTABLE,,2026-08-31,211,27,https://www.digemid.minsa.gob.pe/webDigemid/disponibilidad-de-productos-farmaceuticos/2026/disponibilidad-de-productos-farmaceuticos-agosto-2026/,2026-09-22T14:26:34.751997
PE,Peru,DIGEMID,HIPROMELOSA(SOLUCION OFTALMICA) 3 mg/mL 15 mL SOLUCION,HIPROMELOSA,3 mg/mL 15 mL,,18879,,,,,shortage,SOLUCION,,2026-08-31,210,23,https://www.digemid.minsa.gob.pe/webDigemid/disponibilidad-de-productos-farmaceuticos/2026/disponibilidad-de-productos-farmaceuticos-agosto-2026/,2026-09-22T14:26:34.751997
PE,Peru,DIGEMID,NISTATINA (GOTAS) 100000 UI/mL 12 mL SUSPENSION,NISTATINA,100000 UI/mL 12 mL,,05063,,,,,shortage,SUSPENSION,,2026-08-31,209,22,https://www.digemid.minsa.gob.pe/webDigemid/disponibilidad-de-productos-farmaceuticos/2026/disponibilidad-de-productos-farmaceuticos-agosto-2026/,2026-09-22T14:26:34.751997
PE,Peru,DIGEMID,FURAZOLIDONA 50 mg/5 mL 120 mL SUSPENSION,FURAZOLIDONA,50 mg/5 mL 120 mL,,03703,,,,,shortage,SUSPENSION,,2026-08-31,204,23,https://www.digemid.minsa.gob.pe/webDigemid/disponibilidad-de-productos-farmaceuticos/2026/disponibilidad-de-productos-farmaceuticos-agosto-2026/,2026-09-22T14:26:34.751997
PE,Peru,DIGEMID,BETAMETASONA (COMO DIPROPIONATO) 50 mg/100 g (0.05 %) 20 g CREMA,BETAMETASONA (COMO DIPROPIONATO),50 mg/100 g (0.05 %) 20 g,,01205,,,,,shortage,CREMA,,2026-08-31,203,21,https://www.digemid.minsa.gob.pe/webDigemid/disponibilidad-de-productos-farmaceuticos/2026/disponibilidad-de-productos-farmaceuticos-agosto-2026/,2026-09-22T14:26:34.751997
PE,Peru,DIGEMID,GELATINA SUCCINALADA 4 g/100 mL 500 mL INYECTABLE,GELATINA SUCCINALADA,4 g/100 mL 500 mL,,19166,,,,,shortage,INYECTABLE,,2026-08-31,203,23,https://www.digemid.minsa.gob.pe/webDigemid/disponibilidad-de-productos-farmaceuticos/2026/disponibilidad-de-productos-farmaceuticos-agosto-2026/,2026-09-22T14:26:34.751997
PE,Peru,DIGEMID,VACUNA RECOMBINANTE BIVALENTE CONTRA EL VIRUS RESPIRATORIO SINCITIAL (VRS) TIPO A Y B - 1 DOSIS (0.5 mL) INYECTABLE,VACUNA RECOMBINANTE BIVALENTE CONTRA EL VIRUS RESPIRATORIO SINCITIAL (VRS) TIPO A Y B,1 DOSIS (0.5 mL),,56582,,,,,shortage,INYECTABLE,,2026-08-31,200,24,https://www.digemid.minsa.gob.pe/webDigemid/disponibilidad-de-productos-farmaceuticos/2026/disponibilidad-de-productos-farmaceuticos-agosto-2026/,2026-09-22T14:26:34.751997
PE,Peru,DIGEMID,CIPROFLOXACINO (COMO CLORHIDRATO)(SOLUCION OFTALMICA) 3 mg/mL (0.3 %) 5 mL SOLUCION,CIPROFLOXACINO (COMO CLORHIDRATO),3 mg/mL (0.3 %) 5 mL,,01841,,,,,shortage,SOLUCION,,2026-08-31,200,23,https://www.digemid.minsa.gob.pe/webDigemid/disponibilidad-de-productos-farmaceuticos/2026/disponibilidad-de-productos-farmaceuticos-agosto-2026/,2026-09-22T14:26:34.751997
PE,Peru,DIGEMID,CLOTRIMAZOL 1 g/100 g (1 %) 20 g CREMA,CLOTRIMAZOL,1 g/100 g (1 %) 20 g,,02319,,,,,shortage,CREMA,,2026-08-31,199,15,https://www.digemid.minsa.gob.pe/webDigemid/disponibilidad-de-productos-farmaceuticos/2026/disponibilidad-de-productos-farmaceuticos-agosto-2026/,2026-09-22T14:26:34.751997
PE,Peru,DIGEMID,SODIO CLORURO 900 mg/100 mL (0.9 %) 500 mL INYECTABLE,SODIO CLORURO,900 mg/100 mL (0.9 %) 500 mL,,05884,,,,,shortage,INYECTABLE,,2026-08-31,196,23,https://www.digemid.minsa.gob.pe/webDigemid/disponibilidad-de-productos-farmaceuticos/2026/disponibilidad-de-productos-farmaceuticos-agosto-2026/,2026-09-22T14:26:34.751997
PE,Peru,DIGEMID,CLINDAMICINA (COMO FOSFATO) 600 mg 4 mL INYECTABLE,CLINDAMICINA (COMO FOSFATO),600 mg 4 mL,,01958,,,,,shortage,INYECTABLE,,2026-08-31,196,30,https://www.digemid.minsa.gob.pe/webDigemid/disponibilidad-de-productos-farmaceuticos/2026/disponibilidad-de-productos-farmaceuticos-agosto-2026/,2026-09-22T14:26:34.751997
PE,Peru,DIGEMID,CLORFENAMINA MALEATO 10 mg/mL 1 mL INYECTABLE,CLORFENAMINA MALEATO,10 mg/mL 1 mL,,02128,,,,,shortage,INYECTABLE,,2026-08-31,195,22,https://www.digemid.minsa.gob.pe/webDigemid/disponibilidad-de-productos-farmaceuticos/2026/disponibilidad-de-productos-farmaceuticos-agosto-2026/,2026-09-22T14:26:34.751997
PE,Peru,DIGEMID,FERROSO SULFATO 75 mg (Equiv. 15 mg Fe)/5 mL 180 mL JARABE,FERROSO SULFATO,75 mg (Equiv. 15 mg Fe)/5 mL 180 mL,,03519,,,,,shortage,JARABE,,2026-08-31,191,25,https://www.digemid.minsa.gob.pe/webDigemid/disponibilidad-de-productos-farmaceuticos/2026/disponibilidad-de-productos-farmaceuticos-agosto-2026/,2026-09-22T14:26:34.751997
PE,Peru,DIGEMID,MEDROXIPROGESTERONA ACETATO 150 mg/mL 1 mL INYECTABLE,MEDROXIPROGESTERONA ACETATO,150 mg/mL 1 mL,,04594,,,,,shortage,INYECTABLE,,2026-08-31,190,23,https://www.digemid.minsa.gob.pe/webDigemid/disponibilidad-de-productos-farmaceuticos/2026/disponibilidad-de-productos-farmaceuticos-agosto-2026/,2026-09-22T14:26:34.751997
PE,Peru,DIGEMID,MEBENDAZOL 100 mg/5 mL 30 mL SUSPENSION,MEBENDAZOL,100 mg/5 mL 30 mL,,04582,,,,,shortage,SUSPENSION,,2026-08-31,190,25,https://www.digemid.minsa.gob.pe/webDigemid/disponibilidad-de-productos-farmaceuticos/2026/disponibilidad-de-productos-farmaceuticos-agosto-2026/,2026-09-22T14:26:34.751997
PE,Peru,DIGEMID,CEFTRIAXONA SODICA 1 g INYECTABLE,CEFTRIAXONA SODICA,1 g,,01684,,,,,shortage,INYECTABLE,,2026-08-31,189,30,https://www.digemid.minsa.gob.pe/webDigemid/disponibilidad-de-productos-farmaceuticos/2026/disponibilidad-de-productos-farmaceuticos-agosto-2026/,2026-09-22T14:26:34.751997
PE,Peru,DIGEMID,LEVOFLOXACINO 500 mg TABLETA,LEVOFLOXACINO,500 mg,,04365,,,,,shortage,TABLETA,,2026-08-31,188,27,https://www.digemid.minsa.gob.pe/webDigemid/disponibilidad-de-productos-farmaceuticos/2026/disponibilidad-de-productos-farmaceuticos-agosto-2026/,2026-09-22T14:26:34.751997
PE,Peru,DIGEMID,LINEZOLID 600 mg TABLETA,LINEZOLID,600 mg,,04458,,,,,shortage,TABLETA,,2026-08-31,188,26,https://www.digemid.minsa.gob.pe/webDigemid/disponibilidad-de-productos-farmaceuticos/2026/disponibilidad-de-productos-farmaceuticos-agosto-2026/,2026-09-22T14:26:34.751997
PE,Peru,DIGEMID,SULFADIAZINA DE PLATA 1 g/100 g 400 g CREMA,SULFADIAZINA DE PLATA,1 g/100 g 400 g,,05961,,,,,shortage,CREMA,,2026-08-31,187,25,https://www.digemid.minsa.gob.pe/webDigemid/disponibilidad-de-productos-farmaceuticos/2026/disponibilidad-de-productos-farmaceuticos-agosto-2026/,2026-09-22T14:26:34.751997
PE,Peru,DIGEMID,ENALAPRIL MALEATO 20 mg TABLETA,ENALAPRIL MALEATO,20 mg,,03080,,,,,shortage,TABLETA,,2026-08-31,186,22,https://www.digemid.minsa.gob.pe/webDigemid/disponibilidad-de-productos-farmaceuticos/2026/disponibilidad-de-productos-farmaceuticos-agosto-2026/,2026-09-22T14:26:34.751997
PE,Peru,DIGEMID,PREDNISONA 5 mg/5 mL 60 mL JARABE,PREDNISONA,5 mg/5 mL 60 mL,,05587,,,,,shortage,JARABE,,2026-08-31,186,17,https://www.digemid.minsa.gob.pe/webDigemid/disponibilidad-de-productos-farmaceuticos/2026/disponibilidad-de-productos-farmaceuticos-agosto-2026/,2026-09-22T14:26:34.751997
PE,Peru,DIGEMID,TIAMINA CLORHIDRATO 100 mg TABLETA,TIAMINA CLORHIDRATO,100 mg,,06127,,,,,shortage,TABLETA,,2026-08-31,184,26,https://www.digemid.minsa.gob.pe/webDigemid/disponibilidad-de-productos-farmaceuticos/2026/disponibilidad-de-productos-farmaceuticos-agosto-2026/,2026-09-22T14:26:34.751997
PE,Peru,DIGEMID,TRAMADOL CLORHIDRATO 50 mg TABLETA,TRAMADOL CLORHIDRATO,50 mg,,06239,,,,,shortage,TABLETA,,2026-08-31,182,23,https://www.digemid.minsa.gob.pe/webDigemid/disponibilidad-de-productos-farmaceuticos/2026/disponibilidad-de-productos-farmaceuticos-agosto-2026/,2026-09-22T14:26:34.751997
PE,Peru,DIGEMID,AMLODIPINO (COMO BESILATO) 5 mg TABLETA,AMLODIPINO (COMO BESILATO),5 mg,,00673,,,,,shortage,TABLETA,,2026-08-31,180,27,https://www.digemid.minsa.gob.pe/webDigemid/disponibilidad-de-productos-farmaceuticos/2026/disponibilidad-de-productos-farmaceuticos-agosto-2026/,2026-09-22T14:26:34.751997
PE,Peru,DIGEMID,CLORANFENICOL (COMO PALMITATO) 250 mg/5 mL 60 mL SUSPENSION,CLORANFENICOL (COMO PALMITATO),250 mg/5 mL 60 mL,,02052,,,,,shortage,SUSPENSION,,2026-08-31,180,19,https://www.digemid.minsa.gob.pe/webDigemid/disponibilidad-de-productos-farmaceuticos/2026/disponibilidad-de-productos-farmaceuticos-agosto-2026/,2026-09-22T14:26:34.751997
PE,Peru,DIGEMID,ALBENDAZOL 200 mg TABLETA,ALBENDAZOL,200 mg,,00269,,,,,shortage,TABLETA,,2026-08-31,179,23,https://www.digemid.minsa.gob.pe/webDigemid/disponibilidad-de-productos-farmaceuticos/2026/disponibilidad-de-productos-farmaceuticos-agosto-2026/,2026-09-22T14:26:34.751997
PE,Peru,DIGEMID,MAGNESIO SULFATO 200 mg/mL 10 mL INYECTABLE,MAGNESIO SULFATO,200 mg/mL 10 mL,,04556,,,,,shortage,INYECTABLE,,2026-08-31,177,24,https://www.digemid.minsa.gob.pe/webDigemid/disponibilidad-de-productos-farmaceuticos/2026/disponibilidad-de-productos-farmaceuticos-agosto-2026/,2026-09-22T14:26:34.751997
PE,Peru,DIGEMID,POTASIO CLORURO 20 g/100 mL 10 mL INYECTABLE,POTASIO CLORURO,20 g/100 mL 10 mL,,05551,,,,,shortage,INYECTABLE,,2026-08-31,176,24,https://www.digemid.minsa.gob.pe/webDigemid/disponibilidad-de-productos-farmaceuticos/2026/disponibilidad-de-productos-farmaceuticos-agosto-2026/,2026-09-22T14:26:34.751997
PE,Peru,DIGEMID,AZITROMICINA 200 mg/5 mL 30 mL SUSPENSION,AZITROMICINA,200 mg/5 mL 30 mL,,00933,,,,,shortage,SUSPENSION,,2026-08-31,175,23,https://www.digemid.minsa.gob.pe/webDigemid/disponibilidad-de-productos-farmaceuticos/2026/disponibilidad-de-productos-farmaceuticos-agosto-2026/,2026-09-22T14:26:34.751997
PE,Peru,DIGEMID,BENCILPENICILINA PROCAINICA CON DILUYENTE 1000000 UI INYECTABLE,BENCILPENICILINA PROCAINICA CON DILUYENTE,1000000 UI,,18291,,,,,shortage,INYECTABLE,,2026-08-31,175,17,https://www.digemid.minsa.gob.pe/webDigemid/disponibilidad-de-productos-farmaceuticos/2026/disponibilidad-de-productos-farmaceuticos-agosto-2026/,2026-09-22T14:26:34.751997
PE,Peru,DIGEMID,BEDAQUILINA 100 mg TABLETA,BEDAQUILINA,100 mg,,39705,,,,,shortage,TABLETA,,2026-08-31,174,25,https://www.digemid.minsa.gob.pe/webDigemid/disponibilidad-de-productos-farmaceuticos/2026/disponibilidad-de-productos-farmaceuticos-agosto-2026/,2026-09-22T14:26:34.751997
PE,Peru,DIGEMID,TRAMADOL CLORHIDRATO 50 mg/mL 1 mL INYECTABLE,TRAMADOL CLORHIDRATO,50 mg/mL 1 mL,,06231,,,,,shortage,INYECTABLE,,2026-08-31,173,23,https://www.digemid.minsa.gob.pe/webDigemid/disponibilidad-de-productos-farmaceuticos/2026/disponibilidad-de-productos-farmaceuticos-agosto-2026/,2026-09-22T14:26:34.751997
PE,Peru,DIGEMID,ETONOGESTREL (IMPLANTE) 68 mg UNIDAD,ETONOGESTREL,68 mg,,03351,,,,,shortage,UNIDAD,,2026-08-31,172,31,https://www.digemid.minsa.gob.pe/webDigemid/disponibilidad-de-productos-farmaceuticos/2026/disponibilidad-de-productos-farmaceuticos-agosto-2026/,2026-09-22T14:26:34.751997
PE,Peru,DIGEMID,RIFAMPICINA 100 mg/5 mL 60 mL SUSPENSION,RIFAMPICINA,100 mg/5 mL 60 mL,,05686,,,,,shortage,SUSPENSION,,2026-08-31,171,28,https://www.digemid.minsa.gob.pe/webDigemid/disponibilidad-de-productos-farmaceuticos/2026/disponibilidad-de-productos-farmaceuticos-agosto-2026/,2026-09-22T14:26:34.751997
PE,Peru,DIGEMID,HIERRO (COMO SACARATO) 20 mg Fe/mL 5 mL INYECTABLE,HIERRO (COMO SACARATO),20 mg Fe/mL 5 mL,,19238,,,,,shortage,INYECTABLE,,2026-08-31,169,23,https://www.digemid.minsa.gob.pe/webDigemid/disponibilidad-de-productos-farmaceuticos/2026/disponibilidad-de-productos-farmaceuticos-agosto-2026/,2026-09-22T14:26:34.751997
PE,Peru,DIGEMID,NAPROXENO 250 mg TABLETA,NAPROXENO,250 mg,,04981,,,,,shortage,TABLETA,,2026-08-31,168,20,https://www.digemid.minsa.gob.pe/webDigemid/disponibilidad-de-productos-farmaceuticos/2026/disponibilidad-de-productos-farmaceuticos-agosto-2026/,2026-09-22T14:26:34.751997
PE,Peru,DIGEMID,DIMENHIDRINATO 50 mg 5 mL INYECTABLE,DIMENHIDRINATO,50 mg 5 mL,,02884,,,,,shortage,INYECTABLE,,2026-08-31,163,23,https://www.digemid.minsa.gob.pe/webDigemid/disponibilidad-de-productos-farmaceuticos/2026/disponibilidad-de-productos-farmaceuticos-agosto-2026/,2026-09-22T14:26:34.751997
PE,Peru,DIGEMID,TUBERCULINA - PPD 5 UT/0.1 mL 1 mL INYECTABLE,TUBERCULINA - PPD,5 UT/0.1 mL 1 mL,,30497,,,,,shortage,INYECTABLE,,2026-08-31,162,29,https://www.digemid.minsa.gob.pe/webDigemid/disponibilidad-de-productos-farmaceuticos/2026/disponibilidad-de-productos-farmaceuticos-agosto-2026/,2026-09-22T14:26:34.751997
PE,Peru,DIGEMID,BENZATINA BENCILPENICILINA CON DILUYENTE 2400000 UI INYECTABLE,BENZATINA BENCILPENICILINA CON DILUYENTE,2400000 UI,,18048,,,,,shortage,INYECTABLE,,2026-08-31,162,25,https://www.digemid.minsa.gob.pe/webDigemid/disponibilidad-de-productos-farmaceuticos/2026/disponibilidad-de-productos-farmaceuticos-agosto-2026/,2026-09-22T14:26:34.751997
PE,Peru,DIGEMID,AMOXICILINA + ACIDO CLAVULANICO (COMO SAL POTASICA) 250 mg + 62.5 mg/5 mL 60 mL SUSPENSION,AMOXICILINA + ACIDO CLAVULANICO (COMO SAL POTASICA),250 mg + 62.5 mg/5 mL 60 mL,,00725,,,,,shortage,SUSPENSION,,2026-08-31,161,20,https://www.digemid.minsa.gob.pe/webDigemid/disponibilidad-de-productos-farmaceuticos/2026/disponibilidad-de-productos-farmaceuticos-agosto-2026/,2026-09-22T14:26:34.751997
PE,Peru,DIGEMID,ERITROMICINA 250 mg/5 mL 120 mL SUSPENSION,ERITROMICINA,250 mg/5 mL 120 mL,,03178,,,,,shortage,SUSPENSION,,2026-08-31,159,22,https://www.digemid.minsa.gob.pe/webDigemid/disponibilidad-de-productos-farmaceuticos/2026/disponibilidad-de-productos-farmaceuticos-agosto-2026/,2026-09-22T14:26:34.751997
PE,Peru,DIGEMID,SULFAMETOXAZOL + TRIMETOPRIMA 400 mg + 80 mg TABLETA,SULFAMETOXAZOL + TRIMETOPRIMA,400 mg + 80 mg,,06002,,,,,shortage,TABLETA,,2026-08-31,156,24,https://www.digemid.minsa.gob.pe/webDigemid/disponibilidad-de-productos-farmaceuticos/2026/disponibilidad-de-productos-farmaceuticos-agosto-2026/,2026-09-22T14:26:34.751997
PE,Peru,DIGEMID,OMEPRAZOL (COMO SAL SODICA) 40 mg INYECTABLE,OMEPRAZOL (COMO SAL SODICA),40 mg,,05151,,,,,shortage,INYECTABLE,,2026-08-31,156,26,https://www.digemid.minsa.gob.pe/webDigemid/disponibilidad-de-productos-farmaceuticos/2026/disponibilidad-de-productos-farmaceuticos-agosto-2026/,2026-09-22T14:26:34.751997
PE,Peru,DIGEMID,LEVOFLOXACINO 250 mg TABLETA,LEVOFLOXACINO,250 mg,,04364,,,,,shortage,TABLETA,,2026-08-31,156,20,https://www.digemid.minsa.gob.pe/webDigemid/disponibilidad-de-productos-farmaceuticos/2026/disponibilidad-de-productos-farmaceuticos-agosto-2026/,2026-09-22T14:26:34.751997
PE,Peru,DIGEMID,PARACETAMOL 500 mg TABLETA,PARACETAMOL,500 mg,,05335,,,,,shortage,TABLETA,,2026-08-31,154,20,https://www.digemid.minsa.gob.pe/webDigemid/disponibilidad-de-productos-farmaceuticos/2026/disponibilidad-de-productos-farmaceuticos-agosto-2026/,2026-09-22T14:26:34.751997
PE,Peru,DIGEMID,DICLOFENACO SODICO 25 mg/mL 3 mL INYECTABLE,DICLOFENACO SODICO,25 mg/mL 3 mL,,02788,,,,,shortage,INYECTABLE,,2026-08-31,153,20,https://www.digemid.minsa.gob.pe/webDigemid/disponibilidad-de-productos-farmaceuticos/2026/disponibilidad-de-productos-farmaceuticos-agosto-2026/,2026-09-22T14:26:34.751997
PE,Peru,DIGEMID,GLIBENCLAMIDA 5 mg TABLETA,GLIBENCLAMIDA,5 mg,,03758,,,,,shortage,TABLETA,,2026-08-31,152,23,https://www.digemid.minsa.gob.pe/webDigemid/disponibilidad-de-productos-farmaceuticos/2026/disponibilidad-de-productos-farmaceuticos-agosto-2026/,2026-09-22T14:26:34.751997
PE,Peru,DIGEMID,DEXAMETASONA 2 mg/5 mL 100 mL ELIXIR,DEXAMETASONA,2 mg/5 mL 100 mL,,02653,,,,,shortage,ELIXIR,,2026-08-31,152,25,https://www.digemid.minsa.gob.pe/webDigemid/disponibilidad-de-productos-farmaceuticos/2026/disponibilidad-de-productos-farmaceuticos-agosto-2026/,2026-09-22T14:26:34.751997
PE,Peru,DIGEMID,METRONIDAZOL 500 mg TABLETA,METRONIDAZOL,500 mg,,04805,,,,,shortage,TABLETA,,2026-08-31,151,20,https://www.digemid.minsa.gob.pe/webDigemid/disponibilidad-de-productos-farmaceuticos/2026/disponibilidad-de-productos-farmaceuticos-agosto-2026/,2026-09-22T14:26:34.751997
PE,Peru,DIGEMID,PRETOMANID 200 mg TABLETA,PRETOMANID,200 mg,,53103,,,,,shortage,TABLETA,,2026-08-31,149,19,https://www.digemid.minsa.gob.pe/webDigemid/disponibilidad-de-productos-farmaceuticos/2026/disponibilidad-de-productos-farmaceuticos-agosto-2026/,2026-09-22T14:26:34.751997
PE,Peru,DIGEMID,HIDROXOCOBALAMINA 1 mg/mL 1 mL INYECTABLE,HIDROXOCOBALAMINA,1 mg/mL 1 mL,,03979,,,,,shortage,INYECTABLE,,2026-08-31,148,25,https://www.digemid.minsa.gob.pe/webDigemid/disponibilidad-de-productos-farmaceuticos/2026/disponibilidad-de-productos-farmaceuticos-agosto-2026/,2026-09-22T14:26:34.751997
PE,Peru,DIGEMID,ERITROMICINA 500 mg TABLETA,ERITROMICINA,500 mg,,03191,,,,,shortage,TABLETA,,2026-08-31,146,28,https://www.digemid.minsa.gob.pe/webDigemid/disponibilidad-de-productos-farmaceuticos/2026/disponibilidad-de-productos-farmaceuticos-agosto-2026/,2026-09-22T14:26:34.751997
PE,Peru,DIGEMID,POLIGELINA 3.5 g/100 mL (3.5 %) 500 mL INYECTABLE,POLIGELINA,3.5 g/100 mL (3.5 %) 500 mL,,05520,,,,,shortage,INYECTABLE,,2026-08-31,145,17,https://www.digemid.minsa.gob.pe/webDigemid/disponibilidad-de-productos-farmaceuticos/2026/disponibilidad-de-productos-farmaceuticos-agosto-2026/,2026-09-22T14:26:34.751997
PE,Peru,DIGEMID,TRAMADOL CLORHIDRATO 50 mg/mL 2 mL INYECTABLE,TRAMADOL CLORHIDRATO,50 mg/mL 2 mL,,06232,,,,,shortage,INYECTABLE,,2026-08-31,144,23,https://www.digemid.minsa.gob.pe/webDigemid/disponibilidad-de-productos-farmaceuticos/2026/disponibilidad-de-productos-farmaceuticos-agosto-2026/,2026-09-22T14:26:34.751997
PE,Peru,DIGEMID,ALBENDAZOL 100 mg/5 mL 20 mL SUSPENSION,ALBENDAZOL,100 mg/5 mL 20 mL,,00259,,,,,shortage,SUSPENSION,,2026-08-31,142,20,https://www.digemid.minsa.gob.pe/webDigemid/disponibilidad-de-productos-farmaceuticos/2026/disponibilidad-de-productos-farmaceuticos-agosto-2026/,2026-09-22T14:26:34.751997
PE,Peru,DIGEMID,ESCOPOLAMINA N-BUTILBROMURO 10 mg TABLETA,ESCOPOLAMINA N-BUTILBROMURO,10 mg,,03215,,,,,shortage,TABLETA,,2026-08-31,141,20,https://www.digemid.minsa.gob.pe/webDigemid/disponibilidad-de-productos-farmaceuticos/2026/disponibilidad-de-productos-farmaceuticos-agosto-2026/,2026-09-22T14:26:34.751997
PE,Peru,DIGEMID,CEFALEXINA 500 mg TABLETA,CEFALEXINA,500 mg,,01636,,,,,shortage,TABLETA,,2026-08-31,140,22,https://www.digemid.minsa.gob.pe/webDigemid/disponibilidad-de-productos-farmaceuticos/2026/disponibilidad-de-productos-farmaceuticos-agosto-2026/,2026-09-22T14:26:34.751997
PE,Peru,DIGEMID,PREDNISONA 5 mg TABLETA,PREDNISONA,5 mg,,05589,,,,,shortage,TABLETA,,2026-08-31,139,23,https://www.digemid.minsa.gob.pe/webDigemid/disponibilidad-de-productos-farmaceuticos/2026/disponibilidad-de-productos-farmaceuticos-agosto-2026/,2026-09-22T14:26:34.751997
PE,Peru,DIGEMID,BENZATINA BENCILPENICILINA 2400000 UI INYECTABLE,BENZATINA BENCILPENICILINA,2400000 UI,,01044,,,,,shortage,INYECTABLE,,2026-08-31,137,19,https://www.digemid.minsa.gob.pe/webDigemid/disponibilidad-de-productos-farmaceuticos/2026/disponibilidad-de-productos-farmaceuticos-agosto-2026/,2026-09-22T14:26:34.751997
PE,Peru,DIGEMID,METFORMINA CLORHIDRATO 500 mg TABLETA,METFORMINA CLORHIDRATO,500 mg,,04695,,,,,shortage,TABLETA,,2026-08-31,136,24,https://www.digemid.minsa.gob.pe/webDigemid/disponibilidad-de-productos-farmaceuticos/2026/disponibilidad-de-productos-farmaceuticos-agosto-2026/,2026-09-22T14:26:34.751997
PE,Peru,DIGEMID,NIFEDIPINO 10 mg TABLETA,NIFEDIPINO,10 mg,,05018,,,,,shortage,TABLETA,,2026-08-31,136,25,https://www.digemid.minsa.gob.pe/webDigemid/disponibilidad-de-productos-farmaceuticos/2026/disponibilidad-de-productos-farmaceuticos-agosto-2026/,2026-09-22T14:26:34.751997
PE,Peru,DIGEMID,BETAMETASONA (COMO FOSFATO SODICO) 4 mg/mL 1 mL INYECTABLE,BETAMETASONA (COMO FOSFATO SODICO),4 mg/mL 1 mL,,01213,,,,,shortage,INYECTABLE,,2026-08-31,135,21,https://www.digemid.minsa.gob.pe/webDigemid/disponibilidad-de-productos-farmaceuticos/2026/disponibilidad-de-productos-farmaceuticos-agosto-2026/,2026-09-22T14:26:34.751997
PE,Peru,DIGEMID,AMOXICILINA 250 mg TABLETA,AMOXICILINA,250 mg,,00807,,,,,shortage,TABLETA,,2026-08-31,134,17,https://www.digemid.minsa.gob.pe/webDigemid/disponibilidad-de-productos-farmaceuticos/2026/disponibilidad-de-productos-farmaceuticos-agosto-2026/,2026-09-22T14:26:34.751997
PE,Peru,DIGEMID,LACTULOSA 3.33 g/5 mL 240 mL SOLUCION,LACTULOSA,3.33 g/5 mL 240 mL,,04293,,,,,shortage,SOLUCION,,2026-08-31,133,16,https://www.digemid.minsa.gob.pe/webDigemid/disponibilidad-de-productos-farmaceuticos/2026/disponibilidad-de-productos-farmaceuticos-agosto-2026/,2026-09-22T14:26:34.751997
PE,Peru,DIGEMID,ENALAPRIL MALEATO 10 mg TABLETA,ENALAPRIL MALEATO,10 mg,,03078,,,,,shortage,TABLETA,,2026-08-31,132,24,https://www.digemid.minsa.gob.pe/webDigemid/disponibilidad-de-productos-farmaceuticos/2026/disponibilidad-de-productos-farmaceuticos-agosto-2026/,2026-09-22T14:26:34.751997
PE,Peru,DIGEMID,ACICLOVIR (UNGÜENTO OFTALMICO) 3 g/100 g (3 %) 3.5 g UNGÜENTO,ACICLOVIR,3 g/100 g (3 %) 3.5 g,,00111,,,,,shortage,UNGUENTO,,2026-08-31,129,20,https://www.digemid.minsa.gob.pe/webDigemid/disponibilidad-de-productos-farmaceuticos/2026/disponibilidad-de-productos-farmaceuticos-agosto-2026/,2026-09-22T14:26:34.751997
PE,Peru,DIGEMID,CLORFENAMINA MALEATO 2 mg/5 mL 60 mL JARABE,CLORFENAMINA MALEATO,2 mg/5 mL 60 mL,,02144,,,,,shortage,JARABE,,2026-08-31,129,15,https://www.digemid.minsa.gob.pe/webDigemid/disponibilidad-de-productos-farmaceuticos/2026/disponibilidad-de-productos-farmaceuticos-agosto-2026/,2026-09-22T14:26:34.751997
PE,Peru,DIGEMID,DEXTROSA 333 mg/mL (33 %) 20 mL INYECTABLE,DEXTROSA,333 mg/mL (33 %) 20 mL,,03787,,,,,shortage,INYECTABLE,,2026-08-31,129,26,https://www.digemid.minsa.gob.pe/webDigemid/disponibilidad-de-productos-farmaceuticos/2026/disponibilidad-de-productos-farmaceuticos-agosto-2026/,2026-09-22T14:26:34.751997
PE,Peru,DIGEMID,LOSARTAN POTASICO 50 mg TABLETA,LOSARTAN POTASICO,50 mg,,04523,,,,,shortage,TABLETA,,2026-08-31,128,17,https://www.digemid.minsa.gob.pe/webDigemid/disponibilidad-de-productos-farmaceuticos/2026/disponibilidad-de-productos-farmaceuticos-agosto-2026/,2026-09-22T14:26:34.751997
PE,Peru,DIGEMID,METOCLOPRAMIDA CLORHIDRATO 10 mg TABLETA,METOCLOPRAMIDA CLORHIDRATO,10 mg,,04752,,,,,shortage,TABLETA,,2026-08-31,128,24,https://www.digemid.minsa.gob.pe/webDigemid/disponibilidad-de-productos-farmaceuticos/2026/disponibilidad-de-productos-farmaceuticos-agosto-2026/,2026-09-22T14:26:34.751997
PE,Peru,DIGEMID,LORATADINA 5 mg/5 mL 60 mL JARABE,LORATADINA,5 mg/5 mL 60 mL,,04511,,,,,shortage,JARABE,,2026-08-31,128,23,https://www.digemid.minsa.gob.pe/webDigemid/disponibilidad-de-productos-farmaceuticos/2026/disponibilidad-de-productos-farmaceuticos-agosto-2026/,2026-09-22T14:26:34.751997
PE,Peru,DIGEMID,PREDNISONA 20 mg TABLETA,PREDNISONA,20 mg,,05588,,,,,shortage,TABLETA,,2026-08-31,128,24,https://www.digemid.minsa.gob.pe/webDigemid/disponibilidad-de-productos-farmaceuticos/2026/disponibilidad-de-productos-farmaceuticos-agosto-2026/,2026-09-22T14:26:34.751997
PE,Peru,DIGEMID,NITROFURANTOINA 100 mg TABLETA,NITROFURANTOINA,100 mg,,05103,,,,,shortage,TABLETA,,2026-08-31,127,25,https://www.digemid.minsa.gob.pe/webDigemid/disponibilidad-de-productos-farmaceuticos/2026/disponibilidad-de-productos-farmaceuticos-agosto-2026/,2026-09-22T14:26:34.751997
PE,Peru,DIGEMID,PROXIMETACAINA (SOLUCION OFTALMICA) 5 mg/mL 15 mL SOLUCION,PROXIMETACAINA,5 mg/mL 15 mL,,05638,,,,,shortage,SOLUCION,,2026-08-31,124,17,https://www.digemid.minsa.gob.pe/webDigemid/disponibilidad-de-productos-farmaceuticos/2026/disponibilidad-de-productos-farmaceuticos-agosto-2026/,2026-09-22T14:26:34.751997
PE,Peru,DIGEMID,AMOXICILINA + ACIDO CLAVULANICO (COMO SAL POTASICA) 500 mg + 125 mg TABLETA,AMOXICILINA + ACIDO CLAVULANICO (COMO SAL POTASICA),500 mg + 125 mg,,00750,,,,,shortage,TABLETA,,2026-08-31,123,20,https://www.digemid.minsa.gob.pe/webDigemid/disponibilidad-de-productos-farmaceuticos/2026/disponibilidad-de-productos-farmaceuticos-agosto-2026/,2026-09-22T14:26:34.751997
PE,Peru,DIGEMID,AZITROMICINA 500 mg TABLETA,AZITROMICINA,500 mg,,00947,,,,,shortage,TABLETA,,2026-08-31,123,22,https://www.digemid.minsa.gob.pe/webDigemid/disponibilidad-de-productos-farmaceuticos/2026/disponibilidad-de-productos-farmaceuticos-agosto-2026/,2026-09-22T14:26:34.751997
PE,Peru,DIGEMID,MOXIFLOXACINO (COMO CLORHIDRATO) 400 mg TABLETA,MOXIFLOXACINO (COMO CLORHIDRATO),400 mg,,04910,,,,,shortage,TABLETA,,2026-08-31,123,24,https://www.digemid.minsa.gob.pe/webDigemid/disponibilidad-de-productos-farmaceuticos/2026/disponibilidad-de-productos-farmaceuticos-agosto-2026/,2026-09-22T14:26:34.751997
PE,Peru,DIGEMID,OXIGENO MEDICINAL 99.5 % m3 GAS,OXIGENO MEDICINAL,99.5 % m3,,08140,,,,,shortage,GAS,,2026-08-31,120,26,https://www.digemid.minsa.gob.pe/webDigemid/disponibilidad-de-productos-farmaceuticos/2026/disponibilidad-de-productos-farmaceuticos-agosto-2026/,2026-09-22T14:26:34.751997
PE,Peru,DIGEMID,CEFALEXINA 250 mg/5 mL 60 mL SUSPENSION,CEFALEXINA,250 mg/5 mL 60 mL,,01628,,,,,shortage,SUSPENSION,,2026-08-31,120,23,https://www.digemid.minsa.gob.pe/webDigemid/disponibilidad-de-productos-farmaceuticos/2026/disponibilidad-de-productos-farmaceuticos-agosto-2026/,2026-09-22T14:26:34.751997
PE,Peru,DIGEMID,METRONIDAZOL 250 mg/5 mL 120 mL SUSPENSION,METRONIDAZOL,250 mg/5 mL 120 mL,,04794,,,,,shortage,SUSPENSION,,2026-08-31,119,22,https://www.digemid.minsa.gob.pe/webDigemid/disponibilidad-de-productos-farmaceuticos/2026/disponibilidad-de-productos-farmaceuticos-agosto-2026/,2026-09-22T14:26:34.751997
PE,Peru,DIGEMID,PARACETAMOL 120 mg/5 mL 60 mL JARABE,PARACETAMOL,120 mg/5 mL 60 mL,,05309,,,,,shortage,JARABE,,2026-08-31,119,15,https://www.digemid.minsa.gob.pe/webDigemid/disponibilidad-de-productos-farmaceuticos/2026/disponibilidad-de-productos-farmaceuticos-agosto-2026/,2026-09-22T14:26:34.751997
PE,Peru,DIGEMID,BISMUTO SUBSALICILATO 87.33 mg/5 mL 240 mL SUSPENSION,BISMUTO SUBSALICILATO,87.33 mg/5 mL 240 mL,,01260,,,,,shortage,SUSPENSION,,2026-08-31,118,15,https://www.digemid.minsa.gob.pe/webDigemid/disponibilidad-de-productos-farmaceuticos/2026/disponibilidad-de-productos-farmaceuticos-agosto-2026/,2026-09-22T14:26:34.751997
PE,Peru,DIGEMID,AGUA PARA INYECCION 1 L INYECTABLE,AGUA PARA INYECCION,1 L,,08013,,,,,shortage,INYECTABLE,,2026-08-31,118,25,https://www.digemid.minsa.gob.pe/webDigemid/disponibilidad-de-productos-farmaceuticos/2026/disponibilidad-de-productos-farmaceuticos-agosto-2026/,2026-09-22T14:26:34.751997
PE,Peru,DIGEMID,DILUYENTE PARA VACUNA HAEMOPHILUS INFLUENZAE TIPO B (HIB) INY 1 DOSIS INYECTABLE,DILUYENTE PARA VACUNA HAEMOPHILUS INFLUENZAE TIPO B (HIB) INY,1 DOSIS,,17723,,,,,shortage,INYECTABLE,,2026-08-31,117,14,https://www.digemid.minsa.gob.pe/webDigemid/disponibilidad-de-productos-farmaceuticos/2026/disponibilidad-de-productos-farmaceuticos-agosto-2026/,2026-09-22T14:26:34.751997
PE,Peru,DIGEMID,SODIO CLORURO (0.9 % -CIRCUITO CERRADO ) 900 mg/100 mL (0.9 %) CIRCUITO CERRADO 1 L INYECTABLE,SODIO CLORURO (0.9 % -CIRCUITO CERRADO ),900 mg/100 mL (0.9 %) CIRCUITO CERRADO 1 L,,26368,,,,,shortage,INYECTABLE,,2026-08-31,116,22,https://www.digemid.minsa.gob.pe/webDigemid/disponibilidad-de-productos-farmaceuticos/2026/disponibilidad-de-productos-farmaceuticos-agosto-2026/,2026-09-22T14:26:34.751997
PE,Peru,DIGEMID,METFORMINA CLORHIDRATO 850 mg TABLETA,METFORMINA CLORHIDRATO,850 mg,,04696,,,,,shortage,TABLETA,,2026-08-31,113,21,https://www.digemid.minsa.gob.pe/webDigemid/disponibilidad-de-productos-farmaceuticos/2026/disponibilidad-de-productos-farmaceuticos-agosto-2026/,2026-09-22T14:26:34.751997
PE,Peru,DIGEMID,AZITROMICINA 200 mg/5 mL 60 mL SUSPENSION,AZITROMICINA,200 mg/5 mL 60 mL,,00939,,,,,shortage,SUSPENSION,,2026-08-31,109,19,https://www.digemid.minsa.gob.pe/webDigemid/disponibilidad-de-productos-farmaceuticos/2026/disponibilidad-de-productos-farmaceuticos-agosto-2026/,2026-09-22T14:26:34.751997
PE,Peru,DIGEMID,PREDNISONA 50 mg TABLETA,PREDNISONA,50 mg,,05590,,,,,shortage,TABLETA,,2026-08-31,109,20,https://www.digemid.minsa.gob.pe/webDigemid/disponibilidad-de-productos-farmaceuticos/2026/disponibilidad-de-productos-farmaceuticos-agosto-2026/,2026-09-22T14:26:34.751997
PE,Peru,DIGEMID,AGUA DESTILADA 4 L SOLUCION,AGUA DESTILADA,4 L,,22338,,,,,shortage,SOLUCION,,2026-08-31,109,16,https://www.digemid.minsa.gob.pe/webDigemid/disponibilidad-de-productos-farmaceuticos/2026/disponibilidad-de-productos-farmaceuticos-agosto-2026/,2026-09-22T14:26:34.751997
PE,Peru,DIGEMID,METILDOPA 250 mg TABLETA,METILDOPA,250 mg,,04701,,,,,shortage,TABLETA,,2026-08-31,109,20,https://www.digemid.minsa.gob.pe/webDigemid/disponibilidad-de-productos-farmaceuticos/2026/disponibilidad-de-productos-farmaceuticos-agosto-2026/,2026-09-22T14:26:34.751997
PE,Peru,DIGEMID,NIRSEVIMAB 50 mg 0.5 mL INYECTABLE,NIRSEVIMAB,50 mg 0.5 mL,,56584,,,,,shortage,INYECTABLE,,2026-08-31,108,18,https://www.digemid.minsa.gob.pe/webDigemid/disponibilidad-de-productos-farmaceuticos/2026/disponibilidad-de-productos-farmaceuticos-agosto-2026/,2026-09-22T14:26:34.751997
PE,Peru,DIGEMID,SODIO CLORURO 20 g/100 mL (20 %) 20 mL INYECTABLE,SODIO CLORURO,20 g/100 mL (20 %) 20 mL,,05889,,,,,shortage,INYECTABLE,,2026-08-31,106,25,https://www.digemid.minsa.gob.pe/webDigemid/disponibilidad-de-productos-farmaceuticos/2026/disponibilidad-de-productos-farmaceuticos-agosto-2026/,2026-09-22T14:26:34.751997
PE,Peru,DIGEMID,NIFEDIPINO (TABLETA DE LIBERACION MODIFICADA) 30 mg TABLETA,NIFEDIPINO,30 mg,,05021,,,,,shortage,TABLETA,,2026-08-31,105,23,https://www.digemid.minsa.gob.pe/webDigemid/disponibilidad-de-productos-farmaceuticos/2026/disponibilidad-de-productos-farmaceuticos-agosto-2026/,2026-09-22T14:26:34.751997
PE,Peru,DIGEMID,IBUPROFENO 400 mg TABLETA,IBUPROFENO,400 mg,,04034,,,,,shortage,TABLETA,,2026-08-31,104,19,https://www.digemid.minsa.gob.pe/webDigemid/disponibilidad-de-productos-farmaceuticos/2026/disponibilidad-de-productos-farmaceuticos-agosto-2026/,2026-09-22T14:26:34.751997
PE,Peru,DIGEMID,PREDNISOLONA (SUSPENSION OFTALMICA) 10 mg/mL 5 mL SUSPENSION,PREDNISOLONA,10 mg/mL 5 mL,,05578,,,,,shortage,SUSPENSION,,2026-08-31,104,16,https://www.digemid.minsa.gob.pe/webDigemid/disponibilidad-de-productos-farmaceuticos/2026/disponibilidad-de-productos-farmaceuticos-agosto-2026/,2026-09-22T14:26:34.751997
PE,Peru,DIGEMID,CLARITROMICINA 500 mg TABLETA,CLARITROMICINA,500 mg,,01930,,,,,shortage,TABLETA,,2026-08-31,103,22,https://www.digemid.minsa.gob.pe/webDigemid/disponibilidad-de-productos-farmaceuticos/2026/disponibilidad-de-productos-farmaceuticos-agosto-2026/,2026-09-22T14:26:34.751997
PE,Peru,DIGEMID,ACICLOVIR 200 mg TABLETA,ACICLOVIR,200 mg,,00143,,,,,shortage,TABLETA,,2026-08-31,102,24,https://www.digemid.minsa.gob.pe/webDigemid/disponibilidad-de-productos-farmaceuticos/2026/disponibilidad-de-productos-farmaceuticos-agosto-2026/,2026-09-22T14:26:34.751997
PE,Peru,DIGEMID,CIPROFLOXACINO (COMO LACTATO) 200 mg 100 mL INYECTABLE,CIPROFLOXACINO (COMO LACTATO),200 mg 100 mL,,01837,,,,,shortage,INYECTABLE,,2026-08-31,101,21,https://www.digemid.minsa.gob.pe/webDigemid/disponibilidad-de-productos-farmaceuticos/2026/disponibilidad-de-productos-farmaceuticos-agosto-2026/,2026-09-22T14:26:34.751997
PE,Peru,DIGEMID,DEXAMETASONA 4 mg TABLETA,DEXAMETASONA,4 mg,,02657,,,,,shortage,TABLETA,,2026-08-31,100,21,https://www.digemid.minsa.gob.pe/webDigemid/disponibilidad-de-productos-farmaceuticos/2026/disponibilidad-de-productos-farmaceuticos-agosto-2026/,2026-09-22T14:26:34.751997
PE,Peru,DIGEMID,CLORFENAMINA MALEATO 2 mg/5 mL 120 mL JARABE,CLORFENAMINA MALEATO,2 mg/5 mL 120 mL,,02132,,,,,shortage,JARABE,,2026-08-31,100,15,https://www.digemid.minsa.gob.pe/webDigemid/disponibilidad-de-productos-farmaceuticos/2026/disponibilidad-de-productos-farmaceuticos-agosto-2026/,2026-09-22T14:26:34.751997
PE,Peru,DIGEMID,FURAZOLIDONA 100 mg TABLETA,FURAZOLIDONA,100 mg,,03708,,,,,shortage,TABLETA,,2026-08-31,100,23,https://www.digemid.minsa.gob.pe/webDigemid/disponibilidad-de-productos-farmaceuticos/2026/disponibilidad-de-productos-farmaceuticos-agosto-2026/,2026-09-22T14:26:34.751997
PE,Peru,DIGEMID,DOXICICLINA 100 mg TABLETA,DOXICICLINA,100 mg,,03018,,,,,shortage,TABLETA,,2026-08-31,99,23,https://www.digemid.minsa.gob.pe/webDigemid/disponibilidad-de-productos-farmaceuticos/2026/disponibilidad-de-productos-farmaceuticos-agosto-2026/,2026-09-22T14:26:34.751997
PE,Peru,DIGEMID,METAMIZOL SODICO 1 g 2 mL INYECTABLE,METAMIZOL SODICO,1 g 2 mL,,04677,,,,,shortage,INYECTABLE,,2026-08-31,99,21,https://www.digemid.minsa.gob.pe/webDigemid/disponibilidad-de-productos-farmaceuticos/2026/disponibilidad-de-productos-farmaceuticos-agosto-2026/,2026-09-22T14:26:34.751997
PE,Peru,DIGEMID,BECLOMETASONA DIPROPIONATO 50 µg/DOSIS 200 DOSIS AEROSOL,BECLOMETASONA DIPROPIONATO,50 µg/DOSIS 200 DOSIS,,01012,,,,,shortage,AEROSOL,,2026-08-31,99,15,https://www.digemid.minsa.gob.pe/webDigemid/disponibilidad-de-productos-farmaceuticos/2026/disponibilidad-de-productos-farmaceuticos-agosto-2026/,2026-09-22T14:26:34.751997
PE,Peru,DIGEMID,DEXAMETASONA FOSFATO (COMO SAL SODICA) 4 mg/2 mL 2 mL INYECTABLE,DEXAMETASONA FOSFATO (COMO SAL SODICA),4 mg/2 mL 2 mL,,02642,,,,,shortage,INYECTABLE,,2026-08-31,98,15,https://www.digemid.minsa.gob.pe/webDigemid/disponibilidad-de-productos-farmaceuticos/2026/disponibilidad-de-productos-farmaceuticos-agosto-2026/,2026-09-22T14:26:34.751997
PE,Peru,DIGEMID,SALBUTAMOL (COMO SULFATO) 100 µg/DOSIS 200 DOSIS AEROSOL,SALBUTAMOL (COMO SULFATO),100 µg/DOSIS 200 DOSIS,,05731,,,,,shortage,AEROSOL,,2026-08-31,98,20,https://www.digemid.minsa.gob.pe/webDigemid/disponibilidad-de-productos-farmaceuticos/2026/disponibilidad-de-productos-farmaceuticos-agosto-2026/,2026-09-22T14:26:34.751997
PE,Peru,DIGEMID,SODIO CLORURO 900 mg/100 mL (0.9 %) 1 L INYECTABLE,SODIO CLORURO,900 mg/100 mL (0.9 %) 1 L,,05873,,,,,shortage,INYECTABLE,,2026-08-31,97,24,https://www.digemid.minsa.gob.pe/webDigemid/disponibilidad-de-productos-farmaceuticos/2026/disponibilidad-de-productos-farmaceuticos-agosto-2026/,2026-09-22T14:26:34.751997
PE,Peru,DIGEMID,FENITOINA SODICA 100 mg TABLETA,FENITOINA SODICA,100 mg,,03451,,,,,shortage,TABLETA,,2026-08-31,97,22,https://www.digemid.minsa.gob.pe/webDigemid/disponibilidad-de-productos-farmaceuticos/2026/disponibilidad-de-productos-farmaceuticos-agosto-2026/,2026-09-22T14:26:34.751997
PE,Peru,DIGEMID,HIDROCLOROTIAZIDA 25 mg TABLETA,HIDROCLOROTIAZIDA,25 mg,,03921,,,,,shortage,TABLETA,,2026-08-31,97,21,https://www.digemid.minsa.gob.pe/webDigemid/disponibilidad-de-productos-farmaceuticos/2026/disponibilidad-de-productos-farmaceuticos-agosto-2026/,2026-09-22T14:26:34.751997
PE,Peru,DIGEMID,OMEPRAZOL 20 mg TABLETA,OMEPRAZOL,20 mg,,05154,,,,,shortage,TABLETA,,2026-08-31,97,20,https://www.digemid.minsa.gob.pe/webDigemid/disponibilidad-de-productos-farmaceuticos/2026/disponibilidad-de-productos-farmaceuticos-agosto-2026/,2026-09-22T14:26:34.751997
PE,Peru,DIGEMID,SULFAMETOXAZOL + TRIMETOPRIMA 800 mg + 160 mg TABLETA,SULFAMETOXAZOL + TRIMETOPRIMA,800 mg + 160 mg,,03515,,,,,shortage,TABLETA,,2026-08-31,97,19,https://www.digemid.minsa.gob.pe/webDigemid/disponibilidad-de-productos-farmaceuticos/2026/disponibilidad-de-productos-farmaceuticos-agosto-2026/,2026-09-22T14:26:34.751997
PE,Peru,DIGEMID,AMOXICILINA + ACIDO CLAVULANICO 250 mg + 62.5 mg/5 mL 120 mL SUSPENSION,AMOXICILINA + ACIDO CLAVULANICO,250 mg + 62.5 mg/5 mL 120 mL,,00721,,,,,shortage,SUSPENSION,,2026-08-31,96,18,https://www.digemid.minsa.gob.pe/webDigemid/disponibilidad-de-productos-farmaceuticos/2026/disponibilidad-de-productos-farmaceuticos-agosto-2026/,2026-09-22T14:26:34.751997
PE,Peru,DIGEMID,SULFAMETOXAZOL + TRIMETOPRIMA 200 mg + 40 mg/5 mL 60 mL SUSPENSION,SULFAMETOXAZOL + TRIMETOPRIMA,200 mg + 40 mg/5 mL 60 mL,,05986,,,,,shortage,SUSPENSION,,2026-08-31,95,20,https://www.digemid.minsa.gob.pe/webDigemid/disponibilidad-de-productos-farmaceuticos/2026/disponibilidad-de-productos-farmaceuticos-agosto-2026/,2026-09-22T14:26:34.751997
PE,Peru,DIGEMID,DIMENHIDRINATO 50 mg TABLETA,DIMENHIDRINATO,50 mg,,02891,,,,,shortage,TABLETA,,2026-08-31,94,18,https://www.digemid.minsa.gob.pe/webDigemid/disponibilidad-de-productos-farmaceuticos/2026/disponibilidad-de-productos-farmaceuticos-agosto-2026/,2026-09-22T14:26:34.751997
PE,Peru,DIGEMID,ALPRAZOLAM 500 µg (0.5 mg) TABLETA,ALPRAZOLAM,500 µg (0.5 mg),,00393,,,,,shortage,TABLETA,,2026-08-31,94,25,https://www.digemid.minsa.gob.pe/webDigemid/disponibilidad-de-productos-farmaceuticos/2026/disponibilidad-de-productos-farmaceuticos-agosto-2026/,2026-09-22T14:26:34.751997
PE,Peru,DIGEMID,CICLOSERINA 250 mg TABLETA,CICLOSERINA,250 mg,,01788,,,,,shortage,TABLETA,,2026-08-31,94,23,https://www.digemid.minsa.gob.pe/webDigemid/disponibilidad-de-productos-farmaceuticos/2026/disponibilidad-de-productos-farmaceuticos-agosto-2026/,2026-09-22T14:26:34.751997
PE,Peru,DIGEMID,OXIGENO MEDICINAL 93 % M3 GAS,OXIGENO MEDICINAL,93 % M3,,41434,,,,,shortage,GAS,,2026-08-31,93,17,https://www.digemid.minsa.gob.pe/webDigemid/disponibilidad-de-productos-farmaceuticos/2026/disponibilidad-de-productos-farmaceuticos-agosto-2026/,2026-09-22T14:26:34.751997
PE,Peru,DIGEMID,ACIDO ACETILSALICILICO 100 mg TABLETA,ACIDO ACETILSALICILICO,100 mg,,00091,,,,,shortage,TABLETA,,2026-08-31,92,22,https://www.digemid.minsa.gob.pe/webDigemid/disponibilidad-de-productos-farmaceuticos/2026/disponibilidad-de-productos-farmaceuticos-agosto-2026/,2026-09-22T14:26:34.751997
PE,Peru,DIGEMID,IBUPROFENO 100 mg/5 mL 60 mL SUSPENSION,IBUPROFENO,100 mg/5 mL 60 mL,,04024,,,,,shortage,SUSPENSION,,2026-08-31,92,16,https://www.digemid.minsa.gob.pe/webDigemid/disponibilidad-de-productos-farmaceuticos/2026/disponibilidad-de-productos-farmaceuticos-agosto-2026/,2026-09-22T14:26:34.751997
PE,Peru,DIGEMID,CLINDAMICINA (COMO CLORHIDRATO) 300 mg TABLETA,CLINDAMICINA (COMO CLORHIDRATO),300 mg,,01964,,,,,shortage,TABLETA,,2026-08-31,91,21,https://www.digemid.minsa.gob.pe/webDigemid/disponibilidad-de-productos-farmaceuticos/2026/disponibilidad-de-productos-farmaceuticos-agosto-2026/,2026-09-22T14:26:34.751997
PE,Peru,DIGEMID,GABAPENTINA 300 mg TABLETA,GABAPENTINA,300 mg,,03718,,,,,shortage,TABLETA,,2026-08-31,90,19,https://www.digemid.minsa.gob.pe/webDigemid/disponibilidad-de-productos-farmaceuticos/2026/disponibilidad-de-productos-farmaceuticos-agosto-2026/,2026-09-22T14:26:34.751997
PE,Peru,DIGEMID,DICLOXACILINA (COMO SAL SODICA) 250 mg TABLETA,DICLOXACILINA (COMO SAL SODICA),250 mg,,02835,,,,,shortage,TABLETA,,2026-08-31,89,14,https://www.digemid.minsa.gob.pe/webDigemid/disponibilidad-de-productos-farmaceuticos/2026/disponibilidad-de-productos-farmaceuticos-agosto-2026/,2026-09-22T14:26:34.751997
PE,Peru,DIGEMID,FUROSEMIDA 20 mg 2 mL INYECTABLE,FUROSEMIDA,20 mg 2 mL,,29153,,,,,shortage,INYECTABLE,,2026-08-31,88,17,https://www.digemid.minsa.gob.pe/webDigemid/disponibilidad-de-productos-farmaceuticos/2026/disponibilidad-de-productos-farmaceuticos-agosto-2026/,2026-09-22T14:26:34.751997
PE,Peru,DIGEMID,SOLUCION POLIELECTROLITICA 1 L SOLUCION,SOLUCION POLIELECTROLITICA,1 L,,05598,,,,,shortage,SOLUCION,,2026-08-31,87,23,https://www.digemid.minsa.gob.pe/webDigemid/disponibilidad-de-productos-farmaceuticos/2026/disponibilidad-de-productos-farmaceuticos-agosto-2026/,2026-09-22T14:26:34.751997
PE,Peru,DIGEMID,LIDOCAINA CLORHIDRATO + EPINEFRINA 20 mg + 12.5 µg/mL 1.8 mL INYECTABLE,LIDOCAINA CLORHIDRATO + EPINEFRINA,20 mg + 12.5 µg/mL 1.8 mL,,23438,,,,,shortage,INYECTABLE,,2026-08-31,87,19,https://www.digemid.minsa.gob.pe/webDigemid/disponibilidad-de-productos-farmaceuticos/2026/disponibilidad-de-productos-farmaceuticos-agosto-2026/,2026-09-22T14:26:34.751997
PE,Peru,DIGEMID,BENCILPENICILINA SODICA CON DILUYENTE 1000000 UI INYECTABLE,BENCILPENICILINA SODICA CON DILUYENTE,1000000 UI,,18318,,,,,shortage,INYECTABLE,,2026-08-31,87,13,https://www.digemid.minsa.gob.pe/webDigemid/disponibilidad-de-productos-farmaceuticos/2026/disponibilidad-de-productos-farmaceuticos-agosto-2026/,2026-09-22T14:26:34.751997
PE,Peru,DIGEMID,CLONAZEPAM 500 µg (0.5 mg) TABLETA,CLONAZEPAM,500 µg (0.5 mg),,02003,,,,,shortage,TABLETA,,2026-08-31,86,20,https://www.digemid.minsa.gob.pe/webDigemid/disponibilidad-de-productos-farmaceuticos/2026/disponibilidad-de-productos-farmaceuticos-agosto-2026/,2026-09-22T14:26:34.751997
PE,Peru,DIGEMID,CLOFAZIMINA 100 mg TABLETA,CLOFAZIMINA,100 mg,,17618,,,,,shortage,TABLETA,,2026-08-31,86,21,https://www.digemid.minsa.gob.pe/webDigemid/disponibilidad-de-productos-farmaceuticos/2026/disponibilidad-de-productos-farmaceuticos-agosto-2026/,2026-09-22T14:26:34.751997
PE,Peru,DIGEMID,GLICLAZIDA (TABLETA DE LIBERACION MODIFICADA) 60 mg TABLETA,GLICLAZIDA,60 mg,,41174,,,,,shortage,TABLETA,,2026-08-31,85,22,https://www.digemid.minsa.gob.pe/webDigemid/disponibilidad-de-productos-farmaceuticos/2026/disponibilidad-de-productos-farmaceuticos-agosto-2026/,2026-09-22T14:26:34.751997
PE,Peru,DIGEMID,ALCOHOL YODADO 1 g/100 mL 1 L SOLUCION,ALCOHOL YODADO,1 g/100 mL 1 L,,21735,,,,,shortage,SOLUCION,,2026-08-31,85,10,https://www.digemid.minsa.gob.pe/webDigemid/disponibilidad-de-productos-farmaceuticos/2026/disponibilidad-de-productos-farmaceuticos-agosto-2026/,2026-09-22T14:26:34.751997
PE,Peru,DIGEMID,LIDOCAINA CLORHIDRATO 2 g/100 g 10 g GEL,LIDOCAINA CLORHIDRATO,2 g/100 g 10 g,,04415,,,,,shortage,GEL,,2026-08-31,84,18,https://www.digemid.minsa.gob.pe/webDigemid/disponibilidad-de-productos-farmaceuticos/2026/disponibilidad-de-productos-farmaceuticos-agosto-2026/,2026-09-22T14:26:34.751997
PE,Peru,DIGEMID,CLOTRIMAZOL 500 mg OVULO,CLOTRIMAZOL,500 mg,,02354,,,,,shortage,OVULO,,2026-08-31,83,17,https://www.digemid.minsa.gob.pe/webDigemid/disponibilidad-de-productos-farmaceuticos/2026/disponibilidad-de-productos-farmaceuticos-agosto-2026/,2026-09-22T14:26:34.751997
PE,Peru,DIGEMID,ISONIAZIDA + RIFAMPICINA 50 mg + 75 mg TABLETA,ISONIAZIDA + RIFAMPICINA,50 mg + 75 mg,,53450,,,,,shortage,TABLETA,,2026-08-31,83,22,https://www.digemid.minsa.gob.pe/webDigemid/disponibilidad-de-productos-farmaceuticos/2026/disponibilidad-de-productos-farmaceuticos-agosto-2026/,2026-09-22T14:26:34.751997
PE,Peru,DIGEMID,ACICLOVIR 400 mg TABLETA,ACICLOVIR,400 mg,,00145,,,,,shortage,TABLETA,,2026-08-31,82,19,https://www.digemid.minsa.gob.pe/webDigemid/disponibilidad-de-productos-farmaceuticos/2026/disponibilidad-de-productos-farmaceuticos-agosto-2026/,2026-09-22T14:26:34.751997
PE,Peru,DIGEMID,DEXTROMETORFANO BROMHIDRATO 15 mg/5 mL 120 mL JARABE,DEXTROMETORFANO BROMHIDRATO,15 mg/5 mL 120 mL,,02724,,,,,shortage,JARABE,,2026-08-31,81,18,https://www.digemid.minsa.gob.pe/webDigemid/disponibilidad-de-productos-farmaceuticos/2026/disponibilidad-de-productos-farmaceuticos-agosto-2026/,2026-09-22T14:26:34.751997
PE,Peru,DIGEMID,AMLODIPINO (COMO BESILATO) 10 mg TABLETA,AMLODIPINO (COMO BESILATO),10 mg,,00671,,,,,shortage,TABLETA,,2026-08-31,81,18,https://www.digemid.minsa.gob.pe/webDigemid/disponibilidad-de-productos-farmaceuticos/2026/disponibilidad-de-productos-farmaceuticos-agosto-2026/,2026-09-22T14:26:34.751997
PE,Peru,DIGEMID,GEMFIBROZILO 600 mg TABLETA,GEMFIBROZILO,600 mg,,03735,,,,,shortage,TABLETA,,2026-08-31,80,21,https://www.digemid.minsa.gob.pe/webDigemid/disponibilidad-de-productos-farmaceuticos/2026/disponibilidad-de-productos-farmaceuticos-agosto-2026/,2026-09-22T14:26:34.751997
PE,Peru,DIGEMID,SODIO CLORURO 900 mg/100 mL (0.9 %) 250 mL INYECTABLE,SODIO CLORURO,900 mg/100 mL (0.9 %) 250 mL,,05880,,,,,shortage,INYECTABLE,,2026-08-31,80,14,https://www.digemid.minsa.gob.pe/webDigemid/disponibilidad-de-productos-farmaceuticos/2026/disponibilidad-de-productos-farmaceuticos-agosto-2026/,2026-09-22T14:26:34.751997
PE,Peru,DIGEMID,NITROFURANTOINA 25 mg/5 mL 120 mL SUSPENSION,NITROFURANTOINA,25 mg/5 mL 120 mL,,05096,,,,,shortage,SUSPENSION,,2026-08-31,78,19,https://www.digemid.minsa.gob.pe/webDigemid/disponibilidad-de-productos-farmaceuticos/2026/disponibilidad-de-productos-farmaceuticos-agosto-2026/,2026-09-22T14:26:34.751997
PE,Peru,DIGEMID,PRIMAQUINA FOSFATO 15 mg TABLETA,PRIMAQUINA FOSFATO,15 mg,,05599,,,,,shortage,TABLETA,,2026-08-31,76,13,https://www.digemid.minsa.gob.pe/webDigemid/disponibilidad-de-productos-farmaceuticos/2026/disponibilidad-de-productos-farmaceuticos-agosto-2026/,2026-09-22T14:26:34.751997
PE,Peru,DIGEMID,HIDROCORTISONA (COMO SUCCINATO SODICO) 100 mg 2 mL INYECTABLE,HIDROCORTISONA (COMO SUCCINATO SODICO),100 mg 2 mL,,03952,,,,,shortage,INYECTABLE,,2026-08-31,76,16,https://www.digemid.minsa.gob.pe/webDigemid/disponibilidad-de-productos-farmaceuticos/2026/disponibilidad-de-productos-farmaceuticos-agosto-2026/,2026-09-22T14:26:34.751997
PE,Peru,DIGEMID,PARACETAMOL 100 mg/mL 10 mL SOLUCION,PARACETAMOL,100 mg/mL 10 mL,,05281,,,,,shortage,SOLUCION,,2026-08-31,74,19,https://www.digemid.minsa.gob.pe/webDigemid/disponibilidad-de-productos-farmaceuticos/2026/disponibilidad-de-productos-farmaceuticos-agosto-2026/,2026-09-22T14:26:34.751997
PE,Peru,DIGEMID,CEFAZOLINA (COMO SAL SODICA) 1 g INYECTABLE,CEFAZOLINA (COMO SAL SODICA),1 g,,01639,,,,,shortage,INYECTABLE,,2026-08-31,74,15,https://www.digemid.minsa.gob.pe/webDigemid/disponibilidad-de-productos-farmaceuticos/2026/disponibilidad-de-productos-farmaceuticos-agosto-2026/,2026-09-22T14:26:34.751997
PE,Peru,DIGEMID,DEXTROSA 10 g/100 mL (10 %) 1 L INYECTABLE,DEXTROSA,10 g/100 mL (10 %) 1 L,,03783,,,,,shortage,INYECTABLE,,2026-08-31,72,16,https://www.digemid.minsa.gob.pe/webDigemid/disponibilidad-de-productos-farmaceuticos/2026/disponibilidad-de-productos-farmaceuticos-agosto-2026/,2026-09-22T14:26:34.751997
PE,Peru,DIGEMID,PEROXIDO DE HIDROGENO 10 V 1 L SOLUCION,PEROXIDO DE HIDROGENO,10 V 1 L,,11567,,,,,shortage,SOLUCION,,2026-08-31,72,13,https://www.digemid.minsa.gob.pe/webDigemid/disponibilidad-de-productos-farmaceuticos/2026/disponibilidad-de-productos-farmaceuticos-agosto-2026/,2026-09-22T14:26:34.751997
PE,Peru,DIGEMID,CARBAMAZEPINA 200 mg TABLETA,CARBAMAZEPINA,200 mg,,01532,,,,,shortage,TABLETA,,2026-08-31,71,17,https://www.digemid.minsa.gob.pe/webDigemid/disponibilidad-de-productos-farmaceuticos/2026/disponibilidad-de-productos-farmaceuticos-agosto-2026/,2026-09-22T14:26:34.751997
PE,Peru,DIGEMID,CLORANFENICOL 500 mg TABLETA,CLORANFENICOL,500 mg,,02055,,,,,shortage,TABLETA,,2026-08-31,71,11,https://www.digemid.minsa.gob.pe/webDigemid/disponibilidad-de-productos-farmaceuticos/2026/disponibilidad-de-productos-farmaceuticos-agosto-2026/,2026-09-22T14:26:34.751997
PE,Peru,DIGEMID,GLICEROL 1 g/100 g 5 g GEL,GLICEROL,1 g/100 g 5 g,,03760,,,,,shortage,GEL,,2026-08-31,70,17,https://www.digemid.minsa.gob.pe/webDigemid/disponibilidad-de-productos-farmaceuticos/2026/disponibilidad-de-productos-farmaceuticos-agosto-2026/,2026-09-22T14:26:34.751997
PE,Peru,DIGEMID,BECLOMETASONA DIPROPIONATO 250 µg/DOSIS 200 DOSIS AEROSOL,BECLOMETASONA DIPROPIONATO,250 µg/DOSIS 200 DOSIS,,01009,,,,,shortage,AEROSOL,,2026-08-31,69,17,https://www.digemid.minsa.gob.pe/webDigemid/disponibilidad-de-productos-farmaceuticos/2026/disponibilidad-de-productos-farmaceuticos-agosto-2026/,2026-09-22T14:26:34.751997
PE,Peru,DIGEMID,HIDROCORTISONA (COMO ACETATO) 1 g/100 g (1 %) 20 g CREMA,HIDROCORTISONA (COMO ACETATO),1 g/100 g (1 %) 20 g,,03944,,,,,shortage,CREMA,,2026-08-31,69,20,https://www.digemid.minsa.gob.pe/webDigemid/disponibilidad-de-productos-farmaceuticos/2026/disponibilidad-de-productos-farmaceuticos-agosto-2026/,2026-09-22T14:26:34.751997
PE,Peru,DIGEMID,OXACILINA 1 g INYECTABLE,OXACILINA,1 g,,05211,,,,,shortage,INYECTABLE,,2026-08-31,67,13,https://www.digemid.minsa.gob.pe/webDigemid/disponibilidad-de-productos-farmaceuticos/2026/disponibilidad-de-productos-farmaceuticos-agosto-2026/,2026-09-22T14:26:34.751997
PE,Peru,DIGEMID,DOLUTEGRAVIR + LAMIVUDINA + TENOFOVIR 50 mg + 300 mg + 300 mg TABLETA,DOLUTEGRAVIR + LAMIVUDINA + TENOFOVIR,50 mg + 300 mg + 300 mg,,41842,,,,,shortage,TABLETA,,2026-08-31,67,21,https://www.digemid.minsa.gob.pe/webDigemid/disponibilidad-de-productos-farmaceuticos/2026/disponibilidad-de-productos-farmaceuticos-agosto-2026/,2026-09-22T14:26:34.751997
PE,Peru,DIGEMID,ALCOHOL ETILICO (ETANOL) 70 % 120 mL GEL,ALCOHOL ETILICO (ETANOL),70 % 120 mL,,44348,,,,,shortage,GEL,,2026-08-31,66,1,https://www.digemid.minsa.gob.pe/webDigemid/disponibilidad-de-productos-farmaceuticos/2026/disponibilidad-de-productos-farmaceuticos-agosto-2026/,2026-09-22T14:26:34.751997
PE,Peru,DIGEMID,LOPINAVIR + RITONAVIR 200 mg + 50 mg TABLETA,LOPINAVIR + RITONAVIR,200 mg + 50 mg,,18625,,,,,shortage,TABLETA,,2026-08-31,64,26,https://www.digemid.minsa.gob.pe/webDigemid/disponibilidad-de-productos-farmaceuticos/2026/disponibilidad-de-productos-farmaceuticos-agosto-2026/,2026-09-22T14:26:34.751997
PE,Peru,DIGEMID,HIDROCLOROTIAZIDA 12.5 mg TABLETA,HIDROCLOROTIAZIDA,12.5 mg,,03920,,,,,shortage,TABLETA,,2026-08-31,63,20,https://www.digemid.minsa.gob.pe/webDigemid/disponibilidad-de-productos-farmaceuticos/2026/disponibilidad-de-productos-farmaceuticos-agosto-2026/,2026-09-22T14:26:34.751997
PE,Peru,DIGEMID,CIPROFLOXACINO (COMO CLORHIDRATO) 500 mg TABLETA,CIPROFLOXACINO (COMO CLORHIDRATO),500 mg,,01846,,,,,shortage,TABLETA,,2026-08-31,63,17,https://www.digemid.minsa.gob.pe/webDigemid/disponibilidad-de-productos-farmaceuticos/2026/disponibilidad-de-productos-farmaceuticos-agosto-2026/,2026-09-22T14:26:34.751997
PE,Peru,DIGEMID,SUERO ANTIBOTROPICO TETRAVALENTE 2.5 mg/mL 10 mL INYECTABLE,SUERO ANTIBOTROPICO TETRAVALENTE,2.5 mg/mL 10 mL,,52819,,,,,shortage,INYECTABLE,,2026-08-31,61,15,https://www.digemid.minsa.gob.pe/webDigemid/disponibilidad-de-productos-farmaceuticos/2026/disponibilidad-de-productos-farmaceuticos-agosto-2026/,2026-09-22T14:26:34.751997
PE,Peru,DIGEMID,VALPROATO SODICO (TABLETA DE LIBERACION MODIFICADA) 500 mg TABLETA,VALPROATO SODICO,500 mg,,40803,,,,,shortage,TABLETA,,2026-08-31,61,18,https://www.digemid.minsa.gob.pe/webDigemid/disponibilidad-de-productos-farmaceuticos/2026/disponibilidad-de-productos-farmaceuticos-agosto-2026/,2026-09-22T14:26:34.751997
PE,Peru,DIGEMID,VALPROATO SODICO 500 mg TABLETA,VALPROATO SODICO,500 mg,,06466,,,,,shortage,TABLETA,,2026-08-31,61,16,https://www.digemid.minsa.gob.pe/webDigemid/disponibilidad-de-productos-farmaceuticos/2026/disponibilidad-de-productos-farmaceuticos-agosto-2026/,2026-09-22T14:26:34.751997
PE,Peru,DIGEMID,ACIDO FOLICO + FERROSO SULFATO (Equiv. de Hierro elemental) 400 µg + 60 mg Fe TABLETA,ACIDO FOLICO + FERROSO SULFATO (Equiv. de Hierro elemental),400 µg + 60 mg Fe,,03513,,,,,shortage,TABLETA,,2026-08-31,60,16,https://www.digemid.minsa.gob.pe/webDigemid/disponibilidad-de-productos-farmaceuticos/2026/disponibilidad-de-productos-farmaceuticos-agosto-2026/,2026-09-22T14:26:34.751997
PE,Peru,DIGEMID,ALCOHOL ETILICO (ETANOL) 70% 1 L GEL,ALCOHOL ETILICO (ETANOL),70% 1 L,,44101,,,,,shortage,GEL,,2026-08-31,59,10,https://www.digemid.minsa.gob.pe/webDigemid/disponibilidad-de-productos-farmaceuticos/2026/disponibilidad-de-productos-farmaceuticos-agosto-2026/,2026-09-22T14:26:34.751997
PE,Peru,DIGEMID,DICLOXACILINA (COMO SAL SODICA) 500 mg TABLETA,DICLOXACILINA (COMO SAL SODICA),500 mg,,02836,,,,,shortage,TABLETA,,2026-08-31,58,16,https://www.digemid.minsa.gob.pe/webDigemid/disponibilidad-de-productos-farmaceuticos/2026/disponibilidad-de-productos-farmaceuticos-agosto-2026/,2026-09-22T14:26:34.751997
PE,Peru,DIGEMID,METRONIDAZOL 500 mg 100 mL INYECTABLE,METRONIDAZOL,500 mg 100 mL,,04776,,,,,shortage,INYECTABLE,,2026-08-31,58,18,https://www.digemid.minsa.gob.pe/webDigemid/disponibilidad-de-productos-farmaceuticos/2026/disponibilidad-de-productos-farmaceuticos-agosto-2026/,2026-09-22T14:26:34.751997
PE,Peru,DIGEMID,ACIDO FUSIDICO 2 g/100 g (2 %) 15 g CREMA,ACIDO FUSIDICO,2 g/100 g (2 %) 15 g,,00202,,,,,shortage,CREMA,,2026-08-31,58,16,https://www.digemid.minsa.gob.pe/webDigemid/disponibilidad-de-productos-farmaceuticos/2026/disponibilidad-de-productos-farmaceuticos-agosto-2026/,2026-09-22T14:26:34.751997
PE,Peru,DIGEMID,CEFAZOLINA (COMO SAL SODICA) CON DILUYENTE 1 g INYECTABLE,CEFAZOLINA (COMO SAL SODICA) CON DILUYENTE,1 g,,18156,,,,,shortage,INYECTABLE,,2026-08-31,57,18,https://www.digemid.minsa.gob.pe/webDigemid/disponibilidad-de-productos-farmaceuticos/2026/disponibilidad-de-productos-farmaceuticos-agosto-2026/,2026-09-22T14:26:34.751997
PE,Peru,DIGEMID,LEVONORGESTREL 750 µg BLISTER X 2 TABLETA,LEVONORGESTREL,750 µg BLISTER X 2,,38680,,,,,shortage,TABLETA,,2026-08-31,57,15,https://www.digemid.minsa.gob.pe/webDigemid/disponibilidad-de-productos-farmaceuticos/2026/disponibilidad-de-productos-farmaceuticos-agosto-2026/,2026-09-22T14:26:34.751997
PE,Peru,DIGEMID,ACIDO TRANEXAMICO 1 g 10 mL INYECTABLE,ACIDO TRANEXAMICO,1 g 10 mL,,00223,,,,,shortage,INYECTABLE,,2026-08-31,54,14,https://www.digemid.minsa.gob.pe/webDigemid/disponibilidad-de-productos-farmaceuticos/2026/disponibilidad-de-productos-farmaceuticos-agosto-2026/,2026-09-22T14:26:34.751997
PE,Peru,DIGEMID,TAMSULOSINA CLORHIDRATO (TABLETA DE LIBERACION MODIFICADA) 400 µg (0.4 mg) TABLETA,TAMSULOSINA CLORHIDRATO,400 µg (0.4 mg),,41445,,,,,shortage,TABLETA,,2026-08-31,54,12,https://www.digemid.minsa.gob.pe/webDigemid/disponibilidad-de-productos-farmaceuticos/2026/disponibilidad-de-productos-farmaceuticos-agosto-2026/,2026-09-22T14:26:34.751997
PE,Peru,DIGEMID,ALCOHOL ETILICO (ETANOL) 70º 1 L SOLUCION,ALCOHOL ETILICO (ETANOL),70º 1 L,,35125,,,,,shortage,SOLUCION,,2026-08-31,53,10,https://www.digemid.minsa.gob.pe/webDigemid/disponibilidad-de-productos-farmaceuticos/2026/disponibilidad-de-productos-farmaceuticos-agosto-2026/,2026-09-22T14:26:34.751997
PE,Peru,DIGEMID,IRBESARTAN 150 mg TABLETA,IRBESARTAN,150 mg,,04146,,,,,shortage,TABLETA,,2026-08-31,52,15,https://www.digemid.minsa.gob.pe/webDigemid/disponibilidad-de-productos-farmaceuticos/2026/disponibilidad-de-productos-farmaceuticos-agosto-2026/,2026-09-22T14:26:34.751997
PE,Peru,DIGEMID,SODIO BICARBONATO 8.4 g/100 mL (8.4 %) 20 mL INYECTABLE,SODIO BICARBONATO,8.4 g/100 mL (8.4 %) 20 mL,,05856,,,,,shortage,INYECTABLE,,2026-08-31,51,14,https://www.digemid.minsa.gob.pe/webDigemid/disponibilidad-de-productos-farmaceuticos/2026/disponibilidad-de-productos-farmaceuticos-agosto-2026/,2026-09-22T14:26:34.751997
PE,Peru,DIGEMID,BROMURO DE IPRATROPIO 20 µg/Dosis 200 DOSIS AEROSOL,BROMURO DE IPRATROPIO,20 µg/Dosis 200 DOSIS,,20622,,,,,shortage,AEROSOL,,2026-08-31,50,20,https://www.digemid.minsa.gob.pe/webDigemid/disponibilidad-de-productos-farmaceuticos/2026/disponibilidad-de-productos-farmaceuticos-agosto-2026/,2026-09-22T14:26:34.751997
PE,Peru,DIGEMID,AMOXICILINA 500 mg TABLETA,AMOXICILINA,500 mg,,00808,,,,,shortage,TABLETA,,2026-08-31,50,15,https://www.digemid.minsa.gob.pe/webDigemid/disponibilidad-de-productos-farmaceuticos/2026/disponibilidad-de-productos-farmaceuticos-agosto-2026/,2026-09-22T14:26:34.751997
PE,Peru,DIGEMID,AZITROMICINA 200 mg/5 mL 15 mL SUSPENSION,AZITROMICINA,200 mg/5 mL 15 mL,,00930,,,,,shortage,SUSPENSION,,2026-08-31,50,7,https://www.digemid.minsa.gob.pe/webDigemid/disponibilidad-de-productos-farmaceuticos/2026/disponibilidad-de-productos-farmaceuticos-agosto-2026/,2026-09-22T14:26:34.751997
PE,Peru,DIGEMID,CLORPROMAZINA CLORHIDRATO 100 mg TABLETA,CLORPROMAZINA CLORHIDRATO,100 mg,,02208,,,,,shortage,TABLETA,,2026-08-31,50,13,https://www.digemid.minsa.gob.pe/webDigemid/disponibilidad-de-productos-farmaceuticos/2026/disponibilidad-de-productos-farmaceuticos-agosto-2026/,2026-09-22T14:26:34.751997
PE,Peru,DIGEMID,VACUNA ANTIRRABICA CANINA 10 DOSIS INYECTABLE,VACUNA ANTIRRABICA CANINA,10 DOSIS,,06404,,,,,shortage,INYECTABLE,,2026-08-31,49,2,https://www.digemid.minsa.gob.pe/webDigemid/disponibilidad-de-productos-farmaceuticos/2026/disponibilidad-de-productos-farmaceuticos-agosto-2026/,2026-09-22T14:26:34.751997
PE,Peru,DIGEMID,SUERO ANTIOFIDICO POLIVALENTE 10 mL INYECTABLE,SUERO ANTIOFIDICO POLIVALENTE,10 mL,,51670,,,,,shortage,INYECTABLE,,2026-08-31,48,12,https://www.digemid.minsa.gob.pe/webDigemid/disponibilidad-de-productos-farmaceuticos/2026/disponibilidad-de-productos-farmaceuticos-agosto-2026/,2026-09-22T14:26:34.751997
PE,Peru,DIGEMID,ALUMINIO HIDROXIDO + MAGNESIO HIDROXIDO 300 - 400 mg/5 mL 120 mL SUSPENSION,ALUMINIO HIDROXIDO + MAGNESIO HIDROXIDO,300 - 400 mg/5 mL 120 mL,,00496,,,,,shortage,SUSPENSION,,2026-08-31,47,3,https://www.digemid.minsa.gob.pe/webDigemid/disponibilidad-de-productos-farmaceuticos/2026/disponibilidad-de-productos-farmaceuticos-agosto-2026/,2026-09-22T14:26:34.751997
PE,Peru,DIGEMID,TIMOLOL MALEATO(SOLUCION OFTALMICA) 5 mg/mL (0.5 %) 5 mL SOLUCION,TIMOLOL MALEATO,5 mg/mL (0.5 %) 5 mL,,06144,,,,,shortage,SOLUCION,,2026-08-31,46,16,https://www.digemid.minsa.gob.pe/webDigemid/disponibilidad-de-productos-farmaceuticos/2026/disponibilidad-de-productos-farmaceuticos-agosto-2026/,2026-09-22T14:26:34.751997
PE,Peru,DIGEMID,BIPERIDENO LACTATO 5 mg/mL 1 mL INYECTABLE,BIPERIDENO LACTATO,5 mg/mL 1 mL,,01242,,,,,shortage,INYECTABLE,,2026-08-31,46,15,https://www.digemid.minsa.gob.pe/webDigemid/disponibilidad-de-productos-farmaceuticos/2026/disponibilidad-de-productos-farmaceuticos-agosto-2026/,2026-09-22T14:26:34.751997
PE,Peru,DIGEMID,PEROXIDO DE HIDROGENO USP (AGUA OXIGENADA 10 V) 3 % 120 mL SOLUCION,PEROXIDO DE HIDROGENO USP (AGUA OXIGENADA 10 V),3 % 120 mL,,11569,,,,,shortage,SOLUCION,,2026-08-31,46,1,https://www.digemid.minsa.gob.pe/webDigemid/disponibilidad-de-productos-farmaceuticos/2026/disponibilidad-de-productos-farmaceuticos-agosto-2026/,2026-09-22T14:26:34.751997
PE,Peru,DIGEMID,AMIKACINA (COMO SULFATO) 250 mg/2 mL (125 mg/mL) 2 mL INYECTABLE,AMIKACINA (COMO SULFATO),250 mg/2 mL (125 mg/mL) 2 mL,,00626,,,,,shortage,INYECTABLE,,2026-08-31,45,6,https://www.digemid.minsa.gob.pe/webDigemid/disponibilidad-de-productos-farmaceuticos/2026/disponibilidad-de-productos-farmaceuticos-agosto-2026/,2026-09-22T14:26:34.751997
PE,Peru,DIGEMID,DEXAMETASONA 2 mg/5 mL 100 mL SOLUCION,DEXAMETASONA,2 mg/5 mL 100 mL,,52547,,,,,shortage,SOLUCION,,2026-08-31,44,10,https://www.digemid.minsa.gob.pe/webDigemid/disponibilidad-de-productos-farmaceuticos/2026/disponibilidad-de-productos-farmaceuticos-agosto-2026/,2026-09-22T14:26:34.751997
PE,Peru,DIGEMID,DEXAMETASONA FOSFATO (COMO SAL SODICA) 4 mg/mL 1 mL INYECTABLE,DEXAMETASONA FOSFATO (COMO SAL SODICA),4 mg/mL 1 mL,,02641,,,,,shortage,INYECTABLE,,2026-08-31,43,12,https://www.digemid.minsa.gob.pe/webDigemid/disponibilidad-de-productos-farmaceuticos/2026/disponibilidad-de-productos-farmaceuticos-agosto-2026/,2026-09-22T14:26:34.751997
PE,Peru,DIGEMID,AMIKACINA (COMO SULFATO) 50 mg/mL 2 mL INYECTABLE,AMIKACINA (COMO SULFATO),50 mg/mL 2 mL,,00625,,,,,shortage,INYECTABLE,,2026-08-31,43,21,https://www.digemid.minsa.gob.pe/webDigemid/disponibilidad-de-productos-farmaceuticos/2026/disponibilidad-de-productos-farmaceuticos-agosto-2026/,2026-09-22T14:26:34.751997
PE,Peru,DIGEMID,HALOPERIDOL 5 mg/mL 1 mL INYECTABLE,HALOPERIDOL,5 mg/mL 1 mL,,03873,,,,,shortage,INYECTABLE,,2026-08-31,42,21,https://www.digemid.minsa.gob.pe/webDigemid/disponibilidad-de-productos-farmaceuticos/2026/disponibilidad-de-productos-farmaceuticos-agosto-2026/,2026-09-22T14:26:34.751997
PE,Peru,DIGEMID,VALPROATO SODICO 250 mg/5 mL 120 mL JARABE,VALPROATO SODICO,250 mg/5 mL 120 mL,,17771,,,,,shortage,JARABE,,2026-08-31,42,19,https://www.digemid.minsa.gob.pe/webDigemid/disponibilidad-de-productos-farmaceuticos/2026/disponibilidad-de-productos-farmaceuticos-agosto-2026/,2026-09-22T14:26:34.751997
PE,Peru,DIGEMID,ATENOLOL 100 mg TABLETA,ATENOLOL,100 mg,,00900,,,,,shortage,TABLETA,,2026-08-31,42,12,https://www.digemid.minsa.gob.pe/webDigemid/disponibilidad-de-productos-farmaceuticos/2026/disponibilidad-de-productos-farmaceuticos-agosto-2026/,2026-09-22T14:26:34.751997
PE,Peru,DIGEMID,LEVOTIROXINA SODICA 100 µg (0.1 mg) TABLETA,LEVOTIROXINA SODICA,100 µg (0.1 mg),,04381,,,,,shortage,TABLETA,,2026-08-31,41,20,https://www.digemid.minsa.gob.pe/webDigemid/disponibilidad-de-productos-farmaceuticos/2026/disponibilidad-de-productos-farmaceuticos-agosto-2026/,2026-09-22T14:26:34.751997
PE,Peru,DIGEMID,LIDOCAINA CLORHIDRATO 2 g/100 g 30 g GEL,LIDOCAINA CLORHIDRATO,2 g/100 g 30 g,,04420,,,,,shortage,GEL,,2026-08-31,40,11,https://www.digemid.minsa.gob.pe/webDigemid/disponibilidad-de-productos-farmaceuticos/2026/disponibilidad-de-productos-farmaceuticos-agosto-2026/,2026-09-22T14:26:34.751997
PE,Peru,DIGEMID,GLIMEPIRIDA 4 mg TABLETA,GLIMEPIRIDA,4 mg,,03774,,,,,shortage,TABLETA,,2026-08-31,40,13,https://www.digemid.minsa.gob.pe/webDigemid/disponibilidad-de-productos-farmaceuticos/2026/disponibilidad-de-productos-farmaceuticos-agosto-2026/,2026-09-22T14:26:34.751997
PE,Peru,DIGEMID,MANITOL 20 g/100 mL (20 %) 1 L INYECTABLE,MANITOL,20 g/100 mL (20 %) 1 L,,04565,,,,,shortage,INYECTABLE,,2026-08-31,40,16,https://www.digemid.minsa.gob.pe/webDigemid/disponibilidad-de-productos-farmaceuticos/2026/disponibilidad-de-productos-farmaceuticos-agosto-2026/,2026-09-22T14:26:34.751997
PE,Peru,DIGEMID,DICLOFENACO 75 mg 2 mL INYECTABLE,DICLOFENACO,75 mg 2 mL,,02787,,,,,shortage,INYECTABLE,,2026-08-31,40,4,https://www.digemid.minsa.gob.pe/webDigemid/disponibilidad-de-productos-farmaceuticos/2026/disponibilidad-de-productos-farmaceuticos-agosto-2026/,2026-09-22T14:26:34.751997
PE,Peru,DIGEMID,VACUNA CONTRA ROTAVIRUS (SUSPENSION ORAL) 1 DOSIS (1.5 mL) SUSPENSION,VACUNA CONTRA ROTAVIRUS,1 DOSIS (1.5 mL),,37608,,,,,shortage,SUSPENSION,,2026-08-31,39,9,https://www.digemid.minsa.gob.pe/webDigemid/disponibilidad-de-productos-farmaceuticos/2026/disponibilidad-de-productos-farmaceuticos-agosto-2026/,2026-09-22T14:26:34.751997
PE,Peru,DIGEMID,ACIDO TRANEXAMICO 250 mg TABLETA,ACIDO TRANEXAMICO,250 mg,,00225,,,,,shortage,TABLETA,,2026-08-31,39,13,https://www.digemid.minsa.gob.pe/webDigemid/disponibilidad-de-productos-farmaceuticos/2026/disponibilidad-de-productos-farmaceuticos-agosto-2026/,2026-09-22T14:26:34.751997
PE,Peru,DIGEMID,ESTRIOL (CREMA VAGINAL) 100 mg/100 g (0.1 %) 15 g CREMA,ESTRIOL,100 mg/100 g (0.1 %) 15 g,,03266,,,,,shortage,CREMA,,2026-08-31,39,12,https://www.digemid.minsa.gob.pe/webDigemid/disponibilidad-de-productos-farmaceuticos/2026/disponibilidad-de-productos-farmaceuticos-agosto-2026/,2026-09-22T14:26:34.751997
PE,Peru,DIGEMID,NITROFURAL 200 mg/100 g 500 g CREMA,NITROFURAL,200 mg/100 g 500 g,,05085,,,,,shortage,CREMA,,2026-08-31,38,7,https://www.digemid.minsa.gob.pe/webDigemid/disponibilidad-de-productos-farmaceuticos/2026/disponibilidad-de-productos-farmaceuticos-agosto-2026/,2026-09-22T14:26:34.751997
PE,Peru,DIGEMID,HIERRO POLIMALTOSA 50 mg/5 mL 150 mL JARABE,HIERRO POLIMALTOSA,50 mg/5 mL 150 mL,,33524,,,,,shortage,JARABE,,2026-08-31,38,2,https://www.digemid.minsa.gob.pe/webDigemid/disponibilidad-de-productos-farmaceuticos/2026/disponibilidad-de-productos-farmaceuticos-agosto-2026/,2026-09-22T14:26:34.751997
PE,Peru,DIGEMID,CALCITRIOL 0.25 µg TABLETA,CALCITRIOL,0.25 µg,,01503,,,,,shortage,TABLETA,,2026-08-31,37,13,https://www.digemid.minsa.gob.pe/webDigemid/disponibilidad-de-productos-farmaceuticos/2026/disponibilidad-de-productos-farmaceuticos-agosto-2026/,2026-09-22T14:26:34.751997
PE,Peru,DIGEMID,CLONAZEPAM 2 mg TABLETA,CLONAZEPAM,2 mg,,02004,,,,,shortage,TABLETA,,2026-08-31,37,15,https://www.digemid.minsa.gob.pe/webDigemid/disponibilidad-de-productos-farmaceuticos/2026/disponibilidad-de-productos-farmaceuticos-agosto-2026/,2026-09-22T14:26:34.751997
PE,Peru,DIGEMID,CLARITROMICINA 250 mg/5 mL 60 mL SUSPENSION,CLARITROMICINA,250 mg/5 mL 60 mL,,01925,,,,,shortage,SUSPENSION,,2026-08-31,37,14,https://www.digemid.minsa.gob.pe/webDigemid/disponibilidad-de-productos-farmaceuticos/2026/disponibilidad-de-productos-farmaceuticos-agosto-2026/,2026-09-22T14:26:34.751997
PE,Peru,DIGEMID,INMUNOGLOBULINA ANTI D 300 ug 2 mL INYECTABLE,INMUNOGLOBULINA ANTI D,300 ug 2 mL,,04058,,,,,shortage,INYECTABLE,,2026-08-31,37,17,https://www.digemid.minsa.gob.pe/webDigemid/disponibilidad-de-productos-farmaceuticos/2026/disponibilidad-de-productos-farmaceuticos-agosto-2026/,2026-09-22T14:26:34.751997
PE,Peru,DIGEMID,ESPIRONOLACTONA 25 mg TABLETA,ESPIRONOLACTONA,25 mg,,03224,,,,,shortage,TABLETA,,2026-08-31,36,16,https://www.digemid.minsa.gob.pe/webDigemid/disponibilidad-de-productos-farmaceuticos/2026/disponibilidad-de-productos-farmaceuticos-agosto-2026/,2026-09-22T14:26:34.751997
PE,Peru,DIGEMID,TAMSULOSINA CLORHIDRATO 400 µg (0.4 mg) TABLETA,TAMSULOSINA CLORHIDRATO,400 µg (0.4 mg),,06039,,,,,shortage,TABLETA,,2026-08-31,36,14,https://www.digemid.minsa.gob.pe/webDigemid/disponibilidad-de-productos-farmaceuticos/2026/disponibilidad-de-productos-farmaceuticos-agosto-2026/,2026-09-22T14:26:34.751997
PE,Peru,DIGEMID,CLOTRIMAZOL 1 g/100 mL (1 %) 20 mL SOLUCION,CLOTRIMAZOL,1 g/100 mL (1 %) 20 mL,,02309,,,,,shortage,SOLUCION,,2026-08-31,35,13,https://www.digemid.minsa.gob.pe/webDigemid/disponibilidad-de-productos-farmaceuticos/2026/disponibilidad-de-productos-farmaceuticos-agosto-2026/,2026-09-22T14:26:34.751997
PE,Peru,DIGEMID,LIDOCAINA CLORHIDRATO 10 g/ 100 mL 115 mL AEROSOL,LIDOCAINA CLORHIDRATO,10 g/ 100 mL 115 mL,,37890,,,,,shortage,AEROSOL,,2026-08-31,35,9,https://www.digemid.minsa.gob.pe/webDigemid/disponibilidad-de-productos-farmaceuticos/2026/disponibilidad-de-productos-farmaceuticos-agosto-2026/,2026-09-22T14:26:34.751997
PE,Peru,DIGEMID,TINTURA DE YODO 1 L SOLUCION,TINTURA DE YODO,1 L,,12507,,,,,shortage,SOLUCION,,2026-08-31,35,1,https://www.digemid.minsa.gob.pe/webDigemid/disponibilidad-de-productos-farmaceuticos/2026/disponibilidad-de-productos-farmaceuticos-agosto-2026/,2026-09-22T14:26:34.751997
PE,Peru,DIGEMID,PEROXIDO DE HIDROGENO (AGUA OXIGENADA 10 V) 3% 120 mL SOLUCION,PEROXIDO DE HIDROGENO (AGUA OXIGENADA 10 V),3% 120 mL,,16860,,,,,shortage,SOLUCION,,2026-08-31,34,8,https://www.digemid.minsa.gob.pe/webDigemid/disponibilidad-de-productos-farmaceuticos/2026/disponibilidad-de-productos-farmaceuticos-agosto-2026/,2026-09-22T14:26:34.751997
PE,Peru,DIGEMID,AMITRIPTILINA CLORHIDRATO 25 mg TABLETA,AMITRIPTILINA CLORHIDRATO,25 mg,,00670,,,,,shortage,TABLETA,,2026-08-31,34,15,https://www.digemid.minsa.gob.pe/webDigemid/disponibilidad-de-productos-farmaceuticos/2026/disponibilidad-de-productos-farmaceuticos-agosto-2026/,2026-09-22T14:26:34.751997
PE,Peru,DIGEMID,DISPOSITIVO INTRAUTERINO CON LEVONORGESTREL 52 mg UNIDAD,DISPOSITIVO INTRAUTERINO CON LEVONORGESTREL,52 mg,,33009,,,,,shortage,UNIDAD,,2026-08-31,33,15,https://www.digemid.minsa.gob.pe/webDigemid/disponibilidad-de-productos-farmaceuticos/2026/disponibilidad-de-productos-farmaceuticos-agosto-2026/,2026-09-22T14:26:34.751997
PE,Peru,DIGEMID,TRAMADOL CLORHIDRATO 100 mg/mL 10 mL SOLUCION,TRAMADOL CLORHIDRATO,100 mg/mL 10 mL,,06234,,,,,shortage,SOLUCION,,2026-08-31,33,8,https://www.digemid.minsa.gob.pe/webDigemid/disponibilidad-de-productos-farmaceuticos/2026/disponibilidad-de-productos-farmaceuticos-agosto-2026/,2026-09-22T14:26:34.751997
PE,Peru,DIGEMID,ESPIRONOLACTONA 100 mg TABLETA,ESPIRONOLACTONA,100 mg,,03223,,,,,shortage,TABLETA,,2026-08-31,32,14,https://www.digemid.minsa.gob.pe/webDigemid/disponibilidad-de-productos-farmaceuticos/2026/disponibilidad-de-productos-farmaceuticos-agosto-2026/,2026-09-22T14:26:34.751997
PE,Peru,DIGEMID,BISOPROLOL FUMARATO 5 mg TABLETA,BISOPROLOL FUMARATO,5 mg,,01274,,,,,shortage,TABLETA,,2026-08-31,32,11,https://www.digemid.minsa.gob.pe/webDigemid/disponibilidad-de-productos-farmaceuticos/2026/disponibilidad-de-productos-farmaceuticos-agosto-2026/,2026-09-22T14:26:34.751997
PE,Peru,DIGEMID,TETRACICLINA CLORHIDRATO (UNGÜENTO OFTALMICO) 1 g/100 g 5 g UNGÜENTO,TETRACICLINA CLORHIDRATO,1 g/100 g 5 g,,32912,,,,,shortage,UNGUENTO,,2026-08-31,32,2,https://www.digemid.minsa.gob.pe/webDigemid/disponibilidad-de-productos-farmaceuticos/2026/disponibilidad-de-productos-farmaceuticos-agosto-2026/,2026-09-22T14:26:34.751997
PE,Peru,DIGEMID,LAMOTRIGINA 50 mg TABLETA,LAMOTRIGINA,50 mg,,04332,,,,,shortage,TABLETA,,2026-08-31,31,13,https://www.digemid.minsa.gob.pe/webDigemid/disponibilidad-de-productos-farmaceuticos/2026/disponibilidad-de-productos-farmaceuticos-agosto-2026/,2026-09-22T14:26:34.751997
PE,Peru,DIGEMID,RISPERIDONA 2 mg TABLETA,RISPERIDONA,2 mg,,05694,,,,,shortage,TABLETA,,2026-08-31,31,15,https://www.digemid.minsa.gob.pe/webDigemid/disponibilidad-de-productos-farmaceuticos/2026/disponibilidad-de-productos-farmaceuticos-agosto-2026/,2026-09-22T14:26:34.751997
PE,Peru,DIGEMID,MIDAZOLAM 5 mg 5 mL INYECTABLE,MIDAZOLAM,5 mg 5 mL,,04831,,,,,shortage,INYECTABLE,,2026-08-31,31,17,https://www.digemid.minsa.gob.pe/webDigemid/disponibilidad-de-productos-farmaceuticos/2026/disponibilidad-de-productos-farmaceuticos-agosto-2026/,2026-09-22T14:26:34.751997
PE,Peru,DIGEMID,MIRTAZAPINA 30 mg TABLETA,MIRTAZAPINA,30 mg,,04846,,,,,shortage,TABLETA,,2026-08-31,30,14,https://www.digemid.minsa.gob.pe/webDigemid/disponibilidad-de-productos-farmaceuticos/2026/disponibilidad-de-productos-farmaceuticos-agosto-2026/,2026-09-22T14:26:34.751997
PE,Peru,DIGEMID,ACETILCISTEINA 100 mg/5 mL 120 mL SOLUCION,ACETILCISTEINA,100 mg/5 mL 120 mL,,19499,,,,,shortage,SOLUCION,,2026-08-31,30,8,https://www.digemid.minsa.gob.pe/webDigemid/disponibilidad-de-productos-farmaceuticos/2026/disponibilidad-de-productos-farmaceuticos-agosto-2026/,2026-09-22T14:26:34.751997
PE,Peru,DIGEMID,SULFADIAZINA DE PLATA 1 g/100 g 30 g CREMA,SULFADIAZINA DE PLATA,1 g/100 g 30 g,,05959,,,,,shortage,CREMA,,2026-08-31,30,5,https://www.digemid.minsa.gob.pe/webDigemid/disponibilidad-de-productos-farmaceuticos/2026/disponibilidad-de-productos-farmaceuticos-agosto-2026/,2026-09-22T14:26:34.751997
PE,Peru,DIGEMID,SUERO ANTIOFIDICO POLIVALENTE INYECTABLE,SUERO ANTIOFIDICO POLIVALENTE,,,27877,,,,,shortage,INYECTABLE,,2026-08-31,29,5,https://www.digemid.minsa.gob.pe/webDigemid/disponibilidad-de-productos-farmaceuticos/2026/disponibilidad-de-productos-farmaceuticos-agosto-2026/,2026-09-22T14:26:34.751997
PE,Peru,DIGEMID,SODIO CLORURO 900 mg/100 mL (0.9 %) 2 mL INYECTABLE,SODIO CLORURO,900 mg/100 mL (0.9 %) 2 mL,,05876,,,,,shortage,INYECTABLE,,2026-08-31,29,13,https://www.digemid.minsa.gob.pe/webDigemid/disponibilidad-de-productos-farmaceuticos/2026/disponibilidad-de-productos-farmaceuticos-agosto-2026/,2026-09-22T14:26:34.751997
PE,Peru,DIGEMID,ZOLPIDEM TARTRATO 10 mg TABLETA,ZOLPIDEM TARTRATO,10 mg,,06602,,,,,shortage,TABLETA,,2026-08-31,29,16,https://www.digemid.minsa.gob.pe/webDigemid/disponibilidad-de-productos-farmaceuticos/2026/disponibilidad-de-productos-farmaceuticos-agosto-2026/,2026-09-22T14:26:34.751997
PE,Peru,DIGEMID,METRONIDAZOL 500 mg OVULO,METRONIDAZOL,500 mg,,04803,,,,,shortage,OVULO,,2026-08-31,29,2,https://www.digemid.minsa.gob.pe/webDigemid/disponibilidad-de-productos-farmaceuticos/2026/disponibilidad-de-productos-farmaceuticos-agosto-2026/,2026-09-22T14:26:34.751997
PE,Peru,DIGEMID,FLUOXETINA (COMO CLORHIDRATO) 20 mg TABLETA,FLUOXETINA (COMO CLORHIDRATO),20 mg,,03624,,,,,shortage,TABLETA,,2026-08-31,28,15,https://www.digemid.minsa.gob.pe/webDigemid/disponibilidad-de-productos-farmaceuticos/2026/disponibilidad-de-productos-farmaceuticos-agosto-2026/,2026-09-22T14:26:34.751997
PE,Peru,DIGEMID,FLUFENAZINA DECANOATO 25 mg/mL 1 mL INYECTABLE,FLUFENAZINA DECANOATO,25 mg/mL 1 mL,,41079,,,,,shortage,INYECTABLE,,2026-08-31,28,16,https://www.digemid.minsa.gob.pe/webDigemid/disponibilidad-de-productos-farmaceuticos/2026/disponibilidad-de-productos-farmaceuticos-agosto-2026/,2026-09-22T14:26:34.751997
PE,Peru,DIGEMID,HALOPERIDOL (COMO DECANOATO) 50 mg/mL 1 mL INYECTABLE,HALOPERIDOL (COMO DECANOATO),50 mg/mL 1 mL,,03874,,,,,shortage,INYECTABLE,,2026-08-31,27,10,https://www.digemid.minsa.gob.pe/webDigemid/disponibilidad-de-productos-farmaceuticos/2026/disponibilidad-de-productos-farmaceuticos-agosto-2026/,2026-09-22T14:26:34.751997
PE,Peru,DIGEMID,FENITOINA SODICA 50mg/mL 2 mL INYECTABLE,FENITOINA SODICA,50mg/mL 2 mL,,03443,,,,,shortage,INYECTABLE,,2026-08-31,27,19,https://www.digemid.minsa.gob.pe/webDigemid/disponibilidad-de-productos-farmaceuticos/2026/disponibilidad-de-productos-farmaceuticos-agosto-2026/,2026-09-22T14:26:34.751997
PE,Peru,DIGEMID,SODIO CLORURO 900 mg/100 mL (0.9 %) 5 mL INYECTABLE,SODIO CLORURO,900 mg/100 mL (0.9 %) 5 mL,,05882,,,,,shortage,INYECTABLE,,2026-08-31,27,10,https://www.digemid.minsa.gob.pe/webDigemid/disponibilidad-de-productos-farmaceuticos/2026/disponibilidad-de-productos-farmaceuticos-agosto-2026/,2026-09-22T14:26:34.751997
PE,Peru,DIGEMID,ETAMBUTOL CLORHIDRATO 100 mg TABLETA,ETAMBUTOL CLORHIDRATO,100 mg,,53451,,,,,shortage,TABLETA,,2026-08-31,27,13,https://www.digemid.minsa.gob.pe/webDigemid/disponibilidad-de-productos-farmaceuticos/2026/disponibilidad-de-productos-farmaceuticos-agosto-2026/,2026-09-22T14:26:34.751997
PE,Peru,DIGEMID,QUETIAPINA 200 mg TABLETA,QUETIAPINA,200 mg,,05646,,,,,shortage,TABLETA,,2026-08-31,26,16,https://www.digemid.minsa.gob.pe/webDigemid/disponibilidad-de-productos-farmaceuticos/2026/disponibilidad-de-productos-farmaceuticos-agosto-2026/,2026-09-22T14:26:34.751997
PE,Peru,DIGEMID,BISACODILO ( TABLETA DE LIBERACION MODIFICADA) 5 mg TABLETA,BISACODILO,5 mg,,41444,,,,,shortage,TABLETA,,2026-08-31,26,10,https://www.digemid.minsa.gob.pe/webDigemid/disponibilidad-de-productos-farmaceuticos/2026/disponibilidad-de-productos-farmaceuticos-agosto-2026/,2026-09-22T14:26:34.751997
PE,Peru,DIGEMID,AGUA DESTILADA 5 L SOLUCION,AGUA DESTILADA,5 L,,27381,,,,,shortage,SOLUCION,,2026-08-31,26,7,https://www.digemid.minsa.gob.pe/webDigemid/disponibilidad-de-productos-farmaceuticos/2026/disponibilidad-de-productos-farmaceuticos-agosto-2026/,2026-09-22T14:26:34.751997
PE,Peru,DIGEMID,CEFUROXIMA (COMO AXETIL) 250 mg/5 mL 50 mL SUSPENSION,CEFUROXIMA (COMO AXETIL),250 mg/5 mL 50 mL,,01705,,,,,shortage,SUSPENSION,,2026-08-31,26,16,https://www.digemid.minsa.gob.pe/webDigemid/disponibilidad-de-productos-farmaceuticos/2026/disponibilidad-de-productos-farmaceuticos-agosto-2026/,2026-09-22T14:26:34.751997
PE,Peru,DIGEMID,SUERO ANTIOFIDICO LIOFILIZADO 100 mg/20 mg INYECTABLE,SUERO ANTIOFIDICO LIOFILIZADO,100 mg/20 mg,,08174,,,,,shortage,INYECTABLE,,2026-08-31,26,1,https://www.digemid.minsa.gob.pe/webDigemid/disponibilidad-de-productos-farmaceuticos/2026/disponibilidad-de-productos-farmaceuticos-agosto-2026/,2026-09-22T14:26:34.751997
PE,Peru,DIGEMID,EMTRICITABINA + TENOFOVIR 200 mg + 300 mg TABLETA,EMTRICITABINA + TENOFOVIR,200 mg + 300 mg,,30437,,,,,shortage,TABLETA,,2026-08-31,25,12,https://www.digemid.minsa.gob.pe/webDigemid/disponibilidad-de-productos-farmaceuticos/2026/disponibilidad-de-productos-farmaceuticos-agosto-2026/,2026-09-22T14:26:34.751997
PE,Peru,DIGEMID,ARTESUNATO + MEFLOQUINA 100 mg + 200 mg TABLETA,ARTESUNATO + MEFLOQUINA,100 mg + 200 mg,,31083,,,,,shortage,TABLETA,,2026-08-31,25,2,https://www.digemid.minsa.gob.pe/webDigemid/disponibilidad-de-productos-farmaceuticos/2026/disponibilidad-de-productos-farmaceuticos-agosto-2026/,2026-09-22T14:26:34.751997
PE,Peru,DIGEMID,VACUNA ANTINEUMOCOCICA CONJUGADA 20-VALENTE - 1 DOSIS INYECTABLE,VACUNA ANTINEUMOCOCICA CONJUGADA,20-VALENTE - 1 DOSIS,,55776,,,,,shortage,INYECTABLE,,2026-08-31,24,7,https://www.digemid.minsa.gob.pe/webDigemid/disponibilidad-de-productos-farmaceuticos/2026/disponibilidad-de-productos-farmaceuticos-agosto-2026/,2026-09-22T14:26:34.751997
PE,Peru,DIGEMID,BUDESONIDA 200 µg/DOSIS 200 DOSIS AEROSOL,BUDESONIDA,200 µg/DOSIS 200 DOSIS,,01358,,,,,shortage,AEROSOL,,2026-08-31,24,8,https://www.digemid.minsa.gob.pe/webDigemid/disponibilidad-de-productos-farmaceuticos/2026/disponibilidad-de-productos-farmaceuticos-agosto-2026/,2026-09-22T14:26:34.751997
PE,Peru,DIGEMID,ACETAZOLAMIDA 250 mg TABLETA,ACETAZOLAMIDA,250 mg,,00056,,,,,shortage,TABLETA,,2026-08-31,24,13,https://www.digemid.minsa.gob.pe/webDigemid/disponibilidad-de-productos-farmaceuticos/2026/disponibilidad-de-productos-farmaceuticos-agosto-2026/,2026-09-22T14:26:34.751997
PE,Peru,DIGEMID,HIPROMELOSA (SOLUCION OFTALMICA) 3 mg/mL 10 mL SOLUCION,HIPROMELOSA,3 mg/mL 10 mL,,03999,,,,,shortage,SOLUCION,,2026-08-31,23,3,https://www.digemid.minsa.gob.pe/webDigemid/disponibilidad-de-productos-farmaceuticos/2026/disponibilidad-de-productos-farmaceuticos-agosto-2026/,2026-09-22T14:26:34.751997
PE,Peru,DIGEMID,SERTRALINA 50 mg TABLETA,SERTRALINA,50 mg,,05807,,,,,shortage,TABLETA,,2026-08-31,23,13,https://www.digemid.minsa.gob.pe/webDigemid/disponibilidad-de-productos-farmaceuticos/2026/disponibilidad-de-productos-farmaceuticos-agosto-2026/,2026-09-22T14:26:34.751997
PE,Peru,DIGEMID,AMIODARONA CLORHIDRATO 50 mg/mL 3 mL INYECTABLE,AMIODARONA CLORHIDRATO,50 mg/mL 3 mL,,00663,,,,,shortage,INYECTABLE,,2026-08-31,23,16,https://www.digemid.minsa.gob.pe/webDigemid/disponibilidad-de-productos-farmaceuticos/2026/disponibilidad-de-productos-farmaceuticos-agosto-2026/,2026-09-22T14:26:34.751997
PE,Peru,DIGEMID,FOSFATO DE CLOROQUINA 250 mg (Equiv a 155 mg de Cloroquina) TABLETA,FOSFATO DE CLOROQUINA,250 mg (Equiv a 155 mg de Cloroquina),,44853,,,,,shortage,TABLETA,,2026-08-31,23,7,https://www.digemid.minsa.gob.pe/webDigemid/disponibilidad-de-productos-farmaceuticos/2026/disponibilidad-de-productos-farmaceuticos-agosto-2026/,2026-09-22T14:26:34.751997
PE,Peru,DIGEMID,DICLOFENACO 1 g/100 g 50 g GEL,DICLOFENACO,1 g/100 g 50 g,,02782,,,,,shortage,GEL,,2026-08-31,23,4,https://www.digemid.minsa.gob.pe/webDigemid/disponibilidad-de-productos-farmaceuticos/2026/disponibilidad-de-productos-farmaceuticos-agosto-2026/,2026-09-22T14:26:34.751997
PE,Peru,DIGEMID,ALCOHOL ETILICO (ETANOL) 70% 360 mL GEL,ALCOHOL ETILICO (ETANOL),70% 360 mL,,44228,,,,,shortage,GEL,,2026-08-31,23,1,https://www.digemid.minsa.gob.pe/webDigemid/disponibilidad-de-productos-farmaceuticos/2026/disponibilidad-de-productos-farmaceuticos-agosto-2026/,2026-09-22T14:26:34.751997
PE,Peru,DIGEMID,GLIMEPIRIDA 2 mg TABLETA,GLIMEPIRIDA,2 mg,,18375,,,,,shortage,TABLETA,,2026-08-31,22,12,https://www.digemid.minsa.gob.pe/webDigemid/disponibilidad-de-productos-farmaceuticos/2026/disponibilidad-de-productos-farmaceuticos-agosto-2026/,2026-09-22T14:26:34.751997
PE,Peru,DIGEMID,CARBIDOPA + LEVODOPA 25 mg + 250 mg TABLETA,CARBIDOPA + LEVODOPA,25 mg + 250 mg,,01537,,,,,shortage,TABLETA,,2026-08-31,22,11,https://www.digemid.minsa.gob.pe/webDigemid/disponibilidad-de-productos-farmaceuticos/2026/disponibilidad-de-productos-farmaceuticos-agosto-2026/,2026-09-22T14:26:34.751997
PE,Peru,DIGEMID,ALCOHOL ETILICO (ETANOL) 70° 500 mL SOLUCION,ALCOHOL ETILICO (ETANOL),70° 500 mL,,10224,,,,,shortage,SOLUCION,,2026-08-31,22,5,https://www.digemid.minsa.gob.pe/webDigemid/disponibilidad-de-productos-farmaceuticos/2026/disponibilidad-de-productos-farmaceuticos-agosto-2026/,2026-09-22T14:26:34.751997
PE,Peru,DIGEMID,FLUTICASONA PROPIONATO + SALMETEROL (COMO XINAFOATO) 250 µg + 25 µg/DOSIS 120 DOSIS AEROSOL,FLUTICASONA PROPIONATO + SALMETEROL (COMO XINAFOATO),250 µg + 25 µg/DOSIS 120 DOSIS,,03635,,,,,shortage,AEROSOL,,2026-08-31,22,8,https://www.digemid.minsa.gob.pe/webDigemid/disponibilidad-de-productos-farmaceuticos/2026/disponibilidad-de-productos-farmaceuticos-agosto-2026/,2026-09-22T14:26:34.751997
PE,Peru,DIGEMID,ALOPURINOL 100 mg TABLETA,ALOPURINOL,100 mg,,00389,,,,,shortage,TABLETA,,2026-08-31,22,9,https://www.digemid.minsa.gob.pe/webDigemid/disponibilidad-de-productos-farmaceuticos/2026/disponibilidad-de-productos-farmaceuticos-agosto-2026/,2026-09-22T14:26:34.751997
PE,Peru,DIGEMID,ISONIAZIDA + PIRAZINAMIDA + RIFAMPICINA 50 mg + 150 mg + 75 mg TABLETA,ISONIAZIDA + PIRAZINAMIDA + RIFAMPICINA,50 mg + 150 mg + 75 mg,,53452,,,,,shortage,TABLETA,,2026-08-31,22,11,https://www.digemid.minsa.gob.pe/webDigemid/disponibilidad-de-productos-farmaceuticos/2026/disponibilidad-de-productos-farmaceuticos-agosto-2026/,2026-09-22T14:26:34.751997
PE,Peru,DIGEMID,SALES DE REHIDRATACION ORAL 27.9 g POLVO,SALES DE REHIDRATACION ORAL,27.9 g,,05595,,,,,shortage,POLVO,,2026-08-31,22,7,https://www.digemid.minsa.gob.pe/webDigemid/disponibilidad-de-productos-farmaceuticos/2026/disponibilidad-de-productos-farmaceuticos-agosto-2026/,2026-09-22T14:26:34.751997
PE,Peru,DIGEMID,OXIGENO MEDICINAL 1 L GAS,OXIGENO MEDICINAL,1 L,,34847,,,,,shortage,GAS,,2026-08-31,22,2,https://www.digemid.minsa.gob.pe/webDigemid/disponibilidad-de-productos-farmaceuticos/2026/disponibilidad-de-productos-farmaceuticos-agosto-2026/,2026-09-22T14:26:34.751997
PE,Peru,DIGEMID,CEFTAZIDIMA CON DILUYENTE 1 g INYECTABLE,CEFTAZIDIMA CON DILUYENTE,1 g,,18157,,,,,shortage,INYECTABLE,,2026-08-31,21,9,https://www.digemid.minsa.gob.pe/webDigemid/disponibilidad-de-productos-farmaceuticos/2026/disponibilidad-de-productos-farmaceuticos-agosto-2026/,2026-09-22T14:26:34.751997
PE,Peru,DIGEMID,INMUNOGLOBULINA ANTIHEPATITIS B 200 UI/mL 1 mL INYECTABLE,INMUNOGLOBULINA ANTIHEPATITIS B,200 UI/mL 1 mL,,29409,,,,,shortage,INYECTABLE,,2026-08-31,21,9,https://www.digemid.minsa.gob.pe/webDigemid/disponibilidad-de-productos-farmaceuticos/2026/disponibilidad-de-productos-farmaceuticos-agosto-2026/,2026-09-22T14:26:34.751997
PE,Peru,DIGEMID,LEVOMEPROMAZINA (COMO MALEATO) 100 mg TABLETA,LEVOMEPROMAZINA (COMO MALEATO),100 mg,,04368,,,,,shortage,TABLETA,,2026-08-31,21,13,https://www.digemid.minsa.gob.pe/webDigemid/disponibilidad-de-productos-farmaceuticos/2026/disponibilidad-de-productos-farmaceuticos-agosto-2026/,2026-09-22T14:26:34.751997
PE,Peru,DIGEMID,HALOPERIDOL 2 mg/mL 20 mL SOLUCION,HALOPERIDOL,2 mg/mL 20 mL,,03878,,,,,shortage,SOLUCION,,2026-08-31,21,13,https://www.digemid.minsa.gob.pe/webDigemid/disponibilidad-de-productos-farmaceuticos/2026/disponibilidad-de-productos-farmaceuticos-agosto-2026/,2026-09-22T14:26:34.751997
PE,Peru,DIGEMID,ESCITALOPRAM 10 mg TABLETA,ESCITALOPRAM,10 mg,,18373,,,,,shortage,TABLETA,,2026-08-31,21,14,https://www.digemid.minsa.gob.pe/webDigemid/disponibilidad-de-productos-farmaceuticos/2026/disponibilidad-de-productos-farmaceuticos-agosto-2026/,2026-09-22T14:26:34.751997
PE,Peru,DIGEMID,CLOMIPRAMINA CLORHIDRATO 25 mg TABLETA,CLOMIPRAMINA CLORHIDRATO,25 mg,,01997,,,,,shortage,TABLETA,,2026-08-31,21,12,https://www.digemid.minsa.gob.pe/webDigemid/disponibilidad-de-productos-farmaceuticos/2026/disponibilidad-de-productos-farmaceuticos-agosto-2026/,2026-09-22T14:26:34.751997
PE,Peru,DIGEMID,ALCOHOL ETILICO (ETANOL) 70% 250 mL GEL,ALCOHOL ETILICO (ETANOL),70% 250 mL,,44284,,,,,shortage,GEL,,2026-08-31,21,2,https://www.digemid.minsa.gob.pe/webDigemid/disponibilidad-de-productos-farmaceuticos/2026/disponibilidad-de-productos-farmaceuticos-agosto-2026/,2026-09-22T14:26:34.751997
PE,Peru,DIGEMID,"VACUNA CONTRA LA VIRUELA SIMICA (SMALLPOX Y MONKEYPOX) VIVA NO REPLICANTE, FAB. BAVARIAN NORDIC A/S-DINAMARCA 0.5 mL/DOSIS VIAL x 0.5 mL INYECTABLE","VACUNA CONTRA LA VIRUELA SIMICA (SMALLPOX Y MONKEYPOX) VIVA NO REPLICANTE, FAB. BAVARIAN NORDIC A/S-DINAMARCA",0.5 mL/DOSIS VIAL x 0.5 mL,,50089,,,,,shortage,INYECTABLE,,2026-08-31,20,8,https://www.digemid.minsa.gob.pe/webDigemid/disponibilidad-de-productos-farmaceuticos/2026/disponibilidad-de-productos-farmaceuticos-agosto-2026/,2026-09-22T14:26:34.751997
PE,Peru,DIGEMID,ABACAVIR + LAMIVUDINA 600 mg + 300 mg TABLETA,ABACAVIR + LAMIVUDINA,600 mg + 300 mg,,30585,,,,,shortage,TABLETA,,2026-08-31,20,12,https://www.digemid.minsa.gob.pe/webDigemid/disponibilidad-de-productos-farmaceuticos/2026/disponibilidad-de-productos-farmaceuticos-agosto-2026/,2026-09-22T14:26:34.751997
PE,Peru,DIGEMID,ZIDOVUDINA 50 mg/5 mL 240 mL JARABE,ZIDOVUDINA,50 mg/5 mL 240 mL,,06570,,,,,shortage,JARABE,,2026-08-31,20,13,https://www.digemid.minsa.gob.pe/webDigemid/disponibilidad-de-productos-farmaceuticos/2026/disponibilidad-de-productos-farmaceuticos-agosto-2026/,2026-09-22T14:26:34.751997
PE,Peru,DIGEMID,ALCOHOL YODADO 0.3 g/100 mL 1 L SOLUCION,ALCOHOL YODADO,0.3 g/100 mL 1 L,,21730,,,,,shortage,SOLUCION,,2026-08-31,20,4,https://www.digemid.minsa.gob.pe/webDigemid/disponibilidad-de-productos-farmaceuticos/2026/disponibilidad-de-productos-farmaceuticos-agosto-2026/,2026-09-22T14:26:34.751997
PE,Peru,DIGEMID,ACETILCISTEINA 200 mg 1 g GRANULOS,ACETILCISTEINA,200 mg 1 g,,00071,,,,,shortage,GRANULOS,,2026-08-31,20,3,https://www.digemid.minsa.gob.pe/webDigemid/disponibilidad-de-productos-farmaceuticos/2026/disponibilidad-de-productos-farmaceuticos-agosto-2026/,2026-09-22T14:26:34.751997
PE,Peru,DIGEMID,ALCOHOL YODADO 1 g/100 mL 120 mL SOLUCION,ALCOHOL YODADO,1 g/100 mL 120 mL,,21736,,,,,shortage,SOLUCION,,2026-08-31,20,4,https://www.digemid.minsa.gob.pe/webDigemid/disponibilidad-de-productos-farmaceuticos/2026/disponibilidad-de-productos-farmaceuticos-agosto-2026/,2026-09-22T14:26:34.751997
PE,Peru,DIGEMID,BENZOATO DE BENCILO 25 g/100 mL 60 mL LOCION,BENZOATO DE BENCILO,25 g/100 mL 60 mL,,28527,,,,,shortage,LOCION,,2026-08-31,20,5,https://www.digemid.minsa.gob.pe/webDigemid/disponibilidad-de-productos-farmaceuticos/2026/disponibilidad-de-productos-farmaceuticos-agosto-2026/,2026-09-22T14:26:34.751997
PE,Peru,DIGEMID,CALCIO CARBONATO 500 mg (Equiv. a 500 mg de Calcio) TABLETA,CALCIO CARBONATO,500 mg (Equiv. a 500 mg de Calcio),,01451,,,,,shortage,TABLETA,,2026-08-31,19,4,https://www.digemid.minsa.gob.pe/webDigemid/disponibilidad-de-productos-farmaceuticos/2026/disponibilidad-de-productos-farmaceuticos-agosto-2026/,2026-09-22T14:26:34.751997
PE,Peru,DIGEMID,DOLUTEGRAVIR 50 mg TABLETA,DOLUTEGRAVIR,50 mg,,38785,,,,,shortage,TABLETA,,2026-08-31,19,12,https://www.digemid.minsa.gob.pe/webDigemid/disponibilidad-de-productos-farmaceuticos/2026/disponibilidad-de-productos-farmaceuticos-agosto-2026/,2026-09-22T14:26:34.751997
PE,Peru,DIGEMID,CLOZAPINA 100 mg TABLETA,CLOZAPINA,100 mg,,02361,,,,,shortage,TABLETA,,2026-08-31,19,13,https://www.digemid.minsa.gob.pe/webDigemid/disponibilidad-de-productos-farmaceuticos/2026/disponibilidad-de-productos-farmaceuticos-agosto-2026/,2026-09-22T14:26:34.751997
PE,Peru,DIGEMID,QUETIAPINA 100 mg TABLETA,QUETIAPINA,100 mg,,05645,,,,,shortage,TABLETA,,2026-08-31,19,11,https://www.digemid.minsa.gob.pe/webDigemid/disponibilidad-de-productos-farmaceuticos/2026/disponibilidad-de-productos-farmaceuticos-agosto-2026/,2026-09-22T14:26:34.751997
PE,Peru,DIGEMID,LIDOCAINA CLORHIDRATO CON PRESERVANTES 2 g/100 mL (2 %) 20 mL INYECTABLE,LIDOCAINA CLORHIDRATO CON PRESERVANTES,2 g/100 mL (2 %) 20 mL,,17700,,,,,shortage,INYECTABLE,,2026-08-31,19,8,https://www.digemid.minsa.gob.pe/webDigemid/disponibilidad-de-productos-farmaceuticos/2026/disponibilidad-de-productos-farmaceuticos-agosto-2026/,2026-09-22T14:26:34.751997
PE,Peru,DIGEMID,ACIDO ALENDRONICO (COMO ALENDRONATO SODICO) 70 mg TABLETA,ACIDO ALENDRONICO (COMO ALENDRONATO SODICO),70 mg,,00356,,,,,shortage,TABLETA,,2026-08-31,19,10,https://www.digemid.minsa.gob.pe/webDigemid/disponibilidad-de-productos-farmaceuticos/2026/disponibilidad-de-productos-farmaceuticos-agosto-2026/,2026-09-22T14:26:34.751997
PE,Peru,DIGEMID,IBUPROFENO 100 mg/5 mL 120 mL SUSPENSION,IBUPROFENO,100 mg/5 mL 120 mL,,04017,,,,,shortage,SUSPENSION,,2026-08-31,19,4,https://www.digemid.minsa.gob.pe/webDigemid/disponibilidad-de-productos-farmaceuticos/2026/disponibilidad-de-productos-farmaceuticos-agosto-2026/,2026-09-22T14:26:34.751997
PE,Peru,DIGEMID,DAPAGLIFLOZINA 10 mg TABLETA,DAPAGLIFLOZINA,10 mg,,34987,,,,,shortage,TABLETA,,2026-08-31,19,3,https://www.digemid.minsa.gob.pe/webDigemid/disponibilidad-de-productos-farmaceuticos/2026/disponibilidad-de-productos-farmaceuticos-agosto-2026/,2026-09-22T14:26:34.751997
PE,Peru,DIGEMID,LOPERAMIDA 2 mg TABLETA,LOPERAMIDA,2 mg,,04478,,,,,shortage,TABLETA,,2026-08-31,19,1,https://www.digemid.minsa.gob.pe/webDigemid/disponibilidad-de-productos-farmaceuticos/2026/disponibilidad-de-productos-farmaceuticos-agosto-2026/,2026-09-22T14:26:34.751997
PE,Peru,DIGEMID,BUPIVACAINA CLORHIDRATO (SIN PRESERVANTES) 5 mg/mL (0.5 %) 20 mL INYECTABLE,BUPIVACAINA CLORHIDRATO (SIN PRESERVANTES),5 mg/mL (0.5 %) 20 mL,,01378,,,,,shortage,INYECTABLE,,2026-08-31,18,14,https://www.digemid.minsa.gob.pe/webDigemid/disponibilidad-de-productos-farmaceuticos/2026/disponibilidad-de-productos-farmaceuticos-agosto-2026/,2026-09-22T14:26:34.751997
PE,Peru,DIGEMID,NEVIRAPINA 50 mg/5 mL 100 mL SUSPENSION,NEVIRAPINA,50 mg/5 mL 100 mL,,17709,,,,,shortage,SUSPENSION,,2026-08-31,18,11,https://www.digemid.minsa.gob.pe/webDigemid/disponibilidad-de-productos-farmaceuticos/2026/disponibilidad-de-productos-farmaceuticos-agosto-2026/,2026-09-22T14:26:34.751997
PE,Peru,DIGEMID,SURFACTANTE PULMONAR DE ORIGEN NATURAL (SUSPENSION INTRATRAQUEAL) 25 mg/mL 8 mL INYECTABLE,SURFACTANTE PULMONAR DE ORIGEN NATURAL,25 mg/mL 8 mL,,21864,,,,,shortage,INYECTABLE,,2026-08-31,18,13,https://www.digemid.minsa.gob.pe/webDigemid/disponibilidad-de-productos-farmaceuticos/2026/disponibilidad-de-productos-farmaceuticos-agosto-2026/,2026-09-22T14:26:34.751997
PE,Peru,DIGEMID,LIDOCAINA CLORHIDRATO 10 g/100 mL 50 mL AEROSOL,LIDOCAINA CLORHIDRATO,10 g/100 mL 50 mL,,21545,,,,,shortage,AEROSOL,,2026-08-31,18,3,https://www.digemid.minsa.gob.pe/webDigemid/disponibilidad-de-productos-farmaceuticos/2026/disponibilidad-de-productos-farmaceuticos-agosto-2026/,2026-09-22T14:26:34.751997
PE,Peru,DIGEMID,DINITRATO DE ISOSORBIDA 10 mg TABLETA,DINITRATO DE ISOSORBIDA,10 mg,,02953,,,,,shortage,TABLETA,,2026-08-31,18,9,https://www.digemid.minsa.gob.pe/webDigemid/disponibilidad-de-productos-farmaceuticos/2026/disponibilidad-de-productos-farmaceuticos-agosto-2026/,2026-09-22T14:26:34.751997
PE,Peru,DIGEMID,DINITRATO DE ISOSORBIDA(SUB LINGUAL) 5 mg TABLETA,DINITRATO DE ISOSORBIDA(SUB LINGUAL),5 mg,,02954,,,,,shortage,TABLETA,,2026-08-31,18,8,https://www.digemid.minsa.gob.pe/webDigemid/disponibilidad-de-productos-farmaceuticos/2026/disponibilidad-de-productos-farmaceuticos-agosto-2026/,2026-09-22T14:26:34.751997
PE,Peru,DIGEMID,PEROXIDO DE HIDROGENO (AGUA OXIGENADA 10 V) 3% 500 mL SOLUCION,PEROXIDO DE HIDROGENO (AGUA OXIGENADA 10 V),3% 500 mL,,16865,,,,,shortage,SOLUCION,,2026-08-31,18,3,https://www.digemid.minsa.gob.pe/webDigemid/disponibilidad-de-productos-farmaceuticos/2026/disponibilidad-de-productos-farmaceuticos-agosto-2026/,2026-09-22T14:26:34.751997
PE,Peru,DIGEMID,LEVOTIROXINA SODICA 50 µg (0.05 mg) TABLETA,LEVOTIROXINA SODICA,50 µg (0.05 mg),,04385,,,,,shortage,TABLETA,,2026-08-31,17,12,https://www.digemid.minsa.gob.pe/webDigemid/disponibilidad-de-productos-farmaceuticos/2026/disponibilidad-de-productos-farmaceuticos-agosto-2026/,2026-09-22T14:26:34.751997
PE,Peru,DIGEMID,CEFTAZIDIMA 1 g INYECTABLE,CEFTAZIDIMA,1 g,,01682,,,,,shortage,INYECTABLE,,2026-08-31,17,7,https://www.digemid.minsa.gob.pe/webDigemid/disponibilidad-de-productos-farmaceuticos/2026/disponibilidad-de-productos-farmaceuticos-agosto-2026/,2026-09-22T14:26:34.751997
PE,Peru,DIGEMID,OLANZAPINA 10 mg TABLETA,OLANZAPINA,10 mg,,05141,,,,,shortage,TABLETA,,2026-08-31,17,9,https://www.digemid.minsa.gob.pe/webDigemid/disponibilidad-de-productos-farmaceuticos/2026/disponibilidad-de-productos-farmaceuticos-agosto-2026/,2026-09-22T14:26:34.751997
PE,Peru,DIGEMID,PROPRANOLOL CLORHIDRATO 40 mg TABLETA,PROPRANOLOL CLORHIDRATO,40 mg,,05634,,,,,shortage,TABLETA,,2026-08-31,17,10,https://www.digemid.minsa.gob.pe/webDigemid/disponibilidad-de-productos-farmaceuticos/2026/disponibilidad-de-productos-farmaceuticos-agosto-2026/,2026-09-22T14:26:34.751997
PE,Peru,DIGEMID,RALTEGRAVIR 400 mg TABLETA,RALTEGRAVIR,400 mg,,21275,,,,,shortage,TABLETA,,2026-08-31,17,9,https://www.digemid.minsa.gob.pe/webDigemid/disponibilidad-de-productos-farmaceuticos/2026/disponibilidad-de-productos-farmaceuticos-agosto-2026/,2026-09-22T14:26:34.751997
PE,Peru,DIGEMID,METILFENIDATO CLORHIDRATO (TABLETA LIBERACION MODIFICADA) 20 mg TABLETA,METILFENIDATO CLORHIDRATO,20 mg,,28247,,,,,shortage,TABLETA,,2026-08-31,17,10,https://www.digemid.minsa.gob.pe/webDigemid/disponibilidad-de-productos-farmaceuticos/2026/disponibilidad-de-productos-farmaceuticos-agosto-2026/,2026-09-22T14:26:34.751997
PE,Peru,DIGEMID,TENOFOVIR 300 mg TABLETA,TENOFOVIR,300 mg,,17766,,,,,shortage,TABLETA,,2026-08-31,17,10,https://www.digemid.minsa.gob.pe/webDigemid/disponibilidad-de-productos-farmaceuticos/2026/disponibilidad-de-productos-farmaceuticos-agosto-2026/,2026-09-22T14:26:34.751997
PE,Peru,DIGEMID,IOPAMIDOL Equiv. 300 mg Iodo/mL 100 mL INYECTABLE,IOPAMIDOL Equiv.,300 mg Iodo/mL 100 mL,,04125,,,,,shortage,INYECTABLE,,2026-08-31,17,13,https://www.digemid.minsa.gob.pe/webDigemid/disponibilidad-de-productos-farmaceuticos/2026/disponibilidad-de-productos-farmaceuticos-agosto-2026/,2026-09-22T14:26:34.751997
PE,Peru,DIGEMID,ALCOHOL ETILICO (ETANOL) 70° 250 mL SOLUCION,ALCOHOL ETILICO (ETANOL),70° 250 mL,,10223,,,,,shortage,SOLUCION,,2026-08-31,17,3,https://www.digemid.minsa.gob.pe/webDigemid/disponibilidad-de-productos-farmaceuticos/2026/disponibilidad-de-productos-farmaceuticos-agosto-2026/,2026-09-22T14:26:34.751997
PE,Peru,DIGEMID,ARTESUNATO + MEFLOQUINA 25 mg + 50 mg TABLETA,ARTESUNATO + MEFLOQUINA,25 mg + 50 mg,,31082,,,,,shortage,TABLETA,,2026-08-31,17,1,https://www.digemid.minsa.gob.pe/webDigemid/disponibilidad-de-productos-farmaceuticos/2026/disponibilidad-de-productos-farmaceuticos-agosto-2026/,2026-09-22T14:26:34.751997
PE,Peru,DIGEMID,DICLOFENACO 1 g/100 g 20 g GEL,DICLOFENACO,1 g/100 g 20 g,,02777,,,,,shortage,GEL,,2026-08-31,17,1,https://www.digemid.minsa.gob.pe/webDigemid/disponibilidad-de-productos-farmaceuticos/2026/disponibilidad-de-productos-farmaceuticos-agosto-2026/,2026-09-22T14:26:34.751997
PE,Peru,DIGEMID,MANITOL 20 g/100 mL (20 %) 500 mL INYECTABLE,MANITOL,20 g/100 mL (20 %) 500 mL,,04567,,,,,shortage,INYECTABLE,,2026-08-31,16,11,https://www.digemid.minsa.gob.pe/webDigemid/disponibilidad-de-productos-farmaceuticos/2026/disponibilidad-de-productos-farmaceuticos-agosto-2026/,2026-09-22T14:26:34.751997
PE,Peru,DIGEMID,ENOXAPARINA SODICA 60 mg/0.6 mL 0.6 mL INYECTABLE,ENOXAPARINA SODICA,60 mg/0.6 mL 0.6 mL,,03088,,,,,shortage,INYECTABLE,,2026-08-31,16,10,https://www.digemid.minsa.gob.pe/webDigemid/disponibilidad-de-productos-farmaceuticos/2026/disponibilidad-de-productos-farmaceuticos-agosto-2026/,2026-09-22T14:26:34.751997
PE,Peru,DIGEMID,PACLITAXEL 30 mg 5 mL INYECTABLE,PACLITAXEL,30 mg 5 mL,,05265,,,,,shortage,INYECTABLE,,2026-08-31,16,11,https://www.digemid.minsa.gob.pe/webDigemid/disponibilidad-de-productos-farmaceuticos/2026/disponibilidad-de-productos-farmaceuticos-agosto-2026/,2026-09-22T14:26:34.751997
PE,Peru,DIGEMID,LEVETIRACETAM 500 mg TABLETA,LEVETIRACETAM,500 mg,,19405,,,,,shortage,TABLETA,,2026-08-31,16,10,https://www.digemid.minsa.gob.pe/webDigemid/disponibilidad-de-productos-farmaceuticos/2026/disponibilidad-de-productos-farmaceuticos-agosto-2026/,2026-09-22T14:26:34.751997
PE,Peru,DIGEMID,BIPERIDENO CLORHIDRATO 2 mg TABLETA,BIPERIDENO CLORHIDRATO,2 mg,,01243,,,,,shortage,TABLETA,,2026-08-31,16,11,https://www.digemid.minsa.gob.pe/webDigemid/disponibilidad-de-productos-farmaceuticos/2026/disponibilidad-de-productos-farmaceuticos-agosto-2026/,2026-09-22T14:26:34.751997
PE,Peru,DIGEMID,LATANOPROST (SOLUCION OFTALMICA) 50 ug/mL (0.005 %) 2.5 mL SOLUCION,LATANOPROST,50 ug/mL (0.005 %) 2.5 mL,,04338,,,,,shortage,SOLUCION,,2026-08-31,16,11,https://www.digemid.minsa.gob.pe/webDigemid/disponibilidad-de-productos-farmaceuticos/2026/disponibilidad-de-productos-farmaceuticos-agosto-2026/,2026-09-22T14:26:34.751997
PE,Peru,DIGEMID,SOLUCION DE LACTATO SODICO COMPUESTA (LACTATO RINGER) 1 L INYECTABLE,SOLUCION DE LACTATO SODICO COMPUESTA (LACTATO RINGER),1 L,,08166,,,,,shortage,INYECTABLE,,2026-08-31,15,9,https://www.digemid.minsa.gob.pe/webDigemid/disponibilidad-de-productos-farmaceuticos/2026/disponibilidad-de-productos-farmaceuticos-agosto-2026/,2026-09-22T14:26:34.751997
PE,Peru,DIGEMID,SUERO ANTILOXOSCELICO 8 g/5 mL INYECTABLE,SUERO ANTILOXOSCELICO,8 g/5 mL,,08172,,,,,shortage,INYECTABLE,,2026-08-31,15,8,https://www.digemid.minsa.gob.pe/webDigemid/disponibilidad-de-productos-farmaceuticos/2026/disponibilidad-de-productos-farmaceuticos-agosto-2026/,2026-09-22T14:26:34.751997
PE,Peru,DIGEMID,LEVETIRACETAM 1 g TABLETA,LEVETIRACETAM,1 g,,19404,,,,,shortage,TABLETA,,2026-08-31,15,11,https://www.digemid.minsa.gob.pe/webDigemid/disponibilidad-de-productos-farmaceuticos/2026/disponibilidad-de-productos-farmaceuticos-agosto-2026/,2026-09-22T14:26:34.751997
PE,Peru,DIGEMID,LAMIVUDINA + ZIDOVUDINA 150 mg + 300 mg TABLETA,LAMIVUDINA + ZIDOVUDINA,150 mg + 300 mg,,04322,,,,,shortage,TABLETA,,2026-08-31,15,9,https://www.digemid.minsa.gob.pe/webDigemid/disponibilidad-de-productos-farmaceuticos/2026/disponibilidad-de-productos-farmaceuticos-agosto-2026/,2026-09-22T14:26:34.751997
PE,Peru,DIGEMID,VACUNA CONTRA LA INFLUENZA TETRAVALENTE ANTIGENO TIPO A (H1N1 + H3N2) + ANTIGENO TIPO B (CEPAS MICHIGAN + PHUKET) 60 µg/0.5 mL 10 DOSIS INYECTABLE,VACUNA CONTRA LA INFLUENZA TETRAVALENTE ANTIGENO TIPO A (H1N1 + H3N2) + ANTIGENO TIPO B (CEPAS MICHIGAN + PHUKET),60 µg/0.5 mL 10 DOSIS,,53371,,,,,shortage,INYECTABLE,,2026-08-31,15,7,https://www.digemid.minsa.gob.pe/webDigemid/disponibilidad-de-productos-farmaceuticos/2026/disponibilidad-de-productos-farmaceuticos-agosto-2026/,2026-09-22T14:26:34.751997
PE,Peru,DIGEMID,CEFUROXIMA (COMO AXETIL) 500 mg TABLETA,CEFUROXIMA (COMO AXETIL),500 mg,,01711,,,,,shortage,TABLETA,,2026-08-31,15,7,https://www.digemid.minsa.gob.pe/webDigemid/disponibilidad-de-productos-farmaceuticos/2026/disponibilidad-de-productos-farmaceuticos-agosto-2026/,2026-09-22T14:26:34.751997
PE,Peru,DIGEMID,DOBUTAMINA (COMO CLORHIDRATO) 250 mg/20 mL 20 mL INYECTABLE,DOBUTAMINA (COMO CLORHIDRATO),250 mg/20 mL 20 mL,,02979,,,,,shortage,INYECTABLE,,2026-08-31,15,12,https://www.digemid.minsa.gob.pe/webDigemid/disponibilidad-de-productos-farmaceuticos/2026/disponibilidad-de-productos-farmaceuticos-agosto-2026/,2026-09-22T14:26:34.751997
PE,Peru,DIGEMID,NITROFURAL 200 mg/100 g 500 g UNGÜENTO,NITROFURAL,200 mg/100 g 500 g,,40396,,,,,shortage,UNGUENTO,,2026-08-31,15,2,https://www.digemid.minsa.gob.pe/webDigemid/disponibilidad-de-productos-farmaceuticos/2026/disponibilidad-de-productos-farmaceuticos-agosto-2026/,2026-09-22T14:26:34.751997
PE,Peru,DIGEMID,KETOROLACO 60 mg 2 mL INYECTABLE,KETOROLACO,60 mg 2 mL,,04250,,,,,shortage,INYECTABLE,,2026-08-31,15,2,https://www.digemid.minsa.gob.pe/webDigemid/disponibilidad-de-productos-farmaceuticos/2026/disponibilidad-de-productos-farmaceuticos-agosto-2026/,2026-09-22T14:26:34.751997
PE,Peru,DIGEMID,PRIMAQUINA FOSFATO 7.5 mg TABLETA,PRIMAQUINA FOSFATO,7.5 mg,,05601,,,,,shortage,TABLETA,,2026-08-31,15,1,https://www.digemid.minsa.gob.pe/webDigemid/disponibilidad-de-productos-farmaceuticos/2026/disponibilidad-de-productos-farmaceuticos-agosto-2026/,2026-09-22T14:26:34.751997
PE,Peru,DIGEMID,VITAMINA B - COMPLEJO TABLETA,VITAMINA B - COMPLEJO,,,02496,,,,,shortage,TABLETA,,2026-08-31,15,2,https://www.digemid.minsa.gob.pe/webDigemid/disponibilidad-de-productos-farmaceuticos/2026/disponibilidad-de-productos-farmaceuticos-agosto-2026/,2026-09-22T14:26:34.751997
PE,Peru,DIGEMID,LIDOCAINA CLORHIDRATO 20 mg/mL 1.8 mL INYECTABLE,LIDOCAINA CLORHIDRATO,20 mg/mL 1.8 mL,,04387,,,,,shortage,INYECTABLE,,2026-08-31,15,1,https://www.digemid.minsa.gob.pe/webDigemid/disponibilidad-de-productos-farmaceuticos/2026/disponibilidad-de-productos-farmaceuticos-agosto-2026/,2026-09-22T14:26:34.751997
PE,Peru,DIGEMID,FUROSEMIDA 20 mg 1 mL INYECTABLE,FUROSEMIDA,20 mg 1 mL,,03709,,,,,shortage,INYECTABLE,,2026-08-31,14,5,https://www.digemid.minsa.gob.pe/webDigemid/disponibilidad-de-productos-farmaceuticos/2026/disponibilidad-de-productos-farmaceuticos-agosto-2026/,2026-09-22T14:26:34.751997
PE,Peru,DIGEMID,BENZOCAINA 20 g/100 g 12 g GEL,BENZOCAINA,20 g/100 g 12 g,,31031,,,,,shortage,GEL,,2026-08-31,14,6,https://www.digemid.minsa.gob.pe/webDigemid/disponibilidad-de-productos-farmaceuticos/2026/disponibilidad-de-productos-farmaceuticos-agosto-2026/,2026-09-22T14:26:34.751997
PE,Peru,DIGEMID,FENOBARBITAL 100 mg TABLETA,FENOBARBITAL,100 mg,,03454,,,,,shortage,TABLETA,,2026-08-31,14,9,https://www.digemid.minsa.gob.pe/webDigemid/disponibilidad-de-productos-farmaceuticos/2026/disponibilidad-de-productos-farmaceuticos-agosto-2026/,2026-09-22T14:26:34.751997
PE,Peru,DIGEMID,TROPICAMIDA (SOLUCION OFTALMICA) 10 mg/mL (1 %) 15 mL SOLUCION,TROPICAMIDA,10 mg/mL (1 %) 15 mL,,06357,,,,,shortage,SOLUCION,,2026-08-31,14,7,https://www.digemid.minsa.gob.pe/webDigemid/disponibilidad-de-productos-farmaceuticos/2026/disponibilidad-de-productos-farmaceuticos-agosto-2026/,2026-09-22T14:26:34.751997
PE,Peru,DIGEMID,LITIO CARBONATO 300 mg TABLETA,LITIO CARBONATO,300 mg,,04469,,,,,shortage,TABLETA,,2026-08-31,14,9,https://www.digemid.minsa.gob.pe/webDigemid/disponibilidad-de-productos-farmaceuticos/2026/disponibilidad-de-productos-farmaceuticos-agosto-2026/,2026-09-22T14:26:34.751997
PE,Peru,DIGEMID,DEXTROSA 5 g/100 mL (5 %) 500 mL INYECTABLE,DEXTROSA,5 g/100 mL (5 %) 500 mL,,03794,,,,,shortage,INYECTABLE,,2026-08-31,14,8,https://www.digemid.minsa.gob.pe/webDigemid/disponibilidad-de-productos-farmaceuticos/2026/disponibilidad-de-productos-farmaceuticos-agosto-2026/,2026-09-22T14:26:34.751997
PE,Peru,DIGEMID,METILFENIDATO CLORHIDRATO 10 mg TABLETA,METILFENIDATO CLORHIDRATO,10 mg,,04704,,,,,shortage,TABLETA,,2026-08-31,14,12,https://www.digemid.minsa.gob.pe/webDigemid/disponibilidad-de-productos-farmaceuticos/2026/disponibilidad-de-productos-farmaceuticos-agosto-2026/,2026-09-22T14:26:34.751997
PE,Peru,DIGEMID,SOFOSBUVIR + VELPATASVIR 400 mg + 100 mg TABLETA,SOFOSBUVIR + VELPATASVIR,400 mg + 100 mg,,38786,,,,,shortage,TABLETA,,2026-08-31,14,8,https://www.digemid.minsa.gob.pe/webDigemid/disponibilidad-de-productos-farmaceuticos/2026/disponibilidad-de-productos-farmaceuticos-agosto-2026/,2026-09-22T14:26:34.751997
PE,Peru,DIGEMID,LIDOCAINA CLORHIDRATO + EPINEFRINA 10 mg + 5 ug/mL 20 mL INYECTABLE,LIDOCAINA CLORHIDRATO + EPINEFRINA,10 mg + 5 ug/mL 20 mL,,04395,,,,,shortage,INYECTABLE,,2026-08-31,14,2,https://www.digemid.minsa.gob.pe/webDigemid/disponibilidad-de-productos-farmaceuticos/2026/disponibilidad-de-productos-farmaceuticos-agosto-2026/,2026-09-22T14:26:34.751997
PE,Peru,DIGEMID,SALBUTAMOL 100 µg/DOSIS 250 DOSIS AEROSOL,SALBUTAMOL,100 µg/DOSIS 250 DOSIS,,05732,,,,,shortage,AEROSOL,,2026-08-31,14,2,https://www.digemid.minsa.gob.pe/webDigemid/disponibilidad-de-productos-farmaceuticos/2026/disponibilidad-de-productos-farmaceuticos-agosto-2026/,2026-09-22T14:26:34.751997
PE,Peru,DIGEMID,SUCRALFATO 1 g/5 mL 200 mL SUSPENSION,SUCRALFATO,1 g/5 mL 200 mL,,05934,,,,,shortage,SUSPENSION,,2026-08-31,14,1,https://www.digemid.minsa.gob.pe/webDigemid/disponibilidad-de-productos-farmaceuticos/2026/disponibilidad-de-productos-farmaceuticos-agosto-2026/,2026-09-22T14:26:34.751997
PE,Peru,DIGEMID,PARACETAMOL 10 mg/mL 100 mL INYECTABLE,PARACETAMOL,10 mg/mL 100 mL,,34998,,,,,shortage,INYECTABLE,,2026-08-31,13,4,https://www.digemid.minsa.gob.pe/webDigemid/disponibilidad-de-productos-farmaceuticos/2026/disponibilidad-de-productos-farmaceuticos-agosto-2026/,2026-09-22T14:26:34.751997
PE,Peru,DIGEMID,ZIDOVUDINA 10 mg/mL 20 mL INYECTABLE,ZIDOVUDINA,10 mg/mL 20 mL,,06564,,,,,shortage,INYECTABLE,,2026-08-31,13,11,https://www.digemid.minsa.gob.pe/webDigemid/disponibilidad-de-productos-farmaceuticos/2026/disponibilidad-de-productos-farmaceuticos-agosto-2026/,2026-09-22T14:26:34.751997
PE,Peru,DIGEMID,METOTREXATO 2.5 mg TABLETA,METOTREXATO,2.5 mg,,04764,,,,,shortage,TABLETA,,2026-08-31,13,9,https://www.digemid.minsa.gob.pe/webDigemid/disponibilidad-de-productos-farmaceuticos/2026/disponibilidad-de-productos-farmaceuticos-agosto-2026/,2026-09-22T14:26:34.751997
PE,Peru,DIGEMID,HIDROCORTISONA (COMO SUCCINATO SODICO) 250 mg INYECTABLE,HIDROCORTISONA (COMO SUCCINATO SODICO),250 mg,,03953,,,,,shortage,INYECTABLE,,2026-08-31,13,5,https://www.digemid.minsa.gob.pe/webDigemid/disponibilidad-de-productos-farmaceuticos/2026/disponibilidad-de-productos-farmaceuticos-agosto-2026/,2026-09-22T14:26:34.751997
PE,Peru,DIGEMID,CARVEDILOL 25 mg TABLETA,CARVEDILOL,25 mg,,01578,,,,,shortage,TABLETA,,2026-08-31,13,10,https://www.digemid.minsa.gob.pe/webDigemid/disponibilidad-de-productos-farmaceuticos/2026/disponibilidad-de-productos-farmaceuticos-agosto-2026/,2026-09-22T14:26:34.751997
PE,Peru,DIGEMID,SULPIRIDA 200 mg TABLETA,SULPIRIDA,200 mg,,06019,,,,,shortage,TABLETA,,2026-08-31,13,11,https://www.digemid.minsa.gob.pe/webDigemid/disponibilidad-de-productos-farmaceuticos/2026/disponibilidad-de-productos-farmaceuticos-agosto-2026/,2026-09-22T14:26:34.751997
PE,Peru,DIGEMID,SODIO FOSFATO DIBASICO + SODIO FOSFATO MONOBASICO (SOLUCION RECTAL) 6 g + 16 g/100 mL 133 mL SOLUCION,SODIO FOSFATO DIBASICO + SODIO FOSFATO MONOBASICO,6 g + 16 g/100 mL 133 mL,,05913,,,,,shortage,SOLUCION,,2026-08-31,13,8,https://www.digemid.minsa.gob.pe/webDigemid/disponibilidad-de-productos-farmaceuticos/2026/disponibilidad-de-productos-farmaceuticos-agosto-2026/,2026-09-22T14:26:34.751997
PE,Peru,DIGEMID,NIMODIPINO 30 mg TABLETA,NIMODIPINO,30 mg,,05044,,,,,shortage,TABLETA,,2026-08-31,13,7,https://www.digemid.minsa.gob.pe/webDigemid/disponibilidad-de-productos-farmaceuticos/2026/disponibilidad-de-productos-farmaceuticos-agosto-2026/,2026-09-22T14:26:34.751997
PE,Peru,DIGEMID,NEOSTIGMINA METILSULFATO 500 µg/mL 1 mL INYECTABLE,NEOSTIGMINA METILSULFATO,500 µg/mL 1 mL,,05009,,,,,shortage,INYECTABLE,,2026-08-31,13,10,https://www.digemid.minsa.gob.pe/webDigemid/disponibilidad-de-productos-farmaceuticos/2026/disponibilidad-de-productos-farmaceuticos-agosto-2026/,2026-09-22T14:26:34.751997
PE,Peru,DIGEMID,FTEC-SOLUCION YODURADA DE LUGOL 10 g/100 mL X 250 mL UNIDAD,FTEC-SOLUCION YODURADA DE LUGOL,10 g/100 mL X 250 mL,,54741,,,,,shortage,SOLUCION,,2026-08-31,13,3,https://www.digemid.minsa.gob.pe/webDigemid/disponibilidad-de-productos-farmaceuticos/2026/disponibilidad-de-productos-farmaceuticos-agosto-2026/,2026-09-22T14:26:34.751997
PE,Peru,DIGEMID,CLARITROMICINA 250 mg/5 mL 50 mL SUSPENSION,CLARITROMICINA,250 mg/5 mL 50 mL,,01924,,,,,shortage,SUSPENSION,,2026-08-31,13,7,https://www.digemid.minsa.gob.pe/webDigemid/disponibilidad-de-productos-farmaceuticos/2026/disponibilidad-de-productos-farmaceuticos-agosto-2026/,2026-09-22T14:26:34.751997
PE,Peru,DIGEMID,GENTAMICINA (SOLUCION OFTALMICA) 3 mg/mL 10 mL SOLUCION,GENTAMICINA,3 mg/mL 10 mL,,21764,,,,,shortage,SOLUCION,,2026-08-31,13,2,https://www.digemid.minsa.gob.pe/webDigemid/disponibilidad-de-productos-farmaceuticos/2026/disponibilidad-de-productos-farmaceuticos-agosto-2026/,2026-09-22T14:26:34.751997
PE,Peru,DIGEMID,RALTEGRAVIR 100 mg TABLETA,RALTEGRAVIR,100 mg,,34261,,,,,shortage,TABLETA,,2026-08-31,12,8,https://www.digemid.minsa.gob.pe/webDigemid/disponibilidad-de-productos-farmaceuticos/2026/disponibilidad-de-productos-farmaceuticos-agosto-2026/,2026-09-22T14:26:34.751997
PE,Peru,DIGEMID,CARVEDILOL 12.5 mg TABLETA,CARVEDILOL,12.5 mg,,01577,,,,,shortage,TABLETA,,2026-08-31,12,9,https://www.digemid.minsa.gob.pe/webDigemid/disponibilidad-de-productos-farmaceuticos/2026/disponibilidad-de-productos-farmaceuticos-agosto-2026/,2026-09-22T14:26:34.751997
PE,Peru,DIGEMID,AMPICILINA (COMO SAL SODICA) + SULBACTAM (COMO SAL SODICA) 1 g + 500 mg INYECTABLE,AMPICILINA (COMO SAL SODICA) + SULBACTAM (COMO SAL SODICA),1 g + 500 mg,,00822,,,,,shortage,INYECTABLE,,2026-08-31,12,3,https://www.digemid.minsa.gob.pe/webDigemid/disponibilidad-de-productos-farmaceuticos/2026/disponibilidad-de-productos-farmaceuticos-agosto-2026/,2026-09-22T14:26:34.751997
PE,Peru,DIGEMID,BISACODILO 5 mg TABLETA,BISACODILO,5 mg,,01248,,,,,shortage,TABLETA,,2026-08-31,12,6,https://www.digemid.minsa.gob.pe/webDigemid/disponibilidad-de-productos-farmaceuticos/2026/disponibilidad-de-productos-farmaceuticos-agosto-2026/,2026-09-22T14:26:34.751997
PE,Peru,DIGEMID,AMIODARONA CLORHIDRATO 200 mg TABLETA,AMIODARONA CLORHIDRATO,200 mg,,00664,,,,,shortage,TABLETA,,2026-08-31,12,8,https://www.digemid.minsa.gob.pe/webDigemid/disponibilidad-de-productos-farmaceuticos/2026/disponibilidad-de-productos-farmaceuticos-agosto-2026/,2026-09-22T14:26:34.751997
PE,Peru,DIGEMID,CODEINA FOSFATO 30 mg/mL 2 mL INYECTABLE,CODEINA FOSFATO,30 mg/mL 2 mL,,02381,,,,,shortage,INYECTABLE,,2026-08-31,12,5,https://www.digemid.minsa.gob.pe/webDigemid/disponibilidad-de-productos-farmaceuticos/2026/disponibilidad-de-productos-farmaceuticos-agosto-2026/,2026-09-22T14:26:34.751997
PE,Peru,DIGEMID,ALBUMINA HUMANA 20 g/100 mL 50 mL INYECTABLE,ALBUMINA HUMANA,20 g/100 mL 50 mL,,00274,,,,,shortage,INYECTABLE,,2026-08-31,12,9,https://www.digemid.minsa.gob.pe/webDigemid/disponibilidad-de-productos-farmaceuticos/2026/disponibilidad-de-productos-farmaceuticos-agosto-2026/,2026-09-22T14:26:34.751997
PE,Peru,DIGEMID,GENTAMICINA (SOLUCION OFTALMICA) 3 mg/mL 5 mL SOLUCION,GENTAMICINA,3 mg/mL 5 mL,,18895,,,,,shortage,SOLUCION,,2026-08-31,12,4,https://www.digemid.minsa.gob.pe/webDigemid/disponibilidad-de-productos-farmaceuticos/2026/disponibilidad-de-productos-farmaceuticos-agosto-2026/,2026-09-22T14:26:34.751997
PE,Peru,DIGEMID,SUERO ANTIBOTROPICO POLIVALENTE 40 mg/10 mL INYECTABLE,SUERO ANTIBOTROPICO POLIVALENTE,40 mg/10 mL,,08170,,,,,shortage,INYECTABLE,,2026-08-31,11,7,https://www.digemid.minsa.gob.pe/webDigemid/disponibilidad-de-productos-farmaceuticos/2026/disponibilidad-de-productos-farmaceuticos-agosto-2026/,2026-09-22T14:26:34.751997
PE,Peru,DIGEMID,DORZOLAMIDA (SOLUCION OFTALMICA) 20 mg/mL 15 mL SOLUCION,DORZOLAMIDA,20 mg/mL 15 mL,,28399,,,,,shortage,SOLUCION,,2026-08-31,11,10,https://www.digemid.minsa.gob.pe/webDigemid/disponibilidad-de-productos-farmaceuticos/2026/disponibilidad-de-productos-farmaceuticos-agosto-2026/,2026-09-22T14:26:34.751997
PE,Peru,DIGEMID,"VACUNA CONTRA COVID-19 (mRNA-1273.167), MODERNA, FAB. ROVI PHARMA INDUSTRIAL SERVICES S.A.-ESPAÐA (SPIKEVAX JN.1) 0.1 mg/mL VIAL X 2.5 mL X 5 DOSIS INYECTABLE","VACUNA CONTRA COVID-19 (mRNA-1273.167), MODERNA, FAB. ROVI PHARMA INDUSTRIAL SERVICES S.A.-ESPAÐA (SPIKEVAX JN.1)",0.1 mg/mL VIAL X 2.5 mL X 5 DOSIS,,54847,,,,,shortage,INYECTABLE,,2026-08-31,11,7,https://www.digemid.minsa.gob.pe/webDigemid/disponibilidad-de-productos-farmaceuticos/2026/disponibilidad-de-productos-farmaceuticos-agosto-2026/,2026-09-22T14:26:34.751997
PE,Peru,DIGEMID,PARACETAMOL 100 mg/mL 15 mL SOLUCION,PARACETAMOL,100 mg/mL 15 mL,,05285,,,,,shortage,SOLUCION,,2026-08-31,11,7,https://www.digemid.minsa.gob.pe/webDigemid/disponibilidad-de-productos-farmaceuticos/2026/disponibilidad-de-productos-farmaceuticos-agosto-2026/,2026-09-22T14:26:34.751997
PE,Peru,DIGEMID,FLUTICASONA PROPIONATO + SALMETEROL (COMO XINAFOATO) 125 µg + 25 µg/DOSIS 120 DOSIS AEROSOL,FLUTICASONA PROPIONATO + SALMETEROL (COMO XINAFOATO),125 µg + 25 µg/DOSIS 120 DOSIS,,03634,,,,,shortage,AEROSOL,,2026-08-31,11,5,https://www.digemid.minsa.gob.pe/webDigemid/disponibilidad-de-productos-farmaceuticos/2026/disponibilidad-de-productos-farmaceuticos-agosto-2026/,2026-09-22T14:26:34.751997
PE,Peru,DIGEMID,SOLUCION SALINA BALANCEADA 500 mL SOLUCION,SOLUCION SALINA BALANCEADA,500 mL,,19152,,,,,shortage,SOLUCION,,2026-08-31,11,9,https://www.digemid.minsa.gob.pe/webDigemid/disponibilidad-de-productos-farmaceuticos/2026/disponibilidad-de-productos-farmaceuticos-agosto-2026/,2026-09-22T14:26:34.751997
PE,Peru,DIGEMID,SIMVASTATINA 20 mg TABLETA,SIMVASTATINA,20 mg,,05831,,,,,shortage,TABLETA,,2026-08-31,11,5,https://www.digemid.minsa.gob.pe/webDigemid/disponibilidad-de-productos-farmaceuticos/2026/disponibilidad-de-productos-farmaceuticos-agosto-2026/,2026-09-22T14:26:34.751997
PE,Peru,DIGEMID,CARBAMAZEPINA 100 mg/5 mL 100 mL SUSPENSION,CARBAMAZEPINA,100 mg/5 mL 100 mL,,01525,,,,,shortage,SUSPENSION,,2026-08-31,11,8,https://www.digemid.minsa.gob.pe/webDigemid/disponibilidad-de-productos-farmaceuticos/2026/disponibilidad-de-productos-farmaceuticos-agosto-2026/,2026-09-22T14:26:34.751997
PE,Peru,DIGEMID,ITRACONAZOL 100 mg TABLETA,ITRACONAZOL,100 mg,,04184,,,,,shortage,TABLETA,,2026-08-31,11,7,https://www.digemid.minsa.gob.pe/webDigemid/disponibilidad-de-productos-farmaceuticos/2026/disponibilidad-de-productos-farmaceuticos-agosto-2026/,2026-09-22T14:26:34.751997
PE,Peru,DIGEMID,METRONIDAZOL 250 mg/5 mL 60 mL SUSPENSION,METRONIDAZOL,250 mg/5 mL 60 mL,,04801,,,,,shortage,SUSPENSION,,2026-08-31,11,5,https://www.digemid.minsa.gob.pe/webDigemid/disponibilidad-de-productos-farmaceuticos/2026/disponibilidad-de-productos-farmaceuticos-agosto-2026/,2026-09-22T14:26:34.751997
PE,Peru,DIGEMID,IOPAMIDOL Equiv. 370 mg Iodo/mL 50 mL INYECTABLE,IOPAMIDOL Equiv.,370 mg Iodo/mL 50 mL,,04131,,,,,shortage,INYECTABLE,,2026-08-31,10,9,https://www.digemid.minsa.gob.pe/webDigemid/disponibilidad-de-productos-farmaceuticos/2026/disponibilidad-de-productos-farmaceuticos-agosto-2026/,2026-09-22T14:26:34.751997
PE,Peru,DIGEMID,FLUMAZENIL 100 µg/mL (0.1 mg/mL) 5 mL INYECTABLE,FLUMAZENIL,100 µg/mL (0.1 mg/mL) 5 mL,,03602,,,,,shortage,INYECTABLE,,2026-08-31,10,9,https://www.digemid.minsa.gob.pe/webDigemid/disponibilidad-de-productos-farmaceuticos/2026/disponibilidad-de-productos-farmaceuticos-agosto-2026/,2026-09-22T14:26:34.751997
PE,Peru,DIGEMID,VACUNA CONTRA LA DIFTERIA Y TETANOS (DT PEDIATRICO) 10 DOSIS INYECTABLE,VACUNA CONTRA LA DIFTERIA Y TETANOS (DT PEDIATRICO),10 DOSIS,,06431,,,,,shortage,INYECTABLE,,2026-08-31,10,6,https://www.digemid.minsa.gob.pe/webDigemid/disponibilidad-de-productos-farmaceuticos/2026/disponibilidad-de-productos-farmaceuticos-agosto-2026/,2026-09-22T14:26:34.751997
PE,Peru,DIGEMID,INMUNOGLOBULINA HUMANA NORMAL 5 g/100 mL 100 mL INYECTABLE,INMUNOGLOBULINA HUMANA NORMAL,5 g/100 mL 100 mL,,04077,,,,,shortage,INYECTABLE,,2026-08-31,10,8,https://www.digemid.minsa.gob.pe/webDigemid/disponibilidad-de-productos-farmaceuticos/2026/disponibilidad-de-productos-farmaceuticos-agosto-2026/,2026-09-22T14:26:34.751997
PE,Peru,DIGEMID,WARFARINA SODICA 5 mg TABLETA,WARFARINA SODICA,5 mg,,06502,,,,,shortage,TABLETA,,2026-08-31,10,6,https://www.digemid.minsa.gob.pe/webDigemid/disponibilidad-de-productos-farmaceuticos/2026/disponibilidad-de-productos-farmaceuticos-agosto-2026/,2026-09-22T14:26:34.751997
PE,Peru,DIGEMID,HIPROMELOSA(SOLUCION OFTALMICA) 20 mg/mL 2 mL SOLUCION,HIPROMELOSA,20 mg/mL 2 mL,,21257,,,,,shortage,SOLUCION,,2026-08-31,10,2,https://www.digemid.minsa.gob.pe/webDigemid/disponibilidad-de-productos-farmaceuticos/2026/disponibilidad-de-productos-farmaceuticos-agosto-2026/,2026-09-22T14:26:34.751997
PE,Peru,DIGEMID,HIDROCORTISONA 100 mg/100 g 20 g CREMA,HIDROCORTISONA,100 mg/100 g 20 g,,03936,,,,,shortage,CREMA,,2026-08-31,10,1,https://www.digemid.minsa.gob.pe/webDigemid/disponibilidad-de-productos-farmaceuticos/2026/disponibilidad-de-productos-farmaceuticos-agosto-2026/,2026-09-22T14:26:34.751997
PE,Peru,DIGEMID,PAROXETINA 20 mg TABLETA,PAROXETINA,20 mg,,05342,,,,,shortage,TABLETA,,2026-08-31,9,8,https://www.digemid.minsa.gob.pe/webDigemid/disponibilidad-de-productos-farmaceuticos/2026/disponibilidad-de-productos-farmaceuticos-agosto-2026/,2026-09-22T14:26:34.751997
PE,Peru,DIGEMID,LAMIVUDINA 50 mg/5 mL 240 mL SOLUCION,LAMIVUDINA,50 mg/5 mL 240 mL,,04326,,,,,shortage,SOLUCION,,2026-08-31,9,7,https://www.digemid.minsa.gob.pe/webDigemid/disponibilidad-de-productos-farmaceuticos/2026/disponibilidad-de-productos-farmaceuticos-agosto-2026/,2026-09-22T14:26:34.751997
PE,Peru,DIGEMID,HEPARINA SODICA 5 000 UI/ 5 mL 5 mL INYECTABLE,HEPARINA SODICA,5 000 UI/ 5 mL 5 mL,,03895,,,,,shortage,INYECTABLE,,2026-08-31,9,3,https://www.digemid.minsa.gob.pe/webDigemid/disponibilidad-de-productos-farmaceuticos/2026/disponibilidad-de-productos-farmaceuticos-agosto-2026/,2026-09-22T14:26:34.751997
PE,Peru,DIGEMID,IOPAMIDOL Equiv. 370 mg Iodo/mL 100 mL INYECTABLE,IOPAMIDOL Equiv.,370 mg Iodo/mL 100 mL,,04129,,,,,shortage,INYECTABLE,,2026-08-31,9,8,https://www.digemid.minsa.gob.pe/webDigemid/disponibilidad-de-productos-farmaceuticos/2026/disponibilidad-de-productos-farmaceuticos-agosto-2026/,2026-09-22T14:26:34.751997
PE,Peru,DIGEMID,GELATINA SUCCINALADA 3.5 g/100 mL 500 mL INYECTABLE,GELATINA SUCCINALADA,3.5 g/100 mL 500 mL,,19466,,,,,shortage,INYECTABLE,,2026-08-31,9,5,https://www.digemid.minsa.gob.pe/webDigemid/disponibilidad-de-productos-farmaceuticos/2026/disponibilidad-de-productos-farmaceuticos-agosto-2026/,2026-09-22T14:26:34.751997
PE,Peru,DIGEMID,SURFACTANTE PULMONAR DE ORIGEN NATURAL (SUSPENSION INTRATRAQUEAL) 80 mg/mL 3 mL INYECTABLE,SURFACTANTE PULMONAR DE ORIGEN NATURAL,80 mg/mL 3 mL,,24719,,,,,shortage,INYECTABLE,,2026-08-31,9,7,https://www.digemid.minsa.gob.pe/webDigemid/disponibilidad-de-productos-farmaceuticos/2026/disponibilidad-de-productos-farmaceuticos-agosto-2026/,2026-09-22T14:26:34.751997
PE,Peru,DIGEMID,VALGANCICLOVIR 450 mg TABLETA,VALGANCICLOVIR,450 mg,,19347,,,,,shortage,TABLETA,,2026-08-31,9,9,https://www.digemid.minsa.gob.pe/webDigemid/disponibilidad-de-productos-farmaceuticos/2026/disponibilidad-de-productos-farmaceuticos-agosto-2026/,2026-09-22T14:26:34.751997
PE,Peru,DIGEMID,CISPLATINO 1 mg/mL 10 mL INYECTABLE,CISPLATINO,1 mg/mL 10 mL,,01866,,,,,shortage,INYECTABLE,,2026-08-31,9,6,https://www.digemid.minsa.gob.pe/webDigemid/disponibilidad-de-productos-farmaceuticos/2026/disponibilidad-de-productos-farmaceuticos-agosto-2026/,2026-09-22T14:26:34.751997
PE,Peru,DIGEMID,DEXTROSA 5 g/100 mL (5 %) 100 mL INYECTABLE,DEXTROSA,5 g/100 mL (5 %) 100 mL,,03788,,,,,shortage,INYECTABLE,,2026-08-31,9,5,https://www.digemid.minsa.gob.pe/webDigemid/disponibilidad-de-productos-farmaceuticos/2026/disponibilidad-de-productos-farmaceuticos-agosto-2026/,2026-09-22T14:26:34.751997
PE,Peru,DIGEMID,FOLINATO CALCICO Equiv 50 mg ACIDO FOLINICO INYECTABLE,FOLINATO CALCICO Equiv,50 mg ACIDO FOLINICO,,03677,,,,,shortage,INYECTABLE,,2026-08-31,9,7,https://www.digemid.minsa.gob.pe/webDigemid/disponibilidad-de-productos-farmaceuticos/2026/disponibilidad-de-productos-farmaceuticos-agosto-2026/,2026-09-22T14:26:34.751997
PE,Peru,DIGEMID,CLOPIDOGREL (COMO BISULFATO) 75 mg TABLETA,CLOPIDOGREL (COMO BISULFATO),75 mg,,18874,,,,,shortage,TABLETA,,2026-08-31,9,2,https://www.digemid.minsa.gob.pe/webDigemid/disponibilidad-de-productos-farmaceuticos/2026/disponibilidad-de-productos-farmaceuticos-agosto-2026/,2026-09-22T14:26:34.751997
PE,Peru,DIGEMID,HIDROXICLOROQUINA SULFATO 400 mg (Equiv. 310 mg hidroxicloroqui TABLETA,HIDROXICLOROQUINA SULFATO,400 mg (Equiv. 310 mg hidroxicloroqui,,03964,,,,,shortage,TABLETA,,2026-08-31,9,4,https://www.digemid.minsa.gob.pe/webDigemid/disponibilidad-de-productos-farmaceuticos/2026/disponibilidad-de-productos-farmaceuticos-agosto-2026/,2026-09-22T14:26:34.751997
PE,Peru,DIGEMID,VIGABATRINA 500 mg TABLETA,VIGABATRINA,500 mg,,45129,,,,,shortage,TABLETA,,2026-08-31,8,8,https://www.digemid.minsa.gob.pe/webDigemid/disponibilidad-de-productos-farmaceuticos/2026/disponibilidad-de-productos-farmaceuticos-agosto-2026/,2026-09-22T14:26:34.751997
PE,Peru,DIGEMID,TRIAMCINOLONA ACETONIDO 50 mg/5 mL 5 mL INYECTABLE,TRIAMCINOLONA ACETONIDO,50 mg/5 mL 5 mL,,06285,,,,,shortage,INYECTABLE,,2026-08-31,8,7,https://www.digemid.minsa.gob.pe/webDigemid/disponibilidad-de-productos-farmaceuticos/2026/disponibilidad-de-productos-farmaceuticos-agosto-2026/,2026-09-22T14:26:34.751997
PE,Peru,DIGEMID,SUCCINILCOLINA (CLORURO DE SUXAMETONIO) 500 mg INYECTABLE,SUCCINILCOLINA (CLORURO DE SUXAMETONIO),500 mg,,20382,,,,,shortage,INYECTABLE,,2026-08-31,8,7,https://www.digemid.minsa.gob.pe/webDigemid/disponibilidad-de-productos-farmaceuticos/2026/disponibilidad-de-productos-farmaceuticos-agosto-2026/,2026-09-22T14:26:34.751997
PE,Peru,DIGEMID,INMUNOGLOBULINA ANTITETANICA 250 UI 1 mL INYECTABLE,INMUNOGLOBULINA ANTITETANICA,250 UI 1 mL,,04062,,,,,shortage,INYECTABLE,,2026-08-31,8,7,https://www.digemid.minsa.gob.pe/webDigemid/disponibilidad-de-productos-farmaceuticos/2026/disponibilidad-de-productos-farmaceuticos-agosto-2026/,2026-09-22T14:26:34.751997
PE,Peru,DIGEMID,METILPREDNISOLONA 500 mg INYECTABLE,METILPREDNISOLONA,500 mg,,37278,,,,,shortage,INYECTABLE,,2026-08-31,8,5,https://www.digemid.minsa.gob.pe/webDigemid/disponibilidad-de-productos-farmaceuticos/2026/disponibilidad-de-productos-farmaceuticos-agosto-2026/,2026-09-22T14:26:34.751997
PE,Peru,DIGEMID,NITROFURAL 200 mg/100 g 500 g POMADA,NITROFURAL,200 mg/100 g 500 g,,54001,,,,,shortage,POMADA,,2026-08-31,8,5,https://www.digemid.minsa.gob.pe/webDigemid/disponibilidad-de-productos-farmaceuticos/2026/disponibilidad-de-productos-farmaceuticos-agosto-2026/,2026-09-22T14:26:34.751997
PE,Peru,DIGEMID,PROPARACAINA CLORHIDRATO (SOLUCION OFTALMICA) 5 mg/mL 15 mL SOLUCION,PROPARACAINA CLORHIDRATO,5 mg/mL 15 mL,,20996,,,,,shortage,SOLUCION,,2026-08-31,8,3,https://www.digemid.minsa.gob.pe/webDigemid/disponibilidad-de-productos-farmaceuticos/2026/disponibilidad-de-productos-farmaceuticos-agosto-2026/,2026-09-22T14:26:34.751997
PE,Peru,DIGEMID,BROMURO DE VECURONIO 4 mg/mL 1 mL INYECTABLE,BROMURO DE VECURONIO,4 mg/mL 1 mL,,01346,,,,,shortage,INYECTABLE,,2026-08-31,8,7,https://www.digemid.minsa.gob.pe/webDigemid/disponibilidad-de-productos-farmaceuticos/2026/disponibilidad-de-productos-farmaceuticos-agosto-2026/,2026-09-22T14:26:34.751997
PE,Peru,DIGEMID,KETAMINA (COMO CLORHIDRATO) 50 mg/mL 10 mL INYECTABLE,KETAMINA (COMO CLORHIDRATO),50 mg/mL 10 mL,,04187,,,,,shortage,INYECTABLE,,2026-08-31,8,7,https://www.digemid.minsa.gob.pe/webDigemid/disponibilidad-de-productos-farmaceuticos/2026/disponibilidad-de-productos-farmaceuticos-agosto-2026/,2026-09-22T14:26:34.751997
PE,Peru,DIGEMID,MEROPENEM 500 mg INYECTABLE,MEROPENEM,500 mg,,04666,,,,,shortage,INYECTABLE,,2026-08-31,8,6,https://www.digemid.minsa.gob.pe/webDigemid/disponibilidad-de-productos-farmaceuticos/2026/disponibilidad-de-productos-farmaceuticos-agosto-2026/,2026-09-22T14:26:34.751997
PE,Peru,DIGEMID,CARVEDILOL 6.25 mg TABLETA,CARVEDILOL,6.25 mg,,01580,,,,,shortage,TABLETA,,2026-08-31,8,4,https://www.digemid.minsa.gob.pe/webDigemid/disponibilidad-de-productos-farmaceuticos/2026/disponibilidad-de-productos-farmaceuticos-agosto-2026/,2026-09-22T14:26:34.751997
PE,Peru,DIGEMID,ERITROMICINA 200 mg/5 mL 60 mL SUSPENSION,ERITROMICINA,200 mg/5 mL 60 mL,,03175,,,,,shortage,SUSPENSION,,2026-08-31,8,1,https://www.digemid.minsa.gob.pe/webDigemid/disponibilidad-de-productos-farmaceuticos/2026/disponibilidad-de-productos-farmaceuticos-agosto-2026/,2026-09-22T14:26:34.751997
PE,Peru,DIGEMID,ALOPURINOL 300 mg TABLETA,ALOPURINOL,300 mg,,00390,,,,,shortage,TABLETA,,2026-08-31,8,4,https://www.digemid.minsa.gob.pe/webDigemid/disponibilidad-de-productos-farmaceuticos/2026/disponibilidad-de-productos-farmaceuticos-agosto-2026/,2026-09-22T14:26:34.751997
PE,Peru,DIGEMID,MICOFENOLATO MOFETILO 500 mg TABLETA,MICOFENOLATO MOFETILO,500 mg,,26680,,,,,shortage,TABLETA,,2026-08-31,8,2,https://www.digemid.minsa.gob.pe/webDigemid/disponibilidad-de-productos-farmaceuticos/2026/disponibilidad-de-productos-farmaceuticos-agosto-2026/,2026-09-22T14:26:34.751997
PE,Peru,DIGEMID,LABETALOL 5 mg/mL 4 mL INYECTABLE,LABETALOL,5 mg/mL 4 mL,,18336,,,,,shortage,INYECTABLE,,2026-08-31,7,6,https://www.digemid.minsa.gob.pe/webDigemid/disponibilidad-de-productos-farmaceuticos/2026/disponibilidad-de-productos-farmaceuticos-agosto-2026/,2026-09-22T14:26:34.751997
PE,Peru,DIGEMID,ARIPIPRAZOL 15 mg TABLETA,ARIPIPRAZOL,15 mg,,18035,,,,,shortage,TABLETA,,2026-08-31,7,7,https://www.digemid.minsa.gob.pe/webDigemid/disponibilidad-de-productos-farmaceuticos/2026/disponibilidad-de-productos-farmaceuticos-agosto-2026/,2026-09-22T14:26:34.751997
PE,Peru,DIGEMID,HIERRO SACARATO 20 mg (equiv. hierro elemental)/mL 1 mL INYECTABLE,HIERRO SACARATO,20 mg (equiv. hierro elemental)/mL 1 mL,,37855,,,,,shortage,INYECTABLE,,2026-08-31,7,6,https://www.digemid.minsa.gob.pe/webDigemid/disponibilidad-de-productos-farmaceuticos/2026/disponibilidad-de-productos-farmaceuticos-agosto-2026/,2026-09-22T14:26:34.751997
PE,Peru,DIGEMID,ETIONAMIDA 250 mg TABLETA,ETIONAMIDA,250 mg,,03339,,,,,shortage,TABLETA,,2026-08-31,7,5,https://www.digemid.minsa.gob.pe/webDigemid/disponibilidad-de-productos-farmaceuticos/2026/disponibilidad-de-productos-farmaceuticos-agosto-2026/,2026-09-22T14:26:34.751997
PE,Peru,DIGEMID,ATAZANAVIR + RITONAVIR 300 mg + 100 mg TABLETA,ATAZANAVIR + RITONAVIR,300 mg + 100 mg,,38085,,,,,shortage,TABLETA,,2026-08-31,7,6,https://www.digemid.minsa.gob.pe/webDigemid/disponibilidad-de-productos-farmaceuticos/2026/disponibilidad-de-productos-farmaceuticos-agosto-2026/,2026-09-22T14:26:34.751997
PE,Peru,DIGEMID,MACROGOL 3350 (POLIETILENGLICOL 3350) COMBINACIONES 105 g 110.10 g POLVO,MACROGOL,3350 (POLIETILENGLICOL 3350) COMBINACIONES 105 g 110.10 g,,36966,,,,,shortage,POLVO,,2026-08-31,7,5,https://www.digemid.minsa.gob.pe/webDigemid/disponibilidad-de-productos-farmaceuticos/2026/disponibilidad-de-productos-farmaceuticos-agosto-2026/,2026-09-22T14:26:34.751997
PE,Peru,DIGEMID,CARBOPLATINO 450 mg INYECTABLE,CARBOPLATINO,450 mg,,24514,,,,,shortage,INYECTABLE,,2026-08-31,7,6,https://www.digemid.minsa.gob.pe/webDigemid/disponibilidad-de-productos-farmaceuticos/2026/disponibilidad-de-productos-farmaceuticos-agosto-2026/,2026-09-22T14:26:34.751997
PE,Peru,DIGEMID,CLORURO DE SUXAMETONIO 50 mg/mL 10 mL INYECTABLE,CLORURO DE SUXAMETONIO,50 mg/mL 10 mL,,02269,,,,,shortage,INYECTABLE,,2026-08-31,7,7,https://www.digemid.minsa.gob.pe/webDigemid/disponibilidad-de-productos-farmaceuticos/2026/disponibilidad-de-productos-farmaceuticos-agosto-2026/,2026-09-22T14:26:34.751997
PE,Peru,DIGEMID,DORZOLAMIDA (SOLUCION OFTALMICA) 20 mg/mL 5 mL SOLUCION,DORZOLAMIDA,20 mg/mL 5 mL,,03013,,,,,shortage,SOLUCION,,2026-08-31,7,4,https://www.digemid.minsa.gob.pe/webDigemid/disponibilidad-de-productos-farmaceuticos/2026/disponibilidad-de-productos-farmaceuticos-agosto-2026/,2026-09-22T14:26:34.751997
PE,Peru,DIGEMID,ONDANSETRON (COMO CLORHIDRATO) 2 mg/mL 4 mL INYECTABLE,ONDANSETRON (COMO CLORHIDRATO),2 mg/mL 4 mL,,05157,,,,,shortage,INYECTABLE,,2026-08-31,7,5,https://www.digemid.minsa.gob.pe/webDigemid/disponibilidad-de-productos-farmaceuticos/2026/disponibilidad-de-productos-farmaceuticos-agosto-2026/,2026-09-22T14:26:34.751997
PE,Peru,DIGEMID,CILASTATINA + IMIPENEM (COMO SAL SODICA) 500 mg + 500 mg INYECTABLE,CILASTATINA + IMIPENEM (COMO SAL SODICA),500 mg + 500 mg,,01800,,,,,shortage,INYECTABLE,,2026-08-31,7,5,https://www.digemid.minsa.gob.pe/webDigemid/disponibilidad-de-productos-farmaceuticos/2026/disponibilidad-de-productos-farmaceuticos-agosto-2026/,2026-09-22T14:26:34.751997
PE,Peru,DIGEMID,VASOPRESINA 20 UI 1 mL INYECTABLE,VASOPRESINA,20 UI 1 mL,,17697,,,,,shortage,INYECTABLE,,2026-08-31,7,6,https://www.digemid.minsa.gob.pe/webDigemid/disponibilidad-de-productos-farmaceuticos/2026/disponibilidad-de-productos-farmaceuticos-agosto-2026/,2026-09-22T14:26:34.751997
PE,Peru,DIGEMID,EFAVIRENZ 600 mg TABLETA,EFAVIRENZ,600 mg,,17703,,,,,shortage,TABLETA,,2026-08-31,7,6,https://www.digemid.minsa.gob.pe/webDigemid/disponibilidad-de-productos-farmaceuticos/2026/disponibilidad-de-productos-farmaceuticos-agosto-2026/,2026-09-22T14:26:34.751997
PE,Peru,DIGEMID,ENOXAPARINA SODICA 40 mg/0.4 mL 0.4 mL INYECTABLE,ENOXAPARINA SODICA,40 mg/0.4 mL 0.4 mL,,03086,,,,,shortage,INYECTABLE,,2026-08-31,7,4,https://www.digemid.minsa.gob.pe/webDigemid/disponibilidad-de-productos-farmaceuticos/2026/disponibilidad-de-productos-farmaceuticos-agosto-2026/,2026-09-22T14:26:34.751997
PE,Peru,DIGEMID,FENILEFRINA (SOLUCION OFTALMICA) 100 mg/mL 5 mL SOLUCION,FENILEFRINA,100 mg/mL 5 mL,,03429,,,,,shortage,SOLUCION,,2026-08-31,7,7,https://www.digemid.minsa.gob.pe/webDigemid/disponibilidad-de-productos-farmaceuticos/2026/disponibilidad-de-productos-farmaceuticos-agosto-2026/,2026-09-22T14:26:34.751997
PE,Peru,DIGEMID,ETRAVIRINA 200 mg TABLETA,ETRAVIRINA,200 mg,,32103,,,,,shortage,TABLETA,,2026-08-31,7,3,https://www.digemid.minsa.gob.pe/webDigemid/disponibilidad-de-productos-farmaceuticos/2026/disponibilidad-de-productos-farmaceuticos-agosto-2026/,2026-09-22T14:26:34.751997
PE,Peru,DIGEMID,POTASIO CITRATO (equivalente a 10 mEq de ión potasio) (TABLETA DE LIBERACION MODIFICADA) 1080 mg TABLETA,POTASIO CITRATO (equivalente a 10 mEq de ión potasio),1080 mg,,29494,,,,,shortage,TABLETA,,2026-08-31,7,4,https://www.digemid.minsa.gob.pe/webDigemid/disponibilidad-de-productos-farmaceuticos/2026/disponibilidad-de-productos-farmaceuticos-agosto-2026/,2026-09-22T14:26:34.751997
PE,Peru,DIGEMID,SIMETICONA 80 mg TABLETA,SIMETICONA,80 mg,,00476,,,,,shortage,TABLETA,,2026-08-31,7,2,https://www.digemid.minsa.gob.pe/webDigemid/disponibilidad-de-productos-farmaceuticos/2026/disponibilidad-de-productos-farmaceuticos-agosto-2026/,2026-09-22T14:26:34.751997
PE,Peru,DIGEMID,VACUNA CONTRA LA INFLUENZA HSUR - PEDIATRICO 20 DOSIS INYECTABLE,VACUNA CONTRA LA INFLUENZA HSUR - PEDIATRICO,20 DOSIS,,18539,,,,,shortage,INYECTABLE,,2026-08-31,7,4,https://www.digemid.minsa.gob.pe/webDigemid/disponibilidad-de-productos-farmaceuticos/2026/disponibilidad-de-productos-farmaceuticos-agosto-2026/,2026-09-22T14:26:34.751997
PE,Peru,DIGEMID,OXIGENO MEDICINAL GAS COMPRIMIDO (PSA) NO MENOR A 93% L GAS,OXIGENO MEDICINAL GAS COMPRIMIDO (PSA) NO MENOR A,93% L,,52635,,,,,shortage,GAS,,2026-08-31,7,1,https://www.digemid.minsa.gob.pe/webDigemid/disponibilidad-de-productos-farmaceuticos/2026/disponibilidad-de-productos-farmaceuticos-agosto-2026/,2026-09-22T14:26:34.751997
PE,Peru,DIGEMID,ESCOPOLAMINA BROMHIDRATO TRIHIDRATO 20 mg/mL 1 mL INYECTABLE,ESCOPOLAMINA BROMHIDRATO TRIHIDRATO,20 mg/mL 1 mL,,03201,,,,,shortage,INYECTABLE,,2026-08-31,7,1,https://www.digemid.minsa.gob.pe/webDigemid/disponibilidad-de-productos-farmaceuticos/2026/disponibilidad-de-productos-farmaceuticos-agosto-2026/,2026-09-22T14:26:34.751997
PE,Peru,DIGEMID,ARTEMETERO + LUMEFANTRINA 20 mg + 120 mg TABLETA,ARTEMETERO + LUMEFANTRINA,20 mg + 120 mg,,00882,,,,,shortage,TABLETA,,2026-08-31,7,1,https://www.digemid.minsa.gob.pe/webDigemid/disponibilidad-de-productos-farmaceuticos/2026/disponibilidad-de-productos-farmaceuticos-agosto-2026/,2026-09-22T14:26:34.751997
PE,Peru,DIGEMID,KETOROLACO 30 mg 1 mL INYECTABLE,KETOROLACO,30 mg 1 mL,,04248,,,,,shortage,INYECTABLE,,2026-08-31,7,1,https://www.digemid.minsa.gob.pe/webDigemid/disponibilidad-de-productos-farmaceuticos/2026/disponibilidad-de-productos-farmaceuticos-agosto-2026/,2026-09-22T14:26:34.751997
PE,Peru,DIGEMID,ESCOPOLAMINA N-BUTILBROMURO 20 mg 2 mL INYECTABLE,ESCOPOLAMINA N-BUTILBROMURO,20 mg 2 mL,,03214,,,,,shortage,INYECTABLE,,2026-08-31,7,1,https://www.digemid.minsa.gob.pe/webDigemid/disponibilidad-de-productos-farmaceuticos/2026/disponibilidad-de-productos-farmaceuticos-agosto-2026/,2026-09-22T14:26:34.751997
PE,Peru,DIGEMID,DICLOXACILINA (COMO SAL SODICA) 125 mg/5 mL 60 mL SUSPENSION,DICLOXACILINA (COMO SAL SODICA),125 mg/5 mL 60 mL,,02822,,,,,shortage,SUSPENSION,,2026-08-31,7,2,https://www.digemid.minsa.gob.pe/webDigemid/disponibilidad-de-productos-farmaceuticos/2026/disponibilidad-de-productos-farmaceuticos-agosto-2026/,2026-09-22T14:26:34.751997
PE,Peru,DIGEMID,MAGNESIO SULFATO 200 mg/mL 20 mL INYECTABLE,MAGNESIO SULFATO,200 mg/mL 20 mL,,04557,,,,,shortage,INYECTABLE,,2026-08-31,7,1,https://www.digemid.minsa.gob.pe/webDigemid/disponibilidad-de-productos-farmaceuticos/2026/disponibilidad-de-productos-farmaceuticos-agosto-2026/,2026-09-22T14:26:34.751997
PE,Peru,DIGEMID,AMBROXOL 15 mg/5 mL 120 mL JARABE,AMBROXOL,15 mg/5 mL 120 mL,,00575,,,,,shortage,JARABE,,2026-08-31,7,2,https://www.digemid.minsa.gob.pe/webDigemid/disponibilidad-de-productos-farmaceuticos/2026/disponibilidad-de-productos-farmaceuticos-agosto-2026/,2026-09-22T14:26:34.751997
PE,Peru,DIGEMID,HIPROMELOSA (SOLUCION OFTALMICA) 15 mg/mL 3 mL SOLUCION,HIPROMELOSA,15 mg/mL 3 mL,,37281,,,,,shortage,SOLUCION,,2026-08-31,7,1,https://www.digemid.minsa.gob.pe/webDigemid/disponibilidad-de-productos-farmaceuticos/2026/disponibilidad-de-productos-farmaceuticos-agosto-2026/,2026-09-22T14:26:34.751997
PE,Peru,DIGEMID,LEVONORGESTREL 750 µg TABLETA,LEVONORGESTREL,750 µg,,04371,,,,,shortage,TABLETA,,2026-08-31,6,4,https://www.digemid.minsa.gob.pe/webDigemid/disponibilidad-de-productos-farmaceuticos/2026/disponibilidad-de-productos-farmaceuticos-agosto-2026/,2026-09-22T14:26:34.751997
PE,Peru,DIGEMID,BROMURO DE VECURONIO 4 mg INYECTABLE,BROMURO DE VECURONIO,4 mg,,26361,,,,,shortage,INYECTABLE,,2026-08-31,6,5,https://www.digemid.minsa.gob.pe/webDigemid/disponibilidad-de-productos-farmaceuticos/2026/disponibilidad-de-productos-farmaceuticos-agosto-2026/,2026-09-22T14:26:34.751997
PE,Peru,DIGEMID,FENOXIMETILPENICILINA POTASICA 1000000 UI TABLETA,FENOXIMETILPENICILINA POTASICA,1000000 UI,,03499,,,,,shortage,TABLETA,,2026-08-31,6,3,https://www.digemid.minsa.gob.pe/webDigemid/disponibilidad-de-productos-farmaceuticos/2026/disponibilidad-de-productos-farmaceuticos-agosto-2026/,2026-09-22T14:26:34.751997
PE,Peru,DIGEMID,AMPICILINA SODICA 500 mg INYECTABLE,AMPICILINA SODICA,500 mg,,00834,,,,,shortage,INYECTABLE,,2026-08-31,6,5,https://www.digemid.minsa.gob.pe/webDigemid/disponibilidad-de-productos-farmaceuticos/2026/disponibilidad-de-productos-farmaceuticos-agosto-2026/,2026-09-22T14:26:34.751997
PE,Peru,DIGEMID,CETIRIZINA 10 mg TABLETA,CETIRIZINA,10 mg,,01744,,,,,shortage,TABLETA,,2026-08-31,6,4,https://www.digemid.minsa.gob.pe/webDigemid/disponibilidad-de-productos-farmaceuticos/2026/disponibilidad-de-productos-farmaceuticos-agosto-2026/,2026-09-22T14:26:34.751997
PE,Peru,DIGEMID,HALOPERIDOL 10 mg TABLETA,HALOPERIDOL,10 mg,,03881,,,,,shortage,TABLETA,,2026-08-31,6,5,https://www.digemid.minsa.gob.pe/webDigemid/disponibilidad-de-productos-farmaceuticos/2026/disponibilidad-de-productos-farmaceuticos-agosto-2026/,2026-09-22T14:26:34.751997
PE,Peru,DIGEMID,TRICLABENDAZOL 250 mg TABLETA,TRICLABENDAZOL,250 mg,,18635,,,,,shortage,TABLETA,,2026-08-31,6,6,https://www.digemid.minsa.gob.pe/webDigemid/disponibilidad-de-productos-farmaceuticos/2026/disponibilidad-de-productos-farmaceuticos-agosto-2026/,2026-09-22T14:26:34.751997
PE,Peru,DIGEMID,MORFINA (CLORHIDRATO) 20 mg 1 mL INYECTABLE,MORFINA (CLORHIDRATO),20 mg 1 mL,,04901,,,,,shortage,INYECTABLE,,2026-08-31,6,6,https://www.digemid.minsa.gob.pe/webDigemid/disponibilidad-de-productos-farmaceuticos/2026/disponibilidad-de-productos-farmaceuticos-agosto-2026/,2026-09-22T14:26:34.751997
PE,Peru,DIGEMID,"VACUNA ANTIPAROTIDITIS, RUBEOLA Y SARAMPION 700 DCI/0.5 mL 10 DOSIS INYECTABLE","VACUNA ANTIPAROTIDITIS, RUBEOLA Y SARAMPION",700 DCI/0.5 mL 10 DOSIS,,06438,,,,,shortage,INYECTABLE,,2026-08-31,6,3,https://www.digemid.minsa.gob.pe/webDigemid/disponibilidad-de-productos-farmaceuticos/2026/disponibilidad-de-productos-farmaceuticos-agosto-2026/,2026-09-22T14:26:34.751997
PE,Peru,DIGEMID,ACETILCISTEINA 100 mg/5 mL 60 g GRANULOS,ACETILCISTEINA,100 mg/5 mL 60 g,,00075,,,,,shortage,GRANULOS,,2026-08-31,6,1,https://www.digemid.minsa.gob.pe/webDigemid/disponibilidad-de-productos-farmaceuticos/2026/disponibilidad-de-productos-farmaceuticos-agosto-2026/,2026-09-22T14:26:34.751997
PE,Peru,DIGEMID,NITROFURAL 200 mg/100 g 25 g CREMA,NITROFURAL,200 mg/100 g 25 g,,05080,,,,,shortage,CREMA,,2026-08-31,6,1,https://www.digemid.minsa.gob.pe/webDigemid/disponibilidad-de-productos-farmaceuticos/2026/disponibilidad-de-productos-farmaceuticos-agosto-2026/,2026-09-22T14:26:34.751997
PE,Peru,DIGEMID,NITROFURAL 200 mg/100 mL 1 L SOLUCION,NITROFURAL,200 mg/100 mL 1 L,,05086,,,,,shortage,SOLUCION,,2026-08-31,6,5,https://www.digemid.minsa.gob.pe/webDigemid/disponibilidad-de-productos-farmaceuticos/2026/disponibilidad-de-productos-farmaceuticos-agosto-2026/,2026-09-22T14:26:34.751997
PE,Peru,DIGEMID,FLUOROURACILO 50 mg/ mL 10 mL INYECTABLE,FLUOROURACILO,50 mg/ mL 10 mL,,03622,,,,,shortage,INYECTABLE,,2026-08-31,6,6,https://www.digemid.minsa.gob.pe/webDigemid/disponibilidad-de-productos-farmaceuticos/2026/disponibilidad-de-productos-farmaceuticos-agosto-2026/,2026-09-22T14:26:34.751997
PE,Peru,DIGEMID,ETILEFRINA 10 mg/mL 1 mL INYECTABLE,ETILEFRINA,10 mg/mL 1 mL,,03317,,,,,shortage,INYECTABLE,,2026-08-31,6,4,https://www.digemid.minsa.gob.pe/webDigemid/disponibilidad-de-productos-farmaceuticos/2026/disponibilidad-de-productos-farmaceuticos-agosto-2026/,2026-09-22T14:26:34.751997
PE,Peru,DIGEMID,FLUCONAZOL 2 mg/mL 100 mL INYECTABLE,FLUCONAZOL,2 mg/mL 100 mL,,03592,,,,,shortage,INYECTABLE,,2026-08-31,6,6,https://www.digemid.minsa.gob.pe/webDigemid/disponibilidad-de-productos-farmaceuticos/2026/disponibilidad-de-productos-farmaceuticos-agosto-2026/,2026-09-22T14:26:34.751997
PE,Peru,DIGEMID,SALBUTAMOL 5 mg/mL 15 mL SOLUCION,SALBUTAMOL,5 mg/mL 15 mL,,24677,,,,,shortage,SOLUCION,,2026-08-31,6,4,https://www.digemid.minsa.gob.pe/webDigemid/disponibilidad-de-productos-farmaceuticos/2026/disponibilidad-de-productos-farmaceuticos-agosto-2026/,2026-09-22T14:26:34.751997
PE,Peru,DIGEMID,ABIRATERONA (COMO ACETATO) 250 mg TABLETA,ABIRATERONA (COMO ACETATO),250 mg,,26420,,,,,shortage,TABLETA,,2026-08-31,6,5,https://www.digemid.minsa.gob.pe/webDigemid/disponibilidad-de-productos-farmaceuticos/2026/disponibilidad-de-productos-farmaceuticos-agosto-2026/,2026-09-22T14:26:34.751997
PE,Peru,DIGEMID,TRIAMCINOLONA ACETONIDO (LOCION) 25 mg/100 mL (0.025 %) 60 mL SOLUCION,TRIAMCINOLONA ACETONIDO,25 mg/100 mL (0.025 %) 60 mL,,06291,,,,,shortage,SOLUCION,,2026-08-31,6,4,https://www.digemid.minsa.gob.pe/webDigemid/disponibilidad-de-productos-farmaceuticos/2026/disponibilidad-de-productos-farmaceuticos-agosto-2026/,2026-09-22T14:26:34.751997
PE,Peru,DIGEMID,CODEINA 15 mg/5 mL 60 mL JARABE,CODEINA,15 mg/5 mL 60 mL,,08046,,,,,shortage,JARABE,,2026-08-31,6,4,https://www.digemid.minsa.gob.pe/webDigemid/disponibilidad-de-productos-farmaceuticos/2026/disponibilidad-de-productos-farmaceuticos-agosto-2026/,2026-09-22T14:26:34.751997
PE,Peru,DIGEMID,ARTESUNATO 60 mg INYECTABLE,ARTESUNATO,60 mg,,19701,,,,,shortage,INYECTABLE,,2026-08-31,6,3,https://www.digemid.minsa.gob.pe/webDigemid/disponibilidad-de-productos-farmaceuticos/2026/disponibilidad-de-productos-farmaceuticos-agosto-2026/,2026-09-22T14:26:34.751997
PE,Peru,DIGEMID,TIAMAZOL 5 mg TABLETA,TIAMAZOL,5 mg,,06126,,,,,shortage,TABLETA,,2026-08-31,6,4,https://www.digemid.minsa.gob.pe/webDigemid/disponibilidad-de-productos-farmaceuticos/2026/disponibilidad-de-productos-farmaceuticos-agosto-2026/,2026-09-22T14:26:34.751997
PE,Peru,DIGEMID,AMFOTERICINA B 50 mg 10 mL INYECTABLE,AMFOTERICINA B,50 mg 10 mL,,00620,,,,,shortage,INYECTABLE,,2026-08-31,6,4,https://www.digemid.minsa.gob.pe/webDigemid/disponibilidad-de-productos-farmaceuticos/2026/disponibilidad-de-productos-farmaceuticos-agosto-2026/,2026-09-22T14:26:34.751997
PE,Peru,DIGEMID,PEMETREXED DISODICO HEPTAHIDRATADO 500 mg INYECTABLE,PEMETREXED DISODICO HEPTAHIDRATADO,500 mg,,18070,,,,,shortage,INYECTABLE,,2026-08-31,6,5,https://www.digemid.minsa.gob.pe/webDigemid/disponibilidad-de-productos-farmaceuticos/2026/disponibilidad-de-productos-farmaceuticos-agosto-2026/,2026-09-22T14:26:34.751997
PE,Peru,DIGEMID,FENILEFRINA (SOLUCION OFTALMICA) 25 mg/mL 15 mL SOLUCION,FENILEFRINA,25 mg/mL 15 mL,,03431,,,,,shortage,SOLUCION,,2026-08-31,6,6,https://www.digemid.minsa.gob.pe/webDigemid/disponibilidad-de-productos-farmaceuticos/2026/disponibilidad-de-productos-farmaceuticos-agosto-2026/,2026-09-22T14:26:34.751997
PE,Peru,DIGEMID,NOREPINEFRINA (COMO ACIDO TARTRATO) 1 mg/mL 4 mL INYECTABLE,NOREPINEFRINA (COMO ACIDO TARTRATO),1 mg/mL 4 mL,,05118,,,,,shortage,INYECTABLE,,2026-08-31,6,4,https://www.digemid.minsa.gob.pe/webDigemid/disponibilidad-de-productos-farmaceuticos/2026/disponibilidad-de-productos-farmaceuticos-agosto-2026/,2026-09-22T14:26:34.751997
PE,Peru,DIGEMID,LIDOCAINA CLORHIDRATO 2 g/100 g 30 mL GEL,LIDOCAINA CLORHIDRATO,2 g/100 g 30 mL,,04421,,,,,shortage,GEL,,2026-08-31,6,3,https://www.digemid.minsa.gob.pe/webDigemid/disponibilidad-de-productos-farmaceuticos/2026/disponibilidad-de-productos-farmaceuticos-agosto-2026/,2026-09-22T14:26:34.751997
PE,Peru,DIGEMID,BUPIVACAINA CLORHIDRATO + DEXTROSA 20 mg + 320 mg 4 mL INYECTABLE,BUPIVACAINA CLORHIDRATO + DEXTROSA,20 mg + 320 mg 4 mL,,19239,,,,,shortage,INYECTABLE,,2026-08-31,6,4,https://www.digemid.minsa.gob.pe/webDigemid/disponibilidad-de-productos-farmaceuticos/2026/disponibilidad-de-productos-farmaceuticos-agosto-2026/,2026-09-22T14:26:34.751997
PE,Peru,DIGEMID,LIDOCAINA CLORHIDRATO + EPINEFRINA 20 mg + 10 ug/mL 20 mL INYECTABLE,LIDOCAINA CLORHIDRATO + EPINEFRINA,20 mg + 10 ug/mL 20 mL,,04398,,,,,shortage,INYECTABLE,,2026-08-31,6,4,https://www.digemid.minsa.gob.pe/webDigemid/disponibilidad-de-productos-farmaceuticos/2026/disponibilidad-de-productos-farmaceuticos-agosto-2026/,2026-09-22T14:26:34.751997
PE,Peru,DIGEMID,CICLOFOSFAMIDA 200 mg INYECTABLE,CICLOFOSFAMIDA,200 mg,,01778,,,,,shortage,INYECTABLE,,2026-08-31,6,4,https://www.digemid.minsa.gob.pe/webDigemid/disponibilidad-de-productos-farmaceuticos/2026/disponibilidad-de-productos-farmaceuticos-agosto-2026/,2026-09-22T14:26:34.751997
PE,Peru,DIGEMID,TRIFLUOPERAZINA (COMO CLORHIDRATO) 5 mg TABLETA,TRIFLUOPERAZINA (COMO CLORHIDRATO),5 mg,,06337,,,,,shortage,TABLETA,,2026-08-31,6,5,https://www.digemid.minsa.gob.pe/webDigemid/disponibilidad-de-productos-farmaceuticos/2026/disponibilidad-de-productos-farmaceuticos-agosto-2026/,2026-09-22T14:26:34.751997
PE,Peru,DIGEMID,CISPLATINO 50 mg INYECTABLE,CISPLATINO,50 mg,,30951,,,,,shortage,INYECTABLE,,2026-08-31,6,5,https://www.digemid.minsa.gob.pe/webDigemid/disponibilidad-de-productos-farmaceuticos/2026/disponibilidad-de-productos-farmaceuticos-agosto-2026/,2026-09-22T14:26:34.751997
PE,Peru,DIGEMID,AZATIOPRINA 50 mg TABLETA,AZATIOPRINA,50 mg,,00921,,,,,shortage,TABLETA,,2026-08-31,6,5,https://www.digemid.minsa.gob.pe/webDigemid/disponibilidad-de-productos-farmaceuticos/2026/disponibilidad-de-productos-farmaceuticos-agosto-2026/,2026-09-22T14:26:34.751997
PE,Peru,DIGEMID,VINBLASTINA SULFATO 1 mg/mL 10 mL INYECTABLE,VINBLASTINA SULFATO,1 mg/mL 10 mL,,06488,,,,,shortage,INYECTABLE,,2026-08-31,6,5,https://www.digemid.minsa.gob.pe/webDigemid/disponibilidad-de-productos-farmaceuticos/2026/disponibilidad-de-productos-farmaceuticos-agosto-2026/,2026-09-22T14:26:34.751997
PE,Peru,DIGEMID,EPOETINA ALFA (ERITROPOYETINA) 2000 UI/mL 1 mL INYECTABLE,EPOETINA ALFA (ERITROPOYETINA),2000 UI/mL 1 mL,,03107,,,,,shortage,INYECTABLE,,2026-08-31,6,4,https://www.digemid.minsa.gob.pe/webDigemid/disponibilidad-de-productos-farmaceuticos/2026/disponibilidad-de-productos-farmaceuticos-agosto-2026/,2026-09-22T14:26:34.751997
PE,Peru,DIGEMID,PERMETRINA 5 g/100 g 30 g CREMA,PERMETRINA,5 g/100 g 30 g,,17585,,,,,shortage,CREMA,,2026-08-31,6,2,https://www.digemid.minsa.gob.pe/webDigemid/disponibilidad-de-productos-farmaceuticos/2026/disponibilidad-de-productos-farmaceuticos-agosto-2026/,2026-09-22T14:26:34.751997
PE,Peru,DIGEMID,CIPROFLOXACINO 200 mg 200 mL INYECTABLE,CIPROFLOXACINO,200 mg 200 mL,,01839,,,,,shortage,INYECTABLE,,2026-08-31,6,1,https://www.digemid.minsa.gob.pe/webDigemid/disponibilidad-de-productos-farmaceuticos/2026/disponibilidad-de-productos-farmaceuticos-agosto-2026/,2026-09-22T14:26:34.751997
PE,Peru,DIGEMID,"VACUNA CONTRA DIFTERIA, TETANOS Y TOS FERINA ACELULAR ADSORBIDA (DPTa) 5 Lf + 5 Lf + 2.5 ug 1 DOSIS INYECTABLE","VACUNA CONTRA DIFTERIA, TETANOS Y TOS FERINA ACELULAR ADSORBIDA (DPTa)",5 Lf + 5 Lf + 2.5 ug 1 DOSIS,,25293,,,,,shortage,INYECTABLE,,2026-08-31,6,1,https://www.digemid.minsa.gob.pe/webDigemid/disponibilidad-de-productos-farmaceuticos/2026/disponibilidad-de-productos-farmaceuticos-agosto-2026/,2026-09-22T14:26:34.751997
PE,Peru,DIGEMID,CEFOTAXIMA (COMO SAL SODICA) 500 mg INYECTABLE,CEFOTAXIMA (COMO SAL SODICA),500 mg,,01657,,,,,shortage,INYECTABLE,,2026-08-31,5,4,https://www.digemid.minsa.gob.pe/webDigemid/disponibilidad-de-productos-farmaceuticos/2026/disponibilidad-de-productos-farmaceuticos-agosto-2026/,2026-09-22T14:26:34.751997
PE,Peru,DIGEMID,SODIO CLORURO (0.9 % -CIRCUITO CERRADO ) 900 mg/100 mL (0.9 %) CIRCUITO CERRADO 250 mL INYECTABLE,SODIO CLORURO (0.9 % -CIRCUITO CERRADO ),900 mg/100 mL (0.9 %) CIRCUITO CERRADO 250 mL,,26435,,,,,shortage,INYECTABLE,,2026-08-31,5,5,https://www.digemid.minsa.gob.pe/webDigemid/disponibilidad-de-productos-farmaceuticos/2026/disponibilidad-de-productos-farmaceuticos-agosto-2026/,2026-09-22T14:26:34.751997
PE,Peru,DIGEMID,FLUCONAZOL 2 mg/mL 50 mL INYECTABLE,FLUCONAZOL,2 mg/mL 50 mL,,03591,,,,,shortage,INYECTABLE,,2026-08-31,5,4,https://www.digemid.minsa.gob.pe/webDigemid/disponibilidad-de-productos-farmaceuticos/2026/disponibilidad-de-productos-farmaceuticos-agosto-2026/,2026-09-22T14:26:34.751997
PE,Peru,DIGEMID,EMPAGLIFLOZINA 10 mg TABLETA,EMPAGLIFLOZINA,10 mg,,44313,,,,,shortage,TABLETA,,2026-08-31,5,4,https://www.digemid.minsa.gob.pe/webDigemid/disponibilidad-de-productos-farmaceuticos/2026/disponibilidad-de-productos-farmaceuticos-agosto-2026/,2026-09-22T14:26:34.751997
PE,Peru,DIGEMID,ONDANSETRON (COMO CLORHIDRATO) 8 mg TABLETA,ONDANSETRON (COMO CLORHIDRATO),8 mg,,05161,,,,,shortage,TABLETA,,2026-08-31,5,5,https://www.digemid.minsa.gob.pe/webDigemid/disponibilidad-de-productos-farmaceuticos/2026/disponibilidad-de-productos-farmaceuticos-agosto-2026/,2026-09-22T14:26:34.751997
PE,Peru,DIGEMID,DISULFIRAM 500 mg TABLETA,DISULFIRAM,500 mg,,02966,,,,,shortage,TABLETA,,2026-08-31,5,4,https://www.digemid.minsa.gob.pe/webDigemid/disponibilidad-de-productos-farmaceuticos/2026/disponibilidad-de-productos-farmaceuticos-agosto-2026/,2026-09-22T14:26:34.751997
PE,Peru,DIGEMID,EMPAGLIFLOZINA 25 mg TABLETA,EMPAGLIFLOZINA,25 mg,,34927,,,,,shortage,TABLETA,,2026-08-31,5,5,https://www.digemid.minsa.gob.pe/webDigemid/disponibilidad-de-productos-farmaceuticos/2026/disponibilidad-de-productos-farmaceuticos-agosto-2026/,2026-09-22T14:26:34.751997
PE,Peru,DIGEMID,ACIDO ZOLEDRONICO 4 mg INYECTABLE,ACIDO ZOLEDRONICO,4 mg,,06600,,,,,shortage,INYECTABLE,,2026-08-31,5,5,https://www.digemid.minsa.gob.pe/webDigemid/disponibilidad-de-productos-farmaceuticos/2026/disponibilidad-de-productos-farmaceuticos-agosto-2026/,2026-09-22T14:26:34.751997
PE,Peru,DIGEMID,ACETILCISTEINA 600 mg TABLETA,ACETILCISTEINA,600 mg,,00076,,,,,shortage,TABLETA,,2026-08-31,5,5,https://www.digemid.minsa.gob.pe/webDigemid/disponibilidad-de-productos-farmaceuticos/2026/disponibilidad-de-productos-farmaceuticos-agosto-2026/,2026-09-22T14:26:34.751997
PE,Peru,DIGEMID,RITUXIMAB 1400 mg/11.7 ml (120 mg/mL) 11.7 mL INYECTABLE,RITUXIMAB,1400 mg/11.7 ml (120 mg/mL) 11.7 mL,,52460,,,,,shortage,INYECTABLE,,2026-08-31,5,4,https://www.digemid.minsa.gob.pe/webDigemid/disponibilidad-de-productos-farmaceuticos/2026/disponibilidad-de-productos-farmaceuticos-agosto-2026/,2026-09-22T14:26:34.751997
PE,Peru,DIGEMID,NITROFURAL 200 mg/100 g 35 g CREMA,NITROFURAL,200 mg/100 g 35 g,,05082,,,,,shortage,CREMA,,2026-08-31,5,3,https://www.digemid.minsa.gob.pe/webDigemid/disponibilidad-de-productos-farmaceuticos/2026/disponibilidad-de-productos-farmaceuticos-agosto-2026/,2026-09-22T14:26:34.751997
PE,Peru,DIGEMID,ACETILCISTEINA 600 mg 2 gr GRANULOS,ACETILCISTEINA,600 mg 2 gr,,46635,,,,,shortage,GRANULOS,,2026-08-31,5,3,https://www.digemid.minsa.gob.pe/webDigemid/disponibilidad-de-productos-farmaceuticos/2026/disponibilidad-de-productos-farmaceuticos-agosto-2026/,2026-09-22T14:26:34.751997
PE,Peru,DIGEMID,FINASTERIDA 5 mg TABLETA,FINASTERIDA,5 mg,,03575,,,,,shortage,TABLETA,,2026-08-31,5,4,https://www.digemid.minsa.gob.pe/webDigemid/disponibilidad-de-productos-farmaceuticos/2026/disponibilidad-de-productos-farmaceuticos-agosto-2026/,2026-09-22T14:26:34.751997
PE,Peru,DIGEMID,CLOBAZAM 10 mg TABLETA,CLOBAZAM,10 mg,,01966,,,,,shortage,TABLETA,,2026-08-31,5,4,https://www.digemid.minsa.gob.pe/webDigemid/disponibilidad-de-productos-farmaceuticos/2026/disponibilidad-de-productos-farmaceuticos-agosto-2026/,2026-09-22T14:26:34.751997
PE,Peru,DIGEMID,DIGOXINA 250 µg (0.25 mg) TABLETA,DIGOXINA,250 µg (0.25 mg),,02862,,,,,shortage,TABLETA,,2026-08-31,5,4,https://www.digemid.minsa.gob.pe/webDigemid/disponibilidad-de-productos-farmaceuticos/2026/disponibilidad-de-productos-farmaceuticos-agosto-2026/,2026-09-22T14:26:34.751997
PE,Peru,DIGEMID,COLCHICINA 500 µg (0.5 mg) TABLETA,COLCHICINA,500 µg (0.5 mg),,02391,,,,,shortage,TABLETA,,2026-08-31,5,3,https://www.digemid.minsa.gob.pe/webDigemid/disponibilidad-de-productos-farmaceuticos/2026/disponibilidad-de-productos-farmaceuticos-agosto-2026/,2026-09-22T14:26:34.751997
PE,Peru,DIGEMID,SUERO ANTILONOMICO 350 µg/mL 10 mL INYECTABLE,SUERO ANTILONOMICO,350 µg/mL 10 mL,,33225,,,,,shortage,INYECTABLE,,2026-08-31,5,3,https://www.digemid.minsa.gob.pe/webDigemid/disponibilidad-de-productos-farmaceuticos/2026/disponibilidad-de-productos-farmaceuticos-agosto-2026/,2026-09-22T14:26:34.751997
PE,Peru,DIGEMID,EPOETINA ALFA (ERITROPOYETINA) 4000 UI/mL 1 mL INYECTABLE,EPOETINA ALFA (ERITROPOYETINA),4000 UI/mL 1 mL,,03113,,,,,shortage,INYECTABLE,,2026-08-31,5,5,https://www.digemid.minsa.gob.pe/webDigemid/disponibilidad-de-productos-farmaceuticos/2026/disponibilidad-de-productos-farmaceuticos-agosto-2026/,2026-09-22T14:26:34.751997
PE,Peru,DIGEMID,LEVOTIROXINA SODICA 75 µg (0.075 mg) TABLETA,LEVOTIROXINA SODICA,75 µg (0.075 mg),,04386,,,,,shortage,TABLETA,,2026-08-31,5,4,https://www.digemid.minsa.gob.pe/webDigemid/disponibilidad-de-productos-farmaceuticos/2026/disponibilidad-de-productos-farmaceuticos-agosto-2026/,2026-09-22T14:26:34.751997
PE,Peru,DIGEMID,DARUNAVIR 600 mg TABLETA,DARUNAVIR,600 mg,,30439,,,,,shortage,TABLETA,,2026-08-31,5,3,https://www.digemid.minsa.gob.pe/webDigemid/disponibilidad-de-productos-farmaceuticos/2026/disponibilidad-de-productos-farmaceuticos-agosto-2026/,2026-09-22T14:26:34.751997
PE,Peru,DIGEMID,BACLOFENO 10 mg TABLETA,BACLOFENO,10 mg,,00990,,,,,shortage,TABLETA,,2026-08-31,5,3,https://www.digemid.minsa.gob.pe/webDigemid/disponibilidad-de-productos-farmaceuticos/2026/disponibilidad-de-productos-farmaceuticos-agosto-2026/,2026-09-22T14:26:34.751997
PE,Peru,DIGEMID,GEMCITABINA (COMO CLORHIDRATO) 200 mg INYECTABLE,GEMCITABINA (COMO CLORHIDRATO),200 mg,,18052,,,,,shortage,INYECTABLE,,2026-08-31,5,5,https://www.digemid.minsa.gob.pe/webDigemid/disponibilidad-de-productos-farmaceuticos/2026/disponibilidad-de-productos-farmaceuticos-agosto-2026/,2026-09-22T14:26:34.751997
PE,Peru,DIGEMID,SULFASALAZINA 500 mg TABLETA,SULFASALAZINA,500 mg,,06006,,,,,shortage,TABLETA,,2026-08-31,5,2,https://www.digemid.minsa.gob.pe/webDigemid/disponibilidad-de-productos-farmaceuticos/2026/disponibilidad-de-productos-farmaceuticos-agosto-2026/,2026-09-22T14:26:34.751997
PE,Peru,DIGEMID,ABACAVIR + DOLUTEGRAVIR + LAMIVUDINA 60 mg + 5 mg + 30 mg - TABLETA,ABACAVIR + DOLUTEGRAVIR + LAMIVUDINA,60 mg + 5 mg + 30 mg -,,55637,,,,,shortage,TABLETA,,2026-08-31,5,3,https://www.digemid.minsa.gob.pe/webDigemid/disponibilidad-de-productos-farmaceuticos/2026/disponibilidad-de-productos-farmaceuticos-agosto-2026/,2026-09-22T14:26:34.751997
PE,Peru,DIGEMID,IVERMECTINA 6 mg/mL 5 mL SOLUCION,IVERMECTINA,6 mg/mL 5 mL,,18057,,,,,shortage,SOLUCION,,2026-08-31,5,2,https://www.digemid.minsa.gob.pe/webDigemid/disponibilidad-de-productos-farmaceuticos/2026/disponibilidad-de-productos-farmaceuticos-agosto-2026/,2026-09-22T14:26:34.751997
PE,Peru,DIGEMID,DICLOFENACO 1 g/100 g 40 g GEL,DICLOFENACO,1 g/100 g 40 g,,02780,,,,,shortage,GEL,,2026-08-31,5,1,https://www.digemid.minsa.gob.pe/webDigemid/disponibilidad-de-productos-farmaceuticos/2026/disponibilidad-de-productos-farmaceuticos-agosto-2026/,2026-09-22T14:26:34.751997
PE,Peru,DIGEMID,ABACAVIR (COMO SULFATO) 300 mg TABLETA,ABACAVIR (COMO SULFATO),300 mg,,00004,,,,,shortage,TABLETA,,2026-08-31,5,1,https://www.digemid.minsa.gob.pe/webDigemid/disponibilidad-de-productos-farmaceuticos/2026/disponibilidad-de-productos-farmaceuticos-agosto-2026/,2026-09-22T14:26:34.751997
PE,Peru,DIGEMID,MEBENDAZOL 100 mg/5 mL 120 mL SUSPENSION,MEBENDAZOL,100 mg/5 mL 120 mL,,04575,,,,,shortage,SUSPENSION,,2026-08-31,5,1,https://www.digemid.minsa.gob.pe/webDigemid/disponibilidad-de-productos-farmaceuticos/2026/disponibilidad-de-productos-farmaceuticos-agosto-2026/,2026-09-22T14:26:34.751997
PE,Peru,DIGEMID,DEXTROMETORFANO BROMHIDRATO 10 mg/5 mL 120 mL JARABE,DEXTROMETORFANO BROMHIDRATO,10 mg/5 mL 120 mL,,02718,,,,,shortage,JARABE,,2026-08-31,5,1,https://www.digemid.minsa.gob.pe/webDigemid/disponibilidad-de-productos-farmaceuticos/2026/disponibilidad-de-productos-farmaceuticos-agosto-2026/,2026-09-22T14:26:34.751997
PE,Peru,DIGEMID,CABERGOLINA 500 µg (0.5 mg) TABLETA,CABERGOLINA,500 µg (0.5 mg),,01391,,,,,shortage,TABLETA,,2026-08-31,4,4,https://www.digemid.minsa.gob.pe/webDigemid/disponibilidad-de-productos-farmaceuticos/2026/disponibilidad-de-productos-farmaceuticos-agosto-2026/,2026-09-22T14:26:34.751997
PE,Peru,DIGEMID,TALIDOMIDA 100 mg TABLETA,TALIDOMIDA,100 mg,,18349,,,,,shortage,TABLETA,,2026-08-31,4,3,https://www.digemid.minsa.gob.pe/webDigemid/disponibilidad-de-productos-farmaceuticos/2026/disponibilidad-de-productos-farmaceuticos-agosto-2026/,2026-09-22T14:26:34.751997
PE,Peru,DIGEMID,ISONIAZIDA + RIFAMPICINA 150 mg + 150 mg TABLETA,ISONIAZIDA + RIFAMPICINA,150 mg + 150 mg,,28410,,,,,shortage,TABLETA,,2026-08-31,4,4,https://www.digemid.minsa.gob.pe/webDigemid/disponibilidad-de-productos-farmaceuticos/2026/disponibilidad-de-productos-farmaceuticos-agosto-2026/,2026-09-22T14:26:34.751997
PE,Peru,DIGEMID,DILUYENTE PARA VACUNA ANTIRRABICA HUMANA CULTIVO CELULAR 1 DOSIS INYECTABLE,DILUYENTE PARA VACUNA ANTIRRABICA HUMANA CULTIVO CELULAR,1 DOSIS,,30147,,,,,shortage,INYECTABLE,,2026-08-31,4,3,https://www.digemid.minsa.gob.pe/webDigemid/disponibilidad-de-productos-farmaceuticos/2026/disponibilidad-de-productos-farmaceuticos-agosto-2026/,2026-09-22T14:26:34.751997
PE,Peru,DIGEMID,BETAMETASONA DIPROPIONATO 50 mg/100 g 20 g CREMA,BETAMETASONA DIPROPIONATO,50 mg/100 g 20 g,,18213,,,,,shortage,CREMA,,2026-08-31,4,4,https://www.digemid.minsa.gob.pe/webDigemid/disponibilidad-de-productos-farmaceuticos/2026/disponibilidad-de-productos-farmaceuticos-agosto-2026/,2026-09-22T14:26:34.751997
PE,Peru,DIGEMID,DOCETAXEL 20 mg/0.5 mL 0.5 mL INYECTABLE,DOCETAXEL,20 mg/0.5 mL 0.5 mL,,02981,,,,,shortage,INYECTABLE,,2026-08-31,4,3,https://www.digemid.minsa.gob.pe/webDigemid/disponibilidad-de-productos-farmaceuticos/2026/disponibilidad-de-productos-farmaceuticos-agosto-2026/,2026-09-22T14:26:34.751997
PE,Peru,DIGEMID,FULVESTRANT 250 mg 5 mL INYECTABLE,FULVESTRANT,250 mg 5 mL,,20296,,,,,shortage,INYECTABLE,,2026-08-31,4,4,https://www.digemid.minsa.gob.pe/webDigemid/disponibilidad-de-productos-farmaceuticos/2026/disponibilidad-de-productos-farmaceuticos-agosto-2026/,2026-09-22T14:26:34.751997
PE,Peru,DIGEMID,RITONAVIR 100 mg TABLETA,RITONAVIR,100 mg,,05699,,,,,shortage,TABLETA,,2026-08-31,4,2,https://www.digemid.minsa.gob.pe/webDigemid/disponibilidad-de-productos-farmaceuticos/2026/disponibilidad-de-productos-farmaceuticos-agosto-2026/,2026-09-22T14:26:34.751997
PE,Peru,DIGEMID,ACICLOVIR (COMO SAL SODICA) 250 mg INYECTABLE,ACICLOVIR (COMO SAL SODICA),250 mg,,26356,,,,,shortage,INYECTABLE,,2026-08-31,4,4,https://www.digemid.minsa.gob.pe/webDigemid/disponibilidad-de-productos-farmaceuticos/2026/disponibilidad-de-productos-farmaceuticos-agosto-2026/,2026-09-22T14:26:34.751997
PE,Peru,DIGEMID,IOPAMIDOL Equiv. 300 mg Iodo/mL 50 mL INYECTABLE,IOPAMIDOL Equiv.,300 mg Iodo/mL 50 mL,,04127,,,,,shortage,INYECTABLE,,2026-08-31,4,4,https://www.digemid.minsa.gob.pe/webDigemid/disponibilidad-de-productos-farmaceuticos/2026/disponibilidad-de-productos-farmaceuticos-agosto-2026/,2026-09-22T14:26:34.751997
PE,Peru,DIGEMID,TIAMAZOL 20 mg TABLETA,TIAMAZOL,20 mg,,06125,,,,,shortage,TABLETA,,2026-08-31,4,3,https://www.digemid.minsa.gob.pe/webDigemid/disponibilidad-de-productos-farmaceuticos/2026/disponibilidad-de-productos-farmaceuticos-agosto-2026/,2026-09-22T14:26:34.751997
PE,Peru,DIGEMID,QUETIAPINA 25 mg TABLETA,QUETIAPINA,25 mg,,05647,,,,,shortage,TABLETA,,2026-08-31,4,3,https://www.digemid.minsa.gob.pe/webDigemid/disponibilidad-de-productos-farmaceuticos/2026/disponibilidad-de-productos-farmaceuticos-agosto-2026/,2026-09-22T14:26:34.751997
PE,Peru,DIGEMID,FENITOINA SODICA 125 mg/5 mL 120 mL SUSPENSION,FENITOINA SODICA,125 mg/5 mL 120 mL,,03444,,,,,shortage,SUSPENSION,,2026-08-31,4,3,https://www.digemid.minsa.gob.pe/webDigemid/disponibilidad-de-productos-farmaceuticos/2026/disponibilidad-de-productos-farmaceuticos-agosto-2026/,2026-09-22T14:26:34.751997
PE,Peru,DIGEMID,METILPREDNISOLONA 500 mg 8 mL INYECTABLE,METILPREDNISOLONA,500 mg 8 mL,,19167,,,,,shortage,INYECTABLE,,2026-08-31,4,3,https://www.digemid.minsa.gob.pe/webDigemid/disponibilidad-de-productos-farmaceuticos/2026/disponibilidad-de-productos-farmaceuticos-agosto-2026/,2026-09-22T14:26:34.751997
PE,Peru,DIGEMID,LEVETIRACETAM 100 mg/mL 300 mL SOLUCION,LEVETIRACETAM,100 mg/mL 300 mL,,19454,,,,,shortage,SOLUCION,,2026-08-31,4,3,https://www.digemid.minsa.gob.pe/webDigemid/disponibilidad-de-productos-farmaceuticos/2026/disponibilidad-de-productos-farmaceuticos-agosto-2026/,2026-09-22T14:26:34.751997
PE,Peru,DIGEMID,PREGABALINA 75 mg TABLETA,PREGABALINA,75 mg,,18378,,,,,shortage,TABLETA,,2026-08-31,4,2,https://www.digemid.minsa.gob.pe/webDigemid/disponibilidad-de-productos-farmaceuticos/2026/disponibilidad-de-productos-farmaceuticos-agosto-2026/,2026-09-22T14:26:34.751997
PE,Peru,DIGEMID,LEFLUNOMIDA 20 mg TABLETA,LEFLUNOMIDA,20 mg,,04346,,,,,shortage,TABLETA,,2026-08-31,4,4,https://www.digemid.minsa.gob.pe/webDigemid/disponibilidad-de-productos-farmaceuticos/2026/disponibilidad-de-productos-farmaceuticos-agosto-2026/,2026-09-22T14:26:34.751997
PE,Peru,DIGEMID,TOPIRAMATO 50 mg TABLETA,TOPIRAMATO,50 mg,,06225,,,,,shortage,TABLETA,,2026-08-31,4,2,https://www.digemid.minsa.gob.pe/webDigemid/disponibilidad-de-productos-farmaceuticos/2026/disponibilidad-de-productos-farmaceuticos-agosto-2026/,2026-09-22T14:26:34.751997
PE,Peru,DIGEMID,CARBOXIMALTOSA FERRICA 50 mg/mL 10 mL INYECTABLE,CARBOXIMALTOSA FERRICA,50 mg/mL 10 mL,,25929,,,,,shortage,INYECTABLE,,2026-08-31,4,4,https://www.digemid.minsa.gob.pe/webDigemid/disponibilidad-de-productos-farmaceuticos/2026/disponibilidad-de-productos-farmaceuticos-agosto-2026/,2026-09-22T14:26:34.751997
PE,Peru,DIGEMID,SODIO CLORURO 900 mg/100 mL (0.9 %) 10 mL INYECTABLE,SODIO CLORURO,900 mg/100 mL (0.9 %) 10 mL,,05871,,,,,shortage,INYECTABLE,,2026-08-31,4,4,https://www.digemid.minsa.gob.pe/webDigemid/disponibilidad-de-productos-farmaceuticos/2026/disponibilidad-de-productos-farmaceuticos-agosto-2026/,2026-09-22T14:26:34.751997
PE,Peru,DIGEMID,METOTREXATO (COMO SAL SODICA) SIN PRESERVANTES 500 mg 20 mL INYECTABLE,METOTREXATO (COMO SAL SODICA) SIN PRESERVANTES,500 mg 20 mL,,04762,,,,,shortage,INYECTABLE,,2026-08-31,4,3,https://www.digemid.minsa.gob.pe/webDigemid/disponibilidad-de-productos-farmaceuticos/2026/disponibilidad-de-productos-farmaceuticos-agosto-2026/,2026-09-22T14:26:34.751997
PE,Peru,DIGEMID,CARBOPLATINO 150 mg INYECTABLE,CARBOPLATINO,150 mg,,24515,,,,,shortage,INYECTABLE,,2026-08-31,4,4,https://www.digemid.minsa.gob.pe/webDigemid/disponibilidad-de-productos-farmaceuticos/2026/disponibilidad-de-productos-farmaceuticos-agosto-2026/,2026-09-22T14:26:34.751997
PE,Peru,DIGEMID,AZITROMICINA 250 mg TABLETA,AZITROMICINA,250 mg,,00946,,,,,shortage,TABLETA,,2026-08-31,4,3,https://www.digemid.minsa.gob.pe/webDigemid/disponibilidad-de-productos-farmaceuticos/2026/disponibilidad-de-productos-farmaceuticos-agosto-2026/,2026-09-22T14:26:34.751997
PE,Peru,DIGEMID,MORFINA (CLORHIDRATO) 10 mg 1 mL INYECTABLE,MORFINA (CLORHIDRATO),10 mg 1 mL,,04900,,,,,shortage,INYECTABLE,,2026-08-31,4,4,https://www.digemid.minsa.gob.pe/webDigemid/disponibilidad-de-productos-farmaceuticos/2026/disponibilidad-de-productos-farmaceuticos-agosto-2026/,2026-09-22T14:26:34.751997
PE,Peru,DIGEMID,SODIO CLORURO (0.9 % -CIRCUITO CERRADO ) 900 mg/100 mL (0.9 %) CIRCUITO CERRADO 500 mL INYECTABLE,SODIO CLORURO (0.9 % -CIRCUITO CERRADO ),900 mg/100 mL (0.9 %) CIRCUITO CERRADO 500 mL,,26367,,,,,shortage,INYECTABLE,,2026-08-31,4,4,https://www.digemid.minsa.gob.pe/webDigemid/disponibilidad-de-productos-farmaceuticos/2026/disponibilidad-de-productos-farmaceuticos-agosto-2026/,2026-09-22T14:26:34.751997
PE,Peru,DIGEMID,ACETILCISTEINA 300 mg 3 mL INYECTABLE,ACETILCISTEINA,300 mg 3 mL,,00072,,,,,shortage,INYECTABLE,,2026-08-31,4,3,https://www.digemid.minsa.gob.pe/webDigemid/disponibilidad-de-productos-farmaceuticos/2026/disponibilidad-de-productos-farmaceuticos-agosto-2026/,2026-09-22T14:26:34.751997
PE,Peru,DIGEMID,METOTREXATO SODICO 50 mg 2 mL INYECTABLE,METOTREXATO SODICO,50 mg 2 mL,,04760,,,,,shortage,INYECTABLE,,2026-08-31,4,3,https://www.digemid.minsa.gob.pe/webDigemid/disponibilidad-de-productos-farmaceuticos/2026/disponibilidad-de-productos-farmaceuticos-agosto-2026/,2026-09-22T14:26:34.751997
PE,Peru,DIGEMID,RIBOCICLIB 200 mg TABLETA,RIBOCICLIB,200 mg,,43765,,,,,shortage,TABLETA,,2026-08-31,4,4,https://www.digemid.minsa.gob.pe/webDigemid/disponibilidad-de-productos-farmaceuticos/2026/disponibilidad-de-productos-farmaceuticos-agosto-2026/,2026-09-22T14:26:34.751997
PE,Peru,DIGEMID,ACICLOVIR 5 g/100 g 10 g CREMA,ACICLOVIR,5 g/100 g 10 g,,00118,,,,,shortage,CREMA,,2026-08-31,4,1,https://www.digemid.minsa.gob.pe/webDigemid/disponibilidad-de-productos-farmaceuticos/2026/disponibilidad-de-productos-farmaceuticos-agosto-2026/,2026-09-22T14:26:34.751997
PE,Peru,DIGEMID,ACIDO ACETILSALICILICO 500 mg TABLETA,ACIDO ACETILSALICILICO,500 mg,,00095,,,,,shortage,TABLETA,,2026-08-31,4,4,https://www.digemid.minsa.gob.pe/webDigemid/disponibilidad-de-productos-farmaceuticos/2026/disponibilidad-de-productos-farmaceuticos-agosto-2026/,2026-09-22T14:26:34.751997
PE,Peru,DIGEMID,ACIDO PAMIDRONICO (PAMIDRONATO DISODICO) 90 mg INYECTABLE,ACIDO PAMIDRONICO (PAMIDRONATO DISODICO),90 mg,,00218,,,,,shortage,INYECTABLE,,2026-08-31,4,2,https://www.digemid.minsa.gob.pe/webDigemid/disponibilidad-de-productos-farmaceuticos/2026/disponibilidad-de-productos-farmaceuticos-agosto-2026/,2026-09-22T14:26:34.751997
PE,Peru,DIGEMID,PIRIDOSTIGMINA BROMURO 60 mg TABLETA,PIRIDOSTIGMINA BROMURO,60 mg,,01341,,,,,shortage,TABLETA,,2026-08-31,4,2,https://www.digemid.minsa.gob.pe/webDigemid/disponibilidad-de-productos-farmaceuticos/2026/disponibilidad-de-productos-farmaceuticos-agosto-2026/,2026-09-22T14:26:34.751997
PE,Peru,DIGEMID,CIPROTERONA ACETATO 50 mg TABLETA,CIPROTERONA ACETATO,50 mg,,01853,,,,,shortage,TABLETA,,2026-08-31,4,2,https://www.digemid.minsa.gob.pe/webDigemid/disponibilidad-de-productos-farmaceuticos/2026/disponibilidad-de-productos-farmaceuticos-agosto-2026/,2026-09-22T14:26:34.751997
PE,Peru,DIGEMID,GLICEROL 1 g/100 g 8 g GEL,GLICEROL,1 g/100 g 8 g,,03763,,,,,shortage,GEL,,2026-08-31,4,1,https://www.digemid.minsa.gob.pe/webDigemid/disponibilidad-de-productos-farmaceuticos/2026/disponibilidad-de-productos-farmaceuticos-agosto-2026/,2026-09-22T14:26:34.751997
PE,Peru,DIGEMID,DOLUTEGRAVIR 10 mg - TABLETA,DOLUTEGRAVIR,10 mg -,,55657,,,,,shortage,TABLETA,,2026-08-31,4,3,https://www.digemid.minsa.gob.pe/webDigemid/disponibilidad-de-productos-farmaceuticos/2026/disponibilidad-de-productos-farmaceuticos-agosto-2026/,2026-09-22T14:26:34.751997
PE,Peru,DIGEMID,TESTOSTERONA ENANTATO 250 mg/mL (Equiv. 180 mg Testosterona 1 mL INYECTABLE,TESTOSTERONA ENANTATO,250 mg/mL (Equiv. 180 mg Testosterona 1 mL,,06108,,,,,shortage,INYECTABLE,,2026-08-31,4,2,https://www.digemid.minsa.gob.pe/webDigemid/disponibilidad-de-productos-farmaceuticos/2026/disponibilidad-de-productos-farmaceuticos-agosto-2026/,2026-09-22T14:26:34.751997
PE,Peru,DIGEMID,ATROPINA SULFATO (SOLUCION OFTALMICA) 10 mg/mL (1 %) 5 mL SOLUCION,ATROPINA SULFATO,10 mg/mL (1 %) 5 mL,,00914,,,,,shortage,SOLUCION,,2026-08-31,4,2,https://www.digemid.minsa.gob.pe/webDigemid/disponibilidad-de-productos-farmaceuticos/2026/disponibilidad-de-productos-farmaceuticos-agosto-2026/,2026-09-22T14:26:34.751997
PE,Peru,DIGEMID,CEFTAZIDIMA + AVIBACTAM 2g +0.5 g INY 2g +0.5 g INYECTABLE,CEFTAZIDIMA + AVIBACTAM,2g +0.5 g INY 2g +0.5 g,,43269,,,,,shortage,INYECTABLE,,2026-08-31,4,1,https://www.digemid.minsa.gob.pe/webDigemid/disponibilidad-de-productos-farmaceuticos/2026/disponibilidad-de-productos-farmaceuticos-agosto-2026/,2026-09-22T14:26:34.751997
PE,Peru,DIGEMID,REMIFENTANILO 5 mg INYECTABLE,REMIFENTANILO,5 mg,,40529,,,,,shortage,INYECTABLE,,2026-08-31,4,3,https://www.digemid.minsa.gob.pe/webDigemid/disponibilidad-de-productos-farmaceuticos/2026/disponibilidad-de-productos-farmaceuticos-agosto-2026/,2026-09-22T14:26:34.751997
PE,Peru,DIGEMID,LIDOCAINA CLORHIDRATO 2 g/100 g 10 mL GEL,LIDOCAINA CLORHIDRATO,2 g/100 g 10 mL,,30774,,,,,shortage,GEL,,2026-08-31,4,1,https://www.digemid.minsa.gob.pe/webDigemid/disponibilidad-de-productos-farmaceuticos/2026/disponibilidad-de-productos-farmaceuticos-agosto-2026/,2026-09-22T14:26:34.751997
PE,Peru,DIGEMID,VACUNA RECOMBINANTE BIVALENTE CONTRA VIRUS DEL PAPILOMA HUMANO (VPH) TIPO 16 Y 18 0.5 mL INYECTABLE,VACUNA RECOMBINANTE BIVALENTE CONTRA VIRUS DEL PAPILOMA HUMANO (VPH) TIPO,16 Y 18 0.5 mL,,20391,,,,,shortage,INYECTABLE,,2026-08-31,4,2,https://www.digemid.minsa.gob.pe/webDigemid/disponibilidad-de-productos-farmaceuticos/2026/disponibilidad-de-productos-farmaceuticos-agosto-2026/,2026-09-22T14:26:34.751997
PE,Peru,DIGEMID,GENTAMICINA (SOLUCION OFTALMICA) 3 mg/mL 15 mL SOLUCION,GENTAMICINA,3 mg/mL 15 mL,,17644,,,,,shortage,SOLUCION,,2026-08-31,4,1,https://www.digemid.minsa.gob.pe/webDigemid/disponibilidad-de-productos-farmaceuticos/2026/disponibilidad-de-productos-farmaceuticos-agosto-2026/,2026-09-22T14:26:34.751997
PE,Peru,DIGEMID,AMOXICILINA + ACIDO CLAVULANICO 200 mg + 28.5 mg/5 mL 60 mL SUSPENSION,AMOXICILINA + ACIDO CLAVULANICO,200 mg + 28.5 mg/5 mL 60 mL,,46867,,,,,shortage,SUSPENSION,,2026-08-31,4,1,https://www.digemid.minsa.gob.pe/webDigemid/disponibilidad-de-productos-farmaceuticos/2026/disponibilidad-de-productos-farmaceuticos-agosto-2026/,2026-09-22T14:26:34.751997
PE,Peru,DIGEMID,MULTIBACILAR ADULTO (BLISTER) TABLETA,MULTIBACILAR ADULTO (BLISTER),,,17582,,,,,shortage,TABLETA,,2026-08-31,4,2,https://www.digemid.minsa.gob.pe/webDigemid/disponibilidad-de-productos-farmaceuticos/2026/disponibilidad-de-productos-farmaceuticos-agosto-2026/,2026-09-22T14:26:34.751997
PE,Peru,DIGEMID,ERITROMICINA 250 mg TABLETA,ERITROMICINA,250 mg,,03190,,,,,shortage,TABLETA,,2026-08-31,4,1,https://www.digemid.minsa.gob.pe/webDigemid/disponibilidad-de-productos-farmaceuticos/2026/disponibilidad-de-productos-farmaceuticos-agosto-2026/,2026-09-22T14:26:34.751997
PE,Peru,DIGEMID,ACICLOVIR 5 g/100 g 5 g CREMA,ACICLOVIR,5 g/100 g 5 g,,00122,,,,,shortage,CREMA,,2026-08-31,4,1,https://www.digemid.minsa.gob.pe/webDigemid/disponibilidad-de-productos-farmaceuticos/2026/disponibilidad-de-productos-farmaceuticos-agosto-2026/,2026-09-22T14:26:34.751997
PE,Peru,DIGEMID,ACETILCISTEINA 200 mg 2 g GRANULOS,ACETILCISTEINA,200 mg 2 g,,37862,,,,,shortage,GRANULOS,,2026-08-31,3,2,https://www.digemid.minsa.gob.pe/webDigemid/disponibilidad-de-productos-farmaceuticos/2026/disponibilidad-de-productos-farmaceuticos-agosto-2026/,2026-09-22T14:26:34.751997
PE,Peru,DIGEMID,DEXTROSA 5 g/100 mL (5 %) CIRCUITO CERRADO 1 L INYECTABLE,DEXTROSA,5 g/100 mL (5 %) CIRCUITO CERRADO 1 L,,26366,,,,,shortage,INYECTABLE,,2026-08-31,3,3,https://www.digemid.minsa.gob.pe/webDigemid/disponibilidad-de-productos-farmaceuticos/2026/disponibilidad-de-productos-farmaceuticos-agosto-2026/,2026-09-22T14:26:34.751997
PE,Peru,DIGEMID,ALCOHOL ETILICO 70 mg 1 L GEL,ALCOHOL ETILICO,70 mg 1 L,,23900,,,,,shortage,GEL,,2026-08-31,3,1,https://www.digemid.minsa.gob.pe/webDigemid/disponibilidad-de-productos-farmaceuticos/2026/disponibilidad-de-productos-farmaceuticos-agosto-2026/,2026-09-22T14:26:34.751997
PE,Peru,DIGEMID,BISMUTO SUBSALICILATO 87.33 mg/5 mL 120 mL SUSPENSION,BISMUTO SUBSALICILATO,87.33 mg/5 mL 120 mL,,01255,,,,,shortage,SUSPENSION,,2026-08-31,3,3,https://www.digemid.minsa.gob.pe/webDigemid/disponibilidad-de-productos-farmaceuticos/2026/disponibilidad-de-productos-farmaceuticos-agosto-2026/,2026-09-22T14:26:34.751997
PE,Peru,DIGEMID,VACUNA HAEMOPHILUS INFLUENZAE TIPO B (HIB) 1 DOSIS INYECTABLE,VACUNA HAEMOPHILUS INFLUENZAE TIPO B (HIB),1 DOSIS,,06427,,,,,shortage,INYECTABLE,,2026-08-31,3,2,https://www.digemid.minsa.gob.pe/webDigemid/disponibilidad-de-productos-farmaceuticos/2026/disponibilidad-de-productos-farmaceuticos-agosto-2026/,2026-09-22T14:26:34.751997
PE,Peru,DIGEMID,"VACUNA CONTRA COVID-19 (VIRUS INACTIVADO), BEIJING INSTITUTE OF BIOLOGICAL PRODUCTS Co, Ltd. (BIBP) CHINA, BEIJI 0.5 mL/DOSIS 1 DOSIS INYECTABLE","VACUNA CONTRA COVID-19 (VIRUS INACTIVADO), BEIJING INSTITUTE OF BIOLOGICAL PRODUCTS Co, Ltd. (BIBP) CHINA, BEIJI",0.5 mL/DOSIS 1 DOSIS,,45236,,,,,shortage,INYECTABLE,,2026-08-31,3,2,https://www.digemid.minsa.gob.pe/webDigemid/disponibilidad-de-productos-farmaceuticos/2026/disponibilidad-de-productos-farmaceuticos-agosto-2026/,2026-09-22T14:26:34.751997
PE,Peru,DIGEMID,GENTAMICINA(SOLUCION OFTALMICA) 3 mg/mL 3.5 mL SOLUCION,GENTAMICINA,3 mg/mL 3.5 mL,,03752,,,,,shortage,SOLUCION,,2026-08-31,3,2,https://www.digemid.minsa.gob.pe/webDigemid/disponibilidad-de-productos-farmaceuticos/2026/disponibilidad-de-productos-farmaceuticos-agosto-2026/,2026-09-22T14:26:34.751997
PE,Peru,DIGEMID,VACUNA CONTRA LA HEPATITIS B ADULTO 20 ug/mL 10 DOSIS INYECTABLE,VACUNA CONTRA LA HEPATITIS B ADULTO,20 ug/mL 10 DOSIS,,06388,,,,,shortage,INYECTABLE,,2026-08-31,3,1,https://www.digemid.minsa.gob.pe/webDigemid/disponibilidad-de-productos-farmaceuticos/2026/disponibilidad-de-productos-farmaceuticos-agosto-2026/,2026-09-22T14:26:34.751997
PE,Peru,DIGEMID,DELAMANID 50 mg TABLETA,DELAMANID,50 mg,,39706,,,,,shortage,TABLETA,,2026-08-31,3,3,https://www.digemid.minsa.gob.pe/webDigemid/disponibilidad-de-productos-farmaceuticos/2026/disponibilidad-de-productos-farmaceuticos-agosto-2026/,2026-09-22T14:26:34.751997
PE,Peru,DIGEMID,VACUNA ANTINEUMOCOCICA 16 ug 1 DOSIS INYECTABLE,VACUNA ANTINEUMOCOCICA,16 ug 1 DOSIS,,06393,,,,,shortage,INYECTABLE,,2026-08-31,3,3,https://www.digemid.minsa.gob.pe/webDigemid/disponibilidad-de-productos-farmaceuticos/2026/disponibilidad-de-productos-farmaceuticos-agosto-2026/,2026-09-22T14:26:34.751997
PE,Peru,DIGEMID,INSULINA GLARGINA 300 UI/mL 1.5 mL INYECTABLE,INSULINA GLARGINA,300 UI/mL 1.5 mL,,36419,,,,,shortage,INYECTABLE,,2026-08-31,3,2,https://www.digemid.minsa.gob.pe/webDigemid/disponibilidad-de-productos-farmaceuticos/2026/disponibilidad-de-productos-farmaceuticos-agosto-2026/,2026-09-22T14:26:34.751997
PE,Peru,DIGEMID,VACUNA ANTIPOLIOMIELITICA BIVALENTE TIPO 1 Y 3 (ORAL) 10 DOSIS SUSPENSION,VACUNA ANTIPOLIOMIELITICA BIVALENTE TIPO,1 Y 3 (ORAL) 10 DOSIS,,44771,,,,,shortage,SUSPENSION,,2026-08-31,3,3,https://www.digemid.minsa.gob.pe/webDigemid/disponibilidad-de-productos-farmaceuticos/2026/disponibilidad-de-productos-farmaceuticos-agosto-2026/,2026-09-22T14:26:34.751997
PE,Peru,DIGEMID,CICLOFOSFAMIDA 1 g INYECTABLE,CICLOFOSFAMIDA,1 g,,01776,,,,,shortage,INYECTABLE,,2026-08-31,3,3,https://www.digemid.minsa.gob.pe/webDigemid/disponibilidad-de-productos-farmaceuticos/2026/disponibilidad-de-productos-farmaceuticos-agosto-2026/,2026-09-22T14:26:34.751997
PE,Peru,DIGEMID,BROMURO DE ROCURONIO 10 mg/mL 5 mL INYECTABLE,BROMURO DE ROCURONIO,10 mg/mL 5 mL,,01344,,,,,shortage,INYECTABLE,,2026-08-31,3,3,https://www.digemid.minsa.gob.pe/webDigemid/disponibilidad-de-productos-farmaceuticos/2026/disponibilidad-de-productos-farmaceuticos-agosto-2026/,2026-09-22T14:26:34.751997
PE,Peru,DIGEMID,HEPARINA SODICA 25 000 UI/5 mL 5 mL INYECTABLE,HEPARINA SODICA,25 000 UI/5 mL 5 mL,,03894,,,,,shortage,INYECTABLE,,2026-08-31,3,3,https://www.digemid.minsa.gob.pe/webDigemid/disponibilidad-de-productos-farmaceuticos/2026/disponibilidad-de-productos-farmaceuticos-agosto-2026/,2026-09-22T14:26:34.751997
PE,Peru,DIGEMID,VERAPAMILO CLORHIDRATO 2.5 mg/mL 2 mL INYECTABLE,VERAPAMILO CLORHIDRATO,2.5 mg/mL 2 mL,,06480,,,,,shortage,INYECTABLE,,2026-08-31,3,3,https://www.digemid.minsa.gob.pe/webDigemid/disponibilidad-de-productos-farmaceuticos/2026/disponibilidad-de-productos-farmaceuticos-agosto-2026/,2026-09-22T14:26:34.751997
PE,Peru,DIGEMID,NITROPRUSIATO SODICO 50 mg 2 mL INYECTABLE,NITROPRUSIATO SODICO,50 mg 2 mL,,05915,,,,,shortage,INYECTABLE,,2026-08-31,3,2,https://www.digemid.minsa.gob.pe/webDigemid/disponibilidad-de-productos-farmaceuticos/2026/disponibilidad-de-productos-farmaceuticos-agosto-2026/,2026-09-22T14:26:34.751997
PE,Peru,DIGEMID,BROMOCRIPTINA (COMO MESILATO) 2.5 mg TABLETA,BROMOCRIPTINA (COMO MESILATO),2.5 mg,,01323,,,,,shortage,TABLETA,,2026-08-31,3,3,https://www.digemid.minsa.gob.pe/webDigemid/disponibilidad-de-productos-farmaceuticos/2026/disponibilidad-de-productos-farmaceuticos-agosto-2026/,2026-09-22T14:26:34.751997
PE,Peru,DIGEMID,TRIPTORELINA 3.75 mg INYECTABLE,TRIPTORELINA,3.75 mg,,06349,,,,,shortage,INYECTABLE,,2026-08-31,3,3,https://www.digemid.minsa.gob.pe/webDigemid/disponibilidad-de-productos-farmaceuticos/2026/disponibilidad-de-productos-farmaceuticos-agosto-2026/,2026-09-22T14:26:34.751997
PE,Peru,DIGEMID,COMPLEJO DE FACTOR IX CONCENTRADO 500 UI INYECTABLE,COMPLEJO DE FACTOR IX CONCENTRADO,500 UI,,03397,,,,,shortage,INYECTABLE,,2026-08-31,3,2,https://www.digemid.minsa.gob.pe/webDigemid/disponibilidad-de-productos-farmaceuticos/2026/disponibilidad-de-productos-farmaceuticos-agosto-2026/,2026-09-22T14:26:34.751997
PE,Peru,DIGEMID,"ACETILCISTEINA 600 mg 1,5 g GRANULOS",ACETILCISTEINA,"600 mg 1,5 g",,45789,,,,,shortage,GRANULOS,,2026-08-31,3,1,https://www.digemid.minsa.gob.pe/webDigemid/disponibilidad-de-productos-farmaceuticos/2026/disponibilidad-de-productos-farmaceuticos-agosto-2026/,2026-09-22T14:26:34.751997
PE,Peru,DIGEMID,ALCOHOL YODADO 5 g/100 mL 1 L SOLUCION,ALCOHOL YODADO,5 g/100 mL 1 L,,21731,,,,,shortage,SOLUCION,,2026-08-31,3,3,https://www.digemid.minsa.gob.pe/webDigemid/disponibilidad-de-productos-farmaceuticos/2026/disponibilidad-de-productos-farmaceuticos-agosto-2026/,2026-09-22T14:26:34.751997
PE,Peru,DIGEMID,MIDAZOLAM 50 mg 10 mL INYECTABLE,MIDAZOLAM,50 mg 10 mL,,18511,,,,,shortage,INYECTABLE,,2026-08-31,3,3,https://www.digemid.minsa.gob.pe/webDigemid/disponibilidad-de-productos-farmaceuticos/2026/disponibilidad-de-productos-farmaceuticos-agosto-2026/,2026-09-22T14:26:34.751997
PE,Peru,DIGEMID,ISOTRETINOINA 20 mg TABLETA,ISOTRETINOINA,20 mg,,04175,,,,,shortage,TABLETA,,2026-08-31,3,3,https://www.digemid.minsa.gob.pe/webDigemid/disponibilidad-de-productos-farmaceuticos/2026/disponibilidad-de-productos-farmaceuticos-agosto-2026/,2026-09-22T14:26:34.751997
PE,Peru,DIGEMID,FENITOINA SODICA 50 mg/mL 5 mL INYECTABLE,FENITOINA SODICA,50 mg/mL 5 mL,,08075,,,,,shortage,INYECTABLE,,2026-08-31,3,2,https://www.digemid.minsa.gob.pe/webDigemid/disponibilidad-de-productos-farmaceuticos/2026/disponibilidad-de-productos-farmaceuticos-agosto-2026/,2026-09-22T14:26:34.751997
PE,Peru,DIGEMID,TRIAMCINOLONA ACETONIDO 40 mg/mL 1 mL INYECTABLE,TRIAMCINOLONA ACETONIDO,40 mg/mL 1 mL,,06284,,,,,shortage,INYECTABLE,,2026-08-31,3,3,https://www.digemid.minsa.gob.pe/webDigemid/disponibilidad-de-productos-farmaceuticos/2026/disponibilidad-de-productos-farmaceuticos-agosto-2026/,2026-09-22T14:26:34.751997
PE,Peru,DIGEMID,MORFINA SULFATO 30 mg TABLETA,MORFINA SULFATO,30 mg,,04905,,,,,shortage,TABLETA,,2026-08-31,3,3,https://www.digemid.minsa.gob.pe/webDigemid/disponibilidad-de-productos-farmaceuticos/2026/disponibilidad-de-productos-farmaceuticos-agosto-2026/,2026-09-22T14:26:34.751997
PE,Peru,DIGEMID,GANCICLOVIR 500 mg INYECTABLE,GANCICLOVIR,500 mg,,03727,,,,,shortage,INYECTABLE,,2026-08-31,3,3,https://www.digemid.minsa.gob.pe/webDigemid/disponibilidad-de-productos-farmaceuticos/2026/disponibilidad-de-productos-farmaceuticos-agosto-2026/,2026-09-22T14:26:34.751997
PE,Peru,DIGEMID,CALCITRIOL 1 µg/mL 1 mL INYECTABLE,CALCITRIOL,1 µg/mL 1 mL,,01502,,,,,shortage,INYECTABLE,,2026-08-31,3,3,https://www.digemid.minsa.gob.pe/webDigemid/disponibilidad-de-productos-farmaceuticos/2026/disponibilidad-de-productos-farmaceuticos-agosto-2026/,2026-09-22T14:26:34.751997
PE,Peru,DIGEMID,DILUYENTE PARA VACUNA CONTRA SARAMPION Y RUBEOLA (SR) 1 DOSIS INYECTABLE,DILUYENTE PARA VACUNA CONTRA SARAMPION Y RUBEOLA (SR),1 DOSIS,,35046,,,,,shortage,INYECTABLE,,2026-08-31,3,3,https://www.digemid.minsa.gob.pe/webDigemid/disponibilidad-de-productos-farmaceuticos/2026/disponibilidad-de-productos-farmaceuticos-agosto-2026/,2026-09-22T14:26:34.751997
PE,Peru,DIGEMID,MORFINA SULFATO LM 30 mg TABLETA,MORFINA SULFATO LM,30 mg,,28962,,,,,shortage,TABLETA,,2026-08-31,3,3,https://www.digemid.minsa.gob.pe/webDigemid/disponibilidad-de-productos-farmaceuticos/2026/disponibilidad-de-productos-farmaceuticos-agosto-2026/,2026-09-22T14:26:34.751997
PE,Peru,DIGEMID,HIDROXICARBAMIDA 500 mg TABLETA,HIDROXICARBAMIDA,500 mg,,03963,,,,,shortage,TABLETA,,2026-08-31,3,3,https://www.digemid.minsa.gob.pe/webDigemid/disponibilidad-de-productos-farmaceuticos/2026/disponibilidad-de-productos-farmaceuticos-agosto-2026/,2026-09-22T14:26:34.751997
PE,Peru,DIGEMID,BETAMETASONA 50 mg/100 g 15 g CREMA,BETAMETASONA,50 mg/100 g 15 g,,01203,,,,,shortage,CREMA,,2026-08-31,3,3,https://www.digemid.minsa.gob.pe/webDigemid/disponibilidad-de-productos-farmaceuticos/2026/disponibilidad-de-productos-farmaceuticos-agosto-2026/,2026-09-22T14:26:34.751997
PE,Peru,DIGEMID,NITROGLICERINA (GLICEROLTRINITRATO) 5 mg/mL 5 mL INYECTABLE,NITROGLICERINA (GLICEROLTRINITRATO),5 mg/mL 5 mL,,05106,,,,,shortage,INYECTABLE,,2026-08-31,3,3,https://www.digemid.minsa.gob.pe/webDigemid/disponibilidad-de-productos-farmaceuticos/2026/disponibilidad-de-productos-farmaceuticos-agosto-2026/,2026-09-22T14:26:34.751997
PE,Peru,DIGEMID,SODIO CLORURO (0.9 % -CIRCUITO CERRADO ) 900 mg/100 mL (0.9 %) CIRCUITO CERRADO 100 mL INYECTABLE,SODIO CLORURO (0.9 % -CIRCUITO CERRADO ),900 mg/100 mL (0.9 %) CIRCUITO CERRADO 100 mL,,26434,,,,,shortage,INYECTABLE,,2026-08-31,3,3,https://www.digemid.minsa.gob.pe/webDigemid/disponibilidad-de-productos-farmaceuticos/2026/disponibilidad-de-productos-farmaceuticos-agosto-2026/,2026-09-22T14:26:34.751997
PE,Peru,DIGEMID,TAPENTADOL (TABLETA LIBERACION MODIFICADA) 50 mg TABLETA,TAPENTADOL,50 mg,,34813,,,,,shortage,TABLETA,,2026-08-31,3,3,https://www.digemid.minsa.gob.pe/webDigemid/disponibilidad-de-productos-farmaceuticos/2026/disponibilidad-de-productos-farmaceuticos-agosto-2026/,2026-09-22T14:26:34.751997
PE,Peru,DIGEMID,NIVOLUMAB 10 mg/mL 4 mL INYECTABLE,NIVOLUMAB,10 mg/mL 4 mL,,36593,,,,,shortage,INYECTABLE,,2026-08-31,3,3,https://www.digemid.minsa.gob.pe/webDigemid/disponibilidad-de-productos-farmaceuticos/2026/disponibilidad-de-productos-farmaceuticos-agosto-2026/,2026-09-22T14:26:34.751997
PE,Peru,DIGEMID,CETIRIZINA 5 mg/5 mL 60 mL JARABE,CETIRIZINA,5 mg/5 mL 60 mL,,01733,,,,,shortage,JARABE,,2026-08-31,3,2,https://www.digemid.minsa.gob.pe/webDigemid/disponibilidad-de-productos-farmaceuticos/2026/disponibilidad-de-productos-farmaceuticos-agosto-2026/,2026-09-22T14:26:34.751997
PE,Peru,DIGEMID,LIDOCAINA CLORHIDRATO 2 g/100 mL 10 mL GEL,LIDOCAINA CLORHIDRATO,2 g/100 mL 10 mL,,26310,,,,,shortage,GEL,,2026-08-31,3,2,https://www.digemid.minsa.gob.pe/webDigemid/disponibilidad-de-productos-farmaceuticos/2026/disponibilidad-de-productos-farmaceuticos-agosto-2026/,2026-09-22T14:26:34.751997
PE,Peru,DIGEMID,DESMOPRESINA ACETATO 10 µg/100 µL 5 mL AEROSOL,DESMOPRESINA ACETATO,10 µg/100 µL 5 mL,,02587,,,,,shortage,AEROSOL,,2026-08-31,3,3,https://www.digemid.minsa.gob.pe/webDigemid/disponibilidad-de-productos-farmaceuticos/2026/disponibilidad-de-productos-farmaceuticos-agosto-2026/,2026-09-22T14:26:34.751997
PE,Peru,DIGEMID,DEXTROSA 5 g/100 mL (5 %) 250 mL INYECTABLE,DEXTROSA,5 g/100 mL (5 %) 250 mL,,03791,,,,,shortage,INYECTABLE,,2026-08-31,3,3,https://www.digemid.minsa.gob.pe/webDigemid/disponibilidad-de-productos-farmaceuticos/2026/disponibilidad-de-productos-farmaceuticos-agosto-2026/,2026-09-22T14:26:34.751997
PE,Peru,DIGEMID,FLUFENAZINA 25 mg 1 mL INYECTABLE,FLUFENAZINA,25 mg 1 mL,,43507,,,,,shortage,INYECTABLE,,2026-08-31,3,3,https://www.digemid.minsa.gob.pe/webDigemid/disponibilidad-de-productos-farmaceuticos/2026/disponibilidad-de-productos-farmaceuticos-agosto-2026/,2026-09-22T14:26:34.751997
PE,Peru,DIGEMID,LEUPRORELINA ACETATO 7.5 mg INYECTABLE,LEUPRORELINA ACETATO,7.5 mg,,04352,,,,,shortage,INYECTABLE,,2026-08-31,3,2,https://www.digemid.minsa.gob.pe/webDigemid/disponibilidad-de-productos-farmaceuticos/2026/disponibilidad-de-productos-farmaceuticos-agosto-2026/,2026-09-22T14:26:34.751997
PE,Peru,DIGEMID,VINCRISTINA SULFATO 1 mg INYECTABLE,VINCRISTINA SULFATO,1 mg,,26364,,,,,shortage,INYECTABLE,,2026-08-31,3,2,https://www.digemid.minsa.gob.pe/webDigemid/disponibilidad-de-productos-farmaceuticos/2026/disponibilidad-de-productos-farmaceuticos-agosto-2026/,2026-09-22T14:26:34.751997
PE,Peru,DIGEMID,NITROPRUSIATO SODICO 10 mg/mL 5 mL INYECTABLE,NITROPRUSIATO SODICO,10 mg/mL 5 mL,,05916,,,,,shortage,INYECTABLE,,2026-08-31,3,3,https://www.digemid.minsa.gob.pe/webDigemid/disponibilidad-de-productos-farmaceuticos/2026/disponibilidad-de-productos-farmaceuticos-agosto-2026/,2026-09-22T14:26:34.751997
PE,Peru,DIGEMID,ACICLOVIR 800 mg TABLETA,ACICLOVIR,800 mg,,00146,,,,,shortage,TABLETA,,2026-08-31,3,2,https://www.digemid.minsa.gob.pe/webDigemid/disponibilidad-de-productos-farmaceuticos/2026/disponibilidad-de-productos-farmaceuticos-agosto-2026/,2026-09-22T14:26:34.751997
PE,Peru,DIGEMID,DASATINIB 50 mg TABLETA,DASATINIB,50 mg,,22680,,,,,shortage,TABLETA,,2026-08-31,3,3,https://www.digemid.minsa.gob.pe/webDigemid/disponibilidad-de-productos-farmaceuticos/2026/disponibilidad-de-productos-farmaceuticos-agosto-2026/,2026-09-22T14:26:34.751997
PE,Peru,DIGEMID,SODIO CLORURO 20 g/100 mL (20 %) 10 mL INYECTABLE,SODIO CLORURO,20 g/100 mL (20 %) 10 mL,,05886,,,,,shortage,INYECTABLE,,2026-08-31,3,3,https://www.digemid.minsa.gob.pe/webDigemid/disponibilidad-de-productos-farmaceuticos/2026/disponibilidad-de-productos-farmaceuticos-agosto-2026/,2026-09-22T14:26:34.751997
PE,Peru,DIGEMID,"SACUBITRILO / VALSARTAN 49 mg/ 51 mg (48,6 mg/51,4 mg) TABLETA",SACUBITRILO / VALSARTAN,"49 mg/ 51 mg (48,6 mg/51,4 mg)",,38852,,,,,shortage,TABLETA,,2026-08-31,3,2,https://www.digemid.minsa.gob.pe/webDigemid/disponibilidad-de-productos-farmaceuticos/2026/disponibilidad-de-productos-farmaceuticos-agosto-2026/,2026-09-22T14:26:34.751997
PE,Peru,DIGEMID,ABACAVIR + LAMIVUDINA 120 mg + 60 mg TABLETA,ABACAVIR + LAMIVUDINA,120 mg + 60 mg,,43748,,,,,shortage,TABLETA,,2026-08-31,3,3,https://www.digemid.minsa.gob.pe/webDigemid/disponibilidad-de-productos-farmaceuticos/2026/disponibilidad-de-productos-farmaceuticos-agosto-2026/,2026-09-22T14:26:34.751997
PE,Peru,DIGEMID,SOLUCION PARA DIALISIS PERITONEAL 2.5 % 2 L SOLUCION,SOLUCION PARA DIALISIS PERITONEAL,2.5 % 2 L,,21013,,,,,shortage,SOLUCION,,2026-08-31,3,1,https://www.digemid.minsa.gob.pe/webDigemid/disponibilidad-de-productos-farmaceuticos/2026/disponibilidad-de-productos-farmaceuticos-agosto-2026/,2026-09-22T14:26:34.751997
PE,Peru,DIGEMID,NICLOSAMIDA 500 mg TABLETA,NICLOSAMIDA,500 mg,,08126,,,,,shortage,TABLETA,,2026-08-31,3,2,https://www.digemid.minsa.gob.pe/webDigemid/disponibilidad-de-productos-farmaceuticos/2026/disponibilidad-de-productos-farmaceuticos-agosto-2026/,2026-09-22T14:26:34.751997
PE,Peru,DIGEMID,CELECOXIB 200 mg TABLETA,CELECOXIB,200 mg,,01713,,,,,shortage,TABLETA,,2026-08-31,3,3,https://www.digemid.minsa.gob.pe/webDigemid/disponibilidad-de-productos-farmaceuticos/2026/disponibilidad-de-productos-farmaceuticos-agosto-2026/,2026-09-22T14:26:34.751997
PE,Peru,DIGEMID,SOLUCION PARA DIALISIS PERITONEAL 4.25 % 5 L SOLUCION,SOLUCION PARA DIALISIS PERITONEAL,4.25 % 5 L,,21857,,,,,shortage,SOLUCION,,2026-08-31,3,3,https://www.digemid.minsa.gob.pe/webDigemid/disponibilidad-de-productos-farmaceuticos/2026/disponibilidad-de-productos-farmaceuticos-agosto-2026/,2026-09-22T14:26:34.751997
PE,Peru,DIGEMID,LEVOSIMENDAN 2.5 mg/mL 5 mL INYECTABLE,LEVOSIMENDAN,2.5 mg/mL 5 mL,,04373,,,,,shortage,INYECTABLE,,2026-08-31,3,1,https://www.digemid.minsa.gob.pe/webDigemid/disponibilidad-de-productos-farmaceuticos/2026/disponibilidad-de-productos-farmaceuticos-agosto-2026/,2026-09-22T14:26:34.751997
PE,Peru,DIGEMID,TIGECICLINA 50 mg INYECTABLE,TIGECICLINA,50 mg,,19345,,,,,shortage,INYECTABLE,,2026-08-31,3,2,https://www.digemid.minsa.gob.pe/webDigemid/disponibilidad-de-productos-farmaceuticos/2026/disponibilidad-de-productos-farmaceuticos-agosto-2026/,2026-09-22T14:26:34.751997
PE,Peru,DIGEMID,CEFUROXIMA 250 mg/5 mL 70 mL SUSPENSION,CEFUROXIMA,250 mg/5 mL 70 mL,,21583,,,,,shortage,SUSPENSION,,2026-08-31,3,1,https://www.digemid.minsa.gob.pe/webDigemid/disponibilidad-de-productos-farmaceuticos/2026/disponibilidad-de-productos-farmaceuticos-agosto-2026/,2026-09-22T14:26:34.751997
PE,Peru,DIGEMID,CLOBETASOL PROPIONATO 50 mg/100 g 20 g CREMA,CLOBETASOL PROPIONATO,50 mg/100 g 20 g,,01972,,,,,shortage,CREMA,,2026-08-31,3,2,https://www.digemid.minsa.gob.pe/webDigemid/disponibilidad-de-productos-farmaceuticos/2026/disponibilidad-de-productos-farmaceuticos-agosto-2026/,2026-09-22T14:26:34.751997
PE,Peru,DIGEMID,ANASTROZOL 1 mg TABLETA,ANASTROZOL,1 mg,,00859,,,,,shortage,TABLETA,,2026-08-31,3,3,https://www.digemid.minsa.gob.pe/webDigemid/disponibilidad-de-productos-farmaceuticos/2026/disponibilidad-de-productos-farmaceuticos-agosto-2026/,2026-09-22T14:26:34.751997
PE,Peru,DIGEMID,DOBESILATO CALCICO 500 mg TABLETA,DOBESILATO CALCICO,500 mg,,02975,,,,,shortage,TABLETA,,2026-08-31,3,1,https://www.digemid.minsa.gob.pe/webDigemid/disponibilidad-de-productos-farmaceuticos/2026/disponibilidad-de-productos-farmaceuticos-agosto-2026/,2026-09-22T14:26:34.751997
PE,Peru,DIGEMID,CAPECITABINA 500 mg TABLETA,CAPECITABINA,500 mg,,01513,,,,,shortage,TABLETA,,2026-08-31,3,3,https://www.digemid.minsa.gob.pe/webDigemid/disponibilidad-de-productos-farmaceuticos/2026/disponibilidad-de-productos-farmaceuticos-agosto-2026/,2026-09-22T14:26:34.751997
PE,Peru,DIGEMID,TERBINAFINA 1 g/100 g 20 g CREMA,TERBINAFINA,1 g/100 g 20 g,,06080,,,,,shortage,CREMA,,2026-08-31,3,1,https://www.digemid.minsa.gob.pe/webDigemid/disponibilidad-de-productos-farmaceuticos/2026/disponibilidad-de-productos-farmaceuticos-agosto-2026/,2026-09-22T14:26:34.751997
PE,Peru,DIGEMID,KETOPROFENO 100 mg 2 mL INYECTABLE,KETOPROFENO,100 mg 2 mL,,04233,,,,,shortage,INYECTABLE,,2026-08-31,3,2,https://www.digemid.minsa.gob.pe/webDigemid/disponibilidad-de-productos-farmaceuticos/2026/disponibilidad-de-productos-farmaceuticos-agosto-2026/,2026-09-22T14:26:34.751997
PE,Peru,DIGEMID,FENTANILO 50 µg/mL 10 mL INYECTABLE,FENTANILO,50 µg/mL 10 mL,,03501,,,,,shortage,INYECTABLE,,2026-08-31,3,2,https://www.digemid.minsa.gob.pe/webDigemid/disponibilidad-de-productos-farmaceuticos/2026/disponibilidad-de-productos-farmaceuticos-agosto-2026/,2026-09-22T14:26:34.751997
PE,Peru,DIGEMID,SALBUTAMOL SULFATO 4 mg TABLETA,SALBUTAMOL SULFATO,4 mg,,05754,,,,,shortage,TABLETA,,2026-08-31,3,1,https://www.digemid.minsa.gob.pe/webDigemid/disponibilidad-de-productos-farmaceuticos/2026/disponibilidad-de-productos-farmaceuticos-agosto-2026/,2026-09-22T14:26:34.751997
PE,Peru,DIGEMID,SULFAMETOXAZOL + TRIMETOPRIMA 200 mg + 40 mg/5 mL 120 mL SUSPENSION,SULFAMETOXAZOL + TRIMETOPRIMA,200 mg + 40 mg/5 mL 120 mL,,05975,,,,,shortage,SUSPENSION,,2026-08-31,3,1,https://www.digemid.minsa.gob.pe/webDigemid/disponibilidad-de-productos-farmaceuticos/2026/disponibilidad-de-productos-farmaceuticos-agosto-2026/,2026-09-22T14:26:34.751997
PE,Peru,DIGEMID,NAFAZOLINA(SOLUCION OFTALMICA) 1 mg/ mL 15 mL SOLUCION,NAFAZOLINA,1 mg/ mL 15 mL,,04951,,,,,shortage,SOLUCION,,2026-08-31,3,1,https://www.digemid.minsa.gob.pe/webDigemid/disponibilidad-de-productos-farmaceuticos/2026/disponibilidad-de-productos-farmaceuticos-agosto-2026/,2026-09-22T14:26:34.751997
PE,Peru,DIGEMID,FILGRASTIM 30 000 000 UI/mL (300 µg/mL) 1 mL INYECTABLE,FILGRASTIM,30 000 000 UI/mL (300 µg/mL) 1 mL,,03570,,,,,shortage,INYECTABLE,,2026-08-31,3,3,https://www.digemid.minsa.gob.pe/webDigemid/disponibilidad-de-productos-farmaceuticos/2026/disponibilidad-de-productos-farmaceuticos-agosto-2026/,2026-09-22T14:26:34.751997
PE,Peru,DIGEMID,CON DILUYENTE PARA VACUNA ANTIAMARILICA (AMA) 10 DOSIS INYECTABLE,CON DILUYENTE PARA VACUNA ANTIAMARILICA (AMA),10 DOSIS,,13016,,,,,shortage,INYECTABLE,,2026-08-31,2,1,https://www.digemid.minsa.gob.pe/webDigemid/disponibilidad-de-productos-farmaceuticos/2026/disponibilidad-de-productos-farmaceuticos-agosto-2026/,2026-09-22T14:26:34.751997
PE,Peru,DIGEMID,ZUCLOPENTIXOL 25 mg TABLETA,ZUCLOPENTIXOL,25 mg,,06612,,,,,shortage,TABLETA,,2026-08-31,2,1,https://www.digemid.minsa.gob.pe/webDigemid/disponibilidad-de-productos-farmaceuticos/2026/disponibilidad-de-productos-farmaceuticos-agosto-2026/,2026-09-22T14:26:34.751997
PE,Peru,DIGEMID,LIDOCAINA 10 g/100 mL 115 mL AEROSOL,LIDOCAINA,10 g/100 mL 115 mL,,50420,,,,,shortage,AEROSOL,,2026-08-31,2,2,https://www.digemid.minsa.gob.pe/webDigemid/disponibilidad-de-productos-farmaceuticos/2026/disponibilidad-de-productos-farmaceuticos-agosto-2026/,2026-09-22T14:26:34.751997
PE,Peru,DIGEMID,COLISTINA (COMO COLISTIMETATO DE SODIO) 150 mg INYECTABLE,COLISTINA (COMO COLISTIMETATO DE SODIO),150 mg,,38459,,,,,shortage,INYECTABLE,,2026-08-31,2,2,https://www.digemid.minsa.gob.pe/webDigemid/disponibilidad-de-productos-farmaceuticos/2026/disponibilidad-de-productos-farmaceuticos-agosto-2026/,2026-09-22T14:26:34.751997
PE,Peru,DIGEMID,LIDOCAINA CLORHIDRATO + EPINEFRINA SIN PRESERVANTE 20 mg + 5 µg/mL 20 mL INYECTABLE,LIDOCAINA CLORHIDRATO + EPINEFRINA SIN PRESERVANTE,20 mg + 5 µg/mL 20 mL,,22851,,,,,shortage,INYECTABLE,,2026-08-31,2,1,https://www.digemid.minsa.gob.pe/webDigemid/disponibilidad-de-productos-farmaceuticos/2026/disponibilidad-de-productos-farmaceuticos-agosto-2026/,2026-09-22T14:26:34.751997
PE,Peru,DIGEMID,MEPIVACAINA 20 mg/mL 1.8 mL INYECTABLE,MEPIVACAINA,20 mg/mL 1.8 mL,,04661,,,,,shortage,INYECTABLE,,2026-08-31,2,2,https://www.digemid.minsa.gob.pe/webDigemid/disponibilidad-de-productos-farmaceuticos/2026/disponibilidad-de-productos-farmaceuticos-agosto-2026/,2026-09-22T14:26:34.751997
PE,Peru,DIGEMID,AMIKACINA (COMO SULFATO) 1 g 4 mL INYECTABLE,AMIKACINA (COMO SULFATO),1 g 4 mL,,00624,,,,,shortage,INYECTABLE,,2026-08-31,2,1,https://www.digemid.minsa.gob.pe/webDigemid/disponibilidad-de-productos-farmaceuticos/2026/disponibilidad-de-productos-farmaceuticos-agosto-2026/,2026-09-22T14:26:34.751997
PE,Peru,DIGEMID,METILDOPA 500 mg TABLETA,METILDOPA,500 mg,,04702,,,,,shortage,TABLETA,,2026-08-31,2,2,https://www.digemid.minsa.gob.pe/webDigemid/disponibilidad-de-productos-farmaceuticos/2026/disponibilidad-de-productos-farmaceuticos-agosto-2026/,2026-09-22T14:26:34.751997
PE,Peru,DIGEMID,CLOTRIMAZOL 1 g/100 g 10 g CREMA,CLOTRIMAZOL,1 g/100 g 10 g,,02315,,,,,shortage,CREMA,,2026-08-31,2,1,https://www.digemid.minsa.gob.pe/webDigemid/disponibilidad-de-productos-farmaceuticos/2026/disponibilidad-de-productos-farmaceuticos-agosto-2026/,2026-09-22T14:26:34.751997
PE,Peru,DIGEMID,VACUNA CONTRA COVID-19 (VIRUS INACTIVADO) BEIJING INSTITUTE OF BIOLOGICAL PRODUCTS Co Ltd (BIBP) CHINA BEIJING. 0.5 mL/DOSIS VIAL X 2.5 mL X 5 DOSIS INYECTABLE,VACUNA CONTRA COVID-19 (VIRUS INACTIVADO) BEIJING INSTITUTE OF BIOLOGICAL PRODUCTS Co Ltd (BIBP) CHINA BEIJING.,0.5 mL/DOSIS VIAL X 2.5 mL X 5 DOSIS,,47343,,,,,shortage,INYECTABLE,,2026-08-31,2,2,https://www.digemid.minsa.gob.pe/webDigemid/disponibilidad-de-productos-farmaceuticos/2026/disponibilidad-de-productos-farmaceuticos-agosto-2026/,2026-09-22T14:26:34.751997
PE,Peru,DIGEMID,CARBOMERO 200 mg/100 g 12 g GEL,CARBOMERO,200 mg/100 g 12 g,,21750,,,,,shortage,GEL,,2026-08-31,2,2,https://www.digemid.minsa.gob.pe/webDigemid/disponibilidad-de-productos-farmaceuticos/2026/disponibilidad-de-productos-farmaceuticos-agosto-2026/,2026-09-22T14:26:34.751997
PE,Peru,DIGEMID,TAMOXIFENO CITRATO 20 mg TABLETA,TAMOXIFENO CITRATO,20 mg,,06038,,,,,shortage,TABLETA,,2026-08-31,2,2,https://www.digemid.minsa.gob.pe/webDigemid/disponibilidad-de-productos-farmaceuticos/2026/disponibilidad-de-productos-farmaceuticos-agosto-2026/,2026-09-22T14:26:34.751997
PE,Peru,DIGEMID,FOSFOMICINA 3 g 3 g GRANULOS,FOSFOMICINA,3 g 3 g,,03687,,,,,shortage,GRANULOS,,2026-08-31,2,2,https://www.digemid.minsa.gob.pe/webDigemid/disponibilidad-de-productos-farmaceuticos/2026/disponibilidad-de-productos-farmaceuticos-agosto-2026/,2026-09-22T14:26:34.751997
PE,Peru,DIGEMID,VANCOMICINA CLORHIDRATO 500 mg INYECTABLE,VANCOMICINA CLORHIDRATO,500 mg,,06471,,,,,shortage,INYECTABLE,,2026-08-31,2,2,https://www.digemid.minsa.gob.pe/webDigemid/disponibilidad-de-productos-farmaceuticos/2026/disponibilidad-de-productos-farmaceuticos-agosto-2026/,2026-09-22T14:26:34.751997
PE,Peru,DIGEMID,ACETILCISTEINA 100 mg/5 mL 40 g GRANULOS,ACETILCISTEINA,100 mg/5 mL 40 g,,00074,,,,,shortage,GRANULOS,,2026-08-31,2,1,https://www.digemid.minsa.gob.pe/webDigemid/disponibilidad-de-productos-farmaceuticos/2026/disponibilidad-de-productos-farmaceuticos-agosto-2026/,2026-09-22T14:26:34.751997
PE,Peru,DIGEMID,ACIDO TRANEXAMICO 1 g INYECTABLE,ACIDO TRANEXAMICO,1 g,,26357,,,,,shortage,INYECTABLE,,2026-08-31,2,2,https://www.digemid.minsa.gob.pe/webDigemid/disponibilidad-de-productos-farmaceuticos/2026/disponibilidad-de-productos-farmaceuticos-agosto-2026/,2026-09-22T14:26:34.751997
PE,Peru,DIGEMID,FENOBARBITAL SODICO 100 mg/mL 2 mL INYECTABLE,FENOBARBITAL SODICO,100 mg/mL 2 mL,,03452,,,,,shortage,INYECTABLE,,2026-08-31,2,2,https://www.digemid.minsa.gob.pe/webDigemid/disponibilidad-de-productos-farmaceuticos/2026/disponibilidad-de-productos-farmaceuticos-agosto-2026/,2026-09-22T14:26:34.751997
PE,Peru,DIGEMID,REMIFENTANILO 2 mg INYECTABLE,REMIFENTANILO,2 mg,,18671,,,,,shortage,INYECTABLE,,2026-08-31,2,2,https://www.digemid.minsa.gob.pe/webDigemid/disponibilidad-de-productos-farmaceuticos/2026/disponibilidad-de-productos-farmaceuticos-agosto-2026/,2026-09-22T14:26:34.751997
PE,Peru,DIGEMID,VINORELBINA 50 mg/5 mL 5 mL INYECTABLE,VINORELBINA,50 mg/5 mL 5 mL,,06495,,,,,shortage,INYECTABLE,,2026-08-31,2,2,https://www.digemid.minsa.gob.pe/webDigemid/disponibilidad-de-productos-farmaceuticos/2026/disponibilidad-de-productos-farmaceuticos-agosto-2026/,2026-09-22T14:26:34.751997
PE,Peru,DIGEMID,PIRIDOXINA CLORHIDRATO 100 mg/mL 3 mL INYECTABLE,PIRIDOXINA CLORHIDRATO,100 mg/mL 3 mL,,05487,,,,,shortage,INYECTABLE,,2026-08-31,2,1,https://www.digemid.minsa.gob.pe/webDigemid/disponibilidad-de-productos-farmaceuticos/2026/disponibilidad-de-productos-farmaceuticos-agosto-2026/,2026-09-22T14:26:34.751997
PE,Peru,DIGEMID,BENCINA YODADA 1 L SOLUCION,BENCINA YODADA,1 L,,20846,,,,,shortage,SOLUCION,,2026-08-31,2,2,https://www.digemid.minsa.gob.pe/webDigemid/disponibilidad-de-productos-farmaceuticos/2026/disponibilidad-de-productos-farmaceuticos-agosto-2026/,2026-09-22T14:26:34.751997
PE,Peru,DIGEMID,ACETILCISTEINA 200 mg/mL 10 mL INYECTABLE,ACETILCISTEINA,200 mg/mL 10 mL,,19518,,,,,shortage,INYECTABLE,,2026-08-31,2,2,https://www.digemid.minsa.gob.pe/webDigemid/disponibilidad-de-productos-farmaceuticos/2026/disponibilidad-de-productos-farmaceuticos-agosto-2026/,2026-09-22T14:26:34.751997
PE,Peru,DIGEMID,SULFAMETOXAZOL + TRIMETOPRIMA 80 mg + 16 mg / mL 5 mL INYECTABLE,SULFAMETOXAZOL + TRIMETOPRIMA,80 mg + 16 mg / mL 5 mL,,05970,,,,,shortage,INYECTABLE,,2026-08-31,2,2,https://www.digemid.minsa.gob.pe/webDigemid/disponibilidad-de-productos-farmaceuticos/2026/disponibilidad-de-productos-farmaceuticos-agosto-2026/,2026-09-22T14:26:34.751997
PE,Peru,DIGEMID,RIVAROXABAN 15 mg TABLETA,RIVAROXABAN,15 mg,,28029,,,,,shortage,TABLETA,,2026-08-31,2,1,https://www.digemid.minsa.gob.pe/webDigemid/disponibilidad-de-productos-farmaceuticos/2026/disponibilidad-de-productos-farmaceuticos-agosto-2026/,2026-09-22T14:26:34.751997
PE,Peru,DIGEMID,ASPARAGINASA 10000 UI INYECTABLE,ASPARAGINASA,10000 UI,,00890,,,,,shortage,INYECTABLE,,2026-08-31,2,2,https://www.digemid.minsa.gob.pe/webDigemid/disponibilidad-de-productos-farmaceuticos/2026/disponibilidad-de-productos-farmaceuticos-agosto-2026/,2026-09-22T14:26:34.751997
PE,Peru,DIGEMID,METILPREDNISOLONA (COMO SUCCINATO SODICO) 500 mg 4 mL INYECTABLE,METILPREDNISOLONA (COMO SUCCINATO SODICO),500 mg 4 mL,,04717,,,,,shortage,INYECTABLE,,2026-08-31,2,2,https://www.digemid.minsa.gob.pe/webDigemid/disponibilidad-de-productos-farmaceuticos/2026/disponibilidad-de-productos-farmaceuticos-agosto-2026/,2026-09-22T14:26:34.751997
PE,Peru,DIGEMID,MILTEFOSINA 50 mg TABLETA,MILTEFOSINA,50 mg,,35031,,,,,shortage,TABLETA,,2026-08-31,2,1,https://www.digemid.minsa.gob.pe/webDigemid/disponibilidad-de-productos-farmaceuticos/2026/disponibilidad-de-productos-farmaceuticos-agosto-2026/,2026-09-22T14:26:34.751997
PE,Peru,DIGEMID,FLUDROCORTISONA 100 µg TABLETA,FLUDROCORTISONA,100 µg,,29075,,,,,shortage,TABLETA,,2026-08-31,2,2,https://www.digemid.minsa.gob.pe/webDigemid/disponibilidad-de-productos-farmaceuticos/2026/disponibilidad-de-productos-farmaceuticos-agosto-2026/,2026-09-22T14:26:34.751997
PE,Peru,DIGEMID,MICOFENOLATO MOFETILO 250 mg TABLETA,MICOFENOLATO MOFETILO,250 mg,,04808,,,,,shortage,TABLETA,,2026-08-31,2,2,https://www.digemid.minsa.gob.pe/webDigemid/disponibilidad-de-productos-farmaceuticos/2026/disponibilidad-de-productos-farmaceuticos-agosto-2026/,2026-09-22T14:26:34.751997
PE,Peru,DIGEMID,PALIVIZUMAB 50 mg INYECTABLE,PALIVIZUMAB,50 mg,,05267,,,,,shortage,INYECTABLE,,2026-08-31,2,2,https://www.digemid.minsa.gob.pe/webDigemid/disponibilidad-de-productos-farmaceuticos/2026/disponibilidad-de-productos-farmaceuticos-agosto-2026/,2026-09-22T14:26:34.751997
PE,Peru,DIGEMID,SOLUCION PARA DIALISIS PERITONEAL 2.5 % 2.5 L SOLUCION,SOLUCION PARA DIALISIS PERITONEAL,2.5 % 2.5 L,,21855,,,,,shortage,SOLUCION,,2026-08-31,2,2,https://www.digemid.minsa.gob.pe/webDigemid/disponibilidad-de-productos-farmaceuticos/2026/disponibilidad-de-productos-farmaceuticos-agosto-2026/,2026-09-22T14:26:34.751997
PE,Peru,DIGEMID,MESALAZINA 500 mg SUPOSITORIO,MESALAZINA,500 mg,,24831,,,,,shortage,SUPOSITORIO,,2026-08-31,2,2,https://www.digemid.minsa.gob.pe/webDigemid/disponibilidad-de-productos-farmaceuticos/2026/disponibilidad-de-productos-farmaceuticos-agosto-2026/,2026-09-22T14:26:34.751997
PE,Peru,DIGEMID,FLUDARABINA FOSFATO 50 mg INYECTABLE,FLUDARABINA FOSFATO,50 mg,,03598,,,,,shortage,INYECTABLE,,2026-08-31,2,2,https://www.digemid.minsa.gob.pe/webDigemid/disponibilidad-de-productos-farmaceuticos/2026/disponibilidad-de-productos-farmaceuticos-agosto-2026/,2026-09-22T14:26:34.751997
PE,Peru,DIGEMID,VACUNA CONTRA EL SARAMPION Y LA RUBEOLA (SR) 1 DOSIS INYECTABLE,VACUNA CONTRA EL SARAMPION Y LA RUBEOLA (SR),1 DOSIS,,35019,,,,,shortage,INYECTABLE,,2026-08-31,2,2,https://www.digemid.minsa.gob.pe/webDigemid/disponibilidad-de-productos-farmaceuticos/2026/disponibilidad-de-productos-farmaceuticos-agosto-2026/,2026-09-22T14:26:34.751997
PE,Peru,DIGEMID,MESNA 100 mg/mL 4 mL INYECTABLE,MESNA,100 mg/mL 4 mL,,04670,,,,,shortage,INYECTABLE,,2026-08-31,2,2,https://www.digemid.minsa.gob.pe/webDigemid/disponibilidad-de-productos-farmaceuticos/2026/disponibilidad-de-productos-farmaceuticos-agosto-2026/,2026-09-22T14:26:34.751997
PE,Peru,DIGEMID,BUPRENORFINA 35 ug/h (20 mg COMO BASE) PARCHE,BUPRENORFINA,35 ug/h (20 mg COMO BASE),,19443,,,,,shortage,PARCHE,,2026-08-31,2,2,https://www.digemid.minsa.gob.pe/webDigemid/disponibilidad-de-productos-farmaceuticos/2026/disponibilidad-de-productos-farmaceuticos-agosto-2026/,2026-09-22T14:26:34.751997
PE,Peru,DIGEMID,PRAZICUANTEL 150 mg TABLETA,PRAZICUANTEL,150 mg,,05568,,,,,shortage,TABLETA,,2026-08-31,2,2,https://www.digemid.minsa.gob.pe/webDigemid/disponibilidad-de-productos-farmaceuticos/2026/disponibilidad-de-productos-farmaceuticos-agosto-2026/,2026-09-22T14:26:34.751997
PE,Peru,DIGEMID,PEMBROLIZUMAB 25 mg/1 mL 4 mL INYECTABLE,PEMBROLIZUMAB,25 mg/1 mL 4 mL,,42699,,,,,shortage,INYECTABLE,,2026-08-31,2,2,https://www.digemid.minsa.gob.pe/webDigemid/disponibilidad-de-productos-farmaceuticos/2026/disponibilidad-de-productos-farmaceuticos-agosto-2026/,2026-09-22T14:26:34.751997
PE,Peru,DIGEMID,NITROFURAL 200 mg/100 g 50 g CREMA,NITROFURAL,200 mg/100 g 50 g,,05084,,,,,shortage,CREMA,,2026-08-31,2,2,https://www.digemid.minsa.gob.pe/webDigemid/disponibilidad-de-productos-farmaceuticos/2026/disponibilidad-de-productos-farmaceuticos-agosto-2026/,2026-09-22T14:26:34.751997
PE,Peru,DIGEMID,ACITRETINA 25 mg TABLETA,ACITRETINA,25 mg,,00231,,,,,shortage,TABLETA,,2026-08-31,2,2,https://www.digemid.minsa.gob.pe/webDigemid/disponibilidad-de-productos-farmaceuticos/2026/disponibilidad-de-productos-farmaceuticos-agosto-2026/,2026-09-22T14:26:34.751997
PE,Peru,DIGEMID,BUDESONIDA + FORMOTEROL (POLVO PARA INHALACION) 160 µg + 4.5 µg/DOSIS 120 DOSIS AEROSOL,BUDESONIDA + FORMOTEROL,160 µg + 4.5 µg/DOSIS 120 DOSIS,,33655,,,,,shortage,AEROSOL,,2026-08-31,2,2,https://www.digemid.minsa.gob.pe/webDigemid/disponibilidad-de-productos-farmaceuticos/2026/disponibilidad-de-productos-farmaceuticos-agosto-2026/,2026-09-22T14:26:34.751997
PE,Peru,DIGEMID,LACTULOSA 3.33 g/5 mL 200 mL SOLUCION,LACTULOSA,3.33 g/5 mL 200 mL,,04292,,,,,shortage,SOLUCION,,2026-08-31,2,2,https://www.digemid.minsa.gob.pe/webDigemid/disponibilidad-de-productos-farmaceuticos/2026/disponibilidad-de-productos-farmaceuticos-agosto-2026/,2026-09-22T14:26:34.751997
PE,Peru,DIGEMID,ACICLOVIR (COMO SAL SODICA) 250 mg 10 mL INYECTABLE,ACICLOVIR (COMO SAL SODICA),250 mg 10 mL,,00132,,,,,shortage,INYECTABLE,,2026-08-31,2,2,https://www.digemid.minsa.gob.pe/webDigemid/disponibilidad-de-productos-farmaceuticos/2026/disponibilidad-de-productos-farmaceuticos-agosto-2026/,2026-09-22T14:26:34.751997
PE,Peru,DIGEMID,PETIDINA CLORHIDRATO 50 mg/mL 2 mL INYECTABLE,PETIDINA CLORHIDRATO,50 mg/mL 2 mL,,05408,,,,,shortage,INYECTABLE,,2026-08-31,2,2,https://www.digemid.minsa.gob.pe/webDigemid/disponibilidad-de-productos-farmaceuticos/2026/disponibilidad-de-productos-farmaceuticos-agosto-2026/,2026-09-22T14:26:34.751997
PE,Peru,DIGEMID,LIDOCAINA CLORHIDRATO + EPINEFRINA 20 mg + 8 ug/mL 1.8 mL INYECTABLE,LIDOCAINA CLORHIDRATO + EPINEFRINA,20 mg + 8 ug/mL 1.8 mL,,18103,,,,,shortage,INYECTABLE,,2026-08-31,2,2,https://www.digemid.minsa.gob.pe/webDigemid/disponibilidad-de-productos-farmaceuticos/2026/disponibilidad-de-productos-farmaceuticos-agosto-2026/,2026-09-22T14:26:34.751997
PE,Peru,DIGEMID,IOHEXOL 755 mg/mL (Equiv. 350 mg Iodo/mL) 100 mL INYECTABLE,IOHEXOL,755 mg/mL (Equiv. 350 mg Iodo/mL) 100 mL,,29947,,,,,shortage,INYECTABLE,,2026-08-31,2,2,https://www.digemid.minsa.gob.pe/webDigemid/disponibilidad-de-productos-farmaceuticos/2026/disponibilidad-de-productos-farmaceuticos-agosto-2026/,2026-09-22T14:26:34.751997
PE,Peru,DIGEMID,SUNITINIB 25 mg TABLETA,SUNITINIB,25 mg,,21333,,,,,shortage,TABLETA,,2026-08-31,2,2,https://www.digemid.minsa.gob.pe/webDigemid/disponibilidad-de-productos-farmaceuticos/2026/disponibilidad-de-productos-farmaceuticos-agosto-2026/,2026-09-22T14:26:34.751997
PE,Peru,DIGEMID,PERTUZUMAB 420 mg (30 mg/mL) 14 mL INYECTABLE,PERTUZUMAB,420 mg (30 mg/mL) 14 mL,,45237,,,,,shortage,INYECTABLE,,2026-08-31,2,2,https://www.digemid.minsa.gob.pe/webDigemid/disponibilidad-de-productos-farmaceuticos/2026/disponibilidad-de-productos-farmaceuticos-agosto-2026/,2026-09-22T14:26:34.751997
PE,Peru,DIGEMID,OXACILINA CON DILUYENTE 1 g INYECTABLE,OXACILINA CON DILUYENTE,1 g,,23179,,,,,shortage,INYECTABLE,,2026-08-31,2,2,https://www.digemid.minsa.gob.pe/webDigemid/disponibilidad-de-productos-farmaceuticos/2026/disponibilidad-de-productos-farmaceuticos-agosto-2026/,2026-09-22T14:26:34.751997
PE,Peru,DIGEMID,SUGAMMADEX 100 mg/mL 2 ml INYECTABLE,SUGAMMADEX,100 mg/mL 2 ml,,21482,,,,,shortage,INYECTABLE,,2026-08-31,2,2,https://www.digemid.minsa.gob.pe/webDigemid/disponibilidad-de-productos-farmaceuticos/2026/disponibilidad-de-productos-farmaceuticos-agosto-2026/,2026-09-22T14:26:34.751997
PE,Peru,DIGEMID,IMATINIB (COMO MESILATO) 400 mg TABLETA,IMATINIB (COMO MESILATO),400 mg,,18624,,,,,shortage,TABLETA,,2026-08-31,2,2,https://www.digemid.minsa.gob.pe/webDigemid/disponibilidad-de-productos-farmaceuticos/2026/disponibilidad-de-productos-farmaceuticos-agosto-2026/,2026-09-22T14:26:34.751997
PE,Peru,DIGEMID,HALOPERIDOL 5 mg TABLETA,HALOPERIDOL,5 mg,,03882,,,,,shortage,TABLETA,,2026-08-31,2,2,https://www.digemid.minsa.gob.pe/webDigemid/disponibilidad-de-productos-farmaceuticos/2026/disponibilidad-de-productos-farmaceuticos-agosto-2026/,2026-09-22T14:26:34.751997
PE,Peru,DIGEMID,PRAMIPEXOL 250 ug TABLETA,PRAMIPEXOL,250 ug,,05562,,,,,shortage,TABLETA,,2026-08-31,2,1,https://www.digemid.minsa.gob.pe/webDigemid/disponibilidad-de-productos-farmaceuticos/2026/disponibilidad-de-productos-farmaceuticos-agosto-2026/,2026-09-22T14:26:34.751997
PE,Peru,DIGEMID,HIERRO PROTEINSUCCINILATO 800 mg (Equiv. 40 mg Fe3+)/15 mL 15 mL SOLUCION,HIERRO PROTEINSUCCINILATO,800 mg (Equiv. 40 mg Fe3+)/15 mL 15 mL,,37764,,,,,shortage,SOLUCION,,2026-08-31,2,2,https://www.digemid.minsa.gob.pe/webDigemid/disponibilidad-de-productos-farmaceuticos/2026/disponibilidad-de-productos-farmaceuticos-agosto-2026/,2026-09-22T14:26:34.751997
PE,Peru,DIGEMID,EXEMESTANO 25 mg TABLETA,EXEMESTANO,25 mg,,03362,,,,,shortage,TABLETA,,2026-08-31,2,2,https://www.digemid.minsa.gob.pe/webDigemid/disponibilidad-de-productos-farmaceuticos/2026/disponibilidad-de-productos-farmaceuticos-agosto-2026/,2026-09-22T14:26:34.751997
PE,Peru,DIGEMID,TEMOZOLOMIDA 250 mg TABLETA,TEMOZOLOMIDA,250 mg,,06048,,,,,shortage,TABLETA,,2026-08-31,2,1,https://www.digemid.minsa.gob.pe/webDigemid/disponibilidad-de-productos-farmaceuticos/2026/disponibilidad-de-productos-farmaceuticos-agosto-2026/,2026-09-22T14:26:34.751997
PE,Peru,DIGEMID,LEVOSULPIRIDA 25 mg 2 mL INYECTABLE,LEVOSULPIRIDA,25 mg 2 mL,,18060,,,,,shortage,INYECTABLE,,2026-08-31,2,2,https://www.digemid.minsa.gob.pe/webDigemid/disponibilidad-de-productos-farmaceuticos/2026/disponibilidad-de-productos-farmaceuticos-agosto-2026/,2026-09-22T14:26:34.751997
PE,Peru,DIGEMID,VALPROATO SEMISODICO 500 mg TABLETA,VALPROATO SEMISODICO,500 mg,,21566,,,,,shortage,TABLETA,,2026-08-31,2,1,https://www.digemid.minsa.gob.pe/webDigemid/disponibilidad-de-productos-farmaceuticos/2026/disponibilidad-de-productos-farmaceuticos-agosto-2026/,2026-09-22T14:26:34.751997
PE,Peru,DIGEMID,FUROSEMIDA 20 mg TABLETA,FUROSEMIDA,20 mg,,20950,,,,,shortage,TABLETA,,2026-08-31,2,2,https://www.digemid.minsa.gob.pe/webDigemid/disponibilidad-de-productos-farmaceuticos/2026/disponibilidad-de-productos-farmaceuticos-agosto-2026/,2026-09-22T14:26:34.751997
PE,Peru,DIGEMID,FACTOR VIII DE COAGULACION HUMANA 500 UI INYECTABLE,FACTOR VIII DE COAGULACION HUMANA,500 UI,,03399,,,,,shortage,INYECTABLE,,2026-08-31,2,2,https://www.digemid.minsa.gob.pe/webDigemid/disponibilidad-de-productos-farmaceuticos/2026/disponibilidad-de-productos-farmaceuticos-agosto-2026/,2026-09-22T14:26:34.751997
PE,Peru,DIGEMID,DIETILESTILBESTROL 1 mg TABLETA,DIETILESTILBESTROL,1 mg,,02848,,,,,shortage,TABLETA,,2026-08-31,2,2,https://www.digemid.minsa.gob.pe/webDigemid/disponibilidad-de-productos-farmaceuticos/2026/disponibilidad-de-productos-farmaceuticos-agosto-2026/,2026-09-22T14:26:34.751997
PE,Peru,DIGEMID,LENALIDOMIDA 10 mg TABLETA,LENALIDOMIDA,10 mg,,22685,,,,,shortage,TABLETA,,2026-08-31,2,2,https://www.digemid.minsa.gob.pe/webDigemid/disponibilidad-de-productos-farmaceuticos/2026/disponibilidad-de-productos-farmaceuticos-agosto-2026/,2026-09-22T14:26:34.751997
PE,Peru,DIGEMID,KETOTIFENO (SOLUCION OFTALMICA) 0.25 mg/mL 10 mL SOLUCION,KETOTIFENO,0.25 mg/mL 10 mL,,23833,,,,,shortage,SOLUCION,,2026-08-31,2,2,https://www.digemid.minsa.gob.pe/webDigemid/disponibilidad-de-productos-farmaceuticos/2026/disponibilidad-de-productos-farmaceuticos-agosto-2026/,2026-09-22T14:26:34.751997
PE,Peru,DIGEMID,CARBACOL (SOLUCION INTRAOCULAR) 100 ug/mL 1.5 mL INYECTABLE,CARBACOL,100 ug/mL 1.5 mL,,01524,,,,,shortage,INYECTABLE,,2026-08-31,2,2,https://www.digemid.minsa.gob.pe/webDigemid/disponibilidad-de-productos-farmaceuticos/2026/disponibilidad-de-productos-farmaceuticos-agosto-2026/,2026-09-22T14:26:34.751997
PE,Peru,DIGEMID,TOXINA BOTULINICA TIPO A 100 U INYECTABLE,TOXINA BOTULINICA TIPO A,100 U,,06228,,,,,shortage,INYECTABLE,,2026-08-31,2,2,https://www.digemid.minsa.gob.pe/webDigemid/disponibilidad-de-productos-farmaceuticos/2026/disponibilidad-de-productos-farmaceuticos-agosto-2026/,2026-09-22T14:26:34.751997
PE,Peru,DIGEMID,COMBINACIONES DE ELECTROLITOS ORALES 1 L SOLUCION,COMBINACIONES DE ELECTROLITOS ORALES,1 L,,26143,,,,,shortage,SOLUCION,,2026-08-31,2,1,https://www.digemid.minsa.gob.pe/webDigemid/disponibilidad-de-productos-farmaceuticos/2026/disponibilidad-de-productos-farmaceuticos-agosto-2026/,2026-09-22T14:26:34.751997
PE,Peru,DIGEMID,CARBOMERO 200 mg/100 g 10 g GEL,CARBOMERO,200 mg/100 g 10 g,,01557,,,,,shortage,GEL,,2026-08-31,2,2,https://www.digemid.minsa.gob.pe/webDigemid/disponibilidad-de-productos-farmaceuticos/2026/disponibilidad-de-productos-farmaceuticos-agosto-2026/,2026-09-22T14:26:34.751997
PE,Peru,DIGEMID,SOLUCION PARA DIALISIS PERITONEAL 1.5 % 5 L SOLUCION,SOLUCION PARA DIALISIS PERITONEAL,1.5 % 5 L,,21856,,,,,shortage,SOLUCION,,2026-08-31,2,2,https://www.digemid.minsa.gob.pe/webDigemid/disponibilidad-de-productos-farmaceuticos/2026/disponibilidad-de-productos-farmaceuticos-agosto-2026/,2026-09-22T14:26:34.751997
PE,Peru,DIGEMID,AZACITIDINA 100 mg INYECTABLE,AZACITIDINA,100 mg,,25065,,,,,shortage,INYECTABLE,,2026-08-31,2,1,https://www.digemid.minsa.gob.pe/webDigemid/disponibilidad-de-productos-farmaceuticos/2026/disponibilidad-de-productos-farmaceuticos-agosto-2026/,2026-09-22T14:26:34.751997
PE,Peru,DIGEMID,BECLOMETASONA + FORMOTEROL 100 µg + 6 µg/DOSIS 120 DOSIS AEROSOL,BECLOMETASONA + FORMOTEROL,100 µg + 6 µg/DOSIS 120 DOSIS,,38210,,,,,shortage,AEROSOL,,2026-08-31,2,1,https://www.digemid.minsa.gob.pe/webDigemid/disponibilidad-de-productos-farmaceuticos/2026/disponibilidad-de-productos-farmaceuticos-agosto-2026/,2026-09-22T14:26:34.751997
PE,Peru,DIGEMID,SOLUCION PARA DIALISIS PERITONEAL 1.5 % 2 L SOLUCION,SOLUCION PARA DIALISIS PERITONEAL,1.5 % 2 L,,19879,,,,,shortage,SOLUCION,,2026-08-31,2,2,https://www.digemid.minsa.gob.pe/webDigemid/disponibilidad-de-productos-farmaceuticos/2026/disponibilidad-de-productos-farmaceuticos-agosto-2026/,2026-09-22T14:26:34.751997
PE,Peru,DIGEMID,OCTREOTIDA 200 ug/mL 5 mL INYECTABLE,OCTREOTIDA,200 ug/mL 5 mL,,05131,,,,,shortage,INYECTABLE,,2026-08-31,2,1,https://www.digemid.minsa.gob.pe/webDigemid/disponibilidad-de-productos-farmaceuticos/2026/disponibilidad-de-productos-farmaceuticos-agosto-2026/,2026-09-22T14:26:34.751997
PE,Peru,DIGEMID,MUPIROCINA 2 g/100 g 20 g CREMA,MUPIROCINA,2 g/100 g 20 g,,04923,,,,,shortage,CREMA,,2026-08-31,2,2,https://www.digemid.minsa.gob.pe/webDigemid/disponibilidad-de-productos-farmaceuticos/2026/disponibilidad-de-productos-farmaceuticos-agosto-2026/,2026-09-22T14:26:34.751997
PE,Peru,DIGEMID,ELTROMBOPAG 50 mg TABLETA,ELTROMBOPAG,50 mg,,27623,,,,,shortage,TABLETA,,2026-08-31,2,1,https://www.digemid.minsa.gob.pe/webDigemid/disponibilidad-de-productos-farmaceuticos/2026/disponibilidad-de-productos-farmaceuticos-agosto-2026/,2026-09-22T14:26:34.751997
PE,Peru,DIGEMID,CASPOFUNGINA 50 mg INYECTABLE,CASPOFUNGINA,50 mg,,01581,,,,,shortage,INYECTABLE,,2026-08-31,2,1,https://www.digemid.minsa.gob.pe/webDigemid/disponibilidad-de-productos-farmaceuticos/2026/disponibilidad-de-productos-farmaceuticos-agosto-2026/,2026-09-22T14:26:34.751997
PE,Peru,DIGEMID,PROPAFENONA CLORHIDRATO 150 mg TABLETA,PROPAFENONA CLORHIDRATO,150 mg,,05616,,,,,shortage,TABLETA,,2026-08-31,2,1,https://www.digemid.minsa.gob.pe/webDigemid/disponibilidad-de-productos-farmaceuticos/2026/disponibilidad-de-productos-farmaceuticos-agosto-2026/,2026-09-22T14:26:34.751997
PE,Peru,DIGEMID,SODIO BICARBONATO 100 g/100 g 100 g POLVO,SODIO BICARBONATO,100 g/100 g 100 g,,05857,,,,,shortage,POLVO,,2026-08-31,2,1,https://www.digemid.minsa.gob.pe/webDigemid/disponibilidad-de-productos-farmaceuticos/2026/disponibilidad-de-productos-farmaceuticos-agosto-2026/,2026-09-22T14:26:34.751997
PE,Peru,DIGEMID,SIMETICONA 40 mg TABLETA,SIMETICONA,40 mg,,02941,,,,,shortage,TABLETA,,2026-08-31,2,1,https://www.digemid.minsa.gob.pe/webDigemid/disponibilidad-de-productos-farmaceuticos/2026/disponibilidad-de-productos-farmaceuticos-agosto-2026/,2026-09-22T14:26:34.751997
PE,Peru,DIGEMID,TRETINOINA 10 mg TABLETA,TRETINOINA,10 mg,,06271,,,,,shortage,TABLETA,,2026-08-31,2,1,https://www.digemid.minsa.gob.pe/webDigemid/disponibilidad-de-productos-farmaceuticos/2026/disponibilidad-de-productos-farmaceuticos-agosto-2026/,2026-09-22T14:26:34.751997
PE,Peru,DIGEMID,RAVULIZUMAB 100 mg/mL 3 mL INYECTABLE,RAVULIZUMAB,100 mg/mL 3 mL,,55334,,,,,shortage,INYECTABLE,,2026-08-31,2,1,https://www.digemid.minsa.gob.pe/webDigemid/disponibilidad-de-productos-farmaceuticos/2026/disponibilidad-de-productos-farmaceuticos-agosto-2026/,2026-09-22T14:26:34.751997
PE,Peru,DIGEMID,ISAVUCONAZOL 100 mg TABLETA,ISAVUCONAZOL,100 mg,,42440,,,,,shortage,TABLETA,,2026-08-31,2,1,https://www.digemid.minsa.gob.pe/webDigemid/disponibilidad-de-productos-farmaceuticos/2026/disponibilidad-de-productos-farmaceuticos-agosto-2026/,2026-09-22T14:26:34.751997
PE,Peru,DIGEMID,AMFOTERICINA B (AMBL) 50 mg INYECTABLE,AMFOTERICINA B (AMBL),50 mg,,40462,,,,,shortage,INYECTABLE,,2026-08-31,2,1,https://www.digemid.minsa.gob.pe/webDigemid/disponibilidad-de-productos-farmaceuticos/2026/disponibilidad-de-productos-farmaceuticos-agosto-2026/,2026-09-22T14:26:34.751997
PE,Peru,DIGEMID,INSULINA LISPRO 100 UI/mL 10 mL INYECTABLE,INSULINA LISPRO,100 UI/mL 10 mL,,04093,,,,,shortage,INYECTABLE,,2026-08-31,2,1,https://www.digemid.minsa.gob.pe/webDigemid/disponibilidad-de-productos-farmaceuticos/2026/disponibilidad-de-productos-farmaceuticos-agosto-2026/,2026-09-22T14:26:34.751997
PE,Peru,DIGEMID,INSULINA DEGLUDEC 100 U/ mL 3 mL INYECTABLE,INSULINA DEGLUDEC,100 U/ mL 3 mL,,34999,,,,,shortage,INYECTABLE,,2026-08-31,2,2,https://www.digemid.minsa.gob.pe/webDigemid/disponibilidad-de-productos-farmaceuticos/2026/disponibilidad-de-productos-farmaceuticos-agosto-2026/,2026-09-22T14:26:34.751997
PE,Peru,DIGEMID,SODIO CLORURO 900 mg/100 mL (0.9 %) 20 mL INYECTABLE,SODIO CLORURO,900 mg/100 mL (0.9 %) 20 mL,,05877,,,,,shortage,INYECTABLE,,2026-08-31,2,2,https://www.digemid.minsa.gob.pe/webDigemid/disponibilidad-de-productos-farmaceuticos/2026/disponibilidad-de-productos-farmaceuticos-agosto-2026/,2026-09-22T14:26:34.751997
PE,Peru,DIGEMID,FLUFENAZINA DECANOATO O ENANTATO 25 mg/mL 1 mL INYECTABLE,FLUFENAZINA DECANOATO O ENANTATO,25 mg/mL 1 mL,,03601,,,,,shortage,INYECTABLE,,2026-08-31,2,2,https://www.digemid.minsa.gob.pe/webDigemid/disponibilidad-de-productos-farmaceuticos/2026/disponibilidad-de-productos-farmaceuticos-agosto-2026/,2026-09-22T14:26:34.751997
PE,Peru,DIGEMID,OXALIPLATINO 100 mg INYECTABLE,OXALIPLATINO,100 mg,,05214,,,,,shortage,INYECTABLE,,2026-08-31,2,1,https://www.digemid.minsa.gob.pe/webDigemid/disponibilidad-de-productos-farmaceuticos/2026/disponibilidad-de-productos-farmaceuticos-agosto-2026/,2026-09-22T14:26:34.751997
PE,Peru,DIGEMID,"VACUNA CONTRA COVID-19(mRNA-1273)nucleosido modificado,(elasomeran/davesomeran)MODERNA,FAB.CATALENT INDIANA.LLC-EEU 50 ug/50 ug X mL (SPIKEVAX) VIAL X 2.5 mL INYECTABLE","VACUNA CONTRA COVID-19(mRNA-1273)nucleosido modificado,(elasomeran/davesomeran)MODERNA,FAB.CATALENT INDIANA.LLC-EEU",50 ug/50 ug X mL (SPIKEVAX) VIAL X 2.5 mL,,51189,,,,,shortage,INYECTABLE,,2026-08-31,2,2,https://www.digemid.minsa.gob.pe/webDigemid/disponibilidad-de-productos-farmaceuticos/2026/disponibilidad-de-productos-farmaceuticos-agosto-2026/,2026-09-22T14:26:34.751997
PE,Peru,DIGEMID,ERITROMICINA 250 mg/5 mL 80 mL SUSPENSION,ERITROMICINA,250 mg/5 mL 80 mL,,03183,,,,,shortage,SUSPENSION,,2026-08-31,2,1,https://www.digemid.minsa.gob.pe/webDigemid/disponibilidad-de-productos-farmaceuticos/2026/disponibilidad-de-productos-farmaceuticos-agosto-2026/,2026-09-22T14:26:34.751997
PE,Peru,DIGEMID,VACUNA CONTRA LA INFLUENZA HSUR - ADULTO 1 DOSIS INYECTABLE,VACUNA CONTRA LA INFLUENZA HSUR - ADULTO,1 DOSIS,,19199,,,,,shortage,INYECTABLE,,2026-08-31,2,2,https://www.digemid.minsa.gob.pe/webDigemid/disponibilidad-de-productos-farmaceuticos/2026/disponibilidad-de-productos-farmaceuticos-agosto-2026/,2026-09-22T14:26:34.751997
PE,Peru,DIGEMID,ESCOPOLAMINA BROMHIDRATO TRIHIDRATO 10 mg TABLETA,ESCOPOLAMINA BROMHIDRATO TRIHIDRATO,10 mg,,03202,,,,,shortage,TABLETA,,2026-08-31,2,1,https://www.digemid.minsa.gob.pe/webDigemid/disponibilidad-de-productos-farmaceuticos/2026/disponibilidad-de-productos-farmaceuticos-agosto-2026/,2026-09-22T14:26:34.751997
PE,Peru,DIGEMID,VACUNA CONTRA NEUMOCOCO 1 DOSIS INYECTABLE,VACUNA CONTRA NEUMOCOCO,1 DOSIS,,18537,,,,,shortage,INYECTABLE,,2026-08-31,2,1,https://www.digemid.minsa.gob.pe/webDigemid/disponibilidad-de-productos-farmaceuticos/2026/disponibilidad-de-productos-farmaceuticos-agosto-2026/,2026-09-22T14:26:34.751997
PE,Peru,DIGEMID,ETOPOSIDO 100 mg 5 mL INYECTABLE,ETOPOSIDO,100 mg 5 mL,,03353,,,,,shortage,INYECTABLE,,2026-08-31,2,2,https://www.digemid.minsa.gob.pe/webDigemid/disponibilidad-de-productos-farmaceuticos/2026/disponibilidad-de-productos-farmaceuticos-agosto-2026/,2026-09-22T14:26:34.751997
PE,Peru,DIGEMID,KETOROLACO 30 mg 2 mL INYECTABLE,KETOROLACO,30 mg 2 mL,,04249,,,,,shortage,INYECTABLE,,2026-08-31,2,2,https://www.digemid.minsa.gob.pe/webDigemid/disponibilidad-de-productos-farmaceuticos/2026/disponibilidad-de-productos-farmaceuticos-agosto-2026/,2026-09-22T14:26:34.751997
PE,Peru,DIGEMID,CICLOFOSFAMIDA 50 mg TABLETA,CICLOFOSFAMIDA,50 mg,,01780,,,,,shortage,TABLETA,,2026-08-31,2,2,https://www.digemid.minsa.gob.pe/webDigemid/disponibilidad-de-productos-farmaceuticos/2026/disponibilidad-de-productos-farmaceuticos-agosto-2026/,2026-09-22T14:26:34.751997
PE,Peru,DIGEMID,CALCIO CARBONATO + COLECALCIFEROL + MAGNESIO HIDROXIDO + ZINC GLUCONATO 750 mg + 100 UI + 400 mg + 52.30 mg/5 200 mL SUSPENSION,CALCIO CARBONATO + COLECALCIFEROL + MAGNESIO HIDROXIDO + ZINC GLUCONATO,750 mg + 100 UI + 400 mg + 52.30 mg/5 200 mL,,37417,,,,,shortage,SUSPENSION,,2026-08-31,2,1,https://www.digemid.minsa.gob.pe/webDigemid/disponibilidad-de-productos-farmaceuticos/2026/disponibilidad-de-productos-farmaceuticos-agosto-2026/,2026-09-22T14:26:34.751997
PE,Peru,DIGEMID,HIDROCORTISONA 20 mg TABLETA,HIDROCORTISONA,20 mg,,20475,,,,,shortage,TABLETA,,2026-08-31,2,2,https://www.digemid.minsa.gob.pe/webDigemid/disponibilidad-de-productos-farmaceuticos/2026/disponibilidad-de-productos-farmaceuticos-agosto-2026/,2026-09-22T14:26:34.751997
PE,Peru,DIGEMID,PEROXIDO DE HIDROGENO (AGUA OXIGENADA 10 V) 3 % 60 mL SOLUCION,PEROXIDO DE HIDROGENO (AGUA OXIGENADA 10 V),3 % 60 mL,,11572,,,,,shortage,SOLUCION,,2026-08-31,2,1,https://www.digemid.minsa.gob.pe/webDigemid/disponibilidad-de-productos-farmaceuticos/2026/disponibilidad-de-productos-farmaceuticos-agosto-2026/,2026-09-22T14:26:34.751997
PE,Peru,DIGEMID,SODIO FOSFATO DIBASICO + SODIO FOSFATO MONOBASICO (SOLUCION RECTAL) 5.28 g + 14.32 g/100 mL 133 mL SOLUCION,SODIO FOSFATO DIBASICO + SODIO FOSFATO MONOBASICO,5.28 g + 14.32 g/100 mL 133 mL,,05908,,,,,shortage,SOLUCION,,2026-08-31,2,1,https://www.digemid.minsa.gob.pe/webDigemid/disponibilidad-de-productos-farmaceuticos/2026/disponibilidad-de-productos-farmaceuticos-agosto-2026/,2026-09-22T14:26:34.751997
PE,Peru,DIGEMID,ERITROMICINA 250 mg/5 mL 50 mL SUSPENSION,ERITROMICINA,250 mg/5 mL 50 mL,,03181,,,,,shortage,SUSPENSION,,2026-08-31,2,1,https://www.digemid.minsa.gob.pe/webDigemid/disponibilidad-de-productos-farmaceuticos/2026/disponibilidad-de-productos-farmaceuticos-agosto-2026/,2026-09-22T14:26:34.751997
PE,Peru,DIGEMID,SOLUCION PARA DIALISIS PERITONEAL 1.5% 6 L SOLUCION,SOLUCION PARA DIALISIS PERITONEAL,1.5% 6 L,,54171,,,,,shortage,SOLUCION,,2026-08-31,2,1,https://www.digemid.minsa.gob.pe/webDigemid/disponibilidad-de-productos-farmaceuticos/2026/disponibilidad-de-productos-farmaceuticos-agosto-2026/,2026-09-22T14:26:34.751997
PE,Peru,DIGEMID,ADENOSINA 6 mg/2 mL 2 mL INYECTABLE,ADENOSINA,6 mg/2 mL 2 mL,,00234,,,,,shortage,INYECTABLE,,2026-08-31,2,2,https://www.digemid.minsa.gob.pe/webDigemid/disponibilidad-de-productos-farmaceuticos/2026/disponibilidad-de-productos-farmaceuticos-agosto-2026/,2026-09-22T14:26:34.751997
PE,Peru,DIGEMID,OXACILINA 500 mg INYECTABLE,OXACILINA,500 mg,,05212,,,,,shortage,INYECTABLE,,2026-08-31,2,2,https://www.digemid.minsa.gob.pe/webDigemid/disponibilidad-de-productos-farmaceuticos/2026/disponibilidad-de-productos-farmaceuticos-agosto-2026/,2026-09-22T14:26:34.751997
PE,Peru,DIGEMID,HIPROMELOSA (SOLUCION OFTALMICA) 20 mg/mL 3 mL SOLUCION,HIPROMELOSA,20 mg/mL 3 mL,,41025,,,,,shortage,SOLUCION,,2026-08-31,2,2,https://www.digemid.minsa.gob.pe/webDigemid/disponibilidad-de-productos-farmaceuticos/2026/disponibilidad-de-productos-farmaceuticos-agosto-2026/,2026-09-22T14:26:34.751997
PE,Peru,DIGEMID,OTROS ANTISEPTICOS Y DESINFECTANTES 1 L SOLUCION,OTROS ANTISEPTICOS Y DESINFECTANTES,1 L,,21797,,,,,shortage,SOLUCION,,2026-08-31,2,1,https://www.digemid.minsa.gob.pe/webDigemid/disponibilidad-de-productos-farmaceuticos/2026/disponibilidad-de-productos-farmaceuticos-agosto-2026/,2026-09-22T14:26:34.751997
PE,Peru,DIGEMID,PARACETAMOL 100 mg/mL 30 mL SOLUCION,PARACETAMOL,100 mg/mL 30 mL,,05289,,,,,shortage,SOLUCION,,2026-08-31,1,1,https://www.digemid.minsa.gob.pe/webDigemid/disponibilidad-de-productos-farmaceuticos/2026/disponibilidad-de-productos-farmaceuticos-agosto-2026/,2026-09-22T14:26:34.751997
PE,Peru,DIGEMID,SULFAMETOXAZOL + TRIMETOPRIMA + GUAIFENESINA 800 mg + 160 mg + 200 mg TABLETA,SULFAMETOXAZOL + TRIMETOPRIMA + GUAIFENESINA,800 mg + 160 mg + 200 mg,,03845,,,,,shortage,TABLETA,,2026-08-31,1,1,https://www.digemid.minsa.gob.pe/webDigemid/disponibilidad-de-productos-farmaceuticos/2026/disponibilidad-de-productos-farmaceuticos-agosto-2026/,2026-09-22T14:26:34.751997
PE,Peru,DIGEMID,LINEZOLID 2 mg/mL 300 mL INYECTABLE,LINEZOLID,2 mg/mL 300 mL,,04455,,,,,shortage,INYECTABLE,,2026-08-31,1,1,https://www.digemid.minsa.gob.pe/webDigemid/disponibilidad-de-productos-farmaceuticos/2026/disponibilidad-de-productos-farmaceuticos-agosto-2026/,2026-09-22T14:26:34.751997
PE,Peru,DIGEMID,VACUNA ANTIPOLIOMIELITICA 20 DOSIS INYECTABLE,VACUNA ANTIPOLIOMIELITICA,20 DOSIS,,21320,,,,,shortage,INYECTABLE,,2026-08-31,1,1,https://www.digemid.minsa.gob.pe/webDigemid/disponibilidad-de-productos-farmaceuticos/2026/disponibilidad-de-productos-farmaceuticos-agosto-2026/,2026-09-22T14:26:34.751997
PE,Peru,DIGEMID,TUBERCULINA - PPD 15 UI/1.5 mL INYECTABLE,TUBERCULINA - PPD,15 UI/1.5 mL,,19479,,,,,shortage,INYECTABLE,,2026-08-31,1,1,https://www.digemid.minsa.gob.pe/webDigemid/disponibilidad-de-productos-farmaceuticos/2026/disponibilidad-de-productos-farmaceuticos-agosto-2026/,2026-09-22T14:26:34.751997
PE,Peru,DIGEMID,FERROSO SULFATO 25 mg de Fe/mL 60 mL SOLUCION,FERROSO SULFATO,25 mg de Fe/mL 60 mL,,03538,,,,,shortage,SOLUCION,,2026-08-31,1,1,https://www.digemid.minsa.gob.pe/webDigemid/disponibilidad-de-productos-farmaceuticos/2026/disponibilidad-de-productos-farmaceuticos-agosto-2026/,2026-09-22T14:26:34.751997
PE,Peru,DIGEMID,METRONIDAZOL 125 mg/5 mL 100 mL SUSPENSION,METRONIDAZOL,125 mg/5 mL 100 mL,,04778,,,,,shortage,SUSPENSION,,2026-08-31,1,1,https://www.digemid.minsa.gob.pe/webDigemid/disponibilidad-de-productos-farmaceuticos/2026/disponibilidad-de-productos-farmaceuticos-agosto-2026/,2026-09-22T14:26:34.751997
PE,Peru,DIGEMID,CETIRIZINA 5 mg/5 mL 120 mL JARABE,CETIRIZINA,5 mg/5 mL 120 mL,,01732,,,,,shortage,JARABE,,2026-08-31,1,1,https://www.digemid.minsa.gob.pe/webDigemid/disponibilidad-de-productos-farmaceuticos/2026/disponibilidad-de-productos-farmaceuticos-agosto-2026/,2026-09-22T14:26:34.751997
PE,Peru,DIGEMID,LOSARTAN 25 mg TABLETA,LOSARTAN,25 mg,,04522,,,,,shortage,TABLETA,,2026-08-31,1,1,https://www.digemid.minsa.gob.pe/webDigemid/disponibilidad-de-productos-farmaceuticos/2026/disponibilidad-de-productos-farmaceuticos-agosto-2026/,2026-09-22T14:26:34.751997
PE,Peru,DIGEMID,SULFAMETOXAZOL + TRIMETOPRIMA 200 mg + 40 mg/5 mL 90 mL SUSPENSION,SULFAMETOXAZOL + TRIMETOPRIMA,200 mg + 40 mg/5 mL 90 mL,,05988,,,,,shortage,SUSPENSION,,2026-08-31,1,1,https://www.digemid.minsa.gob.pe/webDigemid/disponibilidad-de-productos-farmaceuticos/2026/disponibilidad-de-productos-farmaceuticos-agosto-2026/,2026-09-22T14:26:34.751997
PE,Peru,DIGEMID,MEDROXIPROGESTERONA ACETATO 500 mg 2.5 mL INYECTABLE,MEDROXIPROGESTERONA ACETATO,500 mg 2.5 mL,,04595,,,,,shortage,INYECTABLE,,2026-08-31,1,1,https://www.digemid.minsa.gob.pe/webDigemid/disponibilidad-de-productos-farmaceuticos/2026/disponibilidad-de-productos-farmaceuticos-agosto-2026/,2026-09-22T14:26:34.751997
PE,Peru,DIGEMID,ALUMINIO HIDROXIDO + MAGNESIO HIDROXIDO 300 - 400 mg/5 mL 150 mL SUSPENSION,ALUMINIO HIDROXIDO + MAGNESIO HIDROXIDO,300 - 400 mg/5 mL 150 mL,,00497,,,,,shortage,SUSPENSION,,2026-08-31,1,1,https://www.digemid.minsa.gob.pe/webDigemid/disponibilidad-de-productos-farmaceuticos/2026/disponibilidad-de-productos-farmaceuticos-agosto-2026/,2026-09-22T14:26:34.751997
PE,Peru,DIGEMID,COMBINACIONES DE ELECTROLITOS ORALES 500 mL SOLUCION,COMBINACIONES DE ELECTROLITOS ORALES,500 mL,,33890,,,,,shortage,SOLUCION,,2026-08-31,1,1,https://www.digemid.minsa.gob.pe/webDigemid/disponibilidad-de-productos-farmaceuticos/2026/disponibilidad-de-productos-farmaceuticos-agosto-2026/,2026-09-22T14:26:34.751997
PE,Peru,DIGEMID,DEXAMETASONA 2 mg/5 mL 120 mL SOLUCION,DEXAMETASONA,2 mg/5 mL 120 mL,,21713,,,,,shortage,SOLUCION,,2026-08-31,1,1,https://www.digemid.minsa.gob.pe/webDigemid/disponibilidad-de-productos-farmaceuticos/2026/disponibilidad-de-productos-farmaceuticos-agosto-2026/,2026-09-22T14:26:34.751997
PE,Peru,DIGEMID,HIPROMELOSA (SOLUCION OFTALMICA) 3 mg/mL 15 mL SOLUCION,HIPROMELOSA,3 mg/mL 15 mL,,04000,,,,,shortage,SOLUCION,,2026-08-31,1,1,https://www.digemid.minsa.gob.pe/webDigemid/disponibilidad-de-productos-farmaceuticos/2026/disponibilidad-de-productos-farmaceuticos-agosto-2026/,2026-09-22T14:26:34.751997
PE,Peru,DIGEMID,PEGASPARGASA 750 UI/mL 5 mL INYECTABLE,PEGASPARGASA,750 UI/mL 5 mL,,52014,,,,,shortage,INYECTABLE,,2026-08-31,1,1,https://www.digemid.minsa.gob.pe/webDigemid/disponibilidad-de-productos-farmaceuticos/2026/disponibilidad-de-productos-farmaceuticos-agosto-2026/,2026-09-22T14:26:34.751997
PE,Peru,DIGEMID,TICAGRELOR 90 mg TABLETA,TICAGRELOR,90 mg,,28350,,,,,shortage,TABLETA,,2026-08-31,1,1,https://www.digemid.minsa.gob.pe/webDigemid/disponibilidad-de-productos-farmaceuticos/2026/disponibilidad-de-productos-farmaceuticos-agosto-2026/,2026-09-22T14:26:34.751997
PE,Peru,DIGEMID,OXICODONA (TABLETA LIBERACION MODIFICADA) 10 mg TABLETA,OXICODONA,10 mg,,05231,,,,,shortage,TABLETA,,2026-08-31,1,1,https://www.digemid.minsa.gob.pe/webDigemid/disponibilidad-de-productos-farmaceuticos/2026/disponibilidad-de-productos-farmaceuticos-agosto-2026/,2026-09-22T14:26:34.751997
PE,Peru,DIGEMID,LEVETIRACETAM 1 g TABLETA,LEVETIRACETAM,1 g,,28607,,,,,shortage,TABLETA,,2026-08-31,1,1,https://www.digemid.minsa.gob.pe/webDigemid/disponibilidad-de-productos-farmaceuticos/2026/disponibilidad-de-productos-farmaceuticos-agosto-2026/,2026-09-22T14:26:34.751997
PE,Peru,DIGEMID,AMOXICILINA 125 mg/5 mL 120 mL SUSPENSION,AMOXICILINA,125 mg/5 mL 120 mL,,00779,,,,,shortage,SUSPENSION,,2026-08-31,1,1,https://www.digemid.minsa.gob.pe/webDigemid/disponibilidad-de-productos-farmaceuticos/2026/disponibilidad-de-productos-farmaceuticos-agosto-2026/,2026-09-22T14:26:34.751997
PE,Peru,DIGEMID,CLOBETASOL PROPIONATO 50 mg/100 g 25 g UNGÜENTO,CLOBETASOL PROPIONATO,50 mg/100 g 25 g,,50164,,,,,shortage,UNGUENTO,,2026-08-31,1,1,https://www.digemid.minsa.gob.pe/webDigemid/disponibilidad-de-productos-farmaceuticos/2026/disponibilidad-de-productos-farmaceuticos-agosto-2026/,2026-09-22T14:26:34.751997
PE,Peru,DIGEMID,DEXTROSA 5 g/100 mL (5 %) CIRCUITO CERRADO 100 mL INYECTABLE,DEXTROSA,5 g/100 mL (5 %) CIRCUITO CERRADO 100 mL,,28147,,,,,shortage,INYECTABLE,,2026-08-31,1,1,https://www.digemid.minsa.gob.pe/webDigemid/disponibilidad-de-productos-farmaceuticos/2026/disponibilidad-de-productos-farmaceuticos-agosto-2026/,2026-09-22T14:26:34.751997
PE,Peru,DIGEMID,APIXABAN 5 mg TABLETA,APIXABAN,5 mg,,52803,,,,,shortage,TABLETA,,2026-08-31,1,1,https://www.digemid.minsa.gob.pe/webDigemid/disponibilidad-de-productos-farmaceuticos/2026/disponibilidad-de-productos-farmaceuticos-agosto-2026/,2026-09-22T14:26:34.751997
PE,Peru,DIGEMID,REMIFENTANILO 2 mg 2 mL INYECTABLE,REMIFENTANILO,2 mg 2 mL,,05666,,,,,shortage,INYECTABLE,,2026-08-31,1,1,https://www.digemid.minsa.gob.pe/webDigemid/disponibilidad-de-productos-farmaceuticos/2026/disponibilidad-de-productos-farmaceuticos-agosto-2026/,2026-09-22T14:26:34.751997
PE,Peru,DIGEMID,MITOMICINA 2 mg INYECTABLE,MITOMICINA,2 mg,,22688,,,,,shortage,INYECTABLE,,2026-08-31,1,1,https://www.digemid.minsa.gob.pe/webDigemid/disponibilidad-de-productos-farmaceuticos/2026/disponibilidad-de-productos-farmaceuticos-agosto-2026/,2026-09-22T14:26:34.751997
PE,Peru,DIGEMID,AMPICILINA (COMO SAL SODICA) CON DILUYENTE 500 mg INYECTABLE,AMPICILINA (COMO SAL SODICA) CON DILUYENTE,500 mg,,21574,,,,,shortage,INYECTABLE,,2026-08-31,1,1,https://www.digemid.minsa.gob.pe/webDigemid/disponibilidad-de-productos-farmaceuticos/2026/disponibilidad-de-productos-farmaceuticos-agosto-2026/,2026-09-22T14:26:34.751997
PE,Peru,DIGEMID,BEVACIZUMAB 25 mg/mL 16 mL INYECTABLE,BEVACIZUMAB,25 mg/mL 16 mL,,18092,,,,,shortage,INYECTABLE,,2026-08-31,1,1,https://www.digemid.minsa.gob.pe/webDigemid/disponibilidad-de-productos-farmaceuticos/2026/disponibilidad-de-productos-farmaceuticos-agosto-2026/,2026-09-22T14:26:34.751997
PE,Peru,DIGEMID,PROPOFOL 10 mg/mL (1 %) 20 mL INYECTABLE,PROPOFOL,10 mg/mL (1 %) 20 mL,,05626,,,,,shortage,INYECTABLE,,2026-08-31,1,1,https://www.digemid.minsa.gob.pe/webDigemid/disponibilidad-de-productos-farmaceuticos/2026/disponibilidad-de-productos-farmaceuticos-agosto-2026/,2026-09-22T14:26:34.751997
PE,Peru,DIGEMID,HALOPERIDOL 2 mg/mL 15 mL SOLUCION,HALOPERIDOL,2 mg/mL 15 mL,,03877,,,,,shortage,SOLUCION,,2026-08-31,1,1,https://www.digemid.minsa.gob.pe/webDigemid/disponibilidad-de-productos-farmaceuticos/2026/disponibilidad-de-productos-farmaceuticos-agosto-2026/,2026-09-22T14:26:34.751997
PE,Peru,DIGEMID,LIDOCAINA CLORHIDRATO 10 g/100 g 60 g AEROSOL,LIDOCAINA CLORHIDRATO,10 g/100 g 60 g,,19406,,,,,shortage,AEROSOL,,2026-08-31,1,1,https://www.digemid.minsa.gob.pe/webDigemid/disponibilidad-de-productos-farmaceuticos/2026/disponibilidad-de-productos-farmaceuticos-agosto-2026/,2026-09-22T14:26:34.751997
PE,Peru,DIGEMID,GLICERINA 120 mL SOLUCION,GLICERINA,120 mL,,18201,,,,,shortage,SOLUCION,,2026-08-31,1,1,https://www.digemid.minsa.gob.pe/webDigemid/disponibilidad-de-productos-farmaceuticos/2026/disponibilidad-de-productos-farmaceuticos-agosto-2026/,2026-09-22T14:26:34.751997
PE,Peru,DIGEMID,DASATINIB 70 mg TABLETA,DASATINIB,70 mg,,22681,,,,,shortage,TABLETA,,2026-08-31,1,1,https://www.digemid.minsa.gob.pe/webDigemid/disponibilidad-de-productos-farmaceuticos/2026/disponibilidad-de-productos-farmaceuticos-agosto-2026/,2026-09-22T14:26:34.751997
PE,Peru,DIGEMID,MILTEFOSINA - 10 mg TABLETA,MILTEFOSINA,10 mg,,55565,,,,,shortage,TABLETA,,2026-08-31,1,1,https://www.digemid.minsa.gob.pe/webDigemid/disponibilidad-de-productos-farmaceuticos/2026/disponibilidad-de-productos-farmaceuticos-agosto-2026/,2026-09-22T14:26:34.751997
PE,Peru,DIGEMID,VACUNA ANTIVARICELA 1400 UFP 0.7 mL INYECTABLE,VACUNA ANTIVARICELA,1400 UFP 0.7 mL,,38268,,,,,shortage,INYECTABLE,,2026-08-31,1,1,https://www.digemid.minsa.gob.pe/webDigemid/disponibilidad-de-productos-farmaceuticos/2026/disponibilidad-de-productos-farmaceuticos-agosto-2026/,2026-09-22T14:26:34.751997
PE,Peru,DIGEMID,BICALUTAMIDA 150 mg TABLETA,BICALUTAMIDA,150 mg,,01228,,,,,shortage,TABLETA,,2026-08-31,1,1,https://www.digemid.minsa.gob.pe/webDigemid/disponibilidad-de-productos-farmaceuticos/2026/disponibilidad-de-productos-farmaceuticos-agosto-2026/,2026-09-22T14:26:34.751997
PE,Peru,DIGEMID,NAFAZOLINA (SOLUCION OFTALMICA) 125 ug/mL 15 mL SOLUCION,NAFAZOLINA,125 ug/mL 15 mL,,26064,,,,,shortage,SOLUCION,,2026-08-31,1,1,https://www.digemid.minsa.gob.pe/webDigemid/disponibilidad-de-productos-farmaceuticos/2026/disponibilidad-de-productos-farmaceuticos-agosto-2026/,2026-09-22T14:26:34.751997
PE,Peru,DIGEMID,MESALAZINA 1 g GRANULOS,MESALAZINA,1 g,,28370,,,,,shortage,GRANULOS,,2026-08-31,1,1,https://www.digemid.minsa.gob.pe/webDigemid/disponibilidad-de-productos-farmaceuticos/2026/disponibilidad-de-productos-farmaceuticos-agosto-2026/,2026-09-22T14:26:34.751997
PE,Peru,DIGEMID,"SOLUCION PARA NUTRICION PARENTERAL EN BOLSA DE TRES CAMARAS PRELLENADO CON 70 g AMINOACIDOS,180 g GLUCOSA, 50 g LIPI - 1250 mL INYECTABLE",SOLUCION PARA NUTRICION PARENTERAL EN BOLSA DE TRES CAMARAS PRELLENADO CON,"70 g AMINOACIDOS,180 g GLUCOSA, 50 g LIPI - 1250 mL",,55051,,,,,shortage,INYECTABLE,,2026-08-31,1,1,https://www.digemid.minsa.gob.pe/webDigemid/disponibilidad-de-productos-farmaceuticos/2026/disponibilidad-de-productos-farmaceuticos-agosto-2026/,2026-09-22T14:26:34.751997
PE,Peru,DIGEMID,GLICLAZIDA (TABLETA DE LIBERACION MODIFICADA) 30 mg TABLETA,GLICLAZIDA,30 mg,,41524,,,,,shortage,TABLETA,,2026-08-31,1,1,https://www.digemid.minsa.gob.pe/webDigemid/disponibilidad-de-productos-farmaceuticos/2026/disponibilidad-de-productos-farmaceuticos-agosto-2026/,2026-09-22T14:26:34.751997
PE,Peru,DIGEMID,SEVOFLURANO 100 mL/100 mL 250 mL SOLUCION,SEVOFLURANO,100 mL/100 mL 250 mL,,05809,,,,,shortage,SOLUCION,,2026-08-31,1,1,https://www.digemid.minsa.gob.pe/webDigemid/disponibilidad-de-productos-farmaceuticos/2026/disponibilidad-de-productos-farmaceuticos-agosto-2026/,2026-09-22T14:26:34.751997
PE,Peru,DIGEMID,VACUNA ANTIAMARILICA 1000 DL/0.5 mL 1 DOSIS INYECTABLE,VACUNA ANTIAMARILICA,1000 DL/0.5 mL 1 DOSIS,,06376,,,,,shortage,INYECTABLE,,2026-08-31,1,1,https://www.digemid.minsa.gob.pe/webDigemid/disponibilidad-de-productos-farmaceuticos/2026/disponibilidad-de-productos-farmaceuticos-agosto-2026/,2026-09-22T14:26:34.751997
PE,Peru,DIGEMID,ERITROMICINA 400 mg/5 mL 60 mL SOLUCION,ERITROMICINA,400 mg/5 mL 60 mL,,03187,,,,,shortage,SOLUCION,,2026-08-31,1,1,https://www.digemid.minsa.gob.pe/webDigemid/disponibilidad-de-productos-farmaceuticos/2026/disponibilidad-de-productos-farmaceuticos-agosto-2026/,2026-09-22T14:26:34.751997
PE,Peru,DIGEMID,IDARUBICINA 5 mg INYECTABLE,IDARUBICINA,5 mg,,04038,,,,,shortage,INYECTABLE,,2026-08-31,1,1,https://www.digemid.minsa.gob.pe/webDigemid/disponibilidad-de-productos-farmaceuticos/2026/disponibilidad-de-productos-farmaceuticos-agosto-2026/,2026-09-22T14:26:34.751997
PE,Peru,DIGEMID,CICLOSPORINA 100 mg/mL 50 mL SOLUCION,CICLOSPORINA,100 mg/mL 50 mL,,01793,,,,,shortage,SOLUCION,,2026-08-31,1,1,https://www.digemid.minsa.gob.pe/webDigemid/disponibilidad-de-productos-farmaceuticos/2026/disponibilidad-de-productos-farmaceuticos-agosto-2026/,2026-09-22T14:26:34.751997
PE,Peru,DIGEMID,POLVO DE PANCREAS 25000 UI TABLETA,POLVO DE PANCREAS,25000 UI,,05545,,,,,shortage,TABLETA,,2026-08-31,1,1,https://www.digemid.minsa.gob.pe/webDigemid/disponibilidad-de-productos-farmaceuticos/2026/disponibilidad-de-productos-farmaceuticos-agosto-2026/,2026-09-22T14:26:34.751997
PE,Peru,DIGEMID,IMATINIB (COMO MESILATO) 100 mg TABLETA,IMATINIB (COMO MESILATO),100 mg,,04043,,,,,shortage,TABLETA,,2026-08-31,1,1,https://www.digemid.minsa.gob.pe/webDigemid/disponibilidad-de-productos-farmaceuticos/2026/disponibilidad-de-productos-farmaceuticos-agosto-2026/,2026-09-22T14:26:34.751997
PE,Peru,DIGEMID,BENFOTIAMINA 150 mg TABLETA,BENFOTIAMINA,150 mg,,31653,,,,,shortage,TABLETA,,2026-08-31,1,1,https://www.digemid.minsa.gob.pe/webDigemid/disponibilidad-de-productos-farmaceuticos/2026/disponibilidad-de-productos-farmaceuticos-agosto-2026/,2026-09-22T14:26:34.751997
PE,Peru,DIGEMID,ADALIMUMAB 40 mg 0.8 mL INYECTABLE,ADALIMUMAB,40 mg 0.8 mL,,19705,,,,,shortage,INYECTABLE,,2026-08-31,1,1,https://www.digemid.minsa.gob.pe/webDigemid/disponibilidad-de-productos-farmaceuticos/2026/disponibilidad-de-productos-farmaceuticos-agosto-2026/,2026-09-22T14:26:34.751997
PE,Peru,DIGEMID,VORICONAZOL 200 mg TABLETA,VORICONAZOL,200 mg,,18074,,,,,shortage,TABLETA,,2026-08-31,1,1,https://www.digemid.minsa.gob.pe/webDigemid/disponibilidad-de-productos-farmaceuticos/2026/disponibilidad-de-productos-farmaceuticos-agosto-2026/,2026-09-22T14:26:34.751997
PE,Peru,DIGEMID,CISPLATINO 1 mg/mL 50 mL INYECTABLE,CISPLATINO,1 mg/mL 50 mL,,01869,,,,,shortage,INYECTABLE,,2026-08-31,1,1,https://www.digemid.minsa.gob.pe/webDigemid/disponibilidad-de-productos-farmaceuticos/2026/disponibilidad-de-productos-farmaceuticos-agosto-2026/,2026-09-22T14:26:34.751997
PE,Peru,DIGEMID,DEXKETOPROFENO (SOL ORAL) 25mg/10mL 10 ml SOLUCION,DEXKETOPROFENO (SOL ORAL),25mg/10mL 10 ml,,51080,,,,,shortage,SOLUCION,,2026-08-31,1,1,https://www.digemid.minsa.gob.pe/webDigemid/disponibilidad-de-productos-farmaceuticos/2026/disponibilidad-de-productos-farmaceuticos-agosto-2026/,2026-09-22T14:26:34.751997
PE,Peru,DIGEMID,ESTIBOGLUCONATO SODICO Equiv. a 100 mg antimonio pentavalent 5 mL INYECTABLE,ESTIBOGLUCONATO SODICO Equiv. a,100 mg antimonio pentavalent 5 mL,,03231,,,,,shortage,INYECTABLE,,2026-08-31,1,1,https://www.digemid.minsa.gob.pe/webDigemid/disponibilidad-de-productos-farmaceuticos/2026/disponibilidad-de-productos-farmaceuticos-agosto-2026/,2026-09-22T14:26:34.751997
PE,Peru,DIGEMID,BENRALIZUMAB,BENRALIZUMAB,,,55008,,,,,shortage,INYECTABLE,,2026-08-31,1,1,https://www.digemid.minsa.gob.pe/webDigemid/disponibilidad-de-productos-farmaceuticos/2026/disponibilidad-de-productos-farmaceuticos-agosto-2026/,2026-09-22T14:26:34.751997
PE,Peru,DIGEMID,OXIBUTININA CLORHIDRATO 5 mg TABLETA,OXIBUTININA CLORHIDRATO,5 mg,,05229,,,,,shortage,TABLETA,,2026-08-31,1,1,https://www.digemid.minsa.gob.pe/webDigemid/disponibilidad-de-productos-farmaceuticos/2026/disponibilidad-de-productos-farmaceuticos-agosto-2026/,2026-09-22T14:26:34.751997
PE,Peru,DIGEMID,INMUNOGLOBULINA HUMANA NORMAL 5 g/100 mL 50 mL INYECTABLE,INMUNOGLOBULINA HUMANA NORMAL,5 g/100 mL 50 mL,,04079,,,,,shortage,INYECTABLE,,2026-08-31,1,1,https://www.digemid.minsa.gob.pe/webDigemid/disponibilidad-de-productos-farmaceuticos/2026/disponibilidad-de-productos-farmaceuticos-agosto-2026/,2026-09-22T14:26:34.751997
PE,Peru,DIGEMID,FORMULA MODULAR PROTEICA LIQUIDA CON VITAMINAS X 900 mL SOLUCION,FORMULA MODULAR PROTEICA LIQUIDA CON VITAMINAS X,900 mL,,49674,,,,,shortage,SOLUCION,,2026-08-31,1,1,https://www.digemid.minsa.gob.pe/webDigemid/disponibilidad-de-productos-farmaceuticos/2026/disponibilidad-de-productos-farmaceuticos-agosto-2026/,2026-09-22T14:26:34.751997
PE,Peru,DIGEMID,LANATOSIDO C 200 µg/ mL 2 mL INYECTABLE,LANATOSIDO C,200 µg/ mL 2 mL,,04333,,,,,shortage,INYECTABLE,,2026-08-31,1,1,https://www.digemid.minsa.gob.pe/webDigemid/disponibilidad-de-productos-farmaceuticos/2026/disponibilidad-de-productos-farmaceuticos-agosto-2026/,2026-09-22T14:26:34.751997
PE,Peru,DIGEMID,LACTULOSA 3.33 g/5 mL 120 mL SOLUCION,LACTULOSA,3.33 g/5 mL 120 mL,,04289,,,,,shortage,SOLUCION,,2026-08-31,1,1,https://www.digemid.minsa.gob.pe/webDigemid/disponibilidad-de-productos-farmaceuticos/2026/disponibilidad-de-productos-farmaceuticos-agosto-2026/,2026-09-22T14:26:34.751997
PE,Peru,DIGEMID,ONDANSETRON (COMO CLORHIDRATO ) 2 mg/mL 4 mL INYECTABLE,ONDANSETRON (COMO CLORHIDRATO ),2 mg/mL 4 mL,,31891,,,,,shortage,INYECTABLE,,2026-08-31,1,1,https://www.digemid.minsa.gob.pe/webDigemid/disponibilidad-de-productos-farmaceuticos/2026/disponibilidad-de-productos-farmaceuticos-agosto-2026/,2026-09-22T14:26:34.751997
PE,Peru,DIGEMID,FLUORESCEINA SODICA 100 mg/mL (10 %) 5 mL INYECTABLE,FLUORESCEINA SODICA,100 mg/mL (10 %) 5 mL,,03614,,,,,shortage,INYECTABLE,,2026-08-31,1,1,https://www.digemid.minsa.gob.pe/webDigemid/disponibilidad-de-productos-farmaceuticos/2026/disponibilidad-de-productos-farmaceuticos-agosto-2026/,2026-09-22T14:26:34.751997
PE,Peru,DIGEMID,INMUNOGLOBULINA ANTITETANICA 250 UI 2.5 mL INYECTABLE,INMUNOGLOBULINA ANTITETANICA,250 UI 2.5 mL,,04061,,,,,shortage,INYECTABLE,,2026-08-31,1,1,https://www.digemid.minsa.gob.pe/webDigemid/disponibilidad-de-productos-farmaceuticos/2026/disponibilidad-de-productos-farmaceuticos-agosto-2026/,2026-09-22T14:26:34.751997
PE,Peru,DIGEMID,ALCOHOL YODADO 1 g/100 mL 1 L SOLUCION,ALCOHOL YODADO,1 g/100 mL 1 L,,10237,,,,,shortage,SOLUCION,,2026-08-31,1,1,https://www.digemid.minsa.gob.pe/webDigemid/disponibilidad-de-productos-farmaceuticos/2026/disponibilidad-de-productos-farmaceuticos-agosto-2026/,2026-09-22T14:26:34.751997
PE,Peru,DIGEMID,MERCAPTOPURINA 50 mg TABLETA,MERCAPTOPURINA,50 mg,,04665,,,,,shortage,TABLETA,,2026-08-31,1,1,https://www.digemid.minsa.gob.pe/webDigemid/disponibilidad-de-productos-farmaceuticos/2026/disponibilidad-de-productos-farmaceuticos-agosto-2026/,2026-09-22T14:26:34.751997
PE,Peru,DIGEMID,APREPITANT + APREPITANT 125 mg + 80 mg TABLETA,APREPITANT + APREPITANT,125 mg + 80 mg,,18034,,,,,shortage,TABLETA,,2026-08-31,1,1,https://www.digemid.minsa.gob.pe/webDigemid/disponibilidad-de-productos-farmaceuticos/2026/disponibilidad-de-productos-farmaceuticos-agosto-2026/,2026-09-22T14:26:34.751997
PE,Peru,DIGEMID,CAFEINA CITRATO 20 mg/mL 1 mL INYECTABLE,CAFEINA CITRATO,20 mg/mL 1 mL,,29001,,,,,shortage,INYECTABLE,,2026-08-31,1,1,https://www.digemid.minsa.gob.pe/webDigemid/disponibilidad-de-productos-farmaceuticos/2026/disponibilidad-de-productos-farmaceuticos-agosto-2026/,2026-09-22T14:26:34.751997
PE,Peru,DIGEMID,PRAMIPEXOL 1 mg TABLETA,PRAMIPEXOL,1 mg,,05563,,,,,shortage,TABLETA,,2026-08-31,1,1,https://www.digemid.minsa.gob.pe/webDigemid/disponibilidad-de-productos-farmaceuticos/2026/disponibilidad-de-productos-farmaceuticos-agosto-2026/,2026-09-22T14:26:34.751997
PE,Peru,DIGEMID,METILPREDNISOLONA 500 mg 10 mL INYECTABLE,METILPREDNISOLONA,500 mg 10 mL,,23873,,,,,shortage,INYECTABLE,,2026-08-31,1,1,https://www.digemid.minsa.gob.pe/webDigemid/disponibilidad-de-productos-farmaceuticos/2026/disponibilidad-de-productos-farmaceuticos-agosto-2026/,2026-09-22T14:26:34.751997
PE,Peru,DIGEMID,ALCOHOL ETILICO (ETANOL) 70% 500 mL GEL,ALCOHOL ETILICO (ETANOL),70% 500 mL,,44063,,,,,shortage,GEL,,2026-08-31,1,1,https://www.digemid.minsa.gob.pe/webDigemid/disponibilidad-de-productos-farmaceuticos/2026/disponibilidad-de-productos-farmaceuticos-agosto-2026/,2026-09-22T14:26:34.751997
PE,Peru,DIGEMID,BUDESONIDA 100 µg/DOSIS 200 DOSIS SUSPENSION,BUDESONIDA,100 µg/DOSIS 200 DOSIS,,53074,,,,,shortage,SUSPENSION,,2026-08-31,1,1,https://www.digemid.minsa.gob.pe/webDigemid/disponibilidad-de-productos-farmaceuticos/2026/disponibilidad-de-productos-farmaceuticos-agosto-2026/,2026-09-22T14:26:34.751997
PE,Peru,DIGEMID,MEMANTINA 10 mg TABLETA,MEMANTINA,10 mg,,18377,,,,,shortage,TABLETA,,2026-08-31,1,1,https://www.digemid.minsa.gob.pe/webDigemid/disponibilidad-de-productos-farmaceuticos/2026/disponibilidad-de-productos-farmaceuticos-agosto-2026/,2026-09-22T14:26:34.751997
PE,Peru,DIGEMID,FENILEFRINA (SOLUCION OFTALMICA) 100 mg/mL 10 mL SOLUCION,FENILEFRINA,100 mg/mL 10 mL,,03424,,,,,shortage,SOLUCION,,2026-08-31,1,1,https://www.digemid.minsa.gob.pe/webDigemid/disponibilidad-de-productos-farmaceuticos/2026/disponibilidad-de-productos-farmaceuticos-agosto-2026/,2026-09-22T14:26:34.751997
PE,Peru,DIGEMID,AGALSIDASA BETA 35 mg INYECTABLE,AGALSIDASA BETA,35 mg,,19707,,,,,shortage,INYECTABLE,,2026-08-31,1,1,https://www.digemid.minsa.gob.pe/webDigemid/disponibilidad-de-productos-farmaceuticos/2026/disponibilidad-de-productos-farmaceuticos-agosto-2026/,2026-09-22T14:26:34.751997
PE,Peru,DIGEMID,ALECTINIB 150 mg TABLETA,ALECTINIB,150 mg,,42365,,,,,shortage,TABLETA,,2026-08-31,1,1,https://www.digemid.minsa.gob.pe/webDigemid/disponibilidad-de-productos-farmaceuticos/2026/disponibilidad-de-productos-farmaceuticos-agosto-2026/,2026-09-22T14:26:34.751997
PE,Peru,DIGEMID,AMBROXOL 30 mg/5 mL 120 mL JARABE,AMBROXOL,30 mg/5 mL 120 mL,,00592,,,,,shortage,JARABE,,2026-08-31,1,1,https://www.digemid.minsa.gob.pe/webDigemid/disponibilidad-de-productos-farmaceuticos/2026/disponibilidad-de-productos-farmaceuticos-agosto-2026/,2026-09-22T14:26:34.751997
PE,Peru,DIGEMID,VALPROATO SODICO 200 mg/mL 40 mL SOLUCION,VALPROATO SODICO,200 mg/mL 40 mL,,06448,,,,,shortage,SOLUCION,,2026-08-31,1,1,https://www.digemid.minsa.gob.pe/webDigemid/disponibilidad-de-productos-farmaceuticos/2026/disponibilidad-de-productos-farmaceuticos-agosto-2026/,2026-09-22T14:26:34.751997
PE,Peru,DIGEMID,FORMULA MODULAR PROTEICA LIQUIDA X 900 mL SOLUCION,FORMULA MODULAR PROTEICA LIQUIDA X,900 mL,,48044,,,,,shortage,SOLUCION,,2026-08-31,1,1,https://www.digemid.minsa.gob.pe/webDigemid/disponibilidad-de-productos-farmaceuticos/2026/disponibilidad-de-productos-farmaceuticos-agosto-2026/,2026-09-22T14:26:34.751997
PE,Peru,DIGEMID,CLORANFENICOL (COMO SUCCINATO SODICO) 1 g INYECTABLE,CLORANFENICOL (COMO SUCCINATO SODICO),1 g,,02031,,,,,shortage,INYECTABLE,,2026-08-31,1,1,https://www.digemid.minsa.gob.pe/webDigemid/disponibilidad-de-productos-farmaceuticos/2026/disponibilidad-de-productos-farmaceuticos-agosto-2026/,2026-09-22T14:26:34.751997
PE,Peru,DIGEMID,RITUXIMAB 100 mg/10 mL 10 mL INYECTABLE,RITUXIMAB,100 mg/10 mL 10 mL,,05700,,,,,shortage,INYECTABLE,,2026-08-31,1,1,https://www.digemid.minsa.gob.pe/webDigemid/disponibilidad-de-productos-farmaceuticos/2026/disponibilidad-de-productos-farmaceuticos-agosto-2026/,2026-09-22T14:26:34.751997
PE,Peru,DIGEMID,IODURO DE SODIO I-131 37 A 7400 MBq (1 a 200 mCi) TABLETA,IODURO DE SODIO I-131,37 A 7400 MBq (1 a 200 mCi),,52281,,,,,shortage,TABLETA,,2026-08-31,1,1,https://www.digemid.minsa.gob.pe/webDigemid/disponibilidad-de-productos-farmaceuticos/2026/disponibilidad-de-productos-farmaceuticos-agosto-2026/,2026-09-22T14:26:34.751997
PE,Peru,DIGEMID,ERLOTINIB (COMO CLORHIDRATO) 150 mg TABLETA,ERLOTINIB (COMO CLORHIDRATO),150 mg,,18622,,,,,shortage,TABLETA,,2026-08-31,1,1,https://www.digemid.minsa.gob.pe/webDigemid/disponibilidad-de-productos-farmaceuticos/2026/disponibilidad-de-productos-farmaceuticos-agosto-2026/,2026-09-22T14:26:34.751997
PE,Peru,DIGEMID,LEUPRORELINA ACETATO 3.75 mg INYECTABLE,LEUPRORELINA ACETATO,3.75 mg,,04350,,,,,shortage,INYECTABLE,,2026-08-31,1,1,https://www.digemid.minsa.gob.pe/webDigemid/disponibilidad-de-productos-farmaceuticos/2026/disponibilidad-de-productos-farmaceuticos-agosto-2026/,2026-09-22T14:26:34.751997
PE,Peru,DIGEMID,DANAZOL 200 mg TABLETA,DANAZOL,200 mg,,02554,,,,,shortage,TABLETA,,2026-08-31,1,1,https://www.digemid.minsa.gob.pe/webDigemid/disponibilidad-de-productos-farmaceuticos/2026/disponibilidad-de-productos-farmaceuticos-agosto-2026/,2026-09-22T14:26:34.751997
PE,Peru,DIGEMID,INSULINA GLARGINA 100 UI/mL 3 mL INYECTABLE,INSULINA GLARGINA,100 UI/mL 3 mL,,04082,,,,,shortage,INYECTABLE,,2026-08-31,1,1,https://www.digemid.minsa.gob.pe/webDigemid/disponibilidad-de-productos-farmaceuticos/2026/disponibilidad-de-productos-farmaceuticos-agosto-2026/,2026-09-22T14:26:34.751997
PE,Peru,DIGEMID,DEXTROSA 5 g/100 mL (5 %) CIRCUITO CERRADO 500 mL INYECTABLE,DEXTROSA,5 g/100 mL (5 %) CIRCUITO CERRADO 500 mL,,26365,,,,,shortage,INYECTABLE,,2026-08-31,1,1,https://www.digemid.minsa.gob.pe/webDigemid/disponibilidad-de-productos-farmaceuticos/2026/disponibilidad-de-productos-farmaceuticos-agosto-2026/,2026-09-22T14:26:34.751997
PE,Peru,DIGEMID,DIOXIDO DE CARBONO MEDICINAL GAS 25 kg GAS,DIOXIDO DE CARBONO MEDICINAL GAS,25 kg,,46007,,,,,shortage,GAS,,2026-08-31,1,1,https://www.digemid.minsa.gob.pe/webDigemid/disponibilidad-de-productos-farmaceuticos/2026/disponibilidad-de-productos-farmaceuticos-agosto-2026/,2026-09-22T14:26:34.751997
PE,Peru,DIGEMID,VINCRISTINA SULFATO 1 mg/mL 1 mL INYECTABLE,VINCRISTINA SULFATO,1 mg/mL 1 mL,,17767,,,,,shortage,INYECTABLE,,2026-08-31,1,1,https://www.digemid.minsa.gob.pe/webDigemid/disponibilidad-de-productos-farmaceuticos/2026/disponibilidad-de-productos-farmaceuticos-agosto-2026/,2026-09-22T14:26:34.751997
PE,Peru,DIGEMID,SOLUCION PARA HEMOFILTRACION CON BICARBONATO 5 L SOLUCION,SOLUCION PARA HEMOFILTRACION CON BICARBONATO,5 L,,38623,,,,,shortage,SOLUCION,,2026-08-31,1,1,https://www.digemid.minsa.gob.pe/webDigemid/disponibilidad-de-productos-farmaceuticos/2026/disponibilidad-de-productos-farmaceuticos-agosto-2026/,2026-09-22T14:26:34.751997
PE,Peru,DIGEMID,CODEINA + PARACETAMOL 30 mg + 325 mg TABLETA,CODEINA + PARACETAMOL,30 mg + 325 mg,,18067,,,,,shortage,TABLETA,,2026-08-31,1,1,https://www.digemid.minsa.gob.pe/webDigemid/disponibilidad-de-productos-farmaceuticos/2026/disponibilidad-de-productos-farmaceuticos-agosto-2026/,2026-09-22T14:26:34.751997
PE,Peru,DIGEMID,DEXAMETASONA + TOBRAMICINA (UNGÜENTO OFTALMICO) 100 mg + 300 mg/100 g 3.5 g UNGÜENTO,DEXAMETASONA + TOBRAMICINA,100 mg + 300 mg/100 g 3.5 g,,21842,,,,,shortage,UNGUENTO,,2026-08-31,1,1,https://www.digemid.minsa.gob.pe/webDigemid/disponibilidad-de-productos-farmaceuticos/2026/disponibilidad-de-productos-farmaceuticos-agosto-2026/,2026-09-22T14:26:34.751997
PE,Peru,DIGEMID,FACTOR VIII + FACTOR DE VON WILLEBRAND 500 UI + 500 UI INY INYECTABLE,FACTOR VIII + FACTOR DE VON WILLEBRAND,500 UI + 500 UI INY,,50901,,,,,shortage,INYECTABLE,,2026-08-31,1,1,https://www.digemid.minsa.gob.pe/webDigemid/disponibilidad-de-productos-farmaceuticos/2026/disponibilidad-de-productos-farmaceuticos-agosto-2026/,2026-09-22T14:26:34.751997
PE,Peru,DIGEMID,MITOMICINA 2 mg 2 mL INYECTABLE,MITOMICINA,2 mg 2 mL,,04850,,,,,shortage,INYECTABLE,,2026-08-31,1,1,https://www.digemid.minsa.gob.pe/webDigemid/disponibilidad-de-productos-farmaceuticos/2026/disponibilidad-de-productos-farmaceuticos-agosto-2026/,2026-09-22T14:26:34.751997
PE,Peru,DIGEMID,"VACUNA CONTRA EL DENGUE TETRAVALENTE ( SEROTIPOS 1,2,3 y 4) - 1 DOSIS INYECTABLE","VACUNA CONTRA EL DENGUE TETRAVALENTE ( SEROTIPOS 1,2,3 y 4)",1 DOSIS,,54097,,,,,shortage,INYECTABLE,,2026-08-31,1,1,https://www.digemid.minsa.gob.pe/webDigemid/disponibilidad-de-productos-farmaceuticos/2026/disponibilidad-de-productos-farmaceuticos-agosto-2026/,2026-09-22T14:26:34.751997
PE,Peru,DIGEMID,VACUNA BCG INMUNOMODULADOR (SUSPENSION INTRAVESICAL) 50 mg/mL 2 mL INYECTABLE,VACUNA BCG INMUNOMODULADOR,50 mg/mL 2 mL,,37525,,,,,shortage,INYECTABLE,,2026-08-31,1,1,https://www.digemid.minsa.gob.pe/webDigemid/disponibilidad-de-productos-farmaceuticos/2026/disponibilidad-de-productos-farmaceuticos-agosto-2026/,2026-09-22T14:26:34.751997
PE,Peru,DIGEMID,SOLUCION PARA DIALISIS PERITONEAL 4.25 % 2.5 L SOLUCION,SOLUCION PARA DIALISIS PERITONEAL,4.25 % 2.5 L,,21854,,,,,shortage,SOLUCION,,2026-08-31,1,1,https://www.digemid.minsa.gob.pe/webDigemid/disponibilidad-de-productos-farmaceuticos/2026/disponibilidad-de-productos-farmaceuticos-agosto-2026/,2026-09-22T14:26:34.751997
PE,Peru,DIGEMID,DILTIAZEM CLORHIDRATO 60 mg TABLETA,DILTIAZEM CLORHIDRATO,60 mg,,02881,,,,,shortage,TABLETA,,2026-08-31,1,1,https://www.digemid.minsa.gob.pe/webDigemid/disponibilidad-de-productos-farmaceuticos/2026/disponibilidad-de-productos-farmaceuticos-agosto-2026/,2026-09-22T14:26:34.751997
PE,Peru,DIGEMID,IODURO SODICO (I-131) 10 mCi - TABLETA,IODURO SODICO (I-131),10 mCi -,,54252,,,,,shortage,TABLETA,,2026-08-31,1,1,https://www.digemid.minsa.gob.pe/webDigemid/disponibilidad-de-productos-farmaceuticos/2026/disponibilidad-de-productos-farmaceuticos-agosto-2026/,2026-09-22T14:26:34.751997
PE,Peru,DIGEMID,ISAVUCONAZOL 200 mg/ml INYECTABLE,ISAVUCONAZOL,200 mg/ml,,42442,,,,,shortage,INYECTABLE,,2026-08-31,1,1,https://www.digemid.minsa.gob.pe/webDigemid/disponibilidad-de-productos-farmaceuticos/2026/disponibilidad-de-productos-farmaceuticos-agosto-2026/,2026-09-22T14:26:34.751997
PE,Peru,DIGEMID,OXIMETAZOLINA(SOLUCION OFTALMICA) 250 ug/mL 10 mL SOLUCION,OXIMETAZOLINA,250 ug/mL 10 mL,,05235,,,,,shortage,SOLUCION,,2026-08-31,1,1,https://www.digemid.minsa.gob.pe/webDigemid/disponibilidad-de-productos-farmaceuticos/2026/disponibilidad-de-productos-farmaceuticos-agosto-2026/,2026-09-22T14:26:34.751997
PE,Peru,DIGEMID,LIDOCAINA (PARCHE) 5 g/100 g PARCHE,LIDOCAINA,5 g/100 g,,20369,,,,,shortage,PARCHE,,2026-08-31,1,1,https://www.digemid.minsa.gob.pe/webDigemid/disponibilidad-de-productos-farmaceuticos/2026/disponibilidad-de-productos-farmaceuticos-agosto-2026/,2026-09-22T14:26:34.751997
PE,Peru,DIGEMID,CLOFARABINA 1 mg/mL 20 mL INYECTABLE,CLOFARABINA,1 mg/mL 20 mL,,25846,,,,,shortage,INYECTABLE,,2026-08-31,1,1,https://www.digemid.minsa.gob.pe/webDigemid/disponibilidad-de-productos-farmaceuticos/2026/disponibilidad-de-productos-farmaceuticos-agosto-2026/,2026-09-22T14:26:34.751997
PE,Peru,DIGEMID,BASILIXIMAB 20 mg 6 mL INYECTABLE,BASILIXIMAB,20 mg 6 mL,,01001,,,,,shortage,INYECTABLE,,2026-08-31,1,1,https://www.digemid.minsa.gob.pe/webDigemid/disponibilidad-de-productos-farmaceuticos/2026/disponibilidad-de-productos-farmaceuticos-agosto-2026/,2026-09-22T14:26:34.751997
PE,Peru,DIGEMID,LEVOBUPIVACAINA CLORHIDRATO 0.75 g/100 mL (0.75 %) 20 mL INYECTABLE,LEVOBUPIVACAINA CLORHIDRATO,0.75 g/100 mL (0.75 %) 20 mL,,18080,,,,,shortage,INYECTABLE,,2026-08-31,1,1,https://www.digemid.minsa.gob.pe/webDigemid/disponibilidad-de-productos-farmaceuticos/2026/disponibilidad-de-productos-farmaceuticos-agosto-2026/,2026-09-22T14:26:34.751997
PE,Peru,DIGEMID,PACLITAXEL 300 mg 50 mL INYECTABLE,PACLITAXEL,300 mg 50 mL,,05266,,,,,shortage,INYECTABLE,,2026-08-31,1,1,https://www.digemid.minsa.gob.pe/webDigemid/disponibilidad-de-productos-farmaceuticos/2026/disponibilidad-de-productos-farmaceuticos-agosto-2026/,2026-09-22T14:26:34.751997
PE,Peru,DIGEMID,DIMETICONA + PANCREATINA 80 mg + 230 mg TABLETA,DIMETICONA + PANCREATINA,80 mg + 230 mg,,28046,,,,,shortage,TABLETA,,2026-08-31,1,1,https://www.digemid.minsa.gob.pe/webDigemid/disponibilidad-de-productos-farmaceuticos/2026/disponibilidad-de-productos-farmaceuticos-agosto-2026/,2026-09-22T14:26:34.751997
PE,Peru,DIGEMID,SOLUCION PARA DIALISIS PERITONEAL 4.25 % 2 L SOLUCION,SOLUCION PARA DIALISIS PERITONEAL,4.25 % 2 L,,21012,,,,,shortage,SOLUCION,,2026-08-31,1,1,https://www.digemid.minsa.gob.pe/webDigemid/disponibilidad-de-productos-farmaceuticos/2026/disponibilidad-de-productos-farmaceuticos-agosto-2026/,2026-09-22T14:26:34.751997
PE,Peru,DIGEMID,SITAGLIPTINA 100 mg TABLETA,SITAGLIPTINA,100 mg,,25447,,,,,shortage,TABLETA,,2026-08-31,1,1,https://www.digemid.minsa.gob.pe/webDigemid/disponibilidad-de-productos-farmaceuticos/2026/disponibilidad-de-productos-farmaceuticos-agosto-2026/,2026-09-22T14:26:34.751997
PE,Peru,DIGEMID,TACROLIMUS 1 mg TABLETA,TACROLIMUS,1 mg,,17768,,,,,shortage,TABLETA,,2026-08-31,1,1,https://www.digemid.minsa.gob.pe/webDigemid/disponibilidad-de-productos-farmaceuticos/2026/disponibilidad-de-productos-farmaceuticos-agosto-2026/,2026-09-22T14:26:34.751997
PE,Peru,DIGEMID,PANCREATINA 300 mg TABLETA,PANCREATINA,300 mg,,05270,,,,,shortage,TABLETA,,2026-08-31,1,1,https://www.digemid.minsa.gob.pe/webDigemid/disponibilidad-de-productos-farmaceuticos/2026/disponibilidad-de-productos-farmaceuticos-agosto-2026/,2026-09-22T14:26:34.751997
PE,Peru,DIGEMID,AZTREONAM 1 g INYECTABLE,AZTREONAM,1 g,,00958,,,,,shortage,INYECTABLE,,2026-08-31,1,1,https://www.digemid.minsa.gob.pe/webDigemid/disponibilidad-de-productos-farmaceuticos/2026/disponibilidad-de-productos-farmaceuticos-agosto-2026/,2026-09-22T14:26:34.751997
PE,Peru,DIGEMID,BEVACIZUMAB 25 mg/mL 4 mL INYECTABLE,BEVACIZUMAB,25 mg/mL 4 mL,,18617,,,,,shortage,INYECTABLE,,2026-08-31,1,1,https://www.digemid.minsa.gob.pe/webDigemid/disponibilidad-de-productos-farmaceuticos/2026/disponibilidad-de-productos-farmaceuticos-agosto-2026/,2026-09-22T14:26:34.751997
PE,Peru,DIGEMID,ADALIMUMAB 40 mg 0.4 mL INYECTABLE,ADALIMUMAB,40 mg 0.4 mL,,53179,,,,,shortage,INYECTABLE,,2026-08-31,1,1,https://www.digemid.minsa.gob.pe/webDigemid/disponibilidad-de-productos-farmaceuticos/2026/disponibilidad-de-productos-farmaceuticos-agosto-2026/,2026-09-22T14:26:34.751997
PE,Peru,DIGEMID,PENICILAMINA 250 mg TABLETA,PENICILAMINA,250 mg,,05354,,,,,shortage,TABLETA,,2026-08-31,1,1,https://www.digemid.minsa.gob.pe/webDigemid/disponibilidad-de-productos-farmaceuticos/2026/disponibilidad-de-productos-farmaceuticos-agosto-2026/,2026-09-22T14:26:34.751997
PE,Peru,DIGEMID,MOMETASONA 50 ug/DOSIS 120 DOSIS AEROSOL,MOMETASONA,50 ug/DOSIS 120 DOSIS,,28612,,,,,shortage,AEROSOL,,2026-08-31,1,1,https://www.digemid.minsa.gob.pe/webDigemid/disponibilidad-de-productos-farmaceuticos/2026/disponibilidad-de-productos-farmaceuticos-agosto-2026/,2026-09-22T14:26:34.751997
PE,Peru,DIGEMID,POSACONAZOL 200 mg/5 mL 105 mL SUSPENSION,POSACONAZOL,200 mg/5 mL 105 mL,,23950,,,,,shortage,SUSPENSION,,2026-08-31,1,1,https://www.digemid.minsa.gob.pe/webDigemid/disponibilidad-de-productos-farmaceuticos/2026/disponibilidad-de-productos-farmaceuticos-agosto-2026/,2026-09-22T14:26:34.751997
PE,Peru,DIGEMID,ALCOHOL YODADO 0.3 g/100 mL 120 mL SOLUCION,ALCOHOL YODADO,0.3 g/100 mL 120 mL,,34739,,,,,shortage,SOLUCION,,2026-08-31,1,1,https://www.digemid.minsa.gob.pe/webDigemid/disponibilidad-de-productos-farmaceuticos/2026/disponibilidad-de-productos-farmaceuticos-agosto-2026/,2026-09-22T14:26:34.751997
PE,Peru,DIGEMID,CICLOSPORINA 50 mg TABLETA,CICLOSPORINA,50 mg,,01798,,,,,shortage,TABLETA,,2026-08-31,1,1,https://www.digemid.minsa.gob.pe/webDigemid/disponibilidad-de-productos-farmaceuticos/2026/disponibilidad-de-productos-farmaceuticos-agosto-2026/,2026-09-22T14:26:34.751997
PE,Peru,DIGEMID,TEGOPRAZAN 50 mg - TABLETA,TEGOPRAZAN,50 mg -,,56132,,,,,shortage,TABLETA,,2026-08-31,1,1,https://www.digemid.minsa.gob.pe/webDigemid/disponibilidad-de-productos-farmaceuticos/2026/disponibilidad-de-productos-farmaceuticos-agosto-2026/,2026-09-22T14:26:34.751997
PE,Peru,DIGEMID,FIBRINOGENO HUMANO 1g INYECTABLE,FIBRINOGENO HUMANO,1g,,49925,,,,,shortage,INYECTABLE,,2026-08-31,1,1,https://www.digemid.minsa.gob.pe/webDigemid/disponibilidad-de-productos-farmaceuticos/2026/disponibilidad-de-productos-farmaceuticos-agosto-2026/,2026-09-22T14:26:34.751997
PE,Peru,DIGEMID,METOTREXATO SODICO 500 mg 5 mL INYECTABLE,METOTREXATO SODICO,500 mg 5 mL,,04763,,,,,shortage,INYECTABLE,,2026-08-31,1,1,https://www.digemid.minsa.gob.pe/webDigemid/disponibilidad-de-productos-farmaceuticos/2026/disponibilidad-de-productos-farmaceuticos-agosto-2026/,2026-09-22T14:26:34.751997
PE,Peru,DIGEMID,DEXMEDETOMIDINA 4 µg/mL 100 mL INYECTABLE,DEXMEDETOMIDINA,4 µg/mL 100 mL,,36884,,,,,shortage,INYECTABLE,,2026-08-31,1,1,https://www.digemid.minsa.gob.pe/webDigemid/disponibilidad-de-productos-farmaceuticos/2026/disponibilidad-de-productos-farmaceuticos-agosto-2026/,2026-09-22T14:26:34.751997
PE,Peru,DIGEMID,BUDESONIDA + FORMOTEROL 80 µg + 4.5 µg/DOSIS 120 DOSIS AEROSOL,BUDESONIDA + FORMOTEROL,80 µg + 4.5 µg/DOSIS 120 DOSIS,,01351,,,,,shortage,AEROSOL,,2026-08-31,1,1,https://www.digemid.minsa.gob.pe/webDigemid/disponibilidad-de-productos-farmaceuticos/2026/disponibilidad-de-productos-farmaceuticos-agosto-2026/,2026-09-22T14:26:34.751997
PE,Peru,DIGEMID,IODURO SODICO (I-131) 5 mCi - TABLETA,IODURO SODICO (I-131),5 mCi -,,54250,,,,,shortage,TABLETA,,2026-08-31,1,1,https://www.digemid.minsa.gob.pe/webDigemid/disponibilidad-de-productos-farmaceuticos/2026/disponibilidad-de-productos-farmaceuticos-agosto-2026/,2026-09-22T14:26:34.751997
PE,Peru,DIGEMID,IODURO SODICO (I-131) 15 mCi - TABLETA,IODURO SODICO (I-131),15 mCi -,,54253,,,,,shortage,TABLETA,,2026-08-31,1,1,https://www.digemid.minsa.gob.pe/webDigemid/disponibilidad-de-productos-farmaceuticos/2026/disponibilidad-de-productos-farmaceuticos-agosto-2026/,2026-09-22T14:26:34.751997
PE,Peru,DIGEMID,IRINOTECAN CLORHIDRATO 100 mg 5 mL INYECTABLE,IRINOTECAN CLORHIDRATO,100 mg 5 mL,,04150,,,,,shortage,INYECTABLE,,2026-08-31,1,1,https://www.digemid.minsa.gob.pe/webDigemid/disponibilidad-de-productos-farmaceuticos/2026/disponibilidad-de-productos-farmaceuticos-agosto-2026/,2026-09-22T14:26:34.751997
PE,Peru,DIGEMID,NITROFURAL 200 mg/100 g 35 g UNGÜENTO,NITROFURAL,200 mg/100 g 35 g,,40399,,,,,shortage,UNGUENTO,,2026-08-31,1,1,https://www.digemid.minsa.gob.pe/webDigemid/disponibilidad-de-productos-farmaceuticos/2026/disponibilidad-de-productos-farmaceuticos-agosto-2026/,2026-09-22T14:26:34.751997
PE,Peru,DIGEMID,RANOLAZINA (TABLETA DE LIBERACION MODIFICADA) 500 mg TABLETA,RANOLAZINA,500 mg,,38787,,,,,shortage,TABLETA,,2026-08-31,1,1,https://www.digemid.minsa.gob.pe/webDigemid/disponibilidad-de-productos-farmaceuticos/2026/disponibilidad-de-productos-farmaceuticos-agosto-2026/,2026-09-22T14:26:34.751997
PE,Peru,DIGEMID,VORICONAZOL 200 mg INYECTABLE,VORICONAZOL,200 mg,,18073,,,,,shortage,INYECTABLE,,2026-08-31,1,1,https://www.digemid.minsa.gob.pe/webDigemid/disponibilidad-de-productos-farmaceuticos/2026/disponibilidad-de-productos-farmaceuticos-agosto-2026/,2026-09-22T14:26:34.751997
PE,Peru,DIGEMID,PREDNISOLONA (SOLUCION OFTALMICA) 10 mg/ mL 10 mL SOLUCION,PREDNISOLONA,10 mg/ mL 10 mL,,05575,,,,,shortage,SOLUCION,,2026-08-31,1,1,https://www.digemid.minsa.gob.pe/webDigemid/disponibilidad-de-productos-farmaceuticos/2026/disponibilidad-de-productos-farmaceuticos-agosto-2026/,2026-09-22T14:26:34.751997
PE,Peru,DIGEMID,DEGARELIX 120 mg INYECTABLE,DEGARELIX,120 mg,,23301,,,,,shortage,INYECTABLE,,2026-08-31,1,1,https://www.digemid.minsa.gob.pe/webDigemid/disponibilidad-de-productos-farmaceuticos/2026/disponibilidad-de-productos-farmaceuticos-agosto-2026/,2026-09-22T14:26:34.751997
PE,Peru,DIGEMID,SOLUCION PARA DIALISIS PERITONEAL 4.25 % 6 L SOLUCION,SOLUCION PARA DIALISIS PERITONEAL,4.25 % 6 L,,31512,,,,,shortage,SOLUCION,,2026-08-31,1,1,https://www.digemid.minsa.gob.pe/webDigemid/disponibilidad-de-productos-farmaceuticos/2026/disponibilidad-de-productos-farmaceuticos-agosto-2026/,2026-09-22T14:26:34.751997
PE,Peru,DIGEMID,INSULINA DETEMIR 100 UI/ mL 3 mL INYECTABLE,INSULINA DETEMIR,100 UI/ mL 3 mL,,28491,,,,,shortage,INYECTABLE,,2026-08-31,1,1,https://www.digemid.minsa.gob.pe/webDigemid/disponibilidad-de-productos-farmaceuticos/2026/disponibilidad-de-productos-farmaceuticos-agosto-2026/,2026-09-22T14:26:34.751997
PE,Peru,DIGEMID,DEFERASIROX 500 mg TABLETA,DEFERASIROX,500 mg,,28364,,,,,shortage,TABLETA,,2026-08-31,1,1,https://www.digemid.minsa.gob.pe/webDigemid/disponibilidad-de-productos-farmaceuticos/2026/disponibilidad-de-productos-farmaceuticos-agosto-2026/,2026-09-22T14:26:34.751997
PE,Peru,DIGEMID,FOSCARNET 24 mg/mL 250 mL INYECTABLE,FOSCARNET,24 mg/mL 250 mL,,20776,,,,,shortage,INYECTABLE,,2026-08-31,1,1,https://www.digemid.minsa.gob.pe/webDigemid/disponibilidad-de-productos-farmaceuticos/2026/disponibilidad-de-productos-farmaceuticos-agosto-2026/,2026-09-22T14:26:34.751997
PE,Peru,DIGEMID,METILFENIDATO CLORHIDRATO (TABLETA LIBERACION MODIFICADA) 36 mg TABLETA,METILFENIDATO CLORHIDRATO,36 mg,,44204,,,,,shortage,TABLETA,,2026-08-31,1,1,https://www.digemid.minsa.gob.pe/webDigemid/disponibilidad-de-productos-farmaceuticos/2026/disponibilidad-de-productos-farmaceuticos-agosto-2026/,2026-09-22T14:26:34.751997
PE,Peru,DIGEMID,INMUNOGLOBULINA ANTITIMOCITICA ORIGEN EQUINO 50 mg/mL 5 mL INYECTABLE,INMUNOGLOBULINA ANTITIMOCITICA ORIGEN EQUINO,50 mg/mL 5 mL,,23024,,,,,shortage,INYECTABLE,,2026-08-31,1,1,https://www.digemid.minsa.gob.pe/webDigemid/disponibilidad-de-productos-farmaceuticos/2026/disponibilidad-de-productos-farmaceuticos-agosto-2026/,2026-09-22T14:26:34.751997
PE,Peru,DIGEMID,FORMULA MODULAR CALORICA 400 g SOLUCION,FORMULA MODULAR CALORICA,400 g,,52127,,,,,shortage,SOLUCION,,2026-08-31,1,1,https://www.digemid.minsa.gob.pe/webDigemid/disponibilidad-de-productos-farmaceuticos/2026/disponibilidad-de-productos-farmaceuticos-agosto-2026/,2026-09-22T14:26:34.751997
PE,Peru,DIGEMID,ERTAPENEM SODICO 1 g INYECTABLE,ERTAPENEM SODICO,1 g,,18605,,,,,shortage,INYECTABLE,,2026-08-31,1,1,https://www.digemid.minsa.gob.pe/webDigemid/disponibilidad-de-productos-farmaceuticos/2026/disponibilidad-de-productos-farmaceuticos-agosto-2026/,2026-09-22T14:26:34.751997
PE,Peru,DIGEMID,BARIO SULFATO ADMINISTRACION ORAL 340 g POLVO,BARIO SULFATO ADMINISTRACION ORAL,340 g,,00998,,,,,shortage,POLVO,,2026-08-31,1,1,https://www.digemid.minsa.gob.pe/webDigemid/disponibilidad-de-productos-farmaceuticos/2026/disponibilidad-de-productos-farmaceuticos-agosto-2026/,2026-09-22T14:26:34.751997
PE,Peru,DIGEMID,IODURO SODICO (I-131) 30 mCi - TABLETA,IODURO SODICO (I-131),30 mCi -,,54254,,,,,shortage,TABLETA,,2026-08-31,1,1,https://www.digemid.minsa.gob.pe/webDigemid/disponibilidad-de-productos-farmaceuticos/2026/disponibilidad-de-productos-farmaceuticos-agosto-2026/,2026-09-22T14:26:34.751997
PE,Peru,DIGEMID,ARIPIPRAZOL 5 mg TABLETA,ARIPIPRAZOL,5 mg,,50031,,,,,shortage,TABLETA,,2026-08-31,1,1,https://www.digemid.minsa.gob.pe/webDigemid/disponibilidad-de-productos-farmaceuticos/2026/disponibilidad-de-productos-farmaceuticos-agosto-2026/,2026-09-22T14:26:34.751997
PE,Peru,DIGEMID,CLORTALIDONA 25 mg - TABLETA,CLORTALIDONA,25 mg -,,54726,,,,,shortage,TABLETA,,2026-08-31,1,1,https://www.digemid.minsa.gob.pe/webDigemid/disponibilidad-de-productos-farmaceuticos/2026/disponibilidad-de-productos-farmaceuticos-agosto-2026/,2026-09-22T14:26:34.751997
PE,Peru,DIGEMID,PATENTE AZUL V 2.5 g/100 mL 2 mL INYECTABLE,PATENTE AZUL V,2.5 g/100 mL 2 mL,,05345,,,,,shortage,INYECTABLE,,2026-08-31,1,1,https://www.digemid.minsa.gob.pe/webDigemid/disponibilidad-de-productos-farmaceuticos/2026/disponibilidad-de-productos-farmaceuticos-agosto-2026/,2026-09-22T14:26:34.751997
PE,Peru,DIGEMID,IODURO SODICO (I-131) 200 mCi - TABLETA,IODURO SODICO (I-131),200 mCi -,,54256,,,,,shortage,TABLETA,,2026-08-31,1,1,https://www.digemid.minsa.gob.pe/webDigemid/disponibilidad-de-productos-farmaceuticos/2026/disponibilidad-de-productos-farmaceuticos-agosto-2026/,2026-09-22T14:26:34.751997
PE,Peru,DIGEMID,DEGARELIX 80 mg INYECTABLE,DEGARELIX,80 mg,,23302,,,,,shortage,INYECTABLE,,2026-08-31,1,1,https://www.digemid.minsa.gob.pe/webDigemid/disponibilidad-de-productos-farmaceuticos/2026/disponibilidad-de-productos-farmaceuticos-agosto-2026/,2026-09-22T14:26:34.751997
PE,Peru,DIGEMID,OSELTAMIVIR 75 mg TABLETA,OSELTAMIVIR,75 mg,,05172,,,,,shortage,TABLETA,,2026-08-31,1,1,https://www.digemid.minsa.gob.pe/webDigemid/disponibilidad-de-productos-farmaceuticos/2026/disponibilidad-de-productos-farmaceuticos-agosto-2026/,2026-09-22T14:26:34.751997
PE,Peru,DIGEMID,"FLUDESOXIGLUCOSA 18F (18F-FDG) 3000 MBq/mL (81,08 mCi/mL) INYECTABLE",FLUDESOXIGLUCOSA,"18F (18F-FDG) 3000 MBq/mL (81,08 mCi/mL)",,42349,,,,,shortage,INYECTABLE,,2026-08-31,1,1,https://www.digemid.minsa.gob.pe/webDigemid/disponibilidad-de-productos-farmaceuticos/2026/disponibilidad-de-productos-farmaceuticos-agosto-2026/,2026-09-22T14:26:34.751997
PE,Peru,DIGEMID,CIPROFLOXACINO (UNGÜENTO OFTALMICO) 300 mg/100 g 3.5 g UNGÜENTO,CIPROFLOXACINO,300 mg/100 g 3.5 g,,01832,,,,,shortage,UNGUENTO,,2026-08-31,1,1,https://www.digemid.minsa.gob.pe/webDigemid/disponibilidad-de-productos-farmaceuticos/2026/disponibilidad-de-productos-farmaceuticos-agosto-2026/,2026-09-22T14:26:34.751997
PE,Peru,DIGEMID,INFLIXIMAB 100 mg 10 mL INYECTABLE,INFLIXIMAB,100 mg 10 mL,,04056,,,,,shortage,INYECTABLE,,2026-08-31,1,1,https://www.digemid.minsa.gob.pe/webDigemid/disponibilidad-de-productos-farmaceuticos/2026/disponibilidad-de-productos-farmaceuticos-agosto-2026/,2026-09-22T14:26:34.751997
PE,Peru,DIGEMID,INMUNOGLOBULINA ANTITIMOCITO HUMANO ORIGEN CONEJO 25 mg INYECTABLE,INMUNOGLOBULINA ANTITIMOCITO HUMANO ORIGEN CONEJO,25 mg,,30916,,,,,shortage,INYECTABLE,,2026-08-31,1,1,https://www.digemid.minsa.gob.pe/webDigemid/disponibilidad-de-productos-farmaceuticos/2026/disponibilidad-de-productos-farmaceuticos-agosto-2026/,2026-09-22T14:26:34.751997
PE,Peru,DIGEMID,METFORMINA + SITAGLIPTINA 500 mg + 50 mg TABLETA,METFORMINA + SITAGLIPTINA,500 mg + 50 mg,,21902,,,,,shortage,TABLETA,,2026-08-31,1,1,https://www.digemid.minsa.gob.pe/webDigemid/disponibilidad-de-productos-farmaceuticos/2026/disponibilidad-de-productos-farmaceuticos-agosto-2026/,2026-09-22T14:26:34.751997
PE,Peru,DIGEMID,"PSMA-1007 (18F) 1300 MBq/mL (35,13 mCi/mL) 10 mL INYECTABLE",PSMA-1007 (18F),"1300 MBq/mL (35,13 mCi/mL) 10 mL",,56216,,,,,shortage,INYECTABLE,,2026-08-31,1,1,https://www.digemid.minsa.gob.pe/webDigemid/disponibilidad-de-productos-farmaceuticos/2026/disponibilidad-de-productos-farmaceuticos-agosto-2026/,2026-09-22T14:26:34.751997
PE,Peru,DIGEMID,"COMPLEJO PROTROMBINICO HUMANO (FACTOR DE COAGULACION II, VII, IX y X + PROTEINA C Y S) 260 mg - 820 mg INYECTABLE","COMPLEJO PROTROMBINICO HUMANO (FACTOR DE COAGULACION II, VII, IX y X + PROTEINA C Y S)",260 mg - 820 mg,,29074,,,,,shortage,INYECTABLE,,2026-08-31,1,1,https://www.digemid.minsa.gob.pe/webDigemid/disponibilidad-de-productos-farmaceuticos/2026/disponibilidad-de-productos-farmaceuticos-agosto-2026/,2026-09-22T14:26:34.751997
PE,Peru,DIGEMID,DABIGATRAN (COMO ETEXILATO MESILATO) 110 mg TABLETA,DABIGATRAN (COMO ETEXILATO MESILATO),110 mg,,21273,,,,,shortage,TABLETA,,2026-08-31,1,1,https://www.digemid.minsa.gob.pe/webDigemid/disponibilidad-de-productos-farmaceuticos/2026/disponibilidad-de-productos-farmaceuticos-agosto-2026/,2026-09-22T14:26:34.751997
PE,Peru,DIGEMID,NIFURTIMOX 120 mg TABLETA,NIFURTIMOX,120 mg,,19727,,,,,shortage,TABLETA,,2026-08-31,1,1,https://www.digemid.minsa.gob.pe/webDigemid/disponibilidad-de-productos-farmaceuticos/2026/disponibilidad-de-productos-farmaceuticos-agosto-2026/,2026-09-22T14:26:34.751997
PE,Peru,DIGEMID,SIROLIMUS 1 mg TABLETA,SIROLIMUS,1 mg,,28398,,,,,shortage,TABLETA,,2026-08-31,1,1,https://www.digemid.minsa.gob.pe/webDigemid/disponibilidad-de-productos-farmaceuticos/2026/disponibilidad-de-productos-farmaceuticos-agosto-2026/,2026-09-22T14:26:34.751997
PE,Peru,DIGEMID,DENOSUMAB 120 mg/1.7 mL (70 mg/mL) 1.7 mL INYECTABLE,DENOSUMAB,120 mg/1.7 mL (70 mg/mL) 1.7 mL,,30962,,,,,shortage,INYECTABLE,,2026-08-31,1,1,https://www.digemid.minsa.gob.pe/webDigemid/disponibilidad-de-productos-farmaceuticos/2026/disponibilidad-de-productos-farmaceuticos-agosto-2026/,2026-09-22T14:26:34.751997
PE,Peru,DIGEMID,KETOPROFENO 100 mg/5 mL 5 mL INYECTABLE,KETOPROFENO,100 mg/5 mL 5 mL,,04234,,,,,shortage,INYECTABLE,,2026-08-31,1,1,https://www.digemid.minsa.gob.pe/webDigemid/disponibilidad-de-productos-farmaceuticos/2026/disponibilidad-de-productos-farmaceuticos-agosto-2026/,2026-09-22T14:26:34.751997
PE,Peru,DIGEMID,KETOROLACO (SOLUCION OFTALMICA) 5 mg/mL 5 mL SOLUCION,KETOROLACO,5 mg/mL 5 mL,,04253,,,,,shortage,SOLUCION,,2026-08-31,1,1,https://www.digemid.minsa.gob.pe/webDigemid/disponibilidad-de-productos-farmaceuticos/2026/disponibilidad-de-productos-farmaceuticos-agosto-2026/,2026-09-22T14:26:34.751997
PE,Peru,DIGEMID,MULTIVITAMINICOS Y HIERRO 240 mL JARABE,MULTIVITAMINICOS Y HIERRO,240 mL,,03983,,,,,shortage,JARABE,,2026-08-31,1,1,https://www.digemid.minsa.gob.pe/webDigemid/disponibilidad-de-productos-farmaceuticos/2026/disponibilidad-de-productos-farmaceuticos-agosto-2026/,2026-09-22T14:26:34.751997
PE,Peru,DIGEMID,OLODATEROL + TIOTROPIO 2.5 µg + 2.5 µg/DOSIS 30 DOSIS AEROSOL,OLODATEROL + TIOTROPIO,2.5 µg + 2.5 µg/DOSIS 30 DOSIS,,35645,,,,,shortage,AEROSOL,,2026-08-31,1,1,https://www.digemid.minsa.gob.pe/webDigemid/disponibilidad-de-productos-farmaceuticos/2026/disponibilidad-de-productos-farmaceuticos-agosto-2026/,2026-09-22T14:26:34.751997
PE,Peru,DIGEMID,METILFENIDATO CLORHIDRATO (TABLETA LIBERACION MODIFICADA) 18 mg TABLETA,METILFENIDATO CLORHIDRATO,18 mg,,44203,,,,,shortage,TABLETA,,2026-08-31,1,1,https://www.digemid.minsa.gob.pe/webDigemid/disponibilidad-de-productos-farmaceuticos/2026/disponibilidad-de-productos-farmaceuticos-agosto-2026/,2026-09-22T14:26:34.751997
PE,Peru,DIGEMID,DIMERCAPROL 50 mg/mL 2 mL INYECTABLE,DIMERCAPROL,50 mg/mL 2 mL,,19213,,,,,shortage,INYECTABLE,,2026-08-31,1,1,https://www.digemid.minsa.gob.pe/webDigemid/disponibilidad-de-productos-farmaceuticos/2026/disponibilidad-de-productos-farmaceuticos-agosto-2026/,2026-09-22T14:26:34.751997
PE,Peru,DIGEMID,INMUNOGLOBULINA HUMANA NORMAL 10 g/100 mL 50 mL INYECTABLE,INMUNOGLOBULINA HUMANA NORMAL,10 g/100 mL 50 mL,,04071,,,,,shortage,INYECTABLE,,2026-08-31,1,1,https://www.digemid.minsa.gob.pe/webDigemid/disponibilidad-de-productos-farmaceuticos/2026/disponibilidad-de-productos-farmaceuticos-agosto-2026/,2026-09-22T14:26:34.751997
PE,Peru,DIGEMID,MITOMICINA 20 mg INYECTABLE,MITOMICINA,20 mg,,04853,,,,,shortage,INYECTABLE,,2026-08-31,1,1,https://www.digemid.minsa.gob.pe/webDigemid/disponibilidad-de-productos-farmaceuticos/2026/disponibilidad-de-productos-farmaceuticos-agosto-2026/,2026-09-22T14:26:34.751997
PE,Peru,DIGEMID,ELEXACAFTOR + IVACAFTOR + TEZACAFTOR/ IVACAFTOR 100 mg + 75 mg + 50 mg /150 mg - TABLETA,ELEXACAFTOR + IVACAFTOR + TEZACAFTOR/ IVACAFTOR,100 mg + 75 mg + 50 mg /150 mg -,,54542,,,,,shortage,TABLETA,,2026-08-31,1,1,https://www.digemid.minsa.gob.pe/webDigemid/disponibilidad-de-productos-farmaceuticos/2026/disponibilidad-de-productos-farmaceuticos-agosto-2026/,2026-09-22T14:26:34.751997
PE,Peru,DIGEMID,TOXINA BOTULINICA TIPO A 500 U INYECTABLE,TOXINA BOTULINICA TIPO A,500 U,,06229,,,,,shortage,INYECTABLE,,2026-08-31,1,1,https://www.digemid.minsa.gob.pe/webDigemid/disponibilidad-de-productos-farmaceuticos/2026/disponibilidad-de-productos-farmaceuticos-agosto-2026/,2026-09-22T14:26:34.751997
PE,Peru,DIGEMID,ROMIPLOSTIM 250 µg 0.5 mL INYECTABLE,ROMIPLOSTIM,250 µg 0.5 mL,,37350,,,,,shortage,INYECTABLE,,2026-08-31,1,1,https://www.digemid.minsa.gob.pe/webDigemid/disponibilidad-de-productos-farmaceuticos/2026/disponibilidad-de-productos-farmaceuticos-agosto-2026/,2026-09-22T14:26:34.751997
PE,Peru,DIGEMID,IODURO SODICO (I-131) 150 mCi - TABLETA,IODURO SODICO (I-131),150 mCi -,,54257,,,,,shortage,TABLETA,,2026-08-31,1,1,https://www.digemid.minsa.gob.pe/webDigemid/disponibilidad-de-productos-farmaceuticos/2026/disponibilidad-de-productos-farmaceuticos-agosto-2026/,2026-09-22T14:26:34.751997
PE,Peru,DIGEMID,SOLUCION PARA DIALISIS PERITONEAL 2.5% 6 L SOLUCION,SOLUCION PARA DIALISIS PERITONEAL,2.5% 6 L,,54173,,,,,shortage,SOLUCION,,2026-08-31,1,1,https://www.digemid.minsa.gob.pe/webDigemid/disponibilidad-de-productos-farmaceuticos/2026/disponibilidad-de-productos-farmaceuticos-agosto-2026/,2026-09-22T14:26:34.751997
PE,Peru,DIGEMID,SEVELAMERO 800 mg TABLETA,SEVELAMERO,800 mg,,28897,,,,,shortage,TABLETA,,2026-08-31,1,1,https://www.digemid.minsa.gob.pe/webDigemid/disponibilidad-de-productos-farmaceuticos/2026/disponibilidad-de-productos-farmaceuticos-agosto-2026/,2026-09-22T14:26:34.751997
PE,Peru,DIGEMID,MARAVIROC 300 mg TABLETA,MARAVIROC,300 mg,,30438,,,,,shortage,TABLETA,,2026-08-31,1,1,https://www.digemid.minsa.gob.pe/webDigemid/disponibilidad-de-productos-farmaceuticos/2026/disponibilidad-de-productos-farmaceuticos-agosto-2026/,2026-09-22T14:26:34.751997
PE,Peru,DIGEMID,VACUNA ANTIPOLIOMIELITICA 1730957 DIC/Dosis 1 DOSIS INYECTABLE,VACUNA ANTIPOLIOMIELITICA,1730957 DIC/Dosis 1 DOSIS,,06401,,,,,shortage,INYECTABLE,,2026-08-31,1,1,https://www.digemid.minsa.gob.pe/webDigemid/disponibilidad-de-productos-farmaceuticos/2026/disponibilidad-de-productos-farmaceuticos-agosto-2026/,2026-09-22T14:26:34.751997
PE,Peru,DIGEMID,DEXKETOPROFENO 25 mg/mL 2 mL INYECTABLE,DEXKETOPROFENO,25 mg/mL 2 mL,,24307,,,,,shortage,INYECTABLE,,2026-08-31,1,1,https://www.digemid.minsa.gob.pe/webDigemid/disponibilidad-de-productos-farmaceuticos/2026/disponibilidad-de-productos-farmaceuticos-agosto-2026/,2026-09-22T14:26:34.751997
PE,Peru,DIGEMID,VACUNA ANTIPOLIOMIELITICA 80 Lf/0.5 mL 10 DOSIS INYECTABLE,VACUNA ANTIPOLIOMIELITICA,80 Lf/0.5 mL 10 DOSIS,,06397,,,,,shortage,INYECTABLE,,2026-08-31,1,1,https://www.digemid.minsa.gob.pe/webDigemid/disponibilidad-de-productos-farmaceuticos/2026/disponibilidad-de-productos-farmaceuticos-agosto-2026/,2026-09-22T14:26:34.751997
PE,Peru,DIGEMID,DORZOLAMIDA + TIMOLOL (SOLUCION OFTALMICA) 20 mg + 5 mg/mL 5 mL SOLUCION,DORZOLAMIDA + TIMOLOL,20 mg + 5 mg/mL 5 mL,,03012,,,,,shortage,SOLUCION,,2026-08-31,1,1,https://www.digemid.minsa.gob.pe/webDigemid/disponibilidad-de-productos-farmaceuticos/2026/disponibilidad-de-productos-farmaceuticos-agosto-2026/,2026-09-22T14:26:34.751997
PE,Peru,DIGEMID,MACROGOL 3350 (POLIETILENGLICOL 3350) COMBINACIONES 137.15 g POLVO,MACROGOL,3350 (POLIETILENGLICOL 3350) COMBINACIONES 137.15 g,,21532,,,,,shortage,POLVO,,2026-08-31,1,1,https://www.digemid.minsa.gob.pe/webDigemid/disponibilidad-de-productos-farmaceuticos/2026/disponibilidad-de-productos-farmaceuticos-agosto-2026/,2026-09-22T14:26:34.751997
PE,Peru,DIGEMID,LIDOCAINA CLORHIDRATO 10 g/100 mL 80 mL AEROSOL,LIDOCAINA CLORHIDRATO,10 g/100 mL 80 mL,,31640,,,,,shortage,AEROSOL,,2026-08-31,1,1,https://www.digemid.minsa.gob.pe/webDigemid/disponibilidad-de-productos-farmaceuticos/2026/disponibilidad-de-productos-farmaceuticos-agosto-2026/,2026-09-22T14:26:34.751997
PE,Peru,DIGEMID,CLARITROMICINA 250 mg/5 mL 100 mL SUSPENSION,CLARITROMICINA,250 mg/5 mL 100 mL,,01916,,,,,shortage,SUSPENSION,,2026-08-31,1,1,https://www.digemid.minsa.gob.pe/webDigemid/disponibilidad-de-productos-farmaceuticos/2026/disponibilidad-de-productos-farmaceuticos-agosto-2026/,2026-09-22T14:26:34.751997
PE,Peru,DIGEMID,BENZOATO DE BENCILO 25 g/100 mL 90 mL LOCION,BENZOATO DE BENCILO,25 g/100 mL 90 mL,,01063,,,,,shortage,LOCION,,2026-08-31,1,1,https://www.digemid.minsa.gob.pe/webDigemid/disponibilidad-de-productos-farmaceuticos/2026/disponibilidad-de-productos-farmaceuticos-agosto-2026/,2026-09-22T14:26:34.751997
PE,Peru,DIGEMID,CLORFENAMINA MALEATO 4 mg 2 mL INYECTABLE,CLORFENAMINA MALEATO,4 mg 2 mL,,02129,,,,,shortage,INYECTABLE,,2026-08-31,1,1,https://www.digemid.minsa.gob.pe/webDigemid/disponibilidad-de-productos-farmaceuticos/2026/disponibilidad-de-productos-farmaceuticos-agosto-2026/,2026-09-22T14:26:34.751997
PE,Peru,DIGEMID,ESCOPOLAMINA N-BUTILBROMURO 10 mg INYECTABLE,ESCOPOLAMINA N-BUTILBROMURO,10 mg,,08094,,,,,shortage,INYECTABLE,,2026-08-31,1,1,https://www.digemid.minsa.gob.pe/webDigemid/disponibilidad-de-productos-farmaceuticos/2026/disponibilidad-de-productos-farmaceuticos-agosto-2026/,2026-09-22T14:26:34.751997
PE,Peru,DIGEMID,CLORFENAMINA MALEATO 2 mg/5 mL 100 mL JARABE,CLORFENAMINA MALEATO,2 mg/5 mL 100 mL,,02130,,,,,shortage,JARABE,,2026-08-31,1,1,https://www.digemid.minsa.gob.pe/webDigemid/disponibilidad-de-productos-farmaceuticos/2026/disponibilidad-de-productos-farmaceuticos-agosto-2026/,2026-09-22T14:26:34.751997
PE,Peru,DIGEMID,ALBENDAZOL 100 mg/5 mL 120 mL SUSPENSION,ALBENDAZOL,100 mg/5 mL 120 mL,,00255,,,,,shortage,SUSPENSION,,2026-08-31,1,1,https://www.digemid.minsa.gob.pe/webDigemid/disponibilidad-de-productos-farmaceuticos/2026/disponibilidad-de-productos-farmaceuticos-agosto-2026/,2026-09-22T14:26:34.751997
PE,Peru,DIGEMID,HIALURONATO SODICO 30mg/mL 1 mL INYECTABLE,HIALURONATO SODICO,30mg/mL 1 mL,,27908,,,,,shortage,INYECTABLE,,2026-08-31,1,1,https://www.digemid.minsa.gob.pe/webDigemid/disponibilidad-de-productos-farmaceuticos/2026/disponibilidad-de-productos-farmaceuticos-agosto-2026/,2026-09-22T14:26:34.751997
PE,Peru,DIGEMID,"VACUNA CONTRA COVID-19(ARNm) nucleosido modificado(Tozinameran/Famtozinameran),BIONTECH MANUFACTURING GmbH,ALEMANIA 15 ug/15 ug X 0.3 mL (COMIRNATY) VIAL X 2.25 mL INYECTABLE","VACUNA CONTRA COVID-19(ARNm) nucleosido modificado(Tozinameran/Famtozinameran),BIONTECH MANUFACTURING GmbH,ALEMANIA",15 ug/15 ug X 0.3 mL (COMIRNATY) VIAL X 2.25 mL,,50298,,,,,shortage,INYECTABLE,,2026-08-31,1,1,https://www.digemid.minsa.gob.pe/webDigemid/disponibilidad-de-productos-farmaceuticos/2026/disponibilidad-de-productos-farmaceuticos-agosto-2026/,2026-09-22T14:26:34.751997
PE,Peru,DIGEMID,PREDNISONA 20 mg/5 mL 60 mL SUSPENSION,PREDNISONA,20 mg/5 mL 60 mL,,05585,,,,,shortage,SUSPENSION,,2026-08-31,1,1,https://www.digemid.minsa.gob.pe/webDigemid/disponibilidad-de-productos-farmaceuticos/2026/disponibilidad-de-productos-farmaceuticos-agosto-2026/,2026-09-22T14:26:34.751997
PE,Peru,DIGEMID,FENITOINA 125 mg/5 mL 120 mL SUSPENSION,FENITOINA,125 mg/5 mL 120 mL,,50362,,,,,shortage,SUSPENSION,,2026-08-31,1,1,https://www.digemid.minsa.gob.pe/webDigemid/disponibilidad-de-productos-farmaceuticos/2026/disponibilidad-de-productos-farmaceuticos-agosto-2026/,2026-09-22T14:26:34.751997
PE,Peru,DIGEMID,CLORPROMAZINA 100 mg TABLETA,CLORPROMAZINA,100 mg,,50419,,,,,shortage,TABLETA,,2026-08-31,1,1,https://www.digemid.minsa.gob.pe/webDigemid/disponibilidad-de-productos-farmaceuticos/2026/disponibilidad-de-productos-farmaceuticos-agosto-2026/,2026-09-22T14:26:34.751997
PE,Peru,DIGEMID,VACUNA ANTIPOLIOMIELITICA 1730957 DIC 10 DOSIS INYECTABLE,VACUNA ANTIPOLIOMIELITICA,1730957 DIC 10 DOSIS,,06400,,,,,shortage,INYECTABLE,,2026-08-31,1,1,https://www.digemid.minsa.gob.pe/webDigemid/disponibilidad-de-productos-farmaceuticos/2026/disponibilidad-de-productos-farmaceuticos-agosto-2026/,2026-09-22T14:26:34.751997
PE,Peru,DIGEMID,FERROSO SULFATO 75 mg (Equiv. 15 mg Fe)/5 mL 30 mL JARABE,FERROSO SULFATO,75 mg (Equiv. 15 mg Fe)/5 mL 30 mL,,03521,,,,,shortage,JARABE,,2026-08-31,1,1,https://www.digemid.minsa.gob.pe/webDigemid/disponibilidad-de-productos-farmaceuticos/2026/disponibilidad-de-productos-farmaceuticos-agosto-2026/,2026-09-22T14:26:34.751997
PE,Peru,DIGEMID,ALBENDAZOL 400 mg TABLETA,ALBENDAZOL,400 mg,,00270,,,,,shortage,TABLETA,,2026-08-31,1,1,https://www.digemid.minsa.gob.pe/webDigemid/disponibilidad-de-productos-farmaceuticos/2026/disponibilidad-de-productos-farmaceuticos-agosto-2026/,2026-09-22T14:26:34.751997
PE,Peru,DIGEMID,ESTRADIOL 1 mg TABLETA,ESTRADIOL,1 mg,,03256,,,,,shortage,TABLETA,,2026-08-31,1,1,https://www.digemid.minsa.gob.pe/webDigemid/disponibilidad-de-productos-farmaceuticos/2026/disponibilidad-de-productos-farmaceuticos-agosto-2026/,2026-09-22T14:26:34.751997
PE,Peru,DIGEMID,SULFAMETOXAZOL + TRIMETOPRIMA 400 mg + 80 mg/5 mL 60 mL SUSPENSION,SULFAMETOXAZOL + TRIMETOPRIMA,400 mg + 80 mg/5 mL 60 mL,,05997,,,,,shortage,SUSPENSION,,2026-08-31,1,1,https://www.digemid.minsa.gob.pe/webDigemid/disponibilidad-de-productos-farmaceuticos/2026/disponibilidad-de-productos-farmaceuticos-agosto-2026/,2026-09-22T14:26:34.751997
PE,Peru,DIGEMID,"VACUNA CONTRA COVID19(ARNm)nucleosidos modificados(RAXTOZINOMERAN),PFIZER MANUFACTURING BELGIUM N.V RIJKSWEG(COMIRN 30µg X 0.3mL VIAL 2.25 mL x 06 DOSIS INYECTABLE","VACUNA CONTRA COVID19(ARNm)nucleosidos modificados(RAXTOZINOMERAN),PFIZER MANUFACTURING BELGIUM N.V RIJKSWEG(COMIRN 30µg X 0.3mL VIAL 2.25 mL x 06 DOSIS",,,53000,,,,,shortage,INYECTABLE,,2026-08-31,1,1,https://www.digemid.minsa.gob.pe/webDigemid/disponibilidad-de-productos-farmaceuticos/2026/disponibilidad-de-productos-farmaceuticos-agosto-2026/,2026-09-22T14:26:34.751997
PE,Peru,DIGEMID,CLOBETASOL 50 mg/100 mL 25 mL SOLUCION,CLOBETASOL,50 mg/100 mL 25 mL,,01980,,,,,shortage,SOLUCION,,2026-08-31,1,1,https://www.digemid.minsa.gob.pe/webDigemid/disponibilidad-de-productos-farmaceuticos/2026/disponibilidad-de-productos-farmaceuticos-agosto-2026/,2026-09-22T14:26:34.751997
PE,Peru,DIGEMID,DEXAMETASONA 1 mg TABLETA,DEXAMETASONA,1 mg,,02655,,,,,shortage,TABLETA,,2026-08-31,1,1,https://www.digemid.minsa.gob.pe/webDigemid/disponibilidad-de-productos-farmaceuticos/2026/disponibilidad-de-productos-farmaceuticos-agosto-2026/,2026-09-22T14:26:34.751997
PE,Peru,DIGEMID,DEXAMETASONA + TOBRAMICINA (SUSPENSION OFTALMICA) 1 mg + 3 mg/mL 5 mL SUSPENSION,DEXAMETASONA + TOBRAMICINA,1 mg + 3 mg/mL 5 mL,,02634,,,,,shortage,SUSPENSION,,2026-08-31,1,1,https://www.digemid.minsa.gob.pe/webDigemid/disponibilidad-de-productos-farmaceuticos/2026/disponibilidad-de-productos-farmaceuticos-agosto-2026/,2026-09-22T14:26:34.751997
PE,Peru,DIGEMID,PRIMAQUINA FOSFATO 5 mg TABLETA,PRIMAQUINA FOSFATO,5 mg,,05600,,,,,shortage,TABLETA,,2026-08-31,1,1,https://www.digemid.minsa.gob.pe/webDigemid/disponibilidad-de-productos-farmaceuticos/2026/disponibilidad-de-productos-farmaceuticos-agosto-2026/,2026-09-22T14:26:34.751997
PE,Peru,DIGEMID,METRONIDAZOL + NIFUROXAZIDA 400 mg + 200 mg/5 mL 120 mL SUSPENSION,METRONIDAZOL + NIFUROXAZIDA,400 mg + 200 mg/5 mL 120 mL,,04766,,,,,shortage,SUSPENSION,,2026-08-31,1,1,https://www.digemid.minsa.gob.pe/webDigemid/disponibilidad-de-productos-farmaceuticos/2026/disponibilidad-de-productos-farmaceuticos-agosto-2026/,2026-09-22T14:26:34.751997
PE,Peru,DIGEMID,LIDOCAINA CLORHIDRATO 20 mg/mL 5 mL INYECTABLE,LIDOCAINA CLORHIDRATO,20 mg/mL 5 mL,,21544,,,,,shortage,INYECTABLE,,2026-08-31,1,1,https://www.digemid.minsa.gob.pe/webDigemid/disponibilidad-de-productos-farmaceuticos/2026/disponibilidad-de-productos-farmaceuticos-agosto-2026/,2026-09-22T14:26:34.751997
PE,Peru,DIGEMID,"VACUNA CONTRA COVID19(ARNm)nucleosidos modificados(RAXTOZINOMERAN),PFIZER MANUFACTURING BELGIUM N.V RIJKSWEG(COMIRN 10µg X 0.2mL VIAL 1.3mL x 10 DOSIS INYECTABLE","VACUNA CONTRA COVID19(ARNm)nucleosidos modificados(RAXTOZINOMERAN),PFIZER MANUFACTURING BELGIUM N.V RIJKSWEG(COMIRN 10µg X 0.2mL VIAL 1.3mL x 10 DOSIS",,,53001,,,,,shortage,INYECTABLE,,2026-08-31,1,1,https://www.digemid.minsa.gob.pe/webDigemid/disponibilidad-de-productos-farmaceuticos/2026/disponibilidad-de-productos-farmaceuticos-agosto-2026/,2026-09-22T14:26:34.751997
PE,Peru,DIGEMID,AMOXICILINA + ACIDO CLAVULANICO 250 mg + 125 mg TABLETA,AMOXICILINA + ACIDO CLAVULANICO,250 mg + 125 mg,,00749,,,,,shortage,TABLETA,,2026-08-31,1,1,https://www.digemid.minsa.gob.pe/webDigemid/disponibilidad-de-productos-farmaceuticos/2026/disponibilidad-de-productos-farmaceuticos-agosto-2026/,2026-09-22T14:26:34.751997
PE,Peru,DIGEMID,FACTOR IX CONCENTRADO HUMANO 500 UI INYECTABLE,FACTOR IX CONCENTRADO HUMANO,500 UI,,25150,,,,,shortage,INYECTABLE,,2026-08-31,1,1,https://www.digemid.minsa.gob.pe/webDigemid/disponibilidad-de-productos-farmaceuticos/2026/disponibilidad-de-productos-farmaceuticos-agosto-2026/,2026-09-22T14:26:34.751997
PE,Peru,DIGEMID,PARACETAMOL 160 mg/5 mL 120 mL JARABE,PARACETAMOL,160 mg/5 mL 120 mL,,05320,,,,,shortage,JARABE,,2026-08-31,1,1,https://www.digemid.minsa.gob.pe/webDigemid/disponibilidad-de-productos-farmaceuticos/2026/disponibilidad-de-productos-farmaceuticos-agosto-2026/,2026-09-22T14:26:34.751997
PE,Peru,DIGEMID,HIALURONATO SODICO 30 mg/2 mL INYECTABLE,HIALURONATO SODICO,30 mg/2 mL,,30829,,,,,shortage,INYECTABLE,,2026-08-31,1,1,https://www.digemid.minsa.gob.pe/webDigemid/disponibilidad-de-productos-farmaceuticos/2026/disponibilidad-de-productos-farmaceuticos-agosto-2026/,2026-09-22T14:26:34.751997
PE,Peru,DIGEMID,ALCOHOL ETILICO 70% 1 L GEL,ALCOHOL ETILICO,70% 1 L,,24042,,,,,shortage,GEL,,2026-08-31,1,1,https://www.digemid.minsa.gob.pe/webDigemid/disponibilidad-de-productos-farmaceuticos/2026/disponibilidad-de-productos-farmaceuticos-agosto-2026/,2026-09-22T14:26:34.751997
PE,Peru,DIGEMID,MEPIVACAINA 30 mg/mL 1.8 mL INYECTABLE,MEPIVACAINA,30 mg/mL 1.8 mL,,04662,,,,,shortage,INYECTABLE,,2026-08-31,1,1,https://www.digemid.minsa.gob.pe/webDigemid/disponibilidad-de-productos-farmaceuticos/2026/disponibilidad-de-productos-farmaceuticos-agosto-2026/,2026-09-22T14:26:34.751997
PE,Peru,DIGEMID,SUERO ANTILACHESICO MONOVALENTE 30 mg/10 mL INYECTABLE,SUERO ANTILACHESICO MONOVALENTE,30 mg/10 mL,,08171,,,,,shortage,INYECTABLE,,2026-08-31,1,1,https://www.digemid.minsa.gob.pe/webDigemid/disponibilidad-de-productos-farmaceuticos/2026/disponibilidad-de-productos-farmaceuticos-agosto-2026/,2026-09-22T14:26:34.751997
PE,Peru,DIGEMID,ANTIHEMORROIDALES DE USO TOPICO 28 g UNGÜENTO,ANTIHEMORROIDALES DE USO TOPICO,28 g,,05181,,,,,shortage,UNGUENTO,,2026-08-31,1,1,https://www.digemid.minsa.gob.pe/webDigemid/disponibilidad-de-productos-farmaceuticos/2026/disponibilidad-de-productos-farmaceuticos-agosto-2026/,2026-09-22T14:26:34.751997
PE,Peru,DIGEMID,CLORURO DE BENCETONIO 100 mg/100 mL 30 mL SOLUCION,CLORURO DE BENCETONIO,100 mg/100 mL 30 mL,,02219,,,,,shortage,SOLUCION,,2026-08-31,1,1,https://www.digemid.minsa.gob.pe/webDigemid/disponibilidad-de-productos-farmaceuticos/2026/disponibilidad-de-productos-farmaceuticos-agosto-2026/,2026-09-22T14:26:34.751997
PE,Peru,DIGEMID,PEROXIDO DE HIDROGENO (AGUA OXIGENADA 10 V) 3 % 1 gal SOLUCION,PEROXIDO DE HIDROGENO (AGUA OXIGENADA 10 V),3 % 1 gal,,16861,,,,,shortage,SOLUCION,,2026-08-31,1,1,https://www.digemid.minsa.gob.pe/webDigemid/disponibilidad-de-productos-farmaceuticos/2026/disponibilidad-de-productos-farmaceuticos-agosto-2026/,2026-09-22T14:26:34.751997
PE,Peru,DIGEMID,ACIDO FOLICO + HIERRO POLIMALTOSA 350 µg + 100 mg TABLETA,ACIDO FOLICO + HIERRO POLIMALTOSA,350 µg + 100 mg,,28717,,,,,shortage,TABLETA,,2026-08-31,1,1,https://www.digemid.minsa.gob.pe/webDigemid/disponibilidad-de-productos-farmaceuticos/2026/disponibilidad-de-productos-farmaceuticos-agosto-2026/,2026-09-22T14:26:34.751997
PE,Peru,DIGEMID,VACUNA CONTRA HAEMOPHILUS INFLUENZA PEDIATRICA 20 DOSIS INYECTABLE,VACUNA CONTRA HAEMOPHILUS INFLUENZA PEDIATRICA,20 DOSIS,,18320,,,,,shortage,INYECTABLE,,2026-08-31,1,1,https://www.digemid.minsa.gob.pe/webDigemid/disponibilidad-de-productos-farmaceuticos/2026/disponibilidad-de-productos-farmaceuticos-agosto-2026/,2026-09-22T14:26:34.751997
PE,Peru,DIGEMID,ALBENDAZOL 100 mg/5 mL 30 mL SUSPENSION,ALBENDAZOL,100 mg/5 mL 30 mL,,00260,,,,,shortage,SUSPENSION,,2026-08-31,1,1,https://www.digemid.minsa.gob.pe/webDigemid/disponibilidad-de-productos-farmaceuticos/2026/disponibilidad-de-productos-farmaceuticos-agosto-2026/,2026-09-22T14:26:34.751997
PE,Peru,DIGEMID,BECLOMETASONA + SALBUTAMOL 50 µg + 100 µg/DOSIS 200 DOSIS AEROSOL,BECLOMETASONA + SALBUTAMOL,50 µg + 100 µg/DOSIS 200 DOSIS,,01003,,,,,shortage,AEROSOL,,2026-08-31,1,1,https://www.digemid.minsa.gob.pe/webDigemid/disponibilidad-de-productos-farmaceuticos/2026/disponibilidad-de-productos-farmaceuticos-agosto-2026/,2026-09-22T14:26:34.751997
PE,Peru,DIGEMID,PARACETAMOL 120 mg/5 mL 90 mL JARABE,PARACETAMOL,120 mg/5 mL 90 mL,,05310,,,,,shortage,JARABE,,2026-08-31,1,1,https://www.digemid.minsa.gob.pe/webDigemid/disponibilidad-de-productos-farmaceuticos/2026/disponibilidad-de-productos-farmaceuticos-agosto-2026/,2026-09-22T14:26:34.751997
PE,Peru,DIGEMID,"VACUNA CONTRA DIFTERIA, TETANOS Y TOS FERINA (DPT, TRIPLE) 20 DOSIS INYECTABLE","VACUNA CONTRA DIFTERIA, TETANOS Y TOS FERINA (DPT, TRIPLE)",20 DOSIS,,06436,,,,,shortage,INYECTABLE,,2026-08-31,1,1,https://www.digemid.minsa.gob.pe/webDigemid/disponibilidad-de-productos-farmaceuticos/2026/disponibilidad-de-productos-farmaceuticos-agosto-2026/,2026-09-22T14:26:34.751997
PE,Peru,DIGEMID,PARACETAMOL 100 mg/mL 20 mL SOLUCION,PARACETAMOL,100 mg/mL 20 mL,,05287,,,,,shortage,SOLUCION,,2026-08-31,1,1,https://www.digemid.minsa.gob.pe/webDigemid/disponibilidad-de-productos-farmaceuticos/2026/disponibilidad-de-productos-farmaceuticos-agosto-2026/,2026-09-22T14:26:34.751997
PE,Peru,DIGEMID,LEVOMEPROMAZINA 25 mg TABLETA,LEVOMEPROMAZINA,25 mg,,04369,,,,,shortage,TABLETA,,2026-08-31,1,1,https://www.digemid.minsa.gob.pe/webDigemid/disponibilidad-de-productos-farmaceuticos/2026/disponibilidad-de-productos-farmaceuticos-agosto-2026/,2026-09-22T14:26:34.751997
PE,Peru,DIGEMID,"SACUBITRILO / VALSARTAN 24 mg/ 26 mg (24,3 mg/25,7 mg) TABLETA",SACUBITRILO / VALSARTAN,"24 mg/ 26 mg (24,3 mg/25,7 mg)",,38853,,,,,shortage,TABLETA,,2026-08-31,1,1,https://www.digemid.minsa.gob.pe/webDigemid/disponibilidad-de-productos-farmaceuticos/2026/disponibilidad-de-productos-farmaceuticos-agosto-2026/,2026-09-22T14:26:34.751997
PE,Peru,DIGEMID,AMOXICILINA 250 mg/5 mL 100 mL SUSPENSION,AMOXICILINA,250 mg/5 mL 100 mL,,00785,,,,,shortage,SUSPENSION,,2026-08-31,1,1,https://www.digemid.minsa.gob.pe/webDigemid/disponibilidad-de-productos-farmaceuticos/2026/disponibilidad-de-productos-farmaceuticos-agosto-2026/,2026-09-22T14:26:34.751997
PE,Peru,DIGEMID,DESMOPRESINA ACETATO 10 µg/DOSIS 50 DOSIS AEROSOL,DESMOPRESINA ACETATO,10 µg/DOSIS 50 DOSIS,,30947,,,,,shortage,AEROSOL,,2026-08-31,1,1,https://www.digemid.minsa.gob.pe/webDigemid/disponibilidad-de-productos-farmaceuticos/2026/disponibilidad-de-productos-farmaceuticos-agosto-2026/,2026-09-22T14:26:34.751997
PE,Peru,DIGEMID,PROTAMINA SULFATO 10 mg/mL 5 mL INYECTABLE,PROTAMINA SULFATO,10 mg/mL 5 mL,,05636,,,,,shortage,INYECTABLE,,2026-08-31,1,1,https://www.digemid.minsa.gob.pe/webDigemid/disponibilidad-de-productos-farmaceuticos/2026/disponibilidad-de-productos-farmaceuticos-agosto-2026/,2026-09-22T14:26:34.751997
PE,Peru,DIGEMID,TRASTUZUMAB DERUXTECAN 100 mg - INYECTABLE,TRASTUZUMAB DERUXTECAN,100 mg -,,54571,,,,,shortage,INYECTABLE,,2026-08-31,1,1,https://www.digemid.minsa.gob.pe/webDigemid/disponibilidad-de-productos-farmaceuticos/2026/disponibilidad-de-productos-farmaceuticos-agosto-2026/,2026-09-22T14:26:34.751997
PE,Peru,DIGEMID,SOLUCION PARA HEMODIALISIS CON BICARBONATO 4.39 L SOLUCION,SOLUCION PARA HEMODIALISIS CON BICARBONATO,4.39 L,,51226,,,,,shortage,SOLUCION,,2026-08-31,1,1,https://www.digemid.minsa.gob.pe/webDigemid/disponibilidad-de-productos-farmaceuticos/2026/disponibilidad-de-productos-farmaceuticos-agosto-2026/,2026-09-22T14:26:34.751997
PE,Peru,DIGEMID,PARACETAMOL 10mg/mL 10mL INYECTABLE,PARACETAMOL,10mg/mL 10mL,,45487,,,,,shortage,INYECTABLE,,2026-08-31,1,1,https://www.digemid.minsa.gob.pe/webDigemid/disponibilidad-de-productos-farmaceuticos/2026/disponibilidad-de-productos-farmaceuticos-agosto-2026/,2026-09-22T14:26:34.751997
PE,Peru,DIGEMID,BENZOATO DE BENCILO 25 g/100 mL 1 L LOCION,BENZOATO DE BENCILO,25 g/100 mL 1 L,,01052,,,,,shortage,LOCION,,2026-08-31,1,1,https://www.digemid.minsa.gob.pe/webDigemid/disponibilidad-de-productos-farmaceuticos/2026/disponibilidad-de-productos-farmaceuticos-agosto-2026/,2026-09-22T14:26:34.751997
PE,Peru,DIGEMID,ALCOHOL YODADO 1 g/100 mL 500 mL SOLUCION,ALCOHOL YODADO,1 g/100 mL 500 mL,,10240,,,,,shortage,SOLUCION,,2026-08-31,1,1,https://www.digemid.minsa.gob.pe/webDigemid/disponibilidad-de-productos-farmaceuticos/2026/disponibilidad-de-productos-farmaceuticos-agosto-2026/,2026-09-22T14:26:34.751997
PE,Peru,DIGEMID,ATENOLOL 50 mg TABLETA,ATENOLOL,50 mg,,00901,,,,,shortage,TABLETA,,2026-08-31,1,1,https://www.digemid.minsa.gob.pe/webDigemid/disponibilidad-de-productos-farmaceuticos/2026/disponibilidad-de-productos-farmaceuticos-agosto-2026/,2026-09-22T14:26:34.751997
PE,Peru,DIGEMID,HIDROCLOROTIAZIDA 50 mg TABLETA,HIDROCLOROTIAZIDA,50 mg,,03922,,,,,shortage,TABLETA,,2026-08-31,1,1,https://www.digemid.minsa.gob.pe/webDigemid/disponibilidad-de-productos-farmaceuticos/2026/disponibilidad-de-productos-farmaceuticos-agosto-2026/,2026-09-22T14:26:34.751997
PE,Peru,DIGEMID,TOPIRAMATO 100 mg TABLETA,TOPIRAMATO,100 mg,,21564,,,,,shortage,TABLETA,,2026-08-31,1,1,https://www.digemid.minsa.gob.pe/webDigemid/disponibilidad-de-productos-farmaceuticos/2026/disponibilidad-de-productos-farmaceuticos-agosto-2026/,2026-09-22T14:26:34.751997
PE,Peru,DIGEMID,BICALUTAMIDA 50 mg TABLETA,BICALUTAMIDA,50 mg,,01229,,,,,shortage,TABLETA,,2026-08-31,1,1,https://www.digemid.minsa.gob.pe/webDigemid/disponibilidad-de-productos-farmaceuticos/2026/disponibilidad-de-productos-farmaceuticos-agosto-2026/,2026-09-22T14:26:34.751997
PE,Peru,DIGEMID,HIERRO POLIMALTOSA 25 mg Fe/mL 20 mL SOLUCION,HIERRO POLIMALTOSA,25 mg Fe/mL 20 mL,,37039,,,,,shortage,SOLUCION,,2026-08-31,1,1,https://www.digemid.minsa.gob.pe/webDigemid/disponibilidad-de-productos-farmaceuticos/2026/disponibilidad-de-productos-farmaceuticos-agosto-2026/,2026-09-22T14:26:34.751997
PE,Peru,DIGEMID,SUERO ANTIRRABICO HETEROLOGO 1000 UI INYECTABLE,SUERO ANTIRRABICO HETEROLOGO,1000 UI,,08175,,,,,shortage,INYECTABLE,,2026-08-31,1,1,https://www.digemid.minsa.gob.pe/webDigemid/disponibilidad-de-productos-farmaceuticos/2026/disponibilidad-de-productos-farmaceuticos-agosto-2026/,2026-09-22T14:26:34.751997
PE,Peru,DIGEMID,MISOPROSTOL 25 µg TABLETA,MISOPROSTOL,25 µg,,20526,,,,,shortage,TABLETA,,2026-08-31,1,1,https://www.digemid.minsa.gob.pe/webDigemid/disponibilidad-de-productos-farmaceuticos/2026/disponibilidad-de-productos-farmaceuticos-agosto-2026/,2026-09-22T14:26:34.751997
PE,Peru,DIGEMID,PROGESTERONA 200 mg TABLETA,PROGESTERONA,200 mg,,18881,,,,,shortage,TABLETA,,2026-08-31,1,1,https://www.digemid.minsa.gob.pe/webDigemid/disponibilidad-de-productos-farmaceuticos/2026/disponibilidad-de-productos-farmaceuticos-agosto-2026/,2026-09-22T14:26:34.751997
PE,Peru,DIGEMID,CEFOTAXIMA 1 g INYECTABLE,CEFOTAXIMA,1 g,,01655,,,,,shortage,INYECTABLE,,2026-08-31,1,1,https://www.digemid.minsa.gob.pe/webDigemid/disponibilidad-de-productos-farmaceuticos/2026/disponibilidad-de-productos-farmaceuticos-agosto-2026/,2026-09-22T14:26:34.751997
PE,Peru,DIGEMID,FENAZOPIRIDINA 100 mg TABLETA,FENAZOPIRIDINA,100 mg,,03411,,,,,shortage,TABLETA,,2026-08-31,1,1,https://www.digemid.minsa.gob.pe/webDigemid/disponibilidad-de-productos-farmaceuticos/2026/disponibilidad-de-productos-farmaceuticos-agosto-2026/,2026-09-22T14:26:34.751997
PE,Peru,DIGEMID,ACETILCISTEINA 600 mg GRANU 5 g GRANULOS,ACETILCISTEINA,600 mg GRANU 5 g,,48085,,,,,shortage,GRANULOS,,2026-08-31,1,1,https://www.digemid.minsa.gob.pe/webDigemid/disponibilidad-de-productos-farmaceuticos/2026/disponibilidad-de-productos-farmaceuticos-agosto-2026/,2026-09-22T14:26:34.751997
PE,Peru,DIGEMID,CLORURO DE BENZALCONIO + CETRIMIDA 10 g + 1g/100 mL 1 L SOLUCION,CLORURO DE BENZALCONIO + CETRIMIDA,10 g + 1g/100 mL 1 L,,34262,,,,,shortage,SOLUCION,,2026-08-31,1,1,https://www.digemid.minsa.gob.pe/webDigemid/disponibilidad-de-productos-farmaceuticos/2026/disponibilidad-de-productos-farmaceuticos-agosto-2026/,2026-09-22T14:26:34.751997
PE,Peru,DIGEMID,MIDAZOLAM 5 mg 1 mL INYECTABLE,MIDAZOLAM,5 mg 1 mL,,04829,,,,,shortage,INYECTABLE,,2026-08-31,1,1,https://www.digemid.minsa.gob.pe/webDigemid/disponibilidad-de-productos-farmaceuticos/2026/disponibilidad-de-productos-farmaceuticos-agosto-2026/,2026-09-22T14:26:34.751997
PE,Peru,DIGEMID,IFOSFAMIDA 1 g INYECTABLE,IFOSFAMIDA,1 g,,04041,,,,,shortage,INYECTABLE,,2026-08-31,1,1,https://www.digemid.minsa.gob.pe/webDigemid/disponibilidad-de-productos-farmaceuticos/2026/disponibilidad-de-productos-farmaceuticos-agosto-2026/,2026-09-22T14:26:34.751997
PE,Peru,DIGEMID,PIPERACILINA + TAZOBACTAM 4 g + 500 mg INYECTABLE,PIPERACILINA + TAZOBACTAM,4 g + 500 mg,,05443,,,,,shortage,INYECTABLE,,2026-08-31,1,1,https://www.digemid.minsa.gob.pe/webDigemid/disponibilidad-de-productos-farmaceuticos/2026/disponibilidad-de-productos-farmaceuticos-agosto-2026/,2026-09-22T14:26:34.751997
PE,Peru,DIGEMID,SUERO ANTIESCORPIONICO 1 mg/mL 5 mL INYECTABLE,SUERO ANTIESCORPIONICO,1 mg/mL 5 mL,,33216,,,,,shortage,INYECTABLE,,2026-08-31,1,1,https://www.digemid.minsa.gob.pe/webDigemid/disponibilidad-de-productos-farmaceuticos/2026/disponibilidad-de-productos-farmaceuticos-agosto-2026/,2026-09-22T14:26:34.751997
PE,Peru,DIGEMID,DOCETAXEL 80 mg/2 mL 2 mL INYECTABLE,DOCETAXEL,80 mg/2 mL 2 mL,,02983,,,,,shortage,INYECTABLE,,2026-08-31,1,1,https://www.digemid.minsa.gob.pe/webDigemid/disponibilidad-de-productos-farmaceuticos/2026/disponibilidad-de-productos-farmaceuticos-agosto-2026/,2026-09-22T14:26:34.751997
PE,Peru,DIGEMID,PACLITAXEL 100 mg 16.7 mL INYECTABLE,PACLITAXEL,100 mg 16.7 mL,,26363,,,,,shortage,INYECTABLE,,2026-08-31,1,1,https://www.digemid.minsa.gob.pe/webDigemid/disponibilidad-de-productos-farmaceuticos/2026/disponibilidad-de-productos-farmaceuticos-agosto-2026/,2026-09-22T14:26:34.751997
PE,Peru,DIGEMID,DOXORUBICINA CLORHIDRATO 50 mg INYECTABLE,DOXORUBICINA CLORHIDRATO,50 mg,,18087,,,,,shortage,INYECTABLE,,2026-08-31,1,1,https://www.digemid.minsa.gob.pe/webDigemid/disponibilidad-de-productos-farmaceuticos/2026/disponibilidad-de-productos-farmaceuticos-agosto-2026/,2026-09-22T14:26:34.751997
PE,Peru,DIGEMID,RITUXIMAB 500 mg/50 mL 50 mL INYECTABLE,RITUXIMAB,500 mg/50 mL 50 mL,,05701,,,,,shortage,INYECTABLE,,2026-08-31,1,1,https://www.digemid.minsa.gob.pe/webDigemid/disponibilidad-de-productos-farmaceuticos/2026/disponibilidad-de-productos-farmaceuticos-agosto-2026/,2026-09-22T14:26:34.751997
PE,Peru,DIGEMID,BARIO SULFATO ADMINISTRACION RECTAL 94 g/100 g 397 g POLVO,BARIO SULFATO ADMINISTRACION RECTAL,94 g/100 g 397 g,,42892,,,,,shortage,POLVO,,2026-08-31,1,1,https://www.digemid.minsa.gob.pe/webDigemid/disponibilidad-de-productos-farmaceuticos/2026/disponibilidad-de-productos-farmaceuticos-agosto-2026/,2026-09-22T14:26:34.751997
PE,Peru,DIGEMID,COLISTINA 150 mg/ 2mL INYECTABLE,COLISTINA,150 mg/ 2mL,,28613,,,,,shortage,INYECTABLE,,2026-08-31,1,1,https://www.digemid.minsa.gob.pe/webDigemid/disponibilidad-de-productos-farmaceuticos/2026/disponibilidad-de-productos-farmaceuticos-agosto-2026/,2026-09-22T14:26:34.751997
PE,Peru,DIGEMID,"VACUNA CONTRA COVID-19 (ARNm) nucleosidos modificados, PFIZER, BIONTECH MANUFACTURING GmbH, ALEMANIA (COMIRNATY) 30 ug/ 0.3 mL VIAL 0.45 mL x 6 DOSIS INYECTABLE","VACUNA CONTRA COVID-19 (ARNm) nucleosidos modificados, PFIZER, BIONTECH MANUFACTURING GmbH, ALEMANIA (COMIRNATY)",30 ug/ 0.3 mL VIAL 0.45 mL x 6 DOSIS,,48574,,,,,shortage,INYECTABLE,,2026-08-31,1,1,https://www.digemid.minsa.gob.pe/webDigemid/disponibilidad-de-productos-farmaceuticos/2026/disponibilidad-de-productos-farmaceuticos-agosto-2026/,2026-09-22T14:26:34.751997
PE,Peru,DIGEMID,ENTECAVIR 0.5 mg TABLETA,ENTECAVIR,0.5 mg,,23054,,,,,shortage,TABLETA,,2026-08-31,1,1,https://www.digemid.minsa.gob.pe/webDigemid/disponibilidad-de-productos-farmaceuticos/2026/disponibilidad-de-productos-farmaceuticos-agosto-2026/,2026-09-22T14:26:34.751997
PE,Peru,DIGEMID,CLORANFENICOL PALMITATO 250 mg/5 mL 120 mL SUSPENSION,CLORANFENICOL PALMITATO,250 mg/5 mL 120 mL,,02048,,,,,shortage,SUSPENSION,,2026-08-31,1,1,https://www.digemid.minsa.gob.pe/webDigemid/disponibilidad-de-productos-farmaceuticos/2026/disponibilidad-de-productos-farmaceuticos-agosto-2026/,2026-09-22T14:26:34.751997
PE,Peru,DIGEMID,SULFATO DE HIDROXICLOROQUINA 200 mg (Equiv. 155 mg Hidroxicloroqui TABLETA,SULFATO DE HIDROXICLOROQUINA,200 mg (Equiv. 155 mg Hidroxicloroqui,,43898,,,,,shortage,TABLETA,,2026-08-31,1,1,https://www.digemid.minsa.gob.pe/webDigemid/disponibilidad-de-productos-farmaceuticos/2026/disponibilidad-de-productos-farmaceuticos-agosto-2026/,2026-09-22T14:26:34.751997
PE,Peru,DIGEMID,SUERO ANTIBOTROPICO POLIVALENTE 2.5 mg/mL 10 mL INYECTABLE,SUERO ANTIBOTROPICO POLIVALENTE,2.5 mg/mL 10 mL,,40383,,,,,shortage,INYECTABLE,,2026-08-31,1,1,https://www.digemid.minsa.gob.pe/webDigemid/disponibilidad-de-productos-farmaceuticos/2026/disponibilidad-de-productos-farmaceuticos-agosto-2026/,2026-09-22T14:26:34.751997
