country_code,country_name,source,medicine_name,full_name,active_substance,strength,package_size,dosage_form,atc_code,marketing_auth_holder,market_status,market_status_code,product_no,shortage_start,estimated_end,last_updated,status,scraped_at,prk
SI,Slovenia,CBZ,DuoTrav,"DuoTrav 40 mikrogramov/ml + 5 mg/ml kapljice za oko, raztopina",timololi combinationes,,"škatla z 1 kapalnim vsebnikom (polipropilen) z 2,5 ml raztopine","kapljice za oko, raztopina",S01ED51,Novartis Europharm Limited,Potekajoèe zaèasno prenehanje opravljanja prometa,6,000060,2026-03-01,2027-02-28,2026-03-30,shortage,2026-09-23T21:01:22.220090,212245
SI,Slovenia,CBZ,Amoksiklav,Amoksiklav 500 mg/125 mg filmsko obložene tablete,amoxicillinum et betalactamasis inhibitores,,škatla z 10 tabletami (2 x 5 tablet v pretisnem omotu),filmsko obložena tableta,J01CR02,Lek d.d.,Potekajoèe zaèasno prenehanje opravljanja prometa,6,000906,2025-06-01,2026-11-30,2025-12-19,shortage,2026-09-23T21:01:22.220115,
SI,Slovenia,CBZ,Tarka,Tarka 180 mg/2 mg tablete s podaljšanim sprošèanjem,trandolaprilum et verapamilum,,škatla z 28 tabletami (2 x 14 tablet v pretisnem omotu),tableta s podaljšanim sprošèanjem,C09BB10,Viatris Healthcare Limited,Potekajoèa motnja v preskrbi,5,001422,2026-03-01,2026-11-13,2026-06-02,shortage,2026-09-23T21:01:22.220133,
SI,Slovenia,CBZ,Paklitaksel Sandoz,Paklitaksel Sandoz 6 mg/ml koncentrat za raztopino za infundiranje,paclitaxelum,,škatla z 1 vialo s 5 ml koncentrata,koncentrat za raztopino za infundiranje,L01CD01,Sandoz d.d.,Potekajoèe zaèasno prenehanje opravljanja prometa,6,002275,2026-06-02,2027-06-02,2026-06-21,shortage,2026-09-23T21:01:22.220148,38202
SI,Slovenia,CBZ,Paklitaksel Sandoz,Paklitaksel Sandoz 6 mg/ml koncentrat za raztopino za infundiranje,paclitaxelum,,"škatla z 1 vialo s 16,7 ml koncentrata",koncentrat za raztopino za infundiranje,L01CD01,Sandoz d.d.,Potekajoèe zaèasno prenehanje opravljanja prometa,6,002330,2026-06-02,2027-06-02,2026-06-21,shortage,2026-09-23T21:01:22.220162,46833
SI,Slovenia,CBZ,Paklitaksel Sandoz,Paklitaksel Sandoz 6 mg/ml koncentrat za raztopino za infundiranje,paclitaxelum,,škatla z 1 vialo s 25 ml koncentrata,koncentrat za raztopino za infundiranje,L01CD01,Sandoz d.d.,Potekajoèe zaèasno prenehanje opravljanja prometa,6,002445,2026-06-02,2027-06-02,2026-06-21,shortage,2026-09-23T21:01:22.220177,73032
SI,Slovenia,CBZ,Natrijev klorid in glukoza Braun,Natrijev klorid 9 mg/ml in glukoza 50 mg/ml Braun raztopina za infundiranje,electrolyta cum carbohydratis,,polietilenska plastenka s 1000 ml raztopine,raztopina za infundiranje,B05BB02,B. Braun Melsungen AG,Potekajoèe zaèasno prenehanje opravljanja prometa,6,003590,2026-02-04,2029-02-04,2026-02-04,shortage,2026-09-23T21:01:22.220192,26573
SI,Slovenia,CBZ,KIOVIG,KIOVIG 100 mg/ml raztopina za infundiranje,immunoglobulina humana ad aplicationem intravascularem,,1 viala z 10 ml,raztopina za infundiranje,J06BA02,Takeda Manufacturing Austria AG,Napovedano zaèasno prenehanje opravljanja prometa,4,004910,2013-04-15,,2013-01-07,upcoming,2026-09-23T21:01:22.220205,80039
SI,Slovenia,CBZ,KIOVIG,KIOVIG 100 mg/ml raztopina za infundiranje,immunoglobulina humana ad aplicationem intravascularem,,1 viala s 25 ml,raztopina za infundiranje,J06BA02,Takeda Manufacturing Austria AG,Napovedano zaèasno prenehanje opravljanja prometa,4,004960,2013-04-15,,2013-01-07,upcoming,2026-09-23T21:01:22.220219,
SI,Slovenia,CBZ,KIOVIG,KIOVIG 100 mg/ml raztopina za infundiranje,immunoglobulina humana ad aplicationem intravascularem,,1 viala s 50 ml,raztopina za infundiranje,J06BA02,Takeda Manufacturing Austria AG,Napovedano zaèasno prenehanje opravljanja prometa,4,005070,2013-04-15,,2013-01-07,upcoming,2026-09-23T21:01:22.220233,
SI,Slovenia,CBZ,KIOVIG,KIOVIG 100 mg/ml raztopina za infundiranje,immunoglobulina humana ad aplicationem intravascularem,,1 viala s 100 ml,raztopina za infundiranje,J06BA02,Takeda Manufacturing Austria AG,Napovedano zaèasno prenehanje opravljanja prometa,4,005100,2013-04-15,,2013-01-07,upcoming,2026-09-23T21:01:22.220247,
SI,Slovenia,CBZ,KIOVIG,KIOVIG 100 mg/ml raztopina za infundiranje,immunoglobulina humana ad aplicationem intravascularem,,1 viala z 200 ml,raztopina za infundiranje,J06BA02,Takeda Manufacturing Austria AG,Napovedano zaèasno prenehanje opravljanja prometa,4,005169,2013-04-15,,2013-01-07,upcoming,2026-09-23T21:01:22.220260,
SI,Slovenia,CBZ,XENETIX,XENETIX 300 mg/ml raztopina za injiciranje,iobitridolum,,škatla z 1 vialo s 50 ml raztopine,raztopina za injiciranje,V08AB11,Guerbet,Potekajoèe zaèasno prenehanje opravljanja prometa,6,006025,2021-12-01,2026-12-31,2026-06-30,shortage,2026-09-23T21:01:22.220274,
SI,Slovenia,CBZ,XENETIX,XENETIX 350 mg/ml raztopina za injiciranje,iobitridolum,,škatla z 1 vialo s 50 ml raztopine,raztopina za injiciranje,V08AB11,Guerbet,Potekajoèe zaèasno prenehanje opravljanja prometa,6,006068,2021-12-01,2026-12-31,2026-06-30,shortage,2026-09-23T21:01:22.220288,
SI,Slovenia,CBZ,ZINNAT,ZINNAT 250 mg/5 ml zrnca za peroralno suspenzijo,cefuroximum,,škatla s steklenico z zrnci za pripravo 100 ml suspenzije in merilno žlièko,zrnca za peroralno suspenzijo,J01DC02,Sandoz d.d.,Potekajoèa motnja v preskrbi,5,006424,2026-06-15,2026-09-20,2026-05-24,shortage,2026-09-23T21:01:22.220301,
SI,Slovenia,CBZ,Vinorelbin Sandoz,Vinorelbin Sandoz 10 mg/ml koncentrat za raztopino za infundiranje,vinorelbinum,,škatla z 1 vialo z 1 ml koncentrata,koncentrat za raztopino za infundiranje,L01CA04,Sandoz d.d.,Potekajoèe zaèasno prenehanje opravljanja prometa,6,006980,2026-06-02,2027-06-02,2026-06-21,shortage,2026-09-23T21:01:22.220315,58815
SI,Slovenia,CBZ,Vinorelbin Sandoz,Vinorelbin Sandoz 10 mg/ml koncentrat za raztopino za infundiranje,vinorelbinum,,škatla z 1 vialo z 5 ml koncentrata,koncentrat za raztopino za infundiranje,L01CA04,Sandoz d.d.,Potekajoèe zaèasno prenehanje opravljanja prometa,6,007030,2026-06-02,2027-06-02,2026-06-21,shortage,2026-09-23T21:01:22.220329,58823
SI,Slovenia,CBZ,Rhesonativ,Rhesonativ 625 i.e./ml raztopina za injiciranje,immunoglobulinum humanum anti-D (Rh),,škatla z 1 ampulo z 1 ml raztopine,raztopina za injiciranje,J06BB01,Octapharma (IP) SPRL,Potekajoèa motnja v preskrbi,5,007510,2025-04-30,2026-09-30,2025-10-30,shortage,2026-09-23T21:01:22.220343,
SI,Slovenia,CBZ,Rhesonativ,Rhesonativ 625 i.e./ml raztopina za injiciranje,immunoglobulinum humanum anti-D (Rh),,škatla z 1 ampulo z 2 ml raztopine,raztopina za injiciranje,J06BB01,Octapharma (IP) SPRL,Potekajoèa motnja v preskrbi,5,007650,2025-04-30,2026-12-31,2026-09-15,shortage,2026-09-23T21:01:22.220357,209724
SI,Slovenia,CBZ,AmBisome liposomal,AmBisome liposomal 50 mg prašek za koncentrat za disperzijo za infundiranje,amphotericinum B,,škatla z 10 vialami (15 ml) s praškom in 10 filtri,prašek za koncentrat za disperzijo za infundiranje,J02AA01,Gilead Sciences Ireland UC,Potekajoèe zaèasno prenehanje opravljanja prometa,6,007803,2012-11-15,2023-11-15,2021-12-03,shortage,2026-09-23T21:01:22.220370,38849
SI,Slovenia,CBZ,EFECTIN,EFECTIN ER 75 mg trde kapsule s podaljšanim sprošèanjem,venlafaxinum,,škatla z 28 kapsulami (2 x 14 kapsul v pretisnem omotu),"kapsula s podaljšanim sprošèanjem, trda",N06AX16,Viatris Healthcare Limited,Potekajoèe zaèasno prenehanje opravljanja prometa,6,008184,2024-07-01,2026-12-31,2026-01-09,shortage,2026-09-23T21:01:22.220384,
SI,Slovenia,CBZ,CAELYX,CAELYX pegylated liposomal 2 mg/ml koncentrat za raztopino za infundiranje,doxorubicinum,,škatla z eno vialo s 25 ml koncentrata,koncentrat za raztopino za infundiranje,L01DB01,Baxter Holding B.V.,Potekajoèa motnja v preskrbi,5,010723,2026-09-10,2026-12-31,2026-09-14,shortage,2026-09-23T21:01:22.220398,121711
SI,Slovenia,CBZ,Hyalgan,Hyalgan 20 mg/2 ml raztopina za injiciranje,acidum hyaluronicum,,škatla z 1 vialo z 2 ml raztopine za injiciranje,raztopina za injiciranje,M09AX01,Fidia Farmaceutici S.p.A.,Napovedano zaèasno prenehanje opravljanja prometa,4,011355,2009-08-30,,2013-07-10,upcoming,2026-09-23T21:01:22.220411,50733
SI,Slovenia,CBZ,BELOSALIC,"BELOSALIC 0,5 mg / 20 mg v 1 g dermalna raztopina",betamethasonum,,škatla s plastenko s 50 ml raztopine,dermalna raztopina,D07XC01,"BELUPO, d.o.o., Ljubljana",Potekajoèe zaèasno prenehanje opravljanja prometa,6,012807,2022-03-30,,2022-02-15,shortage,2026-09-23T21:01:22.220425,
SI,Slovenia,CBZ,Synflorix,Synflorix suspenzija za injiciranje v napolnjeni injekcijski brizgi,vaccinum pneumococcale antigenis polysaccharidicus purificat ificatis cum vaccinam influenzae coniugatum,,1 napolnjena injekcijska brizga in 1 igla,suspenzija za injiciranje v napolnjeni injekcijski brizgi,J07AL52,GlaxoSmithKline Biologicals S.A.,Potekajoèe zaèasno prenehanje opravljanja prometa,6,012882,2021-02-28,2027-08-01,2024-02-26,shortage,2026-09-23T21:01:22.220439,
SI,Slovenia,CBZ,CARDURA,CARDURA XL 8 mg tablete s podaljšanim sprošèanjem,doxazosinum,,škatla z 28 tabletami (4 x 7 tablet v pretisnem omotu),tableta s podaljšanim sprošèanjem,C02CA04,Viatris Healthcare Limited,Potekajoèe zaèasno prenehanje opravljanja prometa,6,013331,2024-05-20,2026-12-31,2026-01-09,shortage,2026-09-23T21:01:22.220453,
SI,Slovenia,CBZ,Visudyne,Visudyne 15 mg prašek za raztopino za infundiranje,verteporfinum,,škatla z eno vialo s praškom,prašek za raztopino za infundiranje,S01LA01,CHEPLAPHARM Arzneimittel GmbH,Potekajoèa motnja v preskrbi,5,013528,2021-04-01,2026-12-31,2025-11-20,shortage,2026-09-23T21:01:22.220466,58963
SI,Slovenia,CBZ,Targocid,Targocid 400 mg prašek in vehikel za raztopino za injiciranje ali infundiranje ali za peroralno raztopino,teicoplaninum,,"škatla z eno vialo s praškom in eno ampulo s 3,2 ml vehikla",prašek in vehikel za raztopino za injiciranje/infundiranje,J01XA02,Sanofi Winthrop Industrie,Potekajoèa motnja v preskrbi,5,013919,2026-09-21,2027-01-29,2026-09-02,shortage,2026-09-23T21:01:22.220481,
SI,Slovenia,CBZ,Doksorubicin Sandoz,Doksorubicin Sandoz 2 mg/ml koncentrat za raztopino za infundiranje,doxorubicinum,,škatla z 1 vialo brez ovoja s 5 ml koncentrata,koncentrat za raztopino za infundiranje,L01DB01,Sandoz d.d.,Potekajoèe zaèasno prenehanje opravljanja prometa,6,014184,2026-06-02,2027-06-02,2026-06-21,shortage,2026-09-23T21:01:22.220495,30694
SI,Slovenia,CBZ,Doksorubicin Sandoz,Doksorubicin Sandoz 2 mg/ml koncentrat za raztopino za infundiranje,doxorubicinum,,škatla z 1 vialo brez ovoja s 25 ml koncentrata,koncentrat za raztopino za infundiranje,L01DB01,Sandoz d.d.,Potekajoèe zaèasno prenehanje opravljanja prometa,6,014192,2026-06-02,2027-06-02,2026-06-21,shortage,2026-09-23T21:01:22.220509,33995
SI,Slovenia,CBZ,EPIRUBICIN EBEWE,EPIRUBICIN EBEWE 2 mg/ml koncentrat za raztopino za infundiranje,epirubicinum,,škatla z 1 vialo z ovojem (Onco-Safe ali krèljivi ovoj) ali brez s 5 ml koncentrata,koncentrat za raztopino za infundiranje,L01DB03,EBEWE Pharma,Potekajoèe zaèasno prenehanje opravljanja prometa,6,014206,2026-06-02,2027-06-02,2026-06-21,shortage,2026-09-23T21:01:22.220523,82252
SI,Slovenia,CBZ,EPIRUBICIN EBEWE,EPIRUBICIN EBEWE 2 mg/ml koncentrat za raztopino za infundiranje,epirubicinum,,škatla z 1 vialo z ovojem (Onco-Safe ali krèljivi ovoj) ali brez s 25 ml koncentrata,koncentrat za raztopino za infundiranje,L01DB03,EBEWE Pharma,Potekajoèe zaèasno prenehanje opravljanja prometa,6,014257,2026-06-02,2027-06-02,2026-06-21,shortage,2026-09-23T21:01:22.220536,82260
SI,Slovenia,CBZ,Tasmar,Tasmar 100 mg filmsko obložene tablete,tolcaponum,,100 filmsko obloženih tablet,filmsko obložena tableta,N04BX01,Viatris Healthcare Limited,Potekajoèe zaèasno prenehanje opravljanja prometa,6,015423,2022-02-23,2026-12-31,2025-07-25,shortage,2026-09-23T21:01:22.220550,80179
SI,Slovenia,CBZ,Test Helicobacter INFAI,"Test Helicobacter INFAI za otroke v starosti 3   11 let, 45 mg prašek za peroralno raztopino",Alia diagnostica,,škatla z lonèkom s 45g praška za peroralno raztopino s 4 epruvetami za vzorce izdihanega zraka in upogljivo slamico za pihanje,prašek za peroralno raztopino,V04CX,INFAI GmbH,Potekajoèe zaèasno prenehanje opravljanja prometa,6,015458,2018-02-14,2026-12-31,2024-11-27,shortage,2026-09-23T21:01:22.220564,
SI,Slovenia,CBZ,Manitol z elektroliti HZTM,Manitol z elektroliti HZTM 100 mg/ml raztopina za infundiranje,mannitolum,,steklenica s 500 ml raztopine,raztopina za infundiranje,B05BC01,HRVATSKI ZAVOD ZA TRANSFUZIJSKU MEDICINU,Potekajoèa motnja v preskrbi,5,015660,2022-11-21,2026-12-31,2026-02-10,shortage,2026-09-23T21:01:22.220577,
SI,Slovenia,CBZ,CERVARIX,CERVARIX suspenzija za injiciranje v napolnjeni injekcijski brizgi,"vaccina papilomaviris humanis stirpis 16, 18",,"1 napolnjena injekcijska brizga (0,5 ml) + 1 injekcijska igla",suspenzija za injiciranje,J07BM02,GlaxoSmithKline Biologicals S.A.,Potekajoèe zaèasno prenehanje opravljanja prometa,6,017329,2020-07-31,2027-08-01,2024-02-26,shortage,2026-09-23T21:01:22.220591,215899
SI,Slovenia,CBZ,OMNIPAQUE,OMNIPAQUE 300 mg I/ml raztopina za injiciranje,iohexolum,,škatla z 10 vialami s 50 ml raztopine,raztopina za injiciranje,V08AB02,GE Healthcare AS,Potekajoèe zaèasno prenehanje opravljanja prometa,6,017639,2012-09-18,,2012-09-19,shortage,2026-09-23T21:01:22.220604,
SI,Slovenia,CBZ,BONVIVA,BONVIVA 3 mg/3 ml raztopina za injiciranje v napolnjeni injekcijski brizgi,acidum ibandronicum,,1 napolnjena injekcijska brizga,raztopina za injiciranje,M05BA06,Atnahs Pharma Netherlands B.V.,Potekajoèe zaèasno prenehanje opravljanja prometa,6,017779,2024-06-03,2027-09-15,2026-09-15,shortage,2026-09-23T21:01:22.220618,80675
SI,Slovenia,CBZ,Betaserc,Betaserc 24 mg tablete,betahistinum,,škatla z 20 tabletami (1 x 20 tablet v pretisnem omotu),tableta,N07CA01,Viatris Healthcare Limited,Potekajoèa motnja v preskrbi,5,018252,2011-10-04,2026-12-31,2025-12-04,shortage,2026-09-23T21:01:22.220631,27413
SI,Slovenia,CBZ,Sutent,Sutent 25 mg trde kapsule,,,"škatla, plastenka s 30 trdimi kapsulami","kapsula, trda",L01EX01,Pfizer Europe MA EEIG,Potekajoèa motnja v preskrbi,5,018597,2026-07-10,2026-10-05,2026-07-08,shortage,2026-09-23T21:01:22.220645,
SI,Slovenia,CBZ,Zolrix,Zolrix 10 mg orodisperzibilne tablete,olanzapinum,,škatla z 28 tabletami (4 x 7 tablet v pretisnem omotu),orodisperzibilna tableta,N05AH03,"KRKA, d.d., Novo mesto",Potekajoèa motnja v preskrbi,5,018872,2026-09-01,2026-09-22,2026-07-27,shortage,2026-09-23T21:01:22.220659,
SI,Slovenia,CBZ,Zolrix,Zolrix 20 mg orodisperzibilne tablete,olanzapinum,,škatla z 28 tabletami (4 x 7 tablet v pretisnem omotu),orodisperzibilna tableta,N05AH03,"KRKA, d.d., Novo mesto",Potekajoèa motnja v preskrbi,5,019160,2026-06-29,2026-09-18,2026-07-13,shortage,2026-09-23T21:01:22.220673,
SI,Slovenia,CBZ,Zolrix,Zolrix 5 mg orodisperzibilne tablete,olanzapinum,,škatla z 28 tabletami (4 x 7 tablet v pretisnem omotu),orodisperzibilna tableta,N05AH03,"KRKA, d.d., Novo mesto",Potekajoèa motnja v preskrbi,5,019500,2026-07-06,2026-10-12,2026-09-03,shortage,2026-09-23T21:01:22.220686,
SI,Slovenia,CBZ,OMNIPAQUE,OMNIPAQUE 350 mg I/ml raztopina za injiciranje,iohexolum,,škatla s 6 vialami z 200 ml raztopine,raztopina za injiciranje,V08AB02,GE Healthcare AS,Potekajoèe zaèasno prenehanje opravljanja prometa,6,019860,2012-09-18,,2012-09-19,shortage,2026-09-23T21:01:22.220699,
SI,Slovenia,CBZ,Priorix,PRIORIX prašek in vehikel za raztopino za injiciranje v napolnjeni injekcijski brizgi,"morbillorum, parotitidis et rubeolae vaccinum",,"škatla z 10 napolnjenimi injekcijskimi brizgami z 0,5 ml vehikla, 20 injekcijskimi iglami in 10 vialami s praškom",prašek in vehikel za raztopino za injiciranje,J07BD52,GlaxoSmithKline Biologicals S.A.,Potekajoèe zaèasno prenehanje opravljanja prometa,6,020192,2020-10-31,2027-08-01,2024-02-26,shortage,2026-09-23T21:01:22.220713,88889
SI,Slovenia,CBZ,ARCOXIA,ARCOXIA 120 mg filmsko obložene tablete,etoricoxibum,,škatla s 14 tabletami (2 x 7 tablet v pretisnem omotu),filmsko obložena tableta,M01AH05,"N. V. Organon, Oss",Napovedano zaèasno prenehanje opravljanja prometa,4,020222,,,,upcoming,2026-09-23T21:01:22.220727,
SI,Slovenia,CBZ,ARCOXIA,ARCOXIA 120 mg filmsko obložene tablete,etoricoxibum,,škatla z 28 tabletami (4 x 7 tablet v pretisnem omotu),filmsko obložena tableta,M01AH05,"N. V. Organon, Oss",Napovedano zaèasno prenehanje opravljanja prometa,4,020249,,,,upcoming,2026-09-23T21:01:22.220740,
SI,Slovenia,CBZ,ARCOXIA,ARCOXIA 60 mg filmsko obložene tablete,etoricoxibum,,škatla s 14 tabletami (2 x 7 tablet v pretisnem omotu),filmsko obložena tableta,M01AH05,"N. V. Organon, Oss",Napovedano zaèasno prenehanje opravljanja prometa,4,020265,,,,upcoming,2026-09-23T21:01:22.220753,
SI,Slovenia,CBZ,ARCOXIA,ARCOXIA 60 mg filmsko obložene tablete,etoricoxibum,,škatla s 7 tabletami (1 x 7 tablet v pretisnem omotu),filmsko obložena tableta,M01AH05,"N. V. Organon, Oss",Napovedano zaèasno prenehanje opravljanja prometa,4,020273,,,,upcoming,2026-09-23T21:01:22.220766,
SI,Slovenia,CBZ,ARCOXIA,ARCOXIA 90 mg filmsko obložene tablete,etoricoxibum,,škatla s 14 tabletami (2 x 7 tablet v pretisnem omotu),filmsko obložena tableta,M01AH05,"N. V. Organon, Oss",Napovedano zaèasno prenehanje opravljanja prometa,4,020281,,,,upcoming,2026-09-23T21:01:22.220780,
SI,Slovenia,CBZ,ARCOXIA,ARCOXIA 90 mg filmsko obložene tablete,etoricoxibum,,škatla s 7 tabletami (1 x 7 tablet v pretisnem omotu),filmsko obložena tableta,M01AH05,"N. V. Organon, Oss",Napovedano zaèasno prenehanje opravljanja prometa,4,020303,,,,upcoming,2026-09-23T21:01:22.220793,
SI,Slovenia,CBZ,Ultiva,Ultiva 1 mg prašek za raztopino za injiciranje/infundiranje,remifentanilum,,škatla s 5 vialami s praškom,prašek za raztopino za injiciranje/infundiranje,N01AH06,Aspen Pharma Trading Limited,Potekajoèe zaèasno prenehanje opravljanja prometa,6,022268,2016-02-16,2022-02-16,2021-02-10,shortage,2026-09-23T21:01:22.220813,
SI,Slovenia,CBZ,Ultiva,Ultiva 5 mg prašek za raztopino za injiciranje/infundiranje,remifentanilum,,škatla s 5 vialami s praškom,prašek za raztopino za injiciranje/infundiranje,N01AH06,Aspen Pharma Trading Limited,Potekajoèe zaèasno prenehanje opravljanja prometa,6,022306,2016-02-16,2022-02-16,2021-02-10,shortage,2026-09-23T21:01:22.220827,
SI,Slovenia,CBZ,OMNIPAQUE,OMNIPAQUE 350 mg I/ml raztopina za injiciranje,iohexolum,,škatla z 10 vialami s 100 ml raztopine,raztopina za injiciranje,V08AB02,GE Healthcare AS,Potekajoèe zaèasno prenehanje opravljanja prometa,6,023140,2012-09-18,,2012-09-19,shortage,2026-09-23T21:01:22.220841,
SI,Slovenia,CBZ,Dermazin,Dermazin 10 mg/g krema,argenti sulfadiazinum,,škatla s tubo s polietilenskim zamaškom s 50 g kreme,krema,D06BA01,Lek d.d.,Potekajoèa motnja v preskrbi,5,023620,2026-08-10,2026-09-22,2026-09-08,shortage,2026-09-23T21:01:22.220854,2828
SI,Slovenia,CBZ,Visipaque,Visipaque 270 mg l/ml raztopina za injiciranje,iodixanolum,,škatla z 10 steklenièkami s 100 ml raztopine,raztopina za injiciranje,V08AB09,GE Healthcare AS,Potekajoèe zaèasno prenehanje opravljanja prometa,6,023906,2012-09-18,,2012-09-19,shortage,2026-09-23T21:01:22.220868,
SI,Slovenia,CBZ,Visipaque,Visipaque 270 mg l/ml raztopina za injiciranje,iodixanolum,,škatla z 10 steklenièkami s 50 ml raztopine,raztopina za injiciranje,V08AB09,GE Healthcare AS,Potekajoèe zaèasno prenehanje opravljanja prometa,6,023981,2012-09-18,,2012-09-19,shortage,2026-09-23T21:01:22.220881,
SI,Slovenia,CBZ,Visipaque,Visipaque 320 mg l/ml raztopina za injiciranje,iodixanolum,,škatla z 10 steklenièkami s 50 ml raztopine,raztopina za injiciranje,V08AB09,GE Healthcare AS,Potekajoèe zaèasno prenehanje opravljanja prometa,6,024015,2012-09-18,,2012-09-19,shortage,2026-09-23T21:01:22.220894,
SI,Slovenia,CBZ,Visipaque,Visipaque 320 mg l/ml raztopina za injiciranje,iodixanolum,,škatla z 10 steklenièkami s 100 ml raztopine,raztopina za injiciranje,V08AB09,GE Healthcare AS,Potekajoèe zaèasno prenehanje opravljanja prometa,6,024023,2012-09-18,,2012-09-19,shortage,2026-09-23T21:01:22.220907,
SI,Slovenia,CBZ,Visipaque,Visipaque 320 mg l/ml raztopina za injiciranje,iodixanolum,,škatla s 6 steklenièkami z 200 ml raztopine,raztopina za injiciranje,V08AB09,GE Healthcare AS,Potekajoèe zaèasno prenehanje opravljanja prometa,6,024058,2012-09-18,,2012-09-19,shortage,2026-09-23T21:01:22.220920,
SI,Slovenia,CBZ,ENGERIX,"ENGERIX-B za otroke 10 mikrogramov/0,5 ml suspenzija za injiciranje",antigenum hepatitidis B purificatum,,"škatla z 10 napolnjenimi injekcijskimi brizgami z 0,5 ml suspenzije in 10 injekcijskimi iglami",suspenzija za injiciranje,J07BC01,GlaxoSmithKline Biologicals S.A.,Potekajoèa motnja v preskrbi,5,024368,2023-08-02,,2024-01-29,shortage,2026-09-23T21:01:22.220933,
SI,Slovenia,CBZ,TRAVATAN,"TRAVATAN 40 mikrogramov/ml kapljice za oko, raztopina",travoprostum,,"škatla z 1 kapalnim vsebnikom (polipropilen) z 2,5 ml raztopine","kapljice za oko, raztopina",S01EE04,Novartis Europharm Limited,Potekajoèe zaèasno prenehanje opravljanja prometa,6,024864,2026-01-01,2026-12-31,2026-03-30,shortage,2026-09-23T21:01:22.220947,206431
SI,Slovenia,CBZ,Kamiren,Kamiren XL 4 mg tablete s podaljšanim sprošèanjem,doxazosinum,,škatla s 30 tabletami (3 x 10 tablet v pretisnem omotu),tableta s podaljšanim sprošèanjem,C02CA04,"KRKA, d.d., Novo mesto",Potekajoèa motnja v preskrbi,5,025240,2026-09-01,2026-10-08,2026-08-28,shortage,2026-09-23T21:01:22.220961,
SI,Slovenia,CBZ,Kamiren,Kamiren XL 4 mg tablete s podaljšanim sprošèanjem,doxazosinum,,škatla z 90 tabletami (9 x 10 tablet v pretisnem omotu),tableta s podaljšanim sprošèanjem,C02CA04,"KRKA, d.d., Novo mesto",Potekajoèa motnja v preskrbi,5,025275,2026-08-03,2026-10-01,2026-07-20,shortage,2026-09-23T21:01:22.220975,
SI,Slovenia,CBZ,REMODULIN,REMODULIN 1 mg/ml raztopina za infundiranje,treprostinilum,,škatla z 1 vialo z 20 ml raztopine,raztopina za injiciranje,B01AC21,Ferrer Internacional S.A.,Potekajoèe zaèasno prenehanje opravljanja prometa,6,025330,2024-10-01,2028-10-01,2025-09-23,shortage,2026-09-23T21:01:22.220989,
SI,Slovenia,CBZ,REMODULIN,"REMODULIN 2,5 mg/ml raztopina za infundiranje",treprostinilum,,škatla z 1 vialo z 20 ml raztopine,raztopina za injiciranje,B01AC21,Ferrer Internacional S.A.,Potekajoèe zaèasno prenehanje opravljanja prometa,6,025470,2024-10-01,2028-10-01,2025-09-23,shortage,2026-09-23T21:01:22.221003,
SI,Slovenia,CBZ,REMODULIN,REMODULIN 5 mg/ml raztopina za infundiranje,treprostinilum,,škatla z 1 vialo z 20 ml raztopine,raztopina za injiciranje,B01AC21,Ferrer Internacional S.A.,Potekajoèe zaèasno prenehanje opravljanja prometa,6,025500,2024-10-01,2028-10-01,2025-09-23,shortage,2026-09-23T21:01:22.221018,
SI,Slovenia,CBZ,INFANRIX HEXA,INFANRIX HEXA prašek in suspenzija za suspenzijo za injiciranje,"diphtheriae, haemophili influenzae B, pertussis, poliomyelitidis, tetani et hepatitidis B vaccinum combinatum",,1 viala s praškom + 1 napolnjena injekcijska brizga + 2 inj.igla,prašek in suspenzija za suspenzijo za injiciranje,J07CA09,GlaxoSmithKline Biologicals S.A.,Potekajoèe zaèasno prenehanje opravljanja prometa,6,026018,2020-02-28,2027-08-01,2024-02-26,shortage,2026-09-23T21:01:22.221032,196541
SI,Slovenia,CBZ,INFANRIX HEXA,INFANRIX HEXA prašek in suspenzija za suspenzijo za injiciranje,"diphtheriae, haemophili influenzae B, pertussis, poliomyelitidis, tetani et hepatitidis B vaccinum combinatum",,10x( viala s praškom + napolnjena injekcijska brizga + 2 inj.igla),prašek in suspenzija za suspenzijo za injiciranje,J07CA09,GlaxoSmithKline Biologicals S.A.,Potekajoèe zaèasno prenehanje opravljanja prometa,6,026026,2016-09-01,2022-12-31,2020-01-08,shortage,2026-09-23T21:01:22.221046,196541
SI,Slovenia,CBZ,Norprolac,Norprolac 75 mikrogramov tablete,quinagolidum,,škatla s 30 tabletami (3 x 10 tablet v pretisnem omotu),tableta,G02CB04,Ferring GmbH,Potekajoèe zaèasno prenehanje opravljanja prometa,6,026328,2020-12-31,2023-12-01,2022-01-21,shortage,2026-09-23T21:01:22.221059,37559
SI,Slovenia,CBZ,Ciprofloksacin Lek,Ciprofloksacin Lek 400 mg/ 200 ml raztopina za infundiranje,ciprofloxacinum,,škatla s 5 vialami z 200 ml raztopine,raztopina za infundiranje,J01MA02,Lek d.d.,Potekajoèa motnja v preskrbi,5,026476,2014-03-10,2027-11-30,2022-11-24,shortage,2026-09-23T21:01:22.221072,138215
SI,Slovenia,CBZ,Kreon,Kreon 10 000 Ph.Eur.e. trde gastrorezistentne kapsule,"praeparata multienzymica (lipazae, proteazae)",,škatla z vsebnikom s 100 kapsulami,"gastrorezistentna kapsula, trda",A09AA02,Viatris Healthcare Limited,Potekajoèa motnja v preskrbi,5,028282,2026-09-01,2026-09-25,2026-08-28,shortage,2026-09-23T21:01:22.221085,
SI,Slovenia,CBZ,Kreon,Kreon 25 000 Ph.Eur.e. trde gastrorezistentne kapsule,"praeparata multienzymica (lipazae, proteazae)",,škatla z vsebnikom s 100 kapsulami,"gastrorezistentna kapsula, trda",A09AA02,Viatris Healthcare Limited,Potekajoèa motnja v preskrbi,5,028339,2026-09-01,2026-09-25,2026-08-28,shortage,2026-09-23T21:01:22.221099,
SI,Slovenia,CBZ,Cefzil,CEFZIL 250 mg filmsko obložene tablete,cefprozilum,,škatla z 10 tabletami (1 x 10 tablet v pretisnem omotu),filmsko obložena tableta,J01DC10,Bausch Health Ireland Limited,Potekajoèe zaèasno prenehanje opravljanja prometa,6,028444,2018-03-08,2027-03-08,2025-03-03,shortage,2026-09-23T21:01:22.221113,
SI,Slovenia,CBZ,Cefzil,CEFZIL 250 mg/5 ml zrnca za peroralno suspenzijo,cefprozilum,,škatla s plastenko z zrnci za pripravo 60 ml suspenzije in merilno žlièko,zrnca za peroralno suspenzijo,J01DC10,Bausch Health Ireland Limited,Potekajoèe zaèasno prenehanje opravljanja prometa,6,028460,2025-07-01,2027-07-01,2025-04-22,shortage,2026-09-23T21:01:22.221126,
SI,Slovenia,CBZ,Boostrix,Boostrix suspenzija za injiciranje v napolnjeni injekcijski brizgi,"vaccinum pertussis antigenis purificatis, in combinationibus cum anatoxinis",,"škatla z 1 napolnjeno injekcijsko brizgo z 0,5 ml suspenzije in 1 injekcijsko iglo",suspenzija za injiciranje v napolnjeni injekcijski brizgi,J07AJ52,GlaxoSmithKline Biologicals S.A.,Potekajoèa motnja v preskrbi,5,029491,2019-01-01,,2022-11-18,shortage,2026-09-23T21:01:22.221140,167827
SI,Slovenia,CBZ,Anastrozol Teva,Anastrozol Teva 1 mg filmsko obložene tablete,anastrozolum,,škatla z 28 tabletami (4 x 7 tablet v pretisnem omotu),filmsko obložena tableta,L02BG03,Teva Pharma B.V.,Napovedano zaèasno prenehanje opravljanja prometa,4,031020,,,,upcoming,2026-09-23T21:01:22.221153,45020
SI,Slovenia,CBZ,Arlevert,Arlevert 20 mg/40 mg tablete,cinnarizini combinationes,,škatla z 20 tabletami (1 x 20 tablet v pretisnem omotu),tableta,N07CA52,Hennig Arzneimittel,Potekajoèe zaèasno prenehanje opravljanja prometa,6,031054,2021-01-01,2027-02-01,2025-10-09,shortage,2026-09-23T21:01:22.221169,86
SI,Slovenia,CBZ,ZIBOR,ZIBOR 25.000 i.e. anti-Xa/ml raztopina za injiciranje v napolnjenih injekcijskih brizgah,bemiparinum,,"škatla z 2 napolnjenima injekcijskima brizgama z 0,2 ml raztopine in injekcijsko iglo",raztopina za injiciranje v napolnjeni injekcijski brizgi,B01AB12,Gineladius S.L.,Potekajoèe zaèasno prenehanje opravljanja prometa,6,031496,2021-12-20,,2021-12-20,shortage,2026-09-23T21:01:22.221183,
SI,Slovenia,CBZ,ZIBOR,ZIBOR 25.000 i.e. anti-Xa/ml raztopina za injiciranje v napolnjenih injekcijskih brizgah,bemiparinum,,"škatla z 10 napolnjenimi injekcijskimi brizgami z 0,2 ml raztopine in injekcijsko iglo",raztopina za injiciranje v napolnjeni injekcijski brizgi,B01AB12,Gineladius S.L.,Potekajoèe zaèasno prenehanje opravljanja prometa,6,031500,2021-12-20,,2021-12-20,shortage,2026-09-23T21:01:22.221196,
SI,Slovenia,CBZ,ZIBOR,ZIBOR 25.000 i.e. anti-Xa/ml raztopina za injiciranje v napolnjenih injekcijskih brizgah,bemiparinum,,"škatla s 30 napolnjenimi injekcijskimi brizgami z 0,2 ml raztopine in injekcijsko iglo",raztopina za injiciranje v napolnjeni injekcijski brizgi,B01AB12,Gineladius S.L.,Potekajoèe zaèasno prenehanje opravljanja prometa,6,031518,2021-12-20,,2021-12-20,shortage,2026-09-23T21:01:22.221209,
SI,Slovenia,CBZ,ZIBOR,ZIBOR 25.000 i.e. anti-Xa/ml raztopina za injiciranje v napolnjenih injekcijskih brizgah,bemiparinum,,"škatla z 2 napolnjenima injekcijskima brizgama z 0,3 ml raztopine in injekcijsko iglo",raztopina za injiciranje v napolnjeni injekcijski brizgi,B01AB12,Gineladius S.L.,Potekajoèe zaèasno prenehanje opravljanja prometa,6,031534,2021-12-20,,2021-12-20,shortage,2026-09-23T21:01:22.221222,
SI,Slovenia,CBZ,ZIBOR,ZIBOR 25.000 i.e. anti-Xa/ml raztopina za injiciranje v napolnjenih injekcijskih brizgah,bemiparinum,,"škatla z 10 napolnjenimi injekcijskimi brizgami z 0,3 ml raztopine in injekcijsko iglo",raztopina za injiciranje v napolnjeni injekcijski brizgi,B01AB12,Gineladius S.L.,Potekajoèe zaèasno prenehanje opravljanja prometa,6,031542,2021-12-20,,2021-12-20,shortage,2026-09-23T21:01:22.221236,
SI,Slovenia,CBZ,ZIBOR,ZIBOR 25.000 i.e. anti-Xa/ml raztopina za injiciranje v napolnjenih injekcijskih brizgah,bemiparinum,,"škatla s 30 napolnjenimi injekcijskimi brizgami z 0,3 ml raztopine in injekcijsko iglo",raztopina za injiciranje v napolnjeni injekcijski brizgi,B01AB12,Gineladius S.L.,Potekajoèe zaèasno prenehanje opravljanja prometa,6,031569,2021-12-20,,2021-12-20,shortage,2026-09-23T21:01:22.221253,
SI,Slovenia,CBZ,ZIBOR,ZIBOR 25.000 i.e. anti-Xa/ml raztopina za injiciranje v napolnjenih injekcijskih brizgah,bemiparinum,,"škatla z 2 napolnjenima injekcijskima brizgama z 0,4 ml raztopine in injekcijsko iglo",raztopina za injiciranje v napolnjeni injekcijski brizgi,B01AB12,Gineladius S.L.,Potekajoèe zaèasno prenehanje opravljanja prometa,6,031577,2021-12-20,,2021-12-20,shortage,2026-09-23T21:01:22.221266,
SI,Slovenia,CBZ,ZIBOR,ZIBOR 25.000 i.e. anti-Xa/ml raztopina za injiciranje v napolnjenih injekcijskih brizgah,bemiparinum,,"škatla z 10 napolnjenimi injekcijskimi brizgami z 0,4 ml raztopine in injekcijsko iglo",raztopina za injiciranje v napolnjeni injekcijski brizgi,B01AB12,Gineladius S.L.,Potekajoèe zaèasno prenehanje opravljanja prometa,6,031585,2021-12-20,,2021-12-20,shortage,2026-09-23T21:01:22.221280,
SI,Slovenia,CBZ,ZIBOR,ZIBOR 25.000 i.e. anti-Xa/ml raztopina za injiciranje v napolnjenih injekcijskih brizgah,bemiparinum,,"škatla s 30 napolnjenimi injekcijskimi brizgami z 0,4 ml raztopine in injekcijsko iglo",raztopina za injiciranje v napolnjeni injekcijski brizgi,B01AB12,Gineladius S.L.,Potekajoèe zaèasno prenehanje opravljanja prometa,6,031593,2021-12-20,,2021-12-20,shortage,2026-09-23T21:01:22.221294,
SI,Slovenia,CBZ,Atoris,Atoris 40 mg filmsko obložene tablete,atorvastatinum,,škatla s 30 tabletami (3 x 10 tablet v pretisnem omotu),filmsko obložena tableta,C10AA05,"KRKA, d.d., Novo mesto",Potekajoèe zaèasno prenehanje opravljanja prometa,6,032026,2024-04-20,2026-12-31,2026-01-07,shortage,2026-09-23T21:01:22.221308,
SI,Slovenia,CBZ,Voda za injekcije Braun,Voda za injekcije Braun vehikel za parenteralno uporabo,"Solutiones et diluentia, additis solutionibus ad irigandum",,škatla z 20 polietilenskimi ampulami z 20 ml vode za injekcije,vehikel za parenteralno uporabo,V07AB,B. Braun Melsungen AG,Potekajoèe zaèasno prenehanje opravljanja prometa,6,032174,2026-02-04,2029-02-04,2026-02-04,shortage,2026-09-23T21:01:22.221322,
SI,Slovenia,CBZ,Coryol,"Coryol 3,125 mg tablete",carvedilolum,,škatla z 28 tabletami (4 x 7 tablet v pretisnem omotu),tableta,C07AG02,"KRKA, d.d., Novo mesto",Potekajoèe zaèasno prenehanje opravljanja prometa,6,034053,2024-04-08,2026-12-31,2026-01-07,shortage,2026-09-23T21:01:22.221336,
SI,Slovenia,CBZ,Fodiss,FODISS 20 mg disperzibilne tablete,fluoxetinum,,škatla z 28 tabletami (2 x 14 tablet v pretisnem omotu),disperzibilna tableta,N06AB03,Viatris Limited,Potekajoèa motnja v preskrbi,5,035491,2026-09-15,2026-10-26,2026-09-07,shortage,2026-09-23T21:01:22.221349,68039
SI,Slovenia,CBZ,Stalevo,Stalevo 200 mg/50 mg/200 mg filmsko obložene tablete,"levodopum, decarboxylasis inhibitor et COMT inhibitor",,plastenka po 30 tablet,filmsko obložena tableta,N04BA03,Orion Corporation,Potekajoèe zaèasno prenehanje opravljanja prometa,6,035530,2021-05-04,2029-08-05,2025-08-05,shortage,2026-09-23T21:01:22.221362,
SI,Slovenia,CBZ,Budesonid Orion,Budesonid Orion Easyhaler 100 mikrogramov/odmerek prašek za inhaliranje,budezonidum,,škatla z inhalatorjem z 200 odmerki in zašèitnim pokrovèkom,prašek za inhaliranje,R03BA02,Orion Corporation,Potekajoèe zaèasno prenehanje opravljanja prometa,6,035556,2021-03-17,2029-08-05,2025-08-05,shortage,2026-09-23T21:01:22.221375,76384
SI,Slovenia,CBZ,Fozinopril Arrow,Fozinopril Arrow 10 mg tablete,fosinoprilum,,škatla z 28 tabletami (2 x 14 tablet v pretisnem omotu),tableta,C09AA09,Arrow Generics Limited,Napovedano zaèasno prenehanje opravljanja prometa,4,036196,2011-02-28,,2011-01-11,upcoming,2026-09-23T21:01:22.221389,
SI,Slovenia,CBZ,Fozinopril Arrow,Fozinopril Arrow 20 mg tablete,fosinoprilum,,škatla z 28 tabletami (2 x 14 tablet v pretisnem omotu),tableta,C09AA09,Arrow Generics Limited,Napovedano zaèasno prenehanje opravljanja prometa,4,036285,2011-02-28,,2011-01-11,upcoming,2026-09-23T21:01:22.221402,
SI,Slovenia,CBZ,Doksorubicin Sandoz,Doksorubicin Sandoz 2 mg/ml koncentrat za raztopino za infundiranje,doxorubicinum,,škatla z 1 vialo brez ovoja s 50 ml koncentrata,koncentrat za raztopino za infundiranje,L01DB01,Sandoz d.d.,Potekajoèe zaèasno prenehanje opravljanja prometa,6,036366,2026-06-02,2027-06-02,2026-06-21,shortage,2026-09-23T21:01:22.221415,88471
SI,Slovenia,CBZ,Doksorubicin Sandoz,Doksorubicin Sandoz 2 mg/ml koncentrat za raztopino za infundiranje,doxorubicinum,,škatla z 1 vialo brez ovoja s 100 ml koncentrata,koncentrat za raztopino za infundiranje,L01DB01,Sandoz d.d.,Potekajoèe zaèasno prenehanje opravljanja prometa,6,036374,2026-06-02,2027-06-02,2026-06-21,shortage,2026-09-23T21:01:22.221428,34002
SI,Slovenia,CBZ,EPIRUBICIN EBEWE,EPIRUBICIN EBEWE 2 mg/ml koncentrat za raztopino za infundiranje,epirubicinum,,škatla z 1 vialo z ovojem (Onco-Safe ali krèljivi ovoj) ali brez s 50 ml koncentrata,koncentrat za raztopino za infundiranje,L01DB03,EBEWE Pharma,Potekajoèe zaèasno prenehanje opravljanja prometa,6,036382,2026-06-02,2027-06-02,2026-06-21,shortage,2026-09-23T21:01:22.221442,82279
SI,Slovenia,CBZ,EPIRUBICIN EBEWE,EPIRUBICIN EBEWE 2 mg/ml koncentrat za raztopino za infundiranje,epirubicinum,,škatla z 1 vialo z ovojem (Onco-Safe ali krèljivi ovoj) ali brez s 100 ml koncentrata,koncentrat za raztopino za infundiranje,L01DB03,EBEWE Pharma,Potekajoèa motnja v preskrbi,5,036390,2026-08-06,2026-12-31,2026-08-06,shortage,2026-09-23T21:01:22.221455,82287
SI,Slovenia,CBZ,Piramil H,"Piramil H 2,5 mg/12,5 mg tablete",ramiprilum et diuretica,,škatla z 28 tabletami (4 x 7 tablet v pretisnem omotu),tableta,C09BA05,Lek d.d.,Potekajoèe zaèasno prenehanje opravljanja prometa,6,036765,2023-09-06,2026-12-31,2025-12-19,shortage,2026-09-23T21:01:22.221468,40363
SI,Slovenia,CBZ,Ciprinol,Ciprinol 250 mg filmsko obložene tablete,ciprofloxacinum,,škatla z 10 tabletami (1 x 10 tablet v pretisnem omotu),filmsko obložena tableta,J01MA02,"KRKA, d.d., Novo mesto",Potekajoèa motnja v preskrbi,5,037044,2025-11-03,2026-09-18,2026-09-03,shortage,2026-09-23T21:01:22.221481,
SI,Slovenia,CBZ,Carboplatin Ebewe,Carboplatin Ebewe 10 mg/ml koncentrat za raztopino za infundiranje,carboplatinum,,škatla z 1 vialo s 15 ml koncentrata,koncentrat za raztopino za infundiranje,L01XA02,EBEWE Pharma,Potekajoèe zaèasno prenehanje opravljanja prometa,6,037788,2026-06-02,2027-06-02,2026-06-21,shortage,2026-09-23T21:01:22.221494,39993
SI,Slovenia,CBZ,Carboplatin Ebewe,Carboplatin Ebewe 10 mg/ml koncentrat za raztopino za infundiranje,carboplatinum,,škatla z 1 vialo s 45 ml koncentrata,koncentrat za raztopino za infundiranje,L01XA02,EBEWE Pharma,Potekajoèe zaèasno prenehanje opravljanja prometa,6,037796,2022-07-06,2026-12-31,2025-12-19,shortage,2026-09-23T21:01:22.221507,40002
SI,Slovenia,CBZ,Carboplatin Ebewe,Carboplatin Ebewe 10 mg/ml koncentrat za raztopino za infundiranje,carboplatinum,,škatla z 1 vialo s 5 ml koncentrata,koncentrat za raztopino za infundiranje,L01XA02,EBEWE Pharma,Potekajoèe zaèasno prenehanje opravljanja prometa,6,037826,2026-06-02,2027-06-02,2026-06-21,shortage,2026-09-23T21:01:22.221520,39985
SI,Slovenia,CBZ,Glypressin,Glypressin 1 mg prašek in vehikel za raztopino za injiciranje,terlipressinum,,škatla s 5 vialami s praškom in 5 ampulami s 5 ml vehikla,prašek in vehikel za raztopino za injiciranje,H01BA04,Ferring Arzneimittel Ges.m.b.H,Potekajoèe zaèasno prenehanje opravljanja prometa,6,038393,2013-06-06,2020-12-31,2018-11-22,shortage,2026-09-23T21:01:22.221534,
SI,Slovenia,CBZ,Flavamed,Flavamed 30 mg tablete,ambroxolum,,škatla z 20 tabletami (2 x 10 tablet v pretisnem omotu),tableta,R05CB06,BERLIN-CHEMIE AG,Potekajoèe zaèasno prenehanje opravljanja prometa,6,038890,2026-01-09,2027-01-09,2026-01-09,shortage,2026-09-23T21:01:22.221547,
SI,Slovenia,CBZ,Tarka,Tarka 240 mg/2 mg tablete s podaljšanim sprošèanjem,trandolaprilum et verapamilum,,škatla z 28 tabletami (2 x 14 tablet v pretisnem omotu),tableta s podaljšanim sprošèanjem,C09BB10,Viatris Healthcare Limited,Potekajoèa motnja v preskrbi,5,040100,2015-03-20,2026-12-31,2025-12-04,shortage,2026-09-23T21:01:22.221560,
SI,Slovenia,CBZ,Tarka,Tarka 240 mg/4 mg tablete s podaljšanim sprošèanjem,trandolaprilum et verapamilum,,škatla z 28 tabletami (2 x 14 tablet v pretisnem omotu),tableta s podaljšanim sprošèanjem,C09BB10,Viatris Healthcare Limited,Potekajoèa motnja v preskrbi,5,040240,2026-09-01,2026-11-13,2026-06-02,shortage,2026-09-23T21:01:22.221573,
SI,Slovenia,CBZ,Nifecard,Nifecard 30 mg tablete s podaljšanim sprošèanjem,nifedipinum,,škatla s 30 tabletami (3 x 10 tablet v pretisnem omotu),tableta s podaljšanim sprošèanjem,C08CA05,Lek d.d.,Potekajoèe zaèasno prenehanje opravljanja prometa,6,041114,2026-02-24,2028-02-29,2026-02-24,shortage,2026-09-23T21:01:22.221587,
SI,Slovenia,CBZ,EBEPOSID,EBEPOSID 20 mg/ml koncentrat za raztopino za infundiranje,etoposidum,,škatla z 1 vialo brez ovoja s 5 ml koncentrata,koncentrat za raztopino za infundiranje,L01CB01,EBEWE Pharma,Potekajoèe zaèasno prenehanje opravljanja prometa,6,041483,2026-06-02,2027-06-02,2026-06-21,shortage,2026-09-23T21:01:22.221600,32700
SI,Slovenia,CBZ,EBEPOSID,EBEPOSID 20 mg/ml koncentrat za raztopino za infundiranje,etoposidum,,škatla z 1 vialo brez ovoja z 10 ml koncentrata,koncentrat za raztopino za infundiranje,L01CB01,EBEWE Pharma,Potekajoèe zaèasno prenehanje opravljanja prometa,6,041491,2026-06-02,2027-06-02,2026-06-21,shortage,2026-09-23T21:01:22.221614,39381
SI,Slovenia,CBZ,EBEPOSID,EBEPOSID 20 mg/ml koncentrat za raztopino za infundiranje,etoposidum,,škatla z 1 vialo brez ovoja z 20 ml koncentrata,koncentrat za raztopino za infundiranje,L01CB01,EBEWE Pharma,Potekajoèe zaèasno prenehanje opravljanja prometa,6,041505,2026-06-02,2027-06-02,2026-06-21,shortage,2026-09-23T21:01:22.221626,
SI,Slovenia,CBZ,EBEPOSID,EBEPOSID 20 mg/ml koncentrat za raztopino za infundiranje,etoposidum,,škatla z 1 vialo brez ovoja s 50 ml koncentrata,koncentrat za raztopino za infundiranje,L01CB01,EBEWE Pharma,Potekajoèe zaèasno prenehanje opravljanja prometa,6,041521,2026-06-02,2027-06-02,2026-06-21,shortage,2026-09-23T21:01:22.221640,
SI,Slovenia,CBZ,ZIBOR,"ZIBOR 2500 i.e. anti Xa/0,2 ml raztopina za injiciranje v napolnjenih injekcijskih brizgah",bemiparinum,,škatla z 2 napolnjenima injekcijskima brizgama in 2 iglama,raztopina za injiciranje,B01AB12,Gineladius S.L.,Potekajoèe zaèasno prenehanje opravljanja prometa,6,041602,2021-12-20,,2021-12-20,shortage,2026-09-23T21:01:22.221653,
SI,Slovenia,CBZ,ZIBOR,"ZIBOR 2500 i.e. anti Xa/0,2 ml raztopina za injiciranje v napolnjenih injekcijskih brizgah",bemiparinum,,škatla z 10 napolnjenimi injekcijskimi brizgami in 10 iglami,raztopina za injiciranje,B01AB12,Gineladius S.L.,Potekajoèe zaèasno prenehanje opravljanja prometa,6,041610,2021-12-20,,2021-12-20,shortage,2026-09-23T21:01:22.221666,
SI,Slovenia,CBZ,ZIBOR,"ZIBOR 2500 i.e. anti Xa/0,2 ml raztopina za injiciranje v napolnjenih injekcijskih brizgah",bemiparinum,,škatla s 30 napolnjenimi injekcijskimi brizgami in 30 iglami,raztopina za injiciranje,B01AB12,Gineladius S.L.,Potekajoèe zaèasno prenehanje opravljanja prometa,6,041629,2021-12-20,,2021-12-20,shortage,2026-09-23T21:01:22.221679,
SI,Slovenia,CBZ,ZIBOR,"ZIBOR 3500 i.e. anti Xa/0,2 ml raztopina za injiciranje v napolnjenih injekcijskih brizgah",bemiparinum,,škatla z 2 napolnjenima injekcijskima brizgama in 2 iglama,raztopina za injiciranje,B01AB12,Gineladius S.L.,Potekajoèe zaèasno prenehanje opravljanja prometa,6,041637,2021-12-20,,2021-12-20,shortage,2026-09-23T21:01:22.221692,
SI,Slovenia,CBZ,ZIBOR,"ZIBOR 3500 i.e. anti Xa/0,2 ml raztopina za injiciranje v napolnjenih injekcijskih brizgah",bemiparinum,,škatla z 10 napolnjenimi injekcijskimi brizgami in 10 iglami,raztopina za injiciranje,B01AB12,Gineladius S.L.,Potekajoèe zaèasno prenehanje opravljanja prometa,6,041645,2021-12-20,,2021-12-20,shortage,2026-09-23T21:01:22.221705,
SI,Slovenia,CBZ,ZIBOR,"ZIBOR 3500 i.e. anti Xa/0,2 ml raztopina za injiciranje v napolnjenih injekcijskih brizgah",bemiparinum,,škatla s 30 napolnjenimi injekcijskimi brizgami in 30 iglami,raztopina za injiciranje,B01AB12,Gineladius S.L.,Potekajoèe zaèasno prenehanje opravljanja prometa,6,041653,2021-12-20,,2021-12-20,shortage,2026-09-23T21:01:22.221718,
SI,Slovenia,CBZ,Priorix,Priorix-Tetra prašek in vehikel za raztopino za injiciranje v napolnjeni injekcijski brizgi,"morbillorum, parotitidis, rubeolae et varicellae vaccinum combinatum viris attenuatis",,"škatla z 1 napolnjeno injekcijsko brizgo z 0,5 ml vehikla, z 1 vialo s praškom in 2 injekcijskima iglama",prašek in vehikel za raztopino za injiciranje,J07BD54,GlaxoSmithKline Biologicals S.A.,Potekajoèe zaèasno prenehanje opravljanja prometa,6,043320,2018-01-01,2023-07-31,2021-06-07,shortage,2026-09-23T21:01:22.221732,
SI,Slovenia,CBZ,RELISTOR,"RELISTOR 12 mg/0,6 ml raztopina za injiciranje",methylnaltrexonii bromidum,,"škatla s 7 vialami,7 injekcijskimi brizgami z vskoèno injekcijsko iglo in 14 alkoholnimi zloženci",raztopina za injiciranje,A06AH01,Bausch Health Ireland Limited,Potekajoèa motnja v preskrbi,5,043770,2025-10-16,2027-10-16,2026-03-02,shortage,2026-09-23T21:01:22.221745,86754
SI,Slovenia,CBZ,Parogen,PAROGEN 20 mg filmsko obložene tablete,paroxetinum,,škatla z 28 tabletami v plastiènem vsebniku,filmsko obložena tableta,N06AB05,Viatris Limited,Potekajoèe zaèasno prenehanje opravljanja prometa,6,045101,2018-10-01,2026-12-31,2025-07-25,shortage,2026-09-23T21:01:22.221759,
SI,Slovenia,CBZ,MOVIPREP,MOVIPREP prašek za peroralno raztopino,Osmolaxantia,,"škatla za enkratno zdravljenje, ki vsebuje dve prozorni vreèi z 1 vreèico A in 1 vreèico B",prašek za peroralno raztopino,A06AD,Norgine BV,Potekajoèa motnja v preskrbi,5,045802,2026-09-01,2026-11-01,2026-06-22,shortage,2026-09-23T21:01:22.221772,
SI,Slovenia,CBZ,XANAX,"XANAX 0,5 mg tablete",alprazolamum,,škatla s 30 tabletami (3 x 10 tablet v pretisnem omotu),tableta,N05BA12,Viatris Healthcare Limited,Potekajoèa motnja v preskrbi,5,046086,2023-08-21,2026-12-31,2025-12-04,shortage,2026-09-23T21:01:22.221785,
SI,Slovenia,CBZ,Epirubicin Rivopharm,Epirubicin Rivopharm 2 mg/ml raztopina za injiciranje,epirubicinum,,škatla z 1 vialo s 5 ml raztopine,raztopina za injiciranje,L01DB03,Rivopharm Limited,Potekajoèe zaèasno prenehanje opravljanja prometa,6,047643,2021-11-30,2024-11-30,2021-11-30,shortage,2026-09-23T21:01:22.221799,82252
SI,Slovenia,CBZ,Epirubicin Rivopharm,Epirubicin Rivopharm 2 mg/ml raztopina za injiciranje,epirubicinum,,škatla z 1 vialo s 25 ml raztopine,raztopina za injiciranje,L01DB03,Rivopharm Limited,Potekajoèe zaèasno prenehanje opravljanja prometa,6,047660,2021-11-30,2024-11-30,2021-11-30,shortage,2026-09-23T21:01:22.221812,
SI,Slovenia,CBZ,Granisetron Lek,Granisetron Lek 1 mg/ml koncentrat za raztopino za injiciranje/infundiranje,granisetronum,,škatla s 5 vialami s 3 ml koncentrata,koncentrat za raztopino za injiciranje/infundiranje,A04AA02,Lek d.d.,Potekajoèe zaèasno prenehanje opravljanja prometa,6,047708,2024-02-21,2027-06-02,2026-06-21,shortage,2026-09-23T21:01:22.221826,33413
SI,Slovenia,CBZ,Lorista,Lorista 50 mg filmsko obložene tablete,losartanum,,škatla s 84 tabletami (6 x 14 tablet v pretisnem omotu),filmsko obložena tableta,C09CA01,"KRKA, d.d., Novo mesto",Potekajoèe zaèasno prenehanje opravljanja prometa,6,049565,2021-11-01,2026-12-31,2026-01-07,shortage,2026-09-23T21:01:22.221839,
SI,Slovenia,CBZ,Prontoflex,"Prontoflex 100 mg/g dermalno pršilo, raztopina",ketoprofenum,,škatla s steklenièko s 25 g raztopine,"dermalno pršilo, raztopina",M02AA10,Cyathus Exquirere Pharmaforschungs GmbH,Potekajoèe zaèasno prenehanje opravljanja prometa,6,049883,2014-09-02,,2021-11-25,shortage,2026-09-23T21:01:22.221852,
SI,Slovenia,CBZ,Menadex,Menadex 25 mg filmsko obložene tablete,dexketoprofenum,,škatla z 10 tabletami (1 x 10 tablet v pretisnem omotu iz PVC-aluminija),filmsko obložena tableta,M01AE17,Menarini International O.L.S.A.,Potekajoèe zaèasno prenehanje opravljanja prometa,6,050946,2025-09-30,2028-09-30,2025-10-06,shortage,2026-09-23T21:01:22.221865,55794
SI,Slovenia,CBZ,Hyalgan,Hyalgan 20 mg/2 ml raztopina za injiciranje v napolnjeni injekcijski brizgi,acidum hyaluronicum,,škatla z 1 napolnjeno injekcijsko brizgo z 2 ml raztopine,raztopina za injiciranje v napolnjeni injekcijski brizgi,M09AX01,Fidia Farmaceutici S.p.A.,Potekajoèa motnja v preskrbi,5,051187,2019-12-01,2025-01-01,2019-12-16,shortage,2026-09-23T21:01:22.221879,50733
SI,Slovenia,CBZ,OMNIPAQUE,OMNIPAQUE 350 mg I/ml raztopina za injiciranje,iohexolum,,škatla z 10 polipropilenskimi vsebniki s 50 ml raztopine,raztopina za injiciranje,V08AB02,GE Healthcare AS,Potekajoèe zaèasno prenehanje opravljanja prometa,6,052841,2013-11-27,2026-11-26,2023-09-26,shortage,2026-09-23T21:01:22.221891,18481
SI,Slovenia,CBZ,Nakom,Nakom 250 mg/25 mg tablete,levodopum et decarboxylasis inhibitor,,škatla s 100 tabletami (10 x 10 tablet v pretisnem omotu),tableta,N04BA02,Lek d.d.,Potekajoèa motnja v preskrbi,5,053678,2026-09-17,2026-10-28,2026-09-17,shortage,2026-09-23T21:01:22.221905,
SI,Slovenia,CBZ,Zaditen,"Zaditen 0,25 mg/ml kapljice za oko, raztopina",ketotifenum,,škatla s kapalnim vsebnikom s 5 ml raztopine,"kapljice za oko, raztopina",S01GX08,Laboratoires Thea,Potekajoèa motnja v preskrbi,5,056049,2025-08-01,2026-12-31,2026-06-08,shortage,2026-09-23T21:01:22.221918,101850
SI,Slovenia,CBZ,Fludarabinfosfat Sandoz,Fludarabinfosfat Sandoz 25 mg/ml koncentrat za raztopino za injiciranje ali infundiranje,fludarabinum,,škatla z 1 vialo brez zašèitnega ovoja z 2 ml koncentrata,koncentrat za raztopino za injiciranje/infundiranje,L01BB05,Sandoz d.d.,Potekajoèe zaèasno prenehanje opravljanja prometa,6,056510,2026-06-01,2027-05-31,2026-09-17,shortage,2026-09-23T21:01:22.221931,84530
SI,Slovenia,CBZ,Irinotekan Viatris,Irinotekan Viatris 20 mg/ml koncentrat za raztopino za infundiranje,,,škatla z 1 vialo s 5 ml koncentrata,koncentrat za raztopino za infundiranje,L01CE02,Viatris Limited,Potekajoèa motnja v preskrbi,5,056740,2022-12-19,2026-12-31,2025-07-28,shortage,2026-09-23T21:01:22.221945,51047
SI,Slovenia,CBZ,Olivin,Olivin 10 mg tablete,enalaprilum,,škatla z 90 tabletami (9 x 10 tablet v pretisnem omotu s posameznimi odmerki),tableta,C09AA02,Lek d.d.,Potekajoèa motnja v preskrbi,5,059064,2026-04-10,2027-05-31,2026-08-24,shortage,2026-09-23T21:01:22.221959,
SI,Slovenia,CBZ,Stalevo,"Stalevo 75 mg/18,75 mg/200 mg filmsko obložene tablete","levodopum, decarboxylasis inhibitor et COMT inhibitor",,plastenka po 30 tablet,filmsko obložena tableta,N04BA03,Orion Corporation,Potekajoèe zaèasno prenehanje opravljanja prometa,6,059820,2021-05-04,2029-08-05,2025-08-05,shortage,2026-09-23T21:01:22.221972,
SI,Slovenia,CBZ,Nexodal,"Nexodal 0,4 mg/ml raztopina za injiciranje",naloxonum,,škatla z 10 ampulami z 1 ml raztopine,raztopina za injiciranje,V03AB15,Orpha-Devel Handels und Vertriebs GmbH,Potekajoèa motnja v preskrbi,5,060160,2026-07-06,2026-09-15,2026-08-26,shortage,2026-09-23T21:01:22.221985,2429
SI,Slovenia,CBZ,Efient,Efient 5 mg filmsko obložene tablete,prasugrelum,,škatla z 28 tabletami v pretisnem omotu,filmsko obložena tableta,B01AC22,Substipharm,Potekajoèe zaèasno prenehanje opravljanja prometa,6,060720,2021-11-29,2026-12-31,2024-12-23,shortage,2026-09-23T21:01:22.221998,196894
SI,Slovenia,CBZ,SOLUVIT N,SOLUVIT N prašek za raztopino za infundiranje,Vitamina,,škatla z 10 vialami s praškom,prašek za raztopino za infundiranje,B05XC,MEDIASI d.o.o.,Potekajoèa motnja v preskrbi,5,061166,2026-07-15,2026-12-31,2026-07-15,shortage,2026-09-23T21:01:22.222011,
SI,Slovenia,CBZ,Stalevo,"Stalevo 50 mg/12,5 mg/200 mg filmsko obložene tablete","levodopum, decarboxylasis inhibitor et COMT inhibitor",,plastenka po 30 tablet,filmsko obložena tableta,N04BA03,Orion Corporation,Potekajoèe zaèasno prenehanje opravljanja prometa,6,066354,2021-05-04,2029-08-05,2025-08-05,shortage,2026-09-23T21:01:22.222025,
SI,Slovenia,CBZ,Stalevo,Stalevo 100 mg/25 mg/200 mg filmsko obložene tablete,"levodopum, decarboxylasis inhibitor et COMT inhibitor",,plastenka po 30 tablet,filmsko obložena tableta,N04BA03,Orion Corporation,Potekajoèe zaèasno prenehanje opravljanja prometa,6,066575,2021-05-04,2029-08-05,2025-08-05,shortage,2026-09-23T21:01:22.222038,
SI,Slovenia,CBZ,Stalevo,"Stalevo 150 mg/37,5 mg/200 mg filmsko obložene tablete","levodopum, decarboxylasis inhibitor et COMT inhibitor",,plastenka po 30 tablet,filmsko obložena tableta,N04BA03,Orion Corporation,Potekajoèe zaèasno prenehanje opravljanja prometa,6,066621,2021-05-04,2029-08-05,2025-08-05,shortage,2026-09-23T21:01:22.222051,
SI,Slovenia,CBZ,Carvedigamma,"Carvedigamma 12,5 mg filmsko obložene tablete",carvedilolum,,škatla s 30 tabletami (3 x 10 tablet v pretisnem omotu),filmsko obložena tableta,C07AG02,WÖRWAG Pharma,Potekajoèa motnja v preskrbi,5,067814,2023-05-02,2024-08-01,2024-07-10,shortage,2026-09-23T21:01:22.222064,
SI,Slovenia,CBZ,Carvedigamma,Carvedigamma 25 mg filmsko obložene tablete,carvedilolum,,škatla s 30 tabletami (3 x 10 tablet v pretisnem omotu),filmsko obložena tableta,C07AG02,WÖRWAG Pharma,Potekajoèa motnja v preskrbi,5,067881,2023-12-20,2024-08-01,2024-07-10,shortage,2026-09-23T21:01:22.222078,
SI,Slovenia,CBZ,Tadol,Tadol 150 mg tablete s podaljšanim sprošèanjem,tramadolum,,škatla s 30 tabletami (3 x 10 tablet v pretisnem omotu),tableta s podaljšanim sprošèanjem,N02AX02,"KRKA, d.d., Novo mesto",Potekajoèa motnja v preskrbi,5,068012,2026-09-15,2026-11-09,2026-08-28,shortage,2026-09-23T21:01:22.222091,35203
SI,Slovenia,CBZ,Athyrazol,Athyrazol 10 mg tablete,thiamazolum,,škatla s 30 tabletami (3 x 10 tablet v pretisnem omotu),tableta,H03BB02,JADRAN - GALENSKI LABORATORIJ d.d.,Potekajoèa motnja v preskrbi,5,068675,2026-09-16,2026-10-31,2026-09-16,shortage,2026-09-23T21:01:22.222104,
SI,Slovenia,CBZ,ZEVALIN,"ZEVALIN 1,6 mg/ml komplet za pripravo radiofarmakov za infundiranje",ibritumomabum tiuxetanum [90Y],,"1 komplet : 1 viala z ibritumomab tiuksetanom, 1 viala z raztopino natrijevega acetata, 1 viala s pufrom za pripravo formulacije in 1 prazna viala za pripravo zmesi",komplet za pripravo radiofarmaka,V10XX02,Ceft Biopharma s.r.o,Potekajoèe zaèasno prenehanje opravljanja prometa,6,070386,2020-06-01,2023-01-01,2021-11-29,shortage,2026-09-23T21:01:22.222117,
SI,Slovenia,CBZ,Ezoleta,Ezoleta 10 mg tablete,ezetimibum,,škatla s 30 tabletami (3 x 10 tablet v pretisnem omotu),tableta,C10AX09,"KRKA, d.d., Novo mesto",Potekajoèa motnja v preskrbi,5,070890,2026-08-03,2026-09-22,2026-07-21,shortage,2026-09-23T21:01:22.222131,70645
SI,Slovenia,CBZ,Natrijev klorid Pliva,Natrijev klorid HZTM 9 mg/ml raztopina za infundiranje,electrolyta,,steklenica s 500 ml raztopine,raztopina za infundiranje,B05BB01,HRVATSKI ZAVOD ZA TRANSFUZIJSKU MEDICINU,Potekajoèe zaèasno prenehanje opravljanja prometa,6,072133,2010-05-01,2027-03-01,2026-06-12,shortage,2026-09-23T21:01:22.222143,27685
SI,Slovenia,CBZ,Olicard,OLICARD 60 mg trde kapsule s podaljšanim sprošèanjem,isosorbidi mononitras,,škatla s 50 kapsulami (5 x 10 kapsul v pretisnem omotu),"kapsula s podaljšanim sprošèanjem, trda",C01DA14,Viatris Healthcare Limited,Potekajoèe zaèasno prenehanje opravljanja prometa,6,072354,2026-07-10,2028-04-03,2026-07-02,shortage,2026-09-23T21:01:22.222157,
SI,Slovenia,CBZ,Olicard,OLICARD 40 mg trde kapsule s podaljšanim sprošèanjem,isosorbidi mononitras,,škatla s 50 kapsulami (5 x 10 kapsul v pretisnem omotu),"kapsula s podaljšanim sprošèanjem, trda",C01DA14,Viatris Healthcare Limited,Potekajoèe zaèasno prenehanje opravljanja prometa,6,072370,2026-05-27,2028-04-03,2026-05-27,shortage,2026-09-23T21:01:22.222170,
SI,Slovenia,CBZ,Zinacef,Zinacef 750 mg prašek za raztopino za injiciranje ali infundiranje,cefuroximum,,škatla z 1 vialo s praškom,prašek za raztopino za injiciranje/infundiranje,J01DC02,Sandoz d.d.,Potekajoèa motnja v preskrbi,5,073865,2026-07-01,2026-09-23,2026-09-08,shortage,2026-09-23T21:01:22.222183,
SI,Slovenia,CBZ,Codilek,Codilek 5 mg tablete s podaljšanim sprošèanjem,oxycodonum,,škatla s 60 tabletami (6 x 10 tablet v pretisnem omotu),tableta s podaljšanim sprošèanjem,N02AA05,Lek d.d.,Potekajoèe zaèasno prenehanje opravljanja prometa,6,074454,2022-09-15,2027-10-01,2025-11-05,shortage,2026-09-23T21:01:22.222196,
SI,Slovenia,CBZ,Vagisan,Vagisan 167 mg/100 mg vaginalne globule,acidum lacticum,,škatla s 7 vaginalnimi globulami (1 x 7 globul v pretisnem omotu iz PVC/PVDC/PE folje),vaginalna globula,G01AD01,Dr. A. Wolff,Potekajoèe zaèasno prenehanje opravljanja prometa,6,076031,2025-09-15,2026-12-31,2025-09-15,shortage,2026-09-23T21:01:22.222210,
SI,Slovenia,CBZ,Sirdalud,Sirdalud 4 mg tablete,tizanidinum,,škatla s 30 tabletami (3 x 10 tablet v pretisnem omotu),tableta,M03BX02,Sandoz d.d.,Potekajoèa motnja v preskrbi,5,078107,2026-08-24,2026-10-02,2026-09-08,shortage,2026-09-23T21:01:22.222224,
SI,Slovenia,CBZ,Atoris,Atoris 20 mg filmsko obložene tablete,atorvastatinum,,škatla s 30 tabletami (3 x 10 tablet v pretisnem omotu),filmsko obložena tableta,C10AA05,"KRKA, d.d., Novo mesto",Potekajoèe zaèasno prenehanje opravljanja prometa,6,080179,2024-01-03,2026-12-31,2026-01-07,shortage,2026-09-23T21:01:22.222237,
SI,Slovenia,CBZ,Yasnal,Yasnal 5 mg filmsko obložene tablete,donepezilum,,škatla z 28 tabletami (4 x 7 tablet v pretisnem omotu),filmsko obložena tableta,N06DA02,"KRKA, d.d., Novo mesto",Potekajoèa motnja v preskrbi,5,080225,2026-08-28,2026-10-07,2026-08-28,shortage,2026-09-23T21:01:22.222256,106550
SI,Slovenia,CBZ,Fluarix,Fluarix suspenzija za injiciranje v napolnjeni injekcijski brizgi,vaccinum influenzae inactivatum ex virorum fragmentis seu ex corticis antigeniis praeparatum,,"škatla z 1 napolnjeno injekcijsko brizgo z 0,5 ml suspenzije z ali brez injekcijskih igel",suspenzija za injiciranje v napolnjeni injekcijski brizgi,J07BB02,"GSK d.o.o., Ljubljana",Potekajoèe zaèasno prenehanje opravljanja prometa,6,080829,2014-07-01,2022-05-31,2019-07-16,shortage,2026-09-23T21:01:22.222270,
SI,Slovenia,CBZ,Atoris,Atoris 10 mg filmsko obložene tablete,atorvastatinum,,škatla s 30 tabletami (3 x 10 tablet v pretisnem omotu),filmsko obložena tableta,C10AA05,"KRKA, d.d., Novo mesto",Potekajoèe zaèasno prenehanje opravljanja prometa,6,081000,2024-06-03,2026-12-31,2026-01-07,shortage,2026-09-23T21:01:22.222283,
SI,Slovenia,CBZ,Kalcijev karbonat Lekarna Ljubljana,Kalcijev karbonat Lekarna Ljubljana 500 mg trde kapsule,calcii carbonas,,škatla s steklenièko s 100 kapsulami,"kapsula, trda",A12AA04,Lekarna Ljubljana,Potekajoèa motnja v preskrbi,5,081450,2026-02-02,2026-10-01,2026-06-03,shortage,2026-09-23T21:01:22.222297,97624
SI,Slovenia,CBZ,5-Fluorouracil Ebewe,5-Fluorouracil Ebewe 50 mg/ml koncentrat za raztopino za injiciranje ali infundiranje,fluorouracilum,,škatla z 1 vialo z 20 ml koncentrata,koncentrat za raztopino za injiciranje/infundiranje,L01BC02,EBEWE Pharma,Potekajoèe zaèasno prenehanje opravljanja prometa,6,082023,2026-06-02,2027-06-02,2026-06-21,shortage,2026-09-23T21:01:22.222311,38741
SI,Slovenia,CBZ,Enalapril Vitabalans,Enalapril Vitabalans 10 mg tablete,enalaprilum,,škatla s 30 tabletami (2 x 15 tablet v pretisnem omotu),tableta,C09AA02,Vitabalans oy,Potekajoèe zaèasno prenehanje opravljanja prometa,6,082392,2025-10-01,2026-12-31,2026-06-01,shortage,2026-09-23T21:01:22.222324,
SI,Slovenia,CBZ,Enalapril Vitabalans,Enalapril Vitabalans 20 mg tablete,enalaprilum,,škatla s 100 tabletami (5 x 20 tablet v pretisnem omotu),tableta,C09AA02,Vitabalans oy,Potekajoèe zaèasno prenehanje opravljanja prometa,6,082490,2025-10-01,2026-12-31,2026-06-01,shortage,2026-09-23T21:01:22.222338,
SI,Slovenia,CBZ,Enalapril Vitabalans,Enalapril Vitabalans 20 mg tablete,enalaprilum,,škatla s 30 tabletami (2 x 15 tablet v pretisnem omotu),tableta,C09AA02,Vitabalans oy,Potekajoèe zaèasno prenehanje opravljanja prometa,6,082520,2025-10-01,2026-12-31,2026-06-01,shortage,2026-09-23T21:01:22.222351,
SI,Slovenia,CBZ,Enalapril Vitabalans,Enalapril Vitabalans 5 mg tablete,enalaprilum,,škatla s 30 tabletami (2 x 15 tablet v pretisnem omotu),tableta,C09AA02,Vitabalans oy,Potekajoèe zaèasno prenehanje opravljanja prometa,6,082635,2025-10-01,2026-12-31,2026-06-01,shortage,2026-09-23T21:01:22.222364,
SI,Slovenia,CBZ,Enalapril Vitabalans,Enalapril Vitabalans 5 mg tablete,enalaprilum,,škatla s 100 tabletami (5 x 20 tablet v pretisnem omotu),tableta,C09AA02,Vitabalans oy,Potekajoèe zaèasno prenehanje opravljanja prometa,6,082660,2025-10-01,2026-12-31,2026-06-01,shortage,2026-09-23T21:01:22.222377,
SI,Slovenia,CBZ,Calciumfolinat Ebewe,Calciumfolinat Ebewe 15 mg trde kapsule,calcii folinas,,škatla z 20 kapsulami v polipropilenskem vsebniku,"kapsula, trda",V03AF03,EBEWE Pharma,Potekajoèa motnja v preskrbi,5,082732,2026-07-15,2027-02-09,2026-07-07,shortage,2026-09-23T21:01:22.222390,
SI,Slovenia,CBZ,Sortis,Sortis 80 mg filmsko obložene tablete,atorvastatinum,,škatla s 30 tabletami (3 x 10 tablet v pretisnem omotu),filmsko obložena tableta,C10AA05,Viatris Healthcare Limited,Potekajoèa motnja v preskrbi,5,083011,2023-03-09,2026-12-31,2025-12-04,shortage,2026-09-23T21:01:22.222403,
SI,Slovenia,CBZ,GLUKOZA-1-FOSFAT FRESENIUS,"GLUKOZA-1-FOSFAT FRESENIUS 1 M (3,762 g/10 ml) koncentrat za raztopino za infundiranje",Solutiones electrolytorum,,škatla s 5 ampulami z 10 ml koncentrata,raztopina za infundiranje,B05XA,MEDIASI d.o.o.,Potekajoèa motnja v preskrbi,5,085456,2026-06-15,2026-11-01,2026-08-06,shortage,2026-09-23T21:01:22.222416,
SI,Slovenia,CBZ,Aurorix,Aurorix 300 mg filmsko obložene tablete,moclobemidum,,škatla s 30 tabletami (3 x 10 tablet v pretisnem omotu),filmsko obložena tableta,N06AG02,Viatris Healthcare Limited,Potekajoèa motnja v preskrbi,5,087017,2026-04-06,2027-07-30,2026-01-23,shortage,2026-09-23T21:01:22.222430,33340
SI,Slovenia,CBZ,Xylocaine,Xylocaine 20 mg/g gel,lidocainum,,škatla z 10 tubami s 30 g gela in aplikatorjem v pretisnih omotih,gel,N01BB02,Aspen Pharma Trading Limited,Potekajoèa motnja v preskrbi,5,089680,2026-07-20,2026-10-31,2026-06-12,shortage,2026-09-23T21:01:22.222443,81930
SI,Slovenia,CBZ,Privigen,Privigen 100 mg/ml raztopina za infundiranje,immunoglobulina humana ad aplicationem intravascularem,,škatla z 1 vialo po 25 ml,raztopina za infundiranje,J06BA02,CSL Behring GmbH,Potekajoèe zaèasno prenehanje opravljanja prometa,6,090948,2025-07-01,2030-07-01,2025-06-12,shortage,2026-09-23T21:01:22.222456,80047
SI,Slovenia,CBZ,Onbrez,"Onbrez Breezhaler 300 mikrogramov prašek za inhaliranje, trde kapsule",indacaterolum,,škatla s 30 kapsulami v pretisnih omotih in enim inhalatorjem Onbrez Breezhaler,"prašek za inhaliranje, trda kapsula",R03AC18,Novartis Europharm Limited,Potekajoèe zaèasno prenehanje opravljanja prometa,6,092240,2022-09-01,2026-11-20,2025-10-20,shortage,2026-09-23T21:01:22.222470,
SI,Slovenia,CBZ,XANAX,XANAX 1 mg tablete,alprazolamum,,škatla s 30 tabletami (3 x 10 tablet v pretisnem omotu),tableta,N05BA12,Viatris Healthcare Limited,Potekajoèa motnja v preskrbi,5,096040,2023-10-01,2026-12-31,2025-12-04,shortage,2026-09-23T21:01:22.222483,
SI,Slovenia,CBZ,OMNISCAN,"OMNISCAN 0,5 mmol/ml raztopina za injiciranje",gadodiamidum,,"škatla z 10 vialami po 15 ml (0,5 mmol/ml)",raztopina za injiciranje,V08CA03,GE Healthcare AS,Potekajoèe zaèasno prenehanje opravljanja prometa,6,096725,2018-02-27,2020-12-31,2018-11-09,shortage,2026-09-23T21:01:22.222496,
SI,Slovenia,CBZ,OMNISCAN,"OMNISCAN 0,5 mmol/ml raztopina za injiciranje",gadodiamidum,,"škatla z 10 vialami po 20 ml (0,5 mmol/ml)",raztopina za injiciranje,V08CA03,GE Healthcare AS,Potekajoèe zaèasno prenehanje opravljanja prometa,6,096733,2018-02-27,2020-12-31,2018-11-09,shortage,2026-09-23T21:01:22.222508,
SI,Slovenia,CBZ,ENGERIX,ENGERIX-B 20 mikrogramov/1 ml suspenzija za injiciranje,antigenum hepatitidis B purificatum,,škatla z 1 napolnjeno injekcijsko brizgo z 1 ml suspenzije in 1 injekcijsko iglo,suspenzija za injiciranje,J07BC01,GlaxoSmithKline Biologicals S.A.,Potekajoèa motnja v preskrbi,5,096970,2023-08-02,,2024-01-29,shortage,2026-09-23T21:01:22.222522,212717
SI,Slovenia,CBZ,XANAX,XANAX SR 1 mg tablete s podaljšanim sprošèanjem,alprazolamum,,škatla s 30 tabletami (3 x 10 tablet v pretisnem omotu),tableta s podaljšanim sprošèanjem,N05BA12,Viatris Healthcare Limited,Potekajoèe zaèasno prenehanje opravljanja prometa,6,097357,2022-11-01,2026-12-31,2025-07-25,shortage,2026-09-23T21:01:22.222535,
SI,Slovenia,CBZ,Karboplatin medac,Karboplatin medac 10 mg/ml koncentrat za raztopino za infundiranje,carboplatinum,,škatla z 1 vialo s 15 ml koncentrata,koncentrat za raztopino za infundiranje,L01XA02,Medac GmbH,Potekajoèe zaèasno prenehanje opravljanja prometa,6,102059,2024-08-01,2026-12-31,2025-11-14,shortage,2026-09-23T21:01:22.222548,39993
SI,Slovenia,CBZ,Irinotekan Viatris,Irinotekan Viatris 20 mg/ml koncentrat za raztopino za infundiranje,,,škatla z 1 vialo s 15 ml koncentrata,koncentrat za raztopino za infundiranje,L01CE02,Viatris Limited,Potekajoèa motnja v preskrbi,5,102610,2021-01-31,2026-12-31,2025-07-28,shortage,2026-09-23T21:01:22.222562,86460
SI,Slovenia,CBZ,Irinotekan Viatris,Irinotekan Viatris 20 mg/ml koncentrat za raztopino za infundiranje,,,škatla z 1 vialo s 25 ml koncentrata,koncentrat za raztopino za infundiranje,L01CE02,Viatris Limited,Potekajoèe zaèasno prenehanje opravljanja prometa,6,102628,2021-04-30,2026-12-31,2025-07-28,shortage,2026-09-23T21:01:22.222575,89451
SI,Slovenia,CBZ,Docetaksel Sandoz,Docetaksel Sandoz 10 mg/ml koncentrat za raztopino za infundiranje,docetaxelum,,škatla z 1 vialo z 2 ml koncentrata brez zašèitnega ovoja,koncentrat za raztopino za infundiranje,L01CD02,Sandoz d.d.,Potekajoèe zaèasno prenehanje opravljanja prometa,6,102784,2026-06-02,2027-06-02,2026-06-21,shortage,2026-09-23T21:01:22.222588,92851
SI,Slovenia,CBZ,Docetaksel Sandoz,Docetaksel Sandoz 10 mg/ml koncentrat za raztopino za infundiranje,docetaxelum,,škatla z 1 vialo z 8 ml koncentrata brez zašèitnega ovoja,koncentrat za raztopino za infundiranje,L01CD02,Sandoz d.d.,Potekajoèe zaèasno prenehanje opravljanja prometa,6,102822,2026-06-02,2027-06-02,2026-06-21,shortage,2026-09-23T21:01:22.222601,94234
SI,Slovenia,CBZ,Gemcitabin Sandoz,Gemcitabin Sandoz 10 mg/ml koncentrat za raztopino za infundiranje,gemcitabinum,,škatla z 1 vialo z 20 ml koncentrata,koncentrat za raztopino za infundiranje,L01BC05,Sandoz d.d.,Potekajoèe zaèasno prenehanje opravljanja prometa,6,102865,2026-06-02,2027-06-02,2026-06-21,shortage,2026-09-23T21:01:22.222614,
SI,Slovenia,CBZ,Gemcitabin Sandoz,Gemcitabin Sandoz 10 mg/ml koncentrat za raztopino za infundiranje,gemcitabinum,,škatla z 1 vialo s 100 ml koncentrata,koncentrat za raztopino za infundiranje,L01BC05,Sandoz d.d.,Potekajoèe zaèasno prenehanje opravljanja prometa,6,102873,2026-06-02,2027-06-02,2026-06-21,shortage,2026-09-23T21:01:22.222627,
SI,Slovenia,CBZ,Irinotekan Ebewe,Irinotekan Ebewe 20 mg/ml koncentrat za raztopino za infundiranje,irinotecanum,,škatla z 1 vialo s 5 ml koncentrata,koncentrat za raztopino za infundiranje,L01XX19,EBEWE Pharma,Potekajoèe zaèasno prenehanje opravljanja prometa,6,102881,2026-06-01,2027-05-31,2026-09-17,shortage,2026-09-23T21:01:22.222640,
SI,Slovenia,CBZ,Irinotekan Ebewe,Irinotekan Ebewe 20 mg/ml koncentrat za raztopino za infundiranje,irinotecanum,,škatla z 1 vialo z 2 ml koncentrata,koncentrat za raztopino za infundiranje,L01XX19,EBEWE Pharma,Potekajoèe zaèasno prenehanje opravljanja prometa,6,102890,2026-06-01,2027-05-31,2026-09-17,shortage,2026-09-23T21:01:22.222653,
SI,Slovenia,CBZ,Irinotekan Ebewe,Irinotekan Ebewe 20 mg/ml koncentrat za raztopino za infundiranje,irinotecanum,,škatla z 1 vialo s 15 ml koncentrata,koncentrat za raztopino za infundiranje,L01XX19,EBEWE Pharma,Potekajoèe zaèasno prenehanje opravljanja prometa,6,102903,2026-06-01,2027-05-31,2026-09-17,shortage,2026-09-23T21:01:22.222665,
SI,Slovenia,CBZ,Flavamed,Flavamed 60 mg šumeèe tablete,ambroxolum,,škatla z 1 polipropilenskim vsebnikom z 10 tabletami,šumeèa tableta,R05CB06,BERLIN-CHEMIE AG,Potekajoèe zaèasno prenehanje opravljanja prometa,6,108359,2024-10-16,2027-10-16,2025-01-31,shortage,2026-09-23T21:01:22.222679,
SI,Slovenia,CBZ,Doprigalin,"Doprigalin 2 mg/0,625 mg tablete",perindoprilum et diuretica,,škatla s 30 tabletami (3 x 10 tablet v pretisnem omotu),tableta,C09BA04,Galex d.o.o.,Napovedano zaèasno prenehanje opravljanja prometa,4,109088,2013-05-31,2013-12-31,2013-06-11,upcoming,2026-09-23T21:01:22.222692,
SI,Slovenia,CBZ,Doprigalin,"Doprigalin 4 mg/1,25 mg tablete",perindoprilum et diuretica,,škatla s 30 tabletami (3 x 10 tablet v pretisnem omotu),tableta,C09BA04,Galex d.o.o.,Napovedano zaèasno prenehanje opravljanja prometa,4,109096,2013-05-31,2013-12-31,2013-06-11,upcoming,2026-09-23T21:01:22.222704,
SI,Slovenia,CBZ,Flavamed,Flavamed 6 mg/ml peroralna raztopina,ambroxolum,,škatla s steklenièko s 100 ml raztopine in merilno žlièko,peroralna raztopina,R05CB06,BERLIN-CHEMIE AG,Potekajoèe zaèasno prenehanje opravljanja prometa,6,109134,2024-06-30,2027-06-30,2025-01-31,shortage,2026-09-23T21:01:22.222718,
SI,Slovenia,CBZ,Sortis,Sortis 10 mg žveèljive tablete,atorvastatinum,,škatla s 30 tabletami (3 x 10 tablet v pretisnem omotu),žveèljiva tableta,C10AA05,Viatris Healthcare Limited,Potekajoèe zaèasno prenehanje opravljanja prometa,6,109762,2013-07-31,2026-12-31,2026-01-14,shortage,2026-09-23T21:01:22.222731,98779
SI,Slovenia,CBZ,Sortis,Sortis 20 mg žveèljive tablete,atorvastatinum,,škatla s 30 tabletami (3 x 10 tablet v pretisnem omotu),žveèljiva tableta,C10AA05,Viatris Healthcare Limited,Potekajoèe zaèasno prenehanje opravljanja prometa,6,109770,2013-07-31,2026-12-31,2026-01-14,shortage,2026-09-23T21:01:22.222744,98779
SI,Slovenia,CBZ,Paramax,Paramax Comp 500 mg/65 mg tablete,paracetamoli combinationes sine psycholepticis,,škatla z 10 tabletami (1 x 10 tablet v pretisnem omotu),tableta,N02BE51,Vitabalans oy,Potekajoèe zaèasno prenehanje opravljanja prometa,6,111503,2025-10-01,2026-12-31,2026-06-01,shortage,2026-09-23T21:01:22.222757,
SI,Slovenia,CBZ,Intratect,Intratect 50 g/l raztopina za infundiranje,immunoglobulina humana ad aplicationem intravascularem,,škatla z 1 vialo s 50 ml raztopine,raztopina za infundiranje,J06BA02,Biotest Pharma GmbH,Potekajoèe zaèasno prenehanje opravljanja prometa,6,111929,2017-06-06,2026-12-31,2025-01-31,shortage,2026-09-23T21:01:22.222770,77968
SI,Slovenia,CBZ,Donepezil Viatris,Donepezil Viatris 10 mg orodisperzibilne tablete,donepezilum,,škatla z 28 tabletami (2 x 14 tablet v pretisnem omotu),orodisperzibilna tableta,N06DA02,Viatris Limited,Potekajoèa motnja v preskrbi,5,112348,2026-03-18,2026-11-02,2026-03-09,shortage,2026-09-23T21:01:22.222784,
SI,Slovenia,CBZ,Donepezil Viatris,Donepezil Viatris 5 mg orodisperzibilne tablete,donepezilum,,škatla z 28 tabletami (2 x 14 tablet v pretisnem omotu),orodisperzibilna tableta,N06DA02,Viatris Limited,Potekajoèa motnja v preskrbi,5,112356,2026-09-01,2027-01-25,2026-08-07,shortage,2026-09-23T21:01:22.222797,
SI,Slovenia,CBZ,BRINAVESS,BRINAVESS 20 mg/ml koncentrat za raztopino za infundiranje,vernakalantum,,1 vialo po 25 ml,koncentrat za raztopino za infundiranje,C01BG11,ADVANZ PHARMA Limited,Potekajoèe zaèasno prenehanje opravljanja prometa,6,112968,2022-10-19,2023-02-28,2022-10-19,shortage,2026-09-23T21:01:22.222810,97640
SI,Slovenia,CBZ,Doksorubicin Teva,Doksorubicin Teva 2 mg/ml koncentrat za raztopino za infundiranje,doxorubicinum,,škatla z 1 vialo s 100 ml koncentrata,koncentrat za raztopino za infundiranje,L01DB01,Teva Pharma B.V.,Potekajoèe zaèasno prenehanje opravljanja prometa,6,113310,2027-01-01,,2026-09-02,shortage,2026-09-23T21:01:22.222824,34002
SI,Slovenia,CBZ,Glukoza Baxter,Glukoza Baxter 100 mg/ml raztopina za infundiranje,carbohydrata,,škatla z 20 vreèami (Viaflo) s 500 ml raztopine,raztopina za infundiranje,B05BA03,BAXTER d.o.o.,Potekajoèe zaèasno prenehanje opravljanja prometa,6,114561,2021-12-31,2026-12-31,2026-02-05,shortage,2026-09-23T21:01:22.222837,23361
SI,Slovenia,CBZ,Remifentanil Teva,Remifentanil Teva 1 mg prašek za koncentrat za raztopino za injiciranje ali infundiranje,remifentanilum,,škatla z 1 vialo s praškom,prašek za koncentrat za raztopino za injiciranje/infundiranje,N01AH06,Teva Pharma B.V.,Napovedana motnja v preskrbi,3,114618,2016-04-01,2016-06-30,2016-03-09,upcoming,2026-09-23T21:01:22.222850,127000
SI,Slovenia,CBZ,Scintimun,Scintimun 1 mg komplet za pripravo radiofarmaka,technetio 99mTc signata immunosera antigenis granulocitorum,,komplet za pripravo radiofarmaka - 2 viali praška + 2 viali vehikla,komplet za pripravo radiofarmaka,V09HA03,TELIX INNOVATIONS,Potekajoèa motnja v preskrbi,5,114871,2025-09-17,2028-06-26,2026-05-06,shortage,2026-09-23T21:01:22.222863,
SI,Slovenia,CBZ,Dotarem,"DOTAREM 0,5 mmol/ml raztopina za injiciranje",acidum gadotericum,,škatla z 1 vialo z 10 ml raztopine,raztopina za injiciranje,V08CA02,Guerbet,Potekajoèe zaèasno prenehanje opravljanja prometa,6,117447,2021-12-01,2026-12-31,2026-06-30,shortage,2026-09-23T21:01:22.222876,32573
SI,Slovenia,CBZ,Leflunomid medac,Leflunomid medac 20 mg filmsko obložene tablete,,,plastenka s 30 tabletami,filmsko obložena tableta,L04AK01,Medac GmbH,Potekajoèa motnja v preskrbi,5,117811,2026-09-07,2026-10-23,2026-09-07,shortage,2026-09-23T21:01:22.222889,53619
SI,Slovenia,CBZ,Celekoksib Lek,Celekoksib Lek 100 mg trde kapsule,celecoxibum,,škatla z 20 kapsulami (2 x 10 kapsul v pretisnem omotu),"kapsula, trda",M01AH01,Lek d.d.,Potekajoèe zaèasno prenehanje opravljanja prometa,6,118109,2025-11-01,2027-10-31,2025-11-10,shortage,2026-09-23T21:01:22.222902,
SI,Slovenia,CBZ,Celekoksib Lek,Celekoksib Lek 200 mg trde kapsule,celecoxibum,,škatla z 20 kapsulami (2 x 10 kapsul v pretisnem omotu),"kapsula, trda",M01AH01,Lek d.d.,Potekajoèe zaèasno prenehanje opravljanja prometa,6,118117,2025-11-01,2027-10-31,2025-11-10,shortage,2026-09-23T21:01:22.222915,
SI,Slovenia,CBZ,Flukloksacilin Altamedics,Flukloksacilin Altamedics 1 g prašek za raztopino za injiciranje/infundiranje,flucloxacillinum,,škatla z 10 vialami s praškom,prašek za raztopino za injiciranje/infundiranje,J01CF05,ALTAMEDICS d.o.o.,Potekajoèe zaèasno prenehanje opravljanja prometa,6,118125,2025-01-01,2026-12-31,2026-01-12,shortage,2026-09-23T21:01:22.222928,5304
SI,Slovenia,CBZ,Flukloksacilin Altamedics,Flukloksacilin Altamedics 2 g prašek za raztopino za injiciranje/infundiranje,flucloxacillinum,,škatla z 10 vialami s praškom,prašek za raztopino za injiciranje/infundiranje,J01CF05,ALTAMEDICS d.o.o.,Potekajoèe zaèasno prenehanje opravljanja prometa,6,118133,2025-01-01,2026-12-31,2026-01-12,shortage,2026-09-23T21:01:22.222941,5304
SI,Slovenia,CBZ,Gemcitabin Sandoz,Gemcitabin Sandoz 40 mg/ml koncentrat za raztopino za infundiranje,gemcitabinum,,"škatla z 1 vialo (5 ml) z zašèitnim omotom ( Onco-Safe ) ali krèljivo folijo, s koncentratom",koncentrat za raztopino za infundiranje,L01BC05,Sandoz d.d.,Potekajoèe zaèasno prenehanje opravljanja prometa,6,118184,2026-06-02,2027-06-02,2026-06-21,shortage,2026-09-23T21:01:22.222954,95478
SI,Slovenia,CBZ,Gemcitabin Sandoz,Gemcitabin Sandoz 40 mg/ml koncentrat za raztopino za infundiranje,gemcitabinum,,"škatla z 1 vialo (25 ml) z zašèitnim omotom ( Onco-Safe ) ali krèljivo folijo, s koncentratom",koncentrat za raztopino za infundiranje,L01BC05,Sandoz d.d.,Potekajoèe zaèasno prenehanje opravljanja prometa,6,118206,2026-06-02,2027-06-02,2026-06-21,shortage,2026-09-23T21:01:22.222967,95486
SI,Slovenia,CBZ,Gemcitabin Sandoz,Gemcitabin Sandoz 40 mg/ml koncentrat za raztopino za infundiranje,gemcitabinum,,"škatla z 1 vialo (50 ml) z zašèitnim omotom ( Onco-Safe ) ali krèljivo folijo, s koncentratom",koncentrat za raztopino za infundiranje,L01BC05,Sandoz d.d.,Potekajoèe zaèasno prenehanje opravljanja prometa,6,118214,2026-06-02,2027-06-02,2026-06-21,shortage,2026-09-23T21:01:22.222980,95494
SI,Slovenia,CBZ,BENZETACIL,BENZETACIL 2.400.000 i. e. prašek in vehikel za raztopino za injiciranje,benzathini benzylpenicillinum,,škatla z 1 vialo s praškom in 1 ampulo z vehiklom,prašek in vehikel za raztopino za injiciranje,J01CE08,LENIS d.o.o.,Potekajoèa motnja v preskrbi,5,120747,2026-07-17,2026-10-15,2026-07-10,shortage,2026-09-23T21:01:22.222993,132675
SI,Slovenia,CBZ,Carboplatin Ebewe,Carboplatin Ebewe 10 mg/ml koncentrat za raztopino za infundiranje,carboplatinum,,škatla z 1 vialo s 60 ml koncentrata,koncentrat za raztopino za infundiranje,L01XA02,EBEWE Pharma,Potekajoèe zaèasno prenehanje opravljanja prometa,6,123544,2026-06-02,2027-06-02,2026-06-21,shortage,2026-09-23T21:01:22.223006,68705
SI,Slovenia,CBZ,Carboplatin Ebewe,Carboplatin Ebewe 10 mg/ml koncentrat za raztopino za infundiranje,carboplatinum,,škatla z 1 vialo s 100 ml koncentrata,koncentrat za raztopino za infundiranje,L01XA02,EBEWE Pharma,Potekajoèe zaèasno prenehanje opravljanja prometa,6,123552,2026-06-02,2027-06-02,2026-06-21,shortage,2026-09-23T21:01:22.223019,
SI,Slovenia,CBZ,Bilador,Bilador 20 mg tablete,bilastinum,,škatla s 30 tabletami (3 x 10 tablet v pretisnem omotu),tableta,R06AX29,Menarini International O.L.S.A.,Potekajoèa motnja v preskrbi,5,126110,2024-11-30,2027-11-30,2024-11-20,shortage,2026-09-23T21:01:22.223032,
SI,Slovenia,CBZ,MAXALT,MAXALT 10 mg peroralni liofilizat,rizatriptanum,,škatla s 6 peroralnimi liofilizati (2 škatlici za prenašanje x 3 vreèke s po 1 liofilizatom v aluminijasti vreèki),peroralni liofilizat,N02CC04,"Merck Sharp & Dohme, d.o.o.",Napovedano zaèasno prenehanje opravljanja prometa,4,126691,2016-01-01,,2016-11-28,upcoming,2026-09-23T21:01:22.223045,50520
SI,Slovenia,CBZ,Octanate,Octanate 50 i.e./ml prašek in vehikel za raztopino za injiciranje,coagulationis factor VIII,,"škatla z 1 vialo s praškom in škatla z 1 vialo s 5 ml vehikla, 1 brizgo za enkratno uporabo, enim pretoènim setom, enim injekcijskim kompletom in dvema alkoholnima zložencema",prašek in vehikel za raztopino za injiciranje,B02BD02,Octapharma (IP) SPRL,Potekajoèe zaèasno prenehanje opravljanja prometa,6,126756,2021-08-06,,2022-04-22,shortage,2026-09-23T21:01:22.223059,45438
SI,Slovenia,CBZ,Octanate,Octanate 50 i.e./ml prašek in vehikel za raztopino za injiciranje,coagulationis factor VIII,,"škatla z 1 vialo s praškom in škatla z 1 vialo z 10 ml vehikla, 1 brizgo za enkratno uporabo, enim pretoènim setom, enim injekcijskim kompletom in dvema alkoholnima zložencema",prašek in vehikel za raztopino za injiciranje,B02BD02,Octapharma (IP) SPRL,Potekajoèe zaèasno prenehanje opravljanja prometa,6,126764,2021-08-06,,2022-04-22,shortage,2026-09-23T21:01:22.223072,
SI,Slovenia,CBZ,Octanine,OCTANINE 500 i.e. prašek in vehikel za raztopino za injiciranje,coagulationis factor IX,,"škatla z 1 vialo s praškom in škatla z 1 vialo s 5 ml vehikla ter med. pripomoèki, vkljuèno z pripomoèki za i.v. injiciranje (1 pretoèni set, 1 infuzijski set, 1brizga za enkratno uporabo) in 2 alkoholnima zložencema",prašek in vehikel za raztopino za injiciranje,B02BD04,Octapharma (IP) SPRL,Potekajoèe zaèasno prenehanje opravljanja prometa,6,126799,2021-08-06,,2022-04-22,shortage,2026-09-23T21:01:22.223086,
SI,Slovenia,CBZ,Amlodipin Vitabalans,Amlodipin Vitabalans 10 mg tablete,amlodipinum,,škatla s 30 tabletami (1 x 30 tablet v pretisnem omotu),tableta,C08CA01,Vitabalans oy,Potekajoèe zaèasno prenehanje opravljanja prometa,6,129500,2025-10-01,2026-12-31,2026-06-01,shortage,2026-09-23T21:01:22.223099,
SI,Slovenia,CBZ,Amlodipin Vitabalans,Amlodipin Vitabalans 10 mg tablete,amlodipinum,,škatla s 100 tabletami (4 x 25 tablet v pretisnem omotu),tableta,C08CA01,Vitabalans oy,Potekajoèe zaèasno prenehanje opravljanja prometa,6,129526,2025-10-01,2026-12-31,2026-06-01,shortage,2026-09-23T21:01:22.223112,
SI,Slovenia,CBZ,Amlodipin Vitabalans,Amlodipin Vitabalans 5 mg tablete,amlodipinum,,škatla s 30 tabletami (1 x 30 tablet v pretisnem omotu),tableta,C08CA01,Vitabalans oy,Potekajoèe zaèasno prenehanje opravljanja prometa,6,129534,2025-10-01,2026-12-31,2026-06-01,shortage,2026-09-23T21:01:22.223124,
SI,Slovenia,CBZ,Amlodipin Vitabalans,Amlodipin Vitabalans 5 mg tablete,amlodipinum,,škatla s 100 tabletami (4 x 25 tablet v pretisnem omotu),tableta,C08CA01,Vitabalans oy,Potekajoèe zaèasno prenehanje opravljanja prometa,6,129550,2025-10-01,2026-12-31,2026-06-01,shortage,2026-09-23T21:01:22.223137,
SI,Slovenia,CBZ,Metotreksat Ebewe,Metotreksat Ebewe 10 mg tablete,methotrexatum,,škatla s 50 tabletami v PVC/PVDC/ALU pretisnem omotu,tableta,L04AX03,EBEWE Pharma,Potekajoèa motnja v preskrbi,5,129771,2026-05-01,2026-10-21,2026-08-24,shortage,2026-09-23T21:01:22.223151,
SI,Slovenia,CBZ,Propofol Baxter,Propofol Baxter 10 mg/ml emulzija za injiciranje ali infundiranje,propofolum,,škatla z 1 vialo s 100 ml emulzije,emulzija za injiciranje/infundiranje,N01AX10,Baxter Holding B.V.,Potekajoèe zaèasno prenehanje opravljanja prometa,6,129992,2026-07-01,2026-10-15,2026-09-17,shortage,2026-09-23T21:01:22.223164,80330
SI,Slovenia,CBZ,Fluoksetin Vitabalans,Fluoksetin Vitabalans 20 mg filmsko obložene tablete,fluoxetinum,,škatla s 30 tabletami (3 x 10 tablet v pretisnem omotu),filmsko obložena tableta,N06AB03,Vitabalans oy,Potekajoèe zaèasno prenehanje opravljanja prometa,6,131849,2026-03-26,2026-10-31,2026-08-31,shortage,2026-09-23T21:01:22.223177,
SI,Slovenia,CBZ,Daylla,"Daylla 3 mg/0,02 mg filmsko obložene tablete",drospirenonum et estrogenum,,škatla z 21 tabletami (1 x 21 tablet v pretisnem omotu),filmsko obložena tableta,G03AA12,Gedeon Richter Plc.,Potekajoèa motnja v preskrbi,5,133841,2025-09-26,2026-09-25,2025-09-26,shortage,2026-09-23T21:01:22.223190,
SI,Slovenia,CBZ,Ursofalk,Ursofalk 500 mg filmsko obložene tablete,acidum ursodeoxycholicum,,škatla s 50 tabletami (2 x 25 tablet v pretisnem omotu),filmsko obložena tableta,A05AA02,Dr. Falk Pharma GmbH,Potekajoèe zaèasno prenehanje opravljanja prometa,6,135003,2024-01-31,2027-02-01,2025-10-01,shortage,2026-09-23T21:01:22.223203,105759
SI,Slovenia,CBZ,Loquen,Loquen SR 200 mg tablete s podaljšanim sprošèanjem,quetiapinum,,škatla s 60 tabletami (6 x 10 tablet v pretisnem omotu),tableta s podaljšanim sprošèanjem,N05AH04,Teva Pharma B.V.,Potekajoèa motnja v preskrbi,5,135194,2025-12-01,2027-01-31,2026-08-19,shortage,2026-09-23T21:01:22.223216,
SI,Slovenia,CBZ,Loquen,Loquen SR 300 mg tablete s podaljšanim sprošèanjem,quetiapinum,,škatla s 60 tabletami (6 x 10 tablet v pretisnem omotu),tableta s podaljšanim sprošèanjem,N05AH04,Teva Pharma B.V.,Potekajoèa motnja v preskrbi,5,135216,2026-02-06,2027-01-31,2026-08-19,shortage,2026-09-23T21:01:22.223229,
SI,Slovenia,CBZ,Loquen,Loquen SR 400 mg tablete s podaljšanim sprošèanjem,quetiapinum,,škatla s 60 tabletami (6 x 10 tablet v pretisnem omotu),tableta s podaljšanim sprošèanjem,N05AH04,Teva Pharma B.V.,Potekajoèa motnja v preskrbi,5,135224,2026-08-19,2027-01-31,2026-08-19,shortage,2026-09-23T21:01:22.223242,
SI,Slovenia,CBZ,Cetixin,Cetixin 10 mg filmsko obložene tablete,cetirizinum,,škatla s 50 tabletami (5 x 10 tablet v pretisnem omotu),filmsko obložena tableta,R06AE07,Vitabalans oy,Potekajoèa motnja v preskrbi,5,135785,2026-08-01,2026-10-31,2026-08-31,shortage,2026-09-23T21:01:22.223262,26298
SI,Slovenia,CBZ,Citalopram Vitabalans,Citalopram Vitabalans 20 mg filmsko obložene tablete,citalopramum,,škatla s 30 tabletami (3 x 10 tablet v pretisnem omotu),filmsko obložena tableta,N06AB04,Vitabalans oy,Potekajoèa motnja v preskrbi,5,135800,2025-11-19,2026-12-31,2026-06-01,shortage,2026-09-23T21:01:22.223275,
SI,Slovenia,CBZ,Dicuno,Dicuno 25 mg filmsko obložene tablete,diclofenacum,,škatla s 50 tabletami (5 x 10 tablet v pretisnem omotu),filmsko obložena tableta,M01AB05,Vitabalans oy,Potekajoèe zaèasno prenehanje opravljanja prometa,6,135876,2023-11-16,2026-12-31,2026-01-12,shortage,2026-09-23T21:01:22.223288,86622
SI,Slovenia,CBZ,Dicuno,Dicuno 50 mg filmsko obložene tablete,diclofenacum,,škatla s 30 tabletami (3 x 10 tablet v pretisnem omotu),filmsko obložena tableta,M01AB05,Vitabalans oy,Potekajoèe zaèasno prenehanje opravljanja prometa,6,135893,2025-10-01,2026-12-31,2026-06-01,shortage,2026-09-23T21:01:22.223302,
SI,Slovenia,CBZ,Natrijev klorid Braun,Natrijev klorid Braun 9 mg/ml raztopina za infundiranje,electrolyta,,vreèe iz kopolimernih materialov (Ecobag) s 100 ml raztopine,raztopina za infundiranje,B05BB01,B. Braun Melsungen AG,Potekajoèe zaèasno prenehanje opravljanja prometa,6,138702,2022-05-03,2026-12-31,2024-12-20,shortage,2026-09-23T21:01:22.223315,25062
SI,Slovenia,CBZ,Natrijev klorid Braun,Natrijev klorid Braun 9 mg/ml raztopina za infundiranje,electrolyta,,vreèe iz kopolimernih materialov (Ecobag) s 500 ml raztopine,raztopina za infundiranje,B05BB01,B. Braun Melsungen AG,Potekajoèe zaèasno prenehanje opravljanja prometa,6,138720,2014-02-25,2026-12-31,2024-12-20,shortage,2026-09-23T21:01:22.223328,23353
SI,Slovenia,CBZ,Natrijev klorid Braun,Natrijev klorid Braun 9 mg/ml raztopina za infundiranje,electrolyta,,vreèe iz kopolimernih materialov (Ecobag) s 1000 ml raztopine,raztopina za infundiranje,B05BB01,B. Braun Melsungen AG,Potekajoèe zaèasno prenehanje opravljanja prometa,6,138733,2022-01-18,2026-12-31,2024-12-20,shortage,2026-09-23T21:01:22.223341,27960
SI,Slovenia,CBZ,Mycamine,Mycamine 50 mg prašek za raztopino za infundiranje,micafunginum,,1 viala,prašek za raztopino za infundiranje,J02AX05,Sandoz d.d.,Potekajoèe zaèasno prenehanje opravljanja prometa,6,139344,2026-05-30,2027-05-30,2026-05-24,shortage,2026-09-23T21:01:22.223355,
SI,Slovenia,CBZ,Zolpidem Vitabalans,Zolpidem Vitabalans 10 mg filmsko obložene tablete,zolpidemum,,škatla s 30 tabletami (1 x 30 tablet v pretisnem omotu),filmsko obložena tableta,N05CF02,Vitabalans oy,Potekajoèe zaèasno prenehanje opravljanja prometa,6,140523,2021-12-31,2026-12-31,2026-01-12,shortage,2026-09-23T21:01:22.223368,
SI,Slovenia,CBZ,AMOXICLAV IBISQUS,AMOXICLAV IBISQUS 500 mg/100 mg prašek za raztopino za injiciranje/infundiranje,amoxicillinum et betalactamasis inhibitores,,škatla z 10 vialami s praškom,prašek za raztopino za injiciranje/infundiranje,J01CR02,Borsay Pharma d.o.o.,Potekajoèe zaèasno prenehanje opravljanja prometa,6,141948,2026-03-05,2027-03-05,2026-03-05,shortage,2026-09-23T21:01:22.223381,22535
SI,Slovenia,CBZ,SOLUVIT N,SOLUVIT N prašek za raztopino za infundiranje,Vitamina,,škatla z 10 vialami s praškom,prašek za raztopino za infundiranje,B05XC,PHARMASAN d.o.o.,Potekajoèa motnja v preskrbi,5,142138,2026-07-21,2026-10-30,2026-07-21,shortage,2026-09-23T21:01:22.223394,
SI,Slovenia,CBZ,Fampyra,Fampyra 10 mg tablete s podaljšanim sprošèanjem,fampridinum,,škatla z 28 tabletami (2 pretisna omota po 14 tablet),tableta s podaljšanim sprošèanjem,N07XX07,Merz Therapeutics GmbH,Potekajoèe zaèasno prenehanje opravljanja prometa,6,142157,2025-04-16,2028-04-15,2025-04-16,shortage,2026-09-23T21:01:22.223407,212881
SI,Slovenia,CBZ,Fampyra,Fampyra 10 mg tablete s podaljšanim sprošèanjem,fampridinum,,škatla s 56 tabletami (4 pretisna omota po 14 tablet),tableta s podaljšanim sprošèanjem,N07XX07,Merz Therapeutics GmbH,Potekajoèe zaèasno prenehanje opravljanja prometa,6,142160,2025-08-29,2028-08-29,2025-08-29,shortage,2026-09-23T21:01:22.223420,212881
SI,Slovenia,CBZ,LORAZEPAM KERN PHARMA,LORAZEPAM KERN PHARMA 1 mg tablete,lorazepamum,,škatla s 50 tabletami,tableta,N05BA06,PHARMASAN d.o.o.,Potekajoèe zaèasno prenehanje opravljanja prometa,6,142259,2026-02-09,2027-02-09,2026-02-09,shortage,2026-09-23T21:01:22.223434,
SI,Slovenia,CBZ,HYDROXYUREA MEDAC,HYDROXYUREA MEDAC 500 mg kapsule,hydroxycarbamidum,,škatla s 100 kapsulami,"kapsula, trda",L01XX05,PHARMASAN d.o.o.,Potekajoèa motnja v preskrbi,5,142271,2025-10-24,2026-10-24,2025-10-24,shortage,2026-09-23T21:01:22.223447,2690
SI,Slovenia,CBZ,FIBROGAMMIN,FIBROGAMMIN 1250 i.e. prašek in vehikel za raztopino za injiciranje ali infundiranje,coagulationis factor XIII,,viala s praškom in viala z 20 ml vehikla,prašek in vehikel za raztopino za injiciranje/infundiranje,B02BD07,LICENTIS d.o.o.,Potekajoèa motnja v preskrbi,5,142284,2026-04-22,2026-10-19,2026-04-21,shortage,2026-09-23T21:01:22.223460,119067
SI,Slovenia,CBZ,ADRENALIN S.A.L.F.,ADRENALIN S.A.L.F. 1 mg/ml raztopina za injiciranje,epinephrinum,,škatla s 5 ampulami z 1 ml raztopine,raztopina za injiciranje,C01CA24,PHARMASAN d.o.o.,Potekajoèa motnja v preskrbi,5,142374,2025-10-24,2026-10-24,2025-10-24,shortage,2026-09-23T21:01:22.223474,145416
SI,Slovenia,CBZ,URAPIDIL KALCEKS,URAPIDIL KALCEKS 25 mg raztopina za injiciranje ali infundiranje,urapidilum,,škatla s 5 ampulami s 5 ml raztopine,raztopina za injiciranje/infundiranje,C02CA06,PHARMASAN d.o.o.,Potekajoèa motnja v preskrbi,5,142425,2023-07-04,,2023-07-04,shortage,2026-09-23T21:01:22.223487,
SI,Slovenia,CBZ,URAPIDIL KALCEKS,URAPIDIL KALCEKS 50 mg raztopina za injiciranje ali infundiranje,urapidilum,,škatla s 5 ampulami z 10 ml raztopine,raztopina za injiciranje/infundiranje,C02CA06,PHARMASAN d.o.o.,Potekajoèa motnja v preskrbi,5,142426,2023-07-04,,2023-07-04,shortage,2026-09-23T21:01:22.223500,211494
SI,Slovenia,CBZ,XILONIBSA,"XILONIBSA SPRAY 10 mg/razpršek, pršilo, raztopina",lidocainum,,škatla s steklenièko s 50 ml raztopine in dvema plastiènima pršilnima šobama,"pršilo, raztopina",N01BB02,PHARMASAN d.o.o.,Potekajoèe zaèasno prenehanje opravljanja prometa,6,142454,2023-02-28,,2023-02-14,shortage,2026-09-23T21:01:22.223514,
SI,Slovenia,CBZ,DIAZEPAM DESITIN,"DIAZEPAM DESITIN 5 mg/2,5 ml rektalna raztopina",diazepamum,,"škatla s 5 rektalnimi tubami z 2,5 ml raztopine",rektalna raztopina,N05BA01,LENIS d.o.o.,Potekajoèa motnja v preskrbi,5,142487,2026-08-28,2026-09-30,2026-08-25,shortage,2026-09-23T21:01:22.223527,7390
SI,Slovenia,CBZ,MOTILIUM,MOTILIUM 10 mg filmsko obložene tablete,domperidonum,,škatla s 30 tabletami v pretisnem omotu,filmsko obložena tableta,A03FA03,LENIS d.o.o.,Potekajoèa motnja v preskrbi,5,142534,2026-08-04,2026-10-01,2026-08-03,shortage,2026-09-23T21:01:22.223541,6297
SI,Slovenia,CBZ,METOTREKSAT MEDAC,METOTREKSAT MEDAC 15 mg/3 ml raztopina za injiciranje,methotrexatum,,škatla z 10 vialami s 3 ml raztopine,raztopina za injiciranje,L01BA01,"MEDIS, d.o.o.",Potekajoèe zaèasno prenehanje opravljanja prometa,6,142623,2024-07-01,2029-06-30,2026-06-17,shortage,2026-09-23T21:01:22.223554,
SI,Slovenia,CBZ,QUAMATEL,QUAMATEL 20 mg prašek in vehikel za raztopino za injiciranje,famotidinum,,škatla s 5 vialami s praškom in 5 ampulami z vehiklom,prašek in vehikel za raztopino za injiciranje,A02BA03,PHARMASAN d.o.o.,Potekajoèa motnja v preskrbi,5,142745,2026-01-30,2026-08-31,2026-05-28,shortage,2026-09-23T21:01:22.223567,
SI,Slovenia,CBZ,RIFASYNT,RIFASYNT 150 mg trde kapsule,rifampicinum,,škatla s 100 kapsulami,"kapsula, trda",J04AB02,LENIS d.o.o.,Potekajoèa motnja v preskrbi,5,142762,2021-12-07,,2021-12-07,shortage,2026-09-23T21:01:22.223581,
SI,Slovenia,CBZ,PRO-EPANUTIN,PRO-EPANUTIN 75 mg/ml koncentrat za raztopino za injiciranje ali infundiranje,fosphenytoinum,,škatla z 10 vialami z 10 ml koncentrata,koncentrat za raztopino za injiciranje/infundiranje,N03AB05,PHARMASAN d.o.o.,Potekajoèa motnja v preskrbi,5,142870,2025-10-30,2025-12-31,2025-10-30,shortage,2026-09-23T21:01:22.223593,
SI,Slovenia,CBZ,CARNICOR,CARNICOR 100 mg/ml peroralna raztopina,levocarnitinum,,škatla z 10 steklenicami z 10 ml raztopine,peroralna raztopina,A16AA01,"SANOLABOR, d.d.",Potekajoèa motnja v preskrbi,5,142871,2026-08-05,2026-09-30,2026-08-25,shortage,2026-09-23T21:01:22.223607,23337
SI,Slovenia,CBZ,SEPTRIN PEDIATRICO,SEPTRIN PEDIATRICO 8 mg/40 mg v 1 ml peroralne suspenzije,sulfamethoxazolum et trimethoprimum,,1 steklenica s 100 ml suspenzije,peroralna suspenzija,J01EE01,LENIS d.o.o.,Potekajoèa motnja v preskrbi,5,143207,2026-08-24,2026-10-17,2026-09-17,shortage,2026-09-23T21:01:22.223620,4006
SI,Slovenia,CBZ,Signifor,"Signifor 0,6 mg raztopina za injiciranje",pasireotidum,,skupno pakiranje s 60 (10x6) ampulami (1 ml),raztopina za injiciranje,H01CB05,Recordati Rare Diseases,Potekajoèe zaèasno prenehanje opravljanja prometa,6,143348,2019-05-14,2020-12-31,2020-03-31,shortage,2026-09-23T21:01:22.223634,103519
SI,Slovenia,CBZ,Signifor,"Signifor 0,9 mg raztopina za injiciranje",pasireotidum,,skupno pakiranje s 60 (10x6) ampulami (1 ml),raztopina za injiciranje,H01CB05,Recordati Rare Diseases,Potekajoèe zaèasno prenehanje opravljanja prometa,6,143351,2019-02-06,2020-12-31,2020-03-31,shortage,2026-09-23T21:01:22.223647,103519
SI,Slovenia,CBZ,Prostamol,Prostamol mehke kapsule,sabalis serrulatae fructus,,Škatla z 90 mehkimi kapsulami (6 x 15 kapsul v pretisnem omotu),"kapsula, mehka",G04CX02,BERLIN-CHEMIE AG,Potekajoèe zaèasno prenehanje opravljanja prometa,6,143412,2025-07-25,,2026-09-18,shortage,2026-09-23T21:01:22.223660,95672
SI,Slovenia,CBZ,Imuran,Imuran 50 mg filmsko obložene tablete,azathioprinum,,škatla s 100 tabletami (4 x 25 tablet v pretisnem omotu),filmsko obložena tableta,L04AX01,PHARMASAN d.o.o.,Potekajoèa motnja v preskrbi,5,143461,2025-09-29,2026-09-29,2025-09-29,shortage,2026-09-23T21:01:22.223673,26840
SI,Slovenia,CBZ,ISOZID,ISOZID 50 mg tablete,isoniazidum,,škatla s 100 tabletami,tableta,J04AC01,"SANOLABOR, d.d.",Potekajoèa motnja v preskrbi,5,143514,2025-08-01,2026-12-31,2026-08-25,shortage,2026-09-23T21:01:22.223686,
SI,Slovenia,CBZ,EPISTATUS PFS,EPISTATUS PFS 5 oralna raztopina,midazolamum,,"4 x 0,5 ml napolnjene brizge",oralna raztopina,N05CD08,LENIS d.o.o.,Potekajoèe zaèasno prenehanje opravljanja prometa,6,143563,2023-09-17,,2023-07-17,shortage,2026-09-23T21:01:22.223699,
SI,Slovenia,CBZ,Hidrasec,Hidrasec za dojenèke 10 mg zrnca za peroralno suspenzijo,racecadotrilum,,škatla z 16 vreèicami,zrnca za peroralno suspenzijo,A07XA04,Bioprojet Europe Ltd.,Potekajoèe zaèasno prenehanje opravljanja prometa,6,143669,2023-03-01,2026-12-31,2025-07-25,shortage,2026-09-23T21:01:22.223712,
SI,Slovenia,CBZ,MYLERAN,MYLERAN 2 mg filmsko obložene tablete,busulfanum,,Škatla s 25 tabletami,filmsko obložena tableta,L01AB01,"SALUS, Veletrgovina, d.o.o.",Potekajoèe zaèasno prenehanje opravljanja prometa,6,143678,2023-02-20,2026-02-20,2024-07-04,shortage,2026-09-23T21:01:22.223726,1872
SI,Slovenia,CBZ,ASPEGIC INJECTABLE,ASPEGIC INJECTABLE 1000 mg/5 ml prašek in vehikel za raztopino za injiciranje,acidum acetylsalicylicum,,škatla s 6 vialami s praškom in 6 ampulami s 5 ml vehikla,prašek in vehikel za raztopino za injiciranje,N02BA01,sanofi-aventis d.o.o.,Potekajoèa motnja v preskrbi,5,144058,2020-12-02,2021-04-30,2020-12-14,shortage,2026-09-23T21:01:22.223739,2895
SI,Slovenia,CBZ,Thiogamma,Thiogamma 600 mg filmsko obložene tablete,acidum tiooctanoicum,,škatla s 60 tabletami (6 x 10 tablet v pretisnem omotu),filmsko obložena tableta,A16AX01,WÖRWAG Pharma,Potekajoèa motnja v preskrbi,5,144084,2026-09-07,2027-02-01,2026-08-20,shortage,2026-09-23T21:01:22.223752,
SI,Slovenia,CBZ,LYSTHENON,LYSTHENON 20 mg/ml raztopina za injiciranje,suxamethonium,,škatla s 100 ampulami s 5 ml raztopine,raztopina za injiciranje,M03AB01,LENIS d.o.o.,Potekajoèa motnja v preskrbi,5,144099,2023-10-15,,2023-11-06,shortage,2026-09-23T21:01:22.223765,229067
SI,Slovenia,CBZ,LUMINAL,LUMINAL 200 mg/ml raztopina za injiciranje,phenobarbitalum,,škatla z 10 ampulami z 1 ml raztopine,raztopina za injiciranje,N03AA02,LENIS d.o.o.,Potekajoèa motnja v preskrbi,5,144102,2026-05-05,2027-05-05,2026-08-12,shortage,2026-09-23T21:01:22.223778,21547
SI,Slovenia,CBZ,BCG,BCG 10 ANTI TUBERCULOSIS VACCINE (Szczepionka przeciwgruzlicza BCG 10) prašek in vehikel za suspenzijo za injiciranje,vaccinum tuberculosis bacillis attenuatis,,Škatla s 5 ampulami s praškom in 5 ampulami s topilom,prašek in vehikel za suspenzijo za injiciranje,J07AN01,NIJZ,Potekajoèe zaèasno prenehanje opravljanja prometa,6,144159,2026-03-31,2028-01-01,2026-04-24,shortage,2026-09-23T21:01:22.223792,92770
SI,Slovenia,CBZ,ELMEX,"ELMEX GELEE 1,25 % dentalni gel","natrii fluoridum, combinationes",,škatla s tubo s 215 g gela,dentalni gel,A01AA51,"SANOLABOR, d.d.",Potekajoèa motnja v preskrbi,5,144584,2026-03-17,2026-12-31,2026-08-25,shortage,2026-09-23T21:01:22.223805,
SI,Slovenia,CBZ,BENZETACIL,BENZETACIL 2.400.000 i.e. prašek in vehikel za raztopino za injiciranje,benzathini benzylpenicillinum,,škatla z 1 vialo s praškom in 1 ampulo z vehiklom,prašek in vehikel za raztopino za injiciranje,J01CE08,"SANOLABOR, d.d.",Potekajoèa motnja v preskrbi,5,144677,2026-07-15,2026-10-15,2026-07-14,shortage,2026-09-23T21:01:22.223818,132675
SI,Slovenia,CBZ,Veregen,Veregen 100 mg/g mazilo,sinecatechina,,škatla s tubo s 15 g mazila,mazilo,D06BB12,"NORDIC Pharma, s.r.o.",Potekajoèe zaèasno prenehanje opravljanja prometa,6,144832,2020-12-31,2026-07-31,2025-07-29,shortage,2026-09-23T21:01:22.223831,103543
SI,Slovenia,CBZ,Strepfen,"Strepfen brez sladkorja z okusom pomaranèe 8,75 mg pastile",flurbiprofenum,,škatla s 16 pastilami (2 x 8 pastil v pretisnem omotu),pastila,R02AX01,Reckitt Benckiser d.o.o.,Potekajoèe zaèasno prenehanje opravljanja prometa,6,145013,2021-12-31,2027-03-26,2024-04-03,shortage,2026-09-23T21:01:22.223844,96121
SI,Slovenia,CBZ,Zoledronska kislina Mylan,Zoledronska kislina Mylan 4 mg/5 ml koncentrat za raztopino za infundiranje,acidum zoledronicum,,škatla z 1 vialo,koncentrat za raztopino za infundiranje,M05BA08,Mylan Pharmaceuticals Limited,Potekajoèe zaèasno prenehanje opravljanja prometa,6,145066,2019-01-31,2026-12-31,2025-07-25,shortage,2026-09-23T21:01:22.223857,
SI,Slovenia,CBZ,Metformin Vitabalans,Metformin Vitabalans 500 mg filmsko obložene tablete,metforminum,,škatla s plastiènim vsebnikom s 100 tabletami,filmsko obložena tableta,A10BA02,Vitabalans oy,Potekajoèe zaèasno prenehanje opravljanja prometa,6,145083,2025-10-01,2026-12-31,2026-06-01,shortage,2026-09-23T21:01:22.223870,
SI,Slovenia,CBZ,Artroforce,Artroforce filmsko obložene tablete,Antiinflammatoria et antirheumatica nonsteroidica,,škatla z vsebnikom s 30 tabletami,filmsko obložena tableta,,FARMEDICA d.o.o. Ljubljana,Potekajoèe zaèasno prenehanje opravljanja prometa,6,145134,2021-03-25,2026-03-25,2021-12-09,shortage,2026-09-23T21:01:22.223883,
SI,Slovenia,CBZ,Ambroksolijev klorid Berlin-Chemie,Ambroksolijev klorid Berlin-Chemie 6 mg/ml peroralna raztopina,ambroxolum,,škatla s steklenico z merilno žlièko s 100 ml raztopine,peroralna raztopina,R05CB06,BERLIN-CHEMIE AG,Potekajoèa motnja v preskrbi,5,145136,2024-07-31,2027-07-31,2024-07-08,shortage,2026-09-23T21:01:22.223896,
SI,Slovenia,CBZ,Bikalutamid Kabi,Bikalutamid Kabi 150 mg filmsko obložene tablete,bicalutamidum,,škatla z 28 tabletami (2 x 14 tablet v pretisnem omotu),filmsko obložena tableta,L02BB03,Fresenius Kabi Austria GmbH.,Napovedano zaèasno prenehanje opravljanja prometa,4,145285,,,,upcoming,2026-09-23T21:01:22.223910,42005
SI,Slovenia,CBZ,Vellofent,Vellofent 133 mikrogramov podjeziène tablete,fentanylum,,škatla s 3 tabletami (1 x 3 tablete v pretisnem omotu iz poliamid-aluminij-PVC / aluminijaste folije),podjezièna tableta,N02AB03,Angelini Pharma  sterreich GmbH,Potekajoèe zaèasno prenehanje opravljanja prometa,6,145288,2018-08-01,2021-08-01,2018-08-02,shortage,2026-09-23T21:01:22.223923,
SI,Slovenia,CBZ,Vellofent,Vellofent 133 mikrogramov podjeziène tablete,fentanylum,,škatla s 3 tabletami (1 x 3 tablete v pretisnem omotu iz poliamid-aluminij-PVC / aluminij-PET folije),podjezièna tableta,N02AB03,Angelini Pharma  sterreich GmbH,Potekajoèe zaèasno prenehanje opravljanja prometa,6,145289,2018-08-01,2021-08-01,2018-08-02,shortage,2026-09-23T21:01:22.223936,
SI,Slovenia,CBZ,Vellofent,Vellofent 133 mikrogramov podjeziène tablete,fentanylum,,škatla s 4 tabletami (1 x 4 tablete v pretisnem omotu iz poliamid-aluminij-PVC / aluminij-PET folije),podjezièna tableta,N02AB03,Angelini Pharma  sterreich GmbH,Potekajoèe zaèasno prenehanje opravljanja prometa,6,145290,2018-08-01,2021-08-01,2018-08-02,shortage,2026-09-23T21:01:22.223949,
SI,Slovenia,CBZ,Vellofent,Vellofent 133 mikrogramov podjeziène tablete,fentanylum,,škatla s 4 tabletami (1 x 4 tablete v pretisnem omotu iz poliamid-aluminij-PVC / aluminijaste folije),podjezièna tableta,N02AB03,Angelini Pharma  sterreich GmbH,Potekajoèe zaèasno prenehanje opravljanja prometa,6,145291,2018-08-01,2021-08-01,2018-08-02,shortage,2026-09-23T21:01:22.223963,
SI,Slovenia,CBZ,Vellofent,Vellofent 133 mikrogramov podjeziène tablete,fentanylum,,škatla s 15 tabletami (5 x 3 tablete v pretisnem omotu iz poliamid-aluminij-PVC / aluminijaste folije),podjezièna tableta,N02AB03,Angelini Pharma  sterreich GmbH,Potekajoèe zaèasno prenehanje opravljanja prometa,6,145292,2018-08-01,2021-08-01,2018-08-02,shortage,2026-09-23T21:01:22.223976,
SI,Slovenia,CBZ,Vellofent,Vellofent 133 mikrogramov podjeziène tablete,fentanylum,,škatla s 15 tabletami (5 x 3 tablete v pretisnem omotu iz poliamid-aluminij-PVC / aluminij-PET folije),podjezièna tableta,N02AB03,Angelini Pharma  sterreich GmbH,Potekajoèe zaèasno prenehanje opravljanja prometa,6,145293,2018-08-01,2021-08-01,2018-08-02,shortage,2026-09-23T21:01:22.223989,
SI,Slovenia,CBZ,Vellofent,Vellofent 133 mikrogramov podjeziène tablete,fentanylum,,škatla s 30 tabletami (10 x 3 tablete v pretisnem omotu iz poliamid-aluminij-PVC / aluminij-PET folije),podjezièna tableta,N02AB03,Angelini Pharma  sterreich GmbH,Potekajoèe zaèasno prenehanje opravljanja prometa,6,145294,2018-08-01,2021-08-01,2018-08-02,shortage,2026-09-23T21:01:22.224001,
SI,Slovenia,CBZ,Vellofent,Vellofent 133 mikrogramov podjeziène tablete,fentanylum,,škatla s 30 tabletami (10 x 3 tablete v pretisnem omotu iz poliamid-aluminij-PVC / aluminijaste folije),podjezièna tableta,N02AB03,Angelini Pharma  sterreich GmbH,Potekajoèe zaèasno prenehanje opravljanja prometa,6,145295,2018-08-01,2021-08-01,2018-08-02,shortage,2026-09-23T21:01:22.224014,
SI,Slovenia,CBZ,Vellofent,Vellofent 267 mikrogramov podjeziène tablete,fentanylum,,škatla s 3 tabletami (1 x 3 tablete v pretisnem omotu iz poliamid-aluminij-PVC / aluminijaste folije),podjezièna tableta,N02AB03,Angelini Pharma  sterreich GmbH,Potekajoèe zaèasno prenehanje opravljanja prometa,6,145296,2018-08-01,2021-08-01,2018-08-02,shortage,2026-09-23T21:01:22.224027,
SI,Slovenia,CBZ,Vellofent,Vellofent 267 mikrogramov podjeziène tablete,fentanylum,,škatla s 3 tabletami (1 x 3 tablete v pretisnem omotu iz poliamid-aluminij-PVC / aluminij-PET folije),podjezièna tableta,N02AB03,Angelini Pharma  sterreich GmbH,Potekajoèe zaèasno prenehanje opravljanja prometa,6,145297,2018-08-01,2021-08-01,2018-08-02,shortage,2026-09-23T21:01:22.224040,
SI,Slovenia,CBZ,Vellofent,Vellofent 267 mikrogramov podjeziène tablete,fentanylum,,škatla s 4 tabletami (1 x 4 tablete v pretisnem omotu iz poliamid-aluminij-PVC / aluminij-PET folije),podjezièna tableta,N02AB03,Angelini Pharma  sterreich GmbH,Potekajoèe zaèasno prenehanje opravljanja prometa,6,145298,2018-08-01,2021-08-01,2018-08-02,shortage,2026-09-23T21:01:22.224053,
SI,Slovenia,CBZ,Vellofent,Vellofent 267 mikrogramov podjeziène tablete,fentanylum,,škatla s 4 tabletami (1 x 4 tablete v pretisnem omotu iz poliamid-aluminij-PVC / aluminijaste folije),podjezièna tableta,N02AB03,Angelini Pharma  sterreich GmbH,Potekajoèe zaèasno prenehanje opravljanja prometa,6,145299,2018-08-01,2021-08-01,2018-08-02,shortage,2026-09-23T21:01:22.224066,
SI,Slovenia,CBZ,Vellofent,Vellofent 267 mikrogramov podjeziène tablete,fentanylum,,škatla s 15 tabletami (5 x 3 tablete v pretisnem omotu iz poliamid-aluminij-PVC / aluminijaste folije),podjezièna tableta,N02AB03,Angelini Pharma  sterreich GmbH,Potekajoèe zaèasno prenehanje opravljanja prometa,6,145300,2018-08-01,2021-08-01,2018-08-02,shortage,2026-09-23T21:01:22.224079,
SI,Slovenia,CBZ,Vellofent,Vellofent 267 mikrogramov podjeziène tablete,fentanylum,,škatla s 15 tabletami (5 x 3 tablete v pretisnem omotu iz poliamid-aluminij-PVC / aluminij-PET folije),podjezièna tableta,N02AB03,Angelini Pharma  sterreich GmbH,Potekajoèe zaèasno prenehanje opravljanja prometa,6,145301,2018-08-01,2021-08-01,2018-08-02,shortage,2026-09-23T21:01:22.224092,
SI,Slovenia,CBZ,Vellofent,Vellofent 267 mikrogramov podjeziène tablete,fentanylum,,škatla s 30 tabletami (10 x 3 tablete v pretisnem omotu iz poliamid-aluminij-PVC / aluminij-PET folije),podjezièna tableta,N02AB03,Angelini Pharma  sterreich GmbH,Potekajoèe zaèasno prenehanje opravljanja prometa,6,145302,2018-08-01,2021-08-01,2018-08-02,shortage,2026-09-23T21:01:22.224105,
SI,Slovenia,CBZ,Vellofent,Vellofent 267 mikrogramov podjeziène tablete,fentanylum,,škatla s 30 tabletami (10 x 3 tablete v pretisnem omotu iz poliamid-aluminij-PVC / aluminijaste folije),podjezièna tableta,N02AB03,Angelini Pharma  sterreich GmbH,Potekajoèe zaèasno prenehanje opravljanja prometa,6,145303,2018-08-01,2021-08-01,2018-08-02,shortage,2026-09-23T21:01:22.224118,
SI,Slovenia,CBZ,Vellofent,Vellofent 400 mikrogramov podjeziène tablete,fentanylum,,škatla s 3 tabletami (1 x 3 tablete v pretisnem omotu iz poliamid-aluminij-PVC / aluminijaste folije),podjezièna tableta,N02AB03,Angelini Pharma  sterreich GmbH,Potekajoèe zaèasno prenehanje opravljanja prometa,6,145304,2018-08-01,2021-08-01,2018-08-02,shortage,2026-09-23T21:01:22.224131,
SI,Slovenia,CBZ,Vellofent,Vellofent 400 mikrogramov podjeziène tablete,fentanylum,,škatla s 3 tabletami (1 x 3 tablete v pretisnem omotu iz poliamid-aluminij-PVC / aluminij-PET folije),podjezièna tableta,N02AB03,Angelini Pharma  sterreich GmbH,Potekajoèe zaèasno prenehanje opravljanja prometa,6,145305,2018-08-01,2021-08-01,2018-08-02,shortage,2026-09-23T21:01:22.224144,
SI,Slovenia,CBZ,Vellofent,Vellofent 400 mikrogramov podjeziène tablete,fentanylum,,škatla s 4 tabletami (1 x 4 tablete v pretisnem omotu iz poliamid-aluminij-PVC / aluminij-PET folije),podjezièna tableta,N02AB03,Angelini Pharma  sterreich GmbH,Potekajoèe zaèasno prenehanje opravljanja prometa,6,145306,2018-08-01,2021-08-01,2018-08-02,shortage,2026-09-23T21:01:22.224156,
SI,Slovenia,CBZ,Vellofent,Vellofent 400 mikrogramov podjeziène tablete,fentanylum,,škatla s 4 tabletami (1 x 4 tablete v pretisnem omotu iz poliamid-aluminij-PVC / aluminijaste folije),podjezièna tableta,N02AB03,Angelini Pharma  sterreich GmbH,Potekajoèe zaèasno prenehanje opravljanja prometa,6,145307,2018-08-01,2021-08-01,2018-08-02,shortage,2026-09-23T21:01:22.224169,
SI,Slovenia,CBZ,Vellofent,Vellofent 400 mikrogramov podjeziène tablete,fentanylum,,škatla s 15 tabletami (5 x 3 tablete v pretisnem omotu iz poliamid-aluminij-PVC / aluminijaste folije),podjezièna tableta,N02AB03,Angelini Pharma  sterreich GmbH,Potekajoèe zaèasno prenehanje opravljanja prometa,6,145308,2018-08-01,2021-08-01,2018-08-02,shortage,2026-09-23T21:01:22.224182,
SI,Slovenia,CBZ,Vellofent,Vellofent 400 mikrogramov podjeziène tablete,fentanylum,,škatla s 15 tabletami (5 x 3 tablete v pretisnem omotu iz poliamid-aluminij-PVC / aluminij-PET folije),podjezièna tableta,N02AB03,Angelini Pharma  sterreich GmbH,Potekajoèe zaèasno prenehanje opravljanja prometa,6,145309,2018-08-01,2021-08-01,2018-08-02,shortage,2026-09-23T21:01:22.224195,
SI,Slovenia,CBZ,Vellofent,Vellofent 400 mikrogramov podjeziène tablete,fentanylum,,škatla s 30 tabletami (10 x 3 tablete v pretisnem omotu iz poliamid-aluminij-PVC / aluminij-PET folije),podjezièna tableta,N02AB03,Angelini Pharma  sterreich GmbH,Potekajoèe zaèasno prenehanje opravljanja prometa,6,145310,2018-08-01,2021-08-01,2018-08-02,shortage,2026-09-23T21:01:22.224208,
SI,Slovenia,CBZ,Vellofent,Vellofent 400 mikrogramov podjeziène tablete,fentanylum,,škatla s 30 tabletami (10 x 3 tablete v pretisnem omotu iz poliamid-aluminij-PVC / aluminijaste folije),podjezièna tableta,N02AB03,Angelini Pharma  sterreich GmbH,Potekajoèe zaèasno prenehanje opravljanja prometa,6,145311,2018-08-01,2021-08-01,2018-08-02,shortage,2026-09-23T21:01:22.224221,
SI,Slovenia,CBZ,Vellofent,Vellofent 533 mikrogramov podjeziène tablete,fentanylum,,škatla s 3 tabletami (1 x 3 tablete v pretisnem omotu iz poliamid-aluminij-PVC / aluminijaste folije),podjezièna tableta,N02AB03,Angelini Pharma  sterreich GmbH,Potekajoèe zaèasno prenehanje opravljanja prometa,6,145312,2018-08-01,2021-08-01,2018-08-02,shortage,2026-09-23T21:01:22.224234,
SI,Slovenia,CBZ,Vellofent,Vellofent 533 mikrogramov podjeziène tablete,fentanylum,,škatla s 3 tabletami (1 x 3 tablete v pretisnem omotu iz poliamid-aluminij-PVC / aluminij-PET folije),podjezièna tableta,N02AB03,Angelini Pharma  sterreich GmbH,Potekajoèe zaèasno prenehanje opravljanja prometa,6,145313,2018-08-01,2021-08-01,2018-08-02,shortage,2026-09-23T21:01:22.224248,
SI,Slovenia,CBZ,Vellofent,Vellofent 533 mikrogramov podjeziène tablete,fentanylum,,škatla s 4 tabletami (1 x 4 tablete v pretisnem omotu iz poliamid-aluminij-PVC / aluminij-PET folije),podjezièna tableta,N02AB03,Angelini Pharma  sterreich GmbH,Potekajoèe zaèasno prenehanje opravljanja prometa,6,145314,2018-08-01,2021-08-01,2018-08-02,shortage,2026-09-23T21:01:22.224261,
SI,Slovenia,CBZ,Vellofent,Vellofent 533 mikrogramov podjeziène tablete,fentanylum,,škatla s 4 tabletami (1 x 4 tablete v pretisnem omotu iz poliamid-aluminij-PVC / aluminijaste folije),podjezièna tableta,N02AB03,Angelini Pharma  sterreich GmbH,Potekajoèe zaèasno prenehanje opravljanja prometa,6,145315,2018-08-01,2021-08-01,2018-08-02,shortage,2026-09-23T21:01:22.224273,
SI,Slovenia,CBZ,Vellofent,Vellofent 533 mikrogramov podjeziène tablete,fentanylum,,škatla s 15 tabletami (5 x 3 tablete v pretisnem omotu iz poliamid-aluminij-PVC / aluminijaste folije),podjezièna tableta,N02AB03,Angelini Pharma  sterreich GmbH,Potekajoèe zaèasno prenehanje opravljanja prometa,6,145316,2018-08-01,2021-08-01,2018-08-02,shortage,2026-09-23T21:01:22.224286,
SI,Slovenia,CBZ,Vellofent,Vellofent 533 mikrogramov podjeziène tablete,fentanylum,,škatla s 15 tabletami (5 x 3 tablete v pretisnem omotu iz poliamid-aluminij-PVC / aluminij-PET folije),podjezièna tableta,N02AB03,Angelini Pharma  sterreich GmbH,Potekajoèe zaèasno prenehanje opravljanja prometa,6,145317,2018-08-01,2021-08-01,2018-08-02,shortage,2026-09-23T21:01:22.224299,
SI,Slovenia,CBZ,Vellofent,Vellofent 533 mikrogramov podjeziène tablete,fentanylum,,škatla s 30 tabletami (10 x 3 tablete v pretisnem omotu iz poliamid-aluminij-PVC / aluminij-PET folije),podjezièna tableta,N02AB03,Angelini Pharma  sterreich GmbH,Potekajoèe zaèasno prenehanje opravljanja prometa,6,145318,2018-08-01,2021-08-01,2018-08-02,shortage,2026-09-23T21:01:22.224312,
SI,Slovenia,CBZ,Vellofent,Vellofent 533 mikrogramov podjeziène tablete,fentanylum,,škatla s 30 tabletami (10 x 3 tablete v pretisnem omotu iz poliamid-aluminij-PVC / aluminijaste folije),podjezièna tableta,N02AB03,Angelini Pharma  sterreich GmbH,Potekajoèe zaèasno prenehanje opravljanja prometa,6,145319,2018-08-01,2021-08-01,2018-08-02,shortage,2026-09-23T21:01:22.224325,
SI,Slovenia,CBZ,Vellofent,Vellofent 67 mikrogramov podjeziène tablete,fentanylum,,škatla s 3 tabletami (1 x 3 tablete v pretisnem omotu iz poliamid-aluminij-PVC / aluminijaste folije),podjezièna tableta,N02AB03,Angelini Pharma  sterreich GmbH,Potekajoèe zaèasno prenehanje opravljanja prometa,6,145320,2018-08-01,2021-08-01,2018-08-02,shortage,2026-09-23T21:01:22.224338,
SI,Slovenia,CBZ,Vellofent,Vellofent 67 mikrogramov podjeziène tablete,fentanylum,,škatla s 3 tabletami (1 x 3 tablete v pretisnem omotu iz poliamid-aluminij-PVC / aluminij-PET folije),podjezièna tableta,N02AB03,Angelini Pharma  sterreich GmbH,Potekajoèe zaèasno prenehanje opravljanja prometa,6,145321,2018-08-01,2021-08-01,2018-08-02,shortage,2026-09-23T21:01:22.224351,
SI,Slovenia,CBZ,Vellofent,Vellofent 67 mikrogramov podjeziène tablete,fentanylum,,škatla s 4 tabletami (1 x 4 tablete v pretisnem omotu iz poliamid-aluminij-PVC / aluminij-PET folije),podjezièna tableta,N02AB03,Angelini Pharma  sterreich GmbH,Potekajoèe zaèasno prenehanje opravljanja prometa,6,145322,2018-08-01,2021-08-01,2018-08-02,shortage,2026-09-23T21:01:22.224364,
SI,Slovenia,CBZ,Vellofent,Vellofent 67 mikrogramov podjeziène tablete,fentanylum,,škatla s 4 tabletami (1 x 4 tablete v pretisnem omotu iz poliamid-aluminij-PVC / aluminijaste folije),podjezièna tableta,N02AB03,Angelini Pharma  sterreich GmbH,Potekajoèe zaèasno prenehanje opravljanja prometa,6,145323,2018-08-01,2021-08-01,2018-08-02,shortage,2026-09-23T21:01:22.224376,
SI,Slovenia,CBZ,Vellofent,Vellofent 67 mikrogramov podjeziène tablete,fentanylum,,škatla s 15 tabletami (5 x 3 tablete v pretisnem omotu iz poliamid-aluminij-PVC / aluminijaste folije),podjezièna tableta,N02AB03,Angelini Pharma  sterreich GmbH,Potekajoèe zaèasno prenehanje opravljanja prometa,6,145324,2018-08-01,2021-08-01,2018-08-02,shortage,2026-09-23T21:01:22.224389,
SI,Slovenia,CBZ,Vellofent,Vellofent 67 mikrogramov podjeziène tablete,fentanylum,,škatla s 15 tabletami (5 x 3 tablete v pretisnem omotu iz poliamid-aluminij-PVC / aluminij-PET folije),podjezièna tableta,N02AB03,Angelini Pharma  sterreich GmbH,Potekajoèe zaèasno prenehanje opravljanja prometa,6,145325,2018-08-01,2021-08-01,2018-08-02,shortage,2026-09-23T21:01:22.224402,
SI,Slovenia,CBZ,Vellofent,Vellofent 67 mikrogramov podjeziène tablete,fentanylum,,škatla s 30 tabletami (10 x 3 tablete v pretisnem omotu iz poliamid-aluminij-PVC / aluminij-PET folije),podjezièna tableta,N02AB03,Angelini Pharma  sterreich GmbH,Potekajoèe zaèasno prenehanje opravljanja prometa,6,145326,2018-08-01,2021-08-01,2018-08-02,shortage,2026-09-23T21:01:22.224415,
SI,Slovenia,CBZ,Vellofent,Vellofent 67 mikrogramov podjeziène tablete,fentanylum,,škatla s 30 tabletami (10 x 3 tablete v pretisnem omotu iz poliamid-aluminij-PVC / aluminijaste folije),podjezièna tableta,N02AB03,Angelini Pharma  sterreich GmbH,Potekajoèe zaèasno prenehanje opravljanja prometa,6,145327,2018-08-01,2021-08-01,2018-08-02,shortage,2026-09-23T21:01:22.224428,
SI,Slovenia,CBZ,Vellofent,Vellofent 800 mikrogramov podjeziène tablete,fentanylum,,škatla s 3 tabletami (1 x 3 tablete v pretisnem omotu iz poliamid-aluminij-PVC / aluminijaste folije),podjezièna tableta,N02AB03,Angelini Pharma  sterreich GmbH,Potekajoèe zaèasno prenehanje opravljanja prometa,6,145328,2018-08-01,2021-08-01,2018-08-02,shortage,2026-09-23T21:01:22.224441,
SI,Slovenia,CBZ,Vellofent,Vellofent 800 mikrogramov podjeziène tablete,fentanylum,,škatla s 3 tabletami (1 x 3 tablete v pretisnem omotu iz poliamid-aluminij-PVC / aluminij-PET folije),podjezièna tableta,N02AB03,Angelini Pharma  sterreich GmbH,Potekajoèe zaèasno prenehanje opravljanja prometa,6,145329,2018-08-01,2021-08-01,2018-08-02,shortage,2026-09-23T21:01:22.224453,
SI,Slovenia,CBZ,Vellofent,Vellofent 800 mikrogramov podjeziène tablete,fentanylum,,škatla s 4 tabletami (1 x 4 tablete v pretisnem omotu iz poliamid-aluminij-PVC / aluminij-PET folije),podjezièna tableta,N02AB03,Angelini Pharma  sterreich GmbH,Potekajoèe zaèasno prenehanje opravljanja prometa,6,145330,2018-08-01,2021-08-01,2018-08-02,shortage,2026-09-23T21:01:22.224466,
SI,Slovenia,CBZ,Vellofent,Vellofent 800 mikrogramov podjeziène tablete,fentanylum,,škatla s 4 tabletami (1 x 4 tablete v pretisnem omotu iz poliamid-aluminij-PVC / aluminijaste folije),podjezièna tableta,N02AB03,Angelini Pharma  sterreich GmbH,Potekajoèe zaèasno prenehanje opravljanja prometa,6,145331,2018-08-01,2021-08-01,2018-08-02,shortage,2026-09-23T21:01:22.224479,
SI,Slovenia,CBZ,Vellofent,Vellofent 800 mikrogramov podjeziène tablete,fentanylum,,škatla s 15 tabletami (5 x 3 tablete v pretisnem omotu iz poliamid-aluminij-PVC / aluminijaste folije),podjezièna tableta,N02AB03,Angelini Pharma  sterreich GmbH,Potekajoèe zaèasno prenehanje opravljanja prometa,6,145332,2018-08-01,2021-08-01,2018-08-02,shortage,2026-09-23T21:01:22.224492,
SI,Slovenia,CBZ,Vellofent,Vellofent 800 mikrogramov podjeziène tablete,fentanylum,,škatla s 15 tabletami (5 x 3 tablete v pretisnem omotu iz poliamid-aluminij-PVC / aluminij-PET folije),podjezièna tableta,N02AB03,Angelini Pharma  sterreich GmbH,Potekajoèe zaèasno prenehanje opravljanja prometa,6,145333,2018-08-01,2021-08-01,2018-08-02,shortage,2026-09-23T21:01:22.224505,
SI,Slovenia,CBZ,Vellofent,Vellofent 800 mikrogramov podjeziène tablete,fentanylum,,škatla s 30 tabletami (10 x 3 tablete v pretisnem omotu iz poliamid-aluminij-PVC / aluminij-PET folije),podjezièna tableta,N02AB03,Angelini Pharma  sterreich GmbH,Potekajoèe zaèasno prenehanje opravljanja prometa,6,145334,2018-08-01,2021-08-01,2018-08-02,shortage,2026-09-23T21:01:22.224518,
SI,Slovenia,CBZ,Vellofent,Vellofent 800 mikrogramov podjeziène tablete,fentanylum,,škatla s 30 tabletami (10 x 3 tablete v pretisnem omotu iz poliamid-aluminij-PVC / aluminijaste folije),podjezièna tableta,N02AB03,Angelini Pharma  sterreich GmbH,Potekajoèe zaèasno prenehanje opravljanja prometa,6,145335,2018-08-01,2021-08-01,2018-08-02,shortage,2026-09-23T21:01:22.224531,
SI,Slovenia,CBZ,Dexamono,"Dexamono 1 mg/ml kapljice za oko, raztopina v enoodmernem vsebniku",dexamethasonum,,"škatla s 30 enoodmernimi vsebniki z 0,4 ml raztopine","kapljice za oko, raztopina",S01BA01,Laboratoires Thea,Potekajoèa motnja v preskrbi,5,145362,2026-07-15,2026-12-31,2026-06-12,shortage,2026-09-23T21:01:22.224544,214906
SI,Slovenia,CBZ,Tramadol Vitabalans,Tramadol Vitabalans 50 mg tablete,tramadolum,,škatla s 300 tabletami (30 x 10 tablet v pretisnem omotu),tableta,N02AX02,Vitabalans oy,Potekajoèe zaèasno prenehanje opravljanja prometa,6,145499,2023-12-31,2026-12-31,2026-01-12,shortage,2026-09-23T21:01:22.224557,
SI,Slovenia,CBZ,Elanix,Elanix 10 mg tablete,ezetimibum,,škatla s 30 tabletami (3 x 10 tablet v Alu/Alu pretisnem omotu),tableta,C10AX09,Lek d.d.,Potekajoèa motnja v preskrbi,5,145535,2025-02-01,2027-01-31,2025-01-31,shortage,2026-09-23T21:01:22.224570,70645
SI,Slovenia,CBZ,Elanix,Elanix 10 mg tablete,ezetimibum,,škatla s 100 tabletami (10 x 10 tablet v Alu/Alu pretisnem omotu),tableta,C10AX09,Lek d.d.,Potekajoèa motnja v preskrbi,5,145536,2025-02-01,2027-01-31,2025-01-31,shortage,2026-09-23T21:01:22.224583,70645
SI,Slovenia,CBZ,Ecansya,Ecansya 150 mg filmsko obložene tablete,capecitabinum,,60 tablet v pretisnem omotu (PVC/PVC/alu),filmsko obložena tableta,L01BC06,"KRKA, d.d., Novo mesto",Potekajoèa motnja v preskrbi,5,145927,2026-03-16,2026-10-16,2026-07-07,shortage,2026-09-23T21:01:22.224596,
SI,Slovenia,CBZ,Ecansya,Ecansya 500 mg filmsko obložene tablete,capecitabinum,,120 tablet v pretisnem omotu (PVC/PVC/alu),filmsko obložena tableta,L01BC06,"KRKA, d.d., Novo mesto",Potekajoèa motnja v preskrbi,5,145932,2026-07-13,2026-09-28,2026-09-03,shortage,2026-09-23T21:01:22.224609,59366
SI,Slovenia,CBZ,Flavamed,Flavamed 3 mg/ml peroralna raztopina,ambroxolum,,škatla s steklenico s 100 ml raztopine in merilno žlièko,peroralna raztopina,R05CB06,BERLIN-CHEMIE AG,Potekajoèe zaèasno prenehanje opravljanja prometa,6,145996,2024-08-31,2027-08-31,2025-01-31,shortage,2026-09-23T21:01:22.224622,
SI,Slovenia,CBZ,Valdiocef,Valdiocef 250 mg/5 ml zrnca za peroralno suspenzijo,cefadroxilum,,"škatla z eno steklenico s 65 g zrnc za pripravo 100 ml suspenzije, eno plastièno 5 ml brizgo za peroralno dajanje in eno plastièno merico za rekonstitucijo",zrnca za peroralno suspenzijo,J01DB05,ALKALOID - INT d.o.o.,Potekajoèe zaèasno prenehanje opravljanja prometa,6,146022,2026-01-01,2026-12-31,2026-01-05,shortage,2026-09-23T21:01:22.224636,
SI,Slovenia,CBZ,Spedra,Spedra 50 mg tablete,avanafilum,,škatla s 4 x 1 tableto v pretisnih omotih iz PVC/PCTFE/Alu,tableta,G04BE10,Phoenix Labs Unlimited Company,Potekajoèe zaèasno prenehanje opravljanja prometa,6,146030,2017-10-31,2027-12-31,2025-02-11,shortage,2026-09-23T21:01:22.224649,
SI,Slovenia,CBZ,Spedra,Spedra 100 mg tablete,avanafilum,,škatla s 4 x 1 tableto v pretisnih omotih iz PVC/PCTFE/Alu,tableta,G04BE10,Phoenix Labs Unlimited Company,Potekajoèe zaèasno prenehanje opravljanja prometa,6,146034,2025-08-27,,2025-09-01,shortage,2026-09-23T21:01:22.224662,
SI,Slovenia,CBZ,Spedra,Spedra 200 mg tablete,avanafilum,,škatla s 4 x 1 tableto v pretisnih omotih iz PVC/PCTFE/Alu,tableta,G04BE10,Phoenix Labs Unlimited Company,Potekajoèe zaèasno prenehanje opravljanja prometa,6,146037,2025-08-27,,2025-09-01,shortage,2026-09-23T21:01:22.224675,
SI,Slovenia,CBZ,Salofalk,Salofalk 3000 mg zrnca s podaljšanim sprošèanjem,mesalazinum,,"škatla s 60 vreèicami s 5,48 g zrnc",zrnca s podaljšanim sprošèanjem,A07EC02,Dr. Falk Pharma GmbH,Potekajoèa motnja v preskrbi,5,146204,2026-08-15,2026-10-05,2026-06-29,shortage,2026-09-23T21:01:22.224688,
SI,Slovenia,CBZ,TRISPAN,TRISPAN 20 mg/ml suspenzija za injiciranje,triamcinolonum,,škatla z 10 amuplami z 1 ml suspenzije,suspenzija za injiciranje,H02AB08,Esteve Pharmaceuticals GmbH,Potekajoèa motnja v preskrbi,5,146206,2022-03-31,2027-12-31,2026-08-31,shortage,2026-09-23T21:01:22.224701,
SI,Slovenia,CBZ,Adempas,"Adempas 0,5 mg filmsko obložene tablete",riociguatum,,42 filmsko obloženih tablet,filmsko obložena tableta,C02KX05,Bayer AG,Potekajoèa motnja v preskrbi,5,146280,2026-08-21,2026-10-16,2026-09-02,shortage,2026-09-23T21:01:22.224714,
SI,Slovenia,CBZ,Adempas,Adempas 1 mg filmsko obložene tablete,riociguatum,,42 filmsko obloženih tablet,filmsko obložena tableta,C02KX05,Bayer AG,Potekajoèa motnja v preskrbi,5,146281,2026-07-17,2026-10-16,2026-09-02,shortage,2026-09-23T21:01:22.224727,
SI,Slovenia,CBZ,Adempas,"Adempas 1,5 mg filmsko obložene tablete",riociguatum,,42 filmsko obloženih tablet,filmsko obložena tableta,C02KX05,Bayer AG,Potekajoèa motnja v preskrbi,5,146282,2026-07-17,2026-10-16,2026-09-02,shortage,2026-09-23T21:01:22.224740,
SI,Slovenia,CBZ,Adempas,Adempas 2 mg filmsko obložene tablete,riociguatum,,42 filmsko obloženih tablet,filmsko obložena tableta,C02KX05,Bayer AG,Potekajoèa motnja v preskrbi,5,146283,2026-07-17,2026-10-09,2026-09-02,shortage,2026-09-23T21:01:22.224753,
SI,Slovenia,CBZ,Adempas,"Adempas 2,5 mg filmsko obložene tablete",riociguatum,,42 filmsko obloženih tablet,filmsko obložena tableta,C02KX05,Bayer AG,Potekajoèa motnja v preskrbi,5,146284,2026-08-21,2026-10-16,2026-09-02,shortage,2026-09-23T21:01:22.224765,
SI,Slovenia,CBZ,Zoledronska kislina Viatris,Zoledronska kislina Viatris 4 mg/100 ml raztopina za infundiranje,acidum zoledronicum,,škatla z 1 vialo s 100 ml raztopine,raztopina za infundiranje,M05BA08,Viatris Limited,Potekajoèe zaèasno prenehanje opravljanja prometa,6,146330,2019-06-10,2026-12-31,2025-07-25,shortage,2026-09-23T21:01:22.224778,
SI,Slovenia,CBZ,Ceftazidim Viatris,Ceftazidim Viatris 1 g prašek za raztopino za injiciranje ali infundiranje,ceftazidimum,,škatla s 5 vialami s praškom,prašek za raztopino za injiciranje/infundiranje,J01DD02,Viatris Limited,Potekajoèe zaèasno prenehanje opravljanja prometa,6,146344,2021-06-30,2026-12-31,2025-07-25,shortage,2026-09-23T21:01:22.224792,22195
SI,Slovenia,CBZ,Bufomix Easyhaler,"Bufomix Easyhaler 160 mikrogramov/4,5 mikrograma na odmerek prašek za inhaliranje",formoterolum et alia medicamenta ad morbos obstructi pulmonis medendos,,škatla z veèodmernim inhalatorjem braz zašèitnega pokrova s 120 odmerki,prašek za inhaliranje,R03AK07,Orion Corporation,Potekajoèe zaèasno prenehanje opravljanja prometa,6,146581,2019-01-31,,2022-03-31,shortage,2026-09-23T21:01:22.224805,131164
SI,Slovenia,CBZ,Bufomix Easyhaler,Bufomix Easyhaler 320 mikrogramov/9 mikrogramov na odmerek prašek za inhaliranje,formoterolum et alia medicamenta ad morbos obstructi pulmonis medendos,,škatla z veèodmernim inhalatorjem brez zašèitnega pokrova s 60 odmerki,prašek za inhaliranje,R03AK07,Orion Corporation,Potekajoèe zaèasno prenehanje opravljanja prometa,6,146582,2018-12-31,,2022-03-31,shortage,2026-09-23T21:01:22.224818,131172
SI,Slovenia,CBZ,Etopozid Accord,Etopozid Accord 20 mg/ml koncentrat za raztopino za infundiranje,etoposidum,,škatla z 1 vialo s 5 ml koncentrata,koncentrat za raztopino za infundiranje,L01CB01,Accord Healthcare Polska Sp. z.o.o.,Potekajoèe zaèasno prenehanje opravljanja prometa,6,146665,2024-11-30,2027-11-30,2025-11-12,shortage,2026-09-23T21:01:22.224831,32700
SI,Slovenia,CBZ,Etopozid Accord,Etopozid Accord 20 mg/ml koncentrat za raztopino za infundiranje,etoposidum,,"škatla z 1 vialo z 12,5 ml koncentrata",koncentrat za raztopino za infundiranje,L01CB01,Accord Healthcare Polska Sp. z.o.o.,Potekajoèe zaèasno prenehanje opravljanja prometa,6,146666,2024-11-30,2027-11-30,2025-11-12,shortage,2026-09-23T21:01:22.224844,119679
SI,Slovenia,CBZ,Hizentra,Hizentra 200 mg/ml raztopina za subkutano injiciranje,immunoglobulina humana ad aplicationem extravascularem,,škatla z 10 vialami s 5 ml raztopine,raztopina za injiciranje,J06BA01,CSL Behring GmbH,Potekajoèe zaèasno prenehanje opravljanja prometa,6,146913,2026-09-11,2027-09-11,2026-09-11,shortage,2026-09-23T21:01:22.224856,97381
SI,Slovenia,CBZ,Imatinib Accord,Imatinib Accord 100 mg filmsko obložene tablete,,,120 tablet v pretisnih omotih iz PVC/PVDC/Alu,filmsko obložena tableta,L01EA01,Accord Healthcare S.L.U.,Potekajoèe zaèasno prenehanje opravljanja prometa,6,147046,2026-02-01,2027-01-31,2026-01-15,shortage,2026-09-23T21:01:22.224869,
SI,Slovenia,CBZ,Imatinib Accord,Imatinib Accord 400 mg filmsko obložene tablete,,,30 tablet v pretisnih omotih iz PVC/PVDC/Alu,filmsko obložena tableta,L01EA01,Accord Healthcare S.L.U.,Potekajoèe zaèasno prenehanje opravljanja prometa,6,147047,2026-02-01,2027-01-31,2026-01-15,shortage,2026-09-23T21:01:22.224882,
SI,Slovenia,CBZ,Bortezomib Accord,"Bortezomib Accord 3,5 mg prašek za raztopino za injiciranje",,,1 viala,prašek za raztopino za injiciranje,L01XG01,Accord Healthcare S.L.U.,Potekajoèa motnja v preskrbi,5,147049,2023-02-22,2026-12-31,2024-12-23,shortage,2026-09-23T21:01:22.224895,75299
SI,Slovenia,CBZ,Temozolomid Accord,Temozolomid Accord 180 mg trde kapsule,temozolomidum,,škatla s 5 kapsulami v vreèkah s po 1 kapsulo,"kapsula, trda",L01AX03,Accord Healthcare S.L.U.,Potekajoèe zaèasno prenehanje opravljanja prometa,6,147066,2024-11-30,2026-11-30,2025-11-12,shortage,2026-09-23T21:01:22.224908,
SI,Slovenia,CBZ,Humani Albumin CSL Behring,Humani Albumin CSL Behring 200 g/l raztopina za infundiranje,albuminum,,škatla z 1 vialo s 100 ml raztopine,raztopina za infundiranje,B05AA01,CSL Behring GmbH,Potekajoèe zaèasno prenehanje opravljanja prometa,6,147073,2024-12-09,2027-12-09,2024-12-05,shortage,2026-09-23T21:01:22.224921,24082
SI,Slovenia,CBZ,Loquen SR,Loquen SR 150 mg tablete s podaljšanim sprošèanjem,quetiapinum,,škatla s 60 tabletami (6 x 10 tablet v pretisnem omotu),tableta s podaljšanim sprošèanjem,N05AH04,Teva Pharma B.V.,Potekajoèa motnja v preskrbi,5,147086,2026-08-19,2027-01-31,2026-08-19,shortage,2026-09-23T21:01:22.224934,
SI,Slovenia,CBZ,Farydak,Farydak 10 mg trde kapsule,,,6 kapsul v pretisnih omotih,"kapsula, trda",L01XH03,Pharmaand GmbH,Potekajoèa motnja v preskrbi,5,147189,2021-07-16,2024-08-31,2022-08-05,shortage,2026-09-23T21:01:22.224947,
SI,Slovenia,CBZ,Farydak,Farydak 15 mg trde kapsule,,,6 kapsul v pretisnih omotih,"kapsula, trda",L01XH03,Pharmaand GmbH,Potekajoèa motnja v preskrbi,5,147190,2021-07-16,2024-08-31,2022-08-05,shortage,2026-09-23T21:01:22.224960,
SI,Slovenia,CBZ,Farydak,Farydak 20 mg trde kapsule,,,6 kapsul v pretisnih omotih,"kapsula, trda",L01XH03,Pharmaand GmbH,Potekajoèa motnja v preskrbi,5,147191,2021-07-16,2024-08-31,2022-08-05,shortage,2026-09-23T21:01:22.224973,
SI,Slovenia,CBZ,Memantin Mylan,Memantin Mylan 10 mg filmsko obložene tablete,memantinum,,škatla z 28 tabletami v pretisnih omotih,filmsko obložena tableta,N06DX01,Mylan Pharmaceuticals Limited,Potekajoèe zaèasno prenehanje opravljanja prometa,6,147252,2021-05-15,2026-12-31,2025-07-25,shortage,2026-09-23T21:01:22.224986,
SI,Slovenia,CBZ,Memantin Mylan,Memantin Mylan 20 mg filmsko obložene tablete,memantinum,,škatla z 28 tabletami v pretisnih omotih,filmsko obložena tableta,N06DX01,Mylan Pharmaceuticals Limited,Potekajoèe zaèasno prenehanje opravljanja prometa,6,147253,2021-04-15,2026-12-31,2025-07-25,shortage,2026-09-23T21:01:22.224999,
SI,Slovenia,CBZ,Duloksetin Viatris,Duloksetin Viatris 30 mg trde gastrorezistentne kapsule,duloxetinum,,škatla z 28 kapsulami v pretisnih omotih iz PVC/PCTFE/Alu,"gastrorezistentna kapsula, trda",N06AX21,Viatris Limited,Potekajoèe zaèasno prenehanje opravljanja prometa,6,147254,2018-12-01,2026-12-31,2025-07-25,shortage,2026-09-23T21:01:22.225012,
SI,Slovenia,CBZ,Duloksetin Viatris,Duloksetin Viatris 60 mg trde gastrorezistentne kapsule,duloxetinum,,škatla z 28 kapsulami v pretisnih omotih iz PVC/PCTFE/Alu,"gastrorezistentna kapsula, trda",N06AX21,Viatris Limited,Potekajoèe zaèasno prenehanje opravljanja prometa,6,147255,2021-01-01,2026-12-31,2025-07-25,shortage,2026-09-23T21:01:22.225025,
SI,Slovenia,CBZ,Levosert,Levosert 20 mikrogramov/24 ur intrauterini dostavni sistem,contraceptiva intrauterina polymerica cum progestogenis,,škatla z 1 intrauterinim dostavnim sistemom,intrauterini dostavni sistem,G02BA03,Gedeon Richter Plc.,Potekajoèa motnja v preskrbi,5,147298,2025-09-26,2026-09-25,2025-09-26,shortage,2026-09-23T21:01:22.225038,223999
SI,Slovenia,CBZ,Bortezomib Teva,"Bortezomib Teva 3,5 mg prašek za raztopino za injiciranje",,,škatla z 1 vialo (volumen 10 ml) s praškom,prašek za raztopino za injiciranje,L01XG01,Teva B.V.,Potekajoèa motnja v preskrbi,5,147487,2022-08-01,2026-12-31,2025-12-04,shortage,2026-09-23T21:01:22.225052,
SI,Slovenia,CBZ,Cinakalcet Viatris,Cinakalcet Viatris 30 mg filmsko obložene tablete,cinacalcetum,,škatla z 28 tabletami v pretisnih omotih,filmsko obložena tableta,H05BX01,Viatris Limited,Potekajoèa motnja v preskrbi,5,147489,2026-09-07,2027-02-01,2026-09-07,shortage,2026-09-23T21:01:22.225065,
SI,Slovenia,CBZ,Kreon,Kreon 5 000 Ph.Eur.e. gastrorezistentna zrnca,"praeparata multienzymica (lipazae, proteazae)",,škatla z vsebnikom z 20 g zrnc in odmerno žlièko,gastrorezistentna zrnca,A09AA02,Viatris Healthcare Limited,Potekajoèe zaèasno prenehanje opravljanja prometa,6,147522,2020-04-30,2026-12-31,2025-07-25,shortage,2026-09-23T21:01:22.225080,
SI,Slovenia,CBZ,Mysimba,Mysimba 8 mg/90 mg tablete s podaljšanim sprošèanjem,-,,škatla s s 112 tabletami v pretisnih omotih,tableta s podaljšanim sprošèanjem,A08AA62,Orexigen Therapeutics Ireland Limited,Potekajoèe zaèasno prenehanje opravljanja prometa,6,147541,2020-10-15,2022-10-15,2020-08-26,shortage,2026-09-23T21:01:22.225094,
SI,Slovenia,CBZ,Linezolid Accord,Linezolid Accord 600 mg filmsko obložene tablete,linezolidum,,škatla z 10 tabletami (1 x 10 tablet v pretisnem omotu),filmsko obložena tableta,J01XX08,Accord Healthcare Polska Sp. z.o.o.,Potekajoèa motnja v preskrbi,5,147544,2024-10-31,2026-12-31,2025-11-28,shortage,2026-09-23T21:01:22.225107,60186
SI,Slovenia,CBZ,Panzyga,Panzyga 100 mg/ml raztopina za infundiranje,immunoglobulina humana ad aplicationem intravascularem,,škatla z 1 vialo s 25 ml raztopine,raztopina za infundiranje,J06BA02,Octapharma (IP) SPRL,Potekajoèe zaèasno prenehanje opravljanja prometa,6,147550,2025-07-24,2027-06-25,2025-07-24,shortage,2026-09-23T21:01:22.225120,
SI,Slovenia,CBZ,Fulvestrant Lek,Fulvestrant Lek 250 mg raztopina za injiciranje v napolnjeni injekcijski brizgi,fulvestrantum,,"škatla z dvema napolnjenima injekcijsko brizgama z zapornim nastavkom, ki šèiti pred posegom s 5 ml raztopine in varnostno iglo BD SafetyGlide",raztopina za injiciranje v napolnjeni injekcijski brizgi,L02BA03,Lek d.d.,Potekajoèe zaèasno prenehanje opravljanja prometa,6,147560,2023-09-07,2026-12-31,2025-12-19,shortage,2026-09-23T21:01:22.225133,
SI,Slovenia,CBZ,Duloksetin Sandoz,Duloksetin Sandoz 30 mg trde gastrorezistentne kapsule,duloxetinum,,škatla z 28 kapsulami (2 x 14 kapsul v PVC/PE/PCTFE//Al pretisnem omotu),"gastrorezistentna kapsula, trda",N06AX21,Sandoz d.d.,Potekajoèe zaèasno prenehanje opravljanja prometa,6,147604,2026-08-06,2026-12-31,2026-08-06,shortage,2026-09-23T21:01:22.225147,
SI,Slovenia,CBZ,Duloksetin Sandoz,Duloksetin Sandoz 60 mg trde gastrorezistentne kapsule,duloxetinum,,škatla z 28 kapsulami (2 x 14 kapsul v PVC/PE/PCTFE//Al pretisnem omotu),"gastrorezistentna kapsula, trda",N06AX21,Sandoz d.d.,Potekajoèe zaèasno prenehanje opravljanja prometa,6,147605,2026-08-06,2026-12-31,2026-08-06,shortage,2026-09-23T21:01:22.225160,
SI,Slovenia,CBZ,Beriplex,Beriplex P/N 500 i.e. prašek in vehikel za raztopino za injiciranje,"coagulationis factores IX, II, VII et X in combinationibus",,"škatla z 1 vialo s praškom, 1 vialo z vehiklom (20 ml vode) in 1 priprava za prenos s filtrom 20/20",prašek in vehikel za raztopino za injiciranje,B02BD01,CSL Behring GmbH,Potekajoèe zaèasno prenehanje opravljanja prometa,6,147609,2026-09-11,2027-09-11,2026-09-11,shortage,2026-09-23T21:01:22.225173,
SI,Slovenia,CBZ,Fulvestrant Teva,Fulvestrant Teva 250 mg raztopina za injiciranje v napolnjeni injekcijski brizgi,fulvestrantum,,škatla z dvema napolnjenima injekcijskima brizgama z nastavkom Luer-Lock s 5 ml raztopine in dvema varnostnima iglama,raztopina za injiciranje v napolnjeni injekcijski brizgi,L02BA03,Teva B.V.,Potekajoèe zaèasno prenehanje opravljanja prometa,6,147664,2024-02-01,2026-12-31,2025-12-04,shortage,2026-09-23T21:01:22.225187,74934
SI,Slovenia,CBZ,Razagilin Viatris,Razagilin Viatris 1 mg tablete,rasagilinum,,28 tablet v pretisnih omotih iz PVC/PVDC/alu,tableta,N04BD02,Viatris Limited,Potekajoèe zaèasno prenehanje opravljanja prometa,6,147683,2018-08-01,2026-12-31,2025-07-25,shortage,2026-09-23T21:01:22.225200,129852
SI,Slovenia,CBZ,SMOFlipid,SMOFlipid 200 mg/ml emulzija za infundiranje,emulsiones lipidicae,,škatla z 10 steklenicami z 250 ml raztopine,emulzija za infundiranje,B05BA02,Fresenius Kabi Austria GmbH.,Potekajoèa motnja v preskrbi,5,147702,2026-09-04,2026-10-31,2026-09-14,shortage,2026-09-23T21:01:22.225213,86207
SI,Slovenia,CBZ,Amdut,"Amdut 0,5 mg mehke kapsule",dutasteridum,,škatla z 90 kapsulami (6 x 15 kapsul v pretisnem omotu),"kapsula, mehka",G04CB02,APTA MEDICA INTERNACIONAL d.o.o.,Potekajoèe zaèasno prenehanje opravljanja prometa,6,147817,2026-02-01,2027-01-31,2026-01-15,shortage,2026-09-23T21:01:22.225226,68195
SI,Slovenia,CBZ,Alopurinol Sandoz,Alopurinol Sandoz 100 mg tablete,allopurinolum,,škatla s 100 tabletami (10 x 10 tablet v pretisnem omotu),tableta,M04AA01,Sandoz d.d.,Potekajoèa motnja v preskrbi,5,147927,2026-04-10,2026-11-10,2026-05-24,shortage,2026-09-23T21:01:22.225239,
SI,Slovenia,CBZ,Alopurinol Sandoz,Alopurinol Sandoz 300 mg tablete,allopurinolum,,škatla s 30 tabletami (3 x 10 tablet v pretisnem omotu),tableta,M04AA01,Sandoz d.d.,Potekajoèa motnja v preskrbi,5,147928,2026-02-16,2026-11-10,2026-05-24,shortage,2026-09-23T21:01:22.225252,
SI,Slovenia,CBZ,Irinotekan Accord,Irinotekan Accord 20 mg/ml koncentrat za raztopino za infundiranje,,,škatla z 1 vialo s 5 ml koncentrata,koncentrat za raztopino za infundiranje,L01CE02,Accord Healthcare Polska Sp. z.o.o.,Potekajoèe zaèasno prenehanje opravljanja prometa,6,147949,2024-11-30,2027-11-30,2025-11-12,shortage,2026-09-23T21:01:22.225265,51047
SI,Slovenia,CBZ,Rosacta,Rosacta krema,Alia praeparata topica ad dolores musculorum et articulorum,,"Škatla s 90 g kreme, v tubi",krema,M02AX,Medis GmbH,Potekajoèe zaèasno prenehanje opravljanja prometa,6,147955,2027-03-31,,2026-09-02,shortage,2026-09-23T21:01:22.225279,
SI,Slovenia,CBZ,Bivalirudin Accord,Bivalirudin Accord 250 mg prašek za koncentrat za raztopino za injiciranje/infundiranje,bivalirudinum,,škatla s 5 vialami s praškom,prašek za koncentrat za raztopino za injiciranje/infundiranje,B01AE06,Accord Healthcare Polska Sp. z.o.o.,Potekajoèa motnja v preskrbi,5,147962,2026-03-23,2027-03-31,2026-03-20,shortage,2026-09-23T21:01:22.225292,93521
SI,Slovenia,CBZ,Bivalirudin Accord,Bivalirudin Accord 250 mg prašek za koncentrat za raztopino za injiciranje/infundiranje,bivalirudinum,,škatla z 1 vialo s praškom,prašek za koncentrat za raztopino za injiciranje/infundiranje,B01AE06,Accord Healthcare Polska Sp. z.o.o.,Potekajoèa motnja v preskrbi,5,147963,2021-12-01,2027-05-31,2025-05-13,shortage,2026-09-23T21:01:22.225305,93521
SI,Slovenia,CBZ,Eptifibatid Accord,Eptifibatid Accord 2 mg/ml raztopina za injiciranje,eptifibatidum,,škatla z 1 vialo z 10 ml raztopine,raztopina za injiciranje,B01AC16,Accord Healthcare S.L.U.,Potekajoèe zaèasno prenehanje opravljanja prometa,6,147985,2026-07-01,2027-06-30,2026-06-29,shortage,2026-09-23T21:01:22.225317,53716
SI,Slovenia,CBZ,Amcandin,Amcandin 8 mg/5 mg trde kapsule,candesartanum et amlodipinum,,škatla z 28 kapsulami (4 x 7 kapsul v pretisnem omotu),"kapsula, trda",C09DB07,Sandoz d.d.,Potekajoèa motnja v preskrbi,5,148043,2026-09-03,2026-09-17,2026-09-03,shortage,2026-09-23T21:01:22.225330,
SI,Slovenia,CBZ,Spectrila,Spectrila 10.000 e. prašek za koncentrat za raztopino za infundiranje,asparaginasum,,škatla z 1 vialo,prašek za koncentrat za raztopino za infundiranje,L01XX02,Medac GmbH,Potekajoèe zaèasno prenehanje opravljanja prometa,6,148112,2023-01-01,2026-12-31,2023-12-21,shortage,2026-09-23T21:01:22.225344,137561
SI,Slovenia,CBZ,Mydrane,"Mydrane 0,2 mg/ml + 3,1 mg/ml + 10 mg/ml raztopina za injiciranje",tropicamidi combinationes,,"škatla z 20 ampulami (5 x 4 ampule v pretisnem omotu) z 0,6 ml raztopine in 20 iglami s 5-mikronskim filtrom v pretisnem omotu",raztopina za injiciranje,S01FA56,Laboratoires Thea,Potekajoèa motnja v preskrbi,5,148117,2026-06-12,2026-12-31,2026-06-12,shortage,2026-09-23T21:01:22.225357,217050
SI,Slovenia,CBZ,Aripiprazol Mylan Pharma,Aripiprazol Mylan Pharma 10 mg tablete,aripiprazolum,,škatla z 28 tabletami v pretisnih omotih,tableta,N05AX12,Mylan Pharmaceuticals Limited,Potekajoèe zaèasno prenehanje opravljanja prometa,6,148135,2019-07-31,2026-12-31,2025-07-25,shortage,2026-09-23T21:01:22.225370,
SI,Slovenia,CBZ,Aripiprazol Mylan Pharma,Aripiprazol Mylan Pharma 15 mg tablete,aripiprazolum,,škatla z 28 tabletami v pretisnih omotih,tableta,N05AX12,Mylan Pharmaceuticals Limited,Potekajoèe zaèasno prenehanje opravljanja prometa,6,148136,2019-06-30,2026-12-31,2025-07-25,shortage,2026-09-23T21:01:22.225383,
SI,Slovenia,CBZ,Duloksetin Viatris,Duloksetin Viatris 30 mg trde gastrorezistentne kapsule,duloxetinum,,škatla z 28 kapsulami v pretisnih omotih iz OPA/Alu/PVC-Alu,"gastrorezistentna kapsula, trda",N06AX21,Viatris Limited,Potekajoèe zaèasno prenehanje opravljanja prometa,6,148138,2021-03-01,2026-12-31,2025-07-25,shortage,2026-09-23T21:01:22.225397,
SI,Slovenia,CBZ,Duloksetin Viatris,Duloksetin Viatris 60 mg trde gastrorezistentne kapsule,duloxetinum,,škatla z 28 kapsulami v pretisnih omotih iz OPA/Alu/PVC-Alu,"gastrorezistentna kapsula, trda",N06AX21,Viatris Limited,Potekajoèe zaèasno prenehanje opravljanja prometa,6,148139,2021-01-01,2026-12-31,2025-07-25,shortage,2026-09-23T21:01:22.225409,
SI,Slovenia,CBZ,Mysildecard,Mysildecard 20 mg filmsko obložene tablete,sildenafilum,,škatla z 90 tabletami v pretisnih omotih,filmsko obložena tableta,G04BE03,Viatris Limited,Potekajoèe zaèasno prenehanje opravljanja prometa,6,148140,2018-09-03,2026-12-31,2025-07-25,shortage,2026-09-23T21:01:22.225423,
SI,Slovenia,CBZ,Vinorelbin Accord,Vinorelbin Accord 10 mg/ml koncentrat za raztopino za infundiranje,vinorelbinum,,škatla z 1 vialo z 1 ml koncentrata,koncentrat za raztopino za infundiranje,L01CA04,Accord Healthcare Polska Sp. z.o.o.,Potekajoèa motnja v preskrbi,5,148283,2022-07-31,2027-12-31,2026-03-20,shortage,2026-09-23T21:01:22.225436,58815
SI,Slovenia,CBZ,Velphoro,Velphoro 500 mg žveèljive tablete,sucroferri(III) oxyhydroxidum,,škatla z 1 plastenko z 90 tabletami,žveèljiva tableta,V03AE05,Vifor Fresenius Medical Care Renal Pharma France,Potekajoèa motnja v preskrbi,5,148300,2026-09-11,2026-10-15,2026-09-11,shortage,2026-09-23T21:01:22.225449,129496
SI,Slovenia,CBZ,Dizoproksiltenofovirat Viatris,Dizoproksiltenofovirat Viatris 245 mg filmsko obložene tablete,tenofoviri disoproxilas,,škatla z 1 plastenko po 30 tablet,filmsko obložena tableta,J05AF07,Viatris Limited,Potekajoèe zaèasno prenehanje opravljanja prometa,6,148331,2019-12-18,2026-12-31,2025-07-25,shortage,2026-09-23T21:01:22.225462,146633
SI,Slovenia,CBZ,Emtricitabin/dizoproksiltenofovirat Mylan,Emtricitabin/dizoproksiltenofovirat Mylan 200 mg/245 mg filmsko obložene tablete,tenophovirum disoproxilum et emtricitabinum,,škatla z 1 plastenko po 30 tablet,filmsko obložena tableta,J05AR03,Mylan Pharmaceuticals Limited,Potekajoèe zaèasno prenehanje opravljanja prometa,6,148332,2018-12-24,2026-12-31,2025-07-25,shortage,2026-09-23T21:01:22.225476,146560
SI,Slovenia,CBZ,Rekovelle,"REKOVELLE 12 mikrogramov/0,36 ml raztopina za injiciranje",,,1 vložek + 3 injekcijske igle,raztopina za injiciranje,G03GA10,Ferring Pharmaceuticals A/S,Potekajoèe zaèasno prenehanje opravljanja prometa,6,148333,2019-12-31,2022-12-31,2020-06-14,shortage,2026-09-23T21:01:22.225489,148571
SI,Slovenia,CBZ,Rekovelle,"REKOVELLE 36 mikrogramov/1,08 ml raztopina za injiciranje",,,1 vložek + 6 injekcijskih igel,raztopina za injiciranje,G03GA10,Ferring Pharmaceuticals A/S,Potekajoèe zaèasno prenehanje opravljanja prometa,6,148334,2019-12-31,2022-12-31,2020-06-14,shortage,2026-09-23T21:01:22.225501,148598
SI,Slovenia,CBZ,Rekovelle,"REKOVELLE 72 mikrogramov/2,16 ml raztopina za injiciranje",,,1 vložek + 9 injekcijskih igel,raztopina za injiciranje,G03GA10,Ferring Pharmaceuticals A/S,Potekajoèe zaèasno prenehanje opravljanja prometa,6,148335,2019-12-31,2022-12-31,2020-06-14,shortage,2026-09-23T21:01:22.225515,148601
SI,Slovenia,CBZ,Vorikonazol Accordpharma,Vorikonazol Accordpharma 200 mg prašek za raztopino za infundiranje,voriconazolum,,škatla z 1 vialo s praškom,prašek za raztopino za infundiranje,J02AC03,Accord Healthcare Polska Sp. z.o.o.,Potekajoèa motnja v preskrbi,5,148340,2024-04-30,2026-12-31,2025-12-18,shortage,2026-09-23T21:01:22.225528,63622
SI,Slovenia,CBZ,Dortilla,"Dortilla 0,5 mg mehke kapsule",dutasteridum,,škatla z 90 kapsulami (6 x 15 kapsul v pretisnem omotu),"kapsula, mehka",G04CB02,"KRKA, d.d., Novo mesto",Potekajoèe zaèasno prenehanje opravljanja prometa,6,148373,2023-10-01,2026-12-31,2026-01-07,shortage,2026-09-23T21:01:22.225541,68195
SI,Slovenia,CBZ,Darunavir Viatris,Darunavir Viatris 600 mg filmsko obložene tablete,darunavirum,,škatla s 60 tabletami v pretisnih omotih iz PVC/PE/PVDC/alu,filmsko obložena tableta,J05AE10,Viatris Limited,Potekajoèe zaèasno prenehanje opravljanja prometa,6,148400,2019-06-10,2026-12-31,2025-07-25,shortage,2026-09-23T21:01:22.225554,
SI,Slovenia,CBZ,Darunavir Viatris,Darunavir Viatris 800 mg filmsko obložene tablete,darunavirum,,škatla s 30 tabletami v pretisnih omotih iz PVC/PE/PVDC/alu,filmsko obložena tableta,J05AE10,Viatris Limited,Potekajoèe zaèasno prenehanje opravljanja prometa,6,148401,2019-10-07,2026-12-31,2025-07-25,shortage,2026-09-23T21:01:22.225567,167398
SI,Slovenia,CBZ,Moventig,Moventig 25 mg filmsko obložene tablete,naloxegolum,,škatla s 30 tabletami v pretisnih omotih,filmsko obložena tableta,A06AH03,Gruenenthal GmbH,Potekajoèe zaèasno prenehanje opravljanja prometa,6,148408,2026-04-07,2027-12-31,2026-04-07,shortage,2026-09-23T21:01:22.225580,
SI,Slovenia,CBZ,Loquen,Loquen SR 50 mg tablete s podaljšanim sprošèanjem,quetiapinum,,škatla s 60 tabletami (6 x 10 tablet v pretisnem omotu),tableta s podaljšanim sprošèanjem,N05AH04,Teva Pharma B.V.,Potekajoèa motnja v preskrbi,5,148542,2025-09-01,2027-01-31,2026-08-19,shortage,2026-09-23T21:01:22.225594,
SI,Slovenia,CBZ,Rokuronijev bromid hameln,Rokuronijev bromid hameln 10 mg/ml raztopina za injiciranje/infundiranje,rocuronii bromidum,,škatla z 10 vialami s 5 ml raztopine,raztopina za injiciranje/infundiranje,M03AC09,hameln pharma gmbh,Potekajoèa motnja v preskrbi,5,148617,2025-04-10,2026-09-30,2026-06-26,shortage,2026-09-23T21:01:22.225607,147907
SI,Slovenia,CBZ,ProQuad,ProQuad prašek in vehikel za suspenzijo za injiciranje v napolnjeni injekcijski brizgi,"morbillorum, parotitidis, rubeolae et varicellae vaccinum combinatum viris attenuatis",,1 viala (prašek) + 1 napolnjena injekcijska brizga (vehikel) + 2 igli,prašek in vehikel za suspenzijo za injiciranje,J07BD54,MERCK SHARP & DOHME B.V.,Potekajoèe zaèasno prenehanje opravljanja prometa,6,148803,2025-02-21,2027-03-10,2026-03-10,shortage,2026-09-23T21:01:22.225621,
SI,Slovenia,CBZ,Pantoprazol Apta,Pantoprazol Apta 40 mg prašek za raztopino za injiciranje/infundiranje,pantoprazolum,,škatla z 10 vialami s praškom (bolnišnièno pakiranje),prašek za raztopino za injiciranje/infundiranje,A02BC02,APTA MEDICA INTERNACIONAL d.o.o.,Potekajoèe zaèasno prenehanje opravljanja prometa,6,148842,2026-02-01,2027-01-31,2026-01-15,shortage,2026-09-23T21:01:22.225634,50482
SI,Slovenia,CBZ,Itami,Itami 140 mg zdravilni obliž,diclofenacum,,škatla s 5 vreèicami s po 1 obližem,zdravilni obliž,M02AA15,Fidia Farmaceutici S.p.A.,Potekajoèe zaèasno prenehanje opravljanja prometa,6,148998,2022-07-01,2028-07-01,2025-04-14,shortage,2026-09-23T21:01:22.225647,
SI,Slovenia,CBZ,Afstyla,AFSTYLA 1000 i.e. prašek in vehikel za raztopino za injiciranje,coagulationis factor VIII,,"1 viala s praškom + 1 viala z 2,5 ml vode za injekcije + 1 škatla s pripomoèkom",prašek in vehikel za raztopino za injiciranje,B02BD02,CSL Behring GmbH,Potekajoèe zaèasno prenehanje opravljanja prometa,6,149006,2026-09-11,2027-09-11,2026-09-11,shortage,2026-09-23T21:01:22.225661,139254
SI,Slovenia,CBZ,Herzuma,Herzuma 150 mg prašek za koncentrat za raztopino za infundiranje,,,škatla z 1 vialo,prašek za koncentrat za raztopino za infundiranje,L01FD01,Celltrion Healthcare Hungary Kft.,Potekajoèa motnja v preskrbi,5,149173,2026-05-29,2027-12-31,2026-05-28,shortage,2026-09-23T21:01:22.225675,150975
SI,Slovenia,CBZ,Humulin,Humulin N 100 i.e./ml suspenzija za injiciranje v vložku,insulinum humanum,,škatla s 5 vložki s 3 ml suspenzije,suspenzija za injiciranje,A10AC01,"ELI LILLY FARMACEVTSKA DRUŽBA, d.o.o.",Potekajoèa motnja v preskrbi,5,149217,2026-09-01,2026-11-02,2026-09-04,shortage,2026-09-23T21:01:22.225688,
SI,Slovenia,CBZ,Anagrelid Sandoz,"Anagrelid Sandoz 0,5 mg trde kapsule",anagrelidum,,škatla s plastenko z za otroke varno zaporko s 100 kapsulami in sušilnim sredstvom,"kapsula, trda",L01XX35,Sandoz d.d.,Potekajoèa motnja v preskrbi,5,149222,2026-08-24,2026-10-31,2026-08-24,shortage,2026-09-23T21:01:22.225706,77526
SI,Slovenia,CBZ,Plenvu,Plenvu prašek za peroralno raztopino,macrogoli combinationes,,"škatla z vreèo z 1 vreèico za prvi odmerek s 115,96 g praška ter vreèicama A s 46,26 g praška in B s 55,65 g praška za drugi odmerek",prašek za peroralno raztopino,A06AD65,Norgine BV,Potekajoèa motnja v preskrbi,5,149239,2026-08-10,2026-11-01,2026-06-22,shortage,2026-09-23T21:01:22.225720,150002
SI,Slovenia,CBZ,Monofer,Monofer 100 mg/ml raztopina za injiciranje/infundiranje,Praeparata parenteralia cum ferro(III),,škatla s 5 vialami z 1 ml raztopine,raztopina za injiciranje/infundiranje,B03AC,Pharmacosmos A/S,Potekajoèe zaèasno prenehanje opravljanja prometa,6,149255,2026-01-07,2027-01-07,2025-11-07,shortage,2026-09-23T21:01:22.225733,
SI,Slovenia,CBZ,Kanjinti,KANJINTI 150 mg prašek za koncentrat za raztopino za infundiranje,,,škatla z 1 vialo,prašek za koncentrat za raztopino za infundiranje,L01FD01,Amgen Europe B.V.,Potekajoèe zaèasno prenehanje opravljanja prometa,6,149274,2026-01-01,2026-12-31,2026-03-27,shortage,2026-09-23T21:01:22.225746,
SI,Slovenia,CBZ,Kanjinti,KANJINTI 420 mg prašek za koncentrat za raztopino za infundiranje,,,škatla z 1 vialo,prašek za koncentrat za raztopino za infundiranje,L01FD01,Amgen Europe B.V.,Potekajoèe zaèasno prenehanje opravljanja prometa,6,149275,2026-01-01,2026-12-31,2026-03-27,shortage,2026-09-23T21:01:22.225759,
SI,Slovenia,CBZ,Bortezomib Sandoz,"Bortezomib Sandoz 3,5 mg prašek za raztopino za injiciranje",,,škatla z 1 vialo s praškom,prašek za raztopino za injiciranje,L01XG01,Sandoz d.d.,Potekajoèe zaèasno prenehanje opravljanja prometa,6,149325,2026-04-01,2027-05-01,2026-03-12,shortage,2026-09-23T21:01:22.225772,
SI,Slovenia,CBZ,Neodolpasse,Neodolpasse 75 mg/30 mg raztopina za infundiranje,diclofenaci combinationes,,škatla z 10 steklenicami z 250 ml raztopine,raztopina za infundiranje,M01AB55,Fresenius Kabi Austria GmbH.,Potekajoèa motnja v preskrbi,5,149410,2026-06-30,2026-10-31,2026-09-07,shortage,2026-09-23T21:01:22.225785,
SI,Slovenia,CBZ,Testarzon,Testarzon 23 mg/pritisk transdermalni gel,testosteronum,,"škatla z vsebnikom s èrpalko in glavo za apliciranje s 85,5 g gela (za 56 posameznih odmerkov)",transdermalni gel,G03BA03,The Simple Pharma Company Limited,Potekajoèa motnja v preskrbi,5,149548,2021-05-21,2023-05-21,2021-11-29,shortage,2026-09-23T21:01:22.225798,
SI,Slovenia,CBZ,Eliskardia,Eliskardia 10 mg filmsko obložene tablete,prasugrelum,,škatla s 30 tabletami (2 x 15 tablet v pretisnem omotu),filmsko obložena tableta,B01AC22,"KRKA, d.d., Novo mesto",Potekajoèa motnja v preskrbi,5,149579,2026-09-01,2026-11-23,2026-08-28,shortage,2026-09-23T21:01:22.225812,
SI,Slovenia,CBZ,Zoledronska kislina Accord,Zoledronska kislina Accord 4 mg/100 ml raztopina za infundiranje,acidum zoledronicum,,škatla z 1 vreèko s 100 ml raztopine,raztopina za infundiranje,M05BA08,Accord Healthcare Polska Sp. z.o.o.,Potekajoèe zaèasno prenehanje opravljanja prometa,6,149587,2025-01-30,2027-01-31,2025-01-30,shortage,2026-09-23T21:01:22.225825,113336
SI,Slovenia,CBZ,Syntocinon,Syntocinon 5 i.e. koncentrat za raztopino za infundiranje/raztopina za injiciranje,oxytocinum,,škatla z 10 ampulami z 1 ml raztopine,koncentrat za raztopino za injiciranje/infundiranje,H01BB02,Viatris Healthcare Limited,Potekajoèa motnja v preskrbi,5,149602,2026-08-20,2026-12-31,2026-08-17,shortage,2026-09-23T21:01:22.225838,7536
SI,Slovenia,CBZ,Fixalpost,"Fixalpost 50 mikrogramov/ml + 5 mg/ml kapljice za oko, raztopina v enoodmernem vsebniku",timololi combinationes,,"škatla s 6 vreèicami s po 5 enoodmernih vsebnikov z 0,2 ml raztopine (skupno 30 vsebnikov)","kapljice za oko, raztopina",S01ED51,Laboratoires Thea,Potekajoèa motnja v preskrbi,5,149606,2026-04-01,2026-09-18,2026-09-11,shortage,2026-09-23T21:01:22.225851,212156
SI,Slovenia,CBZ,Cetirizin Pharmasan,Cetirizin Pharmasan 1 mg/ml peroralna raztopina,cetirizinum,,škatla s steklenico s 120 ml raztopine in merilno žlièko,peroralna raztopina,R06AE07,PHARMASAN d.o.o.,Potekajoèa motnja v preskrbi,5,149774,2024-11-14,2027-12-31,2026-06-02,shortage,2026-09-23T21:01:22.225864,38601
SI,Slovenia,CBZ,Rokuronijev bromid Kalceks,Rokuronijev bromid Kalceks 10 mg/ml raztopina za injiciranje/infundiranje,rocuronii bromidum,,škatla z 10 vialami s 5 ml raztopine,raztopina za injiciranje/infundiranje,M03AC09,Kalceks AS,Potekajoèa motnja v preskrbi,5,149857,2025-11-05,2026-10-31,2026-05-28,shortage,2026-09-23T21:01:22.225878,46280
SI,Slovenia,CBZ,Tadalafil AOP Orphan,Tadalafil AOP Orphan 20 mg filmsko obložene tablete,tadalafilum,,škatla s 56 tabletami (4 x 14 tablet v pretisnem omotu),filmsko obložena tableta,G04BE08,AOP Orphan Pharmaceuticals GmbH,Potekajoèa motnja v preskrbi,5,149873,2023-10-01,2025-12-31,2025-04-29,shortage,2026-09-23T21:01:22.225891,68241
SI,Slovenia,CBZ,Medaxone,Medaxone 1 g prašek za raztopino za injiciranje/infundiranje,ceftriaxonum,,škatla z 10 vialami s praškom,prašek za raztopino za injiciranje/infundiranje,J01DD04,Medochemie Ltd.,Potekajoèa motnja v preskrbi,5,149874,2026-08-31,2026-09-30,2026-08-12,shortage,2026-09-23T21:01:22.225904,
SI,Slovenia,CBZ,Influvac Tetra,Influvac Tetra suspenzija za injiciranje v napolnjeni injekcijski brizgi,vaccinum influenzae inactivatum ex virorum fragmentis seu ex corticis antigeniis praeparatum,,"škatla z 10 napolnjenimi injekcijskimi brizgami z iglo z 0,5 ml suspenzije",suspenzija za injiciranje v napolnjeni injekcijski brizgi,J07BB02,Viatris Healthcare Limited,Potekajoèa motnja v preskrbi,5,149877,2025-12-01,2026-09-01,2025-11-26,shortage,2026-09-23T21:01:22.225917,229520
SI,Slovenia,CBZ,IBUBEL LIN,IBUBEL LIN 200 mg filmsko obložene tablete,ibuprofenum,,škatla z 10 tabletami (1 x 10 tablet v pretisnem omotu),filmsko obložena tableta,M01AE01,"BELUPO, d.o.o., Ljubljana",Potekajoèe zaèasno prenehanje opravljanja prometa,6,149904,2024-08-07,2027-01-31,2024-08-07,shortage,2026-09-23T21:01:22.225930,
SI,Slovenia,CBZ,IBUBEL LIN,IBUBEL LIN 400 mg filmsko obložene tablete,ibuprofenum,,škatla z 10 tabletami (1 x 10 tablet v pretisnem omotu),filmsko obložena tableta,M01AE01,"BELUPO, d.o.o., Ljubljana",Potekajoèe zaèasno prenehanje opravljanja prometa,6,149905,2024-08-07,2027-01-31,2024-08-07,shortage,2026-09-23T21:01:22.225943,
SI,Slovenia,CBZ,Deksmedetomidin EVER Pharma,Deksmedetomidin EVER Pharma 100 mikrogramov/ml koncentrat za raztopino za infundiranje,dexmedetomidinum,,škatla s 4 vialami z 10 ml koncentrata,koncentrat za raztopino za infundiranje,N05CM18,EVER Valinject GmbH,Potekajoèa motnja v preskrbi,5,149942,2021-12-07,,2021-12-07,shortage,2026-09-23T21:01:22.225956,213586
SI,Slovenia,CBZ,Pneumovax,Pneumovax 23 raztopina za injiciranje v napolnjeni injekcijski brizgi,Vaccina pneumococci,,"škatla z 1 napolnjeno injekcijsko brizgo z 0,5 ml raztopine z 2 iglama",raztopina za infundiranje v napolnjeni injekcijski brizgi,J07AL,"Merck Sharp & Dohme, d.o.o.",Potekajoèe zaèasno prenehanje opravljanja prometa,6,149958,2026-03-13,2027-03-10,2026-03-10,shortage,2026-09-23T21:01:22.225969,
SI,Slovenia,CBZ,Oktreotid Teva,Oktreotid Teva 10 mg prašek in vehikel za suspenzijo s podaljšanim sprošèanjem za injiciranje,octreotidum,,"škatla s plastiènim podstavkom z 1 vialo s praškom, 1 napolnjeno injekcijsko brizgo z vehiklom, 1 adapterjem za vialo in 1 varnostno injekcijsko iglo",prašek in vehikel za suspenzijo s podaljšanim sprošèanjem za injiciranje,H01CB02,Teva B.V.,Potekajoèa motnja v preskrbi,5,150003,2024-09-20,2026-12-31,2024-09-20,shortage,2026-09-23T21:01:22.225982,70440
SI,Slovenia,CBZ,Oktreotid Teva,Oktreotid Teva 20 mg prašek in vehikel za suspenzijo s podaljšanim sprošèanjem za injiciranje,octreotidum,,"škatla s plastiènim podstavkom z 1 vialo s praškom, 1 napolnjeno injekcijsko brizgo z vehiklom, 1 adapterjem za vialo in 1 varnostno injekcijsko iglo",prašek in vehikel za suspenzijo s podaljšanim sprošèanjem za injiciranje,H01CB02,Teva B.V.,Potekajoèa motnja v preskrbi,5,150004,2024-01-17,2026-12-31,2024-09-20,shortage,2026-09-23T21:01:22.225995,70440
SI,Slovenia,CBZ,Oktreotid Teva,Oktreotid Teva 30 mg prašek in vehikel za suspenzijo s podaljšanim sprošèanjem za injiciranje,octreotidum,,"škatla s plastiènim podstavkom z 1 vialo s praškom, 1 napolnjeno injekcijsko brizgo z vehiklom, 1 adapterjem za vialo in 1 varnostno injekcijsko iglo",prašek in vehikel za suspenzijo s podaljšanim sprošèanjem za injiciranje,H01CB02,Teva B.V.,Potekajoèa motnja v preskrbi,5,150006,2023-02-22,2026-12-31,2024-09-20,shortage,2026-09-23T21:01:22.226008,70440
SI,Slovenia,CBZ,Testarzon,Testarzon 23 mg/pritisk transdermalni gel,testosteronum,,"škatla s 3 vsebniki s èrpalko in glavo za apliciranje s 85,5 g gela (za 3 x 56 posameznih odmerkov)",transdermalni gel,G03BA03,The Simple Pharma Company Limited,Potekajoèa motnja v preskrbi,5,150022,2021-05-21,2023-05-21,2021-11-29,shortage,2026-09-23T21:01:22.226021,83321
SI,Slovenia,CBZ,Noradrenalin Sintetica,Noradrenalin Sintetica 1 mg/ml koncentrat za raztopino za infundiranje,norepinephrinum,,škatla z 10 ampulami z 1 ml koncentrata,koncentrat za raztopino za infundiranje,C01CA03,Sintetica GmbH,Potekajoèe zaèasno prenehanje opravljanja prometa,6,150023,2026-01-01,2026-12-31,2026-01-28,shortage,2026-09-23T21:01:22.226034,46132
SI,Slovenia,CBZ,OLIMEL N12,OLIMEL N12 emulzija za infundiranje,combinationes,,škatla z 10 vreèami s 650 ml emulzije,emulzija za infundiranje,B05BA10,BAXTER d.o.o.,Potekajoèa motnja v preskrbi,5,150030,2026-08-25,2026-09-30,2026-08-24,shortage,2026-09-23T21:01:22.226047,198242
SI,Slovenia,CBZ,OLIMEL N12E,OLIMEL N12E emulzija za infundiranje,combinationes,,škatla s 6 vreèami s 1000 ml emulzije,emulzija za infundiranje,B05BA10,BAXTER d.o.o.,Potekajoèa motnja v preskrbi,5,150035,2026-09-15,2026-09-30,2026-09-04,shortage,2026-09-23T21:01:22.226060,198226
SI,Slovenia,CBZ,Sunitinib Sandoz,"Sunitinib Sandoz 12,5 mg trde kapsule",,,škatla z 30 kapsulami (3 x 10 kapsul v pretisnem omotu),"kapsula, trda",L01EX01,Sandoz d.d.,Potekajoèe zaèasno prenehanje opravljanja prometa,6,150041,2026-09-25,,2026-09-17,shortage,2026-09-23T21:01:22.226073,
SI,Slovenia,CBZ,Sunitinib Sandoz,Sunitinib Sandoz 25 mg trde kapsule,,,škatla z 30 kapsulami (3 x 10 kapsul v pretisnem omotu),"kapsula, trda",L01EX01,Sandoz d.d.,Potekajoèe zaèasno prenehanje opravljanja prometa,6,150042,2026-09-25,,2026-09-17,shortage,2026-09-23T21:01:22.226086,
SI,Slovenia,CBZ,Sunitinib Sandoz,Sunitinib Sandoz 50 mg trde kapsule,,,škatla z 30 kapsulami (3 x 10 kapsul v pretisnem omotu),"kapsula, trda",L01EX01,Sandoz d.d.,Potekajoèe zaèasno prenehanje opravljanja prometa,6,150044,2026-09-25,,2026-09-17,shortage,2026-09-23T21:01:22.226098,
SI,Slovenia,CBZ,Amdut Combo,"Amdut Combo 0,5 mg/0,4 mg trde kapsule",tamsulosinum et dutasteridum,,škatla s plastenko s 30 kapsulami in polipropilenskim pokrovèkom s sušilnim sredstvom,"kapsula, trda",G04CA52,APTA MEDICA INTERNACIONAL d.o.o.,Potekajoèe zaèasno prenehanje opravljanja prometa,6,150163,2026-02-01,2027-01-31,2026-01-15,shortage,2026-09-23T21:01:22.226111,93661
SI,Slovenia,CBZ,RUDAKOL,RUDAKOL 200 mg trde kapsule s podaljšanim sprošèanjem,mebeverinum,,škatla s 30 kapsulami (2 x 15 kapsul v pretisnem omotu),"kapsula s podaljšanim sprošèanjem, trda",A03AA04,"Belupo, lijekovi i kozmetika, d.d.",Potekajoèa motnja v preskrbi,5,150212,2024-10-18,2026-11-30,2026-01-09,shortage,2026-09-23T21:01:22.226124,
SI,Slovenia,CBZ,Amlewel,"Amlewel 2 mg/5 mg/0,625 mg tablete","perindoprilum, amlodipinum et indapamidum",,škatla s 90 tabletami (9 x 10 tablet v pretisnem omotu),tableta,C09BX01,"KRKA, d.d., Novo mesto",Potekajoèe zaèasno prenehanje opravljanja prometa,6,150273,2022-10-01,2026-12-31,2026-01-07,shortage,2026-09-23T21:01:22.226137,
SI,Slovenia,CBZ,Lenalidomid Grindeks,Lenalidomid Grindeks 5 mg trde kapsule,lenalidomidum,,škatla z 21 kapsulami (3 x 7 kapsul v pretisnem omotu),"kapsula, trda",L04AX04,AS Grindeks,Potekajoèa motnja v preskrbi,5,150296,2026-02-02,2026-12-31,2026-09-17,shortage,2026-09-23T21:01:22.226150,
SI,Slovenia,CBZ,Lenalidomid Grindeks,Lenalidomid Grindeks 10 mg trde kapsule,lenalidomidum,,škatla z 21 kapsulami (3 x 7 kapsul v pretisnem omotu),"kapsula, trda",L04AX04,AS Grindeks,Potekajoèa motnja v preskrbi,5,150301,2026-02-02,2026-12-31,2026-09-17,shortage,2026-09-23T21:01:22.226163,
SI,Slovenia,CBZ,Lenalidomid Grindeks,Lenalidomid Grindeks 15 mg trde kapsule,lenalidomidum,,škatla z 21 kapsulami (3 x 7 kapsul v pretisnem omotu),"kapsula, trda",L04AX04,AS Grindeks,Potekajoèa motnja v preskrbi,5,150304,2026-02-02,2026-12-31,2026-09-17,shortage,2026-09-23T21:01:22.226176,
SI,Slovenia,CBZ,Lenalidomid Grindeks,Lenalidomid Grindeks 25 mg trde kapsule,lenalidomidum,,škatla z 21 kapsulami (3 x 7 kapsul v pretisnem omotu),"kapsula, trda",L04AX04,AS Grindeks,Potekajoèa motnja v preskrbi,5,150312,2026-02-02,2026-12-31,2026-09-17,shortage,2026-09-23T21:01:22.226189,
SI,Slovenia,CBZ,Deksmedetomidin EVER Pharma,Deksmedetomidin EVER Pharma 100 mikrogramov/ml koncentrat za raztopino za infundiranje,dexmedetomidinum,,škatla s 5 ampulami z 10 ml koncentrata,koncentrat za raztopino za infundiranje,N05CM18,EVER Valinject GmbH,Potekajoèe zaèasno prenehanje opravljanja prometa,6,150459,2026-03-04,2027-03-04,2026-03-04,shortage,2026-09-23T21:01:22.226202,213586
SI,Slovenia,CBZ,Cetirizin Pharmasan,Cetirizin Pharmasan 10 mg filmsko obložene tablete,cetirizinum,,škatla z 20 tabletami (2 x 10 tablet v pretisnem omotu),filmsko obložena tableta,R06AE07,PHARMASAN d.o.o.,Potekajoèa motnja v preskrbi,5,150516,2025-09-29,2027-12-31,2026-06-02,shortage,2026-09-23T21:01:22.226215,26298
SI,Slovenia,CBZ,Imipenem/cilastatin Kabi,Imipenem/cilastatin Kabi 500 mg/500 mg prašek za raztopino za infundiranje,imipenemum et betalactamasis inhibitores,,škatla z 10 vialami s praškom,prašek za raztopino za infundiranje,J01DH51,Fresenius Kabi Deutschland GmbH,Potekajoèa motnja v preskrbi,5,150736,2026-07-07,2026-12-31,2026-07-07,shortage,2026-09-23T21:01:22.226228,23493
SI,Slovenia,CBZ,Ultracorteno,Ultracortenol 5 mg/g mazilo za oko,prednisolonum,,škatla s tubo s 5 g mazila,mazilo za oko,S01BA04,AGEPHA Pharma s.r.o,Potekajoèa motnja v preskrbi,5,150753,2026-06-22,2026-09-30,2026-08-13,shortage,2026-09-23T21:01:22.226240,
SI,Slovenia,CBZ,Pemetreksed Sando,Pemetreksed Sandoz 25 mg/ml koncentrat za raztopino za infundiranje,pemetrexedum,,škatla z 1 vialo (z zašèitnim ovojem) s 4 ml koncentrata,koncentrat za raztopino za infundiranje,L01BA04,Sandoz d.d.,Potekajoèe zaèasno prenehanje opravljanja prometa,6,150768,2025-07-28,2027-07-28,2026-06-21,shortage,2026-09-23T21:01:22.226253,142603
SI,Slovenia,CBZ,Pemetreksed Sando,Pemetreksed Sandoz 25 mg/ml koncentrat za raztopino za infundiranje,pemetrexedum,,škatla z 1 vialo (z oncosafe) z 20 ml koncentrata,koncentrat za raztopino za infundiranje,L01BA04,Sandoz d.d.,Potekajoèe zaèasno prenehanje opravljanja prometa,6,150769,2025-07-28,2027-07-28,2026-06-21,shortage,2026-09-23T21:01:22.226266,142611
SI,Slovenia,CBZ,Pemetreksed Sando,Pemetreksed Sandoz 25 mg/ml koncentrat za raztopino za infundiranje,pemetrexedum,,škatla z 1 vialo (z zašèitnim ovojem) s 40 ml koncentrata,koncentrat za raztopino za infundiranje,L01BA04,Sandoz d.d.,Potekajoèe zaèasno prenehanje opravljanja prometa,6,150770,2025-07-28,2027-07-28,2026-06-21,shortage,2026-09-23T21:01:22.226279,142638
SI,Slovenia,CBZ,Karmustin Teva,Karmustin Teva 100 mg prašek in vehikel za koncentrat za raztopino za infundiran,carmustinum,,škatla z 1 vialo s praškom in 1 vialo z vehiklom,prašek in vehikel za koncentrat za raztopino za infundiranje,L01AD01,Teva B.V.,Potekajoèa motnja v preskrbi,5,150927,2026-08-18,2026-10-31,2026-08-18,shortage,2026-09-23T21:01:22.226292,37788
SI,Slovenia,CBZ,Amoksicilin/klavulanska kislina AptaPharma,Amoksicilin/klavulanska kislina AptaPharma 1000 mg/200 mg prašek za raztopino za injiciranje/infundiranje,amoxicillinum et betalactamasis inhibitores,,škatla z 10 vialami s praškom,prašek za raztopino za injiciranje/infundiranje,J01CR02,APTA MEDICA INTERNACIONAL d.o.o.,Potekajoèa motnja v preskrbi,5,150928,2026-08-31,2026-11-30,2026-08-20,shortage,2026-09-23T21:01:22.226306,
SI,Slovenia,CBZ,Ceftriakson Be Pharma,Ceftriakson Be Pharma 1 g prašek za raztopino za injiciranje/infundiranje,ceftriaxonum,,škatla z 1 vialo s praškom,prašek za raztopino za injiciranje/infundiranje,J01DD04,BE PHARMA d.o.o.,Potekajoèe zaèasno prenehanje opravljanja prometa,6,151015,2024-10-01,2026-10-02,2026-01-09,shortage,2026-09-23T21:01:22.226318,
SI,Slovenia,CBZ,Solifenacin Be Pharma,Solifenacin Be Pharma 5 mg filmsko obložene tablete,solifenacinum,,škatla s 30 tabletami (3 x 10 tablet v PVC/PE/PVDC/Al pretisnem omotu),filmsko obložena tableta,G04BD08,BE PHARMA d.o.o.,Potekajoèe zaèasno prenehanje opravljanja prometa,6,151021,2024-11-01,2026-11-02,2026-01-09,shortage,2026-09-23T21:01:22.226331,
SI,Slovenia,CBZ,Solifenacin Be Pharma,Solifenacin Be Pharma 10 mg filmsko obložene tablete,solifenacinum,,škatla s 30 tabletami (3 x 10 tablet v PVC/PE/PVDC/Al pretisnem omotu),filmsko obložena tableta,G04BD08,BE PHARMA d.o.o.,Potekajoèe zaèasno prenehanje opravljanja prometa,6,151022,2024-11-01,2026-11-02,2026-01-09,shortage,2026-09-23T21:01:22.226344,
SI,Slovenia,CBZ,Klindamicin hameln,Klindamicin hameln 150 mg/ml raztopina za injiciranje/infundiranje,clindamycinum,,škatla z 10 ampulami s 4 ml raztopine,raztopina za injiciranje/infundiranje,J01FF01,hameln pharma gmbh,Potekajoèa motnja v preskrbi,5,151036,2026-07-15,2026-09-30,2026-07-14,shortage,2026-09-23T21:01:22.226357,4707
SI,Slovenia,CBZ,Ondansetron Kalceks,Ondansetron Kalceks 2 mg/ml raztopina za injiciranje ali infundiranje,ondansetronum,,škatla s 5 ampulami (1 podstavek s 5 ampulami) z 2 ml raztopine,raztopina za injiciranje/infundiranje,A04AA01,Kalceks AS,Potekajoèa motnja v preskrbi,5,151172,2026-02-20,2026-12-31,2026-02-20,shortage,2026-09-23T21:01:22.226370,31526
SI,Slovenia,CBZ,Ondansetron Kalceks,Ondansetron Kalceks 2 mg/ml raztopina za injiciranje ali infundiranje,ondansetronum,,škatla z 10 ampulami (dva podstavka s 5 ampulami) s 4 ml raztopine,raztopina za injiciranje/infundiranje,A04AA01,Kalceks AS,Potekajoèa motnja v preskrbi,5,151176,2026-02-20,2026-12-31,2026-02-20,shortage,2026-09-23T21:01:22.226383,31534
SI,Slovenia,CBZ,Maresyl Comb,"Maresyl Comb 0,5 mg/0,6 mg v 1 ml pršilo za nos, raztopina",xylometazolinum,,škatla z 1 vsebnikom s pršilnikom z 10 ml raztopine,"pršilo za nos, raztopina",R01AB06,JADRAN - GALENSKI LABORATORIJ d.d.,Potekajoèa motnja v preskrbi,5,151211,2025-12-18,2026-10-31,2026-09-16,shortage,2026-09-23T21:01:22.226397,90727
SI,Slovenia,CBZ,BIXODALAN,BIXODALAN 1000 mg filmsko obložene tablete,abirateronum,,škatla s 30 tabletami (5 x 6 tablet v pretisnem omotu),filmsko obložena tableta,L02BX03,Sandoz d.d.,Potekajoèa motnja v preskrbi,5,151243,2026-09-17,2026-10-07,2026-09-17,shortage,2026-09-23T21:01:22.226410,
SI,Slovenia,CBZ,Deksametazon Kalceks,Deksametazon Kalceks 4 mg/ml raztopina za injiciranje/infundiranje,dexamethasonum,,škatla s 25 ampulami z 1 ml raztopine,raztopina za injiciranje/infundiranje,H02AB02,Kalceks AS,Potekajoèa motnja v preskrbi,5,151249,2025-09-30,2026-09-30,2025-09-29,shortage,2026-09-23T21:01:22.226423,752
SI,Slovenia,CBZ,Flukonazol Vitabalans,Flukonazol Vitabalans 150 mg tablete,fluconazolum,,škatla z 1 tableto v pretisnem omotu,tableta,J02AC01,Vitabalans oy,Potekajoèe zaèasno prenehanje opravljanja prometa,6,151435,2026-08-01,2026-12-31,2026-07-27,shortage,2026-09-23T21:01:22.226436,
SI,Slovenia,CBZ,Flukonazol Vitabalans,Flukonazol Vitabalans 150 mg tablete,fluconazolum,,škatla z 2 tabletama (1 x 2 tableti v pretisnem omotu),tableta,J02AC01,Vitabalans oy,Potekajoèe zaèasno prenehanje opravljanja prometa,6,151436,2026-08-01,2026-12-31,2026-07-27,shortage,2026-09-23T21:01:22.226448,
SI,Slovenia,CBZ,Levosimendan Kalceks,"Levosimendan Kalceks 2,5 mg/ml koncentrat za raztopino za infundiranje",levosimendanum,,škatla z 1 vialo s 5 ml koncentrata,koncentrat za raztopino za infundiranje,C01CX08,Kalceks AS,Potekajoèa motnja v preskrbi,5,151448,2023-06-22,,2023-06-23,shortage,2026-09-23T21:01:22.226462,210307
SI,Slovenia,CBZ,Docetaksel Sandoz,Docetaksel Sandoz 10 mg/ml koncentrat za raztopino za infundiranje,docetaxelum,,škatla z 1 vialo s 16 ml koncentrata brez zašèitnega ovoja,koncentrat za raztopino za infundiranje,L01CD02,Sandoz d.d.,Potekajoèa motnja v preskrbi,5,151468,2024-07-31,2027-06-01,2026-05-24,shortage,2026-09-23T21:01:22.226475,
SI,Slovenia,CBZ,Epistatus,Epistatus 5 mg oralna raztopina,midazolamum,,"moder vsebnik z zašèito pred poseganjem v zdravilo z brizgo z 0,5 ml raztopine",oralna raztopina,N05CD08,SERB S.A.,Potekajoèe zaèasno prenehanje opravljanja prometa,6,151585,2023-09-20,,2023-09-15,shortage,2026-09-23T21:01:22.226488,210838
SI,Slovenia,CBZ,Epistatus,"Epistatus 7,5 mg oralna raztopina",midazolamum,,"vijolièen vsebnik z zašèito pred poseganjem v zdravilo z brizgo z 0,75 ml raztopine",oralna raztopina,N05CD08,SERB S.A.,Potekajoèe zaèasno prenehanje opravljanja prometa,6,151586,2023-11-29,,2023-11-28,shortage,2026-09-23T21:01:22.226501,
SI,Slovenia,CBZ,Borez,"BOREZ 2,5 mg filmsko obložene tablete",bisoprololum,,škatla z 90 tabletami (9 x 10 tablet v perforiranem deljivem pretisnem omotu s posameznimi odmerki),filmsko obložena tableta,C07AB07,ALKALOID - INT d.o.o.,Potekajoèe zaèasno prenehanje opravljanja prometa,6,151593,2026-05-01,2027-04-30,2026-01-05,shortage,2026-09-23T21:01:22.226514,
SI,Slovenia,CBZ,Borez,BOREZ 5 mg filmsko obložene tablete,bisoprololum,,škatla z 90 tabletami (9 x 10 tablet v perforiranem deljivem pretisnem omotu s posameznimi odmerki),filmsko obložena tableta,C07AB07,ALKALOID - INT d.o.o.,Potekajoèe zaèasno prenehanje opravljanja prometa,6,151594,2026-03-01,2027-02-28,2026-01-05,shortage,2026-09-23T21:01:22.226554,
SI,Slovenia,CBZ,Paramax,Paramax 500 mg prašek za peroralno raztopino,paracetamolum,,škatla z 20 vreèicami s praškom,prašek za peroralno raztopino,N02BE01,Vitabalans oy,Potekajoèa motnja v preskrbi,5,151653,2026-01-28,2026-11-30,2026-01-28,shortage,2026-09-23T21:01:22.226578,105953
SI,Slovenia,CBZ,Mikubrel SR,Mikubrel SR 500 mg tablete s podaljšanim sprošèanjem,metforminum,,škatla s 60 tabletami (6 x 10 tablet v pretisnem omotu),tableta s podaljšanim sprošèanjem,A10BA02,Sandoz d.d.,Potekajoèa motnja v preskrbi,5,151938,2026-02-15,2026-10-23,2026-04-16,shortage,2026-09-23T21:01:22.226593,
SI,Slovenia,CBZ,Xabogard,Xabogard 50 mg/ml disperzija za injiciranje/infundiranje,Praeparata parenteralia cum ferro(III),,škatla z 1 vialo z 20 ml disperzije,disperzija za injiciranje/infundiranje,B03AC,Sandoz d.d.,Potekajoèa motnja v preskrbi,5,152020,2026-06-15,2026-12-31,2026-05-27,shortage,2026-09-23T21:01:22.226608,
SI,Slovenia,CBZ,Doporio,Doporio 25 mg/100 mg tablete,levodopum et decarboxylasis inhibitor,,škatla s HDPE plastenko z za otroke varno zaporko s 100 tabletami,tableta,N04BA02,Orion Corporation,Potekajoèa motnja v preskrbi,5,152086,2026-09-15,2026-10-15,2026-09-18,shortage,2026-09-23T21:01:22.226622,
SI,Slovenia,CBZ,Runaplax,"Runaplax 2,5 mg filmsko obložene tablete",rivaroxabanum,,škatla s 56 tabletami (4 x 14 tablet v pretisnem omotu iz prozorne ali motne PVC/PVDC-Al folije),filmsko obložena tableta,B01AF01,Sandoz d.d.,Potekajoèa motnja v preskrbi,5,152127,2026-07-20,2026-10-09,2026-07-07,shortage,2026-09-23T21:01:22.226636,
SI,Slovenia,CBZ,Lakozamid Adroiq,Lakozamid Adroiq 10 mg/ml raztopina za infundiranje,lacosamidum,,škatla s 5 vialami z 20 ml raztopine,raztopina za infundiranje,N03AX18,Extrovis EU Kft.,Potekajoèe zaèasno prenehanje opravljanja prometa,6,158476,2026-03-06,2027-03-05,2026-03-03,shortage,2026-09-23T21:01:22.226650,89060
SI,Slovenia,CBZ,Pyzchiva,Pyzchiva 90 mg raztopina za injiciranje v napolnjeni injekcijski brizgi,ustekinumabum,,škatla z 1 napolnjeno injekcijsko brizgo,raztopina za injiciranje,L04AC05,Samsung Bioepis NL B.V.,Potekajoèe zaèasno prenehanje opravljanja prometa,6,158671,2026-03-01,2027-03-01,2026-01-29,shortage,2026-09-23T21:01:22.226664,
SI,Slovenia,CBZ,Pyzchiva,Pyzchiva 45 mg raztopina za injiciranje v napolnjeni injekcijski brizgi,ustekinumabum,,škatla z 1 napolnjeno injekcijsko brizgo,raztopina za injiciranje,L04AC05,Samsung Bioepis NL B.V.,Potekajoèe zaèasno prenehanje opravljanja prometa,6,158672,2026-06-10,2027-06-30,2026-06-10,shortage,2026-09-23T21:01:22.226677,
SI,Slovenia,CBZ,Naveruclif,Naveruclif 5 mg/ml prašek za disperzijo za infundiranje,paclitaxelum,,škatla z 1 vialo s praškom s 100 mg paklitaksela,prašek za disperzijo za infundiranje,L01CD01,Accord Healthcare S.L.U.,Potekajoèa motnja v preskrbi,5,158714,2025-12-31,2026-12-31,2025-12-18,shortage,2026-09-23T21:01:22.226691,98957
SI,Slovenia,CBZ,Cinakalcet Accordpharma,Cinakalcet Accordpharma 60 mg filmsko obložene tablete,cinacalcetum,,škatla z 28 tabletami v pretisnih omotih,filmsko obložena tableta,H05BX01,Accord Healthcare S.L.U.,Potekajoèa motnja v preskrbi,5,158755,2025-02-01,2026-12-31,2025-09-25,shortage,2026-09-23T21:01:22.226704,
SI,Slovenia,CBZ,Cinakalcet Accordpharma,Cinakalcet Accordpharma 30 mg filmsko obložene tablete,cinacalcetum,,škatla z 28 tabletami v pretisnih omotih,filmsko obložena tableta,H05BX01,Accord Healthcare S.L.U.,Potekajoèa motnja v preskrbi,5,158756,2025-02-01,2026-12-31,2025-09-25,shortage,2026-09-23T21:01:22.226718,
SI,Slovenia,CBZ,Sorafenib Accord,Sorafenib Accord 200 mg filmsko obložene tablete,,,škatla s 112 x 1 tableto,filmsko obložena tableta,L01EX02,Accord Healthcare S.L.U.,Potekajoèa motnja v preskrbi,5,158904,2026-06-30,2027-12-31,2026-04-20,shortage,2026-09-23T21:01:22.226732,81450
SI,Slovenia,CBZ,Ganirelix Gedeon Richter,"Ganirelix Gedeon Richter 0,25 mg/0,5 ml raztopina za injiciranje v napolnjeni injekcijski brizgi",ganirelixum,,škatla z 1 napolnjeno injekcijsko brizgo,raztopina za injiciranje,H01CC01,Gedeon Richter Plc.,Potekajoèa motnja v preskrbi,5,158933,2025-12-31,2026-12-31,2025-12-10,shortage,2026-09-23T21:01:22.226746,59048
SI,Slovenia,CBZ,Zolsketil,ZOLSKETIL pegylated liposomal 2 mg/ml koncentrat za disperzijo za infundiranje,doxorubicinum,,škatla z 1 vialo z 10 ml koncentrata,koncentrat za disperzijo za infundiranje,L01DB01,Accord Healthcare S.L.U.,Potekajoèa motnja v preskrbi,5,158960,2026-06-30,2026-12-31,2026-04-20,shortage,2026-09-23T21:01:22.226759,
SI,Slovenia,CBZ,Rivaroksaban Viatris,"Rivaroksaban Viatris 2,5 mg filmsko obložene tablete",rivaroxabanum,,škatla s 56 tabletami v pretisnih omotih,filmsko obložena tableta,B01AF01,Viatris Limited,Potekajoèe zaèasno prenehanje opravljanja prometa,6,158979,2026-06-15,2027-06-30,2026-05-22,shortage,2026-09-23T21:01:22.226772,
SI,Slovenia,CBZ,Lakozamid Accord,Lakozamid Accord 10 mg/ml raztopina za infundiranje,lacosamidum,,škatla z 1 vialo z 20 ml raztopine,raztopina za infundiranje,N03AX18,Accord Healthcare S.L.U.,Potekajoèe zaèasno prenehanje opravljanja prometa,6,159068,2024-11-20,2027-11-30,2025-11-12,shortage,2026-09-23T21:01:22.226786,89060
SI,Slovenia,CBZ,Hukyndra,Hukyndra 40 mg raztopina za injiciranje v napolnjenem injekcijskem peresniku,adalimumabum,,škatla z 2 napolnjenima injekcijskima peresnikoma in 2 alkoholnima zložencema,raztopina za injiciranje,L04AB04,STADA Arzneimittel AG,Potekajoèa motnja v preskrbi,5,159080,2026-08-31,2026-10-31,2026-08-31,shortage,2026-09-23T21:01:22.226800,146153
SI,Slovenia,CBZ,Buccolam,"BUCCOLAM 7,5 mg oralna raztopina",midazolamum,,škatla s 4 napolnjenimi brizgami za oralno dajanje,oralna raztopina,N05CD08,Neuraxpharm Pharmaceuticals S.L.,Potekajoèa motnja v preskrbi,5,159088,2026-07-12,2026-09-24,2026-08-17,shortage,2026-09-23T21:01:22.226813,
SI,Slovenia,CBZ,Ryeqo,"Ryeqo 40 mg/1 mg/0,5 mg filmsko obložene tablete",,,HDPE plastenka z 28 filmsko obloženimi tabletami,filmsko obložena tableta,H01CC54,Gedeon Richter Plc.,Potekajoèa motnja v preskrbi,5,159108,2025-05-28,2026-05-28,2025-05-28,shortage,2026-09-23T21:01:22.226827,218340
SI,Slovenia,CBZ,Verquvo,Verquvo 10 mg filmsko obložene tablete,,,škatla s 14 tabletami v pretisnih omotih iz PVC/PVDC/aluminija,filmsko obložena tableta,C01DX22,Bayer AG,Potekajoèe zaèasno prenehanje opravljanja prometa,6,159144,2024-12-01,2026-12-31,2025-09-29,shortage,2026-09-23T21:01:22.226841,
SI,Slovenia,CBZ,Verquvo,Verquvo 5 mg filmsko obložene tablete,,,škatla s 14 tabletami v pretisnih omotih iz PVC/PVDC/aluminija,filmsko obložena tableta,C01DX22,Bayer AG,Potekajoèe zaèasno prenehanje opravljanja prometa,6,159148,2025-10-01,2026-12-31,2025-09-29,shortage,2026-09-23T21:01:22.226854,
SI,Slovenia,CBZ,Ikatibant Accord,Ikatibant Accord 30 mg raztopina za injiciranje v napolnjeni injekcijski brizgi,icatibantum,,škatla z 1 napolnjeno injekcijsko brizgo,raztopina za injiciranje,B06AC02,Accord Healthcare S.L.U.,Potekajoèa motnja v preskrbi,5,159152,2024-05-20,2026-12-31,2026-01-08,shortage,2026-09-23T21:01:22.226867,128635
SI,Slovenia,CBZ,Alymsys,Alymsys 25 mg/ml koncentrat za raztopino za infundiranje,,,škatla z 1 vialo s 16 ml koncentrata,koncentrat za raztopino za infundiranje,L01FG01,Mabxience Research SL,Potekajoèe zaèasno prenehanje opravljanja prometa,6,159206,2024-11-20,2026-12-31,2026-04-08,shortage,2026-09-23T21:01:22.226881,76929
SI,Slovenia,CBZ,Alymsys,Alymsys 25 mg/ml koncentrat za raztopino za infundiranje,,,škatla z 1 vialo s 4 ml koncentrata,koncentrat za raztopino za infundiranje,L01FG01,Mabxience Research SL,Potekajoèe zaèasno prenehanje opravljanja prometa,6,159207,2024-04-30,2026-12-31,2026-04-08,shortage,2026-09-23T21:01:22.226894,76910
SI,Slovenia,CBZ,Pemetreksed Accord,Pemetreksed Accord 25 mg/ml koncentrat za raztopino za infundiranje,pemetrexedum,,škatla z 1 vialo z 20 ml koncentrata,koncentrat za raztopino za infundiranje,L01BA04,Accord Healthcare S.L.U.,Potekajoèe zaèasno prenehanje opravljanja prometa,6,159258,2026-03-01,2028-02-29,2026-02-20,shortage,2026-09-23T21:01:22.226907,142611
SI,Slovenia,CBZ,Pemetreksed Accord,Pemetreksed Accord 25 mg/ml koncentrat za raztopino za infundiranje,pemetrexedum,,škatla z 1 vialo s 4 ml koncentrata,koncentrat za raztopino za infundiranje,L01BA04,Accord Healthcare S.L.U.,Potekajoèe zaèasno prenehanje opravljanja prometa,6,159259,2026-03-01,2028-02-29,2026-02-20,shortage,2026-09-23T21:01:22.226920,142603
SI,Slovenia,CBZ,Kabazitaksel Accord,Kabazitaksel Accord 20 mg/ml koncentrat za raztopino za infundiranje,cabazitaxelum,,škatla z 1 vialo s 3 ml koncentrata,koncentrat za raztopino za infundiranje,L01CD04,Accord Healthcare S.L.U.,Potekajoèa motnja v preskrbi,5,159392,2024-04-30,2026-12-31,2025-12-18,shortage,2026-09-23T21:01:22.226933,208973
SI,Slovenia,CBZ,Tigeciklin Accord,Tigeciklin Accord 50 mg prašek za raztopino za infundiranje,tigecyclinum,,škatla z 10 vialami,prašek za raztopino za infundiranje,J01AA12,Accord Healthcare S.L.U.,Potekajoèe zaèasno prenehanje opravljanja prometa,6,159410,2025-04-14,2027-09-30,2026-09-11,shortage,2026-09-23T21:01:22.226947,80500
SI,Slovenia,CBZ,Azacitidin Mylan,Azacitidin Mylan 25 mg/ml prašek za suspenzijo za injiciranje,azacitidinum,,škatla z 1 vialo s 100 mg azacitidina,prašek za suspenzijo za injiciranje,L01BC07,Mylan Pharmaceuticals Limited,Potekajoèa motnja v preskrbi,5,159413,2022-12-21,2026-12-31,2025-12-04,shortage,2026-09-23T21:01:22.226961,88692
SI,Slovenia,CBZ,Dectova,Dectova 10 mg/ml raztopina za infundiranje,zanamivirum,,škatla z 1 vialo z 20 ml raztopine,raztopina za infundiranje,J05AH01,GlaxoSmithKline Trading Services Limited,Potekajoèe zaèasno prenehanje opravljanja prometa,6,159447,2021-12-31,2026-12-31,2026-02-11,shortage,2026-09-23T21:01:22.226974,199818
SI,Slovenia,CBZ,Arzenov trioksid Accord,Arzenov trioksid Accord 1 mg/ml koncentrat za raztopino za infundiranje,arseni trioxidum,,škatla z 10 vialami po 10 ml koncentrata,koncentrat za raztopino za infundiranje,L01XX27,Accord Healthcare S.L.U.,Potekajoèa motnja v preskrbi,5,159451,2020-12-31,2027-06-30,2026-06-09,shortage,2026-09-23T21:01:22.226987,
SI,Slovenia,CBZ,Pazenir,Pazenir 5 mg/ml prašek za disperzijo za infundiranje,paclitaxelum,,škatla z 1 vialo s 100 mg paklitaksela,prašek za disperzijo za infundiranje,L01CD01,Ratiopharm GmbH,Potekajoèe zaèasno prenehanje opravljanja prometa,6,159585,2023-12-06,2026-12-31,2025-12-04,shortage,2026-09-23T21:01:22.227001,
SI,Slovenia,CBZ,Idacio,Idacio 40 mg raztopina za injiciranje v napolnjenem injekcijskem peresniku,adalimumabum,,škatla z 2 napolnjenima injekcijskima peresnikoma in 2 alkoholnima zložencema,raztopina za injiciranje,L04AB04,Fresenius Kabi Deutschland GmbH,Potekajoèa motnja v preskrbi,5,159608,2026-08-03,2026-12-31,2026-08-03,shortage,2026-09-23T21:01:22.227014,106348
SI,Slovenia,CBZ,Idacio,Idacio 40 mg raztopina za injiciranje v napolnjeni injekcijski brizgi,adalimumabum,,škatla z 2 napolnjenima injekcijskima brizgama in 2 alkoholnima zložencema,raztopina za injiciranje,L04AB04,Fresenius Kabi Deutschland GmbH,Potekajoèa motnja v preskrbi,5,159609,2026-07-09,2026-12-31,2026-07-09,shortage,2026-09-23T21:01:22.227027,
SI,Slovenia,CBZ,Ontruzant,Ontruzant 150 mg prašek za koncentrat za raztopino za infundiranje,,,škatla z 1 vialo,prašek za koncentrat za raztopino za infundiranje,L01FD01,Samsung Bioepis NL B.V.,Potekajoèe zaèasno prenehanje opravljanja prometa,6,159637,2024-01-19,2027-01-19,2024-01-19,shortage,2026-09-23T21:01:22.227041,210854
SI,Slovenia,CBZ,Pelgraz,Pelgraz 6 mg raztopina za injiciranje v napolnjeni injekcijski brizgi,pegfilgrastimum,,škatla z 1 napolnjeno injekcijsko brizgo,raztopina za injiciranje,L03AA13,Accord Healthcare S.L.U.,Potekajoèa motnja v preskrbi,5,159966,2022-10-31,2026-10-31,2024-10-22,shortage,2026-09-23T21:01:22.227054,
SI,Slovenia,CBZ,Iberogast,"Iberogast peroralne kapljice, raztopina",PRAEPARATA AD TRACTUS GASTROINTESTINALIS DISFUNCTIONEM MEDENDAM,,škatla s steklenico s 50 ml raztopine,"Peroralne kapljice, raztopina",,BAYER d.o.o.,Potekajoèe zaèasno prenehanje opravljanja prometa,6,300179,2026-06-30,2028-06-30,2026-04-10,shortage,2026-09-23T21:01:22.227067,
SI,Slovenia,CBZ,neo-angin,"neo-angin brez sladkorja z okusom èešnje 1,20 mg/0,60 mg/5,90 mg pastile",varia medicamenta,,škatla z 24 pastilami (2 x 12 pastil v pretisnem omotu),pastila,R02AA20,Divapharma GmbH,Potekajoèe zaèasno prenehanje opravljanja prometa,6,300969,2023-11-01,2025-11-01,2023-08-07,shortage,2026-09-23T21:01:22.227081,
SI,Slovenia,CBZ,Gaviscon,"Gaviscon z okusom mentola 250 mg/133,5 mg/80 mg žveèljive tablete",acidum alginicum,,Škatla s 24 žveèljivimi tabletami v pretisnem omotu iz aluminijaste in PVC/PE/PVdC folije,žveèljiva tableta,A02BX13,Reckitt Benckiser d.o.o.,Potekajoèe zaèasno prenehanje opravljanja prometa,6,301000,2021-12-31,2027-03-26,2024-04-03,shortage,2026-09-23T21:01:22.227094,81671
SI,Slovenia,CBZ,Gaviscon,"Gaviscon z okusom mentola 50,0 mg/26,7 mg/16,0 mg v 1 ml peroralna suspenzija",acidum alginicum,,Škatla s steklenico po 150 ml.,peroralna suspenzija,A02BX13,Reckitt Benckiser d.o.o.,Potekajoèe zaèasno prenehanje opravljanja prometa,6,301019,2021-12-31,2027-03-26,2024-04-03,shortage,2026-09-23T21:01:22.227108,
SI,Slovenia,CBZ,Bekunis,Bekunis gastrorezistentne tablete,Laxantia stimulativa,,škatla z vsebnikom s 45 tabletami,gastrorezistentna tableta,A06AB,BITRADE d.o.o.,Potekajoèa motnja v preskrbi,5,309109,2023-03-31,2023-12-31,2023-01-17,shortage,2026-09-23T21:01:22.227121,
SI,Slovenia,CBZ,Bekunis,Bekunis zdravilni èaj,Laxantia stimulativa,,vsebnik z 80 g zdravilnega èaja,zdravilni èaj,A06AB,BITRADE d.o.o.,Potekajoèa motnja v preskrbi,5,309117,2023-01-18,2023-12-31,2023-01-18,shortage,2026-09-23T21:01:22.227135,
SI,Slovenia,CBZ,Prospan,Prospan šumeèe tablete,Hederae helicis folium,,škatla z 10 šumeèimi tabletami v perforiranem aluminijastem dvojnem traku,šumeèa tableta,R05CA12,Engelhard,Potekajoèe zaèasno prenehanje opravljanja prometa,6,330175,2024-12-31,2027-12-31,2025-02-03,shortage,2026-09-23T21:01:22.227148,
SI,Slovenia,CBZ,Strepsils,"Strepsils brez sladkorja z okusom jagode 0,6 mg/1,2 mg pastile",varia medicamenta,,škatla s 24 pastilami (2 x 12 pastil v pretisnem omotu),pastila,R02AA20,Reckitt Benckiser d.o.o.,Potekajoèe zaèasno prenehanje opravljanja prometa,6,351660,2023-01-31,2027-03-26,2024-04-03,shortage,2026-09-23T21:01:22.227162,
SI,Slovenia,CBZ,Strepsils,"STREPSILS brez sladkorja z okusom limone 0,6 mg/1,2 mg pastile",varia medicamenta,,škatla s 16 pastilami (2 x 8 pastil v pretisnem omotu),pastila,R02AA20,Reckitt Benckiser d.o.o.,Potekajoèe zaèasno prenehanje opravljanja prometa,6,351679,2023-03-09,2026-04-14,2024-04-03,shortage,2026-09-23T21:01:22.227175,
SI,Slovenia,CBZ,Strepsils,"Strepsils z okusom mentola in evkalipta 0,6 mg/1,2 mg/8 mg pastile",varia medicamenta,,škatla s 24 pastilami (2 x 12 pastil v pretisnem omotu),pastila,R02AA20,Reckitt Benckiser d.o.o.,Potekajoèe zaèasno prenehanje opravljanja prometa,6,351725,2021-11-30,2027-03-26,2024-04-03,shortage,2026-09-23T21:01:22.227189,
